净值日期,累计净值,daily_return
2001-12-18,1.0,
2001-12-21,1.0,0.0
2001-12-28,1.0,0.0
2002-01-04,1.0,0.0
2002-01-11,1.001,0.001
2002-01-18,1.0,-0.000999
2002-01-25,1.005,0.005
2002-01-30,1.002,-0.002985
2002-01-31,1.002,0.0
2002-02-01,1.009,0.006986
2002-02-04,1.011,0.001982
2002-02-05,1.012,0.000989
2002-02-06,1.009,-0.002964
2002-02-07,1.012,0.002973
2002-02-08,1.012,0.0
2002-02-25,1.014,0.001976
2002-02-26,1.015,0.000986
2002-02-27,1.015,0.0
2002-02-28,1.013,-0.00197
2002-03-01,1.011,-0.001974
2002-03-04,1.013,0.001978
2002-03-05,1.019,0.005923
2002-03-06,1.02,0.000981
2002-03-07,1.026,0.005882
2002-03-08,1.031,0.004873
2002-03-11,1.036,0.00485
2002-03-12,1.03,-0.005792
2002-03-13,1.025,-0.004854
2002-03-14,1.034,0.00878
2002-03-15,1.025,-0.008704
2002-03-18,1.027,0.001951
2002-03-19,1.035,0.00779
2002-03-20,1.039,0.003865
2002-03-21,1.04,0.000962
2002-03-22,1.036,-0.003846
2002-03-25,1.036,0.0
2002-03-26,1.03,-0.005792
2002-03-27,1.032,0.001942
2002-03-28,1.032,0.0
2002-03-29,1.023,-0.008721
2002-03-31,1.023,0.0
2002-04-01,1.024,0.000978
2002-04-02,1.019,-0.004883
2002-04-03,1.02,0.000981
2002-04-04,1.03,0.009804
2002-04-05,1.029,-0.000971
2002-04-08,1.029,0.0
2002-04-09,1.041,0.011662
2002-04-10,1.045,0.003842
2002-04-11,1.04,-0.004785
2002-04-12,1.042,0.001923
2002-04-15,1.041,-0.00096
2002-04-16,1.04,-0.000961
2002-04-17,1.042,0.001923
2002-04-18,1.037,-0.004798
2002-04-19,1.039,0.001929
2002-04-22,1.037,-0.001925
2002-04-23,1.036,-0.000964
2002-04-24,1.031,-0.004826
2002-04-25,1.033,0.00194
2002-04-26,1.038,0.00484
2002-04-29,1.045,0.006744
2002-04-30,1.046,0.000957
2002-05-08,1.043,-0.002868
2002-05-09,1.043,0.0
2002-05-10,1.042,-0.000959
2002-05-13,1.037,-0.004798
2002-05-14,1.037,0.0
2002-05-15,1.034,-0.002893
2002-05-16,1.025,-0.008704
2002-05-17,1.031,0.005854
2002-05-20,1.025,-0.00582
2002-05-21,1.036,0.010732
2002-05-22,1.033,-0.002896
2002-05-23,1.035,0.001936
2002-05-24,1.033,-0.001932
2002-05-27,1.036,0.002904
2002-05-28,1.037,0.000965
2002-05-29,1.029,-0.007715
2002-05-30,1.03,0.000972
2002-05-31,1.027,-0.002913
2002-06-03,1.018,-0.008763
2002-06-04,1.02,0.001965
2002-06-05,1.012,-0.007843
2002-06-06,1.031,0.018775
2002-06-07,1.033,0.00194
2002-06-10,1.03,-0.002904
2002-06-11,1.033,0.002913
2002-06-12,1.03,-0.002904
2002-06-13,1.024,-0.005825
2002-06-14,1.018,-0.005859
2002-06-17,1.018,0.0
2002-06-18,1.028,0.009823
2002-06-19,1.022,-0.005837
2002-06-20,1.025,0.002935
2002-06-21,1.042,0.016585
2002-06-24,1.086,0.042226
2002-06-25,1.087,0.000921
2002-06-26,1.092,0.0046
2002-06-27,1.092,0.0
2002-06-28,1.1,0.007326
2002-06-30,1.1,0.0
2002-07-01,1.097,-0.002727
2002-07-02,1.099,0.001823
2002-07-03,1.099,0.0
2002-07-04,1.094,-0.00455
2002-07-05,1.096,0.001828
2002-07-08,1.099,0.002737
2002-07-09,1.098,-0.00091
2002-07-10,1.09,-0.007286
2002-07-11,1.089,-0.000917
2002-07-12,1.09,0.000918
2002-07-15,1.086,-0.00367
2002-07-16,1.085,-0.000921
2002-07-17,1.086,0.000922
2002-07-18,1.088,0.001842
2002-07-19,1.09,0.001838
2002-07-22,1.082,-0.007339
2002-07-23,1.08,-0.001848
2002-07-24,1.079,-0.000926
2002-07-25,1.076,-0.00278
2002-07-26,1.076,0.0
2002-07-29,1.078,0.001859
2002-07-30,1.078,0.0
2002-07-31,1.072,-0.005566
2002-08-01,1.074,0.001866
2002-08-02,1.075,0.000931
2002-08-05,1.073,-0.00186
2002-08-06,1.077,0.003728
2002-08-07,1.077,0.0
2002-08-08,1.074,-0.002786
2002-08-09,1.07,-0.003724
2002-08-12,1.065,-0.004673
2002-08-13,1.065,0.0
2002-08-14,1.07,0.004695
2002-08-15,1.067,-0.002804
2002-08-16,1.069,0.001874
2002-08-19,1.069,0.0
2002-08-20,1.078,0.008419
2002-08-21,1.079,0.000928
2002-08-22,1.085,0.005561
2002-08-23,1.083,-0.001843
2002-08-26,1.079,-0.003693
2002-08-27,1.083,0.003707
2002-08-28,1.081,-0.001847
2002-08-29,1.077,-0.0037
2002-08-30,1.077,0.0
2002-09-02,1.078,0.000929
2002-09-03,1.081,0.002783
2002-09-04,1.078,-0.002775
2002-09-05,1.07,-0.007421
2002-09-06,1.067,-0.002804
2002-09-09,1.064,-0.002812
2002-09-10,1.064,0.0
2002-09-11,1.062,-0.00188
2002-09-12,1.064,0.001883
2002-09-13,1.065,0.00094
2002-09-16,1.054,-0.010329
2002-09-17,1.055,0.000949
2002-09-18,1.051,-0.003791
2002-09-19,1.059,0.007612
2002-09-20,1.054,-0.004721
2002-09-23,1.053,-0.000949
2002-09-24,1.052,-0.00095
2002-09-25,1.053,0.000951
2002-09-26,1.05,-0.002849
2002-09-27,1.048,-0.001905
2002-09-30,1.047,-0.000954
2002-10-08,1.041,-0.005731
2002-10-09,1.035,-0.005764
2002-10-10,1.031,-0.003865
2002-10-11,1.029,-0.00194
2002-10-14,1.03,0.000972
2002-10-15,1.027,-0.002913
2002-10-16,1.031,0.003895
2002-10-17,1.024,-0.00679
2002-10-18,1.025,0.000977
2002-10-21,1.027,0.001951
2002-10-22,1.032,0.004869
2002-10-23,1.031,-0.000969
2002-10-24,1.027,-0.00388
2002-10-25,1.023,-0.003895
2002-10-28,1.016,-0.006843
2002-10-29,1.018,0.001969
2002-10-30,1.018,0.0
2002-10-31,1.017,-0.000982
2002-11-01,1.019,0.001967
2002-11-04,1.027,0.007851
2002-11-05,1.034,0.006816
2002-11-06,1.031,-0.002901
2002-11-07,1.032,0.00097
2002-11-08,1.024,-0.007752
2002-11-11,1.021,-0.00293
2002-11-12,1.019,-0.001959
2002-11-13,1.019,0.0
2002-11-14,1.013,-0.005888
2002-11-15,1.013,0.0
2002-11-18,1.01,-0.002962
2002-11-19,1.012,0.00198
2002-11-20,1.004,-0.007905
2002-11-21,0.995,-0.008964
2002-11-22,0.996,0.001005
2002-11-25,0.997,0.001004
2002-11-26,0.989,-0.008024
2002-11-27,0.99,0.001011
2002-11-28,1.0,0.010101
2002-11-29,1.003,0.003
2002-12-02,0.993,-0.00997
2002-12-03,0.997,0.004028
2002-12-04,0.998,0.001003
2002-12-05,0.996,-0.002004
2002-12-06,0.996,0.0
2002-12-09,0.995,-0.001004
2002-12-10,0.989,-0.00603
2002-12-11,0.987,-0.002022
2002-12-12,0.988,0.001013
2002-12-13,0.991,0.003036
2002-12-16,0.993,0.002018
2002-12-17,0.995,0.002014
2002-12-18,0.993,-0.00201
2002-12-19,0.993,0.0
2002-12-20,0.998,0.005035
2002-12-23,0.998,0.0
2002-12-24,0.998,0.0
2002-12-25,0.995,-0.003006
2002-12-26,0.983,-0.01206
2002-12-27,0.981,-0.002035
2002-12-30,0.974,-0.007136
2002-12-31,0.972,-0.002053
2003-01-02,0.96,-0.012346
2003-01-03,0.96,0.0
2003-01-06,0.964,0.004167
2003-01-07,0.962,-0.002075
2003-01-08,0.981,0.019751
2003-01-09,0.991,0.010194
2003-01-10,0.986,-0.005045
2003-01-13,0.987,0.001014
2003-01-14,1.02,0.033435
2003-01-15,1.027,0.006863
2003-01-16,1.035,0.00779
2003-01-17,1.031,-0.003865
2003-01-20,1.033,0.00194
2003-01-21,1.026,-0.006776
2003-01-22,1.025,-0.000975
2003-01-23,1.023,-0.001951
2003-01-24,1.03,0.006843
2003-01-27,1.035,0.004854
2003-01-28,1.037,0.001932
2003-01-29,1.037,0.0
2003-02-10,1.031,-0.005786
2003-02-11,1.034,0.00291
2003-02-12,1.038,0.003868
2003-02-13,1.036,-0.001927
2003-02-14,1.038,0.001931
2003-02-17,1.034,-0.003854
2003-02-18,1.034,0.0
2003-02-19,1.037,0.002901
2003-02-20,1.038,0.000964
2003-02-21,1.031,-0.006744
2003-02-24,1.032,0.00097
2003-02-25,1.04,0.007752
2003-02-26,1.041,0.000962
2003-02-27,1.04,-0.000961
2003-02-28,1.041,0.000962
2003-03-03,1.047,0.005764
2003-03-04,1.046,-0.000955
2003-03-05,1.047,0.000956
2003-03-06,1.041,-0.005731
2003-03-07,1.04,-0.000961
2003-03-10,1.032,-0.007692
2003-03-11,1.032,0.0
2003-03-12,1.035,0.002907
2003-03-13,1.033,-0.001932
2003-03-14,1.033,0.0
2003-03-17,1.033,0.0
2003-03-18,1.031,-0.001936
2003-03-19,1.033,0.00194
2003-03-20,1.032,-0.000968
2003-03-21,1.037,0.004845
2003-03-24,1.037,0.0
2003-03-25,1.032,-0.004822
2003-03-26,1.031,-0.000969
2003-03-27,1.045,0.013579
2003-03-28,1.043,-0.001914
2003-03-31,1.05,0.006711
2003-04-01,1.055,0.004762
2003-04-02,1.055,0.0
2003-04-03,1.052,-0.002844
2003-04-04,1.055,0.002852
2003-04-07,1.051,-0.003791
2003-04-08,1.053,0.001903
2003-04-09,1.069,0.015195
2003-04-10,1.072,0.002806
2003-04-11,1.084,0.011194
2003-04-14,1.1,0.01476
2003-04-15,1.11,0.009091
2003-04-16,1.101,-0.008108
2003-04-17,1.108,0.006358
2003-04-18,1.1,-0.00722
2003-04-21,1.084,-0.014545
2003-04-22,1.082,-0.001845
2003-04-23,1.07,-0.011091
2003-04-24,1.055,-0.014019
2003-04-25,1.046,-0.008531
2003-04-28,1.066,0.01912
2003-04-29,1.055,-0.010319
2003-04-30,1.057,0.001896
2003-05-12,1.06,0.002838
2003-05-13,1.047,-0.012264
2003-05-14,1.057,0.009551
2003-05-15,1.07,0.012299
2003-05-16,1.07,0.0
2003-05-19,1.073,0.002804
2003-05-20,1.064,-0.008388
2003-05-21,1.064,0.0
2003-05-22,1.067,0.00282
2003-05-23,1.073,0.005623
2003-05-26,1.076,0.002796
2003-05-27,1.075,-0.000929
2003-05-28,1.069,-0.005581
2003-05-29,1.077,0.007484
2003-05-30,1.08,0.002786
2003-06-02,1.082,0.001852
2003-06-03,1.076,-0.005545
2003-06-04,1.082,0.005576
2003-06-05,1.073,-0.008318
2003-06-06,1.066,-0.006524
2003-06-09,1.058,-0.007505
2003-06-10,1.061,0.002836
2003-06-11,1.071,0.009425
2003-06-12,1.07,-0.000934
2003-06-13,1.073,0.002804
2003-06-16,1.069,-0.003728
2003-06-17,1.065,-0.003742
2003-06-18,1.063,-0.001878
2003-06-19,1.056,-0.006585
2003-06-20,1.05,-0.005682
2003-06-23,1.044,-0.005714
2003-06-24,1.044,0.0
2003-06-25,1.04,-0.003831
2003-06-26,1.046,0.005769
2003-06-27,1.035,-0.010516
2003-06-30,1.033,-0.001932
2003-07-01,1.03,-0.002904
2003-07-02,1.038,0.007767
2003-07-03,1.04,0.001927
2003-07-04,1.039,-0.000962
2003-07-07,1.042,0.002887
2003-07-08,1.045,0.002879
2003-07-09,1.042,-0.002871
2003-07-10,1.055,0.012476
2003-07-11,1.054,-0.000948
2003-07-14,1.052,-0.001898
2003-07-15,1.054,0.001901
2003-07-16,1.057,0.002846
2003-07-17,1.063,0.005676
2003-07-18,1.049,-0.01317
2003-07-21,1.048,-0.000953
2003-07-22,1.049,0.000954
2003-07-23,1.053,0.003813
2003-07-24,1.048,-0.004748
2003-07-25,1.042,-0.005725
2003-07-28,1.041,-0.00096
2003-07-29,1.044,0.002882
2003-07-30,1.046,0.001916
2003-07-31,1.046,0.0
2003-08-01,1.045,-0.000956
2003-08-04,1.051,0.005742
2003-08-05,1.05,-0.000951
2003-08-06,1.044,-0.005714
2003-08-07,1.045,0.000958
2003-08-08,1.036,-0.008612
2003-08-11,1.038,0.001931
2003-08-12,1.042,0.003854
2003-08-13,1.034,-0.007678
2003-08-14,1.028,-0.005803
2003-08-15,1.025,-0.002918
2003-08-18,1.025,0.0
2003-08-19,1.027,0.001951
2003-08-20,1.024,-0.002921
2003-08-21,1.023,-0.000977
2003-08-22,1.021,-0.001955
2003-08-25,1.015,-0.005877
2003-08-26,1.016,0.000985
2003-08-27,1.013,-0.002953
2003-08-28,1.01,-0.002962
2003-08-29,1.014,0.00396
2003-09-01,1.028,0.013807
2003-09-02,1.025,-0.002918
2003-09-03,1.021,-0.003902
2003-09-04,1.019,-0.001959
2003-09-05,1.011,-0.007851
2003-09-08,1.01,-0.000989
2003-09-09,1.006,-0.00396
2003-09-10,1.008,0.001988
2003-09-11,1.01,0.001984
2003-09-12,1.004,-0.005941
2003-09-15,0.997,-0.006972
2003-09-16,0.999,0.002006
2003-09-17,0.992,-0.007007
2003-09-18,0.992,0.0
2003-09-19,0.992,0.0
2003-09-22,0.986,-0.006048
2003-09-23,0.989,0.003043
2003-09-24,0.99,0.001011
2003-09-25,0.982,-0.008081
2003-09-26,0.983,0.001018
2003-09-29,0.975,-0.008138
2003-09-30,0.98,0.005128
2003-10-08,0.983,0.003061
2003-10-09,0.983,0.0
2003-10-10,0.998,0.015259
2003-10-13,0.994,-0.004008
2003-10-14,0.99,-0.004024
2003-10-15,0.987,-0.00303
2003-10-16,0.979,-0.008105
2003-10-17,0.982,0.003064
2003-10-20,0.979,-0.003055
2003-10-21,0.98,0.001021
2003-10-22,0.999,0.019388
2003-10-23,0.994,-0.005005
2003-10-24,0.997,0.003018
2003-10-27,0.994,-0.003009
2003-10-28,1.001,0.007042
2003-10-29,1.004,0.002997
2003-10-30,0.997,-0.006972
2003-10-31,0.996,-0.001003
2003-11-03,1.006,0.01004
2003-11-04,1.024,0.017893
2003-11-05,1.023,-0.000977
2003-11-06,1.015,-0.00782
2003-11-07,1.003,-0.011823
2003-11-10,1.008,0.004985
2003-11-11,1.006,-0.001984
2003-11-12,0.992,-0.013917
2003-11-13,0.987,-0.00504
2003-11-14,0.991,0.004053
2003-11-17,0.987,-0.004036
2003-11-18,0.983,-0.004053
2003-11-19,0.989,0.006104
2003-11-20,1.003,0.014156
2003-11-21,1.0,-0.002991
2003-11-24,1.016,0.016
2003-11-25,1.015,-0.000984
2003-11-26,1.018,0.002956
2003-11-27,1.009,-0.008841
2003-11-28,1.015,0.005946
2003-12-01,1.029,0.013793
2003-12-02,1.03,0.000972
2003-12-03,1.033,0.002913
2003-12-04,1.038,0.00484
2003-12-05,1.039,0.000963
2003-12-08,1.034,-0.004812
2003-12-09,1.033,-0.000967
2003-12-10,1.049,0.015489
2003-12-11,1.054,0.004766
2003-12-12,1.052,-0.001898
2003-12-15,1.051,-0.000951
2003-12-16,1.051,0.0
2003-12-17,1.044,-0.00666
2003-12-18,1.056,0.011494
2003-12-19,1.063,0.006629
2003-12-22,1.085,0.020696
2003-12-23,1.094,0.008295
2003-12-24,1.113,0.017367
2003-12-25,1.115,0.001797
2003-12-26,1.112,-0.002691
2003-12-29,1.098,-0.01259
2003-12-30,1.104,0.005464
2003-12-31,1.094,-0.009058
2004-01-02,1.106,0.010969
2004-01-05,1.151,0.040687
2004-01-06,1.169,0.015639
2004-01-07,1.173,0.003422
2004-01-08,1.185,0.01023
2004-01-09,1.175,-0.008439
2004-01-12,1.198,0.019574
2004-01-13,1.192,-0.005008
2004-01-14,1.176,-0.013423
2004-01-15,1.179,0.002551
2004-01-16,1.187,0.006785
2004-01-29,1.196,0.007582
2004-01-30,1.178,-0.01505
2004-02-02,1.196,0.01528
2004-02-03,1.202,0.005017
2004-02-04,1.227,0.020799
2004-02-05,1.223,-0.00326
2004-02-06,1.214,-0.007359
2004-02-09,1.228,0.011532
2004-02-10,1.22,-0.006515
2004-02-11,1.211,-0.007377
2004-02-12,1.204,-0.00578
2004-02-13,1.21,0.004983
2004-02-16,1.233,0.019008
2004-02-17,1.229,-0.003244
2004-02-18,1.24,0.00895
2004-02-19,1.236,-0.003226
2004-02-20,1.234,-0.001618
2004-02-23,1.211,-0.018639
2004-02-24,1.223,0.009909
2004-02-25,1.203,-0.016353
2004-02-26,1.212,0.007481
2004-02-27,1.227,0.012376
2004-03-01,1.234,0.005705
2004-03-02,1.229,-0.004052
2004-03-03,1.214,-0.012205
2004-03-04,1.219,0.004119
2004-03-05,1.214,-0.004102
2004-03-08,1.205,-0.007414
2004-03-09,1.212,0.005809
2004-03-10,1.233,0.017327
2004-03-11,1.24,0.005677
2004-03-12,1.245,0.004032
2004-03-15,1.269,0.019277
2004-03-16,1.272,0.002364
2004-03-17,1.269,-0.002358
2004-03-18,1.255,-0.011032
2004-03-19,1.273,0.014343
2004-03-22,1.275,0.001571
2004-03-23,1.264,-0.008627
2004-03-24,1.263,-0.000791
2004-03-25,1.264,0.000792
2004-03-26,1.265,0.000791
2004-03-29,1.256,-0.007115
2004-03-30,1.254,-0.001592
2004-03-31,1.26,0.004785
2004-04-01,1.271,0.00873
2004-04-02,1.279,0.006294
2004-04-05,1.277,-0.001564
2004-04-06,1.284,0.005482
2004-04-07,1.281,-0.002336
2004-04-08,1.279,-0.001561
2004-04-09,1.258,-0.016419
2004-04-12,1.251,-0.005564
2004-04-13,1.24,-0.008793
2004-04-14,1.233,-0.005645
2004-04-15,1.227,-0.004866
2004-04-16,1.241,0.01141
2004-04-19,1.235,-0.004835
2004-04-20,1.23,-0.004049
2004-04-21,1.214,-0.013008
2004-04-22,1.22,0.004942
2004-04-23,1.209,-0.009016
2004-04-26,1.216,0.00579
2004-04-27,1.207,-0.007401
2004-04-28,1.197,-0.008285
2004-04-29,1.18,-0.014202
2004-04-30,1.187,0.005932
2004-05-10,1.155,-0.026959
2004-05-11,1.159,0.003463
2004-05-12,1.181,0.018982
2004-05-13,1.178,-0.00254
2004-05-14,1.163,-0.012733
2004-05-17,1.154,-0.007739
2004-05-18,1.157,0.0026
2004-05-19,1.155,-0.001729
2004-05-20,1.152,-0.002597
2004-05-21,1.16,0.006944
2004-05-24,1.158,-0.001724
2004-05-25,1.145,-0.011226
2004-05-26,1.15,0.004367
2004-05-27,1.169,0.016522
2004-05-28,1.166,-0.002566
2004-05-31,1.168,0.001715
2004-06-01,1.18,0.010274
2004-06-02,1.171,-0.007627
2004-06-03,1.161,-0.00854
2004-06-04,1.156,-0.004307
2004-06-07,1.144,-0.010381
2004-06-08,1.135,-0.007867
2004-06-09,1.128,-0.006167
2004-06-10,1.134,0.005319
2004-06-11,1.133,-0.000882
2004-06-14,1.118,-0.013239
2004-06-15,1.13,0.010733
2004-06-16,1.135,0.004425
2004-06-17,1.119,-0.014097
2004-06-18,1.106,-0.011618
2004-06-21,1.105,-0.000904
2004-06-22,1.113,0.00724
2004-06-23,1.102,-0.009883
2004-06-24,1.1,-0.001815
2004-06-25,1.09,-0.009091
2004-06-28,1.085,-0.004587
2004-06-29,1.102,0.015668
2004-06-30,1.105,0.002722
2004-07-01,1.128,0.020814
2004-07-02,1.129,0.000887
2004-07-05,1.131,0.001771
2004-07-06,1.132,0.000884
2004-07-07,1.125,-0.006184
2004-07-08,1.127,0.001778
2004-07-09,1.126,-0.000887
2004-07-12,1.115,-0.009769
2004-07-13,1.121,0.005381
2004-07-14,1.129,0.007136
2004-07-15,1.14,0.009743
2004-07-16,1.153,0.011404
2004-07-19,1.155,0.001735
2004-07-20,1.15,-0.004329
2004-07-21,1.153,0.002609
2004-07-22,1.134,-0.016479
2004-07-23,1.133,-0.000882
2004-07-26,1.124,-0.007944
2004-07-27,1.118,-0.005338
2004-07-28,1.121,0.002683
2004-07-29,1.129,0.007136
2004-07-30,1.122,-0.0062
2004-08-02,1.115,-0.006239
2004-08-03,1.106,-0.008072
2004-08-04,1.127,0.018987
2004-08-05,1.119,-0.007098
2004-08-06,1.122,0.002681
2004-08-09,1.128,0.005348
2004-08-10,1.129,0.000887
2004-08-11,1.122,-0.0062
2004-08-12,1.117,-0.004456
2004-08-13,1.117,0.0
2004-08-16,1.112,-0.004476
2004-08-17,1.116,0.003597
2004-08-18,1.117,0.000896
2004-08-19,1.115,-0.001791
2004-08-20,1.116,0.000897
2004-08-23,1.104,-0.010753
2004-08-24,1.108,0.003623
2004-08-25,1.106,-0.001805
2004-08-26,1.106,0.0
2004-08-27,1.098,-0.007233
2004-08-30,1.094,-0.003643
2004-08-31,1.104,0.009141
2004-09-01,1.094,-0.009058
2004-09-02,1.093,-0.000914
2004-09-03,1.091,-0.00183
2004-09-06,1.088,-0.00275
2004-09-07,1.091,0.002757
2004-09-08,1.083,-0.007333
2004-09-09,1.071,-0.01108
2004-09-10,1.074,0.002801
2004-09-13,1.064,-0.009311
2004-09-14,1.083,0.017857
2004-09-15,1.108,0.023084
2004-09-16,1.115,0.006318
2004-09-17,1.138,0.020628
2004-09-20,1.157,0.016696
2004-09-21,1.151,-0.005186
2004-09-22,1.142,-0.007819
2004-09-23,1.166,0.021016
2004-09-24,1.16,-0.005146
2004-09-27,1.163,0.002586
2004-09-28,1.169,0.005159
2004-09-29,1.162,-0.005988
2004-09-30,1.154,-0.006885
2004-10-08,1.167,0.011265
2004-10-11,1.161,-0.005141
2004-10-12,1.144,-0.014643
2004-10-13,1.145,0.000874
2004-10-14,1.123,-0.019214
2004-10-15,1.125,0.001781
2004-10-18,1.126,0.000889
2004-10-19,1.131,0.00444
2004-10-20,1.135,0.003537
2004-10-21,1.127,-0.007048
2004-10-22,1.138,0.00976
2004-10-25,1.127,-0.009666
2004-10-26,1.136,0.007986
2004-10-27,1.146,0.008803
2004-10-28,1.143,-0.002618
2004-10-29,1.132,-0.009624
2004-11-01,1.127,-0.004417
2004-11-02,1.123,-0.003549
2004-11-03,1.132,0.008014
2004-11-04,1.119,-0.011484
2004-11-05,1.115,-0.003575
2004-11-08,1.117,0.001794
2004-11-09,1.12,0.002686
2004-11-10,1.147,0.024107
2004-11-11,1.14,-0.006103
2004-11-12,1.145,0.004386
2004-11-15,1.155,0.008734
2004-11-16,1.159,0.003463
2004-11-17,1.152,-0.00604
2004-11-18,1.158,0.005208
2004-11-19,1.163,0.004318
2004-11-22,1.161,-0.00172
2004-11-23,1.15,-0.009475
2004-11-24,1.148,-0.001739
2004-11-25,1.148,0.0
2004-11-26,1.148,0.0
2004-11-29,1.142,-0.005226
2004-11-30,1.142,0.0
2004-12-01,1.135,-0.00613
2004-12-02,1.127,-0.007048
2004-12-03,1.127,0.0
2004-12-06,1.125,-0.001775
2004-12-07,1.119,-0.005333
2004-12-08,1.122,0.002681
2004-12-09,1.131,0.008021
2004-12-10,1.126,-0.004421
2004-12-13,1.123,-0.002664
2004-12-14,1.124,0.00089
2004-12-15,1.132,0.007117
2004-12-16,1.132,0.0
2004-12-17,1.123,-0.007951
2004-12-20,1.107,-0.014248
2004-12-21,1.105,-0.001807
2004-12-22,1.123,0.01629
2004-12-23,1.116,-0.006233
2004-12-24,1.119,0.002688
2004-12-27,1.119,0.0
2004-12-28,1.124,0.004468
2004-12-29,1.124,0.0
2004-12-30,1.129,0.004448
2004-12-31,1.133,0.003543
2005-01-04,1.115,-0.015887
2005-01-05,1.118,0.002691
2005-01-06,1.111,-0.006261
2005-01-07,1.109,-0.0018
2005-01-10,1.112,0.002705
2005-01-11,1.114,0.001799
2005-01-12,1.119,0.004488
2005-01-13,1.121,0.001787
2005-01-14,1.115,-0.005352
2005-01-17,1.105,-0.008969
2005-01-18,1.107,0.00181
2005-01-19,1.096,-0.009937
2005-01-20,1.091,-0.004562
2005-01-21,1.114,0.021082
2005-01-24,1.125,0.009874
2005-01-25,1.129,0.003556
2005-01-26,1.125,-0.003543
2005-01-27,1.116,-0.008
2005-01-28,1.116,0.0
2005-01-31,1.112,-0.003584
2005-02-01,1.11,-0.001799
2005-02-02,1.148,0.034234
2005-02-03,1.141,-0.006098
2005-02-04,1.16,0.016652
2005-02-16,1.164,0.003448
2005-02-17,1.154,-0.008591
2005-02-18,1.146,-0.006932
2005-02-21,1.159,0.011344
2005-02-22,1.172,0.011217
2005-02-23,1.165,-0.005973
2005-02-24,1.158,-0.006009
2005-02-25,1.161,0.002591
2005-02-28,1.151,-0.008613
2005-03-01,1.147,-0.003475
2005-03-02,1.138,-0.007847
2005-03-03,1.14,0.001757
2005-03-04,1.138,-0.001754
2005-03-07,1.138,0.0
2005-03-08,1.146,0.00703
2005-03-09,1.142,-0.00349
2005-03-10,1.132,-0.008757
2005-03-11,1.138,0.0053
2005-03-14,1.148,0.008787
2005-03-15,1.135,-0.011324
2005-03-16,1.125,-0.008811
2005-03-17,1.114,-0.009778
2005-03-18,1.11,-0.003591
2005-03-21,1.106,-0.003604
2005-03-22,1.108,0.001808
2005-03-23,1.107,-0.000903
2005-03-24,1.107,0.0
2005-03-25,1.109,0.001807
2005-03-28,1.108,-0.000902
2005-03-29,1.104,-0.00361
2005-03-30,1.104,0.0
2005-03-31,1.105,0.000906
2005-04-01,1.128,0.020814
2005-04-04,1.117,-0.009752
2005-04-05,1.117,0.0
2005-04-06,1.13,0.011638
2005-04-07,1.134,0.00354
2005-04-08,1.141,0.006173
2005-04-11,1.13,-0.009641
2005-04-12,1.127,-0.002655
2005-04-13,1.136,0.007986
2005-04-14,1.13,-0.005282
2005-04-15,1.126,-0.00354
2005-04-18,1.121,-0.00444
2005-04-19,1.124,0.002676
2005-04-20,1.12,-0.003559
2005-04-21,1.119,-0.000893
2005-04-22,1.117,-0.001787
2005-04-25,1.115,-0.001791
2005-04-26,1.113,-0.001794
2005-04-27,1.114,0.000898
2005-04-28,1.125,0.009874
2005-04-29,1.123,-0.001778
2005-05-09,1.105,-0.016028
2005-05-10,1.109,0.00362
2005-05-11,1.093,-0.014427
2005-05-12,1.082,-0.010064
2005-05-13,1.072,-0.009242
2005-05-16,1.062,-0.009328
2005-05-17,1.072,0.009416
2005-05-18,1.067,-0.004664
2005-05-19,1.07,0.002812
2005-05-20,1.072,0.001869
2005-05-23,1.061,-0.010261
2005-05-24,1.062,0.000943
2005-05-25,1.056,-0.00565
2005-05-26,1.04,-0.015152
2005-05-27,1.021,-0.018269
2005-05-30,1.023,0.001959
2005-05-31,1.024,0.000978
2005-06-01,1.008,-0.015625
2005-06-02,0.979,-0.02877
2005-06-03,0.981,0.002043
2005-06-06,1.004,0.023445
2005-06-07,1.002,-0.001992
2005-06-08,1.058,0.055888
2005-06-09,1.061,0.002836
2005-06-10,1.042,-0.017908
2005-06-13,1.038,-0.003839
2005-06-14,1.034,-0.003854
2005-06-15,1.027,-0.00677
2005-06-16,1.037,0.009737
2005-06-17,1.041,0.003857
2005-06-20,1.06,0.018252
2005-06-21,1.056,-0.003774
2005-06-22,1.061,0.004735
2005-06-23,1.056,-0.004713
2005-06-24,1.056,0.0
2005-06-27,1.064,0.007576
2005-06-28,1.054,-0.009398
2005-06-29,1.049,-0.004744
2005-06-30,1.043,-0.00572
2005-07-01,1.034,-0.008629
2005-07-04,1.031,-0.002901
2005-07-05,1.032,0.00097
2005-07-06,1.022,-0.00969
2005-07-07,1.018,-0.003914
2005-07-08,1.013,-0.004912
2005-07-11,1.009,-0.003949
2005-07-12,1.025,0.015857
2005-07-13,1.019,-0.005854
2005-07-14,1.022,0.002944
2005-07-15,1.017,-0.004892
2005-07-18,1.013,-0.003933
2005-07-19,1.013,0.0
2005-07-20,1.021,0.007897
2005-07-21,1.022,0.000979
2005-07-22,1.035,0.01272
2005-07-25,1.037,0.001932
2005-07-26,1.048,0.010608
2005-07-27,1.057,0.008588
2005-07-28,1.055,-0.001892
2005-07-29,1.052,-0.002844
2005-08-01,1.054,0.001901
2005-08-02,1.057,0.002846
2005-08-03,1.057,0.0
2005-08-04,1.052,-0.00473
2005-08-05,1.063,0.010456
2005-08-08,1.062,-0.000941
2005-08-09,1.064,0.001883
2005-08-10,1.07,0.005639
2005-08-11,1.086,0.014953
2005-08-12,1.075,-0.010129
2005-08-15,1.088,0.012093
2005-08-16,1.08,-0.007353
2005-08-17,1.086,0.005556
2005-08-18,1.07,-0.014733
2005-08-19,1.07,0.0
2005-08-22,1.075,0.004673
2005-08-23,1.073,-0.00186
2005-08-24,1.077,0.003728
2005-08-25,1.073,-0.003714
2005-08-26,1.071,-0.001864
2005-08-29,1.064,-0.006536
2005-08-30,1.064,0.0
2005-08-31,1.071,0.006579
2005-09-01,1.08,0.008403
2005-09-02,1.081,0.000926
2005-09-05,1.082,0.000925
2005-09-06,1.074,-0.007394
2005-09-07,1.083,0.00838
2005-09-08,1.088,0.004617
2005-09-09,1.085,-0.002757
2005-09-12,1.084,-0.000922
2005-09-13,1.093,0.008303
2005-09-14,1.097,0.00366
2005-09-15,1.097,0.0
2005-09-16,1.093,-0.003646
2005-09-19,1.093,0.0
2005-09-20,1.089,-0.00366
2005-09-21,1.078,-0.010101
2005-09-22,1.068,-0.009276
2005-09-23,1.067,-0.000936
2005-09-26,1.069,0.001874
2005-09-27,1.062,-0.006548
2005-09-28,1.065,0.002825
2005-09-29,1.074,0.008451
2005-09-30,1.076,0.001862
2005-10-10,1.073,-0.002788
2005-10-11,1.078,0.00466
2005-10-12,1.079,0.000928
2005-10-13,1.073,-0.005561
2005-10-14,1.062,-0.010252
2005-10-17,1.058,-0.003766
2005-10-18,1.059,0.000945
2005-10-19,1.056,-0.002833
2005-10-20,1.061,0.004735
2005-10-21,1.062,0.000943
2005-10-24,1.062,0.0
2005-10-25,1.052,-0.009416
2005-10-26,1.043,-0.008555
2005-10-27,1.047,0.003835
2005-10-28,1.042,-0.004776
2005-10-31,1.047,0.004798
2005-11-01,1.047,0.0
2005-11-02,1.048,0.000955
2005-11-03,1.041,-0.006679
2005-11-04,1.04,-0.000961
2005-11-07,1.036,-0.003846
2005-11-08,1.038,0.001931
2005-11-09,1.041,0.00289
2005-11-10,1.034,-0.006724
2005-11-11,1.037,0.002901
2005-11-14,1.032,-0.004822
2005-11-15,1.022,-0.00969
2005-11-16,1.022,0.0
2005-11-17,1.023,0.000978
2005-11-18,1.033,0.009775
2005-11-21,1.034,0.000968
2005-11-22,1.029,-0.004836
2005-11-23,1.033,0.003887
2005-11-24,1.034,0.000968
2005-11-25,1.031,-0.002901
2005-11-28,1.028,-0.00291
2005-11-29,1.022,-0.005837
2005-11-30,1.022,0.0
2005-12-01,1.018,-0.003914
2005-12-02,1.015,-0.002947
2005-12-05,1.007,-0.007882
2005-12-06,1.01,0.002979
2005-12-07,1.015,0.00495
2005-12-08,1.016,0.000985
2005-12-09,1.027,0.010827
2005-12-12,1.029,0.001947
2005-12-13,1.026,-0.002915
2005-12-14,1.032,0.005848
2005-12-15,1.033,0.000969
2005-12-16,1.039,0.005808
2005-12-19,1.039,0.0
2005-12-20,1.045,0.005775
2005-12-21,1.044,-0.000957
2005-12-22,1.052,0.007663
2005-12-23,1.058,0.005703
2005-12-26,1.062,0.003781
2005-12-27,1.061,-0.000942
2005-12-28,1.064,0.002828
2005-12-29,1.086,0.020677
2005-12-30,1.079,-0.006446
2005-12-31,1.079,0.0
2006-01-04,1.096,0.015755
2006-01-05,1.112,0.014599
2006-01-06,1.124,0.010791
2006-01-09,1.127,0.002669
2006-01-10,1.131,0.003549
2006-01-11,1.13,-0.000884
2006-01-12,1.133,0.002655
2006-01-13,1.126,-0.006178
2006-01-16,1.114,-0.010657
2006-01-17,1.115,0.000898
2006-01-18,1.127,0.010762
2006-01-19,1.133,0.005324
2006-01-20,1.133,0.0
2006-01-23,1.13,-0.002648
2006-01-24,1.136,0.00531
2006-01-25,1.148,0.010563
2006-02-06,1.164,0.013937
2006-02-07,1.155,-0.007732
2006-02-08,1.151,-0.003463
2006-02-09,1.142,-0.007819
2006-02-10,1.149,0.00613
2006-02-13,1.147,-0.001741
2006-02-14,1.155,0.006975
2006-02-15,1.156,0.000866
2006-02-16,1.141,-0.012976
2006-02-17,1.142,0.000876
2006-02-20,1.139,-0.002627
2006-02-21,1.149,0.00878
2006-02-22,1.148,-0.00087
2006-02-23,1.144,-0.003484
2006-02-24,1.153,0.007867
2006-02-27,1.158,0.004337
2006-02-28,1.164,0.005181
2006-03-01,1.17,0.005155
2006-03-02,1.161,-0.007692
2006-03-03,1.163,0.001723
2006-03-06,1.161,-0.00172
2006-03-07,1.143,-0.015504
2006-03-08,1.138,-0.004374
2006-03-09,1.137,-0.000879
2006-03-10,1.142,0.004398
2006-03-13,1.151,0.007881
2006-03-14,1.151,0.0
2006-03-15,1.162,0.009557
2006-03-16,1.164,0.001721
2006-03-17,1.163,-0.000859
2006-03-20,1.175,0.010318
2006-03-21,1.179,0.003404
2006-03-22,1.191,0.010178
2006-03-23,1.193,0.001679
2006-03-24,1.189,-0.003353
2006-03-27,1.194,0.004205
2006-03-28,1.202,0.0067
2006-03-29,1.208,0.004992
2006-03-30,1.202,-0.004967
2006-03-31,1.216,0.011647
2006-04-03,1.241,0.020559
2006-04-04,1.253,0.00967
2006-04-05,1.265,0.009577
2006-04-06,1.27,0.003953
2006-04-07,1.274,0.00315
2006-04-10,1.282,0.006279
2006-04-11,1.291,0.00702
2006-04-12,1.284,-0.005422
2006-04-13,1.256,-0.021807
2006-04-14,1.277,0.01672
2006-04-17,1.281,0.003132
2006-04-18,1.285,0.003123
2006-04-19,1.297,0.009339
2006-04-20,1.296,-0.000771
2006-04-21,1.308,0.009259
2006-04-24,1.326,0.013761
2006-04-25,1.344,0.013575
2006-04-26,1.367,0.017113
2006-04-27,1.372,0.003658
2006-04-28,1.404,0.023324
2006-05-08,1.439,0.024929
2006-05-09,1.485,0.031967
2006-05-10,1.504,0.012795
2006-05-11,1.503,-0.000665
2006-05-12,1.541,0.025283
2006-05-15,1.591,0.032446
2006-05-16,1.549,-0.026398
2006-05-17,1.536,-0.008393
2006-05-18,1.557,0.013672
2006-05-19,1.599,0.026975
2006-05-22,1.589,-0.006254
2006-05-23,1.536,-0.033354
2006-05-24,1.524,-0.007812
2006-05-25,1.515,-0.005906
2006-05-26,1.546,0.020462
2006-05-29,1.573,0.017464
2006-05-30,1.604,0.019708
2006-05-31,1.615,0.006858
2006-06-01,1.645,0.018576
2006-06-02,1.61,-0.021277
2006-06-05,1.602,-0.004969
2006-06-06,1.584,-0.011236
2006-06-07,1.515,-0.043561
2006-06-08,1.523,0.005281
2006-06-09,1.517,-0.00394
2006-06-12,1.531,0.009229
2006-06-13,1.541,0.006532
2006-06-14,1.536,-0.003245
2006-06-15,1.543,0.004557
2006-06-16,1.568,0.016202
2006-06-19,1.597,0.018495
2006-06-20,1.608,0.006888
2006-06-21,1.598,-0.006219
2006-06-22,1.593,-0.003129
2006-06-23,1.604,0.006905
2006-06-26,1.612,0.004988
2006-06-27,1.616,0.002481
2006-06-28,1.61,-0.003713
2006-06-29,1.639,0.018012
2006-06-30,1.641,0.00122
2006-07-03,1.644,0.001828
2006-07-04,1.65,0.00365
2006-07-05,1.645,-0.00303
2006-07-06,1.679,0.020669
2006-07-07,1.668,-0.006552
2006-07-10,1.664,-0.002398
2006-07-11,1.668,0.002404
2006-07-12,1.68,0.007194
2006-07-13,1.614,-0.039286
2006-07-14,1.615,0.00062
2006-07-17,1.628,0.00805
2006-07-18,1.624,-0.002457
2006-07-19,1.59,-0.020936
2006-07-20,1.6,0.006289
2006-07-21,1.611,0.006875
2006-07-24,1.617,0.003724
2006-07-25,1.635,0.011132
2006-07-26,1.628,-0.004281
2006-07-27,1.615,-0.007985
2006-07-28,1.599,-0.009907
2006-07-31,1.562,-0.023139
2006-08-01,1.553,-0.005762
2006-08-02,1.545,-0.005151
2006-08-03,1.536,-0.005825
2006-08-04,1.512,-0.015625
2006-08-07,1.506,-0.003968
2006-08-08,1.523,0.011288
2006-08-09,1.526,0.00197
2006-08-10,1.534,0.005242
2006-08-11,1.54,0.003911
2006-08-14,1.514,-0.016883
2006-08-15,1.525,0.007266
2006-08-16,1.538,0.008525
2006-08-17,1.533,-0.003251
2006-08-18,1.527,-0.003914
2006-08-21,1.531,0.00262
2006-08-22,1.544,0.008491
2006-08-23,1.546,0.001295
2006-08-24,1.552,0.003881
2006-08-25,1.557,0.003222
2006-08-28,1.572,0.009634
2006-08-29,1.582,0.006361
2006-08-30,1.581,-0.000632
2006-08-31,1.585,0.00253
2006-09-01,1.579,-0.003785
2006-09-04,1.59,0.006966
2006-09-05,1.589,-0.000629
2006-09-06,1.591,0.001259
2006-09-07,1.579,-0.007542
2006-09-08,1.585,0.0038
2006-09-11,1.588,0.001893
2006-09-12,1.592,0.002519
2006-09-13,1.588,-0.002513
2006-09-14,1.591,0.001889
2006-09-15,1.607,0.010057
2006-09-18,1.618,0.006845
2006-09-19,1.627,0.005562
2006-09-20,1.63,0.001844
2006-09-21,1.645,0.009202
2006-09-22,1.643,-0.001216
2006-09-25,1.643,0.0
2006-09-26,1.636,-0.00426
2006-09-27,1.647,0.006724
2006-09-28,1.661,0.0085
2006-09-29,1.668,0.004214
2006-09-30,1.667,-0.0006
2006-10-09,1.692,0.014997
2006-10-10,1.688,-0.002364
2006-10-11,1.679,-0.005332
2006-10-12,1.664,-0.008934
2006-10-13,1.668,0.002404
2006-10-16,1.648,-0.01199
2006-10-17,1.654,0.003641
2006-10-18,1.67,0.009674
2006-10-19,1.679,0.005389
2006-10-20,1.68,0.000596
2006-10-23,1.658,-0.013095
2006-10-24,1.673,0.009047
2006-10-25,1.687,0.008368
2006-10-26,1.69,0.001778
2006-10-27,1.679,-0.006509
2006-10-30,1.671,-0.004765
2006-10-31,1.68,0.005386
2006-11-01,1.686,0.003571
2006-11-02,1.682,-0.002372
2006-11-03,1.687,0.002973
2006-11-06,1.696,0.005335
2006-11-07,1.693,-0.001769
2006-11-08,1.691,-0.001181
2006-11-09,1.706,0.00887
2006-11-10,1.699,-0.004103
2006-11-13,1.677,-0.012949
2006-11-14,1.684,0.004174
2006-11-15,1.718,0.02019
2006-11-16,1.726,0.004657
2006-11-17,1.746,0.011587
2006-11-20,1.754,0.004582
2006-11-21,1.76,0.003421
2006-11-22,1.787,0.015341
2006-11-23,1.789,0.001119
2006-11-24,1.799,0.00559
2006-11-27,1.814,0.008338
2006-11-28,1.822,0.00441
2006-11-29,1.842,0.010977
2006-11-30,1.878,0.019544
2006-12-01,1.894,0.00852
2006-12-04,1.917,0.012144
2006-12-05,1.915,-0.001043
2006-12-06,1.899,-0.008355
2006-12-07,1.887,-0.006319
2006-12-08,1.859,-0.014838
2006-12-11,1.908,0.026358
2006-12-12,1.926,0.009434
2006-12-13,1.94,0.007269
2006-12-14,1.964,0.012371
2006-12-15,1.996,0.016293
2006-12-18,2.049,0.026553
2006-12-19,2.046,-0.001464
2006-12-20,2.053,0.003421
2006-12-21,2.034,-0.009255
2006-12-22,2.018,-0.007866
2006-12-25,2.041,0.011397
2006-12-26,2.04,-0.00049
2006-12-27,2.069,0.014216
2006-12-28,2.061,-0.003867
2006-12-29,2.103,0.020378
2006-12-31,2.103,0.0
2007-01-04,2.103,0.0
2007-01-05,2.1,-0.001427
2007-01-08,2.132,0.015238
2007-01-09,2.184,0.02439
2007-01-10,2.204,0.009158
2007-01-11,2.184,-0.009074
2007-01-12,2.16,-0.010989
2007-01-15,2.235,0.034722
2007-01-16,2.247,0.005369
2007-01-17,2.239,-0.00356
2007-01-18,2.247,0.003573
2007-01-19,2.263,0.007121
2007-01-22,2.287,0.010605
2007-01-23,2.285,-0.000875
2007-01-24,2.29,0.002188
2007-01-25,2.257,-0.01441
2007-01-26,2.277,0.008861
2007-01-29,2.301,0.01054
2007-01-30,2.295,-0.002608
2007-01-31,2.239,-0.024401
2007-02-01,2.243,0.001787
2007-02-02,2.219,-0.0107
2007-02-05,2.209,-0.004507
2007-02-06,2.216,0.003169
2007-02-07,2.231,0.006769
2007-02-08,2.24,0.004034
2007-02-09,2.231,-0.004018
2007-02-12,2.266,0.015688
2007-02-13,2.279,0.005737
2007-02-14,2.303,0.010531
2007-02-15,2.34,0.016066
2007-02-16,2.343,0.001282
2007-02-26,2.349,0.002561
2007-02-27,2.257,-0.039166
2007-02-28,2.278,0.009304
2007-03-01,2.248,-0.013169
2007-03-02,2.263,0.006673
2007-03-05,2.253,-0.004419
2007-03-06,2.268,0.006658
2007-03-07,2.295,0.011905
2007-03-08,2.306,0.004793
2007-03-09,2.306,0.0
2007-03-12,2.305,-0.000434
2007-03-13,2.308,0.001302
2007-03-14,2.296,-0.005199
2007-03-15,2.318,0.009582
2007-03-16,2.3,-0.007765
2007-03-19,2.316,0.006957
2007-03-20,2.314,-0.000864
2007-03-21,2.319,0.002161
2007-03-22,2.32,0.000431
2007-03-23,2.317,-0.001293
2007-03-26,2.335,0.007769
2007-03-27,2.335,0.0
2007-03-28,2.339,0.001713
2007-03-29,2.336,-0.001283
2007-03-30,2.337,0.000428
2007-03-31,2.337,0.0
2007-04-02,2.361,0.01027
2007-04-03,2.378,0.0072
2007-04-04,2.389,0.004626
2007-04-05,2.395,0.002512
2007-04-06,2.405,0.004175
2007-04-09,2.433,0.011642
2007-04-10,2.445,0.004932
2007-04-11,2.448,0.001227
2007-04-12,2.467,0.007761
2007-04-13,2.466,-0.000405
2007-04-16,2.499,0.013382
2007-04-17,2.518,0.007603
2007-04-18,2.53,0.004766
2007-04-19,2.476,-0.021344
2007-04-20,2.523,0.018982
2007-04-23,2.572,0.019421
2007-04-24,2.572,0.0
2007-04-25,2.569,-0.001166
2007-04-26,2.584,0.005839
2007-04-27,2.57,-0.005418
2007-04-30,2.599,0.011284
2007-05-08,2.636,0.014236
2007-05-09,2.639,0.001138
2007-05-10,2.637,-0.000758
2007-05-11,2.63,-0.002655
2007-05-14,2.651,0.007985
2007-05-15,2.612,-0.014711
2007-05-16,2.641,0.011103
2007-05-17,2.671,0.011359
2007-05-18,2.682,0.004118
2007-05-21,2.706,0.008949
2007-05-22,2.706,0.0
2007-05-23,2.731,0.009239
2007-05-24,2.731,0.0
2007-05-25,2.751,0.007323
2007-05-28,2.779,0.010178
2007-05-29,2.815,0.012954
2007-05-30,2.738,-0.027353
2007-05-31,2.773,0.012783
2007-06-01,2.732,-0.014785
2007-06-04,2.655,-0.028184
2007-06-05,2.691,0.013559
2007-06-06,2.718,0.010033
2007-06-07,2.75,0.011773
2007-06-08,2.753,0.001091
2007-06-11,2.794,0.014893
2007-06-12,2.836,0.015032
2007-06-13,2.864,0.009873
2007-06-14,2.848,-0.005587
2007-06-15,2.85,0.000702
2007-06-18,2.881,0.010877
2007-06-19,2.891,0.003471
2007-06-20,2.875,-0.005534
2007-06-21,2.907,0.01113
2007-06-22,2.881,-0.008944
2007-06-25,2.832,-0.017008
2007-06-26,2.831,-0.000353
2007-06-27,2.875,0.015542
2007-06-28,2.811,-0.022261
2007-06-29,2.781,-0.010672
2007-06-30,2.781,0.0
2007-07-02,2.776,-0.001798
2007-07-03,2.801,0.009006
2007-07-04,2.786,-0.005355
2007-07-05,2.725,-0.021895
2007-07-06,2.78,0.020183
2007-07-09,2.828,0.017266
2007-07-10,2.817,-0.00389
2007-07-11,2.829,0.00426
2007-07-12,2.833,0.001414
2007-07-13,2.832,-0.000353
2007-07-16,2.801,-0.010946
2007-07-17,2.84,0.013924
2007-07-18,2.851,0.003873
2007-07-19,2.849,-0.000702
2007-07-20,2.911,0.021762
2007-07-23,2.964,0.018207
2007-07-24,2.965,0.000337
2007-07-25,2.979,0.004722
2007-07-26,2.99,0.003693
2007-07-27,2.992,0.000669
2007-07-30,3.019,0.009024
2007-07-31,3.03,0.003644
2007-08-01,2.998,-0.010561
2007-08-02,3.063,0.021681
2007-08-03,3.119,0.018283
2007-08-06,3.14,0.006733
2007-08-07,3.164,0.007643
2007-08-08,3.141,-0.007269
2007-08-09,3.168,0.008596
2007-08-10,3.142,-0.008207
2007-08-13,3.121,-0.006684
2007-08-14,3.141,0.006408
2007-08-15,3.147,0.00191
2007-08-16,3.126,-0.006673
2007-08-17,3.097,-0.009277
2007-08-20,3.172,0.024217
2007-08-21,3.195,0.007251
2007-08-22,3.23,0.010955
2007-08-23,3.261,0.009598
2007-08-24,3.287,0.007973
2007-08-27,3.267,-0.006085
2007-08-28,3.271,0.001224
2007-08-29,3.265,-0.001834
2007-08-30,3.294,0.008882
2007-08-31,3.323,0.008804
2007-09-03,3.349,0.007824
2007-09-04,3.339,-0.002986
2007-09-05,3.336,-0.000898
2007-09-06,3.347,0.003297
2007-09-07,3.323,-0.007171
2007-09-10,3.355,0.00963
2007-09-11,3.301,-0.016095
2007-09-12,3.331,0.009088
2007-09-13,3.369,0.011408
2007-09-14,3.376,0.002078
2007-09-17,3.399,0.006813
2007-09-18,3.371,-0.008238
2007-09-19,3.351,-0.005933
2007-09-20,3.36,0.002686
2007-09-21,3.36,0.0
2007-09-24,3.361,0.000298
2007-09-25,3.356,-0.001488
2007-09-26,3.336,-0.005959
2007-09-27,3.36,0.007194
2007-09-28,3.406,0.01369
2007-09-30,3.406,0.0
2007-10-08,3.419,0.003817
2007-10-09,3.434,0.004387
2007-10-10,3.446,0.003494
2007-10-11,3.46,0.004063
2007-10-12,3.456,-0.001156
2007-10-15,3.448,-0.002315
2007-10-16,3.473,0.007251
2007-10-17,3.444,-0.00835
2007-10-18,3.377,-0.019454
2007-10-19,3.4,0.006811
2007-10-22,3.367,-0.009706
2007-10-23,3.386,0.005643
2007-10-24,3.405,0.005611
2007-10-25,3.334,-0.020852
2007-10-26,3.345,0.003299
2007-10-29,3.377,0.009567
2007-10-30,3.391,0.004146
2007-10-31,3.424,0.009732
2007-11-01,3.389,-0.010222
2007-11-02,3.334,-0.016229
2007-11-05,3.313,-0.006299
2007-11-06,3.311,-0.000604
2007-11-07,3.321,0.00302
2007-11-08,3.264,-0.017164
2007-11-09,3.231,-0.01011
2007-11-12,3.207,-0.007428
2007-11-13,3.199,-0.002495
2007-11-14,3.254,0.017193
2007-11-15,3.234,-0.006146
2007-11-16,3.205,-0.008967
2007-11-19,3.203,-0.000624
2007-11-20,3.215,0.003746
2007-11-21,3.208,-0.002177
2007-11-22,3.136,-0.022444
2007-11-23,3.166,0.009566
2007-11-26,3.162,-0.001263
2007-11-27,3.14,-0.006958
2007-11-28,3.116,-0.007643
2007-11-29,3.168,0.016688
2007-11-30,3.138,-0.00947
2007-12-03,3.146,0.002549
2007-12-04,3.157,0.003497
2007-12-05,3.202,0.014254
2007-12-06,3.208,0.001874
2007-12-07,3.226,0.005611
2007-12-10,3.274,0.014879
2007-12-11,3.287,0.003971
2007-12-12,3.272,-0.004563
2007-12-13,3.202,-0.021394
2007-12-14,3.245,0.013429
2007-12-17,3.228,-0.005239
2007-12-18,3.213,-0.004647
2007-12-19,3.234,0.006536
2007-12-20,3.26,0.00804
2007-12-21,3.291,0.009509
2007-12-24,3.324,0.010027
2007-12-25,3.333,0.002708
2007-12-26,3.355,0.006601
2007-12-27,3.392,0.011028
2007-12-28,3.394,0.00059
2007-12-29,3.394,0.0
2007-12-31,3.393,-0.000295
2008-01-02,3.407,0.004126
2008-01-03,3.427,0.00587
2008-01-04,3.442,0.004377
2008-01-07,3.473,0.009006
2008-01-08,3.448,-0.007198
2008-01-09,3.483,0.010151
2008-01-10,3.52,0.010623
2008-01-11,3.533,0.003693
2008-01-14,3.54,0.001981
2008-01-15,3.525,-0.004237
2008-01-16,3.463,-0.017589
2008-01-17,3.435,-0.008085
2008-01-18,3.463,0.008151
2008-01-21,3.385,-0.022524
2008-01-22,3.278,-0.03161
2008-01-23,3.367,0.027151
2008-01-24,3.394,0.008019
2008-01-25,3.414,0.005893
2008-01-28,3.339,-0.021968
2008-01-29,3.34,0.000299
2008-01-30,3.315,-0.007485
2008-01-31,3.281,-0.010256
2008-02-01,3.269,-0.003657
2008-02-04,3.364,0.029061
2008-02-05,3.349,-0.004459
2008-02-13,3.321,-0.008361
2008-02-14,3.336,0.004517
2008-02-15,3.319,-0.005096
2008-02-18,3.362,0.012956
2008-02-19,3.394,0.009518
2008-02-20,3.364,-0.008839
2008-02-21,3.364,0.0
2008-02-22,3.318,-0.013674
2008-02-25,3.277,-0.012357
2008-02-26,3.255,-0.006713
2008-02-27,3.277,0.006759
2008-02-28,3.279,0.00061
2008-02-29,3.291,0.00366
2008-03-03,3.327,0.010939
2008-03-04,3.3,-0.008115
2008-03-05,3.29,-0.00303
2008-03-06,3.302,0.003647
2008-03-07,3.291,-0.003331
2008-03-10,3.243,-0.014585
2008-03-11,3.246,0.000925
2008-03-12,3.215,-0.00955
2008-03-13,3.186,-0.00902
2008-03-14,3.168,-0.00565
2008-03-17,3.117,-0.016098
2008-03-18,3.065,-0.016683
2008-03-19,3.102,0.012072
2008-03-20,3.132,0.009671
2008-03-21,3.147,0.004789
2008-03-24,3.104,-0.013664
2008-03-25,3.119,0.004832
2008-03-26,3.123,0.001282
2008-03-27,3.095,-0.008966
2008-03-28,3.137,0.01357
2008-03-31,3.102,-0.011157
2008-04-01,3.033,-0.022244
2008-04-02,3.009,-0.007913
2008-04-03,3.035,0.008641
2008-04-07,3.085,0.016474
2008-04-08,3.103,0.005835
2008-04-09,3.055,-0.015469
2008-04-10,3.08,0.008183
2008-04-11,3.087,0.002273
2008-04-14,3.014,-0.023648
2008-04-15,3.012,-0.000664
2008-04-16,2.988,-0.007968
2008-04-17,2.96,-0.009371
2008-04-18,2.939,-0.007095
2008-04-21,2.918,-0.007145
2008-04-22,2.917,-0.000343
2008-04-23,2.968,0.017484
2008-04-24,3.059,0.03066
2008-04-25,3.06,0.000327
2008-04-28,3.039,-0.006863
2008-04-29,3.052,0.004278
2008-04-30,3.097,0.014744
2008-05-05,3.121,0.007749
2008-05-06,3.113,-0.002563
2008-05-07,3.081,-0.010279
2008-05-08,3.113,0.010386
2008-05-09,3.109,-0.001285
2008-05-12,3.109,0.0
2008-05-13,3.118,0.002895
2008-05-14,3.138,0.006414
2008-05-15,3.133,-0.001593
2008-05-16,3.124,-0.002873
2008-05-19,3.123,-0.00032
2008-05-20,3.081,-0.013449
2008-05-21,3.098,0.005518
2008-05-22,3.088,-0.003228
2008-05-23,3.076,-0.003886
2008-05-26,3.047,-0.009428
2008-05-27,3.051,0.001313
2008-05-28,3.073,0.007211
2008-05-29,3.053,-0.006508
2008-05-30,3.054,0.000328
2008-06-02,3.051,-0.000982
2008-06-03,3.052,0.000328
2008-06-04,3.043,-0.002949
2008-06-05,3.03,-0.004272
2008-06-06,3.026,-0.00132
2008-06-10,2.973,-0.017515
2008-06-11,2.964,-0.003027
2008-06-12,2.948,-0.005398
2008-06-13,2.922,-0.00882
2008-06-16,2.911,-0.003765
2008-06-17,2.891,-0.00687
2008-06-18,2.925,0.011761
2008-06-19,2.877,-0.01641
2008-06-20,2.89,0.004519
2008-06-23,2.87,-0.00692
2008-06-24,2.893,0.008014
2008-06-25,2.931,0.013135
2008-06-26,2.941,0.003412
2008-06-27,2.906,-0.011901
2008-06-30,2.901,-0.001721
2008-07-01,2.874,-0.009307
2008-07-02,2.876,0.000696
2008-07-03,2.895,0.006606
2008-07-04,2.886,-0.003109
2008-07-07,2.928,0.014553
2008-07-08,2.938,0.003415
2008-07-09,2.967,0.009871
2008-07-10,2.962,-0.001685
2008-07-11,2.956,-0.002026
2008-07-14,2.964,0.002706
2008-07-15,2.933,-0.010459
2008-07-16,2.91,-0.007842
2008-07-17,2.904,-0.002062
2008-07-18,2.923,0.006543
2008-07-21,2.959,0.012316
2008-07-22,2.958,-0.000338
2008-07-23,2.949,-0.003043
2008-07-24,2.971,0.00746
2008-07-25,2.961,-0.003366
2008-07-28,2.96,-0.000338
2008-07-29,2.952,-0.002703
2008-07-30,2.944,-0.00271
2008-07-31,2.925,-0.006454
2008-08-01,2.924,-0.000342
2008-08-04,2.903,-0.007182
2008-08-05,2.883,-0.006889
2008-08-06,2.879,-0.001387
2008-08-07,2.876,-0.001042
2008-08-08,2.854,-0.00765
2008-08-11,2.823,-0.010862
2008-08-12,2.828,0.001771
2008-08-13,2.837,0.003182
2008-08-14,2.842,0.001762
2008-08-15,2.833,-0.003167
2008-08-18,2.797,-0.012707
2008-08-19,2.803,0.002145
2008-08-20,2.848,0.016054
2008-08-21,2.822,-0.009129
2008-08-22,2.812,-0.003544
2008-08-25,2.81,-0.000711
2008-08-26,2.785,-0.008897
2008-08-27,2.776,-0.003232
2008-08-28,2.774,-0.00072
2008-08-29,2.789,0.005407
2008-09-01,2.762,-0.009681
2008-09-02,2.745,-0.006155
2008-09-03,2.722,-0.008379
2008-09-04,2.724,0.000735
2008-09-05,2.704,-0.007342
2008-09-08,2.683,-0.007766
2008-09-09,2.68,-0.001118
2008-09-10,2.678,-0.000746
2008-09-11,2.66,-0.006721
2008-09-12,2.663,0.001128
2008-09-16,2.651,-0.004506
2008-09-17,2.638,-0.004904
2008-09-18,2.622,-0.006065
2008-09-19,2.681,0.022502
2008-09-22,2.713,0.011936
2008-09-23,2.677,-0.013269
2008-09-24,2.682,0.001868
2008-09-25,2.708,0.009694
2008-09-26,2.724,0.005908
2008-09-30,2.723,-0.000367
2008-10-06,2.692,-0.011385
2008-10-07,2.676,-0.005944
2008-10-08,2.652,-0.008969
2008-10-09,2.633,-0.007164
2008-10-10,2.591,-0.015951
2008-10-13,2.606,0.005789
2008-10-14,2.587,-0.007291
2008-10-15,2.573,-0.005412
2008-10-16,2.545,-0.010882
2008-10-17,2.548,0.001179
2008-10-20,2.567,0.007457
2008-10-21,2.567,0.0
2008-10-22,2.56,-0.002727
2008-10-23,2.569,0.003516
2008-10-24,2.554,-0.005839
2008-10-27,2.52,-0.013312
2008-10-28,2.537,0.006746
2008-10-29,2.524,-0.005124
2008-10-30,2.534,0.003962
2008-10-31,2.527,-0.002762
2008-11-03,2.521,-0.002374
2008-11-04,2.509,-0.00476
2008-11-05,2.524,0.005978
2008-11-06,2.509,-0.005943
2008-11-07,2.508,-0.000399
2008-11-10,2.54,0.012759
2008-11-11,2.536,-0.001575
2008-11-12,2.538,0.000789
2008-11-13,2.56,0.008668
2008-11-14,2.584,0.009375
2008-11-17,2.601,0.006579
2008-11-18,2.574,-0.010381
2008-11-19,2.601,0.01049
2008-11-20,2.597,-0.001538
2008-11-21,2.596,-0.000385
2008-11-24,2.582,-0.005393
2008-11-25,2.584,0.000775
2008-11-26,2.585,0.000387
2008-11-27,2.597,0.004642
2008-11-28,2.599,0.00077
2008-12-01,2.608,0.003463
2008-12-02,2.611,0.00115
2008-12-03,2.629,0.006894
2008-12-04,2.637,0.003043
2008-12-05,2.644,0.002655
2008-12-08,2.662,0.006808
2008-12-09,2.649,-0.004884
2008-12-10,2.66,0.004153
2008-12-11,2.647,-0.004887
2008-12-12,2.625,-0.008311
2008-12-15,2.632,0.002667
2008-12-16,2.646,0.005319
2008-12-17,2.653,0.002646
2008-12-18,2.663,0.003769
2008-12-19,2.67,0.002629
2008-12-22,2.662,-0.002996
2008-12-23,2.633,-0.010894
2008-12-24,2.625,-0.003038
2008-12-25,2.621,-0.001524
2008-12-26,2.618,-0.001145
2008-12-29,2.627,0.003438
2008-12-30,2.627,0.0
2008-12-31,2.624,-0.001142
2009-01-05,2.65,0.009909
2009-01-06,2.665,0.00566
2009-01-07,2.663,-0.00075
2009-01-08,2.646,-0.006384
2009-01-09,2.661,0.005669
2009-01-12,2.665,0.001503
2009-01-13,2.643,-0.008255
2009-01-14,2.674,0.011729
2009-01-15,2.676,0.000748
2009-01-16,2.685,0.003363
2009-01-19,2.686,0.000372
2009-01-20,2.687,0.000372
2009-01-21,2.681,-0.002233
2009-01-22,2.688,0.002611
2009-01-23,2.69,0.000744
2009-02-02,2.708,0.006691
2009-02-03,2.726,0.006647
2009-02-04,2.736,0.003668
2009-02-05,2.726,-0.003655
2009-02-06,2.751,0.009171
2009-02-09,2.769,0.006543
2009-02-10,2.776,0.002528
2009-02-11,2.779,0.001081
2009-02-12,2.79,0.003958
2009-02-13,2.814,0.008602
2009-02-16,2.817,0.001066
2009-02-17,2.783,-0.01207
2009-02-18,2.755,-0.010061
2009-02-19,2.773,0.006534
2009-02-20,2.789,0.00577
2009-02-23,2.816,0.009681
2009-02-24,2.779,-0.013139
2009-02-25,2.77,-0.003239
2009-02-26,2.72,-0.018051
2009-02-27,2.7,-0.007353
2009-03-02,2.721,0.007778
2009-03-03,2.726,0.001838
2009-03-04,2.775,0.017975
2009-03-05,2.773,-0.000721
2009-03-06,2.773,0.0
2009-03-09,2.738,-0.012622
2009-03-10,2.751,0.004748
2009-03-11,2.741,-0.003635
2009-03-12,2.738,-0.001094
2009-03-13,2.737,-0.000365
2009-03-16,2.751,0.005115
2009-03-17,2.785,0.012359
2009-03-18,2.795,0.003591
2009-03-19,2.808,0.004651
2009-03-20,2.797,-0.003917
2009-03-23,2.819,0.007866
2009-03-24,2.826,0.002483
2009-03-25,2.805,-0.007431
2009-03-26,2.823,0.006417
2009-03-27,2.83,0.00248
2009-03-30,2.826,-0.001413
2009-03-31,2.84,0.004954
2009-04-01,2.855,0.005282
2009-04-02,2.865,0.003503
2009-04-03,2.866,0.000349
2009-04-07,2.862,-0.001396
2009-04-08,2.827,-0.012229
2009-04-09,2.843,0.00566
2009-04-10,2.878,0.012311
2009-04-13,2.896,0.006254
2009-04-14,2.917,0.007251
2009-04-15,2.917,0.0
2009-04-16,2.91,-0.0024
2009-04-17,2.9,-0.003436
2009-04-20,2.923,0.007931
2009-04-21,2.909,-0.00479
2009-04-22,2.87,-0.013407
2009-04-23,2.881,0.003833
2009-04-24,2.879,-0.000694
2009-04-27,2.847,-0.011115
2009-04-28,2.851,0.001405
2009-04-29,2.891,0.01403
2009-04-30,2.919,0.009685
2009-05-04,2.955,0.012333
2009-05-05,2.961,0.00203
2009-05-06,2.979,0.006079
2009-05-07,2.973,-0.002014
2009-05-08,2.977,0.001345
2009-05-11,2.945,-0.010749
2009-05-12,2.971,0.008829
2009-05-13,2.974,0.00101
2009-05-14,2.971,-0.001009
2009-05-15,2.976,0.001683
2009-05-18,2.975,-0.000336
2009-05-19,2.985,0.003361
2009-05-20,2.982,-0.001005
2009-05-21,2.958,-0.008048
2009-05-22,2.956,-0.000676
2009-05-25,2.963,0.002368
2009-05-26,2.953,-0.003375
2009-05-27,2.964,0.003725
2009-06-01,2.993,0.009784
2009-06-02,2.993,0.0
2009-06-03,3.025,0.010692
2009-06-04,3.024,-0.000331
2009-06-05,3.014,-0.003307
2009-06-08,3.014,0.0
2009-06-09,3.014,0.0
2009-06-10,3.022,0.002654
2009-06-11,3.014,-0.002647
2009-06-12,2.992,-0.007299
2009-06-15,3.016,0.008021
2009-06-16,3.014,-0.000663
2009-06-17,3.038,0.007963
2009-06-18,3.053,0.004937
2009-06-19,3.059,0.001965
2009-06-22,3.058,-0.000327
2009-06-23,3.057,-0.000327
2009-06-24,3.067,0.003271
2009-06-25,3.069,0.000652
2009-06-26,3.08,0.003584
2009-06-29,3.101,0.006818
2009-06-30,3.1,-0.000322
2009-07-01,3.139,0.012581
2009-07-02,3.153,0.00446
2009-07-03,3.186,0.010466
2009-07-06,3.185,-0.000314
2009-07-07,3.161,-0.007535
2009-07-08,3.177,0.005062
2009-07-09,3.191,0.004407
2009-07-10,3.194,0.00094
2009-07-13,3.176,-0.005636
2009-07-14,3.21,0.010705
2009-07-15,3.223,0.00405
2009-07-16,3.229,0.001862
2009-07-17,3.237,0.002478
2009-07-20,3.254,0.005252
2009-07-21,3.232,-0.006761
2009-07-22,3.248,0.00495
2009-07-23,3.268,0.006158
2009-07-24,3.272,0.001224
2009-07-27,3.292,0.006112
2009-07-28,3.287,-0.001519
2009-07-29,3.224,-0.019166
2009-07-30,3.245,0.006514
2009-07-31,3.283,0.01171
2009-08-03,3.295,0.003655
2009-08-04,3.297,0.000607
2009-08-05,3.281,-0.004853
2009-08-06,3.257,-0.007315
2009-08-07,3.207,-0.015352
2009-08-10,3.207,0.0
2009-08-11,3.21,0.000935
2009-08-12,3.161,-0.015265
2009-08-13,3.18,0.006011
2009-08-14,3.156,-0.007547
2009-08-17,3.071,-0.026933
2009-08-18,3.085,0.004559
2009-08-19,3.022,-0.020421
2009-08-20,3.068,0.015222
2009-08-21,3.09,0.007171
2009-08-24,3.105,0.004854
2009-08-25,3.064,-0.013205
2009-08-26,3.089,0.008159
2009-08-27,3.078,-0.003561
2009-08-28,3.036,-0.013645
2009-08-31,2.953,-0.027339
2009-09-01,2.956,0.001016
2009-09-02,2.974,0.006089
2009-09-03,3.03,0.01883
2009-09-04,3.044,0.00462
2009-09-07,3.049,0.001643
2009-09-08,3.078,0.009511
2009-09-09,3.088,0.003249
2009-09-10,3.078,-0.003238
2009-09-11,3.105,0.008772
2009-09-14,3.125,0.006441
2009-09-15,3.126,0.00032
2009-09-16,3.108,-0.005758
2009-09-17,3.125,0.00547
2009-09-18,3.09,-0.0112
2009-09-21,3.102,0.003883
2009-09-22,3.081,-0.00677
2009-09-23,3.051,-0.009737
2009-09-24,3.059,0.002622
2009-09-25,3.05,-0.002942
2009-09-28,3.024,-0.008525
2009-09-29,3.032,0.002646
2009-09-30,3.041,0.002968
2009-10-09,3.09,0.016113
2009-10-12,3.094,0.001294
2009-10-13,3.113,0.006141
2009-10-14,3.122,0.002891
2009-10-15,3.126,0.001281
2009-10-16,3.125,-0.00032
2009-10-19,3.159,0.01088
2009-10-20,3.175,0.005065
2009-10-21,3.169,-0.00189
2009-10-22,3.164,-0.001578
2009-10-23,3.184,0.006321
2009-10-26,3.186,0.000628
2009-10-27,3.154,-0.010044
2009-10-28,3.161,0.002219
2009-10-29,3.137,-0.007593
2009-10-30,3.15,0.004144
2009-11-02,3.195,0.014286
2009-11-03,3.21,0.004695
2009-11-04,3.21,0.0
2009-11-05,3.216,0.001869
2009-11-06,3.227,0.00342
2009-11-09,3.228,0.00031
2009-11-10,3.233,0.001549
2009-11-11,3.232,-0.000309
2009-11-12,3.234,0.000619
2009-11-13,3.241,0.002165
2009-11-16,3.275,0.010491
2009-11-17,3.277,0.000611
2009-11-18,3.274,-0.000915
2009-11-19,3.277,0.000916
2009-11-20,3.277,0.0
2009-11-23,3.291,0.004272
2009-11-24,3.247,-0.01337
2009-11-25,3.279,0.009855
2009-11-26,3.237,-0.012809
2009-11-27,3.206,-0.009577
2009-11-30,3.257,0.015908
2009-12-01,3.277,0.006141
2009-12-02,3.294,0.005188
2009-12-03,3.291,-0.000911
2009-12-04,3.277,-0.004254
2009-12-07,3.288,0.003357
2009-12-08,3.285,-0.000912
2009-12-09,3.264,-0.006393
2009-12-10,3.272,0.002451
2009-12-11,3.273,0.000306
2009-12-14,3.27,-0.000917
2009-12-15,3.263,-0.002141
2009-12-16,3.26,-0.000919
2009-12-17,3.225,-0.010736
2009-12-18,3.187,-0.011783
2009-12-21,3.193,0.001883
2009-12-22,3.168,-0.00783
2009-12-23,3.185,0.005366
2009-12-24,3.224,0.012245
2009-12-25,3.226,0.00062
2009-12-28,3.24,0.00434
2009-12-29,3.246,0.001852
2009-12-30,3.251,0.00154
2009-12-31,3.257,0.001846
2010-01-04,3.25,-0.002149
2010-01-05,3.257,0.002154
2010-01-06,3.251,-0.001842
2010-01-07,3.224,-0.008305
2010-01-08,3.228,0.001241
2010-01-11,3.232,0.001239
2010-01-12,3.255,0.007116
2010-01-13,3.235,-0.006144
2010-01-14,3.256,0.006491
2010-01-15,3.26,0.001229
2010-01-18,3.278,0.005521
2010-01-19,3.277,-0.000305
2010-01-20,3.232,-0.013732
2010-01-21,3.235,0.000928
2010-01-22,3.214,-0.006491
2010-01-25,3.197,-0.005289
2010-01-26,3.166,-0.009697
2010-01-27,3.158,-0.002527
2010-01-28,3.171,0.004117
2010-01-29,3.177,0.001892
2010-02-01,3.165,-0.003777
2010-02-02,3.159,-0.001896
2010-02-03,3.169,0.003166
2010-02-04,3.17,0.000316
2010-02-05,3.151,-0.005994
2010-02-08,3.149,-0.000635
2010-02-09,3.152,0.000953
2010-02-10,3.168,0.005076
2010-02-11,3.166,-0.000631
2010-02-12,3.173,0.002211
2010-02-22,3.169,-0.001261
2010-02-23,3.166,-0.000947
2010-02-24,3.188,0.006949
2010-02-25,3.205,0.005332
2010-02-26,3.206,0.000312
2010-03-01,3.215,0.002807
2010-03-02,3.21,-0.001555
2010-03-03,3.218,0.002492
2010-03-04,3.191,-0.00839
2010-03-05,3.191,0.0
2010-03-08,3.199,0.002507
2010-03-09,3.202,0.000938
2010-03-10,3.189,-0.00406
2010-03-11,3.185,-0.001254
2010-03-12,3.169,-0.005024
2010-03-15,3.156,-0.004102
2010-03-16,3.165,0.002852
2010-03-17,3.19,0.007899
2010-03-18,3.189,-0.000313
2010-03-19,3.197,0.002509
2010-03-22,3.201,0.001251
2010-03-23,3.195,-0.001874
2010-03-24,3.198,0.000939
2010-03-25,3.187,-0.00344
2010-03-26,3.2,0.004079
2010-03-29,3.223,0.007187
2010-03-30,3.228,0.001551
2010-03-31,3.226,-0.00062
2010-04-01,3.242,0.00496
2010-04-02,3.248,0.001851
2010-04-06,3.251,0.000924
2010-04-07,3.248,-0.000923
2010-04-08,3.245,-0.000924
2010-04-09,3.257,0.003698
2010-04-12,3.256,-0.000307
2010-04-13,3.258,0.000614
2010-04-14,3.265,0.002149
2010-04-15,3.257,-0.00245
2010-04-16,3.249,-0.002456
2010-04-19,3.195,-0.01662
2010-04-20,3.207,0.003756
2010-04-21,3.236,0.009043
2010-04-22,3.232,-0.001236
2010-04-23,3.221,-0.003403
2010-04-26,3.222,0.00031
2010-04-27,3.197,-0.007759
2010-04-28,3.192,-0.001564
2010-04-29,3.173,-0.005952
2010-04-30,3.168,-0.001576
2010-05-04,3.165,-0.000947
2010-05-05,3.18,0.004739
2010-05-06,3.144,-0.011321
2010-05-07,3.127,-0.005407
2010-05-10,3.115,-0.003838
2010-05-11,3.098,-0.005457
2010-05-12,3.093,-0.001614
2010-05-13,3.115,0.007113
2010-05-14,3.112,-0.000963
2010-05-17,3.072,-0.012853
2010-05-18,3.086,0.004557
2010-05-19,3.09,0.001296
2010-05-20,3.076,-0.004531
2010-05-21,3.091,0.004876
2010-05-24,3.122,0.010029
2010-05-25,3.106,-0.005125
2010-05-26,3.102,-0.001288
2010-05-27,3.114,0.003868
2010-05-28,3.115,0.000321
2010-05-31,3.094,-0.006742
2010-06-01,3.09,-0.001293
2010-06-02,3.092,0.000647
2010-06-03,3.089,-0.00097
2010-06-04,3.087,-0.000647
2010-06-07,3.08,-0.002268
2010-06-08,3.082,0.000649
2010-06-09,3.1,0.00584
2010-06-10,3.099,-0.000323
2010-06-11,3.1,0.000323
2010-06-17,3.096,-0.00129
2010-06-18,3.081,-0.004845
2010-06-21,3.101,0.006491
2010-06-22,3.103,0.000645
2010-06-23,3.099,-0.001289
2010-06-24,3.101,0.000645
2010-06-25,3.097,-0.00129
2010-06-28,3.089,-0.002583
2010-06-29,3.057,-0.010359
2010-06-30,3.052,-0.001636
2010-07-01,3.04,-0.003932
2010-07-02,3.035,-0.001645
2010-07-05,3.035,0.0
2010-07-06,3.049,0.004613
2010-07-07,3.056,0.002296
2010-07-08,3.056,0.0
2010-07-09,3.075,0.006217
2010-07-12,3.081,0.001951
2010-07-13,3.072,-0.002921
2010-07-14,3.079,0.002279
2010-07-15,3.064,-0.004872
2010-07-16,3.067,0.000979
2010-07-19,3.086,0.006195
2010-07-20,3.102,0.005185
2010-07-21,3.104,0.000645
2010-07-22,3.114,0.003222
2010-07-23,3.118,0.001285
2010-07-26,3.127,0.002886
2010-07-27,3.126,-0.00032
2010-07-28,3.146,0.006398
2010-07-29,3.148,0.000636
2010-07-30,3.145,-0.000953
2010-08-02,3.157,0.003816
2010-08-03,3.143,-0.004435
2010-08-04,3.15,0.002227
2010-08-05,3.152,0.000635
2010-08-06,3.165,0.004124
2010-08-09,3.17,0.00158
2010-08-10,3.148,-0.00694
2010-08-11,3.154,0.001906
2010-08-12,3.146,-0.002536
2010-08-13,3.158,0.003814
2010-08-16,3.174,0.005066
2010-08-17,3.179,0.001575
2010-08-18,3.176,-0.000944
2010-08-19,3.176,0.0
2010-08-20,3.161,-0.004723
2010-08-23,3.163,0.000633
2010-08-24,3.169,0.001897
2010-08-25,3.159,-0.003156
2010-08-26,3.161,0.000633
2010-08-27,3.167,0.001898
2010-08-30,3.186,0.005999
2010-08-31,3.192,0.001883
2010-09-01,3.186,-0.00188
2010-09-02,3.201,0.004708
2010-09-03,3.202,0.000312
2010-09-06,3.209,0.002186
2010-09-07,3.214,0.001558
2010-09-08,3.214,0.0
2010-09-09,3.204,-0.003111
2010-09-10,3.211,0.002185
2010-09-13,3.221,0.003114
2010-09-14,3.224,0.000931
2010-09-15,3.212,-0.003722
2010-09-16,3.196,-0.004981
2010-09-17,3.204,0.002503
2010-09-20,3.202,-0.000624
2010-09-21,3.2,-0.000625
2010-09-27,3.217,0.005313
2010-09-28,3.216,-0.000311
2010-09-29,3.204,-0.003731
2010-09-30,3.216,0.003745
2010-10-08,3.24,0.007463
2010-10-11,3.245,0.001543
2010-10-12,3.246,0.000308
2010-10-13,3.254,0.002465
2010-10-14,3.228,-0.00799
2010-10-15,3.229,0.00031
2010-10-18,3.215,-0.004336
2010-10-19,3.241,0.008087
2010-10-20,3.252,0.003394
2010-10-21,3.247,-0.001538
2010-10-22,3.255,0.002464
2010-10-25,3.277,0.006759
2010-10-26,3.27,-0.002136
2010-10-27,3.258,-0.00367
2010-10-28,3.262,0.001228
2010-10-29,3.267,0.001533
2010-11-01,3.291,0.007346
2010-11-02,3.28,-0.003342
2010-11-03,3.267,-0.003963
2010-11-04,3.284,0.005204
2010-11-05,3.298,0.004263
2010-11-08,3.31,0.003639
2010-11-09,3.316,0.001813
2010-11-10,3.312,-0.001206
2010-11-11,3.309,-0.000906
2010-11-12,3.255,-0.016319
2010-11-15,3.269,0.004301
2010-11-16,3.258,-0.003365
2010-11-17,3.229,-0.008901
2010-11-18,3.236,0.002168
2010-11-19,3.257,0.006489
2010-11-22,3.267,0.00307
2010-11-23,3.252,-0.004591
2010-11-24,3.273,0.006458
2010-11-25,3.284,0.003361
2010-11-26,3.279,-0.001523
2010-11-29,3.286,0.002135
2010-11-30,3.275,-0.003348
2010-12-01,3.274,-0.000305
2010-12-02,3.274,0.0
2010-12-03,3.271,-0.000916
2010-12-06,3.258,-0.003974
2010-12-07,3.274,0.004911
2010-12-08,3.274,0.0
2010-12-09,3.258,-0.004887
2010-12-10,3.27,0.003683
2010-12-13,3.304,0.010398
2010-12-14,3.315,0.003329
2010-12-15,3.31,-0.001508
2010-12-16,3.309,-0.000302
2010-12-17,3.317,0.002418
2010-12-20,3.312,-0.001507
2010-12-21,3.317,0.00151
2010-12-22,3.313,-0.001206
2010-12-23,3.292,-0.006339
2010-12-24,3.275,-0.005164
2010-12-27,3.256,-0.005802
2010-12-28,3.244,-0.003686
2010-12-29,3.258,0.004316
2010-12-30,3.269,0.003376
2010-12-31,3.287,0.005506
2011-01-04,3.307,0.006085
2011-01-05,3.31,0.000907
2011-01-06,3.303,-0.002115
2011-01-07,3.295,-0.002422
2011-01-10,3.275,-0.00607
2011-01-11,3.264,-0.003359
2011-01-12,3.263,-0.000306
2011-01-13,3.268,0.001532
2011-01-14,3.254,-0.004284
2011-01-17,3.22,-0.010449
2011-01-18,3.223,0.000932
2011-01-19,3.248,0.007757
2011-01-20,3.221,-0.008313
2011-01-21,3.226,0.001552
2011-01-24,3.215,-0.00341
2011-01-25,3.207,-0.002488
2011-01-26,3.228,0.006548
2011-01-27,3.251,0.007125
2011-01-28,3.255,0.00123
2011-01-31,3.269,0.004301
2011-02-01,3.266,-0.000918
2011-02-09,3.263,-0.000919
2011-02-10,3.279,0.004903
2011-02-11,3.283,0.00122
2011-02-14,3.305,0.006701
2011-02-15,3.306,0.000303
2011-02-16,3.326,0.00605
2011-02-17,3.334,0.002405
2011-02-18,3.318,-0.004799
2011-02-21,3.34,0.006631
2011-02-22,3.313,-0.008084
2011-02-23,3.32,0.002113
2011-02-24,3.325,0.001506
2011-02-25,3.324,-0.000301
2011-02-28,3.339,0.004513
2011-03-01,3.342,0.000898
2011-03-02,3.332,-0.002992
2011-03-03,3.316,-0.004802
2011-03-04,3.329,0.00392
2011-03-07,3.343,0.004205
2011-03-08,3.338,-0.001496
2011-03-09,3.342,0.001198
2011-03-10,3.328,-0.004189
2011-03-11,3.32,-0.002404
2011-03-14,3.33,0.003012
2011-03-15,3.32,-0.003003
2011-03-16,3.329,0.002711
2011-03-17,3.309,-0.006008
2011-03-18,3.312,0.000907
2011-03-21,3.308,-0.001208
2011-03-22,3.309,0.000302
2011-03-23,3.319,0.003022
2011-03-24,3.317,-0.000603
2011-03-25,3.326,0.002713
2011-03-28,3.32,-0.001804
2011-03-29,3.308,-0.003614
2011-03-30,3.296,-0.003628
2011-03-31,3.289,-0.002124
2011-04-01,3.3,0.003344
2011-04-06,3.299,-0.000303
2011-04-07,3.303,0.001212
2011-04-08,3.312,0.002725
2011-04-11,3.298,-0.004227
2011-04-12,3.298,0.0
2011-04-13,3.31,0.003639
2011-04-14,3.308,-0.000604
2011-04-15,3.312,0.001209
2011-04-18,3.309,-0.000906
2011-04-19,3.292,-0.005138
2011-04-20,3.293,0.000304
2011-04-21,3.297,0.001215
2011-04-22,3.294,-0.00091
2011-04-25,3.282,-0.003643
2011-04-26,3.276,-0.001828
2011-04-27,3.269,-0.002137
2011-04-28,3.247,-0.00673
2011-04-29,3.261,0.004312
2011-05-03,3.276,0.0046
2011-05-04,3.259,-0.005189
2011-05-05,3.259,0.0
2011-05-06,3.262,0.000921
2011-05-09,3.265,0.00092
2011-05-10,3.27,0.001531
2011-05-11,3.273,0.000917
2011-05-12,3.263,-0.003055
2011-05-13,3.267,0.001226
2011-05-16,3.265,-0.000612
2011-05-17,3.261,-0.001225
2011-05-18,3.267,0.00184
2011-05-19,3.26,-0.002143
2011-05-20,3.257,-0.00092
2011-05-23,3.229,-0.008597
2011-05-24,3.228,-0.00031
2011-05-25,3.218,-0.003098
2011-05-26,3.209,-0.002797
2011-05-27,3.196,-0.004051
2011-05-30,3.19,-0.001877
2011-05-31,3.202,0.003762
2011-06-01,3.21,0.002498
2011-06-02,3.198,-0.003738
2011-06-03,3.208,0.003127
2011-06-07,3.213,0.001559
2011-06-08,3.216,0.000934
2011-06-09,3.198,-0.005597
2011-06-10,3.202,0.001251
2011-06-13,3.198,-0.001249
2011-06-14,3.208,0.003127
2011-06-15,3.199,-0.002805
2011-06-16,3.182,-0.005314
2011-06-17,3.174,-0.002514
2011-06-20,3.167,-0.002205
2011-06-21,3.177,0.003158
2011-06-22,3.175,-0.00063
2011-06-23,3.187,0.00378
2011-06-24,3.207,0.006275
2011-06-27,3.216,0.002806
2011-06-28,3.218,0.000622
2011-06-29,3.207,-0.003418
2011-06-30,3.222,0.004677
2011-07-01,3.224,0.000621
2011-07-04,3.241,0.005273
2011-07-05,3.245,0.001234
2011-07-06,3.246,0.000308
2011-07-07,3.245,-0.000308
2011-07-08,3.245,0.0
2011-07-11,3.247,0.000616
2011-07-12,3.234,-0.004004
2011-07-13,3.245,0.003401
2011-07-14,3.246,0.000308
2011-07-15,3.252,0.001848
2011-07-18,3.256,0.00123
2011-07-19,3.247,-0.002764
2011-07-20,3.246,-0.000308
2011-07-21,3.235,-0.003389
2011-07-22,3.238,0.000927
2011-07-25,3.214,-0.007412
2011-07-26,3.219,0.001556
2011-07-27,3.23,0.003417
2011-07-28,3.227,-0.000929
2011-07-29,3.216,-0.003409
2011-08-01,3.217,0.000311
2011-08-02,3.209,-0.002487
2011-08-03,3.211,0.000623
2011-08-04,3.213,0.000623
2011-08-05,3.201,-0.003735
2011-08-08,3.175,-0.008122
2011-08-09,3.178,0.000945
2011-08-10,3.188,0.003147
2011-08-11,3.199,0.00345
2011-08-12,3.203,0.00125
2011-08-15,3.213,0.003122
2011-08-16,3.21,-0.000934
2011-08-17,3.205,-0.001558
2011-08-18,3.191,-0.004368
2011-08-19,3.182,-0.00282
2011-08-22,3.173,-0.002828
2011-08-23,3.184,0.003467
2011-08-24,3.184,0.0
2011-08-25,3.201,0.005339
2011-08-26,3.199,-0.000625
2011-08-29,3.188,-0.003439
2011-08-30,3.184,-0.001255
2011-08-31,3.181,-0.000942
2011-09-01,3.176,-0.001572
2011-09-02,3.17,-0.001889
2011-09-05,3.155,-0.004732
2011-09-06,3.15,-0.001585
2011-09-07,3.164,0.004444
2011-09-08,3.158,-0.001896
2011-09-09,3.156,-0.000633
2011-09-13,3.146,-0.003169
2011-09-14,3.152,0.001907
2011-09-15,3.152,0.0
2011-09-16,3.154,0.000635
2011-09-19,3.142,-0.003805
2011-09-20,3.145,0.000955
2011-09-21,3.162,0.005405
2011-09-22,3.144,-0.005693
2011-09-23,3.139,-0.00159
2011-09-26,3.127,-0.003823
2011-09-27,3.13,0.000959
2011-09-28,3.123,-0.002236
2011-09-29,3.107,-0.005123
2011-09-30,3.104,-0.000966
2011-10-10,3.098,-0.001933
2011-10-11,3.095,-0.000968
2011-10-12,3.115,0.006462
2011-10-13,3.121,0.001926
2011-10-14,3.116,-0.001602
2011-10-17,3.118,0.000642
2011-10-18,3.1,-0.005773
2011-10-19,3.096,-0.00129
2011-10-20,3.073,-0.007429
2011-10-21,3.067,-0.001952
2011-10-24,3.08,0.004239
2011-10-25,3.099,0.006169
2011-10-26,3.109,0.003227
2011-10-27,3.112,0.000965
2011-10-28,3.127,0.00482
2011-10-31,3.13,0.000959
2011-11-01,3.132,0.000639
2011-11-02,3.145,0.004151
2011-11-03,3.149,0.001272
2011-11-04,3.156,0.002223
2011-11-07,3.15,-0.001901
2011-11-08,3.145,-0.001587
2011-11-09,3.157,0.003816
2011-11-10,3.146,-0.003484
2011-11-11,3.145,-0.000318
2011-11-14,3.164,0.006041
2011-11-15,3.168,0.001264
2011-11-16,3.143,-0.007891
2011-11-17,3.141,-0.000636
2011-11-18,3.119,-0.007004
2011-11-21,3.119,0.0
2011-11-22,3.12,0.000321
2011-11-23,3.116,-0.001282
2011-11-24,3.116,0.0
2011-11-25,3.109,-0.002246
2011-11-28,3.111,0.000643
2011-11-29,3.124,0.004179
2011-11-30,3.095,-0.009283
2011-12-01,3.113,0.005816
2011-12-02,3.098,-0.004819
2011-12-05,3.075,-0.007424
2011-12-06,3.074,-0.000325
2011-12-07,3.075,0.000325
2011-12-08,3.075,0.0
2011-12-09,3.067,-0.002602
2011-12-12,3.057,-0.003261
2011-12-13,3.033,-0.007851
2011-12-14,3.024,-0.002967
2011-12-15,3.005,-0.006283
2011-12-16,3.024,0.006323
2011-12-19,3.027,0.000992
2011-12-20,3.024,-0.000991
2011-12-21,3.007,-0.005622
2011-12-22,3.001,-0.001995
2011-12-23,3.01,0.002999
2011-12-26,3.003,-0.002326
2011-12-27,2.987,-0.005328
2011-12-28,2.982,-0.001674
2011-12-29,2.984,0.000671
2011-12-30,2.997,0.004357
2011-12-31,2.997,0.0
2012-01-04,2.981,-0.005339
2012-01-05,2.958,-0.007716
2012-01-06,2.959,0.000338
2012-01-09,2.981,0.007435
2012-01-10,3.006,0.008386
2012-01-11,3.006,0.0
2012-01-12,3.003,-0.000998
2012-01-13,2.981,-0.007326
2012-01-16,2.959,-0.00738
2012-01-17,2.992,0.011152
2012-01-18,2.979,-0.004345
2012-01-19,2.988,0.003021
2012-01-20,3.0,0.004016
2012-01-30,2.993,-0.002333
2012-01-31,2.992,-0.000334
2012-02-01,2.985,-0.00234
2012-02-02,2.999,0.00469
2012-02-03,3.006,0.002334
2012-02-06,3.006,0.0
2012-02-07,2.997,-0.002994
2012-02-08,3.012,0.005005
2012-02-09,3.013,0.000332
2012-02-10,3.016,0.000996
2012-02-13,3.02,0.001326
2012-02-14,3.02,0.0
2012-02-15,3.029,0.00298
2012-02-16,3.026,-0.00099
2012-02-17,3.026,0.0
2012-02-20,3.027,0.00033
2012-02-21,3.034,0.002313
2012-02-22,3.047,0.004285
2012-02-23,3.048,0.000328
2012-02-24,3.057,0.002953
2012-02-27,3.058,0.000327
2012-02-28,3.057,-0.000327
2012-02-29,3.047,-0.003271
2012-03-01,3.049,0.000656
2012-03-02,3.062,0.004264
2012-03-05,3.058,-0.001306
2012-03-06,3.051,-0.002289
2012-03-07,3.05,-0.000328
2012-03-08,3.058,0.002623
2012-03-09,3.067,0.002943
2012-03-12,3.069,0.000652
2012-03-13,3.078,0.002933
2012-03-14,3.054,-0.007797
2012-03-15,3.05,-0.00131
2012-03-16,3.064,0.00459
2012-03-19,3.066,0.000653
2012-03-20,3.05,-0.005219
2012-03-21,3.047,-0.000984
2012-03-22,3.044,-0.000985
2012-03-23,3.035,-0.002957
2012-03-26,3.036,0.000329
2012-03-27,3.033,-0.000988
2012-03-28,3.011,-0.007254
2012-03-29,3.003,-0.002657
2012-03-30,3.005,0.000666
2012-03-31,3.005,0.0
2012-04-05,3.023,0.00599
2012-04-06,3.028,0.001654
2012-04-09,3.019,-0.002972
2012-04-10,3.025,0.001987
2012-04-11,3.027,0.000661
2012-04-12,3.041,0.004625
2012-04-13,3.044,0.000987
2012-04-16,3.045,0.000329
2012-04-17,3.034,-0.003612
2012-04-18,3.05,0.005274
2012-04-19,3.05,0.0
2012-04-20,3.056,0.001967
2012-04-23,3.049,-0.002291
2012-04-24,3.046,-0.000984
2012-04-25,3.05,0.001313
2012-04-26,3.05,0.0
2012-04-27,3.046,-0.001311
2012-05-02,3.058,0.00394
2012-05-03,3.062,0.001308
2012-05-04,3.067,0.001633
2012-05-07,3.072,0.00163
2012-05-08,3.071,-0.000326
2012-05-09,3.062,-0.002931
2012-05-10,3.06,-0.000653
2012-05-11,3.056,-0.001307
2012-05-14,3.055,-0.000327
2012-05-15,3.06,0.001637
2012-05-16,3.049,-0.003595
2012-05-17,3.059,0.00328
2012-05-18,3.048,-0.003596
2012-05-21,3.05,0.000656
2012-05-22,3.062,0.003934
2012-05-23,3.063,0.000327
2012-05-24,3.057,-0.001959
2012-05-25,3.049,-0.002617
2012-05-28,3.06,0.003608
2012-05-29,3.071,0.003595
2012-05-30,3.07,-0.000326
2012-05-31,3.07,0.0
2012-06-01,3.07,0.0
2012-06-04,3.052,-0.005863
2012-06-05,3.052,0.0
2012-06-06,3.05,-0.000655
2012-06-07,3.048,-0.000656
2012-06-08,3.046,-0.000656
2012-06-11,3.062,0.005253
2012-06-12,3.065,0.00098
2012-06-13,3.08,0.004894
2012-06-14,3.075,-0.001623
2012-06-15,3.069,-0.001951
2012-06-18,3.073,0.001303
2012-06-19,3.064,-0.002929
2012-06-20,3.061,-0.000979
2012-06-21,3.053,-0.002614
2012-06-25,3.036,-0.005568
2012-06-26,3.039,0.000988
2012-06-27,3.04,0.000329
2012-06-28,3.035,-0.001645
2012-06-29,3.044,0.002965
2012-06-30,3.044,0.0
2012-07-02,3.049,0.001643
2012-07-03,3.048,-0.000328
2012-07-04,3.043,-0.00164
2012-07-05,3.035,-0.002629
2012-07-06,3.051,0.005272
2012-07-09,3.04,-0.003605
2012-07-10,3.033,-0.002303
2012-07-11,3.038,0.001649
2012-07-12,3.048,0.003292
2012-07-13,3.049,0.000328
2012-07-16,3.027,-0.007215
2012-07-17,3.03,0.000991
2012-07-18,3.03,0.0
2012-07-19,3.036,0.00198
2012-07-20,3.028,-0.002635
2012-07-23,3.021,-0.002312
2012-07-24,3.025,0.001324
2012-07-25,3.021,-0.001322
2012-07-26,3.015,-0.001986
2012-07-27,3.012,-0.000995
2012-07-30,3.006,-0.001992
2012-07-31,3.007,0.000333
2012-08-01,3.016,0.002993
2012-08-02,3.009,-0.002321
2012-08-03,3.013,0.001329
2012-08-06,3.023,0.003319
2012-08-07,3.022,-0.000331
2012-08-08,3.022,0.0
2012-08-09,3.031,0.002978
2012-08-10,3.028,-0.00099
2012-08-13,3.015,-0.004293
2012-08-14,3.018,0.000995
2012-08-15,3.015,-0.000994
2012-08-16,3.012,-0.000995
2012-08-17,3.008,-0.001328
2012-08-20,3.008,0.0
2012-08-21,3.015,0.002327
2012-08-22,3.01,-0.001658
2012-08-23,3.011,0.000332
2012-08-24,3.005,-0.001993
2012-08-27,2.994,-0.003661
2012-08-28,2.994,0.0
2012-08-29,2.99,-0.001336
2012-08-30,2.984,-0.002007
2012-08-31,2.986,0.00067
2012-09-03,2.999,0.004354
2012-09-04,2.995,-0.001334
2012-09-05,2.997,0.000668
2012-09-06,3.001,0.001335
2012-09-07,3.024,0.007664
2012-09-10,3.028,0.001323
2012-09-11,3.023,-0.001651
2012-09-12,3.026,0.000992
2012-09-13,3.02,-0.001983
2012-09-14,3.018,-0.000662
2012-09-17,3.002,-0.005302
2012-09-18,3.001,-0.000333
2012-09-19,3.005,0.001333
2012-09-20,2.992,-0.004326
2012-09-21,2.99,-0.000668
2012-09-24,2.996,0.002007
2012-09-25,2.994,-0.000668
2012-09-26,2.985,-0.003006
2012-09-27,3.001,0.00536
2012-09-28,3.011,0.003332
2012-09-30,3.011,0.0
2012-10-08,3.007,-0.001328
2012-10-09,3.023,0.005321
2012-10-10,3.025,0.000662
2012-10-11,3.017,-0.002645
2012-10-12,3.015,-0.000663
2012-10-15,3.014,-0.000332
2012-10-16,3.016,0.000664
2012-10-17,3.015,-0.000332
2012-10-18,3.028,0.004312
2012-10-19,3.027,-0.00033
2012-10-22,3.029,0.000661
2012-10-23,3.02,-0.002971
2012-10-24,3.018,-0.000662
2012-10-25,3.009,-0.002982
2012-10-26,3.001,-0.002659
2012-10-29,3.0,-0.000333
2012-10-30,3.003,0.001
2012-10-31,3.009,0.001998
2012-11-01,3.019,0.003323
2012-11-02,3.021,0.000662
2012-11-05,3.017,-0.001324
2012-11-06,3.015,-0.000663
2012-11-07,3.012,-0.000995
2012-11-08,3.001,-0.003652
2012-11-09,2.998,-0.001
2012-11-12,2.999,0.000334
2012-11-13,2.99,-0.003001
2012-11-14,2.991,0.000334
2012-11-15,2.986,-0.001672
2012-11-16,2.982,-0.00134
2012-11-19,2.982,0.0
2012-11-20,2.979,-0.001006
2012-11-21,2.985,0.002014
2012-11-22,2.98,-0.001675
2012-11-23,2.983,0.001007
2012-11-26,2.976,-0.002347
2012-11-27,2.966,-0.00336
2012-11-28,2.96,-0.002023
2012-11-29,2.956,-0.001351
2012-11-30,2.962,0.00203
2012-12-03,2.956,-0.002026
2012-12-04,2.963,0.002368
2012-12-05,2.983,0.00675
2012-12-06,2.98,-0.001006
2012-12-07,2.989,0.00302
2012-12-10,2.997,0.002676
2012-12-11,2.995,-0.000667
2012-12-12,2.995,0.0
2012-12-13,2.99,-0.001669
2012-12-14,3.015,0.008361
2012-12-17,3.013,-0.000663
2012-12-18,3.011,-0.000664
2012-12-19,3.014,0.000996
2012-12-20,3.02,0.001991
2012-12-21,3.021,0.000331
2012-12-24,3.025,0.001324
2012-12-25,3.039,0.004628
2012-12-26,3.045,0.001974
2012-12-27,3.042,-0.000985
2012-12-28,3.05,0.00263
2012-12-31,3.062,0.003934
2013-01-04,3.059,-0.00098
2013-01-07,3.065,0.001961
2013-01-08,3.067,0.000653
2013-01-09,3.069,0.000652
2013-01-10,3.07,0.000326
2013-01-11,3.059,-0.003583
2013-01-14,3.086,0.008826
2013-01-15,3.094,0.002592
2013-01-16,3.089,-0.001616
2013-01-17,3.084,-0.001619
2013-01-18,3.098,0.00454
2013-01-21,3.103,0.001614
2013-01-22,3.095,-0.002578
2013-01-23,3.098,0.000969
2013-01-24,3.089,-0.002905
2013-01-25,3.09,0.000324
2013-01-28,3.112,0.00712
2013-01-29,3.117,0.001607
2013-01-30,3.118,0.000321
2013-01-31,3.114,-0.001283
2013-02-01,3.126,0.003854
2013-02-04,3.121,-0.001599
2013-02-05,3.128,0.002243
2013-02-06,3.132,0.001279
2013-02-07,3.136,0.001277
2013-02-08,3.146,0.003189
2013-02-18,3.14,-0.001907
2013-02-19,3.124,-0.005096
2013-02-20,3.137,0.004161
2013-02-21,3.12,-0.005419
2013-02-22,3.116,-0.001282
2013-02-25,3.122,0.001926
2013-02-26,3.114,-0.002562
2013-02-27,3.115,0.000321
2013-02-28,3.133,0.005778
2013-03-01,3.139,0.001915
2013-03-04,3.112,-0.008601
2013-03-05,3.131,0.006105
2013-03-06,3.141,0.003194
2013-03-07,3.132,-0.002865
2013-03-08,3.125,-0.002235
2013-03-11,3.126,0.00032
2013-03-12,3.114,-0.003839
2013-03-13,3.107,-0.002248
2013-03-14,3.112,0.001609
2013-03-15,3.116,0.001285
2013-03-18,3.113,-0.000963
2013-03-19,3.114,0.000321
2013-03-20,3.135,0.006744
2013-03-21,3.142,0.002233
2013-03-22,3.142,0.0
2013-03-25,3.141,-0.000318
2013-03-26,3.141,0.0
2013-03-27,3.142,0.000318
2013-03-28,3.126,-0.005092
2013-03-29,3.125,-0.00032
2013-04-01,3.128,0.00096
2013-04-02,3.117,-0.003517
2013-04-03,3.11,-0.002246
2013-04-08,3.115,0.001608
2013-04-09,3.118,0.000963
2013-04-10,3.113,-0.001604
2013-04-11,3.111,-0.000642
2013-04-12,3.108,-0.000964
2013-04-15,3.102,-0.001931
2013-04-16,3.11,0.002579
2013-04-17,3.117,0.002251
2013-04-18,3.118,0.000321
2013-04-19,3.133,0.004811
2013-04-22,3.137,0.001277
2013-04-23,3.118,-0.006057
2013-04-24,3.135,0.005452
2013-04-25,3.126,-0.002871
2013-04-26,3.117,-0.002879
2013-05-02,3.125,0.002567
2013-05-03,3.136,0.00352
2013-05-06,3.145,0.00287
2013-05-07,3.145,0.0
2013-05-08,3.153,0.002544
2013-05-09,3.151,-0.000634
2013-05-10,3.155,0.001269
2013-05-13,3.155,0.0
2013-05-14,3.145,-0.00317
2013-05-15,3.155,0.00318
2013-05-16,3.167,0.003803
2013-05-17,3.18,0.004105
2013-05-20,3.188,0.002516
2013-05-21,3.192,0.001255
2013-05-22,3.185,-0.002193
2013-05-23,3.182,-0.000942
2013-05-24,3.189,0.0022
2013-05-27,3.196,0.002195
2013-05-28,3.201,0.001564
2013-05-29,3.204,0.000937
2013-05-30,3.205,0.000312
2013-05-31,3.2,-0.00156
2013-06-03,3.193,-0.002188
2013-06-04,3.176,-0.005324
2013-06-05,3.18,0.001259
2013-06-06,3.171,-0.00283
2013-06-07,3.16,-0.003469
2013-06-13,3.146,-0.00443
2013-06-14,3.161,0.004768
2013-06-17,3.161,0.0
2013-06-18,3.165,0.001265
2013-06-19,3.161,-0.001264
2013-06-20,3.136,-0.007909
2013-06-21,3.135,-0.000319
2013-06-24,3.095,-0.012759
2013-06-25,3.101,0.001939
2013-06-26,3.118,0.005482
2013-06-27,3.109,-0.002886
2013-06-28,3.113,0.001287
2013-06-30,3.113,0.0
2013-07-01,3.13,0.005461
2013-07-02,3.143,0.004153
2013-07-03,3.143,0.0
2013-07-04,3.143,0.0
2013-07-05,3.139,-0.001273
2013-07-08,3.117,-0.007009
2013-07-09,3.115,-0.000642
2013-07-10,3.134,0.0061
2013-07-11,3.156,0.00702
2013-07-12,3.153,-0.000951
2013-07-15,3.174,0.00666
2013-07-16,3.179,0.001575
2013-07-17,3.166,-0.004089
2013-07-18,3.164,-0.000632
2013-07-19,3.15,-0.004425
2013-07-22,3.164,0.004444
2013-07-23,3.187,0.007269
2013-07-24,3.193,0.001883
2013-07-25,3.176,-0.005324
2013-07-26,3.173,-0.000945
2013-07-29,3.158,-0.004727
2013-07-30,3.155,-0.00095
2013-07-31,3.155,0.0
2013-08-01,3.181,0.008241
2013-08-02,3.182,0.000314
2013-08-05,3.195,0.004085
2013-08-06,3.2,0.001565
2013-08-07,3.192,-0.0025
2013-08-08,3.194,0.000627
2013-08-09,3.195,0.000313
2013-08-12,3.202,0.002191
2013-08-13,3.201,-0.000312
2013-08-14,3.197,-0.00125
2013-08-15,3.185,-0.003754
2013-08-16,3.174,-0.003454
2013-08-19,3.186,0.003781
2013-08-20,3.183,-0.000942
2013-08-21,3.182,-0.000314
2013-08-22,3.185,0.000943
2013-08-23,3.184,-0.000314
2013-08-26,3.199,0.004711
2013-08-27,3.201,0.000625
2013-08-28,3.187,-0.004374
2013-08-29,3.187,0.0
2013-08-30,3.176,-0.003452
2013-09-02,3.187,0.003463
2013-09-03,3.201,0.004393
2013-09-04,3.198,-0.000937
2013-09-05,3.201,0.000938
2013-09-06,3.205,0.00125
2013-09-09,3.213,0.002496
2013-09-10,3.213,0.0
2013-09-11,3.207,-0.001867
2013-09-12,3.208,0.000312
2013-09-13,3.214,0.00187
2013-09-16,3.217,0.000933
2013-09-17,3.21,-0.002176
2013-09-18,3.215,0.001558
2013-09-23,3.232,0.005288
2013-09-24,3.233,0.000309
2013-09-25,3.228,-0.001547
2013-09-26,3.222,-0.001859
2013-09-27,3.226,0.001241
2013-09-30,3.232,0.00186
2013-10-08,3.244,0.003713
2013-10-09,3.254,0.003083
2013-10-10,3.253,-0.000307
2013-10-11,3.265,0.003689
2013-10-14,3.27,0.001531
2013-10-15,3.268,-0.000612
2013-10-16,3.249,-0.005814
2013-10-17,3.246,-0.000923
2013-10-18,3.253,0.002157
2013-10-21,3.277,0.007378
2013-10-22,3.27,-0.002136
2013-10-23,3.248,-0.006728
2013-10-24,3.242,-0.001847
2013-10-25,3.222,-0.006169
2013-10-28,3.221,-0.00031
2013-10-29,3.209,-0.003726
2013-10-30,3.224,0.004674
2013-10-31,3.205,-0.005893
2013-11-01,3.202,-0.000936
2013-11-04,3.205,0.000937
2013-11-05,3.212,0.002184
2013-11-06,3.2,-0.003736
2013-11-07,3.186,-0.004375
2013-11-08,3.178,-0.002511
2013-11-11,3.186,0.002517
2013-11-12,3.19,0.001255
2013-11-13,3.174,-0.005016
2013-11-14,3.188,0.004411
2013-11-15,3.203,0.004705
2013-11-18,3.219,0.004995
2013-11-19,3.214,-0.001553
2013-11-20,3.217,0.000933
2013-11-21,3.211,-0.001865
2013-11-22,3.206,-0.001557
2013-11-25,3.207,0.000312
2013-11-26,3.21,0.000935
2013-11-27,3.218,0.002492
2013-11-28,3.227,0.002797
2013-11-29,3.232,0.001549
2013-12-02,3.2,-0.009901
2013-12-03,3.215,0.004687
2013-12-04,3.225,0.00311
2013-12-05,3.221,-0.00124
2013-12-06,3.218,-0.000931
2013-12-09,3.225,0.002175
2013-12-10,3.224,-0.00031
2013-12-11,3.22,-0.001241
2013-12-12,3.224,0.001242
2013-12-13,3.227,0.000931
2013-12-16,3.215,-0.003719
2013-12-17,3.206,-0.002799
2013-12-18,3.206,0.0
2013-12-19,3.197,-0.002807
2013-12-20,3.19,-0.00219
2013-12-23,3.192,0.000627
2013-12-24,3.199,0.002193
2013-12-25,3.207,0.002501
2013-12-26,3.195,-0.003742
2013-12-27,3.208,0.004069
2013-12-30,3.21,0.000623
2013-12-31,3.213,0.000935
2014-01-02,3.216,0.000934
2014-01-03,3.213,-0.000933
2014-01-06,3.194,-0.005913
2014-01-07,3.199,0.001565
2014-01-08,3.206,0.002188
2014-01-09,3.192,-0.004367
2014-01-10,3.183,-0.00282
2014-01-13,3.18,-0.000943
2014-01-14,3.193,0.004088
2014-01-15,3.198,0.001566
2014-01-16,3.195,-0.000938
2014-01-17,3.186,-0.002817
2014-01-20,3.176,-0.003139
2014-01-21,3.184,0.002519
2014-01-22,3.2,0.005025
2014-01-23,3.209,0.002812
2014-01-24,3.216,0.002181
2014-01-27,3.21,-0.001866
2014-01-28,3.207,-0.000935
2014-01-29,3.215,0.002495
2014-01-30,3.213,-0.000622
2014-02-07,3.224,0.003424
2014-02-10,3.245,0.006514
2014-02-11,3.239,-0.001849
2014-02-12,3.243,0.001235
2014-02-13,3.229,-0.004317
2014-02-14,3.242,0.004026
2014-02-17,3.255,0.00401
2014-02-18,3.25,-0.001536
2014-02-19,3.249,-0.000308
2014-02-20,3.243,-0.001847
2014-02-21,3.241,-0.000617
2014-02-24,3.237,-0.001234
2014-02-25,3.211,-0.008032
2014-02-26,3.208,-0.000934
2014-02-27,3.201,-0.002182
2014-02-28,3.211,0.003124
2014-03-03,3.221,0.003114
2014-03-04,3.211,-0.003105
2014-03-05,3.207,-0.001246
2014-03-06,3.203,-0.001247
2014-03-07,3.205,0.000624
2014-03-10,3.191,-0.004368
2014-03-11,3.189,-0.000627
2014-03-12,3.187,-0.000627
2014-03-13,3.197,0.003138
2014-03-14,3.192,-0.001564
2014-03-17,3.202,0.003133
2014-03-18,3.201,-0.000312
2014-03-19,3.189,-0.003749
2014-03-20,3.169,-0.006272
2014-03-21,3.181,0.003787
2014-03-24,3.181,0.0
2014-03-25,3.182,0.000314
2014-03-26,3.185,0.000943
2014-03-27,3.173,-0.003768
2014-03-28,3.159,-0.004412
2014-03-31,3.158,-0.000317
2014-04-01,3.168,0.003167
2014-04-02,3.164,-0.001263
2014-04-03,3.16,-0.001264
2014-04-04,3.169,0.002848
2014-04-08,3.183,0.004418
2014-04-09,3.189,0.001885
2014-04-10,3.194,0.001568
2014-04-11,3.193,-0.000313
2014-04-14,3.198,0.001566
2014-04-15,3.188,-0.003127
2014-04-16,3.188,0.0
2014-04-17,3.186,-0.000627
2014-04-18,3.187,0.000314
2014-04-21,3.179,-0.00251
2014-04-22,3.172,-0.002202
2014-04-23,3.168,-0.001261
2014-04-24,3.166,-0.000631
2014-04-25,3.151,-0.004738
2014-04-28,3.132,-0.00603
2014-04-29,3.145,0.004151
2014-04-30,3.154,0.002862
2014-05-05,3.161,0.002219
2014-05-06,3.165,0.001265
2014-05-07,3.152,-0.004107
2014-05-08,3.151,-0.000317
2014-05-09,3.144,-0.002222
2014-05-12,3.158,0.004453
2014-05-13,3.159,0.000317
2014-05-14,3.158,-0.000317
2014-05-15,3.146,-0.0038
2014-05-16,3.143,-0.000954
2014-05-19,3.137,-0.001909
2014-05-20,3.141,0.001275
2014-05-21,3.149,0.002547
2014-05-22,3.148,-0.000318
2014-05-23,3.155,0.002224
2014-05-26,3.161,0.001902
2014-05-27,3.158,-0.000949
2014-05-28,3.169,0.003483
2014-05-29,3.162,-0.002209
2014-05-30,3.162,0.0
2014-06-03,3.158,-0.001265
2014-06-04,3.156,-0.000633
2014-06-05,3.169,0.004119
2014-06-06,3.165,-0.001262
2014-06-09,3.159,-0.001896
2014-06-10,3.17,0.003482
2014-06-11,3.177,0.002208
2014-06-12,3.176,-0.000315
2014-06-13,3.183,0.002204
2014-06-16,3.191,0.002513
2014-06-17,3.182,-0.00282
2014-06-18,3.177,-0.001571
2014-06-19,3.153,-0.007554
2014-06-20,3.161,0.002537
2014-06-23,3.165,0.001265
2014-06-24,3.169,0.001264
2014-06-25,3.165,-0.001262
2014-06-26,3.176,0.003476
2014-06-27,3.177,0.000315
2014-06-30,3.181,0.001259
2014-07-01,3.183,0.000629
2014-07-02,3.183,0.0
2014-07-03,3.187,0.001257
2014-07-04,3.187,0.0
2014-07-07,3.183,-0.001255
2014-07-08,3.188,0.001571
2014-07-09,3.178,-0.003137
2014-07-10,3.175,-0.000944
2014-07-11,3.177,0.00063
2014-07-14,3.184,0.002203
2014-07-15,3.183,-0.000314
2014-07-16,3.176,-0.002199
2014-07-17,3.172,-0.001259
2014-07-18,3.173,0.000315
2014-07-21,3.172,-0.000315
2014-07-22,3.179,0.002207
2014-07-23,3.172,-0.002202
2014-07-24,3.175,0.000946
2014-07-25,3.181,0.00189
2014-07-28,3.193,0.003772
2014-07-29,3.196,0.00094
2014-07-30,3.198,0.000626
2014-07-31,3.203,0.001563
2014-08-01,3.197,-0.001873
2014-08-04,3.207,0.003128
2014-08-05,3.209,0.000624
2014-08-06,3.208,-0.000312
2014-08-07,3.204,-0.001247
2014-08-08,3.21,0.001873
2014-08-11,3.217,0.002181
2014-08-12,3.219,0.000622
2014-08-13,3.221,0.000621
2014-08-14,3.216,-0.001552
2014-08-15,3.225,0.002799
2014-08-18,3.234,0.002791
2014-08-19,3.24,0.001855
2014-08-20,3.238,-0.000617
2014-08-21,3.24,0.000618
2014-08-22,3.241,0.000309
2014-08-25,3.235,-0.001851
2014-08-26,3.222,-0.004019
2014-08-27,3.224,0.000621
2014-08-28,3.221,-0.000931
2014-08-29,3.229,0.002484
2014-09-01,3.246,0.005265
2014-09-02,3.255,0.002773
2014-09-03,3.266,0.003379
2014-09-04,3.273,0.002143
2014-09-05,3.276,0.000917
2014-09-09,3.283,0.002137
2014-09-10,3.282,-0.000305
2014-09-11,3.28,-0.000609
2014-09-12,3.29,0.003049
2014-09-15,3.3,0.00304
2014-09-16,3.276,-0.007273
2014-09-17,3.28,0.001221
2014-09-18,3.29,0.003049
2014-09-19,3.302,0.003647
2014-09-22,3.291,-0.003331
2014-09-23,3.299,0.002431
2014-09-24,3.311,0.003637
2014-09-25,3.31,-0.000302
2014-09-26,3.315,0.001511
2014-09-29,3.325,0.003017
2014-09-30,3.328,0.000902
2014-10-08,3.341,0.003906
2014-10-09,3.341,0.0
2014-10-10,3.335,-0.001796
2014-10-13,3.329,-0.001799
2014-10-14,3.329,0.0
2014-10-15,3.338,0.002704
2014-10-16,3.329,-0.002696
2014-10-17,3.32,-0.002704
2014-10-20,3.332,0.003614
2014-10-21,3.326,-0.001801
2014-10-22,3.317,-0.002706
2014-10-23,3.297,-0.00603
2014-10-24,3.302,0.001517
2014-10-27,3.309,0.00212
2014-10-28,3.329,0.006044
2014-10-29,3.342,0.003905
2014-10-30,3.342,0.0
2014-10-31,3.34,-0.000598
2014-11-03,3.345,0.001497
2014-11-04,3.333,-0.003587
2014-11-05,3.331,-0.0006
2014-11-06,3.341,0.003002
2014-11-07,3.333,-0.002394
2014-11-10,3.34,0.0021
2014-11-11,3.314,-0.007784
2014-11-12,3.327,0.003923
2014-11-13,3.315,-0.003607
2014-11-14,3.317,0.000603
2014-11-17,3.329,0.003618
2014-11-18,3.326,-0.000901
2014-11-19,3.336,0.003007
2014-11-20,3.334,-0.0006
2014-11-21,3.345,0.003299
2014-11-24,3.351,0.001794
2014-11-25,3.366,0.004476
2014-11-26,3.37,0.001188
2014-11-27,3.374,0.001187
2014-11-28,3.375,0.000296
2014-12-01,3.37,-0.001481
2014-12-02,3.378,0.002374
2014-12-03,3.385,0.002072
2014-12-04,3.405,0.005908
2014-12-05,3.38,-0.007342
2014-12-08,3.378,-0.000592
2014-12-09,3.338,-0.011841
2014-12-10,3.366,0.008388
2014-12-11,3.376,0.002971
2014-12-12,3.385,0.002666
2014-12-15,3.404,0.005613
2014-12-16,3.405,0.000294
2014-12-17,3.4,-0.001468
2014-12-18,3.398,-0.000588
2014-12-19,3.396,-0.000589
2014-12-22,3.372,-0.007067
2014-12-23,3.35,-0.006524
2014-12-24,3.356,0.001791
2014-12-25,3.371,0.00447
2014-12-26,3.38,0.00267
2014-12-29,3.376,-0.001183
2014-12-30,3.364,-0.003555
2014-12-31,3.379,0.004459
2015-01-05,3.4,0.006215
2015-01-06,3.407,0.002059
2015-01-07,3.404,-0.000881
2015-01-08,3.392,-0.003525
2015-01-09,3.388,-0.001179
2015-01-12,3.38,-0.002361
2015-01-13,3.392,0.00355
2015-01-14,3.382,-0.002948
2015-01-15,3.395,0.003844
2015-01-16,3.411,0.004713
2015-01-19,3.378,-0.009675
2015-01-20,3.407,0.008585
2015-01-21,3.432,0.007338
2015-01-22,3.436,0.001166
2015-01-23,3.426,-0.00291
2015-01-26,3.449,0.006713
2015-01-27,3.457,0.00232
2015-01-28,3.445,-0.003471
2015-01-29,3.443,-0.000581
2015-01-30,3.431,-0.003485
2015-02-02,3.424,-0.00204
2015-02-03,3.443,0.005549
2015-02-04,3.438,-0.001452
2015-02-05,3.432,-0.001745
2015-02-06,3.416,-0.004662
2015-02-09,3.414,-0.000585
2015-02-10,3.423,0.002636
2015-02-11,3.441,0.005259
2015-02-12,3.449,0.002325
2015-02-13,3.46,0.003189
2015-02-16,3.474,0.004046
2015-02-17,3.481,0.002015
2015-02-25,3.478,-0.000862
2015-02-26,3.486,0.0023
2015-02-27,3.497,0.003155
2015-03-02,3.519,0.006291
2015-03-03,3.509,-0.002842
2015-03-04,3.524,0.004275
2015-03-05,3.521,-0.000851
2015-03-06,3.503,-0.005112
2015-03-09,3.516,0.003711
2015-03-10,3.528,0.003413
2015-03-11,3.527,-0.000283
2015-03-12,3.528,0.000284
2015-03-13,3.543,0.004252
2015-03-16,3.579,0.010161
2015-03-17,3.596,0.00475
2015-03-18,3.618,0.006118
2015-03-19,3.622,0.001106
2015-03-20,3.646,0.006626
2015-03-23,3.688,0.011519
2015-03-24,3.703,0.004067
2015-03-25,3.713,0.002701
2015-03-26,3.7,-0.003501
2015-03-27,3.704,0.001081
2015-03-30,3.706,0.00054
2015-03-31,3.718,0.003238
2015-04-01,3.748,0.008069
2015-04-02,3.769,0.005603
2015-04-03,3.789,0.005306
2015-04-07,3.822,0.008709
2015-04-08,3.814,-0.002093
2015-04-09,3.799,-0.003933
2015-04-10,3.836,0.009739
2015-04-13,3.837,0.000261
2015-04-14,3.83,-0.001824
2015-04-15,3.795,-0.009138
2015-04-16,3.816,0.005534
2015-04-17,3.816,0.0
2015-04-20,3.774,-0.011006
2015-04-21,3.822,0.012719
2015-04-22,3.867,0.011774
2015-04-23,3.892,0.006465
2015-04-24,3.895,0.000771
2015-04-27,3.898,0.00077
2015-04-28,3.853,-0.011544
2015-04-29,3.885,0.008305
2015-04-30,3.902,0.004376
2015-05-04,3.919,0.004357
2015-05-05,3.876,-0.010972
2015-05-06,3.883,0.001806
2015-05-07,3.867,-0.004121
2015-05-08,3.928,0.015775
2015-05-11,3.984,0.014257
2015-05-12,4.029,0.011295
2015-05-13,4.031,0.000496
2015-05-14,4.035,0.000992
2015-05-15,4.027,-0.001983
2015-05-18,4.075,0.01192
2015-05-19,4.103,0.006871
2015-05-20,4.147,0.010724
2015-05-21,4.194,0.011333
2015-05-22,4.19,-0.000954
2015-05-25,4.21,0.004773
2015-05-26,4.259,0.011639
2015-05-27,4.266,0.001644
2015-05-28,4.178,-0.020628
2015-05-29,4.196,0.004308
2015-06-01,4.275,0.018827
2015-06-02,4.355,0.018713
2015-06-03,4.367,0.002755
2015-06-04,4.343,-0.005496
2015-06-05,4.349,0.001382
2015-06-08,4.299,-0.011497
2015-06-09,4.276,-0.00535
2015-06-10,4.316,0.009355
2015-06-11,4.321,0.001158
2015-06-12,4.358,0.008563
2015-06-15,4.311,-0.010785
2015-06-16,4.229,-0.019021
2015-06-17,4.276,0.011114
2015-06-18,4.22,-0.013096
2015-06-19,4.123,-0.022986
2015-06-23,4.127,0.00097
2015-06-24,4.142,0.003635
2015-06-25,4.069,-0.017624
2015-06-26,3.953,-0.028508
2015-06-29,3.86,-0.023526
2015-06-30,3.912,0.013472
2015-07-01,3.833,-0.020194
2015-07-02,3.746,-0.022698
2015-07-03,3.678,-0.018153
2015-07-06,3.644,-0.009244
2015-07-07,3.585,-0.016191
2015-07-08,3.559,-0.007252
2015-07-09,3.598,0.010958
2015-07-10,3.642,0.012229
2015-07-13,3.698,0.015376
2015-07-14,3.736,0.010276
2015-07-15,3.686,-0.013383
2015-07-16,3.698,0.003256
2015-07-17,3.752,0.014602
2015-07-20,3.778,0.00693
2015-07-21,3.803,0.006617
2015-07-22,3.81,0.001841
2015-07-23,3.849,0.010236
2015-07-24,3.83,-0.004936
2015-07-27,3.746,-0.021932
2015-07-28,3.717,-0.007742
2015-07-29,3.752,0.009416
2015-07-30,3.713,-0.010394
2015-07-31,3.699,-0.003771
2015-08-03,3.682,-0.004596
2015-08-04,3.721,0.010592
2015-08-05,3.713,-0.00215
2015-08-06,3.707,-0.001616
2015-08-07,3.734,0.007284
2015-08-10,3.781,0.012587
2015-08-11,3.786,0.001322
2015-08-12,3.769,-0.00449
2015-08-13,3.784,0.00398
2015-08-14,3.784,0.0
2015-08-17,3.797,0.003436
2015-08-18,3.725,-0.018962
2015-08-19,3.741,0.004295
2015-08-20,3.702,-0.010425
2015-08-21,3.653,-0.013236
2015-08-24,3.578,-0.020531
2015-08-25,3.514,-0.017887
2015-08-26,3.503,-0.00313
2015-08-27,3.538,0.009991
2015-08-28,3.575,0.010458
2015-08-31,3.555,-0.005594
2015-09-01,3.528,-0.007595
2015-09-02,3.529,0.000283
2015-09-07,3.52,-0.00255
2015-09-08,3.544,0.006818
2015-09-09,3.563,0.005361
2015-09-10,3.551,-0.003368
2015-09-11,3.556,0.001408
2015-09-14,3.512,-0.012373
2015-09-15,3.483,-0.008257
2015-09-16,3.518,0.010049
2015-09-17,3.511,-0.00199
2015-09-18,3.517,0.001709
2015-09-21,3.539,0.006255
2015-09-22,3.543,0.00113
2015-09-23,3.536,-0.001976
2015-09-24,3.541,0.001414
2015-09-25,3.523,-0.005083
2015-09-28,3.529,0.001703
2015-09-29,3.524,-0.001417
2015-09-30,3.528,0.001135
2015-10-08,3.544,0.004535
2015-10-09,3.552,0.002257
2015-10-12,3.573,0.005912
2015-10-13,3.58,0.001959
2015-10-14,3.568,-0.003352
2015-10-15,3.59,0.006166
2015-10-16,3.6,0.002786
2015-10-19,3.596,-0.001111
2015-10-20,3.612,0.004449
2015-10-21,3.566,-0.012735
2015-10-22,3.59,0.00673
2015-10-23,3.612,0.006128
2015-10-26,3.619,0.001938
2015-10-27,3.622,0.000829
2015-10-28,3.608,-0.003865
2015-10-29,3.612,0.001109
2015-10-30,3.613,0.000277
2015-11-02,3.596,-0.004705
2015-11-03,3.591,-0.00139
2015-11-04,3.626,0.009747
2015-11-05,3.626,0.0
2015-11-06,3.65,0.006619
2015-11-09,3.654,0.001096
2015-11-10,3.658,0.001095
2015-11-11,3.673,0.004101
2015-11-12,3.669,-0.001089
2015-11-13,3.643,-0.007086
2015-11-16,3.665,0.006039
2015-11-17,3.655,-0.002729
2015-11-18,3.641,-0.00383
2015-11-19,3.674,0.009063
2015-11-20,3.697,0.00626
2015-11-23,3.678,-0.005139
2015-11-24,3.692,0.003806
2015-11-25,3.717,0.006771
2015-11-26,3.711,-0.001614
2015-11-27,3.646,-0.017515
2015-11-30,3.652,0.001646
2015-12-01,3.642,-0.002738
2015-12-02,3.629,-0.003569
2015-12-03,3.655,0.007165
2015-12-04,3.653,-0.000547
2015-12-07,3.663,0.002737
2015-12-08,3.645,-0.004914
2015-12-09,3.645,0.0
2015-12-10,3.641,-0.001097
2015-12-11,3.634,-0.001923
2015-12-14,3.642,0.002201
2015-12-15,3.656,0.003844
2015-12-16,3.672,0.004376
2015-12-17,3.695,0.006264
2015-12-18,3.688,-0.001894
2015-12-21,3.693,0.001356
2015-12-22,3.703,0.002708
2015-12-23,3.685,-0.004861
2015-12-24,3.685,0.0
2015-12-25,3.699,0.003799
2015-12-28,3.682,-0.004596
2015-12-29,3.688,0.00163
2015-12-30,3.7,0.003254
2015-12-31,3.683,-0.004595
2016-01-04,3.601,-0.022264
2016-01-05,3.581,-0.005554
2016-01-06,3.608,0.00754
2016-01-07,3.526,-0.022727
2016-01-08,3.532,0.001702
2016-01-11,3.468,-0.01812
2016-01-12,3.459,-0.002595
2016-01-13,3.427,-0.009251
2016-01-14,3.452,0.007295
2016-01-15,3.429,-0.006663
2016-01-18,3.443,0.004083
2016-01-19,3.476,0.009585
2016-01-20,3.468,-0.002301
2016-01-21,3.437,-0.008939
2016-01-22,3.448,0.0032
2016-01-25,3.455,0.00203
2016-01-26,3.4,-0.015919
2016-01-27,3.386,-0.004118
2016-01-28,3.354,-0.009451
2016-01-29,3.377,0.006857
2016-02-01,3.366,-0.003257
2016-02-02,3.387,0.006239
2016-02-03,3.388,0.000295
2016-02-04,3.399,0.003247
2016-02-05,3.391,-0.002354
2016-02-15,3.391,0.0
2016-02-16,3.417,0.007667
2016-02-17,3.424,0.002049
2016-02-18,3.424,0.0
2016-02-19,3.428,0.001168
2016-02-22,3.446,0.005251
2016-02-23,3.442,-0.001161
2016-02-24,3.441,-0.000291
2016-02-25,3.378,-0.018309
2016-02-26,3.378,0.0
2016-02-29,3.342,-0.010657
2016-03-01,3.354,0.003591
2016-03-02,3.384,0.008945
2016-03-03,3.384,0.0
2016-03-04,3.375,-0.00266
2016-03-07,3.384,0.002667
2016-03-08,3.384,0.0
2016-03-09,3.375,-0.00266
2016-03-10,3.365,-0.002963
2016-03-11,3.365,0.0
2016-03-14,3.381,0.004755
2016-03-15,3.376,-0.001479
2016-03-16,3.373,-0.000889
2016-03-17,3.39,0.00504
2016-03-18,3.406,0.00472
2016-03-21,3.418,0.003523
2016-03-22,3.417,-0.000293
2016-03-23,3.422,0.001463
2016-03-24,3.413,-0.00263
2016-03-25,3.417,0.001172
2016-03-28,3.414,-0.000878
2016-03-29,3.403,-0.003222
2016-03-30,3.423,0.005877
2016-03-31,3.426,0.000876
2016-04-01,3.423,-0.000876
2016-04-05,3.438,0.004382
2016-04-06,3.441,0.000873
2016-04-07,3.427,-0.004069
2016-04-08,3.418,-0.002626
2016-04-11,3.433,0.004389
2016-04-12,3.429,-0.001165
2016-04-13,3.438,0.002625
2016-04-14,3.447,0.002618
2016-04-15,3.447,0.0
2016-04-18,3.433,-0.004062
2016-04-19,3.436,0.000874
2016-04-20,3.402,-0.009895
2016-04-21,3.392,-0.002939
2016-04-22,3.397,0.001474
2016-04-25,3.393,-0.001178
2016-04-26,3.402,0.002653
2016-04-27,3.399,-0.000882
2016-04-28,3.398,-0.000294
2016-04-29,3.399,0.000294
2016-05-03,3.422,0.006767
2016-05-04,3.422,0.0
2016-05-05,3.425,0.000877
2016-05-06,3.397,-0.008175
2016-05-09,3.371,-0.007654
2016-05-10,3.37,-0.000297
2016-05-11,3.37,0.0
2016-05-12,3.368,-0.000593
2016-05-13,3.365,-0.000891
2016-05-16,3.377,0.003566
2016-05-17,3.373,-0.001184
2016-05-18,3.357,-0.004744
2016-05-19,3.36,0.000894
2016-05-20,3.366,0.001786
2016-05-23,3.376,0.002971
2016-05-24,3.372,-0.001185
2016-05-25,3.367,-0.001483
2016-05-26,3.372,0.001485
2016-05-27,3.371,-0.000297
2016-05-30,3.369,-0.000593
2016-05-31,3.393,0.007124
2016-06-01,3.396,0.000884
2016-06-02,3.399,0.000883
2016-06-03,3.404,0.001471
2016-06-06,3.405,0.000294
2016-06-07,3.406,0.000294
2016-06-08,3.401,-0.001468
2016-06-13,3.373,-0.008233
2016-06-14,3.375,0.000593
2016-06-15,3.392,0.005037
2016-06-16,3.388,-0.001179
2016-06-17,3.393,0.001476
2016-06-20,3.395,0.000589
2016-06-21,3.389,-0.001767
2016-06-22,3.396,0.002066
2016-06-23,3.394,-0.000589
2016-06-24,3.389,-0.001473
2016-06-27,3.405,0.004721
2016-06-28,3.415,0.002937
2016-06-29,3.417,0.000586
2016-06-30,3.415,-0.000585
2016-07-01,3.416,0.000293
2016-07-04,3.426,0.002927
2016-07-05,3.429,0.000876
2016-07-06,3.437,0.002333
2016-07-07,3.441,0.001164
2016-07-08,3.438,-0.000872
2016-07-11,3.439,0.000291
2016-07-12,3.446,0.002035
2016-07-13,3.449,0.000871
2016-07-14,3.449,0.0
2016-07-15,3.447,-0.00058
2016-07-18,3.443,-0.00116
2016-07-19,3.442,-0.00029
2016-07-20,3.44,-0.000581
2016-07-21,3.441,0.000291
2016-07-22,3.433,-0.002325
2016-07-25,3.433,0.0
2016-07-26,3.443,0.002913
2016-07-27,3.422,-0.006099
2016-07-28,3.427,0.001461
2016-07-29,3.423,-0.001167
2016-08-01,3.414,-0.002629
2016-08-02,3.418,0.001172
2016-08-03,3.42,0.000585
2016-08-04,3.42,0.0
2016-08-05,3.419,-0.000292
2016-08-08,3.426,0.002047
2016-08-09,3.43,0.001168
2016-08-10,3.43,0.0
2016-08-11,3.423,-0.002041
2016-08-12,3.427,0.001169
2016-08-15,3.438,0.00321
2016-08-16,3.441,0.000873
2016-08-17,3.442,0.000291
2016-08-18,3.439,-0.000872
2016-08-19,3.441,0.000582
2016-08-22,3.436,-0.001453
2016-08-23,3.438,0.000582
2016-08-24,3.437,-0.000291
2016-08-25,3.434,-0.000873
2016-08-26,3.435,0.000291
2016-08-29,3.437,0.000582
2016-08-30,3.438,0.000291
2016-08-31,3.437,-0.000291
2016-09-01,3.435,-0.000582
2016-09-02,3.432,-0.000873
2016-09-05,3.434,0.000583
2016-09-06,3.441,0.002038
2016-09-07,3.441,0.0
2016-09-08,3.441,0.0
2016-09-09,3.438,-0.000872
2016-09-12,3.424,-0.004072
2016-09-13,3.425,0.000292
2016-09-14,3.422,-0.000876
2016-09-19,3.426,0.001169
2016-09-20,3.428,0.000584
2016-09-21,3.428,0.0
2016-09-22,3.433,0.001459
2016-09-23,3.433,0.0
2016-09-26,3.42,-0.003787
2016-09-27,3.422,0.000585
2016-09-28,3.421,-0.000292
2016-09-29,3.422,0.000292
2016-09-30,3.425,0.000877
2016-10-10,3.436,0.003212
2016-10-11,3.441,0.001455
2016-10-12,3.44,-0.000291
2016-10-13,3.444,0.001163
2016-10-14,3.443,-0.00029
2016-10-17,3.436,-0.002033
2016-10-18,3.446,0.00291
2016-10-19,3.444,-0.00058
2016-10-20,3.445,0.00029
2016-10-21,3.446,0.00029
2016-10-24,3.451,0.001451
2016-10-25,3.452,0.00029
2016-10-26,3.449,-0.000869
2016-10-27,3.445,-0.00116
2016-10-28,3.441,-0.001161
2016-10-31,3.442,0.000291
2016-11-01,3.448,0.001743
2016-11-02,3.447,-0.00029
2016-11-03,3.452,0.001451
2016-11-04,3.445,-0.002028
2016-11-07,3.444,-0.00029
2016-11-08,3.446,0.000581
2016-11-09,3.445,-0.00029
2016-11-10,3.45,0.001451
2016-11-11,3.453,0.00087
2016-11-14,3.453,0.0
2016-11-15,3.451,-0.000579
2016-11-16,3.452,0.00029
2016-11-17,3.448,-0.001159
2016-11-18,3.447,-0.00029
2016-11-21,3.445,-0.00058
2016-11-22,3.451,0.001742
2016-11-23,3.446,-0.001449
2016-11-24,3.441,-0.001451
2016-11-25,3.446,0.001453
2016-11-28,3.442,-0.001161
2016-11-29,3.433,-0.002615
2016-11-30,3.427,-0.001748
2016-12-01,3.431,0.001167
2016-12-02,3.417,-0.00408
2016-12-05,3.412,-0.001463
2016-12-06,3.412,0.0
2016-12-07,3.421,0.002638
2016-12-08,3.414,-0.002046
2016-12-09,3.41,-0.001172
2016-12-12,3.373,-0.01085
2016-12-13,3.376,0.000889
2016-12-14,3.37,-0.001777
2016-12-15,3.37,0.0
2016-12-16,3.374,0.001187
2016-12-19,3.372,-0.000593
2016-12-20,3.368,-0.001186
2016-12-21,3.377,0.002672
2016-12-22,3.377,0.0
2016-12-23,3.367,-0.002961
2016-12-26,3.372,0.001485
2016-12-27,3.373,0.000297
2016-12-28,3.369,-0.001186
2016-12-29,3.366,-0.00089
2016-12-30,3.369,0.000891
2016-12-31,3.369,0.0
2017-01-03,3.376,0.002078
2017-01-04,3.384,0.00237
2017-01-05,3.384,0.0
2017-01-06,3.379,-0.001478
2017-01-09,3.383,0.001184
2017-01-10,3.381,-0.000591
2017-01-11,3.371,-0.002958
2017-01-12,3.365,-0.00178
2017-01-13,3.359,-0.001783
2017-01-16,3.348,-0.003275
2017-01-17,3.353,0.001493
2017-01-18,3.357,0.001193
2017-01-19,3.355,-0.000596
2017-01-20,3.367,0.003577
2017-01-23,3.371,0.001188
2017-01-24,3.369,-0.000593
2017-01-25,3.371,0.000594
2017-01-26,3.374,0.00089
2017-02-03,3.371,-0.000889
2017-02-06,3.376,0.001483
2017-02-07,3.375,-0.000296
2017-02-08,3.379,0.001185
2017-02-09,3.385,0.001776
2017-02-10,3.387,0.000591
2017-02-13,3.396,0.002657
2017-02-14,3.399,0.000883
2017-02-15,3.39,-0.002648
2017-02-16,3.394,0.00118
2017-02-17,3.389,-0.001473
2017-02-20,3.406,0.005016
2017-02-21,3.41,0.001174
2017-02-22,3.418,0.002346
2017-02-23,3.412,-0.001755
2017-02-24,3.411,-0.000293
2017-02-27,3.405,-0.001759
2017-02-28,3.409,0.001175
2017-03-01,3.415,0.00176
2017-03-02,3.415,0.0
2017-03-03,3.416,0.000293
2017-03-06,3.421,0.001464
2017-03-07,3.424,0.000877
2017-03-08,3.422,-0.000584
2017-03-09,3.414,-0.002338
2017-03-10,3.417,0.000879
2017-03-13,3.426,0.002634
2017-03-14,3.431,0.001459
2017-03-15,3.435,0.001166
2017-03-16,3.438,0.000873
2017-03-17,3.429,-0.002618
2017-03-20,3.432,0.000875
2017-03-21,3.447,0.004371
2017-03-22,3.449,0.00058
2017-03-23,3.45,0.00029
2017-03-24,3.452,0.00058
2017-03-27,3.441,-0.003187
2017-03-28,3.438,-0.000872
2017-03-29,3.438,0.0
2017-03-30,3.432,-0.001745
2017-03-31,3.438,0.001748
2017-04-05,3.449,0.0032
2017-04-06,3.453,0.00116
2017-04-07,3.455,0.000579
2017-04-10,3.448,-0.002026
2017-04-11,3.446,-0.00058
2017-04-12,3.44,-0.001741
2017-04-13,3.448,0.002326
2017-04-14,3.438,-0.0029
2017-04-17,3.435,-0.000873
2017-04-18,3.44,0.001456
2017-04-19,3.443,0.000872
2017-04-20,3.454,0.003195
2017-04-21,3.444,-0.002895
2017-04-24,3.424,-0.005807
2017-04-25,3.431,0.002044
2017-04-26,3.429,-0.000583
2017-04-27,3.438,0.002625
2017-04-28,3.435,-0.000873
2017-05-02,3.438,0.000873
2017-05-03,3.438,0.0
2017-05-04,3.437,-0.000291
2017-05-05,3.431,-0.001746
2017-05-08,3.412,-0.005538
2017-05-09,3.417,0.001465
2017-05-10,3.411,-0.001756
2017-05-11,3.417,0.001759
2017-05-12,3.417,0.0
2017-05-15,3.423,0.001756
2017-05-16,3.444,0.006135
2017-05-17,3.44,-0.001161
2017-05-18,3.431,-0.002616
2017-05-19,3.429,-0.000583
2017-05-22,3.425,-0.001167
2017-05-23,3.421,-0.001168
2017-05-24,3.421,0.0
2017-05-25,3.415,-0.001754
2017-05-26,3.415,0.0
2017-05-31,3.416,0.000293
2017-06-01,3.407,-0.002635
2017-06-02,3.408,0.000294
2017-06-05,3.414,0.001761
2017-06-06,3.421,0.00205
2017-06-07,3.441,0.005846
2017-06-08,3.448,0.002034
2017-06-09,3.45,0.00058
2017-06-12,3.451,0.00029
2017-06-13,3.456,0.001449
2017-06-14,3.447,-0.002604
2017-06-15,3.448,0.00029
2017-06-16,3.447,-0.00029
2017-06-19,3.456,0.002611
2017-06-20,3.457,0.000289
2017-06-21,3.466,0.002603
2017-06-22,3.458,-0.002308
2017-06-23,3.464,0.001735
2017-06-26,3.479,0.00433
2017-06-27,3.481,0.000575
2017-06-28,3.472,-0.002585
2017-06-29,3.478,0.001728
2017-06-30,3.481,0.000863
2017-07-03,3.478,-0.000862
2017-07-04,3.471,-0.002013
2017-07-05,3.482,0.003169
2017-07-06,3.479,-0.000862
2017-07-07,3.474,-0.001437
2017-07-10,3.463,-0.003166
2017-07-11,3.463,0.0
2017-07-12,3.457,-0.001733
2017-07-13,3.461,0.001157
2017-07-14,3.455,-0.001734
2017-07-17,3.43,-0.007236
2017-07-18,3.431,0.000292
2017-07-19,3.444,0.003789
2017-07-20,3.451,0.002033
2017-07-21,3.449,-0.00058
2017-07-24,3.455,0.00174
2017-07-25,3.453,-0.000579
2017-07-26,3.447,-0.001738
2017-07-27,3.449,0.00058
2017-07-28,3.462,0.003769
2017-07-31,3.467,0.001444
2017-08-01,3.474,0.002019
2017-08-02,3.465,-0.002591
2017-08-03,3.455,-0.002886
2017-08-04,3.448,-0.002026
2017-08-07,3.464,0.00464
2017-08-08,3.467,0.000866
2017-08-09,3.473,0.001731
2017-08-10,3.473,0.0
2017-08-11,3.459,-0.004031
2017-08-14,3.478,0.005493
2017-08-15,3.486,0.0023
2017-08-16,3.485,-0.000287
2017-08-17,3.485,0.0
2017-08-18,3.479,-0.001722
2017-08-21,3.482,0.000862
2017-08-22,3.483,0.000287
2017-08-23,3.476,-0.00201
2017-08-24,3.471,-0.001438
2017-08-25,3.483,0.003457
2017-08-28,3.494,0.003158
2017-08-29,3.492,-0.000572
2017-08-30,3.498,0.001718
2017-08-31,3.5,0.000572
2017-09-01,3.505,0.001429
2017-09-04,3.509,0.001141
2017-09-05,3.516,0.001995
2017-09-06,3.517,0.000284
2017-09-07,3.506,-0.003128
2017-09-08,3.508,0.00057
2017-09-11,3.519,0.003136
2017-09-12,3.519,0.0
2017-09-13,3.526,0.001989
2017-09-14,3.519,-0.001985
2017-09-15,3.513,-0.001705
2017-09-18,3.519,0.001708
2017-09-19,3.514,-0.001421
2017-09-20,3.518,0.001138
2017-09-21,3.513,-0.001421
2017-09-22,3.51,-0.000854
2017-09-25,3.51,0.0
2017-09-26,3.512,0.00057
2017-09-27,3.518,0.001708
2017-09-28,3.521,0.000853
2017-09-29,3.526,0.00142
2017-10-09,3.532,0.001702
2017-10-10,3.535,0.000849
2017-10-11,3.534,-0.000283
2017-10-12,3.533,-0.000283
2017-10-13,3.543,0.00283
2017-10-16,3.536,-0.001976
2017-10-17,3.538,0.000566
2017-10-18,3.545,0.001979
2017-10-19,3.541,-0.001128
2017-10-20,3.543,0.000565
2017-10-23,3.552,0.00254
2017-10-24,3.555,0.000845
2017-10-25,3.56,0.001406
2017-10-26,3.565,0.001404
2017-10-27,3.569,0.001122
2017-10-30,3.562,-0.001961
2017-10-31,3.569,0.001965
2017-11-01,3.568,-0.00028
2017-11-02,3.567,-0.00028
2017-11-03,3.563,-0.001121
2017-11-06,3.58,0.004771
2017-11-07,3.58,0.0
2017-11-08,3.574,-0.001676
2017-11-09,3.583,0.002518
2017-11-10,3.598,0.004186
2017-11-13,3.596,-0.000556
2017-11-14,3.584,-0.003337
2017-11-15,3.578,-0.001674
2017-11-16,3.597,0.00531
2017-11-17,3.586,-0.003058
2017-11-20,3.592,0.001673
2017-11-21,3.599,0.001949
2017-11-22,3.58,-0.005279
2017-11-23,3.542,-0.010615
2017-11-24,3.539,-0.000847
2017-11-27,3.528,-0.003108
2017-11-28,3.533,0.001417
2017-11-29,3.523,-0.00283
2017-11-30,3.512,-0.003122
2017-12-01,3.515,0.000854
2017-12-04,3.528,0.003698
2017-12-05,3.526,-0.000567
2017-12-06,3.523,-0.000851
2017-12-07,3.511,-0.003406
2017-12-08,3.522,0.003133
2017-12-11,3.544,0.006246
2017-12-12,3.533,-0.003104
2017-12-13,3.546,0.00368
2017-12-14,3.543,-0.000846
2017-12-15,3.538,-0.001411
2017-12-18,3.536,-0.000565
2017-12-19,3.545,0.002545
2017-12-20,3.55,0.00141
2017-12-21,3.558,0.002254
2017-12-22,3.551,-0.001967
2017-12-25,3.545,-0.00169
2017-12-26,3.546,0.000282
2017-12-27,3.527,-0.005358
2017-12-28,3.537,0.002835
2017-12-29,3.545,0.002262
2017-12-31,3.545,0.0
2018-01-02,3.553,0.002257
2018-01-03,3.562,0.002533
2018-01-04,3.57,0.002246
2018-01-05,3.57,0.0
2018-01-08,3.573,0.00084
2018-01-09,3.578,0.001399
2018-01-10,3.576,-0.000559
2018-01-11,3.574,-0.000559
2018-01-12,3.574,0.0
2018-01-15,3.564,-0.002798
2018-01-16,3.569,0.001403
2018-01-17,3.555,-0.003923
2018-01-18,3.554,-0.000281
2018-01-19,3.55,-0.001125
2018-01-22,3.571,0.005915
2018-01-23,3.576,0.0014
2018-01-24,3.573,-0.000839
2018-01-25,3.569,-0.00112
2018-01-26,3.573,0.001121
2018-01-29,3.555,-0.005038
2018-01-30,3.551,-0.001125
2018-01-31,3.557,0.00169
2018-02-01,3.543,-0.003936
2018-02-02,3.552,0.00254
2018-02-05,3.533,-0.005349
2018-02-06,3.508,-0.007076
2018-02-07,3.477,-0.008837
2018-02-08,3.487,0.002876
2018-02-09,3.457,-0.008603
2018-02-12,3.49,0.009546
2018-02-13,3.498,0.002292
2018-02-14,3.505,0.002001
2018-02-22,3.533,0.007989
2018-02-23,3.534,0.000283
2018-02-26,3.548,0.003962
2018-02-27,3.538,-0.002818
2018-02-28,3.532,-0.001696
2018-03-01,3.542,0.002831
2018-03-02,3.532,-0.002823
2018-03-05,3.528,-0.001133
2018-03-06,3.539,0.003118
2018-03-07,3.534,-0.001413
2018-03-08,3.546,0.003396
2018-03-09,3.556,0.00282
2018-03-12,3.563,0.001969
2018-03-13,3.55,-0.003649
2018-03-14,3.551,0.000282
2018-03-15,3.564,0.003661
2018-03-16,3.552,-0.003367
2018-03-19,3.557,0.001408
2018-03-20,3.553,-0.001125
2018-03-21,3.545,-0.002252
2018-03-22,3.532,-0.003667
2018-03-23,3.503,-0.008211
2018-03-26,3.514,0.00314
2018-03-27,3.522,0.002277
2018-03-28,3.499,-0.00653
2018-03-29,3.509,0.002858
2018-03-30,3.517,0.00228
2018-04-02,3.511,-0.001706
2018-04-03,3.511,0.0
2018-04-04,3.516,0.001424
2018-04-09,3.517,0.000284
2018-04-10,3.528,0.003128
2018-04-11,3.531,0.00085
2018-04-12,3.521,-0.002832
2018-04-13,3.511,-0.00284
2018-04-16,3.514,0.000854
2018-04-17,3.49,-0.00683
2018-04-18,3.498,0.002292
2018-04-19,3.505,0.002001
2018-04-20,3.493,-0.003424
2018-04-23,3.48,-0.003722
2018-04-24,3.507,0.007759
2018-04-25,3.513,0.001711
2018-04-26,3.491,-0.006262
2018-04-27,3.493,0.000573
2018-05-02,3.496,0.000859
2018-05-03,3.506,0.00286
2018-05-04,3.505,-0.000285
2018-05-07,3.529,0.006847
2018-05-08,3.535,0.0017
2018-05-09,3.534,-0.000283
2018-05-10,3.54,0.001698
2018-05-11,3.529,-0.003107
2018-05-14,3.536,0.001984
2018-05-15,3.543,0.00198
2018-05-16,3.539,-0.001129
2018-05-17,3.526,-0.003673
2018-05-18,3.532,0.001702
2018-05-21,3.537,0.001416
2018-05-22,3.537,0.0
2018-05-23,3.526,-0.00311
2018-05-24,3.517,-0.002552
2018-05-25,3.512,-0.001422
2018-05-28,3.525,0.003702
2018-05-29,3.511,-0.003972
2018-05-30,3.499,-0.003418
2018-05-31,3.518,0.00543
2018-06-01,3.506,-0.003411
2018-06-04,3.515,0.002567
2018-06-05,3.53,0.004267
2018-06-06,3.534,0.001133
2018-06-07,3.53,-0.001132
2018-06-08,3.519,-0.003116
2018-06-11,3.518,-0.000284
2018-06-12,3.534,0.004548
2018-06-13,3.525,-0.002547
2018-06-14,3.518,-0.001986
2018-06-15,3.512,-0.001706
2018-06-19,3.479,-0.009396
2018-06-20,3.49,0.003162
2018-06-21,3.48,-0.002865
2018-06-22,3.485,0.001437
2018-06-25,3.472,-0.00373
2018-06-26,3.468,-0.001152
2018-06-27,3.449,-0.005479
2018-06-28,3.433,-0.004639
2018-06-29,3.456,0.0067
2018-06-30,3.456,0.0
2018-07-02,3.443,-0.003762
2018-07-03,3.434,-0.002614
2018-07-04,3.422,-0.003494
2018-07-05,3.406,-0.004676
2018-07-06,3.414,0.002349
2018-07-09,3.438,0.00703
2018-07-10,3.44,0.000582
2018-07-11,3.428,-0.003488
2018-07-12,3.45,0.006418
2018-07-13,3.457,0.002029
2018-07-16,3.458,0.000289
2018-07-17,3.453,-0.001446
2018-07-18,3.452,-0.00029
2018-07-19,3.449,-0.000869
2018-07-20,3.463,0.004059
2018-07-23,3.462,-0.000289
2018-07-24,3.471,0.0026
2018-07-25,3.473,0.000576
2018-07-26,3.461,-0.003455
2018-07-27,3.457,-0.001156
2018-07-30,3.444,-0.00376
2018-07-31,3.446,0.000581
2018-08-01,3.426,-0.005804
2018-08-02,3.41,-0.00467
2018-08-03,3.393,-0.004985
2018-08-06,3.378,-0.004421
2018-08-07,3.399,0.006217
2018-08-08,3.378,-0.006178
2018-08-09,3.404,0.007697
2018-08-10,3.408,0.001175
2018-08-13,3.409,0.000293
2018-08-14,3.407,-0.000587
2018-08-15,3.386,-0.006164
2018-08-16,3.381,-0.001477
2018-08-17,3.37,-0.003253
2018-08-20,3.382,0.003561
2018-08-21,3.401,0.005618
2018-08-22,3.395,-0.001764
2018-08-23,3.403,0.002356
2018-08-24,3.399,-0.001175
2018-08-27,3.417,0.005296
2018-08-28,3.413,-0.001171
2018-08-29,3.409,-0.001172
2018-08-30,3.398,-0.003227
2018-08-31,3.391,-0.00206
2018-09-03,3.39,-0.000295
2018-09-04,3.402,0.00354
2018-09-05,3.389,-0.003821
2018-09-06,3.384,-0.001475
2018-09-07,3.385,0.000296
2018-09-10,3.373,-0.003545
2018-09-11,3.372,-0.000296
2018-09-12,3.366,-0.001779
2018-09-13,3.372,0.001783
2018-09-14,3.366,-0.001779
2018-09-17,3.355,-0.003268
2018-09-18,3.369,0.004173
2018-09-19,3.382,0.003859
2018-09-20,3.38,-0.000591
2018-09-21,3.398,0.005325
2018-09-25,3.388,-0.002943
2018-09-26,3.399,0.003247
2018-09-27,3.391,-0.002354
2018-09-28,3.395,0.00118
2018-10-08,3.364,-0.009131
2018-10-09,3.362,-0.000595
2018-10-10,3.359,-0.000892
2018-10-11,3.323,-0.010717
2018-10-12,3.333,0.003009
2018-10-15,3.321,-0.0036
2018-10-16,3.309,-0.003613
2018-10-17,3.314,0.001511
2018-10-18,3.302,-0.003621
2018-10-19,3.323,0.00636
2018-10-22,3.359,0.010834
2018-10-23,3.341,-0.005359
2018-10-24,3.341,0.0
2018-10-25,3.34,-0.000299
2018-10-26,3.334,-0.001796
2018-10-29,3.315,-0.005699
2018-10-30,3.326,0.003318
2018-10-31,3.337,0.003307
2018-11-01,3.346,0.002697
2018-11-02,3.372,0.00777
2018-11-05,3.368,-0.001186
2018-11-06,3.371,0.000891
2018-11-07,3.368,-0.00089
2018-11-08,3.36,-0.002375
2018-11-09,3.357,-0.000893
2018-11-12,3.375,0.005362
2018-11-13,3.389,0.004148
2018-11-14,3.382,-0.002066
2018-11-15,3.391,0.002661
2018-11-16,3.398,0.002064
2018-11-19,3.396,-0.000589
2018-11-20,3.376,-0.005889
2018-11-21,3.377,0.000296
2018-11-22,3.373,-0.001184
2018-11-23,3.354,-0.005633
2018-11-26,3.347,-0.002087
2018-11-27,3.353,0.001793
2018-11-28,3.362,0.002684
2018-11-29,3.348,-0.004164
2018-11-30,3.351,0.000896
2018-12-03,3.367,0.004775
2018-12-04,3.366,-0.000297
2018-12-05,3.362,-0.001188
2018-12-06,3.35,-0.003569
2018-12-07,3.352,0.000597
2018-12-10,3.345,-0.002088
2018-12-11,3.351,0.001794
2018-12-12,3.352,0.000298
2018-12-13,3.36,0.002387
2018-12-14,3.345,-0.004464
2018-12-17,3.335,-0.00299
2018-12-18,3.332,-0.0009
2018-12-19,3.324,-0.002401
2018-12-20,3.325,0.000301
2018-12-21,3.324,-0.000301
2018-12-24,3.329,0.001504
2018-12-25,3.33,0.0003
2018-12-26,3.328,-0.000601
2018-12-27,3.322,-0.001803
2018-12-28,3.329,0.002107
2018-12-31,3.329,0.0
2019-01-02,3.319,-0.003004
2019-01-03,3.313,-0.001808
2019-01-04,3.332,0.005735
2019-01-07,3.341,0.002701
2019-01-08,3.342,0.000299
2019-01-09,3.343,0.000299
2019-01-10,3.341,-0.000598
2019-01-11,3.347,0.001796
2019-01-14,3.34,-0.002091
2019-01-15,3.352,0.003593
2019-01-16,3.358,0.00179
2019-01-17,3.35,-0.002382
2019-01-18,3.352,0.000597
2019-01-21,3.362,0.002983
2019-01-22,3.346,-0.004759
2019-01-23,3.351,0.001494
2019-01-24,3.354,0.000895
2019-01-25,3.353,-0.000298
2019-01-28,3.351,-0.000596
2019-01-29,3.352,0.000298
2019-01-30,3.344,-0.002387
2019-01-31,3.347,0.000897
2019-02-01,3.363,0.00478
2019-02-11,3.38,0.005055
2019-02-12,3.385,0.001479
2019-02-13,3.397,0.003545
2019-02-14,3.399,0.000589
2019-02-15,3.389,-0.002942
2019-02-18,3.414,0.007377
2019-02-19,3.414,0.0
2019-02-20,3.412,-0.000586
2019-02-21,3.406,-0.001758
2019-02-22,3.429,0.006753
2019-02-25,3.482,0.015456
2019-02-26,3.467,-0.004308
2019-02-27,3.46,-0.002019
2019-02-28,3.471,0.003179
2019-03-01,3.477,0.001729
2019-03-04,3.49,0.003739
2019-03-05,3.502,0.003438
2019-03-06,3.512,0.002856
2019-03-07,3.507,-0.001424
2019-03-08,3.479,-0.007984
2019-03-11,3.508,0.008336
2019-03-12,3.52,0.003421
2019-03-13,3.509,-0.003125
2019-03-14,3.492,-0.004845
2019-03-15,3.502,0.002864
2019-03-18,3.523,0.005997
2019-03-19,3.533,0.002838
2019-03-20,3.533,0.0
2019-03-21,3.542,0.002547
2019-03-22,3.539,-0.000847
2019-03-25,3.524,-0.004238
2019-03-26,3.507,-0.004824
2019-03-27,3.513,0.001711
2019-03-28,3.506,-0.001993
2019-03-29,3.546,0.011409
2019-04-01,3.58,0.009588
2019-04-02,3.579,-0.000279
2019-04-03,3.594,0.004191
2019-04-04,3.595,0.000278
2019-04-08,3.596,0.000278
2019-04-09,3.596,0.0
2019-04-10,3.594,-0.000556
2019-04-11,3.569,-0.006956
2019-04-12,3.566,-0.000841
2019-04-15,3.56,-0.001683
2019-04-16,3.582,0.00618
2019-04-17,3.584,0.000558
2019-04-18,3.579,-0.001395
2019-04-19,3.584,0.001397
2019-04-22,3.572,-0.003348
2019-04-23,3.568,-0.00112
2019-04-24,3.576,0.002242
2019-04-25,3.552,-0.006711
2019-04-26,3.541,-0.003097
2019-04-29,3.547,0.001694
2019-04-30,3.552,0.00141
2019-05-06,3.489,-0.017736
2019-05-07,3.497,0.002293
2019-05-08,3.49,-0.002002
2019-05-09,3.474,-0.004585
2019-05-10,3.512,0.010938
2019-05-13,3.502,-0.002847
2019-05-14,3.499,-0.000857
2019-05-15,3.517,0.005144
2019-05-16,3.513,-0.001137
2019-05-17,3.488,-0.007116
2019-05-20,3.479,-0.00258
2019-05-21,3.495,0.004599
2019-05-22,3.49,-0.001431
2019-05-23,3.469,-0.006017
2019-05-24,3.469,0.0
2019-05-27,3.479,0.002883
2019-05-28,3.484,0.001437
2019-05-29,3.486,0.000574
2019-05-30,3.478,-0.002295
2019-05-31,3.48,0.000575
2019-06-03,3.472,-0.002299
2019-06-04,3.468,-0.001152
2019-06-05,3.464,-0.001153
2019-06-06,3.456,-0.002309
2019-06-10,3.462,0.001736
2019-06-11,3.486,0.006932
2019-06-12,3.48,-0.001721
2019-06-13,3.481,0.000287
2019-06-14,3.472,-0.002585
2019-06-17,3.467,-0.00144
2019-06-18,3.467,0.0
2019-06-19,3.482,0.004327
2019-06-20,3.502,0.005744
2019-06-21,3.506,0.001142
2019-06-24,3.504,-0.00057
2019-06-25,3.499,-0.001427
2019-06-26,3.501,0.000572
2019-06-27,3.511,0.002856
2019-06-28,3.509,-0.00057
2019-06-30,3.509,0.0
2019-07-01,3.534,0.007125
2019-07-02,3.532,-0.000566
2019-07-03,3.521,-0.003114
2019-07-04,3.513,-0.002272
2019-07-05,3.518,0.001423
2019-07-08,3.499,-0.005401
2019-07-09,3.499,0.0
2019-07-10,3.495,-0.001143
2019-07-11,3.497,0.000572
2019-07-12,3.503,0.001716
2019-07-15,3.507,0.001142
2019-07-16,3.506,-0.000285
2019-07-17,3.505,-0.000285
2019-07-18,3.496,-0.002568
2019-07-19,3.503,0.002002
2019-07-22,3.498,-0.001427
2019-07-23,3.504,0.001715
2019-07-24,3.512,0.002283
2019-07-25,3.52,0.002278
2019-07-26,3.52,0.0
2019-07-29,3.521,0.000284
2019-07-30,3.521,0.0
2019-07-31,3.514,-0.001988
2019-08-01,3.508,-0.001707
2019-08-02,3.496,-0.003421
2019-08-05,3.487,-0.002574
2019-08-06,3.477,-0.002868
2019-08-07,3.473,-0.00115
2019-08-08,3.478,0.00144
2019-08-09,3.466,-0.00345
2019-08-12,3.485,0.005482
2019-08-13,3.482,-0.000861
2019-08-14,3.489,0.00201
2019-08-15,3.494,0.001433
2019-08-16,3.495,0.000286
2019-08-19,3.52,0.007153
2019-08-20,3.519,-0.000284
2019-08-21,3.52,0.000284
2019-08-22,3.519,-0.000284
2019-08-23,3.518,-0.000284
2019-08-26,3.504,-0.00398
2019-08-27,3.522,0.005137
2019-08-28,3.517,-0.00142
2019-08-29,3.517,0.0
2019-08-30,3.51,-0.00199
2019-09-02,3.525,0.004274
2019-09-03,3.533,0.00227
2019-09-04,3.538,0.001415
2019-09-05,3.545,0.001979
2019-09-06,3.549,0.001128
2019-09-09,3.567,0.005072
2019-09-10,3.561,-0.001682
2019-09-11,3.555,-0.001685
2019-09-12,3.56,0.001406
2019-09-16,3.559,-0.000281
2019-09-17,3.543,-0.004496
2019-09-18,3.546,0.000847
2019-09-19,3.553,0.001974
2019-09-20,3.554,0.000281
2019-09-23,3.546,-0.002251
2019-09-24,3.55,0.001128
2019-09-25,3.538,-0.00338
2019-09-26,3.521,-0.004805
2019-09-27,3.524,0.000852
2019-09-30,3.512,-0.003405
2019-10-08,3.511,-0.000285
2019-10-09,3.515,0.001139
2019-10-10,3.528,0.003698
2019-10-11,3.531,0.00085
2019-10-14,3.538,0.001982
2019-10-15,3.528,-0.002826
2019-10-16,3.524,-0.001134
2019-10-17,3.53,0.001703
2019-10-18,3.518,-0.003399
2019-10-21,3.518,0.0
2019-10-22,3.525,0.00199
2019-10-23,3.512,-0.003688
2019-10-24,3.508,-0.001139
2019-10-25,3.514,0.00171
2019-10-28,3.525,0.00313
2019-10-29,3.52,-0.001418
2019-10-30,3.513,-0.001989
2019-10-31,3.509,-0.001139
2019-11-01,3.521,0.00342
2019-11-04,3.527,0.001704
2019-11-05,3.535,0.002268
2019-11-06,3.526,-0.002546
2019-11-07,3.529,0.000851
2019-11-08,3.528,-0.000283
2019-11-11,3.511,-0.004819
2019-11-12,3.51,-0.000285
2019-11-13,3.513,0.000855
2019-11-14,3.517,0.001139
2019-11-15,3.509,-0.002275
2019-11-18,3.512,0.000855
2019-11-19,3.524,0.003417
2019-11-20,3.515,-0.002554
2019-11-21,3.511,-0.001138
2019-11-22,3.497,-0.003987
2019-11-25,3.496,-0.000286
2019-11-26,3.5,0.001144
2019-11-27,3.502,0.000571
2019-11-28,3.502,0.0
2019-11-29,3.495,-0.001999
2019-12-02,3.494,-0.000286
2019-12-03,3.494,0.0
2019-12-04,3.496,0.000572
2019-12-05,3.51,0.004005
2019-12-06,3.516,0.001709
2019-12-09,3.514,-0.000569
2019-12-10,3.515,0.000285
2019-12-11,3.513,-0.000569
2019-12-12,3.512,-0.000285
2019-12-13,3.527,0.004271
2019-12-16,3.545,0.005103
2019-12-17,3.554,0.002539
2019-12-18,3.551,-0.000844
2019-12-19,3.543,-0.002253
2019-12-20,3.541,-0.000564
2019-12-23,3.529,-0.003389
2019-12-24,3.539,0.002834
2019-12-25,3.547,0.002261
2019-12-26,3.557,0.002819
2019-12-27,3.552,-0.001406
2019-12-30,3.561,0.002534
2019-12-31,3.566,0.001404
2020-01-02,3.584,0.005048
2020-01-03,3.588,0.001116
2020-01-06,3.588,0.0
2020-01-07,3.593,0.001394
2020-01-08,3.586,-0.001948
2020-01-09,3.602,0.004462
2020-01-10,3.598,-0.00111
2020-01-13,3.62,0.006115
2020-01-14,3.612,-0.00221
2020-01-15,3.614,0.000554
2020-01-16,3.609,-0.001384
2020-01-17,3.605,-0.001108
2020-01-20,3.619,0.003883
2020-01-21,3.612,-0.001934
2020-01-22,3.631,0.00526
2020-01-23,3.592,-0.010741
2020-02-03,3.515,-0.021437
2020-02-04,3.549,0.009673
2020-02-05,3.551,0.000564
2020-02-06,3.569,0.005069
2020-02-07,3.573,0.001121
2020-02-10,3.577,0.00112
2020-02-11,3.589,0.003355
2020-02-12,3.607,0.005015
2020-02-13,3.61,0.000832
2020-02-14,3.611,0.000277
2020-02-17,3.641,0.008308
2020-02-18,3.656,0.00412
2020-02-19,3.648,-0.002188
2020-02-20,3.675,0.007401
2020-02-21,3.695,0.005442
2020-02-24,3.7,0.001353
2020-02-25,3.705,0.001351
2020-02-26,3.658,-0.012686
2020-02-27,3.656,-0.000547
2020-02-28,3.625,-0.008479
2020-03-02,3.652,0.007448
2020-03-03,3.657,0.001369
2020-03-04,3.658,0.000273
2020-03-05,3.667,0.00246
2020-03-06,3.653,-0.003818
2020-03-09,3.621,-0.00876
2020-03-10,3.647,0.00718
2020-03-11,3.627,-0.005484
2020-03-12,3.61,-0.004687
2020-03-13,3.598,-0.003324
2020-03-16,3.552,-0.012785
2020-03-17,3.553,0.000282
2020-03-18,3.544,-0.002533
2020-03-19,3.546,0.000564
2020-03-20,3.562,0.004512
2020-03-23,3.526,-0.010107
2020-03-24,3.544,0.005105
2020-03-25,3.564,0.005643
2020-03-26,3.558,-0.001684
2020-03-27,3.559,0.000281
2020-03-30,3.546,-0.003653
2020-03-31,3.548,0.000564
2020-04-01,3.548,0.0
2020-04-02,3.564,0.00451
2020-04-03,3.559,-0.001403
2020-04-07,3.588,0.008148
2020-04-08,3.586,-0.000557
2020-04-09,3.588,0.000558
2020-04-10,3.574,-0.003902
2020-04-13,3.577,0.000839
2020-04-14,3.598,0.005871
2020-04-15,3.589,-0.002501
2020-04-16,3.601,0.003344
2020-04-17,3.609,0.002222
2020-04-20,3.621,0.003325
2020-04-21,3.619,-0.000552
2020-04-22,3.624,0.001382
2020-04-23,3.625,0.000276
2020-04-24,3.615,-0.002759
2020-04-27,3.618,0.00083
2020-04-28,3.62,0.000553
2020-04-29,3.627,0.001934
2020-04-30,3.624,-0.000827
2020-05-06,3.633,0.002483
2020-05-07,3.639,0.001652
2020-05-08,3.641,0.00055
2020-05-11,3.634,-0.001923
2020-05-12,3.639,0.001376
2020-05-13,3.647,0.002198
2020-05-14,3.638,-0.002468
2020-05-15,3.648,0.002749
2020-05-18,3.658,0.002741
2020-05-19,3.668,0.002734
2020-05-20,3.657,-0.002999
2020-05-21,3.647,-0.002734
2020-05-22,3.634,-0.003565
2020-05-25,3.642,0.002201
2020-05-26,3.657,0.004119
2020-05-27,3.642,-0.004102
2020-05-28,3.638,-0.001098
2020-05-29,3.652,0.003848
2020-06-01,3.677,0.006846
2020-06-02,3.669,-0.002176
2020-06-03,3.666,-0.000818
2020-06-04,3.664,-0.000546
2020-06-05,3.662,-0.000546
2020-06-08,3.661,-0.000273
2020-06-09,3.669,0.002185
2020-06-10,3.679,0.002726
2020-06-11,3.68,0.000272
2020-06-12,3.688,0.002174
2020-06-15,3.676,-0.003254
2020-06-16,3.699,0.006257
2020-06-17,3.7,0.00027
2020-06-18,3.696,-0.001081
2020-06-19,3.72,0.006494
2020-06-22,3.727,0.001882
2020-06-23,3.737,0.002683
2020-06-24,3.748,0.002944
2020-06-29,3.739,-0.002401
2020-06-30,3.762,0.006151
2020-07-01,3.769,0.001861
2020-07-02,3.774,0.001327
2020-07-03,3.775,0.000265
2020-07-06,3.805,0.007947
2020-07-07,3.839,0.008936
2020-07-08,3.859,0.00521
2020-07-09,3.892,0.008551
2020-07-10,3.885,-0.001799
2020-07-13,3.924,0.010039
2020-07-14,3.909,-0.003823
2020-07-15,3.891,-0.004605
2020-07-16,3.829,-0.015934
2020-07-17,3.846,0.00444
2020-07-20,3.869,0.00598
2020-07-21,3.886,0.004394
2020-07-22,3.894,0.002059
2020-07-23,3.907,0.003338
2020-07-24,3.843,-0.016381
2020-07-27,3.843,0.0
2020-07-28,3.861,0.004684
2020-07-29,3.896,0.009065
2020-07-30,3.895,-0.000257
2020-07-31,3.922,0.006932
2020-08-03,3.947,0.006374
2020-08-04,3.932,-0.0038
2020-08-05,3.958,0.006612
2020-08-06,3.942,-0.004042
2020-08-07,3.935,-0.001776
2020-08-10,3.918,-0.00432
2020-08-11,3.903,-0.003828
2020-08-12,3.869,-0.008711
2020-08-13,3.866,-0.000775
2020-08-14,3.882,0.004139
2020-08-17,3.9,0.004637
2020-08-18,3.913,0.003333
2020-08-19,3.885,-0.007156
2020-08-20,3.868,-0.004376
2020-08-21,3.886,0.004654
2020-08-24,3.889,0.000772
2020-08-25,3.885,-0.001029
2020-08-26,3.855,-0.007722
2020-08-27,3.87,0.003891
2020-08-28,3.892,0.005685
2020-08-31,3.893,0.000257
2020-09-01,3.903,0.002569
2020-09-02,3.907,0.001025
2020-09-03,3.898,-0.002304
2020-09-04,3.891,-0.001796
2020-09-07,3.861,-0.00771
2020-09-08,3.861,0.0
2020-09-09,3.823,-0.009842
2020-09-10,3.827,0.001046
2020-09-11,3.848,0.005487
2020-09-14,3.857,0.002339
2020-09-15,3.874,0.004408
2020-09-16,3.864,-0.002581
2020-09-17,3.859,-0.001294
2020-09-18,3.884,0.006478
2020-09-21,3.874,-0.002575
2020-09-22,3.86,-0.003614
2020-09-23,3.873,0.003368
2020-09-24,3.848,-0.006455
2020-09-25,3.849,0.00026
2020-09-28,3.845,-0.001039
2020-09-29,3.848,0.00078
2020-09-30,3.847,-0.00026
2020-10-09,3.885,0.009878
2020-10-12,3.926,0.010553
2020-10-13,3.934,0.002038
2020-10-14,3.926,-0.002034
2020-10-15,3.911,-0.003821
2020-10-16,3.901,-0.002557
2020-10-19,3.889,-0.003076
2020-10-20,3.906,0.004371
2020-10-21,3.896,-0.00256
2020-10-22,3.886,-0.002567
2020-10-23,3.856,-0.00772
2020-10-26,3.861,0.001297
2020-10-27,3.866,0.001295
2020-10-28,3.872,0.001552
2020-10-29,3.881,0.002324
2020-10-30,3.86,-0.005411
2020-11-02,3.865,0.001295
2020-11-03,3.876,0.002846
2020-11-04,3.881,0.00129
2020-11-05,3.899,0.004638
2020-11-06,3.885,-0.003591
2020-11-09,3.907,0.005663
2020-11-10,3.889,-0.004607
2020-11-11,3.876,-0.003343
2020-11-12,3.873,-0.000774
2020-11-13,3.873,0.0
2020-11-16,3.881,0.002066
2020-11-17,3.876,-0.001288
2020-11-18,3.868,-0.002064
2020-11-19,3.882,0.003619
2020-11-20,3.881,-0.000258
2020-11-23,3.889,0.002061
2020-11-24,3.877,-0.003086
2020-11-25,3.856,-0.005417
2020-11-26,3.858,0.000519
2020-11-27,3.868,0.002592
2020-11-30,3.862,-0.001551
2020-12-01,3.878,0.004143
2020-12-02,3.878,0.0
2020-12-03,3.879,0.000258
2020-12-04,3.883,0.001031
2020-12-07,3.868,-0.003863
2020-12-08,3.86,-0.002068
2020-12-09,3.843,-0.004404
2020-12-10,3.84,-0.000781
2020-12-11,3.823,-0.004427
2020-12-14,3.829,0.001569
2020-12-15,3.829,0.0
2020-12-16,3.827,-0.000522
2020-12-17,3.834,0.001829
2020-12-18,3.827,-0.001826
2020-12-21,3.84,0.003397
2020-12-22,3.826,-0.003646
2020-12-23,3.837,0.002875
2020-12-24,3.827,-0.002606
2020-12-25,3.831,0.001045
2020-12-28,3.833,0.000522
2020-12-29,3.832,-0.000261
2020-12-30,3.845,0.003392
2020-12-31,3.87,0.006502
2021-01-04,3.876,0.00155
2021-01-05,3.883,0.001806
2021-01-06,3.89,0.001803
2021-01-07,3.897,0.001799
2021-01-08,3.883,-0.003593
2021-01-11,3.873,-0.002575
2021-01-12,3.901,0.00723
2021-01-13,3.897,-0.001025
2021-01-14,3.867,-0.007698
2021-01-15,3.861,-0.001552
2021-01-18,3.856,-0.001295
2021-01-19,3.839,-0.004409
2021-01-20,3.874,0.009117
2021-01-21,3.892,0.004646
2021-01-22,3.928,0.00925
2021-01-25,3.964,0.009165
2021-01-26,3.935,-0.007316
2021-01-27,3.922,-0.003304
2021-01-28,3.89,-0.008159
2021-01-29,3.897,0.001799
2021-02-01,3.916,0.004876
2021-02-02,3.947,0.007916
2021-02-03,3.953,0.00152
2021-02-04,3.95,-0.000759
2021-02-05,3.963,0.003291
2021-02-08,3.981,0.004542
2021-02-09,4.009,0.007033
2021-02-10,4.046,0.009229
2021-02-18,3.998,-0.011864
2021-02-19,3.993,-0.001251
2021-02-22,3.919,-0.018532
2021-02-23,3.911,-0.002041
2021-02-24,3.862,-0.012529
2021-02-25,3.86,-0.000518
2021-02-26,3.831,-0.007513
2021-03-01,3.847,0.004176
2021-03-02,3.826,-0.005459
2021-03-03,3.841,0.003921
2021-03-04,3.792,-0.012757
2021-03-05,3.795,0.000791
2021-03-08,3.738,-0.01502
2021-03-09,3.714,-0.006421
2021-03-10,3.736,0.005924
2021-03-11,3.763,0.007227
2021-03-12,3.767,0.001063
2021-03-15,3.731,-0.009557
2021-03-16,3.747,0.004288
2021-03-17,3.759,0.003203
2021-03-18,3.778,0.005055
2021-03-19,3.754,-0.006353
2021-03-22,3.764,0.002664
2021-03-23,3.761,-0.000797
2021-03-24,3.756,-0.001329
2021-03-25,3.763,0.001864
2021-03-26,3.798,0.009301
2021-03-29,3.803,0.001316
2021-03-30,3.815,0.003155
2021-03-31,3.806,-0.002359
2021-04-01,3.824,0.004729
2021-04-02,3.846,0.005753
2021-04-06,3.838,-0.00208
2021-04-07,3.829,-0.002345
2021-04-08,3.845,0.004179
2021-04-09,3.827,-0.004681
2021-04-12,3.807,-0.005226
2021-04-13,3.812,0.001313
2021-04-14,3.821,0.002361
2021-04-15,3.81,-0.002879
2021-04-16,3.81,0.0
2021-04-19,3.832,0.005774
2021-04-20,3.842,0.00261
2021-04-21,3.857,0.003904
2021-04-22,3.859,0.000519
2021-04-23,3.876,0.004405
2021-04-26,3.869,-0.001806
2021-04-27,3.891,0.005686
2021-04-28,3.91,0.004883
2021-04-29,3.912,0.000512
2021-04-30,3.912,0.0
2021-05-06,3.882,-0.007669
2021-05-07,3.846,-0.009274
2021-05-10,3.855,0.00234
2021-05-11,3.873,0.004669
2021-05-12,3.891,0.004648
2021-05-13,3.892,0.000257
2021-05-14,3.91,0.004625
2021-05-17,3.943,0.00844
2021-05-18,3.933,-0.002536
2021-05-19,3.925,-0.002034
2021-05-20,3.935,0.002548
2021-05-21,3.924,-0.002795
2021-05-24,3.926,0.00051
2021-05-25,3.964,0.009679
2021-05-26,3.959,-0.001261
2021-05-27,3.971,0.003031
2021-05-28,3.955,-0.004029
2021-05-31,3.969,0.00354
2021-06-01,3.983,0.003527
2021-06-02,3.953,-0.007532
2021-06-03,3.948,-0.001265
2021-06-04,3.955,0.001773
2021-06-07,3.957,0.000506
2021-06-08,3.941,-0.004043
2021-06-09,3.94,-0.000254
2021-06-10,3.951,0.002792
2021-06-11,3.947,-0.001012
2021-06-15,3.938,-0.00228
2021-06-16,3.907,-0.007872
2021-06-17,3.914,0.001792
2021-06-18,3.918,0.001022
2021-06-21,3.933,0.003828
2021-06-22,3.949,0.004068
2021-06-23,3.946,-0.00076
2021-06-24,3.932,-0.003548
2021-06-25,3.955,0.005849
2021-06-28,3.974,0.004804
2021-06-29,3.959,-0.003775
2021-06-30,3.96,0.000253
2021-07-01,3.976,0.00404
2021-07-02,3.921,-0.013833
2021-07-05,3.917,-0.00102
2021-07-06,3.885,-0.00817
2021-07-07,3.914,0.007465
2021-07-08,3.89,-0.006132
2021-07-09,3.882,-0.002057
2021-07-12,3.906,0.006182
2021-07-13,3.913,0.001792
2021-07-14,3.922,0.0023
2021-07-15,3.931,0.002295
2021-07-16,3.904,-0.006868
2021-07-19,3.921,0.004355
2021-07-20,3.922,0.000255
2021-07-21,3.934,0.00306
2021-07-22,3.905,-0.007372
2021-07-23,3.869,-0.009219
2021-07-26,3.813,-0.014474
2021-07-27,3.781,-0.008392
2021-07-28,3.806,0.006612
2021-07-29,3.83,0.006306
2021-07-30,3.806,-0.006266
2021-08-02,3.83,0.006306
2021-08-03,3.855,0.006527
2021-08-04,3.857,0.000519
2021-08-05,3.856,-0.000259
2021-08-06,3.831,-0.006483
2021-08-09,3.847,0.004176
2021-08-10,3.861,0.003639
2021-08-11,3.849,-0.003108
2021-08-12,3.834,-0.003897
2021-08-13,3.828,-0.001565
2021-08-16,3.825,-0.000784
2021-08-17,3.783,-0.01098
2021-08-18,3.787,0.001057
2021-08-19,3.792,0.00132
2021-08-20,3.75,-0.011076
2021-08-23,3.768,0.0048
2021-08-24,3.789,0.005573
2021-08-25,3.796,0.001847
2021-08-26,3.764,-0.00843
2021-08-27,3.77,0.001594
2021-08-30,3.762,-0.002122
2021-08-31,3.743,-0.005051
2021-09-01,3.76,0.004542
2021-09-02,3.731,-0.007713
2021-09-03,3.734,0.000804
2021-09-06,3.774,0.010712
2021-09-07,3.776,0.00053
2021-09-08,3.767,-0.002383
2021-09-09,3.759,-0.002124
2021-09-10,3.76,0.000266
2021-09-13,3.753,-0.001862
2021-09-14,3.763,0.002665
2021-09-15,3.749,-0.00372
2021-09-16,3.749,0.0
2021-09-17,3.777,0.007469
2021-09-22,3.766,-0.002912
2021-09-23,3.764,-0.000531
2021-09-24,3.78,0.004251
2021-09-27,3.797,0.004497
2021-09-28,3.791,-0.00158
2021-09-29,3.779,-0.003165
2021-09-30,3.796,0.004499
2021-10-08,3.792,-0.001054
2021-10-11,3.777,-0.003956
2021-10-12,3.771,-0.001589
2021-10-13,3.796,0.00663
2021-10-14,3.78,-0.004215
2021-10-15,3.777,-0.000794
2021-10-18,3.755,-0.005825
2021-10-19,3.774,0.00506
2021-10-20,3.765,-0.002385
2021-10-21,3.766,0.000266
2021-10-22,3.774,0.002124
2021-10-25,3.777,0.000795
2021-10-26,3.771,-0.001589
2021-10-27,3.754,-0.004508
2021-10-28,3.745,-0.002397
2021-10-29,3.762,0.004539
2021-11-01,3.749,-0.003456
2021-11-02,3.742,-0.001867
2021-11-03,3.739,-0.000802
2021-11-04,3.746,0.001872
2021-11-05,3.744,-0.000534
2021-11-08,3.732,-0.003205
2021-11-09,3.74,0.002144
2021-11-10,3.737,-0.000802
2021-11-11,3.748,0.002944
2021-11-12,3.745,-0.0008
2021-11-15,3.756,0.002937
2021-11-16,3.778,0.005857
2021-11-17,3.779,0.000265
2021-11-18,3.764,-0.003969
2021-11-19,3.77,0.001594
2021-11-22,3.772,0.000531
2021-11-23,3.774,0.00053
2021-11-24,3.792,0.004769
2021-11-25,3.786,-0.001582
2021-11-26,3.787,0.000264
2021-11-29,3.79,0.000792
2021-11-30,3.781,-0.002375
2021-12-01,3.773,-0.002116
2021-12-02,3.768,-0.001325
2021-12-03,3.777,0.002389
2021-12-06,3.768,-0.002383
2021-12-07,3.773,0.001327
2021-12-08,3.795,0.005831
2021-12-09,3.815,0.00527
2021-12-10,3.809,-0.001573
2021-12-13,3.806,-0.000788
2021-12-14,3.802,-0.001051
2021-12-15,3.783,-0.004997
2021-12-16,3.784,0.000264
2021-12-17,3.769,-0.003964
2021-12-20,3.75,-0.005041
2021-12-21,3.758,0.002133
2021-12-22,3.765,0.001863
2021-12-23,3.767,0.000531
2021-12-24,3.766,-0.000265
2021-12-27,3.768,0.000531
2021-12-28,3.778,0.002654
2021-12-29,3.766,-0.003176
2021-12-30,3.773,0.001859
2021-12-31,3.77,-0.000795
2022-01-04,3.746,-0.006366
2022-01-05,3.719,-0.007208
2022-01-06,3.709,-0.002689
2022-01-07,3.696,-0.003505
2022-01-10,3.697,0.000271
2022-01-11,3.682,-0.004057
2022-01-12,3.699,0.004617
2022-01-13,3.684,-0.004055
2022-01-14,3.684,0.0
2022-01-17,3.696,0.003257
2022-01-18,3.699,0.000812
2022-01-19,3.678,-0.005677
2022-01-20,3.662,-0.00435
2022-01-21,3.645,-0.004642
2022-01-24,3.654,0.002469
2022-01-25,3.639,-0.004105
2022-01-26,3.633,-0.001649
2022-01-27,3.617,-0.004404
2022-01-28,3.613,-0.001106
2022-02-07,3.614,0.000277
2022-02-08,3.604,-0.002767
2022-02-09,3.615,0.003052
2022-02-10,3.609,-0.00166
2022-02-11,3.592,-0.00471
2022-02-14,3.593,0.000278
2022-02-15,3.612,0.005288
2022-02-16,3.608,-0.001107
2022-02-17,3.612,0.001109
2022-02-18,3.609,-0.000831
2022-02-21,3.609,0.0
2022-02-22,3.596,-0.003602
2022-02-23,3.616,0.005562
2022-02-24,3.617,0.000277
2022-02-25,3.627,0.002765
2022-02-28,3.631,0.001103
2022-03-01,3.64,0.002479
2022-03-02,3.633,-0.001923
2022-03-03,3.619,-0.003854
2022-03-04,3.613,-0.001658
2022-03-07,3.595,-0.004982
2022-03-08,3.569,-0.007232
2022-03-09,3.56,-0.002522
2022-03-10,3.58,0.005618
2022-03-11,3.587,0.001955
2022-03-14,3.577,-0.002788
2022-03-15,3.547,-0.008387
2022-03-16,3.571,0.006766
2022-03-17,3.586,0.004201
2022-03-18,3.583,-0.000837
2022-03-21,3.594,0.00307
2022-03-22,3.588,-0.001669
2022-03-23,3.604,0.004459
2022-03-24,3.606,0.000555
2022-03-25,3.592,-0.003882
2022-03-28,3.586,-0.00167
2022-03-29,3.589,0.000837
2022-03-30,3.6,0.003065
2022-03-31,3.587,-0.003611
2022-04-01,3.585,-0.000558
2022-04-06,3.57,-0.004184
2022-04-07,3.561,-0.002521
2022-04-08,3.556,-0.001404
2022-04-11,3.534,-0.006187
2022-04-12,3.54,0.001698
2022-04-13,3.522,-0.005085
2022-04-14,3.531,0.002555
2022-04-15,3.525,-0.001699
2022-04-18,3.538,0.003688
2022-04-19,3.537,-0.000283
2022-04-20,3.521,-0.004524
2022-04-21,3.499,-0.006248
2022-04-22,3.494,-0.001429
2022-04-25,3.452,-0.012021
2022-04-26,3.433,-0.005504
2022-04-27,3.467,0.009904
2022-04-28,3.469,0.000577
2022-04-29,3.497,0.008071
2022-05-05,3.512,0.004289
2022-05-06,3.498,-0.003986
2022-05-09,3.507,0.002573
2022-05-10,3.517,0.002851
2022-05-11,3.519,0.000569
2022-05-12,3.52,0.000284
2022-05-13,3.523,0.000852
2022-05-16,3.517,-0.001703
2022-05-17,3.527,0.002843
2022-05-18,3.522,-0.001418
2022-05-19,3.526,0.001136
2022-05-20,3.532,0.001702
2022-05-23,3.531,-0.000283
2022-05-24,3.508,-0.006514
2022-05-25,3.516,0.002281
2022-05-26,3.527,0.003129
2022-05-27,3.523,-0.001134
2022-05-30,3.533,0.002838
2022-05-31,3.543,0.00283
2022-06-01,3.547,0.001129
2022-06-02,3.554,0.001973
2022-06-06,3.576,0.00619
2022-06-07,3.573,-0.000839
2022-06-08,3.574,0.00028
2022-06-09,3.559,-0.004197
2022-06-10,3.583,0.006743
2022-06-13,3.585,0.000558
2022-06-14,3.574,-0.003068
2022-06-15,3.571,-0.000839
2022-06-16,3.575,0.00112
2022-06-17,3.584,0.002517
2022-06-20,3.596,0.003348
2022-06-21,3.584,-0.003337
2022-06-22,3.574,-0.00279
2022-06-23,3.601,0.007555
2022-06-24,3.627,0.00722
2022-06-27,3.635,0.002206
2022-06-28,3.647,0.003301
2022-06-29,3.623,-0.006581
2022-06-30,3.634,0.003036
2022-07-01,3.63,-0.001101
2022-07-04,3.658,0.007713
2022-07-05,3.654,-0.001093
2022-07-06,3.646,-0.002189
2022-07-07,3.662,0.004388
2022-07-08,3.647,-0.004096
2022-07-11,3.638,-0.002468
2022-07-12,3.62,-0.004948
2022-07-13,3.618,-0.000552
2022-07-14,3.636,0.004975
2022-07-15,3.627,-0.002475
2022-07-18,3.622,-0.001379
2022-07-19,3.614,-0.002209
2022-07-20,3.631,0.004704
2022-07-21,3.625,-0.001652
2022-07-22,3.622,-0.000828
2022-07-25,3.623,0.000276
2022-07-26,3.629,0.001656
2022-07-27,3.634,0.001378
2022-07-28,3.638,0.001101
2022-07-29,3.626,-0.003299
2022-08-01,3.634,0.002206
2022-08-02,3.626,-0.002201
2022-08-03,3.638,0.003309
2022-08-04,3.634,-0.0011
2022-08-05,3.634,0.0
2022-08-08,3.658,0.006604
2022-08-09,3.676,0.004921
2022-08-10,3.68,0.001088
2022-08-11,3.677,-0.000815
2022-08-12,3.657,-0.005439
2022-08-15,3.664,0.001914
2022-08-16,3.673,0.002456
2022-08-17,3.666,-0.001906
2022-08-18,3.685,0.005183
2022-08-19,3.674,-0.002985
2022-08-22,3.686,0.003266
2022-08-23,3.69,0.001085
2022-08-24,3.657,-0.008943
2022-08-25,3.649,-0.002188
2022-08-26,3.631,-0.004933
2022-08-29,3.64,0.002479
2022-08-30,3.632,-0.002198
2022-08-31,3.607,-0.006883
2022-09-01,3.605,-0.000554
2022-09-02,3.609,0.00111
2022-09-05,3.614,0.001385
2022-09-06,3.637,0.006364
2022-09-07,3.652,0.004124
2022-09-08,3.655,0.000821
2022-09-09,3.649,-0.001642
2022-09-13,3.652,0.000822
2022-09-14,3.663,0.003012
2022-09-15,3.637,-0.007098
2022-09-16,3.639,0.00055
2022-09-19,3.625,-0.003847
2022-09-20,3.626,0.000276
2022-09-21,3.617,-0.002482
2022-09-22,3.636,0.005253
2022-09-23,3.628,-0.0022
2022-09-26,3.624,-0.001103
2022-09-27,3.641,0.004691
2022-09-28,3.619,-0.006042
2022-09-29,3.625,0.001658
2022-09-30,3.602,-0.006345
2022-10-10,3.586,-0.004442
2022-10-11,3.585,-0.000279
2022-10-12,3.6,0.004184
2022-10-13,3.613,0.003611
2022-10-14,3.628,0.004152
2022-10-17,3.636,0.002205
2022-10-18,3.648,0.0033
2022-10-19,3.638,-0.002741
2022-10-20,3.632,-0.001649
2022-10-21,3.628,-0.001101
2022-10-24,3.656,0.007718
2022-10-25,3.65,-0.001641
2022-10-26,3.65,0.0
2022-10-27,3.637,-0.003562
2022-10-28,3.632,-0.001375
2022-10-31,3.647,0.00413
2022-11-01,3.65,0.000823
2022-11-02,3.638,-0.003288
2022-11-03,3.646,0.002199
2022-11-04,3.652,0.001646
2022-11-07,3.636,-0.004381
2022-11-08,3.63,-0.00165
2022-11-09,3.626,-0.001102
2022-11-10,3.616,-0.002758
2022-11-11,3.62,0.001106
2022-11-14,3.608,-0.003315
2022-11-15,3.618,0.002772
2022-11-16,3.609,-0.002488
2022-11-17,3.608,-0.000277
2022-11-18,3.6,-0.002217
2022-11-21,3.608,0.002222
2022-11-22,3.597,-0.003049
2022-11-23,3.597,0.0
2022-11-24,3.595,-0.000556
2022-11-25,3.582,-0.003616
2022-11-28,3.583,0.000279
2022-11-29,3.583,0.0
2022-11-30,3.585,0.000558
2022-12-01,3.59,0.001395
2022-12-02,3.587,-0.000836
2022-12-05,3.58,-0.001951
2022-12-06,3.58,0.0
2022-12-07,3.577,-0.000838
2022-12-08,3.573,-0.001118
2022-12-09,3.576,0.00084
2022-12-12,3.579,0.000839
2022-12-13,3.567,-0.003353
2022-12-14,3.561,-0.001682
2022-12-15,3.561,0.0
2022-12-16,3.551,-0.002808
2022-12-19,3.542,-0.002534
2022-12-20,3.54,-0.000565
2022-12-21,3.531,-0.002542
2022-12-22,3.524,-0.001982
2022-12-23,3.517,-0.001986
2022-12-26,3.539,0.006255
2022-12-27,3.554,0.004238
2022-12-28,3.55,-0.001125
2022-12-29,3.561,0.003099
2022-12-30,3.564,0.000842
2022-12-31,3.564,0.0
2023-01-03,3.577,0.003648
2023-01-04,3.572,-0.001398
2023-01-05,3.583,0.00308
2023-01-06,3.581,-0.000558
2023-01-09,3.569,-0.003351
2023-01-10,3.569,0.0
2023-01-11,3.558,-0.003082
2023-01-12,3.56,0.000562
2023-01-13,3.551,-0.002528
2023-01-16,3.566,0.004224
2023-01-17,3.57,0.001122
2023-01-18,3.566,-0.00112
2023-01-19,3.579,0.003646
2023-01-20,3.579,0.0
2023-01-30,3.594,0.004191
2023-01-31,3.587,-0.001948
2023-02-01,3.594,0.001951
2023-02-02,3.587,-0.001948
2023-02-03,3.587,0.0
2023-02-06,3.581,-0.001673
2023-02-07,3.575,-0.001676
2023-02-08,3.563,-0.003357
2023-02-09,3.576,0.003649
2023-02-10,3.566,-0.002796
2023-02-13,3.569,0.000841
2023-02-14,3.565,-0.001121
2023-02-15,3.56,-0.001403
2023-02-16,3.552,-0.002247
2023-02-17,3.543,-0.002534
2023-02-20,3.548,0.001411
2023-02-21,3.549,0.000282
2023-02-22,3.548,-0.000282
2023-02-23,3.553,0.001409
2023-02-24,3.557,0.001126
2023-02-27,3.558,0.000281
2023-02-28,3.559,0.000281
2023-03-01,3.56,0.000281
2023-03-02,3.559,-0.000281
2023-03-03,3.559,0.0
2023-03-06,3.571,0.003372
2023-03-07,3.555,-0.004481
2023-03-08,3.557,0.000563
2023-03-09,3.548,-0.00253
2023-03-10,3.536,-0.003382
2023-03-13,3.535,-0.000283
2023-03-14,3.526,-0.002546
2023-03-15,3.518,-0.002269
2023-03-16,3.509,-0.002558
2023-03-17,3.497,-0.00342
2023-03-20,3.494,-0.000858
2023-03-21,3.51,0.004579
2023-03-22,3.507,-0.000855
2023-03-23,3.505,-0.00057
2023-03-24,3.502,-0.000856
2023-03-27,3.497,-0.001428
2023-03-28,3.49,-0.002002
2023-03-29,3.487,-0.00086
2023-03-30,3.496,0.002581
2023-03-31,3.497,0.000286
2023-04-03,3.504,0.002002
2023-04-04,3.496,-0.002283
2023-04-06,3.505,0.002574
2023-04-07,3.515,0.002853
2023-04-10,3.511,-0.001138
2023-04-11,3.505,-0.001709
2023-04-12,3.5,-0.001427
2023-04-13,3.499,-0.000286
2023-04-14,3.508,0.002572
2023-04-17,3.507,-0.000285
2023-04-18,3.505,-0.00057
2023-04-19,3.506,0.000285
2023-04-20,3.504,-0.00057
2023-04-21,3.496,-0.002283
2023-04-24,3.491,-0.00143
2023-04-25,3.477,-0.00401
2023-04-26,3.485,0.002301
2023-04-27,3.5,0.004304
2023-04-28,3.498,-0.000571
2023-05-04,3.494,-0.001144
2023-05-05,3.484,-0.002862
2023-05-08,3.485,0.000287
2023-05-09,3.471,-0.004017
2023-05-10,3.469,-0.000576
2023-05-11,3.468,-0.000288
2023-05-12,3.461,-0.002018
2023-05-15,3.476,0.004334
2023-05-16,3.474,-0.000575
2023-05-17,3.481,0.002015
2023-05-18,3.48,-0.000287
2023-05-19,3.488,0.002299
2023-05-22,3.49,0.000573
2023-05-23,3.484,-0.001719
2023-05-24,3.484,0.0
2023-05-25,3.485,0.000287
2023-05-26,3.482,-0.000861
2023-05-29,3.485,0.000862
2023-05-30,3.483,-0.000574
2023-05-31,3.48,-0.000861
2023-06-01,3.477,-0.000862
2023-06-02,3.477,0.0
2023-06-05,3.469,-0.002301
2023-06-06,3.457,-0.003459
2023-06-07,3.45,-0.002025
2023-06-08,3.449,-0.00029
2023-06-09,3.452,0.00087
2023-06-12,3.451,-0.00029
2023-06-13,3.453,0.00058
2023-06-14,3.453,0.0
2023-06-15,3.468,0.004344
2023-06-16,3.476,0.002307
2023-06-19,3.476,0.0
2023-06-20,3.491,0.004315
2023-06-21,3.479,-0.003437
2023-06-26,3.467,-0.003449
2023-06-27,3.474,0.002019
2023-06-28,3.48,0.001727
2023-06-29,3.486,0.001724
2023-06-30,3.501,0.004303
2023-07-03,3.502,0.000286
2023-07-04,3.506,0.001142
2023-07-05,3.495,-0.003137
2023-07-06,3.486,-0.002575
2023-07-07,3.48,-0.001721
2023-07-10,3.482,0.000575
2023-07-11,3.488,0.001723
2023-07-12,3.477,-0.003154
2023-07-13,3.48,0.000863
2023-07-14,3.472,-0.002299
2023-07-17,3.47,-0.000576
2023-07-18,3.476,0.001729
2023-07-19,3.467,-0.002589
2023-07-20,3.459,-0.002307
2023-07-21,3.459,0.0
2023-07-24,3.457,-0.000578
2023-07-25,3.466,0.002603
2023-07-26,3.464,-0.000577
2023-07-27,3.454,-0.002887
2023-07-28,3.458,0.001158
2023-07-31,3.455,-0.000868
2023-08-01,3.461,0.001737
2023-08-02,3.461,0.0
2023-08-03,3.458,-0.000867
2023-08-04,3.46,0.000578
2023-08-07,3.458,-0.000578
2023-08-08,3.461,0.000868
2023-08-09,3.463,0.000578
2023-08-10,3.458,-0.001444
2023-08-11,3.452,-0.001735
2023-08-14,3.454,0.000579
2023-08-15,3.45,-0.001158
2023-08-16,3.442,-0.002319
2023-08-17,3.458,0.004648
2023-08-18,3.455,-0.000868
2023-08-21,3.444,-0.003184
2023-08-22,3.453,0.002613
2023-08-23,3.439,-0.004054
2023-08-24,3.443,0.001163
2023-08-25,3.438,-0.001452
2023-08-28,3.441,0.000873
2023-08-29,3.462,0.006103
2023-08-30,3.465,0.000867
2023-08-31,3.458,-0.00202
2023-09-01,3.454,-0.001157
2023-09-04,3.461,0.002027
2023-09-05,3.458,-0.000867
2023-09-06,3.468,0.002892
2023-09-07,3.461,-0.002018
2023-09-08,3.472,0.003178
2023-09-11,3.464,-0.002304
2023-09-12,3.462,-0.000577
2023-09-13,3.454,-0.002311
2023-09-14,3.452,-0.000579
2023-09-15,3.451,-0.00029
2023-09-18,3.453,0.00058
2023-09-19,3.443,-0.002896
2023-09-20,3.438,-0.001452
2023-09-21,3.432,-0.001745
2023-09-22,3.442,0.002914
2023-09-25,3.438,-0.001162
2023-09-26,3.432,-0.001745
2023-09-27,3.437,0.001457
2023-09-28,3.441,0.001164
2023-10-09,3.441,0.0
2023-10-10,3.432,-0.002616
2023-10-11,3.422,-0.002914
2023-10-12,3.42,-0.000584
2023-10-13,3.412,-0.002339
2023-10-16,3.406,-0.001758
2023-10-17,3.409,0.000881
2023-10-18,3.402,-0.002053
2023-10-19,3.392,-0.002939
2023-10-20,3.383,-0.002653
2023-10-23,3.377,-0.001774
2023-10-24,3.377,0.0
2023-10-25,3.381,0.001184
2023-10-26,3.383,0.000592
2023-10-27,3.388,0.001478
2023-10-30,3.392,0.001181
2023-10-31,3.389,-0.000884
2023-11-01,3.387,-0.00059
2023-11-02,3.378,-0.002657
2023-11-03,3.383,0.00148
2023-11-06,3.392,0.00266
2023-11-07,3.387,-0.001474
2023-11-08,3.386,-0.000295
2023-11-09,3.385,-0.000295
2023-11-10,3.381,-0.001182
2023-11-13,3.395,0.004141
2023-11-14,3.399,0.001178
2023-11-15,3.399,0.0
2023-11-16,3.39,-0.002648
2023-11-17,3.394,0.00118
2023-11-20,3.404,0.002946
2023-11-21,3.396,-0.00235
2023-11-22,3.389,-0.002061
2023-11-23,3.398,0.002656
2023-11-24,3.387,-0.003237
2023-11-27,3.389,0.00059
2023-11-28,3.396,0.002066
2023-11-29,3.39,-0.001767
2023-11-30,3.385,-0.001475
2023-12-01,3.377,-0.002363
2023-12-04,3.38,0.000888
2023-12-05,3.368,-0.00355
2023-12-06,3.368,0.0
2023-12-07,3.362,-0.001781
2023-12-08,3.353,-0.002677
2023-12-11,3.367,0.004175
2023-12-12,3.369,0.000594
2023-12-13,3.362,-0.002078
2023-12-14,3.359,-0.000892
2023-12-15,3.352,-0.002084
2023-12-18,3.343,-0.002685
2023-12-19,3.332,-0.00329
2023-12-20,3.32,-0.003601
2023-12-21,3.324,0.001205
2023-12-22,3.33,0.001805
2023-12-25,3.336,0.001802
2023-12-26,3.329,-0.002098
2023-12-27,3.33,0.0003
2023-12-28,3.338,0.002402
2023-12-29,3.344,0.001797
2023-12-31,3.344,0.0
2024-01-02,3.338,-0.001794
2024-01-03,3.332,-0.001797
2024-01-04,3.325,-0.002101
2024-01-05,3.314,-0.003308
2024-01-08,3.303,-0.003319
2024-01-09,3.303,0.0
2024-01-10,3.297,-0.001817
2024-01-11,3.302,0.001517
2024-01-12,3.298,-0.001211
2024-01-15,3.296,-0.000606
2024-01-16,3.296,0.0
2024-01-17,3.282,-0.004248
2024-01-18,3.289,0.002133
2024-01-19,3.285,-0.001216
2024-01-22,3.267,-0.005479
2024-01-23,3.272,0.00153
2024-01-24,3.274,0.000611
2024-01-25,3.282,0.002443
2024-01-26,3.273,-0.002742
2024-01-29,3.262,-0.003361
2024-01-30,3.251,-0.003372
2024-01-31,3.239,-0.003691
2024-02-01,3.241,0.000617
2024-02-02,3.228,-0.004011
2024-02-05,3.224,-0.001239
2024-02-06,3.251,0.008375
2024-02-07,3.266,0.004614
2024-02-08,3.274,0.002449
2024-02-19,3.276,0.000611
2024-02-20,3.276,0.0
2024-02-21,3.278,0.000611
2024-02-22,3.282,0.00122
2024-02-23,3.284,0.000609
2024-02-26,3.288,0.001218
2024-02-27,3.303,0.004562
2024-02-28,3.284,-0.005752
2024-02-29,3.304,0.00609
2024-03-01,3.312,0.002421
2024-03-04,3.315,0.000906
2024-03-05,3.315,0.0
2024-03-06,3.312,-0.000905
2024-03-07,3.3,-0.003623
2024-03-08,3.308,0.002424
2024-03-11,3.316,0.002418
2024-03-12,3.319,0.000905
2024-03-13,3.32,0.000301
2024-03-14,3.318,-0.000602
2024-03-15,3.321,0.000904
2024-03-18,3.332,0.003312
2024-03-19,3.329,-0.0009
2024-03-20,3.328,-0.0003
2024-03-21,3.327,-0.0003
2024-03-22,3.323,-0.001202
2024-03-25,3.313,-0.003009
2024-03-26,3.31,-0.000906
2024-03-27,3.294,-0.004834
2024-03-28,3.302,0.002429
2024-03-29,3.303,0.000303
2024-04-01,3.313,0.003028
2024-04-02,3.305,-0.002415
2024-04-03,3.299,-0.001815
2024-04-08,3.291,-0.002425
2024-04-09,3.295,0.001215
2024-04-10,3.286,-0.002731
2024-04-11,3.286,0.0
2024-04-12,3.289,0.000913
2024-04-15,3.295,0.001824
2024-04-16,3.282,-0.003945
2024-04-17,3.297,0.00457
2024-04-18,3.293,-0.001213
2024-04-19,3.288,-0.001518
2024-04-22,3.289,0.000304
2024-04-23,3.287,-0.000608
2024-04-24,3.297,0.003042
2024-04-25,3.294,-0.00091
2024-04-26,3.306,0.003643
2024-04-29,3.32,0.004235
2024-04-30,3.317,-0.000904
2024-05-06,3.326,0.002713
2024-05-07,3.328,0.000601
2024-05-08,3.32,-0.002404
2024-05-09,3.331,0.003313
2024-05-10,3.326,-0.001501
2024-05-13,3.324,-0.000601
2024-05-14,3.322,-0.000602
2024-05-15,3.318,-0.001204
2024-05-16,3.318,0.0
2024-05-17,3.323,0.001507
2024-05-20,3.327,0.001204
2024-05-21,3.325,-0.000601
2024-05-22,3.322,-0.000902
2024-05-23,3.315,-0.002107
2024-05-24,3.307,-0.002413
2024-05-27,3.315,0.002419
2024-05-28,3.31,-0.001508
2024-05-29,3.308,-0.000604
2024-05-30,3.31,0.000605
2024-05-31,3.312,0.000604
2024-06-03,3.316,0.001208
2024-06-04,3.325,0.002714
2024-06-05,3.323,-0.000602
2024-06-06,3.32,-0.000903
2024-06-07,3.316,-0.001205
2024-06-11,3.323,0.002111
2024-06-12,3.323,0.0
2024-06-13,3.327,0.001204
2024-06-14,3.331,0.001202
2024-06-17,3.34,0.002702
2024-06-18,3.341,0.000299
2024-06-19,3.335,-0.001796
2024-06-20,3.329,-0.001799
2024-06-21,3.331,0.000601
2024-06-24,3.323,-0.002402
2024-06-25,3.313,-0.003009
2024-06-26,3.324,0.00332
2024-06-27,3.315,-0.002708
2024-06-28,3.325,0.003017
2024-06-30,3.325,0.0
2024-07-01,3.326,0.000301
2024-07-02,3.317,-0.002706
2024-07-03,3.314,-0.000904
2024-07-04,3.311,-0.000905
2024-07-05,3.316,0.00151
2024-07-08,3.311,-0.001508
2024-07-09,3.327,0.004832
2024-07-10,3.329,0.000601
2024-07-11,3.334,0.001502
2024-07-12,3.33,-0.0012
2024-07-15,3.326,-0.001201
2024-07-16,3.334,0.002405
2024-07-17,3.325,-0.002699
2024-07-18,3.328,0.000902
2024-07-19,3.331,0.000901
2024-07-22,3.332,0.0003
2024-07-23,3.312,-0.006002
2024-07-24,3.308,-0.001208
2024-07-25,3.304,-0.001209
2024-07-26,3.313,0.002724
2024-07-29,3.311,-0.000604
2024-07-30,3.307,-0.001208
2024-07-31,3.323,0.004838
2024-08-01,3.321,-0.000602
2024-08-02,3.309,-0.003613
2024-08-05,3.293,-0.004835
2024-08-06,3.302,0.002733
2024-08-07,3.302,0.0
2024-08-08,3.298,-0.001211
2024-08-09,3.297,-0.000303
2024-08-12,3.295,-0.000607
2024-08-13,3.298,0.00091
2024-08-14,3.291,-0.002122
2024-08-15,3.292,0.000304
2024-08-16,3.293,0.000304
2024-08-19,3.291,-0.000607
2024-08-20,3.286,-0.001519
2024-08-21,3.286,0.0
2024-08-22,3.283,-0.000913
2024-08-23,3.283,0.0
2024-08-26,3.279,-0.001218
2024-08-27,3.276,-0.000915
2024-08-28,3.28,0.001221
2024-08-29,3.285,0.001524
2024-08-30,3.296,0.003349
2024-09-02,3.287,-0.002731
2024-09-03,3.293,0.001825
2024-09-04,3.291,-0.000607
2024-09-05,3.293,0.000608
2024-09-06,3.283,-0.003037
2024-09-09,3.281,-0.000609
2024-09-10,3.284,0.000914
2024-09-11,3.286,0.000609
2024-09-12,3.281,-0.001522
2024-09-13,3.278,-0.000914
2024-09-18,3.275,-0.000915
2024-09-19,3.276,0.000305
2024-09-20,3.273,-0.000916
2024-09-23,3.271,-0.000611
2024-09-24,3.29,0.005809
2024-09-25,3.293,0.000912
2024-09-26,3.315,0.006681
2024-09-27,3.341,0.007843
2024-09-30,3.404,0.018857
2024-10-08,3.464,0.017626
2024-10-09,3.416,-0.013857
2024-10-10,3.41,-0.001756
2024-10-11,3.384,-0.007625
2024-10-14,3.399,0.004433
2024-10-15,3.387,-0.00353
2024-10-16,3.379,-0.002362
2024-10-17,3.382,0.000888
2024-10-18,3.411,0.008575
2024-10-21,3.421,0.002932
2024-10-22,3.424,0.000877
2024-10-23,3.419,-0.00146
2024-10-24,3.412,-0.002047
2024-10-25,3.417,0.001465
2024-10-28,3.415,-0.000585
2024-10-29,3.408,-0.00205
2024-10-30,3.405,-0.00088
2024-10-31,3.402,-0.000881
2024-11-01,3.393,-0.002646
2024-11-04,3.405,0.003537
2024-11-05,3.424,0.00558
2024-11-06,3.421,-0.000876
2024-11-07,3.43,0.002631
2024-11-08,3.437,0.002041
2024-11-11,3.449,0.003491
2024-11-12,3.441,-0.00232
2024-11-13,3.438,-0.000872
2024-11-14,3.417,-0.006108
2024-11-15,3.402,-0.00439
2024-11-18,3.392,-0.002939
2024-11-19,3.402,0.002948
2024-11-20,3.41,0.002352
2024-11-21,3.408,-0.000587
2024-11-22,3.387,-0.006162
2024-11-25,3.38,-0.002067
2024-11-26,3.381,0.000296
2024-11-27,3.397,0.004732
2024-11-28,3.395,-0.000589
2024-11-29,3.403,0.002356
2024-12-02,3.41,0.002057
2024-12-03,3.407,-0.00088
2024-12-04,3.4,-0.002055
2024-12-05,3.402,0.000588
2024-12-06,3.409,0.002058
2024-12-09,3.404,-0.001467
2024-12-10,3.406,0.000588
2024-12-11,3.406,0.0
2024-12-12,3.415,0.002642
2024-12-13,3.403,-0.003514
2024-12-16,3.394,-0.002645
2024-12-17,3.395,0.000295
2024-12-18,3.399,0.001178
2024-12-19,3.402,0.000883
2024-12-20,3.404,0.000588
2024-12-23,3.393,-0.003231
2024-12-24,3.398,0.001474
2024-12-25,3.397,-0.000294
2024-12-26,3.407,0.002944
2024-12-27,3.403,-0.001174
2024-12-30,3.399,-0.001175
2024-12-31,3.385,-0.004119
2025-01-02,3.366,-0.005613
2025-01-03,3.357,-0.002674
2025-01-06,3.356,-0.000298
2025-01-07,3.367,0.003278
2025-01-08,3.362,-0.001485
2025-01-09,3.371,0.002677
2025-01-10,3.364,-0.002077
2025-01-13,3.361,-0.000892
2025-01-14,3.383,0.006546
2025-01-15,3.371,-0.003547
2025-01-16,3.373,0.000593
2025-01-17,3.384,0.003261
2025-01-20,3.39,0.001773
2025-01-21,3.395,0.001475
2025-01-22,3.393,-0.000589
2025-01-23,3.386,-0.002063
2025-01-24,3.397,0.003249
2025-01-27,3.384,-0.003827
2025-02-05,3.386,0.000591
2025-02-06,3.409,0.006793
2025-02-07,3.416,0.002053
2025-02-10,3.419,0.000878
2025-02-11,3.413,-0.001755
2025-02-12,3.421,0.002344
2025-02-13,3.409,-0.003508
2025-02-14,3.413,0.001173
2025-02-17,3.421,0.002344
2025-02-18,3.411,-0.002923
2025-02-19,3.429,0.005277
2025-02-20,3.44,0.003208
2025-02-21,3.459,0.005523
2025-02-24,3.455,-0.001156
2025-02-25,3.452,-0.000868
2025-02-26,3.464,0.003476
2025-02-27,3.458,-0.001732
2025-02-28,3.428,-0.008676
2025-03-03,3.428,0.0
2025-03-04,3.439,0.003209
2025-03-05,3.443,0.001163
2025-03-06,3.463,0.005809
2025-03-07,3.463,0.0
2025-03-10,3.465,0.000578
2025-03-11,3.465,0.0
2025-03-12,3.461,-0.001154
2025-03-13,3.451,-0.002889
2025-03-14,3.461,0.002898
2025-03-17,3.459,-0.000578
2025-03-18,3.463,0.001156
2025-03-19,3.454,-0.002599
2025-03-20,3.45,-0.001158
2025-03-21,3.434,-0.004638
2025-03-24,3.433,-0.000291
2025-03-25,3.43,-0.000874
2025-03-26,3.431,0.000292
2025-03-27,3.436,0.001457
2025-03-28,3.43,-0.001746
2025-03-31,3.424,-0.001749
2025-04-01,3.432,0.002336
2025-04-02,3.43,-0.000583
2025-04-03,3.421,-0.002624
2025-04-07,3.356,-0.019
2025-04-08,3.356,0.0
2025-04-09,3.373,0.005066
2025-04-10,3.388,0.004447
2025-04-11,3.398,0.002952
2025-04-14,3.401,0.000883
2025-04-15,3.394,-0.002058
2025-04-16,3.39,-0.001179
2025-04-17,3.391,0.000295
2025-04-18,3.388,-0.000885
2025-04-21,3.4,0.003542
2025-04-22,3.398,-0.000588
2025-04-23,3.4,0.000589
2025-04-24,3.393,-0.002059
2025-04-25,3.395,0.000589
2025-04-28,3.393,-0.000589
2025-04-29,3.396,0.000884
2025-04-30,3.402,0.001767
2025-05-06,3.415,0.003821
2025-05-07,3.415,0.0
2025-05-08,3.419,0.001171
2025-05-09,3.404,-0.004387
2025-05-12,3.414,0.002938
2025-05-13,3.409,-0.001465
2025-05-14,3.409,0.0
2025-05-15,3.394,-0.0044
2025-05-16,3.396,0.000589
2025-05-19,3.395,-0.000294
2025-05-20,3.397,0.000589
2025-05-21,3.397,0.0
2025-05-22,3.391,-0.001766
2025-05-23,3.382,-0.002654
2025-05-26,3.386,0.001183
2025-05-27,3.378,-0.002363
2025-05-28,3.375,-0.000888
2025-05-29,3.391,0.004741
2025-05-30,3.383,-0.002359
2025-06-03,3.387,0.001182
2025-06-04,3.391,0.001181
2025-06-05,3.4,0.002654
2025-06-06,3.398,-0.000588
2025-06-09,3.403,0.001471
2025-06-10,3.392,-0.003232
2025-06-11,3.394,0.00059
2025-06-12,3.393,-0.000295
2025-06-13,3.387,-0.001768
2025-06-16,3.391,0.001181
2025-06-17,3.387,-0.00118
2025-06-18,3.393,0.001771
2025-06-19,3.388,-0.001474
2025-06-20,3.38,-0.002361
2025-06-23,3.387,0.002071
2025-06-24,3.4,0.003838
2025-06-25,3.417,0.005
2025-06-26,3.411,-0.001756
2025-06-27,3.415,0.001173
2025-06-30,3.431,0.004685
2025-07-01,3.431,0.0
2025-07-02,3.415,-0.004663
2025-07-03,3.419,0.001171
2025-07-04,3.421,0.000585
2025-07-07,3.415,-0.001754
2025-07-08,3.429,0.0041
2025-07-09,3.426,-0.000875
2025-07-10,3.425,-0.000292
2025-07-11,3.433,0.002336
2025-07-14,3.43,-0.000874
2025-07-15,3.444,0.004082
2025-07-16,3.445,0.00029
2025-07-17,3.459,0.004064
2025-07-18,3.461,0.000578
2025-07-21,3.468,0.002023
2025-07-22,3.469,0.000288
2025-07-23,3.47,0.000288
2025-07-24,3.482,0.003458
2025-07-25,3.49,0.002298
2025-07-28,3.499,0.002579
2025-07-29,3.512,0.003715
2025-07-30,3.503,-0.002563
2025-07-31,3.503,0.0
2025-08-01,3.499,-0.001142
2025-08-04,3.505,0.001715
2025-08-05,3.504,-0.000285
2025-08-06,3.509,0.001427
2025-08-07,3.505,-0.00114
2025-08-08,3.49,-0.00428
2025-08-11,3.498,0.002292
2025-08-12,3.501,0.000858
2025-08-13,3.522,0.005998
2025-08-14,3.511,-0.003123
2025-08-15,3.531,0.005696
2025-08-18,3.55,0.005381
2025-08-19,3.545,-0.001408
2025-08-20,3.551,0.001693
2025-08-21,3.552,0.000282
2025-08-22,3.588,0.010135
2025-08-25,3.605,0.004738
2025-08-26,3.597,-0.002219
2025-08-27,3.59,-0.001946
2025-08-28,3.627,0.010306
2025-08-29,3.624,-0.000827
2025-09-01,3.638,0.003863
2025-09-02,3.611,-0.007422
2025-09-03,3.608,-0.000831
2025-09-04,3.558,-0.013858
2025-09-05,3.593,0.009837
2025-09-08,3.592,-0.000278
2025-09-09,3.576,-0.004454
2025-09-10,3.583,0.001957
2025-09-11,3.621,0.010606
2025-09-12,3.619,-0.000552
2025-09-15,3.627,0.002211
2025-09-16,3.637,0.002757
2025-09-17,3.653,0.004399
2025-09-18,3.662,0.002464
2025-09-19,3.648,-0.003823
2025-09-22,3.665,0.00466
2025-09-23,3.664,-0.000273
2025-09-24,3.683,0.005186
2025-09-25,3.688,0.001358
2025-09-26,3.668,-0.005423
2025-09-29,3.685,0.004635
2025-09-30,3.7,0.004071
2025-10-09,3.711,0.002973
2025-10-10,3.671,-0.010779
2025-10-13,3.67,-0.000272
2025-10-14,3.625,-0.012262
2025-10-15,3.645,0.005517
2025-10-16,3.639,-0.001646
2025-10-17,3.611,-0.007694
2025-10-20,3.62,0.002492
2025-10-21,3.64,0.005525
2025-10-22,3.635,-0.001374
2025-10-23,3.628,-0.001926
2025-10-24,3.662,0.009372
2025-10-27,3.679,0.004642
2025-10-28,3.68,0.000272
2025-10-29,3.69,0.002717
2025-10-30,3.67,-0.00542
2025-10-31,3.655,-0.004087
2025-11-03,3.653,-0.000547
2025-11-04,3.64,-0.003559
2025-11-05,3.636,-0.001099
2025-11-06,3.659,0.006326
2025-11-07,3.645,-0.003826
2025-11-10,3.635,-0.002743
2025-11-11,3.62,-0.004127
2025-11-12,3.62,0.0
2025-11-13,3.628,0.00221
2025-11-14,3.607,-0.005788
2025-11-17,3.608,0.000277
2025-11-18,3.609,0.000277
2025-11-19,3.605,-0.001108
2025-11-20,3.594,-0.003051
2025-11-21,3.569,-0.006956
2025-11-24,3.58,0.003082
2025-11-25,3.589,0.002514
2025-11-26,3.6,0.003065
2025-11-27,3.595,-0.001389
2025-11-28,3.604,0.002503
2025-12-01,3.615,0.003052
2025-12-02,3.605,-0.002766
2025-12-03,3.595,-0.002774
2025-12-04,3.608,0.003616
2025-12-05,3.615,0.00194
2025-12-08,3.631,0.004426
2025-12-09,3.632,0.000275
2025-12-10,3.632,0.0
2025-12-11,3.62,-0.003304
2025-12-12,3.633,0.003591
2025-12-15,3.616,-0.004679
2025-12-16,3.6,-0.004425
2025-12-17,3.624,0.006667
2025-12-18,3.61,-0.003863
2025-12-19,3.612,0.000554
2025-12-22,3.634,0.006091
2025-12-23,3.637,0.000826
2025-12-24,3.649,0.003299
2025-12-25,3.657,0.002192
2025-12-26,3.652,-0.001367
2025-12-29,3.653,0.000274
2025-12-30,3.663,0.002737
2025-12-31,3.656,-0.001911
2026-01-05,3.692,0.009847
2026-01-06,3.706,0.003792
2026-01-07,3.726,0.005397
2026-01-08,3.727,0.000268
2026-01-09,3.737,0.002683
2026-01-12,3.756,0.005084
2026-01-13,3.735,-0.005591
2026-01-14,3.741,0.001606
2026-01-15,3.751,0.002673
2026-01-16,3.768,0.004532
2026-01-19,3.768,0.0
2026-01-20,3.749,-0.005042
2026-01-21,3.767,0.004801
2026-01-22,3.766,-0.000265
2026-01-23,3.768,0.000531
2026-01-26,3.745,-0.006104
2026-01-27,3.763,0.004806
2026-01-28,3.775,0.003189
2026-01-29,3.746,-0.007682
2026-01-30,3.74,-0.001602
2026-02-02,3.691,-0.013102
2026-02-03,3.718,0.007315
2026-02-04,3.707,-0.002959
2026-02-05,3.695,-0.003237
2026-02-06,3.69,-0.001353
2026-02-09,3.72,0.00813
2026-02-10,3.722,0.000538
2026-02-11,3.71,-0.003224
2026-02-12,3.723,0.003504
2026-02-13,3.716,-0.00188
2026-02-24,3.716,0.0
2026-02-25,3.729,0.003498
2026-02-26,3.736,0.001877
2026-02-27,3.724,-0.003212
2026-03-02,3.72,-0.001074
2026-03-03,3.67,-0.013441
2026-03-04,3.665,-0.001362
2026-03-05,3.683,0.004911
2026-03-06,3.686,0.000815
2026-03-09,3.668,-0.004883
2026-03-10,3.689,0.005725
2026-03-11,3.681,-0.002169
2026-03-12,3.667,-0.003803
2026-03-13,3.652,-0.004091
2026-03-16,3.659,0.001917
2026-03-17,3.636,-0.006286
2026-03-18,3.656,0.005501
2026-03-19,3.628,-0.007659
2026-03-20,3.622,-0.001654
2026-03-23,3.584,-0.010491
2026-03-24,3.601,0.004743
2026-03-25,3.624,0.006387
2026-03-26,3.604,-0.005519
2026-03-27,3.613,0.002497
2026-03-30,3.615,0.000554
2026-03-31,3.593,-0.006086
2026-04-01,3.619,0.007236
2026-04-02,3.6,-0.00525
2026-04-03,3.595,-0.001389
2026-04-07,3.599,0.001113
2026-04-08,3.65,0.014171
2026-04-09,3.65,0.0
2026-04-10,3.664,0.003836
2026-04-13,3.661,-0.000819
2026-04-14,3.679,0.004917
2026-04-15,3.676,-0.000815
2026-04-16,3.691,0.004081
2026-04-17,3.694,0.000813
2026-04-20,3.7,0.001624
2026-04-21,3.694,-0.001622
2026-04-22,3.712,0.004873
2026-04-23,3.7,-0.003233
2026-04-24,3.702,0.000541
2026-04-27,3.726,0.006483
2026-04-28,3.715,-0.002952
2026-04-29,3.72,0.001346
2026-04-30,3.744,0.006452
2026-05-06,3.769,0.006677
2026-05-07,3.787,0.004776
2026-05-08,3.769,-0.004753
2026-05-11,3.8,0.008225
2026-05-12,3.815,0.003947
2026-05-13,3.84,0.006553
2026-05-14,3.812,-0.007292
2026-05-15,3.819,0.001836
2026-05-18,3.824,0.001309
2026-05-19,3.847,0.006015
2026-05-20,3.892,0.011697
2026-05-21,3.86,-0.008222
2026-05-22,3.882,0.005699
2026-05-25,3.94,0.014941
2026-05-26,3.937,-0.000761
2026-05-27,3.906,-0.007874
2026-05-28,3.929,0.005888
2026-05-29,3.881,-0.012217
2026-06-01,3.829,-0.013399
2026-06-02,3.862,0.008618
2026-06-03,3.891,0.007509
2026-06-04,3.901,0.00257
2026-06-05,3.849,-0.01333
2026-06-08,3.813,-0.009353
2026-06-09,3.864,0.013375
2026-06-10,3.847,-0.0044
2026-06-11,3.859,0.003119
2026-06-12,3.859,0.0
2026-06-15,3.918,0.015289
2026-06-16,3.931,0.003318
2026-06-17,3.98,0.012465
2026-06-18,4.02,0.01005
2026-06-22,4.042,0.005473
2026-06-23,4.023,-0.004701
2026-06-24,4.073,0.012429
2026-06-25,4.111,0.00933
2026-06-26,4.096,-0.003649
2026-06-29,4.151,0.013428
2026-06-30,4.21,0.014213
2026-07-01,4.169,-0.009739
2026-07-02,4.054,-0.027585
2026-07-03,4.039,-0.0037
2026-07-06,4.046,0.001733
2026-07-07,4.06,0.00346
2026-07-08,4.087,0.00665
2026-07-09,4.192,0.025691
2026-07-10,4.1,-0.021947
2026-07-13,4.064,-0.00878
2026-07-14,4.083,0.004675
2026-07-15,4.033,-0.012246
2026-07-16,3.976,-0.014133
2026-07-17,3.892,-0.021127
2026-07-20,3.879,-0.00334
2026-07-21,4.018,0.035834
2026-07-22,3.99,-0.006969
2026-07-23,3.942,-0.01203
2026-07-24,3.945,0.000761
2026-07-27,3.971,0.006591
2026-07-28,3.881,-0.022664
2026-07-29,3.877,-0.001031
2026-07-30,3.794,-0.021408
2026-07-31,3.827,0.008698
2026-08-03,3.768,-0.015417
2026-08-04,3.83,0.016454
2026-08-05,3.873,0.011227
2026-08-06,3.888,0.003873
2026-08-07,3.915,0.006944
2026-08-10,3.912,-0.000766
2026-08-11,3.901,-0.002812
2026-08-12,3.927,0.006665
2026-08-13,3.916,-0.002801
2026-08-14,3.921,0.001277
2026-08-17,3.976,0.014027
2026-08-18,3.982,0.001509
2026-08-19,3.892,-0.022602
2026-08-20,3.896,0.001028
2026-08-21,3.902,0.00154
2026-08-24,3.87,-0.008201
2026-08-25,3.86,-0.002584
2026-08-26,3.879,0.004922
2026-08-27,3.913,0.008765
2026-08-28,3.891,-0.005622
2026-08-31,3.904,0.003341
2026-09-01,3.872,-0.008197
2026-09-02,3.852,-0.005165
2026-09-03,3.843,-0.002336
2026-09-04,3.812,-0.008067
2026-09-07,3.856,0.011542
2026-09-08,3.843,-0.003371
2026-09-09,3.841,-0.00052
2026-09-10,3.835,-0.001562
2026-09-11,3.827,-0.002086
2026-09-14,3.808,-0.004965
2026-09-15,3.823,0.003939
2026-09-16,3.869,0.012032
2026-09-17,3.871,0.000517
2026-09-18,3.906,0.009042
2026-09-21,3.905,-0.000256
2026-09-22,3.9,-0.00128
2026-09-23,3.897,-0.000769
2026-09-24,3.868,-0.007442
2026-09-28,3.817,-0.013185
2026-09-29,3.819,0.000524
2026-09-30,3.795,-0.006284
