净值日期,累计净值,daily_return
2007-10-09,1.0,
2007-10-12,1.009,0.009
2007-10-19,1.017,0.007929
2007-10-26,1.017,0.0
2007-11-02,1.02,0.00295
2007-11-09,0.957,-0.061765
2007-11-16,0.915,-0.043887
2007-11-23,0.87,-0.04918
2007-11-30,0.932,0.071264
2007-12-07,0.95,0.019313
2007-12-14,0.887,-0.066316
2007-12-21,0.889,0.002255
2007-12-27,0.894,0.005624
2007-12-29,0.887,-0.00783
2007-12-31,0.893,0.006764
2008-01-04,0.874,-0.021277
2008-01-07,0.873,-0.001144
2008-01-08,0.863,-0.011455
2008-01-09,0.871,0.00927
2008-01-10,0.874,0.003444
2008-01-11,0.869,-0.005721
2008-01-15,0.845,-0.027618
2008-01-16,0.817,-0.033136
2008-01-17,0.823,0.007344
2008-01-18,0.825,0.00243
2008-01-22,0.759,-0.08
2008-01-23,0.792,0.043478
2008-01-24,0.786,-0.007576
2008-01-25,0.812,0.033079
2008-01-28,0.793,-0.023399
2008-01-29,0.794,0.001261
2008-01-30,0.777,-0.021411
2008-01-31,0.776,-0.001287
2008-02-01,0.805,0.037371
2008-02-04,0.828,0.028571
2008-02-05,0.822,-0.007246
2008-02-13,0.803,-0.023114
2008-02-14,0.816,0.016189
2008-02-15,0.825,0.011029
2008-02-19,0.826,0.001212
2008-02-20,0.812,-0.016949
2008-02-21,0.809,-0.003695
2008-02-22,0.806,-0.003708
2008-02-25,0.804,-0.002481
2008-02-26,0.81,0.007463
2008-02-27,0.824,0.017284
2008-02-28,0.82,-0.004854
2008-02-29,0.813,-0.008537
2008-03-03,0.802,-0.01353
2008-03-04,0.786,-0.01995
2008-03-05,0.787,0.001272
2008-03-06,0.784,-0.003812
2008-03-07,0.772,-0.015306
2008-03-10,0.764,-0.010363
2008-03-11,0.774,0.013089
2008-03-12,0.776,0.002584
2008-03-13,0.753,-0.029639
2008-03-14,0.738,-0.01992
2008-03-17,0.708,-0.04065
2008-03-18,0.713,0.007062
2008-03-24,0.714,0.001403
2008-03-25,0.737,0.032213
2008-03-26,0.741,0.005427
2008-03-27,0.743,0.002699
2008-03-28,0.758,0.020188
2008-03-31,0.752,-0.007916
2008-04-01,0.762,0.013298
2008-04-02,0.772,0.013123
2008-04-03,0.78,0.010363
2008-04-07,0.787,0.008974
2008-04-08,0.781,-0.007624
2008-04-09,0.768,-0.016645
2008-04-10,0.772,0.005208
2008-04-11,0.775,0.003886
2008-04-14,0.76,-0.019355
2008-04-15,0.76,0.0
2008-04-16,0.767,0.009211
2008-04-17,0.77,0.003911
2008-04-18,0.771,0.001299
2008-04-21,0.777,0.007782
2008-04-22,0.782,0.006435
2008-04-23,0.79,0.01023
2008-04-24,0.801,0.013924
2008-04-25,0.798,-0.003745
2008-04-28,0.801,0.003759
2008-04-30,0.8,-0.001248
2008-05-07,0.8,0.0
2008-05-08,0.801,0.00125
2008-05-09,0.797,-0.004994
2008-05-13,0.802,0.006274
2008-05-14,0.805,0.003741
2008-05-15,0.805,0.0
2008-05-16,0.807,0.002484
2008-05-19,0.808,0.001239
2008-05-20,0.799,-0.011139
2008-05-21,0.801,0.002503
2008-05-22,0.795,-0.007491
2008-05-23,0.792,-0.003774
2008-05-27,0.789,-0.003788
2008-05-28,0.788,-0.001267
2008-05-29,0.788,0.0
2008-05-30,0.794,0.007614
2008-06-02,0.796,0.002519
2008-06-03,0.782,-0.017588
2008-06-04,0.778,-0.005115
2008-06-05,0.779,0.001285
2008-06-06,0.777,-0.002567
2008-06-10,0.759,-0.023166
2008-06-11,0.756,-0.003953
2008-06-12,0.75,-0.007937
2008-06-13,0.746,-0.005333
2008-06-16,0.753,0.009383
2008-06-17,0.754,0.001328
2008-06-18,0.757,0.003979
2008-06-19,0.748,-0.011889
2008-06-20,0.741,-0.009358
2008-06-23,0.737,-0.005398
2008-06-24,0.733,-0.005427
2008-06-25,0.737,0.005457
2008-06-26,0.731,-0.008141
2008-06-27,0.723,-0.010944
2008-06-30,0.726,0.004149
2008-07-02,0.717,-0.012397
2008-07-04,0.705,-0.016736
2008-07-07,0.717,0.017021
2008-07-08,0.708,-0.012552
2008-07-09,0.717,0.012712
2008-07-10,0.721,0.005579
2008-07-11,0.725,0.005548
2008-07-14,0.721,-0.005517
2008-07-15,0.704,-0.023578
2008-07-16,0.707,0.004261
2008-07-17,0.715,0.011315
2008-07-18,0.716,0.001399
2008-07-22,0.727,0.015363
2008-07-23,0.738,0.015131
2008-07-24,0.733,-0.006775
2008-07-25,0.723,-0.013643
2008-07-28,0.721,-0.002766
2008-07-29,0.716,-0.006935
2008-07-30,0.726,0.013966
2008-07-31,0.726,0.0
2008-08-01,0.724,-0.002755
2008-08-04,0.716,-0.01105
2008-08-05,0.708,-0.011173
2008-08-06,0.71,0.002825
2008-08-07,0.705,-0.007042
2008-08-08,0.702,-0.004255
2008-08-11,0.699,-0.004274
2008-08-12,0.693,-0.008584
2008-08-13,0.69,-0.004329
2008-08-14,0.696,0.008696
2008-08-15,0.693,-0.00431
2008-08-18,0.688,-0.007215
2008-08-19,0.681,-0.010174
2008-08-20,0.692,0.016153
2008-08-21,0.687,-0.007225
2008-08-22,0.687,0.0
2008-08-26,0.693,0.008734
2008-08-27,0.706,0.018759
2008-08-28,0.701,-0.007082
2008-08-29,0.705,0.005706
2008-09-02,0.696,-0.012766
2008-09-03,0.683,-0.018678
2008-09-04,0.672,-0.016105
2008-09-05,0.667,-0.00744
2008-09-08,0.677,0.014993
2008-09-09,0.66,-0.025111
2008-09-10,0.651,-0.013636
2008-09-11,0.638,-0.019969
2008-09-12,0.641,0.004702
2008-09-16,0.614,-0.042122
2008-09-17,0.591,-0.037459
2008-09-18,0.6,0.015228
2008-09-19,0.652,0.086667
2008-09-22,0.652,0.0
2008-09-24,0.632,-0.030675
2008-09-25,0.632,0.0
2008-09-26,0.621,-0.017405
2008-09-30,0.603,-0.028986
2008-10-06,0.569,-0.056385
2008-10-08,0.531,-0.066784
2008-10-09,0.527,-0.007533
2008-10-10,0.504,-0.043643
2008-10-14,0.566,0.123016
2008-10-15,0.528,-0.067138
2008-10-16,0.516,-0.022727
2008-10-17,0.508,-0.015504
2008-10-20,0.532,0.047244
2008-10-21,0.524,-0.015038
2008-10-22,0.493,-0.05916
2008-10-23,0.482,-0.022312
2008-10-24,0.45,-0.06639
2008-10-27,0.415,-0.077778
2008-10-28,0.445,0.072289
2008-10-29,0.458,0.029213
2008-10-30,0.496,0.082969
2008-10-31,0.497,0.002016
2008-11-04,0.516,0.038229
2008-11-05,0.511,-0.00969
2008-11-06,0.48,-0.060665
2008-11-07,0.493,0.027083
2008-11-10,0.51,0.034483
2008-11-11,0.491,-0.037255
2008-11-12,0.48,-0.022403
2008-11-13,0.484,0.008333
2008-11-14,0.481,-0.006198
2008-11-17,0.476,-0.010395
2008-11-18,0.464,-0.02521
2008-11-19,0.453,-0.023707
2008-11-20,0.436,-0.037528
2008-11-21,0.449,0.029817
2008-11-25,0.467,0.040089
2008-11-26,0.481,0.029979
2008-11-28,0.494,0.027027
2008-12-01,0.488,-0.012146
2008-12-02,0.484,-0.008197
2008-12-03,0.493,0.018595
2008-12-04,0.487,-0.01217
2008-12-05,0.495,0.016427
2008-12-08,0.522,0.054545
2008-12-09,0.519,-0.005747
2008-12-10,0.538,0.036609
2008-12-11,0.534,-0.007435
2008-12-12,0.518,-0.029963
2008-12-15,0.522,0.007722
2008-12-16,0.533,0.021073
2008-12-17,0.542,0.016886
2008-12-18,0.541,-0.001845
2008-12-19,0.538,-0.005545
2008-12-26,0.526,-0.022305
2008-12-29,0.519,-0.013308
2008-12-31,0.526,0.013487
2009-01-05,0.555,0.055133
2009-01-06,0.557,0.003604
2009-01-07,0.541,-0.028725
2009-01-08,0.528,-0.02403
2009-01-09,0.525,-0.005682
2009-01-12,0.51,-0.028571
2009-01-13,0.506,-0.007843
2009-01-14,0.503,-0.005929
2009-01-15,0.497,-0.011928
2009-01-16,0.501,0.008048
2009-01-20,0.493,-0.015968
2009-01-21,0.491,-0.004057
2009-01-22,0.49,-0.002037
2009-01-23,0.486,-0.008163
2009-02-02,0.491,0.010288
2009-02-03,0.492,0.002037
2009-02-04,0.497,0.010163
2009-02-05,0.501,0.008048
2009-02-06,0.51,0.017964
2009-02-09,0.512,0.003922
2009-02-10,0.51,-0.003906
2009-02-11,0.505,-0.009804
2009-02-12,0.499,-0.011881
2009-02-13,0.506,0.014028
2009-02-17,0.492,-0.027668
2009-02-18,0.493,0.002033
2009-02-19,0.495,0.004057
2009-02-20,0.489,-0.012121
2009-02-23,0.491,0.00409
2009-02-24,0.486,-0.010183
2009-02-25,0.488,0.004115
2009-02-26,0.485,-0.006148
2009-02-27,0.483,-0.004124
2009-03-02,0.473,-0.020704
2009-03-03,0.474,0.002114
2009-03-04,0.481,0.014768
2009-03-05,0.479,-0.004158
2009-03-06,0.477,-0.004175
2009-03-09,0.476,-0.002096
2009-03-10,0.484,0.016807
2009-03-11,0.487,0.006198
2009-03-12,0.487,0.0
2009-03-13,0.496,0.01848
2009-03-16,0.504,0.016129
2009-03-17,0.504,0.0
2009-03-18,0.509,0.009921
2009-03-19,0.513,0.007859
2009-03-20,0.503,-0.019493
2009-03-23,0.527,0.047714
2009-03-24,0.53,0.005693
2009-03-25,0.532,0.003774
2009-03-26,0.548,0.030075
2009-03-27,0.546,-0.00365
2009-03-30,0.525,-0.038462
2009-03-31,0.532,0.013333
2009-04-01,0.54,0.015038
2009-04-02,0.564,0.044444
2009-04-03,0.565,0.001773
2009-04-07,0.561,-0.00708
2009-04-08,0.552,-0.016043
2009-04-09,0.571,0.03442
2009-04-14,0.583,0.021016
2009-04-15,0.59,0.012007
2009-04-16,0.59,0.0
2009-04-17,0.59,0.0
2009-04-20,0.586,-0.00678
2009-04-21,0.582,-0.006826
2009-04-22,0.574,-0.013746
2009-04-23,0.585,0.019164
2009-04-24,0.591,0.010256
2009-04-27,0.574,-0.028765
2009-04-28,0.563,-0.019164
2009-04-29,0.583,0.035524
2009-04-30,0.598,0.025729
2009-05-04,0.627,0.048495
2009-05-05,0.63,0.004785
2009-05-06,0.643,0.020635
2009-05-07,0.643,0.0
2009-05-08,0.651,0.012442
2009-05-11,0.642,-0.013825
2009-05-12,0.641,-0.001558
2009-05-13,0.64,-0.00156
2009-05-14,0.635,-0.007812
2009-05-15,0.642,0.011024
2009-05-18,0.653,0.017134
2009-05-19,0.667,0.02144
2009-05-20,0.669,0.002999
2009-05-21,0.659,-0.014948
2009-05-22,0.656,-0.004552
2009-05-26,0.659,0.004573
2009-05-27,0.675,0.024279
2009-06-01,0.714,0.057778
2009-06-02,0.703,-0.015406
2009-06-03,0.705,0.002845
2009-06-04,0.703,-0.002837
2009-06-05,0.706,0.004267
2009-06-08,0.699,-0.009915
2009-06-09,0.697,-0.002861
2009-06-10,0.713,0.022956
2009-06-11,0.716,0.004208
2009-06-12,0.714,-0.002793
2009-06-15,0.698,-0.022409
2009-06-16,0.688,-0.014327
2009-06-17,0.683,-0.007267
2009-06-18,0.677,-0.008785
2009-06-19,0.68,0.004431
2009-06-22,0.675,-0.007353
2009-06-23,0.664,-0.016296
2009-06-24,0.675,0.016566
2009-06-25,0.686,0.016296
2009-06-26,0.694,0.011662
2009-06-29,0.695,0.001441
2009-06-30,0.691,-0.005755
2009-07-02,0.689,-0.002894
2009-07-06,0.686,-0.004354
2009-07-07,0.677,-0.01312
2009-07-08,0.671,-0.008863
2009-07-09,0.677,0.008942
2009-07-10,0.674,-0.004431
2009-07-13,0.666,-0.011869
2009-07-14,0.681,0.022523
2009-07-15,0.697,0.023495
2009-07-16,0.7,0.004304
2009-07-17,0.709,0.012857
2009-07-20,0.728,0.026798
2009-07-21,0.732,0.005495
2009-07-22,0.728,-0.005464
2009-07-23,0.746,0.024725
2009-07-24,0.751,0.006702
2009-07-27,0.761,0.013316
2009-07-28,0.766,0.00657
2009-07-29,0.745,-0.027415
2009-07-30,0.751,0.008054
2009-07-31,0.758,0.009321
2009-08-03,0.777,0.025066
2009-08-04,0.772,-0.006435
2009-08-05,0.762,-0.012953
2009-08-06,0.762,0.0
2009-08-07,0.747,-0.019685
2009-08-10,0.753,0.008032
2009-08-11,0.752,-0.001328
2009-08-12,0.742,-0.013298
2009-08-13,0.755,0.01752
2009-08-14,0.75,-0.006623
2009-08-17,0.72,-0.04
2009-08-18,0.725,0.006944
2009-08-19,0.721,-0.005517
2009-08-20,0.732,0.015257
2009-08-21,0.737,0.006831
2009-08-24,0.746,0.012212
2009-08-25,0.745,-0.00134
2009-08-26,0.743,-0.002685
2009-08-27,0.737,-0.008075
2009-08-28,0.732,-0.006784
2009-08-31,0.72,-0.016393
2009-09-01,0.718,-0.002778
2009-09-02,0.712,-0.008357
2009-09-03,0.725,0.018258
2009-09-04,0.741,0.022069
2009-09-08,0.765,0.032389
2009-09-09,0.763,-0.002614
2009-09-10,0.77,0.009174
2009-09-11,0.771,0.001299
2009-09-14,0.768,-0.003891
2009-09-15,0.77,0.002604
2009-09-16,0.786,0.020779
2009-09-17,0.789,0.003817
2009-09-18,0.788,-0.001267
2009-09-21,0.778,-0.01269
2009-09-22,0.786,0.010283
2009-09-23,0.781,-0.006361
2009-09-24,0.766,-0.019206
2009-09-25,0.766,0.0
2009-09-28,0.759,-0.009138
2009-09-29,0.767,0.01054
2009-09-30,0.765,-0.002608
2009-10-09,0.793,0.036601
2009-10-12,0.791,-0.002522
2009-10-13,0.794,0.003793
2009-10-14,0.811,0.021411
2009-10-15,0.813,0.002466
2009-10-16,0.808,-0.00615
2009-10-19,0.819,0.013614
2009-10-20,0.818,-0.001221
2009-10-21,0.818,0.0
2009-10-22,0.815,-0.003667
2009-10-23,0.823,0.009816
2009-10-27,0.808,-0.018226
2009-10-28,0.79,-0.022277
2009-10-29,0.789,-0.001266
2009-10-30,0.791,0.002535
2009-11-02,0.791,0.0
2009-11-03,0.786,-0.006321
2009-11-04,0.799,0.016539
2009-11-05,0.802,0.003755
2009-11-06,0.807,0.006234
2009-11-09,0.822,0.018587
2009-11-10,0.823,0.001217
2009-11-11,0.828,0.006075
2009-11-12,0.821,-0.008454
2009-11-13,0.825,0.004872
2009-11-16,0.839,0.01697
2009-11-17,0.84,0.001192
2009-11-18,0.836,-0.004762
2009-11-19,0.829,-0.008373
2009-11-20,0.823,-0.007238
2009-11-23,0.831,0.009721
2009-11-24,0.824,-0.008424
2009-11-25,0.828,0.004854
2009-11-27,0.796,-0.038647
2009-11-30,0.814,0.022613
2009-12-01,0.825,0.013514
2009-12-02,0.831,0.007273
2009-12-03,0.835,0.004813
2009-12-04,0.834,-0.001198
2009-12-07,0.829,-0.005995
2009-12-08,0.821,-0.00965
2009-12-09,0.817,-0.004872
2009-12-10,0.817,0.0
2009-12-11,0.822,0.00612
2009-12-14,0.83,0.009732
2009-12-15,0.824,-0.007229
2009-12-16,0.821,-0.003641
2009-12-17,0.807,-0.017052
2009-12-18,0.801,-0.007435
2009-12-21,0.8,-0.001248
2009-12-22,0.805,0.00625
2009-12-23,0.813,0.009938
2009-12-24,0.818,0.00615
2009-12-28,0.819,0.001222
2009-12-29,0.818,-0.001221
2009-12-30,0.815,-0.003667
2009-12-31,0.824,0.011043
2010-01-04,0.828,0.004854
2010-01-05,0.842,0.016908
2010-01-06,0.845,0.003563
2010-01-07,0.84,-0.005917
2010-01-08,0.842,0.002381
2010-01-11,0.845,0.003563
2010-01-12,0.842,-0.00355
2010-01-13,0.826,-0.019002
2010-01-14,0.826,0.0
2010-01-15,0.821,-0.006053
2010-01-19,0.829,0.009744
2010-01-20,0.815,-0.016888
2010-01-21,0.8,-0.018405
2010-01-22,0.79,-0.0125
2010-01-25,0.785,-0.006329
2010-01-26,0.764,-0.026752
2010-01-27,0.76,-0.005236
2010-01-28,0.766,0.007895
2010-01-29,0.759,-0.009138
2010-02-01,0.763,0.00527
2010-02-02,0.768,0.006553
2010-02-03,0.781,0.016927
2010-02-04,0.764,-0.021767
2010-02-05,0.745,-0.024869
2010-02-08,0.737,-0.010738
2010-02-09,0.745,0.010855
2010-02-10,0.75,0.006711
2010-02-11,0.762,0.016
2010-02-12,0.763,0.001312
2010-02-22,0.768,0.006553
2010-02-23,0.767,-0.001302
2010-02-24,0.766,-0.001304
2010-02-25,0.761,-0.006527
2010-02-26,0.771,0.013141
2010-03-01,0.781,0.01297
2010-03-02,0.786,0.006402
2010-03-03,0.788,0.002545
2010-03-04,0.78,-0.010152
2010-03-05,0.791,0.014103
2010-03-08,0.801,0.012642
2010-03-09,0.802,0.001248
2010-03-10,0.805,0.003741
2010-03-11,0.804,-0.001242
2010-03-12,0.805,0.001244
2010-03-15,0.799,-0.007453
2010-03-16,0.802,0.003755
2010-03-17,0.812,0.012469
2010-03-18,0.809,-0.003695
2010-03-19,0.808,-0.001236
2010-03-22,0.802,-0.007426
2010-03-23,0.803,0.001247
2010-03-24,0.801,-0.002491
2010-03-25,0.799,-0.002497
2010-03-26,0.804,0.006258
2010-03-29,0.811,0.008706
2010-03-30,0.817,0.007398
2010-03-31,0.815,-0.002448
2010-04-01,0.826,0.013497
2010-04-07,0.839,0.015738
2010-04-08,0.836,-0.003576
2010-04-09,0.842,0.007177
2010-04-12,0.84,-0.002375
2010-04-13,0.834,-0.007143
2010-04-14,0.839,0.005995
2010-04-15,0.838,-0.001192
2010-04-16,0.825,-0.015513
2010-04-19,0.813,-0.014545
2010-04-20,0.823,0.0123
2010-04-21,0.822,-0.001215
2010-04-22,0.821,-0.001217
2010-04-23,0.823,0.002436
2010-04-26,0.832,0.010936
2010-04-27,0.82,-0.014423
2010-04-28,0.811,-0.010976
2010-04-29,0.811,0.0
2010-04-30,0.815,0.004932
2010-05-04,0.803,-0.014724
2010-05-05,0.789,-0.017435
2010-05-06,0.775,-0.017744
2010-05-07,0.764,-0.014194
2010-05-10,0.784,0.026178
2010-05-11,0.777,-0.008929
2010-05-12,0.778,0.001287
2010-05-13,0.787,0.011568
2010-05-14,0.782,-0.006353
2010-05-17,0.765,-0.021739
2010-05-18,0.769,0.005229
2010-05-19,0.756,-0.016905
2010-05-20,0.744,-0.015873
2010-05-24,0.752,0.010753
2010-05-25,0.73,-0.029255
2010-05-26,0.747,0.023288
2010-05-27,0.764,0.022758
2010-05-28,0.773,0.01178
2010-06-01,0.762,-0.01423
2010-06-02,0.761,-0.001312
2010-06-03,0.775,0.018397
2010-06-04,0.77,-0.006452
2010-06-07,0.755,-0.019481
2010-06-08,0.756,0.001325
2010-06-09,0.756,0.0
2010-06-10,0.76,0.005291
2010-06-11,0.767,0.009211
2010-06-17,0.777,0.013038
2010-06-18,0.782,0.006435
2010-06-21,0.802,0.025575
2010-06-22,0.79,-0.014963
2010-06-23,0.788,-0.002532
2010-06-24,0.784,-0.005076
2010-06-25,0.781,-0.003827
2010-06-28,0.78,-0.00128
2010-06-29,0.763,-0.021795
2010-06-30,0.764,0.001311
2010-07-02,0.753,-0.014398
2010-07-06,0.76,0.009296
2010-07-07,0.761,0.001316
2010-07-08,0.766,0.00657
2010-07-09,0.777,0.01436
2010-07-12,0.78,0.003861
2010-07-13,0.782,0.002564
2010-07-14,0.783,0.001279
2010-07-15,0.777,-0.007663
2010-07-16,0.773,-0.005148
2010-07-19,0.772,-0.001294
2010-07-20,0.778,0.007772
2010-07-21,0.781,0.003856
2010-07-22,0.788,0.008963
2010-07-23,0.795,0.008883
2010-07-26,0.797,0.002516
2010-07-27,0.798,0.001255
2010-07-28,0.8,0.002506
2010-07-29,0.804,0.005
2010-07-30,0.803,-0.001244
2010-08-02,0.814,0.013699
2010-08-03,0.814,0.0
2010-08-04,0.817,0.003686
2010-08-05,0.818,0.001224
2010-08-06,0.817,-0.001222
2010-08-09,0.818,0.001224
2010-08-10,0.81,-0.00978
2010-08-11,0.799,-0.01358
2010-08-12,0.795,-0.005006
2010-08-13,0.798,0.003774
2010-08-16,0.801,0.003759
2010-08-17,0.808,0.008739
2010-08-18,0.808,0.0
2010-08-19,0.812,0.00495
2010-08-20,0.81,-0.002463
2010-08-23,0.807,-0.003704
2010-08-24,0.8,-0.008674
2010-08-25,0.796,-0.005
2010-08-26,0.797,0.001256
2010-08-27,0.798,0.001255
2010-08-30,0.801,0.003759
2010-08-31,0.799,-0.002497
2010-09-01,0.809,0.012516
2010-09-02,0.814,0.00618
2010-09-03,0.82,0.007371
2010-09-07,0.822,0.002439
2010-09-08,0.82,-0.002433
2010-09-09,0.822,0.002439
2010-09-10,0.821,-0.001217
2010-09-13,0.83,0.010962
2010-09-14,0.829,-0.001205
2010-09-15,0.826,-0.003619
2010-09-16,0.824,-0.002421
2010-09-17,0.829,0.006068
2010-09-20,0.833,0.004825
2010-09-21,0.834,0.0012
2010-09-27,0.848,0.016787
2010-09-28,0.843,-0.005896
2010-09-29,0.849,0.007117
2010-09-30,0.851,0.002356
2010-10-08,0.862,0.012926
2010-10-11,0.866,0.00464
2010-10-12,0.868,0.002309
2010-10-13,0.886,0.020737
2010-10-14,0.889,0.003386
2010-10-15,0.886,-0.003375
2010-10-18,0.883,-0.003386
2010-10-19,0.882,-0.001133
2010-10-20,0.882,0.0
2010-10-21,0.886,0.004535
2010-10-22,0.885,-0.001129
2010-10-25,0.895,0.011299
2010-10-26,0.897,0.002235
2010-10-27,0.888,-0.010033
2010-10-28,0.893,0.005631
2010-10-29,0.891,-0.00224
2010-11-01,0.904,0.01459
2010-11-02,0.906,0.002212
2010-11-03,0.915,0.009934
2010-11-04,0.92,0.005464
2010-11-05,0.924,0.004348
2010-11-08,0.929,0.005411
2010-11-09,0.926,-0.003229
2010-11-10,0.921,-0.0054
2010-11-11,0.923,0.002172
2010-11-12,0.904,-0.020585
2010-11-15,0.9,-0.004425
2010-11-16,0.888,-0.013333
2010-11-17,0.879,-0.010135
2010-11-18,0.894,0.017065
2010-11-19,0.893,-0.001119
2010-11-22,0.894,0.00112
2010-11-23,0.879,-0.016779
2010-11-24,0.886,0.007964
2010-11-26,0.883,-0.003386
2010-11-29,0.889,0.006795
2010-11-30,0.888,-0.001125
2010-12-01,0.898,0.011261
2010-12-02,0.904,0.006682
2010-12-03,0.901,-0.003319
2010-12-06,0.899,-0.00222
2010-12-07,0.903,0.004449
2010-12-08,0.895,-0.008859
2010-12-09,0.897,0.002235
2010-12-10,0.897,0.0
2010-12-13,0.9,0.003344
2010-12-14,0.902,0.002222
2010-12-15,0.892,-0.011086
2010-12-16,0.884,-0.008969
2010-12-17,0.887,0.003394
2010-12-20,0.883,-0.00451
2010-12-21,0.89,0.007928
2010-12-22,0.892,0.002247
2010-12-23,0.888,-0.004484
2010-12-28,0.881,-0.007883
2010-12-29,0.889,0.009081
2010-12-30,0.893,0.004499
2010-12-31,0.897,0.004479
2011-01-04,0.912,0.016722
2011-01-05,0.913,0.001096
2011-01-06,0.913,0.0
2011-01-07,0.91,-0.003286
2011-01-10,0.904,-0.006593
2011-01-11,0.908,0.004425
2011-01-12,0.92,0.013216
2011-01-13,0.921,0.001087
2011-01-14,0.921,0.0
2011-01-18,0.917,-0.004343
2011-01-19,0.917,0.0
2011-01-20,0.904,-0.014177
2011-01-21,0.9,-0.004425
2011-01-24,0.899,-0.001111
2011-01-25,0.9,0.001112
2011-01-26,0.907,0.007778
2011-01-27,0.907,0.0
2011-01-28,0.902,-0.005513
2011-01-31,0.902,0.0
2011-02-01,0.911,0.009978
2011-02-09,0.899,-0.013172
2011-02-10,0.891,-0.008899
2011-02-11,0.896,0.005612
2011-02-14,0.909,0.014509
2011-02-15,0.901,-0.008801
2011-02-16,0.906,0.005549
2011-02-17,0.909,0.003311
2011-02-18,0.914,0.005501
2011-02-22,0.895,-0.020788
2011-02-23,0.891,-0.004469
2011-02-24,0.887,-0.004489
2011-02-25,0.897,0.011274
2011-02-28,0.906,0.010033
2011-03-01,0.909,0.003311
2011-03-02,0.909,0.0
2011-03-03,0.918,0.009901
2011-03-04,0.927,0.009804
2011-03-07,0.923,-0.004315
2011-03-08,0.928,0.005417
2011-03-09,0.929,0.001078
2011-03-10,0.917,-0.012917
2011-03-11,0.913,-0.004362
2011-03-14,0.912,-0.001095
2011-03-15,0.891,-0.023026
2011-03-16,0.893,0.002245
2011-03-17,0.884,-0.010078
2011-03-18,0.886,0.002262
2011-03-21,0.899,0.014673
2011-03-22,0.903,0.004449
2011-03-23,0.905,0.002215
2011-03-24,0.914,0.009945
2011-03-25,0.92,0.006565
2011-03-28,0.916,-0.004348
2011-03-29,0.918,0.002183
2011-03-30,0.928,0.010893
2011-03-31,0.93,0.002155
2011-04-01,0.942,0.012903
2011-04-06,0.953,0.011677
2011-04-07,0.952,-0.001049
2011-04-08,0.957,0.005252
2011-04-11,0.953,-0.00418
2011-04-12,0.938,-0.01574
2011-04-13,0.944,0.006397
2011-04-14,0.942,-0.002119
2011-04-15,0.944,0.002123
2011-04-18,0.941,-0.003178
2011-04-19,0.944,0.003188
2011-04-20,0.957,0.013771
2011-04-21,0.964,0.007315
2011-04-26,0.961,-0.003112
2011-04-27,0.955,-0.006243
2011-04-28,0.956,0.001047
2011-05-03,0.944,-0.012552
2011-05-04,0.929,-0.01589
2011-05-05,0.925,-0.004306
2011-05-06,0.93,0.005405
2011-05-09,0.933,0.003226
2011-05-11,0.931,-0.002144
2011-05-12,0.922,-0.009667
2011-05-13,0.924,0.002169
2011-05-16,0.914,-0.010823
2011-05-17,0.915,0.001094
2011-05-18,0.923,0.008743
2011-05-19,0.927,0.004334
2011-05-20,0.924,-0.003236
2011-05-23,0.906,-0.019481
2011-05-24,0.909,0.003311
2011-05-25,0.91,0.0011
2011-05-26,0.918,0.008791
2011-05-27,0.925,0.007625
2011-05-31,0.942,0.018378
2011-06-01,0.937,-0.005308
2011-06-02,0.932,-0.005336
2011-06-03,0.923,-0.009657
2011-06-07,0.918,-0.005417
2011-06-08,0.91,-0.008715
2011-06-09,0.907,-0.003297
2011-06-10,0.895,-0.01323
2011-06-13,0.892,-0.003352
2011-06-14,0.897,0.005605
2011-06-15,0.89,-0.007804
2011-06-16,0.878,-0.013483
2011-06-17,0.869,-0.010251
2011-06-20,0.867,-0.002301
2011-06-21,0.881,0.016148
2011-06-22,0.881,0.0
2011-06-23,0.876,-0.005675
2011-06-24,0.885,0.010274
2011-06-27,0.884,-0.00113
2011-06-28,0.891,0.007919
2011-06-29,0.899,0.008979
2011-06-30,0.909,0.011123
2011-07-05,0.92,0.012101
2011-07-06,0.917,-0.003261
2011-07-07,0.922,0.005453
2011-07-08,0.922,0.0
2011-07-11,0.905,-0.018438
2011-07-12,0.89,-0.016575
2011-07-13,0.903,0.014607
2011-07-14,0.9,-0.003322
2011-07-15,0.903,0.003333
2011-07-18,0.9,-0.003322
2011-07-19,0.902,0.002222
2011-07-20,0.906,0.004435
2011-07-21,0.907,0.001104
2011-07-22,0.917,0.011025
2011-07-25,0.909,-0.008724
2011-07-26,0.914,0.005501
2011-07-27,0.908,-0.006565
2011-07-28,0.903,-0.005507
2011-07-29,0.894,-0.009967
2011-08-01,0.897,0.003356
2011-08-02,0.883,-0.015608
2011-08-03,0.873,-0.011325
2011-08-04,0.851,-0.0252
2011-08-05,0.829,-0.025852
2011-08-08,0.797,-0.038601
2011-08-09,0.789,-0.010038
2011-08-10,0.786,-0.003802
2011-08-11,0.79,0.005089
2011-08-12,0.793,0.003797
2011-08-15,0.815,0.027743
2011-08-16,0.808,-0.008589
2011-08-17,0.807,-0.001238
2011-08-18,0.788,-0.023544
2011-08-19,0.766,-0.027919
2011-08-22,0.76,-0.007833
2011-08-23,0.778,0.023684
2011-08-24,0.768,-0.012853
2011-08-25,0.77,0.002604
2011-08-26,0.772,0.002597
2011-08-30,0.796,0.031088
2011-08-31,0.808,0.015075
2011-09-01,0.806,-0.002475
2011-09-02,0.793,-0.016129
2011-09-06,0.774,-0.02396
2011-09-07,0.792,0.023256
2011-09-08,0.786,-0.007576
2011-09-09,0.778,-0.010178
2011-09-14,0.757,-0.026992
2011-09-15,0.759,0.002642
2011-09-16,0.764,0.006588
2011-09-19,0.749,-0.019634
2011-09-20,0.747,-0.00267
2011-09-21,0.737,-0.013387
2011-09-22,0.703,-0.046133
2011-09-23,0.697,-0.008535
2011-09-26,0.684,-0.018651
2011-09-27,0.708,0.035088
2011-09-28,0.703,-0.007062
2011-09-29,0.702,-0.001422
2011-09-30,0.687,-0.021368
2011-10-10,0.7,0.018923
2011-10-11,0.714,0.02
2011-10-12,0.727,0.018207
2011-10-13,0.74,0.017882
2011-10-14,0.735,-0.006757
2011-10-17,0.744,0.012245
2011-10-18,0.725,-0.025538
2011-10-19,0.729,0.005517
2011-10-20,0.719,-0.013717
2011-10-21,0.723,0.005563
2011-10-24,0.744,0.029046
2011-10-25,0.747,0.004032
2011-10-26,0.756,0.012048
2011-10-27,0.782,0.034392
2011-10-28,0.791,0.011509
2011-10-31,0.778,-0.016435
2011-11-01,0.76,-0.023136
2011-11-02,0.771,0.014474
2011-11-03,0.767,-0.005188
2011-11-04,0.78,0.016949
2011-11-07,0.779,-0.001282
2011-11-08,0.78,0.001284
2011-11-09,0.779,-0.001282
2011-11-10,0.756,-0.029525
2011-11-11,0.763,0.009259
2011-11-14,0.771,0.010485
2011-11-15,0.769,-0.002594
2011-11-16,0.76,-0.011704
2011-11-17,0.754,-0.007895
2011-11-18,0.743,-0.014589
2011-11-21,0.728,-0.020188
2011-11-22,0.728,0.0
2011-11-23,0.715,-0.017857
2011-11-25,0.71,-0.006993
2011-11-28,0.722,0.016901
2011-11-29,0.728,0.00831
2011-11-30,0.727,-0.001374
2011-12-01,0.752,0.034388
2011-12-02,0.754,0.00266
2011-12-05,0.758,0.005305
2011-12-06,0.749,-0.011873
2011-12-07,0.756,0.009346
2011-12-08,0.749,-0.009259
2011-12-09,0.737,-0.016021
2011-12-12,0.733,-0.005427
2011-12-13,0.729,-0.005457
2011-12-14,0.724,-0.006859
2011-12-15,0.716,-0.01105
2011-12-16,0.725,0.01257
2011-12-19,0.714,-0.015172
2011-12-20,0.717,0.004202
2011-12-21,0.724,0.009763
2011-12-22,0.725,0.001381
2011-12-23,0.732,0.009655
2011-12-28,0.722,-0.013661
2011-12-29,0.722,0.0
2011-12-30,0.722,0.0
2011-12-31,0.722,0.0
2012-01-04,0.732,0.01385
2012-01-05,0.732,0.0
2012-01-06,0.726,-0.008197
2012-01-09,0.736,0.013774
2012-01-10,0.746,0.013587
2012-01-11,0.753,0.009383
2012-01-12,0.755,0.002656
2012-01-13,0.759,0.005298
2012-01-17,0.772,0.017128
2012-01-18,0.774,0.002591
2012-01-19,0.782,0.010336
2012-01-20,0.782,0.0
2012-01-30,0.784,0.002558
2012-01-31,0.791,0.008929
2012-02-01,0.793,0.002528
2012-02-02,0.806,0.016393
2012-02-03,0.81,0.004963
2012-02-06,0.807,-0.003704
2012-02-07,0.803,-0.004957
2012-02-08,0.809,0.007472
2012-02-09,0.81,0.001236
2012-02-10,0.798,-0.014815
2012-02-13,0.804,0.007519
2012-02-14,0.804,0.0
2012-02-15,0.812,0.00995
2012-02-16,0.811,-0.001232
2012-02-17,0.813,0.002466
2012-02-21,0.815,0.00246
2012-02-22,0.817,0.002454
2012-02-23,0.816,-0.001224
2012-02-24,0.818,0.002451
2012-02-27,0.813,-0.006112
2012-02-28,0.823,0.0123
2012-02-29,0.823,0.0
2012-03-01,0.82,-0.003645
2012-03-02,0.828,0.009756
2012-03-05,0.819,-0.01087
2012-03-06,0.8,-0.023199
2012-03-07,0.801,0.00125
2012-03-08,0.812,0.013733
2012-03-09,0.816,0.004926
2012-03-12,0.815,-0.001225
2012-03-13,0.825,0.01227
2012-03-14,0.824,-0.001212
2012-03-15,0.826,0.002427
2012-03-16,0.825,-0.001211
2012-03-19,0.819,-0.007273
2012-03-20,0.811,-0.009768
2012-03-21,0.81,-0.001233
2012-03-22,0.806,-0.004938
2012-03-23,0.803,-0.003722
2012-03-26,0.8,-0.003736
2012-03-27,0.806,0.0075
2012-03-28,0.799,-0.008685
2012-03-29,0.79,-0.011264
2012-03-30,0.796,0.007595
2012-03-31,0.796,0.0
2012-04-05,0.796,0.0
2012-04-10,0.782,-0.017588
2012-04-11,0.78,-0.002558
2012-04-12,0.792,0.015385
2012-04-13,0.795,0.003788
2012-04-16,0.79,-0.006289
2012-04-17,0.789,-0.001266
2012-04-18,0.792,0.003802
2012-04-19,0.797,0.006313
2012-04-20,0.796,-0.001255
2012-04-23,0.783,-0.016332
2012-04-24,0.784,0.001277
2012-04-25,0.787,0.003827
2012-04-26,0.792,0.006353
2012-04-27,0.792,0.0
2012-05-02,0.799,0.008838
2012-05-03,0.793,-0.007509
2012-05-04,0.785,-0.010088
2012-05-08,0.77,-0.019108
2012-05-09,0.761,-0.011688
2012-05-10,0.758,-0.003942
2012-05-11,0.751,-0.009235
2012-05-14,0.741,-0.013316
2012-05-15,0.741,0.0
2012-05-16,0.729,-0.016194
2012-05-17,0.725,-0.005487
2012-05-18,0.716,-0.012414
2012-05-21,0.718,0.002793
2012-05-22,0.723,0.006964
2012-05-23,0.718,-0.006916
2012-05-24,0.718,0.0
2012-05-25,0.716,-0.002786
2012-05-29,0.733,0.023743
2012-05-30,0.723,-0.013643
2012-05-31,0.72,-0.004149
2012-06-01,0.709,-0.015278
2012-06-06,0.714,0.007052
2012-06-07,0.715,0.001401
2012-06-08,0.713,-0.002797
2012-06-11,0.717,0.00561
2012-06-12,0.719,0.002789
2012-06-13,0.72,0.001391
2012-06-14,0.717,-0.004167
2012-06-15,0.725,0.011158
2012-06-18,0.728,0.004138
2012-06-19,0.734,0.008242
2012-06-20,0.735,0.001362
2012-06-21,0.721,-0.019048
2012-06-25,0.71,-0.015257
2012-06-26,0.712,0.002817
2012-06-27,0.72,0.011236
2012-06-28,0.716,-0.005556
2012-06-29,0.733,0.023743
2012-06-30,0.733,0.0
2012-07-03,0.743,0.013643
2012-07-05,0.746,0.004038
2012-07-06,0.743,-0.004021
2012-07-09,0.733,-0.013459
2012-07-10,0.727,-0.008186
2012-07-11,0.728,0.001376
2012-07-12,0.72,-0.010989
2012-07-13,0.726,0.008333
2012-07-16,0.724,-0.002755
2012-07-17,0.725,0.001381
2012-07-18,0.719,-0.008276
2012-07-19,0.726,0.009736
2012-07-20,0.722,-0.00551
2012-07-23,0.707,-0.020776
2012-07-24,0.705,-0.002829
2012-07-25,0.701,-0.005674
2012-07-26,0.701,0.0
2012-07-27,0.713,0.017118
2012-07-30,0.716,0.004208
2012-07-31,0.716,0.0
2012-08-01,0.719,0.00419
2012-08-02,0.713,-0.008345
2012-08-03,0.718,0.007013
2012-08-06,0.73,0.016713
2012-08-07,0.736,0.008219
2012-08-08,0.736,0.0
2012-08-09,0.741,0.006793
2012-08-10,0.74,-0.00135
2012-08-13,0.736,-0.005405
2012-08-14,0.736,0.0
2012-08-15,0.733,-0.004076
2012-08-16,0.739,0.008186
2012-08-17,0.743,0.005413
2012-08-20,0.744,0.001346
2012-08-21,0.746,0.002688
2012-08-22,0.746,0.0
2012-08-23,0.749,0.004021
2012-08-24,0.744,-0.006676
2012-08-28,0.738,-0.008065
2012-08-29,0.736,-0.00271
2012-08-30,0.732,-0.005435
2012-08-31,0.734,0.002732
2012-09-04,0.735,0.001362
2012-09-05,0.728,-0.009524
2012-09-06,0.736,0.010989
2012-09-07,0.753,0.023098
2012-09-10,0.75,-0.003984
2012-09-11,0.752,0.002667
2012-09-12,0.756,0.005319
2012-09-13,0.76,0.005291
2012-09-14,0.777,0.022368
2012-09-17,0.773,-0.005148
2012-09-18,0.769,-0.005175
2012-09-19,0.773,0.005202
2012-09-20,0.767,-0.007762
2012-09-21,0.769,0.002608
2012-09-24,0.766,-0.003901
2012-09-25,0.763,-0.003916
2012-09-26,0.756,-0.009174
2012-09-27,0.764,0.010582
2012-09-28,0.767,0.003927
2012-09-30,0.767,0.0
2012-10-08,0.772,0.006519
2012-10-09,0.769,-0.003886
2012-10-10,0.769,0.0
2012-10-11,0.775,0.007802
2012-10-12,0.774,-0.00129
2012-10-15,0.773,-0.001292
2012-10-16,0.776,0.003881
2012-10-17,0.78,0.005155
2012-10-18,0.783,0.003846
2012-10-19,0.779,-0.005109
2012-10-22,0.783,0.005135
2012-10-24,0.78,-0.003831
2012-10-25,0.78,0.0
2012-10-26,0.771,-0.011538
2012-10-29,0.77,-0.001297
2012-10-30,0.77,0.0
2012-10-31,0.773,0.003896
2012-11-01,0.782,0.011643
2012-11-02,0.785,0.003836
2012-11-05,0.784,-0.001274
2012-11-06,0.787,0.003827
2012-11-07,0.784,-0.003812
2012-11-08,0.775,-0.01148
2012-11-09,0.773,-0.002581
2012-11-12,0.773,0.0
2012-11-13,0.764,-0.011643
2012-11-14,0.764,0.0
2012-11-15,0.759,-0.006545
2012-11-16,0.757,-0.002635
2012-11-19,0.762,0.006605
2012-11-20,0.761,-0.001312
2012-11-21,0.763,0.002628
2012-11-23,0.772,0.011796
2012-11-26,0.772,0.0
2012-11-27,0.769,-0.003886
2012-11-28,0.768,-0.0013
2012-11-29,0.777,0.011719
2012-11-30,0.778,0.001287
2012-12-03,0.773,-0.006427
2012-12-04,0.768,-0.006468
2012-12-05,0.774,0.007812
2012-12-06,0.774,0.0
2012-12-07,0.777,0.003876
2012-12-10,0.782,0.006435
2012-12-11,0.783,0.001279
2012-12-12,0.789,0.007663
2012-12-13,0.788,-0.001267
2012-12-14,0.793,0.006345
2012-12-17,0.793,0.0
2012-12-18,0.797,0.005044
2012-12-19,0.801,0.005019
2012-12-20,0.801,0.0
2012-12-21,0.797,-0.004994
2012-12-24,0.796,-0.001255
2012-12-27,0.8,0.005025
2012-12-28,0.8,0.0
2012-12-31,0.805,0.00625
2013-01-04,0.832,0.03354
2013-01-07,0.834,0.002404
2013-01-08,0.827,-0.008393
2013-01-09,0.829,0.002418
2013-01-10,0.833,0.004825
2013-01-11,0.828,-0.006002
2013-01-14,0.832,0.004831
2013-01-15,0.832,0.0
2013-01-16,0.83,-0.002404
2013-01-17,0.827,-0.003614
2013-01-18,0.832,0.006046
2013-01-22,0.834,0.002404
2013-01-23,0.834,0.0
2013-01-24,0.831,-0.003597
2013-01-25,0.827,-0.004813
2013-01-28,0.826,-0.001209
2013-01-29,0.827,0.001211
2013-01-30,0.828,0.001209
2013-01-31,0.824,-0.004831
2013-02-01,0.828,0.004854
2013-02-04,0.826,-0.002415
2013-02-05,0.819,-0.008475
2013-02-06,0.821,0.002442
2013-02-07,0.815,-0.007308
2013-02-08,0.814,-0.001227
2013-02-19,0.815,0.001229
2013-02-20,0.814,-0.001227
2013-02-21,0.804,-0.012285
2013-02-22,0.802,-0.002488
2013-02-25,0.798,-0.004988
2013-02-26,0.789,-0.011278
2013-02-27,0.792,0.003802
2013-02-28,0.799,0.008838
2013-03-01,0.798,-0.001252
2013-03-04,0.791,-0.008772
2013-03-05,0.796,0.006321
2013-03-06,0.798,0.002513
2013-03-07,0.8,0.002506
2013-03-08,0.805,0.00625
2013-03-11,0.801,-0.004969
2013-03-12,0.796,-0.006242
2013-03-13,0.788,-0.01005
2013-03-14,0.79,0.002538
2013-03-15,0.791,0.001266
2013-03-18,0.783,-0.010114
2013-03-19,0.779,-0.005109
2013-03-20,0.788,0.011553
2013-03-21,0.787,-0.001269
2013-03-22,0.786,-0.001271
2013-03-25,0.79,0.005089
2013-03-26,0.79,0.0
2013-03-27,0.792,0.002532
2013-03-28,0.787,-0.006313
2013-04-02,0.782,-0.006353
2013-04-03,0.776,-0.007673
2013-04-08,0.766,-0.012887
2013-04-09,0.775,0.011749
2013-04-10,0.782,0.009032
2013-04-11,0.785,0.003836
2013-04-12,0.782,-0.003822
2013-04-15,0.766,-0.02046
2013-04-16,0.768,0.002611
2013-04-17,0.765,-0.003906
2013-04-18,0.764,-0.001307
2013-04-19,0.772,0.010471
2013-04-22,0.774,0.002591
2013-04-23,0.771,-0.003876
2013-04-24,0.78,0.011673
2013-04-25,0.786,0.007692
2013-04-26,0.783,-0.003817
2013-05-02,0.786,0.003831
2013-05-03,0.79,0.005089
2013-05-07,0.803,0.016456
2013-05-08,0.809,0.007472
2013-05-09,0.81,0.001236
2013-05-10,0.81,0.0
2013-05-13,0.803,-0.008642
2013-05-14,0.801,-0.002491
2013-05-15,0.805,0.004994
2013-05-16,0.805,0.0
2013-05-20,0.817,0.014907
2013-05-21,0.815,-0.002448
2013-05-22,0.808,-0.008589
2013-05-23,0.794,-0.017327
2013-05-24,0.794,0.0
2013-05-28,0.803,0.011335
2013-05-29,0.8,-0.003736
2013-05-30,0.798,-0.0025
2013-05-31,0.793,-0.006266
2013-06-03,0.79,-0.003783
2013-06-04,0.789,-0.001266
2013-06-05,0.785,-0.00507
2013-06-06,0.781,-0.005096
2013-06-07,0.779,-0.002561
2013-06-13,0.756,-0.029525
2013-06-14,0.759,0.003968
2013-06-17,0.768,0.011858
2013-06-18,0.768,0.0
2013-06-19,0.765,-0.003906
2013-06-20,0.743,-0.028758
2013-06-21,0.74,-0.004038
2013-06-24,0.725,-0.02027
2013-06-25,0.725,0.0
2013-06-26,0.737,0.016552
2013-06-27,0.743,0.008141
2013-06-28,0.75,0.009421
2013-06-30,0.75,0.0
2013-07-02,0.747,-0.004
2013-07-03,0.736,-0.014726
2013-07-05,0.749,0.017663
2013-07-08,0.747,-0.00267
2013-07-09,0.749,0.002677
2013-07-10,0.751,0.00267
2013-07-11,0.764,0.01731
2013-07-12,0.765,0.001309
2013-07-15,0.77,0.006536
2013-07-16,0.771,0.001299
2013-07-17,0.772,0.001297
2013-07-18,0.775,0.003886
2013-07-19,0.774,-0.00129
2013-07-22,0.775,0.001292
2013-07-23,0.783,0.010323
2013-07-24,0.782,-0.001277
2013-07-25,0.786,0.005115
2013-07-26,0.787,0.001272
2013-07-29,0.78,-0.008895
2013-07-30,0.779,-0.001282
2013-07-31,0.776,-0.003851
2013-08-01,0.788,0.015464
2013-08-02,0.789,0.001269
2013-08-05,0.789,0.0
2013-08-06,0.787,-0.002535
2013-08-07,0.779,-0.010165
2013-08-08,0.783,0.005135
2013-08-09,0.787,0.005109
2013-08-12,0.796,0.011436
2013-08-13,0.807,0.013819
2013-08-14,0.807,0.0
2013-08-15,0.802,-0.006196
2013-08-16,0.802,0.0
2013-08-19,0.8,-0.002494
2013-08-20,0.791,-0.01125
2013-08-21,0.788,-0.003793
2013-08-22,0.793,0.006345
2013-08-23,0.795,0.002522
2013-08-26,0.799,0.005031
2013-08-27,0.79,-0.011264
2013-08-28,0.784,-0.007595
2013-08-29,0.788,0.005102
2013-08-30,0.791,0.003807
2013-09-03,0.8,0.011378
2013-09-04,0.799,-0.00125
2013-09-05,0.806,0.008761
2013-09-06,0.808,0.002481
2013-09-09,0.816,0.009901
2013-09-10,0.824,0.009804
2013-09-11,0.825,0.001214
2013-09-12,0.824,-0.001212
2013-09-13,0.824,0.0
2013-09-16,0.828,0.004854
2013-09-17,0.83,0.002415
2013-09-18,0.829,-0.001205
2013-09-23,0.832,0.003619
2013-09-24,0.827,-0.00601
2013-09-25,0.827,0.0
2013-09-26,0.827,0.0
2013-09-27,0.828,0.001209
2013-09-30,0.821,-0.008454
2013-10-08,0.829,0.009744
2013-10-09,0.829,0.0
2013-10-10,0.835,0.007238
2013-10-11,0.84,0.005988
2013-10-15,0.843,0.003571
2013-10-16,0.844,0.001186
2013-10-17,0.846,0.00237
2013-10-18,0.856,0.01182
2013-10-21,0.859,0.003505
2013-10-22,0.86,0.001164
2013-10-23,0.849,-0.012791
2013-10-24,0.851,0.002356
2013-10-25,0.846,-0.005875
2013-10-28,0.844,-0.002364
2013-10-29,0.845,0.001185
2013-10-30,0.85,0.005917
2013-10-31,0.848,-0.002353
2013-11-01,0.849,0.001179
2013-11-04,0.849,0.0
2013-11-05,0.848,-0.001178
2013-11-06,0.846,-0.002358
2013-11-07,0.837,-0.010638
2013-11-08,0.833,-0.004779
2013-11-11,0.835,0.002401
2013-11-12,0.832,-0.003593
2013-11-13,0.83,-0.002404
2013-11-14,0.837,0.008434
2013-11-15,0.849,0.014337
2013-11-18,0.862,0.015312
2013-11-19,0.86,-0.00232
2013-11-20,0.858,-0.002326
2013-11-21,0.86,0.002331
2013-11-22,0.864,0.004651
2013-11-25,0.861,-0.003472
2013-11-26,0.863,0.002323
2013-11-27,0.862,-0.001159
2013-11-29,0.869,0.008121
2013-12-02,0.872,0.003452
2013-12-03,0.866,-0.006881
2013-12-04,0.865,-0.001155
2013-12-05,0.864,-0.001156
2013-12-06,0.866,0.002315
2013-12-09,0.866,0.0
2013-12-10,0.867,0.001155
2013-12-11,0.857,-0.011534
2013-12-12,0.853,-0.004667
2013-12-13,0.855,0.002345
2013-12-16,0.852,-0.003509
2013-12-17,0.849,-0.003521
2013-12-18,0.857,0.009423
2013-12-19,0.855,-0.002334
2013-12-20,0.851,-0.004678
2013-12-23,0.855,0.0047
2013-12-24,0.86,0.005848
2013-12-27,0.865,0.005814
2013-12-30,0.868,0.003468
2013-12-31,0.874,0.006912
2014-01-02,0.874,0.0
2014-01-03,0.866,-0.009153
2014-01-06,0.86,-0.006928
2014-01-07,0.86,0.0
2014-01-08,0.87,0.011628
2014-01-09,0.864,-0.006897
2014-01-10,0.864,0.0
2014-01-13,0.861,-0.003472
2014-01-14,0.862,0.001161
2014-01-15,0.869,0.008121
2014-01-16,0.87,0.001151
2014-01-17,0.869,-0.001149
2014-01-21,0.868,-0.001151
2014-01-22,0.872,0.004608
2014-01-23,0.86,-0.013761
2014-01-24,0.84,-0.023256
2014-01-27,0.825,-0.017857
2014-01-28,0.833,0.009697
2014-01-29,0.837,0.004802
2014-01-30,0.837,0.0
2014-02-07,0.838,0.001195
2014-02-10,0.842,0.004773
2014-02-11,0.848,0.007126
2014-02-12,0.853,0.005896
2014-02-13,0.856,0.003517
2014-02-14,0.861,0.005841
2014-02-18,0.873,0.013937
2014-02-19,0.87,-0.003436
2014-02-20,0.867,-0.003448
2014-02-21,0.87,0.00346
2014-02-24,0.87,0.0
2014-02-25,0.865,-0.005747
2014-02-26,0.868,0.003468
2014-02-27,0.879,0.012673
2014-02-28,0.882,0.003413
2014-03-03,0.872,-0.011338
2014-03-04,0.88,0.009174
2014-03-05,0.882,0.002273
2014-03-06,0.89,0.00907
2014-03-07,0.889,-0.001124
2014-03-10,0.882,-0.007874
2014-03-11,0.878,-0.004535
2014-03-12,0.868,-0.01139
2014-03-13,0.862,-0.006912
2014-03-14,0.856,-0.006961
2014-03-17,0.857,0.001168
2014-03-18,0.868,0.012835
2014-03-19,0.865,-0.003456
2014-03-20,0.856,-0.010405
2014-03-21,0.857,0.001168
2014-03-24,0.857,0.0
2014-03-25,0.849,-0.009335
2014-03-26,0.85,0.001178
2014-03-27,0.841,-0.010588
2014-03-28,0.853,0.014269
2014-03-31,0.86,0.008206
2014-04-01,0.872,0.013953
2014-04-02,0.874,0.002294
2014-04-03,0.868,-0.006865
2014-04-04,0.862,-0.006912
2014-04-08,0.856,-0.006961
2014-04-09,0.865,0.010514
2014-04-10,0.866,0.001156
2014-04-11,0.855,-0.012702
2014-04-14,0.853,-0.002339
2014-04-15,0.848,-0.005862
2014-04-16,0.853,0.005896
2014-04-17,0.859,0.007034
2014-04-22,0.862,0.003492
2014-04-23,0.86,-0.00232
2014-04-24,0.855,-0.005814
2014-04-25,0.842,-0.015205
2014-04-28,0.826,-0.019002
2014-04-29,0.83,0.004843
2014-04-30,0.824,-0.007229
2014-05-05,0.83,0.007282
2014-05-07,0.819,-0.013253
2014-05-08,0.815,-0.004884
2014-05-09,0.816,0.001227
2014-05-12,0.829,0.015931
2014-05-13,0.83,0.001206
2014-05-14,0.834,0.004819
2014-05-15,0.832,-0.002398
2014-05-16,0.829,-0.003606
2014-05-19,0.835,0.007238
2014-05-20,0.834,-0.001198
2014-05-21,0.838,0.004796
2014-05-22,0.848,0.011933
2014-05-23,0.852,0.004717
2014-05-27,0.851,-0.001174
2014-05-28,0.853,0.00235
2014-05-29,0.852,-0.001172
2014-05-30,0.85,-0.002347
2014-06-03,0.854,0.004706
2014-06-04,0.852,-0.002342
2014-06-05,0.855,0.003521
2014-06-06,0.858,0.003509
2014-06-09,0.861,0.003497
2014-06-10,0.866,0.005807
2014-06-11,0.871,0.005774
2014-06-12,0.872,0.001148
2014-06-13,0.871,-0.001147
2014-06-16,0.872,0.001148
2014-06-17,0.872,0.0
2014-06-18,0.871,-0.001147
2014-06-19,0.869,-0.002296
2014-06-20,0.867,-0.002301
2014-06-23,0.866,-0.001153
2014-06-24,0.868,0.002309
2014-06-25,0.867,-0.001152
2014-06-26,0.873,0.00692
2014-06-27,0.875,0.002291
2014-06-30,0.879,0.004571
2014-07-02,0.886,0.007964
2014-07-03,0.891,0.005643
2014-07-07,0.891,0.0
2014-07-08,0.882,-0.010101
2014-07-09,0.877,-0.005669
2014-07-10,0.874,-0.003421
2014-07-11,0.871,-0.003432
2014-07-14,0.875,0.004592
2014-07-15,0.876,0.001143
2014-07-16,0.877,0.001142
2014-07-17,0.872,-0.005701
2014-07-18,0.871,-0.001147
2014-07-21,0.873,0.002296
2014-07-22,0.876,0.003436
2014-07-23,0.877,0.001142
2014-07-24,0.879,0.002281
2014-07-25,0.882,0.003413
2014-07-28,0.884,0.002268
2014-07-29,0.883,-0.001131
2014-07-30,0.884,0.001133
2014-07-31,0.88,-0.004525
2014-08-01,0.875,-0.005682
2014-08-04,0.881,0.006857
2014-08-05,0.879,-0.00227
2014-08-06,0.883,0.004551
2014-08-07,0.879,-0.00453
2014-08-08,0.878,-0.001138
2014-08-11,0.885,0.007973
2014-08-12,0.887,0.00226
2014-08-13,0.893,0.006764
2014-08-14,0.893,0.0
2014-08-15,0.898,0.005599
2014-08-18,0.9,0.002227
2014-08-19,0.903,0.003333
2014-08-20,0.904,0.001107
2014-08-21,0.902,-0.002212
2014-08-22,0.903,0.001109
2014-08-25,0.904,0.001107
2014-08-26,0.904,0.0
2014-08-27,0.9,-0.004425
2014-08-28,0.895,-0.005556
2014-08-29,0.895,0.0
2014-09-02,0.9,0.005587
2014-09-03,0.908,0.008889
2014-09-04,0.908,0.0
2014-09-05,0.911,0.003304
2014-09-10,0.899,-0.013172
2014-09-11,0.897,-0.002225
2014-09-12,0.896,-0.001115
2014-09-15,0.885,-0.012277
2014-09-16,0.883,-0.00226
2014-09-17,0.886,0.003398
2014-09-18,0.884,-0.002257
2014-09-19,0.886,0.002262
2014-09-22,0.876,-0.011287
2014-09-23,0.872,-0.004566
2014-09-24,0.877,0.005734
2014-09-25,0.871,-0.006842
2014-09-26,0.871,0.0
2014-09-29,0.861,-0.011481
2014-09-30,0.858,-0.003484
2014-10-08,0.856,-0.002331
2014-10-09,0.854,-0.002336
2014-10-10,0.841,-0.015222
2014-10-13,0.831,-0.011891
2014-10-14,0.831,0.0
2014-10-15,0.833,0.002407
2014-10-16,0.832,-0.0012
2014-10-17,0.835,0.003606
2014-10-20,0.842,0.008383
2014-10-21,0.846,0.004751
2014-10-22,0.845,-0.001182
2014-10-23,0.847,0.002367
2014-10-24,0.847,0.0
2014-10-27,0.838,-0.010626
2014-10-28,0.849,0.013126
2014-10-29,0.852,0.003534
2014-10-30,0.856,0.004695
2014-10-31,0.867,0.01285
2014-11-03,0.866,-0.001153
2014-11-04,0.866,0.0
2014-11-05,0.863,-0.003464
2014-11-06,0.863,0.0
2014-11-07,0.863,0.0
2014-11-10,0.869,0.006952
2014-11-11,0.869,0.0
2014-11-12,0.873,0.004603
2014-11-13,0.867,-0.006873
2014-11-14,0.87,0.00346
2014-11-17,0.862,-0.009195
2014-11-18,0.857,-0.0058
2014-11-19,0.855,-0.002334
2014-11-20,0.857,0.002339
2014-11-21,0.862,0.005834
2014-11-24,0.871,0.010441
2014-11-25,0.869,-0.002296
2014-11-26,0.87,0.001151
2014-11-28,0.857,-0.014943
2014-12-01,0.839,-0.021004
2014-12-02,0.839,0.0
2014-12-03,0.837,-0.002384
2014-12-04,0.837,0.0
2014-12-05,0.836,-0.001195
2014-12-08,0.821,-0.017943
2014-12-09,0.815,-0.007308
2014-12-10,0.813,-0.002454
2014-12-11,0.811,-0.00246
2014-12-12,0.812,0.001233
2014-12-15,0.803,-0.011084
2014-12-16,0.793,-0.012453
2014-12-17,0.792,-0.001261
2014-12-18,0.799,0.008838
2014-12-19,0.805,0.007509
2014-12-22,0.806,0.001242
2014-12-23,0.806,0.0
2014-12-24,0.808,0.002481
2014-12-29,0.81,0.002475
2014-12-30,0.811,0.001235
2014-12-31,0.816,0.006165
2015-01-05,0.819,0.003676
2015-01-06,0.811,-0.009768
2015-01-07,0.812,0.001233
2015-01-08,0.826,0.017241
2015-01-09,0.824,-0.002421
2015-01-12,0.815,-0.010922
2015-01-13,0.813,-0.002454
2015-01-14,0.809,-0.00492
2015-01-15,0.81,0.001236
2015-01-16,0.811,0.001235
2015-01-20,0.804,-0.008631
2015-01-21,0.815,0.013682
2015-01-22,0.819,0.004908
2015-01-23,0.826,0.008547
2015-01-26,0.828,0.002421
2015-01-27,0.826,-0.002415
2015-01-28,0.821,-0.006053
2015-01-29,0.816,-0.00609
2015-01-30,0.813,-0.003676
2015-02-02,0.81,-0.00369
2015-02-03,0.818,0.009877
2015-02-04,0.818,0.0
2015-02-05,0.817,-0.001222
2015-02-06,0.814,-0.003672
2015-02-09,0.812,-0.002457
2015-02-10,0.811,-0.001232
2015-02-11,0.812,0.001233
2015-02-12,0.815,0.003695
2015-02-13,0.824,0.011043
2015-02-17,0.823,-0.001214
2015-02-25,0.82,-0.003645
2015-02-26,0.821,0.00122
2015-02-27,0.82,-0.001218
2015-03-02,0.823,0.003659
2015-03-03,0.821,-0.00243
2015-03-04,0.817,-0.004872
2015-03-05,0.819,0.002448
2015-03-06,0.819,0.0
2015-03-09,0.815,-0.004884
2015-03-10,0.807,-0.009816
2015-03-11,0.805,-0.002478
2015-03-12,0.809,0.004969
2015-03-13,0.804,-0.00618
2015-03-16,0.807,0.003731
2015-03-17,0.81,0.003717
2015-03-18,0.817,0.008642
2015-03-19,0.814,-0.003672
2015-03-20,0.82,0.007371
2015-03-23,0.822,0.002439
2015-03-24,0.821,-0.001217
2015-03-25,0.821,0.0
2015-03-26,0.82,-0.001218
2015-03-27,0.819,-0.00122
2015-03-30,0.832,0.015873
2015-03-31,0.835,0.003606
2015-04-01,0.842,0.008383
2015-04-02,0.854,0.014252
2015-04-08,0.897,0.050351
2015-04-09,0.91,0.014493
2015-04-10,0.919,0.00989
2015-04-13,0.93,0.01197
2015-04-14,0.917,-0.013978
2015-04-15,0.915,-0.002181
2015-04-16,0.924,0.009836
2015-04-17,0.919,-0.005411
2015-04-20,0.907,-0.013058
2015-04-21,0.916,0.009923
2015-04-22,0.926,0.010917
2015-04-23,0.928,0.00216
2015-04-24,0.931,0.003233
2015-04-27,0.941,0.010741
2015-04-28,0.94,-0.001063
2015-04-29,0.934,-0.006383
2015-04-30,0.932,-0.002141
2015-05-05,0.926,-0.006438
2015-05-06,0.919,-0.007559
2015-05-07,0.905,-0.015234
2015-05-08,0.919,0.01547
2015-05-11,0.926,0.007617
2015-05-12,0.918,-0.008639
2015-05-13,0.921,0.003268
2015-05-14,0.923,0.002172
2015-05-15,0.927,0.004334
2015-05-18,0.93,0.003236
2015-05-19,0.938,0.008602
2015-05-20,0.939,0.001066
2015-05-21,0.938,-0.001065
2015-05-22,0.943,0.00533
2015-05-26,0.952,0.009544
2015-05-27,0.954,0.002101
2015-05-28,0.94,-0.014675
2015-05-29,0.941,0.001064
2015-06-01,0.95,0.009564
2015-06-02,0.948,-0.002105
2015-06-03,0.941,-0.007384
2015-06-04,0.935,-0.006376
2015-06-05,0.929,-0.006417
2015-06-08,0.922,-0.007535
2015-06-09,0.903,-0.020607
2015-06-10,0.908,0.005537
2015-06-11,0.911,0.003304
2015-06-12,0.921,0.010977
2015-06-15,0.911,-0.010858
2015-06-16,0.901,-0.010977
2015-06-17,0.908,0.007769
2015-06-18,0.907,-0.001101
2015-06-19,0.899,-0.00882
2015-06-23,0.91,0.012236
2015-06-24,0.91,0.0
2015-06-25,0.908,-0.002198
2015-06-26,0.892,-0.017621
2015-06-29,0.86,-0.035874
2015-06-30,0.876,0.018605
2015-07-02,0.86,-0.018265
2015-07-06,0.797,-0.073256
2015-07-07,0.763,-0.04266
2015-07-08,0.733,-0.039318
2015-07-09,0.789,0.076398
2015-07-10,0.808,0.024081
2015-07-13,0.821,0.016089
2015-07-14,0.821,0.0
2015-07-15,0.806,-0.01827
2015-07-16,0.812,0.007444
2015-07-17,0.82,0.009852
2015-07-20,0.817,-0.003659
2015-07-21,0.819,0.002448
2015-07-22,0.812,-0.008547
2015-07-23,0.814,0.002463
2015-07-24,0.805,-0.011057
2015-07-27,0.775,-0.037267
2015-07-28,0.778,0.003871
2015-07-29,0.783,0.006427
2015-07-30,0.782,-0.001277
2015-07-31,0.781,-0.001279
2015-08-03,0.77,-0.014085
2015-08-04,0.776,0.007792
2015-08-05,0.778,0.002577
2015-08-06,0.778,0.0
2015-08-07,0.779,0.001285
2015-08-10,0.789,0.012837
2015-08-11,0.794,0.006337
2015-08-12,0.796,0.002519
2015-08-13,0.806,0.012563
2015-08-14,0.809,0.003722
2015-08-17,0.805,-0.004944
2015-08-18,0.794,-0.013665
2015-08-19,0.784,-0.012594
2015-08-20,0.769,-0.019133
2015-08-21,0.751,-0.023407
2015-08-24,0.714,-0.049268
2015-08-25,0.72,0.008403
2015-08-26,0.724,0.005556
2015-08-27,0.756,0.044199
2015-08-28,0.759,0.003968
2015-09-01,0.74,-0.025033
2015-09-02,0.737,-0.004054
2015-09-08,0.75,0.017639
2015-09-09,0.762,0.016
2015-09-10,0.76,-0.002625
2015-09-11,0.761,0.001316
2015-09-14,0.76,-0.001314
2015-09-15,0.755,-0.006579
2015-09-16,0.769,0.018543
2015-09-17,0.771,0.002601
2015-09-18,0.771,0.0
2015-09-21,0.767,-0.005188
2015-09-22,0.768,0.001304
2015-09-23,0.756,-0.015625
2015-09-24,0.756,0.0
2015-09-25,0.756,0.0
2015-09-29,0.741,-0.019841
2015-09-30,0.75,0.012146
2015-10-08,0.792,0.056
2015-10-09,0.794,0.002525
2015-10-12,0.796,0.002519
2015-10-13,0.789,-0.008794
2015-10-14,0.791,0.002535
2015-10-15,0.803,0.015171
2015-10-16,0.803,0.0
2015-10-19,0.803,0.0
2015-10-20,0.807,0.004981
2015-10-22,0.802,-0.006196
2015-10-23,0.81,0.009975
2015-10-26,0.804,-0.007407
2015-10-27,0.799,-0.006219
2015-10-28,0.799,0.0
2015-10-29,0.8,0.001252
2015-10-30,0.796,-0.005
2015-11-02,0.79,-0.007538
2015-11-03,0.796,0.007595
2015-11-04,0.804,0.01005
2015-11-05,0.804,0.0
2015-11-06,0.803,-0.001244
2015-11-09,0.799,-0.004981
2015-11-10,0.792,-0.008761
2015-11-11,0.788,-0.005051
2015-11-12,0.791,0.003807
2015-11-13,0.784,-0.00885
2015-11-16,0.783,-0.001276
2015-11-17,0.786,0.003831
2015-11-18,0.786,0.0
2015-11-19,0.793,0.008906
2015-11-20,0.798,0.006305
2015-11-23,0.8,0.002506
2015-11-24,0.8,0.0
2015-11-25,0.798,-0.0025
2015-11-27,0.787,-0.013784
2015-11-30,0.788,0.001271
2015-12-01,0.791,0.003807
2015-12-02,0.791,0.0
2015-12-03,0.787,-0.005057
2015-12-04,0.783,-0.005083
2015-12-07,0.782,-0.001277
2015-12-08,0.777,-0.006394
2015-12-09,0.773,-0.005148
2015-12-10,0.77,-0.003881
2015-12-11,0.76,-0.012987
2015-12-14,0.761,0.001316
2015-12-15,0.764,0.003942
2015-12-16,0.772,0.010471
2015-12-17,0.776,0.005181
2015-12-18,0.774,-0.002577
2015-12-21,0.773,-0.001292
2015-12-22,0.778,0.006468
2015-12-23,0.783,0.006427
2015-12-24,0.783,0.0
2015-12-29,0.782,-0.001277
2015-12-30,0.779,-0.003836
2015-12-31,0.78,0.001284
2016-01-04,0.759,-0.026923
2016-01-05,0.76,0.001318
2016-01-06,0.758,-0.002632
2016-01-07,0.737,-0.027704
2016-01-08,0.736,-0.001357
2016-01-11,0.72,-0.021739
2016-01-12,0.719,-0.001389
2016-01-13,0.715,-0.005563
2016-01-14,0.714,-0.001399
2016-01-15,0.703,-0.015406
2016-01-19,0.706,0.004267
2016-01-20,0.691,-0.021246
2016-01-21,0.683,-0.011577
2016-01-22,0.699,0.023426
2016-01-25,0.698,-0.001431
2016-01-26,0.689,-0.012894
2016-01-27,0.689,0.0
2016-01-28,0.692,0.004354
2016-01-29,0.703,0.015896
2016-02-01,0.704,0.001422
2016-02-02,0.699,-0.007102
2016-02-03,0.692,-0.010014
2016-02-04,0.691,-0.001445
2016-02-05,0.682,-0.013025
2016-02-16,0.679,-0.004399
2016-02-17,0.682,0.004418
2016-02-18,0.688,0.008798
2016-02-19,0.689,0.001453
2016-02-22,0.696,0.01016
2016-02-23,0.692,-0.005747
2016-02-24,0.691,-0.001445
2016-02-25,0.688,-0.004342
2016-02-26,0.69,0.002907
2016-02-29,0.687,-0.004348
2016-03-01,0.692,0.007278
2016-03-02,0.707,0.021676
2016-03-03,0.71,0.004243
2016-03-04,0.715,0.007042
2016-03-07,0.71,-0.006993
2016-03-08,0.702,-0.011268
2016-03-09,0.702,0.0
2016-03-10,0.701,-0.001425
2016-03-11,0.706,0.007133
2016-03-14,0.713,0.009915
2016-03-15,0.711,-0.002805
2016-03-16,0.711,0.0
2016-03-17,0.719,0.011252
2016-03-18,0.721,0.002782
2016-03-21,0.725,0.005548
2016-03-22,0.729,0.005517
2016-03-23,0.725,-0.005487
2016-03-24,0.722,-0.004138
2016-03-29,0.724,0.00277
2016-03-30,0.731,0.009669
2016-03-31,0.731,0.0
2016-04-01,0.724,-0.009576
2016-04-05,0.714,-0.013812
2016-04-06,0.719,0.007003
2016-04-07,0.717,-0.002782
2016-04-08,0.72,0.004184
2016-04-11,0.723,0.004167
2016-04-12,0.727,0.005533
2016-04-13,0.741,0.019257
2016-04-14,0.745,0.005398
2016-04-15,0.743,-0.002685
2016-04-18,0.739,-0.005384
2016-04-19,0.744,0.006766
2016-04-20,0.739,-0.00672
2016-04-21,0.743,0.005413
2016-04-22,0.738,-0.006729
2016-04-25,0.733,-0.006775
2016-04-26,0.731,-0.002729
2016-04-27,0.727,-0.005472
2016-04-28,0.727,0.0
2016-04-29,0.72,-0.009629
2016-05-03,0.709,-0.015278
2016-05-04,0.707,-0.002821
2016-05-05,0.706,-0.001414
2016-05-06,0.703,-0.004249
2016-05-09,0.697,-0.008535
2016-05-10,0.704,0.010043
2016-05-11,0.702,-0.002841
2016-05-12,0.697,-0.007123
2016-05-13,0.692,-0.007174
2016-05-16,0.7,0.011561
2016-05-17,0.7,0.0
2016-05-18,0.695,-0.007143
2016-05-19,0.694,-0.001439
2016-05-20,0.697,0.004323
2016-05-23,0.697,0.0
2016-05-24,0.701,0.005739
2016-05-25,0.709,0.011412
2016-05-26,0.709,0.0
2016-05-27,0.714,0.007052
2016-05-31,0.719,0.007003
2016-06-01,0.72,0.001391
2016-06-02,0.72,0.0
2016-06-03,0.723,0.004167
2016-06-06,0.724,0.001383
2016-06-07,0.732,0.01105
2016-06-08,0.732,0.0
2016-06-13,0.71,-0.030055
2016-06-14,0.708,-0.002817
2016-06-15,0.713,0.007062
2016-06-16,0.704,-0.012623
2016-06-17,0.707,0.004261
2016-06-20,0.712,0.007072
2016-06-21,0.716,0.005618
2016-06-22,0.722,0.00838
2016-06-23,0.723,0.001385
2016-06-24,0.704,-0.026279
2016-06-27,0.706,0.002841
2016-06-28,0.714,0.011331
2016-06-29,0.722,0.011204
2016-06-30,0.73,0.01108
2016-07-05,0.731,0.00137
2016-07-06,0.729,-0.002736
2016-07-07,0.731,0.002743
2016-07-08,0.734,0.004104
2016-07-11,0.742,0.010899
2016-07-12,0.749,0.009434
2016-07-13,0.75,0.001335
2016-07-14,0.755,0.006667
2016-07-15,0.755,0.0
2016-07-18,0.76,0.006623
2016-07-19,0.757,-0.003947
2016-07-20,0.761,0.005284
2016-07-21,0.761,0.0
2016-07-22,0.76,-0.001314
2016-07-25,0.761,0.001316
2016-07-26,0.762,0.001314
2016-07-27,0.762,0.0
2016-07-28,0.764,0.002625
2016-07-29,0.757,-0.009162
2016-08-01,0.758,0.001321
2016-08-02,0.757,-0.001319
2016-08-03,0.749,-0.010568
2016-08-04,0.755,0.008011
2016-08-05,0.762,0.009272
2016-08-08,0.771,0.011811
2016-08-09,0.772,0.001297
2016-08-10,0.773,0.001295
2016-08-11,0.771,-0.002587
2016-08-12,0.777,0.007782
2016-08-15,0.78,0.003861
2016-08-16,0.777,-0.003846
2016-08-17,0.772,-0.006435
2016-08-18,0.78,0.010363
2016-08-19,0.777,-0.003846
2016-08-22,0.779,0.002574
2016-08-23,0.78,0.001284
2016-08-24,0.772,-0.010256
2016-08-25,0.775,0.003886
2016-08-26,0.775,0.0
2016-08-29,0.779,0.005161
2016-08-30,0.781,0.002567
2016-08-31,0.779,-0.002561
2016-09-01,0.78,0.001284
2016-09-02,0.784,0.005128
2016-09-06,0.8,0.020408
2016-09-07,0.797,-0.00375
2016-09-08,0.798,0.001255
2016-09-09,0.784,-0.017544
2016-09-12,0.771,-0.016582
2016-09-13,0.765,-0.007782
2016-09-14,0.77,0.006536
2016-09-19,0.784,0.018182
2016-09-20,0.782,-0.002551
2016-09-21,0.794,0.015345
2016-09-22,0.798,0.005038
2016-09-23,0.792,-0.007519
2016-09-26,0.781,-0.013889
2016-09-27,0.79,0.011524
2016-09-28,0.791,0.001266
2016-09-29,0.79,-0.001264
2016-09-30,0.786,-0.005063
2016-10-11,0.784,-0.002545
2016-10-12,0.782,-0.002551
2016-10-13,0.775,-0.008951
2016-10-14,0.779,0.005161
2016-10-17,0.779,0.0
2016-10-18,0.788,0.011553
2016-10-19,0.79,0.002538
2016-10-20,0.789,-0.001266
2016-10-21,0.792,0.003802
2016-10-24,0.802,0.012626
2016-10-25,0.802,0.0
2016-10-26,0.795,-0.008728
2016-10-27,0.788,-0.008805
2016-10-28,0.785,-0.003807
2016-10-31,0.781,-0.005096
2016-11-01,0.783,0.002561
2016-11-02,0.769,-0.01788
2016-11-03,0.764,-0.006502
2016-11-04,0.76,-0.005236
2016-11-07,0.78,0.026316
2016-11-08,0.782,0.002564
2016-11-09,0.767,-0.019182
2016-11-10,0.766,-0.001304
2016-11-11,0.758,-0.010444
2016-11-14,0.744,-0.01847
2016-11-15,0.75,0.008065
2016-11-16,0.756,0.008
2016-11-17,0.759,0.003968
2016-11-18,0.761,0.002635
2016-11-21,0.766,0.00657
2016-11-22,0.772,0.007833
2016-11-23,0.773,0.001295
2016-11-25,0.777,0.005175
2016-11-28,0.779,0.002574
2016-11-29,0.775,-0.005135
2016-11-30,0.776,0.00129
2016-12-01,0.77,-0.007732
2016-12-02,0.762,-0.01039
2016-12-05,0.765,0.003937
2016-12-06,0.767,0.002614
2016-12-07,0.776,0.011734
2016-12-08,0.78,0.005155
2016-12-09,0.781,0.001282
2016-12-12,0.772,-0.011524
2016-12-13,0.774,0.002591
2016-12-14,0.776,0.002584
2016-12-15,0.77,-0.007732
2016-12-16,0.772,0.002597
2016-12-19,0.766,-0.007772
2016-12-20,0.766,0.0
2016-12-21,0.767,0.001305
2016-12-22,0.761,-0.007823
2016-12-23,0.761,0.0
2016-12-28,0.767,0.007884
2016-12-29,0.77,0.003911
2016-12-30,0.769,-0.001299
2016-12-31,0.769,0.0
2017-01-03,0.774,0.006502
2017-01-04,0.778,0.005168
2017-01-05,0.787,0.011568
2017-01-06,0.781,-0.007624
2017-01-09,0.79,0.011524
2017-01-10,0.797,0.008861
2017-01-11,0.802,0.006274
2017-01-12,0.801,-0.001247
2017-01-13,0.798,-0.003745
2017-01-17,0.798,0.0
2017-01-18,0.796,-0.002506
2017-01-19,0.796,0.0
2017-01-20,0.799,0.003769
2017-01-23,0.805,0.007509
2017-01-24,0.811,0.007453
2017-01-25,0.822,0.013564
2017-01-26,0.826,0.004866
2017-02-03,0.828,0.002421
2017-02-06,0.833,0.006039
2017-02-07,0.832,-0.0012
2017-02-08,0.836,0.004808
2017-02-09,0.836,0.0
2017-02-10,0.838,0.002392
2017-02-13,0.843,0.005967
2017-02-14,0.84,-0.003559
2017-02-15,0.841,0.00119
2017-02-16,0.845,0.004756
2017-02-17,0.842,-0.00355
2017-02-21,0.847,0.005938
2017-02-22,0.855,0.009445
2017-02-23,0.849,-0.007018
2017-02-24,0.844,-0.005889
2017-02-27,0.849,0.005924
2017-02-28,0.845,-0.004711
2017-03-01,0.849,0.004734
2017-03-02,0.846,-0.003534
2017-03-03,0.846,0.0
2017-03-06,0.847,0.001182
2017-03-07,0.853,0.007084
2017-03-08,0.856,0.003517
2017-03-09,0.851,-0.005841
2017-03-10,0.858,0.008226
2017-03-13,0.867,0.01049
2017-03-14,0.871,0.004614
2017-03-15,0.873,0.002296
2017-03-16,0.882,0.010309
2017-03-17,0.88,-0.002268
2017-03-20,0.887,0.007955
2017-03-21,0.883,-0.00451
2017-03-22,0.88,-0.003398
2017-03-23,0.879,-0.001136
2017-03-24,0.885,0.006826
2017-03-27,0.879,-0.00678
2017-03-28,0.886,0.007964
2017-03-29,0.886,0.0
2017-03-30,0.883,-0.003386
2017-03-31,0.883,0.0
2017-04-05,0.889,0.006795
2017-04-06,0.881,-0.008999
2017-04-07,0.882,0.001135
2017-04-10,0.875,-0.007937
2017-04-11,0.852,-0.026286
2017-04-12,0.855,0.003521
2017-04-13,0.852,-0.003509
2017-04-18,0.854,0.002347
2017-04-19,0.856,0.002342
2017-04-20,0.864,0.009346
2017-04-21,0.867,0.003472
2017-04-24,0.875,0.009227
2017-04-25,0.902,0.030857
2017-04-26,0.903,0.001109
2017-04-27,0.908,0.005537
2017-04-28,0.905,-0.003304
2017-05-02,0.919,0.01547
2017-05-04,0.909,-0.010881
2017-05-05,0.909,0.0
2017-05-08,0.914,0.005501
2017-05-09,0.924,0.010941
2017-05-10,0.929,0.005411
2017-05-11,0.933,0.004306
2017-05-12,0.934,0.001072
2017-05-15,0.94,0.006424
2017-05-16,0.948,0.008511
2017-05-17,0.924,-0.025316
2017-05-18,0.923,-0.001082
2017-05-19,0.929,0.006501
2017-05-22,0.941,0.012917
2017-05-23,0.938,-0.003188
2017-05-24,0.938,0.0
2017-05-25,0.941,0.003198
2017-05-26,0.946,0.005313
2017-05-31,0.935,-0.011628
2017-06-01,0.933,-0.002139
2017-06-02,0.942,0.009646
2017-06-05,0.941,-0.001062
2017-06-06,0.941,0.0
2017-06-07,0.947,0.006376
2017-06-08,0.962,0.015839
2017-06-09,0.952,-0.010395
2017-06-12,0.929,-0.02416
2017-06-13,0.932,0.003229
2017-06-14,0.929,-0.003219
2017-06-15,0.919,-0.010764
2017-06-16,0.925,0.006529
2017-06-19,0.94,0.016216
2017-06-20,0.941,0.001064
2017-06-21,0.948,0.007439
2017-06-22,0.95,0.00211
2017-06-23,0.955,0.005263
2017-06-26,0.962,0.00733
2017-06-27,0.957,-0.005198
2017-06-28,0.943,-0.014629
2017-06-29,0.936,-0.007423
2017-06-30,0.929,-0.007479
2017-07-03,0.928,-0.001076
2017-07-05,0.926,-0.002155
2017-07-06,0.924,-0.00216
2017-07-07,0.924,0.0
2017-07-10,0.933,0.00974
2017-07-11,0.945,0.012862
2017-07-12,0.956,0.01164
2017-07-13,0.962,0.006276
2017-07-14,0.965,0.003119
2017-07-17,0.969,0.004145
2017-07-18,0.984,0.01548
2017-07-19,0.99,0.006098
2017-07-20,0.997,0.007071
2017-07-21,0.991,-0.006018
2017-07-24,0.999,0.008073
2017-07-25,0.995,-0.004004
2017-07-26,0.993,-0.00201
2017-07-27,0.99,-0.003021
2017-07-28,0.983,-0.007071
2017-07-31,0.988,0.005086
2017-08-01,0.987,-0.001012
2017-08-02,0.992,0.005066
2017-08-03,0.989,-0.003024
2017-08-04,0.995,0.006067
2017-08-07,1.015,0.020101
2017-08-08,1.014,-0.000985
2017-08-09,1.014,0.0
2017-08-10,0.983,-0.030572
2017-08-11,0.971,-0.012208
2017-08-14,0.985,0.014418
2017-08-15,0.987,0.00203
2017-08-16,0.993,0.006079
2017-08-17,0.99,-0.003021
2017-08-18,0.992,0.00202
2017-08-21,0.999,0.007056
2017-08-22,1.002,0.003003
2017-08-23,1.01,0.007984
2017-08-24,1.011,0.00099
2017-08-25,0.996,-0.014837
2017-08-28,0.986,-0.01004
2017-08-29,0.988,0.002028
2017-08-30,0.999,0.011134
2017-08-31,1.009,0.01001
2017-09-01,1.018,0.00892
2017-09-05,1.007,-0.010806
2017-09-06,1.005,-0.001986
2017-09-07,1.016,0.010945
2017-09-08,1.011,-0.004921
2017-09-11,1.02,0.008902
2017-09-12,1.034,0.013725
2017-09-13,1.036,0.001934
2017-09-14,1.03,-0.005792
2017-09-15,1.035,0.004854
2017-09-18,1.055,0.019324
2017-09-19,1.056,0.000948
2017-09-20,1.056,0.0
2017-09-21,1.054,-0.001894
2017-09-22,1.04,-0.013283
2017-09-25,1.004,-0.034615
2017-09-26,0.999,-0.00498
2017-09-27,1.022,0.023023
2017-09-28,1.019,-0.002935
2017-09-29,1.025,0.005888
2017-10-09,1.063,0.037073
2017-10-10,1.065,0.001881
2017-10-11,1.06,-0.004695
2017-10-12,1.059,-0.000943
2017-10-13,1.063,0.003777
2017-10-16,1.07,0.006585
2017-10-17,1.058,-0.011215
2017-10-18,1.059,0.000945
2017-10-19,1.048,-0.010387
2017-10-20,1.056,0.007634
2017-10-23,1.057,0.000947
2017-10-24,1.065,0.007569
2017-10-25,1.055,-0.00939
2017-10-26,1.037,-0.017062
2017-10-27,1.048,0.010608
2017-10-30,1.054,0.005725
2017-10-31,1.062,0.00759
2017-11-01,1.065,0.002825
2017-11-02,1.062,-0.002817
2017-11-03,1.072,0.009416
2017-11-06,1.086,0.01306
2017-11-07,1.094,0.007366
2017-11-08,1.099,0.00457
2017-11-09,1.092,-0.006369
2017-11-10,1.1,0.007326
2017-11-13,1.101,0.000909
2017-11-14,1.099,-0.001817
2017-11-15,1.09,-0.008189
2017-11-16,1.109,0.017431
2017-11-17,1.119,0.009017
2017-11-20,1.124,0.004468
2017-11-21,1.145,0.018683
2017-11-22,1.139,-0.00524
2017-11-24,1.133,-0.005268
2017-11-27,1.119,-0.012357
2017-11-28,1.123,0.003575
2017-11-29,1.096,-0.024043
2017-11-30,1.088,-0.007299
2017-12-01,1.074,-0.012868
2017-12-04,1.049,-0.023277
2017-12-05,1.039,-0.009533
2017-12-06,1.028,-0.010587
2017-12-07,1.041,0.012646
2017-12-08,1.058,0.01633
2017-12-11,1.068,0.009452
2017-12-12,1.057,-0.0103
2017-12-13,1.057,0.0
2017-12-14,1.049,-0.007569
2017-12-15,1.049,0.0
2017-12-18,1.062,0.012393
2017-12-19,1.064,0.001883
2017-12-20,1.06,-0.003759
2017-12-21,1.055,-0.004717
2017-12-22,1.059,0.003791
2017-12-27,1.044,-0.014164
2017-12-28,1.053,0.008621
2017-12-29,1.05,-0.002849
2017-12-31,1.05,0.0
2018-01-02,1.07,0.019048
2018-01-03,1.086,0.014953
2018-01-04,1.091,0.004604
2018-01-05,1.097,0.0055
2018-01-08,1.099,0.001823
2018-01-09,1.102,0.00273
2018-01-10,1.096,-0.005445
2018-01-11,1.093,-0.002737
2018-01-12,1.1,0.006404
2018-01-16,1.086,-0.012727
2018-01-17,1.093,0.006446
2018-01-18,1.097,0.00366
2018-01-19,1.101,0.003646
2018-01-22,1.106,0.004541
2018-01-23,1.108,0.001808
2018-01-24,1.097,-0.009928
2018-01-25,1.092,-0.004558
2018-01-26,1.097,0.004579
2018-01-29,1.091,-0.005469
2018-01-30,1.075,-0.014665
2018-01-31,1.082,0.006512
2018-02-01,1.064,-0.016636
2018-02-02,1.048,-0.015038
2018-02-05,1.025,-0.021947
2018-02-06,0.998,-0.026341
2018-02-07,0.993,-0.00501
2018-02-08,0.973,-0.020141
2018-02-09,0.975,0.002055
2018-02-12,0.977,0.002051
2018-02-13,0.99,0.013306
2018-02-14,1.014,0.024242
2018-02-22,1.036,0.021696
2018-02-23,1.048,0.011583
2018-02-26,1.051,0.002863
2018-02-27,1.036,-0.014272
2018-02-28,1.027,-0.008687
2018-03-01,1.018,-0.008763
2018-03-02,1.012,-0.005894
2018-03-05,1.005,-0.006917
2018-03-06,1.027,0.021891
2018-03-07,1.024,-0.002921
2018-03-08,1.029,0.004883
2018-03-09,1.044,0.014577
2018-03-12,1.055,0.010536
2018-03-13,1.049,-0.005687
2018-03-14,1.049,0.0
2018-03-15,1.055,0.00572
2018-03-16,1.056,0.000948
2018-03-19,1.045,-0.010417
2018-03-20,1.055,0.009569
2018-03-21,1.049,-0.005687
2018-03-22,1.02,-0.027645
2018-03-23,0.993,-0.026471
2018-03-26,1.011,0.018127
2018-03-27,0.995,-0.015826
2018-03-28,0.97,-0.025126
2018-03-29,0.985,0.015464
2018-04-03,0.97,-0.015228
2018-04-04,0.963,-0.007216
2018-04-09,0.97,0.007269
2018-04-10,0.994,0.024742
2018-04-11,0.991,-0.003018
2018-04-12,0.993,0.002018
2018-04-13,0.986,-0.007049
2018-04-16,0.985,-0.001014
2018-04-17,0.984,-0.001015
2018-04-18,0.99,0.006098
2018-04-19,0.985,-0.005051
2018-04-20,0.969,-0.016244
2018-04-23,0.96,-0.009288
2018-04-24,0.944,-0.016667
2018-04-25,0.929,-0.01589
2018-04-26,0.94,0.011841
2018-04-27,0.948,0.008511
2018-05-02,0.956,0.008439
2018-05-03,0.959,0.003138
2018-05-04,0.961,0.002086
2018-05-07,0.978,0.01769
2018-05-08,0.987,0.009202
2018-05-09,0.994,0.007092
2018-05-10,1.007,0.013078
2018-05-11,1.006,-0.000993
2018-05-14,1.01,0.003976
2018-05-15,1.005,-0.00495
2018-05-16,1.008,0.002985
2018-05-17,1.0,-0.007937
2018-05-18,1.003,0.003
2018-05-21,1.013,0.00997
2018-05-23,1.012,-0.000987
2018-05-24,1.018,0.005929
2018-05-25,1.023,0.004912
2018-05-29,1.026,0.002933
2018-05-30,1.028,0.001949
2018-05-31,1.029,0.000973
2018-06-01,1.037,0.007775
2018-06-04,1.051,0.0135
2018-06-05,1.057,0.005709
2018-06-06,1.067,0.009461
2018-06-07,1.058,-0.008435
2018-06-08,1.056,-0.00189
2018-06-11,1.06,0.003788
2018-06-12,1.071,0.010377
2018-06-13,1.057,-0.013072
2018-06-14,1.055,-0.001892
2018-06-15,1.054,-0.000948
2018-06-19,1.041,-0.012334
2018-06-20,1.048,0.006724
2018-06-21,1.041,-0.006679
2018-06-22,1.026,-0.014409
2018-06-25,1.001,-0.024366
2018-06-26,1.015,0.013986
2018-06-27,1.0,-0.014778
2018-06-28,1.012,0.012
2018-06-29,1.022,0.009881
2018-06-30,1.022,0.0
2018-07-03,1.023,0.000978
2018-07-05,1.011,-0.01173
2018-07-06,1.023,0.011869
2018-07-09,1.032,0.008798
2018-07-10,1.03,-0.001938
2018-07-11,1.026,-0.003883
2018-07-12,1.054,0.02729
2018-07-13,1.057,0.002846
2018-07-16,1.053,-0.003784
2018-07-17,1.056,0.002849
2018-07-18,1.054,-0.001894
2018-07-19,1.05,-0.003795
2018-07-20,1.061,0.010476
2018-07-23,1.058,-0.002828
2018-07-24,1.059,0.000945
2018-07-25,1.076,0.016053
2018-07-26,1.055,-0.019517
2018-07-27,1.044,-0.010427
2018-07-30,1.02,-0.022989
2018-07-31,1.018,-0.001961
2018-08-01,1.026,0.007859
2018-08-02,1.029,0.002924
2018-08-03,1.034,0.004859
2018-08-06,1.045,0.010638
2018-08-07,1.044,-0.000957
2018-08-08,1.044,0.0
2018-08-09,1.047,0.002874
2018-08-10,1.044,-0.002865
2018-08-13,1.034,-0.009579
2018-08-14,1.041,0.00677
2018-08-15,1.027,-0.013449
2018-08-16,1.032,0.004869
2018-08-17,1.03,-0.001938
2018-08-20,1.033,0.002913
2018-08-21,1.03,-0.002904
2018-08-22,1.033,0.002913
2018-08-23,1.039,0.005808
2018-08-24,1.055,0.015399
2018-08-27,1.062,0.006635
2018-08-28,1.06,-0.001883
2018-08-29,1.071,0.010377
2018-08-30,1.07,-0.000934
2018-08-31,1.073,0.002804
2018-09-04,1.077,0.003728
2018-09-05,1.055,-0.020427
2018-09-06,1.05,-0.004739
2018-09-07,1.053,0.002857
2018-09-10,1.053,0.0
2018-09-11,1.063,0.009497
2018-09-12,1.063,0.0
2018-09-13,1.066,0.002822
2018-09-14,1.071,0.00469
2018-09-17,1.055,-0.014939
2018-09-18,1.061,0.005687
2018-09-19,1.053,-0.00754
2018-09-20,1.057,0.003799
2018-09-21,1.054,-0.002838
2018-09-26,1.069,0.014231
2018-09-27,1.075,0.005613
2018-09-28,1.079,0.003721
2018-10-08,1.024,-0.050973
2018-10-09,1.029,0.004883
2018-10-10,0.983,-0.044704
2018-10-11,0.971,-0.012208
2018-10-12,1.004,0.033986
2018-10-15,0.989,-0.01494
2018-10-16,1.021,0.032356
2018-10-18,1.002,-0.018609
2018-10-19,0.997,-0.00499
2018-10-22,1.005,0.008024
2018-10-23,0.994,-0.010945
2018-10-24,0.958,-0.036217
2018-10-25,0.988,0.031315
2018-10-26,0.966,-0.022267
2018-10-29,0.948,-0.018634
2018-10-30,0.956,0.008439
2018-10-31,0.979,0.024059
2018-11-01,0.985,0.006129
2018-11-02,0.976,-0.009137
2018-11-05,0.965,-0.01127
2018-11-06,0.968,0.003109
2018-11-07,0.996,0.028926
2018-11-08,0.995,-0.001004
2018-11-09,0.979,-0.01608
2018-11-12,0.958,-0.02145
2018-11-13,0.96,0.002088
2018-11-14,0.948,-0.0125
2018-11-15,0.959,0.011603
2018-11-16,0.957,-0.002086
2018-11-19,0.919,-0.039707
2018-11-20,0.908,-0.01197
2018-11-21,0.919,0.012115
2018-11-23,0.914,-0.005441
2018-11-26,0.937,0.025164
2018-11-27,0.937,0.0
2018-11-28,0.97,0.035219
2018-11-29,0.965,-0.005155
2018-11-30,0.973,0.00829
2018-12-03,0.994,0.021583
2018-12-04,0.96,-0.034205
2018-12-06,0.951,-0.009375
2018-12-07,0.931,-0.02103
2018-12-10,0.937,0.006445
2018-12-11,0.944,0.007471
2018-12-12,0.955,0.011653
2018-12-13,0.952,-0.003141
2018-12-14,0.93,-0.023109
2018-12-17,0.913,-0.01828
2018-12-18,0.915,0.002191
2018-12-19,0.908,-0.00765
2018-12-20,0.895,-0.014317
2018-12-21,0.875,-0.022346
2018-12-24,0.862,-0.014857
2018-12-27,0.904,0.048724
2018-12-28,0.901,-0.003319
2018-12-31,0.908,0.007769
2019-01-02,0.9,-0.008811
2019-01-03,0.879,-0.023333
2019-01-04,0.901,0.025028
2019-01-07,0.911,0.011099
2019-01-08,0.915,0.004391
2019-01-09,0.926,0.012022
2019-01-10,0.922,-0.00432
2019-01-11,0.916,-0.006508
2019-01-14,0.903,-0.014192
2019-01-15,0.919,0.017719
2019-01-16,0.92,0.001088
2019-01-17,0.926,0.006522
2019-01-18,0.937,0.011879
2019-01-22,0.929,-0.008538
2019-01-23,0.933,0.004306
2019-01-24,0.935,0.002144
2019-01-25,0.948,0.013904
2019-01-28,0.933,-0.015823
2019-01-29,0.92,-0.013934
2019-01-30,0.935,0.016304
2019-01-31,0.939,0.004278
2019-02-01,0.934,-0.005325
2019-02-11,0.951,0.018201
2019-02-12,0.966,0.015773
2019-02-13,0.963,-0.003106
2019-02-14,0.964,0.001038
2019-02-15,0.961,-0.003112
2019-02-19,0.965,0.004162
2019-02-20,0.966,0.001036
2019-02-21,0.962,-0.004141
2019-02-22,0.974,0.012474
2019-02-25,0.979,0.005133
2019-02-26,0.974,-0.005107
2019-02-27,0.973,-0.001027
2019-02-28,0.972,-0.001028
2019-03-01,0.98,0.00823
2019-03-04,0.972,-0.008163
2019-03-05,0.972,0.0
2019-03-06,0.97,-0.002058
2019-03-07,0.956,-0.014433
2019-03-08,0.949,-0.007322
2019-03-11,0.961,0.012645
2019-03-12,0.967,0.006243
2019-03-13,0.966,-0.001034
2019-03-14,0.966,0.0
2019-03-15,0.975,0.009317
2019-03-18,0.982,0.007179
2019-03-19,0.986,0.004073
2019-03-20,0.985,-0.001014
2019-03-21,0.994,0.009137
2019-03-22,0.977,-0.017103
2019-03-25,0.969,-0.008188
2019-03-26,0.973,0.004128
2019-03-27,0.969,-0.004111
2019-03-28,0.974,0.00516
2019-03-29,0.988,0.014374
2019-04-01,0.997,0.009109
2019-04-02,1.0,0.003009
2019-04-03,1.005,0.005
2019-04-04,0.994,-0.010945
2019-04-08,1.005,0.011066
2019-04-09,1.007,0.00199
2019-04-10,1.014,0.006951
2019-04-11,1.008,-0.005917
2019-04-12,1.014,0.005952
2019-04-15,1.012,-0.001972
2019-04-16,1.017,0.004941
2019-04-17,1.019,0.001967
2019-04-18,1.014,-0.004907
2019-04-23,1.022,0.00789
2019-04-24,1.025,0.002935
2019-04-25,1.015,-0.009756
2019-04-26,1.011,-0.003941
2019-04-29,1.01,-0.000989
2019-04-30,1.013,0.00297
2019-05-06,1.005,-0.007897
2019-05-07,0.999,-0.00597
2019-05-08,0.997,-0.002002
2019-05-09,0.99,-0.007021
2019-05-10,0.997,0.007071
2019-05-14,0.984,-0.013039
2019-05-15,1.0,0.01626
2019-05-16,0.996,-0.004
2019-05-17,0.979,-0.017068
2019-05-20,0.966,-0.013279
2019-05-21,0.974,0.008282
2019-05-22,0.973,-0.001027
2019-05-23,0.956,-0.017472
2019-05-24,0.956,0.0
2019-05-28,0.958,0.002092
2019-05-29,0.947,-0.011482
2019-05-30,0.953,0.006336
2019-05-31,0.943,-0.010493
2019-06-03,0.921,-0.02333
2019-06-04,0.936,0.016287
2019-06-05,0.946,0.010684
2019-06-06,0.951,0.005285
2019-06-10,0.971,0.02103
2019-06-11,0.967,-0.004119
2019-06-12,0.969,0.002068
2019-06-13,0.969,0.0
2019-06-14,0.963,-0.006192
2019-06-17,0.965,0.002077
2019-06-18,0.971,0.006218
2019-06-19,0.987,0.016478
2019-06-20,0.996,0.009119
2019-06-21,0.982,-0.014056
2019-06-24,0.979,-0.003055
2019-06-25,0.962,-0.017365
2019-06-26,0.962,0.0
2019-06-27,0.974,0.012474
2019-06-28,0.977,0.00308
2019-06-30,0.976,-0.001024
2019-07-02,0.992,0.016393
2019-07-03,0.996,0.004032
2019-07-05,0.997,0.001004
2019-07-08,0.998,0.001003
2019-07-09,1.002,0.004008
2019-07-10,1.008,0.005988
2019-07-11,1.01,0.001984
2019-07-12,1.01,0.0
2019-07-15,1.014,0.00396
2019-07-16,1.007,-0.006903
2019-07-17,1.008,0.000993
2019-07-18,1.008,0.0
2019-07-19,1.001,-0.006944
2019-07-22,1.01,0.008991
2019-07-23,1.01,0.0
2019-07-24,1.018,0.007921
2019-07-25,1.013,-0.004912
2019-07-26,1.021,0.007897
2019-07-29,1.011,-0.009794
2019-07-30,1.005,-0.005935
2019-07-31,0.997,-0.00796
2019-08-01,1.0,0.003009
2019-08-02,0.985,-0.015
2019-08-05,0.957,-0.028426
2019-08-06,0.975,0.018809
2019-08-07,0.987,0.012308
2019-08-08,1.016,0.029382
2019-08-09,1.012,-0.003937
2019-08-12,0.999,-0.012846
2019-08-13,1.014,0.015015
2019-08-14,0.993,-0.02071
2019-08-15,0.995,0.002014
2019-08-16,1.011,0.01608
2019-08-19,1.018,0.006924
2019-08-20,1.017,-0.000982
2019-08-21,1.028,0.010816
2019-08-22,1.027,-0.000973
2019-08-23,1.006,-0.020448
2019-08-26,1.01,0.003976
2019-08-27,1.016,0.005941
2019-08-28,1.014,-0.001969
2019-08-29,1.023,0.008876
2019-08-30,1.019,-0.00391
2019-09-03,1.013,-0.005888
2019-09-04,1.026,0.012833
2019-09-05,1.033,0.006823
2019-09-06,1.027,-0.005808
2019-09-09,1.004,-0.022395
2019-09-10,0.987,-0.016932
2019-09-11,0.991,0.004053
2019-09-12,1.004,0.013118
2019-09-16,0.996,-0.007968
2019-09-17,1.001,0.00502
2019-09-18,1.002,0.000999
2019-09-19,1.006,0.003992
2019-09-20,1.003,-0.002982
2019-09-23,1.005,0.001994
2019-09-24,0.996,-0.008955
2019-09-25,0.999,0.003012
2019-09-26,1.0,0.001001
2019-09-27,0.981,-0.019
2019-09-30,0.985,0.004077
2019-10-08,0.983,-0.00203
2019-10-09,0.992,0.009156
2019-10-10,0.996,0.004032
2019-10-11,1.004,0.008032
2019-10-14,1.01,0.005976
2019-10-15,1.016,0.005941
2019-10-16,1.005,-0.010827
2019-10-17,1.01,0.004975
2019-10-18,1.004,-0.005941
2019-10-21,1.011,0.006972
2019-10-22,1.001,-0.009891
2019-10-23,1.0,-0.000999
2019-10-24,1.017,0.017
2019-10-25,1.018,0.000983
2019-10-28,1.029,0.010806
2019-10-29,1.02,-0.008746
2019-10-30,1.028,0.007843
2019-10-31,1.02,-0.007782
2019-11-01,1.028,0.007843
2019-11-04,1.033,0.004864
2019-11-05,1.032,-0.000968
2019-11-06,1.022,-0.00969
2019-11-07,1.019,-0.002935
2019-11-08,1.02,0.000981
2019-11-11,1.014,-0.005882
2019-11-12,1.022,0.00789
2019-11-13,1.025,0.002935
2019-11-14,1.023,-0.001951
2019-11-15,1.033,0.009775
2019-11-18,1.035,0.001936
2019-11-19,1.03,-0.004831
2019-11-20,1.02,-0.009709
2019-11-21,1.009,-0.010784
2019-11-22,1.009,0.0
2019-11-25,1.022,0.012884
2019-11-26,1.025,0.002935
2019-11-27,1.033,0.007805
2019-11-29,1.021,-0.011617
2019-12-02,1.01,-0.010774
2019-12-03,1.006,-0.00396
2019-12-04,1.012,0.005964
2019-12-05,1.021,0.008893
2019-12-06,1.032,0.010774
2019-12-09,1.027,-0.004845
2019-12-10,1.029,0.001947
2019-12-11,1.039,0.009718
2019-12-12,1.053,0.013474
2019-12-13,1.054,0.00095
2019-12-16,1.061,0.006641
2019-12-17,1.067,0.005655
2019-12-18,1.061,-0.005623
2019-12-19,1.065,0.00377
2019-12-20,1.065,0.0
2019-12-23,1.07,0.004695
2019-12-24,1.072,0.001869
2019-12-27,1.077,0.004664
2019-12-30,1.072,-0.004643
2019-12-31,1.073,0.000933
2020-01-02,1.09,0.015843
2020-01-03,1.077,-0.011927
2020-01-06,1.07,-0.0065
2020-01-07,1.07,0.0
2020-01-08,1.064,-0.005607
2020-01-09,1.082,0.016917
2020-01-10,1.08,-0.001848
2020-01-13,1.092,0.011111
2020-01-14,1.088,-0.003663
2020-01-15,1.079,-0.008272
2020-01-16,1.086,0.006487
2020-01-17,1.089,0.002762
2020-01-21,1.082,-0.006428
2020-01-22,1.09,0.007394
2020-01-23,1.088,-0.001835
2020-02-03,1.047,-0.037684
2020-02-04,1.08,0.031519
2020-02-05,1.08,0.0
2020-02-06,1.096,0.014815
2020-02-07,1.082,-0.012774
2020-02-10,1.091,0.008318
2020-02-11,1.099,0.007333
2020-02-12,1.108,0.008189
2020-02-13,1.109,0.000903
2020-02-14,1.117,0.007214
2020-02-18,1.107,-0.008953
2020-02-19,1.124,0.015357
2020-02-20,1.113,-0.009786
2020-02-21,1.092,-0.018868
2020-02-24,1.057,-0.032051
2020-02-25,1.041,-0.015137
2020-02-26,1.036,-0.004803
2020-02-27,0.993,-0.041506
2020-02-28,0.996,0.003021
2020-03-02,1.03,0.034137
2020-03-03,1.01,-0.019417
2020-03-04,1.039,0.028713
2020-03-05,1.023,-0.015399
2020-03-06,1.004,-0.018573
2020-03-09,0.937,-0.066733
2020-03-10,0.981,0.046958
2020-03-11,0.953,-0.028542
2020-03-12,0.875,-0.081847
2020-03-13,0.931,0.064
2020-03-16,0.837,-0.100967
2020-03-17,0.868,0.037037
2020-03-18,0.836,-0.036866
2020-03-19,0.832,-0.004785
2020-03-20,0.832,0.0
2020-03-23,0.828,-0.004808
2020-03-24,0.89,0.074879
2020-03-25,0.89,0.0
2020-03-26,0.926,0.040449
2020-03-27,0.898,-0.030238
2020-03-30,0.921,0.025612
2020-03-31,0.92,-0.001086
2020-04-01,0.893,-0.029348
2020-04-02,0.906,0.014558
2020-04-03,0.897,-0.009934
2020-04-07,0.95,0.059086
2020-04-08,0.958,0.008421
2020-04-09,0.957,-0.001044
2020-04-14,1.007,0.052247
2020-04-15,1.003,-0.003972
2020-04-16,1.024,0.020937
2020-04-17,1.026,0.001953
2020-04-20,1.023,-0.002924
2020-04-21,0.99,-0.032258
2020-04-22,1.017,0.027273
2020-04-23,1.016,-0.000983
2020-04-24,1.023,0.00689
2020-04-27,1.029,0.005865
2020-04-28,1.017,-0.011662
2020-04-29,1.038,0.020649
2020-05-06,1.043,0.004817
2020-05-07,1.059,0.01534
2020-05-08,1.072,0.012276
2020-05-11,1.089,0.015858
2020-05-12,1.074,-0.013774
2020-05-13,1.07,-0.003724
2020-05-14,1.074,0.003738
2020-05-15,1.086,0.011173
2020-05-18,1.093,0.006446
2020-05-19,1.098,0.004575
2020-05-20,1.111,0.01184
2020-05-21,1.099,-0.010801
2020-05-22,1.091,-0.007279
2020-05-26,1.097,0.0055
2020-05-27,1.084,-0.011851
2020-05-28,1.083,-0.000923
2020-05-29,1.103,0.018467
2020-06-01,1.115,0.010879
2020-06-02,1.111,-0.003587
2020-06-03,1.114,0.0027
2020-06-04,1.105,-0.008079
2020-06-05,1.112,0.006335
2020-06-08,1.11,-0.001799
2020-06-09,1.111,0.000901
2020-06-10,1.13,0.017102
2020-06-11,1.091,-0.034513
2020-06-12,1.104,0.011916
2020-06-15,1.11,0.005435
2020-06-16,1.129,0.017117
2020-06-17,1.139,0.008857
2020-06-18,1.151,0.010536
2020-06-19,1.16,0.007819
2020-06-22,1.168,0.006897
2020-06-23,1.176,0.006849
2020-06-24,1.169,-0.005952
2020-06-29,1.162,-0.005988
2020-06-30,1.177,0.012909
2020-07-02,1.212,0.029737
2020-07-06,1.239,0.022277
2020-07-07,1.232,-0.00565
2020-07-08,1.263,0.025162
2020-07-09,1.278,0.011876
2020-07-10,1.265,-0.010172
2020-07-13,1.245,-0.01581
2020-07-14,1.235,-0.008032
2020-07-15,1.23,-0.004049
2020-07-16,1.201,-0.023577
2020-07-17,1.208,0.005828
2020-07-20,1.23,0.018212
2020-07-21,1.242,0.009756
2020-07-22,1.234,-0.006441
2020-07-23,1.231,-0.002431
2020-07-24,1.204,-0.021933
2020-07-27,1.231,0.022425
2020-07-28,1.223,-0.006499
2020-07-29,1.238,0.012265
2020-07-30,1.244,0.004847
2020-07-31,1.257,0.01045
2020-08-03,1.273,0.012729
2020-08-04,1.285,0.009427
2020-08-05,1.298,0.010117
2020-08-06,1.301,0.002311
2020-08-07,1.275,-0.019985
2020-08-10,1.258,-0.013333
2020-08-11,1.239,-0.015103
2020-08-12,1.248,0.007264
2020-08-13,1.249,0.000801
2020-08-14,1.255,0.004804
2020-08-17,1.271,0.012749
2020-08-18,1.278,0.005507
2020-08-19,1.271,-0.005477
2020-08-20,1.267,-0.003147
2020-08-21,1.277,0.007893
2020-08-24,1.292,0.011746
2020-08-25,1.299,0.005418
2020-08-26,1.318,0.014627
2020-08-27,1.314,-0.003035
2020-08-28,1.312,-0.001522
2020-08-31,1.321,0.00686
2020-09-01,1.353,0.024224
2020-09-02,1.351,-0.001478
2020-09-03,1.289,-0.045892
2020-09-04,1.27,-0.01474
2020-09-07,1.258,-0.009449
2020-09-08,1.204,-0.042925
2020-09-09,1.231,0.022425
2020-09-10,1.215,-0.012998
2020-09-11,1.216,0.000823
2020-09-14,1.244,0.023026
2020-09-15,1.255,0.008842
2020-09-16,1.239,-0.012749
2020-09-17,1.219,-0.016142
2020-09-18,1.216,-0.002461
2020-09-21,1.22,0.003289
2020-09-22,1.233,0.010656
2020-09-23,1.216,-0.013788
2020-09-24,1.203,-0.010691
2020-09-25,1.219,0.0133
2020-09-28,1.242,0.018868
2020-09-29,1.243,0.000805
2020-09-30,1.259,0.012872
2020-10-09,1.315,0.04448
2020-10-12,1.326,0.008365
2020-10-13,1.336,0.007541
2020-10-14,1.34,0.002994
2020-10-15,1.324,-0.01194
2020-10-16,1.318,-0.004532
2020-10-19,1.297,-0.015933
2020-10-20,1.3,0.002313
2020-10-21,1.293,-0.005385
2020-10-22,1.282,-0.008507
2020-10-23,1.282,0.0
2020-10-26,1.27,-0.00936
2020-10-27,1.296,0.020472
2020-10-28,1.277,-0.01466
2020-10-29,1.301,0.018794
2020-10-30,1.253,-0.036895
2020-11-02,1.261,0.006385
2020-11-03,1.271,0.00793
2020-11-04,1.304,0.025964
2020-11-05,1.353,0.037577
2020-11-06,1.349,-0.002956
2020-11-09,1.311,-0.028169
2020-11-10,1.25,-0.046529
2020-11-11,1.251,0.0008
2020-11-12,1.279,0.022382
2020-11-13,1.286,0.005473
2020-11-16,1.295,0.006998
2020-11-17,1.283,-0.009266
2020-11-18,1.283,0.0
2020-11-19,1.296,0.010133
2020-11-20,1.322,0.020062
2020-11-23,1.36,0.028744
2020-11-24,1.361,0.000735
2020-11-25,1.352,-0.006613
2020-11-26,1.362,0.007396
2020-11-27,1.374,0.008811
2020-11-30,1.35,-0.017467
2020-12-01,1.335,-0.011111
2020-12-02,1.322,-0.009738
2020-12-03,1.327,0.003782
2020-12-04,1.336,0.006782
2020-12-07,1.345,0.006737
2020-12-08,1.366,0.015613
2020-12-09,1.335,-0.022694
2020-12-10,1.357,0.016479
2020-12-11,1.349,-0.005895
2020-12-14,1.346,-0.002224
2020-12-15,1.348,0.001486
2020-12-16,1.359,0.00816
2020-12-17,1.382,0.016924
2020-12-18,1.398,0.011577
2020-12-21,1.406,0.005722
2020-12-22,1.412,0.004267
2020-12-23,1.41,-0.001416
2020-12-24,1.405,-0.003546
2020-12-25,1.404,-0.000712
2020-12-28,1.375,-0.020655
2020-12-29,1.379,0.002909
2020-12-30,1.412,0.02393
2020-12-31,1.402,-0.007082
2021-01-04,1.412,0.007133
2021-01-05,1.424,0.008499
2021-01-06,1.418,-0.004213
2021-01-07,1.469,0.035966
2021-01-08,1.51,0.02791
2021-01-11,1.48,-0.019868
2021-01-12,1.502,0.014865
2021-01-13,1.495,-0.00466
2021-01-14,1.503,0.005351
2021-01-15,1.475,-0.018629
2021-01-18,1.497,0.014915
2021-01-19,1.524,0.018036
2021-01-20,1.563,0.025591
2021-01-21,1.552,-0.007038
2021-01-22,1.561,0.005799
2021-01-25,1.616,0.035234
2021-01-26,1.574,-0.02599
2021-01-27,1.526,-0.030496
2021-01-28,1.493,-0.021625
2021-01-29,1.466,-0.018084
2021-02-01,1.516,0.034106
2021-02-02,1.574,0.038259
2021-02-03,1.587,0.008259
2021-02-04,1.581,-0.003781
2021-02-05,1.573,-0.00506
2021-02-08,1.582,0.005722
2021-02-09,1.605,0.014539
2021-02-10,1.64,0.021807
2021-02-18,1.621,-0.011585
2021-02-19,1.629,0.004935
2021-02-22,1.548,-0.049724
2021-02-23,1.523,-0.01615
2021-02-24,1.474,-0.032173
2021-02-25,1.465,-0.006106
2021-02-26,1.415,-0.03413
2021-03-01,1.491,0.05371
2021-03-02,1.453,-0.025486
2021-03-03,1.443,-0.006882
2021-03-04,1.358,-0.058905
2021-03-05,1.343,-0.011046
2021-03-08,1.236,-0.079672
2021-03-09,1.302,0.053398
2021-03-10,1.308,0.004608
2021-03-11,1.378,0.053517
2021-03-12,1.354,-0.017417
2021-03-15,1.337,-0.012555
2021-03-16,1.35,0.009723
2021-03-17,1.348,-0.001481
2021-03-18,1.319,-0.021513
2021-03-19,1.31,-0.006823
2021-03-22,1.31,0.0
2021-03-23,1.283,-0.020611
2021-03-24,1.23,-0.041309
2021-03-25,1.217,-0.010569
2021-03-26,1.237,0.016434
2021-03-29,1.221,-0.012935
2021-03-30,1.247,0.021294
2021-03-31,1.258,0.008821
2021-04-01,1.295,0.029412
2021-04-02,1.297,0.001544
2021-04-06,1.304,0.005397
2021-04-07,1.283,-0.016104
2021-04-08,1.295,0.009353
2021-04-09,1.282,-0.010039
2021-04-12,1.269,-0.01014
2021-04-13,1.266,-0.002364
2021-04-14,1.261,-0.003949
2021-04-15,1.272,0.008723
2021-04-16,1.275,0.002358
2021-04-19,1.261,-0.01098
2021-04-20,1.252,-0.007137
2021-04-21,1.26,0.00639
2021-04-22,1.248,-0.009524
2021-04-23,1.274,0.020833
2021-04-26,1.29,0.012559
2021-04-27,1.284,-0.004651
2021-04-28,1.283,-0.000779
2021-04-29,1.277,-0.004677
2021-04-30,1.263,-0.010963
2021-05-06,1.207,-0.044339
2021-05-07,1.216,0.007457
2021-05-10,1.179,-0.030428
2021-05-11,1.158,-0.017812
2021-05-12,1.128,-0.025907
2021-05-13,1.126,-0.001773
2021-05-14,1.146,0.017762
2021-05-17,1.141,-0.004363
2021-05-18,1.147,0.005259
2021-05-19,1.143,-0.003487
2021-05-20,1.161,0.015748
2021-05-21,1.161,0.0
2021-05-24,1.175,0.012059
2021-05-25,1.183,0.006809
2021-05-26,1.181,-0.001691
2021-05-27,1.183,0.001693
2021-05-28,1.179,-0.003381
2021-05-31,1.188,0.007634
2021-06-01,1.193,0.004209
2021-06-02,1.193,0.0
2021-06-03,1.182,-0.00922
2021-06-04,1.197,0.01269
2021-06-07,1.19,-0.005848
2021-06-08,1.184,-0.005042
2021-06-09,1.182,-0.001689
2021-06-10,1.191,0.007614
2021-06-11,1.196,0.004198
2021-06-15,1.199,0.002508
2021-06-16,1.178,-0.017515
2021-06-17,1.196,0.01528
2021-06-18,1.205,0.007525
2021-06-21,1.208,0.00249
2021-06-22,1.212,0.003311
2021-06-23,1.23,0.014851
2021-06-24,1.238,0.006504
2021-06-25,1.243,0.004039
2021-06-28,1.26,0.013677
2021-06-29,1.257,-0.002381
2021-06-30,1.251,-0.004773
2021-07-01,1.25,-0.000799
2021-07-02,1.236,-0.0112
2021-07-05,1.234,-0.001618
2021-07-06,1.219,-0.012156
2021-07-07,1.228,0.007383
2021-07-08,1.201,-0.021987
2021-07-09,1.215,0.011657
2021-07-12,1.229,0.011523
2021-07-13,1.231,0.001627
2021-07-14,1.224,-0.005686
2021-07-15,1.219,-0.004085
2021-07-16,1.209,-0.008203
2021-07-19,1.201,-0.006617
2021-07-20,1.204,0.002498
2021-07-21,1.219,0.012458
2021-07-22,1.225,0.004922
2021-07-23,1.217,-0.006531
2021-07-26,1.195,-0.018077
2021-07-27,1.161,-0.028452
2021-07-28,1.187,0.022394
2021-07-29,1.211,0.020219
2021-07-30,1.2,-0.009083
2021-08-02,1.209,0.0075
2021-08-03,1.21,0.000827
2021-08-04,1.234,0.019835
2021-08-05,1.229,-0.004052
2021-08-06,1.22,-0.007323
2021-08-09,1.224,0.003279
2021-08-10,1.222,-0.001634
2021-08-11,1.207,-0.012275
2021-08-12,1.215,0.006628
2021-08-13,1.213,-0.001646
2021-08-16,1.194,-0.015664
2021-08-17,1.182,-0.01005
2021-08-18,1.191,0.007614
2021-08-19,1.185,-0.005038
2021-08-20,1.193,0.006751
2021-08-23,1.218,0.020956
2021-08-24,1.218,0.0
2021-08-25,1.222,0.003284
2021-08-26,1.216,-0.00491
2021-08-27,1.224,0.006579
2021-08-30,1.241,0.013889
2021-08-31,1.237,-0.003223
2021-09-01,1.233,-0.003234
2021-09-02,1.234,0.000811
2021-09-03,1.235,0.00081
2021-09-06,1.236,0.00081
2021-09-07,1.239,0.002427
2021-09-08,1.227,-0.009685
2021-09-09,1.22,-0.005705
2021-09-10,1.219,-0.00082
2021-09-13,1.203,-0.013126
2021-09-14,1.205,0.001663
2021-09-15,1.212,0.005809
2021-09-16,1.199,-0.010726
2021-09-17,1.2,0.000834
2021-09-22,1.188,-0.01
2021-09-23,1.202,0.011785
2021-09-24,1.191,-0.009151
2021-09-27,1.175,-0.013434
2021-09-28,1.143,-0.027234
2021-09-29,1.134,-0.007874
2021-09-30,1.142,0.007055
2021-10-08,1.133,-0.007881
2021-10-11,1.128,-0.004413
2021-10-12,1.128,0.0
2021-10-13,1.144,0.014184
2021-10-14,1.154,0.008741
2021-10-15,1.169,0.012998
2021-10-18,1.184,0.012831
2021-10-19,1.194,0.008446
2021-10-20,1.19,-0.00335
2021-10-21,1.194,0.003361
2021-10-22,1.195,0.000838
2021-10-25,1.21,0.012552
2021-10-26,1.208,-0.001653
2021-10-27,1.209,0.000828
2021-10-28,1.225,0.013234
2021-10-29,1.233,0.006531
2021-11-01,1.242,0.007299
2021-11-02,1.237,-0.004026
2021-11-03,1.247,0.008084
2021-11-04,1.265,0.014435
2021-11-05,1.266,0.000791
2021-11-08,1.269,0.00237
2021-11-09,1.261,-0.006304
2021-11-10,1.243,-0.014274
2021-11-11,1.262,0.015286
2021-11-12,1.276,0.011094
2021-11-15,1.266,-0.007837
2021-11-16,1.276,0.007899
2021-11-17,1.273,-0.002351
2021-11-18,1.281,0.006284
2021-11-19,1.29,0.007026
2021-11-22,1.268,-0.017054
2021-11-23,1.25,-0.014196
2021-11-24,1.259,0.0072
2021-11-25,1.262,0.002383
2021-11-26,1.236,-0.020602
2021-11-29,1.263,0.021845
2021-11-30,1.245,-0.014252
2021-12-01,1.212,-0.026506
2021-12-02,1.218,0.00495
2021-12-03,1.19,-0.022989
2021-12-06,1.181,-0.007563
2021-12-07,1.221,0.03387
2021-12-08,1.232,0.009009
2021-12-09,1.206,-0.021104
2021-12-10,1.212,0.004975
2021-12-13,1.189,-0.018977
2021-12-14,1.169,-0.016821
2021-12-15,1.192,0.019675
2021-12-16,1.16,-0.026846
2021-12-17,1.153,-0.006034
2021-12-20,1.137,-0.013877
2021-12-21,1.166,0.025506
2021-12-22,1.183,0.01458
2021-12-23,1.193,0.008453
2021-12-24,1.191,-0.001676
2021-12-27,1.211,0.016793
2021-12-28,1.204,-0.00578
2021-12-29,1.2,-0.003322
2021-12-30,1.199,-0.000833
2021-12-31,1.197,-0.001668
2022-01-04,1.193,-0.003342
2022-01-05,1.144,-0.041073
2022-01-06,1.14,-0.003497
2022-01-07,1.123,-0.014912
2022-01-10,1.121,-0.001781
2022-01-11,1.132,0.009813
2022-01-12,1.147,0.013251
2022-01-13,1.111,-0.031386
2022-01-14,1.123,0.010801
2022-01-17,1.122,-0.00089
2022-01-18,1.099,-0.020499
2022-01-19,1.084,-0.013649
2022-01-20,1.077,-0.006458
2022-01-21,1.057,-0.01857
2022-01-24,1.052,-0.00473
2022-01-25,1.033,-0.018061
2022-01-26,1.035,0.001936
2022-01-27,1.018,-0.016425
2022-01-28,1.04,0.021611
2022-02-07,1.061,0.020192
2022-02-08,1.069,0.00754
2022-02-09,1.091,0.02058
2022-02-10,1.073,-0.016499
2022-02-11,1.046,-0.025163
2022-02-14,1.041,-0.00478
2022-02-15,1.066,0.024015
2022-02-16,1.065,-0.000938
2022-02-17,1.039,-0.024413
2022-02-18,1.026,-0.012512
2022-02-21,1.024,-0.001949
2022-02-22,1.011,-0.012695
2022-02-23,0.993,-0.017804
2022-02-24,1.008,0.015106
2022-02-25,1.023,0.014881
2022-02-28,1.029,0.005865
2022-03-01,1.016,-0.012634
2022-03-02,1.03,0.01378
2022-03-03,1.011,-0.018447
2022-03-04,0.998,-0.012859
2022-03-07,0.97,-0.028056
2022-03-08,0.959,-0.01134
2022-03-09,0.981,0.022941
2022-03-10,0.971,-0.010194
2022-03-11,0.954,-0.017508
2022-03-14,0.929,-0.026205
2022-03-15,0.945,0.017223
2022-03-16,0.986,0.043386
2022-03-17,0.997,0.011156
2022-03-18,1.018,0.021063
2022-03-21,1.022,0.003929
2022-03-22,1.038,0.015656
2022-03-23,1.032,-0.00578
2022-03-24,1.054,0.021318
2022-03-25,1.05,-0.003795
2022-03-28,1.061,0.010476
2022-03-29,1.068,0.006598
2022-03-30,1.064,-0.003745
2022-03-31,1.046,-0.016917
2022-04-01,1.05,0.003824
2022-04-06,1.031,-0.018095
2022-04-07,1.028,-0.00291
2022-04-08,1.019,-0.008755
2022-04-11,0.991,-0.027478
2022-04-12,0.994,0.003027
2022-04-13,1.011,0.017103
2022-04-14,0.994,-0.016815
2022-04-15,0.999,0.00503
2022-04-18,1.001,0.002002
2022-04-19,1.01,0.008991
2022-04-20,1.003,-0.006931
2022-04-21,0.981,-0.021934
2022-04-22,0.969,-0.012232
2022-04-25,0.968,-0.001032
2022-04-26,0.953,-0.015496
2022-04-27,0.961,0.008395
2022-04-28,0.975,0.014568
2022-04-29,0.96,-0.015385
2022-05-05,0.949,-0.011458
2022-05-06,0.948,-0.001054
2022-05-09,0.917,-0.0327
2022-05-10,0.927,0.010905
2022-05-11,0.915,-0.012945
2022-05-12,0.907,-0.008743
2022-05-13,0.942,0.038589
2022-05-16,0.939,-0.003185
2022-05-17,0.957,0.019169
2022-05-18,0.918,-0.040752
2022-05-19,0.916,-0.002179
2022-05-20,0.914,-0.002183
2022-05-23,0.919,0.00547
2022-05-24,0.904,-0.016322
2022-05-25,0.912,0.00885
2022-05-26,0.929,0.01864
2022-05-27,0.956,0.029064
2022-05-30,0.954,-0.002092
2022-05-31,0.95,-0.004193
2022-06-01,0.944,-0.006316
2022-06-02,0.963,0.020127
2022-06-06,0.952,-0.011423
2022-06-07,0.956,0.004202
2022-06-08,0.954,-0.002092
2022-06-09,0.936,-0.018868
2022-06-10,0.922,-0.014957
2022-06-13,0.893,-0.031453
2022-06-14,0.898,0.005599
2022-06-15,0.906,0.008909
2022-06-16,0.875,-0.034216
2022-06-17,0.877,0.002286
2022-06-20,0.879,0.002281
2022-06-21,0.899,0.022753
2022-06-22,0.896,-0.003337
2022-06-23,0.909,0.014509
2022-06-24,0.927,0.019802
2022-06-27,0.932,0.005394
2022-06-28,0.923,-0.009657
2022-06-29,0.915,-0.008667
2022-06-30,0.907,-0.008743
2022-07-01,0.908,0.001103
2022-07-04,0.911,0.003304
2022-07-05,0.908,-0.003293
2022-07-06,0.905,-0.003304
2022-07-07,0.917,0.01326
2022-07-08,0.917,0.0
2022-07-11,0.889,-0.030534
2022-07-12,0.879,-0.011249
2022-07-13,0.879,0.0
2022-07-14,0.881,0.002275
2022-07-15,0.881,0.0
2022-07-18,0.885,0.00454
2022-07-19,0.893,0.00904
2022-07-20,0.899,0.006719
2022-07-21,0.912,0.014461
2022-07-22,0.905,-0.007675
2022-07-25,0.907,0.00221
2022-07-26,0.898,-0.009923
2022-07-27,0.916,0.020045
2022-07-28,0.915,-0.001092
2022-07-29,0.918,0.003279
2022-08-01,0.915,-0.003268
2022-08-02,0.911,-0.004372
2022-08-03,0.93,0.020856
2022-08-04,0.942,0.012903
2022-08-05,0.934,-0.008493
2022-08-08,0.929,-0.005353
2022-08-09,0.923,-0.006459
2022-08-10,0.945,0.023835
2022-08-11,0.936,-0.009524
2022-08-12,0.948,0.012821
2022-08-15,0.954,0.006329
2022-08-16,0.952,-0.002096
2022-08-17,0.947,-0.005252
2022-08-18,0.952,0.00528
2022-08-19,0.937,-0.015756
2022-08-22,0.924,-0.013874
2022-08-23,0.935,0.011905
2022-08-24,0.934,-0.00107
2022-08-25,0.952,0.019272
2022-08-26,0.93,-0.023109
2022-08-29,0.932,0.002151
2022-08-30,0.933,0.001073
2022-08-31,0.929,-0.004287
2022-09-01,0.922,-0.007535
2022-09-02,0.924,0.002169
2022-09-05,0.919,-0.005411
2022-09-06,0.932,0.014146
2022-09-07,0.938,0.006438
2022-09-08,0.941,0.003198
2022-09-09,0.958,0.018066
2022-09-13,0.93,-0.029228
2022-09-14,0.936,0.006452
2022-09-15,0.922,-0.014957
2022-09-16,0.909,-0.0141
2022-09-19,0.91,0.0011
2022-09-20,0.906,-0.004396
2022-09-21,0.895,-0.012141
2022-09-22,0.892,-0.003352
2022-09-23,0.872,-0.022422
2022-09-26,0.867,-0.005734
2022-09-27,0.876,0.010381
2022-09-28,0.883,0.007991
2022-09-29,0.868,-0.016988
2022-09-30,0.858,-0.011521
2022-10-10,0.842,-0.018648
2022-10-11,0.827,-0.017815
2022-10-12,0.827,0.0
2022-10-13,0.832,0.006046
2022-10-14,0.819,-0.015625
2022-10-17,0.833,0.017094
2022-10-18,0.842,0.010804
2022-10-19,0.838,-0.004751
2022-10-20,0.829,-0.01074
2022-10-21,0.851,0.026538
2022-10-24,0.836,-0.017626
2022-10-25,0.861,0.029904
2022-10-26,0.86,-0.001161
2022-10-27,0.855,-0.005814
2022-10-28,0.863,0.009357
2022-10-31,0.854,-0.010429
2022-11-01,0.854,0.0
2022-11-02,0.845,-0.010539
2022-11-03,0.846,0.001183
2022-11-04,0.864,0.021277
2022-11-07,0.867,0.003472
2022-11-08,0.868,0.001153
2022-11-09,0.85,-0.020737
2022-11-10,0.876,0.030588
2022-11-11,0.883,0.007991
2022-11-14,0.865,-0.020385
2022-11-15,0.87,0.00578
2022-11-16,0.868,-0.002299
2022-11-17,0.874,0.006912
2022-11-18,0.88,0.006865
2022-11-21,0.873,-0.007955
2022-11-22,0.886,0.014891
2022-11-23,0.891,0.005643
2022-11-24,0.889,-0.002245
2022-11-25,0.885,-0.004499
2022-11-28,0.88,-0.00565
2022-11-29,0.89,0.011364
2022-11-30,0.916,0.029213
2022-12-01,0.909,-0.007642
2022-12-02,0.901,-0.008801
2022-12-05,0.892,-0.009989
2022-12-06,0.88,-0.013453
2022-12-07,0.875,-0.005682
2022-12-08,0.89,0.017143
2022-12-09,0.885,-0.005618
2022-12-12,0.883,-0.00226
2022-12-13,0.89,0.007928
2022-12-14,0.886,-0.004494
2022-12-15,0.867,-0.021445
2022-12-16,0.866,-0.001153
2022-12-19,0.862,-0.004619
2022-12-20,0.857,-0.0058
2022-12-21,0.87,0.015169
2022-12-22,0.868,-0.002299
2022-12-23,0.872,0.004608
2022-12-26,0.872,0.0
2022-12-27,0.866,-0.006881
2022-12-28,0.851,-0.017321
2022-12-29,0.857,0.007051
2022-12-30,0.858,0.001167
2022-12-31,0.858,0.0
2023-01-03,0.854,-0.004662
2023-01-04,0.859,0.005855
2023-01-05,0.854,-0.005821
2023-01-06,0.866,0.014052
2023-01-09,0.873,0.008083
2023-01-10,0.869,-0.004582
2023-01-11,0.873,0.004603
2023-01-12,0.869,-0.004582
2023-01-13,0.888,0.021864
2023-01-16,0.88,-0.009009
2023-01-17,0.877,-0.003409
2023-01-18,0.867,-0.011403
2023-01-19,0.873,0.00692
2023-01-20,0.894,0.024055
2023-01-30,0.89,-0.004474
2023-01-31,0.894,0.004494
2023-02-01,0.903,0.010067
2023-02-02,0.904,0.001107
2023-02-03,0.891,-0.014381
2023-02-06,0.875,-0.017957
2023-02-07,0.892,0.019429
2023-02-08,0.881,-0.012332
2023-02-09,0.89,0.010216
2023-02-10,0.878,-0.013483
2023-02-13,0.887,0.010251
2023-02-14,0.885,-0.002255
2023-02-15,0.877,-0.00904
2023-02-16,0.875,-0.002281
2023-02-17,0.867,-0.009143
2023-02-20,0.871,0.004614
2023-02-21,0.855,-0.01837
2023-02-22,0.85,-0.005848
2023-02-23,0.869,0.022353
2023-02-24,0.85,-0.021864
2023-02-27,0.855,0.005882
2023-02-28,0.855,0.0
2023-03-01,0.868,0.015205
2023-03-02,0.857,-0.012673
2023-03-03,0.872,0.017503
2023-03-06,0.87,-0.002294
2023-03-07,0.858,-0.013793
2023-03-08,0.847,-0.012821
2023-03-09,0.832,-0.01771
2023-03-10,0.819,-0.015625
2023-03-13,0.825,0.007326
2023-03-14,0.82,-0.006061
2023-03-15,0.815,-0.006098
2023-03-16,0.83,0.018405
2023-03-17,0.827,-0.003614
2023-03-20,0.814,-0.015719
2023-03-21,0.826,0.014742
2023-03-22,0.818,-0.009685
2023-03-23,0.831,0.015892
2023-03-24,0.825,-0.00722
2023-03-27,0.823,-0.002424
2023-03-28,0.824,0.001215
2023-03-29,0.835,0.01335
2023-03-30,0.838,0.003593
2023-03-31,0.85,0.01432
2023-04-03,0.851,0.001176
2023-04-04,0.842,-0.010576
2023-04-06,0.84,-0.002375
2023-04-07,0.842,0.002381
2023-04-10,0.842,0.0
2023-04-11,0.84,-0.002375
2023-04-12,0.831,-0.010714
2023-04-13,0.834,0.00361
2023-04-14,0.832,-0.002398
2023-04-17,0.834,0.002404
2023-04-18,0.833,-0.001199
2023-04-19,0.835,0.002401
2023-04-20,0.834,-0.001198
2023-04-21,0.828,-0.007194
2023-04-24,0.824,-0.004831
2023-04-25,0.808,-0.019417
2023-04-26,0.814,0.007426
2023-04-27,0.824,0.012285
2023-04-28,0.828,0.004854
2023-05-04,0.807,-0.025362
2023-05-05,0.819,0.01487
2023-05-08,0.819,0.0
2023-05-09,0.813,-0.007326
2023-05-10,0.815,0.00246
2023-05-11,0.816,0.001227
2023-05-12,0.817,0.001225
2023-05-15,0.827,0.01224
2023-05-16,0.827,0.0
2023-05-17,0.832,0.006046
2023-05-18,0.84,0.009615
2023-05-19,0.841,0.00119
2023-05-22,0.841,0.0
2023-05-23,0.833,-0.009512
2023-05-24,0.83,-0.003601
2023-05-25,0.835,0.006024
2023-05-26,0.853,0.021557
2023-05-29,0.849,-0.004689
2023-05-30,0.852,0.003534
2023-05-31,0.845,-0.008216
2023-06-01,0.857,0.014201
2023-06-02,0.869,0.014002
2023-06-05,0.866,-0.003452
2023-06-06,0.871,0.005774
2023-06-07,0.864,-0.008037
2023-06-08,0.872,0.009259
2023-06-09,0.873,0.001147
2023-06-12,0.882,0.010309
2023-06-13,0.889,0.007937
2023-06-14,0.893,0.004499
2023-06-15,0.902,0.010078
2023-06-16,0.897,-0.005543
2023-06-19,0.894,-0.003344
2023-06-20,0.894,0.0
2023-06-21,0.884,-0.011186
2023-06-26,0.876,-0.00905
2023-06-27,0.888,0.013699
2023-06-28,0.89,0.002252
2023-06-29,0.889,-0.001124
2023-06-30,0.899,0.011249
2023-07-03,0.904,0.005562
2023-07-04,0.903,-0.001106
2023-07-05,0.899,-0.00443
2023-07-06,0.89,-0.010011
2023-07-07,0.889,-0.001124
2023-07-10,0.89,0.001125
2023-07-11,0.898,0.008989
2023-07-12,0.907,0.010022
2023-07-13,0.919,0.01323
2023-07-14,0.913,-0.006529
2023-07-17,0.919,0.006572
2023-07-18,0.921,0.002176
2023-07-19,0.92,-0.001086
2023-07-20,0.905,-0.016304
2023-07-21,0.905,0.0
2023-07-24,0.905,0.0
2023-07-25,0.917,0.01326
2023-07-26,0.915,-0.002181
2023-07-27,0.912,-0.003279
2023-07-28,0.93,0.019737
2023-07-31,0.936,0.006452
2023-08-01,0.932,-0.004274
2023-08-02,0.913,-0.020386
2023-08-03,0.917,0.004381
2023-08-04,0.918,0.001091
2023-08-07,0.923,0.005447
2023-08-08,0.917,-0.006501
2023-08-09,0.91,-0.007634
2023-08-10,0.912,0.002198
2023-08-11,0.907,-0.005482
2023-08-14,0.911,0.00441
2023-08-15,0.901,-0.010977
2023-08-16,0.894,-0.007769
2023-08-17,0.89,-0.004474
2023-08-18,0.884,-0.006742
2023-08-21,0.889,0.005656
2023-08-22,0.889,0.0
2023-08-23,0.899,0.011249
2023-08-24,0.889,-0.011123
2023-08-25,0.89,0.001125
2023-08-28,0.896,0.006742
2023-08-29,0.914,0.020089
2023-08-30,0.918,0.004376
2023-08-31,0.919,0.001089
2023-09-01,0.92,0.001088
2023-09-04,0.926,0.006522
2023-09-05,0.923,-0.00324
2023-09-06,0.92,-0.00325
2023-09-07,0.914,-0.006522
2023-09-08,0.917,0.003282
2023-09-11,0.923,0.006543
2023-09-12,0.916,-0.007584
2023-09-13,0.916,0.0
2023-09-14,0.921,0.005459
2023-09-15,0.91,-0.011944
2023-09-18,0.907,-0.003297
2023-09-19,0.905,-0.002205
2023-09-20,0.895,-0.01105
2023-09-21,0.88,-0.01676
2023-09-22,0.885,0.005682
2023-09-25,0.885,0.0
2023-09-26,0.873,-0.013559
2023-09-27,0.8757,0.003093
2023-09-28,0.8792,0.003997
2023-10-09,0.8879,0.009895
2023-10-10,0.8938,0.006645
2023-10-11,0.9006,0.007608
2023-10-12,0.9012,0.000666
2023-10-13,0.8914,-0.010874
2023-10-16,0.8966,0.005834
2023-10-17,0.8963,-0.000335
2023-10-18,0.8856,-0.011938
2023-10-19,0.876,-0.01084
2023-10-20,0.8662,-0.011187
2023-10-23,0.8668,0.000693
2023-10-24,0.871,0.004845
2023-10-25,0.8594,-0.013318
2023-10-26,0.8495,-0.01152
2023-10-27,0.8555,0.007063
2023-10-30,0.8614,0.006897
2023-10-31,0.86,-0.001625
2023-11-01,0.8705,0.012209
2023-11-02,0.8836,0.015049
2023-11-03,0.8931,0.010751
2023-11-06,0.8969,0.004255
2023-11-07,0.8974,0.000557
2023-11-08,0.8962,-0.001337
2023-11-09,0.8925,-0.004129
2023-11-10,0.9009,0.009412
2023-11-13,0.9034,0.002775
2023-11-14,0.9145,0.012287
2023-11-15,0.9201,0.006124
2023-11-16,0.9193,-0.000869
2023-11-17,0.916,-0.00359
2023-11-20,0.9239,0.008624
2023-11-21,0.9182,-0.006169
2023-11-22,0.9192,0.001089
2023-11-23,0.9201,0.000979
2023-11-24,0.9157,-0.004782
2023-11-27,0.916,0.000328
2023-11-28,0.9157,-0.000328
2023-11-29,0.91,-0.006225
2023-11-30,0.9099,-0.00011
2023-12-01,0.9103,0.00044
2023-12-04,0.9005,-0.010766
2023-12-05,0.8993,-0.001333
2023-12-06,0.8958,-0.003892
2023-12-07,0.9035,0.008596
2023-12-08,0.9055,0.002214
2023-12-11,0.9054,-0.00011
2023-12-12,0.912,0.00729
2023-12-13,0.9163,0.004715
2023-12-14,0.9155,-0.000873
2023-12-15,0.9199,0.004806
2023-12-18,0.9237,0.004131
2023-12-19,0.9266,0.00314
2023-12-20,0.919,-0.008202
2023-12-21,0.9265,0.008161
2023-12-22,0.9195,-0.007555
2023-12-25,0.9199,0.000435
2023-12-26,0.9222,0.0025
2023-12-27,0.9269,0.005097
2023-12-28,0.9306,0.003992
2023-12-29,0.9262,-0.004728
2023-12-31,0.9261,-0.000108
2024-01-02,0.9164,-0.010474
2024-01-03,0.9162,-0.000218
2024-01-04,0.9131,-0.003384
2024-01-05,0.9135,0.000438
2024-01-08,0.9218,0.009086
2024-01-09,0.9242,0.002604
2024-01-10,0.9287,0.004869
2024-01-11,0.9314,0.002907
2024-01-12,0.9307,-0.000752
2024-01-15,0.9306,-0.000107
2024-01-16,0.9263,-0.004621
2024-01-17,0.9166,-0.010472
2024-01-18,0.9234,0.007419
2024-01-19,0.9313,0.008555
2024-01-22,0.9281,-0.003436
2024-01-23,0.9347,0.007111
2024-01-24,0.9446,0.010592
2024-01-25,0.953,0.008893
2024-01-26,0.9508,-0.002308
2024-01-29,0.9574,0.006942
2024-01-30,0.9499,-0.007834
2024-01-31,0.9344,-0.016318
2024-02-01,0.9447,0.011023
2024-02-02,0.9567,0.012702
2024-02-05,0.9566,-0.000105
2024-02-06,0.9613,0.004913
2024-02-07,0.968,0.00697
2024-02-08,0.9696,0.001653
2024-02-19,0.9781,0.008767
2024-02-20,0.973,-0.005214
2024-02-21,0.9735,0.000514
2024-02-22,0.9975,0.024653
2024-02-23,0.997,-0.000501
2024-02-26,0.9946,-0.002407
2024-02-27,0.9959,0.001307
2024-02-28,0.9909,-0.005021
2024-02-29,0.9962,0.005349
2024-03-01,1.0094,0.01325
2024-03-04,1.0105,0.00109
2024-03-05,0.9961,-0.01425
2024-03-06,1.0043,0.008232
2024-03-07,1.0121,0.007767
2024-03-08,1.0029,-0.00909
2024-03-11,0.9994,-0.00349
2024-03-12,1.0172,0.017811
2024-03-13,1.0137,-0.003441
2024-03-14,1.0107,-0.002959
2024-03-15,1.0016,-0.009004
2024-03-18,1.0064,0.004792
2024-03-19,1.0066,0.000199
2024-03-20,1.0151,0.008444
2024-03-21,1.0238,0.008571
2024-03-22,1.0213,-0.002442
2024-03-25,1.02,-0.001273
2024-03-26,1.018,-0.001961
2024-03-27,1.0176,-0.000393
2024-03-28,1.0217,0.004029
2024-03-29,1.0215,-0.000196
2024-04-01,1.0225,0.000979
2024-04-02,1.0239,0.001369
2024-04-03,1.0251,0.001172
2024-04-08,1.0234,-0.001658
2024-04-09,1.0213,-0.002052
2024-04-10,1.022,0.000685
2024-04-11,1.0284,0.006262
2024-04-12,1.0138,-0.014197
2024-04-15,1.0025,-0.011146
2024-04-16,0.9999,-0.002594
2024-04-17,0.9948,-0.005101
2024-04-18,0.9941,-0.000704
2024-04-19,0.9813,-0.012876
2024-04-22,0.9921,0.011006
2024-04-23,1.0061,0.014111
2024-04-24,1.0092,0.003081
2024-04-25,1.0064,-0.002774
2024-04-26,1.0249,0.018382
2024-04-29,1.0241,-0.000781
2024-04-30,1.0128,-0.011034
2024-05-06,1.0479,0.034656
2024-05-07,1.0468,-0.00105
2024-05-08,1.0472,0.000382
2024-05-09,1.0566,0.008976
2024-05-10,1.0614,0.004543
2024-05-13,1.0619,0.000471
2024-05-14,1.0667,0.00452
2024-05-15,1.0785,0.011062
2024-05-16,1.0769,-0.001484
2024-05-17,1.0808,0.003622
2024-05-20,1.0848,0.003701
2024-05-21,1.0832,-0.001475
2024-05-22,1.0813,-0.001754
2024-05-23,1.0758,-0.005086
2024-05-24,1.0812,0.00502
2024-05-27,1.0843,0.002867
2024-05-28,1.0892,0.004519
2024-05-29,1.0803,-0.008171
2024-05-30,1.0704,-0.009164
2024-05-31,1.068,-0.002242
2024-06-03,1.0742,0.005805
2024-06-04,1.0751,0.000838
2024-06-05,1.0876,0.011627
2024-06-06,1.0867,-0.000828
2024-06-07,1.0839,-0.002577
2024-06-11,1.0904,0.005997
2024-06-12,1.0978,0.006787
2024-06-13,1.1012,0.003097
2024-06-14,1.0984,-0.002543
2024-06-17,1.1024,0.003642
2024-06-18,1.1047,0.002086
2024-06-19,1.1114,0.006065
2024-06-20,1.107,-0.003959
2024-06-21,1.1011,-0.00533
2024-06-24,1.0944,-0.006085
2024-06-25,1.1053,0.00996
2024-06-26,1.1069,0.001448
2024-06-27,1.105,-0.001717
2024-06-28,1.0994,-0.005068
2024-06-30,1.0993,-9.1e-05
2024-07-01,1.1047,0.004912
2024-07-02,1.1111,0.005793
2024-07-03,1.1186,0.00675
2024-07-04,1.1202,0.00143
2024-07-05,1.1244,0.003749
2024-07-08,1.1245,8.9e-05
2024-07-09,1.1255,0.000889
2024-07-10,1.1322,0.005953
2024-07-11,1.1212,-0.009716
2024-07-12,1.128,0.006065
2024-07-15,1.1263,-0.001507
2024-07-16,1.1237,-0.002308
2024-07-17,1.0996,-0.021447
2024-07-18,1.0922,-0.00673
2024-07-19,1.0824,-0.008973
2024-07-22,1.095,0.011641
2024-07-23,1.0939,-0.001005
2024-07-24,1.0728,-0.019289
2024-07-25,1.0595,-0.012397
2024-07-26,1.0647,0.004908
2024-07-29,1.0674,0.002536
2024-07-30,1.0585,-0.008338
2024-07-31,1.0776,0.018044
2024-08-01,1.0645,-0.012157
2024-08-02,1.0414,-0.0217
2024-08-05,1.0155,-0.02487
2024-08-06,1.0242,0.008567
2024-08-07,1.0232,-0.000976
2024-08-08,1.0436,0.019937
2024-08-09,1.0514,0.007474
2024-08-12,1.0534,0.001902
2024-08-13,1.0675,0.013385
2024-08-14,1.0687,0.001124
2024-08-15,1.0818,0.012258
2024-08-16,1.0872,0.004992
2024-08-19,1.0949,0.007082
2024-08-20,1.0909,-0.003653
2024-08-21,1.0916,0.000642
2024-08-22,1.0858,-0.005313
2024-08-23,1.0959,0.009302
2024-08-26,1.0884,-0.006844
2024-08-27,1.0918,0.003124
2024-08-28,1.0831,-0.007968
2024-08-29,1.0872,0.003785
2024-08-30,1.0944,0.006623
2024-09-02,1.0906,-0.003472
2024-09-03,1.072,-0.017055
2024-09-04,1.068,-0.003731
2024-09-05,1.0638,-0.003933
2024-09-06,1.0472,-0.015604
2024-09-09,1.0519,0.004488
2024-09-10,1.0572,0.005039
2024-09-11,1.067,0.00927
2024-09-12,1.0768,0.009185
2024-09-13,1.0794,0.002415
2024-09-18,1.0787,-0.000649
2024-09-19,1.0987,0.018541
2024-09-20,1.0944,-0.003914
2024-09-23,1.0943,-9.1e-05
2024-09-24,1.1048,0.009595
2024-09-25,1.1012,-0.003259
2024-09-26,1.1143,0.011896
2024-09-27,1.1124,-0.001705
2024-09-30,1.1198,0.006652
2024-10-08,1.1275,0.006876
2024-10-09,1.1268,-0.000621
2024-10-10,1.1362,0.008342
2024-10-11,1.1427,0.005721
2024-10-14,1.1465,0.003325
2024-10-15,1.1337,-0.011164
2024-10-16,1.1417,0.007057
2024-10-17,1.1406,-0.000963
2024-10-18,1.1527,0.010608
2024-10-21,1.1444,-0.0072
2024-10-22,1.1488,0.003845
2024-10-23,1.1436,-0.004526
2024-10-24,1.1414,-0.001924
2024-10-25,1.139,-0.002103
2024-10-28,1.1453,0.005531
2024-10-29,1.1522,0.006025
2024-10-30,1.1485,-0.003211
2024-10-31,1.1273,-0.018459
2024-11-01,1.1333,0.005322
2024-11-04,1.1306,-0.002382
2024-11-05,1.1433,0.011233
2024-11-06,1.1621,0.016444
2024-11-07,1.1858,0.020394
2024-11-08,1.1817,-0.003458
2024-11-11,1.1849,0.002708
2024-11-12,1.1796,-0.004473
2024-11-13,1.1792,-0.000339
2024-11-14,1.1704,-0.007463
2024-11-15,1.1607,-0.008288
2024-11-18,1.1655,0.004135
2024-11-19,1.1737,0.007036
2024-11-20,1.1744,0.000596
2024-11-21,1.1777,0.00281
2024-11-22,1.1775,-0.00017
2024-11-25,1.1784,0.000764
2024-11-26,1.1833,0.004158
2024-11-27,1.1829,-0.000338
2024-11-28,1.1788,-0.003466
2024-11-29,1.1841,0.004496
2024-12-02,1.1889,0.004054
2024-12-03,1.1972,0.006981
2024-12-04,1.2064,0.007685
2024-12-05,1.2034,-0.002487
2024-12-06,1.214,0.008808
2024-12-09,1.21,-0.003295
2024-12-10,1.2054,-0.003802
2024-12-11,1.215,0.007964
2024-12-12,1.2126,-0.001975
2024-12-13,1.2093,-0.002721
2024-12-16,1.2151,0.004796
2024-12-17,1.208,-0.005843
2024-12-18,1.1786,-0.024338
2024-12-19,1.1798,0.001018
2024-12-20,1.1888,0.007628
2024-12-23,1.195,0.005215
2024-12-24,1.2071,0.010126
2024-12-25,1.2069,-0.000166
2024-12-26,1.207,8.3e-05
2024-12-27,1.1944,-0.010439
2024-12-30,1.1846,-0.008205
2024-12-31,1.1797,-0.004136
2025-01-02,1.1764,-0.002797
2025-01-03,1.1909,0.012326
2025-01-06,1.1989,0.006718
2025-01-07,1.183,-0.013262
2025-01-08,1.1818,-0.001014
2025-01-09,1.181,-0.000677
2025-01-10,1.168,-0.011008
2025-01-13,1.1615,-0.005565
2025-01-14,1.168,0.005596
2025-01-15,1.1868,0.016096
2025-01-16,1.1883,0.001264
2025-01-17,1.1991,0.009089
2025-01-20,1.2031,0.003336
2025-01-21,1.2134,0.008561
2025-01-22,1.2156,0.001813
2025-01-23,1.2195,0.003208
2025-01-24,1.2207,0.000984
2025-01-27,1.1938,-0.022037
2025-02-05,1.2235,0.024879
2025-02-06,1.2283,0.003923
2025-02-07,1.2229,-0.004396
2025-02-10,1.2293,0.005233
2025-02-11,1.2222,-0.005776
2025-02-12,1.2254,0.002618
2025-02-13,1.231,0.00457
2025-02-14,1.2409,0.008042
2025-02-17,1.2413,0.000322
2025-02-18,1.2464,0.004109
2025-02-19,1.2442,-0.001765
2025-02-20,1.2288,-0.012377
2025-02-21,1.2156,-0.010742
2025-02-24,1.21,-0.004607
2025-02-25,1.1983,-0.009669
2025-02-26,1.2107,0.010348
2025-02-27,1.194,-0.013794
2025-02-28,1.1974,0.002848
2025-03-03,1.1821,-0.012778
2025-03-04,1.168,-0.011928
2025-03-05,1.184,0.013699
2025-03-06,1.1736,-0.008784
2025-03-07,1.1708,-0.002386
2025-03-10,1.1412,-0.025282
2025-03-11,1.1381,-0.002716
2025-03-12,1.1417,0.003163
2025-03-13,1.1294,-0.010773
2025-03-14,1.1546,0.022313
2025-03-17,1.1637,0.007882
2025-03-18,1.1635,-0.000172
2025-03-19,1.1743,0.009282
2025-03-20,1.1681,-0.00528
2025-03-21,1.1623,-0.004965
2025-03-24,1.1818,0.016777
2025-03-25,1.1779,-0.0033
2025-03-26,1.1672,-0.009084
2025-03-27,1.1641,-0.002656
2025-03-28,1.146,-0.015548
2025-03-31,1.1442,-0.001571
2025-04-01,1.1489,0.004108
2025-04-02,1.156,0.00618
2025-04-03,1.1117,-0.038322
2025-04-07,1.0315,-0.072142
2025-04-08,1.0278,-0.003587
2025-04-09,1.0964,0.066745
2025-04-10,1.0746,-0.019883
2025-04-11,1.0902,0.014517
2025-04-14,1.1018,0.01064
2025-04-15,1.1018,0.0
2025-04-16,1.0815,-0.018424
2025-04-17,1.0843,0.002589
2025-04-18,1.0839,-0.000369
2025-04-21,1.0647,-0.017714
2025-04-22,1.0865,0.020475
2025-04-23,1.1068,0.018684
2025-04-24,1.1194,0.011384
2025-04-25,1.1248,0.004824
2025-04-28,1.1261,0.001156
2025-04-29,1.1319,0.005151
2025-04-30,1.1329,0.000883
2025-05-06,1.1483,0.013593
2025-05-07,1.1517,0.002961
2025-05-08,1.1556,0.003386
2025-05-09,1.1542,-0.001211
2025-05-12,1.1846,0.026339
2025-05-13,1.1846,0.0
2025-05-14,1.1899,0.004474
2025-05-15,1.1897,-0.000168
2025-05-16,1.1961,0.00538
2025-05-19,1.1973,0.001003
2025-05-20,1.1979,0.000501
2025-05-21,1.1857,-0.010184
2025-05-22,1.1826,-0.002614
2025-05-23,1.1796,-0.002537
2025-05-26,1.1733,-0.005341
2025-05-27,1.192,0.015938
2025-05-28,1.1858,-0.005201
2025-05-29,1.1905,0.003964
2025-05-30,1.1876,-0.002436
2025-06-03,1.1996,0.010104
2025-06-04,1.2025,0.002417
2025-06-05,1.2011,-0.001164
2025-06-06,1.2086,0.006244
2025-06-09,1.2127,0.003392
2025-06-10,1.213,0.000247
2025-06-11,1.2133,0.000247
2025-06-12,1.2124,-0.000742
2025-06-13,1.1991,-0.01097
2025-06-16,1.2103,0.00934
2025-06-17,1.2025,-0.006445
2025-06-18,1.1993,-0.002661
2025-06-19,1.1935,-0.004836
2025-06-20,1.1934,-8.4e-05
2025-06-23,1.2033,0.008296
2025-06-24,1.2191,0.013131
2025-06-25,1.2204,0.001066
2025-06-26,1.2284,0.006555
2025-06-27,1.2347,0.005129
2025-06-30,1.2363,0.001296
2025-07-01,1.2286,-0.006228
2025-07-02,1.2327,0.003337
2025-07-03,1.24,0.005922
2025-07-04,1.2398,-0.000161
2025-07-07,1.2345,-0.004275
2025-07-08,1.2337,-0.000648
2025-07-09,1.2381,0.003567
2025-07-10,1.2387,0.000485
2025-07-11,1.2355,-0.002583
2025-07-14,1.2418,0.005099
2025-07-15,1.2433,0.001208
2025-07-16,1.2459,0.002091
2025-07-17,1.2511,0.004174
2025-07-18,1.257,0.004716
2025-07-21,1.26,0.002387
2025-07-22,1.2583,-0.001349
2025-07-23,1.2719,0.010808
2025-07-24,1.273,0.000865
2025-07-25,1.2757,0.002121
2025-07-28,1.2794,0.0029
2025-07-29,1.2768,-0.002032
2025-07-30,1.2736,-0.002506
2025-07-31,1.2699,-0.002905
2025-08-01,1.2468,-0.01819
2025-08-04,1.2652,0.014758
2025-08-05,1.2598,-0.004268
2025-08-06,1.2686,0.006985
2025-08-07,1.2685,-7.9e-05
2025-08-08,1.2723,0.002996
2025-08-11,1.2697,-0.002044
2025-08-12,1.2852,0.012208
2025-08-13,1.289,0.002957
2025-08-14,1.2871,-0.001474
2025-08-15,1.283,-0.003185
2025-08-18,1.2838,0.000624
2025-08-19,1.2707,-0.010204
2025-08-20,1.2661,-0.00362
2025-08-21,1.2605,-0.004423
2025-08-22,1.2797,0.015232
2025-08-25,1.2791,-0.000469
2025-08-26,1.283,0.003049
2025-08-27,1.2802,-0.002182
2025-08-28,1.2845,0.003359
2025-08-29,1.2738,-0.00833
2025-09-01,1.2798,0.00471
2025-09-02,1.2716,-0.006407
2025-09-03,1.2777,0.004797
2025-09-04,1.2848,0.005557
2025-09-05,1.2882,0.002646
2025-09-08,1.2959,0.005977
2025-09-09,1.3036,0.005942
2025-09-10,1.3118,0.00629
2025-09-11,1.3157,0.002973
2025-09-12,1.3206,0.003724
2025-09-15,1.33,0.007118
2025-09-16,1.3281,-0.001429
2025-09-17,1.3319,0.002861
2025-09-18,1.3357,0.002853
2025-09-19,1.3427,0.005241
2025-09-22,1.3449,0.001638
2025-09-23,1.3336,-0.008402
2025-09-24,1.3338,0.00015
2025-09-25,1.3296,-0.003149
2025-09-26,1.3286,-0.000752
2025-09-29,1.3374,0.006624
2025-09-30,1.3518,0.010767
2025-10-09,1.3683,0.012206
2025-10-10,1.3271,-0.03011
2025-10-13,1.3437,0.012508
2025-10-14,1.3335,-0.007591
2025-10-15,1.3457,0.009149
2025-10-16,1.3382,-0.005573
2025-10-17,1.3301,-0.006053
2025-10-20,1.3494,0.01451
2025-10-21,1.3477,-0.00126
2025-10-22,1.3353,-0.009201
2025-10-23,1.3479,0.009436
2025-10-24,1.3624,0.010757
2025-10-27,1.3795,0.012551
2025-10-28,1.381,0.001087
2025-10-29,1.3867,0.004127
2025-10-30,1.3704,-0.011755
2025-10-31,1.3719,0.001095
2025-11-03,1.3753,0.002478
2025-11-04,1.35,-0.018396
2025-11-05,1.3584,0.006222
2025-11-06,1.3484,-0.007362
2025-11-07,1.3445,-0.002892
2025-11-10,1.3724,0.020751
2025-11-11,1.3694,-0.002186
2025-11-12,1.3713,0.001387
2025-11-13,1.3458,-0.018595
2025-11-14,1.3395,-0.004681
2025-11-17,1.326,-0.010078
2025-11-18,1.3109,-0.011388
2025-11-19,1.318,0.005416
2025-11-20,1.2938,-0.018361
2025-11-21,1.2935,-0.000232
2025-11-24,1.3265,0.025512
2025-11-25,1.3382,0.00882
2025-11-26,1.3474,0.006875
2025-11-27,1.3472,-0.000148
2025-11-28,1.3556,0.006235
2025-12-01,1.3478,-0.005754
2025-12-02,1.3541,0.004674
2025-12-03,1.3523,-0.001329
2025-12-04,1.3585,0.004585
2025-12-05,1.3652,0.004932
2025-12-08,1.3613,-0.002857
2025-12-09,1.3561,-0.00382
2025-12-10,1.3666,0.007743
2025-12-11,1.3667,7.3e-05
2025-12-12,1.3466,-0.014707
2025-12-15,1.338,-0.006386
2025-12-16,1.3298,-0.006129
2025-12-17,1.3128,-0.012784
2025-12-18,1.3261,0.010131
2025-12-19,1.3447,0.014026
2025-12-22,1.3552,0.007808
2025-12-23,1.359,0.002804
2025-12-24,1.3617,0.001987
2025-12-25,1.3602,-0.001102
2025-12-26,1.3584,-0.001323
2025-12-29,1.3501,-0.00611
2025-12-30,1.3516,0.001111
2025-12-31,1.3406,-0.008139
2026-01-05,1.3639,0.01738
2026-01-06,1.3805,0.012171
2026-01-07,1.3752,-0.003839
2026-01-08,1.3632,-0.008726
2026-01-09,1.3754,0.00895
2026-01-12,1.3869,0.008361
2026-01-13,1.3911,0.003028
2026-01-14,1.3817,-0.006757
2026-01-15,1.3846,0.002099
2026-01-16,1.3856,0.000722
2026-01-19,1.3823,-0.002382
2026-01-20,1.3597,-0.01635
2026-01-21,1.3733,0.010002
2026-01-22,1.3785,0.003786
2026-01-23,1.375,-0.002539
2026-01-26,1.3775,0.001818
2026-01-27,1.3923,0.010744
2026-01-28,1.4029,0.007613
2026-01-29,1.4017,-0.000855
2026-01-30,1.3785,-0.016551
2026-02-02,1.3833,0.003482
2026-02-03,1.3775,-0.004193
2026-02-04,1.3508,-0.019383
2026-02-05,1.3398,-0.008143
2026-02-06,1.3667,0.020078
2026-02-09,1.3825,0.011561
2026-02-10,1.3742,-0.006004
2026-02-11,1.3771,0.00211
2026-02-12,1.3561,-0.015249
2026-02-13,1.3503,-0.004277
2026-02-24,1.377,0.019773
2026-02-25,1.3907,0.009949
2026-02-26,1.3705,-0.014525
2026-02-27,1.3664,-0.002992
2026-03-02,1.3711,0.00344
2026-03-03,1.336,-0.0256
2026-03-04,1.3432,0.005389
2026-03-05,1.3247,-0.013773
2026-03-06,1.3016,-0.017438
2026-03-09,1.3231,0.016518
2026-03-10,1.3296,0.004913
2026-03-11,1.3285,-0.000827
2026-03-12,1.304,-0.018442
2026-03-13,1.2975,-0.004985
2026-03-16,1.3177,0.015568
2026-03-17,1.3219,0.003187
2026-03-18,1.3142,-0.005825
2026-03-19,1.3148,0.000457
2026-03-20,1.28,-0.026468
2026-03-23,1.2925,0.009766
2026-03-24,1.3049,0.009594
2026-03-25,1.3139,0.006897
2026-03-26,1.2699,-0.033488
2026-03-27,1.259,-0.008583
2026-03-30,1.2327,-0.02089
2026-03-31,1.2745,0.033909
2026-04-01,1.2957,0.016634
2026-04-02,1.2975,0.001389
2026-04-03,1.2984,0.000694
2026-04-07,1.305,0.005083
2026-04-08,1.3552,0.038467
2026-04-09,1.3658,0.007822
2026-04-10,1.3742,0.00615
2026-04-13,1.3846,0.007568
2026-04-14,1.4021,0.012639
2026-04-15,1.4058,0.002639
2026-04-16,1.4144,0.006118
2026-04-17,1.4305,0.011383
2026-04-20,1.4299,-0.000419
2026-04-21,1.4251,-0.003357
2026-04-22,1.4442,0.013403
2026-04-23,1.4375,-0.004639
2026-04-24,1.4611,0.016417
2026-04-27,1.4528,-0.005681
2026-04-28,1.4294,-0.016107
2026-04-29,1.4382,0.006156
2026-04-30,1.4573,0.01328
2026-05-06,1.5176,0.041378
2026-05-07,1.502,-0.010279
2026-05-08,1.5236,0.014381
2026-05-11,1.5364,0.008401
2026-05-12,1.5183,-0.011781
2026-05-13,1.5399,0.014226
2026-05-14,1.5464,0.004221
2026-05-15,1.5123,-0.022051
2026-05-18,1.4903,-0.014547
2026-05-19,1.4797,-0.007113
2026-05-20,1.4991,0.013111
2026-05-21,1.5051,0.004002
2026-05-22,1.5173,0.008106
2026-05-25,1.5159,-0.000923
2026-05-26,1.5387,0.015041
2026-05-27,1.531,-0.005004
2026-05-28,1.5308,-0.000131
2026-05-29,1.5311,0.000196
2026-06-01,1.5401,0.005878
2026-06-02,1.5652,0.016298
2026-06-03,1.5492,-0.010222
2026-06-04,1.5458,-0.002195
2026-06-05,1.4682,-0.050201
2026-06-08,1.4854,0.011715
2026-06-09,1.4672,-0.012253
2026-06-10,1.4383,-0.019697
2026-06-11,1.4793,0.028506
2026-06-12,1.4884,0.006152
2026-06-15,1.5247,0.024389
2026-06-16,1.4913,-0.021906
2026-06-17,1.4868,-0.003018
2026-06-18,1.5269,0.026971
2026-06-22,1.5332,0.004126
2026-06-23,1.4744,-0.038351
2026-06-24,1.4693,-0.003459
2026-06-25,1.4839,0.009937
2026-06-26,1.4482,-0.024058
2026-06-29,1.4865,0.026447
2026-06-30,1.5177,0.020989
2026-07-01,1.4716,-0.030375
2026-07-02,1.4203,-0.03486
2026-07-03,1.4203,0.0
2026-07-06,1.4423,0.01549
2026-07-07,1.4014,-0.028357
2026-07-08,1.4123,0.007778
2026-07-09,1.4341,0.015436
2026-07-10,1.4308,-0.002301
2026-07-13,1.394,-0.02572
2026-07-14,1.4157,0.015567
2026-07-15,1.4052,-0.007417
2026-07-16,1.3634,-0.029747
2026-07-17,1.3489,-0.010635
2026-07-20,1.3524,0.002595
2026-07-21,1.38,0.020408
2026-07-22,1.3741,-0.004275
2026-07-23,1.357,-0.012445
2026-07-24,1.336,-0.015475
2026-07-27,1.3278,-0.006138
2026-07-28,1.3081,-0.014837
2026-07-29,1.2819,-0.020029
2026-07-30,1.3241,0.03292
2026-07-31,1.3384,0.0108
2026-08-03,1.3663,0.020846
2026-08-04,1.4023,0.026349
2026-08-05,1.3901,-0.0087
2026-08-06,1.386,-0.002949
2026-08-07,1.4005,0.010462
2026-08-10,1.3875,-0.009282
2026-08-11,1.385,-0.001802
2026-08-12,1.4021,0.012347
2026-08-13,1.4104,0.00592
2026-08-14,1.411,0.000425
2026-08-17,1.4207,0.006875
2026-08-18,1.3766,-0.031041
2026-08-19,1.3605,-0.011695
2026-08-20,1.3538,-0.004925
2026-08-21,1.3561,0.001699
2026-08-24,1.3363,-0.014601
2026-08-25,1.3504,0.010552
2026-08-26,1.3553,0.003629
2026-08-27,1.3697,0.010625
2026-08-28,1.3529,-0.012265
2026-08-31,1.3516,-0.000961
2026-09-01,1.3337,-0.013244
2026-09-02,1.3422,0.006373
2026-09-03,1.3543,0.009015
2026-09-04,1.3709,0.012257
2026-09-07,1.3698,-0.000802
2026-09-08,1.3793,0.006935
2026-09-09,1.377,-0.001668
2026-09-10,1.3564,-0.01496
2026-09-11,1.3717,0.01128
2026-09-14,1.3398,-0.023256
2026-09-15,1.3342,-0.00418
2026-09-16,1.3413,0.005322
2026-09-17,1.3662,0.018564
2026-09-18,1.3783,0.008857
2026-09-21,1.4111,0.023797
2026-09-22,1.4181,0.004961
2026-09-23,1.4017,-0.011565
2026-09-24,1.4033,0.001141
2026-09-28,1.3921,-0.007981
2026-09-29,1.4006,0.006106
