净值日期,累计净值,daily_return
2006-11-24,1.0,
2006-12-01,1.011,0.011
2006-12-08,0.998,-0.012859
2006-12-15,1.049,0.051102
2006-12-18,1.066,0.016206
2006-12-19,1.068,0.001876
2006-12-20,1.071,0.002809
2006-12-21,1.063,-0.00747
2006-12-22,1.06,-0.002822
2006-12-25,1.078,0.016981
2006-12-26,1.083,0.004638
2006-12-27,1.097,0.012927
2006-12-28,1.096,-0.000912
2006-12-29,1.117,0.019161
2006-12-31,1.117,0.0
2007-01-04,1.128,0.009848
2007-01-05,1.119,-0.007979
2007-01-08,1.135,0.014298
2007-01-09,1.179,0.038767
2007-01-10,1.195,0.013571
2007-01-11,1.177,-0.015063
2007-01-12,1.158,-0.016143
2007-01-15,1.197,0.033679
2007-01-16,1.225,0.023392
2007-01-17,1.215,-0.008163
2007-01-18,1.212,-0.002469
2007-01-19,1.24,0.023102
2007-01-22,1.282,0.033871
2007-01-23,1.289,0.00546
2007-01-24,1.301,0.00931
2007-01-25,1.261,-0.030746
2007-01-26,1.287,0.020619
2007-01-29,1.317,0.02331
2007-01-30,1.312,-0.003797
2007-01-31,1.228,-0.064024
2007-02-01,1.231,0.002443
2007-02-02,1.181,-0.040617
2007-02-05,1.163,-0.015241
2007-02-06,1.172,0.007739
2007-02-07,1.195,0.019625
2007-02-08,1.212,0.014226
2007-02-09,1.199,-0.010726
2007-02-12,1.242,0.035863
2007-02-13,1.266,0.019324
2007-02-14,1.293,0.021327
2007-02-15,1.333,0.030936
2007-02-16,1.337,0.003001
2007-02-26,1.35,0.009723
2007-02-27,1.231,-0.088148
2007-02-28,1.251,0.016247
2007-03-01,1.214,-0.029576
2007-03-02,1.231,0.014003
2007-03-05,1.212,-0.015435
2007-03-06,1.237,0.020627
2007-03-07,1.27,0.026677
2007-03-08,1.286,0.012598
2007-03-09,1.288,0.001555
2007-03-12,1.284,-0.003106
2007-03-13,1.285,0.000779
2007-03-14,1.262,-0.017899
2007-03-15,1.29,0.022187
2007-03-16,1.277,-0.010078
2007-03-19,1.3,0.018011
2007-03-20,1.303,0.002308
2007-03-21,1.308,0.003837
2007-03-22,1.311,0.002294
2007-03-23,1.308,-0.002288
2007-03-26,1.324,0.012232
2007-03-27,1.322,-0.001511
2007-03-28,1.326,0.003026
2007-03-29,1.324,-0.001508
2007-03-30,1.323,-0.000755
2007-03-31,1.323,0.0
2007-04-02,1.349,0.019652
2007-04-03,1.374,0.018532
2007-04-04,1.381,0.005095
2007-04-05,1.39,0.006517
2007-04-06,1.394,0.002878
2007-04-09,1.42,0.018651
2007-04-10,1.437,0.011972
2007-04-11,1.454,0.01183
2007-04-12,1.474,0.013755
2007-04-13,1.47,-0.002714
2007-04-16,1.501,0.021088
2007-04-17,1.528,0.017988
2007-04-18,1.537,0.00589
2007-04-19,1.474,-0.040989
2007-04-20,1.524,0.033921
2007-04-23,1.574,0.032808
2007-04-24,1.578,0.002541
2007-04-25,1.569,-0.005703
2007-04-26,1.584,0.00956
2007-04-27,1.572,-0.007576
2007-04-30,1.606,0.021628
2007-05-08,1.649,0.026775
2007-05-09,1.658,0.005458
2007-05-10,1.663,0.003016
2007-05-11,1.657,-0.003608
2007-05-14,1.676,0.011467
2007-05-15,1.631,-0.02685
2007-05-16,1.665,0.020846
2007-05-17,1.7,0.021021
2007-05-18,1.706,0.003529
2007-05-21,1.742,0.021102
2007-05-22,1.749,0.004018
2007-05-23,1.774,0.014294
2007-05-24,1.762,-0.006764
2007-05-25,1.788,0.014756
2007-05-28,1.821,0.018456
2007-05-29,1.869,0.026359
2007-05-30,1.766,-0.05511
2007-05-31,1.804,0.021518
2007-06-01,1.752,-0.028825
2007-06-04,1.653,-0.056507
2007-06-05,1.698,0.027223
2007-06-06,1.732,0.020024
2007-06-07,1.787,0.031755
2007-06-08,1.81,0.012871
2007-06-11,1.85,0.022099
2007-06-12,1.896,0.024865
2007-06-13,1.91,0.007384
2007-06-14,1.902,-0.004188
2007-06-15,1.912,0.005258
2007-06-18,1.95,0.019874
2007-06-19,1.964,0.007179
2007-06-20,1.924,-0.020367
2007-06-21,1.949,0.012994
2007-06-22,1.908,-0.021036
2007-06-25,1.846,-0.032495
2007-06-26,1.861,0.008126
2007-06-27,1.917,0.030091
2007-06-28,1.839,-0.040689
2007-06-29,1.809,-0.016313
2007-06-30,1.809,0.0
2007-07-02,1.797,-0.006633
2007-07-03,1.838,0.022816
2007-07-04,1.809,-0.015778
2007-07-05,1.732,-0.042565
2007-07-06,1.796,0.036952
2007-07-09,1.845,0.027283
2007-07-10,1.82,-0.01355
2007-07-11,1.83,0.005495
2007-07-12,1.834,0.002186
2007-07-13,1.831,-0.001636
2007-07-16,1.795,-0.019661
2007-07-17,1.835,0.022284
2007-07-18,1.848,0.007084
2007-07-19,1.85,0.001082
2007-07-20,1.915,0.035135
2007-07-23,1.974,0.030809
2007-07-24,1.977,0.00152
2007-07-25,1.998,0.010622
2007-07-26,2.011,0.006507
2007-07-27,2.016,0.002486
2007-07-30,2.056,0.019841
2007-07-31,2.071,0.007296
2007-08-01,2.022,-0.02366
2007-08-02,2.092,0.034619
2007-08-03,2.167,0.035851
2007-08-06,2.2,0.015228
2007-08-07,2.211,0.005
2007-08-08,2.185,-0.011759
2007-08-09,2.225,0.018307
2007-08-10,2.201,-0.010787
2007-08-13,2.167,-0.015448
2007-08-14,2.196,0.013383
2007-08-15,2.214,0.008197
2007-08-16,2.187,-0.012195
2007-08-17,2.139,-0.021948
2007-08-20,2.237,0.045816
2007-08-21,2.274,0.01654
2007-08-22,2.297,0.010114
2007-08-23,2.351,0.023509
2007-08-24,2.389,0.016163
2007-08-27,2.382,-0.00293
2007-08-28,2.386,0.001679
2007-08-29,2.362,-0.010059
2007-08-30,2.388,0.011008
2007-08-31,2.435,0.019682
2007-09-03,2.501,0.027105
2007-09-04,2.483,-0.007197
2007-09-05,2.49,0.002819
2007-09-06,2.502,0.004819
2007-09-07,2.468,-0.013589
2007-09-10,2.512,0.017828
2007-09-11,2.465,-0.01871
2007-09-12,2.506,0.016633
2007-09-13,2.572,0.026337
2007-09-14,2.602,0.011664
2007-09-17,2.644,0.016141
2007-09-18,2.622,-0.008321
2007-09-19,2.614,-0.003051
2007-09-20,2.669,0.021041
2007-09-21,2.663,-0.002248
2007-09-24,2.669,0.002253
2007-09-25,2.647,-0.008243
2007-09-26,2.614,-0.012467
2007-09-27,2.642,0.010712
2007-09-28,2.699,0.021575
2007-09-30,2.699,0.0
2007-10-08,2.738,0.01445
2007-10-09,2.759,0.00767
2007-10-10,2.777,0.006524
2007-10-11,2.805,0.010083
2007-10-12,2.801,-0.001426
2007-10-15,2.792,-0.003213
2007-10-16,2.81,0.006447
2007-10-17,2.786,-0.008541
2007-10-18,2.712,-0.026561
2007-10-19,2.737,0.009218
2007-10-22,2.693,-0.016076
2007-10-23,2.705,0.004456
2007-10-24,2.743,0.014048
2007-10-25,2.672,-0.025884
2007-10-26,2.688,0.005988
2007-10-29,2.73,0.015625
2007-10-30,2.767,0.013553
2007-10-31,2.803,0.01301
2007-11-01,2.763,-0.01427
2007-11-02,2.682,-0.029316
2007-11-05,2.636,-0.017151
2007-11-06,2.623,-0.004932
2007-11-07,2.643,0.007625
2007-11-08,2.563,-0.030269
2007-11-09,2.535,-0.010925
2007-11-12,2.507,-0.011045
2007-11-13,2.481,-0.010371
2007-11-14,2.566,0.03426
2007-11-15,2.554,-0.004677
2007-11-16,2.52,-0.013312
2007-11-19,2.501,-0.00754
2007-11-20,2.528,0.010796
2007-11-21,2.518,-0.003956
2007-11-22,2.432,-0.034154
2007-11-23,2.467,0.014391
2007-11-26,2.459,-0.003243
2007-11-27,2.434,-0.010167
2007-11-28,2.408,-0.010682
2007-11-29,2.476,0.028239
2007-11-30,2.444,-0.012924
2007-12-03,2.454,0.004092
2007-12-04,2.479,0.010187
2007-12-05,2.538,0.0238
2007-12-06,2.544,0.002364
2007-12-07,2.566,0.008648
2007-12-10,2.608,0.016368
2007-12-11,2.615,0.002684
2007-12-12,2.589,-0.009943
2007-12-13,2.515,-0.028582
2007-12-14,2.544,0.011531
2007-12-17,2.498,-0.018082
2007-12-18,2.49,-0.003203
2007-12-19,2.531,0.016466
2007-12-20,2.567,0.014224
2007-12-21,2.599,0.012466
2007-12-24,2.636,0.014236
2007-12-25,2.647,0.004173
2007-12-26,2.655,0.003022
2007-12-27,2.694,0.014689
2007-12-28,2.689,-0.001856
2007-12-29,2.689,0.0
2007-12-31,2.689,0.0
2008-01-02,2.705,0.00595
2008-01-03,2.71,0.001848
2008-01-04,2.732,0.008118
2008-01-07,2.765,0.012079
2008-01-08,2.752,-0.004702
2008-01-09,2.79,0.013808
2008-01-10,2.811,0.007527
2008-01-11,2.818,0.00249
2008-01-14,2.827,0.003194
2008-01-15,2.809,-0.006367
2008-01-16,2.743,-0.023496
2008-01-17,2.69,-0.019322
2008-01-18,2.707,0.00632
2008-01-21,2.621,-0.031769
2008-01-22,2.49,-0.049981
2008-01-23,2.595,0.042169
2008-01-24,2.638,0.01657
2008-01-25,2.647,0.003412
2008-01-28,2.537,-0.041556
2008-01-29,2.54,0.001182
2008-01-30,2.52,-0.007874
2008-01-31,2.471,-0.019444
2008-02-01,2.463,-0.003238
2008-02-04,2.598,0.054811
2008-02-05,2.58,-0.006928
2008-02-13,2.548,-0.012403
2008-02-14,2.573,0.009812
2008-02-15,2.563,-0.003887
2008-02-18,2.611,0.018728
2008-02-19,2.64,0.011107
2008-02-20,2.604,-0.013636
2008-02-21,2.601,-0.001152
2008-02-22,2.54,-0.023453
2008-02-25,2.492,-0.018898
2008-02-26,2.464,-0.011236
2008-02-27,2.505,0.01664
2008-02-28,2.505,0.0
2008-02-29,2.526,0.008383
2008-03-03,2.583,0.022565
2008-03-04,2.552,-0.012002
2008-03-05,2.531,-0.008229
2008-03-06,2.53,-0.000395
2008-03-07,2.51,-0.007905
2008-03-10,2.437,-0.029084
2008-03-11,2.445,0.003283
2008-03-12,2.4,-0.018405
2008-03-13,2.351,-0.020417
2008-03-14,2.334,-0.007231
2008-03-17,2.249,-0.036418
2008-03-18,2.176,-0.032459
2008-03-19,2.239,0.028952
2008-03-20,2.289,0.022331
2008-03-21,2.293,0.001747
2008-03-24,2.237,-0.024422
2008-03-25,2.268,0.013858
2008-03-26,2.275,0.003086
2008-03-27,2.224,-0.022418
2008-03-28,2.27,0.020683
2008-03-31,2.215,-0.024229
2008-04-01,2.126,-0.040181
2008-04-02,2.094,-0.015052
2008-04-03,2.134,0.019102
2008-04-07,2.217,0.038894
2008-04-08,2.241,0.010825
2008-04-09,2.165,-0.033913
2008-04-10,2.205,0.018476
2008-04-11,2.214,0.004082
2008-04-14,2.129,-0.038392
2008-04-15,2.149,0.009394
2008-04-16,2.126,-0.010703
2008-04-17,2.092,-0.015992
2008-04-18,2.054,-0.018164
2008-04-21,2.041,-0.006329
2008-04-22,2.04,-0.00049
2008-04-23,2.101,0.029902
2008-04-24,2.22,0.05664
2008-04-25,2.21,-0.004505
2008-04-28,2.187,-0.010407
2008-04-29,2.202,0.006859
2008-04-30,2.267,0.029519
2008-05-05,2.3,0.014557
2008-05-06,2.292,-0.003478
2008-05-07,2.234,-0.025305
2008-05-08,2.28,0.020591
2008-05-09,2.28,0.0
2008-05-12,2.295,0.006579
2008-05-13,2.309,0.0061
2008-05-14,2.333,0.010394
2008-05-15,2.313,-0.008573
2008-05-16,2.302,-0.004756
2008-05-19,2.303,0.000434
2008-05-20,2.232,-0.030829
2008-05-21,2.251,0.008513
2008-05-22,2.229,-0.009773
2008-05-23,2.219,-0.004486
2008-05-26,2.18,-0.017575
2008-05-27,2.182,0.000917
2008-05-28,2.215,0.015124
2008-05-29,2.185,-0.013544
2008-05-30,2.191,0.002746
2008-06-02,2.192,0.000456
2008-06-03,2.184,-0.00365
2008-06-04,2.154,-0.013736
2008-06-05,2.133,-0.009749
2008-06-06,2.121,-0.005626
2008-06-10,2.028,-0.043847
2008-06-11,2.022,-0.002959
2008-06-12,2.002,-0.009891
2008-06-13,1.968,-0.016983
2008-06-16,1.958,-0.005081
2008-06-17,1.927,-0.015832
2008-06-18,1.986,0.030618
2008-06-19,1.905,-0.040785
2008-06-20,1.931,0.013648
2008-06-23,1.906,-0.012947
2008-06-24,1.936,0.01574
2008-06-25,1.989,0.027376
2008-06-26,1.993,0.002011
2008-06-27,1.935,-0.029102
2008-06-30,1.933,-0.001034
2008-07-01,1.9,-0.017072
2008-07-02,1.905,0.002632
2008-07-03,1.936,0.016273
2008-07-04,1.928,-0.004132
2008-07-07,1.975,0.024378
2008-07-08,1.975,0.0
2008-07-09,2.012,0.018734
2008-07-10,1.998,-0.006958
2008-07-11,1.989,-0.004505
2008-07-14,2.0,0.00553
2008-07-15,1.958,-0.021
2008-07-16,1.926,-0.016343
2008-07-17,1.918,-0.004154
2008-07-18,1.95,0.016684
2008-07-21,1.988,0.019487
2008-07-22,1.986,-0.001006
2008-07-23,1.978,-0.004028
2008-07-24,2.006,0.014156
2008-07-25,1.992,-0.006979
2008-07-28,1.995,0.001506
2008-07-29,1.977,-0.009023
2008-07-30,1.972,-0.002529
2008-07-31,1.945,-0.013692
2008-08-01,1.956,0.005656
2008-08-04,1.939,-0.008691
2008-08-05,1.91,-0.014956
2008-08-06,1.908,-0.001047
2008-08-07,1.9,-0.004193
2008-08-08,1.861,-0.020526
2008-08-11,1.817,-0.023643
2008-08-12,1.819,0.001101
2008-08-13,1.827,0.004398
2008-08-14,1.831,0.002189
2008-08-15,1.826,-0.002731
2008-08-18,1.775,-0.02793
2008-08-19,1.79,0.008451
2008-08-20,1.866,0.042458
2008-08-21,1.813,-0.028403
2008-08-22,1.788,-0.013789
2008-08-25,1.785,-0.001678
2008-08-26,1.749,-0.020168
2008-08-27,1.73,-0.010863
2008-08-28,1.731,0.000578
2008-08-29,1.751,0.011554
2008-09-01,1.714,-0.021131
2008-09-02,1.695,-0.011085
2008-09-03,1.667,-0.016519
2008-09-04,1.671,0.0024
2008-09-05,1.646,-0.014961
2008-09-08,1.617,-0.017618
2008-09-09,1.618,0.000618
2008-09-10,1.614,-0.002472
2008-09-11,1.587,-0.016729
2008-09-12,1.588,0.00063
2008-09-16,1.56,-0.017632
2008-09-17,1.535,-0.016026
2008-09-18,1.516,-0.012378
2008-09-19,1.6,0.055409
2008-09-22,1.641,0.025625
2008-09-23,1.598,-0.026204
2008-09-24,1.605,0.00438
2008-09-25,1.637,0.019938
2008-09-26,1.642,0.003054
2008-09-30,1.641,-0.000609
2008-10-06,1.603,-0.023157
2008-10-07,1.598,-0.003119
2008-10-08,1.568,-0.018773
2008-10-09,1.553,-0.009566
2008-10-10,1.516,-0.023825
2008-10-13,1.539,0.015172
2008-10-14,1.525,-0.009097
2008-10-15,1.511,-0.00918
2008-10-16,1.475,-0.023825
2008-10-17,1.471,-0.002712
2008-10-20,1.495,0.016315
2008-10-21,1.497,0.001338
2008-10-22,1.479,-0.012024
2008-10-23,1.483,0.002705
2008-10-24,1.461,-0.014835
2008-10-27,1.409,-0.035592
2008-10-28,1.427,0.012775
2008-10-29,1.411,-0.011212
2008-10-30,1.428,0.012048
2008-10-31,1.415,-0.009104
2008-11-03,1.415,0.0
2008-11-04,1.402,-0.009187
2008-11-05,1.43,0.019971
2008-11-06,1.407,-0.016084
2008-11-07,1.412,0.003554
2008-11-10,1.467,0.038952
2008-11-11,1.456,-0.007498
2008-11-12,1.456,0.0
2008-11-13,1.491,0.024038
2008-11-14,1.527,0.024145
2008-11-17,1.554,0.017682
2008-11-18,1.495,-0.037967
2008-11-19,1.545,0.033445
2008-11-20,1.53,-0.009709
2008-11-21,1.521,-0.005882
2008-11-24,1.495,-0.017094
2008-11-25,1.492,-0.002007
2008-11-26,1.494,0.00134
2008-11-27,1.51,0.01071
2008-11-28,1.507,-0.001987
2008-12-01,1.528,0.013935
2008-12-02,1.533,0.003272
2008-12-03,1.575,0.027397
2008-12-04,1.589,0.008889
2008-12-05,1.602,0.008181
2008-12-08,1.642,0.024969
2008-12-09,1.624,-0.010962
2008-12-10,1.648,0.014778
2008-12-11,1.624,-0.014563
2008-12-12,1.586,-0.023399
2008-12-15,1.594,0.005044
2008-12-16,1.613,0.01192
2008-12-17,1.622,0.00558
2008-12-18,1.642,0.01233
2008-12-19,1.654,0.007308
2008-12-22,1.646,-0.004837
2008-12-23,1.595,-0.030984
2008-12-24,1.579,-0.010031
2008-12-25,1.578,-0.000633
2008-12-26,1.574,-0.002535
2008-12-29,1.577,0.001906
2008-12-30,1.575,-0.001268
2008-12-31,1.573,-0.00127
2009-01-05,1.605,0.020343
2009-01-06,1.628,0.01433
2009-01-07,1.62,-0.004914
2009-01-08,1.597,-0.014198
2009-01-09,1.617,0.012523
2009-01-12,1.615,-0.001237
2009-01-13,1.587,-0.017337
2009-01-14,1.629,0.026465
2009-01-15,1.622,-0.004297
2009-01-16,1.633,0.006782
2009-01-19,1.638,0.003062
2009-01-20,1.646,0.004884
2009-01-21,1.638,-0.00486
2009-01-22,1.657,0.0116
2009-01-23,1.647,-0.006035
2009-02-02,1.664,0.010322
2009-02-03,1.696,0.019231
2009-02-04,1.72,0.014151
2009-02-05,1.704,-0.009302
2009-02-06,1.748,0.025822
2009-02-09,1.789,0.023455
2009-02-10,1.804,0.008385
2009-02-11,1.807,0.001663
2009-02-12,1.811,0.002214
2009-02-13,1.853,0.023192
2009-02-16,1.871,0.009714
2009-02-17,1.828,-0.022982
2009-02-18,1.784,-0.02407
2009-02-19,1.808,0.013453
2009-02-20,1.839,0.017146
2009-02-23,1.876,0.02012
2009-02-24,1.814,-0.033049
2009-02-25,1.806,-0.00441
2009-02-26,1.727,-0.043743
2009-02-27,1.701,-0.015055
2009-03-02,1.733,0.018812
2009-03-03,1.731,-0.001154
2009-03-04,1.814,0.047949
2009-03-05,1.813,-0.000551
2009-03-06,1.794,-0.01048
2009-03-09,1.74,-0.0301
2009-03-10,1.763,0.013218
2009-03-11,1.747,-0.009075
2009-03-12,1.747,0.0
2009-03-13,1.749,0.001145
2009-03-16,1.765,0.009148
2009-03-17,1.811,0.026062
2009-03-18,1.819,0.004417
2009-03-19,1.843,0.013194
2009-03-20,1.825,-0.009767
2009-03-23,1.86,0.019178
2009-03-24,1.87,0.005376
2009-03-25,1.838,-0.017112
2009-03-26,1.866,0.015234
2009-03-27,1.877,0.005895
2009-03-30,1.865,-0.006393
2009-03-31,1.887,0.011796
2009-04-01,1.903,0.008479
2009-04-02,1.919,0.008408
2009-04-03,1.909,-0.005211
2009-04-07,1.912,0.001572
2009-04-08,1.866,-0.024059
2009-04-09,1.89,0.012862
2009-04-10,1.943,0.028042
2009-04-13,1.97,0.013896
2009-04-14,1.983,0.006599
2009-04-15,1.988,0.002521
2009-04-16,1.985,-0.001509
2009-04-17,1.964,-0.010579
2009-04-20,1.999,0.017821
2009-04-21,1.982,-0.008504
2009-04-22,1.914,-0.034309
2009-04-23,1.931,0.008882
2009-04-24,1.929,-0.001036
2009-04-27,1.884,-0.023328
2009-04-28,1.89,0.003185
2009-04-29,1.946,0.02963
2009-04-30,1.976,0.015416
2009-05-04,2.026,0.025304
2009-05-05,2.04,0.00691
2009-05-06,2.073,0.016176
2009-05-07,2.068,-0.002412
2009-05-08,2.063,-0.002418
2009-05-11,2.012,-0.024721
2009-05-12,2.05,0.018887
2009-05-13,2.059,0.00439
2009-05-14,2.049,-0.004857
2009-05-15,2.055,0.002928
2009-05-18,2.054,-0.000487
2009-05-19,2.078,0.011685
2009-05-20,2.066,-0.005775
2009-05-21,2.023,-0.020813
2009-05-22,2.015,-0.003955
2009-05-25,2.024,0.004467
2009-05-26,2.013,-0.005435
2009-05-27,2.032,0.009439
2009-06-01,2.086,0.026575
2009-06-02,2.094,0.003835
2009-06-03,2.132,0.018147
2009-06-04,2.132,0.0
2009-06-05,2.115,-0.007974
2009-06-08,2.114,-0.000473
2009-06-09,2.125,0.005203
2009-06-10,2.136,0.005176
2009-06-11,2.121,-0.007022
2009-06-12,2.091,-0.014144
2009-06-15,2.124,0.015782
2009-06-16,2.108,-0.007533
2009-06-17,2.14,0.01518
2009-06-18,2.17,0.014019
2009-06-19,2.179,0.004147
2009-06-22,2.174,-0.002295
2009-06-23,2.175,0.00046
2009-06-24,2.183,0.003678
2009-06-25,2.194,0.005039
2009-06-26,2.213,0.00866
2009-06-29,2.25,0.016719
2009-06-30,2.236,-0.006222
2009-07-01,2.294,0.025939
2009-07-02,2.322,0.012206
2009-07-03,2.355,0.014212
2009-07-06,2.367,0.005096
2009-07-07,2.333,-0.014364
2009-07-08,2.344,0.004715
2009-07-09,2.381,0.015785
2009-07-10,2.383,0.00084
2009-07-13,2.361,-0.009232
2009-07-14,2.431,0.029648
2009-07-15,2.44,0.003702
2009-07-16,2.445,0.002049
2009-07-17,2.453,0.003272
2009-07-20,2.478,0.010192
2009-07-21,2.454,-0.009685
2009-07-22,2.479,0.010187
2009-07-23,2.5,0.008471
2009-07-24,2.499,-0.0004
2009-07-27,2.529,0.012005
2009-07-28,2.527,-0.000791
2009-07-29,2.411,-0.045904
2009-07-30,2.448,0.015346
2009-07-31,2.502,0.022059
2009-08-03,2.525,0.009193
2009-08-04,2.531,0.002376
2009-08-05,2.485,-0.018175
2009-08-06,2.451,-0.013682
2009-08-07,2.387,-0.026112
2009-08-10,2.386,-0.000419
2009-08-11,2.39,0.001676
2009-08-12,2.306,-0.035146
2009-08-13,2.339,0.01431
2009-08-14,2.283,-0.023942
2009-08-17,2.165,-0.051686
2009-08-18,2.172,0.003233
2009-08-19,2.082,-0.041436
2009-08-20,2.158,0.036503
2009-08-21,2.196,0.017609
2009-08-24,2.213,0.007741
2009-08-25,2.138,-0.033891
2009-08-26,2.175,0.017306
2009-08-27,2.159,-0.007356
2009-08-28,2.085,-0.034275
2009-08-31,1.959,-0.060432
2009-09-01,1.966,0.003573
2009-09-02,1.995,0.014751
2009-09-03,2.089,0.047118
2009-09-04,2.104,0.00718
2009-09-07,2.12,0.007605
2009-09-08,2.161,0.01934
2009-09-09,2.176,0.006941
2009-09-10,2.161,-0.006893
2009-09-11,2.211,0.023137
2009-09-14,2.235,0.010855
2009-09-15,2.238,0.001342
2009-09-16,2.211,-0.012064
2009-09-17,2.246,0.01583
2009-09-18,2.176,-0.031167
2009-09-21,2.187,0.005055
2009-09-22,2.141,-0.021033
2009-09-23,2.101,-0.018683
2009-09-24,2.12,0.009043
2009-09-25,2.11,-0.004717
2009-09-28,2.06,-0.023697
2009-09-29,2.066,0.002913
2009-09-30,2.085,0.009197
2009-10-09,2.174,0.042686
2009-10-12,2.169,-0.0023
2009-10-13,2.196,0.012448
2009-10-14,2.217,0.009563
2009-10-15,2.226,0.00406
2009-10-16,2.228,0.000898
2009-10-19,2.286,0.026032
2009-10-20,2.307,0.009186
2009-10-21,2.303,-0.001734
2009-10-22,2.291,-0.005211
2009-10-23,2.327,0.015714
2009-10-26,2.332,0.002149
2009-10-27,2.279,-0.022727
2009-10-28,2.282,0.001316
2009-10-29,2.234,-0.021034
2009-10-30,2.257,0.010295
2009-11-02,2.33,0.032344
2009-11-03,2.357,0.011588
2009-11-04,2.364,0.00297
2009-11-05,2.369,0.002115
2009-11-06,2.383,0.00591
2009-11-09,2.383,0.0
2009-11-10,2.397,0.005875
2009-11-11,2.388,-0.003755
2009-11-12,2.388,0.0
2009-11-13,2.396,0.00335
2009-11-16,2.453,0.02379
2009-11-17,2.464,0.004484
2009-11-18,2.464,0.0
2009-11-19,2.466,0.000812
2009-11-20,2.46,-0.002433
2009-11-23,2.477,0.006911
2009-11-24,2.414,-0.025434
2009-11-25,2.465,0.021127
2009-11-26,2.39,-0.030426
2009-11-27,2.331,-0.024686
2009-11-30,2.408,0.033033
2009-12-01,2.434,0.010797
2009-12-02,2.461,0.011093
2009-12-03,2.451,-0.004063
2009-12-04,2.47,0.007752
2009-12-07,2.492,0.008907
2009-12-08,2.472,-0.008026
2009-12-09,2.431,-0.016586
2009-12-10,2.439,0.003291
2009-12-11,2.437,-0.00082
2009-12-14,2.452,0.006155
2009-12-15,2.433,-0.007749
2009-12-16,2.419,-0.005754
2009-12-17,2.371,-0.019843
2009-12-18,2.313,-0.024462
2009-12-21,2.305,-0.003459
2009-12-22,2.248,-0.024729
2009-12-23,2.27,0.009786
2009-12-24,2.329,0.025991
2009-12-25,2.329,0.0
2009-12-28,2.36,0.01331
2009-12-29,2.372,0.005085
2009-12-30,2.393,0.008853
2009-12-31,2.402,0.003761
2010-01-04,2.379,-0.009575
2010-01-05,2.385,0.002522
2010-01-06,2.379,-0.002516
2010-01-07,2.331,-0.020177
2010-01-08,2.336,0.002145
2010-01-11,2.328,-0.003425
2010-01-12,2.362,0.014605
2010-01-13,2.305,-0.024132
2010-01-14,2.336,0.013449
2010-01-15,2.352,0.006849
2010-01-18,2.376,0.010204
2010-01-19,2.372,-0.001684
2010-01-20,2.303,-0.029089
2010-01-21,2.307,0.001737
2010-01-22,2.265,-0.018205
2010-01-25,2.237,-0.012362
2010-01-26,2.18,-0.025481
2010-01-27,2.173,-0.003211
2010-01-28,2.197,0.011045
2010-01-29,2.209,0.005462
2010-02-01,2.19,-0.008601
2010-02-02,2.182,-0.003653
2010-02-03,2.206,0.010999
2010-02-04,2.209,0.00136
2010-02-05,2.161,-0.021729
2010-02-08,2.149,-0.005553
2010-02-09,2.144,-0.002327
2010-02-10,2.173,0.013526
2010-02-11,2.175,0.00092
2010-02-12,2.195,0.009195
2010-02-22,2.19,-0.002278
2010-02-23,2.197,0.003196
2010-02-24,2.243,0.020938
2010-02-25,2.272,0.012929
2010-02-26,2.274,0.00088
2010-03-01,2.287,0.005717
2010-03-02,2.287,0.0
2010-03-03,2.313,0.011369
2010-03-04,2.246,-0.028967
2010-03-05,2.248,0.00089
2010-03-08,2.272,0.010676
2010-03-09,2.271,-0.00044
2010-03-10,2.249,-0.009687
2010-03-11,2.232,-0.007559
2010-03-12,2.208,-0.010753
2010-03-15,2.18,-0.012681
2010-03-16,2.192,0.005505
2010-03-17,2.235,0.019617
2010-03-18,2.232,-0.001342
2010-03-19,2.243,0.004928
2010-03-22,2.251,0.003567
2010-03-23,2.246,-0.002221
2010-03-24,2.257,0.004898
2010-03-25,2.238,-0.008418
2010-03-26,2.261,0.010277
2010-03-29,2.281,0.008846
2010-03-30,2.288,0.003069
2010-03-31,2.295,0.003059
2010-04-01,2.318,0.010022
2010-04-02,2.317,-0.000431
2010-04-06,2.315,-0.000863
2010-04-07,2.318,0.001296
2010-04-08,2.316,-0.000863
2010-04-09,2.348,0.013817
2010-04-12,2.374,0.011073
2010-04-13,2.356,-0.007582
2010-04-14,2.369,0.005518
2010-04-15,2.341,-0.011819
2010-04-16,2.344,0.001282
2010-04-19,2.28,-0.027304
2010-04-20,2.311,0.013596
2010-04-21,2.374,0.027261
2010-04-22,2.394,0.008425
2010-04-23,2.369,-0.010443
2010-04-26,2.382,0.005488
2010-04-27,2.344,-0.015953
2010-04-28,2.345,0.000427
2010-04-29,2.269,-0.032409
2010-04-30,2.225,-0.019392
2010-05-04,2.246,0.009438
2010-05-05,2.305,0.026269
2010-05-06,2.262,-0.018655
2010-05-07,2.212,-0.022104
2010-05-10,2.143,-0.031193
2010-05-11,2.08,-0.029398
2010-05-12,2.031,-0.023558
2010-05-13,2.109,0.038405
2010-05-14,2.136,0.012802
2010-05-17,2.044,-0.043071
2010-05-18,2.087,0.021037
2010-05-19,2.098,0.005271
2010-05-20,2.08,-0.00858
2010-05-21,2.125,0.021635
2010-05-24,2.203,0.036706
2010-05-25,2.194,-0.004085
2010-05-26,2.177,-0.007748
2010-05-27,2.219,0.019293
2010-05-28,2.235,0.00721
2010-05-31,2.185,-0.022371
2010-06-01,2.15,-0.016018
2010-06-02,2.161,0.005116
2010-06-03,2.153,-0.003702
2010-06-04,2.165,0.005574
2010-06-07,2.173,0.003695
2010-06-08,2.186,0.005983
2010-06-09,2.235,0.022415
2010-06-10,2.242,0.003132
2010-06-11,2.229,-0.005798
2010-06-17,2.192,-0.016599
2010-06-18,2.112,-0.036496
2010-06-21,2.15,0.017992
2010-06-22,2.165,0.006977
2010-06-23,2.156,-0.004157
2010-06-24,2.155,-0.000464
2010-06-25,2.123,-0.014849
2010-06-28,2.091,-0.015073
2010-06-29,1.991,-0.047824
2010-06-30,1.975,-0.008036
2010-07-01,1.929,-0.023291
2010-07-02,1.904,-0.01296
2010-07-05,1.881,-0.01208
2010-07-06,1.942,0.03243
2010-07-07,1.979,0.019053
2010-07-08,1.97,-0.004548
2010-07-09,2.032,0.031472
2010-07-12,2.052,0.009843
2010-07-13,2.03,-0.010721
2010-07-14,2.043,0.006404
2010-07-15,2.002,-0.020069
2010-07-16,2.011,0.004496
2010-07-19,2.056,0.022377
2010-07-20,2.109,0.025778
2010-07-21,2.108,-0.000474
2010-07-22,2.14,0.01518
2010-07-23,2.145,0.002336
2010-07-26,2.17,0.011655
2010-07-27,2.171,0.000461
2010-07-28,2.221,0.023031
2010-07-29,2.225,0.001801
2010-07-30,2.227,0.000899
2010-08-02,2.259,0.014369
2010-08-03,2.23,-0.012838
2010-08-04,2.258,0.012556
2010-08-05,2.26,0.000886
2010-08-06,2.291,0.013717
2010-08-09,2.301,0.004365
2010-08-10,2.252,-0.021295
2010-08-11,2.269,0.007549
2010-08-12,2.255,-0.00617
2010-08-13,2.276,0.009313
2010-08-16,2.32,0.019332
2010-08-17,2.336,0.006897
2010-08-18,2.343,0.002997
2010-08-19,2.343,0.0
2010-08-20,2.319,-0.010243
2010-08-23,2.341,0.009487
2010-08-24,2.361,0.008543
2010-08-25,2.336,-0.010589
2010-08-26,2.35,0.005993
2010-08-27,2.354,0.001702
2010-08-30,2.425,0.030161
2010-08-31,2.456,0.012784
2010-09-01,2.43,-0.010586
2010-09-02,2.469,0.016049
2010-09-03,2.51,0.016606
2010-09-06,2.486,-0.009562
2010-09-07,2.502,0.006436
2010-09-08,2.535,0.013189
2010-09-09,2.53,-0.001972
2010-09-10,2.542,0.004743
2010-09-13,2.581,0.015342
2010-09-14,2.595,0.005424
2010-09-15,2.557,-0.014644
2010-09-16,2.532,-0.009777
2010-09-17,2.527,-0.001975
2010-09-20,2.508,-0.007519
2010-09-21,2.504,-0.001595
2010-09-27,2.565,0.024361
2010-09-28,2.557,-0.003119
2010-09-29,2.543,-0.005475
2010-09-30,2.566,0.009044
2010-10-08,2.612,0.017927
2010-10-11,2.59,-0.008423
2010-10-12,2.599,0.003475
2010-10-13,2.616,0.006541
2010-10-14,2.566,-0.019113
2010-10-15,2.581,0.005846
2010-10-18,2.544,-0.014336
2010-10-19,2.604,0.023585
2010-10-20,2.625,0.008065
2010-10-21,2.65,0.009524
2010-10-22,2.678,0.010566
2010-10-25,2.721,0.016057
2010-10-26,2.744,0.008453
2010-10-27,2.719,-0.009111
2010-10-28,2.726,0.002574
2010-10-29,2.761,0.012839
2010-11-01,2.825,0.02318
2010-11-02,2.808,-0.006018
2010-11-03,2.765,-0.015313
2010-11-04,2.824,0.021338
2010-11-05,2.853,0.010269
2010-11-08,2.869,0.005608
2010-11-09,2.876,0.00244
2010-11-10,2.887,0.003825
2010-11-11,2.876,-0.00381
2010-11-12,2.776,-0.034771
2010-11-15,2.832,0.020173
2010-11-16,2.803,-0.01024
2010-11-17,2.741,-0.022119
2010-11-18,2.771,0.010945
2010-11-19,2.839,0.02454
2010-11-22,2.868,0.010215
2010-11-23,2.845,-0.00802
2010-11-24,2.89,0.015817
2010-11-25,2.889,-0.000346
2010-11-26,2.872,-0.005884
2010-11-29,2.882,0.003482
2010-11-30,2.841,-0.014226
2010-12-01,2.834,-0.002464
2010-12-02,2.836,0.000706
2010-12-03,2.819,-0.005994
2010-12-06,2.792,-0.009578
2010-12-07,2.827,0.012536
2010-12-08,2.836,0.003184
2010-12-09,2.825,-0.003879
2010-12-10,2.855,0.010619
2010-12-13,2.914,0.020665
2010-12-14,2.923,0.003089
2010-12-15,2.911,-0.004105
2010-12-16,2.909,-0.000687
2010-12-17,2.911,0.000688
2010-12-20,2.901,-0.003435
2010-12-21,2.922,0.007239
2010-12-22,2.905,-0.005818
2010-12-23,2.859,-0.015835
2010-12-24,2.82,-0.013641
2010-12-27,2.768,-0.01844
2010-12-28,2.729,-0.01409
2010-12-29,2.78,0.018688
2010-12-30,2.804,0.008633
2010-12-31,2.844,0.014265
2011-01-04,2.874,0.010549
2011-01-05,2.873,-0.000348
2011-01-06,2.856,-0.005917
2011-01-07,2.838,-0.006303
2011-01-10,2.783,-0.01938
2011-01-11,2.764,-0.006827
2011-01-12,2.758,-0.002171
2011-01-13,2.761,0.001088
2011-01-14,2.723,-0.013763
2011-01-17,2.65,-0.026809
2011-01-18,2.654,0.001509
2011-01-19,2.721,0.025245
2011-01-20,2.668,-0.019478
2011-01-21,2.681,0.004873
2011-01-24,2.64,-0.015293
2011-01-25,2.598,-0.015909
2011-01-26,2.645,0.018091
2011-01-27,2.7,0.020794
2011-01-28,2.727,0.01
2011-01-31,2.765,0.013935
2011-02-01,2.762,-0.001085
2011-02-09,2.755,-0.002534
2011-02-10,2.784,0.010526
2011-02-11,2.803,0.006825
2011-02-14,2.832,0.010346
2011-02-15,2.843,0.003884
2011-02-16,2.866,0.00809
2011-02-17,2.897,0.010816
2011-02-18,2.861,-0.012427
2011-02-21,2.905,0.015379
2011-02-22,2.846,-0.02031
2011-02-23,2.857,0.003865
2011-02-24,2.868,0.00385
2011-02-25,2.874,0.002092
2011-02-28,2.896,0.007655
2011-03-01,2.9,0.001381
2011-03-02,2.889,-0.003793
2011-03-03,2.857,-0.011076
2011-03-04,2.864,0.00245
2011-03-07,2.888,0.00838
2011-03-08,2.885,-0.001039
2011-03-09,2.89,0.001733
2011-03-10,2.875,-0.00519
2011-03-11,2.873,-0.000696
2011-03-14,2.888,0.005221
2011-03-15,2.861,-0.009349
2011-03-16,2.876,0.005243
2011-03-17,2.832,-0.015299
2011-03-18,2.837,0.001766
2011-03-21,2.818,-0.006697
2011-03-22,2.826,0.002839
2011-03-23,2.851,0.008846
2011-03-24,2.855,0.001403
2011-03-25,2.865,0.003503
2011-03-28,2.839,-0.009075
2011-03-29,2.801,-0.013385
2011-03-30,2.791,-0.00357
2011-03-31,2.778,-0.004658
2011-04-01,2.785,0.00252
2011-04-06,2.772,-0.004668
2011-04-07,2.795,0.008297
2011-04-08,2.821,0.009302
2011-04-11,2.803,-0.006381
2011-04-12,2.796,-0.002497
2011-04-13,2.812,0.005722
2011-04-14,2.807,-0.001778
2011-04-15,2.797,-0.003563
2011-04-18,2.78,-0.006078
2011-04-19,2.768,-0.004317
2011-04-20,2.788,0.007225
2011-04-21,2.794,0.002152
2011-04-22,2.787,-0.002505
2011-04-25,2.756,-0.011123
2011-04-26,2.747,-0.003266
2011-04-27,2.731,-0.005825
2011-04-28,2.677,-0.019773
2011-04-29,2.7,0.008592
2011-05-03,2.729,0.010741
2011-05-04,2.694,-0.012825
2011-05-05,2.698,0.001485
2011-05-06,2.718,0.007413
2011-05-09,2.724,0.002208
2011-05-10,2.724,0.0
2011-05-11,2.727,0.001101
2011-05-12,2.703,-0.008801
2011-05-13,2.698,-0.00185
2011-05-16,2.684,-0.005189
2011-05-17,2.68,-0.00149
2011-05-18,2.692,0.004478
2011-05-19,2.686,-0.002229
2011-05-20,2.675,-0.004095
2011-05-23,2.637,-0.014206
2011-05-24,2.639,0.000758
2011-05-25,2.618,-0.007958
2011-05-26,2.596,-0.008403
2011-05-27,2.576,-0.007704
2011-05-30,2.557,-0.007376
2011-05-31,2.585,0.01095
2011-06-01,2.606,0.008124
2011-06-02,2.596,-0.003837
2011-06-03,2.622,0.010015
2011-06-07,2.621,-0.000381
2011-06-08,2.621,0.0
2011-06-09,2.588,-0.012591
2011-06-10,2.59,0.000773
2011-06-13,2.59,0.0
2011-06-14,2.635,0.017375
2011-06-15,2.612,-0.008729
2011-06-16,2.588,-0.009188
2011-06-17,2.564,-0.009274
2011-06-20,2.545,-0.00741
2011-06-21,2.569,0.00943
2011-06-22,2.563,-0.002336
2011-06-23,2.61,0.018338
2011-06-24,2.647,0.014176
2011-06-27,2.67,0.008689
2011-06-28,2.678,0.002996
2011-06-29,2.662,-0.005975
2011-06-30,2.681,0.007137
2011-07-01,2.695,0.005222
2011-07-04,2.743,0.017811
2011-07-05,2.751,0.002917
2011-07-06,2.766,0.005453
2011-07-07,2.764,-0.000723
2011-07-08,2.768,0.001447
2011-07-11,2.779,0.003974
2011-07-12,2.757,-0.007917
2011-07-13,2.794,0.01342
2011-07-14,2.81,0.005727
2011-07-15,2.823,0.004626
2011-07-18,2.805,-0.006376
2011-07-19,2.783,-0.007843
2011-07-20,2.781,-0.000719
2011-07-21,2.76,-0.007551
2011-07-22,2.774,0.005072
2011-07-25,2.709,-0.023432
2011-07-26,2.716,0.002584
2011-07-27,2.748,0.011782
2011-07-28,2.744,-0.001456
2011-07-29,2.717,-0.00984
2011-08-01,2.726,0.003312
2011-08-02,2.714,-0.004402
2011-08-03,2.719,0.001842
2011-08-04,2.726,0.002574
2011-08-05,2.706,-0.007337
2011-08-08,2.638,-0.025129
2011-08-09,2.647,0.003412
2011-08-10,2.675,0.010578
2011-08-11,2.703,0.010467
2011-08-12,2.71,0.00259
2011-08-15,2.729,0.007011
2011-08-16,2.717,-0.004397
2011-08-17,2.706,-0.004049
2011-08-18,2.665,-0.015152
2011-08-19,2.642,-0.00863
2011-08-22,2.606,-0.013626
2011-08-23,2.638,0.012279
2011-08-24,2.643,0.001895
2011-08-25,2.68,0.013999
2011-08-26,2.682,0.000746
2011-08-29,2.668,-0.00522
2011-08-30,2.655,-0.004873
2011-08-31,2.645,-0.003766
2011-09-01,2.627,-0.006805
2011-09-02,2.606,-0.007994
2011-09-05,2.557,-0.018803
2011-09-06,2.533,-0.009386
2011-09-07,2.57,0.014607
2011-09-08,2.559,-0.00428
2011-09-09,2.536,-0.008988
2011-09-13,2.507,-0.011435
2011-09-14,2.52,0.005185
2011-09-15,2.527,0.002778
2011-09-16,2.529,0.000791
2011-09-19,2.49,-0.015421
2011-09-20,2.505,0.006024
2011-09-21,2.558,0.021158
2011-09-22,2.505,-0.020719
2011-09-23,2.498,-0.002794
2011-09-26,2.475,-0.009207
2011-09-27,2.484,0.003636
2011-09-28,2.467,-0.006844
2011-09-29,2.43,-0.014998
2011-09-30,2.419,-0.004527
2011-10-10,2.405,-0.005788
2011-10-11,2.39,-0.006237
2011-10-12,2.441,0.021339
2011-10-13,2.467,0.010651
2011-10-14,2.463,-0.001621
2011-10-17,2.472,0.003654
2011-10-18,2.425,-0.019013
2011-10-19,2.41,-0.006186
2011-10-20,2.361,-0.020332
2011-10-21,2.335,-0.011012
2011-10-24,2.37,0.014989
2011-10-25,2.416,0.019409
2011-10-26,2.438,0.009106
2011-10-27,2.439,0.00041
2011-10-28,2.473,0.01394
2011-10-31,2.481,0.003235
2011-11-01,2.491,0.004031
2011-11-02,2.518,0.010839
2011-11-03,2.516,-0.000794
2011-11-04,2.521,0.001987
2011-11-07,2.509,-0.00476
2011-11-08,2.499,-0.003986
2011-11-09,2.521,0.008804
2011-11-10,2.5,-0.00833
2011-11-11,2.502,0.0008
2011-11-14,2.534,0.01279
2011-11-15,2.539,0.001973
2011-11-16,2.506,-0.012997
2011-11-17,2.501,-0.001995
2011-11-18,2.458,-0.017193
2011-11-21,2.462,0.001627
2011-11-22,2.472,0.004062
2011-11-23,2.465,-0.002832
2011-11-24,2.47,0.002028
2011-11-25,2.465,-0.002024
2011-11-28,2.465,0.0
2011-11-29,2.486,0.008519
2011-11-30,2.441,-0.018101
2011-12-01,2.465,0.009832
2011-12-02,2.436,-0.011765
2011-12-05,2.389,-0.019294
2011-12-06,2.391,0.000837
2011-12-07,2.393,0.000836
2011-12-08,2.4,0.002925
2011-12-09,2.388,-0.005
2011-12-12,2.369,-0.007956
2011-12-13,2.334,-0.014774
2011-12-14,2.31,-0.010283
2011-12-15,2.291,-0.008225
2011-12-16,2.326,0.015277
2011-12-19,2.33,0.00172
2011-12-20,2.319,-0.004721
2011-12-21,2.283,-0.015524
2011-12-22,2.277,-0.002628
2011-12-23,2.285,0.003513
2011-12-26,2.267,-0.007877
2011-12-27,2.243,-0.010587
2011-12-28,2.236,-0.003121
2011-12-29,2.239,0.001342
2011-12-30,2.259,0.008933
2011-12-31,2.259,0.0
2012-01-04,2.224,-0.015494
2012-01-05,2.186,-0.017086
2012-01-06,2.19,0.00183
2012-01-09,2.219,0.013242
2012-01-10,2.254,0.015773
2012-01-11,2.254,0.0
2012-01-12,2.248,-0.002662
2012-01-13,2.218,-0.013345
2012-01-16,2.184,-0.015329
2012-01-17,2.224,0.018315
2012-01-18,2.194,-0.013489
2012-01-19,2.204,0.004558
2012-01-20,2.222,0.008167
2012-01-30,2.211,-0.00495
2012-01-31,2.22,0.004071
2012-02-01,2.212,-0.003604
2012-02-02,2.23,0.008137
2012-02-03,2.24,0.004484
2012-02-06,2.244,0.001786
2012-02-07,2.228,-0.00713
2012-02-08,2.251,0.010323
2012-02-09,2.255,0.001777
2012-02-10,2.257,0.000887
2012-02-13,2.264,0.003101
2012-02-14,2.265,0.000442
2012-02-15,2.275,0.004415
2012-02-16,2.273,-0.000879
2012-02-17,2.272,-0.00044
2012-02-20,2.274,0.00088
2012-02-21,2.284,0.004398
2012-02-22,2.301,0.007443
2012-02-23,2.305,0.001738
2012-02-24,2.318,0.00564
2012-02-27,2.318,0.0
2012-02-28,2.315,-0.001294
2012-02-29,2.309,-0.002592
2012-03-01,2.311,0.000866
2012-03-02,2.325,0.006058
2012-03-05,2.32,-0.002151
2012-03-06,2.31,-0.00431
2012-03-07,2.307,-0.001299
2012-03-08,2.316,0.003901
2012-03-09,2.328,0.005181
2012-03-12,2.325,-0.001289
2012-03-13,2.334,0.003871
2012-03-14,2.312,-0.009426
2012-03-15,2.311,-0.000433
2012-03-16,2.326,0.006491
2012-03-19,2.328,0.00086
2012-03-20,2.312,-0.006873
2012-03-21,2.306,-0.002595
2012-03-22,2.308,0.000867
2012-03-23,2.305,-0.0013
2012-03-26,2.31,0.002169
2012-03-27,2.297,-0.005628
2012-03-28,2.278,-0.008272
2012-03-29,2.274,-0.001756
2012-03-30,2.272,-0.00088
2012-03-31,2.272,0.0
2012-04-05,2.294,0.009683
2012-04-06,2.301,0.003051
2012-04-09,2.295,-0.002608
2012-04-10,2.299,0.001743
2012-04-11,2.298,-0.000435
2012-04-12,2.314,0.006963
2012-04-13,2.315,0.000432
2012-04-16,2.312,-0.001296
2012-04-17,2.299,-0.005623
2012-04-18,2.319,0.008699
2012-04-19,2.315,-0.001725
2012-04-20,2.329,0.006048
2012-04-23,2.318,-0.004723
2012-04-24,2.319,0.000431
2012-04-25,2.323,0.001725
2012-04-26,2.328,0.002152
2012-04-27,2.331,0.001289
2012-05-02,2.346,0.006435
2012-05-03,2.348,0.000853
2012-05-04,2.361,0.005537
2012-05-07,2.365,0.001694
2012-05-08,2.358,-0.00296
2012-05-09,2.342,-0.006785
2012-05-10,2.341,-0.000427
2012-05-11,2.333,-0.003417
2012-05-14,2.328,-0.002143
2012-05-15,2.33,0.000859
2012-05-16,2.312,-0.007725
2012-05-17,2.327,0.006488
2012-05-18,2.313,-0.006016
2012-05-21,2.314,0.000432
2012-05-22,2.33,0.006914
2012-05-23,2.33,0.0
2012-05-24,2.321,-0.003863
2012-05-25,2.31,-0.004739
2012-05-28,2.329,0.008225
2012-05-29,2.344,0.006441
2012-05-30,2.346,0.000853
2012-05-31,2.347,0.000426
2012-06-01,2.344,-0.001278
2012-06-04,2.317,-0.011519
2012-06-05,2.312,-0.002158
2012-06-06,2.311,-0.000433
2012-06-07,2.306,-0.002164
2012-06-08,2.301,-0.002168
2012-06-11,2.322,0.009126
2012-06-12,2.318,-0.001723
2012-06-13,2.333,0.006471
2012-06-14,2.325,-0.003429
2012-06-15,2.325,0.0
2012-06-18,2.332,0.003011
2012-06-19,2.323,-0.003859
2012-06-20,2.318,-0.002152
2012-06-21,2.304,-0.00604
2012-06-25,2.276,-0.012153
2012-06-26,2.277,0.000439
2012-06-27,2.277,0.0
2012-06-28,2.267,-0.004392
2012-06-29,2.283,0.007058
2012-06-30,2.283,0.0
2012-07-02,2.29,0.003066
2012-07-03,2.293,0.00131
2012-07-04,2.286,-0.003053
2012-07-05,2.269,-0.007437
2012-07-06,2.286,0.007492
2012-07-09,2.265,-0.009186
2012-07-10,2.256,-0.003974
2012-07-11,2.261,0.002216
2012-07-12,2.275,0.006192
2012-07-13,2.274,-0.00044
2012-07-16,2.245,-0.012753
2012-07-17,2.255,0.004454
2012-07-18,2.252,-0.00133
2012-07-19,2.259,0.003108
2012-07-20,2.248,-0.004869
2012-07-23,2.237,-0.004893
2012-07-24,2.243,0.002682
2012-07-25,2.236,-0.003121
2012-07-26,2.228,-0.003578
2012-07-27,2.224,-0.001795
2012-07-30,2.213,-0.004946
2012-07-31,2.21,-0.001356
2012-08-01,2.224,0.006335
2012-08-02,2.209,-0.006745
2012-08-03,2.22,0.00498
2012-08-06,2.241,0.009459
2012-08-07,2.245,0.001785
2012-08-08,2.243,-0.000891
2012-08-09,2.253,0.004458
2012-08-10,2.247,-0.002663
2012-08-13,2.223,-0.010681
2012-08-14,2.223,0.0
2012-08-15,2.214,-0.004049
2012-08-16,2.208,-0.00271
2012-08-17,2.208,0.0
2012-08-20,2.206,-0.000906
2012-08-21,2.215,0.00408
2012-08-22,2.208,-0.00316
2012-08-23,2.213,0.002264
2012-08-24,2.2,-0.005874
2012-08-27,2.181,-0.008636
2012-08-28,2.182,0.000459
2012-08-29,2.176,-0.00275
2012-08-30,2.168,-0.003676
2012-08-31,2.17,0.000923
2012-09-03,2.188,0.008295
2012-09-04,2.179,-0.004113
2012-09-05,2.183,0.001836
2012-09-06,2.193,0.004581
2012-09-07,2.226,0.015048
2012-09-10,2.232,0.002695
2012-09-11,2.226,-0.002688
2012-09-12,2.229,0.001348
2012-09-13,2.217,-0.005384
2012-09-14,2.217,0.0
2012-09-17,2.193,-0.010825
2012-09-18,2.19,-0.001368
2012-09-19,2.198,0.003653
2012-09-20,2.177,-0.009554
2012-09-21,2.174,-0.001378
2012-09-24,2.182,0.00368
2012-09-25,2.178,-0.001833
2012-09-26,2.163,-0.006887
2012-09-27,2.187,0.011096
2012-09-28,2.203,0.007316
2012-09-30,2.203,0.0
2012-10-08,2.196,-0.003177
2012-10-09,2.218,0.010018
2012-10-10,2.222,0.001803
2012-10-11,2.21,-0.005401
2012-10-12,2.208,-0.000905
2012-10-15,2.204,-0.001812
2012-10-16,2.204,0.0
2012-10-17,2.204,0.0
2012-10-18,2.22,0.00726
2012-10-19,2.22,0.0
2012-10-22,2.227,0.003153
2012-10-23,2.216,-0.004939
2012-10-24,2.211,-0.002256
2012-10-25,2.2,-0.004975
2012-10-26,2.186,-0.006364
2012-10-29,2.184,-0.000915
2012-10-30,2.187,0.001374
2012-10-31,2.192,0.002286
2012-11-01,2.21,0.008212
2012-11-02,2.214,0.00181
2012-11-05,2.21,-0.001807
2012-11-06,2.207,-0.001357
2012-11-07,2.204,-0.001359
2012-11-08,2.184,-0.009074
2012-11-09,2.181,-0.001374
2012-11-12,2.184,0.001376
2012-11-13,2.168,-0.007326
2012-11-14,2.169,0.000461
2012-11-15,2.16,-0.004149
2012-11-16,2.157,-0.001389
2012-11-19,2.16,0.001391
2012-11-20,2.16,0.0
2012-11-21,2.166,0.002778
2012-11-22,2.158,-0.003693
2012-11-23,2.16,0.000927
2012-11-26,2.15,-0.00463
2012-11-27,2.134,-0.007442
2012-11-28,2.124,-0.004686
2012-11-29,2.116,-0.003766
2012-11-30,2.127,0.005198
2012-12-03,2.118,-0.004231
2012-12-04,2.127,0.004249
2012-12-05,2.155,0.013164
2012-12-06,2.154,-0.000464
2012-12-07,2.169,0.006964
2012-12-10,2.178,0.004149
2012-12-11,2.174,-0.001837
2012-12-12,2.173,-0.00046
2012-12-13,2.166,-0.003221
2012-12-14,2.201,0.016159
2012-12-17,2.201,0.0
2012-12-18,2.197,-0.001817
2012-12-19,2.199,0.00091
2012-12-20,2.206,0.003183
2012-12-21,2.207,0.000453
2012-12-24,2.216,0.004078
2012-12-25,2.239,0.010379
2012-12-26,2.249,0.004466
2012-12-27,2.242,-0.003112
2012-12-28,2.255,0.005798
2012-12-31,2.268,0.005765
2013-01-04,2.259,-0.003968
2013-01-07,2.264,0.002213
2013-01-08,2.27,0.00265
2013-01-09,2.271,0.000441
2013-01-10,2.276,0.002202
2013-01-11,2.256,-0.008787
2013-01-14,2.293,0.016401
2013-01-15,2.307,0.006106
2013-01-16,2.303,-0.001734
2013-01-17,2.298,-0.002171
2013-01-18,2.314,0.006963
2013-01-21,2.316,0.000864
2013-01-22,2.3,-0.006908
2013-01-23,2.301,0.000435
2013-01-24,2.285,-0.006953
2013-01-25,2.289,0.001751
2013-01-28,2.32,0.013543
2013-01-29,2.327,0.003017
2013-01-30,2.331,0.001719
2013-01-31,2.323,-0.003432
2013-02-01,2.339,0.006888
2013-02-04,2.327,-0.00513
2013-02-05,2.337,0.004297
2013-02-06,2.342,0.002139
2013-02-07,2.343,0.000427
2013-02-08,2.358,0.006402
2013-02-18,2.361,0.001272
2013-02-19,2.341,-0.008471
2013-02-20,2.365,0.010252
2013-02-21,2.35,-0.006342
2013-02-22,2.346,-0.001702
2013-02-25,2.357,0.004689
2013-02-26,2.348,-0.003818
2013-02-27,2.347,-0.000426
2013-02-28,2.361,0.005965
2013-03-01,2.374,0.005506
2013-03-04,2.351,-0.009688
2013-03-05,2.366,0.00638
2013-03-06,2.377,0.004649
2013-03-07,2.362,-0.00631
2013-03-08,2.352,-0.004234
2013-03-11,2.353,0.000425
2013-03-12,2.338,-0.006375
2013-03-13,2.333,-0.002139
2013-03-14,2.339,0.002572
2013-03-15,2.345,0.002565
2013-03-18,2.34,-0.002132
2013-03-19,2.337,-0.001282
2013-03-20,2.356,0.00813
2013-03-21,2.365,0.00382
2013-03-22,2.366,0.000423
2013-03-25,2.362,-0.001691
2013-03-26,2.359,-0.00127
2013-03-27,2.364,0.00212
2013-03-28,2.352,-0.005076
2013-03-29,2.348,-0.001701
2013-04-01,2.355,0.002981
2013-04-02,2.338,-0.007219
2013-04-03,2.329,-0.003849
2013-04-08,2.337,0.003435
2013-04-09,2.338,0.000428
2013-04-10,2.33,-0.003422
2013-04-11,2.329,-0.000429
2013-04-12,2.329,0.0
2013-04-15,2.321,-0.003435
2013-04-16,2.326,0.002154
2013-04-17,2.333,0.003009
2013-04-18,2.336,0.001286
2013-04-19,2.351,0.006421
2013-04-22,2.355,0.001701
2013-04-23,2.335,-0.008493
2013-04-24,2.347,0.005139
2013-04-25,2.34,-0.002983
2013-04-26,2.327,-0.005556
2013-05-02,2.331,0.001719
2013-05-03,2.347,0.006864
2013-05-06,2.361,0.005965
2013-05-07,2.36,-0.000424
2013-05-08,2.366,0.002542
2013-05-09,2.364,-0.000845
2013-05-10,2.367,0.001269
2013-05-13,2.368,0.000422
2013-05-14,2.355,-0.00549
2013-05-15,2.364,0.003822
2013-05-16,2.373,0.003807
2013-05-17,2.385,0.005057
2013-05-20,2.393,0.003354
2013-05-21,2.399,0.002507
2013-05-22,2.387,-0.005002
2013-05-23,2.381,-0.002514
2013-05-24,2.391,0.0042
2013-05-27,2.402,0.004601
2013-05-28,2.404,0.000833
2013-05-29,2.41,0.002496
2013-05-30,2.416,0.00249
2013-05-31,2.407,-0.003725
2013-06-03,2.401,-0.002493
2013-06-04,2.384,-0.00708
2013-06-05,2.384,0.0
2013-06-06,2.372,-0.005034
2013-06-07,2.356,-0.006745
2013-06-13,2.339,-0.007216
2013-06-14,2.356,0.007268
2013-06-17,2.359,0.001273
2013-06-18,2.363,0.001696
2013-06-19,2.358,-0.002116
2013-06-20,2.332,-0.011026
2013-06-21,2.33,-0.000858
2013-06-24,2.287,-0.018455
2013-06-25,2.292,0.002186
2013-06-26,2.313,0.009162
2013-06-27,2.305,-0.003459
2013-06-28,2.308,0.001302
2013-06-30,2.308,0.0
2013-07-01,2.333,0.010832
2013-07-02,2.349,0.006858
2013-07-03,2.358,0.003831
2013-07-04,2.354,-0.001696
2013-07-05,2.345,-0.003823
2013-07-08,2.32,-0.010661
2013-07-09,2.322,0.000862
2013-07-10,2.339,0.007321
2013-07-11,2.36,0.008978
2013-07-12,2.361,0.000424
2013-07-15,2.379,0.007624
2013-07-16,2.382,0.001261
2013-07-17,2.364,-0.007557
2013-07-18,2.358,-0.002538
2013-07-19,2.341,-0.007209
2013-07-22,2.358,0.007262
2013-07-23,2.384,0.011026
2013-07-24,2.387,0.001258
2013-07-25,2.364,-0.009636
2013-07-26,2.364,0.0
2013-07-29,2.349,-0.006345
2013-07-30,2.345,-0.001703
2013-07-31,2.348,0.001279
2013-08-01,2.376,0.011925
2013-08-02,2.382,0.002525
2013-08-05,2.399,0.007137
2013-08-06,2.409,0.004168
2013-08-07,2.396,-0.005396
2013-08-08,2.4,0.001669
2013-08-09,2.398,-0.000833
2013-08-12,2.404,0.002502
2013-08-13,2.408,0.001664
2013-08-14,2.406,-0.000831
2013-08-15,2.39,-0.00665
2013-08-16,2.37,-0.008368
2013-08-19,2.394,0.010127
2013-08-20,2.394,0.0
2013-08-21,2.392,-0.000835
2013-08-22,2.4,0.003344
2013-08-23,2.403,0.00125
2013-08-26,2.422,0.007907
2013-08-27,2.423,0.000413
2013-08-28,2.402,-0.008667
2013-08-29,2.399,-0.001249
2013-08-30,2.375,-0.010004
2013-09-02,2.392,0.007158
2013-09-03,2.416,0.010033
2013-09-04,2.415,-0.000414
2013-09-05,2.43,0.006211
2013-09-06,2.43,0.0
2013-09-09,2.43,0.0
2013-09-10,2.427,-0.001235
2013-09-11,2.408,-0.007829
2013-09-12,2.406,-0.000831
2013-09-13,2.421,0.006234
2013-09-16,2.431,0.004131
2013-09-17,2.42,-0.004525
2013-09-18,2.428,0.003306
2013-09-23,2.454,0.010708
2013-09-24,2.459,0.002037
2013-09-25,2.45,-0.00366
2013-09-26,2.444,-0.002449
2013-09-27,2.456,0.00491
2013-09-30,2.476,0.008143
2013-10-08,2.494,0.00727
2013-10-09,2.504,0.00401
2013-10-10,2.492,-0.004792
2013-10-11,2.499,0.002809
2013-10-14,2.5,0.0004
2013-10-15,2.499,-0.0004
2013-10-16,2.468,-0.012405
2013-10-17,2.465,-0.001216
2013-10-18,2.476,0.004462
2013-10-21,2.514,0.015347
2013-10-22,2.492,-0.008751
2013-10-23,2.458,-0.013644
2013-10-24,2.451,-0.002848
2013-10-25,2.42,-0.012648
2013-10-28,2.415,-0.002066
2013-10-29,2.402,-0.005383
2013-10-30,2.421,0.00791
2013-10-31,2.395,-0.010739
2013-11-01,2.389,-0.002505
2013-11-04,2.393,0.001674
2013-11-05,2.402,0.003761
2013-11-06,2.387,-0.006245
2013-11-07,2.365,-0.009217
2013-11-08,2.349,-0.006765
2013-11-11,2.364,0.006386
2013-11-12,2.375,0.004653
2013-11-13,2.357,-0.007579
2013-11-14,2.375,0.007637
2013-11-15,2.396,0.008842
2013-11-18,2.419,0.009599
2013-11-19,2.411,-0.003307
2013-11-20,2.416,0.002074
2013-11-21,2.408,-0.003311
2013-11-22,2.4,-0.003322
2013-11-25,2.398,-0.000833
2013-11-26,2.4,0.000834
2013-11-27,2.416,0.006667
2013-11-28,2.429,0.005381
2013-11-29,2.439,0.004117
2013-12-02,2.39,-0.02009
2013-12-03,2.407,0.007113
2013-12-04,2.418,0.00457
2013-12-05,2.404,-0.00579
2013-12-06,2.396,-0.003328
2013-12-09,2.403,0.002922
2013-12-10,2.402,-0.000416
2013-12-11,2.395,-0.002914
2013-12-12,2.403,0.00334
2013-12-13,2.406,0.001248
2013-12-16,2.395,-0.004572
2013-12-17,2.389,-0.002505
2013-12-18,2.391,0.000837
2013-12-19,2.383,-0.003346
2013-12-20,2.376,-0.002937
2013-12-23,2.379,0.001263
2013-12-24,2.39,0.004624
2013-12-25,2.404,0.005858
2013-12-26,2.392,-0.004992
2013-12-27,2.41,0.007525
2013-12-30,2.41,0.0
2013-12-31,2.414,0.00166
2014-01-02,2.417,0.001243
2014-01-03,2.416,-0.000414
2014-01-06,2.396,-0.008278
2014-01-07,2.411,0.00626
2014-01-08,2.421,0.004148
2014-01-09,2.407,-0.005783
2014-01-10,2.393,-0.005816
2014-01-13,2.387,-0.002507
2014-01-14,2.403,0.006703
2014-01-15,2.414,0.004578
2014-01-16,2.409,-0.002071
2014-01-17,2.394,-0.006227
2014-01-20,2.378,-0.006683
2014-01-21,2.391,0.005467
2014-01-22,2.418,0.011292
2014-01-23,2.433,0.006203
2014-01-24,2.447,0.005754
2014-01-27,2.437,-0.004087
2014-01-28,2.431,-0.002462
2014-01-29,2.442,0.004525
2014-01-30,2.43,-0.004914
2014-02-07,2.452,0.009053
2014-02-10,2.485,0.013458
2014-02-11,2.478,-0.002817
2014-02-12,2.482,0.001614
2014-02-13,2.46,-0.008864
2014-02-14,2.478,0.007317
2014-02-17,2.494,0.006457
2014-02-18,2.489,-0.002005
2014-02-19,2.486,-0.001205
2014-02-20,2.473,-0.005229
2014-02-21,2.47,-0.001213
2014-02-24,2.472,0.00081
2014-02-25,2.427,-0.018204
2014-02-26,2.425,-0.000824
2014-02-27,2.402,-0.009485
2014-02-28,2.417,0.006245
2014-03-03,2.431,0.005792
2014-03-04,2.426,-0.002057
2014-03-05,2.42,-0.002473
2014-03-06,2.409,-0.004545
2014-03-07,2.408,-0.000415
2014-03-10,2.384,-0.009967
2014-03-11,2.382,-0.000839
2014-03-12,2.383,0.00042
2014-03-13,2.403,0.008393
2014-03-14,2.399,-0.001665
2014-03-17,2.415,0.006669
2014-03-18,2.42,0.00207
2014-03-19,2.404,-0.006612
2014-03-20,2.375,-0.012063
2014-03-21,2.387,0.005053
2014-03-24,2.375,-0.005027
2014-03-25,2.376,0.000421
2014-03-26,2.385,0.003788
2014-03-27,2.362,-0.009644
2014-03-28,2.343,-0.008044
2014-03-31,2.344,0.000427
2014-04-01,2.362,0.007679
2014-04-02,2.352,-0.004234
2014-04-03,2.353,0.000425
2014-04-04,2.363,0.00425
2014-04-08,2.379,0.006771
2014-04-09,2.386,0.002942
2014-04-10,2.394,0.003353
2014-04-11,2.386,-0.003342
2014-04-14,2.387,0.000419
2014-04-15,2.375,-0.005027
2014-04-16,2.374,-0.000421
2014-04-17,2.372,-0.000842
2014-04-18,2.374,0.000843
2014-04-21,2.361,-0.005476
2014-04-22,2.351,-0.004235
2014-04-23,2.349,-0.000851
2014-04-24,2.342,-0.00298
2014-04-25,2.319,-0.009821
2014-04-28,2.292,-0.011643
2014-04-29,2.308,0.006981
2014-04-30,2.319,0.004766
2014-05-05,2.327,0.00345
2014-05-06,2.333,0.002578
2014-05-07,2.313,-0.008573
2014-05-08,2.307,-0.002594
2014-05-09,2.292,-0.006502
2014-05-12,2.302,0.004363
2014-05-13,2.303,0.000434
2014-05-14,2.304,0.000434
2014-05-15,2.29,-0.006076
2014-05-16,2.285,-0.002183
2014-05-19,2.278,-0.003063
2014-05-20,2.279,0.000439
2014-05-21,2.286,0.003072
2014-05-22,2.289,0.001312
2014-05-23,2.301,0.005242
2014-05-26,2.308,0.003042
2014-05-27,2.303,-0.002166
2014-05-28,2.314,0.004776
2014-05-29,2.307,-0.003025
2014-05-30,2.303,-0.001734
2014-06-03,2.296,-0.00304
2014-06-04,2.291,-0.002178
2014-06-05,2.302,0.004801
2014-06-06,2.299,-0.001303
2014-06-09,2.296,-0.001305
2014-06-10,2.306,0.004355
2014-06-11,2.311,0.002168
2014-06-12,2.31,-0.000433
2014-06-13,2.32,0.004329
2014-06-16,2.326,0.002586
2014-06-17,2.316,-0.004299
2014-06-18,2.312,-0.001727
2014-06-19,2.295,-0.007353
2014-06-20,2.302,0.00305
2014-06-23,2.309,0.003041
2014-06-24,2.313,0.001732
2014-06-25,2.309,-0.001729
2014-06-26,2.321,0.005197
2014-06-27,2.323,0.000862
2014-06-30,2.331,0.003444
2014-07-01,2.331,0.0
2014-07-02,2.331,0.0
2014-07-03,2.342,0.004719
2014-07-04,2.342,0.0
2014-07-07,2.333,-0.003843
2014-07-08,2.339,0.002572
2014-07-09,2.323,-0.006841
2014-07-10,2.314,-0.003874
2014-07-11,2.317,0.001296
2014-07-14,2.326,0.003884
2014-07-15,2.322,-0.00172
2014-07-16,2.313,-0.003876
2014-07-17,2.31,-0.001297
2014-07-18,2.317,0.00303
2014-07-21,2.32,0.001295
2014-07-22,2.332,0.005172
2014-07-23,2.32,-0.005146
2014-07-24,2.319,-0.000431
2014-07-25,2.323,0.001725
2014-07-28,2.336,0.005596
2014-07-29,2.349,0.005565
2014-07-30,2.355,0.002554
2014-07-31,2.364,0.003822
2014-08-01,2.354,-0.00423
2014-08-04,2.364,0.004248
2014-08-05,2.367,0.001269
2014-08-06,2.369,0.000845
2014-08-07,2.359,-0.004221
2014-08-08,2.362,0.001272
2014-08-11,2.376,0.005927
2014-08-12,2.377,0.000421
2014-08-13,2.374,-0.001262
2014-08-14,2.366,-0.00337
2014-08-15,2.375,0.003804
2014-08-18,2.387,0.005053
2014-08-19,2.388,0.000419
2014-08-20,2.383,-0.002094
2014-08-21,2.382,-0.00042
2014-08-22,2.385,0.001259
2014-08-25,2.378,-0.002935
2014-08-26,2.364,-0.005887
2014-08-27,2.365,0.000423
2014-08-28,2.36,-0.002114
2014-08-29,2.372,0.005085
2014-09-01,2.385,0.005481
2014-09-02,2.395,0.004193
2014-09-03,2.403,0.00334
2014-09-04,2.406,0.001248
2014-09-05,2.415,0.003741
2014-09-09,2.419,0.001656
2014-09-10,2.415,-0.001654
2014-09-11,2.411,-0.001656
2014-09-12,2.416,0.002074
2014-09-15,2.419,0.001242
2014-09-16,2.386,-0.013642
2014-09-17,2.388,0.000838
2014-09-18,2.396,0.00335
2014-09-19,2.407,0.004591
2014-09-22,2.392,-0.006232
2014-09-23,2.402,0.004181
2014-09-24,2.411,0.003747
2014-09-25,2.41,-0.000415
2014-09-26,2.415,0.002075
2014-09-29,2.418,0.001242
2014-09-30,2.42,0.000827
2014-10-08,2.431,0.004545
2014-10-09,2.433,0.000823
2014-10-10,2.426,-0.002877
2014-10-13,2.418,-0.003298
2014-10-14,2.415,-0.001241
2014-10-15,2.416,0.000414
2014-10-16,2.406,-0.004139
2014-10-17,2.407,0.000416
2014-10-20,2.419,0.004985
2014-10-21,2.411,-0.003307
2014-10-22,2.401,-0.004148
2014-10-23,2.387,-0.005831
2014-10-24,2.39,0.001257
2014-10-27,2.395,0.002092
2014-10-28,2.413,0.007516
2014-10-29,2.43,0.007045
2014-10-30,2.428,-0.000823
2014-10-31,2.431,0.001236
2014-11-03,2.437,0.002468
2014-11-04,2.425,-0.004924
2014-11-05,2.42,-0.002062
2014-11-06,2.427,0.002893
2014-11-07,2.424,-0.001236
2014-11-10,2.437,0.005363
2014-11-11,2.416,-0.008617
2014-11-12,2.432,0.006623
2014-11-13,2.416,-0.006579
2014-11-14,2.419,0.001242
2014-11-17,2.427,0.003307
2014-11-18,2.424,-0.001236
2014-11-19,2.426,0.000825
2014-11-20,2.423,-0.001237
2014-11-21,2.437,0.005778
2014-11-24,2.459,0.009027
2014-11-25,2.476,0.006913
2014-11-26,2.487,0.004443
2014-11-27,2.501,0.005629
2014-11-28,2.513,0.004798
2014-12-01,2.514,0.000398
2014-12-02,2.543,0.011535
2014-12-03,2.55,0.002753
2014-12-04,2.59,0.015686
2014-12-05,2.579,-0.004247
2014-12-08,2.596,0.006592
2014-12-09,2.524,-0.027735
2014-12-10,2.559,0.013867
2014-12-11,2.559,0.0
2014-12-12,2.569,0.003908
2014-12-15,2.584,0.005839
2014-12-16,2.596,0.004644
2014-12-17,2.603,0.002696
2014-12-18,2.598,-0.001921
2014-12-19,2.582,-0.006159
2014-12-22,2.539,-0.016654
2014-12-23,2.51,-0.011422
2014-12-24,2.505,-0.001992
2014-12-25,2.532,0.010778
2014-12-26,2.556,0.009479
2014-12-29,2.548,-0.00313
2014-12-30,2.532,-0.006279
2014-12-31,2.554,0.008689
2015-01-05,2.567,0.00509
2015-01-06,2.581,0.005454
2015-01-07,2.58,-0.000387
2015-01-08,2.569,-0.004264
2015-01-09,2.57,0.000389
2015-01-12,2.575,0.001946
2015-01-13,2.582,0.002718
2015-01-14,2.585,0.001162
2015-01-15,2.604,0.00735
2015-01-16,2.621,0.006528
2015-01-19,2.571,-0.019077
2015-01-20,2.618,0.018281
2015-01-21,2.651,0.012605
2015-01-22,2.662,0.004149
2015-01-23,2.65,-0.004508
2015-01-26,2.677,0.010189
2015-01-27,2.675,-0.000747
2015-01-28,2.659,-0.005981
2015-01-29,2.648,-0.004137
2015-01-30,2.634,-0.005287
2015-02-02,2.634,0.0
2015-02-03,2.668,0.012908
2015-02-04,2.663,-0.001874
2015-02-05,2.66,-0.001127
2015-02-06,2.627,-0.012406
2015-02-09,2.618,-0.003426
2015-02-10,2.645,0.010313
2015-02-11,2.673,0.010586
2015-02-12,2.682,0.003367
2015-02-13,2.704,0.008203
2015-02-16,2.74,0.013314
2015-02-17,2.752,0.00438
2015-02-25,2.727,-0.009084
2015-02-26,2.734,0.002567
2015-02-27,2.752,0.006584
2015-03-02,2.783,0.011265
2015-03-03,2.755,-0.010061
2015-03-04,2.78,0.009074
2015-03-05,2.778,-0.000719
2015-03-06,2.746,-0.011519
2015-03-09,2.77,0.00874
2015-03-10,2.797,0.009747
2015-03-11,2.797,0.0
2015-03-12,2.788,-0.003218
2015-03-13,2.816,0.010043
2015-03-16,2.871,0.019531
2015-03-17,2.884,0.004528
2015-03-18,2.907,0.007975
2015-03-19,2.907,0.0
2015-03-20,2.937,0.01032
2015-03-23,2.998,0.020769
2015-03-24,3.03,0.010674
2015-03-25,3.039,0.00297
2015-03-26,3.005,-0.011188
2015-03-27,3.036,0.010316
2015-03-30,3.04,0.001318
2015-03-31,3.064,0.007895
2015-04-01,3.111,0.015339
2015-04-02,3.134,0.007393
2015-04-03,3.163,0.009253
2015-04-07,3.209,0.014543
2015-04-08,3.189,-0.006232
2015-04-09,3.202,0.004077
2015-04-10,3.25,0.014991
2015-04-13,3.284,0.010462
2015-04-14,3.279,-0.001523
2015-04-15,3.198,-0.024703
2015-04-16,3.234,0.011257
2015-04-17,3.213,-0.006494
2015-04-20,3.161,-0.016184
2015-04-21,3.242,0.025625
2015-04-22,3.293,0.015731
2015-04-23,3.304,0.00334
2015-04-24,3.284,-0.006053
2015-04-27,3.288,0.001218
2015-04-28,3.222,-0.020073
2015-04-29,3.28,0.018001
2015-04-30,3.317,0.01128
2015-05-04,3.32,0.000904
2015-05-05,3.25,-0.021084
2015-05-06,3.27,0.006154
2015-05-07,3.276,0.001835
2015-05-08,3.37,0.028694
2015-05-11,3.469,0.029377
2015-05-12,3.534,0.018737
2015-05-13,3.516,-0.005093
2015-05-14,3.482,-0.00967
2015-05-15,3.482,0.0
2015-05-18,3.537,0.015796
2015-05-19,3.586,0.013854
2015-05-20,3.631,0.012549
2015-05-21,3.703,0.019829
2015-05-22,3.698,-0.00135
2015-05-25,3.709,0.002975
2015-05-26,3.815,0.028579
2015-05-27,3.809,-0.001573
2015-05-28,3.662,-0.038593
2015-05-29,3.704,0.011469
2015-06-01,3.821,0.031587
2015-06-02,3.921,0.026171
2015-06-03,3.931,0.00255
2015-06-04,3.908,-0.005851
2015-06-05,3.907,-0.000256
2015-06-08,3.828,-0.02022
2015-06-09,3.809,-0.004963
2015-06-10,3.852,0.011289
2015-06-11,3.884,0.008307
2015-06-12,3.925,0.010556
2015-06-15,3.823,-0.025987
2015-06-16,3.725,-0.025634
2015-06-17,3.785,0.016107
2015-06-18,3.674,-0.029326
2015-06-19,3.536,-0.037561
2015-06-23,3.595,0.016686
2015-06-24,3.624,0.008067
2015-06-25,3.512,-0.030905
2015-06-26,3.313,-0.056663
2015-06-29,3.175,-0.041654
2015-06-30,3.279,0.032756
2015-07-01,3.163,-0.035377
2015-07-02,3.038,-0.039519
2015-07-03,2.952,-0.028308
2015-07-06,2.897,-0.018631
2015-07-07,2.801,-0.033138
2015-07-08,2.732,-0.024634
2015-07-09,2.808,0.027818
2015-07-10,2.898,0.032051
2015-07-13,3.014,0.040028
2015-07-14,3.057,0.014267
2015-07-15,2.954,-0.033693
2015-07-16,2.982,0.009479
2015-07-17,3.092,0.036888
2015-07-20,3.145,0.017141
2015-07-21,3.185,0.012719
2015-07-22,3.227,0.013187
2015-07-23,3.279,0.016114
2015-07-24,3.253,-0.007929
2015-07-27,3.096,-0.048263
2015-07-28,3.043,-0.017119
2015-07-29,3.118,0.024647
2015-07-30,3.047,-0.022771
2015-07-31,3.014,-0.01083
2015-08-03,2.952,-0.020571
2015-08-04,3.039,0.029472
2015-08-05,3.019,-0.006581
2015-08-06,3.0,-0.006293
2015-08-07,3.058,0.019333
2015-08-10,3.146,0.028777
2015-08-11,3.142,-0.001271
2015-08-12,3.106,-0.011458
2015-08-13,3.142,0.01159
2015-08-14,3.154,0.003819
2015-08-17,3.167,0.004122
2015-08-18,3.036,-0.041364
2015-08-19,3.071,0.011528
2015-08-20,3.018,-0.017258
2015-08-21,2.927,-0.030152
2015-08-24,2.805,-0.041681
2015-08-25,2.714,-0.032442
2015-08-26,2.678,-0.013265
2015-08-27,2.732,0.020164
2015-08-28,2.81,0.028551
2015-08-31,2.764,-0.01637
2015-09-01,2.691,-0.026411
2015-09-02,2.67,-0.007804
2015-09-07,2.667,-0.001124
2015-09-08,2.722,0.020622
2015-09-09,2.77,0.017634
2015-09-10,2.753,-0.006137
2015-09-11,2.76,0.002543
2015-09-14,2.679,-0.029348
2015-09-15,2.617,-0.023143
2015-09-16,2.7,0.031716
2015-09-17,2.679,-0.007778
2015-09-18,2.692,0.004853
2015-09-21,2.75,0.021545
2015-09-22,2.763,0.004727
2015-09-23,2.75,-0.004705
2015-09-24,2.769,0.006909
2015-09-25,2.727,-0.015168
2015-09-28,2.76,0.012101
2015-09-29,2.74,-0.007246
2015-09-30,2.74,0.0
2015-10-08,2.802,0.022628
2015-10-09,2.825,0.008208
2015-10-12,2.884,0.020885
2015-10-13,2.899,0.005201
2015-10-14,2.872,-0.009314
2015-10-15,2.919,0.016365
2015-10-16,2.94,0.007194
2015-10-19,2.942,0.00068
2015-10-20,2.979,0.012576
2015-10-21,2.878,-0.033904
2015-10-22,2.943,0.022585
2015-10-23,2.995,0.017669
2015-10-26,3.0,0.001669
2015-10-27,3.008,0.002667
2015-10-28,2.97,-0.012633
2015-10-29,2.981,0.003704
2015-10-30,2.983,0.000671
2015-11-02,2.946,-0.012404
2015-11-03,2.938,-0.002716
2015-11-04,3.011,0.024847
2015-11-05,3.009,-0.000664
2015-11-06,3.058,0.016284
2015-11-09,3.085,0.008829
2015-11-10,3.094,0.002917
2015-11-11,3.115,0.006787
2015-11-12,3.12,0.001605
2015-11-13,3.076,-0.014103
2015-11-16,3.119,0.013979
2015-11-17,3.094,-0.008015
2015-11-18,3.079,-0.004848
2015-11-19,3.132,0.017213
2015-11-20,3.154,0.007024
2015-11-23,3.137,-0.00539
2015-11-24,3.155,0.005738
2015-11-25,3.188,0.01046
2015-11-26,3.174,-0.004391
2015-11-27,3.07,-0.032766
2015-11-30,3.085,0.004886
2015-12-01,3.088,0.000972
2015-12-02,3.077,-0.003562
2015-12-03,3.116,0.012675
2015-12-04,3.108,-0.002567
2015-12-07,3.125,0.00547
2015-12-08,3.099,-0.00832
2015-12-09,3.1,0.000323
2015-12-10,3.094,-0.001935
2015-12-11,3.076,-0.005818
2015-12-14,3.102,0.008453
2015-12-15,3.124,0.007092
2015-12-16,3.147,0.007362
2015-12-17,3.193,0.014617
2015-12-18,3.176,-0.005324
2015-12-21,3.198,0.006927
2015-12-22,3.218,0.006254
2015-12-23,3.179,-0.012119
2015-12-24,3.18,0.000315
2015-12-25,3.187,0.002201
2015-12-28,3.15,-0.01161
2015-12-29,3.163,0.004127
2015-12-30,3.183,0.006323
2015-12-31,3.151,-0.010053
2016-01-04,2.998,-0.048556
2016-01-05,2.966,-0.010674
2016-01-06,3.012,0.015509
2016-01-07,2.862,-0.049801
2016-01-08,2.877,0.005241
2016-01-11,2.767,-0.038234
2016-01-12,2.767,0.0
2016-01-13,2.71,-0.0206
2016-01-14,2.768,0.021402
2016-01-15,2.722,-0.016618
2016-01-18,2.744,0.008082
2016-01-19,2.807,0.022959
2016-01-20,2.788,-0.006769
2016-01-21,2.722,-0.023673
2016-01-22,2.742,0.007348
2016-01-25,2.762,0.007294
2016-01-26,2.655,-0.03874
2016-01-27,2.639,-0.006026
2016-01-28,2.583,-0.02122
2016-01-29,2.633,0.019357
2016-02-01,2.617,-0.006077
2016-02-02,2.67,0.020252
2016-02-03,2.674,0.001498
2016-02-04,2.698,0.008975
2016-02-05,2.679,-0.007042
2016-02-15,2.684,0.001866
2016-02-16,2.742,0.02161
2016-02-17,2.761,0.006929
2016-02-18,2.754,-0.002535
2016-02-19,2.763,0.003268
2016-02-22,2.794,0.01122
2016-02-23,2.789,-0.00179
2016-02-24,2.785,-0.001434
2016-02-25,2.666,-0.042729
2016-02-26,2.674,0.003001
2016-02-29,2.611,-0.02356
2016-03-01,2.64,0.011107
2016-03-02,2.71,0.026515
2016-03-03,2.701,-0.003321
2016-03-04,2.662,-0.014439
2016-03-07,2.69,0.010518
2016-03-08,2.686,-0.001487
2016-03-09,2.656,-0.011169
2016-03-10,2.633,-0.00866
2016-03-11,2.628,-0.001899
2016-03-14,2.68,0.019787
2016-03-15,2.665,-0.005597
2016-03-16,2.649,-0.006004
2016-03-17,2.701,0.01963
2016-03-18,2.758,0.021103
2016-03-21,2.795,0.013416
2016-03-22,2.789,-0.002147
2016-03-23,2.804,0.005378
2016-03-24,2.79,-0.004993
2016-03-25,2.796,0.002151
2016-03-28,2.787,-0.003219
2016-03-29,2.762,-0.00897
2016-03-30,2.813,0.018465
2016-03-31,2.819,0.002133
2016-04-01,2.807,-0.004257
2016-04-05,2.845,0.013538
2016-04-06,2.848,0.001054
2016-04-07,2.821,-0.00948
2016-04-08,2.809,-0.004254
2016-04-11,2.845,0.012816
2016-04-12,2.83,-0.005272
2016-04-13,2.852,0.007774
2016-04-14,2.866,0.004909
2016-04-15,2.862,-0.001396
2016-04-18,2.837,-0.008735
2016-04-19,2.841,0.00141
2016-04-20,2.779,-0.021823
2016-04-21,2.765,-0.005038
2016-04-22,2.773,0.002893
2016-04-25,2.771,-0.000721
2016-04-26,2.785,0.005052
2016-04-27,2.78,-0.001795
2016-04-28,2.774,-0.002158
2016-04-29,2.779,0.001802
2016-05-03,2.826,0.016913
2016-05-04,2.826,0.0
2016-05-05,2.832,0.002123
2016-05-06,2.774,-0.02048
2016-05-09,2.719,-0.019827
2016-05-10,2.726,0.002574
2016-05-11,2.727,0.000367
2016-05-12,2.728,0.000367
2016-05-13,2.721,-0.002566
2016-05-16,2.742,0.007718
2016-05-17,2.736,-0.002188
2016-05-18,2.701,-0.012792
2016-05-19,2.705,0.001481
2016-05-20,2.717,0.004436
2016-05-23,2.74,0.008465
2016-05-24,2.727,-0.004745
2016-05-25,2.721,-0.0022
2016-05-26,2.724,0.001103
2016-05-27,2.722,-0.000734
2016-05-30,2.717,-0.001837
2016-05-31,2.77,0.019507
2016-06-01,2.774,0.001444
2016-06-02,2.78,0.002163
2016-06-03,2.789,0.003237
2016-06-06,2.79,0.000359
2016-06-07,2.786,-0.001434
2016-06-08,2.777,-0.00323
2016-06-13,2.718,-0.021246
2016-06-14,2.726,0.002943
2016-06-15,2.767,0.01504
2016-06-16,2.757,-0.003614
2016-06-17,2.769,0.004353
2016-06-20,2.774,0.001806
2016-06-21,2.765,-0.003244
2016-06-22,2.785,0.007233
2016-06-23,2.778,-0.002513
2016-06-24,2.767,-0.00396
2016-06-27,2.803,0.01301
2016-06-28,2.814,0.003924
2016-06-29,2.81,-0.001421
2016-06-30,2.811,0.000356
2016-07-01,2.807,-0.001423
2016-07-04,2.832,0.008906
2016-07-05,2.833,0.000353
2016-07-06,2.844,0.003883
2016-07-07,2.846,0.000703
2016-07-08,2.842,-0.001405
2016-07-11,2.843,0.000352
2016-07-12,2.865,0.007738
2016-07-13,2.875,0.00349
2016-07-14,2.868,-0.002435
2016-07-15,2.867,-0.000349
2016-07-18,2.86,-0.002442
2016-07-19,2.859,-0.00035
2016-07-20,2.858,-0.00035
2016-07-21,2.861,0.00105
2016-07-22,2.842,-0.006641
2016-07-25,2.841,-0.000352
2016-07-26,2.865,0.008448
2016-07-27,2.822,-0.015009
2016-07-28,2.83,0.002835
2016-07-29,2.821,-0.00318
2016-08-01,2.803,-0.006381
2016-08-02,2.815,0.004281
2016-08-03,2.821,0.002131
2016-08-04,2.825,0.001418
2016-08-05,2.818,-0.002478
2016-08-08,2.832,0.004968
2016-08-09,2.844,0.004237
2016-08-10,2.836,-0.002813
2016-08-11,2.817,-0.0067
2016-08-12,2.831,0.00497
2016-08-15,2.863,0.011303
2016-08-16,2.864,0.000349
2016-08-17,2.863,-0.000349
2016-08-18,2.859,-0.001397
2016-08-19,2.859,0.0
2016-08-22,2.85,-0.003148
2016-08-23,2.852,0.000702
2016-08-24,2.852,0.0
2016-08-25,2.847,-0.001753
2016-08-26,2.852,0.001756
2016-08-29,2.85,-0.000701
2016-08-30,2.846,-0.001404
2016-08-31,2.846,0.0
2016-09-01,2.835,-0.003865
2016-09-02,2.828,-0.002469
2016-09-05,2.831,0.001061
2016-09-06,2.852,0.007418
2016-09-07,2.851,-0.000351
2016-09-08,2.851,0.0
2016-09-09,2.837,-0.004911
2016-09-12,2.8,-0.013042
2016-09-13,2.802,0.000714
2016-09-14,2.793,-0.003212
2016-09-19,2.807,0.005013
2016-09-20,2.807,0.0
2016-09-21,2.808,0.000356
2016-09-22,2.816,0.002849
2016-09-23,2.811,-0.001776
2016-09-26,2.782,-0.010317
2016-09-27,2.791,0.003235
2016-09-28,2.788,-0.001075
2016-09-29,2.793,0.001793
2016-09-30,2.799,0.002148
2016-10-10,2.821,0.00786
2016-10-11,2.834,0.004608
2016-10-12,2.829,-0.001764
2016-10-13,2.833,0.001414
2016-10-14,2.83,-0.001059
2016-10-17,2.82,-0.003534
2016-10-18,2.837,0.006028
2016-10-19,2.832,-0.001762
2016-10-20,2.834,0.000706
2016-10-21,2.827,-0.00247
2016-10-24,2.836,0.003184
2016-10-25,2.837,0.000353
2016-10-26,2.833,-0.00141
2016-10-27,2.825,-0.002824
2016-10-28,2.817,-0.002832
2016-10-31,2.818,0.000355
2016-11-01,2.834,0.005678
2016-11-02,2.824,-0.003529
2016-11-03,2.828,0.001416
2016-11-04,2.822,-0.002122
2016-11-07,2.822,0.0
2016-11-08,2.828,0.002126
2016-11-09,2.818,-0.003536
2016-11-10,2.832,0.004968
2016-11-11,2.831,-0.000353
2016-11-14,2.835,0.001413
2016-11-15,2.842,0.002469
2016-11-16,2.845,0.001056
2016-11-17,2.84,-0.001757
2016-11-18,2.834,-0.002113
2016-11-21,2.831,-0.001059
2016-11-22,2.841,0.003532
2016-11-23,2.832,-0.003168
2016-11-24,2.826,-0.002119
2016-11-25,2.829,0.001062
2016-11-28,2.825,-0.001414
2016-11-29,2.823,-0.000708
2016-11-30,2.812,-0.003897
2016-12-01,2.82,0.002845
2016-12-02,2.799,-0.007447
2016-12-05,2.795,-0.001429
2016-12-06,2.797,0.000716
2016-12-07,2.807,0.003575
2016-12-08,2.8,-0.002494
2016-12-09,2.798,-0.000714
2016-12-12,2.74,-0.020729
2016-12-13,2.75,0.00365
2016-12-14,2.737,-0.004727
2016-12-15,2.732,-0.001827
2016-12-16,2.74,0.002928
2016-12-19,2.742,0.00073
2016-12-20,2.738,-0.001459
2016-12-21,2.752,0.005113
2016-12-22,2.756,0.001453
2016-12-23,2.743,-0.004717
2016-12-26,2.747,0.001458
2016-12-27,2.748,0.000364
2016-12-28,2.745,-0.001092
2016-12-29,2.743,-0.000729
2016-12-30,2.749,0.002187
2016-12-31,2.749,0.0
2017-01-03,2.761,0.004365
2017-01-04,2.771,0.003622
2017-01-05,2.771,0.0
2017-01-06,2.762,-0.003248
2017-01-09,2.764,0.000724
2017-01-10,2.756,-0.002894
2017-01-11,2.739,-0.006168
2017-01-12,2.729,-0.003651
2017-01-13,2.718,-0.004031
2017-01-16,2.695,-0.008462
2017-01-17,2.707,0.004453
2017-01-18,2.707,0.0
2017-01-19,2.701,-0.002216
2017-01-20,2.719,0.006664
2017-01-23,2.728,0.00331
2017-01-24,2.721,-0.002566
2017-01-25,2.73,0.003308
2017-01-26,2.737,0.002564
2017-02-03,2.73,-0.002558
2017-02-06,2.739,0.003297
2017-02-07,2.738,-0.000365
2017-02-08,2.743,0.001826
2017-02-09,2.75,0.002552
2017-02-10,2.751,0.000364
2017-02-13,2.76,0.003272
2017-02-14,2.762,0.000725
2017-02-15,2.748,-0.005069
2017-02-16,2.753,0.00182
2017-02-17,2.742,-0.003996
2017-02-20,2.767,0.009117
2017-02-21,2.779,0.004337
2017-02-22,2.788,0.003239
2017-02-23,2.785,-0.001076
2017-02-24,2.788,0.001077
2017-02-27,2.776,-0.004304
2017-02-28,2.782,0.002161
2017-03-01,2.787,0.001797
2017-03-02,2.789,0.000718
2017-03-03,2.793,0.001434
2017-03-06,2.805,0.004296
2017-03-07,2.817,0.004278
2017-03-08,2.812,-0.001775
2017-03-09,2.8,-0.004267
2017-03-10,2.808,0.002857
2017-03-13,2.825,0.006054
2017-03-14,2.826,0.000354
2017-03-15,2.827,0.000354
2017-03-16,2.836,0.003184
2017-03-17,2.823,-0.004584
2017-03-20,2.83,0.00248
2017-03-21,2.85,0.007067
2017-03-22,2.852,0.000702
2017-03-23,2.854,0.000701
2017-03-24,2.86,0.002102
2017-03-27,2.843,-0.005944
2017-03-28,2.836,-0.002462
2017-03-29,2.833,-0.001058
2017-03-30,2.812,-0.007413
2017-03-31,2.823,0.003912
2017-04-05,2.851,0.009919
2017-04-06,2.856,0.001754
2017-04-07,2.869,0.004552
2017-04-10,2.856,-0.004531
2017-04-11,2.854,-0.0007
2017-04-12,2.847,-0.002453
2017-04-13,2.857,0.003512
2017-04-14,2.839,-0.0063
2017-04-17,2.83,-0.00317
2017-04-18,2.833,0.00106
2017-04-19,2.833,0.0
2017-04-20,2.851,0.006354
2017-04-21,2.835,-0.005612
2017-04-24,2.806,-0.010229
2017-04-25,2.818,0.004277
2017-04-26,2.818,0.0
2017-04-27,2.832,0.004968
2017-04-28,2.828,-0.001412
2017-05-02,2.826,-0.000707
2017-05-03,2.823,-0.001062
2017-05-04,2.817,-0.002125
2017-05-05,2.802,-0.005325
2017-05-08,2.769,-0.011777
2017-05-09,2.781,0.004334
2017-05-10,2.768,-0.004675
2017-05-11,2.781,0.004697
2017-05-12,2.787,0.002157
2017-05-15,2.801,0.005023
2017-05-16,2.837,0.012853
2017-05-17,2.83,-0.002467
2017-05-18,2.818,-0.00424
2017-05-19,2.81,-0.002839
2017-05-22,2.802,-0.002847
2017-05-23,2.795,-0.002498
2017-05-24,2.795,0.0
2017-05-25,2.788,-0.002504
2017-05-26,2.78,-0.002869
2017-05-31,2.782,0.000719
2017-06-01,2.771,-0.003954
2017-06-02,2.77,-0.000361
2017-06-05,2.782,0.004332
2017-06-06,2.795,0.004673
2017-06-07,2.829,0.012165
2017-06-08,2.84,0.003888
2017-06-09,2.849,0.003169
2017-06-12,2.842,-0.002457
2017-06-13,2.85,0.002815
2017-06-14,2.833,-0.005965
2017-06-15,2.834,0.000353
2017-06-16,2.837,0.001059
2017-06-19,2.852,0.005287
2017-06-20,2.848,-0.001403
2017-06-21,2.871,0.008076
2017-06-22,2.855,-0.005573
2017-06-23,2.871,0.005604
2017-06-26,2.898,0.009404
2017-06-27,2.9,0.00069
2017-06-28,2.881,-0.006552
2017-06-29,2.887,0.002083
2017-06-30,2.894,0.002425
2017-07-03,2.883,-0.003801
2017-07-04,2.874,-0.003122
2017-07-05,2.892,0.006263
2017-07-06,2.895,0.001037
2017-07-07,2.889,-0.002073
2017-07-10,2.868,-0.007269
2017-07-11,2.863,-0.001743
2017-07-12,2.858,-0.001746
2017-07-13,2.852,-0.002099
2017-07-14,2.854,0.000701
2017-07-17,2.815,-0.013665
2017-07-18,2.818,0.001066
2017-07-19,2.852,0.012065
2017-07-20,2.869,0.005961
2017-07-21,2.867,-0.000697
2017-07-24,2.869,0.000698
2017-07-25,2.863,-0.002091
2017-07-26,2.848,-0.005239
2017-07-27,2.851,0.001053
2017-07-28,2.869,0.006314
2017-07-31,2.878,0.003137
2017-08-01,2.885,0.002432
2017-08-02,2.875,-0.003466
2017-08-03,2.854,-0.007304
2017-08-04,2.84,-0.004905
2017-08-07,2.855,0.005282
2017-08-08,2.856,0.00035
2017-08-09,2.87,0.004902
2017-08-10,2.87,0.0
2017-08-11,2.845,-0.008711
2017-08-14,2.882,0.013005
2017-08-15,2.888,0.002082
2017-08-16,2.885,-0.001039
2017-08-17,2.883,-0.000693
2017-08-18,2.873,-0.003469
2017-08-21,2.881,0.002785
2017-08-22,2.877,-0.001388
2017-08-23,2.874,-0.001043
2017-08-24,2.861,-0.004523
2017-08-25,2.882,0.00734
2017-08-28,2.9,0.006246
2017-08-29,2.9,0.0
2017-08-30,2.914,0.004828
2017-08-31,2.915,0.000343
2017-09-01,2.929,0.004803
2017-09-04,2.937,0.002731
2017-09-05,2.947,0.003405
2017-09-06,2.951,0.001357
2017-09-07,2.937,-0.004744
2017-09-08,2.935,-0.000681
2017-09-11,2.961,0.008859
2017-09-12,2.958,-0.001013
2017-09-13,2.967,0.003043
2017-09-14,2.958,-0.003033
2017-09-15,2.944,-0.004733
2017-09-18,2.959,0.005095
2017-09-19,2.945,-0.004731
2017-09-20,2.952,0.002377
2017-09-21,2.942,-0.003388
2017-09-22,2.938,-0.00136
2017-09-25,2.928,-0.003404
2017-09-26,2.935,0.002391
2017-09-27,2.951,0.005451
2017-09-28,2.963,0.004066
2017-09-29,2.965,0.000675
2017-10-09,2.982,0.005734
2017-10-10,2.978,-0.001341
2017-10-11,2.977,-0.000336
2017-10-12,2.983,0.002015
2017-10-13,2.998,0.005028
2017-10-16,2.989,-0.003002
2017-10-17,2.991,0.000669
2017-10-18,3.006,0.005015
2017-10-19,3.0,-0.001996
2017-10-20,3.003,0.001
2017-10-23,3.013,0.00333
2017-10-24,3.015,0.000664
2017-10-25,3.031,0.005307
2017-10-26,3.036,0.00165
2017-10-27,3.045,0.002964
2017-10-30,3.038,-0.002299
2017-10-31,3.035,-0.000987
2017-11-01,3.029,-0.001977
2017-11-02,3.027,-0.00066
2017-11-03,3.021,-0.001982
2017-11-06,3.055,0.011255
2017-11-07,3.065,0.003273
2017-11-08,3.058,-0.002284
2017-11-09,3.077,0.006213
2017-11-10,3.099,0.00715
2017-11-13,3.099,0.0
2017-11-14,3.067,-0.010326
2017-11-15,3.042,-0.008151
2017-11-16,3.061,0.006246
2017-11-17,3.021,-0.013068
2017-11-20,3.047,0.008606
2017-11-21,3.066,0.006236
2017-11-22,3.062,-0.001305
2017-11-23,2.995,-0.021881
2017-11-24,2.984,-0.003673
2017-11-27,2.947,-0.012399
2017-11-28,2.972,0.008483
2017-11-29,2.962,-0.003365
2017-11-30,2.936,-0.008778
2017-12-01,2.951,0.005109
2017-12-04,2.963,0.004066
2017-12-05,2.939,-0.0081
2017-12-06,2.943,0.001361
2017-12-07,2.918,-0.008495
2017-12-08,2.949,0.010624
2017-12-11,2.991,0.014242
2017-12-12,2.974,-0.005684
2017-12-13,2.986,0.004035
2017-12-14,2.98,-0.002009
2017-12-15,2.958,-0.007383
2017-12-18,2.95,-0.002705
2017-12-19,2.97,0.00678
2017-12-20,2.969,-0.000337
2017-12-21,2.998,0.009768
2017-12-22,2.989,-0.003002
2017-12-25,2.971,-0.006022
2017-12-26,2.976,0.001683
2017-12-27,2.944,-0.010753
2017-12-28,2.951,0.002378
2017-12-29,2.961,0.003389
2017-12-31,2.961,0.0
2018-01-02,2.976,0.005066
2018-01-03,2.992,0.005376
2018-01-04,3.002,0.003342
2018-01-05,2.996,-0.001999
2018-01-08,2.992,-0.001335
2018-01-09,3.004,0.004011
2018-01-10,3.002,-0.000666
2018-01-11,3.004,0.000666
2018-01-12,3.003,-0.000333
2018-01-15,2.979,-0.007992
2018-01-16,2.986,0.00235
2018-01-17,2.967,-0.006363
2018-01-18,2.965,-0.000674
2018-01-19,2.954,-0.00371
2018-01-22,2.988,0.01151
2018-01-23,2.997,0.003012
2018-01-24,3.002,0.001668
2018-01-25,2.989,-0.00433
2018-01-26,2.992,0.001004
2018-01-29,2.949,-0.014372
2018-01-30,2.931,-0.006104
2018-01-31,2.938,0.002388
2018-02-01,2.916,-0.007488
2018-02-02,2.933,0.00583
2018-02-05,2.91,-0.007842
2018-02-06,2.842,-0.023368
2018-02-07,2.8,-0.014778
2018-02-08,2.812,0.004286
2018-02-09,2.76,-0.018492
2018-02-12,2.809,0.017754
2018-02-13,2.828,0.006764
2018-02-14,2.844,0.005658
2018-02-22,2.888,0.015471
2018-02-23,2.894,0.002078
2018-02-26,2.918,0.008293
2018-02-27,2.899,-0.006511
2018-02-28,2.892,-0.002415
2018-03-01,2.91,0.006224
2018-03-02,2.892,-0.006186
2018-03-05,2.894,0.000692
2018-03-06,2.912,0.00622
2018-03-07,2.897,-0.005151
2018-03-08,2.914,0.005868
2018-03-09,2.94,0.008922
2018-03-12,2.952,0.004082
2018-03-13,2.935,-0.005759
2018-03-14,2.923,-0.004089
2018-03-15,2.936,0.004447
2018-03-16,2.916,-0.006812
2018-03-19,2.933,0.00583
2018-03-20,2.937,0.001364
2018-03-21,2.92,-0.005788
2018-03-22,2.903,-0.005822
2018-03-23,2.845,-0.019979
2018-03-26,2.869,0.008436
2018-03-27,2.897,0.009759
2018-03-28,2.867,-0.010356
2018-03-29,2.872,0.001744
2018-03-30,2.899,0.009401
2018-04-02,2.9,0.000345
2018-04-03,2.89,-0.003448
2018-04-04,2.878,-0.004152
2018-04-09,2.883,0.001737
2018-04-10,2.893,0.003469
2018-04-11,2.902,0.003111
2018-04-12,2.886,-0.005513
2018-04-13,2.879,-0.002426
2018-04-16,2.887,0.002779
2018-04-17,2.84,-0.01628
2018-04-18,2.868,0.009859
2018-04-19,2.873,0.001743
2018-04-20,2.841,-0.011138
2018-04-23,2.813,-0.009856
2018-04-24,2.853,0.01422
2018-04-25,2.854,0.000351
2018-04-26,2.824,-0.010512
2018-04-27,2.824,0.0
2018-05-02,2.822,-0.000708
2018-05-03,2.841,0.006733
2018-05-04,2.839,-0.000704
2018-05-07,2.876,0.013033
2018-05-08,2.884,0.002782
2018-05-09,2.882,-0.000693
2018-05-10,2.882,0.0
2018-05-11,2.863,-0.006593
2018-05-14,2.869,0.002096
2018-05-15,2.896,0.009411
2018-05-16,2.885,-0.003798
2018-05-17,2.871,-0.004853
2018-05-18,2.884,0.004528
2018-05-21,2.911,0.009362
2018-05-22,2.913,0.000687
2018-05-23,2.897,-0.005493
2018-05-24,2.884,-0.004487
2018-05-25,2.863,-0.007282
2018-05-28,2.861,-0.000699
2018-05-29,2.846,-0.005243
2018-05-30,2.813,-0.011595
2018-05-31,2.835,0.007821
2018-06-01,2.81,-0.008818
2018-06-04,2.81,0.0
2018-06-05,2.852,0.014947
2018-06-06,2.859,0.002454
2018-06-07,2.851,-0.002798
2018-06-08,2.839,-0.004209
2018-06-11,2.829,-0.003522
2018-06-12,2.843,0.004949
2018-06-13,2.823,-0.007035
2018-06-14,2.815,-0.002834
2018-06-15,2.788,-0.009591
2018-06-19,2.721,-0.024032
2018-06-20,2.745,0.00882
2018-06-21,2.705,-0.014572
2018-06-22,2.732,0.009982
2018-06-25,2.72,-0.004392
2018-06-26,2.742,0.008088
2018-06-27,2.719,-0.008388
2018-06-28,2.7,-0.006988
2018-06-29,2.765,0.024074
2018-06-30,2.765,0.0
2018-07-02,2.742,-0.008318
2018-07-03,2.751,0.003282
2018-07-04,2.717,-0.012359
2018-07-05,2.696,-0.007729
2018-07-06,2.705,0.003338
2018-07-09,2.745,0.014787
2018-07-10,2.752,0.00255
2018-07-11,2.728,-0.008721
2018-07-12,2.771,0.015762
2018-07-13,2.78,0.003248
2018-07-16,2.779,-0.00036
2018-07-17,2.776,-0.00108
2018-07-18,2.762,-0.005043
2018-07-19,2.755,-0.002534
2018-07-20,2.781,0.009437
2018-07-23,2.794,0.004675
2018-07-24,2.808,0.005011
2018-07-25,2.804,-0.001425
2018-07-26,2.769,-0.012482
2018-07-27,2.76,-0.00325
2018-07-30,2.74,-0.007246
2018-07-31,2.736,-0.00146
2018-08-01,2.715,-0.007675
2018-08-02,2.689,-0.009576
2018-08-03,2.652,-0.01376
2018-08-06,2.622,-0.011312
2018-08-07,2.663,0.015637
2018-08-08,2.629,-0.012768
2018-08-09,2.687,0.022062
2018-08-10,2.698,0.004094
2018-08-13,2.716,0.006672
2018-08-14,2.701,-0.005523
2018-08-15,2.663,-0.014069
2018-08-16,2.65,-0.004882
2018-08-17,2.626,-0.009057
2018-08-20,2.64,0.005331
2018-08-21,2.659,0.007197
2018-08-22,2.64,-0.007146
2018-08-23,2.661,0.007955
2018-08-24,2.655,-0.002255
2018-08-27,2.697,0.015819
2018-08-28,2.699,0.000742
2018-08-29,2.689,-0.003705
2018-08-30,2.668,-0.00781
2018-08-31,2.656,-0.004498
2018-09-03,2.663,0.002636
2018-09-04,2.682,0.007135
2018-09-05,2.658,-0.008949
2018-09-06,2.651,-0.002634
2018-09-07,2.636,-0.005658
2018-09-10,2.6,-0.013657
2018-09-11,2.606,0.002308
2018-09-12,2.595,-0.004221
2018-09-13,2.611,0.006166
2018-09-14,2.587,-0.009192
2018-09-17,2.57,-0.006571
2018-09-18,2.592,0.00856
2018-09-19,2.612,0.007716
2018-09-20,2.606,-0.002297
2018-09-21,2.628,0.008442
2018-09-25,2.627,-0.000381
2018-09-26,2.637,0.003807
2018-09-27,2.621,-0.006068
2018-09-28,2.629,0.003052
2018-10-08,2.568,-0.023203
2018-10-09,2.556,-0.004673
2018-10-10,2.553,-0.001174
2018-10-11,2.483,-0.027419
2018-10-12,2.504,0.008458
2018-10-15,2.493,-0.004393
2018-10-16,2.469,-0.009627
2018-10-17,2.481,0.00486
2018-10-18,2.458,-0.00927
2018-10-19,2.503,0.018308
2018-10-22,2.567,0.025569
2018-10-23,2.535,-0.012466
2018-10-24,2.527,-0.003156
2018-10-25,2.522,-0.001979
2018-10-26,2.505,-0.006741
2018-10-29,2.484,-0.008383
2018-10-30,2.491,0.002818
2018-10-31,2.505,0.00562
2018-11-01,2.517,0.00479
2018-11-02,2.565,0.01907
2018-11-05,2.558,-0.002729
2018-11-06,2.553,-0.001955
2018-11-07,2.55,-0.001175
2018-11-08,2.535,-0.005882
2018-11-09,2.534,-0.000394
2018-11-12,2.566,0.012628
2018-11-13,2.574,0.003118
2018-11-14,2.561,-0.005051
2018-11-15,2.582,0.0082
2018-11-16,2.593,0.00426
2018-11-19,2.595,0.000771
2018-11-20,2.559,-0.013873
2018-11-21,2.559,0.0
2018-11-22,2.553,-0.002345
2018-11-23,2.517,-0.014101
2018-11-26,2.518,0.000397
2018-11-27,2.527,0.003574
2018-11-28,2.544,0.006727
2018-11-29,2.519,-0.009827
2018-11-30,2.533,0.005558
2018-12-03,2.572,0.015397
2018-12-04,2.572,0.0
2018-12-05,2.568,-0.001555
2018-12-06,2.536,-0.012461
2018-12-07,2.534,-0.000789
2018-12-10,2.53,-0.001579
2018-12-11,2.539,0.003557
2018-12-12,2.539,0.0
2018-12-13,2.556,0.006696
2018-12-14,2.53,-0.010172
2018-12-17,2.519,-0.004348
2018-12-18,2.507,-0.004764
2018-12-19,2.492,-0.005983
2018-12-20,2.493,0.000401
2018-12-21,2.485,-0.003209
2018-12-24,2.497,0.004829
2018-12-25,2.491,-0.002403
2018-12-26,2.481,-0.004014
2018-12-27,2.474,-0.002821
2018-12-28,2.473,-0.000404
2018-12-31,2.473,0.0
2019-01-02,2.461,-0.004852
2019-01-03,2.447,-0.005689
2019-01-04,2.474,0.011034
2019-01-07,2.493,0.00768
2019-01-08,2.494,0.000401
2019-01-09,2.497,0.001203
2019-01-10,2.493,-0.001602
2019-01-11,2.497,0.001604
2019-01-14,2.485,-0.004806
2019-01-15,2.504,0.007646
2019-01-16,2.505,0.000399
2019-01-17,2.493,-0.00479
2019-01-18,2.504,0.004412
2019-01-21,2.515,0.004393
2019-01-22,2.499,-0.006362
2019-01-23,2.5,0.0004
2019-01-24,2.509,0.0036
2019-01-25,2.516,0.00279
2019-01-28,2.514,-0.000795
2019-01-29,2.515,0.000398
2019-01-30,2.499,-0.006362
2019-01-31,2.509,0.004002
2019-02-01,2.539,0.011957
2019-02-11,2.568,0.011422
2019-02-12,2.574,0.002336
2019-02-13,2.599,0.009713
2019-02-14,2.602,0.001154
2019-02-15,2.578,-0.009224
2019-02-18,2.627,0.019007
2019-02-19,2.621,-0.002284
2019-02-20,2.621,0.0
2019-02-21,2.624,0.001145
2019-02-22,2.666,0.016006
2019-02-25,2.752,0.032258
2019-02-26,2.739,-0.004724
2019-02-27,2.723,-0.005842
2019-02-28,2.727,0.001469
2019-03-01,2.742,0.005501
2019-03-04,2.764,0.008023
2019-03-05,2.794,0.010854
2019-03-06,2.803,0.003221
2019-03-07,2.797,-0.002141
2019-03-08,2.762,-0.012513
2019-03-11,2.805,0.015568
2019-03-12,2.841,0.012834
2019-03-13,2.785,-0.019711
2019-03-14,2.761,-0.008618
2019-03-15,2.771,0.003622
2019-03-18,2.807,0.012992
2019-03-19,2.808,0.000356
2019-03-20,2.797,-0.003917
2019-03-21,2.809,0.00429
2019-03-22,2.809,0.0
2019-03-25,2.79,-0.006764
2019-03-26,2.753,-0.013262
2019-03-27,2.763,0.003632
2019-03-28,2.76,-0.001086
2019-03-29,2.812,0.018841
2019-04-01,2.864,0.018492
2019-04-02,2.865,0.000349
2019-04-03,2.878,0.004538
2019-04-04,2.879,0.000347
2019-04-08,2.855,-0.008336
2019-04-09,2.858,0.001051
2019-04-10,2.852,-0.002099
2019-04-11,2.814,-0.013324
2019-04-12,2.81,-0.001421
2019-04-15,2.799,-0.003915
2019-04-16,2.844,0.016077
2019-04-17,2.852,0.002813
2019-04-18,2.843,-0.003156
2019-04-19,2.855,0.004221
2019-04-22,2.827,-0.009807
2019-04-23,2.814,-0.004599
2019-04-24,2.826,0.004264
2019-04-25,2.784,-0.014862
2019-04-26,2.776,-0.002874
2019-04-29,2.762,-0.005043
2019-04-30,2.761,-0.000362
2019-05-06,2.653,-0.039116
2019-05-07,2.661,0.003015
2019-05-08,2.654,-0.002631
2019-05-09,2.638,-0.006029
2019-05-10,2.702,0.024261
2019-05-13,2.678,-0.008882
2019-05-14,2.667,-0.004108
2019-05-15,2.701,0.012748
2019-05-16,2.696,-0.001851
2019-05-17,2.653,-0.01595
2019-05-20,2.635,-0.006785
2019-05-21,2.657,0.008349
2019-05-22,2.657,0.0
2019-05-23,2.623,-0.012796
2019-05-24,2.616,-0.002669
2019-05-27,2.651,0.013379
2019-05-28,2.663,0.004527
2019-05-29,2.665,0.000751
2019-05-30,2.649,-0.006004
2019-05-31,2.646,-0.001133
2019-06-03,2.646,0.0
2019-06-04,2.636,-0.003779
2019-06-05,2.643,0.002656
2019-06-06,2.619,-0.009081
2019-06-10,2.637,0.006873
2019-06-11,2.676,0.01479
2019-06-12,2.667,-0.003363
2019-06-13,2.665,-0.00075
2019-06-14,2.646,-0.007129
2019-06-17,2.638,-0.003023
2019-06-18,2.643,0.001895
2019-06-19,2.667,0.009081
2019-06-20,2.7,0.012373
2019-06-21,2.718,0.006667
2019-06-24,2.715,-0.001104
2019-06-25,2.704,-0.004052
2019-06-26,2.707,0.001109
2019-06-27,2.731,0.008866
2019-06-28,2.726,-0.001831
2019-06-30,2.726,0.0
2019-07-01,2.775,0.017975
2019-07-02,2.771,-0.001441
2019-07-03,2.749,-0.007939
2019-07-04,2.742,-0.002546
2019-07-05,2.752,0.003647
2019-07-08,2.723,-0.010538
2019-07-09,2.719,-0.001469
2019-07-10,2.717,-0.000736
2019-07-11,2.714,-0.001104
2019-07-12,2.717,0.001105
2019-07-15,2.742,0.009201
2019-07-16,2.739,-0.001094
2019-07-17,2.739,0.0
2019-07-18,2.712,-0.009858
2019-07-19,2.724,0.004425
2019-07-22,2.711,-0.004772
2019-07-23,2.729,0.00664
2019-07-24,2.751,0.008062
2019-07-25,2.765,0.005089
2019-07-26,2.765,0.0
2019-07-29,2.767,0.000723
2019-07-30,2.771,0.001446
2019-07-31,2.765,-0.002165
2019-08-01,2.759,-0.00217
2019-08-02,2.74,-0.006887
2019-08-05,2.715,-0.009124
2019-08-06,2.705,-0.003683
2019-08-07,2.697,-0.002957
2019-08-08,2.718,0.007786
2019-08-09,2.702,-0.005887
2019-08-12,2.746,0.016284
2019-08-13,2.733,-0.004734
2019-08-14,2.736,0.001098
2019-08-15,2.755,0.006944
2019-08-16,2.76,0.001815
2019-08-19,2.809,0.017754
2019-08-20,2.807,-0.000712
2019-08-21,2.809,0.000713
2019-08-22,2.804,-0.00178
2019-08-23,2.804,0.0
2019-08-26,2.786,-0.006419
2019-08-27,2.808,0.007897
2019-08-28,2.802,-0.002137
2019-08-29,2.806,0.001428
2019-08-30,2.796,-0.003564
2019-09-02,2.838,0.015021
2019-09-03,2.856,0.006342
2019-09-04,2.866,0.003501
2019-09-05,2.885,0.006629
2019-09-06,2.894,0.00312
2019-09-09,2.939,0.015549
2019-09-10,2.924,-0.005104
2019-09-11,2.907,-0.005814
2019-09-12,2.917,0.00344
2019-09-16,2.923,0.002057
2019-09-17,2.893,-0.010263
2019-09-18,2.897,0.001383
2019-09-19,2.916,0.006559
2019-09-20,2.927,0.003772
2019-09-23,2.924,-0.001025
2019-09-24,2.939,0.00513
2019-09-25,2.913,-0.008847
2019-09-26,2.871,-0.014418
2019-09-27,2.893,0.007663
2019-09-30,2.865,-0.009679
2019-10-08,2.851,-0.004887
2019-10-09,2.855,0.001403
2019-10-10,2.889,0.011909
2019-10-11,2.896,0.002423
2019-10-14,2.92,0.008287
2019-10-15,2.901,-0.006507
2019-10-16,2.895,-0.002068
2019-10-17,2.903,0.002763
2019-10-18,2.884,-0.006545
2019-10-21,2.878,-0.00208
2019-10-22,2.897,0.006602
2019-10-23,2.879,-0.006213
2019-10-24,2.878,-0.000347
2019-10-25,2.897,0.006602
2019-10-28,2.918,0.007249
2019-10-29,2.907,-0.00377
2019-10-30,2.911,0.001376
2019-10-31,2.902,-0.003092
2019-11-01,2.93,0.009649
2019-11-04,2.951,0.007167
2019-11-05,2.976,0.008472
2019-11-06,2.966,-0.00336
2019-11-07,2.971,0.001686
2019-11-08,2.97,-0.000337
2019-11-11,2.942,-0.009428
2019-11-12,2.94,-0.00068
2019-11-13,2.961,0.007143
2019-11-14,2.974,0.00439
2019-11-15,2.959,-0.005044
2019-11-18,2.968,0.003042
2019-11-19,3.002,0.011456
2019-11-20,2.986,-0.00533
2019-11-21,2.976,-0.003349
2019-11-22,2.946,-0.010081
2019-11-25,2.945,-0.000339
2019-11-26,2.959,0.004754
2019-11-27,2.968,0.003042
2019-11-28,2.96,-0.002695
2019-11-29,2.941,-0.006419
2019-12-02,2.94,-0.00034
2019-12-03,2.951,0.003741
2019-12-04,2.962,0.003728
2019-12-05,2.997,0.011816
2019-12-06,3.007,0.003337
2019-12-09,2.997,-0.003326
2019-12-10,3.008,0.00367
2019-12-11,3.0,-0.00266
2019-12-12,2.998,-0.000667
2019-12-13,3.034,0.012008
2019-12-16,3.054,0.006592
2019-12-17,3.078,0.007859
2019-12-18,3.066,-0.003899
2019-12-19,3.048,-0.005871
2019-12-20,3.036,-0.003937
2019-12-23,3.014,-0.007246
2019-12-24,3.052,0.012608
2019-12-25,3.068,0.005242
2019-12-26,3.074,0.001956
2019-12-27,3.061,-0.004229
2019-12-30,3.083,0.007187
2019-12-31,3.087,0.001297
2020-01-02,3.12,0.01069
2020-01-03,3.126,0.001923
2020-01-06,3.129,0.00096
2020-01-07,3.137,0.002557
2020-01-08,3.121,-0.0051
2020-01-09,3.16,0.012496
2020-01-10,3.159,-0.000316
2020-01-13,3.196,0.011713
2020-01-14,3.195,-0.000313
2020-01-15,3.189,-0.001878
2020-01-16,3.184,-0.001568
2020-01-17,3.177,-0.002198
2020-01-20,3.213,0.011331
2020-01-21,3.191,-0.006847
2020-01-22,3.25,0.01849
2020-01-23,3.181,-0.021231
2020-02-03,3.038,-0.044954
2020-02-04,3.134,0.0316
2020-02-05,3.173,0.012444
2020-02-06,3.222,0.015443
2020-02-07,3.214,-0.002483
2020-02-10,3.239,0.007778
2020-02-11,3.26,0.006483
2020-02-12,3.309,0.015031
2020-02-13,3.305,-0.001209
2020-02-14,3.296,-0.002723
2020-02-17,3.362,0.020024
2020-02-18,3.381,0.005651
2020-02-19,3.348,-0.00976
2020-02-20,3.397,0.014636
2020-02-21,3.431,0.010009
2020-02-24,3.455,0.006995
2020-02-25,3.48,0.007236
2020-02-26,3.381,-0.028448
2020-02-27,3.386,0.001479
2020-02-28,3.294,-0.027171
2020-03-02,3.358,0.019429
2020-03-03,3.376,0.00536
2020-03-04,3.341,-0.010367
2020-03-05,3.35,0.002694
2020-03-06,3.328,-0.006567
2020-03-09,3.214,-0.034255
2020-03-10,3.283,0.021469
2020-03-11,3.234,-0.014925
2020-03-12,3.196,-0.01175
2020-03-13,3.184,-0.003755
2020-03-16,3.063,-0.038003
2020-03-17,3.059,-0.001306
2020-03-18,3.027,-0.010461
2020-03-19,3.031,0.001321
2020-03-20,3.053,0.007258
2020-03-23,2.963,-0.029479
2020-03-24,2.999,0.01215
2020-03-25,3.061,0.020674
2020-03-26,3.047,-0.004574
2020-03-27,3.024,-0.007548
2020-03-30,2.987,-0.012235
2020-03-31,2.986,-0.000335
2020-04-01,2.992,0.002009
2020-04-02,3.049,0.019051
2020-04-03,3.04,-0.002952
2020-04-07,3.09,0.016447
2020-04-08,3.083,-0.002265
2020-04-09,3.087,0.001297
2020-04-10,3.046,-0.013282
2020-04-13,3.031,-0.004924
2020-04-14,3.081,0.016496
2020-04-15,3.075,-0.001947
2020-04-16,3.097,0.007154
2020-04-17,3.112,0.004843
2020-04-20,3.133,0.006748
2020-04-21,3.117,-0.005107
2020-04-22,3.127,0.003208
2020-04-23,3.11,-0.005437
2020-04-24,3.094,-0.005145
2020-04-27,3.104,0.003232
2020-04-28,3.123,0.006121
2020-04-29,3.122,-0.00032
2020-04-30,3.171,0.015695
2020-05-06,3.209,0.011984
2020-05-07,3.21,0.000312
2020-05-08,3.226,0.004984
2020-05-11,3.208,-0.00558
2020-05-12,3.218,0.003117
2020-05-13,3.241,0.007147
2020-05-14,3.219,-0.006788
2020-05-15,3.232,0.004039
2020-05-18,3.213,-0.005879
2020-05-19,3.25,0.011516
2020-05-20,3.233,-0.005231
2020-05-21,3.202,-0.009589
2020-05-22,3.151,-0.015928
2020-05-25,3.142,-0.002856
2020-05-26,3.197,0.017505
2020-05-27,3.169,-0.008758
2020-05-28,3.16,-0.00284
2020-05-29,3.18,0.006329
2020-06-01,3.24,0.018868
2020-06-02,3.227,-0.004012
2020-06-03,3.229,0.00062
2020-06-04,3.238,0.002787
2020-06-05,3.251,0.004015
2020-06-08,3.248,-0.000923
2020-06-09,3.274,0.008005
2020-06-10,3.299,0.007636
2020-06-11,3.301,0.000606
2020-06-12,3.306,0.001515
2020-06-15,3.288,-0.005445
2020-06-16,3.326,0.011557
2020-06-17,3.332,0.001804
2020-06-18,3.356,0.007203
2020-06-19,3.391,0.010429
2020-06-22,3.412,0.006193
2020-06-23,3.452,0.011723
2020-06-24,3.461,0.002607
2020-06-29,3.453,-0.002311
2020-06-30,3.512,0.017087
2020-07-01,3.509,-0.000854
2020-07-02,3.5,-0.002565
2020-07-03,3.521,0.006
2020-07-06,3.596,0.021301
2020-07-07,3.671,0.020857
2020-07-08,3.701,0.008172
2020-07-09,3.771,0.018914
2020-07-10,3.775,0.001061
2020-07-13,3.873,0.02596
2020-07-14,3.829,-0.011361
2020-07-15,3.787,-0.010969
2020-07-16,3.639,-0.039081
2020-07-17,3.664,0.00687
2020-07-20,3.698,0.009279
2020-07-21,3.723,0.00676
2020-07-22,3.743,0.005372
2020-07-23,3.743,0.0
2020-07-24,3.604,-0.037136
2020-07-27,3.611,0.001942
2020-07-28,3.648,0.010246
2020-07-29,3.725,0.021107
2020-07-30,3.723,-0.000537
2020-07-31,3.763,0.010744
2020-08-03,3.821,0.015413
2020-08-04,3.787,-0.008898
2020-08-05,3.822,0.009242
2020-08-06,3.804,-0.00471
2020-08-07,3.773,-0.008149
2020-08-10,3.758,-0.003976
2020-08-11,3.721,-0.009846
2020-08-12,3.684,-0.009944
2020-08-13,3.681,-0.000814
2020-08-14,3.716,0.009508
2020-08-17,3.743,0.007266
2020-08-18,3.744,0.000267
2020-08-19,3.662,-0.021902
2020-08-20,3.629,-0.009011
2020-08-21,3.653,0.006613
2020-08-24,3.699,0.012592
2020-08-25,3.69,-0.002433
2020-08-26,3.648,-0.011382
2020-08-27,3.683,0.009594
2020-08-28,3.728,0.012218
2020-08-31,3.715,-0.003487
2020-09-01,3.757,0.011306
2020-09-02,3.752,-0.001331
2020-09-03,3.722,-0.007996
2020-09-04,3.699,-0.006179
2020-09-07,3.619,-0.021627
2020-09-08,3.615,-0.001105
2020-09-09,3.538,-0.0213
2020-09-10,3.537,-0.000283
2020-09-11,3.592,0.01555
2020-09-14,3.612,0.005568
2020-09-15,3.651,0.010797
2020-09-16,3.628,-0.0063
2020-09-17,3.643,0.004135
2020-09-18,3.683,0.01098
2020-09-21,3.67,-0.00353
2020-09-22,3.649,-0.005722
2020-09-23,3.665,0.004385
2020-09-24,3.606,-0.016098
2020-09-25,3.612,0.001664
2020-09-28,3.626,0.003876
2020-09-29,3.656,0.008274
2020-09-30,3.663,0.001915
2020-10-09,3.759,0.026208
2020-10-12,3.844,0.022612
2020-10-13,3.855,0.002862
2020-10-14,3.851,-0.001038
2020-10-15,3.825,-0.006751
2020-10-16,3.799,-0.006797
2020-10-19,3.771,-0.00737
2020-10-20,3.806,0.009281
2020-10-21,3.774,-0.008408
2020-10-22,3.762,-0.00318
2020-10-23,3.7,-0.016481
2020-10-26,3.733,0.008919
2020-10-27,3.762,0.007769
2020-10-28,3.79,0.007443
2020-10-29,3.808,0.004749
2020-10-30,3.802,-0.001576
2020-11-02,3.872,0.018411
2020-11-03,3.896,0.006198
2020-11-04,3.91,0.003593
2020-11-05,3.961,0.013043
2020-11-06,3.93,-0.007826
2020-11-09,3.996,0.016794
2020-11-10,3.974,-0.005506
2020-11-11,3.901,-0.018369
2020-11-12,3.929,0.007178
2020-11-13,3.924,-0.001273
2020-11-16,3.939,0.003823
2020-11-17,3.894,-0.011424
2020-11-18,3.865,-0.007447
2020-11-19,3.885,0.005175
2020-11-20,3.912,0.00695
2020-11-23,3.94,0.007157
2020-11-24,3.921,-0.004822
2020-11-25,3.859,-0.015812
2020-11-26,3.859,0.0
2020-11-27,3.871,0.00311
2020-11-30,3.856,-0.003875
2020-12-01,3.911,0.014263
2020-12-02,3.898,-0.003324
2020-12-03,3.894,-0.001026
2020-12-04,3.922,0.007191
2020-12-07,3.934,0.00306
2020-12-08,3.951,0.004321
2020-12-09,3.911,-0.010124
2020-12-10,3.917,0.001534
2020-12-11,3.909,-0.002042
2020-12-14,3.951,0.010744
2020-12-15,3.976,0.006328
2020-12-16,4.004,0.007042
2020-12-17,4.02,0.003996
2020-12-18,4.019,-0.000249
2020-12-21,4.108,0.022145
2020-12-22,4.064,-0.010711
2020-12-23,4.114,0.012303
2020-12-24,4.1,-0.003403
2020-12-25,4.144,0.010732
2020-12-28,4.161,0.004102
2020-12-29,4.107,-0.012978
2020-12-30,4.214,0.026053
2020-12-31,4.282,0.016137
2021-01-04,4.407,0.029192
2021-01-05,4.463,0.012707
2021-01-06,4.471,0.001793
2021-01-07,4.54,0.015433
2021-01-08,4.488,-0.011454
2021-01-11,4.431,-0.012701
2021-01-12,4.533,0.02302
2021-01-13,4.453,-0.017648
2021-01-14,4.367,-0.019313
2021-01-15,4.391,0.005496
2021-01-18,4.457,0.015031
2021-01-19,4.382,-0.016827
2021-01-20,4.45,0.015518
2021-01-21,4.52,0.01573
2021-01-22,4.574,0.011947
2021-01-25,4.587,0.002842
2021-01-26,4.47,-0.025507
2021-01-27,4.484,0.003132
2021-01-28,4.362,-0.027208
2021-01-29,4.343,-0.004356
2021-02-01,4.36,0.003914
2021-02-02,4.441,0.018578
2021-02-03,4.42,-0.004729
2021-02-04,4.38,-0.00905
2021-02-05,4.347,-0.007534
2021-02-08,4.417,0.016103
2021-02-09,4.504,0.019697
2021-02-10,4.566,0.013766
2021-02-18,4.53,-0.007884
2021-02-19,4.498,-0.007064
2021-02-22,4.375,-0.027345
2021-02-23,4.369,-0.001371
2021-02-24,4.271,-0.022431
2021-02-25,4.273,0.000468
2021-02-26,4.193,-0.018722
2021-03-01,4.26,0.015979
2021-03-02,4.237,-0.005399
2021-03-03,4.269,0.007553
2021-03-04,4.13,-0.03256
2021-03-05,4.106,-0.005811
2021-03-08,3.967,-0.033853
2021-03-09,3.887,-0.020166
2021-03-10,3.934,0.012092
2021-03-11,4.008,0.01881
2021-03-12,4.016,0.001996
2021-03-15,3.922,-0.023406
2021-03-16,3.939,0.004335
2021-03-17,3.978,0.009901
2021-03-18,4.008,0.007541
2021-03-19,3.941,-0.016717
2021-03-22,3.951,0.002537
2021-03-23,3.919,-0.008099
2021-03-24,3.851,-0.017351
2021-03-25,3.877,0.006751
2021-03-26,3.96,0.021408
2021-03-29,3.974,0.003535
2021-03-30,4.008,0.008556
2021-03-31,3.981,-0.006737
2021-04-01,4.027,0.011555
2021-04-02,4.065,0.009436
2021-04-06,4.061,-0.000984
2021-04-07,4.036,-0.006156
2021-04-08,4.048,0.002973
2021-04-09,4.016,-0.007905
2021-04-12,3.955,-0.015189
2021-04-13,3.961,0.001517
2021-04-14,4.013,0.013128
2021-04-15,3.991,-0.005482
2021-04-16,3.989,-0.000501
2021-04-19,4.082,0.023314
2021-04-20,4.082,0.0
2021-04-21,4.097,0.003675
2021-04-22,4.101,0.000976
2021-04-23,4.121,0.004877
2021-04-26,4.093,-0.006794
2021-04-27,4.107,0.00342
2021-04-28,4.149,0.010226
2021-04-29,4.169,0.00482
2021-04-30,4.178,0.002159
2021-05-06,4.151,-0.006462
2021-05-07,4.07,-0.019513
2021-05-10,4.061,-0.002211
2021-05-11,4.061,0.0
2021-05-12,4.076,0.003694
2021-05-13,4.034,-0.010304
2021-05-14,4.102,0.016857
2021-05-17,4.172,0.017065
2021-05-18,4.165,-0.001678
2021-05-19,4.188,0.005522
2021-05-20,4.202,0.003343
2021-05-21,4.18,-0.005236
2021-05-24,4.215,0.008373
2021-05-25,4.293,0.018505
2021-05-26,4.28,-0.003028
2021-05-27,4.307,0.006308
2021-05-28,4.332,0.005805
2021-05-31,4.407,0.017313
2021-06-01,4.398,-0.002042
2021-06-02,4.36,-0.00864
2021-06-03,4.331,-0.006651
2021-06-04,4.364,0.007619
2021-06-07,4.364,0.0
2021-06-08,4.343,-0.004812
2021-06-09,4.361,0.004145
2021-06-10,4.412,0.011695
2021-06-11,4.405,-0.001587
2021-06-15,4.396,-0.002043
2021-06-16,4.285,-0.02525
2021-06-17,4.344,0.013769
2021-06-18,4.388,0.010129
2021-06-21,4.42,0.007293
2021-06-22,4.42,0.0
2021-06-23,4.45,0.006787
2021-06-24,4.42,-0.006742
2021-06-25,4.467,0.010633
2021-06-28,4.51,0.009626
2021-06-29,4.501,-0.001996
2021-06-30,4.565,0.014219
2021-07-01,4.529,-0.007886
2021-07-02,4.432,-0.021418
2021-07-05,4.485,0.011958
2021-07-06,4.469,-0.003567
2021-07-07,4.579,0.024614
2021-07-08,4.628,0.010701
2021-07-09,4.592,-0.007779
2021-07-12,4.664,0.015679
2021-07-13,4.642,-0.004717
2021-07-14,4.582,-0.012925
2021-07-15,4.635,0.011567
2021-07-16,4.576,-0.012729
2021-07-19,4.57,-0.001311
2021-07-20,4.607,0.008096
2021-07-21,4.712,0.022791
2021-07-22,4.74,0.005942
2021-07-23,4.71,-0.006329
2021-07-26,4.68,-0.006369
2021-07-27,4.546,-0.028632
2021-07-28,4.528,-0.00396
2021-07-29,4.71,0.040194
2021-07-30,4.709,-0.000212
2021-08-02,4.764,0.01168
2021-08-03,4.688,-0.015953
2021-08-04,4.812,0.026451
2021-08-05,4.816,0.000831
2021-08-06,4.807,-0.001869
2021-08-09,4.773,-0.007073
2021-08-10,4.803,0.006285
2021-08-11,4.781,-0.00458
2021-08-12,4.737,-0.009203
2021-08-13,4.713,-0.005066
2021-08-16,4.656,-0.012094
2021-08-17,4.59,-0.014175
2021-08-18,4.625,0.007625
2021-08-19,4.685,0.012973
2021-08-20,4.647,-0.008111
2021-08-23,4.741,0.020228
2021-08-24,4.781,0.008437
2021-08-25,4.777,-0.000837
2021-08-26,4.704,-0.015282
2021-08-27,4.72,0.003401
2021-08-30,4.771,0.010805
2021-08-31,4.74,-0.006498
2021-09-01,4.648,-0.019409
2021-09-02,4.652,0.000861
2021-09-03,4.548,-0.022356
2021-09-06,4.61,0.013632
2021-09-07,4.662,0.01128
2021-09-08,4.619,-0.009224
2021-09-09,4.636,0.00368
2021-09-10,4.655,0.004098
2021-09-13,4.628,-0.0058
2021-09-14,4.626,-0.000432
2021-09-15,4.625,-0.000216
2021-09-16,4.536,-0.019243
2021-09-17,4.528,-0.001764
2021-09-22,4.524,-0.000883
2021-09-23,4.534,0.00221
2021-09-24,4.513,-0.004632
2021-09-27,4.484,-0.006426
2021-09-28,4.467,-0.003791
2021-09-29,4.403,-0.014327
2021-09-30,4.467,0.014536
2021-10-08,4.45,-0.003806
2021-10-11,4.431,-0.00427
2021-10-12,4.369,-0.013992
2021-10-13,4.437,0.015564
2021-10-14,4.471,0.007663
2021-10-15,4.537,0.014762
2021-10-18,4.558,0.004629
2021-10-19,4.556,-0.000439
2021-10-20,4.562,0.001317
2021-10-21,4.539,-0.005042
2021-10-22,4.532,-0.001542
2021-10-25,4.59,0.012798
2021-10-26,4.579,-0.002397
2021-10-27,4.591,0.002621
2021-10-28,4.554,-0.008059
2021-10-29,4.629,0.016469
2021-11-01,4.619,-0.00216
2021-11-02,4.632,0.002814
2021-11-03,4.596,-0.007772
2021-11-04,4.643,0.010226
2021-11-05,4.629,-0.003015
2021-11-08,4.682,0.01145
2021-11-09,4.723,0.008757
2021-11-10,4.699,-0.005082
2021-11-11,4.734,0.007448
2021-11-12,4.75,0.00338
2021-11-15,4.686,-0.013474
2021-11-16,4.636,-0.01067
2021-11-17,4.672,0.007765
2021-11-18,4.666,-0.001284
2021-11-19,4.704,0.008144
2021-11-22,4.793,0.01892
2021-11-23,4.769,-0.005007
2021-11-24,4.731,-0.007968
2021-11-25,4.705,-0.005496
2021-11-26,4.708,0.000638
2021-11-29,4.761,0.011257
2021-11-30,4.75,-0.00231
2021-12-01,4.732,-0.003789
2021-12-02,4.732,0.0
2021-12-03,4.762,0.00634
2021-12-06,4.718,-0.00924
2021-12-07,4.66,-0.012293
2021-12-08,4.737,0.016524
2021-12-09,4.755,0.0038
2021-12-10,4.76,0.001052
2021-12-13,4.781,0.004412
2021-12-14,4.784,0.000627
2021-12-15,4.755,-0.006062
2021-12-16,4.769,0.002944
2021-12-17,4.695,-0.015517
2021-12-20,4.607,-0.018743
2021-12-21,4.628,0.004558
2021-12-22,4.649,0.004538
2021-12-23,4.676,0.005808
2021-12-24,4.611,-0.013901
2021-12-27,4.597,-0.003036
2021-12-28,4.636,0.008484
2021-12-29,4.606,-0.006471
2021-12-30,4.655,0.010638
2021-12-31,4.68,0.005371
2022-01-04,4.627,-0.011325
2022-01-05,4.531,-0.020748
2022-01-06,4.502,-0.0064
2022-01-07,4.466,-0.007996
2022-01-10,4.476,0.002239
2022-01-11,4.424,-0.011618
2022-01-12,4.483,0.013336
2022-01-13,4.426,-0.012715
2022-01-14,4.431,0.00113
2022-01-17,4.487,0.012638
2022-01-18,4.497,0.002229
2022-01-19,4.45,-0.010451
2022-01-20,4.429,-0.004719
2022-01-21,4.384,-0.01016
2022-01-24,4.409,0.005703
2022-01-25,4.327,-0.018598
2022-01-26,4.356,0.006702
2022-01-27,4.276,-0.018365
2022-01-28,4.255,-0.004911
2022-02-07,4.263,0.00188
2022-02-08,4.187,-0.017828
2022-02-09,4.218,0.007404
2022-02-10,4.199,-0.004505
2022-02-11,4.139,-0.014289
2022-02-14,4.112,-0.006523
2022-02-15,4.175,0.015321
2022-02-16,4.173,-0.000479
2022-02-17,4.196,0.005512
2022-02-18,4.193,-0.000715
2022-02-21,4.186,-0.001669
2022-02-22,4.155,-0.007406
2022-02-23,4.232,0.018532
2022-02-24,4.189,-0.010161
2022-02-25,4.225,0.008594
2022-02-28,4.24,0.00355
2022-03-01,4.258,0.004245
2022-03-02,4.227,-0.00728
2022-03-03,4.187,-0.009463
2022-03-04,4.144,-0.01027
2022-03-07,4.042,-0.024614
2022-03-08,3.993,-0.012123
2022-03-09,3.986,-0.001753
2022-03-10,4.044,0.014551
2022-03-11,4.042,-0.000495
2022-03-14,3.964,-0.019297
2022-03-15,3.885,-0.019929
2022-03-16,3.997,0.028829
2022-03-17,4.044,0.011759
2022-03-18,4.04,-0.000989
2022-03-21,4.049,0.002228
2022-03-22,4.031,-0.004446
2022-03-23,4.047,0.003969
2022-03-24,4.018,-0.007166
2022-03-25,3.969,-0.012195
2022-03-28,3.929,-0.010078
2022-03-29,3.912,-0.004327
2022-03-30,4.005,0.023773
2022-03-31,3.958,-0.011735
2022-04-01,3.977,0.0048
2022-04-06,3.924,-0.013327
2022-04-07,3.881,-0.010958
2022-04-08,3.876,-0.001288
2022-04-11,3.769,-0.027606
2022-04-12,3.797,0.007429
2022-04-13,3.753,-0.011588
2022-04-14,3.804,0.013589
2022-04-15,3.797,-0.00184
2022-04-18,3.824,0.007111
2022-04-19,3.796,-0.007322
2022-04-20,3.746,-0.013172
2022-04-21,3.694,-0.013881
2022-04-22,3.678,-0.004331
2022-04-25,3.543,-0.036705
2022-04-26,3.506,-0.010443
2022-04-27,3.62,0.032516
2022-04-28,3.631,0.003039
2022-04-29,3.713,0.022583
2022-05-05,3.71,-0.000808
2022-05-06,3.654,-0.015094
2022-05-09,3.646,-0.002189
2022-05-10,3.697,0.013988
2022-05-11,3.755,0.015688
2022-05-12,3.754,-0.000266
2022-05-13,3.766,0.003197
2022-05-16,3.746,-0.005311
2022-05-17,3.8,0.014415
2022-05-18,3.8,0.0
2022-05-19,3.828,0.007368
2022-05-20,3.854,0.006792
2022-05-23,3.848,-0.001557
2022-05-24,3.763,-0.022089
2022-05-25,3.778,0.003986
2022-05-26,3.786,0.002118
2022-05-27,3.787,0.000264
2022-05-30,3.813,0.006866
2022-05-31,3.875,0.01626
2022-06-01,3.875,0.0
2022-06-02,3.922,0.012129
2022-06-06,3.999,0.019633
2022-06-07,3.987,-0.003001
2022-06-08,3.992,0.001254
2022-06-09,3.933,-0.01478
2022-06-10,3.996,0.016018
2022-06-13,3.996,0.0
2022-06-14,3.975,-0.005255
2022-06-15,3.987,0.003019
2022-06-16,4.009,0.005518
2022-06-17,4.042,0.008231
2022-06-20,4.077,0.008659
2022-06-21,4.066,-0.002698
2022-06-22,4.032,-0.008362
2022-06-23,4.108,0.018849
2022-06-24,4.16,0.012658
2022-06-27,4.175,0.003606
2022-06-28,4.205,0.007186
2022-06-29,4.125,-0.019025
2022-06-30,4.166,0.009939
2022-07-01,4.152,-0.003361
2022-07-04,4.179,0.006503
2022-07-05,4.168,-0.002632
2022-07-06,4.147,-0.005038
2022-07-07,4.194,0.011333
2022-07-08,4.166,-0.006676
2022-07-11,4.129,-0.008881
2022-07-12,4.073,-0.013563
2022-07-13,4.092,0.004665
2022-07-14,4.139,0.011486
2022-07-15,4.12,-0.00459
2022-07-18,4.133,0.003155
2022-07-19,4.105,-0.006775
2022-07-20,4.143,0.009257
2022-07-21,4.139,-0.000965
2022-07-22,4.138,-0.000242
2022-07-25,4.109,-0.007008
2022-07-26,4.131,0.005354
2022-07-27,4.139,0.001937
2022-07-28,4.152,0.003141
2022-07-29,4.117,-0.00843
2022-08-01,4.145,0.006801
2022-08-02,4.127,-0.004343
2022-08-03,4.126,-0.000242
2022-08-04,4.131,0.001212
2022-08-05,4.185,0.013072
2022-08-08,4.201,0.003823
2022-08-09,4.222,0.004999
2022-08-10,4.211,-0.002605
2022-08-11,4.236,0.005937
2022-08-12,4.196,-0.009443
2022-08-15,4.213,0.004051
2022-08-16,4.213,0.0
2022-08-17,4.219,0.001424
2022-08-18,4.236,0.004029
2022-08-19,4.169,-0.015817
2022-08-22,4.205,0.008635
2022-08-23,4.195,-0.002378
2022-08-24,4.09,-0.02503
2022-08-25,4.078,-0.002934
2022-08-26,4.059,-0.004659
2022-08-29,4.08,0.005174
2022-08-30,4.063,-0.004167
2022-08-31,4.0,-0.015506
2022-09-01,3.983,-0.00425
2022-09-02,3.987,0.001004
2022-09-05,3.997,0.002508
2022-09-06,4.052,0.01376
2022-09-07,4.096,0.010859
2022-09-08,4.08,-0.003906
2022-09-09,4.081,0.000245
2022-09-13,4.081,0.0
2022-09-14,4.065,-0.003921
2022-09-15,3.968,-0.023862
2022-09-16,3.944,-0.006048
2022-09-19,3.914,-0.007606
2022-09-20,3.928,0.003577
2022-09-21,3.888,-0.010183
2022-09-22,3.894,0.001543
2022-09-23,3.864,-0.007704
2022-09-26,3.88,0.004141
2022-09-27,3.933,0.01366
2022-09-28,3.855,-0.019832
2022-09-29,3.881,0.006744
2022-09-30,3.81,-0.018294
2022-10-10,3.705,-0.027559
2022-10-11,3.703,-0.00054
2022-10-12,3.768,0.017553
2022-10-13,3.767,-0.000265
2022-10-14,3.83,0.016724
2022-10-17,3.85,0.005222
2022-10-18,3.859,0.002338
2022-10-19,3.829,-0.007774
2022-10-20,3.836,0.001828
2022-10-21,3.827,-0.002346
2022-10-24,3.825,-0.000523
2022-10-25,3.822,-0.000784
2022-10-26,3.852,0.007849
2022-10-27,3.825,-0.007009
2022-10-28,3.772,-0.013856
2022-10-31,3.781,0.002386
2022-11-01,3.837,0.014811
2022-11-02,3.856,0.004952
2022-11-03,3.87,0.003631
2022-11-04,3.927,0.014729
2022-11-07,3.904,-0.005857
2022-11-08,3.888,-0.004098
2022-11-09,3.856,-0.00823
2022-11-10,3.807,-0.012707
2022-11-11,3.83,0.006042
2022-11-14,3.795,-0.009138
2022-11-15,3.853,0.015283
2022-11-16,3.819,-0.008824
2022-11-17,3.811,-0.002095
2022-11-18,3.793,-0.004723
2022-11-21,3.803,0.002636
2022-11-22,3.767,-0.009466
2022-11-23,3.769,0.000531
2022-11-24,3.759,-0.002653
2022-11-25,3.732,-0.007183
2022-11-28,3.726,-0.001608
2022-11-29,3.744,0.004831
2022-11-30,3.75,0.001603
2022-12-01,3.787,0.009867
2022-12-02,3.772,-0.003961
2022-12-05,3.761,-0.002916
2022-12-06,3.784,0.006115
2022-12-07,3.78,-0.001057
2022-12-08,3.774,-0.001587
2022-12-09,3.789,0.003975
2022-12-12,3.778,-0.002903
2022-12-13,3.739,-0.010323
2022-12-14,3.741,0.000535
2022-12-15,3.769,0.007485
2022-12-16,3.736,-0.008756
2022-12-19,3.706,-0.00803
2022-12-20,3.676,-0.008095
2022-12-21,3.656,-0.005441
2022-12-22,3.643,-0.003556
2022-12-23,3.622,-0.005764
2022-12-26,3.681,0.016289
2022-12-27,3.711,0.00815
2022-12-28,3.683,-0.007545
2022-12-29,3.687,0.001086
2022-12-30,3.687,0.0
2022-12-31,3.686,-0.000271
2023-01-03,3.729,0.011666
2023-01-04,3.712,-0.004559
2023-01-05,3.765,0.014278
2023-01-06,3.787,0.005843
2023-01-09,3.792,0.00132
2023-01-10,3.805,0.003428
2023-01-11,3.771,-0.008936
2023-01-12,3.776,0.001326
2023-01-13,3.787,0.002913
2023-01-16,3.831,0.011619
2023-01-17,3.845,0.003654
2023-01-18,3.843,-0.00052
2023-01-19,3.866,0.005985
2023-01-20,3.878,0.003104
2023-01-30,3.903,0.006447
2023-01-31,3.873,-0.007686
2023-02-01,3.908,0.009037
2023-02-02,3.91,0.000512
2023-02-03,3.898,-0.003069
2023-02-06,3.866,-0.008209
2023-02-07,3.857,-0.002328
2023-02-08,3.844,-0.00337
2023-02-09,3.891,0.012227
2023-02-10,3.863,-0.007196
2023-02-13,3.889,0.006731
2023-02-14,3.882,-0.0018
2023-02-15,3.874,-0.002061
2023-02-16,3.84,-0.008776
2023-02-17,3.786,-0.014062
2023-02-20,3.825,0.010301
2023-02-21,3.825,0.0
2023-02-22,3.815,-0.002614
2023-02-23,3.823,0.002097
2023-02-24,3.795,-0.007324
2023-02-27,3.783,-0.003162
2023-02-28,3.791,0.002115
2023-03-01,3.801,0.002638
2023-03-02,3.779,-0.005788
2023-03-03,3.791,0.003175
2023-03-06,3.806,0.003957
2023-03-07,3.759,-0.012349
2023-03-08,3.76,0.000266
2023-03-09,3.764,0.001064
2023-03-10,3.739,-0.006642
2023-03-13,3.745,0.001605
2023-03-14,3.743,-0.000534
2023-03-15,3.727,-0.004275
2023-03-16,3.694,-0.008854
2023-03-17,3.686,-0.002166
2023-03-20,3.686,0.0
2023-03-21,3.717,0.00841
2023-03-22,3.709,-0.002152
2023-03-23,3.729,0.005392
2023-03-24,3.729,0.0
2023-03-27,3.735,0.001609
2023-03-28,3.716,-0.005087
2023-03-29,3.751,0.009419
2023-03-30,3.763,0.003199
2023-03-31,3.778,0.003986
2023-04-03,3.807,0.007676
2023-04-04,3.81,0.000788
2023-04-06,3.831,0.005512
2023-04-07,3.846,0.003915
2023-04-10,3.81,-0.00936
2023-04-11,3.799,-0.002887
2023-04-12,3.796,-0.00079
2023-04-13,3.767,-0.00764
2023-04-14,3.805,0.010088
2023-04-17,3.823,0.004731
2023-04-18,3.805,-0.004708
2023-04-19,3.788,-0.004468
2023-04-20,3.777,-0.002904
2023-04-21,3.721,-0.014827
2023-04-24,3.693,-0.007525
2023-04-25,3.652,-0.011102
2023-04-26,3.66,0.002191
2023-04-27,3.674,0.003825
2023-04-28,3.689,0.004083
2023-05-04,3.666,-0.006235
2023-05-05,3.648,-0.00491
2023-05-08,3.645,-0.000822
2023-05-09,3.621,-0.006584
2023-05-10,3.629,0.002209
2023-05-11,3.637,0.002204
2023-05-12,3.61,-0.007424
2023-05-15,3.645,0.009695
2023-05-16,3.649,0.001097
2023-05-17,3.654,0.00137
2023-05-18,3.652,-0.000547
2023-05-19,3.665,0.00356
2023-05-22,3.673,0.002183
2023-05-23,3.644,-0.007895
2023-05-24,3.642,-0.000549
2023-05-25,3.646,0.001098
2023-05-26,3.653,0.00192
2023-05-29,3.636,-0.004654
2023-05-30,3.644,0.0022
2023-05-31,3.638,-0.001647
2023-06-01,3.632,-0.001649
2023-06-02,3.666,0.009361
2023-06-05,3.662,-0.001091
2023-06-06,3.626,-0.009831
2023-06-07,3.61,-0.004413
2023-06-08,3.592,-0.004986
2023-06-09,3.613,0.005846
2023-06-12,3.631,0.004982
2023-06-13,3.656,0.006885
2023-06-14,3.664,0.002188
2023-06-15,3.701,0.010098
2023-06-16,3.733,0.008646
2023-06-19,3.736,0.000804
2023-06-20,3.743,0.001874
2023-06-21,3.682,-0.016297
2023-06-26,3.646,-0.009777
2023-06-27,3.66,0.00384
2023-06-28,3.665,0.001366
2023-06-29,3.67,0.001364
2023-06-30,3.694,0.00654
2023-07-03,3.703,0.002436
2023-07-04,3.729,0.007021
2023-07-05,3.691,-0.01019
2023-07-06,3.678,-0.003522
2023-07-07,3.651,-0.007341
2023-07-10,3.658,0.001917
2023-07-11,3.688,0.008201
2023-07-12,3.649,-0.010575
2023-07-13,3.685,0.009866
2023-07-14,3.677,-0.002171
2023-07-17,3.655,-0.005983
2023-07-18,3.652,-0.000821
2023-07-19,3.64,-0.003286
2023-07-20,3.608,-0.008791
2023-07-21,3.598,-0.002772
2023-07-24,3.586,-0.003335
2023-07-25,3.634,0.013385
2023-07-26,3.627,-0.001926
2023-07-27,3.615,-0.003309
2023-07-28,3.644,0.008022
2023-07-31,3.655,0.003019
2023-08-01,3.651,-0.001094
2023-08-02,3.65,-0.000274
2023-08-03,3.655,0.00137
2023-08-04,3.667,0.003283
2023-08-07,3.658,-0.002454
2023-08-08,3.652,-0.00164
2023-08-09,3.637,-0.004107
2023-08-10,3.643,0.00165
2023-08-11,3.604,-0.010705
2023-08-14,3.599,-0.001387
2023-08-15,3.574,-0.006946
2023-08-16,3.542,-0.008954
2023-08-17,3.56,0.005082
2023-08-18,3.528,-0.008989
2023-08-21,3.502,-0.00737
2023-08-22,3.521,0.005425
2023-08-23,3.472,-0.013917
2023-08-24,3.501,0.008353
2023-08-25,3.464,-0.010568
2023-08-28,3.473,0.002598
2023-08-29,3.544,0.020443
2023-08-30,3.574,0.008465
2023-08-31,3.572,-0.00056
2023-09-01,3.57,-0.00056
2023-09-04,3.587,0.004762
2023-09-05,3.581,-0.001673
2023-09-06,3.597,0.004468
2023-09-07,3.548,-0.013622
2023-09-08,3.551,0.000846
2023-09-11,3.553,0.000563
2023-09-12,3.537,-0.004503
2023-09-13,3.516,-0.005937
2023-09-14,3.501,-0.004266
2023-09-15,3.5,-0.000286
2023-09-18,3.494,-0.001714
2023-09-19,3.477,-0.004865
2023-09-20,3.457,-0.005752
2023-09-21,3.441,-0.004628
2023-09-22,3.48,0.011334
2023-09-25,3.465,-0.00431
2023-09-26,3.45,-0.004329
2023-09-27,3.459,0.002609
2023-09-28,3.473,0.004047
2023-10-09,3.468,-0.00144
2023-10-10,3.459,-0.002595
2023-10-11,3.466,0.002024
2023-10-12,3.485,0.005482
2023-10-13,3.464,-0.006026
2023-10-16,3.429,-0.010104
2023-10-17,3.439,0.002916
2023-10-18,3.411,-0.008142
2023-10-19,3.392,-0.00557
2023-10-20,3.368,-0.007075
2023-10-23,3.341,-0.008017
2023-10-24,3.375,0.010177
2023-10-25,3.381,0.001778
2023-10-26,3.383,0.000592
2023-10-27,3.416,0.009755
2023-10-30,3.464,0.014052
2023-10-31,3.462,-0.000577
2023-11-01,3.452,-0.002889
2023-11-02,3.422,-0.008691
2023-11-03,3.46,0.011105
2023-11-06,3.504,0.012717
2023-11-07,3.498,-0.001712
2023-11-08,3.509,0.003145
2023-11-09,3.496,-0.003705
2023-11-10,3.483,-0.003719
2023-11-13,3.489,0.001723
2023-11-14,3.499,0.002866
2023-11-15,3.497,-0.000572
2023-11-16,3.467,-0.008579
2023-11-17,3.476,0.002596
2023-11-20,3.488,0.003452
2023-11-21,3.468,-0.005734
2023-11-22,3.438,-0.008651
2023-11-23,3.454,0.004654
2023-11-24,3.426,-0.008107
2023-11-27,3.432,0.001751
2023-11-28,3.446,0.004079
2023-11-29,3.436,-0.002902
2023-11-30,3.432,-0.001164
2023-12-01,3.43,-0.000583
2023-12-04,3.417,-0.00379
2023-12-05,3.373,-0.012877
2023-12-06,3.381,0.002372
2023-12-07,3.357,-0.007098
2023-12-08,3.369,0.003575
2023-12-11,3.401,0.009498
2023-12-12,3.397,-0.001176
2023-12-13,3.37,-0.007948
2023-12-14,3.355,-0.004451
2023-12-15,3.341,-0.004173
2023-12-18,3.315,-0.007782
2023-12-19,3.32,0.001508
2023-12-20,3.291,-0.008735
2023-12-21,3.311,0.006077
2023-12-22,3.305,-0.001812
2023-12-25,3.31,0.001513
2023-12-26,3.279,-0.009366
2023-12-27,3.293,0.00427
2023-12-28,3.341,0.014576
2023-12-29,3.349,0.002394
2023-12-31,3.349,0.0
2024-01-02,3.311,-0.011347
2024-01-03,3.29,-0.006342
2024-01-04,3.261,-0.008815
2024-01-05,3.227,-0.010426
2024-01-08,3.18,-0.014565
2024-01-09,3.176,-0.001258
2024-01-10,3.166,-0.003149
2024-01-11,3.188,0.006949
2024-01-12,3.175,-0.004078
2024-01-15,3.163,-0.00378
2024-01-16,3.169,0.001897
2024-01-17,3.111,-0.018302
2024-01-18,3.14,0.009322
2024-01-19,3.126,-0.004459
2024-01-22,3.062,-0.020473
2024-01-23,3.078,0.005225
2024-01-24,3.08,0.00065
2024-01-25,3.115,0.011364
2024-01-26,3.076,-0.01252
2024-01-29,3.033,-0.013979
2024-01-30,2.983,-0.016485
2024-01-31,2.943,-0.013409
2024-02-01,2.955,0.004077
2024-02-02,2.909,-0.015567
2024-02-05,2.887,-0.007563
2024-02-06,2.991,0.036024
2024-02-07,3.034,0.014376
2024-02-08,3.076,0.013843
2024-02-19,3.088,0.003901
2024-02-20,3.081,-0.002267
2024-02-21,3.098,0.005518
2024-02-22,3.118,0.006456
2024-02-23,3.132,0.00449
2024-02-26,3.137,0.001596
2024-02-27,3.189,0.016576
2024-02-28,3.123,-0.020696
2024-02-29,3.204,0.025937
2024-03-01,3.231,0.008427
2024-03-04,3.235,0.001238
2024-03-05,3.225,-0.003091
2024-03-06,3.219,-0.00186
2024-03-07,3.184,-0.010873
2024-03-08,3.216,0.01005
2024-03-11,3.259,0.013371
2024-03-12,3.277,0.005523
2024-03-13,3.274,-0.000915
2024-03-14,3.255,-0.005803
2024-03-15,3.261,0.001843
2024-03-18,3.302,0.012573
2024-03-19,3.291,-0.003331
2024-03-20,3.299,0.002431
2024-03-21,3.3,0.000303
2024-03-22,3.285,-0.004545
2024-03-25,3.249,-0.010959
2024-03-26,3.242,-0.002155
2024-03-27,3.185,-0.017582
2024-03-28,3.207,0.006907
2024-03-29,3.218,0.00343
2024-04-01,3.247,0.009012
2024-04-02,3.222,-0.007699
2024-04-03,3.207,-0.004655
2024-04-08,3.172,-0.010914
2024-04-09,3.188,0.005044
2024-04-10,3.148,-0.012547
2024-04-11,3.137,-0.003494
2024-04-12,3.129,-0.00255
2024-04-15,3.153,0.00767
2024-04-16,3.105,-0.015224
2024-04-17,3.15,0.014493
2024-04-18,3.142,-0.00254
2024-04-19,3.111,-0.009866
2024-04-22,3.123,0.003857
2024-04-23,3.13,0.002241
2024-04-24,3.154,0.007668
2024-04-25,3.154,0.0
2024-04-26,3.193,0.012365
2024-04-29,3.253,0.018791
2024-04-30,3.23,-0.00707
2024-05-06,3.258,0.008669
2024-05-07,3.263,0.001535
2024-05-08,3.231,-0.009807
2024-05-09,3.272,0.01269
2024-05-10,3.24,-0.00978
2024-05-13,3.22,-0.006173
2024-05-14,3.215,-0.001553
2024-05-15,3.2,-0.004666
2024-05-16,3.205,0.001562
2024-05-17,3.235,0.00936
2024-05-20,3.245,0.003091
2024-05-21,3.232,-0.004006
2024-05-22,3.238,0.001856
2024-05-23,3.209,-0.008956
2024-05-24,3.177,-0.009972
2024-05-27,3.206,0.009128
2024-05-28,3.199,-0.002183
2024-05-29,3.194,-0.001563
2024-05-30,3.206,0.003757
2024-05-31,3.203,-0.000936
2024-06-03,3.219,0.004995
2024-06-04,3.238,0.005902
2024-06-05,3.238,0.0
2024-06-06,3.221,-0.00525
2024-06-07,3.211,-0.003105
2024-06-11,3.246,0.0109
2024-06-12,3.242,-0.001232
2024-06-13,3.247,0.001542
2024-06-14,3.237,-0.00308
2024-06-17,3.252,0.004634
2024-06-18,3.249,-0.000923
2024-06-19,3.227,-0.006771
2024-06-20,3.206,-0.006508
2024-06-21,3.203,-0.000936
2024-06-24,3.172,-0.009678
2024-06-25,3.136,-0.011349
2024-06-26,3.165,0.009247
2024-06-27,3.131,-0.010742
2024-06-28,3.129,-0.000639
2024-06-30,3.129,0.0
2024-07-01,3.13,0.00032
2024-07-02,3.111,-0.00607
2024-07-03,3.11,-0.000321
2024-07-04,3.092,-0.005788
2024-07-05,3.095,0.00097
2024-07-08,3.072,-0.007431
2024-07-09,3.112,0.013021
2024-07-10,3.11,-0.000643
2024-07-11,3.138,0.009003
2024-07-12,3.144,0.001912
2024-07-15,3.14,-0.001272
2024-07-16,3.172,0.010191
2024-07-17,3.169,-0.000946
2024-07-18,3.194,0.007889
2024-07-19,3.205,0.003444
2024-07-22,3.208,0.000936
2024-07-23,3.139,-0.021509
2024-07-24,3.118,-0.00669
2024-07-25,3.109,-0.002886
2024-07-26,3.132,0.007398
2024-07-29,3.113,-0.006066
2024-07-30,3.113,0.0
2024-07-31,3.173,0.019274
2024-08-01,3.163,-0.003152
2024-08-02,3.126,-0.011698
2024-08-05,3.081,-0.014395
2024-08-06,3.107,0.008439
2024-08-07,3.102,-0.001609
2024-08-08,3.101,-0.000322
2024-08-09,3.091,-0.003225
2024-08-12,3.082,-0.002912
2024-08-13,3.087,0.001622
2024-08-14,3.06,-0.008746
2024-08-15,3.067,0.002288
2024-08-16,3.066,-0.000326
2024-08-19,3.056,-0.003262
2024-08-20,3.032,-0.007853
2024-08-21,3.03,-0.00066
2024-08-22,3.017,-0.00429
2024-08-23,3.012,-0.001657
2024-08-26,3.01,-0.000664
2024-08-27,2.993,-0.005648
2024-08-28,3.0,0.002339
2024-08-29,3.023,0.007667
2024-08-30,3.066,0.014224
2024-09-02,3.016,-0.016308
2024-09-03,3.038,0.007294
2024-09-04,3.033,-0.001646
2024-09-05,3.037,0.001319
2024-09-06,3.005,-0.010537
2024-09-09,2.994,-0.003661
2024-09-10,3.001,0.002338
2024-09-11,3.012,0.003665
2024-09-12,2.997,-0.00498
2024-09-13,2.976,-0.007007
2024-09-18,2.978,0.000672
2024-09-19,2.989,0.003694
2024-09-20,2.977,-0.004015
2024-09-23,2.967,-0.003359
2024-09-24,3.036,0.023256
2024-09-25,3.047,0.003623
2024-09-26,3.124,0.025271
2024-09-27,3.244,0.038412
2024-09-30,3.465,0.068126
2024-10-08,3.693,0.065801
2024-10-09,3.553,-0.03791
2024-10-10,3.505,-0.01351
2024-10-11,3.407,-0.02796
2024-10-14,3.464,0.01673
2024-10-15,3.428,-0.010393
2024-10-16,3.405,-0.006709
2024-10-17,3.401,-0.001175
2024-10-18,3.522,0.035578
2024-10-21,3.558,0.010221
2024-10-22,3.558,0.0
2024-10-23,3.561,0.000843
2024-10-24,3.533,-0.007863
2024-10-25,3.571,0.010756
2024-10-28,3.569,-0.00056
2024-10-29,3.546,-0.006444
2024-10-30,3.543,-0.000846
2024-10-31,3.549,0.001693
2024-11-01,3.513,-0.010144
2024-11-04,3.561,0.013664
2024-11-05,3.637,0.021342
2024-11-06,3.639,0.00055
2024-11-07,3.681,0.011542
2024-11-08,3.709,0.007607
2024-11-11,3.771,0.016716
2024-11-12,3.744,-0.00716
2024-11-13,3.739,-0.001335
2024-11-14,3.666,-0.019524
2024-11-15,3.598,-0.018549
2024-11-18,3.566,-0.008894
2024-11-19,3.604,0.010656
2024-11-20,3.623,0.005272
2024-11-21,3.621,-0.000552
2024-11-22,3.547,-0.020436
2024-11-25,3.54,-0.001973
2024-11-26,3.53,-0.002825
2024-11-27,3.582,0.014731
2024-11-28,3.572,-0.002792
2024-11-29,3.607,0.009798
2024-12-02,3.628,0.005822
2024-12-03,3.611,-0.004686
2024-12-04,3.586,-0.006923
2024-12-05,3.589,0.000837
2024-12-06,3.609,0.005573
2024-12-09,3.587,-0.006096
2024-12-10,3.6,0.003624
2024-12-11,3.599,-0.000278
2024-12-12,3.629,0.008336
2024-12-13,3.574,-0.015156
2024-12-16,3.542,-0.008954
2024-12-17,3.534,-0.002259
2024-12-18,3.546,0.003396
2024-12-19,3.547,0.000282
2024-12-20,3.549,0.000564
2024-12-23,3.508,-0.011553
2024-12-24,3.527,0.005416
2024-12-25,3.515,-0.003402
2024-12-26,3.531,0.004552
2024-12-27,3.522,-0.002549
2024-12-30,3.514,-0.002271
2024-12-31,3.467,-0.013375
2025-01-02,3.4,-0.019325
2025-01-03,3.369,-0.009118
2025-01-06,3.365,-0.001187
2025-01-07,3.391,0.007727
2025-01-08,3.375,-0.004718
2025-01-09,3.4,0.007407
2025-01-10,3.374,-0.007647
2025-01-13,3.378,0.001186
2025-01-14,3.452,0.021906
2025-01-15,3.419,-0.00956
2025-01-16,3.426,0.002047
2025-01-17,3.449,0.006713
2025-01-20,3.46,0.003189
2025-01-21,3.468,0.002312
2025-01-22,3.453,-0.004325
2025-01-23,3.441,-0.003475
2025-01-24,3.471,0.008718
2025-01-27,3.445,-0.007491
2025-02-05,3.455,0.002903
2025-02-06,3.521,0.019103
2025-02-07,3.549,0.007952
2025-02-10,3.559,0.002818
2025-02-11,3.533,-0.007305
2025-02-12,3.555,0.006227
2025-02-13,3.533,-0.006188
2025-02-14,3.554,0.005944
2025-02-17,3.564,0.002814
2025-02-18,3.531,-0.009259
2025-02-19,3.584,0.01501
2025-02-20,3.601,0.004743
2025-02-21,3.648,0.013052
2025-02-24,3.642,-0.001645
2025-02-25,3.626,-0.004393
2025-02-26,3.653,0.007446
2025-02-27,3.632,-0.005749
2025-02-28,3.558,-0.020374
2025-03-03,3.567,0.00253
2025-03-04,3.589,0.006168
2025-03-05,3.595,0.001672
2025-03-06,3.648,0.014743
2025-03-07,3.647,-0.000274
2025-03-10,3.657,0.002742
2025-03-11,3.662,0.001367
2025-03-12,3.649,-0.00355
2025-03-13,3.627,-0.006029
2025-03-14,3.665,0.010477
2025-03-17,3.654,-0.003001
2025-03-18,3.66,0.001642
2025-03-19,3.641,-0.005191
2025-03-20,3.631,-0.002746
2025-03-21,3.587,-0.012118
2025-03-24,3.585,-0.000558
2025-03-25,3.583,-0.000558
2025-03-26,3.582,-0.000279
2025-03-27,3.589,0.001954
2025-03-28,3.569,-0.005573
2025-03-31,3.549,-0.005604
2025-04-01,3.568,0.005354
2025-04-02,3.554,-0.003924
2025-04-03,3.534,-0.005627
2025-04-07,3.348,-0.052632
2025-04-08,3.353,0.001493
2025-04-09,3.409,0.016701
2025-04-10,3.446,0.010854
2025-04-11,3.47,0.006965
2025-04-14,3.479,0.002594
2025-04-15,3.457,-0.006324
2025-04-16,3.451,-0.001736
2025-04-17,3.452,0.00029
2025-04-18,3.446,-0.001738
2025-04-21,3.481,0.010157
2025-04-22,3.478,-0.000862
2025-04-23,3.479,0.000288
2025-04-24,3.462,-0.004886
2025-04-25,3.469,0.002022
2025-04-28,3.463,-0.00173
2025-04-29,3.468,0.001444
2025-04-30,3.482,0.004037
2025-05-06,3.516,0.009765
2025-05-07,3.528,0.003413
2025-05-08,3.54,0.003401
2025-05-09,3.502,-0.010734
2025-05-12,3.536,0.009709
2025-05-13,3.52,-0.004525
2025-05-14,3.524,0.001136
2025-05-15,3.483,-0.011635
2025-05-16,3.482,-0.000287
2025-05-19,3.481,-0.000287
2025-05-20,3.489,0.002298
2025-05-21,3.497,0.002293
2025-05-22,3.477,-0.005719
2025-05-23,3.453,-0.006903
2025-05-26,3.458,0.001448
2025-05-27,3.438,-0.005784
2025-05-28,3.429,-0.002618
2025-05-29,3.469,0.011665
2025-05-30,3.448,-0.006054
2025-06-03,3.459,0.00319
2025-06-04,3.47,0.00318
2025-06-05,3.488,0.005187
2025-06-06,3.484,-0.001147
2025-06-09,3.496,0.003444
2025-06-10,3.466,-0.008581
2025-06-11,3.478,0.003462
2025-06-12,3.471,-0.002013
2025-06-13,3.457,-0.004033
2025-06-16,3.47,0.00376
2025-06-17,3.46,-0.002882
2025-06-18,3.473,0.003757
2025-06-19,3.457,-0.004607
2025-06-20,3.438,-0.005496
2025-06-23,3.462,0.006981
2025-06-24,3.495,0.009532
2025-06-25,3.54,0.012876
2025-06-26,3.526,-0.003955
2025-06-27,3.535,0.002552
2025-06-30,3.58,0.01273
2025-07-01,3.578,-0.000559
2025-07-02,3.543,-0.009782
2025-07-03,3.559,0.004516
2025-07-04,3.564,0.001405
2025-07-07,3.544,-0.005612
2025-07-08,3.585,0.011569
2025-07-09,3.577,-0.002232
2025-07-10,3.579,0.000559
2025-07-11,3.598,0.005309
2025-07-14,3.591,-0.001946
2025-07-15,3.619,0.007797
2025-07-16,3.623,0.001105
2025-07-17,3.661,0.010489
2025-07-18,3.668,0.001912
2025-07-21,3.694,0.007088
2025-07-22,3.708,0.00379
2025-07-23,3.711,0.000809
2025-07-24,3.753,0.011318
2025-07-25,3.769,0.004263
2025-07-28,3.801,0.00849
2025-07-29,3.837,0.009471
2025-07-30,3.813,-0.006255
2025-07-31,3.797,-0.004196
2025-08-01,3.779,-0.004741
2025-08-04,3.786,0.001852
2025-08-05,3.788,0.000528
2025-08-06,3.797,0.002376
2025-08-07,3.786,-0.002897
2025-08-08,3.762,-0.006339
2025-08-11,3.791,0.007709
2025-08-12,3.801,0.002638
2025-08-13,3.862,0.016048
2025-08-14,3.835,-0.006991
2025-08-15,3.898,0.016428
2025-08-18,3.941,0.011031
2025-08-19,3.919,-0.005582
2025-08-20,3.95,0.00791
2025-08-21,3.956,0.001519
2025-08-22,4.053,0.02452
2025-08-25,4.094,0.010116
2025-08-26,4.08,-0.00342
2025-08-27,4.053,-0.006618
2025-08-28,4.151,0.02418
2025-08-29,4.149,-0.000482
2025-09-01,4.177,0.006749
2025-09-02,4.095,-0.019631
2025-09-03,4.075,-0.004884
2025-09-04,3.957,-0.028957
2025-09-05,4.064,0.027041
2025-09-08,4.078,0.003445
2025-09-09,4.028,-0.012261
2025-09-10,4.042,0.003476
2025-09-11,4.148,0.026225
2025-09-12,4.142,-0.001446
2025-09-15,4.171,0.007001
2025-09-16,4.189,0.004316
2025-09-17,4.23,0.009788
2025-09-18,4.255,0.00591
2025-09-19,4.236,-0.004465
2025-09-22,4.275,0.009207
2025-09-23,4.276,0.000234
2025-09-24,4.348,0.016838
2025-09-25,4.365,0.00391
2025-09-26,4.314,-0.011684
2025-09-29,4.372,0.013445
2025-09-30,4.427,0.01258
2025-10-09,4.475,0.010843
2025-10-10,4.352,-0.027486
2025-10-13,4.35,-0.00046
2025-10-14,4.226,-0.028506
2025-10-15,4.29,0.015144
2025-10-16,4.273,-0.003963
2025-10-17,4.174,-0.023169
2025-10-20,4.197,0.00551
2025-10-21,4.254,0.013581
2025-10-22,4.238,-0.003761
2025-10-23,4.228,-0.00236
2025-10-24,4.315,0.020577
2025-10-27,4.375,0.013905
2025-10-28,4.367,-0.001829
2025-10-29,4.411,0.010076
2025-10-30,4.381,-0.006801
2025-10-31,4.34,-0.009359
2025-11-03,4.331,-0.002074
2025-11-04,4.292,-0.009005
2025-11-05,4.28,-0.002796
2025-11-06,4.341,0.014252
2025-11-07,4.308,-0.007602
2025-11-10,4.292,-0.003714
2025-11-11,4.249,-0.010019
2025-11-12,4.238,-0.002589
2025-11-13,4.273,0.008259
2025-11-14,4.21,-0.014744
2025-11-17,4.2,-0.002375
2025-11-18,4.203,0.000714
2025-11-19,4.192,-0.002617
2025-11-20,4.158,-0.008111
2025-11-21,4.073,-0.020443
2025-11-24,4.113,0.009821
2025-11-25,4.151,0.009239
2025-11-26,4.177,0.006264
2025-11-27,4.163,-0.003352
2025-11-28,4.192,0.006966
2025-12-01,4.225,0.007872
2025-12-02,4.2,-0.005917
2025-12-03,4.18,-0.004762
2025-12-04,4.209,0.006938
2025-12-05,4.231,0.005227
2025-12-08,4.27,0.009218
2025-12-09,4.268,-0.000468
2025-12-10,4.27,0.000469
2025-12-11,4.241,-0.006792
2025-12-12,4.278,0.008724
2025-12-15,4.244,-0.007948
2025-12-16,4.201,-0.010132
2025-12-17,4.27,0.016425
2025-12-18,4.236,-0.007963
2025-12-19,4.245,0.002125
2025-12-22,4.299,0.012721
2025-12-23,4.305,0.001396
2025-12-24,4.348,0.009988
2025-12-25,4.365,0.00391
2025-12-26,4.36,-0.001145
2025-12-29,4.355,-0.001147
2025-12-30,4.366,0.002526
2025-12-31,4.352,-0.003207
2026-01-05,4.448,0.022059
2026-01-06,4.505,0.012815
2026-01-07,4.55,0.009989
2026-01-08,4.562,0.002637
2026-01-09,4.597,0.007672
2026-01-12,4.661,0.013922
2026-01-13,4.587,-0.015876
2026-01-14,4.597,0.00218
2026-01-15,4.615,0.003916
2026-01-16,4.636,0.00455
2026-01-19,4.646,0.002157
2026-01-20,4.602,-0.009471
2026-01-21,4.642,0.008692
2026-01-22,4.65,0.001723
2026-01-23,4.664,0.003011
2026-01-26,4.604,-0.012864
2026-01-27,4.656,0.011295
2026-01-28,4.673,0.003651
2026-01-29,4.616,-0.012198
2026-01-30,4.587,-0.006282
2026-02-02,4.457,-0.028341
2026-02-03,4.531,0.016603
2026-02-04,4.514,-0.003752
2026-02-05,4.478,-0.007975
2026-02-06,4.465,-0.002903
2026-02-09,4.546,0.018141
2026-02-10,4.55,0.00088
2026-02-11,4.525,-0.005495
2026-02-12,4.558,0.007293
2026-02-13,4.546,-0.002633
2026-02-24,4.555,0.00198
2026-02-25,4.605,0.010977
2026-02-26,4.624,0.004126
2026-02-27,4.602,-0.004758
2026-03-02,4.586,-0.003477
2026-03-03,4.441,-0.031618
2026-03-04,4.419,-0.004954
2026-03-05,4.461,0.009504
2026-03-06,4.476,0.003362
2026-03-09,4.423,-0.011841
2026-03-10,4.496,0.016505
2026-03-11,4.486,-0.002224
2026-03-12,4.454,-0.007133
2026-03-13,4.418,-0.008083
2026-03-16,4.436,0.004074
2026-03-17,4.368,-0.015329
2026-03-18,4.41,0.009615
2026-03-19,4.33,-0.018141
2026-03-20,4.313,-0.003926
2026-03-23,4.188,-0.028982
2026-03-24,4.232,0.010506
2026-03-25,4.295,0.014887
2026-03-26,4.24,-0.012806
2026-03-27,4.272,0.007547
2026-03-30,4.275,0.000702
2026-03-31,4.209,-0.015439
2026-04-01,4.287,0.018532
2026-04-02,4.229,-0.013529
2026-04-03,4.204,-0.005912
2026-04-07,4.214,0.002379
2026-04-08,4.375,0.038206
2026-04-09,4.367,-0.001829
2026-04-10,4.426,0.01351
2026-04-13,4.435,0.002033
2026-04-14,4.505,0.015784
2026-04-15,4.486,-0.004218
2026-04-16,4.545,0.013152
2026-04-17,4.561,0.00352
2026-04-20,4.584,0.005043
2026-04-21,4.568,-0.00349
2026-04-22,4.62,0.011384
2026-04-23,4.585,-0.007576
2026-04-24,4.59,0.001091
2026-04-27,4.652,0.013508
2026-04-28,4.611,-0.008813
2026-04-29,4.64,0.006289
2026-04-30,4.696,0.012069
2026-05-06,4.78,0.017888
2026-05-07,4.833,0.011088
2026-05-08,4.788,-0.009311
2026-05-11,4.883,0.019841
2026-05-12,4.928,0.009216
2026-05-13,4.992,0.012987
2026-05-14,4.899,-0.01863
2026-05-15,4.909,0.002041
2026-05-18,4.921,0.002444
2026-05-19,4.97,0.009957
2026-05-20,5.073,0.020724
2026-05-21,4.983,-0.017741
2026-05-22,5.063,0.016055
2026-05-25,5.234,0.033774
2026-05-26,5.236,0.000382
2026-05-27,5.145,-0.01738
2026-05-28,5.187,0.008163
2026-05-29,5.069,-0.022749
2026-06-01,4.934,-0.026632
2026-06-02,5.015,0.016417
2026-06-03,5.078,0.012562
2026-06-04,5.109,0.006105
2026-06-05,4.969,-0.027403
2026-06-08,4.857,-0.02254
2026-06-09,5.017,0.032942
2026-06-10,4.96,-0.011361
2026-06-11,4.983,0.004637
2026-06-12,4.985,0.000401
2026-06-15,5.161,0.035306
2026-06-16,5.195,0.006588
2026-06-17,5.333,0.026564
2026-06-18,5.437,0.019501
2026-06-22,5.509,0.013243
2026-06-23,5.417,-0.0167
2026-06-24,5.561,0.026583
2026-06-25,5.675,0.0205
2026-06-26,5.603,-0.012687
2026-06-29,5.762,0.028378
2026-06-30,5.908,0.025338
2026-07-01,5.805,-0.017434
2026-07-02,5.475,-0.056848
2026-07-03,5.453,-0.004018
2026-07-06,5.447,-0.0011
2026-07-07,5.465,0.003305
2026-07-08,5.493,0.005124
2026-07-09,5.789,0.053887
2026-07-10,5.541,-0.04284
2026-07-13,5.418,-0.022198
2026-07-14,5.496,0.014396
2026-07-15,5.36,-0.024745
2026-07-16,5.194,-0.03097
2026-07-17,4.939,-0.049095
2026-07-20,4.889,-0.010124
2026-07-21,5.273,0.078544
2026-07-22,5.195,-0.014792
2026-07-23,5.092,-0.019827
2026-07-24,5.074,-0.003535
2026-07-27,5.158,0.016555
2026-07-28,4.889,-0.052152
2026-07-29,4.883,-0.001227
2026-07-30,4.667,-0.044235
2026-07-31,4.751,0.017999
2026-08-03,4.593,-0.033256
2026-08-04,4.77,0.038537
2026-08-05,4.907,0.028721
2026-08-06,4.937,0.006114
2026-08-07,5.034,0.019648
2026-08-10,5.02,-0.002781
2026-08-11,5.002,-0.003586
2026-08-12,5.081,0.015794
2026-08-13,5.043,-0.007479
2026-08-14,5.057,0.002776
2026-08-17,5.213,0.030848
2026-08-18,5.216,0.000575
2026-08-19,4.942,-0.052531
2026-08-20,4.954,0.002428
2026-08-21,4.983,0.005854
2026-08-24,4.883,-0.020068
2026-08-25,4.849,-0.006963
2026-08-26,4.901,0.010724
2026-08-27,4.992,0.018568
2026-08-28,4.929,-0.01262
2026-08-31,4.96,0.006289
2026-09-01,4.871,-0.017944
2026-09-02,4.811,-0.012318
2026-09-03,4.794,-0.003534
2026-09-04,4.706,-0.018356
2026-09-07,4.834,0.027199
2026-09-08,4.794,-0.008275
2026-09-09,4.795,0.000209
2026-09-10,4.778,-0.003545
2026-09-11,4.746,-0.006697
2026-09-14,4.688,-0.012221
2026-09-15,4.727,0.008319
2026-09-16,4.851,0.026232
2026-09-17,4.85,-0.000206
2026-09-18,4.947,0.02
2026-09-21,4.946,-0.000202
2026-09-22,4.938,-0.001617
2026-09-23,4.926,-0.00243
2026-09-24,4.835,-0.018473
2026-09-28,4.672,-0.033713
2026-09-29,4.681,0.001926
2026-09-30,4.614,-0.014313
