净值日期,累计净值,daily_return
2009-12-11,1.0,
2009-12-18,0.987,-0.013
2009-12-25,0.995,0.008105
2009-12-31,1.015,0.020101
2010-01-08,0.993,-0.021675
2010-01-15,0.991,-0.002014
2010-01-22,0.959,-0.032291
2010-01-29,0.922,-0.038582
2010-02-05,0.912,-0.010846
2010-02-12,0.931,0.020833
2010-02-26,0.948,0.01826
2010-03-05,0.939,-0.009494
2010-03-08,0.948,0.009585
2010-03-09,0.952,0.004219
2010-03-10,0.943,-0.009454
2010-03-11,0.941,-0.002121
2010-03-12,0.93,-0.01169
2010-03-15,0.918,-0.012903
2010-03-16,0.924,0.006536
2010-03-17,0.943,0.020563
2010-03-18,0.941,-0.002121
2010-03-19,0.945,0.004251
2010-03-22,0.948,0.003175
2010-03-23,0.943,-0.005274
2010-03-24,0.945,0.002121
2010-03-25,0.936,-0.009524
2010-03-26,0.947,0.011752
2010-03-29,0.965,0.019007
2010-03-30,0.967,0.002073
2010-03-31,0.964,-0.003102
2010-04-01,0.975,0.011411
2010-04-02,0.978,0.003077
2010-04-06,0.977,-0.001022
2010-04-07,0.972,-0.005118
2010-04-08,0.965,-0.007202
2010-04-09,0.974,0.009326
2010-04-12,0.972,-0.002053
2010-04-13,0.977,0.005144
2010-04-14,0.98,0.003071
2010-04-15,0.976,-0.004082
2010-04-16,0.969,-0.007172
2010-04-19,0.931,-0.039216
2010-04-20,0.934,0.003222
2010-04-21,0.953,0.020343
2010-04-22,0.95,-0.003148
2010-04-23,0.946,-0.004211
2010-04-26,0.943,-0.003171
2010-04-27,0.929,-0.014846
2010-04-28,0.928,-0.001076
2010-04-29,0.914,-0.015086
2010-04-30,0.91,-0.004376
2010-05-04,0.906,-0.004396
2010-05-05,0.918,0.013245
2010-05-06,0.898,-0.021786
2010-05-07,0.883,-0.016704
2010-05-10,0.879,-0.00453
2010-05-11,0.864,-0.017065
2010-05-12,0.86,-0.00463
2010-05-13,0.876,0.018605
2010-05-14,0.879,0.003425
2010-05-17,0.852,-0.030717
2010-05-18,0.86,0.00939
2010-05-19,0.862,0.002326
2010-05-20,0.856,-0.006961
2010-05-21,0.868,0.014019
2010-05-24,0.889,0.024194
2010-05-25,0.879,-0.011249
2010-05-26,0.877,-0.002275
2010-05-27,0.888,0.012543
2010-05-28,0.889,0.001126
2010-05-31,0.875,-0.015748
2010-06-01,0.866,-0.010286
2010-06-02,0.869,0.003464
2010-06-03,0.868,-0.001151
2010-06-04,0.872,0.004608
2010-06-07,0.868,-0.004587
2010-06-08,0.87,0.002304
2010-06-09,0.889,0.021839
2010-06-10,0.887,-0.00225
2010-06-11,0.885,-0.002255
2010-06-17,0.876,-0.010169
2010-06-18,0.854,-0.025114
2010-06-21,0.873,0.022248
2010-06-22,0.876,0.003436
2010-06-23,0.871,-0.005708
2010-06-24,0.872,0.001148
2010-06-25,0.863,-0.010321
2010-06-28,0.856,-0.008111
2010-06-29,0.822,-0.03972
2010-06-30,0.819,-0.00365
2010-07-01,0.806,-0.015873
2010-07-02,0.804,-0.002481
2010-07-05,0.801,-0.003731
2010-07-06,0.816,0.018727
2010-07-07,0.824,0.009804
2010-07-08,0.823,-0.001214
2010-07-09,0.841,0.021871
2010-07-12,0.847,0.007134
2010-07-13,0.838,-0.010626
2010-07-14,0.841,0.00358
2010-07-15,0.83,-0.01308
2010-07-16,0.831,0.001205
2010-07-19,0.847,0.019254
2010-07-20,0.862,0.01771
2010-07-21,0.864,0.00232
2010-07-22,0.873,0.010417
2010-07-23,0.875,0.002291
2010-07-26,0.882,0.008
2010-07-27,0.88,-0.002268
2010-07-28,0.897,0.019318
2010-07-29,0.897,0.0
2010-07-30,0.896,-0.001115
2010-08-02,0.91,0.015625
2010-08-03,0.899,-0.012088
2010-08-04,0.902,0.003337
2010-08-05,0.902,0.0
2010-08-06,0.913,0.012195
2010-08-09,0.919,0.006572
2010-08-10,0.897,-0.023939
2010-08-11,0.903,0.006689
2010-08-12,0.897,-0.006645
2010-08-13,0.908,0.012263
2010-08-16,0.926,0.019824
2010-08-17,0.934,0.008639
2010-08-18,0.933,-0.001071
2010-08-19,0.932,-0.001072
2010-08-20,0.916,-0.017167
2010-08-23,0.919,0.003275
2010-08-24,0.926,0.007617
2010-08-25,0.912,-0.015119
2010-08-26,0.917,0.005482
2010-08-27,0.921,0.004362
2010-08-30,0.94,0.02063
2010-08-31,0.94,0.0
2010-09-01,0.933,-0.007447
2010-09-02,0.942,0.009646
2010-09-03,0.948,0.006369
2010-09-06,0.951,0.003165
2010-09-07,0.952,0.001052
2010-09-08,0.955,0.003151
2010-09-09,0.945,-0.010471
2010-09-10,0.951,0.006349
2010-09-13,0.964,0.01367
2010-09-14,0.966,0.002075
2010-09-15,0.949,-0.017598
2010-09-16,0.935,-0.014752
2010-09-17,0.94,0.005348
2010-09-20,0.938,-0.002128
2010-09-21,0.941,0.003198
2010-09-27,0.954,0.013815
2010-09-28,0.948,-0.006289
2010-09-29,0.941,-0.007384
2010-09-30,0.954,0.013815
2010-10-08,0.973,0.019916
2010-10-11,0.97,-0.003083
2010-10-12,0.971,0.001031
2010-10-13,0.986,0.015448
2010-10-14,0.973,-0.013185
2010-10-15,0.992,0.019527
2010-10-18,0.982,-0.010081
2010-10-19,1.01,0.028513
2010-10-20,1.021,0.010891
2010-10-21,1.018,-0.002938
2010-10-22,1.022,0.003929
2010-10-25,1.053,0.030333
2010-10-26,1.049,-0.003799
2010-10-27,1.034,-0.014299
2010-10-28,1.026,-0.007737
2010-10-29,1.027,0.000975
2010-11-01,1.062,0.03408
2010-11-02,1.05,-0.011299
2010-11-03,1.028,-0.020952
2010-11-04,1.048,0.019455
2010-11-05,1.058,0.009542
2010-11-08,1.067,0.008507
2010-11-09,1.069,0.001874
2010-11-10,1.069,0.0
2010-11-11,1.071,0.001871
2010-11-12,1.02,-0.047619
2010-11-15,1.028,0.007843
2010-11-16,0.997,-0.030156
2010-11-17,0.969,-0.028084
2010-11-18,0.978,0.009288
2010-11-19,0.997,0.019427
2010-11-22,1.006,0.009027
2010-11-23,0.993,-0.012922
2010-11-24,1.008,0.015106
2010-11-25,1.014,0.005952
2010-11-26,1.008,-0.005917
2010-11-29,1.011,0.002976
2010-11-30,0.995,-0.015826
2010-12-01,0.992,-0.003015
2010-12-02,0.995,0.003024
2010-12-03,0.991,-0.00402
2010-12-06,0.987,-0.004036
2010-12-07,0.996,0.009119
2010-12-08,0.998,0.002008
2010-12-09,0.985,-0.013026
2010-12-10,0.995,0.010152
2010-12-13,1.019,0.024121
2010-12-14,1.022,0.002944
2010-12-15,1.02,-0.001957
2010-12-16,1.018,-0.001961
2010-12-17,1.019,0.000982
2010-12-20,1.011,-0.007851
2010-12-21,1.021,0.009891
2010-12-22,1.016,-0.004897
2010-12-23,0.998,-0.017717
2010-12-24,0.984,-0.014028
2010-12-27,0.958,-0.026423
2010-12-28,0.939,-0.019833
2010-12-29,0.953,0.014909
2010-12-30,0.959,0.006296
2010-12-31,0.975,0.016684
2011-01-04,0.992,0.017436
2011-01-05,0.992,0.0
2011-01-06,0.986,-0.006048
2011-01-07,0.982,-0.004057
2011-01-10,0.959,-0.023422
2011-01-11,0.956,-0.003128
2011-01-12,0.954,-0.002092
2011-01-13,0.956,0.002096
2011-01-14,0.943,-0.013598
2011-01-17,0.908,-0.037116
2011-01-18,0.91,0.002203
2011-01-19,0.931,0.023077
2011-01-20,0.904,-0.029001
2011-01-21,0.909,0.005531
2011-01-24,0.898,-0.012101
2011-01-25,0.881,-0.018931
2011-01-26,0.896,0.017026
2011-01-27,0.912,0.017857
2011-01-28,0.919,0.007675
2011-01-31,0.935,0.01741
2011-02-01,0.934,-0.00107
2011-02-09,0.934,0.0
2011-02-10,0.946,0.012848
2011-02-11,0.955,0.009514
2011-02-14,0.974,0.019895
2011-02-15,0.973,-0.001027
2011-02-16,0.985,0.012333
2011-02-17,0.988,0.003046
2011-02-18,0.974,-0.01417
2011-02-21,0.995,0.021561
2011-02-22,0.974,-0.021106
2011-02-23,0.978,0.004107
2011-02-24,0.976,-0.002045
2011-02-25,0.979,0.003074
2011-02-28,0.993,0.0143
2011-03-01,0.996,0.003021
2011-03-02,0.992,-0.004016
2011-03-03,0.98,-0.012097
2011-03-04,0.988,0.008163
2011-03-07,0.997,0.009109
2011-03-08,0.994,-0.003009
2011-03-09,0.999,0.00503
2011-03-10,0.988,-0.011011
2011-03-11,0.983,-0.005061
2011-03-14,0.99,0.007121
2011-03-15,0.976,-0.014141
2011-03-16,0.986,0.010246
2011-03-17,0.97,-0.016227
2011-03-18,0.972,0.002062
2011-03-21,0.962,-0.010288
2011-03-22,0.966,0.004158
2011-03-23,0.976,0.010352
2011-03-24,0.977,0.001025
2011-03-25,0.984,0.007165
2011-03-28,0.971,-0.013211
2011-03-29,0.955,-0.016478
2011-03-30,0.954,-0.001047
2011-03-31,0.947,-0.007338
2011-04-01,0.953,0.006336
2011-04-06,0.95,-0.003148
2011-04-07,0.961,0.011579
2011-04-08,0.972,0.011446
2011-04-11,0.964,-0.00823
2011-04-12,0.96,-0.004149
2011-04-13,0.972,0.0125
2011-04-14,0.968,-0.004115
2011-04-15,0.967,-0.001033
2011-04-18,0.966,-0.001034
2011-04-19,0.95,-0.016563
2011-04-20,0.954,0.004211
2011-04-21,0.96,0.006289
2011-04-22,0.953,-0.007292
2011-04-25,0.939,-0.01469
2011-04-26,0.934,-0.005325
2011-04-27,0.926,-0.008565
2011-04-28,0.901,-0.026998
2011-04-29,0.912,0.012209
2011-05-03,0.924,0.013158
2011-05-04,0.902,-0.02381
2011-05-05,0.901,-0.001109
2011-05-06,0.904,0.00333
2011-05-09,0.906,0.002212
2011-05-10,0.91,0.004415
2011-05-11,0.913,0.003297
2011-05-12,0.903,-0.010953
2011-05-13,0.903,0.0
2011-05-16,0.898,-0.005537
2011-05-17,0.895,-0.003341
2011-05-18,0.903,0.008939
2011-05-19,0.899,-0.00443
2011-05-20,0.895,-0.004449
2011-05-23,0.87,-0.027933
2011-05-24,0.873,0.003448
2011-05-25,0.864,-0.010309
2011-05-26,0.858,-0.006944
2011-05-27,0.85,-0.009324
2011-05-30,0.842,-0.009412
2011-05-31,0.854,0.014252
2011-06-01,0.862,0.009368
2011-06-02,0.853,-0.010441
2011-06-03,0.863,0.011723
2011-06-07,0.864,0.001159
2011-06-08,0.863,-0.001157
2011-06-09,0.843,-0.023175
2011-06-10,0.845,0.002372
2011-06-13,0.843,-0.002367
2011-06-14,0.86,0.020166
2011-06-15,0.852,-0.009302
2011-06-16,0.839,-0.015258
2011-06-17,0.832,-0.008343
2011-06-20,0.824,-0.009615
2011-06-21,0.838,0.01699
2011-06-22,0.837,-0.001193
2011-06-23,0.855,0.021505
2011-06-24,0.869,0.016374
2011-06-27,0.877,0.009206
2011-06-28,0.883,0.006842
2011-06-29,0.874,-0.010193
2011-06-30,0.885,0.012586
2011-07-01,0.888,0.00339
2011-07-04,0.906,0.02027
2011-07-05,0.91,0.004415
2011-07-06,0.912,0.002198
2011-07-07,0.912,0.0
2011-07-08,0.912,0.0
2011-07-11,0.916,0.004386
2011-07-12,0.908,-0.008734
2011-07-13,0.925,0.018722
2011-07-14,0.932,0.007568
2011-07-15,0.939,0.007511
2011-07-18,0.934,-0.005325
2011-07-19,0.925,-0.009636
2011-07-20,0.924,-0.001081
2011-07-21,0.915,-0.00974
2011-07-22,0.922,0.00765
2011-07-25,0.896,-0.0282
2011-07-26,0.896,0.0
2011-07-27,0.91,0.015625
2011-07-28,0.906,-0.004396
2011-07-29,0.892,-0.015453
2011-08-01,0.896,0.004484
2011-08-02,0.891,-0.00558
2011-08-03,0.896,0.005612
2011-08-04,0.901,0.00558
2011-08-05,0.891,-0.011099
2011-08-08,0.861,-0.03367
2011-08-09,0.867,0.006969
2011-08-10,0.881,0.016148
2011-08-11,0.893,0.013621
2011-08-12,0.897,0.004479
2011-08-15,0.906,0.010033
2011-08-16,0.901,-0.005519
2011-08-17,0.896,-0.005549
2011-08-18,0.879,-0.018973
2011-08-19,0.867,-0.013652
2011-08-22,0.849,-0.020761
2011-08-23,0.863,0.01649
2011-08-24,0.865,0.002317
2011-08-25,0.882,0.019653
2011-08-26,0.882,0.0
2011-08-29,0.873,-0.010204
2011-08-30,0.866,-0.008018
2011-08-31,0.863,-0.003464
2011-09-01,0.855,-0.00927
2011-09-02,0.849,-0.007018
2011-09-05,0.823,-0.030624
2011-09-06,0.812,-0.013366
2011-09-07,0.83,0.022167
2011-09-08,0.823,-0.008434
2011-09-09,0.812,-0.013366
2011-09-13,0.803,-0.011084
2011-09-14,0.808,0.006227
2011-09-15,0.811,0.003713
2011-09-16,0.812,0.001233
2011-09-19,0.794,-0.022167
2011-09-20,0.801,0.008816
2011-09-21,0.828,0.033708
2011-09-22,0.805,-0.027778
2011-09-23,0.804,-0.001242
2011-09-26,0.794,-0.012438
2011-09-27,0.798,0.005038
2011-09-28,0.791,-0.008772
2011-09-29,0.771,-0.025284
2011-09-30,0.764,-0.009079
2011-10-10,0.756,-0.010471
2011-10-11,0.748,-0.010582
2011-10-12,0.771,0.030749
2011-10-13,0.783,0.015564
2011-10-14,0.783,0.0
2011-10-17,0.789,0.007663
2011-10-18,0.767,-0.027883
2011-10-19,0.76,-0.009126
2011-10-20,0.739,-0.027632
2011-10-21,0.725,-0.018945
2011-10-24,0.74,0.02069
2011-10-25,0.759,0.025676
2011-10-26,0.769,0.013175
2011-10-27,0.768,-0.0013
2011-10-28,0.784,0.020833
2011-10-31,0.787,0.003827
2011-11-01,0.792,0.006353
2011-11-02,0.805,0.016414
2011-11-03,0.804,-0.001242
2011-11-04,0.806,0.002488
2011-11-07,0.799,-0.008685
2011-11-08,0.794,-0.006258
2011-11-09,0.806,0.015113
2011-11-10,0.793,-0.016129
2011-11-11,0.794,0.001261
2011-11-14,0.81,0.020151
2011-11-15,0.81,0.0
2011-11-16,0.793,-0.020988
2011-11-17,0.79,-0.003783
2011-11-18,0.771,-0.024051
2011-11-21,0.772,0.001297
2011-11-22,0.775,0.003886
2011-11-23,0.771,-0.005161
2011-11-24,0.773,0.002594
2011-11-25,0.77,-0.003881
2011-11-28,0.768,-0.002597
2011-11-29,0.779,0.014323
2011-11-30,0.756,-0.029525
2011-12-01,0.769,0.017196
2011-12-02,0.756,-0.016905
2011-12-05,0.737,-0.025132
2011-12-06,0.737,0.0
2011-12-07,0.738,0.001357
2011-12-08,0.74,0.00271
2011-12-09,0.735,-0.006757
2011-12-12,0.728,-0.009524
2011-12-13,0.712,-0.021978
2011-12-14,0.701,-0.015449
2011-12-15,0.69,-0.015692
2011-12-16,0.705,0.021739
2011-12-19,0.704,-0.001418
2011-12-20,0.702,-0.002841
2011-12-21,0.684,-0.025641
2011-12-22,0.681,-0.004386
2011-12-23,0.688,0.010279
2011-12-26,0.681,-0.010174
2011-12-27,0.669,-0.017621
2011-12-28,0.668,-0.001495
2011-12-29,0.67,0.002994
2011-12-30,0.682,0.01791
2011-12-31,0.682,0.0
2012-01-04,0.668,-0.020528
2012-01-05,0.65,-0.026946
2012-01-06,0.654,0.006154
2012-01-09,0.675,0.03211
2012-01-10,0.694,0.028148
2012-01-11,0.692,-0.002882
2012-01-12,0.692,0.0
2012-01-13,0.675,-0.024566
2012-01-16,0.657,-0.026667
2012-01-17,0.685,0.042618
2012-01-18,0.671,-0.020438
2012-01-19,0.682,0.016393
2012-01-20,0.694,0.017595
2012-01-30,0.685,-0.012968
2012-01-31,0.688,0.00438
2012-02-01,0.681,-0.010174
2012-02-02,0.693,0.017621
2012-02-03,0.702,0.012987
2012-02-06,0.702,0.0
2012-02-07,0.691,-0.01567
2012-02-08,0.707,0.023155
2012-02-09,0.71,0.004243
2012-02-10,0.714,0.005634
2012-02-13,0.715,0.001401
2012-02-14,0.713,-0.002797
2012-02-15,0.72,0.009818
2012-02-16,0.718,-0.002778
2012-02-17,0.717,-0.001393
2012-02-20,0.719,0.002789
2012-02-21,0.727,0.011127
2012-02-22,0.742,0.020633
2012-02-23,0.744,0.002695
2012-02-24,0.755,0.014785
2012-02-27,0.757,0.002649
2012-02-28,0.755,-0.002642
2012-02-29,0.745,-0.013245
2012-03-01,0.748,0.004027
2012-03-02,0.762,0.018717
2012-03-05,0.76,-0.002625
2012-03-06,0.753,-0.009211
2012-03-07,0.75,-0.003984
2012-03-08,0.759,0.012
2012-03-09,0.766,0.009223
2012-03-12,0.761,-0.006527
2012-03-13,0.769,0.010512
2012-03-14,0.746,-0.029909
2012-03-15,0.74,-0.008043
2012-03-16,0.75,0.013514
2012-03-19,0.752,0.002667
2012-03-20,0.74,-0.015957
2012-03-21,0.736,-0.005405
2012-03-22,0.738,0.002717
2012-03-23,0.73,-0.01084
2012-03-26,0.731,0.00137
2012-03-27,0.729,-0.002736
2012-03-28,0.711,-0.024691
2012-03-29,0.705,-0.008439
2012-03-30,0.71,0.007092
2012-03-31,0.71,0.0
2012-04-05,0.728,0.025352
2012-04-06,0.731,0.004121
2012-04-09,0.724,-0.009576
2012-04-10,0.732,0.01105
2012-04-11,0.733,0.001366
2012-04-12,0.747,0.0191
2012-04-13,0.747,0.0
2012-04-16,0.748,0.001339
2012-04-17,0.737,-0.014706
2012-04-18,0.754,0.023066
2012-04-19,0.753,-0.001326
2012-04-20,0.761,0.010624
2012-04-23,0.753,-0.010512
2012-04-24,0.754,0.001328
2012-04-25,0.761,0.009284
2012-04-26,0.762,0.001314
2012-04-27,0.756,-0.007874
2012-05-02,0.764,0.010582
2012-05-03,0.768,0.005236
2012-05-04,0.772,0.005208
2012-05-07,0.774,0.002591
2012-05-08,0.773,-0.001292
2012-05-09,0.762,-0.01423
2012-05-10,0.763,0.001312
2012-05-11,0.758,-0.006553
2012-05-14,0.755,-0.003958
2012-05-15,0.758,0.003974
2012-05-16,0.747,-0.014512
2012-05-17,0.761,0.018742
2012-05-18,0.75,-0.014455
2012-05-21,0.748,-0.002667
2012-05-22,0.761,0.01738
2012-05-23,0.762,0.001314
2012-05-24,0.756,-0.007874
2012-05-25,0.749,-0.009259
2012-05-28,0.762,0.017356
2012-05-29,0.771,0.011811
2012-05-30,0.773,0.002594
2012-05-31,0.773,0.0
2012-06-01,0.774,0.001294
2012-06-04,0.754,-0.02584
2012-06-05,0.755,0.001326
2012-06-06,0.753,-0.002649
2012-06-07,0.752,-0.001328
2012-06-08,0.749,-0.003989
2012-06-11,0.763,0.018692
2012-06-12,0.761,-0.002621
2012-06-13,0.774,0.017083
2012-06-14,0.767,-0.009044
2012-06-15,0.763,-0.005215
2012-06-18,0.768,0.006553
2012-06-19,0.762,-0.007812
2012-06-20,0.757,-0.006562
2012-06-21,0.748,-0.011889
2012-06-25,0.735,-0.01738
2012-06-26,0.737,0.002721
2012-06-27,0.738,0.001357
2012-06-28,0.731,-0.009485
2012-06-29,0.741,0.01368
2012-06-30,0.741,0.0
2012-07-02,0.742,0.00135
2012-07-03,0.742,0.0
2012-07-04,0.74,-0.002695
2012-07-05,0.729,-0.014865
2012-07-06,0.74,0.015089
2012-07-09,0.726,-0.018919
2012-07-10,0.721,-0.006887
2012-07-11,0.725,0.005548
2012-07-12,0.734,0.012414
2012-07-13,0.732,-0.002725
2012-07-16,0.711,-0.028689
2012-07-17,0.716,0.007032
2012-07-18,0.718,0.002793
2012-07-19,0.722,0.005571
2012-07-20,0.716,-0.00831
2012-07-23,0.71,-0.00838
2012-07-24,0.715,0.007042
2012-07-25,0.711,-0.005594
2012-07-26,0.705,-0.008439
2012-07-27,0.705,0.0
2012-07-30,0.699,-0.008511
2012-07-31,0.697,-0.002861
2012-08-01,0.704,0.010043
2012-08-02,0.694,-0.014205
2012-08-03,0.701,0.010086
2012-08-06,0.712,0.015692
2012-08-07,0.713,0.001404
2012-08-08,0.713,0.0
2012-08-09,0.719,0.008415
2012-08-10,0.717,-0.002782
2012-08-13,0.7,-0.02371
2012-08-14,0.703,0.004286
2012-08-15,0.697,-0.008535
2012-08-16,0.695,-0.002869
2012-08-17,0.695,0.0
2012-08-20,0.692,-0.004317
2012-08-21,0.698,0.008671
2012-08-22,0.691,-0.010029
2012-08-23,0.694,0.004342
2012-08-24,0.686,-0.011527
2012-08-27,0.675,-0.016035
2012-08-28,0.676,0.001481
2012-08-29,0.673,-0.004438
2012-08-30,0.672,-0.001486
2012-08-31,0.673,0.001488
2012-09-03,0.683,0.014859
2012-09-04,0.675,-0.011713
2012-09-05,0.678,0.004444
2012-09-06,0.682,0.0059
2012-09-07,0.707,0.036657
2012-09-10,0.711,0.005658
2012-09-11,0.707,-0.005626
2012-09-12,0.709,0.002829
2012-09-13,0.701,-0.011283
2012-09-14,0.702,0.001427
2012-09-17,0.685,-0.024217
2012-09-18,0.682,-0.00438
2012-09-19,0.686,0.005865
2012-09-20,0.672,-0.020408
2012-09-21,0.671,-0.001488
2012-09-24,0.677,0.008942
2012-09-25,0.675,-0.002954
2012-09-26,0.667,-0.011852
2012-09-27,0.683,0.023988
2012-09-28,0.695,0.01757
2012-09-30,0.695,0.0
2012-10-08,0.69,-0.007194
2012-10-09,0.705,0.021739
2012-10-10,0.708,0.004255
2012-10-11,0.701,-0.009887
2012-10-12,0.701,0.0
2012-10-15,0.699,-0.002853
2012-10-16,0.7,0.001431
2012-10-17,0.701,0.001429
2012-10-18,0.713,0.017118
2012-10-19,0.713,0.0
2012-10-22,0.717,0.00561
2012-10-23,0.709,-0.011158
2012-10-24,0.706,-0.004231
2012-10-25,0.697,-0.012748
2012-10-26,0.688,-0.012912
2012-10-29,0.686,-0.002907
2012-10-30,0.687,0.001458
2012-10-31,0.693,0.008734
2012-11-01,0.704,0.015873
2012-11-02,0.706,0.002841
2012-11-05,0.705,-0.001416
2012-11-06,0.704,-0.001418
2012-11-07,0.701,-0.004261
2012-11-08,0.688,-0.018545
2012-11-09,0.686,-0.002907
2012-11-12,0.689,0.004373
2012-11-13,0.677,-0.017417
2012-11-14,0.678,0.001477
2012-11-15,0.669,-0.013274
2012-11-16,0.666,-0.004484
2012-11-19,0.665,-0.001502
2012-11-20,0.663,-0.003008
2012-11-21,0.671,0.012066
2012-11-22,0.666,-0.007452
2012-11-23,0.67,0.006006
2012-11-26,0.665,-0.007463
2012-11-27,0.655,-0.015038
2012-11-28,0.644,-0.016794
2012-11-29,0.638,-0.009317
2012-11-30,0.647,0.014107
2012-12-03,0.638,-0.01391
2012-12-04,0.645,0.010972
2012-12-05,0.668,0.035659
2012-12-06,0.668,0.0
2012-12-07,0.681,0.019461
2012-12-10,0.688,0.010279
2012-12-11,0.684,-0.005814
2012-12-12,0.686,0.002924
2012-12-13,0.68,-0.008746
2012-12-14,0.711,0.045588
2012-12-17,0.712,0.001406
2012-12-18,0.711,-0.001404
2012-12-19,0.713,0.002813
2012-12-20,0.717,0.00561
2012-12-21,0.717,0.0
2012-12-24,0.724,0.009763
2012-12-25,0.742,0.024862
2012-12-26,0.746,0.005391
2012-12-27,0.74,-0.008043
2012-12-28,0.748,0.010811
2012-12-31,0.759,0.014706
2013-01-04,0.763,0.00527
2013-01-07,0.766,0.003932
2013-01-08,0.765,-0.001305
2013-01-09,0.765,0.0
2013-01-10,0.769,0.005229
2013-01-11,0.756,-0.016905
2013-01-14,0.779,0.030423
2013-01-15,0.784,0.006418
2013-01-16,0.777,-0.008929
2013-01-17,0.771,-0.007722
2013-01-18,0.783,0.015564
2013-01-21,0.784,0.001277
2013-01-22,0.779,-0.006378
2013-01-23,0.777,-0.002567
2013-01-24,0.768,-0.011583
2013-01-25,0.764,-0.005208
2013-01-28,0.782,0.02356
2013-01-29,0.785,0.003836
2013-01-30,0.789,0.005096
2013-01-31,0.786,-0.003802
2013-02-01,0.795,0.01145
2013-02-04,0.793,-0.002516
2013-02-05,0.802,0.011349
2013-02-06,0.801,-0.001247
2013-02-07,0.8,-0.001248
2013-02-08,0.809,0.01125
2013-02-18,0.802,-0.008653
2013-02-19,0.785,-0.021197
2013-02-20,0.796,0.014013
2013-02-21,0.779,-0.021357
2013-02-22,0.776,-0.003851
2013-02-25,0.776,0.0
2013-02-26,0.768,-0.010309
2013-02-27,0.772,0.005208
2013-02-28,0.788,0.020725
2013-03-01,0.786,-0.002538
2013-03-04,0.752,-0.043257
2013-03-05,0.763,0.014628
2013-03-06,0.771,0.010485
2013-03-07,0.765,-0.007782
2013-03-08,0.761,-0.005229
2013-03-11,0.76,-0.001314
2013-03-12,0.752,-0.010526
2013-03-13,0.747,-0.006649
2013-03-14,0.751,0.005355
2013-03-15,0.751,0.0
2013-03-18,0.74,-0.014647
2013-03-19,0.743,0.004054
2013-03-20,0.759,0.021534
2013-03-21,0.763,0.00527
2013-03-22,0.765,0.002621
2013-03-25,0.765,0.0
2013-03-26,0.759,-0.007843
2013-03-27,0.762,0.003953
2013-03-28,0.745,-0.02231
2013-03-29,0.744,-0.001342
2013-04-01,0.743,-0.001344
2013-04-02,0.736,-0.009421
2013-04-03,0.736,0.0
2013-04-08,0.737,0.001359
2013-04-09,0.742,0.006784
2013-04-10,0.742,0.0
2013-04-11,0.74,-0.002695
2013-04-12,0.737,-0.004054
2013-04-15,0.727,-0.013569
2013-04-16,0.733,0.008253
2013-04-17,0.735,0.002729
2013-04-18,0.735,0.0
2013-04-19,0.749,0.019048
2013-04-22,0.753,0.00534
2013-04-23,0.732,-0.027888
2013-04-24,0.743,0.015027
2013-04-25,0.736,-0.009421
2013-04-26,0.729,-0.009511
2013-05-02,0.73,0.001372
2013-05-03,0.742,0.016438
2013-05-06,0.75,0.010782
2013-05-07,0.748,-0.002667
2013-05-08,0.753,0.006684
2013-05-09,0.748,-0.00664
2013-05-10,0.752,0.005348
2013-05-13,0.752,0.0
2013-05-14,0.745,-0.009309
2013-05-15,0.751,0.008054
2013-05-16,0.761,0.013316
2013-05-17,0.77,0.011827
2013-05-20,0.777,0.009091
2013-05-21,0.78,0.003861
2013-05-22,0.777,-0.003846
2013-05-23,0.772,-0.006435
2013-05-24,0.777,0.006477
2013-05-27,0.781,0.005148
2013-05-28,0.789,0.010243
2013-05-29,0.793,0.00507
2013-05-30,0.793,0.0
2013-05-31,0.785,-0.010088
2013-06-03,0.782,-0.003822
2013-06-04,0.771,-0.014066
2013-06-05,0.771,0.0
2013-06-06,0.76,-0.014267
2013-06-07,0.75,-0.013158
2013-06-13,0.731,-0.025333
2013-06-14,0.738,0.009576
2013-06-17,0.736,-0.00271
2013-06-18,0.739,0.004076
2013-06-19,0.733,-0.008119
2013-06-20,0.709,-0.032742
2013-06-21,0.708,-0.00141
2013-06-24,0.67,-0.053672
2013-06-25,0.67,0.0
2013-06-26,0.678,0.01194
2013-06-27,0.671,-0.010324
2013-06-28,0.678,0.010432
2013-06-30,0.678,0.0
2013-07-01,0.684,0.00885
2013-07-02,0.689,0.00731
2013-07-03,0.69,0.001451
2013-07-04,0.691,0.001449
2013-07-05,0.689,-0.002894
2013-07-08,0.67,-0.027576
2013-07-09,0.669,-0.001493
2013-07-10,0.684,0.022422
2013-07-11,0.709,0.03655
2013-07-12,0.701,-0.011283
2013-07-15,0.71,0.012839
2013-07-16,0.716,0.008451
2013-07-17,0.704,-0.01676
2013-07-18,0.697,-0.009943
2013-07-19,0.686,-0.015782
2013-07-22,0.693,0.010204
2013-07-23,0.708,0.021645
2013-07-24,0.705,-0.004237
2013-07-25,0.698,-0.009929
2013-07-26,0.695,-0.004298
2013-07-29,0.684,-0.015827
2013-07-30,0.684,0.0
2013-07-31,0.686,0.002924
2013-08-01,0.702,0.023324
2013-08-02,0.704,0.002849
2013-08-05,0.715,0.015625
2013-08-06,0.721,0.008392
2013-08-07,0.716,-0.006935
2013-08-08,0.716,0.0
2013-08-09,0.716,0.0
2013-08-12,0.73,0.019553
2013-08-13,0.736,0.008219
2013-08-14,0.73,-0.008152
2013-08-15,0.721,-0.012329
2013-08-16,0.715,-0.008322
2013-08-19,0.725,0.013986
2013-08-20,0.722,-0.004138
2013-08-21,0.723,0.001385
2013-08-22,0.725,0.002766
2013-08-23,0.721,-0.005517
2013-08-26,0.732,0.015257
2013-08-27,0.734,0.002732
2013-08-28,0.722,-0.016349
2013-08-29,0.721,-0.001385
2013-08-30,0.718,-0.004161
2013-09-02,0.722,0.005571
2013-09-03,0.737,0.020776
2013-09-04,0.736,-0.001357
2013-09-05,0.734,-0.002717
2013-09-06,0.736,0.002725
2013-09-09,0.753,0.023098
2013-09-10,0.765,0.015936
2013-09-11,0.763,-0.002614
2013-09-12,0.77,0.009174
2013-09-13,0.766,-0.005195
2013-09-16,0.77,0.005222
2013-09-17,0.753,-0.022078
2013-09-18,0.756,0.003984
2013-09-23,0.768,0.015873
2013-09-24,0.76,-0.010417
2013-09-25,0.756,-0.005263
2013-09-26,0.747,-0.011905
2013-09-27,0.75,0.004016
2013-09-30,0.753,0.004
2013-10-08,0.765,0.015936
2013-10-09,0.772,0.00915
2013-10-10,0.771,-0.001295
2013-10-11,0.78,0.011673
2013-10-14,0.78,0.0
2013-10-15,0.778,-0.002564
2013-10-16,0.76,-0.023136
2013-10-17,0.759,-0.001316
2013-10-18,0.762,0.003953
2013-10-21,0.78,0.023622
2013-10-22,0.776,-0.005128
2013-10-23,0.769,-0.009021
2013-10-24,0.767,-0.002601
2013-10-25,0.758,-0.011734
2013-10-28,0.757,-0.001319
2013-10-29,0.753,-0.005284
2013-10-30,0.765,0.015936
2013-10-31,0.751,-0.018301
2013-11-01,0.755,0.005326
2013-11-04,0.758,0.003974
2013-11-05,0.76,0.002639
2013-11-06,0.751,-0.011842
2013-11-07,0.741,-0.013316
2013-11-08,0.731,-0.013495
2013-11-11,0.738,0.009576
2013-11-12,0.745,0.009485
2013-11-13,0.73,-0.020134
2013-11-14,0.736,0.008219
2013-11-15,0.749,0.017663
2013-11-18,0.766,0.022697
2013-11-19,0.764,-0.002611
2013-11-20,0.765,0.001309
2013-11-21,0.761,-0.005229
2013-11-22,0.754,-0.009198
2013-11-25,0.752,-0.002653
2013-11-26,0.755,0.003989
2013-11-27,0.761,0.007947
2013-11-28,0.768,0.009198
2013-11-29,0.77,0.002604
2013-12-02,0.75,-0.025974
2013-12-03,0.759,0.012
2013-12-04,0.771,0.01581
2013-12-05,0.768,-0.003891
2013-12-06,0.766,-0.002604
2013-12-09,0.766,0.0
2013-12-10,0.767,0.001305
2013-12-11,0.758,-0.011734
2013-12-12,0.759,0.001319
2013-12-13,0.759,0.0
2013-12-16,0.753,-0.007905
2013-12-17,0.745,-0.010624
2013-12-18,0.745,0.0
2013-12-19,0.737,-0.010738
2013-12-20,0.727,-0.013569
2013-12-23,0.73,0.004127
2013-12-24,0.735,0.006849
2013-12-25,0.742,0.009524
2013-12-26,0.731,-0.014825
2013-12-27,0.741,0.01368
2013-12-30,0.742,0.00135
2013-12-31,0.745,0.004043
2014-01-02,0.747,0.002685
2014-01-03,0.747,0.0
2014-01-06,0.735,-0.016064
2014-01-07,0.741,0.008163
2014-01-08,0.746,0.006748
2014-01-09,0.735,-0.014745
2014-01-10,0.726,-0.012245
2014-01-13,0.723,-0.004132
2014-01-14,0.731,0.011065
2014-01-15,0.739,0.010944
2014-01-16,0.738,-0.001353
2014-01-17,0.729,-0.012195
2014-01-20,0.723,-0.00823
2014-01-21,0.733,0.013831
2014-01-22,0.748,0.020464
2014-01-23,0.754,0.008021
2014-01-24,0.759,0.006631
2014-01-27,0.753,-0.007905
2014-01-28,0.748,-0.00664
2014-01-29,0.756,0.010695
2014-01-30,0.748,-0.010582
2014-02-07,0.756,0.010695
2014-02-10,0.783,0.035714
2014-02-11,0.782,-0.001277
2014-02-12,0.785,0.003836
2014-02-13,0.776,-0.011465
2014-02-14,0.783,0.009021
2014-02-17,0.799,0.020434
2014-02-18,0.801,0.002503
2014-02-19,0.801,0.0
2014-02-20,0.793,-0.009988
2014-02-21,0.786,-0.008827
2014-02-24,0.782,-0.005089
2014-02-25,0.759,-0.029412
2014-02-26,0.763,0.00527
2014-02-27,0.757,-0.007864
2014-02-28,0.767,0.01321
2014-03-03,0.775,0.01043
2014-03-04,0.769,-0.007742
2014-03-05,0.763,-0.007802
2014-03-06,0.759,-0.005242
2014-03-07,0.761,0.002635
2014-03-10,0.744,-0.022339
2014-03-11,0.743,-0.001344
2014-03-12,0.743,0.0
2014-03-13,0.754,0.014805
2014-03-14,0.75,-0.005305
2014-03-17,0.756,0.008
2014-03-18,0.76,0.005291
2014-03-19,0.751,-0.011842
2014-03-20,0.73,-0.027963
2014-03-21,0.742,0.016438
2014-03-24,0.741,-0.001348
2014-03-25,0.744,0.004049
2014-03-26,0.746,0.002688
2014-03-27,0.733,-0.017426
2014-03-28,0.721,-0.016371
2014-03-31,0.72,-0.001387
2014-04-01,0.729,0.0125
2014-04-02,0.725,-0.005487
2014-04-03,0.724,-0.001379
2014-04-04,0.731,0.009669
2014-04-08,0.742,0.015048
2014-04-09,0.746,0.005391
2014-04-10,0.751,0.006702
2014-04-11,0.75,-0.001332
2014-04-14,0.754,0.005333
2014-04-15,0.743,-0.014589
2014-04-16,0.742,-0.001346
2014-04-17,0.741,-0.001348
2014-04-18,0.741,0.0
2014-04-21,0.73,-0.014845
2014-04-22,0.726,-0.005479
2014-04-23,0.722,-0.00551
2014-04-24,0.719,-0.004155
2014-04-25,0.707,-0.01669
2014-04-28,0.694,-0.018388
2014-04-29,0.705,0.01585
2014-04-30,0.711,0.008511
2014-05-05,0.715,0.005626
2014-05-06,0.717,0.002797
2014-05-07,0.706,-0.015342
2014-05-08,0.704,-0.002833
2014-05-09,0.699,-0.007102
2014-05-12,0.71,0.015737
2014-05-13,0.71,0.0
2014-05-14,0.707,-0.004225
2014-05-15,0.697,-0.014144
2014-05-16,0.696,-0.001435
2014-05-19,0.688,-0.011494
2014-05-20,0.687,-0.001453
2014-05-21,0.695,0.011645
2014-05-22,0.695,0.0
2014-05-23,0.702,0.010072
2014-05-26,0.708,0.008547
2014-05-27,0.705,-0.004237
2014-05-28,0.717,0.017021
2014-05-29,0.709,-0.011158
2014-05-30,0.709,0.0
2014-06-03,0.704,-0.007052
2014-06-04,0.696,-0.011364
2014-06-05,0.705,0.012931
2014-06-06,0.701,-0.005674
2014-06-09,0.699,-0.002853
2014-06-10,0.708,0.012876
2014-06-11,0.714,0.008475
2014-06-12,0.71,-0.005602
2014-06-13,0.717,0.009859
2014-06-16,0.72,0.004184
2014-06-17,0.712,-0.011111
2014-06-18,0.708,-0.005618
2014-06-19,0.691,-0.024011
2014-06-20,0.693,0.002894
2014-06-23,0.696,0.004329
2014-06-24,0.699,0.00431
2014-06-25,0.698,-0.001431
2014-06-26,0.706,0.011461
2014-06-27,0.707,0.001416
2014-06-30,0.712,0.007072
2014-07-01,0.714,0.002809
2014-07-02,0.716,0.002801
2014-07-03,0.722,0.00838
2014-07-04,0.722,0.0
2014-07-07,0.72,-0.00277
2014-07-08,0.722,0.002778
2014-07-09,0.71,-0.01662
2014-07-10,0.709,-0.001408
2014-07-11,0.711,0.002821
2014-07-14,0.721,0.014065
2014-07-15,0.721,0.0
2014-07-16,0.715,-0.008322
2014-07-17,0.71,-0.006993
2014-07-18,0.712,0.002817
2014-07-21,0.714,0.002809
2014-07-22,0.724,0.014006
2014-07-23,0.718,-0.008287
2014-07-24,0.72,0.002786
2014-07-25,0.725,0.006944
2014-07-28,0.737,0.016552
2014-07-29,0.743,0.008141
2014-07-30,0.745,0.002692
2014-07-31,0.754,0.012081
2014-08-01,0.747,-0.009284
2014-08-04,0.756,0.012048
2014-08-05,0.756,0.0
2014-08-06,0.757,0.001323
2014-08-07,0.749,-0.010568
2014-08-08,0.754,0.006676
2014-08-11,0.763,0.011936
2014-08-12,0.765,0.002621
2014-08-13,0.766,0.001307
2014-08-14,0.763,-0.003916
2014-08-15,0.77,0.009174
2014-08-18,0.776,0.007792
2014-08-19,0.776,0.0
2014-08-20,0.776,0.0
2014-08-21,0.772,-0.005155
2014-08-22,0.775,0.003886
2014-08-25,0.768,-0.009032
2014-08-26,0.758,-0.013021
2014-08-27,0.761,0.003958
2014-08-28,0.758,-0.003942
2014-08-29,0.768,0.013193
2014-09-01,0.774,0.007812
2014-09-02,0.784,0.01292
2014-09-03,0.788,0.005102
2014-09-04,0.792,0.005076
2014-09-05,0.803,0.013889
2014-09-09,0.803,0.0
2014-09-10,0.799,-0.004981
2014-09-11,0.795,-0.005006
2014-09-12,0.8,0.006289
2014-09-15,0.804,0.005
2014-09-16,0.782,-0.027363
2014-09-17,0.786,0.005115
2014-09-18,0.789,0.003817
2014-09-19,0.796,0.008872
2014-09-22,0.786,-0.012563
2014-09-23,0.794,0.010178
2014-09-24,0.804,0.012594
2014-09-25,0.803,-0.001244
2014-09-26,0.804,0.001245
2014-09-29,0.81,0.007463
2014-09-30,0.814,0.004938
2014-10-08,0.819,0.006143
2014-10-09,0.818,-0.001221
2014-10-10,0.815,-0.003667
2014-10-13,0.809,-0.007362
2014-10-14,0.806,-0.003708
2014-10-15,0.811,0.006203
2014-10-16,0.799,-0.014797
2014-10-17,0.796,-0.003755
2014-10-20,0.802,0.007538
2014-10-21,0.798,-0.004988
2014-10-22,0.789,-0.011278
2014-10-23,0.78,-0.011407
2014-10-24,0.779,-0.001282
2014-10-27,0.783,0.005135
2014-10-28,0.795,0.015326
2014-10-29,0.805,0.012579
2014-10-30,0.805,0.0
2014-10-31,0.808,0.003727
2014-11-03,0.811,0.003713
2014-11-04,0.806,-0.006165
2014-11-05,0.805,-0.001241
2014-11-06,0.808,0.003727
2014-11-07,0.806,-0.002475
2014-11-10,0.817,0.013648
2014-11-11,0.808,-0.011016
2014-11-12,0.819,0.013614
2014-11-13,0.809,-0.01221
2014-11-14,0.806,-0.003708
2014-11-17,0.81,0.004963
2014-11-18,0.809,-0.001235
2014-11-19,0.812,0.003708
2014-11-20,0.813,0.001232
2014-11-21,0.824,0.01353
2014-11-24,0.838,0.01699
2014-11-25,0.849,0.013126
2014-11-26,0.86,0.012956
2014-11-27,0.868,0.009302
2014-11-28,0.87,0.002304
2014-12-01,0.865,-0.005747
2014-12-02,0.881,0.018497
2014-12-03,0.887,0.00681
2014-12-04,0.907,0.022548
2014-12-05,0.892,-0.016538
2014-12-08,0.899,0.007848
2014-12-09,0.871,-0.031146
2014-12-10,0.909,0.043628
2014-12-11,0.922,0.014301
2014-12-12,0.935,0.0141
2014-12-15,0.945,0.010695
2014-12-16,0.945,0.0
2014-12-17,0.938,-0.007407
2014-12-18,0.937,-0.001066
2014-12-19,0.931,-0.006403
2014-12-22,0.914,-0.01826
2014-12-23,0.897,-0.0186
2014-12-24,0.9,0.003344
2014-12-25,0.916,0.017778
2014-12-26,0.921,0.005459
2014-12-29,0.923,0.002172
2014-12-30,0.907,-0.017335
2014-12-31,0.923,0.017641
2015-01-05,0.938,0.016251
2015-01-06,0.946,0.008529
2015-01-07,0.937,-0.009514
2015-01-08,0.934,-0.003202
2015-01-09,0.927,-0.007495
2015-01-12,0.918,-0.009709
2015-01-13,0.93,0.013072
2015-01-14,0.929,-0.001075
2015-01-15,0.94,0.011841
2015-01-16,0.95,0.010638
2015-01-19,0.913,-0.038947
2015-01-20,0.946,0.036145
2015-01-21,0.968,0.023256
2015-01-22,0.978,0.010331
2015-01-23,0.972,-0.006135
2015-01-26,0.993,0.021605
2015-01-27,0.996,0.003021
2015-01-28,0.983,-0.013052
2015-01-29,0.976,-0.007121
2015-01-30,0.97,-0.006148
2015-02-02,0.963,-0.007216
2015-02-03,0.979,0.016615
2015-02-04,0.974,-0.005107
2015-02-05,0.97,-0.004107
2015-02-06,0.951,-0.019588
2015-02-09,0.945,-0.006309
2015-02-10,0.957,0.012698
2015-02-11,0.968,0.011494
2015-02-12,0.979,0.011364
2015-02-13,0.999,0.020429
2015-02-16,1.016,0.017017
2015-02-17,1.02,0.003937
2015-02-25,1.023,0.002941
2015-02-26,1.031,0.00782
2015-02-27,1.039,0.007759
2015-03-02,1.063,0.023099
2015-03-03,1.061,-0.001881
2015-03-04,1.074,0.012253
2015-03-05,1.064,-0.009311
2015-03-06,1.046,-0.016917
2015-03-09,1.058,0.011472
2015-03-10,1.066,0.007561
2015-03-11,1.058,-0.007505
2015-03-12,1.059,0.000945
2015-03-13,1.07,0.010387
2015-03-16,1.101,0.028972
2015-03-17,1.107,0.00545
2015-03-18,1.126,0.017164
2015-03-19,1.129,0.002664
2015-03-20,1.137,0.007086
2015-03-23,1.171,0.029903
2015-03-24,1.179,0.006832
2015-03-25,1.186,0.005937
2015-03-26,1.17,-0.013491
2015-03-27,1.191,0.017949
2015-03-30,1.217,0.02183
2015-03-31,1.213,-0.003287
2015-04-01,1.24,0.022259
2015-04-02,1.265,0.020161
2015-04-03,1.285,0.01581
2015-04-07,1.309,0.018677
2015-04-08,1.309,0.0
2015-04-09,1.294,-0.011459
2015-04-10,1.32,0.020093
2015-04-13,1.344,0.018182
2015-04-14,1.339,-0.00372
2015-04-15,1.296,-0.032114
2015-04-16,1.317,0.016204
2015-04-17,1.316,-0.000759
2015-04-20,1.289,-0.020517
2015-04-21,1.348,0.045772
2015-04-22,1.383,0.025964
2015-04-23,1.393,0.007231
2015-04-24,1.395,0.001436
2015-04-27,1.401,0.004301
2015-04-28,1.366,-0.024982
2015-04-29,1.406,0.029283
2015-04-30,1.41,0.002845
2015-05-04,1.431,0.014894
2015-05-05,1.383,-0.033543
2015-05-06,1.382,-0.000723
2015-05-07,1.359,-0.016643
2015-05-08,1.407,0.03532
2015-05-11,1.455,0.034115
2015-05-12,1.479,0.016495
2015-05-13,1.475,-0.002705
2015-05-14,1.485,0.00678
2015-05-15,1.481,-0.002694
2015-05-18,1.504,0.01553
2015-05-19,1.554,0.033245
2015-05-20,1.589,0.022523
2015-05-21,1.639,0.031466
2015-05-22,1.658,0.011592
2015-05-25,1.69,0.0193
2015-05-26,1.737,0.027811
2015-05-27,1.745,0.004606
2015-05-28,1.657,-0.05043
2015-05-29,1.672,0.009053
2015-06-01,1.747,0.044856
2015-06-02,1.802,0.031483
2015-06-03,1.802,0.0
2015-06-04,1.782,-0.011099
2015-06-05,1.789,0.003928
2015-06-08,1.733,-0.031302
2015-06-09,1.748,0.008656
2015-06-10,1.779,0.017735
2015-06-11,1.805,0.014615
2015-06-12,1.828,0.012742
2015-06-15,1.798,-0.016411
2015-06-16,1.743,-0.03059
2015-06-17,1.768,0.014343
2015-06-18,1.714,-0.030543
2015-06-19,1.603,-0.064761
2015-06-23,1.607,0.002495
2015-06-24,1.636,0.018046
2015-06-25,1.562,-0.045232
2015-06-26,1.424,-0.088348
2015-06-29,1.313,-0.077949
2015-06-30,1.374,0.046458
2015-07-01,1.3,-0.053857
2015-07-02,1.206,-0.072308
2015-07-03,1.128,-0.064677
2015-07-06,1.061,-0.059397
2015-07-07,0.996,-0.061263
2015-07-08,0.964,-0.032129
2015-07-09,1.008,0.045643
2015-07-10,1.072,0.063492
2015-07-13,1.149,0.071828
2015-07-14,1.179,0.02611
2015-07-15,1.114,-0.055131
2015-07-16,1.135,0.018851
2015-07-17,1.217,0.072247
2015-07-20,1.265,0.039441
2015-07-21,1.285,0.01581
2015-07-22,1.298,0.010117
2015-07-23,1.339,0.031587
2015-07-24,1.317,-0.01643
2015-07-27,1.219,-0.074412
2015-07-28,1.158,-0.050041
2015-07-29,1.209,0.044041
2015-07-30,1.162,-0.038875
2015-07-31,1.139,-0.019793
2015-08-03,1.066,-0.064091
2015-08-04,1.131,0.060976
2015-08-05,1.131,0.0
2015-08-06,1.132,0.000884
2015-08-07,1.187,0.048587
2015-08-10,1.25,0.053075
2015-08-11,1.26,0.008
2015-08-12,1.232,-0.022222
2015-08-13,1.262,0.024351
2015-08-14,1.264,0.001585
2015-08-17,1.277,0.010285
2015-08-18,1.18,-0.075959
2015-08-19,1.201,0.017797
2015-08-20,1.171,-0.024979
2015-08-21,1.101,-0.059778
2015-08-24,1.022,-0.071753
2015-08-25,0.946,-0.074364
2015-08-26,0.913,-0.034884
2015-08-27,0.939,0.028478
2015-08-28,0.997,0.061768
2015-08-31,0.969,-0.028084
2015-09-01,0.921,-0.049536
2015-09-02,0.905,-0.017372
2015-09-07,0.902,-0.003315
2015-09-08,0.928,0.028825
2015-09-09,0.963,0.037716
2015-09-10,0.949,-0.014538
2015-09-11,0.955,0.006322
2015-09-14,0.907,-0.050262
2015-09-15,0.861,-0.050717
2015-09-16,0.904,0.049942
2015-09-17,0.898,-0.006637
2015-09-18,0.906,0.008909
2015-09-21,0.929,0.025386
2015-09-22,0.935,0.006459
2015-09-23,0.929,-0.006417
2015-09-24,0.944,0.016146
2015-09-25,0.927,-0.018008
2015-09-28,0.944,0.018339
2015-09-29,0.935,-0.009534
2015-09-30,0.937,0.002139
2015-10-08,0.97,0.035219
2015-10-09,0.985,0.015464
2015-10-12,1.023,0.038579
2015-10-13,1.027,0.00391
2015-10-14,1.01,-0.016553
2015-10-15,1.042,0.031683
2015-10-16,1.064,0.021113
2015-10-19,1.063,-0.00094
2015-10-20,1.084,0.019755
2015-10-21,1.003,-0.074723
2015-10-22,1.041,0.037886
2015-10-23,1.072,0.029779
2015-10-26,1.089,0.015858
2015-10-27,1.097,0.007346
2015-10-28,1.079,-0.016408
2015-10-29,1.085,0.005561
2015-10-30,1.076,-0.008295
2015-11-02,1.054,-0.020446
2015-11-03,1.055,0.000949
2015-11-04,1.101,0.043602
2015-11-05,1.097,-0.003633
2015-11-06,1.139,0.038286
2015-11-09,1.164,0.021949
2015-11-10,1.181,0.014605
2015-11-11,1.2,0.016088
2015-11-12,1.202,0.001667
2015-11-13,1.165,-0.030782
2015-11-16,1.208,0.03691
2015-11-17,1.206,-0.001656
2015-11-18,1.189,-0.014096
2015-11-19,1.237,0.04037
2015-11-20,1.268,0.025061
2015-11-23,1.236,-0.025237
2015-11-24,1.243,0.005663
2015-11-25,1.272,0.023331
2015-11-26,1.271,-0.000786
2015-11-27,1.193,-0.061369
2015-11-30,1.2,0.005868
2015-12-01,1.176,-0.02
2015-12-02,1.153,-0.019558
2015-12-03,1.2,0.040763
2015-12-04,1.2,0.0
2015-12-07,1.209,0.0075
2015-12-08,1.191,-0.014888
2015-12-09,1.187,-0.003359
2015-12-10,1.173,-0.011794
2015-12-11,1.166,-0.005968
2015-12-14,1.181,0.012864
2015-12-15,1.204,0.019475
2015-12-16,1.224,0.016611
2015-12-17,1.253,0.023693
2015-12-18,1.256,0.002394
2015-12-21,1.253,-0.002389
2015-12-22,1.268,0.011971
2015-12-23,1.247,-0.016562
2015-12-24,1.256,0.007217
2015-12-25,1.257,0.000796
2015-12-28,1.228,-0.023071
2015-12-29,1.22,-0.006515
2015-12-30,1.233,0.010656
2015-12-31,1.217,-0.012976
2016-01-04,1.119,-0.080526
2016-01-05,1.095,-0.021448
2016-01-06,1.128,0.030137
2016-01-07,1.026,-0.090426
2016-01-08,1.031,0.004873
2016-01-11,0.952,-0.076625
2016-01-12,0.944,-0.008403
2016-01-13,0.892,-0.055085
2016-01-14,0.931,0.043722
2016-01-15,0.912,-0.020408
2016-01-18,0.944,0.035088
2016-01-19,0.989,0.047669
2016-01-20,0.983,-0.006067
2016-01-21,0.941,-0.042726
2016-01-22,0.956,0.01594
2016-01-25,0.977,0.021967
2016-01-26,0.904,-0.074719
2016-01-27,0.885,-0.021018
2016-01-28,0.839,-0.051977
2016-01-29,0.882,0.051251
2016-02-01,0.888,0.006803
2016-02-02,0.929,0.046171
2016-02-03,0.929,0.0
2016-02-04,0.946,0.018299
2016-02-05,0.927,-0.020085
2016-02-15,0.921,-0.006472
2016-02-16,0.969,0.052117
2016-02-17,0.988,0.019608
2016-02-18,0.976,-0.012146
2016-02-19,0.987,0.01127
2016-02-22,1.003,0.016211
2016-02-23,0.997,-0.005982
2016-02-24,0.986,-0.011033
2016-02-25,0.904,-0.083164
2016-02-26,0.898,-0.006637
2016-02-29,0.835,-0.070156
2016-03-01,0.85,0.017964
2016-03-02,0.892,0.049412
2016-03-03,0.884,-0.008969
2016-03-04,0.841,-0.048643
2016-03-07,0.867,0.030916
2016-03-08,0.882,0.017301
2016-03-09,0.875,-0.007937
2016-03-10,0.869,-0.006857
2016-03-11,0.868,-0.001151
2016-03-14,0.903,0.040323
2016-03-15,0.898,-0.005537
2016-03-16,0.884,-0.01559
2016-03-17,0.92,0.040724
2016-03-18,0.97,0.054348
2016-03-21,0.987,0.017526
2016-03-22,0.981,-0.006079
2016-03-23,0.991,0.010194
2016-03-24,0.991,0.0
2016-03-25,0.992,0.001009
2016-03-28,0.982,-0.010081
2016-03-29,0.956,-0.026477
2016-03-30,0.995,0.040795
2016-03-31,1.001,0.00603
2016-04-01,0.991,-0.00999
2016-04-05,1.026,0.035318
2016-04-06,1.034,0.007797
2016-04-07,1.023,-0.010638
2016-04-08,1.007,-0.01564
2016-04-11,1.031,0.023833
2016-04-12,1.022,-0.008729
2016-04-13,1.037,0.014677
2016-04-14,1.048,0.010608
2016-04-15,1.055,0.006679
2016-04-18,1.035,-0.018957
2016-04-19,1.038,0.002899
2016-04-20,0.991,-0.045279
2016-04-21,0.982,-0.009082
2016-04-22,0.983,0.001018
2016-04-25,0.978,-0.005086
2016-04-26,0.992,0.014315
2016-04-27,0.987,-0.00504
2016-04-28,0.984,-0.00304
2016-04-29,0.987,0.003049
2016-05-03,1.02,0.033435
2016-05-04,1.023,0.002941
2016-05-05,1.026,0.002933
2016-05-06,0.99,-0.035088
2016-05-09,0.948,-0.042424
2016-05-10,0.945,-0.003165
2016-05-11,0.927,-0.019048
2016-05-12,0.924,-0.003236
2016-05-13,0.92,-0.004329
2016-05-16,0.933,0.01413
2016-05-17,0.929,-0.004287
2016-05-18,0.899,-0.032293
2016-05-19,0.901,0.002225
2016-05-20,0.908,0.007769
2016-05-23,0.937,0.031938
2016-05-24,0.93,-0.007471
2016-05-25,0.931,0.001075
2016-05-26,0.937,0.006445
2016-05-27,0.934,-0.003202
2016-05-30,0.934,0.0
2016-05-31,0.969,0.037473
2016-06-01,0.98,0.011352
2016-06-02,0.987,0.007143
2016-06-03,0.996,0.009119
2016-06-06,0.994,-0.002008
2016-06-07,0.993,-0.001006
2016-06-08,0.99,-0.003021
2016-06-13,0.943,-0.047475
2016-06-14,0.946,0.003181
2016-06-15,0.98,0.035941
2016-06-16,0.98,0.0
2016-06-17,0.994,0.014286
2016-06-20,1.004,0.01006
2016-06-21,0.998,-0.005976
2016-06-22,1.015,0.017034
2016-06-23,1.021,0.005911
2016-06-24,1.023,0.001959
2016-06-27,1.05,0.026393
2016-06-28,1.056,0.005714
2016-06-29,1.057,0.000947
2016-06-30,1.067,0.009461
2016-07-01,1.06,-0.00656
2016-07-04,1.078,0.016981
2016-07-05,1.079,0.000928
2016-07-06,1.079,0.0
2016-07-07,1.076,-0.00278
2016-07-08,1.076,0.0
2016-07-11,1.062,-0.013011
2016-07-12,1.066,0.003766
2016-07-13,1.072,0.005629
2016-07-14,1.075,0.002799
2016-07-15,1.067,-0.007442
2016-07-18,1.066,-0.000937
2016-07-19,1.069,0.002814
2016-07-20,1.067,-0.001871
2016-07-21,1.066,-0.000937
2016-07-22,1.063,-0.002814
2016-07-25,1.055,-0.007526
2016-07-26,1.074,0.018009
2016-07-27,1.036,-0.035382
2016-07-28,1.03,-0.005792
2016-07-29,1.027,-0.002913
2016-08-01,1.013,-0.013632
2016-08-02,1.017,0.003949
2016-08-03,1.016,-0.000983
2016-08-04,1.025,0.008858
2016-08-05,1.019,-0.005854
2016-08-08,1.026,0.006869
2016-08-09,1.037,0.010721
2016-08-10,1.037,0.0
2016-08-11,1.021,-0.015429
2016-08-12,1.028,0.006856
2016-08-15,1.047,0.018482
2016-08-16,1.058,0.010506
2016-08-17,1.063,0.004726
2016-08-18,1.063,0.0
2016-08-19,1.066,0.002822
2016-08-22,1.063,-0.002814
2016-08-23,1.065,0.001881
2016-08-24,1.072,0.006573
2016-08-25,1.064,-0.007463
2016-08-26,1.067,0.00282
2016-08-29,1.074,0.00656
2016-08-30,1.071,-0.002793
2016-08-31,1.072,0.000934
2016-09-01,1.074,0.001866
2016-09-02,1.072,-0.001862
2016-09-05,1.072,0.0
2016-09-06,1.088,0.014925
2016-09-07,1.084,-0.003676
2016-09-08,1.086,0.001845
2016-09-09,1.081,-0.004604
2016-09-12,1.053,-0.025902
2016-09-13,1.052,-0.00095
2016-09-14,1.054,0.001901
2016-09-19,1.058,0.003795
2016-09-20,1.061,0.002836
2016-09-21,1.054,-0.006598
2016-09-22,1.062,0.00759
2016-09-23,1.067,0.004708
2016-09-26,1.051,-0.014995
2016-09-27,1.05,-0.000951
2016-09-28,1.053,0.002857
2016-09-29,1.057,0.003799
2016-09-30,1.058,0.000946
2016-10-10,1.087,0.02741
2016-10-11,1.107,0.018399
2016-10-12,1.11,0.00271
2016-10-13,1.118,0.007207
2016-10-14,1.116,-0.001789
2016-10-17,1.102,-0.012545
2016-10-18,1.116,0.012704
2016-10-19,1.11,-0.005376
2016-10-20,1.112,0.001802
2016-10-21,1.114,0.001799
2016-10-24,1.122,0.007181
2016-10-25,1.118,-0.003565
2016-10-26,1.115,-0.002683
2016-10-27,1.107,-0.007175
2016-10-28,1.099,-0.007227
2016-10-31,1.099,0.0
2016-11-01,1.113,0.012739
2016-11-02,1.104,-0.008086
2016-11-03,1.114,0.009058
2016-11-04,1.108,-0.005386
2016-11-07,1.108,0.0
2016-11-08,1.12,0.01083
2016-11-09,1.107,-0.011607
2016-11-10,1.122,0.01355
2016-11-11,1.119,-0.002674
2016-11-14,1.12,0.000894
2016-11-15,1.121,0.000893
2016-11-16,1.123,0.001784
2016-11-17,1.122,-0.00089
2016-11-18,1.119,-0.002674
2016-11-21,1.117,-0.001787
2016-11-22,1.117,0.0
2016-11-23,1.111,-0.005372
2016-11-24,1.106,-0.0045
2016-11-25,1.109,0.002712
2016-11-28,1.105,-0.003607
2016-11-29,1.097,-0.00724
2016-11-30,1.093,-0.003646
2016-12-01,1.095,0.00183
2016-12-02,1.078,-0.015525
2016-12-05,1.08,0.001855
2016-12-06,1.084,0.003704
2016-12-07,1.092,0.00738
2016-12-08,1.09,-0.001832
2016-12-09,1.082,-0.007339
2016-12-12,1.034,-0.044362
2016-12-13,1.037,0.002901
2016-12-14,1.027,-0.009643
2016-12-15,1.035,0.00779
2016-12-16,1.042,0.006763
2016-12-19,1.032,-0.009597
2016-12-20,1.034,0.001938
2016-12-21,1.042,0.007737
2016-12-22,1.047,0.004798
2016-12-23,1.035,-0.011461
2016-12-26,1.042,0.006763
2016-12-27,1.042,0.0
2016-12-28,1.041,-0.00096
2016-12-29,1.036,-0.004803
2016-12-30,1.042,0.005792
2016-12-31,1.042,0.0
2017-01-03,1.054,0.011516
2017-01-04,1.062,0.00759
2017-01-05,1.063,0.000942
2017-01-06,1.058,-0.004704
2017-01-09,1.062,0.003781
2017-01-10,1.056,-0.00565
2017-01-11,1.048,-0.007576
2017-01-12,1.041,-0.006679
2017-01-13,1.028,-0.012488
2017-01-16,0.993,-0.034047
2017-01-17,0.999,0.006042
2017-01-18,0.995,-0.004004
2017-01-19,0.988,-0.007035
2017-01-20,1.006,0.018219
2017-01-23,1.014,0.007952
2017-01-24,1.003,-0.010848
2017-01-25,1.008,0.004985
2017-01-26,1.014,0.005952
2017-02-03,1.009,-0.004931
2017-02-06,1.02,0.010902
2017-02-07,1.018,-0.001961
2017-02-08,1.026,0.007859
2017-02-09,1.029,0.002924
2017-02-10,1.02,-0.008746
2017-02-13,1.022,0.001961
2017-02-14,1.021,-0.000978
2017-02-15,1.011,-0.009794
2017-02-16,1.014,0.002967
2017-02-17,1.003,-0.010848
2017-02-20,1.009,0.005982
2017-02-21,1.016,0.006938
2017-02-22,1.021,0.004921
2017-02-23,1.024,0.002938
2017-02-24,1.032,0.007812
2017-02-27,1.035,0.002907
2017-02-28,1.042,0.006763
2017-03-01,1.047,0.004798
2017-03-02,1.058,0.010506
2017-03-03,1.057,-0.000945
2017-03-06,1.066,0.008515
2017-03-07,1.074,0.007505
2017-03-08,1.069,-0.004655
2017-03-09,1.063,-0.005613
2017-03-10,1.067,0.003763
2017-03-13,1.08,0.012184
2017-03-14,1.089,0.008333
2017-03-15,1.086,-0.002755
2017-03-16,1.095,0.008287
2017-03-17,1.089,-0.005479
2017-03-20,1.098,0.008264
2017-03-21,1.108,0.009107
2017-03-22,1.098,-0.009025
2017-03-23,1.099,0.000911
2017-03-24,1.098,-0.00091
2017-03-27,1.087,-0.010018
2017-03-28,1.073,-0.012879
2017-03-29,1.072,-0.000932
2017-03-30,1.053,-0.017724
2017-03-31,1.061,0.007597
2017-04-05,1.085,0.02262
2017-04-06,1.083,-0.001843
2017-04-07,1.086,0.00277
2017-04-10,1.075,-0.010129
2017-04-11,1.076,0.00093
2017-04-12,1.068,-0.007435
2017-04-13,1.086,0.016854
2017-04-14,1.078,-0.007366
2017-04-17,1.053,-0.023191
2017-04-18,1.045,-0.007597
2017-04-19,1.039,-0.005742
2017-04-20,1.034,-0.004812
2017-04-21,1.025,-0.008704
2017-04-24,1.007,-0.017561
2017-04-25,1.009,0.001986
2017-04-26,1.011,0.001982
2017-04-27,1.018,0.006924
2017-04-28,1.027,0.008841
2017-05-02,1.033,0.005842
2017-05-03,1.024,-0.008712
2017-05-04,1.023,-0.000977
2017-05-05,1.021,-0.001955
2017-05-08,1.008,-0.012733
2017-05-09,1.007,-0.000992
2017-05-10,0.993,-0.013903
2017-05-11,0.991,-0.002014
2017-05-12,0.986,-0.005045
2017-05-15,0.988,0.002028
2017-05-16,1.016,0.02834
2017-05-17,1.021,0.004921
2017-05-18,1.011,-0.009794
2017-05-19,1.003,-0.007913
2017-05-22,0.99,-0.012961
2017-05-23,0.971,-0.019192
2017-05-24,0.973,0.00206
2017-05-25,0.958,-0.015416
2017-05-26,0.959,0.001044
2017-05-31,0.953,-0.006257
2017-06-01,0.928,-0.026233
2017-06-02,0.935,0.007543
2017-06-05,0.956,0.02246
2017-06-06,0.958,0.002092
2017-06-07,0.972,0.014614
2017-06-08,0.971,-0.001029
2017-06-09,0.968,-0.00309
2017-06-12,0.951,-0.017562
2017-06-13,0.957,0.006309
2017-06-14,0.954,-0.003135
2017-06-15,0.967,0.013627
2017-06-16,0.968,0.001034
2017-06-19,0.977,0.009298
2017-06-20,0.984,0.007165
2017-06-21,0.985,0.001016
2017-06-22,0.972,-0.013198
2017-06-23,0.975,0.003086
2017-06-26,0.984,0.009231
2017-06-27,0.985,0.001016
2017-06-28,0.978,-0.007107
2017-06-29,0.984,0.006135
2017-06-30,0.985,0.001016
2017-07-03,0.99,0.005076
2017-07-04,0.983,-0.007071
2017-07-05,0.988,0.005086
2017-07-06,0.99,0.002024
2017-07-07,0.993,0.00303
2017-07-10,0.968,-0.025176
2017-07-11,0.955,-0.01343
2017-07-12,0.948,-0.00733
2017-07-13,0.948,0.0
2017-07-14,0.934,-0.014768
2017-07-17,0.891,-0.046039
2017-07-18,0.89,-0.001122
2017-07-19,0.899,0.010112
2017-07-20,0.906,0.007786
2017-07-21,0.901,-0.005519
2017-07-24,0.903,0.00222
2017-07-25,0.9,-0.003322
2017-07-26,0.898,-0.002222
2017-07-27,0.912,0.01559
2017-07-28,0.913,0.001096
2017-07-31,0.916,0.003286
2017-08-01,0.915,-0.001092
2017-08-02,0.907,-0.008743
2017-08-03,0.907,0.0
2017-08-04,0.904,-0.003308
2017-08-07,0.911,0.007743
2017-08-08,0.911,0.0
2017-08-09,0.914,0.003293
2017-08-10,0.905,-0.009847
2017-08-11,0.896,-0.009945
2017-08-14,0.909,0.014509
2017-08-15,0.918,0.009901
2017-08-16,0.924,0.006536
2017-08-17,0.927,0.003247
2017-08-18,0.922,-0.005394
2017-08-21,0.933,0.011931
2017-08-22,0.931,-0.002144
2017-08-23,0.93,-0.001074
2017-08-24,0.924,-0.006452
2017-08-25,0.932,0.008658
2017-08-28,0.942,0.01073
2017-08-29,0.943,0.001062
2017-08-30,0.943,0.0
2017-08-31,0.946,0.003181
2017-09-01,0.948,0.002114
2017-09-04,0.957,0.009494
2017-09-05,0.957,0.0
2017-09-06,0.964,0.007315
2017-09-07,0.961,-0.003112
2017-09-08,0.964,0.003122
2017-09-11,0.979,0.01556
2017-09-12,0.976,-0.003064
2017-09-13,0.98,0.004098
2017-09-14,0.981,0.00102
2017-09-15,0.978,-0.003058
2017-09-18,0.983,0.005112
2017-09-19,0.979,-0.004069
2017-09-20,0.986,0.00715
2017-09-21,0.978,-0.008114
2017-09-22,0.974,-0.00409
2017-09-25,0.965,-0.00924
2017-09-26,0.963,-0.002073
2017-09-27,0.973,0.010384
2017-09-28,0.971,-0.002055
2017-09-29,0.985,0.014418
2017-10-09,1.002,0.017259
2017-10-10,1.008,0.005988
2017-10-11,1.01,0.001984
2017-10-12,1.01,0.0
2017-10-13,1.018,0.007921
2017-10-16,1.002,-0.015717
2017-10-17,0.997,-0.00499
2017-10-18,0.99,-0.007021
2017-10-19,0.986,-0.00404
2017-10-20,0.997,0.011156
2017-10-23,1.0,0.003009
2017-10-24,0.99,-0.01
2017-10-25,0.995,0.005051
2017-10-26,0.998,0.003015
2017-10-27,0.991,-0.007014
2017-10-30,0.961,-0.030272
2017-10-31,0.964,0.003122
2017-11-01,0.97,0.006224
2017-11-02,0.958,-0.012371
2017-11-03,0.95,-0.008351
2017-11-06,0.953,0.003158
2017-11-07,0.959,0.006296
2017-11-08,0.956,-0.003128
2017-11-09,0.96,0.004184
2017-11-10,0.96,0.0
2017-11-13,0.955,-0.005208
2017-11-14,0.951,-0.004188
2017-11-15,0.936,-0.015773
2017-11-16,0.933,-0.003205
2017-11-17,0.9,-0.03537
2017-11-20,0.904,0.004444
2017-11-21,0.898,-0.006637
2017-11-22,0.892,-0.006682
2017-11-23,0.878,-0.015695
2017-11-24,0.881,0.003417
2017-11-27,0.875,-0.00681
2017-11-28,0.888,0.014857
2017-11-29,0.887,-0.001126
2017-11-30,0.883,-0.00451
2017-12-01,0.893,0.011325
2017-12-04,0.884,-0.010078
2017-12-05,0.867,-0.019231
2017-12-06,0.872,0.005767
2017-12-07,0.875,0.00344
2017-12-08,0.883,0.009143
2017-12-11,0.892,0.010193
2017-12-12,0.887,-0.005605
2017-12-13,0.888,0.001127
2017-12-14,0.891,0.003378
2017-12-15,0.888,-0.003367
2017-12-18,0.882,-0.006757
2017-12-19,0.885,0.003401
2017-12-20,0.877,-0.00904
2017-12-21,0.878,0.00114
2017-12-22,0.875,-0.003417
2017-12-25,0.869,-0.006857
2017-12-26,0.871,0.002301
2017-12-27,0.866,-0.005741
2017-12-28,0.867,0.001155
2017-12-29,0.873,0.00692
2017-12-31,0.873,0.0
2018-01-02,0.872,-0.001145
2018-01-03,0.879,0.008028
2018-01-04,0.878,-0.001138
2018-01-05,0.88,0.002278
2018-01-08,0.875,-0.005682
2018-01-09,0.878,0.003429
2018-01-10,0.878,0.0
2018-01-11,0.876,-0.002278
2018-01-12,0.872,-0.004566
2018-01-15,0.853,-0.021789
2018-01-16,0.847,-0.007034
2018-01-17,0.831,-0.01889
2018-01-18,0.824,-0.008424
2018-01-19,0.813,-0.01335
2018-01-22,0.819,0.00738
2018-01-23,0.819,0.0
2018-01-24,0.821,0.002442
2018-01-25,0.823,0.002436
2018-01-26,0.829,0.00729
2018-01-29,0.821,-0.00965
2018-01-30,0.814,-0.008526
2018-01-31,0.797,-0.020885
2018-02-01,0.772,-0.031368
2018-02-02,0.775,0.003886
2018-02-05,0.771,-0.005161
2018-02-06,0.75,-0.027237
2018-02-07,0.755,0.006667
2018-02-08,0.763,0.010596
2018-02-09,0.743,-0.026212
2018-02-12,0.754,0.014805
2018-02-13,0.755,0.001326
2018-02-14,0.762,0.009272
2018-02-22,0.77,0.010499
2018-02-23,0.767,-0.003896
2018-02-26,0.779,0.015645
2018-02-27,0.787,0.01027
2018-02-28,0.792,0.006353
2018-03-01,0.798,0.007576
2018-03-02,0.793,-0.006266
2018-03-05,0.797,0.005044
2018-03-06,0.804,0.008783
2018-03-07,0.802,-0.002488
2018-03-08,0.804,0.002494
2018-03-09,0.814,0.012438
2018-03-12,0.824,0.012285
2018-03-13,0.815,-0.010922
2018-03-14,0.804,-0.013497
2018-03-15,0.807,0.003731
2018-03-16,0.803,-0.004957
2018-03-19,0.807,0.004981
2018-03-20,0.803,-0.004957
2018-03-21,0.797,-0.007472
2018-03-22,0.798,0.001255
2018-03-23,0.775,-0.028822
2018-03-26,0.79,0.019355
2018-03-27,0.809,0.024051
2018-03-28,0.813,0.004944
2018-03-29,0.816,0.00369
2018-03-30,0.83,0.017157
2018-04-02,0.835,0.006024
2018-04-03,0.83,-0.005988
2018-04-04,0.819,-0.013253
2018-04-09,0.82,0.001221
2018-04-10,0.814,-0.007317
2018-04-11,0.817,0.003686
2018-04-12,0.81,-0.008568
2018-04-13,0.808,-0.002469
2018-04-16,0.808,0.0
2018-04-17,0.79,-0.022277
2018-04-18,0.798,0.010127
2018-04-19,0.797,-0.001253
2018-04-20,0.788,-0.011292
2018-04-23,0.772,-0.020305
2018-04-24,0.784,0.015544
2018-04-25,0.79,0.007653
2018-04-26,0.774,-0.020253
2018-04-27,0.776,0.002584
2018-05-02,0.768,-0.010309
2018-05-03,0.775,0.009115
2018-05-04,0.769,-0.007742
2018-05-07,0.774,0.006502
2018-05-08,0.778,0.005168
2018-05-09,0.776,-0.002571
2018-05-10,0.778,0.002577
2018-05-11,0.774,-0.005141
2018-05-14,0.771,-0.003876
2018-05-15,0.779,0.010376
2018-05-16,0.774,-0.006418
2018-05-17,0.771,-0.003876
2018-05-18,0.773,0.002594
2018-05-21,0.783,0.012937
2018-05-22,0.784,0.001277
2018-05-23,0.777,-0.008929
2018-05-24,0.775,-0.002574
2018-05-25,0.769,-0.007742
2018-05-28,0.768,-0.0013
2018-05-29,0.759,-0.011719
2018-05-30,0.742,-0.022398
2018-05-31,0.759,0.022911
2018-06-01,0.749,-0.013175
2018-06-04,0.746,-0.004005
2018-06-05,0.76,0.018767
2018-06-06,0.765,0.006579
2018-06-07,0.76,-0.006536
2018-06-08,0.752,-0.010526
2018-06-11,0.746,-0.007979
2018-06-12,0.753,0.009383
2018-06-13,0.742,-0.014608
2018-06-14,0.734,-0.010782
2018-06-15,0.725,-0.012262
2018-06-19,0.69,-0.048276
2018-06-20,0.686,-0.005797
2018-06-21,0.67,-0.023324
2018-06-22,0.67,0.0
2018-06-25,0.662,-0.01194
2018-06-26,0.661,-0.001511
2018-06-27,0.646,-0.022693
2018-06-28,0.637,-0.013932
2018-06-29,0.653,0.025118
2018-06-30,0.653,0.0
2018-07-02,0.647,-0.009188
2018-07-03,0.649,0.003091
2018-07-04,0.636,-0.020031
2018-07-05,0.618,-0.028302
2018-07-06,0.618,0.0
2018-07-09,0.636,0.029126
2018-07-10,0.64,0.006289
2018-07-11,0.633,-0.010938
2018-07-12,0.654,0.033175
2018-07-13,0.659,0.007645
2018-07-16,0.667,0.01214
2018-07-17,0.668,0.001499
2018-07-18,0.656,-0.017964
2018-07-19,0.65,-0.009146
2018-07-20,0.664,0.021538
2018-07-23,0.678,0.021084
2018-07-24,0.675,-0.004425
2018-07-25,0.676,0.001481
2018-07-26,0.66,-0.023669
2018-07-27,0.654,-0.009091
2018-07-30,0.647,-0.010703
2018-07-31,0.64,-0.010819
2018-08-01,0.634,-0.009375
2018-08-02,0.626,-0.012618
2018-08-03,0.606,-0.031949
2018-08-06,0.593,-0.021452
2018-08-07,0.614,0.035413
2018-08-08,0.599,-0.02443
2018-08-09,0.624,0.041736
2018-08-10,0.636,0.019231
2018-08-13,0.646,0.015723
2018-08-14,0.638,-0.012384
2018-08-15,0.63,-0.012539
2018-08-16,0.62,-0.015873
2018-08-17,0.605,-0.024194
2018-08-20,0.617,0.019835
2018-08-21,0.622,0.008104
2018-08-22,0.611,-0.017685
2018-08-23,0.62,0.01473
2018-08-24,0.614,-0.009677
2018-08-27,0.632,0.029316
2018-08-28,0.636,0.006329
2018-08-29,0.633,-0.004717
2018-08-30,0.619,-0.022117
2018-08-31,0.614,-0.008078
2018-09-03,0.621,0.011401
2018-09-04,0.637,0.025765
2018-09-05,0.625,-0.018838
2018-09-06,0.625,0.0
2018-09-07,0.609,-0.0256
2018-09-10,0.597,-0.019704
2018-09-11,0.602,0.008375
2018-09-12,0.599,-0.004983
2018-09-13,0.603,0.006678
2018-09-14,0.586,-0.028192
2018-09-17,0.581,-0.008532
2018-09-18,0.591,0.017212
2018-09-19,0.601,0.01692
2018-09-20,0.596,-0.008319
2018-09-21,0.602,0.010067
2018-09-25,0.608,0.009967
2018-09-26,0.612,0.006579
2018-09-27,0.605,-0.011438
2018-09-28,0.61,0.008264
2018-10-08,0.584,-0.042623
2018-10-09,0.572,-0.020548
2018-10-10,0.573,0.001748
2018-10-11,0.538,-0.061082
2018-10-12,0.548,0.018587
2018-10-15,0.543,-0.009124
2018-10-16,0.528,-0.027624
2018-10-17,0.535,0.013258
2018-10-18,0.525,-0.018692
2018-10-19,0.538,0.024762
2018-10-22,0.559,0.039033
2018-10-23,0.549,-0.017889
2018-10-24,0.545,-0.007286
2018-10-25,0.54,-0.009174
2018-10-26,0.537,-0.005556
2018-10-29,0.53,-0.013035
2018-10-30,0.533,0.00566
2018-10-31,0.538,0.009381
2018-11-01,0.545,0.013011
2018-11-02,0.564,0.034862
2018-11-05,0.565,0.001773
2018-11-06,0.561,-0.00708
2018-11-07,0.562,0.001783
2018-11-08,0.555,-0.012456
2018-11-09,0.554,-0.001802
2018-11-12,0.566,0.021661
2018-11-13,0.57,0.007067
2018-11-14,0.57,0.0
2018-11-15,0.582,0.021053
2018-11-16,0.589,0.012027
2018-11-19,0.587,-0.003396
2018-11-20,0.573,-0.02385
2018-11-21,0.57,-0.005236
2018-11-22,0.567,-0.005263
2018-11-23,0.549,-0.031746
2018-11-26,0.547,-0.003643
2018-11-27,0.549,0.003656
2018-11-28,0.557,0.014572
2018-11-29,0.543,-0.025135
2018-11-30,0.549,0.01105
2018-12-03,0.567,0.032787
2018-12-04,0.566,-0.001764
2018-12-05,0.563,-0.0053
2018-12-06,0.555,-0.01421
2018-12-07,0.555,0.0
2018-12-10,0.549,-0.010811
2018-12-11,0.554,0.009107
2018-12-12,0.552,-0.00361
2018-12-13,0.561,0.016304
2018-12-14,0.548,-0.023173
2018-12-17,0.544,-0.007299
2018-12-18,0.543,-0.001838
2018-12-19,0.537,-0.01105
2018-12-20,0.538,0.001862
2018-12-21,0.535,-0.005576
2018-12-24,0.537,0.003738
2018-12-25,0.535,-0.003724
2018-12-26,0.533,-0.003738
2018-12-27,0.528,-0.009381
2018-12-28,0.53,0.003788
2018-12-31,0.529,-0.001887
2019-01-02,0.526,-0.005671
2019-01-03,0.524,-0.003802
2019-01-04,0.534,0.019084
2019-01-07,0.539,0.009363
2019-01-08,0.536,-0.005566
2019-01-09,0.538,0.003731
2019-01-10,0.536,-0.003717
2019-01-11,0.539,0.005597
2019-01-14,0.536,-0.005566
2019-01-15,0.54,0.007463
2019-01-16,0.54,0.0
2019-01-17,0.536,-0.007407
2019-01-18,0.541,0.009328
2019-01-21,0.544,0.005545
2019-01-22,0.538,-0.011029
2019-01-23,0.539,0.001859
2019-01-24,0.542,0.005566
2019-01-25,0.543,0.001845
2019-01-28,0.541,-0.003683
2019-01-29,0.538,-0.005545
2019-01-30,0.534,-0.007435
2019-01-31,0.535,0.001873
2019-02-01,0.546,0.020561
2019-02-11,0.557,0.020147
2019-02-12,0.56,0.005386
2019-02-13,0.569,0.016071
2019-02-14,0.569,0.0
2019-02-15,0.563,-0.010545
2019-02-18,0.581,0.031972
2019-02-19,0.578,-0.005164
2019-02-20,0.582,0.00692
2019-02-21,0.586,0.006873
2019-02-22,0.602,0.027304
2019-02-25,0.636,0.056478
2019-02-26,0.628,-0.012579
2019-02-27,0.624,-0.006369
2019-02-28,0.625,0.001603
2019-03-01,0.634,0.0144
2019-03-04,0.644,0.015773
2019-03-05,0.657,0.020186
2019-03-06,0.663,0.009132
2019-03-07,0.662,-0.001508
2019-03-08,0.645,-0.02568
2019-03-11,0.669,0.037209
2019-03-12,0.685,0.023916
2019-03-13,0.663,-0.032117
2019-03-14,0.647,-0.024133
2019-03-15,0.649,0.003091
2019-03-18,0.662,0.020031
2019-03-19,0.665,0.004532
2019-03-20,0.664,-0.001504
2019-03-21,0.667,0.004518
2019-03-22,0.666,-0.001499
2019-03-25,0.662,-0.006006
2019-03-26,0.647,-0.022659
2019-03-27,0.647,0.0
2019-03-28,0.641,-0.009274
2019-03-29,0.659,0.028081
2019-04-01,0.679,0.030349
2019-04-02,0.68,0.001473
2019-04-03,0.684,0.005882
2019-04-04,0.686,0.002924
2019-04-08,0.675,-0.016035
2019-04-09,0.674,-0.001481
2019-04-10,0.673,-0.001484
2019-04-11,0.661,-0.017831
2019-04-12,0.659,-0.003026
2019-04-15,0.652,-0.010622
2019-04-16,0.664,0.018405
2019-04-17,0.672,0.012048
2019-04-18,0.67,-0.002976
2019-04-19,0.676,0.008955
2019-04-22,0.667,-0.013314
2019-04-23,0.657,-0.014993
2019-04-24,0.664,0.010654
2019-04-25,0.647,-0.025602
2019-04-26,0.64,-0.010819
2019-04-29,0.626,-0.021875
2019-04-30,0.634,0.01278
2019-05-06,0.594,-0.063091
2019-05-07,0.603,0.015152
2019-05-08,0.601,-0.003317
2019-05-09,0.592,-0.014975
2019-05-10,0.61,0.030405
2019-05-13,0.605,-0.008197
2019-05-14,0.6,-0.008264
2019-05-15,0.614,0.023333
2019-05-16,0.615,0.001629
2019-05-17,0.597,-0.029268
2019-05-20,0.589,-0.0134
2019-05-21,0.598,0.01528
2019-05-22,0.597,-0.001672
2019-05-23,0.587,-0.01675
2019-05-24,0.586,-0.001704
2019-05-27,0.596,0.017065
2019-05-28,0.598,0.003356
2019-05-29,0.597,-0.001672
2019-05-30,0.593,-0.0067
2019-05-31,0.595,0.003373
2019-06-03,0.591,-0.006723
2019-06-04,0.587,-0.006768
2019-06-05,0.588,0.001704
2019-06-06,0.58,-0.013605
2019-06-10,0.585,0.008621
2019-06-11,0.598,0.022222
2019-06-12,0.595,-0.005017
2019-06-13,0.596,0.001681
2019-06-14,0.588,-0.013423
2019-06-17,0.584,-0.006803
2019-06-18,0.586,0.003425
2019-06-19,0.593,0.011945
2019-06-20,0.604,0.01855
2019-06-21,0.61,0.009934
2019-06-24,0.609,-0.001639
2019-06-25,0.605,-0.006568
2019-06-26,0.604,-0.001653
2019-06-27,0.61,0.009934
2019-06-28,0.607,-0.004918
2019-06-30,0.607,0.0
2019-07-01,0.623,0.026359
2019-07-02,0.625,0.00321
2019-07-03,0.62,-0.008
2019-07-04,0.614,-0.009677
2019-07-05,0.62,0.009772
2019-07-08,0.602,-0.029032
2019-07-09,0.602,0.0
2019-07-10,0.603,0.001661
2019-07-11,0.601,-0.003317
2019-07-12,0.604,0.004992
2019-07-15,0.608,0.006623
2019-07-16,0.605,-0.004934
2019-07-17,0.605,0.0
2019-07-18,0.597,-0.013223
2019-07-19,0.603,0.01005
2019-07-22,0.603,0.0
2019-07-23,0.608,0.008292
2019-07-24,0.614,0.009868
2019-07-25,0.621,0.011401
2019-07-26,0.622,0.00161
2019-07-29,0.625,0.004823
2019-07-30,0.625,0.0
2019-07-31,0.623,-0.0032
2019-08-01,0.62,-0.004815
2019-08-02,0.612,-0.012903
2019-08-05,0.605,-0.011438
2019-08-06,0.601,-0.006612
2019-08-07,0.601,0.0
2019-08-08,0.607,0.009983
2019-08-09,0.605,-0.003295
2019-08-12,0.616,0.018182
2019-08-13,0.612,-0.006494
2019-08-14,0.616,0.006536
2019-08-15,0.623,0.011364
2019-08-16,0.623,0.0
2019-08-19,0.637,0.022472
2019-08-20,0.638,0.00157
2019-08-21,0.635,-0.004702
2019-08-22,0.634,-0.001575
2019-08-23,0.634,0.0
2019-08-26,0.63,-0.006309
2019-08-27,0.636,0.009524
2019-08-28,0.634,-0.003145
2019-08-29,0.636,0.003155
2019-08-30,0.634,-0.003145
2019-09-02,0.647,0.020505
2019-09-03,0.655,0.012365
2019-09-04,0.658,0.00458
2019-09-05,0.664,0.009119
2019-09-06,0.667,0.004518
2019-09-09,0.684,0.025487
2019-09-10,0.683,-0.001462
2019-09-11,0.677,-0.008785
2019-09-12,0.68,0.004431
2019-09-16,0.682,0.002941
2019-09-17,0.665,-0.024927
2019-09-18,0.667,0.003008
2019-09-19,0.677,0.014993
2019-09-20,0.677,0.0
2019-09-23,0.673,-0.005908
2019-09-24,0.679,0.008915
2019-09-25,0.67,-0.013255
2019-09-26,0.655,-0.022388
2019-09-27,0.659,0.006107
2019-09-30,0.647,-0.018209
2019-10-08,0.647,0.0
2019-10-09,0.651,0.006182
2019-10-10,0.657,0.009217
2019-10-11,0.654,-0.004566
2019-10-14,0.666,0.018349
2019-10-15,0.659,-0.010511
2019-10-16,0.656,-0.004552
2019-10-17,0.654,-0.003049
2019-10-18,0.649,-0.007645
2019-10-21,0.649,0.0
2019-10-22,0.655,0.009245
2019-10-23,0.648,-0.010687
2019-10-24,0.645,-0.00463
2019-10-25,0.65,0.007752
2019-10-28,0.658,0.012308
2019-10-29,0.652,-0.009119
2019-10-30,0.649,-0.004601
2019-10-31,0.644,-0.007704
2019-11-01,0.65,0.009317
2019-11-04,0.658,0.012308
2019-11-05,0.665,0.010638
2019-11-06,0.664,-0.001504
2019-11-07,0.667,0.004518
2019-11-08,0.666,-0.001499
2019-11-11,0.655,-0.016517
2019-11-12,0.654,-0.001527
2019-11-13,0.655,0.001529
2019-11-14,0.659,0.006107
2019-11-15,0.656,-0.004552
2019-11-18,0.661,0.007622
2019-11-19,0.672,0.016641
2019-11-20,0.667,-0.00744
2019-11-21,0.664,-0.004498
2019-11-22,0.656,-0.012048
2019-11-25,0.654,-0.003049
2019-11-26,0.656,0.003058
2019-11-27,0.662,0.009146
2019-11-28,0.658,-0.006042
2019-11-29,0.654,-0.006079
2019-12-02,0.657,0.004587
2019-12-03,0.659,0.003044
2019-12-04,0.661,0.003035
2019-12-05,0.67,0.013616
2019-12-06,0.673,0.004478
2019-12-09,0.676,0.004458
2019-12-10,0.68,0.005917
2019-12-11,0.676,-0.005882
2019-12-12,0.678,0.002959
2019-12-13,0.689,0.016224
2019-12-16,0.7,0.015965
2019-12-17,0.709,0.012857
2019-12-18,0.711,0.002821
2019-12-19,0.706,-0.007032
2019-12-20,0.708,0.002833
2019-12-23,0.7,-0.011299
2019-12-24,0.718,0.025714
2019-12-25,0.722,0.005571
2019-12-26,0.728,0.00831
2019-12-27,0.727,-0.001374
2019-12-30,0.734,0.009629
2019-12-31,0.739,0.006812
2020-01-02,0.752,0.017591
2020-01-03,0.757,0.006649
2020-01-06,0.758,0.001321
2020-01-07,0.766,0.010554
2020-01-08,0.757,-0.011749
2020-01-09,0.769,0.015852
2020-01-10,0.766,-0.003901
2020-01-13,0.783,0.022193
2020-01-14,0.783,0.0
2020-01-15,0.783,0.0
2020-01-16,0.781,-0.002554
2020-01-17,0.783,0.002561
2020-01-20,0.8,0.021711
2020-01-21,0.793,-0.00875
2020-01-22,0.805,0.015132
2020-01-23,0.78,-0.031056
2020-02-03,0.726,-0.069231
2020-02-04,0.751,0.034435
2020-02-05,0.77,0.0253
2020-02-06,0.788,0.023377
2020-02-07,0.796,0.010152
2020-02-10,0.819,0.028894
2020-02-11,0.813,-0.007326
2020-02-12,0.829,0.01968
2020-02-13,0.823,-0.007238
2020-02-14,0.828,0.006075
2020-02-17,0.859,0.03744
2020-02-18,0.881,0.025611
2020-02-19,0.881,0.0
2020-02-20,0.896,0.017026
2020-02-21,0.913,0.018973
2020-02-24,0.924,0.012048
2020-02-25,0.927,0.003247
2020-02-26,0.89,-0.039914
2020-02-27,0.898,0.008989
2020-02-28,0.846,-0.057906
2020-03-02,0.875,0.034279
2020-03-03,0.885,0.011429
2020-03-04,0.887,0.00226
2020-03-05,0.897,0.011274
2020-03-06,0.89,-0.007804
2020-03-09,0.842,-0.053933
2020-03-10,0.867,0.029691
2020-03-11,0.855,-0.013841
2020-03-12,0.839,-0.018713
2020-03-13,0.838,-0.001192
2020-03-16,0.795,-0.051313
2020-03-17,0.8,0.006289
2020-03-18,0.788,-0.015
2020-03-19,0.797,0.011421
2020-03-20,0.804,0.008783
2020-03-23,0.761,-0.053483
2020-03-24,0.771,0.013141
2020-03-25,0.793,0.028534
2020-03-26,0.786,-0.008827
2020-03-27,0.78,-0.007634
2020-03-30,0.764,-0.020513
2020-03-31,0.76,-0.005236
2020-04-01,0.763,0.003947
2020-04-02,0.778,0.019659
2020-04-03,0.774,-0.005141
2020-04-07,0.793,0.024548
2020-04-08,0.793,0.0
2020-04-09,0.8,0.008827
2020-04-10,0.779,-0.02625
2020-04-13,0.773,-0.007702
2020-04-14,0.791,0.023286
2020-04-15,0.79,-0.001264
2020-04-16,0.792,0.002532
2020-04-17,0.799,0.008838
2020-04-20,0.811,0.015019
2020-04-21,0.807,-0.004932
2020-04-22,0.808,0.001239
2020-04-23,0.803,-0.006188
2020-04-24,0.791,-0.014944
2020-04-27,0.787,-0.005057
2020-04-28,0.778,-0.011436
2020-04-29,0.779,0.001285
2020-04-30,0.8,0.026958
2020-05-06,0.817,0.02125
2020-05-07,0.82,0.003672
2020-05-08,0.826,0.007317
2020-05-11,0.821,-0.006053
2020-05-12,0.827,0.007308
2020-05-13,0.826,-0.001209
2020-05-14,0.819,-0.008475
2020-05-15,0.827,0.009768
2020-05-18,0.813,-0.016929
2020-05-19,0.823,0.0123
2020-05-20,0.819,-0.00486
2020-05-21,0.803,-0.019536
2020-05-22,0.786,-0.021171
2020-05-25,0.787,0.001272
2020-05-26,0.803,0.02033
2020-05-27,0.799,-0.004981
2020-05-28,0.798,-0.001252
2020-05-29,0.81,0.015038
2020-06-01,0.832,0.02716
2020-06-02,0.837,0.00601
2020-06-03,0.839,0.002389
2020-06-04,0.853,0.016687
2020-06-05,0.85,-0.003517
2020-06-08,0.854,0.004706
2020-06-09,0.866,0.014052
2020-06-10,0.863,-0.003464
2020-06-11,0.867,0.004635
2020-06-12,0.874,0.008074
2020-06-15,0.871,-0.003432
2020-06-16,0.896,0.028703
2020-06-17,0.901,0.00558
2020-06-18,0.909,0.008879
2020-06-19,0.914,0.005501
2020-06-22,0.917,0.003282
2020-06-23,0.919,0.002181
2020-06-24,0.916,-0.003264
2020-06-29,0.914,-0.002183
2020-06-30,0.932,0.019694
2020-07-01,0.943,0.011803
2020-07-02,0.944,0.00106
2020-07-03,0.947,0.003178
2020-07-06,0.977,0.031679
2020-07-07,1.001,0.024565
2020-07-08,1.016,0.014985
2020-07-09,1.045,0.028543
2020-07-10,1.041,-0.003828
2020-07-13,1.078,0.035543
2020-07-14,1.066,-0.011132
2020-07-15,1.045,-0.0197
2020-07-16,0.987,-0.055502
2020-07-17,0.979,-0.008105
2020-07-20,1.008,0.029622
2020-07-21,1.023,0.014881
2020-07-22,1.026,0.002933
2020-07-23,1.039,0.012671
2020-07-24,0.999,-0.038499
2020-07-27,1.002,0.003003
2020-07-28,1.019,0.016966
2020-07-29,1.055,0.035329
2020-07-30,1.059,0.003791
2020-07-31,1.086,0.025496
2020-08-03,1.128,0.038674
2020-08-04,1.107,-0.018617
2020-08-05,1.127,0.018067
2020-08-06,1.107,-0.017746
2020-08-07,1.086,-0.01897
2020-08-10,1.066,-0.018416
2020-08-11,1.047,-0.017824
2020-08-12,1.031,-0.015282
2020-08-13,1.033,0.00194
2020-08-14,1.042,0.008712
2020-08-17,1.063,0.020154
2020-08-18,1.062,-0.000941
2020-08-19,1.026,-0.033898
2020-08-20,1.016,-0.009747
2020-08-21,1.029,0.012795
2020-08-24,1.035,0.005831
2020-08-25,1.037,0.001932
2020-08-26,1.011,-0.025072
2020-08-27,1.018,0.006924
2020-08-28,1.029,0.010806
2020-08-31,1.033,0.003887
2020-09-01,1.039,0.005808
2020-09-02,1.04,0.000962
2020-09-03,1.029,-0.010577
2020-09-04,1.029,0.0
2020-09-07,1.007,-0.02138
2020-09-08,1.007,0.0
2020-09-09,0.981,-0.025819
2020-09-10,0.96,-0.021407
2020-09-11,0.983,0.023958
2020-09-14,0.998,0.015259
2020-09-15,1.009,0.011022
2020-09-16,0.996,-0.012884
2020-09-17,1.002,0.006024
2020-09-18,1.012,0.00998
2020-09-21,1.006,-0.005929
2020-09-22,0.989,-0.016899
2020-09-23,0.991,0.002022
2020-09-24,0.967,-0.024218
2020-09-25,0.965,-0.002068
2020-09-28,0.947,-0.018653
2020-09-29,0.956,0.009504
2020-09-30,0.961,0.00523
2020-10-09,0.997,0.037461
2020-10-12,1.023,0.026078
2020-10-13,1.035,0.01173
2020-10-14,1.028,-0.006763
2020-10-15,1.019,-0.008755
2020-10-16,1.011,-0.007851
2020-10-19,0.998,-0.012859
2020-10-20,1.011,0.013026
2020-10-21,0.991,-0.019782
2020-10-22,0.993,0.002018
2020-10-23,0.977,-0.016113
2020-10-26,0.983,0.006141
2020-10-27,0.983,0.0
2020-10-28,0.991,0.008138
2020-10-29,0.99,-0.001009
2020-10-30,0.969,-0.021212
2020-11-02,0.97,0.001032
2020-11-03,0.987,0.017526
2020-11-04,0.984,-0.00304
2020-11-05,1.009,0.025407
2020-11-06,1.002,-0.006938
2020-11-09,1.034,0.031936
2020-11-10,1.032,-0.001934
2020-11-11,1.022,-0.00969
2020-11-12,1.034,0.011742
2020-11-13,1.033,-0.000967
2020-11-16,1.037,0.003872
2020-11-17,1.019,-0.017358
2020-11-18,1.015,-0.003925
2020-11-19,1.017,0.00197
2020-11-20,1.03,0.012783
2020-11-23,1.035,0.004854
2020-11-24,1.03,-0.004831
2020-11-25,1.017,-0.012621
2020-11-26,1.02,0.00295
2020-11-27,1.019,-0.00098
2020-11-30,1.016,-0.002944
2020-12-01,1.027,0.010827
2020-12-02,1.029,0.001947
2020-12-03,1.03,0.000972
2020-12-04,1.037,0.006796
2020-12-07,1.038,0.000964
2020-12-08,1.051,0.012524
2020-12-09,1.038,-0.012369
2020-12-10,1.039,0.000963
2020-12-11,1.028,-0.010587
2020-12-14,1.036,0.007782
2020-12-15,1.044,0.007722
2020-12-16,1.047,0.002874
2020-12-17,1.065,0.017192
2020-12-18,1.061,-0.003756
2020-12-21,1.09,0.027333
2020-12-22,1.075,-0.013761
2020-12-23,1.098,0.021395
2020-12-24,1.079,-0.017304
2020-12-25,1.096,0.015755
2020-12-28,1.094,-0.001825
2020-12-29,1.076,-0.016453
2020-12-30,1.087,0.010223
2020-12-31,1.101,0.012879
2021-01-04,1.132,0.028156
2021-01-05,1.13,-0.001767
2021-01-06,1.121,-0.007965
2021-01-07,1.115,-0.005352
2021-01-08,1.119,0.003587
2021-01-11,1.099,-0.017873
2021-01-12,1.105,0.00546
2021-01-13,1.084,-0.019005
2021-01-14,1.071,-0.011993
2021-01-15,1.083,0.011204
2021-01-18,1.106,0.021237
2021-01-19,1.094,-0.01085
2021-01-20,1.113,0.017367
2021-01-21,1.131,0.016173
2021-01-22,1.146,0.013263
2021-01-25,1.145,-0.000873
2021-01-26,1.127,-0.015721
2021-01-27,1.127,0.0
2021-01-28,1.093,-0.030169
2021-01-29,1.082,-0.010064
2021-02-01,1.093,0.010166
2021-02-02,1.1,0.006404
2021-02-03,1.095,-0.004545
2021-02-04,1.071,-0.021918
2021-02-05,1.042,-0.027077
2021-02-08,1.047,0.004798
2021-02-09,1.074,0.025788
2021-02-10,1.081,0.006518
2021-02-18,1.102,0.019426
2021-02-19,1.118,0.014519
2021-02-22,1.123,0.004472
2021-02-23,1.112,-0.009795
2021-02-24,1.094,-0.016187
2021-02-25,1.086,-0.007313
2021-02-26,1.071,-0.013812
2021-03-01,1.105,0.031746
2021-03-02,1.098,-0.006335
2021-03-03,1.118,0.018215
2021-03-04,1.091,-0.02415
2021-03-05,1.088,-0.00275
2021-03-08,1.071,-0.015625
2021-03-09,1.05,-0.019608
2021-03-10,1.044,-0.005714
2021-03-11,1.068,0.022989
2021-03-12,1.069,0.000936
2021-03-15,1.065,-0.003742
2021-03-16,1.063,-0.001878
2021-03-17,1.077,0.01317
2021-03-18,1.079,0.001857
2021-03-19,1.057,-0.020389
2021-03-22,1.076,0.017975
2021-03-23,1.052,-0.022305
2021-03-24,1.036,-0.015209
2021-03-25,1.04,0.003861
2021-03-26,1.061,0.020192
2021-03-29,1.051,-0.009425
2021-03-30,1.058,0.00666
2021-03-31,1.051,-0.006616
2021-04-01,1.055,0.003806
2021-04-02,1.054,-0.000948
2021-04-06,1.067,0.012334
2021-04-07,1.073,0.005623
2021-04-08,1.071,-0.001864
2021-04-09,1.074,0.002801
2021-04-12,1.049,-0.023277
2021-04-13,1.041,-0.007626
2021-04-14,1.058,0.01633
2021-04-15,1.057,-0.000945
2021-04-16,1.076,0.017975
2021-04-19,1.098,0.020446
2021-04-20,1.104,0.005464
2021-04-21,1.102,-0.001812
2021-04-22,1.11,0.00726
2021-04-23,1.112,0.001802
2021-04-26,1.117,0.004496
2021-04-27,1.119,0.001791
2021-04-28,1.133,0.012511
2021-04-29,1.142,0.007944
2021-04-30,1.133,-0.007881
2021-05-06,1.127,-0.005296
2021-05-07,1.117,-0.008873
2021-05-10,1.123,0.005372
2021-05-11,1.112,-0.009795
2021-05-12,1.122,0.008993
2021-05-13,1.114,-0.00713
2021-05-14,1.126,0.010772
2021-05-17,1.136,0.008881
2021-05-18,1.144,0.007042
2021-05-19,1.16,0.013986
2021-05-20,1.159,-0.000862
2021-05-21,1.165,0.005177
2021-05-24,1.173,0.006867
2021-05-25,1.183,0.008525
2021-05-26,1.186,0.002536
2021-05-27,1.194,0.006745
2021-05-28,1.212,0.015075
2021-05-31,1.239,0.022277
2021-06-01,1.251,0.009685
2021-06-02,1.238,-0.010392
2021-06-03,1.249,0.008885
2021-06-04,1.278,0.023219
2021-06-07,1.294,0.01252
2021-06-08,1.287,-0.00541
2021-06-09,1.285,-0.001554
2021-06-10,1.323,0.029572
2021-06-11,1.309,-0.010582
2021-06-15,1.293,-0.012223
2021-06-16,1.245,-0.037123
2021-06-17,1.261,0.012851
2021-06-18,1.285,0.019033
2021-06-21,1.307,0.017121
2021-06-22,1.313,0.004591
2021-06-23,1.341,0.021325
2021-06-24,1.327,-0.01044
2021-06-25,1.337,0.007536
2021-06-28,1.361,0.017951
2021-06-29,1.374,0.009552
2021-06-30,1.417,0.031295
2021-07-01,1.399,-0.012703
2021-07-02,1.414,0.010722
2021-07-05,1.455,0.028996
2021-07-06,1.466,0.00756
2021-07-07,1.514,0.032742
2021-07-08,1.524,0.006605
2021-07-09,1.546,0.014436
2021-07-12,1.604,0.037516
2021-07-13,1.635,0.019327
2021-07-14,1.591,-0.026911
2021-07-15,1.604,0.008171
2021-07-16,1.596,-0.004988
2021-07-19,1.571,-0.015664
2021-07-20,1.57,-0.000637
2021-07-21,1.615,0.028662
2021-07-22,1.64,0.01548
2021-07-23,1.609,-0.018902
2021-07-26,1.604,-0.003108
2021-07-27,1.544,-0.037406
2021-07-28,1.506,-0.024611
2021-07-29,1.565,0.039177
2021-07-30,1.558,-0.004473
2021-08-02,1.584,0.016688
2021-08-03,1.542,-0.026515
2021-08-04,1.592,0.032425
2021-08-05,1.576,-0.01005
2021-08-06,1.608,0.020305
2021-08-09,1.603,-0.003109
2021-08-10,1.594,-0.005614
2021-08-11,1.615,0.013174
2021-08-12,1.624,0.005573
2021-08-13,1.608,-0.009852
2021-08-16,1.578,-0.018657
2021-08-17,1.536,-0.026616
2021-08-18,1.539,0.001953
2021-08-19,1.545,0.003899
2021-08-20,1.551,0.003883
2021-08-23,1.586,0.022566
2021-08-24,1.605,0.01198
2021-08-25,1.607,0.001246
2021-08-26,1.586,-0.013068
2021-08-27,1.609,0.014502
2021-08-30,1.624,0.009323
2021-08-31,1.646,0.013547
2021-09-01,1.606,-0.024301
2021-09-02,1.634,0.017435
2021-09-03,1.627,-0.004284
2021-09-06,1.635,0.004917
2021-09-07,1.663,0.017125
2021-09-08,1.675,0.007216
2021-09-09,1.675,0.0
2021-09-10,1.7,0.014925
2021-09-13,1.712,0.007059
2021-09-14,1.7,-0.007009
2021-09-15,1.713,0.007647
2021-09-16,1.673,-0.023351
2021-09-17,1.672,-0.000598
2021-09-22,1.671,-0.000598
2021-09-23,1.679,0.004788
2021-09-24,1.665,-0.008338
2021-09-27,1.617,-0.028829
2021-09-28,1.616,-0.000618
2021-09-29,1.581,-0.021658
2021-09-30,1.614,0.020873
2021-10-08,1.613,-0.00062
2021-10-11,1.611,-0.00124
2021-10-12,1.586,-0.015518
2021-10-13,1.592,0.003783
2021-10-14,1.598,0.003769
2021-10-15,1.609,0.006884
2021-10-18,1.617,0.004972
2021-10-19,1.62,0.001855
2021-10-20,1.625,0.003086
2021-10-21,1.625,0.0
2021-10-22,1.62,-0.003077
2021-10-25,1.644,0.014815
2021-10-26,1.653,0.005474
2021-10-27,1.656,0.001815
2021-10-28,1.62,-0.021739
2021-10-29,1.633,0.008025
2021-11-01,1.639,0.003674
2021-11-02,1.613,-0.015863
2021-11-03,1.614,0.00062
2021-11-04,1.621,0.004337
2021-11-05,1.606,-0.009254
2021-11-08,1.624,0.011208
2021-11-09,1.635,0.006773
2021-11-10,1.621,-0.008563
2021-11-11,1.626,0.003085
2021-11-12,1.639,0.007995
2021-11-15,1.635,-0.002441
2021-11-16,1.618,-0.010398
2021-11-17,1.64,0.013597
2021-11-18,1.641,0.00061
2021-11-19,1.641,0.0
2021-11-22,1.664,0.014016
2021-11-23,1.656,-0.004808
2021-11-24,1.651,-0.003019
2021-11-25,1.65,-0.000606
2021-11-26,1.661,0.006667
2021-11-29,1.676,0.009031
2021-11-30,1.677,0.000597
2021-12-01,1.693,0.009541
2021-12-02,1.696,0.001772
2021-12-03,1.7,0.002358
2021-12-06,1.678,-0.012941
2021-12-07,1.658,-0.011919
2021-12-08,1.682,0.014475
2021-12-09,1.679,-0.001784
2021-12-10,1.697,0.010721
2021-12-13,1.697,0.0
2021-12-14,1.688,-0.005303
2021-12-15,1.679,-0.005332
2021-12-16,1.691,0.007147
2021-12-17,1.671,-0.011827
2021-12-20,1.642,-0.017355
2021-12-21,1.659,0.010353
2021-12-22,1.672,0.007836
2021-12-23,1.668,-0.002392
2021-12-24,1.632,-0.021583
2021-12-27,1.624,-0.004902
2021-12-28,1.644,0.012315
2021-12-29,1.642,-0.001217
2021-12-30,1.653,0.006699
2021-12-31,1.667,0.008469
2022-01-04,1.657,-0.005999
2022-01-05,1.625,-0.019312
2022-01-06,1.638,0.008
2022-01-07,1.62,-0.010989
2022-01-10,1.624,0.002469
2022-01-11,1.607,-0.010468
2022-01-12,1.633,0.016179
2022-01-13,1.61,-0.014085
2022-01-14,1.608,-0.001242
2022-01-17,1.62,0.007463
2022-01-18,1.619,-0.000617
2022-01-19,1.602,-0.0105
2022-01-20,1.581,-0.013109
2022-01-21,1.567,-0.008855
2022-01-24,1.577,0.006382
2022-01-25,1.531,-0.029169
2022-01-26,1.542,0.007185
2022-01-27,1.506,-0.023346
2022-01-28,1.493,-0.008632
2022-02-07,1.521,0.018754
2022-02-08,1.527,0.003945
2022-02-09,1.552,0.016372
2022-02-10,1.547,-0.003222
2022-02-11,1.523,-0.015514
2022-02-14,1.507,-0.010506
2022-02-15,1.527,0.013271
2022-02-16,1.533,0.003929
2022-02-17,1.547,0.009132
2022-02-18,1.553,0.003878
2022-02-21,1.553,0.0
2022-02-22,1.551,-0.001288
2022-02-23,1.582,0.019987
2022-02-24,1.563,-0.01201
2022-02-25,1.577,0.008957
2022-02-28,1.588,0.006975
2022-03-01,1.582,-0.003778
2022-03-02,1.58,-0.001264
2022-03-03,1.568,-0.007595
2022-03-04,1.547,-0.013393
2022-03-07,1.514,-0.021332
2022-03-08,1.467,-0.031044
2022-03-09,1.456,-0.007498
2022-03-10,1.483,0.018544
2022-03-11,1.484,0.000674
2022-03-14,1.446,-0.025606
2022-03-15,1.396,-0.034578
2022-03-16,1.447,0.036533
2022-03-17,1.468,0.014513
2022-03-18,1.472,0.002725
2022-03-21,1.49,0.012228
2022-03-22,1.488,-0.001342
2022-03-23,1.494,0.004032
2022-03-24,1.487,-0.004685
2022-03-25,1.468,-0.012777
2022-03-28,1.456,-0.008174
2022-03-29,1.451,-0.003434
2022-03-30,1.475,0.01654
2022-03-31,1.449,-0.017627
2022-04-01,1.46,0.007591
2022-04-06,1.445,-0.010274
2022-04-07,1.432,-0.008997
2022-04-08,1.429,-0.002095
2022-04-11,1.371,-0.040588
2022-04-12,1.39,0.013858
2022-04-13,1.386,-0.002878
2022-04-14,1.406,0.01443
2022-04-15,1.384,-0.015647
2022-04-18,1.392,0.00578
2022-04-19,1.388,-0.002874
2022-04-20,1.357,-0.022334
2022-04-21,1.315,-0.030951
2022-04-22,1.312,-0.002281
2022-04-25,1.228,-0.064024
2022-04-26,1.198,-0.02443
2022-04-27,1.258,0.050083
2022-04-28,1.263,0.003975
2022-04-29,1.319,0.044339
2022-05-05,1.327,0.006065
2022-05-06,1.294,-0.024868
2022-05-09,1.289,-0.003864
2022-05-10,1.311,0.017067
2022-05-11,1.338,0.020595
2022-05-12,1.333,-0.003737
2022-05-13,1.337,0.003001
2022-05-16,1.334,-0.002244
2022-05-17,1.354,0.014993
2022-05-18,1.349,-0.003693
2022-05-19,1.359,0.007413
2022-05-20,1.384,0.018396
2022-05-23,1.388,0.00289
2022-05-24,1.35,-0.027378
2022-05-25,1.358,0.005926
2022-05-26,1.367,0.006627
2022-05-27,1.363,-0.002926
2022-05-30,1.376,0.009538
2022-05-31,1.403,0.019622
2022-06-01,1.403,0.0
2022-06-02,1.416,0.009266
2022-06-06,1.454,0.026836
2022-06-07,1.454,0.0
2022-06-08,1.458,0.002751
2022-06-09,1.431,-0.018519
2022-06-10,1.459,0.019567
2022-06-13,1.454,-0.003427
2022-06-14,1.451,-0.002063
2022-06-15,1.451,0.0
2022-06-16,1.461,0.006892
2022-06-17,1.478,0.011636
2022-06-20,1.491,0.008796
2022-06-21,1.478,-0.008719
2022-06-22,1.458,-0.013532
2022-06-23,1.486,0.019204
2022-06-24,1.509,0.015478
2022-06-27,1.524,0.00994
2022-06-28,1.546,0.014436
2022-06-29,1.509,-0.023933
2022-06-30,1.542,0.021869
2022-07-01,1.539,-0.001946
2022-07-04,1.558,0.012346
2022-07-05,1.549,-0.005777
2022-07-06,1.538,-0.007101
2022-07-07,1.547,0.005852
2022-07-08,1.538,-0.005818
2022-07-11,1.508,-0.019506
2022-07-12,1.49,-0.011936
2022-07-13,1.496,0.004027
2022-07-14,1.514,0.012032
2022-07-15,1.505,-0.005945
2022-07-18,1.517,0.007973
2022-07-19,1.511,-0.003955
2022-07-20,1.531,0.013236
2022-07-21,1.516,-0.009798
2022-07-22,1.509,-0.004617
2022-07-25,1.488,-0.013917
2022-07-26,1.506,0.012097
2022-07-27,1.519,0.008632
2022-07-28,1.524,0.003292
2022-07-29,1.509,-0.009843
2022-08-01,1.528,0.012591
2022-08-02,1.5,-0.018325
2022-08-03,1.49,-0.006667
2022-08-04,1.497,0.004698
2022-08-05,1.528,0.020708
2022-08-08,1.536,0.005236
2022-08-09,1.549,0.008464
2022-08-10,1.54,-0.00581
2022-08-11,1.565,0.016234
2022-08-12,1.546,-0.012141
2022-08-15,1.559,0.008409
2022-08-16,1.56,0.000641
2022-08-17,1.566,0.003846
2022-08-18,1.571,0.003193
2022-08-19,1.55,-0.013367
2022-08-22,1.568,0.011613
2022-08-23,1.56,-0.005102
2022-08-24,1.51,-0.032051
2022-08-25,1.503,-0.004636
2022-08-26,1.498,-0.003327
2022-08-29,1.498,0.0
2022-08-30,1.486,-0.008011
2022-08-31,1.456,-0.020188
2022-09-01,1.45,-0.004121
2022-09-02,1.452,0.001379
2022-09-05,1.456,0.002755
2022-09-06,1.479,0.015797
2022-09-07,1.499,0.013523
2022-09-08,1.484,-0.010007
2022-09-09,1.49,0.004043
2022-09-13,1.5,0.006711
2022-09-14,1.493,-0.004667
2022-09-15,1.452,-0.027461
2022-09-16,1.437,-0.010331
2022-09-19,1.42,-0.01183
2022-09-20,1.428,0.005634
2022-09-21,1.413,-0.010504
2022-09-22,1.409,-0.002831
2022-09-23,1.387,-0.015614
2022-09-26,1.388,0.000721
2022-09-27,1.407,0.013689
2022-09-28,1.365,-0.029851
2022-09-29,1.376,0.008059
2022-09-30,1.353,-0.016715
2022-10-10,1.312,-0.030303
2022-10-11,1.306,-0.004573
2022-10-12,1.337,0.023737
2022-10-13,1.341,0.002992
2022-10-14,1.387,0.034303
2022-10-17,1.397,0.00721
2022-10-18,1.402,0.003579
2022-10-19,1.391,-0.007846
2022-10-20,1.388,-0.002157
2022-10-21,1.383,-0.003602
2022-10-24,1.372,-0.007954
2022-10-25,1.368,-0.002915
2022-10-26,1.393,0.018275
2022-10-27,1.387,-0.004307
2022-10-28,1.349,-0.027397
2022-10-31,1.35,0.000741
2022-11-01,1.385,0.025926
2022-11-02,1.402,0.012274
2022-11-03,1.41,0.005706
2022-11-04,1.455,0.031915
2022-11-07,1.45,-0.003436
2022-11-08,1.444,-0.004138
2022-11-09,1.432,-0.00831
2022-11-10,1.405,-0.018855
2022-11-11,1.419,0.009964
2022-11-14,1.402,-0.01198
2022-11-15,1.443,0.029244
2022-11-16,1.427,-0.011088
2022-11-17,1.422,-0.003504
2022-11-18,1.411,-0.007736
2022-11-21,1.419,0.00567
2022-11-22,1.397,-0.015504
2022-11-23,1.399,0.001432
2022-11-24,1.395,-0.002859
2022-11-25,1.376,-0.01362
2022-11-28,1.368,-0.005814
2022-11-29,1.378,0.00731
2022-11-30,1.385,0.00508
2022-12-01,1.404,0.013718
2022-12-02,1.398,-0.004274
2022-12-05,1.392,-0.004292
2022-12-06,1.402,0.007184
2022-12-07,1.408,0.00428
2022-12-08,1.406,-0.00142
2022-12-09,1.408,0.001422
2022-12-12,1.399,-0.006392
2022-12-13,1.376,-0.01644
2022-12-14,1.372,-0.002907
2022-12-15,1.388,0.011662
2022-12-16,1.365,-0.016571
2022-12-19,1.348,-0.012454
2022-12-20,1.341,-0.005193
2022-12-21,1.329,-0.008949
2022-12-22,1.313,-0.012039
2022-12-23,1.302,-0.008378
2022-12-26,1.334,0.024578
2022-12-27,1.347,0.009745
2022-12-28,1.335,-0.008909
2022-12-29,1.332,-0.002247
2022-12-30,1.328,-0.003003
2022-12-31,1.328,0.0
2023-01-03,1.349,0.015813
2023-01-04,1.342,-0.005189
2023-01-05,1.372,0.022355
2023-01-06,1.388,0.011662
2023-01-09,1.391,0.002161
2023-01-10,1.403,0.008627
2023-01-11,1.39,-0.009266
2023-01-12,1.387,-0.002158
2023-01-13,1.391,0.002884
2023-01-16,1.399,0.005751
2023-01-17,1.404,0.003574
2023-01-18,1.403,-0.000712
2023-01-19,1.404,0.000713
2023-01-20,1.413,0.00641
2023-01-30,1.422,0.006369
2023-01-31,1.416,-0.004219
2023-02-01,1.43,0.009887
2023-02-02,1.431,0.000699
2023-02-03,1.416,-0.010482
2023-02-06,1.399,-0.012006
2023-02-07,1.395,-0.002859
2023-02-08,1.389,-0.004301
2023-02-09,1.409,0.014399
2023-02-10,1.396,-0.009226
2023-02-13,1.408,0.008596
2023-02-14,1.408,0.0
2023-02-15,1.405,-0.002131
2023-02-16,1.375,-0.021352
2023-02-17,1.355,-0.014545
2023-02-20,1.377,0.016236
2023-02-21,1.38,0.002179
2023-02-22,1.378,-0.001449
2023-02-23,1.383,0.003628
2023-02-24,1.37,-0.0094
2023-02-27,1.366,-0.00292
2023-02-28,1.373,0.005124
2023-03-01,1.373,0.0
2023-03-02,1.359,-0.010197
2023-03-03,1.365,0.004415
2023-03-06,1.374,0.006593
2023-03-07,1.351,-0.016739
2023-03-08,1.35,-0.00074
2023-03-09,1.35,0.0
2023-03-10,1.332,-0.013333
2023-03-13,1.327,-0.003754
2023-03-14,1.318,-0.006782
2023-03-15,1.321,0.002276
2023-03-16,1.298,-0.017411
2023-03-17,1.295,-0.002311
2023-03-20,1.299,0.003089
2023-03-21,1.312,0.010008
2023-03-22,1.308,-0.003049
2023-03-23,1.308,0.0
2023-03-24,1.309,0.000765
2023-03-27,1.316,0.005348
2023-03-28,1.301,-0.011398
2023-03-29,1.308,0.00538
2023-03-30,1.312,0.003058
2023-03-31,1.317,0.003811
2023-04-03,1.331,0.01063
2023-04-04,1.319,-0.009016
2023-04-06,1.33,0.00834
2023-04-07,1.339,0.006767
2023-04-10,1.338,-0.000747
2023-04-11,1.334,-0.00299
2023-04-12,1.325,-0.006747
2023-04-13,1.313,-0.009057
2023-04-14,1.328,0.011424
2023-04-17,1.337,0.006777
2023-04-18,1.339,0.001496
2023-04-19,1.331,-0.005975
2023-04-20,1.317,-0.010518
2023-04-21,1.298,-0.014427
2023-04-24,1.278,-0.015408
2023-04-25,1.256,-0.017214
2023-04-26,1.292,0.028662
2023-04-27,1.298,0.004644
2023-04-28,1.3,0.001541
2023-05-04,1.294,-0.004615
2023-05-05,1.279,-0.011592
2023-05-08,1.281,0.001564
2023-05-09,1.262,-0.014832
2023-05-10,1.276,0.011094
2023-05-11,1.28,0.003135
2023-05-12,1.27,-0.007812
2023-05-15,1.297,0.02126
2023-05-16,1.3,0.002313
2023-05-17,1.306,0.004615
2023-05-18,1.294,-0.009188
2023-05-19,1.304,0.007728
2023-05-22,1.31,0.004601
2023-05-23,1.301,-0.00687
2023-05-24,1.304,0.002306
2023-05-25,1.314,0.007669
2023-05-26,1.306,-0.006088
2023-05-29,1.294,-0.009188
2023-05-30,1.298,0.003091
2023-05-31,1.288,-0.007704
2023-06-01,1.283,-0.003882
2023-06-02,1.3,0.01325
2023-06-05,1.292,-0.006154
2023-06-06,1.268,-0.018576
2023-06-07,1.257,-0.008675
2023-06-08,1.248,-0.00716
2023-06-09,1.262,0.011218
2023-06-12,1.274,0.009509
2023-06-13,1.276,0.00157
2023-06-14,1.275,-0.000784
2023-06-15,1.304,0.022745
2023-06-16,1.315,0.008436
2023-06-19,1.308,-0.005323
2023-06-20,1.317,0.006881
2023-06-21,1.294,-0.017464
2023-06-26,1.287,-0.00541
2023-06-27,1.306,0.014763
2023-06-28,1.31,0.003063
2023-06-29,1.313,0.00229
2023-06-30,1.334,0.015994
2023-07-03,1.339,0.003748
2023-07-04,1.356,0.012696
2023-07-05,1.341,-0.011062
2023-07-06,1.335,-0.004474
2023-07-07,1.321,-0.010487
2023-07-10,1.32,-0.000757
2023-07-11,1.344,0.018182
2023-07-12,1.329,-0.011161
2023-07-13,1.337,0.00602
2023-07-14,1.326,-0.008227
2023-07-17,1.316,-0.007541
2023-07-18,1.32,0.00304
2023-07-19,1.311,-0.006818
2023-07-20,1.288,-0.017544
2023-07-21,1.277,-0.00854
2023-07-24,1.278,0.000783
2023-07-25,1.307,0.022692
2023-07-26,1.298,-0.006886
2023-07-27,1.295,-0.002311
2023-07-28,1.304,0.00695
2023-07-31,1.314,0.007669
2023-08-01,1.305,-0.006849
2023-08-02,1.303,-0.001533
2023-08-03,1.301,-0.001535
2023-08-04,1.308,0.00538
2023-08-07,1.301,-0.005352
2023-08-08,1.297,-0.003075
2023-08-09,1.289,-0.006168
2023-08-10,1.291,0.001552
2023-08-11,1.269,-0.017041
2023-08-14,1.265,-0.003152
2023-08-15,1.249,-0.012648
2023-08-16,1.233,-0.01281
2023-08-17,1.247,0.011354
2023-08-18,1.23,-0.013633
2023-08-21,1.213,-0.013821
2023-08-22,1.222,0.00742
2023-08-23,1.197,-0.020458
2023-08-24,1.208,0.00919
2023-08-25,1.19,-0.014901
2023-08-28,1.198,0.006723
2023-08-29,1.239,0.034224
2023-08-30,1.244,0.004036
2023-08-31,1.241,-0.002412
2023-09-01,1.244,0.002417
2023-09-04,1.252,0.006431
2023-09-05,1.245,-0.005591
2023-09-06,1.248,0.00241
2023-09-07,1.226,-0.017628
2023-09-08,1.225,-0.000816
2023-09-11,1.237,0.009796
2023-09-12,1.238,0.000808
2023-09-13,1.225,-0.010501
2023-09-14,1.21,-0.012245
2023-09-15,1.207,-0.002479
2023-09-18,1.214,0.0058
2023-09-19,1.208,-0.004942
2023-09-20,1.198,-0.008278
2023-09-21,1.184,-0.011686
2023-09-22,1.201,0.014358
2023-09-25,1.196,-0.004163
2023-09-26,1.19,-0.005017
2023-09-27,1.199,0.007563
2023-09-28,1.208,0.007506
2023-10-09,1.216,0.006623
2023-10-10,1.209,-0.005757
2023-10-11,1.208,-0.000827
2023-10-12,1.22,0.009934
2023-10-13,1.211,-0.007377
2023-10-16,1.194,-0.014038
2023-10-17,1.192,-0.001675
2023-10-18,1.184,-0.006711
2023-10-19,1.166,-0.015203
2023-10-20,1.152,-0.012007
2023-10-23,1.132,-0.017361
2023-10-24,1.142,0.008834
2023-10-25,1.147,0.004378
2023-10-26,1.157,0.008718
2023-10-27,1.18,0.019879
2023-10-30,1.2,0.016949
2023-10-31,1.19,-0.008333
2023-11-01,1.188,-0.001681
2023-11-02,1.173,-0.012626
2023-11-03,1.187,0.011935
2023-11-06,1.21,0.019377
2023-11-07,1.209,-0.000826
2023-11-08,1.207,-0.001654
2023-11-09,1.206,-0.000829
2023-11-10,1.199,-0.005804
2023-11-13,1.198,-0.000834
2023-11-14,1.202,0.003339
2023-11-15,1.22,0.014975
2023-11-16,1.203,-0.013934
2023-11-17,1.218,0.012469
2023-11-20,1.226,0.006568
2023-11-21,1.216,-0.008157
2023-11-22,1.198,-0.014803
2023-11-23,1.216,0.015025
2023-11-24,1.202,-0.011513
2023-11-27,1.206,0.003328
2023-11-28,1.214,0.006633
2023-11-29,1.207,-0.005766
2023-11-30,1.199,-0.006628
2023-12-01,1.194,-0.00417
2023-12-04,1.186,-0.0067
2023-12-05,1.169,-0.014334
2023-12-06,1.174,0.004277
2023-12-07,1.17,-0.003407
2023-12-08,1.167,-0.002564
2023-12-11,1.189,0.018852
2023-12-12,1.189,0.0
2023-12-13,1.181,-0.006728
2023-12-14,1.175,-0.00508
2023-12-15,1.167,-0.006809
2023-12-18,1.153,-0.011997
2023-12-19,1.153,0.0
2023-12-20,1.135,-0.015611
2023-12-21,1.147,0.010573
2023-12-22,1.145,-0.001744
2023-12-25,1.153,0.006987
2023-12-26,1.139,-0.012142
2023-12-27,1.143,0.003512
2023-12-28,1.173,0.026247
2023-12-29,1.186,0.011083
2023-12-31,1.186,0.0
2024-01-02,1.169,-0.014334
2024-01-03,1.156,-0.011121
2024-01-04,1.144,-0.010381
2024-01-05,1.127,-0.01486
2024-01-08,1.113,-0.012422
2024-01-09,1.115,0.001797
2024-01-10,1.114,-0.000897
2024-01-11,1.129,0.013465
2024-01-12,1.125,-0.003543
2024-01-15,1.118,-0.006222
2024-01-16,1.12,0.001789
2024-01-17,1.091,-0.025893
2024-01-18,1.1,0.008249
2024-01-19,1.086,-0.012727
2024-01-22,1.044,-0.038674
2024-01-23,1.062,0.017241
2024-01-24,1.064,0.001883
2024-01-25,1.08,0.015038
2024-01-26,1.059,-0.019444
2024-01-29,1.032,-0.025496
2024-01-30,1.016,-0.015504
2024-01-31,0.997,-0.018701
2024-02-01,1.003,0.006018
2024-02-02,0.977,-0.025922
2024-02-05,0.958,-0.019447
2024-02-06,1.015,0.059499
2024-02-07,1.047,0.031527
2024-02-08,1.069,0.021012
2024-02-19,1.067,-0.001871
2024-02-20,1.066,-0.000937
2024-02-21,1.076,0.009381
2024-02-22,1.084,0.007435
2024-02-23,1.095,0.010148
2024-02-26,1.102,0.006393
2024-02-27,1.127,0.022686
2024-02-28,1.091,-0.031943
2024-02-29,1.123,0.029331
2024-03-01,1.133,0.008905
2024-03-04,1.138,0.004413
2024-03-05,1.133,-0.004394
2024-03-06,1.134,0.000883
2024-03-07,1.121,-0.011464
2024-03-08,1.134,0.011597
2024-03-11,1.161,0.02381
2024-03-12,1.169,0.006891
2024-03-13,1.169,0.0
2024-03-14,1.158,-0.00941
2024-03-15,1.167,0.007772
2024-03-18,1.188,0.017995
2024-03-19,1.177,-0.009259
2024-03-20,1.179,0.001699
2024-03-21,1.177,-0.001696
2024-03-22,1.166,-0.009346
2024-03-25,1.153,-0.011149
2024-03-26,1.16,0.006071
2024-03-27,1.13,-0.025862
2024-03-28,1.143,0.011504
2024-03-29,1.156,0.011374
2024-04-01,1.181,0.021626
2024-04-02,1.18,-0.000847
2024-04-03,1.173,-0.005932
2024-04-08,1.162,-0.009378
2024-04-09,1.173,0.009466
2024-04-10,1.157,-0.01364
2024-04-11,1.166,0.007779
2024-04-12,1.16,-0.005146
2024-04-15,1.173,0.011207
2024-04-16,1.144,-0.024723
2024-04-17,1.169,0.021853
2024-04-18,1.169,0.0
2024-04-19,1.158,-0.00941
2024-04-22,1.151,-0.006045
2024-04-23,1.14,-0.009557
2024-04-24,1.153,0.011404
2024-04-25,1.149,-0.003469
2024-04-26,1.167,0.015666
2024-04-29,1.186,0.016281
2024-04-30,1.177,-0.007589
2024-05-06,1.198,0.017842
2024-05-07,1.198,0.0
2024-05-08,1.185,-0.010851
2024-05-09,1.207,0.018565
2024-05-10,1.198,-0.007457
2024-05-13,1.193,-0.004174
2024-05-14,1.19,-0.002515
2024-05-15,1.18,-0.008403
2024-05-16,1.177,-0.002542
2024-05-17,1.184,0.005947
2024-05-20,1.191,0.005912
2024-05-21,1.181,-0.008396
2024-05-22,1.185,0.003387
2024-05-23,1.166,-0.016034
2024-05-24,1.157,-0.007719
2024-05-27,1.17,0.011236
2024-05-28,1.161,-0.007692
2024-05-29,1.164,0.002584
2024-05-30,1.163,-0.000859
2024-05-31,1.163,0.0
2024-06-03,1.164,0.00086
2024-06-04,1.183,0.016323
2024-06-05,1.178,-0.004227
2024-06-06,1.169,-0.00764
2024-06-07,1.161,-0.006843
2024-06-11,1.16,-0.000861
2024-06-12,1.166,0.005172
2024-06-13,1.166,0.0
2024-06-14,1.166,0.0
2024-06-17,1.181,0.012864
2024-06-18,1.191,0.008467
2024-06-19,1.173,-0.015113
2024-06-20,1.161,-0.01023
2024-06-21,1.16,-0.000861
2024-06-24,1.137,-0.019828
2024-06-25,1.125,-0.010554
2024-06-26,1.137,0.010667
2024-06-27,1.118,-0.016711
2024-06-28,1.133,0.013417
2024-06-30,1.133,0.0
2024-07-01,1.139,0.005296
2024-07-02,1.122,-0.014925
2024-07-03,1.115,-0.006239
2024-07-04,1.11,-0.004484
2024-07-05,1.111,0.000901
2024-07-08,1.1,-0.009901
2024-07-09,1.133,0.03
2024-07-10,1.13,-0.002648
2024-07-11,1.147,0.015044
2024-07-12,1.141,-0.005231
2024-07-15,1.135,-0.005259
2024-07-16,1.145,0.008811
2024-07-17,1.125,-0.017467
2024-07-18,1.134,0.008
2024-07-19,1.137,0.002646
2024-07-22,1.134,-0.002639
2024-07-23,1.099,-0.030864
2024-07-24,1.085,-0.012739
2024-07-25,1.085,0.0
2024-07-26,1.106,0.019355
2024-07-29,1.096,-0.009042
2024-07-30,1.089,-0.006387
2024-07-31,1.123,0.031221
2024-08-01,1.113,-0.008905
2024-08-02,1.094,-0.017071
2024-08-05,1.067,-0.02468
2024-08-06,1.078,0.010309
2024-08-07,1.079,0.000928
2024-08-08,1.075,-0.003707
2024-08-09,1.069,-0.005581
2024-08-12,1.068,-0.000935
2024-08-13,1.075,0.006554
2024-08-14,1.057,-0.016744
2024-08-15,1.061,0.003784
2024-08-16,1.059,-0.001885
2024-08-19,1.057,-0.001889
2024-08-20,1.044,-0.012299
2024-08-21,1.046,0.001916
2024-08-22,1.043,-0.002868
2024-08-23,1.041,-0.001918
2024-08-26,1.042,0.000961
2024-08-27,1.029,-0.012476
2024-08-28,1.03,0.000972
2024-08-29,1.047,0.016505
2024-08-30,1.066,0.018147
2024-09-02,1.047,-0.017824
2024-09-03,1.068,0.020057
2024-09-04,1.066,-0.001873
2024-09-05,1.063,-0.002814
2024-09-06,1.046,-0.015992
2024-09-09,1.037,-0.008604
2024-09-10,1.039,0.001929
2024-09-11,1.055,0.015399
2024-09-12,1.051,-0.003791
2024-09-13,1.04,-0.010466
2024-09-18,1.049,0.008654
2024-09-19,1.049,0.0
2024-09-20,1.044,-0.004766
2024-09-23,1.042,-0.001916
2024-09-24,1.076,0.03263
2024-09-25,1.085,0.008364
2024-09-26,1.112,0.024885
2024-09-27,1.168,0.05036
2024-09-30,1.274,0.090753
2024-10-08,1.366,0.072214
2024-10-09,1.274,-0.06735
2024-10-10,1.274,0.0
2024-10-11,1.226,-0.037677
2024-10-14,1.253,0.022023
2024-10-15,1.22,-0.026337
2024-10-16,1.206,-0.011475
2024-10-17,1.199,-0.005804
2024-10-18,1.255,0.046706
2024-10-21,1.257,0.001594
2024-10-22,1.274,0.013524
2024-10-23,1.268,-0.00471
2024-10-24,1.254,-0.011041
2024-10-25,1.266,0.009569
2024-10-28,1.267,0.00079
2024-10-29,1.262,-0.003946
2024-10-30,1.257,-0.003962
2024-10-31,1.253,-0.003182
2024-11-01,1.244,-0.007183
2024-11-04,1.27,0.0209
2024-11-05,1.301,0.024409
2024-11-06,1.296,-0.003843
2024-11-07,1.308,0.009259
2024-11-08,1.305,-0.002294
2024-11-11,1.33,0.019157
2024-11-12,1.321,-0.006767
2024-11-13,1.326,0.003785
2024-11-14,1.292,-0.025641
2024-11-15,1.259,-0.025542
2024-11-18,1.244,-0.011914
2024-11-19,1.266,0.017685
2024-11-20,1.271,0.003949
2024-11-21,1.272,0.000787
2024-11-22,1.233,-0.03066
2024-11-25,1.225,-0.006488
2024-11-26,1.211,-0.011429
2024-11-27,1.237,0.02147
2024-11-28,1.219,-0.014551
2024-11-29,1.239,0.016407
2024-12-02,1.257,0.014528
2024-12-03,1.255,-0.001591
2024-12-04,1.245,-0.007968
2024-12-05,1.245,0.0
2024-12-06,1.257,0.009639
2024-12-09,1.257,0.0
2024-12-10,1.26,0.002387
2024-12-11,1.26,0.0
2024-12-12,1.267,0.005556
2024-12-13,1.244,-0.018153
2024-12-16,1.23,-0.011254
2024-12-17,1.234,0.003252
2024-12-18,1.236,0.001621
2024-12-19,1.242,0.004854
2024-12-20,1.239,-0.002415
2024-12-23,1.224,-0.012107
2024-12-24,1.246,0.017974
2024-12-25,1.245,-0.000803
2024-12-26,1.256,0.008835
2024-12-27,1.248,-0.006369
2024-12-30,1.253,0.004006
2024-12-31,1.23,-0.018356
2025-01-02,1.195,-0.028455
2025-01-03,1.18,-0.012552
2025-01-06,1.182,0.001695
2025-01-07,1.201,0.016074
2025-01-08,1.203,0.001665
2025-01-09,1.214,0.009144
2025-01-10,1.204,-0.008237
2025-01-13,1.195,-0.007475
2025-01-14,1.237,0.035146
2025-01-15,1.224,-0.010509
2025-01-16,1.224,0.0
2025-01-17,1.232,0.006536
2025-01-20,1.246,0.011364
2025-01-21,1.256,0.008026
2025-01-22,1.248,-0.006369
2025-01-23,1.236,-0.009615
2025-01-24,1.257,0.01699
2025-01-27,1.237,-0.015911
2025-02-05,1.232,-0.004042
2025-02-06,1.264,0.025974
2025-02-07,1.281,0.013449
2025-02-10,1.278,-0.002342
2025-02-11,1.268,-0.007825
2025-02-12,1.282,0.011041
2025-02-13,1.258,-0.018721
2025-02-14,1.265,0.005564
2025-02-17,1.273,0.006324
2025-02-18,1.263,-0.007855
2025-02-19,1.29,0.021378
2025-02-20,1.302,0.009302
2025-02-21,1.329,0.020737
2025-02-24,1.326,-0.002257
2025-02-25,1.325,-0.000754
2025-02-26,1.342,0.01283
2025-02-27,1.338,-0.002981
2025-02-28,1.293,-0.033632
2025-03-03,1.288,-0.003867
2025-03-04,1.292,0.003106
2025-03-05,1.301,0.006966
2025-03-06,1.319,0.013836
2025-03-07,1.317,-0.001516
2025-03-10,1.326,0.006834
2025-03-11,1.32,-0.004525
2025-03-12,1.323,0.002273
2025-03-13,1.305,-0.013605
2025-03-14,1.324,0.014559
2025-03-17,1.318,-0.004532
2025-03-18,1.322,0.003035
2025-03-19,1.315,-0.005295
2025-03-20,1.315,0.0
2025-03-21,1.291,-0.018251
2025-03-24,1.301,0.007746
2025-03-25,1.292,-0.006918
2025-03-26,1.291,-0.000774
2025-03-27,1.294,0.002324
2025-03-28,1.286,-0.006182
2025-03-31,1.271,-0.011664
2025-04-01,1.277,0.004721
2025-04-02,1.278,0.000783
2025-04-03,1.255,-0.017997
2025-04-07,1.148,-0.085259
2025-04-08,1.126,-0.019164
2025-04-09,1.141,0.013321
2025-04-10,1.173,0.028046
2025-04-11,1.195,0.018755
2025-04-14,1.207,0.010042
2025-04-15,1.2,-0.0058
2025-04-16,1.187,-0.010833
2025-04-17,1.188,0.000842
2025-04-18,1.187,-0.000842
2025-04-21,1.218,0.026116
2025-04-22,1.209,-0.007389
2025-04-23,1.223,0.01158
2025-04-24,1.213,-0.008177
2025-04-25,1.214,0.000824
2025-04-28,1.212,-0.001647
2025-04-29,1.216,0.0033
2025-04-30,1.22,0.003289
2025-05-06,1.241,0.017213
2025-05-07,1.24,-0.000806
2025-05-08,1.243,0.002419
2025-05-09,1.23,-0.010459
2025-05-12,1.248,0.014634
2025-05-13,1.244,-0.003205
2025-05-14,1.244,0.0
2025-05-15,1.22,-0.019293
2025-05-16,1.225,0.004098
2025-05-19,1.221,-0.003265
2025-05-20,1.226,0.004095
2025-05-21,1.229,0.002447
2025-05-22,1.223,-0.004882
2025-05-23,1.215,-0.006541
2025-05-26,1.21,-0.004115
2025-05-27,1.197,-0.010744
2025-05-28,1.192,-0.004177
2025-05-29,1.215,0.019295
2025-05-30,1.198,-0.013992
2025-06-03,1.199,0.000835
2025-06-04,1.206,0.005838
2025-06-05,1.22,0.011609
2025-06-06,1.215,-0.004098
2025-06-09,1.218,0.002469
2025-06-10,1.206,-0.009852
2025-06-11,1.214,0.006633
2025-06-12,1.214,0.0
2025-06-13,1.202,-0.009885
2025-06-16,1.206,0.003328
2025-06-17,1.201,-0.004146
2025-06-18,1.209,0.006661
2025-06-19,1.199,-0.008271
2025-06-20,1.186,-0.010842
2025-06-23,1.192,0.005059
2025-06-24,1.214,0.018456
2025-06-25,1.235,0.017298
2025-06-26,1.227,-0.006478
2025-06-27,1.233,0.00489
2025-06-30,1.25,0.013788
2025-07-01,1.253,0.0024
2025-07-02,1.241,-0.009577
2025-07-03,1.257,0.012893
2025-07-04,1.256,-0.000796
2025-07-07,1.246,-0.007962
2025-07-08,1.266,0.016051
2025-07-09,1.265,-0.00079
2025-07-10,1.265,0.0
2025-07-11,1.269,0.003162
2025-07-14,1.269,0.0
2025-07-15,1.287,0.014184
2025-07-16,1.294,0.005439
2025-07-17,1.311,0.013138
2025-07-18,1.312,0.000763
2025-07-21,1.327,0.011433
2025-07-22,1.337,0.007536
2025-07-23,1.334,-0.002244
2025-07-24,1.354,0.014993
2025-07-25,1.353,-0.000739
2025-07-28,1.365,0.008869
2025-07-29,1.375,0.007326
2025-07-30,1.363,-0.008727
2025-07-31,1.355,-0.005869
2025-08-01,1.357,0.001476
2025-08-04,1.371,0.010317
2025-08-05,1.378,0.005106
2025-08-06,1.386,0.005806
2025-08-07,1.388,0.001443
2025-08-08,1.377,-0.007925
2025-08-11,1.391,0.010167
2025-08-12,1.405,0.010065
2025-08-13,1.436,0.022064
2025-08-14,1.426,-0.006964
2025-08-15,1.459,0.023142
2025-08-18,1.482,0.015764
2025-08-19,1.481,-0.000675
2025-08-20,1.492,0.007427
2025-08-21,1.492,0.0
2025-08-22,1.539,0.031501
2025-08-25,1.564,0.016244
2025-08-26,1.562,-0.001279
2025-08-27,1.55,-0.007682
2025-08-28,1.595,0.029032
2025-08-29,1.597,0.001254
2025-09-01,1.614,0.010645
2025-09-02,1.583,-0.019207
2025-09-03,1.579,-0.002527
2025-09-04,1.524,-0.034832
2025-09-05,1.584,0.03937
2025-09-08,1.592,0.005051
2025-09-09,1.57,-0.013819
2025-09-10,1.582,0.007643
2025-09-11,1.657,0.047408
2025-09-12,1.655,-0.001207
2025-09-15,1.669,0.008459
2025-09-16,1.686,0.010186
2025-09-17,1.709,0.013642
2025-09-18,1.723,0.008192
2025-09-19,1.714,-0.005223
2025-09-22,1.753,0.022754
2025-09-23,1.763,0.005705
2025-09-24,1.795,0.018151
2025-09-25,1.808,0.007242
2025-09-26,1.766,-0.02323
2025-09-29,1.813,0.026614
2025-09-30,1.822,0.004964
2025-10-09,1.85,0.015368
2025-10-10,1.777,-0.039459
2025-10-13,1.754,-0.012943
2025-10-14,1.675,-0.04504
2025-10-15,1.725,0.029851
2025-10-16,1.728,0.001739
2025-10-17,1.662,-0.038194
2025-10-20,1.687,0.015042
2025-10-21,1.753,0.039123
2025-10-22,1.746,-0.003993
2025-10-23,1.734,-0.006873
2025-10-24,1.802,0.039216
2025-10-27,1.847,0.024972
2025-10-28,1.84,-0.00379
2025-10-29,1.875,0.019022
2025-10-30,1.836,-0.0208
2025-10-31,1.789,-0.025599
2025-11-03,1.793,0.002236
2025-11-04,1.765,-0.015616
2025-11-05,1.769,0.002266
2025-11-06,1.821,0.029395
2025-11-07,1.801,-0.010983
2025-11-10,1.768,-0.018323
2025-11-11,1.733,-0.019796
2025-11-12,1.737,0.002308
2025-11-13,1.764,0.015544
2025-11-14,1.72,-0.024943
2025-11-17,1.718,-0.001163
2025-11-18,1.713,-0.00291
2025-11-19,1.715,0.001168
2025-11-20,1.704,-0.006414
2025-11-21,1.632,-0.042254
2025-11-24,1.634,0.001225
2025-11-25,1.669,0.02142
2025-11-26,1.705,0.02157
2025-11-27,1.703,-0.001173
2025-11-28,1.722,0.011157
2025-12-01,1.749,0.015679
2025-12-02,1.737,-0.006861
2025-12-03,1.739,0.001151
2025-12-04,1.766,0.015526
2025-12-05,1.788,0.012458
2025-12-08,1.826,0.021253
2025-12-09,1.845,0.010405
2025-12-10,1.85,0.00271
2025-12-11,1.82,-0.016216
2025-12-12,1.844,0.013187
2025-12-15,1.82,-0.013015
2025-12-16,1.784,-0.01978
2025-12-17,1.848,0.035874
2025-12-18,1.804,-0.02381
2025-12-19,1.809,0.002772
2025-12-22,1.863,0.029851
2025-12-23,1.885,0.011809
2025-12-24,1.91,0.013263
2025-12-25,1.912,0.001047
2025-12-26,1.921,0.004707
2025-12-29,1.91,-0.005726
2025-12-30,1.926,0.008377
2025-12-31,1.899,-0.014019
2026-01-05,1.935,0.018957
2026-01-06,1.933,-0.001034
2026-01-07,1.946,0.006725
2026-01-08,1.928,-0.00925
2026-01-09,1.943,0.00778
2026-01-12,1.931,-0.006176
2026-01-13,1.903,-0.0145
2026-01-14,1.933,0.015765
2026-01-15,1.96,0.013968
2026-01-16,1.988,0.014286
2026-01-19,2.016,0.014085
2026-01-20,1.972,-0.021825
2026-01-21,2.015,0.021805
2026-01-22,2.022,0.003474
2026-01-23,1.993,-0.014342
2026-01-26,1.992,-0.000502
2026-01-27,2.016,0.012048
2026-01-28,2.031,0.00744
2026-01-29,1.986,-0.022157
2026-01-30,1.994,0.004028
2026-02-02,1.939,-0.027583
2026-02-03,1.984,0.023208
2026-02-04,1.966,-0.009073
2026-02-05,1.916,-0.025432
2026-02-06,1.903,-0.006785
2026-02-09,1.978,0.039411
2026-02-10,2.003,0.012639
2026-02-11,1.977,-0.012981
2026-02-12,2.04,0.031866
2026-02-13,2.013,-0.013235
2026-02-24,2.05,0.018381
2026-02-25,2.071,0.010244
2026-02-26,2.118,0.022694
2026-02-27,2.092,-0.012276
2026-03-02,2.116,0.011472
2026-03-03,2.037,-0.037335
2026-03-04,2.022,-0.007364
2026-03-05,2.084,0.030663
2026-03-06,2.091,0.003359
2026-03-09,2.058,-0.015782
2026-03-10,2.105,0.022838
2026-03-11,2.084,-0.009976
2026-03-12,2.045,-0.018714
2026-03-13,2.016,-0.014181
2026-03-16,2.018,0.000992
2026-03-17,1.976,-0.020813
2026-03-18,2.032,0.02834
2026-03-19,1.979,-0.026083
2026-03-20,1.985,0.003032
2026-03-23,1.915,-0.035264
2026-03-24,1.959,0.022977
2026-03-25,1.999,0.020419
2026-03-26,1.969,-0.015008
2026-03-27,1.964,-0.002539
2026-03-30,1.954,-0.005092
2026-03-31,1.922,-0.016377
2026-04-01,1.981,0.030697
2026-04-02,1.955,-0.013125
2026-04-03,1.947,-0.004092
2026-04-07,1.935,-0.006163
2026-04-08,2.06,0.064599
2026-04-09,2.061,0.000485
2026-04-10,2.128,0.032508
2026-04-13,2.121,-0.003289
2026-04-14,2.144,0.010844
2026-04-15,2.122,-0.010261
2026-04-16,2.189,0.031574
2026-04-17,2.217,0.012791
2026-04-20,2.227,0.004511
2026-04-21,2.21,-0.007634
2026-04-22,2.269,0.026697
2026-04-23,2.303,0.014985
2026-04-24,2.272,-0.013461
2026-04-27,2.271,-0.00044
2026-04-28,2.229,-0.018494
2026-04-29,2.26,0.013908
2026-04-30,2.279,0.008407
2026-05-06,2.359,0.035103
2026-05-07,2.389,0.012717
2026-05-08,2.35,-0.016325
2026-05-11,2.391,0.017447
2026-05-12,2.409,0.007528
2026-05-13,2.49,0.033624
2026-05-14,2.413,-0.030924
2026-05-15,2.372,-0.016991
2026-05-18,2.371,-0.000422
2026-05-19,2.384,0.005483
2026-05-20,2.4,0.006711
2026-05-21,2.335,-0.027083
2026-05-22,2.39,0.023555
2026-05-25,2.478,0.03682
2026-05-26,2.466,-0.004843
2026-05-27,2.445,-0.008516
2026-05-28,2.507,0.025358
2026-05-29,2.426,-0.03231
2026-06-01,2.361,-0.026793
2026-06-02,2.434,0.030919
2026-06-03,2.496,0.025472
2026-06-04,2.531,0.014022
2026-06-05,2.426,-0.041486
2026-06-08,2.356,-0.028854
2026-06-09,2.449,0.039474
2026-06-10,2.394,-0.022458
2026-06-11,2.384,-0.004177
2026-06-12,2.39,0.002517
2026-06-15,2.518,0.053556
2026-06-16,2.536,0.007149
2026-06-17,2.605,0.027208
2026-06-18,2.708,0.039539
2026-06-22,2.759,0.018833
2026-06-23,2.665,-0.03407
2026-06-24,2.716,0.019137
2026-06-25,2.79,0.027246
2026-06-26,2.694,-0.034409
2026-06-29,2.721,0.010022
2026-06-30,2.831,0.040426
2026-07-01,2.773,-0.020487
2026-07-02,2.575,-0.071403
2026-07-03,2.596,0.008155
2026-07-06,2.599,0.001156
2026-07-07,2.602,0.001154
2026-07-08,2.589,-0.004996
2026-07-09,2.756,0.064504
2026-07-10,2.59,-0.060232
2026-07-13,2.513,-0.02973
2026-07-14,2.62,0.042579
2026-07-15,2.529,-0.034733
2026-07-16,2.447,-0.032424
2026-07-17,2.254,-0.078872
2026-07-20,2.231,-0.010204
2026-07-21,2.445,0.095921
2026-07-22,2.381,-0.026176
2026-07-23,2.357,-0.01008
2026-07-24,2.341,-0.006788
2026-07-27,2.427,0.036736
2026-07-28,2.212,-0.088587
2026-07-29,2.216,0.001808
2026-07-30,2.051,-0.074458
2026-07-31,2.137,0.041931
2026-08-03,2.071,-0.030884
2026-08-04,2.224,0.073877
2026-08-05,2.289,0.029227
2026-08-06,2.315,0.011359
2026-08-07,2.35,0.015119
2026-08-10,2.338,-0.005106
2026-08-11,2.31,-0.011976
2026-08-12,2.356,0.019913
2026-08-13,2.353,-0.001273
2026-08-14,2.383,0.01275
2026-08-17,2.495,0.047
2026-08-18,2.486,-0.003607
2026-08-19,2.31,-0.070796
2026-08-20,2.312,0.000866
2026-08-21,2.339,0.011678
2026-08-24,2.271,-0.029072
2026-08-25,2.249,-0.009687
2026-08-26,2.261,0.005336
2026-08-27,2.316,0.024326
2026-08-28,2.284,-0.013817
2026-08-31,2.301,0.007443
2026-09-01,2.255,-0.019991
2026-09-02,2.208,-0.020843
2026-09-03,2.206,-0.000906
2026-09-04,2.182,-0.010879
2026-09-07,2.248,0.030247
2026-09-08,2.232,-0.007117
2026-09-09,2.247,0.00672
2026-09-10,2.226,-0.009346
2026-09-11,2.208,-0.008086
2026-09-14,2.167,-0.018569
2026-09-15,2.172,0.002307
2026-09-16,2.228,0.025783
2026-09-17,2.22,-0.003591
2026-09-18,2.28,0.027027
2026-09-21,2.287,0.00307
2026-09-22,2.275,-0.005247
2026-09-23,2.258,-0.007473
2026-09-24,2.213,-0.019929
2026-09-28,2.122,-0.041121
2026-09-29,2.124,0.000943
2026-09-30,2.101,-0.010829
