净值日期,累计净值,daily_return
2006-08-14,1.0,
2006-08-18,1.0,0.0
2006-08-25,1.001,0.001
2006-08-30,1.003,0.001998
2006-08-31,1.003,0.0
2006-09-01,1.001,-0.001994
2006-09-04,1.004,0.002997
2006-09-05,1.005,0.000996
2006-09-06,1.005,0.0
2006-09-07,1.002,-0.002985
2006-09-08,1.004,0.001996
2006-09-11,1.005,0.000996
2006-09-12,1.005,0.0
2006-09-13,1.01,0.004975
2006-09-14,1.011,0.00099
2006-09-15,1.015,0.003956
2006-09-18,1.019,0.003941
2006-09-19,1.024,0.004907
2006-09-20,1.024,0.0
2006-09-21,1.029,0.004883
2006-09-22,1.028,-0.000972
2006-09-25,1.028,0.0
2006-09-26,1.022,-0.005837
2006-09-27,1.025,0.002935
2006-09-28,1.033,0.007805
2006-09-29,1.037,0.003872
2006-10-09,1.052,0.014465
2006-10-10,1.05,-0.001901
2006-10-11,1.046,-0.00381
2006-10-12,1.035,-0.010516
2006-10-13,1.037,0.001932
2006-10-16,1.025,-0.011572
2006-10-17,1.028,0.002927
2006-10-18,1.039,0.0107
2006-10-19,1.042,0.002887
2006-10-20,1.046,0.003839
2006-10-23,1.032,-0.013384
2006-10-24,1.043,0.010659
2006-10-25,1.052,0.008629
2006-10-26,1.056,0.003802
2006-10-27,1.045,-0.010417
2006-10-30,1.041,-0.003828
2006-10-31,1.048,0.006724
2006-11-01,1.049,0.000954
2006-11-02,1.047,-0.001907
2006-11-03,1.051,0.00382
2006-11-06,1.055,0.003806
2006-11-07,1.057,0.001896
2006-11-08,1.055,-0.001892
2006-11-09,1.065,0.009479
2006-11-10,1.059,-0.005634
2006-11-13,1.046,-0.012276
2006-11-14,1.056,0.00956
2006-11-15,1.077,0.019886
2006-11-16,1.083,0.005571
2006-11-17,1.098,0.01385
2006-11-20,1.104,0.005464
2006-11-21,1.109,0.004529
2006-11-22,1.113,0.003607
2006-11-23,1.117,0.003594
2006-11-24,1.123,0.005372
2006-11-27,1.13,0.006233
2006-11-28,1.133,0.002655
2006-11-29,1.151,0.015887
2006-11-30,1.179,0.024327
2006-12-01,1.194,0.012723
2006-12-04,1.211,0.014238
2006-12-05,1.213,0.001652
2006-12-06,1.2,-0.010717
2006-12-07,1.192,-0.006667
2006-12-08,1.171,-0.017617
2006-12-11,1.211,0.034159
2006-12-12,1.225,0.011561
2006-12-13,1.236,0.00898
2006-12-14,1.256,0.016181
2006-12-15,1.279,0.018312
2006-12-18,1.324,0.035184
2006-12-19,1.321,-0.002266
2006-12-20,1.331,0.00757
2006-12-21,1.31,-0.015778
2006-12-22,1.302,-0.006107
2006-12-25,1.331,0.022273
2006-12-26,1.34,0.006762
2006-12-27,1.366,0.019403
2006-12-28,1.361,-0.00366
2006-12-29,1.392,0.022777
2006-12-31,1.392,0.0
2007-01-04,1.389,-0.002155
2007-01-05,1.372,-0.012239
2007-01-08,1.389,0.012391
2007-01-09,1.431,0.030238
2007-01-10,1.456,0.01747
2007-01-11,1.446,-0.006868
2007-01-12,1.438,-0.005533
2007-01-15,1.488,0.034771
2007-01-16,1.536,0.032258
2007-01-17,1.524,-0.007812
2007-01-18,1.539,0.009843
2007-01-19,1.581,0.02729
2007-01-22,1.622,0.025933
2007-01-23,1.609,-0.008015
2007-01-24,1.615,0.003729
2007-01-25,1.576,-0.024149
2007-01-26,1.597,0.013325
2007-01-29,1.612,0.009393
2007-01-30,1.611,-0.00062
2007-01-31,1.535,-0.047176
2007-02-01,1.551,0.010423
2007-02-02,1.509,-0.027079
2007-02-05,1.489,-0.013254
2007-02-06,1.48,-0.006044
2007-02-07,1.495,0.010135
2007-02-08,1.502,0.004682
2007-02-09,1.496,-0.003995
2007-02-12,1.529,0.022059
2007-02-13,1.543,0.009156
2007-02-14,1.562,0.012314
2007-02-15,1.598,0.023047
2007-02-16,1.597,-0.000626
2007-02-26,1.591,-0.003757
2007-02-27,1.489,-0.064111
2007-02-28,1.505,0.010745
2007-03-01,1.48,-0.016611
2007-03-02,1.489,0.006081
2007-03-05,1.482,-0.004701
2007-03-06,1.504,0.014845
2007-03-07,1.537,0.021941
2007-03-08,1.552,0.009759
2007-03-09,1.551,-0.000644
2007-03-12,1.544,-0.004513
2007-03-13,1.553,0.005829
2007-03-14,1.542,-0.007083
2007-03-15,1.576,0.022049
2007-03-16,1.561,-0.009518
2007-03-19,1.578,0.01089
2007-03-20,1.573,-0.003169
2007-03-21,1.575,0.001271
2007-03-22,1.571,-0.00254
2007-03-23,1.565,-0.003819
2007-03-26,1.573,0.005112
2007-03-27,1.568,-0.003179
2007-03-28,1.573,0.003189
2007-03-29,1.579,0.003814
2007-03-30,1.572,-0.004433
2007-03-31,1.572,0.0
2007-04-02,1.591,0.012087
2007-04-03,1.614,0.014456
2007-04-04,1.626,0.007435
2007-04-05,1.624,-0.00123
2007-04-06,1.625,0.000616
2007-04-09,1.645,0.012308
2007-04-10,1.665,0.012158
2007-04-11,1.671,0.003604
2007-04-12,1.688,0.010174
2007-04-13,1.701,0.007701
2007-04-16,1.734,0.0194
2007-04-17,1.742,0.004614
2007-04-18,1.751,0.005166
2007-04-19,1.701,-0.028555
2007-04-20,1.739,0.02234
2007-04-23,1.775,0.020702
2007-04-24,1.774,-0.000563
2007-04-25,1.771,-0.001691
2007-04-26,1.783,0.006776
2007-04-27,1.766,-0.009534
2007-04-30,1.832,0.037373
2007-05-08,1.865,0.018013
2007-05-09,1.871,0.003217
2007-05-10,1.86,-0.005879
2007-05-11,1.858,-0.001075
2007-05-14,1.894,0.019376
2007-05-15,1.868,-0.013728
2007-05-16,1.9,0.017131
2007-05-17,1.929,0.015263
2007-05-18,1.937,0.004147
2007-05-21,1.97,0.017037
2007-05-22,1.972,0.001015
2007-05-23,1.991,0.009635
2007-05-24,1.982,-0.00452
2007-05-25,2.002,0.010091
2007-05-28,2.035,0.016484
2007-05-29,2.079,0.021622
2007-05-30,2.0,-0.037999
2007-05-31,2.047,0.0235
2007-06-01,2.007,-0.019541
2007-06-04,1.928,-0.039362
2007-06-05,1.97,0.021784
2007-06-06,2.003,0.016751
2007-06-07,2.045,0.020969
2007-06-08,2.06,0.007335
2007-06-11,2.104,0.021359
2007-06-12,2.136,0.015209
2007-06-13,2.144,0.003745
2007-06-14,2.136,-0.003731
2007-06-15,2.138,0.000936
2007-06-18,2.16,0.01029
2007-06-19,2.172,0.005556
2007-06-20,2.158,-0.006446
2007-06-21,2.173,0.006951
2007-06-22,2.143,-0.013806
2007-06-25,2.102,-0.019132
2007-06-26,2.109,0.00333
2007-06-27,2.142,0.015647
2007-06-28,2.095,-0.021942
2007-06-29,2.085,-0.004773
2007-06-30,2.085,0.0
2007-07-02,2.078,-0.003357
2007-07-03,2.095,0.008181
2007-07-04,2.081,-0.006683
2007-07-05,2.038,-0.020663
2007-07-06,2.069,0.015211
2007-07-09,2.094,0.012083
2007-07-10,2.074,-0.009551
2007-07-11,2.078,0.001929
2007-07-12,2.082,0.001925
2007-07-13,2.085,0.001441
2007-07-16,2.064,-0.010072
2007-07-17,2.086,0.010659
2007-07-18,2.091,0.002397
2007-07-19,2.094,0.001435
2007-07-20,2.127,0.015759
2007-07-23,2.167,0.018806
2007-07-24,2.166,-0.000461
2007-07-25,2.183,0.007849
2007-07-26,2.191,0.003665
2007-07-27,2.193,0.000913
2007-07-30,2.212,0.008664
2007-07-31,2.227,0.006781
2007-08-01,2.2,-0.012124
2007-08-02,2.24,0.018182
2007-08-03,2.266,0.011607
2007-08-06,2.284,0.007944
2007-08-07,2.299,0.006567
2007-08-08,2.281,-0.007829
2007-08-09,2.296,0.006576
2007-08-10,2.284,-0.005226
2007-08-13,2.283,-0.000438
2007-08-14,2.302,0.008322
2007-08-15,2.306,0.001738
2007-08-16,2.291,-0.006505
2007-08-17,2.261,-0.013095
2007-08-20,2.314,0.023441
2007-08-21,2.337,0.009939
2007-08-22,2.357,0.008558
2007-08-23,2.388,0.013152
2007-08-24,2.407,0.007956
2007-08-27,2.401,-0.002493
2007-08-28,2.394,-0.002915
2007-08-29,2.381,-0.00543
2007-08-30,2.397,0.00672
2007-08-31,2.407,0.004172
2007-09-03,2.436,0.012048
2007-09-04,2.438,0.000821
2007-09-05,2.443,0.002051
2007-09-06,2.453,0.004093
2007-09-07,2.428,-0.010192
2007-09-10,2.454,0.010708
2007-09-11,2.431,-0.009372
2007-09-12,2.446,0.00617
2007-09-13,2.479,0.013491
2007-09-14,2.493,0.005647
2007-09-17,2.509,0.006418
2007-09-18,2.495,-0.00558
2007-09-19,2.482,-0.00521
2007-09-20,2.507,0.010073
2007-09-21,2.501,-0.002393
2007-09-24,2.513,0.004798
2007-09-25,2.498,-0.005969
2007-09-26,2.479,-0.007606
2007-09-27,2.496,0.006858
2007-09-28,2.525,0.011619
2007-09-30,2.525,0.0
2007-10-08,2.529,0.001584
2007-10-09,2.533,0.001582
2007-10-10,2.544,0.004343
2007-10-11,2.553,0.003538
2007-10-12,2.545,-0.003134
2007-10-15,2.534,-0.004322
2007-10-16,2.547,0.00513
2007-10-17,2.541,-0.002356
2007-10-18,2.501,-0.015742
2007-10-19,2.512,0.004398
2007-10-22,2.484,-0.011146
2007-10-23,2.49,0.002415
2007-10-24,2.502,0.004819
2007-10-25,2.471,-0.01239
2007-10-26,2.47,-0.000405
2007-10-29,2.487,0.006883
2007-10-30,2.498,0.004423
2007-10-31,2.513,0.006005
2007-11-01,2.493,-0.007959
2007-11-02,2.462,-0.012435
2007-11-05,2.446,-0.006499
2007-11-06,2.442,-0.001635
2007-11-07,2.452,0.004095
2007-11-08,2.418,-0.013866
2007-11-09,2.411,-0.002895
2007-11-12,2.401,-0.004148
2007-11-13,2.392,-0.003748
2007-11-14,2.425,0.013796
2007-11-15,2.421,-0.001649
2007-11-16,2.409,-0.004957
2007-11-19,2.404,-0.002076
2007-11-20,2.419,0.00624
2007-11-21,2.413,-0.00248
2007-11-22,2.379,-0.01409
2007-11-23,2.394,0.006305
2007-11-26,2.39,-0.001671
2007-11-27,2.375,-0.006276
2007-11-28,2.364,-0.004632
2007-11-29,2.393,0.012267
2007-11-30,2.378,-0.006268
2007-12-03,2.381,0.001262
2007-12-04,2.391,0.0042
2007-12-05,2.416,0.010456
2007-12-06,2.416,0.0
2007-12-07,2.427,0.004553
2007-12-10,2.443,0.006593
2007-12-11,2.443,0.0
2007-12-12,2.433,-0.004093
2007-12-13,2.403,-0.01233
2007-12-14,2.413,0.004161
2007-12-17,2.394,-0.007874
2007-12-18,2.392,-0.000835
2007-12-19,2.412,0.008361
2007-12-20,2.426,0.005804
2007-12-21,2.438,0.004946
2007-12-24,2.46,0.009024
2007-12-25,2.468,0.003252
2007-12-26,2.474,0.002431
2007-12-27,2.489,0.006063
2007-12-28,2.489,0.0
2007-12-29,2.489,0.0
2007-12-31,2.489,0.0
2008-01-02,2.496,0.002812
2008-01-03,2.496,0.0
2008-01-04,2.505,0.003606
2008-01-07,2.518,0.00519
2008-01-08,2.515,-0.001191
2008-01-09,2.532,0.006759
2008-01-10,2.545,0.005134
2008-01-11,2.555,0.003929
2008-01-14,2.556,0.000391
2008-01-15,2.547,-0.003521
2008-01-16,2.515,-0.012564
2008-01-17,2.499,-0.006362
2008-01-18,2.506,0.002801
2008-01-21,2.47,-0.014366
2008-01-22,2.418,-0.021053
2008-01-23,2.452,0.014061
2008-01-24,2.461,0.00367
2008-01-25,2.468,0.002844
2008-01-28,2.422,-0.018639
2008-01-29,2.423,0.000413
2008-01-30,2.412,-0.00454
2008-01-31,2.394,-0.007463
2008-02-01,2.393,-0.000418
2008-02-04,2.447,0.022566
2008-02-05,2.445,-0.000817
2008-02-13,2.43,-0.006135
2008-02-14,2.437,0.002881
2008-02-15,2.429,-0.003283
2008-02-18,2.446,0.006999
2008-02-19,2.462,0.006541
2008-02-20,2.442,-0.008123
2008-02-21,2.439,-0.001229
2008-02-22,2.415,-0.00984
2008-02-25,2.395,-0.008282
2008-02-26,2.391,-0.00167
2008-02-27,2.409,0.007528
2008-02-28,2.409,0.0
2008-02-29,2.417,0.003321
2008-03-03,2.437,0.008275
2008-03-04,2.419,-0.007386
2008-03-05,2.411,-0.003307
2008-03-06,2.412,0.000415
2008-03-07,2.404,-0.003317
2008-03-10,2.369,-0.014559
2008-03-11,2.374,0.002111
2008-03-12,2.355,-0.008003
2008-03-13,2.344,-0.004671
2008-03-14,2.333,-0.004693
2008-03-17,2.302,-0.013288
2008-03-18,2.275,-0.011729
2008-03-19,2.299,0.010549
2008-03-20,2.319,0.008699
2008-03-21,2.324,0.002156
2008-03-24,2.297,-0.011618
2008-03-25,2.308,0.004789
2008-03-26,2.313,0.002166
2008-03-27,2.293,-0.008647
2008-03-28,2.317,0.010467
2008-03-31,2.3,-0.007337
2008-04-01,2.267,-0.014348
2008-04-02,2.26,-0.003088
2008-04-03,2.278,0.007965
2008-04-07,2.311,0.014486
2008-04-08,2.324,0.005625
2008-04-09,2.289,-0.01506
2008-04-10,2.306,0.007427
2008-04-11,2.31,0.001735
2008-04-14,2.27,-0.017316
2008-04-15,2.278,0.003524
2008-04-16,2.267,-0.004829
2008-04-17,2.248,-0.008381
2008-04-18,2.232,-0.007117
2008-04-21,2.224,-0.003584
2008-04-22,2.223,-0.00045
2008-04-23,2.245,0.009897
2008-04-24,2.288,0.019154
2008-04-25,2.284,-0.001748
2008-04-28,2.277,-0.003065
2008-04-29,2.28,0.001318
2008-04-30,2.3,0.008772
2008-05-05,2.31,0.004348
2008-05-06,2.307,-0.001299
2008-05-07,2.292,-0.006502
2008-05-08,2.303,0.004799
2008-05-09,2.303,0.0
2008-05-12,2.308,0.002171
2008-05-13,2.311,0.0013
2008-05-14,2.318,0.003029
2008-05-15,2.314,-0.001726
2008-05-16,2.311,-0.001296
2008-05-19,2.31,-0.000433
2008-05-20,2.291,-0.008225
2008-05-21,2.298,0.003055
2008-05-22,2.293,-0.002176
2008-05-23,2.288,-0.002181
2008-05-26,2.279,-0.003934
2008-05-27,2.279,0.0
2008-05-28,2.288,0.003949
2008-05-29,2.28,-0.003497
2008-05-30,2.28,0.0
2008-06-02,2.279,-0.000439
2008-06-03,2.278,-0.000439
2008-06-04,2.273,-0.002195
2008-06-05,2.266,-0.00308
2008-06-06,2.265,-0.000441
2008-06-10,2.24,-0.011038
2008-06-11,2.234,-0.002679
2008-06-12,2.23,-0.001791
2008-06-13,2.22,-0.004484
2008-06-16,2.217,-0.001351
2008-06-17,2.206,-0.004962
2008-06-18,2.22,0.006346
2008-06-19,2.198,-0.00991
2008-06-20,2.201,0.001365
2008-06-23,2.192,-0.004089
2008-06-24,2.201,0.004106
2008-06-25,2.216,0.006815
2008-06-26,2.219,0.001354
2008-06-27,2.203,-0.00721
2008-06-30,2.2,-0.001362
2008-07-01,2.189,-0.005
2008-07-02,2.191,0.000914
2008-07-03,2.201,0.004564
2008-07-04,2.199,-0.000909
2008-07-07,2.215,0.007276
2008-07-08,2.219,0.001806
2008-07-09,2.232,0.005858
2008-07-10,2.228,-0.001792
2008-07-11,2.224,-0.001795
2008-07-14,2.23,0.002698
2008-07-15,2.216,-0.006278
2008-07-16,2.205,-0.004964
2008-07-17,2.202,-0.001361
2008-07-18,2.212,0.004541
2008-07-21,2.224,0.005425
2008-07-22,2.223,-0.00045
2008-07-23,2.221,-0.0009
2008-07-24,2.231,0.004502
2008-07-25,2.226,-0.002241
2008-07-28,2.229,0.001348
2008-07-29,2.224,-0.002243
2008-07-30,2.221,-0.001349
2008-07-31,2.214,-0.003152
2008-08-01,2.215,0.000452
2008-08-04,2.209,-0.002709
2008-08-05,2.199,-0.004527
2008-08-06,2.2,0.000455
2008-08-07,2.198,-0.000909
2008-08-08,2.184,-0.006369
2008-08-11,2.173,-0.005037
2008-08-12,2.175,0.00092
2008-08-13,2.177,0.00092
2008-08-14,2.177,0.0
2008-08-15,2.177,0.0
2008-08-18,2.163,-0.006431
2008-08-19,2.167,0.001849
2008-08-20,2.19,0.010614
2008-08-21,2.176,-0.006393
2008-08-22,2.17,-0.002757
2008-08-25,2.169,-0.000461
2008-08-26,2.16,-0.004149
2008-08-27,2.156,-0.001852
2008-08-28,2.158,0.000928
2008-08-29,2.165,0.003244
2008-09-01,2.153,-0.005543
2008-09-02,2.145,-0.003716
2008-09-03,2.137,-0.00373
2008-09-04,2.138,0.000468
2008-09-05,2.127,-0.005145
2008-09-08,2.119,-0.003761
2008-09-09,2.119,0.0
2008-09-10,2.117,-0.000944
2008-09-11,2.107,-0.004724
2008-09-12,2.107,0.0
2008-09-16,2.097,-0.004746
2008-09-17,2.088,-0.004292
2008-09-18,2.084,-0.001916
2008-09-19,2.112,0.013436
2008-09-22,2.13,0.008523
2008-09-23,2.118,-0.005634
2008-09-24,2.119,0.000472
2008-09-25,2.131,0.005663
2008-09-26,2.132,0.000469
2008-09-30,2.132,0.0
2008-10-06,2.115,-0.007974
2008-10-07,2.113,-0.000946
2008-10-08,2.104,-0.004259
2008-10-09,2.102,-0.000951
2008-10-10,2.089,-0.006185
2008-10-13,2.096,0.003351
2008-10-14,2.09,-0.002863
2008-10-15,2.086,-0.001914
2008-10-16,2.072,-0.006711
2008-10-17,2.072,0.0
2008-10-20,2.081,0.004344
2008-10-21,2.082,0.000481
2008-10-22,2.077,-0.002402
2008-10-23,2.078,0.000481
2008-10-24,2.072,-0.002887
2008-10-27,2.055,-0.008205
2008-10-28,2.061,0.00292
2008-10-29,2.056,-0.002426
2008-10-30,2.062,0.002918
2008-10-31,2.058,-0.00194
2008-11-03,2.058,0.0
2008-11-04,2.054,-0.001944
2008-11-05,2.063,0.004382
2008-11-06,2.056,-0.003393
2008-11-07,2.059,0.001459
2008-11-10,2.077,0.008742
2008-11-11,2.076,-0.000481
2008-11-12,2.078,0.000963
2008-11-13,2.09,0.005775
2008-11-14,2.099,0.004306
2008-11-17,2.106,0.003335
2008-11-18,2.086,-0.009497
2008-11-19,2.1,0.006711
2008-11-20,2.096,-0.001905
2008-11-21,2.093,-0.001431
2008-11-24,2.086,-0.003344
2008-11-25,2.086,0.0
2008-11-26,2.087,0.000479
2008-11-27,2.093,0.002875
2008-11-28,2.091,-0.000956
2008-12-01,2.097,0.002869
2008-12-02,2.098,0.000477
2008-12-03,2.112,0.006673
2008-12-04,2.118,0.002841
2008-12-05,2.122,0.001889
2008-12-08,2.134,0.005655
2008-12-09,2.128,-0.002812
2008-12-10,2.135,0.003289
2008-12-11,2.129,-0.00281
2008-12-12,2.116,-0.006106
2008-12-15,2.118,0.000945
2008-12-16,2.122,0.001889
2008-12-17,2.126,0.001885
2008-12-18,2.133,0.003293
2008-12-19,2.137,0.001875
2008-12-22,2.135,-0.000936
2008-12-23,2.121,-0.006557
2008-12-24,2.116,-0.002357
2008-12-25,2.115,-0.000473
2008-12-26,2.114,-0.000473
2008-12-29,2.114,0.0
2008-12-30,2.113,-0.000473
2008-12-31,2.112,-0.000473
2009-01-05,2.121,0.004261
2009-01-06,2.129,0.003772
2009-01-07,2.128,-0.00047
2009-01-08,2.122,-0.00282
2009-01-09,2.127,0.002356
2009-01-12,2.128,0.00047
2009-01-13,2.12,-0.003759
2009-01-14,2.13,0.004717
2009-01-15,2.127,-0.001408
2009-01-16,2.132,0.002351
2009-01-19,2.134,0.000938
2009-01-20,2.134,0.0
2009-01-21,2.133,-0.000469
2009-01-22,2.138,0.002344
2009-01-23,2.135,-0.001403
2009-02-02,2.139,0.001874
2009-02-03,2.146,0.003273
2009-02-04,2.153,0.003262
2009-02-05,2.15,-0.001393
2009-02-06,2.163,0.006047
2009-02-09,2.172,0.004161
2009-02-10,2.175,0.001381
2009-02-11,2.175,0.0
2009-02-12,2.173,-0.00092
2009-02-13,2.184,0.005062
2009-02-16,2.191,0.003205
2009-02-17,2.183,-0.003651
2009-02-18,2.171,-0.005497
2009-02-19,2.172,0.000461
2009-02-20,2.177,0.002302
2009-02-23,2.185,0.003675
2009-02-24,2.172,-0.00595
2009-02-25,2.172,0.0
2009-02-26,2.16,-0.005525
2009-02-27,2.156,-0.001852
2009-03-02,2.16,0.001855
2009-03-03,2.157,-0.001389
2009-03-04,2.174,0.007881
2009-03-05,2.174,0.0
2009-03-06,2.173,-0.00046
2009-03-09,2.164,-0.004142
2009-03-10,2.168,0.001848
2009-03-11,2.165,-0.001384
2009-03-12,2.164,-0.000462
2009-03-13,2.162,-0.000924
2009-03-16,2.166,0.00185
2009-03-17,2.177,0.005078
2009-03-18,2.178,0.000459
2009-03-19,2.184,0.002755
2009-03-20,2.182,-0.000916
2009-03-23,2.188,0.00275
2009-03-24,2.189,0.000457
2009-03-25,2.184,-0.002284
2009-03-26,2.19,0.002747
2009-03-27,2.191,0.000457
2009-03-30,2.189,-0.000913
2009-03-31,2.19,0.000457
2009-04-01,2.195,0.002283
2009-04-02,2.2,0.002278
2009-04-03,2.201,0.000455
2009-04-07,2.201,0.0
2009-04-08,2.188,-0.005906
2009-04-09,2.193,0.002285
2009-04-10,2.202,0.004104
2009-04-13,2.209,0.003179
2009-04-14,2.213,0.001811
2009-04-15,2.214,0.000452
2009-04-16,2.213,-0.000452
2009-04-17,2.21,-0.001356
2009-04-20,2.217,0.003167
2009-04-21,2.213,-0.001804
2009-04-22,2.2,-0.005874
2009-04-23,2.203,0.001364
2009-04-24,2.203,0.0
2009-04-27,2.196,-0.003177
2009-04-28,2.199,0.001366
2009-04-29,2.212,0.005912
2009-04-30,2.218,0.002712
2009-05-04,2.23,0.00541
2009-05-05,2.233,0.001345
2009-05-06,2.24,0.003135
2009-05-07,2.24,0.0
2009-05-08,2.244,0.001786
2009-05-11,2.235,-0.004011
2009-05-12,2.247,0.005369
2009-05-13,2.248,0.000445
2009-05-14,2.244,-0.001779
2009-05-15,2.246,0.000891
2009-05-18,2.246,0.0
2009-05-19,2.251,0.002226
2009-05-20,2.248,-0.001333
2009-05-21,2.238,-0.004448
2009-05-22,2.237,-0.000447
2009-05-25,2.24,0.001341
2009-05-26,2.236,-0.001786
2009-05-27,2.243,0.003131
2009-06-01,2.257,0.006242
2009-06-02,2.256,-0.000443
2009-06-03,2.269,0.005762
2009-06-04,2.272,0.001322
2009-06-05,2.268,-0.001761
2009-06-08,2.273,0.002205
2009-06-09,2.275,0.00088
2009-06-10,2.278,0.001319
2009-06-11,2.277,-0.000439
2009-06-12,2.268,-0.003953
2009-06-15,2.285,0.007496
2009-06-16,2.282,-0.001313
2009-06-17,2.291,0.003944
2009-06-18,2.299,0.003492
2009-06-19,2.304,0.002175
2009-06-22,2.308,0.001736
2009-06-23,2.311,0.0013
2009-06-24,2.312,0.000433
2009-06-25,2.316,0.00173
2009-06-26,2.321,0.002159
2009-06-29,2.328,0.003016
2009-06-30,2.323,-0.002148
2009-07-01,2.34,0.007318
2009-07-02,2.348,0.003419
2009-07-03,2.354,0.002555
2009-07-06,2.359,0.002124
2009-07-07,2.348,-0.004663
2009-07-08,2.346,-0.000852
2009-07-09,2.358,0.005115
2009-07-10,2.359,0.000424
2009-07-13,2.35,-0.003815
2009-07-14,2.374,0.010213
2009-07-15,2.381,0.002949
2009-07-16,2.385,0.00168
2009-07-17,2.385,0.0
2009-07-20,2.394,0.003774
2009-07-21,2.383,-0.004595
2009-07-22,2.392,0.003777
2009-07-23,2.4,0.003344
2009-07-24,2.399,-0.000417
2009-07-27,2.412,0.005419
2009-07-28,2.411,-0.000415
2009-07-29,2.382,-0.012028
2009-07-30,2.405,0.009656
2009-07-31,2.424,0.0079
2009-08-03,2.431,0.002888
2009-08-04,2.427,-0.001645
2009-08-05,2.415,-0.004944
2009-08-06,2.399,-0.006625
2009-08-07,2.377,-0.00917
2009-08-10,2.375,-0.000841
2009-08-11,2.378,0.001263
2009-08-12,2.344,-0.014298
2009-08-13,2.356,0.005119
2009-08-14,2.336,-0.008489
2009-08-17,2.29,-0.019692
2009-08-18,2.3,0.004367
2009-08-19,2.269,-0.013478
2009-08-20,2.3,0.013662
2009-08-21,2.316,0.006957
2009-08-24,2.323,0.003022
2009-08-25,2.299,-0.010331
2009-08-26,2.309,0.00435
2009-08-27,2.303,-0.002599
2009-08-28,2.273,-0.013026
2009-08-31,2.225,-0.021117
2009-09-01,2.235,0.004494
2009-09-02,2.251,0.007159
2009-09-03,2.285,0.015104
2009-09-04,2.293,0.003501
2009-09-07,2.299,0.002617
2009-09-08,2.313,0.00609
2009-09-09,2.315,0.000865
2009-09-10,2.311,-0.001728
2009-09-11,2.331,0.008654
2009-09-14,2.343,0.005148
2009-09-15,2.342,-0.000427
2009-09-16,2.33,-0.005124
2009-09-17,2.342,0.00515
2009-09-18,2.318,-0.010248
2009-09-21,2.322,0.001726
2009-09-22,2.309,-0.005599
2009-09-23,2.297,-0.005197
2009-09-24,2.304,0.003047
2009-09-25,2.299,-0.00217
2009-09-28,2.279,-0.008699
2009-09-29,2.282,0.001316
2009-09-30,2.287,0.002191
2009-10-09,2.319,0.013992
2009-10-12,2.32,0.000431
2009-10-13,2.329,0.003879
2009-10-14,2.335,0.002576
2009-10-15,2.337,0.000857
2009-10-16,2.334,-0.001284
2009-10-19,2.349,0.006427
2009-10-20,2.36,0.004683
2009-10-21,2.358,-0.000847
2009-10-22,2.352,-0.002545
2009-10-23,2.365,0.005527
2009-10-26,2.367,0.000846
2009-10-27,2.348,-0.008027
2009-10-28,2.348,0.0
2009-10-29,2.333,-0.006388
2009-10-30,2.344,0.004715
2009-11-02,2.374,0.012799
2009-11-03,2.382,0.00337
2009-11-04,2.387,0.002099
2009-11-05,2.391,0.001676
2009-11-06,2.392,0.000418
2009-11-09,2.393,0.000418
2009-11-10,2.401,0.003343
2009-11-11,2.399,-0.000833
2009-11-12,2.398,-0.000417
2009-11-13,2.403,0.002085
2009-11-16,2.424,0.008739
2009-11-17,2.427,0.001238
2009-11-18,2.429,0.000824
2009-11-19,2.431,0.000823
2009-11-20,2.426,-0.002057
2009-11-23,2.433,0.002885
2009-11-24,2.406,-0.011097
2009-11-25,2.421,0.006234
2009-11-26,2.389,-0.013218
2009-11-27,2.375,-0.00586
2009-11-30,2.401,0.010947
2009-12-01,2.412,0.004581
2009-12-02,2.42,0.003317
2009-12-03,2.415,-0.002066
2009-12-04,2.425,0.004141
2009-12-07,2.429,0.001649
2009-12-08,2.421,-0.003294
2009-12-09,2.409,-0.004957
2009-12-10,2.414,0.002076
2009-12-11,2.415,0.000414
2009-12-14,2.425,0.004141
2009-12-15,2.421,-0.001649
2009-12-16,2.418,-0.001239
2009-12-17,2.401,-0.007031
2009-12-18,2.384,-0.00708
2009-12-21,2.383,-0.000419
2009-12-22,2.368,-0.006295
2009-12-23,2.375,0.002956
2009-12-24,2.398,0.009684
2009-12-25,2.398,0.0
2009-12-28,2.408,0.00417
2009-12-29,2.414,0.002492
2009-12-30,2.425,0.004557
2009-12-31,2.43,0.002062
2010-01-04,2.42,-0.004115
2010-01-05,2.425,0.002066
2010-01-06,2.418,-0.002887
2010-01-07,2.401,-0.007031
2010-01-08,2.404,0.001249
2010-01-11,2.406,0.000832
2010-01-12,2.419,0.005403
2010-01-13,2.397,-0.009095
2010-01-14,2.409,0.005006
2010-01-15,2.413,0.00166
2010-01-18,2.42,0.002901
2010-01-19,2.42,0.0
2010-01-20,2.395,-0.010331
2010-01-21,2.401,0.002505
2010-01-22,2.393,-0.003332
2010-01-25,2.38,-0.005433
2010-01-26,2.363,-0.007143
2010-01-27,2.355,-0.003386
2010-01-28,2.36,0.002123
2010-01-29,2.362,0.000847
2010-02-01,2.354,-0.003387
2010-02-02,2.351,-0.001274
2010-02-03,2.364,0.00553
2010-02-04,2.363,-0.000423
2010-02-05,2.349,-0.005925
2010-02-08,2.345,-0.001703
2010-02-09,2.345,0.0
2010-02-10,2.355,0.004264
2010-02-11,2.355,0.0
2010-02-12,2.365,0.004246
2010-02-22,2.36,-0.002114
2010-02-23,2.36,0.0
2010-02-24,2.375,0.006356
2010-02-25,2.386,0.004632
2010-02-26,2.388,0.000838
2010-03-01,2.395,0.002931
2010-03-02,2.392,-0.001253
2010-03-03,2.397,0.00209
2010-03-04,2.376,-0.008761
2010-03-05,2.378,0.000842
2010-03-08,2.383,0.002103
2010-03-09,2.386,0.001259
2010-03-10,2.379,-0.002934
2010-03-11,2.375,-0.001681
2010-03-12,2.365,-0.004211
2010-03-15,2.354,-0.004651
2010-03-16,2.358,0.001699
2010-03-17,2.375,0.007209
2010-03-18,2.373,-0.000842
2010-03-19,2.375,0.000843
2010-03-22,2.378,0.001263
2010-03-23,2.375,-0.001262
2010-03-24,2.379,0.001684
2010-03-25,2.372,-0.002942
2010-03-26,2.38,0.003373
2010-03-29,2.396,0.006723
2010-03-30,2.4,0.001669
2010-03-31,2.398,-0.000833
2010-04-01,2.407,0.003753
2010-04-02,2.408,0.000415
2010-04-06,2.408,0.0
2010-04-07,2.407,-0.000415
2010-04-08,2.406,-0.000415
2010-04-09,2.415,0.003741
2010-04-12,2.42,0.00207
2010-04-13,2.423,0.00124
2010-04-14,2.427,0.001651
2010-04-15,2.42,-0.002884
2010-04-16,2.415,-0.002066
2010-04-19,2.387,-0.011594
2010-04-20,2.398,0.004608
2010-04-21,2.416,0.007506
2010-04-22,2.415,-0.000414
2010-04-23,2.408,-0.002899
2010-04-26,2.405,-0.001246
2010-04-27,2.391,-0.005821
2010-04-28,2.392,0.000418
2010-04-29,2.377,-0.006271
2010-04-30,2.374,-0.001262
2010-05-04,2.377,0.001264
2010-05-05,2.391,0.00589
2010-05-06,2.375,-0.006692
2010-05-07,2.362,-0.005474
2010-05-10,2.348,-0.005927
2010-05-11,2.334,-0.005963
2010-05-12,2.329,-0.002142
2010-05-13,2.349,0.008587
2010-05-14,2.354,0.002129
2010-05-17,2.327,-0.01147
2010-05-18,2.337,0.004297
2010-05-19,2.341,0.001712
2010-05-20,2.333,-0.003417
2010-05-21,2.343,0.004286
2010-05-24,2.365,0.00939
2010-05-25,2.359,-0.002537
2010-05-26,2.355,-0.001696
2010-05-27,2.365,0.004246
2010-05-28,2.367,0.000846
2010-05-31,2.359,-0.00338
2010-06-01,2.352,-0.002967
2010-06-02,2.352,0.0
2010-06-03,2.35,-0.00085
2010-06-04,2.351,0.000426
2010-06-07,2.346,-0.002127
2010-06-08,2.348,0.000853
2010-06-09,2.365,0.00724
2010-06-10,2.364,-0.000423
2010-06-11,2.363,-0.000423
2010-06-17,2.351,-0.005078
2010-06-18,2.332,-0.008082
2010-06-21,2.347,0.006432
2010-06-22,2.348,0.000426
2010-06-23,2.346,-0.000852
2010-06-24,2.348,0.000853
2010-06-25,2.342,-0.002555
2010-06-28,2.334,-0.003416
2010-06-29,2.308,-0.01114
2010-06-30,2.307,-0.000433
2010-07-01,2.295,-0.005202
2010-07-02,2.288,-0.00305
2010-07-05,2.287,-0.000437
2010-07-06,2.299,0.005247
2010-07-07,2.307,0.00348
2010-07-08,2.307,0.0
2010-07-09,2.321,0.006068
2010-07-12,2.324,0.001293
2010-07-13,2.317,-0.003012
2010-07-14,2.32,0.001295
2010-07-15,2.31,-0.00431
2010-07-16,2.309,-0.000433
2010-07-19,2.32,0.004764
2010-07-20,2.333,0.005603
2010-07-21,2.333,0.0
2010-07-22,2.342,0.003858
2010-07-23,2.347,0.002135
2010-07-26,2.351,0.001704
2010-07-27,2.353,0.000851
2010-07-28,2.366,0.005525
2010-07-29,2.364,-0.000845
2010-07-30,2.362,-0.000846
2010-08-02,2.374,0.00508
2010-08-03,2.362,-0.005055
2010-08-04,2.365,0.00127
2010-08-05,2.367,0.000846
2010-08-06,2.377,0.004225
2010-08-09,2.379,0.000841
2010-08-10,2.362,-0.007146
2010-08-11,2.365,0.00127
2010-08-12,2.358,-0.00296
2010-08-13,2.368,0.004241
2010-08-16,2.383,0.006334
2010-08-17,2.387,0.001679
2010-08-18,2.385,-0.000838
2010-08-19,2.386,0.000419
2010-08-20,2.376,-0.004191
2010-08-23,2.377,0.000421
2010-08-24,2.382,0.002103
2010-08-25,2.375,-0.002939
2010-08-26,2.377,0.000842
2010-08-27,2.38,0.001262
2010-08-30,2.397,0.007143
2010-08-31,2.402,0.002086
2010-09-01,2.396,-0.002498
2010-09-02,2.405,0.003756
2010-09-03,2.412,0.002911
2010-09-06,2.414,0.000829
2010-09-07,2.414,0.0
2010-09-08,2.416,0.000829
2010-09-09,2.413,-0.001242
2010-09-10,2.419,0.002487
2010-09-13,2.429,0.004134
2010-09-14,2.431,0.000823
2010-09-15,2.419,-0.004936
2010-09-16,2.406,-0.005374
2010-09-17,2.414,0.003325
2010-09-20,2.411,-0.001243
2010-09-21,2.412,0.000415
2010-09-27,2.426,0.005804
2010-09-28,2.43,0.001649
2010-09-29,2.421,-0.003704
2010-09-30,2.43,0.003717
2010-10-08,2.445,0.006173
2010-10-11,2.435,-0.00409
2010-10-12,2.43,-0.002053
2010-10-13,2.432,0.000823
2010-10-14,2.417,-0.006168
2010-10-15,2.425,0.00331
2010-10-18,2.423,-0.000825
2010-10-19,2.44,0.007016
2010-10-20,2.448,0.003279
2010-10-21,2.443,-0.002042
2010-10-22,2.448,0.002047
2010-10-25,2.467,0.007761
2010-10-26,2.463,-0.001621
2010-10-27,2.457,-0.002436
2010-10-28,2.457,0.0
2010-10-29,2.463,0.002442
2010-11-01,2.482,0.007714
2010-11-02,2.478,-0.001612
2010-11-03,2.474,-0.001614
2010-11-04,2.489,0.006063
2010-11-05,2.502,0.005223
2010-11-08,2.513,0.004396
2010-11-09,2.518,0.00199
2010-11-10,2.521,0.001191
2010-11-11,2.516,-0.001983
2010-11-12,2.481,-0.013911
2010-11-15,2.512,0.012495
2010-11-16,2.497,-0.005971
2010-11-17,2.462,-0.014017
2010-11-18,2.47,0.003249
2010-11-19,2.493,0.009312
2010-11-22,2.504,0.004412
2010-11-23,2.492,-0.004792
2010-11-24,2.508,0.006421
2010-11-25,2.515,0.002791
2010-11-26,2.506,-0.003579
2010-11-29,2.511,0.001995
2010-11-30,2.497,-0.005575
2010-12-01,2.499,0.000801
2010-12-02,2.5,0.0004
2010-12-03,2.493,-0.0028
2010-12-06,2.487,-0.002407
2010-12-07,2.501,0.005629
2010-12-08,2.503,0.0008
2010-12-09,2.49,-0.005194
2010-12-10,2.498,0.003213
2010-12-13,2.52,0.008807
2010-12-14,2.524,0.001587
2010-12-15,2.519,-0.001981
2010-12-16,2.517,-0.000794
2010-12-17,2.516,-0.000397
2010-12-20,2.505,-0.004372
2010-12-21,2.512,0.002794
2010-12-22,2.508,-0.001592
2010-12-23,2.493,-0.005981
2010-12-24,2.481,-0.004813
2010-12-27,2.462,-0.007658
2010-12-28,2.449,-0.00528
2010-12-29,2.461,0.0049
2010-12-30,2.467,0.002438
2010-12-31,2.48,0.00527
2011-01-04,2.491,0.004435
2011-01-05,2.491,0.0
2011-01-06,2.484,-0.00281
2011-01-07,2.482,-0.000805
2011-01-10,2.462,-0.008058
2011-01-11,2.458,-0.001625
2011-01-12,2.457,-0.000407
2011-01-13,2.462,0.002035
2011-01-14,2.449,-0.00528
2011-01-17,2.42,-0.011842
2011-01-18,2.423,0.00124
2011-01-19,2.439,0.006603
2011-01-20,2.416,-0.00943
2011-01-21,2.418,0.000828
2011-01-24,2.407,-0.004549
2011-01-25,2.402,-0.002077
2011-01-26,2.413,0.00458
2011-01-27,2.428,0.006216
2011-01-28,2.434,0.002471
2011-01-31,2.449,0.006163
2011-02-01,2.446,-0.001225
2011-02-09,2.442,-0.001635
2011-02-10,2.46,0.007371
2011-02-11,2.467,0.002846
2011-02-14,2.482,0.00608
2011-02-15,2.483,0.000403
2011-02-16,2.492,0.003625
2011-02-17,2.492,0.0
2011-02-18,2.485,-0.002809
2011-02-21,2.499,0.005634
2011-02-22,2.479,-0.008003
2011-02-23,2.486,0.002824
2011-02-24,2.491,0.002011
2011-02-25,2.492,0.000401
2011-02-28,2.499,0.002809
2011-03-01,2.5,0.0004
2011-03-02,2.496,-0.0016
2011-03-03,2.484,-0.004808
2011-03-04,2.491,0.002818
2011-03-07,2.498,0.00281
2011-03-08,2.496,-0.000801
2011-03-09,2.499,0.001202
2011-03-10,2.493,-0.002401
2011-03-11,2.488,-0.002006
2011-03-14,2.5,0.004823
2011-03-15,2.489,-0.0044
2011-03-16,2.497,0.003214
2011-03-17,2.487,-0.004005
2011-03-18,2.485,-0.000804
2011-03-21,2.476,-0.003622
2011-03-22,2.477,0.000404
2011-03-23,2.487,0.004037
2011-03-24,2.49,0.001206
2011-03-25,2.498,0.003213
2011-03-28,2.489,-0.003603
2011-03-29,2.476,-0.005223
2011-03-30,2.474,-0.000808
2011-03-31,2.47,-0.001617
2011-04-01,2.476,0.002429
2011-04-06,2.476,0.0
2011-04-07,2.484,0.003231
2011-04-08,2.493,0.003623
2011-04-11,2.484,-0.00361
2011-04-12,2.481,-0.001208
2011-04-13,2.492,0.004434
2011-04-14,2.491,-0.000401
2011-04-15,2.491,0.0
2011-04-18,2.486,-0.002007
2011-04-19,2.474,-0.004827
2011-04-20,2.476,0.000808
2011-04-21,2.482,0.002423
2011-04-22,2.478,-0.001612
2011-04-25,2.47,-0.003228
2011-04-26,2.465,-0.002024
2011-04-27,2.46,-0.002028
2011-04-28,2.443,-0.006911
2011-04-29,2.449,0.002456
2011-05-03,2.46,0.004492
2011-05-04,2.445,-0.006098
2011-05-05,2.448,0.001227
2011-05-06,2.451,0.001225
2011-05-09,2.455,0.001632
2011-05-10,2.459,0.001629
2011-05-11,2.459,0.0
2011-05-12,2.451,-0.003253
2011-05-13,2.454,0.001224
2011-05-16,2.448,-0.002445
2011-05-17,2.447,-0.000408
2011-05-18,2.454,0.002861
2011-05-19,2.447,-0.002852
2011-05-20,2.444,-0.001226
2011-05-23,2.422,-0.009002
2011-05-24,2.421,-0.000413
2011-05-25,2.412,-0.003717
2011-05-26,2.411,-0.000415
2011-05-27,2.403,-0.003318
2011-05-30,2.408,0.002081
2011-05-31,2.418,0.004153
2011-06-01,2.423,0.002068
2011-06-02,2.414,-0.003714
2011-06-03,2.424,0.004143
2011-06-07,2.425,0.000413
2011-06-08,2.425,0.0
2011-06-09,2.411,-0.005773
2011-06-10,2.414,0.001244
2011-06-13,2.407,-0.0029
2011-06-14,2.419,0.004985
2011-06-15,2.412,-0.002894
2011-06-16,2.401,-0.004561
2011-06-17,2.398,-0.001249
2011-06-20,2.392,-0.002502
2011-06-21,2.403,0.004599
2011-06-22,2.407,0.001665
2011-06-23,2.422,0.006232
2011-06-24,2.44,0.007432
2011-06-27,2.444,0.001639
2011-06-28,2.448,0.001637
2011-06-29,2.441,-0.002859
2011-06-30,2.45,0.003687
2011-07-01,2.453,0.001224
2011-07-04,2.469,0.006523
2011-07-05,2.468,-0.000405
2011-07-06,2.465,-0.001216
2011-07-07,2.464,-0.000406
2011-07-08,2.466,0.000812
2011-07-11,2.469,0.001217
2011-07-12,2.463,-0.00243
2011-07-13,2.479,0.006496
2011-07-14,2.481,0.000807
2011-07-15,2.487,0.002418
2011-07-18,2.483,-0.001608
2011-07-19,2.472,-0.00443
2011-07-20,2.471,-0.000405
2011-07-21,2.468,-0.001214
2011-07-22,2.471,0.001216
2011-07-25,2.449,-0.008903
2011-07-26,2.45,0.000408
2011-07-27,2.459,0.003673
2011-07-28,2.456,-0.00122
2011-07-29,2.448,-0.003257
2011-08-01,2.448,0.0
2011-08-02,2.442,-0.002451
2011-08-03,2.445,0.001229
2011-08-04,2.448,0.001227
2011-08-05,2.437,-0.004493
2011-08-08,2.414,-0.009438
2011-08-09,2.422,0.003314
2011-08-10,2.434,0.004955
2011-08-11,2.445,0.004519
2011-08-12,2.448,0.001227
2011-08-15,2.455,0.002859
2011-08-16,2.452,-0.001222
2011-08-17,2.451,-0.000408
2011-08-18,2.439,-0.004896
2011-08-19,2.429,-0.0041
2011-08-22,2.414,-0.006175
2011-08-23,2.423,0.003728
2011-08-24,2.427,0.001651
2011-08-25,2.443,0.006593
2011-08-26,2.443,0.0
2011-08-29,2.433,-0.004093
2011-08-30,2.429,-0.001644
2011-08-31,2.431,0.000823
2011-09-01,2.425,-0.002468
2011-09-02,2.417,-0.003299
2011-09-05,2.4,-0.007034
2011-09-06,2.39,-0.004167
2011-09-07,2.403,0.005439
2011-09-08,2.4,-0.001248
2011-09-09,2.393,-0.002917
2011-09-13,2.385,-0.003343
2011-09-14,2.39,0.002096
2011-09-15,2.391,0.000418
2011-09-16,2.392,0.000418
2011-09-19,2.38,-0.005017
2011-09-20,2.382,0.00084
2011-09-21,2.401,0.007976
2011-09-22,2.382,-0.007913
2011-09-23,2.377,-0.002099
2011-09-26,2.366,-0.004628
2011-09-27,2.371,0.002113
2011-09-28,2.364,-0.002952
2011-09-29,2.356,-0.003384
2011-09-30,2.357,0.000424
2011-10-10,2.353,-0.001697
2011-10-11,2.348,-0.002125
2011-10-12,2.368,0.008518
2011-10-13,2.375,0.002956
2011-10-14,2.374,-0.000421
2011-10-17,2.381,0.002949
2011-10-18,2.368,-0.00546
2011-10-19,2.363,-0.002111
2011-10-20,2.345,-0.007617
2011-10-21,2.34,-0.002132
2011-10-24,2.354,0.005983
2011-10-25,2.369,0.006372
2011-10-26,2.382,0.005488
2011-10-27,2.385,0.001259
2011-10-28,2.396,0.004612
2011-10-31,2.4,0.001669
2011-11-01,2.407,0.002917
2011-11-02,2.42,0.005401
2011-11-03,2.419,-0.000413
2011-11-04,2.421,0.000827
2011-11-07,2.416,-0.002065
2011-11-08,2.413,-0.001242
2011-11-09,2.423,0.004144
2011-11-10,2.413,-0.004127
2011-11-11,2.415,0.000829
2011-11-14,2.43,0.006211
2011-11-15,2.43,0.0
2011-11-16,2.413,-0.006996
2011-11-17,2.414,0.000414
2011-11-18,2.4,-0.0058
2011-11-21,2.398,-0.000833
2011-11-22,2.399,0.000417
2011-11-23,2.398,-0.000417
2011-11-24,2.402,0.001668
2011-11-25,2.4,-0.000833
2011-11-28,2.399,-0.000417
2011-11-29,2.407,0.003335
2011-11-30,2.39,-0.007063
2011-12-01,2.403,0.005439
2011-12-02,2.396,-0.002913
2011-12-05,2.383,-0.005426
2011-12-06,2.379,-0.001679
2011-12-07,2.381,0.000841
2011-12-08,2.382,0.00042
2011-12-09,2.376,-0.002519
2011-12-12,2.369,-0.002946
2011-12-13,2.358,-0.004643
2011-12-14,2.349,-0.003817
2011-12-15,2.342,-0.00298
2011-12-16,2.354,0.005124
2011-12-19,2.357,0.001274
2011-12-20,2.355,-0.000849
2011-12-21,2.345,-0.004246
2011-12-22,2.345,0.0
2011-12-23,2.35,0.002132
2011-12-26,2.34,-0.004255
2011-12-27,2.325,-0.00641
2011-12-28,2.323,-0.00086
2011-12-29,2.327,0.001722
2011-12-30,2.338,0.004727
2011-12-31,2.338,0.0
2012-01-04,2.324,-0.005988
2012-01-05,2.312,-0.005164
2012-01-06,2.315,0.001298
2012-01-09,2.33,0.006479
2012-01-10,2.348,0.007725
2012-01-11,2.345,-0.001278
2012-01-12,2.342,-0.001279
2012-01-13,2.326,-0.006832
2012-01-16,2.308,-0.007739
2012-01-17,2.328,0.008666
2012-01-18,2.308,-0.008591
2012-01-19,2.318,0.004333
2012-01-20,2.329,0.004745
2012-01-30,2.318,-0.004723
2012-01-31,2.32,0.000863
2012-02-01,2.319,-0.000431
2012-02-02,2.331,0.005175
2012-02-03,2.338,0.003003
2012-02-06,2.343,0.002139
2012-02-07,2.333,-0.004268
2012-02-08,2.346,0.005572
2012-02-09,2.345,-0.000426
2012-02-10,2.346,0.000426
2012-02-13,2.35,0.001705
2012-02-14,2.348,-0.000851
2012-02-15,2.353,0.002129
2012-02-16,2.35,-0.001275
2012-02-17,2.349,-0.000426
2012-02-20,2.352,0.001277
2012-02-21,2.358,0.002551
2012-02-22,2.367,0.003817
2012-02-23,2.369,0.000845
2012-02-24,2.374,0.002111
2012-02-27,2.377,0.001264
2012-02-28,2.375,-0.000841
2012-02-29,2.371,-0.001684
2012-03-01,2.37,-0.000422
2012-03-02,2.379,0.003797
2012-03-05,2.373,-0.002522
2012-03-06,2.369,-0.001686
2012-03-07,2.371,0.000844
2012-03-08,2.376,0.002109
2012-03-09,2.382,0.002525
2012-03-12,2.38,-0.00084
2012-03-13,2.387,0.002941
2012-03-14,2.373,-0.005865
2012-03-15,2.371,-0.000843
2012-03-16,2.382,0.004639
2012-03-19,2.382,0.0
2012-03-20,2.372,-0.004198
2012-03-21,2.369,-0.001265
2012-03-22,2.367,-0.000844
2012-03-23,2.365,-0.000845
2012-03-26,2.368,0.001268
2012-03-27,2.363,-0.002111
2012-03-28,2.352,-0.004655
2012-03-29,2.351,-0.000425
2012-03-30,2.355,0.001701
2012-03-31,2.355,0.0
2012-04-05,2.365,0.004246
2012-04-06,2.367,0.000846
2012-04-09,2.365,-0.000845
2012-04-10,2.369,0.001691
2012-04-11,2.37,0.000422
2012-04-12,2.378,0.003376
2012-04-13,2.378,0.0
2012-04-16,2.377,-0.000421
2012-04-17,2.369,-0.003366
2012-04-18,2.378,0.003799
2012-04-19,2.373,-0.002103
2012-04-20,2.379,0.002528
2012-04-23,2.375,-0.001681
2012-04-24,2.375,0.0
2012-04-25,2.378,0.001263
2012-04-26,2.377,-0.000421
2012-04-27,2.379,0.000841
2012-05-02,2.385,0.002522
2012-05-03,2.388,0.001258
2012-05-04,2.398,0.004188
2012-05-07,2.402,0.001668
2012-05-08,2.399,-0.001249
2012-05-09,2.391,-0.003335
2012-05-10,2.392,0.000418
2012-05-11,2.387,-0.00209
2012-05-14,2.382,-0.002095
2012-05-15,2.385,0.001259
2012-05-16,2.377,-0.003354
2012-05-17,2.384,0.002945
2012-05-18,2.376,-0.003356
2012-05-21,2.379,0.001263
2012-05-22,2.388,0.003783
2012-05-23,2.388,0.0
2012-05-24,2.382,-0.002513
2012-05-25,2.378,-0.001679
2012-05-28,2.386,0.003364
2012-05-29,2.392,0.002515
2012-05-30,2.39,-0.000836
2012-05-31,2.392,0.000837
2012-06-01,2.391,-0.000418
2012-06-04,2.382,-0.003764
2012-06-05,2.384,0.00084
2012-06-06,2.383,-0.000419
2012-06-07,2.382,-0.00042
2012-06-08,2.381,-0.00042
2012-06-11,2.39,0.00378
2012-06-12,2.39,0.0
2012-06-13,2.402,0.005021
2012-06-14,2.404,0.000833
2012-06-15,2.393,-0.004576
2012-06-18,2.395,0.000836
2012-06-19,2.392,-0.001253
2012-06-20,2.389,-0.001254
2012-06-21,2.385,-0.001674
2012-06-25,2.374,-0.004612
2012-06-26,2.376,0.000842
2012-06-27,2.379,0.001263
2012-06-28,2.377,-0.000841
2012-06-29,2.38,0.001262
2012-06-30,2.38,0.0
2012-07-02,2.382,0.00084
2012-07-03,2.385,0.001259
2012-07-04,2.383,-0.000839
2012-07-05,2.38,-0.001259
2012-07-06,2.394,0.005882
2012-07-09,2.391,-0.001253
2012-07-10,2.386,-0.002091
2012-07-11,2.387,0.000419
2012-07-12,2.396,0.00377
2012-07-13,2.397,0.000417
2012-07-16,2.378,-0.007927
2012-07-17,2.379,0.000421
2012-07-18,2.375,-0.001681
2012-07-19,2.375,0.0
2012-07-20,2.371,-0.001684
2012-07-23,2.367,-0.001687
2012-07-24,2.371,0.00169
2012-07-25,2.368,-0.001265
2012-07-26,2.363,-0.002111
2012-07-27,2.361,-0.000846
2012-07-30,2.358,-0.001271
2012-07-31,2.358,0.0
2012-08-01,2.364,0.002545
2012-08-02,2.355,-0.003807
2012-08-03,2.359,0.001699
2012-08-06,2.368,0.003815
2012-08-07,2.37,0.000845
2012-08-08,2.368,-0.000844
2012-08-09,2.379,0.004645
2012-08-10,2.377,-0.000841
2012-08-13,2.367,-0.004207
2012-08-14,2.367,0.0
2012-08-15,2.364,-0.001267
2012-08-16,2.361,-0.001269
2012-08-17,2.357,-0.001694
2012-08-20,2.357,0.0
2012-08-21,2.364,0.00297
2012-08-22,2.359,-0.002115
2012-08-23,2.361,0.000848
2012-08-24,2.357,-0.001694
2012-08-27,2.35,-0.00297
2012-08-28,2.346,-0.001702
2012-08-29,2.345,-0.000426
2012-08-30,2.338,-0.002985
2012-08-31,2.338,0.0
2012-09-03,2.349,0.004705
2012-09-04,2.346,-0.001277
2012-09-05,2.35,0.001705
2012-09-06,2.352,0.000851
2012-09-07,2.369,0.007228
2012-09-10,2.369,0.0
2012-09-11,2.366,-0.001266
2012-09-12,2.367,0.000423
2012-09-13,2.362,-0.002112
2012-09-14,2.36,-0.000847
2012-09-17,2.348,-0.005085
2012-09-18,2.347,-0.000426
2012-09-19,2.348,0.000426
2012-09-20,2.338,-0.004259
2012-09-21,2.337,-0.000428
2012-09-24,2.342,0.002139
2012-09-25,2.341,-0.000427
2012-09-26,2.335,-0.002563
2012-09-27,2.348,0.005567
2012-09-28,2.359,0.004685
2012-09-30,2.359,0.0
2012-10-08,2.355,-0.001696
2012-10-09,2.367,0.005096
2012-10-10,2.37,0.001267
2012-10-11,2.364,-0.002532
2012-10-12,2.361,-0.001269
2012-10-15,2.357,-0.001694
2012-10-16,2.36,0.001273
2012-10-17,2.358,-0.000847
2012-10-18,2.368,0.004241
2012-10-19,2.369,0.000422
2012-10-22,2.371,0.000844
2012-10-23,2.365,-0.002531
2012-10-24,2.367,0.000846
2012-10-25,2.36,-0.002957
2012-10-26,2.353,-0.002966
2012-10-29,2.354,0.000425
2012-10-30,2.356,0.00085
2012-10-31,2.365,0.00382
2012-11-01,2.373,0.003383
2012-11-02,2.374,0.000421
2012-11-05,2.371,-0.001264
2012-11-06,2.369,-0.000844
2012-11-07,2.367,-0.000844
2012-11-08,2.361,-0.002535
2012-11-09,2.358,-0.001271
2012-11-12,2.356,-0.000848
2012-11-13,2.349,-0.002971
2012-11-14,2.351,0.000851
2012-11-15,2.348,-0.001276
2012-11-16,2.344,-0.001704
2012-11-19,2.342,-0.000853
2012-11-20,2.341,-0.000427
2012-11-21,2.346,0.002136
2012-11-22,2.341,-0.002131
2012-11-23,2.343,0.000854
2012-11-26,2.339,-0.001707
2012-11-27,2.333,-0.002565
2012-11-28,2.326,-0.003
2012-11-29,2.326,0.0
2012-11-30,2.332,0.00258
2012-12-03,2.327,-0.002144
2012-12-04,2.33,0.001289
2012-12-05,2.346,0.006867
2012-12-06,2.346,0.0
2012-12-07,2.354,0.00341
2012-12-10,2.359,0.002124
2012-12-11,2.357,-0.000848
2012-12-12,2.357,0.0
2012-12-13,2.355,-0.000849
2012-12-14,2.378,0.009766
2012-12-17,2.37,-0.003364
2012-12-18,2.364,-0.002532
2012-12-19,2.367,0.001269
2012-12-20,2.369,0.000845
2012-12-21,2.37,0.000422
2012-12-24,2.377,0.002954
2012-12-25,2.397,0.008414
2012-12-26,2.403,0.002503
2012-12-27,2.397,-0.002497
2012-12-28,2.403,0.002503
2012-12-31,2.413,0.004161
2013-01-04,2.415,0.000829
2013-01-07,2.423,0.003313
2013-01-08,2.427,0.001651
2013-01-09,2.43,0.001236
2013-01-10,2.432,0.000823
2013-01-11,2.423,-0.003701
2013-01-14,2.45,0.011143
2013-01-15,2.457,0.002857
2013-01-16,2.457,0.0
2013-01-17,2.456,-0.000407
2013-01-18,2.471,0.006107
2013-01-21,2.473,0.000809
2013-01-22,2.469,-0.001617
2013-01-23,2.473,0.00162
2013-01-24,2.467,-0.002426
2013-01-25,2.47,0.001216
2013-01-28,2.495,0.010121
2013-01-29,2.5,0.002004
2013-01-30,2.501,0.0004
2013-01-31,2.493,-0.003199
2013-02-01,2.51,0.006819
2013-02-04,2.506,-0.001594
2013-02-05,2.517,0.004389
2013-02-06,2.52,0.001192
2013-02-07,2.522,0.000794
2013-02-08,2.53,0.003172
2013-02-18,2.528,-0.000791
2013-02-19,2.515,-0.005142
2013-02-20,2.535,0.007952
2013-02-21,2.521,-0.005523
2013-02-22,2.512,-0.00357
2013-02-25,2.518,0.002389
2013-02-26,2.513,-0.001986
2013-02-27,2.515,0.000796
2013-02-28,2.533,0.007157
2013-03-01,2.54,0.002764
2013-03-04,2.521,-0.00748
2013-03-05,2.546,0.009917
2013-03-06,2.561,0.005892
2013-03-07,2.545,-0.006248
2013-03-08,2.533,-0.004715
2013-03-11,2.532,-0.000395
2013-03-12,2.52,-0.004739
2013-03-13,2.513,-0.002778
2013-03-14,2.521,0.003183
2013-03-15,2.526,0.001983
2013-03-18,2.53,0.001584
2013-03-19,2.532,0.000791
2013-03-20,2.554,0.008689
2013-03-21,2.564,0.003915
2013-03-22,2.563,-0.00039
2013-03-25,2.562,-0.00039
2013-03-26,2.567,0.001952
2013-03-27,2.57,0.001169
2013-03-28,2.552,-0.007004
2013-03-29,2.546,-0.002351
2013-04-01,2.55,0.001571
2013-04-02,2.53,-0.007843
2013-04-03,2.523,-0.002767
2013-04-08,2.533,0.003964
2013-04-09,2.533,0.0
2013-04-10,2.526,-0.002764
2013-04-11,2.527,0.000396
2013-04-12,2.531,0.001583
2013-04-15,2.524,-0.002766
2013-04-16,2.528,0.001585
2013-04-17,2.542,0.005538
2013-04-18,2.542,0.0
2013-04-19,2.557,0.005901
2013-04-22,2.561,0.001564
2013-04-23,2.541,-0.007809
2013-04-24,2.554,0.005116
2013-04-25,2.548,-0.002349
2013-04-26,2.54,-0.00314
2013-05-02,2.547,0.002756
2013-05-03,2.565,0.007067
2013-05-06,2.575,0.003899
2013-05-07,2.574,-0.000388
2013-05-08,2.582,0.003108
2013-05-09,2.577,-0.001936
2013-05-10,2.578,0.000388
2013-05-13,2.577,-0.000388
2013-05-14,2.567,-0.00388
2013-05-15,2.579,0.004675
2013-05-16,2.588,0.00349
2013-05-17,2.597,0.003478
2013-05-20,2.599,0.00077
2013-05-21,2.596,-0.001154
2013-05-22,2.587,-0.003467
2013-05-23,2.584,-0.00116
2013-05-24,2.589,0.001935
2013-05-27,2.598,0.003476
2013-05-28,2.601,0.001155
2013-05-29,2.605,0.001538
2013-05-30,2.605,0.0
2013-05-31,2.597,-0.003071
2013-06-03,2.592,-0.001925
2013-06-04,2.582,-0.003858
2013-06-05,2.583,0.000387
2013-06-06,2.574,-0.003484
2013-06-07,2.563,-0.004274
2013-06-13,2.549,-0.005462
2013-06-14,2.56,0.004315
2013-06-17,2.564,0.001562
2013-06-18,2.572,0.00312
2013-06-19,2.572,0.0
2013-06-20,2.55,-0.008554
2013-06-21,2.55,0.0
2013-06-24,2.517,-0.012941
2013-06-25,2.525,0.003178
2013-06-26,2.544,0.007525
2013-06-27,2.538,-0.002358
2013-06-28,2.541,0.001182
2013-06-30,2.541,0.0
2013-07-01,2.564,0.009052
2013-07-02,2.578,0.00546
2013-07-03,2.588,0.003879
2013-07-04,2.587,-0.000386
2013-07-05,2.581,-0.002319
2013-07-08,2.564,-0.006587
2013-07-09,2.567,0.00117
2013-07-10,2.578,0.004285
2013-07-11,2.593,0.005818
2013-07-12,2.597,0.001543
2013-07-15,2.614,0.006546
2013-07-16,2.617,0.001148
2013-07-17,2.601,-0.006114
2013-07-18,2.597,-0.001538
2013-07-19,2.586,-0.004236
2013-07-22,2.598,0.00464
2013-07-23,2.617,0.007313
2013-07-24,2.622,0.001911
2013-07-25,2.605,-0.006484
2013-07-26,2.603,-0.000768
2013-07-29,2.589,-0.005378
2013-07-30,2.585,-0.001545
2013-07-31,2.584,-0.000387
2013-08-01,2.606,0.008514
2013-08-02,2.61,0.001535
2013-08-05,2.627,0.006513
2013-08-06,2.633,0.002284
2013-08-07,2.625,-0.003038
2013-08-08,2.625,0.0
2013-08-09,2.624,-0.000381
2013-08-12,2.629,0.001905
2013-08-13,2.628,-0.00038
2013-08-14,2.624,-0.001522
2013-08-15,2.611,-0.004954
2013-08-16,2.598,-0.004979
2013-08-19,2.615,0.006543
2013-08-20,2.611,-0.00153
2013-08-21,2.609,-0.000766
2013-08-22,2.617,0.003066
2013-08-23,2.619,0.000764
2013-08-26,2.631,0.004582
2013-08-27,2.634,0.00114
2013-08-28,2.62,-0.005315
2013-08-29,2.62,0.0
2013-08-30,2.606,-0.005344
2013-09-02,2.623,0.006523
2013-09-03,2.64,0.006481
2013-09-04,2.639,-0.000379
2013-09-05,2.651,0.004547
2013-09-06,2.652,0.000377
2013-09-09,2.66,0.003017
2013-09-10,2.663,0.001128
2013-09-11,2.652,-0.004131
2013-09-12,2.654,0.000754
2013-09-13,2.661,0.002638
2013-09-16,2.665,0.001503
2013-09-17,2.657,-0.003002
2013-09-18,2.663,0.002258
2013-09-23,2.684,0.007886
2013-09-24,2.69,0.002235
2013-09-25,2.685,-0.001859
2013-09-26,2.679,-0.002235
2013-09-27,2.685,0.00224
2013-09-30,2.697,0.004469
2013-10-08,2.702,0.001854
2013-10-09,2.713,0.004071
2013-10-10,2.707,-0.002212
2013-10-11,2.716,0.003325
2013-10-14,2.719,0.001105
2013-10-15,2.723,0.001471
2013-10-16,2.702,-0.007712
2013-10-17,2.7,-0.00074
2013-10-18,2.71,0.003704
2013-10-21,2.736,0.009594
2013-10-22,2.725,-0.00402
2013-10-23,2.704,-0.007706
2013-10-24,2.702,-0.00074
2013-10-25,2.685,-0.006292
2013-10-28,2.682,-0.001117
2013-10-29,2.678,-0.001491
2013-10-30,2.696,0.006721
2013-10-31,2.668,-0.010386
2013-11-01,2.665,-0.001124
2013-11-04,2.667,0.00075
2013-11-05,2.673,0.00225
2013-11-06,2.663,-0.003741
2013-11-07,2.648,-0.005633
2013-11-08,2.638,-0.003776
2013-11-11,2.649,0.00417
2013-11-12,2.655,0.002265
2013-11-13,2.639,-0.006026
2013-11-14,2.656,0.006442
2013-11-15,2.671,0.005648
2013-11-18,2.687,0.00599
2013-11-19,2.679,-0.002977
2013-11-20,2.683,0.001493
2013-11-21,2.678,-0.001864
2013-11-22,2.67,-0.002987
2013-11-25,2.665,-0.001873
2013-11-26,2.666,0.000375
2013-11-27,2.678,0.004501
2013-11-28,2.69,0.004481
2013-11-29,2.693,0.001115
2013-12-02,2.666,-0.010026
2013-12-03,2.678,0.004501
2013-12-04,2.692,0.005228
2013-12-05,2.686,-0.002229
2013-12-06,2.681,-0.001862
2013-12-09,2.685,0.001492
2013-12-10,2.683,-0.000745
2013-12-11,2.677,-0.002236
2013-12-12,2.681,0.001494
2013-12-13,2.682,0.000373
2013-12-16,2.675,-0.00261
2013-12-17,2.667,-0.002991
2013-12-18,2.668,0.000375
2013-12-19,2.661,-0.002624
2013-12-20,2.656,-0.001879
2013-12-23,2.655,-0.000377
2013-12-24,2.658,0.00113
2013-12-25,2.665,0.002634
2013-12-26,2.657,-0.003002
2013-12-27,2.669,0.004516
2013-12-30,2.669,0.0
2013-12-31,2.672,0.001124
2014-01-02,2.669,-0.001123
2014-01-03,2.665,-0.001499
2014-01-06,2.652,-0.004878
2014-01-07,2.662,0.003771
2014-01-08,2.673,0.004132
2014-01-09,2.659,-0.005238
2014-01-10,2.655,-0.001504
2014-01-13,2.649,-0.00226
2014-01-14,2.66,0.004153
2014-01-15,2.67,0.003759
2014-01-16,2.667,-0.001124
2014-01-17,2.657,-0.00375
2014-01-20,2.645,-0.004516
2014-01-21,2.652,0.002647
2014-01-22,2.672,0.007541
2014-01-23,2.68,0.002994
2014-01-24,2.685,0.001866
2014-01-27,2.676,-0.003352
2014-01-28,2.667,-0.003363
2014-01-29,2.674,0.002625
2014-01-30,2.669,-0.00187
2014-02-07,2.68,0.004121
2014-02-10,2.71,0.011194
2014-02-11,2.706,-0.001476
2014-02-12,2.708,0.000739
2014-02-13,2.691,-0.006278
2014-02-14,2.701,0.003716
2014-02-17,2.713,0.004443
2014-02-18,2.71,-0.001106
2014-02-19,2.705,-0.001845
2014-02-20,2.702,-0.001109
2014-02-21,2.696,-0.002221
2014-02-24,2.693,-0.001113
2014-02-25,2.666,-0.010026
2014-02-26,2.669,0.001125
2014-02-27,2.655,-0.005245
2014-02-28,2.666,0.004143
2014-03-03,2.678,0.004501
2014-03-04,2.67,-0.002987
2014-03-05,2.663,-0.002622
2014-03-06,2.658,-0.001878
2014-03-07,2.66,0.000752
2014-03-10,2.643,-0.006391
2014-03-11,2.643,0.0
2014-03-12,2.643,0.0
2014-03-13,2.659,0.006054
2014-03-14,2.655,-0.001504
2014-03-17,2.666,0.004143
2014-03-18,2.669,0.001125
2014-03-19,2.652,-0.006369
2014-03-20,2.63,-0.008296
2014-03-21,2.639,0.003422
2014-03-24,2.631,-0.003031
2014-03-25,2.635,0.00152
2014-03-26,2.643,0.003036
2014-03-27,2.626,-0.006432
2014-03-28,2.61,-0.006093
2014-03-31,2.61,0.0
2014-04-01,2.62,0.003831
2014-04-02,2.61,-0.003817
2014-04-03,2.61,0.0
2014-04-04,2.622,0.004598
2014-04-08,2.635,0.004958
2014-04-09,2.642,0.002657
2014-04-10,2.648,0.002271
2014-04-11,2.648,0.0
2014-04-14,2.653,0.001888
2014-04-15,2.644,-0.003392
2014-04-16,2.641,-0.001135
2014-04-17,2.64,-0.000379
2014-04-18,2.64,0.0
2014-04-21,2.629,-0.004167
2014-04-22,2.62,-0.003423
2014-04-23,2.616,-0.001527
2014-04-24,2.613,-0.001147
2014-04-25,2.597,-0.006123
2014-04-28,2.58,-0.006546
2014-04-29,2.593,0.005039
2014-04-30,2.604,0.004242
2014-05-05,2.611,0.002688
2014-05-06,2.616,0.001915
2014-05-07,2.601,-0.005734
2014-05-08,2.597,-0.001538
2014-05-09,2.592,-0.001925
2014-05-12,2.602,0.003858
2014-05-13,2.606,0.001537
2014-05-14,2.602,-0.001535
2014-05-15,2.592,-0.003843
2014-05-16,2.585,-0.002701
2014-05-19,2.576,-0.003482
2014-05-20,2.576,0.0
2014-05-21,2.583,0.002717
2014-05-22,2.587,0.001549
2014-05-23,2.596,0.003479
2014-05-26,2.605,0.003467
2014-05-27,2.6,-0.001919
2014-05-28,2.61,0.003846
2014-05-29,2.603,-0.002682
2014-05-30,2.602,-0.000384
2014-06-03,2.595,-0.00269
2014-06-04,2.591,-0.001541
2014-06-05,2.603,0.004631
2014-06-06,2.599,-0.001537
2014-06-09,2.594,-0.001924
2014-06-10,2.603,0.00347
2014-06-11,2.61,0.002689
2014-06-12,2.61,0.0
2014-06-13,2.617,0.002682
2014-06-16,2.62,0.001146
2014-06-17,2.613,-0.002672
2014-06-18,2.606,-0.002679
2014-06-19,2.59,-0.00614
2014-06-20,2.595,0.001931
2014-06-23,2.6,0.001927
2014-06-24,2.605,0.001923
2014-06-25,2.603,-0.000768
2014-06-26,2.614,0.004226
2014-06-27,2.615,0.000383
2014-06-30,2.62,0.001912
2014-07-01,2.621,0.000382
2014-07-02,2.623,0.000763
2014-07-03,2.627,0.001525
2014-07-04,2.628,0.000381
2014-07-07,2.623,-0.001903
2014-07-08,2.627,0.001525
2014-07-09,2.612,-0.00571
2014-07-10,2.606,-0.002297
2014-07-11,2.606,0.0
2014-07-14,2.615,0.003454
2014-07-15,2.617,0.000765
2014-07-16,2.609,-0.003057
2014-07-17,2.599,-0.003833
2014-07-18,2.602,0.001154
2014-07-21,2.611,0.003459
2014-07-22,2.62,0.003447
2014-07-23,2.613,-0.002672
2014-07-24,2.614,0.000383
2014-07-25,2.62,0.002295
2014-07-28,2.634,0.005344
2014-07-29,2.642,0.003037
2014-07-30,2.647,0.001893
2014-07-31,2.655,0.003022
2014-08-01,2.652,-0.00113
2014-08-04,2.662,0.003771
2014-08-05,2.664,0.000751
2014-08-06,2.662,-0.000751
2014-08-07,2.651,-0.004132
2014-08-08,2.658,0.002641
2014-08-11,2.67,0.004515
2014-08-12,2.669,-0.000375
2014-08-13,2.666,-0.001124
2014-08-14,2.663,-0.001125
2014-08-15,2.669,0.002253
2014-08-18,2.677,0.002997
2014-08-19,2.678,0.000374
2014-08-20,2.677,-0.000373
2014-08-21,2.675,-0.000747
2014-08-22,2.677,0.000748
2014-08-25,2.67,-0.002615
2014-08-26,2.66,-0.003745
2014-08-27,2.663,0.001128
2014-08-28,2.662,-0.000376
2014-08-29,2.672,0.003757
2014-09-01,2.681,0.003368
2014-09-02,2.69,0.003357
2014-09-03,2.697,0.002602
2014-09-04,2.701,0.001483
2014-09-05,2.708,0.002592
2014-09-09,2.71,0.000739
2014-09-10,2.709,-0.000369
2014-09-11,2.705,-0.001477
2014-09-12,2.707,0.000739
2014-09-15,2.711,0.001478
2014-09-16,2.684,-0.009959
2014-09-17,2.685,0.000373
2014-09-18,2.692,0.002607
2014-09-19,2.698,0.002229
2014-09-22,2.686,-0.004448
2014-09-23,2.694,0.002978
2014-09-24,2.703,0.003341
2014-09-25,2.702,-0.00037
2014-09-26,2.705,0.00111
2014-09-29,2.711,0.002218
2014-09-30,2.715,0.001475
2014-10-08,2.725,0.003683
2014-10-09,2.727,0.000734
2014-10-10,2.721,-0.0022
2014-10-13,2.711,-0.003675
2014-10-14,2.708,-0.001107
2014-10-15,2.715,0.002585
2014-10-16,2.704,-0.004052
2014-10-17,2.7,-0.001479
2014-10-20,2.709,0.003333
2014-10-21,2.701,-0.002953
2014-10-22,2.691,-0.003702
2014-10-23,2.679,-0.004459
2014-10-24,2.681,0.000747
2014-10-27,2.686,0.001865
2014-10-28,2.698,0.004468
2014-10-29,2.706,0.002965
2014-10-30,2.706,0.0
2014-10-31,2.705,-0.00037
2014-11-03,2.706,0.00037
2014-11-04,2.7,-0.002217
2014-11-05,2.696,-0.001481
2014-11-06,2.7,0.001484
2014-11-07,2.694,-0.002222
2014-11-10,2.704,0.003712
2014-11-11,2.69,-0.005178
2014-11-12,2.698,0.002974
2014-11-13,2.69,-0.002965
2014-11-14,2.69,0.0
2014-11-17,2.697,0.002602
2014-11-18,2.691,-0.002225
2014-11-19,2.694,0.001115
2014-11-20,2.691,-0.001114
2014-11-21,2.699,0.002973
2014-11-24,2.706,0.002594
2014-11-25,2.717,0.004065
2014-11-26,2.722,0.00184
2014-11-27,2.727,0.001837
2014-11-28,2.727,0.0
2014-12-01,2.721,-0.0022
2014-12-02,2.735,0.005145
2014-12-03,2.741,0.002194
2014-12-04,2.764,0.008391
2014-12-05,2.753,-0.00398
2014-12-08,2.763,0.003632
2014-12-09,2.727,-0.013029
2014-12-10,2.755,0.010268
2014-12-11,2.755,0.0
2014-12-12,2.761,0.002178
2014-12-15,2.773,0.004346
2014-12-16,2.777,0.001442
2014-12-17,2.773,-0.00144
2014-12-18,2.766,-0.002524
2014-12-19,2.76,-0.002169
2014-12-22,2.74,-0.007246
2014-12-23,2.725,-0.005474
2014-12-24,2.724,-0.000367
2014-12-25,2.741,0.006241
2014-12-26,2.752,0.004013
2014-12-29,2.745,-0.002544
2014-12-30,2.738,-0.00255
2014-12-31,2.749,0.004018
2015-01-05,2.77,0.007639
2015-01-06,2.78,0.00361
2015-01-07,2.775,-0.001799
2015-01-08,2.767,-0.002883
2015-01-09,2.768,0.000361
2015-01-12,2.769,0.000361
2015-01-13,2.778,0.00325
2015-01-14,2.772,-0.00216
2015-01-15,2.784,0.004329
2015-01-16,2.791,0.002514
2015-01-19,2.758,-0.011824
2015-01-20,2.782,0.008702
2015-01-21,2.799,0.006111
2015-01-22,2.804,0.001786
2015-01-23,2.8,-0.001427
2015-01-26,2.812,0.004286
2015-01-27,2.811,-0.000356
2015-01-28,2.803,-0.002846
2015-01-29,2.799,-0.001427
2015-01-30,2.791,-0.002858
2015-02-02,2.789,-0.000717
2015-02-03,2.801,0.004303
2015-02-04,2.795,-0.002142
2015-02-05,2.792,-0.001073
2015-02-06,2.78,-0.004298
2015-02-09,2.778,-0.000719
2015-02-10,2.791,0.00468
2015-02-11,2.801,0.003583
2015-02-12,2.804,0.001071
2015-02-13,2.812,0.002853
2015-02-16,2.825,0.004623
2015-02-17,2.829,0.001416
2015-02-25,2.826,-0.00106
2015-02-26,2.834,0.002831
2015-02-27,2.839,0.001764
2015-03-02,2.847,0.002818
2015-03-03,2.835,-0.004215
2015-03-04,2.846,0.00388
2015-03-05,2.845,-0.000351
2015-03-06,2.835,-0.003515
2015-03-09,2.848,0.004586
2015-03-10,2.855,0.002458
2015-03-11,2.851,-0.001401
2015-03-12,2.855,0.001403
2015-03-13,2.862,0.002452
2015-03-16,2.879,0.00594
2015-03-17,2.885,0.002084
2015-03-18,2.9,0.005199
2015-03-19,2.899,-0.000345
2015-03-20,2.906,0.002415
2015-03-23,2.927,0.007226
2015-03-24,2.934,0.002392
2015-03-25,2.934,0.0
2015-03-26,2.927,-0.002386
2015-03-27,2.935,0.002733
2015-03-30,2.945,0.003407
2015-03-31,2.944,-0.00034
2015-04-01,2.959,0.005095
2015-04-02,2.967,0.002704
2015-04-03,2.975,0.002696
2015-04-07,2.989,0.004706
2015-04-08,2.985,-0.001338
2015-04-09,2.978,-0.002345
2015-04-10,2.996,0.006044
2015-04-13,3.006,0.003338
2015-04-14,3.002,-0.001331
2015-04-15,2.984,-0.005996
2015-04-16,3.0,0.005362
2015-04-17,3.007,0.002333
2015-04-20,2.99,-0.005653
2015-04-21,3.017,0.00903
2015-04-22,3.035,0.005966
2015-04-23,3.035,0.0
2015-04-24,3.032,-0.000988
2015-04-27,3.04,0.002639
2015-04-28,3.024,-0.005263
2015-04-29,3.035,0.003638
2015-04-30,3.04,0.001647
2015-05-04,3.034,-0.001974
2015-05-05,3.017,-0.005603
2015-05-06,3.021,0.001326
2015-05-07,3.016,-0.001655
2015-05-08,3.036,0.006631
2015-05-11,3.057,0.006917
2015-05-12,3.07,0.004253
2015-05-13,3.064,-0.001954
2015-05-14,3.06,-0.001305
2015-05-15,3.054,-0.001961
2015-05-18,3.061,0.002292
2015-05-19,3.08,0.006207
2015-05-20,3.099,0.006169
2015-05-21,3.12,0.006776
2015-05-22,3.13,0.003205
2015-05-25,3.158,0.008946
2015-05-26,3.179,0.00665
2015-05-27,3.18,0.000315
2015-05-28,3.135,-0.014151
2015-05-29,3.142,0.002233
2015-06-01,3.183,0.013049
2015-06-02,3.204,0.006598
2015-06-03,3.204,0.0
2015-06-04,3.202,-0.000624
2015-06-05,3.205,0.000937
2015-06-08,3.202,-0.000936
2015-06-09,3.199,-0.000937
2015-06-10,3.209,0.003126
2015-06-11,3.215,0.00187
2015-06-12,3.222,0.002177
2015-06-15,3.199,-0.007138
2015-06-16,3.172,-0.00844
2015-06-17,3.183,0.003468
2015-06-18,3.153,-0.009425
2015-06-19,3.11,-0.013638
2015-06-23,3.126,0.005145
2015-06-24,3.138,0.003839
2015-06-25,3.113,-0.007967
2015-06-26,3.056,-0.01831
2015-06-29,3.029,-0.008835
2015-06-30,3.061,0.010565
2015-07-01,3.027,-0.011107
2015-07-02,2.996,-0.010241
2015-07-03,2.97,-0.008678
2015-07-06,2.972,0.000673
2015-07-07,2.955,-0.00572
2015-07-08,2.928,-0.009137
2015-07-09,2.954,0.00888
2015-07-10,2.981,0.00914
2015-07-13,3.012,0.010399
2015-07-14,3.013,0.000332
2015-07-15,2.992,-0.00697
2015-07-16,2.999,0.00234
2015-07-17,3.021,0.007336
2015-07-20,3.027,0.001986
2015-07-21,3.031,0.001321
2015-07-22,3.033,0.00066
2015-07-23,3.045,0.003956
2015-07-24,3.04,-0.001642
2015-07-27,3.0,-0.013158
2015-07-28,2.994,-0.002
2015-07-29,3.009,0.00501
2015-07-30,2.996,-0.00432
2015-07-31,2.994,-0.000668
2015-08-03,2.986,-0.002672
2015-08-04,3.005,0.006363
2015-08-05,3.001,-0.001331
2015-08-06,3.0,-0.000333
2015-08-07,3.011,0.003667
2015-08-10,3.031,0.006642
2015-08-11,3.031,0.0
2015-08-12,3.024,-0.002309
2015-08-13,3.033,0.002976
2015-08-14,3.033,0.0
2015-08-17,3.037,0.001319
2015-08-18,3.008,-0.009549
2015-08-19,3.016,0.00266
2015-08-20,3.004,-0.003979
2015-08-21,2.984,-0.006658
2015-08-24,2.948,-0.012064
2015-08-25,2.924,-0.008141
2015-08-26,2.928,0.001368
2015-08-27,2.947,0.006489
2015-08-28,2.964,0.005769
2015-08-31,2.958,-0.002024
2015-09-01,2.948,-0.003381
2015-09-02,2.944,-0.001357
2015-09-07,2.938,-0.002038
2015-09-08,2.951,0.004425
2015-09-09,2.957,0.002033
2015-09-10,2.953,-0.001353
2015-09-11,2.952,-0.000339
2015-09-14,2.94,-0.004065
2015-09-15,2.929,-0.003741
2015-09-16,2.945,0.005463
2015-09-17,2.939,-0.002037
2015-09-18,2.942,0.001021
2015-09-21,2.95,0.002719
2015-09-22,2.952,0.000678
2015-09-23,2.948,-0.001355
2015-09-24,2.95,0.000678
2015-09-25,2.946,-0.001356
2015-09-28,2.948,0.000679
2015-09-29,2.946,-0.000678
2015-09-30,2.947,0.000339
2015-10-08,2.954,0.002375
2015-10-09,2.956,0.000677
2015-10-12,2.965,0.003045
2015-10-13,2.966,0.000337
2015-10-14,2.961,-0.001686
2015-10-15,2.968,0.002364
2015-10-16,2.971,0.001011
2015-10-19,2.971,0.0
2015-10-20,2.975,0.001346
2015-10-21,2.961,-0.004706
2015-10-22,2.968,0.002364
2015-10-23,2.974,0.002022
2015-10-26,2.976,0.000672
2015-10-27,2.977,0.000336
2015-10-28,2.973,-0.001344
2015-10-29,2.974,0.000336
2015-10-30,2.974,0.0
2015-11-02,2.97,-0.001345
2015-11-03,2.969,-0.000337
2015-11-04,2.981,0.004042
2015-11-05,2.983,0.000671
2015-11-06,2.988,0.001676
2015-11-09,2.993,0.001673
2015-11-10,2.992,-0.000334
2015-11-11,2.993,0.000334
2015-11-12,2.992,-0.000334
2015-11-13,2.985,-0.00234
2015-11-16,2.991,0.00201
2015-11-17,2.99,-0.000334
2015-11-18,2.985,-0.001672
2015-11-19,2.993,0.00268
2015-11-20,2.998,0.001671
2015-11-23,2.993,-0.001668
2015-11-24,2.994,0.000334
2015-11-25,2.999,0.00167
2015-11-26,2.996,-0.001
2015-11-27,2.973,-0.007677
2015-11-30,2.976,0.001009
2015-12-01,2.978,0.000672
2015-12-02,2.983,0.001679
2015-12-03,2.989,0.002011
2015-12-04,2.985,-0.001338
2015-12-07,2.989,0.00134
2015-12-08,2.982,-0.002342
2015-12-09,2.982,0.0
2015-12-10,2.979,-0.001006
2015-12-11,2.977,-0.000671
2015-12-14,2.985,0.002687
2015-12-15,2.987,0.00067
2015-12-16,2.99,0.001004
2015-12-17,3.0,0.003344
2015-12-18,3.002,0.000667
2015-12-21,3.015,0.00433
2015-12-22,3.018,0.000995
2015-12-23,3.013,-0.001657
2015-12-24,3.011,-0.000664
2015-12-25,3.015,0.001328
2015-12-28,3.007,-0.002653
2015-12-29,3.011,0.00133
2015-12-30,3.016,0.001661
2015-12-31,3.01,-0.001989
2016-01-04,2.972,-0.012625
2016-01-05,2.969,-0.001009
2016-01-06,2.98,0.003705
2016-01-07,2.941,-0.013087
2016-01-08,2.947,0.00204
2016-01-11,2.914,-0.011198
2016-01-12,2.919,0.001716
2016-01-13,2.904,-0.005139
2016-01-14,2.921,0.005854
2016-01-15,2.904,-0.00582
2016-01-18,2.91,0.002066
2016-01-19,2.932,0.00756
2016-01-20,2.925,-0.002387
2016-01-21,2.905,-0.006838
2016-01-22,2.909,0.001377
2016-01-25,2.913,0.001375
2016-01-26,2.879,-0.011672
2016-01-27,2.875,-0.001389
2016-01-28,2.858,-0.005913
2016-01-29,2.875,0.005948
2016-02-01,2.87,-0.001739
2016-02-02,2.885,0.005226
2016-02-03,2.887,0.000693
2016-02-04,2.896,0.003117
2016-02-05,2.893,-0.001036
2016-02-15,2.892,-0.000346
2016-02-16,2.909,0.005878
2016-02-17,2.913,0.001375
2016-02-18,2.911,-0.000687
2016-02-19,2.914,0.001031
2016-02-22,2.925,0.003775
2016-02-23,2.923,-0.000684
2016-02-24,2.926,0.001026
2016-02-25,2.887,-0.013329
2016-02-26,2.885,-0.000693
2016-02-29,2.862,-0.007972
2016-03-01,2.875,0.004542
2016-03-02,2.898,0.008
2016-03-03,2.896,-0.00069
2016-03-04,2.888,-0.002762
2016-03-07,2.894,0.002078
2016-03-08,2.895,0.000346
2016-03-09,2.888,-0.002418
2016-03-10,2.88,-0.00277
2016-03-11,2.88,0.0
2016-03-14,2.893,0.004514
2016-03-15,2.893,0.0
2016-03-16,2.889,-0.001383
2016-03-17,2.902,0.0045
2016-03-18,2.918,0.005513
2016-03-21,2.928,0.003427
2016-03-22,2.925,-0.001025
2016-03-23,2.929,0.001368
2016-03-24,2.924,-0.001707
2016-03-25,2.926,0.000684
2016-03-28,2.923,-0.001025
2016-03-29,2.915,-0.002737
2016-03-30,2.93,0.005146
2016-03-31,2.93,0.0
2016-04-01,2.928,-0.000683
2016-04-05,2.939,0.003757
2016-04-06,2.94,0.00034
2016-04-07,2.934,-0.002041
2016-04-08,2.929,-0.001704
2016-04-11,2.94,0.003756
2016-04-12,2.936,-0.001361
2016-04-13,2.942,0.002044
2016-04-14,2.946,0.00136
2016-04-15,2.947,0.000339
2016-04-18,2.939,-0.002715
2016-04-19,2.94,0.00034
2016-04-20,2.921,-0.006463
2016-04-21,2.914,-0.002396
2016-04-22,2.919,0.001716
2016-04-25,2.917,-0.000685
2016-04-26,2.922,0.001714
2016-04-27,2.922,0.0
2016-04-28,2.921,-0.000342
2016-04-29,2.922,0.000342
2016-05-03,2.936,0.004791
2016-05-04,2.937,0.000341
2016-05-05,2.938,0.00034
2016-05-06,2.921,-0.005786
2016-05-09,2.905,-0.005478
2016-05-10,2.906,0.000344
2016-05-11,2.909,0.001032
2016-05-12,2.909,0.0
2016-05-13,2.908,-0.000344
2016-05-16,2.915,0.002407
2016-05-17,2.911,-0.001372
2016-05-18,2.902,-0.003092
2016-05-19,2.903,0.000345
2016-05-20,2.906,0.001033
2016-05-23,2.91,0.001376
2016-05-24,2.906,-0.001375
2016-05-25,2.904,-0.000688
2016-05-26,2.907,0.001033
2016-05-27,2.907,0.0
2016-05-30,2.908,0.000344
2016-05-31,2.926,0.00619
2016-06-01,2.926,0.0
2016-06-02,2.928,0.000684
2016-06-03,2.934,0.002049
2016-06-06,2.935,0.000341
2016-06-07,2.935,0.0
2016-06-08,2.934,-0.000341
2016-06-13,2.917,-0.005794
2016-06-14,2.92,0.001028
2016-06-15,2.933,0.004452
2016-06-16,2.93,-0.001023
2016-06-17,2.936,0.002048
2016-06-20,2.938,0.000681
2016-06-21,2.935,-0.001021
2016-06-22,2.942,0.002385
2016-06-23,2.939,-0.00102
2016-06-24,2.937,-0.000681
2016-06-27,2.947,0.003405
2016-06-28,2.951,0.001357
2016-06-29,2.95,-0.000339
2016-06-30,2.952,0.000678
2016-07-01,2.951,-0.000339
2016-07-04,2.96,0.00305
2016-07-05,2.961,0.000338
2016-07-06,2.964,0.001013
2016-07-07,2.965,0.000337
2016-07-08,2.963,-0.000675
2016-07-11,2.964,0.000337
2016-07-12,2.974,0.003374
2016-07-13,2.979,0.001681
2016-07-14,2.977,-0.000671
2016-07-15,2.978,0.000336
2016-07-18,2.975,-0.001007
2016-07-19,2.973,-0.000672
2016-07-20,2.973,0.0
2016-07-21,2.977,0.001345
2016-07-22,2.972,-0.00168
2016-07-25,2.972,0.0
2016-07-26,2.981,0.003028
2016-07-27,2.968,-0.004361
2016-07-28,2.973,0.001685
2016-07-29,2.97,-0.001009
2016-08-01,2.962,-0.002694
2016-08-02,2.966,0.00135
2016-08-03,2.968,0.000674
2016-08-04,2.969,0.000337
2016-08-05,2.968,-0.000337
2016-08-08,2.973,0.001685
2016-08-09,2.978,0.001682
2016-08-10,2.978,0.0
2016-08-11,2.973,-0.001679
2016-08-12,2.98,0.002355
2016-08-15,2.993,0.004362
2016-08-16,2.993,0.0
2016-08-17,2.994,0.000334
2016-08-18,2.993,-0.000334
2016-08-19,2.992,-0.000334
2016-08-22,2.988,-0.001337
2016-08-23,2.988,0.0
2016-08-24,2.989,0.000335
2016-08-25,2.986,-0.001004
2016-08-26,2.988,0.00067
2016-08-29,2.988,0.0
2016-08-30,2.987,-0.000335
2016-08-31,2.987,0.0
2016-09-01,2.984,-0.001004
2016-09-02,2.984,0.0
2016-09-05,2.986,0.00067
2016-09-06,2.991,0.001674
2016-09-07,2.992,0.000334
2016-09-08,2.993,0.000334
2016-09-09,2.989,-0.001336
2016-09-12,2.98,-0.003011
2016-09-13,2.98,0.0
2016-09-14,2.976,-0.001342
2016-09-19,2.981,0.00168
2016-09-20,2.982,0.000335
2016-09-21,2.982,0.0
2016-09-22,2.984,0.000671
2016-09-23,2.983,-0.000335
2016-09-26,2.975,-0.002682
2016-09-27,2.978,0.001008
2016-09-28,2.976,-0.000672
2016-09-29,2.978,0.000672
2016-09-30,2.981,0.001007
2016-10-10,2.989,0.002684
2016-10-11,2.993,0.001338
2016-10-12,2.992,-0.000334
2016-10-13,2.995,0.001003
2016-10-14,2.993,-0.000668
2016-10-17,2.989,-0.001336
2016-10-18,2.997,0.002676
2016-10-19,2.997,0.0
2016-10-20,2.998,0.000334
2016-10-21,3.002,0.001334
2016-10-24,3.007,0.001666
2016-10-25,3.008,0.000333
2016-10-26,3.006,-0.000665
2016-10-27,3.004,-0.000665
2016-10-28,3.0,-0.001332
2016-10-31,3.0,0.0
2016-11-01,3.004,0.001333
2016-11-02,3.002,-0.000666
2016-11-03,3.007,0.001666
2016-11-04,3.003,-0.00133
2016-11-07,3.002,-0.000333
2016-11-08,3.005,0.000999
2016-11-09,3.003,-0.000666
2016-11-10,3.008,0.001665
2016-11-11,3.01,0.000665
2016-11-14,3.008,-0.000664
2016-11-15,3.009,0.000332
2016-11-16,3.012,0.000997
2016-11-17,3.012,0.0
2016-11-18,3.009,-0.000996
2016-11-21,3.009,0.0
2016-11-22,3.012,0.000997
2016-11-23,3.01,-0.000664
2016-11-24,3.01,0.0
2016-11-25,3.013,0.000997
2016-11-28,3.013,0.0
2016-11-29,3.009,-0.001328
2016-11-30,3.002,-0.002326
2016-12-01,3.004,0.000666
2016-12-02,2.999,-0.001664
2016-12-05,2.996,-0.001
2016-12-06,2.997,0.000334
2016-12-07,3.0,0.001001
2016-12-08,2.998,-0.000667
2016-12-09,2.998,0.0
2016-12-12,2.979,-0.006338
2016-12-13,2.979,0.0
2016-12-14,2.975,-0.001343
2016-12-15,2.97,-0.001681
2016-12-16,2.973,0.00101
2016-12-19,2.971,-0.000673
2016-12-20,2.968,-0.00101
2016-12-21,2.975,0.002358
2016-12-22,2.975,0.0
2016-12-23,2.972,-0.001008
2016-12-26,2.974,0.000673
2016-12-27,2.976,0.000672
2016-12-28,2.973,-0.001008
2016-12-29,2.972,-0.000336
2016-12-30,2.974,0.000673
2016-12-31,2.974,0.0
2017-01-03,2.98,0.002017
2017-01-04,2.986,0.002013
2017-01-05,2.984,-0.00067
2017-01-06,2.981,-0.001005
2017-01-09,2.984,0.001006
2017-01-10,2.985,0.000335
2017-01-11,2.979,-0.00201
2017-01-12,2.972,-0.00235
2017-01-13,2.971,-0.000336
2017-01-16,2.968,-0.00101
2017-01-17,2.972,0.001348
2017-01-18,2.978,0.002019
2017-01-19,2.977,-0.000336
2017-01-20,2.985,0.002687
2017-01-23,2.987,0.00067
2017-01-24,2.987,0.0
2017-01-25,2.991,0.001339
2017-01-26,2.994,0.001003
2017-02-03,2.991,-0.001002
2017-02-06,2.993,0.000669
2017-02-07,2.993,0.0
2017-02-08,2.997,0.001336
2017-02-09,3.001,0.001335
2017-02-10,3.004,0.001
2017-02-13,3.011,0.00233
2017-02-14,3.011,0.0
2017-02-15,3.006,-0.001661
2017-02-16,3.012,0.001996
2017-02-17,3.009,-0.000996
2017-02-20,3.029,0.006647
2017-02-21,3.032,0.00099
2017-02-22,3.037,0.001649
2017-02-23,3.036,-0.000329
2017-02-24,3.034,-0.000659
2017-02-27,3.025,-0.002966
2017-02-28,3.029,0.001322
2017-03-01,3.033,0.001321
2017-03-02,3.03,-0.000989
2017-03-03,3.033,0.00099
2017-03-06,3.039,0.001978
2017-03-07,3.047,0.002632
2017-03-08,3.047,0.0
2017-03-09,3.041,-0.001969
2017-03-10,3.046,0.001644
2017-03-13,3.054,0.002626
2017-03-14,3.056,0.000655
2017-03-15,3.06,0.001309
2017-03-16,3.062,0.000654
2017-03-17,3.055,-0.002286
2017-03-20,3.058,0.000982
2017-03-21,3.076,0.005886
2017-03-22,3.08,0.0013
2017-03-23,3.08,0.0
2017-03-24,3.081,0.000325
2017-03-27,3.073,-0.002597
2017-03-28,3.072,-0.000325
2017-03-29,3.071,-0.000326
2017-03-30,3.066,-0.001628
2017-03-31,3.073,0.002283
2017-04-05,3.081,0.002603
2017-04-06,3.088,0.002272
2017-04-07,3.088,0.0
2017-04-10,3.083,-0.001619
2017-04-11,3.079,-0.001297
2017-04-12,3.075,-0.001299
2017-04-13,3.083,0.002602
2017-04-14,3.077,-0.001946
2017-04-17,3.079,0.00065
2017-04-18,3.091,0.003897
2017-04-19,3.093,0.000647
2017-04-20,3.105,0.00388
2017-04-21,3.098,-0.002254
2017-04-24,3.084,-0.004519
2017-04-25,3.098,0.00454
2017-04-26,3.094,-0.001291
2017-04-27,3.094,0.0
2017-04-28,3.087,-0.002262
2017-05-02,3.088,0.000324
2017-05-03,3.088,0.0
2017-05-04,3.088,0.0
2017-05-05,3.085,-0.000972
2017-05-08,3.072,-0.004214
2017-05-09,3.074,0.000651
2017-05-10,3.068,-0.001952
2017-05-11,3.075,0.002282
2017-05-12,3.078,0.000976
2017-05-15,3.083,0.001624
2017-05-16,3.102,0.006163
2017-05-17,3.094,-0.002579
2017-05-18,3.091,-0.00097
2017-05-19,3.094,0.000971
2017-05-22,3.094,0.0
2017-05-23,3.095,0.000323
2017-05-24,3.092,-0.000969
2017-05-25,3.088,-0.001294
2017-05-26,3.089,0.000324
2017-05-31,3.09,0.000324
2017-06-01,3.089,-0.000324
2017-06-02,3.087,-0.000647
2017-06-05,3.088,0.000324
2017-06-06,3.1,0.003886
2017-06-07,3.118,0.005806
2017-06-08,3.13,0.003849
2017-06-09,3.135,0.001597
2017-06-12,3.14,0.001595
2017-06-13,3.14,0.0
2017-06-14,3.131,-0.002866
2017-06-15,3.127,-0.001278
2017-06-16,3.126,-0.00032
2017-06-19,3.134,0.002559
2017-06-20,3.132,-0.000638
2017-06-21,3.145,0.004151
2017-06-22,3.138,-0.002226
2017-06-23,3.148,0.003187
2017-06-26,3.161,0.00413
2017-06-27,3.162,0.000316
2017-06-28,3.152,-0.003163
2017-06-29,3.154,0.000635
2017-06-30,3.157,0.000951
2017-07-03,3.151,-0.001901
2017-07-04,3.142,-0.002856
2017-07-05,3.153,0.003501
2017-07-06,3.152,-0.000317
2017-07-07,3.145,-0.002221
2017-07-10,3.138,-0.002226
2017-07-11,3.142,0.001275
2017-07-12,3.132,-0.003183
2017-07-13,3.133,0.000319
2017-07-14,3.134,0.000319
2017-07-17,3.121,-0.004148
2017-07-18,3.122,0.00032
2017-07-19,3.132,0.003203
2017-07-20,3.14,0.002554
2017-07-21,3.138,-0.000637
2017-07-24,3.146,0.002549
2017-07-25,3.143,-0.000954
2017-07-26,3.132,-0.0035
2017-07-27,3.134,0.000639
2017-07-28,3.148,0.004467
2017-07-31,3.152,0.001271
2017-08-01,3.151,-0.000317
2017-08-02,3.141,-0.003174
2017-08-03,3.133,-0.002547
2017-08-04,3.125,-0.002553
2017-08-07,3.139,0.00448
2017-08-08,3.139,0.0
2017-08-09,3.151,0.003823
2017-08-10,3.153,0.000635
2017-08-11,3.143,-0.003172
2017-08-14,3.157,0.004454
2017-08-15,3.156,-0.000317
2017-08-16,3.154,-0.000634
2017-08-17,3.151,-0.000951
2017-08-18,3.147,-0.001269
2017-08-21,3.152,0.001589
2017-08-22,3.147,-0.001586
2017-08-23,3.148,0.000318
2017-08-24,3.143,-0.001588
2017-08-25,3.148,0.001591
2017-08-28,3.158,0.003177
2017-08-29,3.155,-0.00095
2017-08-30,3.16,0.001585
2017-08-31,3.157,-0.000949
2017-09-01,3.158,0.000317
2017-09-04,3.159,0.000317
2017-09-05,3.158,-0.000317
2017-09-06,3.155,-0.00095
2017-09-07,3.154,-0.000317
2017-09-08,3.15,-0.001268
2017-09-11,3.155,0.001587
2017-09-12,3.157,0.000634
2017-09-13,3.165,0.002534
2017-09-14,3.163,-0.000632
2017-09-15,3.169,0.001897
2017-09-18,3.18,0.003471
2017-09-19,3.176,-0.001258
2017-09-20,3.181,0.001574
2017-09-21,3.173,-0.002515
2017-09-22,3.174,0.000315
2017-09-25,3.174,0.0
2017-09-26,3.172,-0.00063
2017-09-27,3.176,0.001261
2017-09-28,3.185,0.002834
2017-09-29,3.187,0.000628
2017-10-09,3.203,0.00502
2017-10-10,3.212,0.00281
2017-10-11,3.228,0.004981
2017-10-12,3.232,0.001239
2017-10-13,3.232,0.0
2017-10-16,3.227,-0.001547
2017-10-17,3.238,0.003409
2017-10-18,3.247,0.002779
2017-10-19,3.25,0.000924
2017-10-20,3.243,-0.002154
2017-10-23,3.259,0.004934
2017-10-24,3.265,0.001841
2017-10-25,3.273,0.00245
2017-10-26,3.269,-0.001222
2017-10-27,3.281,0.003671
2017-10-30,3.281,0.0
2017-10-31,3.282,0.000305
2017-11-01,3.284,0.000609
2017-11-02,3.279,-0.001523
2017-11-03,3.272,-0.002135
2017-11-06,3.296,0.007335
2017-11-07,3.297,0.000303
2017-11-08,3.292,-0.001517
2017-11-09,3.301,0.002734
2017-11-10,3.317,0.004847
2017-11-13,3.324,0.00211
2017-11-14,3.304,-0.006017
2017-11-15,3.308,0.001211
2017-11-16,3.323,0.004534
2017-11-17,3.304,-0.005718
2017-11-20,3.313,0.002724
2017-11-21,3.323,0.003018
2017-11-22,3.306,-0.005116
2017-11-23,3.265,-0.012402
2017-11-24,3.261,-0.001225
2017-11-27,3.251,-0.003067
2017-11-28,3.26,0.002768
2017-11-29,3.26,0.0
2017-11-30,3.249,-0.003374
2017-12-01,3.252,0.000923
2017-12-04,3.257,0.001538
2017-12-05,3.256,-0.000307
2017-12-06,3.254,-0.000614
2017-12-07,3.242,-0.003688
2017-12-08,3.258,0.004935
2017-12-11,3.283,0.007673
2017-12-12,3.278,-0.001523
2017-12-13,3.293,0.004576
2017-12-14,3.295,0.000607
2017-12-15,3.284,-0.003338
2017-12-18,3.294,0.003045
2017-12-19,3.307,0.003947
2017-12-20,3.312,0.001512
2017-12-21,3.325,0.003925
2017-12-22,3.324,-0.000301
2017-12-25,3.325,0.000301
2017-12-26,3.319,-0.001805
2017-12-27,3.303,-0.004821
2017-12-28,3.312,0.002725
2017-12-29,3.317,0.00151
2017-12-31,3.317,0.0
2018-01-02,3.326,0.002713
2018-01-03,3.33,0.001203
2018-01-04,3.345,0.004505
2018-01-05,3.347,0.000598
2018-01-08,3.352,0.001494
2018-01-09,3.368,0.004773
2018-01-10,3.374,0.001781
2018-01-11,3.368,-0.001778
2018-01-12,3.379,0.003266
2018-01-15,3.378,-0.000296
2018-01-16,3.391,0.003848
2018-01-17,3.363,-0.008257
2018-01-18,3.365,0.000595
2018-01-19,3.354,-0.003269
2018-01-22,3.376,0.006559
2018-01-23,3.385,0.002666
2018-01-24,3.38,-0.001477
2018-01-25,3.378,-0.000592
2018-01-26,3.388,0.00296
2018-01-29,3.358,-0.008855
2018-01-30,3.345,-0.003871
2018-01-31,3.359,0.004185
2018-02-01,3.346,-0.00387
2018-02-02,3.348,0.000598
2018-02-05,3.329,-0.005675
2018-02-06,3.301,-0.008411
2018-02-07,3.277,-0.007271
2018-02-08,3.288,0.003357
2018-02-09,3.261,-0.008212
2018-02-12,3.298,0.011346
2018-02-13,3.309,0.003335
2018-02-14,3.323,0.004231
2018-02-22,3.348,0.007523
2018-02-23,3.346,-0.000597
2018-02-26,3.352,0.001793
2018-02-27,3.333,-0.005668
2018-02-28,3.323,-0.003
2018-03-01,3.336,0.003912
2018-03-02,3.333,-0.000899
2018-03-05,3.329,-0.0012
2018-03-06,3.343,0.004205
2018-03-07,3.336,-0.002094
2018-03-08,3.36,0.007194
2018-03-09,3.37,0.002976
2018-03-12,3.37,0.0
2018-03-13,3.361,-0.002671
2018-03-14,3.362,0.000298
2018-03-15,3.376,0.004164
2018-03-16,3.368,-0.00237
2018-03-19,3.375,0.002078
2018-03-20,3.376,0.000296
2018-03-21,3.37,-0.001777
2018-03-22,3.349,-0.006231
2018-03-23,3.323,-0.007764
2018-03-26,3.326,0.000903
2018-03-27,3.33,0.001203
2018-03-28,3.301,-0.008709
2018-03-29,3.323,0.006665
2018-03-30,3.328,0.001505
2018-04-02,3.324,-0.001202
2018-04-03,3.322,-0.000602
2018-04-04,3.331,0.002709
2018-04-09,3.322,-0.002702
2018-04-10,3.339,0.005117
2018-04-11,3.345,0.001797
2018-04-12,3.338,-0.002093
2018-04-13,3.326,-0.003595
2018-04-16,3.32,-0.001804
2018-04-17,3.296,-0.007229
2018-04-18,3.296,0.0
2018-04-19,3.317,0.006371
2018-04-20,3.308,-0.002713
2018-04-23,3.303,-0.001511
2018-04-24,3.33,0.008174
2018-04-25,3.329,-0.0003
2018-04-26,3.306,-0.006909
2018-04-27,3.304,-0.000605
2018-05-02,3.311,0.002119
2018-05-03,3.328,0.005134
2018-05-04,3.326,-0.000601
2018-05-07,3.357,0.009321
2018-05-08,3.368,0.003277
2018-05-09,3.365,-0.000891
2018-05-10,3.379,0.00416
2018-05-11,3.369,-0.002959
2018-05-14,3.384,0.004452
2018-05-15,3.39,0.001773
2018-05-16,3.387,-0.000885
2018-05-17,3.371,-0.004724
2018-05-18,3.377,0.00178
2018-05-21,3.378,0.000296
2018-05-22,3.378,0.0
2018-05-23,3.365,-0.003848
2018-05-24,3.351,-0.00416
2018-05-25,3.351,0.0
2018-05-28,3.366,0.004476
2018-05-29,3.354,-0.003565
2018-05-30,3.349,-0.001491
2018-05-31,3.373,0.007166
2018-06-01,3.358,-0.004447
2018-06-04,3.377,0.005658
2018-06-05,3.392,0.004442
2018-06-06,3.39,-0.00059
2018-06-07,3.387,-0.000885
2018-06-08,3.378,-0.002657
2018-06-11,3.378,0.0
2018-06-12,3.4,0.006513
2018-06-13,3.39,-0.002941
2018-06-14,3.379,-0.003245
2018-06-15,3.374,-0.00148
2018-06-19,3.339,-0.010373
2018-06-20,3.364,0.007487
2018-06-21,3.355,-0.002675
2018-06-22,3.362,0.002086
2018-06-25,3.357,-0.001487
2018-06-26,3.348,-0.002681
2018-06-27,3.319,-0.008662
2018-06-28,3.3,-0.005725
2018-06-29,3.33,0.009091
2018-06-30,3.33,0.0
2018-07-02,3.302,-0.008408
2018-07-03,3.29,-0.003634
2018-07-04,3.271,-0.005775
2018-07-05,3.262,-0.002751
2018-07-06,3.269,0.002146
2018-07-09,3.297,0.008565
2018-07-10,3.298,0.000303
2018-07-11,3.286,-0.003639
2018-07-12,3.306,0.006086
2018-07-13,3.319,0.003932
2018-07-16,3.314,-0.001506
2018-07-17,3.304,-0.003018
2018-07-18,3.294,-0.003027
2018-07-19,3.29,-0.001214
2018-07-20,3.296,0.001824
2018-07-23,3.291,-0.001517
2018-07-24,3.318,0.008204
2018-07-25,3.314,-0.001206
2018-07-26,3.303,-0.003319
2018-07-27,3.3,-0.000908
2018-07-30,3.29,-0.00303
2018-07-31,3.289,-0.000304
2018-08-01,3.268,-0.006385
2018-08-02,3.239,-0.008874
2018-08-03,3.213,-0.008027
2018-08-06,3.193,-0.006225
2018-08-07,3.219,0.008143
2018-08-08,3.199,-0.006213
2018-08-09,3.228,0.009065
2018-08-10,3.234,0.001859
2018-08-13,3.23,-0.001237
2018-08-14,3.224,-0.001858
2018-08-15,3.197,-0.008375
2018-08-16,3.185,-0.003754
2018-08-17,3.17,-0.00471
2018-08-20,3.175,0.001577
2018-08-21,3.202,0.008504
2018-08-22,3.194,-0.002498
2018-08-23,3.199,0.001565
2018-08-24,3.195,-0.00125
2018-08-27,3.225,0.00939
2018-08-28,3.224,-0.00031
2018-08-29,3.219,-0.001551
2018-08-30,3.211,-0.002485
2018-08-31,3.201,-0.003114
2018-09-03,3.199,-0.000625
2018-09-04,3.209,0.003126
2018-09-05,3.189,-0.006232
2018-09-06,3.172,-0.005331
2018-09-07,3.179,0.002207
2018-09-10,3.166,-0.004089
2018-09-11,3.166,0.0
2018-09-12,3.152,-0.004422
2018-09-13,3.154,0.000635
2018-09-14,3.158,0.001268
2018-09-17,3.151,-0.002217
2018-09-18,3.165,0.004443
2018-09-19,3.187,0.006951
2018-09-20,3.183,-0.001255
2018-09-21,3.211,0.008797
2018-09-25,3.201,-0.003114
2018-09-26,3.218,0.005311
2018-09-27,3.212,-0.001865
2018-09-28,3.22,0.002491
2018-10-08,3.173,-0.014596
2018-10-09,3.172,-0.000315
2018-10-10,3.156,-0.005044
2018-10-11,3.119,-0.011724
2018-10-12,3.13,0.003527
2018-10-15,3.114,-0.005112
2018-10-16,3.103,-0.003532
2018-10-17,3.108,0.001611
2018-10-18,3.09,-0.005792
2018-10-19,3.115,0.008091
2018-10-22,3.152,0.011878
2018-10-23,3.12,-0.010152
2018-10-24,3.113,-0.002244
2018-10-25,3.105,-0.00257
2018-10-26,3.1,-0.00161
2018-10-29,3.066,-0.010968
2018-10-30,3.07,0.001305
2018-10-31,3.088,0.005863
2018-11-01,3.103,0.004858
2018-11-02,3.139,0.011602
2018-11-05,3.137,-0.000637
2018-11-06,3.132,-0.001594
2018-11-07,3.128,-0.001277
2018-11-08,3.126,-0.000639
2018-11-09,3.12,-0.001919
2018-11-12,3.13,0.003205
2018-11-13,3.141,0.003514
2018-11-14,3.132,-0.002865
2018-11-15,3.14,0.002554
2018-11-16,3.145,0.001592
2018-11-19,3.151,0.001908
2018-11-20,3.135,-0.005078
2018-11-21,3.138,0.000957
2018-11-22,3.135,-0.000956
2018-11-23,3.122,-0.004147
2018-11-26,3.12,-0.000641
2018-11-27,3.119,-0.000321
2018-11-28,3.13,0.003527
2018-11-29,3.123,-0.002236
2018-11-30,3.132,0.002882
2018-12-03,3.153,0.006705
2018-12-04,3.152,-0.000317
2018-12-05,3.155,0.000952
2018-12-06,3.141,-0.004437
2018-12-07,3.137,-0.001273
2018-12-10,3.128,-0.002869
2018-12-11,3.134,0.001918
2018-12-12,3.138,0.001276
2018-12-13,3.15,0.003824
2018-12-14,3.139,-0.003492
2018-12-17,3.134,-0.001593
2018-12-18,3.129,-0.001595
2018-12-19,3.119,-0.003196
2018-12-20,3.118,-0.000321
2018-12-21,3.109,-0.002886
2018-12-24,3.113,0.001287
2018-12-25,3.11,-0.000964
2018-12-26,3.107,-0.000965
2018-12-27,3.102,-0.001609
2018-12-28,3.107,0.001612
2018-12-31,3.107,0.0
2019-01-02,3.1,-0.002253
2019-01-03,3.092,-0.002581
2019-01-04,3.103,0.003558
2019-01-07,3.111,0.002578
2019-01-08,3.111,0.0
2019-01-09,3.119,0.002572
2019-01-10,3.122,0.000962
2019-01-11,3.124,0.000641
2019-01-14,3.116,-0.002561
2019-01-15,3.134,0.005777
2019-01-16,3.138,0.001276
2019-01-17,3.137,-0.000319
2019-01-18,3.148,0.003507
2019-01-21,3.152,0.001271
2019-01-22,3.14,-0.003807
2019-01-23,3.14,0.0
2019-01-24,3.143,0.000955
2019-01-25,3.148,0.001591
2019-01-28,3.152,0.001271
2019-01-29,3.156,0.001269
2019-01-30,3.148,-0.002535
2019-01-31,3.155,0.002224
2019-02-01,3.167,0.003803
2019-02-11,3.186,0.005999
2019-02-12,3.188,0.000628
2019-02-13,3.198,0.003137
2019-02-14,3.206,0.002502
2019-02-15,3.191,-0.004679
2019-02-18,3.216,0.007835
2019-02-19,3.213,-0.000933
2019-02-20,3.213,0.0
2019-02-21,3.208,-0.001556
2019-02-22,3.219,0.003429
2019-02-25,3.252,0.010252
2019-02-26,3.237,-0.004613
2019-02-27,3.233,-0.001236
2019-02-28,3.239,0.001856
2019-03-01,3.257,0.005557
2019-03-04,3.268,0.003377
2019-03-05,3.273,0.00153
2019-03-06,3.27,-0.000917
2019-03-07,3.254,-0.004893
2019-03-08,3.231,-0.007068
2019-03-11,3.252,0.0065
2019-03-12,3.252,0.0
2019-03-13,3.251,-0.000308
2019-03-14,3.251,0.0
2019-03-15,3.265,0.004306
2019-03-18,3.296,0.009495
2019-03-19,3.293,-0.00091
2019-03-20,3.291,-0.000607
2019-03-21,3.291,0.0
2019-03-22,3.296,0.001519
2019-03-25,3.282,-0.004248
2019-03-26,3.277,-0.001523
2019-03-27,3.295,0.005493
2019-03-28,3.292,-0.00091
2019-03-29,3.324,0.009721
2019-04-01,3.343,0.005716
2019-04-02,3.337,-0.001795
2019-04-03,3.337,0.0
2019-04-04,3.346,0.002697
2019-04-08,3.343,-0.000897
2019-04-09,3.357,0.004188
2019-04-10,3.359,0.000596
2019-04-11,3.335,-0.007145
2019-04-12,3.328,-0.002099
2019-04-15,3.326,-0.000601
2019-04-16,3.343,0.005111
2019-04-17,3.344,0.000299
2019-04-18,3.343,-0.000299
2019-04-19,3.349,0.001795
2019-04-22,3.337,-0.003583
2019-04-23,3.339,0.000599
2019-04-24,3.338,-0.000299
2019-04-25,3.326,-0.003595
2019-04-26,3.321,-0.001503
2019-04-29,3.333,0.003613
2019-04-30,3.334,0.0003
2019-05-06,3.284,-0.014997
2019-05-07,3.299,0.004568
2019-05-08,3.287,-0.003637
2019-05-09,3.268,-0.00578
2019-05-10,3.301,0.010098
2019-05-13,3.298,-0.000909
2019-05-14,3.29,-0.002426
2019-05-15,3.314,0.007295
2019-05-16,3.32,0.001811
2019-05-17,3.302,-0.005422
2019-05-20,3.292,-0.003028
2019-05-21,3.299,0.002126
2019-05-22,3.295,-0.001212
2019-05-23,3.277,-0.005463
2019-05-24,3.282,0.001526
2019-05-27,3.286,0.001219
2019-05-28,3.298,0.003652
2019-05-29,3.3,0.000606
2019-05-30,3.297,-0.000909
2019-05-31,3.297,0.0
2019-06-03,3.295,-0.000607
2019-06-04,3.286,-0.002731
2019-06-05,3.283,-0.000913
2019-06-06,3.279,-0.001218
2019-06-10,3.291,0.00366
2019-06-11,3.318,0.008204
2019-06-12,3.311,-0.00211
2019-06-13,3.308,-0.000906
2019-06-14,3.302,-0.001814
2019-06-17,3.301,-0.000303
2019-06-18,3.304,0.000909
2019-06-19,3.316,0.003632
2019-06-20,3.343,0.008142
2019-06-21,3.343,0.0
2019-06-24,3.35,0.002094
2019-06-25,3.347,-0.000896
2019-06-26,3.347,0.0
2019-06-27,3.36,0.003884
2019-06-28,3.363,0.000893
2019-06-30,3.363,0.0
2019-07-01,3.392,0.008623
2019-07-02,3.395,0.000884
2019-07-03,3.38,-0.004418
2019-07-04,3.367,-0.003846
2019-07-05,3.382,0.004455
2019-07-08,3.367,-0.004435
2019-07-09,3.365,-0.000594
2019-07-10,3.368,0.000892
2019-07-11,3.364,-0.001188
2019-07-12,3.37,0.001784
2019-07-15,3.369,-0.000297
2019-07-16,3.362,-0.002078
2019-07-17,3.358,-0.00119
2019-07-18,3.35,-0.002382
2019-07-19,3.357,0.00209
2019-07-22,3.357,0.0
2019-07-23,3.356,-0.000298
2019-07-24,3.359,0.000894
2019-07-25,3.365,0.001786
2019-07-26,3.369,0.001189
2019-07-29,3.371,0.000594
2019-07-30,3.374,0.00089
2019-07-31,3.366,-0.002371
2019-08-01,3.358,-0.002377
2019-08-02,3.352,-0.001787
2019-08-05,3.337,-0.004475
2019-08-06,3.339,0.000599
2019-08-07,3.335,-0.001198
2019-08-08,3.345,0.002999
2019-08-09,3.338,-0.002093
2019-08-12,3.354,0.004793
2019-08-13,3.353,-0.000298
2019-08-14,3.364,0.003281
2019-08-15,3.365,0.000297
2019-08-16,3.373,0.002377
2019-08-19,3.384,0.003261
2019-08-20,3.384,0.0
2019-08-21,3.38,-0.001182
2019-08-22,3.391,0.003254
2019-08-23,3.399,0.002359
2019-08-26,3.387,-0.00353
2019-08-27,3.4,0.003838
2019-08-28,3.401,0.000294
2019-08-29,3.401,0.0
2019-08-30,3.411,0.00294
2019-09-02,3.417,0.001759
2019-09-03,3.415,-0.000585
2019-09-04,3.413,-0.000586
2019-09-05,3.416,0.000879
2019-09-06,3.42,0.001171
2019-09-09,3.421,0.000292
2019-09-10,3.419,-0.000585
2019-09-11,3.401,-0.005265
2019-09-12,3.41,0.002646
2019-09-16,3.408,-0.000587
2019-09-17,3.403,-0.001467
2019-09-18,3.418,0.004408
2019-09-19,3.421,0.000878
2019-09-20,3.423,0.000585
2019-09-23,3.415,-0.002337
2019-09-24,3.424,0.002635
2019-09-25,3.422,-0.000584
2019-09-26,3.415,-0.002046
2019-09-27,3.413,-0.000586
2019-09-30,3.404,-0.002637
2019-10-08,3.413,0.002644
2019-10-09,3.407,-0.001758
2019-10-10,3.414,0.002055
2019-10-11,3.418,0.001172
2019-10-14,3.421,0.000878
2019-10-15,3.428,0.002046
2019-10-16,3.426,-0.000583
2019-10-17,3.429,0.000876
2019-10-18,3.42,-0.002625
2019-10-21,3.42,0.0
2019-10-22,3.429,0.002632
2019-10-23,3.417,-0.0035
2019-10-24,3.411,-0.001756
2019-10-25,3.417,0.001759
2019-10-28,3.422,0.001463
2019-10-29,3.427,0.001461
2019-10-30,3.422,-0.001459
2019-10-31,3.423,0.000292
2019-11-01,3.438,0.004382
2019-11-04,3.443,0.001454
2019-11-05,3.445,0.000581
2019-11-06,3.437,-0.002322
2019-11-07,3.44,0.000873
2019-11-08,3.439,-0.000291
2019-11-11,3.429,-0.002908
2019-11-12,3.433,0.001167
2019-11-13,3.44,0.002039
2019-11-14,3.443,0.000872
2019-11-15,3.438,-0.001452
2019-11-18,3.44,0.000582
2019-11-19,3.45,0.002907
2019-11-20,3.446,-0.001159
2019-11-21,3.435,-0.003192
2019-11-22,3.416,-0.005531
2019-11-25,3.416,0.0
2019-11-26,3.421,0.001464
2019-11-27,3.418,-0.000877
2019-11-28,3.416,-0.000585
2019-11-29,3.395,-0.006148
2019-12-02,3.391,-0.001178
2019-12-03,3.391,0.0
2019-12-04,3.395,0.00118
2019-12-05,3.4,0.001473
2019-12-06,3.409,0.002647
2019-12-09,3.401,-0.002347
2019-12-10,3.405,0.001176
2019-12-11,3.402,-0.000881
2019-12-12,3.4,-0.000588
2019-12-13,3.415,0.004412
2019-12-16,3.406,-0.002635
2019-12-17,3.413,0.002055
2019-12-18,3.413,0.0
2019-12-19,3.409,-0.001172
2019-12-20,3.406,-0.00088
2019-12-23,3.404,-0.000587
2019-12-24,3.406,0.000588
2019-12-25,3.405,-0.000294
2019-12-26,3.411,0.001762
2019-12-27,3.415,0.001173
2019-12-30,3.427,0.003514
2019-12-31,3.428,0.000292
2020-01-02,3.428,0.0
2020-01-03,3.424,-0.001167
2020-01-06,3.417,-0.002044
2020-01-07,3.423,0.001756
2020-01-08,3.421,-0.000584
2020-01-09,3.437,0.004677
2020-01-10,3.443,0.001746
2020-01-13,3.448,0.001452
2020-01-14,3.439,-0.00261
2020-01-15,3.44,0.000291
2020-01-16,3.445,0.001453
2020-01-17,3.445,0.0
2020-01-20,3.446,0.00029
2020-01-21,3.429,-0.004933
2020-01-22,3.433,0.001167
2020-01-23,3.406,-0.007865
2020-02-03,3.35,-0.016442
2020-02-04,3.373,0.006866
2020-02-05,3.385,0.003558
2020-02-06,3.399,0.004136
2020-02-07,3.395,-0.001177
2020-02-10,3.399,0.001178
2020-02-11,3.415,0.004707
2020-02-12,3.417,0.000586
2020-02-13,3.412,-0.001463
2020-02-14,3.416,0.001172
2020-02-17,3.424,0.002342
2020-02-18,3.417,-0.002044
2020-02-19,3.423,0.001756
2020-02-20,3.445,0.006427
2020-02-21,3.437,-0.002322
2020-02-24,3.42,-0.004946
2020-02-25,3.414,-0.001754
2020-02-26,3.409,-0.001465
2020-02-27,3.419,0.002933
2020-02-28,3.392,-0.007897
2020-03-02,3.418,0.007665
2020-03-03,3.427,0.002633
2020-03-04,3.435,0.002334
2020-03-05,3.469,0.009898
2020-03-06,3.452,-0.004901
2020-03-09,3.424,-0.008111
2020-03-10,3.442,0.005257
2020-03-11,3.435,-0.002034
2020-03-12,3.415,-0.005822
2020-03-13,3.404,-0.003221
2020-03-16,3.367,-0.01087
2020-03-17,3.358,-0.002673
2020-03-18,3.342,-0.004765
2020-03-19,3.319,-0.006882
2020-03-20,3.34,0.006327
2020-03-23,3.318,-0.006587
2020-03-24,3.343,0.007535
2020-03-25,3.368,0.007478
2020-03-26,3.366,-0.000594
2020-03-27,3.374,0.002377
2020-03-30,3.364,-0.002964
2020-03-31,3.371,0.002081
2020-04-01,3.37,-0.000297
2020-04-02,3.38,0.002967
2020-04-03,3.378,-0.000592
2020-04-07,3.398,0.005921
2020-04-08,3.396,-0.000589
2020-04-09,3.401,0.001472
2020-04-10,3.403,0.000588
2020-04-13,3.404,0.000294
2020-04-14,3.419,0.004407
2020-04-15,3.413,-0.001755
2020-04-16,3.413,0.0
2020-04-17,3.424,0.003223
2020-04-20,3.428,0.001168
2020-04-21,3.417,-0.003209
2020-04-22,3.435,0.005268
2020-04-23,3.436,0.000291
2020-04-24,3.434,-0.000582
2020-04-27,3.441,0.002038
2020-04-28,3.459,0.005231
2020-04-29,3.46,0.000289
2020-04-30,3.462,0.000578
2020-05-06,3.468,0.001733
2020-05-07,3.472,0.001153
2020-05-08,3.481,0.002592
2020-05-11,3.476,-0.001436
2020-05-12,3.483,0.002014
2020-05-13,3.493,0.002871
2020-05-14,3.488,-0.001431
2020-05-15,3.482,-0.00172
2020-05-18,3.497,0.004308
2020-05-19,3.502,0.00143
2020-05-20,3.496,-0.001713
2020-05-21,3.5,0.001144
2020-05-22,3.48,-0.005714
2020-05-25,3.492,0.003448
2020-05-26,3.505,0.003723
2020-05-27,3.5,-0.001427
2020-05-28,3.499,-0.000286
2020-05-29,3.513,0.004001
2020-06-01,3.535,0.006262
2020-06-02,3.528,-0.00198
2020-06-03,3.526,-0.000567
2020-06-04,3.53,0.001134
2020-06-05,3.537,0.001983
2020-06-08,3.536,-0.000283
2020-06-09,3.544,0.002262
2020-06-10,3.548,0.001129
2020-06-11,3.541,-0.001973
2020-06-12,3.551,0.002824
2020-06-15,3.541,-0.002816
2020-06-16,3.555,0.003954
2020-06-17,3.553,-0.000563
2020-06-18,3.558,0.001407
2020-06-19,3.579,0.005902
2020-06-22,3.574,-0.001397
2020-06-23,3.587,0.003637
2020-06-24,3.587,0.0
2020-06-29,3.593,0.001673
2020-06-30,3.608,0.004175
2020-07-01,3.636,0.007761
2020-07-02,3.647,0.003025
2020-07-03,3.656,0.002468
2020-07-06,3.684,0.007659
2020-07-07,3.702,0.004886
2020-07-08,3.701,-0.00027
2020-07-09,3.713,0.003242
2020-07-10,3.714,0.000269
2020-07-13,3.737,0.006193
2020-07-14,3.733,-0.00107
2020-07-15,3.747,0.00375
2020-07-16,3.686,-0.01628
2020-07-17,3.704,0.004883
2020-07-20,3.711,0.00189
2020-07-21,3.724,0.003503
2020-07-22,3.736,0.003222
2020-07-23,3.746,0.002677
2020-07-24,3.701,-0.012013
2020-07-27,3.709,0.002162
2020-07-28,3.728,0.005123
2020-07-29,3.747,0.005097
2020-07-30,3.75,0.000801
2020-07-31,3.758,0.002133
2020-08-03,3.762,0.001064
2020-08-04,3.758,-0.001063
2020-08-05,3.758,0.0
2020-08-06,3.74,-0.00479
2020-08-07,3.733,-0.001872
2020-08-10,3.734,0.000268
2020-08-11,3.732,-0.000536
2020-08-12,3.718,-0.003751
2020-08-13,3.712,-0.001614
2020-08-14,3.729,0.00458
2020-08-17,3.742,0.003486
2020-08-18,3.746,0.001069
2020-08-19,3.732,-0.003737
2020-08-20,3.716,-0.004287
2020-08-21,3.726,0.002691
2020-08-24,3.739,0.003489
2020-08-25,3.757,0.004814
2020-08-26,3.758,0.000266
2020-08-27,3.761,0.000798
2020-08-28,3.785,0.006381
2020-08-31,3.785,0.0
2020-09-01,3.79,0.001321
2020-09-02,3.786,-0.001055
2020-09-03,3.792,0.001585
2020-09-04,3.773,-0.005011
2020-09-07,3.75,-0.006096
2020-09-08,3.744,-0.0016
2020-09-09,3.722,-0.005876
2020-09-10,3.737,0.00403
2020-09-11,3.753,0.004282
2020-09-14,3.757,0.001066
2020-09-15,3.764,0.001863
2020-09-16,3.748,-0.004251
2020-09-17,3.733,-0.004002
2020-09-18,3.745,0.003215
2020-09-21,3.735,-0.00267
2020-09-22,3.732,-0.000803
2020-09-23,3.738,0.001608
2020-09-24,3.724,-0.003745
2020-09-25,3.726,0.000537
2020-09-28,3.731,0.001342
2020-09-29,3.734,0.000804
2020-09-30,3.74,0.001607
2020-10-09,3.748,0.002139
2020-10-12,3.79,0.011206
2020-10-13,3.804,0.003694
2020-10-14,3.798,-0.001577
2020-10-15,3.794,-0.001053
2020-10-16,3.787,-0.001845
2020-10-19,3.775,-0.003169
2020-10-20,3.791,0.004238
2020-10-21,3.792,0.000264
2020-10-22,3.796,0.001055
2020-10-23,3.772,-0.006322
2020-10-26,3.766,-0.001591
2020-10-27,3.78,0.003717
2020-10-28,3.803,0.006085
2020-10-29,3.822,0.004996
2020-10-30,3.807,-0.003925
2020-11-02,3.821,0.003677
2020-11-03,3.829,0.002094
2020-11-04,3.846,0.00444
2020-11-05,3.85,0.00104
2020-11-06,3.846,-0.001039
2020-11-09,3.866,0.0052
2020-11-10,3.866,0.0
2020-11-11,3.856,-0.002587
2020-11-12,3.867,0.002853
2020-11-13,3.855,-0.003103
2020-11-16,3.872,0.00441
2020-11-17,3.857,-0.003874
2020-11-18,3.841,-0.004148
2020-11-19,3.853,0.003124
2020-11-20,3.86,0.001817
2020-11-23,3.869,0.002332
2020-11-24,3.867,-0.000517
2020-11-25,3.839,-0.007241
2020-11-26,3.837,-0.000521
2020-11-27,3.845,0.002085
2020-11-30,3.83,-0.003901
2020-12-01,3.85,0.005222
2020-12-02,3.852,0.000519
2020-12-03,3.863,0.002856
2020-12-04,3.881,0.00466
2020-12-07,3.882,0.000258
2020-12-08,3.887,0.001288
2020-12-09,3.874,-0.003344
2020-12-10,3.885,0.002839
2020-12-11,3.885,0.0
2020-12-14,3.899,0.003604
2020-12-15,3.903,0.001026
2020-12-16,3.918,0.003843
2020-12-17,3.946,0.007147
2020-12-18,3.942,-0.001014
2020-12-21,3.948,0.001522
2020-12-22,3.957,0.00228
2020-12-23,3.955,-0.000505
2020-12-24,3.952,-0.000759
2020-12-25,3.962,0.00253
2020-12-28,3.988,0.006562
2020-12-29,3.982,-0.001505
2020-12-30,4.006,0.006027
2020-12-31,4.034,0.00699
2021-01-04,4.042,0.001983
2021-01-05,4.078,0.008906
2021-01-06,4.092,0.003433
2021-01-07,4.121,0.007087
2021-01-08,4.089,-0.007765
2021-01-11,4.059,-0.007337
2021-01-12,4.087,0.006898
2021-01-13,4.061,-0.006362
2021-01-14,4.03,-0.007634
2021-01-15,4.02,-0.002481
2021-01-18,4.012,-0.00199
2021-01-19,3.982,-0.007478
2021-01-20,4.0,0.00452
2021-01-21,4.024,0.006
2021-01-22,4.035,0.002734
2021-01-25,4.086,0.012639
2021-01-26,4.057,-0.007097
2021-01-27,4.04,-0.00419
2021-01-28,4.017,-0.005693
2021-01-29,4.032,0.003734
2021-02-01,4.04,0.001984
2021-02-02,4.076,0.008911
2021-02-03,4.081,0.001227
2021-02-04,4.082,0.000245
2021-02-05,4.104,0.00539
2021-02-08,4.121,0.004142
2021-02-09,4.143,0.005339
2021-02-10,4.2,0.013758
2021-02-18,4.16,-0.009524
2021-02-19,4.148,-0.002885
2021-02-22,4.059,-0.021456
2021-02-23,4.058,-0.000246
2021-02-24,4.014,-0.010843
2021-02-25,4.009,-0.001246
2021-02-26,3.978,-0.007733
2021-03-01,3.988,0.002514
2021-03-02,3.963,-0.006269
2021-03-03,3.984,0.005299
2021-03-04,3.938,-0.011546
2021-03-05,3.941,0.000762
2021-03-08,3.877,-0.01624
2021-03-09,3.853,-0.00619
2021-03-10,3.886,0.008565
2021-03-11,3.918,0.008235
2021-03-12,3.924,0.001531
2021-03-15,3.878,-0.011723
2021-03-16,3.897,0.004899
2021-03-17,3.907,0.002566
2021-03-18,3.933,0.006655
2021-03-19,3.903,-0.007628
2021-03-22,3.902,-0.000256
2021-03-23,3.901,-0.000256
2021-03-24,3.9,-0.000256
2021-03-25,3.903,0.000769
2021-03-26,3.934,0.007943
2021-03-29,3.944,0.002542
2021-03-30,3.957,0.003296
2021-03-31,3.936,-0.005307
2021-04-01,3.968,0.00813
2021-04-02,4.001,0.008317
2021-04-06,3.982,-0.004749
2021-04-07,3.948,-0.008538
2021-04-08,3.963,0.003799
2021-04-09,3.937,-0.006561
2021-04-12,3.92,-0.004318
2021-04-13,3.914,-0.001531
2021-04-14,3.932,0.004599
2021-04-15,3.92,-0.003052
2021-04-16,3.932,0.003061
2021-04-19,3.954,0.005595
2021-04-20,3.961,0.00177
2021-04-21,3.976,0.003787
2021-04-22,3.976,0.0
2021-04-23,4.005,0.007294
2021-04-26,3.995,-0.002497
2021-04-27,4.018,0.005757
2021-04-28,4.033,0.003733
2021-04-29,4.041,0.001984
2021-04-30,4.035,-0.001485
2021-05-06,3.999,-0.008922
2021-05-07,3.977,-0.005501
2021-05-10,3.977,0.0
2021-05-11,4.002,0.006286
2021-05-12,4.014,0.002999
2021-05-13,4.011,-0.000747
2021-05-14,4.033,0.005485
2021-05-17,4.06,0.006695
2021-05-18,4.054,-0.001478
2021-05-19,4.051,-0.00074
2021-05-20,4.067,0.00395
2021-05-21,4.059,-0.001967
2021-05-24,4.068,0.002217
2021-05-25,4.109,0.010079
2021-05-26,4.104,-0.001217
2021-05-27,4.111,0.001706
2021-05-28,4.105,-0.001459
2021-05-31,4.105,0.0
2021-06-01,4.126,0.005116
2021-06-02,4.11,-0.003878
2021-06-03,4.114,0.000973
2021-06-04,4.123,0.002188
2021-06-07,4.127,0.00097
2021-06-08,4.085,-0.010177
2021-06-09,4.092,0.001714
2021-06-10,4.113,0.005132
2021-06-11,4.079,-0.008266
2021-06-15,4.072,-0.001716
2021-06-16,4.051,-0.005157
2021-06-17,4.06,0.002222
2021-06-18,4.048,-0.002956
2021-06-21,4.036,-0.002964
2021-06-22,4.051,0.003717
2021-06-23,4.029,-0.005431
2021-06-24,4.036,0.001737
2021-06-25,4.06,0.005946
2021-06-28,4.074,0.003448
2021-06-29,4.056,-0.004418
2021-06-30,4.059,0.00074
2021-07-01,4.073,0.003449
2021-07-02,4.024,-0.01203
2021-07-05,4.026,0.000497
2021-07-06,4.016,-0.002484
2021-07-07,4.029,0.003237
2021-07-08,4.018,-0.00273
2021-07-09,3.994,-0.005973
2021-07-12,4.012,0.004507
2021-07-13,4.031,0.004736
2021-07-14,4.039,0.001985
2021-07-15,4.057,0.004457
2021-07-16,4.044,-0.003204
2021-07-19,4.068,0.005935
2021-07-20,4.067,-0.000246
2021-07-21,4.064,-0.000738
2021-07-22,4.038,-0.006398
2021-07-23,4.01,-0.006934
2021-07-26,3.935,-0.018703
2021-07-27,3.896,-0.009911
2021-07-28,3.908,0.00308
2021-07-29,3.911,0.000768
2021-07-30,3.866,-0.011506
2021-08-02,3.892,0.006725
2021-08-03,3.914,0.005653
2021-08-04,3.899,-0.003832
2021-08-05,3.885,-0.003591
2021-08-06,3.873,-0.003089
2021-08-09,3.883,0.002582
2021-08-10,3.917,0.008756
2021-08-11,3.898,-0.004851
2021-08-12,3.881,-0.004361
2021-08-13,3.881,0.0
2021-08-16,3.884,0.000773
2021-08-17,3.847,-0.009526
2021-08-18,3.846,-0.00026
2021-08-19,3.836,-0.0026
2021-08-20,3.79,-0.011992
2021-08-23,3.816,0.00686
2021-08-24,3.834,0.004717
2021-08-25,3.851,0.004434
2021-08-26,3.827,-0.006232
2021-08-27,3.825,-0.000523
2021-08-30,3.828,0.000784
2021-08-31,3.813,-0.003918
2021-09-01,3.828,0.003934
2021-09-02,3.813,-0.003918
2021-09-03,3.812,-0.000262
2021-09-06,3.837,0.006558
2021-09-07,3.838,0.000261
2021-09-08,3.824,-0.003648
2021-09-09,3.823,-0.000262
2021-09-10,3.833,0.002616
2021-09-13,3.829,-0.001044
2021-09-14,3.821,-0.002089
2021-09-15,3.801,-0.005234
2021-09-16,3.805,0.001052
2021-09-17,3.828,0.006045
2021-09-22,3.813,-0.003918
2021-09-23,3.81,-0.000787
2021-09-24,3.82,0.002625
2021-09-27,3.851,0.008115
2021-09-28,3.841,-0.002597
2021-09-29,3.834,-0.001822
2021-09-30,3.843,0.002347
2021-10-08,3.854,0.002862
2021-10-11,3.849,-0.001297
2021-10-12,3.848,-0.00026
2021-10-13,3.868,0.005198
2021-10-14,3.858,-0.002585
2021-10-15,3.854,-0.001037
2021-10-18,3.827,-0.007006
2021-10-19,3.834,0.001829
2021-10-20,3.838,0.001043
2021-10-21,3.837,-0.000261
2021-10-22,3.851,0.003649
2021-10-25,3.849,-0.000519
2021-10-26,3.852,0.000779
2021-10-27,3.842,-0.002596
2021-10-28,3.848,0.001562
2021-10-29,3.863,0.003898
2021-11-01,3.837,-0.006731
2021-11-02,3.82,-0.004431
2021-11-03,3.819,-0.000262
2021-11-04,3.834,0.003928
2021-11-05,3.831,-0.000782
2021-11-08,3.825,-0.001566
2021-11-09,3.822,-0.000784
2021-11-10,3.813,-0.002355
2021-11-11,3.818,0.001311
2021-11-12,3.814,-0.001048
2021-11-15,3.821,0.001835
2021-11-16,3.832,0.002879
2021-11-17,3.83,-0.000522
2021-11-18,3.822,-0.002089
2021-11-19,3.825,0.000785
2021-11-22,3.83,0.001307
2021-11-23,3.827,-0.000783
2021-11-24,3.835,0.00209
2021-11-25,3.83,-0.001304
2021-11-26,3.826,-0.001044
2021-11-29,3.826,0.0
2021-11-30,3.818,-0.002091
2021-12-01,3.814,-0.001048
2021-12-02,3.813,-0.000262
2021-12-03,3.823,0.002623
2021-12-06,3.823,0.0
2021-12-07,3.822,-0.000262
2021-12-08,3.844,0.005756
2021-12-09,3.86,0.004162
2021-12-10,3.858,-0.000518
2021-12-13,3.863,0.001296
2021-12-14,3.862,-0.000259
2021-12-15,3.851,-0.002848
2021-12-16,3.852,0.00026
2021-12-17,3.833,-0.004933
2021-12-20,3.829,-0.001044
2021-12-21,3.831,0.000522
2021-12-22,3.831,0.0
2021-12-23,3.834,0.000783
2021-12-24,3.843,0.002347
2021-12-27,3.833,-0.002602
2021-12-28,3.839,0.001565
2021-12-29,3.821,-0.004689
2021-12-30,3.824,0.000785
2021-12-31,3.821,-0.000785
2022-01-04,3.814,-0.001832
2022-01-05,3.808,-0.001573
2022-01-06,3.795,-0.003414
2022-01-07,3.788,-0.001845
2022-01-10,3.788,0.0
2022-01-11,3.775,-0.003432
2022-01-12,3.787,0.003179
2022-01-13,3.769,-0.004753
2022-01-14,3.765,-0.001061
2022-01-17,3.763,-0.000531
2022-01-18,3.769,0.001594
2022-01-19,3.765,-0.001061
2022-01-20,3.771,0.001594
2022-01-21,3.773,0.00053
2022-01-24,3.776,0.000795
2022-01-25,3.767,-0.002383
2022-01-26,3.771,0.001062
2022-01-27,3.762,-0.002387
2022-01-28,3.753,-0.002392
2022-02-07,3.76,0.001865
2022-02-08,3.754,-0.001596
2022-02-09,3.77,0.004262
2022-02-10,3.77,0.0
2022-02-11,3.761,-0.002387
2022-02-14,3.768,0.001861
2022-02-15,3.775,0.001858
2022-02-16,3.776,0.000265
2022-02-17,3.774,-0.00053
2022-02-18,3.776,0.00053
2022-02-21,3.771,-0.001324
2022-02-22,3.76,-0.002917
2022-02-23,3.765,0.00133
2022-02-24,3.749,-0.00425
2022-02-25,3.762,0.003468
2022-02-28,3.764,0.000532
2022-03-01,3.775,0.002922
2022-03-02,3.768,-0.001854
2022-03-03,3.759,-0.002389
2022-03-04,3.755,-0.001064
2022-03-07,3.732,-0.006125
2022-03-08,3.728,-0.001072
2022-03-09,3.726,-0.000536
2022-03-10,3.738,0.003221
2022-03-11,3.74,0.000535
2022-03-14,3.714,-0.006952
2022-03-15,3.685,-0.007808
2022-03-16,3.704,0.005156
2022-03-17,3.721,0.00459
2022-03-18,3.725,0.001075
2022-03-21,3.725,0.0
2022-03-22,3.72,-0.001342
2022-03-23,3.726,0.001613
2022-03-24,3.724,-0.000537
2022-03-25,3.711,-0.003491
2022-03-28,3.705,-0.001617
2022-03-29,3.704,-0.00027
2022-03-30,3.722,0.00486
2022-03-31,3.717,-0.001343
2022-04-01,3.727,0.00269
2022-04-06,3.725,-0.000537
2022-04-07,3.719,-0.001611
2022-04-08,3.72,0.000269
2022-04-11,3.705,-0.004032
2022-04-12,3.718,0.003509
2022-04-13,3.716,-0.000538
2022-04-14,3.724,0.002153
2022-04-15,3.721,-0.000806
2022-04-18,3.717,-0.001075
2022-04-19,3.715,-0.000538
2022-04-20,3.71,-0.001346
2022-04-21,3.703,-0.001887
2022-04-22,3.708,0.00135
2022-04-25,3.685,-0.006203
2022-04-26,3.688,0.000814
2022-04-27,3.7,0.003254
2022-04-28,3.708,0.002162
2022-04-29,3.723,0.004045
2022-05-05,3.721,-0.000537
2022-05-06,3.704,-0.004569
2022-05-09,3.701,-0.00081
2022-05-10,3.708,0.001891
2022-05-11,3.709,0.00027
2022-05-12,3.707,-0.000539
2022-05-13,3.712,0.001349
2022-05-16,3.712,0.0
2022-05-17,3.717,0.001347
2022-05-18,3.714,-0.000807
2022-05-19,3.715,0.000269
2022-05-20,3.722,0.001884
2022-05-23,3.715,-0.001881
2022-05-24,3.707,-0.002153
2022-05-25,3.709,0.00054
2022-05-26,3.713,0.001078
2022-05-27,3.711,-0.000539
2022-05-30,3.715,0.001078
2022-05-31,3.72,0.001346
2022-06-01,3.719,-0.000269
2022-06-02,3.718,-0.000269
2022-06-06,3.722,0.001076
2022-06-07,3.726,0.001075
2022-06-08,3.73,0.001074
2022-06-09,3.725,-0.00134
2022-06-10,3.735,0.002685
2022-06-13,3.725,-0.002677
2022-06-14,3.727,0.000537
2022-06-15,3.732,0.001342
2022-06-16,3.731,-0.000268
2022-06-17,3.739,0.002144
2022-06-20,3.747,0.00214
2022-06-21,3.746,-0.000267
2022-06-22,3.74,-0.001602
2022-06-23,3.752,0.003209
2022-06-24,3.759,0.001866
2022-06-27,3.762,0.000798
2022-06-28,3.767,0.001329
2022-06-29,3.766,-0.000265
2022-06-30,3.773,0.001859
2022-07-01,3.77,-0.000795
2022-07-04,3.774,0.001061
2022-07-05,3.772,-0.00053
2022-07-06,3.764,-0.002121
2022-07-07,3.768,0.001063
2022-07-08,3.765,-0.000796
2022-07-11,3.757,-0.002125
2022-07-12,3.756,-0.000266
2022-07-13,3.759,0.000799
2022-07-14,3.759,0.0
2022-07-15,3.751,-0.002128
2022-07-18,3.757,0.0016
2022-07-19,3.753,-0.001065
2022-07-20,3.758,0.001332
2022-07-21,3.752,-0.001597
2022-07-22,3.754,0.000533
2022-07-25,3.753,-0.000266
2022-07-26,3.761,0.002132
2022-07-27,3.758,-0.000798
2022-07-28,3.755,-0.000798
2022-07-29,3.748,-0.001864
2022-08-01,3.75,0.000534
2022-08-02,3.741,-0.0024
2022-08-03,3.741,0.0
2022-08-04,3.744,0.000802
2022-08-05,3.748,0.001068
2022-08-08,3.748,0.0
2022-08-09,3.751,0.0008
2022-08-10,3.746,-0.001333
2022-08-11,3.753,0.001869
2022-08-12,3.754,0.000266
2022-08-15,3.754,0.0
2022-08-16,3.755,0.000266
2022-08-17,3.76,0.001332
2022-08-18,3.756,-0.001064
2022-08-19,3.755,-0.000266
2022-08-22,3.762,0.001864
2022-08-23,3.756,-0.001595
2022-08-24,3.743,-0.003461
2022-08-25,3.748,0.001336
2022-08-26,3.745,-0.0008
2022-08-29,3.742,-0.000801
2022-08-30,3.739,-0.000802
2022-08-31,3.737,-0.000535
2022-09-01,3.732,-0.001338
2022-09-02,3.728,-0.001072
2022-09-05,3.728,0.0
2022-09-06,3.737,0.002414
2022-09-07,3.739,0.000535
2022-09-08,3.739,0.0
2022-09-09,3.746,0.001872
2022-09-13,3.748,0.000534
2022-09-14,3.744,-0.001067
2022-09-15,3.741,-0.000801
2022-09-16,3.732,-0.002406
2022-09-19,3.733,0.000268
2022-09-20,3.731,-0.000536
2022-09-21,3.727,-0.001072
2022-09-22,3.724,-0.000805
2022-09-23,3.727,0.000806
2022-09-26,3.727,0.0
2022-09-27,3.737,0.002683
2022-09-28,3.726,-0.002944
2022-09-29,3.725,-0.000268
2022-09-30,3.72,-0.001342
2022-10-10,3.713,-0.001882
2022-10-11,3.713,0.0
2022-10-12,3.72,0.001885
2022-10-13,3.714,-0.001613
2022-10-14,3.72,0.001616
2022-10-17,3.72,0.0
2022-10-18,3.716,-0.001075
2022-10-19,3.711,-0.001346
2022-10-20,3.708,-0.000808
2022-10-21,3.703,-0.001348
2022-10-24,3.69,-0.003511
2022-10-25,3.688,-0.000542
2022-10-26,3.686,-0.000542
2022-10-27,3.683,-0.000814
2022-10-28,3.67,-0.00353
2022-10-31,3.663,-0.001907
2022-11-01,3.678,0.004095
2022-11-02,3.682,0.001088
2022-11-03,3.677,-0.001358
2022-11-04,3.692,0.004079
2022-11-07,3.688,-0.001083
2022-11-08,3.685,-0.000813
2022-11-09,3.681,-0.001085
2022-11-10,3.677,-0.001087
2022-11-11,3.695,0.004895
2022-11-14,3.692,-0.000812
2022-11-15,3.702,0.002709
2022-11-16,3.694,-0.002161
2022-11-17,3.69,-0.001083
2022-11-18,3.687,-0.000813
2022-11-21,3.684,-0.000814
2022-11-22,3.686,0.000543
2022-11-23,3.685,-0.000271
2022-11-24,3.684,-0.000271
2022-11-25,3.694,0.002714
2022-11-28,3.688,-0.001624
2022-11-29,3.712,0.006508
2022-11-30,3.707,-0.001347
2022-12-01,3.711,0.001079
2022-12-02,3.704,-0.001886
2022-12-05,3.715,0.00297
2022-12-06,3.718,0.000808
2022-12-07,3.713,-0.001345
2022-12-08,3.715,0.000539
2022-12-09,3.727,0.00323
2022-12-12,3.719,-0.002146
2022-12-13,3.716,-0.000807
2022-12-14,3.717,0.000269
2022-12-15,3.718,0.000269
2022-12-16,3.719,0.000269
2022-12-19,3.709,-0.002689
2022-12-20,3.695,-0.003775
2022-12-21,3.696,0.000271
2022-12-22,3.696,0.0
2022-12-23,3.695,-0.000271
2022-12-26,3.695,0.0
2022-12-27,3.701,0.001624
2022-12-28,3.698,-0.000811
2022-12-29,3.694,-0.001082
2022-12-30,3.695,0.000271
2022-12-31,3.695,0.0
2023-01-03,3.701,0.001624
2023-01-04,3.707,0.001621
2023-01-05,3.722,0.004046
2023-01-06,3.72,-0.000537
2023-01-09,3.723,0.000806
2023-01-10,3.724,0.000269
2023-01-11,3.723,-0.000269
2023-01-12,3.722,-0.000269
2023-01-13,3.73,0.002149
2023-01-16,3.74,0.002681
2023-01-17,3.741,0.000267
2023-01-18,3.737,-0.001069
2023-01-19,3.741,0.00107
2023-01-20,3.744,0.000802
2023-01-30,3.746,0.000534
2023-01-31,3.739,-0.001869
2023-02-01,3.744,0.001337
2023-02-02,3.74,-0.001068
2023-02-03,3.735,-0.001337
2023-02-06,3.724,-0.002945
2023-02-07,3.724,0.0
2023-02-08,3.721,-0.000806
2023-02-09,3.732,0.002956
2023-02-10,3.728,-0.001072
2023-02-13,3.733,0.001341
2023-02-14,3.731,-0.000536
2023-02-15,3.727,-0.001072
2023-02-16,3.723,-0.001073
2023-02-17,3.711,-0.003223
2023-02-20,3.728,0.004581
2023-02-21,3.725,-0.000805
2023-02-22,3.719,-0.001611
2023-02-23,3.717,-0.000538
2023-02-24,3.71,-0.001883
2023-02-27,3.709,-0.00027
2023-02-28,3.713,0.001078
2023-03-01,3.722,0.002424
2023-03-02,3.718,-0.001075
2023-03-03,3.723,0.001345
2023-03-06,3.721,-0.000537
2023-03-07,3.708,-0.003494
2023-03-08,3.708,0.0
2023-03-09,3.705,-0.000809
2023-03-10,3.697,-0.002159
2023-03-13,3.703,0.001623
2023-03-14,3.698,-0.00135
2023-03-15,3.7,0.000541
2023-03-16,3.697,-0.000811
2023-03-17,3.697,0.0
2023-03-20,3.691,-0.001623
2023-03-21,3.7,0.002438
2023-03-22,3.704,0.001081
2023-03-23,3.706,0.00054
2023-03-24,3.7,-0.001619
2023-03-27,3.695,-0.001351
2023-03-28,3.692,-0.000812
2023-03-29,3.695,0.000813
2023-03-30,3.703,0.002165
2023-03-31,3.703,0.0
2023-04-03,3.709,0.00162
2023-04-04,3.711,0.000539
2023-04-06,3.712,0.000269
2023-04-07,3.721,0.002425
2023-04-10,3.719,-0.000537
2023-04-11,3.715,-0.001076
2023-04-12,3.709,-0.001615
2023-04-13,3.711,0.000539
2023-04-14,3.715,0.001078
2023-04-17,3.72,0.001346
2023-04-18,3.718,-0.000538
2023-04-19,3.71,-0.002152
2023-04-20,3.704,-0.001617
2023-04-21,3.697,-0.00189
2023-04-24,3.687,-0.002705
2023-04-25,3.682,-0.001356
2023-04-26,3.684,0.000543
2023-04-27,3.693,0.002443
2023-04-28,3.698,0.001354
2023-05-04,3.699,0.00027
2023-05-05,3.7,0.00027
2023-05-08,3.703,0.000811
2023-05-09,3.695,-0.00216
2023-05-10,3.69,-0.001353
2023-05-11,3.689,-0.000271
2023-05-12,3.681,-0.002169
2023-05-15,3.689,0.002173
2023-05-16,3.686,-0.000813
2023-05-17,3.685,-0.000271
2023-05-18,3.681,-0.001085
2023-05-19,3.683,0.000543
2023-05-22,3.689,0.001629
2023-05-23,3.68,-0.00244
2023-05-24,3.669,-0.002989
2023-05-25,3.668,-0.000273
2023-05-26,3.67,0.000545
2023-05-29,3.665,-0.001362
2023-05-30,3.665,0.0
2023-05-31,3.656,-0.002456
2023-06-01,3.658,0.000547
2023-06-02,3.672,0.003827
2023-06-05,3.666,-0.001634
2023-06-06,3.66,-0.001637
2023-06-07,3.655,-0.001366
2023-06-08,3.66,0.001368
2023-06-09,3.662,0.000546
2023-06-12,3.665,0.000819
2023-06-13,3.668,0.000819
2023-06-14,3.668,0.0
2023-06-15,3.68,0.003272
2023-06-16,3.686,0.00163
2023-06-19,3.677,-0.002442
2023-06-20,3.675,-0.000544
2023-06-21,3.664,-0.002993
2023-06-26,3.655,-0.002456
2023-06-27,3.664,0.002462
2023-06-28,3.666,0.000546
2023-06-29,3.662,-0.001091
2023-06-30,3.667,0.001365
2023-07-03,3.673,0.001636
2023-07-04,3.673,0.0
2023-07-05,3.666,-0.001906
2023-07-06,3.66,-0.001637
2023-07-07,3.655,-0.001366
2023-07-10,3.657,0.000547
2023-07-11,3.662,0.001367
2023-07-12,3.655,-0.001912
2023-07-13,3.664,0.002462
2023-07-14,3.663,-0.000273
2023-07-17,3.658,-0.001365
2023-07-18,3.657,-0.000273
2023-07-19,3.655,-0.000547
2023-07-20,3.652,-0.000821
2023-07-21,3.655,0.000821
2023-07-24,3.653,-0.000547
2023-07-25,3.677,0.00657
2023-07-26,3.678,0.000272
2023-07-27,3.676,-0.000544
2023-07-28,3.695,0.005169
2023-07-31,3.694,-0.000271
2023-08-01,3.691,-0.000812
2023-08-02,3.687,-0.001084
2023-08-03,3.692,0.001356
2023-08-04,3.695,0.000813
2023-08-07,3.684,-0.002977
2023-08-08,3.684,0.0
2023-08-09,3.686,0.000543
2023-08-10,3.685,-0.000271
2023-08-11,3.672,-0.003528
2023-08-14,3.671,-0.000272
2023-08-15,3.67,-0.000272
2023-08-16,3.668,-0.000545
2023-08-17,3.673,0.001363
2023-08-18,3.665,-0.002178
2023-08-21,3.657,-0.002183
2023-08-22,3.659,0.000547
2023-08-23,3.647,-0.00328
2023-08-24,3.652,0.001371
2023-08-25,3.652,0.0
2023-08-28,3.661,0.002464
2023-08-29,3.673,0.003278
2023-08-30,3.675,0.000545
2023-08-31,3.667,-0.002177
2023-09-01,3.671,0.001091
2023-09-04,3.678,0.001907
2023-09-05,3.67,-0.002175
2023-09-06,3.671,0.000272
2023-09-07,3.66,-0.002996
2023-09-08,3.658,-0.000546
2023-09-11,3.661,0.00082
2023-09-12,3.658,-0.000819
2023-09-13,3.654,-0.001093
2023-09-14,3.653,-0.000274
2023-09-15,3.649,-0.001095
2023-09-18,3.653,0.001096
2023-09-19,3.649,-0.001095
2023-09-20,3.646,-0.000822
2023-09-21,3.64,-0.001646
2023-09-22,3.651,0.003022
2023-09-25,3.644,-0.001917
2023-09-26,3.638,-0.001647
2023-09-27,3.642,0.0011
2023-09-28,3.642,0.0
2023-10-09,3.636,-0.001647
2023-10-10,3.63,-0.00165
2023-10-11,3.63,0.0
2023-10-12,3.634,0.001102
2023-10-13,3.627,-0.001926
2023-10-16,3.616,-0.003033
2023-10-17,3.617,0.000277
2023-10-18,3.611,-0.001659
2023-10-19,3.595,-0.004431
2023-10-20,3.59,-0.001391
2023-10-23,3.583,-0.00195
2023-10-24,3.587,0.001116
2023-10-25,3.591,0.001115
2023-10-26,3.593,0.000557
2023-10-27,3.603,0.002783
2023-10-30,3.609,0.001665
2023-10-31,3.608,-0.000277
2023-11-01,3.611,0.000831
2023-11-02,3.606,-0.001385
2023-11-03,3.611,0.001387
2023-11-06,3.623,0.003323
2023-11-07,3.617,-0.001656
2023-11-08,3.619,0.000553
2023-11-09,3.617,-0.000553
2023-11-10,3.613,-0.001106
2023-11-13,3.612,-0.000277
2023-11-14,3.612,0.0
2023-11-15,3.613,0.000277
2023-11-16,3.606,-0.001937
2023-11-17,3.605,-0.000277
2023-11-20,3.608,0.000832
2023-11-21,3.609,0.000277
2023-11-22,3.602,-0.00194
2023-11-23,3.609,0.001943
2023-11-24,3.604,-0.001385
2023-11-27,3.598,-0.001665
2023-11-28,3.598,0.0
2023-11-29,3.589,-0.002501
2023-11-30,3.589,0.0
2023-12-01,3.586,-0.000836
2023-12-04,3.577,-0.00251
2023-12-05,3.563,-0.003914
2023-12-06,3.566,0.000842
2023-12-07,3.564,-0.000561
2023-12-08,3.563,-0.000281
2023-12-11,3.566,0.000842
2023-12-12,3.574,0.002243
2023-12-13,3.562,-0.003358
2023-12-14,3.556,-0.001684
2023-12-15,3.555,-0.000281
2023-12-18,3.549,-0.001688
2023-12-19,3.548,-0.000282
2023-12-20,3.54,-0.002255
2023-12-21,3.547,0.001977
2023-12-22,3.547,0.0
2023-12-25,3.548,0.000282
2023-12-26,3.542,-0.001691
2023-12-27,3.544,0.000565
2023-12-28,3.564,0.005643
2023-12-29,3.566,0.000561
2023-12-31,3.566,0.0
2024-01-02,3.553,-0.003646
2024-01-03,3.55,-0.000844
2024-01-04,3.54,-0.002817
2024-01-05,3.534,-0.001695
2024-01-08,3.523,-0.003113
2024-01-09,3.524,0.000284
2024-01-10,3.522,-0.000568
2024-01-11,3.528,0.001704
2024-01-12,3.526,-0.000567
2024-01-15,3.523,-0.000851
2024-01-16,3.526,0.000852
2024-01-17,3.508,-0.005105
2024-01-18,3.517,0.002566
2024-01-19,3.516,-0.000284
2024-01-22,3.502,-0.003982
2024-01-23,3.503,0.000286
2024-01-24,3.51,0.001998
2024-01-25,3.525,0.004274
2024-01-26,3.522,-0.000851
2024-01-29,3.516,-0.001704
2024-01-30,3.5,-0.004551
2024-01-31,3.492,-0.002286
2024-02-01,3.488,-0.001145
2024-02-02,3.479,-0.00258
2024-02-05,3.481,0.000575
2024-02-06,3.508,0.007756
2024-02-07,3.522,0.003991
2024-02-08,3.53,0.002271
2024-02-19,3.528,-0.000567
2024-02-20,3.528,0.0
2024-02-21,3.54,0.003401
2024-02-22,3.541,0.000282
2024-02-23,3.542,0.000282
2024-02-26,3.537,-0.001412
2024-02-27,3.545,0.002262
2024-02-28,3.534,-0.003103
2024-02-29,3.549,0.004244
2024-03-01,3.548,-0.000282
2024-03-04,3.546,-0.000564
2024-03-05,3.55,0.001128
2024-03-06,3.545,-0.001408
2024-03-07,3.536,-0.002539
2024-03-08,3.537,0.000283
2024-03-11,3.557,0.005655
2024-03-12,3.572,0.004217
2024-03-13,3.566,-0.00168
2024-03-14,3.566,0.0
2024-03-15,3.565,-0.00028
2024-03-18,3.573,0.002244
2024-03-19,3.567,-0.001679
2024-03-20,3.567,0.0
2024-03-21,3.569,0.000561
2024-03-22,3.561,-0.002242
2024-03-25,3.556,-0.001404
2024-03-26,3.559,0.000844
2024-03-27,3.548,-0.003091
2024-03-28,3.552,0.001127
2024-03-29,3.552,0.0
2024-04-01,3.562,0.002815
2024-04-02,3.556,-0.001684
2024-04-03,3.552,-0.001125
2024-04-08,3.542,-0.002815
2024-04-09,3.546,0.001129
2024-04-10,3.537,-0.002538
2024-04-11,3.536,-0.000283
2024-04-12,3.529,-0.00198
2024-04-15,3.541,0.0034
2024-04-16,3.533,-0.002259
2024-04-17,3.542,0.002547
2024-04-18,3.54,-0.000565
2024-04-19,3.533,-0.001977
2024-04-22,3.539,0.001698
2024-04-23,3.542,0.000848
2024-04-24,3.542,0.0
2024-04-25,3.547,0.001412
2024-04-26,3.557,0.002819
2024-04-29,3.576,0.005342
2024-04-30,3.57,-0.001678
2024-05-06,3.583,0.003641
2024-05-07,3.589,0.001675
2024-05-08,3.58,-0.002508
2024-05-09,3.591,0.003073
2024-05-10,3.592,0.000278
2024-05-13,3.585,-0.001949
2024-05-14,3.586,0.000279
2024-05-15,3.585,-0.000279
2024-05-16,3.592,0.001953
2024-05-17,3.606,0.003898
2024-05-20,3.603,-0.000832
2024-05-21,3.601,-0.000555
2024-05-22,3.601,0.0
2024-05-23,3.592,-0.002499
2024-05-24,3.582,-0.002784
2024-05-27,3.585,0.000838
2024-05-28,3.58,-0.001395
2024-05-29,3.58,0.0
2024-05-30,3.576,-0.001117
2024-05-31,3.575,-0.00028
2024-06-03,3.576,0.00028
2024-06-04,3.587,0.003076
2024-06-05,3.581,-0.001673
2024-06-06,3.577,-0.001117
2024-06-07,3.572,-0.001398
2024-06-11,3.569,-0.00084
2024-06-12,3.566,-0.000841
2024-06-13,3.561,-0.001402
2024-06-14,3.563,0.000562
2024-06-17,3.562,-0.000281
2024-06-18,3.559,-0.000842
2024-06-19,3.555,-0.001124
2024-06-20,3.547,-0.00225
2024-06-21,3.544,-0.000846
2024-06-24,3.539,-0.001411
2024-06-25,3.537,-0.000565
2024-06-26,3.539,0.000565
2024-06-27,3.532,-0.001978
2024-06-28,3.528,-0.001133
2024-06-30,3.528,0.0
2024-07-01,3.533,0.001417
2024-07-02,3.529,-0.001132
2024-07-03,3.529,0.0
2024-07-04,3.523,-0.0017
2024-07-05,3.522,-0.000284
2024-07-08,3.51,-0.003407
2024-07-09,3.515,0.001425
2024-07-10,3.513,-0.000569
2024-07-11,3.522,0.002562
2024-07-12,3.531,0.002555
2024-07-15,3.527,-0.001133
2024-07-16,3.529,0.000567
2024-07-17,3.537,0.002267
2024-07-18,3.544,0.001979
2024-07-19,3.544,0.0
2024-07-22,3.541,-0.000847
2024-07-23,3.524,-0.004801
2024-07-24,3.519,-0.001419
2024-07-25,3.519,0.0
2024-07-26,3.523,0.001137
2024-07-29,3.515,-0.002271
2024-07-30,3.513,-0.000569
2024-07-31,3.53,0.004839
2024-08-01,3.52,-0.002833
2024-08-02,3.515,-0.00142
2024-08-05,3.512,-0.000853
2024-08-06,3.517,0.001424
2024-08-07,3.516,-0.000284
2024-08-08,3.518,0.000569
2024-08-09,3.516,-0.000569
2024-08-12,3.513,-0.000853
2024-08-13,3.513,0.0
2024-08-14,3.507,-0.001708
2024-08-15,3.51,0.000855
2024-08-16,3.511,0.000285
2024-08-19,3.511,0.0
2024-08-20,3.506,-0.001424
2024-08-21,3.502,-0.001141
2024-08-22,3.504,0.000571
2024-08-23,3.503,-0.000285
2024-08-26,3.504,0.000285
2024-08-27,3.499,-0.001427
2024-08-28,3.496,-0.000857
2024-08-29,3.498,0.000572
2024-08-30,3.509,0.003145
2024-09-02,3.497,-0.00342
2024-09-03,3.502,0.00143
2024-09-04,3.499,-0.000857
2024-09-05,3.502,0.000857
2024-09-06,3.495,-0.001999
2024-09-09,3.488,-0.002003
2024-09-10,3.487,-0.000287
2024-09-11,3.49,0.00086
2024-09-12,3.484,-0.001719
2024-09-13,3.476,-0.002296
2024-09-18,3.478,0.000575
2024-09-19,3.484,0.001725
2024-09-20,3.482,-0.000574
2024-09-23,3.484,0.000574
2024-09-24,3.506,0.006315
2024-09-25,3.515,0.002567
2024-09-26,3.548,0.009388
2024-09-27,3.589,0.011556
2024-09-30,3.652,0.017554
2024-10-08,3.691,0.010679
2024-10-09,3.625,-0.017881
2024-10-10,3.635,0.002759
2024-10-11,3.616,-0.005227
2024-10-14,3.635,0.005254
2024-10-15,3.621,-0.003851
2024-10-16,3.62,-0.000276
2024-10-17,3.604,-0.00442
2024-10-18,3.625,0.005827
2024-10-21,3.634,0.002483
2024-10-22,3.64,0.001651
2024-10-23,3.644,0.001099
2024-10-24,3.633,-0.003019
2024-10-25,3.644,0.003028
2024-10-28,3.648,0.001098
2024-10-29,3.636,-0.003289
2024-10-30,3.63,-0.00165
2024-10-31,3.629,-0.000275
2024-11-01,3.63,0.000276
2024-11-04,3.637,0.001928
2024-11-05,3.653,0.004399
2024-11-06,3.653,0.0
2024-11-07,3.673,0.005475
2024-11-08,3.662,-0.002995
2024-11-11,3.662,0.0
2024-11-12,3.658,-0.001092
2024-11-13,3.659,0.000273
2024-11-14,3.647,-0.00328
2024-11-15,3.632,-0.004113
2024-11-18,3.627,-0.001377
2024-11-19,3.631,0.001103
2024-11-20,3.634,0.000826
2024-11-21,3.633,-0.000275
2024-11-22,3.611,-0.006056
2024-11-25,3.612,0.000277
2024-11-26,3.612,0.0
2024-11-27,3.626,0.003876
2024-11-28,3.621,-0.001379
2024-11-29,3.629,0.002209
2024-12-02,3.633,0.001102
2024-12-03,3.633,0.0
2024-12-04,3.628,-0.001376
2024-12-05,3.624,-0.001103
2024-12-06,3.633,0.002483
2024-12-09,3.63,-0.000826
2024-12-10,3.637,0.001928
2024-12-11,3.638,0.000275
2024-12-12,3.649,0.003024
2024-12-13,3.629,-0.005481
2024-12-16,3.622,-0.001929
2024-12-17,3.625,0.000828
2024-12-18,3.627,0.000552
2024-12-19,3.623,-0.001103
2024-12-20,3.62,-0.000828
2024-12-23,3.617,-0.000829
2024-12-24,3.625,0.002212
2024-12-25,3.623,-0.000552
2024-12-26,3.622,-0.000276
2024-12-27,3.623,0.000276
2024-12-30,3.623,0.0
2024-12-31,3.618,-0.00138
2025-01-02,3.603,-0.004146
2025-01-03,3.597,-0.001665
2025-01-06,3.595,-0.000556
2025-01-07,3.595,0.0
2025-01-08,3.593,-0.000556
2025-01-09,3.592,-0.000278
2025-01-10,3.583,-0.002506
2025-01-13,3.581,-0.000558
2025-01-14,3.596,0.004189
2025-01-15,3.591,-0.00139
2025-01-16,3.592,0.000278
2025-01-17,3.596,0.001114
2025-01-20,3.604,0.002225
2025-01-21,3.604,0.0
2025-01-22,3.594,-0.002775
2025-01-23,3.594,0.0
2025-01-24,3.599,0.001391
2025-01-27,3.599,0.0
2025-02-05,3.588,-0.003056
2025-02-06,3.595,0.001951
2025-02-07,3.605,0.002782
2025-02-10,3.604,-0.000277
2025-02-11,3.601,-0.000832
2025-02-12,3.607,0.001666
2025-02-13,3.608,0.000277
2025-02-14,3.615,0.00194
2025-02-17,3.617,0.000553
2025-02-18,3.611,-0.001659
2025-02-19,3.616,0.001385
2025-02-20,3.617,0.000277
2025-02-21,3.624,0.001935
2025-02-24,3.621,-0.000828
2025-02-25,3.612,-0.002486
2025-02-26,3.617,0.001384
2025-02-27,3.625,0.002212
2025-02-28,3.617,-0.002207
2025-03-03,3.617,0.0
2025-03-04,3.615,-0.000553
2025-03-05,3.617,0.000553
2025-03-06,3.626,0.002488
2025-03-07,3.626,0.0
2025-03-10,3.626,0.0
2025-03-11,3.629,0.000827
2025-03-12,3.625,-0.001102
2025-03-13,3.623,-0.000552
2025-03-14,3.64,0.004692
2025-03-17,3.64,0.0
2025-03-18,3.64,0.0
2025-03-19,3.644,0.001099
2025-03-20,3.637,-0.001921
2025-03-21,3.628,-0.002475
2025-03-24,3.629,0.000276
2025-03-25,3.628,-0.000276
2025-03-26,3.625,-0.000827
2025-03-27,3.631,0.001655
2025-03-28,3.628,-0.000826
2025-03-31,3.622,-0.001654
2025-04-01,3.625,0.000828
2025-04-02,3.623,-0.000552
2025-04-03,3.619,-0.001104
2025-04-07,3.572,-0.012987
2025-04-08,3.584,0.003359
2025-04-09,3.59,0.001674
2025-04-10,3.6,0.002786
2025-04-11,3.604,0.001111
2025-04-14,3.605,0.000277
2025-04-15,3.607,0.000555
2025-04-16,3.607,0.0
2025-04-17,3.61,0.000832
2025-04-18,3.607,-0.000831
2025-04-21,3.61,0.000832
2025-04-22,3.613,0.000831
2025-04-23,3.613,0.0
2025-04-24,3.613,0.0
2025-04-25,3.612,-0.000277
2025-04-28,3.608,-0.001107
2025-04-29,3.609,0.000277
2025-04-30,3.608,-0.000277
2025-05-06,3.613,0.001386
2025-05-07,3.617,0.001107
2025-05-08,3.622,0.001382
2025-05-09,3.624,0.000552
2025-05-12,3.629,0.00138
2025-05-13,3.63,0.000276
2025-05-14,3.634,0.001102
2025-05-15,3.629,-0.001376
2025-05-16,3.628,-0.000276
2025-05-19,3.627,-0.000276
2025-05-20,3.633,0.001654
2025-05-21,3.637,0.001101
2025-05-22,3.636,-0.000275
2025-05-23,3.632,-0.0011
2025-05-26,3.625,-0.001927
2025-05-27,3.624,-0.000276
2025-05-28,3.626,0.000552
2025-05-29,3.63,0.001103
2025-05-30,3.628,-0.000551
2025-06-03,3.632,0.001103
2025-06-04,3.635,0.000826
2025-06-05,3.634,-0.000275
2025-06-06,3.633,-0.000275
2025-06-09,3.632,-0.000275
2025-06-10,3.628,-0.001101
2025-06-11,3.634,0.001654
2025-06-12,3.633,-0.000275
2025-06-13,3.626,-0.001927
2025-06-16,3.627,0.000276
2025-06-17,3.625,-0.000551
2025-06-18,3.626,0.000276
2025-06-19,3.621,-0.001379
2025-06-20,3.622,0.000276
2025-06-23,3.623,0.000276
2025-06-24,3.631,0.002208
2025-06-25,3.64,0.002479
2025-06-26,3.638,-0.000549
2025-06-27,3.634,-0.0011
2025-06-30,3.639,0.001376
2025-07-01,3.641,0.00055
2025-07-02,3.638,-0.000824
2025-07-03,3.644,0.001649
2025-07-04,3.647,0.000823
2025-07-07,3.643,-0.001097
2025-07-08,3.648,0.001372
2025-07-09,3.651,0.000822
2025-07-10,3.652,0.000274
2025-07-11,3.652,0.0
2025-07-14,3.651,-0.000274
2025-07-15,3.649,-0.000548
2025-07-16,3.649,0.0
2025-07-17,3.652,0.000822
2025-07-18,3.657,0.001369
2025-07-21,3.661,0.001094
2025-07-22,3.666,0.001366
2025-07-23,3.666,0.0
2025-07-24,3.669,0.000818
2025-07-25,3.668,-0.000273
2025-07-28,3.671,0.000818
2025-07-29,3.673,0.000545
2025-07-30,3.67,-0.000817
2025-07-31,3.656,-0.003815
2025-08-01,3.655,-0.000274
2025-08-04,3.66,0.001368
2025-08-05,3.664,0.001093
2025-08-06,3.664,0.0
2025-08-07,3.664,0.0
2025-08-08,3.664,0.0
2025-08-11,3.666,0.000546
2025-08-12,3.668,0.000546
2025-08-13,3.674,0.001636
2025-08-14,3.671,-0.000817
2025-08-15,3.676,0.001362
2025-08-18,3.681,0.00136
2025-08-19,3.676,-0.001358
2025-08-20,3.687,0.002992
2025-08-21,3.69,0.000814
2025-08-22,3.7,0.00271
2025-08-25,3.709,0.002432
2025-08-26,3.709,0.0
2025-08-27,3.697,-0.003235
2025-08-28,3.705,0.002164
2025-08-29,3.714,0.002429
2025-09-01,3.72,0.001616
2025-09-02,3.715,-0.001344
2025-09-03,3.711,-0.001077
2025-09-04,3.698,-0.003503
2025-09-05,3.713,0.004056
2025-09-08,3.721,0.002155
2025-09-09,3.718,-0.000806
2025-09-10,3.717,-0.000269
2025-09-11,3.725,0.002152
2025-09-12,3.723,-0.000537
2025-09-15,3.729,0.001612
2025-09-16,3.727,-0.000536
2025-09-17,3.735,0.002146
2025-09-18,3.727,-0.002142
2025-09-19,3.73,0.000805
2025-09-22,3.731,0.000268
2025-09-23,3.731,0.0
2025-09-24,3.743,0.003216
2025-09-25,3.745,0.000534
2025-09-26,3.739,-0.001602
2025-09-29,3.748,0.002407
2025-09-30,3.753,0.001334
2025-10-09,3.762,0.002398
2025-10-10,3.748,-0.003721
2025-10-13,3.745,-0.0008
2025-10-14,3.737,-0.002136
2025-10-15,3.747,0.002676
2025-10-16,3.746,-0.000267
2025-10-17,3.732,-0.003737
2025-10-20,3.733,0.000268
2025-10-21,3.74,0.001875
2025-10-22,3.737,-0.000802
2025-10-23,3.738,0.000268
2025-10-24,3.744,0.001605
2025-10-27,3.75,0.001603
2025-10-28,3.746,-0.001067
2025-10-29,3.749,0.000801
2025-10-30,3.744,-0.001334
2025-10-31,3.74,-0.001068
2025-11-03,3.74,0.0
2025-11-04,3.735,-0.001337
2025-11-05,3.734,-0.000268
2025-11-06,3.741,0.001875
2025-11-07,3.738,-0.000802
2025-11-10,3.741,0.000803
2025-11-11,3.737,-0.001069
2025-11-12,3.737,0.0
2025-11-13,3.746,0.002408
2025-11-14,3.738,-0.002136
2025-11-17,3.73,-0.00214
2025-11-18,3.728,-0.000536
2025-11-19,3.728,0.0
2025-11-20,3.725,-0.000805
2025-11-21,3.713,-0.003221
2025-11-24,3.718,0.001347
2025-11-25,3.722,0.001076
2025-11-26,3.722,0.0
2025-11-27,3.72,-0.000537
2025-11-28,3.723,0.000806
2025-12-01,3.728,0.001343
2025-12-02,3.724,-0.001073
2025-12-03,3.72,-0.001074
2025-12-04,3.721,0.000269
2025-12-05,3.723,0.000537
2025-12-08,3.725,0.000537
2025-12-09,3.72,-0.001342
2025-12-10,3.721,0.000269
2025-12-11,3.72,-0.000269
2025-12-12,3.725,0.001344
2025-12-15,3.72,-0.001342
2025-12-16,3.713,-0.001882
2025-12-17,3.722,0.002424
2025-12-18,3.723,0.000269
2025-12-19,3.726,0.000806
2025-12-22,3.727,0.000268
2025-12-23,3.73,0.000805
2025-12-24,3.731,0.000268
2025-12-25,3.731,0.0
2025-12-26,3.732,0.000268
2025-12-29,3.729,-0.000804
2025-12-30,3.73,0.000268
2025-12-31,3.73,0.0
2026-01-05,3.742,0.003217
2026-01-06,3.748,0.001603
2026-01-07,3.75,0.000534
2026-01-08,3.748,-0.000533
2026-01-09,3.755,0.001868
2026-01-12,3.761,0.001598
2026-01-13,3.759,-0.000532
2026-01-14,3.758,-0.000266
2026-01-15,3.756,-0.000532
2026-01-16,3.756,0.0
2026-01-19,3.758,0.000532
2026-01-20,3.763,0.00133
2026-01-21,3.767,0.001063
2026-01-22,3.766,-0.000265
2026-01-23,3.767,0.000266
2026-01-26,3.769,0.000531
2026-01-27,3.771,0.000531
2026-01-28,3.773,0.00053
2026-01-29,3.775,0.00053
2026-01-30,3.768,-0.001854
2026-02-02,3.749,-0.005042
2026-02-03,3.76,0.002934
2026-02-04,3.766,0.001596
2026-02-05,3.766,0.0
2026-02-06,3.763,-0.000797
2026-02-09,3.771,0.002126
2026-02-10,3.773,0.00053
2026-02-11,3.774,0.000265
2026-02-12,3.775,0.000265
2026-02-13,3.768,-0.001854
2026-02-24,3.773,0.001327
2026-02-25,3.773,0.0
2026-02-26,3.769,-0.00106
2026-02-27,3.768,-0.000265
2026-03-02,3.771,0.000796
2026-03-03,3.76,-0.002917
2026-03-04,3.755,-0.00133
2026-03-05,3.758,0.000799
2026-03-06,3.761,0.000798
2026-03-09,3.752,-0.002393
2026-03-10,3.759,0.001866
2026-03-11,3.762,0.000798
2026-03-12,3.758,-0.001063
2026-03-13,3.753,-0.00133
2026-03-16,3.752,-0.000266
2026-03-17,3.75,-0.000533
2026-03-18,3.753,0.0008
2026-03-19,3.742,-0.002931
2026-03-20,3.74,-0.000534
2026-03-23,3.717,-0.00615
2026-03-24,3.726,0.002421
2026-03-25,3.734,0.002147
2026-03-26,3.727,-0.001875
2026-03-27,3.735,0.002146
2026-03-30,3.739,0.001071
2026-03-31,3.734,-0.001337
2026-04-01,3.745,0.002946
2026-04-02,3.74,-0.001335
2026-04-03,3.734,-0.001604
2026-04-07,3.734,0.0
2026-04-08,3.755,0.005624
2026-04-09,3.751,-0.001065
2026-04-10,3.757,0.0016
2026-04-13,3.756,-0.000266
2026-04-14,3.763,0.001864
2026-04-15,3.762,-0.000266
2026-04-16,3.768,0.001595
2026-04-17,3.766,-0.000531
2026-04-20,3.768,0.000531
2026-04-21,3.771,0.000796
2026-04-22,3.775,0.001061
2026-04-23,3.774,-0.000265
2026-04-24,3.773,-0.000265
2026-04-27,3.774,0.000265
2026-04-28,3.774,0.0
2026-04-29,3.782,0.00212
2026-04-30,3.783,0.000264
2026-05-06,3.793,0.002643
2026-05-07,3.795,0.000527
2026-05-08,3.79,-0.001318
2026-05-11,3.803,0.00343
2026-05-12,3.801,-0.000526
2026-05-13,3.806,0.001315
2026-05-14,3.792,-0.003678
2026-05-15,3.785,-0.001846
2026-05-18,3.779,-0.001585
2026-05-19,3.784,0.001323
2026-05-20,3.79,0.001586
2026-05-21,3.778,-0.003166
2026-05-22,3.785,0.001853
2026-05-25,3.795,0.002642
2026-05-26,3.798,0.000791
2026-05-27,3.788,-0.002633
2026-05-28,3.787,-0.000264
2026-05-29,3.783,-0.001056
2026-06-01,3.772,-0.002908
2026-06-02,3.78,0.002121
2026-06-03,3.783,0.000794
2026-06-04,3.78,-0.000793
2026-06-05,3.766,-0.003704
2026-06-08,3.753,-0.003452
2026-06-09,3.767,0.00373
2026-06-10,3.764,-0.000796
2026-06-11,3.767,0.000797
2026-06-12,3.777,0.002655
2026-06-15,3.792,0.003971
2026-06-16,3.79,-0.000527
2026-06-17,3.802,0.003166
2026-06-18,3.802,0.0
2026-06-22,3.822,0.00526
2026-06-23,3.804,-0.00471
2026-06-24,3.814,0.002629
2026-06-25,3.825,0.002884
2026-06-26,3.81,-0.003922
2026-06-29,3.828,0.004724
2026-06-30,3.835,0.001829
2026-07-01,3.835,0.0
2026-07-02,3.81,-0.006519
2026-07-03,3.812,0.000525
2026-07-06,3.813,0.000262
2026-07-07,3.809,-0.001049
2026-07-08,3.804,-0.001313
2026-07-09,3.827,0.006046
2026-07-10,3.807,-0.005226
2026-07-13,3.792,-0.00394
2026-07-14,3.804,0.003165
2026-07-15,3.801,-0.000789
2026-07-16,3.783,-0.004736
2026-07-17,3.759,-0.006344
2026-07-20,3.764,0.00133
2026-07-21,3.79,0.006908
2026-07-22,3.789,-0.000264
2026-07-23,3.789,0.0
2026-07-24,3.783,-0.001584
2026-07-27,3.798,0.003965
2026-07-28,3.779,-0.005003
2026-07-29,3.783,0.001058
2026-07-30,3.773,-0.002643
2026-07-31,3.778,0.001325
2026-08-03,3.765,-0.003441
2026-08-04,3.778,0.003453
2026-08-05,3.795,0.0045
2026-08-06,3.796,0.000264
2026-08-07,3.808,0.003161
2026-08-10,3.815,0.001838
2026-08-11,3.807,-0.002097
2026-08-12,3.813,0.001576
2026-08-13,3.807,-0.001574
2026-08-14,3.808,0.000263
2026-08-17,3.827,0.004989
2026-08-18,3.827,0.0
2026-08-19,3.799,-0.007316
2026-08-20,3.801,0.000526
2026-08-21,3.806,0.001315
2026-08-24,3.796,-0.002627
2026-08-25,3.792,-0.001054
2026-08-26,3.798,0.001582
2026-08-27,3.805,0.001843
2026-08-28,3.801,-0.001051
2026-08-31,3.802,0.000263
2026-09-01,3.796,-0.001578
2026-09-02,3.787,-0.002371
2026-09-03,3.788,0.000264
2026-09-04,3.786,-0.000528
2026-09-07,3.793,0.001849
2026-09-08,3.792,-0.000264
2026-09-09,3.792,0.0
2026-09-10,3.791,-0.000264
2026-09-11,3.782,-0.002374
2026-09-14,3.78,-0.000529
2026-09-15,3.775,-0.001323
2026-09-16,3.779,0.00106
2026-09-17,3.778,-0.000265
2026-09-18,3.79,0.003176
2026-09-21,3.794,0.001055
2026-09-22,3.793,-0.000264
2026-09-23,3.789,-0.001055
2026-09-24,3.777,-0.003167
2026-09-28,3.761,-0.004236
2026-09-29,3.762,0.000266
2026-09-30,3.761,-0.000266
