净值日期,累计净值,daily_return
2003-09-05,1.0,
2003-10-22,0.997,-0.003
2003-10-23,0.997,0.0
2003-10-24,0.996,-0.001003
2003-10-27,0.994,-0.002008
2003-10-28,0.999,0.00503
2003-10-29,1.003,0.004004
2003-10-30,1.0,-0.002991
2003-10-31,1.002,0.002
2003-11-03,1.007,0.00499
2003-11-04,1.014,0.006951
2003-11-05,1.018,0.003945
2003-11-06,1.014,-0.003929
2003-11-07,1.007,-0.006903
2003-11-10,1.013,0.005958
2003-11-11,1.01,-0.002962
2003-11-12,1.0,-0.009901
2003-11-13,1.0,0.0
2003-11-14,1.004,0.004
2003-11-17,1.003,-0.000996
2003-11-18,1.001,-0.001994
2003-11-19,1.005,0.003996
2003-11-20,1.013,0.00796
2003-11-21,1.012,-0.000987
2003-11-24,1.022,0.009881
2003-11-25,1.021,-0.000978
2003-11-26,1.024,0.002938
2003-11-27,1.017,-0.006836
2003-11-28,1.02,0.00295
2003-12-01,1.029,0.008824
2003-12-02,1.029,0.0
2003-12-03,1.031,0.001944
2003-12-04,1.034,0.00291
2003-12-05,1.035,0.000967
2003-12-08,1.033,-0.001932
2003-12-09,1.034,0.000968
2003-12-10,1.047,0.012573
2003-12-11,1.053,0.005731
2003-12-12,1.052,-0.00095
2003-12-15,1.052,0.0
2003-12-16,1.053,0.000951
2003-12-17,1.047,-0.005698
2003-12-18,1.057,0.009551
2003-12-19,1.063,0.005676
2003-12-22,1.082,0.017874
2003-12-23,1.089,0.00647
2003-12-24,1.098,0.008264
2003-12-25,1.099,0.000911
2003-12-26,1.094,-0.00455
2003-12-29,1.083,-0.010055
2003-12-30,1.088,0.004617
2003-12-31,1.082,-0.005515
2004-01-02,1.092,0.009242
2004-01-05,1.126,0.031136
2004-01-06,1.14,0.012433
2004-01-07,1.142,0.001754
2004-01-08,1.152,0.008757
2004-01-09,1.14,-0.010417
2004-01-12,1.156,0.014035
2004-01-13,1.145,-0.009516
2004-01-14,1.13,-0.0131
2004-01-15,1.135,0.004425
2004-01-16,1.144,0.00793
2004-01-29,1.149,0.004371
2004-01-30,1.133,-0.013925
2004-02-02,1.15,0.015004
2004-02-03,1.157,0.006087
2004-02-04,1.178,0.01815
2004-02-05,1.173,-0.004244
2004-02-06,1.165,-0.00682
2004-02-09,1.174,0.007725
2004-02-10,1.166,-0.006814
2004-02-11,1.15,-0.013722
2004-02-12,1.139,-0.009565
2004-02-13,1.147,0.007024
2004-02-16,1.166,0.016565
2004-02-17,1.162,-0.003431
2004-02-18,1.168,0.005164
2004-02-19,1.162,-0.005137
2004-02-20,1.159,-0.002582
2004-02-23,1.132,-0.023296
2004-02-24,1.143,0.009717
2004-02-25,1.128,-0.013123
2004-02-26,1.133,0.004433
2004-02-27,1.147,0.012357
2004-03-01,1.151,0.003487
2004-03-02,1.147,-0.003475
2004-03-03,1.133,-0.012206
2004-03-04,1.138,0.004413
2004-03-05,1.135,-0.002636
2004-03-08,1.129,-0.005286
2004-03-09,1.134,0.004429
2004-03-10,1.157,0.020282
2004-03-11,1.164,0.00605
2004-03-12,1.17,0.005155
2004-03-15,1.196,0.022222
2004-03-16,1.198,0.001672
2004-03-17,1.199,0.000835
2004-03-18,1.183,-0.013344
2004-03-19,1.201,0.015216
2004-03-22,1.205,0.003331
2004-03-23,1.193,-0.009959
2004-03-24,1.192,-0.000838
2004-03-25,1.192,0.0
2004-03-26,1.193,0.000839
2004-03-29,1.187,-0.005029
2004-03-30,1.186,-0.000842
2004-03-31,1.191,0.004216
2004-04-01,1.203,0.010076
2004-04-02,1.21,0.005819
2004-04-05,1.211,0.000826
2004-04-06,1.216,0.004129
2004-04-07,1.217,0.000822
2004-04-08,1.217,0.0
2004-04-09,1.195,-0.018077
2004-04-12,1.19,-0.004184
2004-04-13,1.177,-0.010924
2004-04-14,1.17,-0.005947
2004-04-15,1.166,-0.003419
2004-04-16,1.181,0.012864
2004-04-19,1.179,-0.001693
2004-04-20,1.176,-0.002545
2004-04-21,1.163,-0.011054
2004-04-22,1.164,0.00086
2004-04-23,1.153,-0.00945
2004-04-26,1.168,0.01301
2004-04-27,1.168,0.0
2004-04-28,1.157,-0.009418
2004-04-29,1.142,-0.012965
2004-04-30,1.147,0.004378
2004-05-10,1.119,-0.024412
2004-05-11,1.118,-0.000894
2004-05-12,1.135,0.015206
2004-05-13,1.13,-0.004405
2004-05-14,1.117,-0.011504
2004-05-17,1.108,-0.008057
2004-05-18,1.106,-0.001805
2004-05-19,1.105,-0.000904
2004-05-20,1.104,-0.000905
2004-05-21,1.11,0.005435
2004-05-24,1.109,-0.000901
2004-05-25,1.101,-0.007214
2004-05-26,1.106,0.004541
2004-05-27,1.12,0.012658
2004-05-28,1.118,-0.001786
2004-05-31,1.121,0.002683
2004-06-01,1.132,0.009813
2004-06-02,1.124,-0.007067
2004-06-03,1.113,-0.009786
2004-06-04,1.11,-0.002695
2004-06-07,1.1,-0.009009
2004-06-08,1.091,-0.008182
2004-06-09,1.08,-0.010082
2004-06-10,1.082,0.001852
2004-06-11,1.083,0.000924
2004-06-14,1.073,-0.009234
2004-06-15,1.083,0.00932
2004-06-16,1.089,0.00554
2004-06-17,1.074,-0.013774
2004-06-18,1.064,-0.009311
2004-06-21,1.06,-0.003759
2004-06-22,1.068,0.007547
2004-06-23,1.055,-0.012172
2004-06-24,1.052,-0.002844
2004-06-25,1.045,-0.006654
2004-06-28,1.036,-0.008612
2004-06-29,1.049,0.012548
2004-06-30,1.054,0.004766
2004-07-01,1.075,0.019924
2004-07-02,1.076,0.00093
2004-07-05,1.08,0.003717
2004-07-06,1.083,0.002778
2004-07-07,1.078,-0.004617
2004-07-08,1.079,0.000928
2004-07-09,1.078,-0.000927
2004-07-12,1.072,-0.005566
2004-07-13,1.076,0.003731
2004-07-14,1.085,0.008364
2004-07-15,1.099,0.012903
2004-07-16,1.11,0.010009
2004-07-19,1.112,0.001802
2004-07-20,1.108,-0.003597
2004-07-21,1.109,0.000903
2004-07-22,1.093,-0.014427
2004-07-23,1.096,0.002745
2004-07-26,1.09,-0.005474
2004-07-27,1.083,-0.006422
2004-07-28,1.084,0.000923
2004-07-29,1.092,0.00738
2004-07-30,1.087,-0.004579
2004-08-02,1.077,-0.0092
2004-08-03,1.064,-0.012071
2004-08-04,1.082,0.016917
2004-08-05,1.074,-0.007394
2004-08-06,1.073,-0.000931
2004-08-09,1.081,0.007456
2004-08-10,1.083,0.00185
2004-08-11,1.078,-0.004617
2004-08-12,1.074,-0.003711
2004-08-13,1.082,0.007449
2004-08-16,1.078,-0.003697
2004-08-17,1.081,0.002783
2004-08-18,1.082,0.000925
2004-08-19,1.082,0.0
2004-08-20,1.084,0.001848
2004-08-23,1.074,-0.009225
2004-08-24,1.077,0.002793
2004-08-25,1.075,-0.001857
2004-08-26,1.074,-0.00093
2004-08-27,1.065,-0.00838
2004-08-30,1.06,-0.004695
2004-08-31,1.07,0.009434
2004-09-01,1.06,-0.009346
2004-09-02,1.061,0.000943
2004-09-03,1.058,-0.002828
2004-09-06,1.054,-0.003781
2004-09-07,1.055,0.000949
2004-09-08,1.049,-0.005687
2004-09-09,1.038,-0.010486
2004-09-10,1.042,0.003854
2004-09-13,1.033,-0.008637
2004-09-14,1.05,0.016457
2004-09-15,1.073,0.021905
2004-09-16,1.078,0.00466
2004-09-17,1.097,0.017625
2004-09-20,1.109,0.010939
2004-09-21,1.102,-0.006312
2004-09-22,1.093,-0.008167
2004-09-23,1.114,0.019213
2004-09-24,1.108,-0.005386
2004-09-27,1.111,0.002708
2004-09-28,1.117,0.005401
2004-09-29,1.11,-0.006267
2004-09-30,1.108,-0.001802
2004-10-08,1.12,0.01083
2004-10-11,1.114,-0.005357
2004-10-12,1.104,-0.008977
2004-10-13,1.105,0.000906
2004-10-14,1.091,-0.01267
2004-10-15,1.094,0.00275
2004-10-18,1.092,-0.001828
2004-10-19,1.097,0.004579
2004-10-20,1.101,0.003646
2004-10-21,1.1,-0.000908
2004-10-22,1.109,0.008182
2004-10-25,1.105,-0.003607
2004-10-26,1.112,0.006335
2004-10-27,1.113,0.000899
2004-10-28,1.111,-0.001797
2004-10-29,1.103,-0.007201
2004-11-01,1.1,-0.00272
2004-11-02,1.096,-0.003636
2004-11-03,1.103,0.006387
2004-11-04,1.091,-0.010879
2004-11-05,1.087,-0.003666
2004-11-08,1.091,0.00368
2004-11-09,1.094,0.00275
2004-11-10,1.113,0.017367
2004-11-11,1.106,-0.006289
2004-11-12,1.109,0.002712
2004-11-15,1.114,0.004509
2004-11-16,1.115,0.000898
2004-11-17,1.111,-0.003587
2004-11-18,1.114,0.0027
2004-11-19,1.118,0.003591
2004-11-22,1.115,-0.002683
2004-11-23,1.108,-0.006278
2004-11-24,1.108,0.0
2004-11-25,1.107,-0.000903
2004-11-26,1.106,-0.000903
2004-11-29,1.102,-0.003617
2004-11-30,1.101,-0.000907
2004-12-01,1.096,-0.004541
2004-12-02,1.09,-0.005474
2004-12-03,1.094,0.00367
2004-12-06,1.093,-0.000914
2004-12-07,1.09,-0.002745
2004-12-08,1.092,0.001835
2004-12-09,1.095,0.002747
2004-12-10,1.094,-0.000913
2004-12-13,1.092,-0.001828
2004-12-14,1.091,-0.000916
2004-12-15,1.094,0.00275
2004-12-16,1.095,0.000914
2004-12-17,1.09,-0.004566
2004-12-20,1.08,-0.009174
2004-12-21,1.078,-0.001852
2004-12-22,1.09,0.011132
2004-12-23,1.084,-0.005505
2004-12-24,1.086,0.001845
2004-12-27,1.086,0.0
2004-12-28,1.09,0.003683
2004-12-29,1.09,0.0
2004-12-30,1.092,0.001835
2004-12-31,1.095,0.002747
2005-01-04,1.086,-0.008219
2005-01-05,1.091,0.004604
2005-01-06,1.086,-0.004583
2005-01-07,1.088,0.001842
2005-01-10,1.092,0.003676
2005-01-11,1.094,0.001832
2005-01-12,1.095,0.000914
2005-01-13,1.097,0.001826
2005-01-14,1.092,-0.004558
2005-01-17,1.086,-0.005495
2005-01-18,1.086,0.0
2005-01-19,1.078,-0.007366
2005-01-20,1.073,-0.004638
2005-01-21,1.088,0.013979
2005-01-24,1.099,0.01011
2005-01-25,1.102,0.00273
2005-01-26,1.098,-0.00363
2005-01-27,1.093,-0.004554
2005-01-28,1.093,0.0
2005-01-31,1.09,-0.002745
2005-02-01,1.09,0.0
2005-02-02,1.122,0.029358
2005-02-03,1.116,-0.005348
2005-02-04,1.133,0.015233
2005-02-16,1.137,0.00353
2005-02-17,1.128,-0.007916
2005-02-18,1.118,-0.008865
2005-02-21,1.133,0.013417
2005-02-22,1.147,0.012357
2005-02-23,1.142,-0.004359
2005-02-24,1.137,-0.004378
2005-02-25,1.139,0.001759
2005-02-28,1.132,-0.006146
2005-03-01,1.127,-0.004417
2005-03-02,1.119,-0.007098
2005-03-03,1.122,0.002681
2005-03-04,1.124,0.001783
2005-03-07,1.132,0.007117
2005-03-08,1.141,0.007951
2005-03-09,1.141,0.0
2005-03-10,1.13,-0.009641
2005-03-11,1.138,0.00708
2005-03-14,1.154,0.01406
2005-03-15,1.14,-0.012132
2005-03-16,1.132,-0.007018
2005-03-17,1.128,-0.003534
2005-03-18,1.122,-0.005319
2005-03-21,1.126,0.003565
2005-03-22,1.134,0.007105
2005-03-23,1.129,-0.004409
2005-03-24,1.119,-0.008857
2005-03-25,1.121,0.001787
2005-03-28,1.127,0.005352
2005-03-29,1.124,-0.002662
2005-03-30,1.115,-0.008007
2005-03-31,1.117,0.001794
2005-04-01,1.141,0.021486
2005-04-04,1.139,-0.001753
2005-04-05,1.143,0.003512
2005-04-06,1.167,0.020997
2005-04-07,1.17,0.002571
2005-04-08,1.179,0.007692
2005-04-11,1.161,-0.015267
2005-04-12,1.158,-0.002584
2005-04-13,1.166,0.006908
2005-04-14,1.162,-0.003431
2005-04-15,1.156,-0.005164
2005-04-18,1.15,-0.00519
2005-04-19,1.151,0.00087
2005-04-20,1.148,-0.002606
2005-04-21,1.156,0.006969
2005-04-22,1.154,-0.00173
2005-04-25,1.161,0.006066
2005-04-26,1.16,-0.000861
2005-04-27,1.163,0.002586
2005-04-28,1.172,0.007739
2005-04-29,1.168,-0.003413
2005-05-09,1.146,-0.018836
2005-05-10,1.144,-0.001745
2005-05-11,1.12,-0.020979
2005-05-12,1.108,-0.010714
2005-05-13,1.102,-0.005415
2005-05-16,1.097,-0.004537
2005-05-17,1.107,0.009116
2005-05-18,1.099,-0.007227
2005-05-19,1.099,0.0
2005-05-20,1.1,0.00091
2005-05-23,1.089,-0.01
2005-05-24,1.09,0.000918
2005-05-25,1.088,-0.001835
2005-05-26,1.072,-0.014706
2005-05-27,1.055,-0.015858
2005-05-30,1.056,0.000948
2005-05-31,1.06,0.003788
2005-06-01,1.05,-0.009434
2005-06-02,1.023,-0.025714
2005-06-03,1.03,0.006843
2005-06-06,1.057,0.026214
2005-06-07,1.056,-0.000946
2005-06-08,1.109,0.050189
2005-06-09,1.104,-0.004509
2005-06-10,1.092,-0.01087
2005-06-13,1.086,-0.005495
2005-06-14,1.083,-0.002762
2005-06-15,1.077,-0.00554
2005-06-16,1.088,0.010214
2005-06-17,1.086,-0.001838
2005-06-20,1.109,0.021179
2005-06-21,1.102,-0.006312
2005-06-22,1.113,0.009982
2005-06-23,1.107,-0.005391
2005-06-24,1.108,0.000903
2005-06-27,1.1158,0.00704
2005-06-28,1.106,-0.008783
2005-06-29,1.101,-0.004521
2005-06-30,1.097,-0.003633
2005-07-01,1.085,-0.010939
2005-07-04,1.089,0.003687
2005-07-05,1.086,-0.002755
2005-07-06,1.073,-0.011971
2005-07-07,1.069,-0.003728
2005-07-08,1.069,0.0
2005-07-11,1.07,0.000935
2005-07-12,1.085,0.014019
2005-07-13,1.083,-0.001843
2005-07-14,1.088,0.004617
2005-07-15,1.085,-0.002757
2005-07-18,1.082,-0.002765
2005-07-19,1.079,-0.002773
2005-07-20,1.087,0.007414
2005-07-21,1.086,-0.00092
2005-07-22,1.097,0.010129
2005-07-25,1.097,0.0
2005-07-26,1.107,0.009116
2005-07-27,1.119,0.01084
2005-07-28,1.117,-0.001787
2005-07-29,1.111,-0.005372
2005-08-01,1.115,0.0036
2005-08-02,1.119,0.003587
2005-08-03,1.119,0.0
2005-08-04,1.116,-0.002681
2005-08-05,1.127,0.009857
2005-08-08,1.12,-0.006211
2005-08-09,1.115,-0.004464
2005-08-10,1.12,0.004484
2005-08-11,1.134,0.0125
2005-08-12,1.127,-0.006173
2005-08-15,1.139,0.010648
2005-08-16,1.131,-0.007024
2005-08-17,1.138,0.006189
2005-08-18,1.121,-0.014938
2005-08-19,1.12,-0.000892
2005-08-22,1.126,0.005357
2005-08-23,1.126,0.0
2005-08-24,1.129,0.002664
2005-08-25,1.125,-0.003543
2005-08-26,1.123,-0.001778
2005-08-29,1.118,-0.004452
2005-08-30,1.119,0.000894
2005-08-31,1.129,0.008937
2005-09-01,1.139,0.008857
2005-09-02,1.143,0.003512
2005-09-05,1.143,0.0
2005-09-06,1.134,-0.007874
2005-09-07,1.143,0.007937
2005-09-08,1.147,0.0035
2005-09-09,1.144,-0.002616
2005-09-12,1.146,0.001748
2005-09-13,1.158,0.010471
2005-09-14,1.159,0.000864
2005-09-15,1.159,0.0
2005-09-16,1.156,-0.002588
2005-09-19,1.155,-0.000865
2005-09-20,1.149,-0.005195
2005-09-21,1.14,-0.007833
2005-09-22,1.131,-0.007895
2005-09-23,1.131,0.0
2005-09-26,1.134,0.002653
2005-09-27,1.133,-0.000882
2005-09-28,1.135,0.001765
2005-09-29,1.143,0.007048
2005-09-30,1.147,0.0035
2005-10-10,1.142,-0.004359
2005-10-11,1.15,0.007005
2005-10-12,1.158,0.006957
2005-10-13,1.153,-0.004318
2005-10-14,1.142,-0.00954
2005-10-17,1.144,0.001751
2005-10-18,1.145,0.000874
2005-10-19,1.139,-0.00524
2005-10-20,1.139,0.0
2005-10-21,1.141,0.001756
2005-10-24,1.148,0.006135
2005-10-25,1.135,-0.011324
2005-10-26,1.121,-0.012335
2005-10-27,1.125,0.003568
2005-10-28,1.121,-0.003556
2005-10-31,1.125,0.003568
2005-11-01,1.122,-0.002667
2005-11-02,1.126,0.003565
2005-11-03,1.115,-0.009769
2005-11-04,1.115,0.0
2005-11-07,1.115,0.0
2005-11-08,1.12,0.004484
2005-11-09,1.123,0.002679
2005-11-10,1.117,-0.005343
2005-11-11,1.117,0.0
2005-11-14,1.112,-0.004476
2005-11-15,1.099,-0.011691
2005-11-16,1.099,0.0
2005-11-17,1.092,-0.006369
2005-11-18,1.102,0.009158
2005-11-21,1.104,0.001815
2005-11-22,1.102,-0.001812
2005-11-23,1.107,0.004537
2005-11-24,1.106,-0.000903
2005-11-25,1.107,0.000904
2005-11-28,1.101,-0.00542
2005-11-29,1.091,-0.009083
2005-11-30,1.09,-0.000917
2005-12-01,1.089,-0.000917
2005-12-02,1.087,-0.001837
2005-12-05,1.08,-0.00644
2005-12-06,1.078,-0.001852
2005-12-07,1.083,0.004638
2005-12-08,1.084,0.000923
2005-12-09,1.093,0.008303
2005-12-12,1.091,-0.00183
2005-12-13,1.09,-0.000917
2005-12-14,1.1,0.009174
2005-12-15,1.103,0.002727
2005-12-16,1.109,0.00544
2005-12-19,1.107,-0.001803
2005-12-20,1.11,0.00271
2005-12-21,1.11,0.0
2005-12-22,1.118,0.007207
2005-12-23,1.126,0.007156
2005-12-26,1.133,0.006217
2005-12-27,1.132,-0.000883
2005-12-28,1.134,0.001767
2005-12-29,1.155,0.018519
2005-12-30,1.148,-0.006061
2005-12-31,1.148,0.0
2006-01-04,1.153,0.004355
2006-01-05,1.164,0.00954
2006-01-06,1.177,0.011168
2006-01-09,1.183,0.005098
2006-01-10,1.182,-0.000845
2006-01-11,1.184,0.001692
2006-01-12,1.193,0.007601
2006-01-13,1.189,-0.003353
2006-01-16,1.174,-0.012616
2006-01-17,1.174,0.0
2006-01-18,1.185,0.00937
2006-01-19,1.189,0.003376
2006-01-20,1.194,0.004205
2006-01-23,1.189,-0.004188
2006-01-24,1.194,0.004205
2006-01-25,1.211,0.014238
2006-02-06,1.229,0.014864
2006-02-07,1.22,-0.007323
2006-02-08,1.209,-0.009016
2006-02-09,1.197,-0.009926
2006-02-10,1.208,0.00919
2006-02-13,1.217,0.00745
2006-02-14,1.23,0.010682
2006-02-15,1.229,-0.000813
2006-02-16,1.209,-0.016273
2006-02-17,1.206,-0.002481
2006-02-20,1.207,0.000829
2006-02-21,1.22,0.010771
2006-02-22,1.219,-0.00082
2006-02-23,1.213,-0.004922
2006-02-24,1.225,0.009893
2006-02-27,1.224,-0.000816
2006-02-28,1.236,0.009804
2006-03-01,1.245,0.007282
2006-03-02,1.236,-0.007229
2006-03-03,1.24,0.003236
2006-03-06,1.242,0.001613
2006-03-07,1.222,-0.016103
2006-03-08,1.219,-0.002455
2006-03-09,1.218,-0.00082
2006-03-10,1.224,0.004926
2006-03-13,1.241,0.013889
2006-03-14,1.245,0.003223
2006-03-15,1.256,0.008835
2006-03-16,1.259,0.002389
2006-03-17,1.254,-0.003971
2006-03-20,1.26,0.004785
2006-03-21,1.271,0.00873
2006-03-22,1.286,0.011802
2006-03-23,1.29,0.00311
2006-03-24,1.287,-0.002326
2006-03-27,1.294,0.005439
2006-03-28,1.311,0.013138
2006-03-29,1.32,0.006865
2006-03-30,1.32,0.0
2006-03-31,1.335,0.011364
2006-04-03,1.355,0.014981
2006-04-04,1.362,0.005166
2006-04-05,1.382,0.014684
2006-04-06,1.393,0.007959
2006-04-07,1.391,-0.001436
2006-04-10,1.398,0.005032
2006-04-11,1.409,0.007868
2006-04-12,1.402,-0.004968
2006-04-13,1.373,-0.020685
2006-04-14,1.397,0.01748
2006-04-17,1.391,-0.004295
2006-04-18,1.394,0.002157
2006-04-19,1.432,0.02726
2006-04-20,1.431,-0.000698
2006-04-21,1.454,0.016073
2006-04-24,1.468,0.009629
2006-04-25,1.478,0.006812
2006-04-26,1.488,0.006766
2006-04-27,1.501,0.008737
2006-04-28,1.524,0.015323
2006-05-08,1.565,0.026903
2006-05-09,1.602,0.023642
2006-05-10,1.632,0.018727
2006-05-11,1.65,0.011029
2006-05-12,1.71,0.036364
2006-05-15,1.771,0.035673
2006-05-16,1.718,-0.029927
2006-05-17,1.694,-0.01397
2006-05-18,1.71,0.009445
2006-05-19,1.736,0.015205
2006-05-22,1.69,-0.026498
2006-05-23,1.648,-0.024852
2006-05-24,1.661,0.007888
2006-05-25,1.661,0.0
2006-05-26,1.685,0.014449
2006-05-29,1.717,0.018991
2006-05-30,1.747,0.017472
2006-05-31,1.746,-0.000572
2006-06-01,1.77,0.013746
2006-06-02,1.756,-0.00791
2006-06-05,1.754,-0.001139
2006-06-06,1.722,-0.018244
2006-06-07,1.664,-0.033682
2006-06-08,1.674,0.00601
2006-06-09,1.679,0.002987
2006-06-12,1.715,0.021441
2006-06-13,1.725,0.005831
2006-06-14,1.713,-0.006957
2006-06-15,1.724,0.006421
2006-06-16,1.748,0.013921
2006-06-19,1.771,0.013158
2006-06-20,1.774,0.001694
2006-06-21,1.768,-0.003382
2006-06-22,1.757,-0.006222
2006-06-23,1.758,0.000569
2006-06-26,1.767,0.005119
2006-06-27,1.772,0.00283
2006-06-28,1.768,-0.002257
2006-06-29,1.801,0.018665
2006-06-30,1.811,0.005552
2006-07-03,1.811,0.0
2006-07-04,1.807,-0.002209
2006-07-05,1.799,-0.004427
2006-07-06,1.821,0.012229
2006-07-07,1.818,-0.001647
2006-07-10,1.806,-0.006601
2006-07-11,1.808,0.001107
2006-07-12,1.811,0.001659
2006-07-13,1.771,-0.022087
2006-07-14,1.772,0.000565
2006-07-17,1.772,0.0
2006-07-18,1.765,-0.00395
2006-07-19,1.741,-0.013598
2006-07-20,1.744,0.001723
2006-07-21,1.759,0.008601
2006-07-24,1.765,0.003411
2006-07-25,1.78,0.008499
2006-07-26,1.77,-0.005618
2006-07-27,1.759,-0.006215
2006-07-28,1.743,-0.009096
2006-07-31,1.711,-0.018359
2006-08-01,1.703,-0.004676
2006-08-02,1.693,-0.005872
2006-08-03,1.692,-0.000591
2006-08-04,1.671,-0.012411
2006-08-07,1.666,-0.002992
2006-08-08,1.675,0.005402
2006-08-09,1.67,-0.002985
2006-08-10,1.678,0.00479
2006-08-11,1.687,0.005364
2006-08-14,1.655,-0.018969
2006-08-15,1.666,0.006647
2006-08-16,1.68,0.008403
2006-08-17,1.674,-0.003571
2006-08-18,1.67,-0.002389
2006-08-21,1.673,0.001796
2006-08-22,1.694,0.012552
2006-08-23,1.693,-0.00059
2006-08-24,1.696,0.001772
2006-08-25,1.697,0.00059
2006-08-28,1.718,0.012375
2006-08-29,1.747,0.01688
2006-08-30,1.744,-0.001717
2006-08-31,1.749,0.002867
2006-09-01,1.741,-0.004574
2006-09-04,1.754,0.007467
2006-09-05,1.75,-0.002281
2006-09-06,1.751,0.000571
2006-09-07,1.736,-0.008567
2006-09-08,1.738,0.001152
2006-09-11,1.737,-0.000575
2006-09-12,1.736,-0.000576
2006-09-13,1.728,-0.004608
2006-09-14,1.734,0.003472
2006-09-15,1.748,0.008074
2006-09-18,1.76,0.006865
2006-09-19,1.772,0.006818
2006-09-20,1.777,0.002822
2006-09-21,1.788,0.00619
2006-09-22,1.792,0.002237
2006-09-25,1.791,-0.000558
2006-09-26,1.779,-0.0067
2006-09-27,1.784,0.002811
2006-09-28,1.802,0.01009
2006-09-29,1.81,0.00444
2006-09-30,1.81,0.0
2006-10-09,1.833,0.012707
2006-10-10,1.825,-0.004364
2006-10-11,1.81,-0.008219
2006-10-12,1.793,-0.009392
2006-10-13,1.793,0.0
2006-10-16,1.764,-0.016174
2006-10-17,1.774,0.005669
2006-10-18,1.787,0.007328
2006-10-19,1.792,0.002798
2006-10-20,1.789,-0.001674
2006-10-23,1.764,-0.013974
2006-10-24,1.776,0.006803
2006-10-25,1.797,0.011824
2006-10-26,1.797,0.0
2006-10-27,1.783,-0.007791
2006-10-30,1.775,-0.004487
2006-10-31,1.78,0.002817
2006-11-01,1.785,0.002809
2006-11-02,1.779,-0.003361
2006-11-03,1.779,0.0
2006-11-06,1.781,0.001124
2006-11-07,1.779,-0.001123
2006-11-08,1.781,0.001124
2006-11-09,1.789,0.004492
2006-11-10,1.777,-0.006708
2006-11-13,1.758,-0.010692
2006-11-14,1.774,0.009101
2006-11-15,1.805,0.017475
2006-11-16,1.817,0.006648
2006-11-17,1.835,0.009906
2006-11-20,1.828,-0.003815
2006-11-21,1.833,0.002735
2006-11-22,1.841,0.004364
2006-11-23,1.837,-0.002173
2006-11-24,1.857,0.010887
2006-11-27,1.87,0.007001
2006-11-28,1.881,0.005882
2006-11-29,1.91,0.015417
2006-11-30,1.934,0.012565
2006-12-01,1.956,0.011375
2006-12-04,1.971,0.007669
2006-12-05,1.969,-0.001015
2006-12-06,1.951,-0.009142
2006-12-07,1.934,-0.008713
2006-12-08,1.918,-0.008273
2006-12-11,1.949,0.016163
2006-12-12,1.967,0.009236
2006-12-13,1.983,0.008134
2006-12-14,1.996,0.006556
2006-12-15,2.023,0.013527
2006-12-18,2.072,0.024221
2006-12-19,2.063,-0.004344
2006-12-20,2.074,0.005332
2006-12-21,2.058,-0.007715
2006-12-22,2.052,-0.002915
2006-12-25,2.078,0.012671
2006-12-26,2.082,0.001925
2006-12-27,2.1,0.008646
2006-12-28,2.101,0.000476
2006-12-29,2.13,0.013803
2006-12-31,2.13,0.0
2007-01-04,2.134,0.001878
2007-01-05,2.123,-0.005155
2007-01-08,2.14,0.008008
2007-01-09,2.177,0.01729
2007-01-10,2.197,0.009187
2007-01-11,2.188,-0.004096
2007-01-12,2.175,-0.005941
2007-01-15,2.225,0.022989
2007-01-16,2.27,0.020225
2007-01-17,2.253,-0.007489
2007-01-18,2.265,0.005326
2007-01-19,2.308,0.018985
2007-01-22,2.356,0.020797
2007-01-23,2.344,-0.005093
2007-01-24,2.348,0.001706
2007-01-25,2.315,-0.014055
2007-01-26,2.332,0.007343
2007-01-29,2.349,0.00729
2007-01-30,2.349,0.0
2007-01-31,2.276,-0.031077
2007-02-01,2.283,0.003076
2007-02-02,2.244,-0.017083
2007-02-05,2.236,-0.003565
2007-02-06,2.233,-0.001342
2007-02-07,2.252,0.008509
2007-02-08,2.267,0.006661
2007-02-09,2.258,-0.00397
2007-02-12,2.291,0.014615
2007-02-13,2.314,0.010039
2007-02-14,2.328,0.00605
2007-02-15,2.354,0.011168
2007-02-16,2.356,0.00085
2007-02-26,2.359,0.001273
2007-02-27,2.259,-0.042391
2007-02-28,2.271,0.005312
2007-03-01,2.238,-0.014531
2007-03-02,2.249,0.004915
2007-03-05,2.244,-0.002223
2007-03-06,2.265,0.009358
2007-03-07,2.295,0.013245
2007-03-08,2.31,0.006536
2007-03-09,2.31,0.0
2007-03-12,2.305,-0.002165
2007-03-13,2.309,0.001735
2007-03-14,2.297,-0.005197
2007-03-15,2.32,0.010013
2007-03-16,2.307,-0.005603
2007-03-19,2.318,0.004768
2007-03-20,2.317,-0.000431
2007-03-21,2.323,0.00259
2007-03-22,2.323,0.0
2007-03-23,2.318,-0.002152
2007-03-26,2.328,0.004314
2007-03-27,2.331,0.001289
2007-03-28,2.335,0.001716
2007-03-29,2.338,0.001285
2007-03-30,2.333,-0.002139
2007-03-31,2.332,-0.000429
2007-04-02,2.356,0.010292
2007-04-03,2.376,0.008489
2007-04-04,2.384,0.003367
2007-04-05,2.39,0.002517
2007-04-06,2.394,0.001674
2007-04-09,2.412,0.007519
2007-04-10,2.425,0.00539
2007-04-11,2.435,0.004124
2007-04-12,2.455,0.008214
2007-04-13,2.457,0.000815
2007-04-16,2.492,0.014245
2007-04-17,2.505,0.005217
2007-04-18,2.523,0.007186
2007-04-19,2.478,-0.017836
2007-04-20,2.525,0.018967
2007-04-23,2.562,0.014653
2007-04-24,2.563,0.00039
2007-04-25,2.56,-0.001171
2007-04-26,2.576,0.00625
2007-04-27,2.565,-0.00427
2007-04-30,2.643,0.030409
2007-05-08,2.675,0.012107
2007-05-09,2.684,0.003364
2007-05-10,2.671,-0.004844
2007-05-11,2.672,0.000374
2007-05-14,2.705,0.01235
2007-05-15,2.669,-0.013309
2007-05-16,2.703,0.012739
2007-05-17,2.735,0.011839
2007-05-18,2.738,0.001097
2007-05-21,2.774,0.013148
2007-05-22,2.781,0.002523
2007-05-23,2.799,0.006472
2007-05-24,2.794,-0.001786
2007-05-25,2.821,0.009664
2007-05-28,2.861,0.014179
2007-05-29,2.909,0.016777
2007-05-30,2.822,-0.029907
2007-05-31,2.88,0.020553
2007-06-01,2.828,-0.018056
2007-06-04,2.746,-0.028996
2007-06-05,2.794,0.01748
2007-06-06,2.848,0.019327
2007-06-07,2.9,0.018258
2007-06-08,2.924,0.008276
2007-06-11,2.978,0.018468
2007-06-12,3.018,0.013432
2007-06-13,3.023,0.001657
2007-06-14,3.009,-0.004631
2007-06-15,3.009,0.0
2007-06-18,3.038,0.009638
2007-06-19,3.046,0.002633
2007-06-20,3.019,-0.008864
2007-06-21,3.03,0.003644
2007-06-22,2.993,-0.012211
2007-06-25,2.95,-0.014367
2007-06-26,2.965,0.005085
2007-06-27,3.001,0.012142
2007-06-28,2.954,-0.015661
2007-06-29,3.028,0.025051
2007-06-30,3.028,0.0
2007-07-02,3.012,-0.005284
2007-07-03,3.032,0.00664
2007-07-04,3.017,-0.004947
2007-07-05,2.967,-0.016573
2007-07-06,3.005,0.012808
2007-07-09,3.038,0.010982
2007-07-10,3.013,-0.008229
2007-07-11,3.021,0.002655
2007-07-12,3.022,0.000331
2007-07-13,3.021,-0.000331
2007-07-16,2.997,-0.007944
2007-07-17,3.021,0.008008
2007-07-18,3.027,0.001986
2007-07-19,3.029,0.000661
2007-07-20,3.057,0.009244
2007-07-23,3.093,0.011776
2007-07-24,3.092,-0.000323
2007-07-25,3.108,0.005175
2007-07-26,3.116,0.002574
2007-07-27,3.117,0.000321
2007-07-30,3.143,0.008341
2007-07-31,3.153,0.003182
2007-08-01,3.114,-0.012369
2007-08-02,3.149,0.01124
2007-08-03,3.184,0.011115
2007-08-06,3.205,0.006595
2007-08-07,3.214,0.002808
2007-08-08,3.205,-0.0028
2007-08-09,3.229,0.007488
2007-08-10,3.22,-0.002787
2007-08-13,3.226,0.001863
2007-08-14,3.243,0.00527
2007-08-15,3.251,0.002467
2007-08-16,3.232,-0.005844
2007-08-17,3.204,-0.008663
2007-08-20,3.252,0.014981
2007-08-21,3.263,0.003383
2007-08-22,3.271,0.002452
2007-08-23,3.284,0.003974
2007-08-24,3.296,0.003654
2007-08-27,3.298,0.000607
2007-08-28,3.296,-0.000606
2007-08-29,3.291,-0.001517
2007-08-30,3.295,0.001215
2007-08-31,3.303,0.002428
2007-09-03,3.314,0.00333
2007-09-04,3.309,-0.001509
2007-09-05,3.308,-0.000302
2007-09-06,3.314,0.001814
2007-09-07,3.31,-0.001207
2007-09-10,3.318,0.002417
2007-09-11,3.297,-0.006329
2007-09-12,3.307,0.003033
2007-09-13,3.324,0.005141
2007-09-14,3.336,0.00361
2007-09-17,3.347,0.003297
2007-09-18,3.34,-0.002091
2007-09-19,3.336,-0.001198
2007-09-20,3.35,0.004197
2007-09-21,3.344,-0.001791
2007-09-24,3.348,0.001196
2007-09-25,3.335,-0.003883
2007-09-26,3.321,-0.004198
2007-09-27,3.333,0.003613
2007-09-28,3.35,0.005101
2007-09-30,3.35,0.0
2007-10-08,3.358,0.002388
2007-10-09,3.371,0.003871
2007-10-10,3.386,0.00445
2007-10-11,3.401,0.00443
2007-10-12,3.404,0.000882
2007-10-15,3.408,0.001175
2007-10-16,3.418,0.002934
2007-10-17,3.403,-0.004389
2007-10-18,3.366,-0.010873
2007-10-19,3.374,0.002377
2007-10-22,3.349,-0.00741
2007-10-23,3.36,0.003285
2007-10-24,3.368,0.002381
2007-10-25,3.336,-0.009501
2007-10-26,3.346,0.002998
2007-10-29,3.37,0.007173
2007-10-30,3.388,0.005341
2007-10-31,3.405,0.005018
2007-11-01,3.392,-0.003818
2007-11-02,3.36,-0.009434
2007-11-05,3.342,-0.005357
2007-11-06,3.34,-0.000598
2007-11-07,3.349,0.002695
2007-11-08,3.316,-0.009854
2007-11-09,3.308,-0.002413
2007-11-12,3.295,-0.00393
2007-11-13,3.287,-0.002428
2007-11-14,3.32,0.01004
2007-11-15,3.31,-0.003012
2007-11-16,3.298,-0.003625
2007-11-19,3.295,-0.00091
2007-11-20,3.307,0.003642
2007-11-21,3.3,-0.002117
2007-11-22,3.268,-0.009697
2007-11-23,3.288,0.00612
2007-11-26,3.281,-0.002129
2007-11-27,3.27,-0.003353
2007-11-28,3.259,-0.003364
2007-11-29,3.289,0.009205
2007-11-30,3.273,-0.004865
2007-12-03,3.277,0.001222
2007-12-04,3.285,0.002441
2007-12-05,3.31,0.00761
2007-12-06,3.313,0.000906
2007-12-07,3.323,0.003018
2007-12-10,3.34,0.005116
2007-12-11,3.341,0.000299
2007-12-12,3.331,-0.002993
2007-12-13,3.3,-0.009307
2007-12-14,3.312,0.003636
2007-12-17,3.292,-0.006039
2007-12-18,3.291,-0.000304
2007-12-19,3.307,0.004862
2007-12-20,3.32,0.003931
2007-12-21,3.333,0.003916
2007-12-24,3.35,0.005101
2007-12-25,3.353,0.000896
2007-12-26,3.357,0.001193
2007-12-27,3.375,0.005362
2007-12-28,3.372,-0.000889
2007-12-29,3.372,0.0
2007-12-31,3.372,0.0
2008-01-02,3.377,0.001483
2008-01-03,3.382,0.001481
2008-01-04,3.386,0.001183
2008-01-07,3.401,0.00443
2008-01-08,3.395,-0.001764
2008-01-09,3.41,0.004418
2008-01-10,3.424,0.004106
2008-01-11,3.434,0.002921
2008-01-14,3.438,0.001165
2008-01-15,3.431,-0.002036
2008-01-16,3.402,-0.008452
2008-01-17,3.388,-0.004115
2008-01-18,3.397,0.002656
2008-01-21,3.365,-0.00942
2008-01-22,3.318,-0.013967
2008-01-23,3.354,0.01085
2008-01-24,3.368,0.004174
2008-01-25,3.378,0.002969
2008-01-28,3.331,-0.013914
2008-01-29,3.333,0.0006
2008-01-30,3.318,-0.0045
2008-01-31,3.302,-0.004822
2008-02-01,3.301,-0.000303
2008-02-04,3.359,0.01757
2008-02-05,3.352,-0.002084
2008-02-13,3.335,-0.005072
2008-02-14,3.345,0.002999
2008-02-15,3.336,-0.002691
2008-02-18,3.354,0.005396
2008-02-19,3.368,0.004174
2008-02-20,3.35,-0.005344
2008-02-21,3.35,0.0
2008-02-22,3.325,-0.007463
2008-02-25,3.305,-0.006015
2008-02-26,3.299,-0.001815
2008-02-27,3.313,0.004244
2008-02-28,3.312,-0.000302
2008-02-29,3.318,0.001812
2008-03-03,3.334,0.004822
2008-03-04,3.321,-0.003899
2008-03-05,3.314,-0.002108
2008-03-06,3.318,0.001207
2008-03-07,3.312,-0.001808
2008-03-10,3.288,-0.007246
2008-03-11,3.289,0.000304
2008-03-12,3.272,-0.005169
2008-03-13,3.256,-0.00489
2008-03-14,3.248,-0.002457
2008-03-17,3.221,-0.008313
2008-03-18,3.196,-0.007762
2008-03-19,3.218,0.006884
2008-03-20,3.238,0.006215
2008-03-21,3.249,0.003397
2008-03-24,3.225,-0.007387
2008-03-25,3.237,0.003721
2008-03-26,3.241,0.001236
2008-03-27,3.225,-0.004937
2008-03-28,3.25,0.007752
2008-03-31,3.233,-0.005231
2008-04-01,3.198,-0.010826
2008-04-02,3.19,-0.002502
2008-04-03,3.207,0.005329
2008-04-07,3.237,0.009355
2008-04-08,3.243,0.001854
2008-04-09,3.217,-0.008017
2008-04-10,3.231,0.004352
2008-04-11,3.236,0.001548
2008-04-14,3.199,-0.011434
2008-04-15,3.204,0.001563
2008-04-16,3.194,-0.003121
2008-04-17,3.177,-0.005322
2008-04-18,3.163,-0.004407
2008-04-21,3.162,-0.000316
2008-04-22,3.163,0.000316
2008-04-23,3.191,0.008852
2008-04-24,3.239,0.015042
2008-04-25,3.236,-0.000926
2008-04-28,3.228,-0.002472
2008-04-29,3.234,0.001859
2008-04-30,3.258,0.007421
2008-05-05,3.271,0.00399
2008-05-06,3.263,-0.002446
2008-05-07,3.244,-0.005823
2008-05-08,3.259,0.004624
2008-05-09,3.258,-0.000307
2008-05-12,3.263,0.001535
2008-05-13,3.27,0.002145
2008-05-14,3.28,0.003058
2008-05-15,3.274,-0.001829
2008-05-16,3.268,-0.001833
2008-05-19,3.268,0.0
2008-05-20,3.245,-0.007038
2008-05-21,3.252,0.002157
2008-05-22,3.247,-0.001538
2008-05-23,3.242,-0.00154
2008-05-26,3.231,-0.003393
2008-05-27,3.231,0.0
2008-05-28,3.242,0.003405
2008-05-29,3.233,-0.002776
2008-05-30,3.233,0.0
2008-06-02,3.233,0.0
2008-06-03,3.232,-0.000309
2008-06-04,3.226,-0.001856
2008-06-05,3.219,-0.00217
2008-06-06,3.216,-0.000932
2008-06-10,3.187,-0.009017
2008-06-11,3.181,-0.001883
2008-06-12,3.175,-0.001886
2008-06-13,3.164,-0.003465
2008-06-16,3.161,-0.000948
2008-06-17,3.15,-0.00348
2008-06-18,3.166,0.005079
2008-06-19,3.141,-0.007896
2008-06-20,3.145,0.001273
2008-06-23,3.135,-0.00318
2008-06-24,3.145,0.00319
2008-06-25,3.162,0.005405
2008-06-26,3.164,0.000633
2008-06-27,3.147,-0.005373
2008-06-30,3.143,-0.001271
2008-07-01,3.132,-0.0035
2008-07-02,3.133,0.000319
2008-07-03,3.143,0.003192
2008-07-04,3.141,-0.000636
2008-07-07,3.159,0.005731
2008-07-08,3.163,0.001266
2008-07-09,3.177,0.004426
2008-07-10,3.173,-0.001259
2008-07-11,3.169,-0.001261
2008-07-14,3.174,0.001578
2008-07-15,3.159,-0.004726
2008-07-16,3.148,-0.003482
2008-07-17,3.146,-0.000635
2008-07-18,3.156,0.003179
2008-07-21,3.17,0.004436
2008-07-22,3.169,-0.000315
2008-07-23,3.166,-0.000947
2008-07-24,3.176,0.003159
2008-07-25,3.172,-0.001259
2008-07-28,3.174,0.000631
2008-07-29,3.169,-0.001575
2008-07-30,3.166,-0.000947
2008-07-31,3.158,-0.002527
2008-08-01,3.16,0.000633
2008-08-04,3.153,-0.002215
2008-08-05,3.142,-0.003489
2008-08-06,3.144,0.000637
2008-08-07,3.142,-0.000636
2008-08-08,3.127,-0.004774
2008-08-11,3.114,-0.004157
2008-08-12,3.116,0.000642
2008-08-13,3.118,0.000642
2008-08-14,3.118,0.0
2008-08-15,3.118,0.0
2008-08-18,3.102,-0.005131
2008-08-19,3.106,0.001289
2008-08-20,3.133,0.008693
2008-08-21,3.116,-0.005426
2008-08-22,3.11,-0.001926
2008-08-25,3.109,-0.000322
2008-08-26,3.099,-0.003216
2008-08-27,3.093,-0.001936
2008-08-28,3.095,0.000647
2008-08-29,3.102,0.002262
2008-09-01,3.088,-0.004513
2008-09-02,3.08,-0.002591
2008-09-03,3.07,-0.003247
2008-09-04,3.07,0.0
2008-09-05,3.058,-0.003909
2008-09-08,3.05,-0.002616
2008-09-09,3.05,0.0
2008-09-10,3.048,-0.000656
2008-09-11,3.035,-0.004265
2008-09-12,3.034,-0.000329
2008-09-16,3.018,-0.005274
2008-09-17,3.007,-0.003645
2008-09-18,3.003,-0.00133
2008-09-19,3.036,0.010989
2008-09-22,3.058,0.007246
2008-09-23,3.045,-0.004251
2008-09-24,3.046,0.000328
2008-09-25,3.059,0.004268
2008-09-26,3.06,0.000327
2008-09-30,3.06,0.0
2008-10-06,3.039,-0.006863
2008-10-07,3.035,-0.001316
2008-10-08,3.025,-0.003295
2008-10-09,3.022,-0.000992
2008-10-10,3.007,-0.004964
2008-10-13,3.015,0.00266
2008-10-14,3.009,-0.00199
2008-10-15,3.003,-0.001994
2008-10-16,2.987,-0.005328
2008-10-17,2.987,0.0
2008-10-20,2.997,0.003348
2008-10-21,2.999,0.000667
2008-10-22,2.993,-0.002001
2008-10-23,2.994,0.000334
2008-10-24,2.987,-0.002338
2008-10-27,2.967,-0.006696
2008-10-28,2.974,0.002359
2008-10-29,2.968,-0.002017
2008-10-30,2.975,0.002358
2008-10-31,2.971,-0.001345
2008-11-03,2.971,0.0
2008-11-04,2.966,-0.001683
2008-11-05,2.976,0.003372
2008-11-06,2.968,-0.002688
2008-11-07,2.971,0.001011
2008-11-10,2.992,0.007068
2008-11-11,2.991,-0.000334
2008-11-12,2.993,0.000669
2008-11-13,3.007,0.004678
2008-11-14,3.02,0.004323
2008-11-17,3.027,0.002318
2008-11-18,3.004,-0.007598
2008-11-19,3.021,0.005659
2008-11-20,3.015,-0.001986
2008-11-21,3.012,-0.000995
2008-11-24,3.005,-0.002324
2008-11-25,3.004,-0.000333
2008-11-26,3.005,0.000333
2008-11-27,3.012,0.002329
2008-11-28,3.01,-0.000664
2008-12-01,3.017,0.002326
2008-12-02,3.019,0.000663
2008-12-03,3.035,0.0053
2008-12-04,3.041,0.001977
2008-12-05,3.046,0.001644
2008-12-08,3.06,0.004596
2008-12-09,3.052,-0.002614
2008-12-10,3.061,0.002949
2008-12-11,3.054,-0.002287
2008-12-12,3.04,-0.004584
2008-12-15,3.042,0.000658
2008-12-16,3.047,0.001644
2008-12-17,3.051,0.001313
2008-12-18,3.06,0.00295
2008-12-19,3.063,0.00098
2008-12-22,3.062,-0.000326
2008-12-23,3.047,-0.004899
2008-12-24,3.04,-0.002297
2008-12-25,3.039,-0.000329
2008-12-26,3.038,-0.000329
2008-12-29,3.038,0.0
2008-12-30,3.037,-0.000329
2008-12-31,3.035,-0.000659
2009-01-05,3.046,0.003624
2009-01-06,3.056,0.003283
2009-01-07,3.054,-0.000654
2009-01-08,3.047,-0.002292
2009-01-09,3.053,0.001969
2009-01-12,3.054,0.000328
2009-01-13,3.045,-0.002947
2009-01-14,3.056,0.003612
2009-01-15,3.052,-0.001309
2009-01-16,3.057,0.001638
2009-01-19,3.06,0.000981
2009-01-20,3.06,0.0
2009-01-21,3.058,-0.000654
2009-01-22,3.064,0.001962
2009-01-23,3.061,-0.000979
2009-02-02,3.064,0.00098
2009-02-03,3.073,0.002937
2009-02-04,3.082,0.002929
2009-02-05,3.078,-0.001298
2009-02-06,3.093,0.004873
2009-02-09,3.103,0.003233
2009-02-10,3.106,0.000967
2009-02-11,3.106,0.0
2009-02-12,3.103,-0.000966
2009-02-13,3.116,0.004189
2009-02-16,3.124,0.002567
2009-02-17,3.114,-0.003201
2009-02-18,3.101,-0.004175
2009-02-19,3.102,0.000322
2009-02-20,3.107,0.001612
2009-02-23,3.116,0.002897
2009-02-24,3.101,-0.004814
2009-02-25,3.101,0.0
2009-02-26,3.087,-0.004515
2009-02-27,3.084,-0.000972
2009-03-02,3.087,0.000973
2009-03-03,3.084,-0.000972
2009-03-04,3.104,0.006485
2009-03-05,3.104,0.0
2009-03-06,3.102,-0.000644
2009-03-09,3.091,-0.003546
2009-03-10,3.096,0.001618
2009-03-11,3.093,-0.000969
2009-03-12,3.092,-0.000323
2009-03-13,3.09,-0.000647
2009-03-16,3.095,0.001618
2009-03-17,3.108,0.0042
2009-03-18,3.109,0.000322
2009-03-19,3.114,0.001608
2009-03-20,3.112,-0.000642
2009-03-23,3.119,0.002249
2009-03-24,3.12,0.000321
2009-03-25,3.115,-0.001603
2009-03-26,3.122,0.002247
2009-03-27,3.122,0.0
2009-03-30,3.12,-0.000641
2009-03-31,3.122,0.000641
2009-04-01,3.127,0.001602
2009-04-02,3.133,0.001919
2009-04-03,3.134,0.000319
2009-04-07,3.134,0.0
2009-04-08,3.118,-0.005105
2009-04-09,3.124,0.001924
2009-04-10,3.135,0.003521
2009-04-13,3.144,0.002871
2009-04-14,3.148,0.001272
2009-04-15,3.148,0.0
2009-04-16,3.146,-0.000635
2009-04-17,3.145,-0.000318
2009-04-20,3.153,0.002544
2009-04-21,3.147,-0.001903
2009-04-22,3.133,-0.004449
2009-04-23,3.136,0.000958
2009-04-24,3.136,0.0
2009-04-27,3.128,-0.002551
2009-04-28,3.132,0.001279
2009-04-29,3.148,0.005109
2009-04-30,3.155,0.002224
2009-05-04,3.169,0.004437
2009-05-05,3.172,0.000947
2009-05-06,3.181,0.002837
2009-05-07,3.181,0.0
2009-05-08,3.186,0.001572
2009-05-11,3.176,-0.003139
2009-05-12,3.19,0.004408
2009-05-13,3.191,0.000313
2009-05-14,3.186,-0.001567
2009-05-15,3.188,0.000628
2009-05-18,3.188,0.0
2009-05-19,3.195,0.002196
2009-05-20,3.19,-0.001565
2009-05-21,3.179,-0.003448
2009-05-22,3.178,-0.000315
2009-05-25,3.181,0.000944
2009-05-26,3.177,-0.001257
2009-05-27,3.186,0.002833
2009-06-01,3.203,0.005336
2009-06-02,3.202,-0.000312
2009-06-03,3.218,0.004997
2009-06-04,3.221,0.000932
2009-06-05,3.216,-0.001552
2009-06-08,3.222,0.001866
2009-06-09,3.225,0.000931
2009-06-10,3.227,0.00062
2009-06-11,3.226,-0.00031
2009-06-12,3.215,-0.00341
2009-06-15,3.236,0.006532
2009-06-16,3.233,-0.000927
2009-06-17,3.244,0.003402
2009-06-18,3.253,0.002774
2009-06-19,3.26,0.002152
2009-06-22,3.264,0.001227
2009-06-23,3.267,0.000919
2009-06-24,3.269,0.000612
2009-06-25,3.273,0.001224
2009-06-26,3.28,0.002139
2009-06-29,3.289,0.002744
2009-06-30,3.283,-0.001824
2009-07-01,3.305,0.006701
2009-07-02,3.316,0.003328
2009-07-03,3.322,0.001809
2009-07-06,3.33,0.002408
2009-07-07,3.315,-0.004505
2009-07-08,3.314,-0.000302
2009-07-09,3.329,0.004526
2009-07-10,3.331,0.000601
2009-07-13,3.319,-0.003603
2009-07-14,3.35,0.00934
2009-07-15,3.359,0.002687
2009-07-16,3.364,0.001489
2009-07-17,3.363,-0.000297
2009-07-20,3.375,0.003568
2009-07-21,3.361,-0.004148
2009-07-22,3.372,0.003273
2009-07-23,3.383,0.003262
2009-07-24,3.381,-0.000591
2009-07-27,3.397,0.004732
2009-07-28,3.397,0.0
2009-07-29,3.36,-0.010892
2009-07-30,3.389,0.008631
2009-07-31,3.412,0.006787
2009-08-03,3.421,0.002638
2009-08-04,3.416,-0.001462
2009-08-05,3.401,-0.004391
2009-08-06,3.381,-0.005881
2009-08-07,3.353,-0.008282
2009-08-10,3.351,-0.000596
2009-08-11,3.355,0.001194
2009-08-12,3.313,-0.012519
2009-08-13,3.328,0.004528
2009-08-14,3.303,-0.007512
2009-08-17,3.246,-0.017257
2009-08-18,3.258,0.003697
2009-08-19,3.219,-0.011971
2009-08-20,3.257,0.011805
2009-08-21,3.278,0.006448
2009-08-24,3.286,0.002441
2009-08-25,3.256,-0.00913
2009-08-26,3.268,0.003686
2009-08-27,3.26,-0.002448
2009-08-28,3.223,-0.01135
2009-08-31,3.163,-0.018616
2009-09-01,3.176,0.00411
2009-09-02,3.196,0.006297
2009-09-03,3.238,0.013141
2009-09-04,3.247,0.002779
2009-09-07,3.254,0.002156
2009-09-08,3.271,0.005224
2009-09-09,3.274,0.000917
2009-09-10,3.268,-0.001833
2009-09-11,3.293,0.00765
2009-09-14,3.308,0.004555
2009-09-15,3.307,-0.000302
2009-09-16,3.292,-0.004536
2009-09-17,3.307,0.004557
2009-09-18,3.277,-0.009072
2009-09-21,3.282,0.001526
2009-09-22,3.265,-0.00518
2009-09-23,3.25,-0.004594
2009-09-24,3.26,0.003077
2009-09-25,3.253,-0.002147
2009-09-28,3.229,-0.007378
2009-09-29,3.232,0.000929
2009-09-30,3.239,0.002166
2009-10-09,3.279,0.012349
2009-10-12,3.28,0.000305
2009-10-13,3.291,0.003354
2009-10-14,3.299,0.002431
2009-10-15,3.302,0.000909
2009-10-16,3.3,-0.000606
2009-10-19,3.318,0.005455
2009-10-20,3.332,0.004219
2009-10-21,3.33,-0.0006
2009-10-22,3.322,-0.002402
2009-10-23,3.338,0.004816
2009-10-26,3.34,0.000599
2009-10-27,3.316,-0.007186
2009-10-28,3.316,0.0
2009-10-29,3.298,-0.005428
2009-10-30,3.31,0.003639
2009-11-02,3.348,0.01148
2009-11-03,3.358,0.002987
2009-11-04,3.364,0.001787
2009-11-05,3.368,0.001189
2009-11-06,3.37,0.000594
2009-11-09,3.371,0.000297
2009-11-10,3.381,0.002966
2009-11-11,3.378,-0.000887
2009-11-12,3.376,-0.000592
2009-11-13,3.383,0.002073
2009-11-16,3.41,0.007981
2009-11-17,3.413,0.00088
2009-11-18,3.415,0.000586
2009-11-19,3.417,0.000586
2009-11-20,3.412,-0.001463
2009-11-23,3.42,0.002345
2009-11-24,3.386,-0.009942
2009-11-25,3.405,0.005611
2009-11-26,3.364,-0.012041
2009-11-27,3.345,-0.005648
2009-11-30,3.379,0.010164
2009-12-01,3.394,0.004439
2009-12-02,3.405,0.003241
2009-12-03,3.398,-0.002056
2009-12-04,3.411,0.003826
2009-12-07,3.415,0.001173
2009-12-08,3.405,-0.002928
2009-12-09,3.39,-0.004405
2009-12-10,3.396,0.00177
2009-12-11,3.397,0.000294
2009-12-14,3.41,0.003827
2009-12-15,3.405,-0.001466
2009-12-16,3.402,-0.000881
2009-12-17,3.379,-0.006761
2009-12-18,3.357,-0.006511
2009-12-21,3.355,-0.000596
2009-12-22,3.337,-0.005365
2009-12-23,3.345,0.002397
2009-12-24,3.374,0.00867
2009-12-25,3.375,0.000296
2009-12-28,3.388,0.003852
2009-12-29,3.395,0.002066
2009-12-30,3.409,0.004124
2009-12-31,3.415,0.00176
2010-01-04,3.403,-0.003514
2010-01-05,3.409,0.001763
2010-01-06,3.4,-0.00264
2010-01-07,3.378,-0.006471
2010-01-08,3.382,0.001184
2010-01-11,3.384,0.000591
2010-01-12,3.4,0.004728
2010-01-13,3.373,-0.007941
2010-01-14,3.389,0.004744
2010-01-15,3.392,0.000885
2010-01-18,3.401,0.002653
2010-01-19,3.401,0.0
2010-01-20,3.371,-0.008821
2010-01-21,3.377,0.00178
2010-01-22,3.367,-0.002961
2010-01-25,3.351,-0.004752
2010-01-26,3.331,-0.005968
2010-01-27,3.322,-0.002702
2010-01-28,3.328,0.001806
2010-01-29,3.33,0.000601
2010-02-01,3.32,-0.003003
2010-02-02,3.317,-0.000904
2010-02-03,3.332,0.004522
2010-02-04,3.331,-0.0003
2010-02-05,3.314,-0.005104
2010-02-08,3.309,-0.001509
2010-02-09,3.31,0.000302
2010-02-10,3.321,0.003323
2010-02-11,3.322,0.000301
2010-02-12,3.334,0.003612
2010-02-22,3.328,-0.0018
2010-02-23,3.328,0.0
2010-02-24,3.346,0.005409
2010-02-25,3.359,0.003885
2010-02-26,3.362,0.000893
2010-03-01,3.37,0.00238
2010-03-02,3.366,-0.001187
2010-03-03,3.372,0.001783
2010-03-04,3.347,-0.007414
2010-03-05,3.349,0.000598
2010-03-08,3.355,0.001792
2010-03-09,3.358,0.000894
2010-03-10,3.35,-0.002382
2010-03-11,3.345,-0.001493
2010-03-12,3.334,-0.003288
2010-03-15,3.32,-0.004199
2010-03-16,3.324,0.001205
2010-03-17,3.345,0.006318
2010-03-18,3.342,-0.000897
2010-03-19,3.345,0.000898
2010-03-22,3.348,0.000897
2010-03-23,3.346,-0.000597
2010-03-24,3.35,0.001195
2010-03-25,3.342,-0.002388
2010-03-26,3.352,0.002992
2010-03-29,3.37,0.00537
2010-03-30,3.376,0.00178
2010-03-31,3.373,-0.000889
2010-04-01,3.385,0.003558
2010-04-02,3.386,0.000295
2010-04-06,3.385,-0.000295
2010-04-07,3.384,-0.000295
2010-04-08,3.383,-0.000296
2010-04-09,3.394,0.003252
2010-04-12,3.399,0.001473
2010-04-13,3.405,0.001765
2010-04-14,3.409,0.001175
2010-04-15,3.401,-0.002347
2010-04-16,3.395,-0.001764
2010-04-19,3.36,-0.010309
2010-04-20,3.374,0.004167
2010-04-21,3.396,0.00652
2010-04-22,3.395,-0.000294
2010-04-23,3.387,-0.002356
2010-04-26,3.382,-0.001476
2010-04-27,3.364,-0.005322
2010-04-28,3.366,0.000595
2010-04-29,3.348,-0.005348
2010-04-30,3.344,-0.001195
2010-05-04,3.347,0.000897
2010-05-05,3.365,0.005378
2010-05-06,3.346,-0.005646
2010-05-07,3.33,-0.004782
2010-05-10,3.312,-0.005405
2010-05-11,3.294,-0.005435
2010-05-12,3.288,-0.001821
2010-05-13,3.313,0.007603
2010-05-14,3.32,0.002113
2010-05-17,3.287,-0.00994
2010-05-18,3.298,0.003347
2010-05-19,3.304,0.001819
2010-05-20,3.294,-0.003027
2010-05-21,3.306,0.003643
2010-05-24,3.333,0.008167
2010-05-25,3.325,-0.0024
2010-05-26,3.32,-0.001504
2010-05-27,3.332,0.003614
2010-05-28,3.334,0.0006
2010-05-31,3.324,-0.002999
2010-06-01,3.316,-0.002407
2010-06-02,3.316,0.0
2010-06-03,3.314,-0.000603
2010-06-04,3.315,0.000302
2010-06-07,3.309,-0.00181
2010-06-08,3.312,0.000907
2010-06-09,3.332,0.006039
2010-06-10,3.331,-0.0003
2010-06-11,3.329,-0.0006
2010-06-17,3.315,-0.004205
2010-06-18,3.292,-0.006938
2010-06-21,3.31,0.005468
2010-06-22,3.312,0.000604
2010-06-23,3.309,-0.000906
2010-06-24,3.312,0.000907
2010-06-25,3.304,-0.002415
2010-06-28,3.295,-0.002724
2010-06-29,3.263,-0.009712
2010-06-30,3.261,-0.000613
2010-07-01,3.247,-0.004293
2010-07-02,3.238,-0.002772
2010-07-05,3.237,-0.000309
2010-07-06,3.252,0.004634
2010-07-07,3.261,0.002768
2010-07-08,3.261,0.0
2010-07-09,3.278,0.005213
2010-07-12,3.281,0.000915
2010-07-13,3.273,-0.002438
2010-07-14,3.277,0.001222
2010-07-15,3.265,-0.003662
2010-07-16,3.264,-0.000306
2010-07-19,3.277,0.003983
2010-07-20,3.293,0.004883
2010-07-21,3.293,0.0
2010-07-22,3.304,0.00334
2010-07-23,3.31,0.001816
2010-07-26,3.316,0.001813
2010-07-27,3.318,0.000603
2010-07-28,3.334,0.004822
2010-07-29,3.331,-0.0009
2010-07-30,3.328,-0.000901
2010-08-02,3.343,0.004507
2010-08-03,3.329,-0.004188
2010-08-04,3.333,0.001202
2010-08-05,3.335,0.0006
2010-08-06,3.347,0.003598
2010-08-09,3.35,0.000896
2010-08-10,3.329,-0.006269
2010-08-11,3.333,0.001202
2010-08-12,3.324,-0.0027
2010-08-13,3.336,0.00361
2010-08-16,3.355,0.005695
2010-08-17,3.359,0.001192
2010-08-18,3.357,-0.000595
2010-08-19,3.358,0.000298
2010-08-20,3.346,-0.003574
2010-08-23,3.347,0.000299
2010-08-24,3.353,0.001793
2010-08-25,3.344,-0.002684
2010-08-26,3.346,0.000598
2010-08-27,3.351,0.001494
2010-08-30,3.371,0.005968
2010-08-31,3.377,0.00178
2010-09-01,3.37,-0.002073
2010-09-02,3.381,0.003264
2010-09-03,3.389,0.002366
2010-09-06,3.392,0.000885
2010-09-07,3.392,0.0
2010-09-08,3.393,0.000295
2010-09-09,3.39,-0.000884
2010-09-10,3.397,0.002065
2010-09-13,3.409,0.003533
2010-09-14,3.413,0.001173
2010-09-15,3.398,-0.004395
2010-09-16,3.382,-0.004709
2010-09-17,3.393,0.003253
2010-09-20,3.39,-0.000884
2010-09-21,3.391,0.000295
2010-09-27,3.408,0.005013
2010-09-28,3.413,0.001467
2010-09-29,3.403,-0.00293
2010-09-30,3.413,0.002939
2010-10-08,3.431,0.005274
2010-10-11,3.419,-0.003498
2010-10-12,3.412,-0.002047
2010-10-13,3.415,0.000879
2010-10-14,3.399,-0.004685
2010-10-15,3.409,0.002942
2010-10-18,3.405,-0.001173
2010-10-19,3.427,0.006461
2010-10-20,3.436,0.002626
2010-10-21,3.432,-0.001164
2010-10-22,3.437,0.001457
2010-10-25,3.46,0.006692
2010-10-26,3.455,-0.001445
2010-10-27,3.447,-0.002315
2010-10-28,3.447,0.0
2010-10-29,3.454,0.002031
2010-11-01,3.477,0.006659
2010-11-02,3.472,-0.001438
2010-11-03,3.467,-0.00144
2010-11-04,3.486,0.00548
2010-11-05,3.502,0.00459
2010-11-08,3.515,0.003712
2010-11-09,3.522,0.001991
2010-11-10,3.525,0.000852
2010-11-11,3.519,-0.001702
2010-11-12,3.477,-0.011935
2010-11-15,3.513,0.010354
2010-11-16,3.494,-0.005408
2010-11-17,3.454,-0.011448
2010-11-18,3.462,0.002316
2010-11-19,3.49,0.008088
2010-11-22,3.503,0.003725
2010-11-23,3.489,-0.003997
2010-11-24,3.508,0.005446
2010-11-25,3.516,0.002281
2010-11-26,3.506,-0.002844
2010-11-29,3.511,0.001426
2010-11-30,3.496,-0.004272
2010-12-01,3.497,0.000286
2010-12-02,3.499,0.000572
2010-12-03,3.49,-0.002572
2010-12-06,3.483,-0.002006
2010-12-07,3.499,0.004594
2010-12-08,3.502,0.000857
2010-12-09,3.486,-0.004569
2010-12-10,3.495,0.002582
2010-12-13,3.521,0.007439
2010-12-14,3.525,0.001136
2010-12-15,3.52,-0.001418
2010-12-16,3.518,-0.000568
2010-12-17,3.517,-0.000284
2010-12-20,3.503,-0.003981
2010-12-21,3.512,0.002569
2010-12-22,3.508,-0.001139
2010-12-23,3.49,-0.005131
2010-12-24,3.476,-0.004011
2010-12-27,3.454,-0.006329
2010-12-28,3.438,-0.004632
2010-12-29,3.453,0.004363
2010-12-30,3.46,0.002027
2010-12-31,3.476,0.004624
2011-01-04,3.489,0.00374
2011-01-05,3.489,0.0
2011-01-06,3.48,-0.00258
2011-01-07,3.479,-0.000287
2011-01-10,3.454,-0.007186
2011-01-11,3.449,-0.001448
2011-01-12,3.448,-0.00029
2011-01-13,3.454,0.00174
2011-01-14,3.439,-0.004343
2011-01-17,3.403,-0.010468
2011-01-18,3.407,0.001175
2011-01-19,3.427,0.00587
2011-01-20,3.399,-0.00817
2011-01-21,3.401,0.000588
2011-01-24,3.387,-0.004116
2011-01-25,3.38,-0.002067
2011-01-26,3.394,0.004142
2011-01-27,3.412,0.005303
2011-01-28,3.42,0.002345
2011-01-31,3.437,0.004971
2011-02-01,3.435,-0.000582
2011-02-09,3.429,-0.001747
2011-02-10,3.451,0.006416
2011-02-11,3.459,0.002318
2011-02-14,3.477,0.005204
2011-02-15,3.478,0.000288
2011-02-16,3.488,0.002875
2011-02-17,3.489,0.000287
2011-02-18,3.48,-0.00258
2011-02-21,3.497,0.004885
2011-02-22,3.473,-0.006863
2011-02-23,3.482,0.002591
2011-02-24,3.488,0.001723
2011-02-25,3.488,0.0
2011-02-28,3.497,0.00258
2011-03-01,3.498,0.000286
2011-03-02,3.493,-0.001429
2011-03-03,3.479,-0.004008
2011-03-04,3.487,0.0023
2011-03-07,3.496,0.002581
2011-03-08,3.493,-0.000858
2011-03-09,3.497,0.001145
2011-03-10,3.491,-0.001716
2011-03-11,3.484,-0.002005
2011-03-14,3.5,0.004592
2011-03-15,3.485,-0.004286
2011-03-16,3.496,0.003156
2011-03-17,3.484,-0.003432
2011-03-18,3.483,-0.000287
2011-03-21,3.473,-0.002871
2011-03-22,3.474,0.000288
2011-03-23,3.485,0.003166
2011-03-24,3.489,0.001148
2011-03-25,3.498,0.00258
2011-03-28,3.487,-0.003145
2011-03-29,3.473,-0.004015
2011-03-30,3.47,-0.000864
2011-03-31,3.465,-0.001441
2011-04-01,3.473,0.002309
2011-04-06,3.473,0.0
2011-04-07,3.483,0.002879
2011-04-08,3.493,0.002871
2011-04-11,3.482,-0.003149
2011-04-12,3.479,-0.000862
2011-04-13,3.491,0.003449
2011-04-14,3.489,-0.000573
2011-04-15,3.489,0.0
2011-04-18,3.484,-0.001433
2011-04-19,3.47,-0.004018
2011-04-20,3.473,0.000865
2011-04-21,3.479,0.001728
2011-04-22,3.475,-0.00115
2011-04-25,3.466,-0.00259
2011-04-26,3.459,-0.00202
2011-04-27,3.454,-0.001446
2011-04-28,3.435,-0.005501
2011-04-29,3.442,0.002038
2011-05-03,3.454,0.003486
2011-05-04,3.437,-0.004922
2011-05-05,3.441,0.001164
2011-05-06,3.444,0.000872
2011-05-09,3.448,0.001161
2011-05-10,3.453,0.00145
2011-05-11,3.453,0.0
2011-05-12,3.444,-0.002606
2011-05-13,3.447,0.000871
2011-05-16,3.44,-0.002031
2011-05-17,3.439,-0.000291
2011-05-18,3.447,0.002326
2011-05-19,3.44,-0.002031
2011-05-20,3.436,-0.001163
2011-05-23,3.41,-0.007567
2011-05-24,3.41,0.0
2011-05-25,3.4,-0.002933
2011-05-26,3.399,-0.000294
2011-05-27,3.39,-0.002648
2011-05-30,3.395,0.001475
2011-05-31,3.406,0.00324
2011-06-01,3.413,0.002055
2011-06-02,3.402,-0.003223
2011-06-03,3.414,0.003527
2011-06-07,3.415,0.000293
2011-06-08,3.415,0.0
2011-06-09,3.399,-0.004685
2011-06-10,3.402,0.000883
2011-06-13,3.394,-0.002352
2011-06-14,3.409,0.00442
2011-06-15,3.401,-0.002347
2011-06-16,3.389,-0.003528
2011-06-17,3.386,-0.000885
2011-06-20,3.378,-0.002363
2011-06-21,3.391,0.003848
2011-06-22,3.395,0.00118
2011-06-23,3.413,0.005302
2011-06-24,3.433,0.00586
2011-06-27,3.437,0.001165
2011-06-28,3.442,0.001455
2011-06-29,3.434,-0.002324
2011-06-30,3.444,0.002912
2011-07-01,3.447,0.000871
2011-07-04,3.465,0.005222
2011-07-05,3.464,-0.000289
2011-07-06,3.46,-0.001155
2011-07-07,3.46,0.0
2011-07-08,3.462,0.000578
2011-07-11,3.466,0.001155
2011-07-12,3.458,-0.002308
2011-07-13,3.477,0.005495
2011-07-14,3.479,0.000575
2011-07-15,3.485,0.001725
2011-07-18,3.481,-0.001148
2011-07-19,3.469,-0.003447
2011-07-20,3.467,-0.000577
2011-07-21,3.464,-0.000865
2011-07-22,3.468,0.001155
2011-07-25,3.443,-0.007209
2011-07-26,3.445,0.000581
2011-07-27,3.454,0.002612
2011-07-28,3.451,-0.000869
2011-07-29,3.442,-0.002608
2011-08-01,3.443,0.000291
2011-08-02,3.436,-0.002033
2011-08-03,3.439,0.000873
2011-08-04,3.443,0.001163
2011-08-05,3.43,-0.003776
2011-08-08,3.404,-0.00758
2011-08-09,3.413,0.002644
2011-08-10,3.423,0.00293
2011-08-11,3.436,0.003798
2011-08-12,3.439,0.000873
2011-08-15,3.447,0.002326
2011-08-16,3.443,-0.00116
2011-08-17,3.441,-0.000581
2011-08-18,3.428,-0.003778
2011-08-19,3.417,-0.003209
2011-08-22,3.401,-0.004682
2011-08-23,3.411,0.00294
2011-08-24,3.415,0.001173
2011-08-25,3.434,0.005564
2011-08-26,3.433,-0.000291
2011-08-29,3.422,-0.003204
2011-08-30,3.418,-0.001169
2011-08-31,3.42,0.000585
2011-09-01,3.413,-0.002047
2011-09-02,3.404,-0.002637
2011-09-05,3.384,-0.005875
2011-09-06,3.373,-0.003251
2011-09-07,3.388,0.004447
2011-09-08,3.385,-0.000885
2011-09-09,3.377,-0.002363
2011-09-13,3.369,-0.002369
2011-09-14,3.374,0.001484
2011-09-15,3.375,0.000296
2011-09-16,3.376,0.000296
2011-09-19,3.363,-0.003851
2011-09-20,3.365,0.000595
2011-09-21,3.386,0.006241
2011-09-22,3.365,-0.006202
2011-09-23,3.358,-0.00208
2011-09-26,3.346,-0.003574
2011-09-27,3.352,0.001793
2011-09-28,3.344,-0.002387
2011-09-29,3.335,-0.002691
2011-09-30,3.336,0.0003
2011-10-10,3.332,-0.001199
2011-10-11,3.326,-0.001801
2011-10-12,3.349,0.006915
2011-10-13,3.356,0.00209
2011-10-14,3.354,-0.000596
2011-10-17,3.362,0.002385
2011-10-18,3.348,-0.004164
2011-10-19,3.342,-0.001792
2011-10-20,3.323,-0.005685
2011-10-21,3.317,-0.001806
2011-10-24,3.333,0.004824
2011-10-25,3.349,0.0048
2011-10-26,3.361,0.003583
2011-10-27,3.364,0.000893
2011-10-28,3.376,0.003567
2011-10-31,3.381,0.001481
2011-11-01,3.387,0.001775
2011-11-02,3.402,0.004429
2011-11-03,3.401,-0.000294
2011-11-04,3.404,0.000882
2011-11-07,3.398,-0.001763
2011-11-08,3.394,-0.001177
2011-11-09,3.406,0.003536
2011-11-10,3.394,-0.003523
2011-11-11,3.397,0.000884
2011-11-14,3.413,0.00471
2011-11-15,3.413,0.0
2011-11-16,3.394,-0.005567
2011-11-17,3.396,0.000589
2011-11-18,3.38,-0.004711
2011-11-21,3.379,-0.000296
2011-11-22,3.381,0.000592
2011-11-23,3.379,-0.000592
2011-11-24,3.383,0.001184
2011-11-25,3.381,-0.000591
2011-11-28,3.381,0.0
2011-11-29,3.389,0.002366
2011-11-30,3.371,-0.005311
2011-12-01,3.385,0.004153
2011-12-02,3.377,-0.002363
2011-12-05,3.363,-0.004146
2011-12-06,3.359,-0.001189
2011-12-07,3.361,0.000595
2011-12-08,3.362,0.000298
2011-12-09,3.356,-0.001785
2011-12-12,3.348,-0.002384
2011-12-13,3.336,-0.003584
2011-12-14,3.327,-0.002698
2011-12-15,3.32,-0.002104
2011-12-16,3.333,0.003916
2011-12-19,3.336,0.0009
2011-12-20,3.334,-0.0006
2011-12-21,3.324,-0.002999
2011-12-22,3.323,-0.000301
2011-12-23,3.328,0.001505
2011-12-26,3.317,-0.003305
2011-12-27,3.302,-0.004522
2011-12-28,3.3,-0.000606
2011-12-29,3.303,0.000909
2011-12-30,3.316,0.003936
2011-12-31,3.316,0.0
2012-01-04,3.301,-0.004524
2012-01-05,3.289,-0.003635
2012-01-06,3.293,0.001216
2012-01-09,3.309,0.004859
2012-01-10,3.328,0.005742
2012-01-11,3.325,-0.000901
2012-01-12,3.322,-0.000902
2012-01-13,3.305,-0.005117
2012-01-16,3.286,-0.005749
2012-01-17,3.308,0.006695
2012-01-18,3.286,-0.006651
2012-01-19,3.296,0.003043
2012-01-20,3.309,0.003944
2012-01-30,3.297,-0.003626
2012-01-31,3.299,0.000607
2012-02-01,3.298,-0.000303
2012-02-02,3.311,0.003942
2012-02-03,3.318,0.002114
2012-02-06,3.324,0.001808
2012-02-07,3.314,-0.003008
2012-02-08,3.327,0.003923
2012-02-09,3.326,-0.000301
2012-02-10,3.327,0.000301
2012-02-13,3.331,0.001202
2012-02-14,3.329,-0.0006
2012-02-15,3.334,0.001502
2012-02-16,3.331,-0.0009
2012-02-17,3.33,-0.0003
2012-02-20,3.333,0.000901
2012-02-21,3.34,0.0021
2012-02-22,3.35,0.002994
2012-02-23,3.352,0.000597
2012-02-24,3.358,0.00179
2012-02-27,3.361,0.000893
2012-02-28,3.359,-0.000595
2012-02-29,3.354,-0.001489
2012-03-01,3.353,-0.000298
2012-03-02,3.363,0.002982
2012-03-05,3.356,-0.002081
2012-03-06,3.352,-0.001192
2012-03-07,3.354,0.000597
2012-03-08,3.359,0.001491
2012-03-09,3.366,0.002084
2012-03-12,3.363,-0.000891
2012-03-13,3.371,0.002379
2012-03-14,3.356,-0.00445
2012-03-15,3.354,-0.000596
2012-03-16,3.365,0.00328
2012-03-19,3.366,0.000297
2012-03-20,3.355,-0.003268
2012-03-21,3.352,-0.000894
2012-03-22,3.35,-0.000597
2012-03-23,3.347,-0.000896
2012-03-26,3.35,0.000896
2012-03-27,3.345,-0.001493
2012-03-28,3.333,-0.003587
2012-03-29,3.333,0.0
2012-03-30,3.337,0.0012
2012-03-31,3.337,0.0
2012-04-05,3.348,0.003296
2012-04-06,3.351,0.000896
2012-04-09,3.347,-0.001194
2012-04-10,3.352,0.001494
2012-04-11,3.354,0.000597
2012-04-12,3.362,0.002385
2012-04-13,3.363,0.000297
2012-04-16,3.361,-0.000595
2012-04-17,3.353,-0.00238
2012-04-18,3.363,0.002982
2012-04-19,3.356,-0.002081
2012-04-20,3.363,0.002086
2012-04-23,3.36,-0.000892
2012-04-24,3.36,0.0
2012-04-25,3.363,0.000893
2012-04-26,3.362,-0.000297
2012-04-27,3.364,0.000595
2012-05-02,3.371,0.002081
2012-05-03,3.374,0.00089
2012-05-04,3.385,0.00326
2012-05-07,3.39,0.001477
2012-05-08,3.386,-0.00118
2012-05-09,3.377,-0.002658
2012-05-10,3.377,0.0
2012-05-11,3.372,-0.001481
2012-05-14,3.367,-0.001483
2012-05-15,3.371,0.001188
2012-05-16,3.361,-0.002966
2012-05-17,3.369,0.00238
2012-05-18,3.361,-0.002375
2012-05-21,3.364,0.000893
2012-05-22,3.374,0.002973
2012-05-23,3.374,0.0
2012-05-24,3.367,-0.002075
2012-05-25,3.362,-0.001485
2012-05-28,3.372,0.002974
2012-05-29,3.379,0.002076
2012-05-30,3.377,-0.000592
2012-05-31,3.378,0.000296
2012-06-01,3.377,-0.000296
2012-06-04,3.366,-0.003257
2012-06-05,3.369,0.000891
2012-06-06,3.368,-0.000297
2012-06-07,3.367,-0.000297
2012-06-08,3.367,0.0
2012-06-11,3.377,0.00297
2012-06-12,3.377,0.0
2012-06-13,3.391,0.004146
2012-06-14,3.392,0.000295
2012-06-15,3.379,-0.003833
2012-06-18,3.382,0.000888
2012-06-19,3.379,-0.000887
2012-06-20,3.375,-0.001184
2012-06-21,3.371,-0.001185
2012-06-25,3.359,-0.00356
2012-06-26,3.36,0.000298
2012-06-27,3.364,0.00119
2012-06-28,3.361,-0.000892
2012-06-29,3.365,0.00119
2012-06-30,3.365,0.0
2012-07-02,3.368,0.000892
2012-07-03,3.371,0.000891
2012-07-04,3.368,-0.00089
2012-07-05,3.366,-0.000594
2012-07-06,3.382,0.004753
2012-07-09,3.379,-0.000887
2012-07-10,3.373,-0.001776
2012-07-11,3.374,0.000296
2012-07-12,3.385,0.00326
2012-07-13,3.385,0.0
2012-07-16,3.364,-0.006204
2012-07-17,3.366,0.000595
2012-07-18,3.361,-0.001485
2012-07-19,3.36,-0.000298
2012-07-20,3.356,-0.00119
2012-07-23,3.352,-0.001192
2012-07-24,3.356,0.001193
2012-07-25,3.353,-0.000894
2012-07-26,3.347,-0.001789
2012-07-27,3.345,-0.000598
2012-07-30,3.342,-0.000897
2012-07-31,3.341,-0.000299
2012-08-01,3.348,0.002095
2012-08-02,3.338,-0.002987
2012-08-03,3.343,0.001498
2012-08-06,3.353,0.002991
2012-08-07,3.355,0.000596
2012-08-08,3.353,-0.000596
2012-08-09,3.365,0.003579
2012-08-10,3.363,-0.000594
2012-08-13,3.351,-0.003568
2012-08-14,3.351,0.0
2012-08-15,3.348,-0.000895
2012-08-16,3.344,-0.001195
2012-08-17,3.34,-0.001196
2012-08-20,3.34,0.0
2012-08-21,3.349,0.002695
2012-08-22,3.342,-0.00209
2012-08-23,3.344,0.000598
2012-08-24,3.34,-0.001196
2012-08-27,3.332,-0.002395
2012-08-28,3.328,-0.0012
2012-08-29,3.326,-0.000601
2012-08-30,3.319,-0.002105
2012-08-31,3.32,0.000301
2012-09-03,3.331,0.003313
2012-09-04,3.328,-0.000901
2012-09-05,3.333,0.001502
2012-09-06,3.335,0.0006
2012-09-07,3.354,0.005697
2012-09-10,3.354,0.0
2012-09-11,3.35,-0.001193
2012-09-12,3.352,0.000597
2012-09-13,3.346,-0.00179
2012-09-14,3.344,-0.000598
2012-09-17,3.329,-0.004486
2012-09-18,3.329,0.0
2012-09-19,3.33,0.0003
2012-09-20,3.319,-0.003303
2012-09-21,3.319,0.0
2012-09-24,3.324,0.001506
2012-09-25,3.323,-0.000301
2012-09-26,3.316,-0.002107
2012-09-27,3.331,0.004524
2012-09-28,3.343,0.003603
2012-09-30,3.343,0.0
2012-10-08,3.338,-0.001496
2012-10-09,3.352,0.004194
2012-10-10,3.355,0.000895
2012-10-11,3.348,-0.002086
2012-10-12,3.345,-0.000896
2012-10-15,3.341,-0.001196
2012-10-16,3.344,0.000898
2012-10-17,3.342,-0.000598
2012-10-18,3.353,0.003291
2012-10-19,3.354,0.000298
2012-10-22,3.357,0.000894
2012-10-23,3.35,-0.002085
2012-10-24,3.352,0.000597
2012-10-25,3.344,-0.002387
2012-10-26,3.336,-0.002392
2012-10-29,3.338,0.0006
2012-10-30,3.341,0.000899
2012-10-31,3.35,0.002694
2012-11-01,3.359,0.002687
2012-11-02,3.361,0.000595
2012-11-05,3.357,-0.00119
2012-11-06,3.355,-0.000596
2012-11-07,3.352,-0.000894
2012-11-08,3.346,-0.00179
2012-11-09,3.342,-0.001195
2012-11-12,3.34,-0.000598
2012-11-13,3.332,-0.002395
2012-11-14,3.335,0.0009
2012-11-15,3.331,-0.001199
2012-11-16,3.327,-0.001201
2012-11-19,3.324,-0.000902
2012-11-20,3.323,-0.000301
2012-11-21,3.329,0.001806
2012-11-22,3.324,-0.001502
2012-11-23,3.326,0.000602
2012-11-26,3.321,-0.001503
2012-11-27,3.314,-0.002108
2012-11-28,3.306,-0.002414
2012-11-29,3.307,0.000302
2012-11-30,3.314,0.002117
2012-12-03,3.307,-0.002112
2012-12-04,3.31,0.000907
2012-12-05,3.33,0.006042
2012-12-06,3.329,-0.0003
2012-12-07,3.339,0.003004
2012-12-10,3.345,0.001797
2012-12-11,3.342,-0.000897
2012-12-12,3.342,0.0
2012-12-13,3.339,-0.000898
2012-12-14,3.366,0.008086
2012-12-17,3.357,-0.002674
2012-12-18,3.35,-0.002085
2012-12-19,3.353,0.000896
2012-12-20,3.355,0.000596
2012-12-21,3.357,0.000596
2012-12-24,3.365,0.002383
2012-12-25,3.388,0.006835
2012-12-26,3.395,0.002066
2012-12-27,3.388,-0.002062
2012-12-28,3.395,0.002066
2012-12-31,3.406,0.00324
2013-01-04,3.409,0.000881
2013-01-07,3.418,0.00264
2013-01-08,3.422,0.00117
2013-01-09,3.425,0.000877
2013-01-10,3.428,0.000876
2013-01-11,3.417,-0.003209
2013-01-14,3.449,0.009365
2013-01-15,3.456,0.00203
2013-01-16,3.457,0.000289
2013-01-17,3.455,-0.000579
2013-01-18,3.473,0.00521
2013-01-21,3.475,0.000576
2013-01-22,3.47,-0.001439
2013-01-23,3.475,0.001441
2013-01-24,3.468,-0.002014
2013-01-25,3.472,0.001153
2013-01-28,3.5,0.008065
2013-01-29,3.505,0.001429
2013-01-30,3.507,0.000571
2013-01-31,3.498,-0.002566
2013-02-01,3.517,0.005432
2013-02-04,3.512,-0.001422
2013-02-05,3.525,0.003702
2013-02-06,3.529,0.001135
2013-02-07,3.531,0.000567
2013-02-08,3.541,0.002832
2013-02-18,3.537,-0.00113
2013-02-19,3.523,-0.003958
2013-02-20,3.546,0.006529
2013-02-21,3.53,-0.004512
2013-02-22,3.52,-0.002833
2013-02-25,3.526,0.001705
2013-02-26,3.52,-0.001702
2013-02-27,3.522,0.000568
2013-02-28,3.543,0.005963
2013-03-01,3.551,0.002258
2013-03-04,3.528,-0.006477
2013-03-05,3.557,0.00822
2013-03-06,3.574,0.004779
2013-03-07,3.556,-0.005036
2013-03-08,3.543,-0.003656
2013-03-11,3.541,-0.000564
2013-03-12,3.528,-0.003671
2013-03-13,3.52,-0.002268
2013-03-14,3.53,0.002841
2013-03-15,3.535,0.001416
2013-03-18,3.539,0.001132
2013-03-19,3.54,0.000283
2013-03-20,3.566,0.007345
2013-03-21,3.578,0.003365
2013-03-22,3.576,-0.000559
2013-03-25,3.575,-0.00028
2013-03-26,3.58,0.001399
2013-03-27,3.585,0.001397
2013-03-28,3.565,-0.005579
2013-03-29,3.557,-0.002244
2013-04-01,3.562,0.001406
2013-04-02,3.539,-0.006457
2013-04-03,3.531,-0.002261
2013-04-08,3.542,0.003115
2013-04-09,3.542,0.0
2013-04-10,3.534,-0.002259
2013-04-11,3.536,0.000566
2013-04-12,3.541,0.001414
2013-04-15,3.533,-0.002259
2013-04-16,3.538,0.001415
2013-04-17,3.554,0.004522
2013-04-18,3.554,0.0
2013-04-19,3.572,0.005065
2013-04-22,3.576,0.00112
2013-04-23,3.552,-0.006711
2013-04-24,3.568,0.004505
2013-04-25,3.56,-0.002242
2013-04-26,3.551,-0.002528
2013-05-02,3.56,0.002534
2013-05-03,3.581,0.005899
2013-05-06,3.593,0.003351
2013-05-07,3.592,-0.000278
2013-05-08,3.601,0.002506
2013-05-09,3.596,-0.001389
2013-05-10,3.597,0.000278
2013-05-13,3.595,-0.000556
2013-05-14,3.584,-0.00306
2013-05-15,3.598,0.003906
2013-05-16,3.609,0.003057
2013-05-17,3.619,0.002771
2013-05-20,3.621,0.000553
2013-05-21,3.618,-0.000829
2013-05-22,3.607,-0.00304
2013-05-23,3.604,-0.000832
2013-05-24,3.61,0.001665
2013-05-27,3.62,0.00277
2013-05-28,3.624,0.001105
2013-05-29,3.628,0.001104
2013-05-30,3.629,0.000276
2013-05-31,3.619,-0.002756
2013-06-03,3.613,-0.001658
2013-06-04,3.6,-0.003598
2013-06-05,3.601,0.000278
2013-06-06,3.59,-0.003055
2013-06-07,3.576,-0.0039
2013-06-13,3.559,-0.004754
2013-06-14,3.574,0.004215
2013-06-17,3.577,0.000839
2013-06-18,3.588,0.003075
2013-06-19,3.587,-0.000279
2013-06-20,3.561,-0.007248
2013-06-21,3.561,0.0
2013-06-24,3.521,-0.011233
2013-06-25,3.53,0.002556
2013-06-26,3.553,0.006516
2013-06-27,3.545,-0.002252
2013-06-28,3.55,0.00141
2013-06-30,3.55,0.0
2013-07-01,3.578,0.007887
2013-07-02,3.595,0.004751
2013-07-03,3.608,0.003616
2013-07-04,3.607,-0.000277
2013-07-05,3.599,-0.002218
2013-07-08,3.578,-0.005835
2013-07-09,3.582,0.001118
2013-07-10,3.595,0.003629
2013-07-11,3.615,0.005563
2013-07-12,3.619,0.001107
2013-07-15,3.641,0.006079
2013-07-16,3.644,0.000824
2013-07-17,3.625,-0.005214
2013-07-18,3.619,-0.001655
2013-07-19,3.606,-0.003592
2013-07-22,3.621,0.00416
2013-07-23,3.644,0.006352
2013-07-24,3.65,0.001647
2013-07-25,3.629,-0.005753
2013-07-26,3.626,-0.000827
2013-07-29,3.608,-0.004964
2013-07-30,3.603,-0.001386
2013-07-31,3.602,-0.000278
2013-08-01,3.63,0.007773
2013-08-02,3.636,0.001653
2013-08-05,3.657,0.005776
2013-08-06,3.665,0.002188
2013-08-07,3.654,-0.003001
2013-08-08,3.654,0.0
2013-08-09,3.654,0.0
2013-08-12,3.659,0.001368
2013-08-13,3.658,-0.000273
2013-08-14,3.653,-0.001367
2013-08-15,3.636,-0.004654
2013-08-16,3.621,-0.004125
2013-08-19,3.641,0.005523
2013-08-20,3.637,-0.001099
2013-08-21,3.634,-0.000825
2013-08-22,3.643,0.002477
2013-08-23,3.647,0.001098
2013-08-26,3.66,0.003565
2013-08-27,3.664,0.001093
2013-08-28,3.647,-0.00464
2013-08-29,3.647,0.0
2013-08-30,3.631,-0.004387
2013-09-02,3.65,0.005233
2013-09-03,3.67,0.005479
2013-09-04,3.669,-0.000272
2013-09-05,3.683,0.003816
2013-09-06,3.685,0.000543
2013-09-09,3.694,0.002442
2013-09-10,3.697,0.000812
2013-09-11,3.684,-0.003516
2013-09-12,3.686,0.000543
2013-09-13,3.695,0.002442
2013-09-16,3.7,0.001353
2013-09-17,3.69,-0.002703
2013-09-18,3.697,0.001897
2013-09-23,3.722,0.006762
2013-09-24,3.73,0.002149
2013-09-25,3.723,-0.001877
2013-09-26,3.717,-0.001612
2013-09-27,3.724,0.001883
2013-09-30,3.738,0.003759
2013-10-08,3.745,0.001873
2013-10-09,3.759,0.003738
2013-10-10,3.752,-0.001862
2013-10-11,3.764,0.003198
2013-10-14,3.768,0.001063
2013-10-15,3.771,0.000796
2013-10-16,3.745,-0.006895
2013-10-17,3.743,-0.000534
2013-10-18,3.755,0.003206
2013-10-21,3.788,0.008788
2013-10-22,3.775,-0.003432
2013-10-23,3.748,-0.007152
2013-10-24,3.744,-0.001067
2013-10-25,3.722,-0.005876
2013-10-28,3.719,-0.000806
2013-10-29,3.714,-0.001344
2013-10-30,3.737,0.006193
2013-10-31,3.7,-0.009901
2013-11-01,3.697,-0.000811
2013-11-04,3.699,0.000541
2013-11-05,3.707,0.002163
2013-11-06,3.693,-0.003777
2013-11-07,3.675,-0.004874
2013-11-08,3.661,-0.00381
2013-11-11,3.675,0.003824
2013-11-12,3.683,0.002177
2013-11-13,3.662,-0.005702
2013-11-14,3.684,0.006008
2013-11-15,3.702,0.004886
2013-11-18,3.722,0.005402
2013-11-19,3.713,-0.002418
2013-11-20,3.718,0.001347
2013-11-21,3.711,-0.001883
2013-11-22,3.701,-0.002695
2013-11-25,3.695,-0.001621
2013-11-26,3.696,0.000271
2013-11-27,3.711,0.004058
2013-11-28,3.726,0.004042
2013-11-29,3.731,0.001342
2013-12-02,3.696,-0.009381
2013-12-03,3.712,0.004329
2013-12-04,3.728,0.00431
2013-12-05,3.721,-0.001878
2013-12-06,3.715,-0.001612
2013-12-09,3.72,0.001346
2013-12-10,3.717,-0.000806
2013-12-11,3.71,-0.001883
2013-12-12,3.715,0.001348
2013-12-13,3.717,0.000538
2013-12-16,3.708,-0.002421
2013-12-17,3.697,-0.002967
2013-12-18,3.698,0.00027
2013-12-19,3.69,-0.002163
2013-12-20,3.684,-0.001626
2013-12-23,3.683,-0.000271
2013-12-24,3.686,0.000815
2013-12-25,3.696,0.002713
2013-12-26,3.686,-0.002706
2013-12-27,3.701,0.004069
2013-12-30,3.701,0.0
2013-12-31,3.705,0.001081
2014-01-02,3.701,-0.00108
2014-01-03,3.697,-0.001081
2014-01-06,3.68,-0.004598
2014-01-07,3.694,0.003804
2014-01-08,3.708,0.00379
2014-01-09,3.69,-0.004854
2014-01-10,3.685,-0.001355
2014-01-13,3.679,-0.001628
2014-01-14,3.692,0.003534
2014-01-15,3.704,0.00325
2014-01-16,3.701,-0.00081
2014-01-17,3.688,-0.003513
2014-01-20,3.672,-0.004338
2014-01-21,3.681,0.002451
2014-01-22,3.706,0.006792
2014-01-23,3.716,0.002698
2014-01-24,3.722,0.001615
2014-01-27,3.712,-0.002687
2014-01-28,3.701,-0.002963
2014-01-29,3.708,0.001891
2014-01-30,3.702,-0.001618
2014-02-07,3.715,0.003512
2014-02-10,3.751,0.00969
2014-02-11,3.745,-0.0016
2014-02-12,3.748,0.000801
2014-02-13,3.727,-0.005603
2014-02-14,3.74,0.003488
2014-02-17,3.753,0.003476
2014-02-18,3.749,-0.001066
2014-02-19,3.744,-0.001334
2014-02-20,3.74,-0.001068
2014-02-21,3.733,-0.001872
2014-02-24,3.729,-0.001072
2014-02-25,3.699,-0.008045
2014-02-26,3.701,0.000541
2014-02-27,3.685,-0.004323
2014-02-28,3.699,0.003799
2014-03-03,3.713,0.003785
2014-03-04,3.703,-0.002693
2014-03-05,3.695,-0.00216
2014-03-06,3.688,-0.001894
2014-03-07,3.691,0.000813
2014-03-10,3.673,-0.004877
2014-03-11,3.673,0.0
2014-03-12,3.673,0.0
2014-03-13,3.691,0.004901
2014-03-14,3.687,-0.001084
2014-03-17,3.699,0.003255
2014-03-18,3.702,0.000811
2014-03-19,3.682,-0.005402
2014-03-20,3.656,-0.007061
2014-03-21,3.666,0.002735
2014-03-24,3.657,-0.002455
2014-03-25,3.661,0.001094
2014-03-26,3.67,0.002458
2014-03-27,3.651,-0.005177
2014-03-28,3.634,-0.004656
2014-03-31,3.633,-0.000275
2014-04-01,3.644,0.003028
2014-04-02,3.634,-0.002744
2014-04-03,3.634,0.0
2014-04-04,3.647,0.003577
2014-04-08,3.662,0.004113
2014-04-09,3.67,0.002185
2014-04-10,3.675,0.001362
2014-04-11,3.676,0.000272
2014-04-14,3.682,0.001632
2014-04-15,3.672,-0.002716
2014-04-16,3.669,-0.000817
2014-04-17,3.667,-0.000545
2014-04-18,3.668,0.000273
2014-04-21,3.656,-0.003272
2014-04-22,3.646,-0.002735
2014-04-23,3.641,-0.001371
2014-04-24,3.639,-0.000549
2014-04-25,3.621,-0.004946
2014-04-28,3.602,-0.005247
2014-04-29,3.617,0.004164
2014-04-30,3.629,0.003318
2014-05-05,3.637,0.002204
2014-05-06,3.642,0.001375
2014-05-07,3.625,-0.004668
2014-05-08,3.62,-0.001379
2014-05-09,3.615,-0.001381
2014-05-12,3.626,0.003043
2014-05-13,3.63,0.001103
2014-05-14,3.626,-0.001102
2014-05-15,3.614,-0.003309
2014-05-16,3.606,-0.002214
2014-05-19,3.596,-0.002773
2014-05-20,3.597,0.000278
2014-05-21,3.604,0.001946
2014-05-22,3.609,0.001387
2014-05-23,3.619,0.002771
2014-05-26,3.629,0.002763
2014-05-27,3.623,-0.001653
2014-05-28,3.635,0.003312
2014-05-29,3.627,-0.002201
2014-05-30,3.625,-0.000551
2014-06-03,3.617,-0.002207
2014-06-04,3.614,-0.000829
2014-06-05,3.627,0.003597
2014-06-06,3.622,-0.001379
2014-06-09,3.617,-0.00138
2014-06-10,3.626,0.002488
2014-06-11,3.633,0.001931
2014-06-12,3.633,0.0
2014-06-13,3.641,0.002202
2014-06-16,3.645,0.001099
2014-06-17,3.637,-0.002195
2014-06-18,3.63,-0.001925
2014-06-19,3.613,-0.004683
2014-06-20,3.617,0.001107
2014-06-23,3.623,0.001659
2014-06-24,3.629,0.001656
2014-06-25,3.627,-0.000551
2014-06-26,3.639,0.003309
2014-06-27,3.64,0.000275
2014-06-30,3.645,0.001374
2014-07-01,3.647,0.000549
2014-07-02,3.648,0.000274
2014-07-03,3.653,0.001371
2014-07-04,3.654,0.000274
2014-07-07,3.649,-0.001368
2014-07-08,3.653,0.001096
2014-07-09,3.637,-0.00438
2014-07-10,3.63,-0.001925
2014-07-11,3.63,0.0
2014-07-14,3.64,0.002755
2014-07-15,3.642,0.000549
2014-07-16,3.632,-0.002746
2014-07-17,3.621,-0.003029
2014-07-18,3.625,0.001105
2014-07-21,3.635,0.002759
2014-07-22,3.645,0.002751
2014-07-23,3.636,-0.002469
2014-07-24,3.638,0.00055
2014-07-25,3.644,0.001649
2014-07-28,3.66,0.004391
2014-07-29,3.669,0.002459
2014-07-30,3.675,0.001635
2014-07-31,3.685,0.002721
2014-08-01,3.682,-0.000814
2014-08-04,3.692,0.002716
2014-08-05,3.695,0.000813
2014-08-06,3.693,-0.000541
2014-08-07,3.681,-0.003249
2014-08-08,3.688,0.001902
2014-08-11,3.701,0.003525
2014-08-12,3.699,-0.00054
2014-08-13,3.696,-0.000811
2014-08-14,3.692,-0.001082
2014-08-15,3.699,0.001896
2014-08-18,3.708,0.002433
2014-08-19,3.71,0.000539
2014-08-20,3.71,0.0
2014-08-21,3.707,-0.000809
2014-08-22,3.709,0.00054
2014-08-25,3.702,-0.001887
2014-08-26,3.691,-0.002971
2014-08-27,3.694,0.000813
2014-08-28,3.692,-0.000541
2014-08-29,3.703,0.002979
2014-09-01,3.715,0.003241
2014-09-02,3.724,0.002423
2014-09-03,3.733,0.002417
2014-09-04,3.736,0.000804
2014-09-05,3.744,0.002141
2014-09-09,3.747,0.000801
2014-09-10,3.745,-0.000534
2014-09-11,3.74,-0.001335
2014-09-12,3.743,0.000802
2014-09-15,3.747,0.001069
2014-09-16,3.718,-0.00774
2014-09-17,3.719,0.000269
2014-09-18,3.726,0.001882
2014-09-19,3.733,0.001879
2014-09-22,3.719,-0.00375
2014-09-23,3.729,0.002689
2014-09-24,3.739,0.002682
2014-09-25,3.736,-0.000802
2014-09-26,3.74,0.001071
2014-09-29,3.746,0.001604
2014-09-30,3.75,0.001068
2014-10-08,3.762,0.0032
2014-10-09,3.764,0.000532
2014-10-10,3.758,-0.001594
2014-10-13,3.747,-0.002927
2014-10-14,3.745,-0.000534
2014-10-15,3.751,0.001602
2014-10-16,3.74,-0.002933
2014-10-17,3.735,-0.001337
2014-10-20,3.746,0.002945
2014-10-21,3.735,-0.002936
2014-10-22,3.724,-0.002945
2014-10-23,3.71,-0.003759
2014-10-24,3.712,0.000539
2014-10-27,3.719,0.001886
2014-10-28,3.731,0.003227
2014-10-29,3.741,0.00268
2014-10-30,3.74,-0.000267
2014-10-31,3.738,-0.000535
2014-11-03,3.74,0.000535
2014-11-04,3.732,-0.002139
2014-11-05,3.728,-0.001072
2014-11-06,3.732,0.001073
2014-11-07,3.725,-0.001876
2014-11-10,3.736,0.002953
2014-11-11,3.719,-0.00455
2014-11-12,3.727,0.002151
2014-11-13,3.718,-0.002415
2014-11-14,3.719,0.000269
2014-11-17,3.725,0.001613
2014-11-18,3.719,-0.001611
2014-11-19,3.722,0.000807
2014-11-20,3.718,-0.001075
2014-11-21,3.728,0.00269
2014-11-24,3.736,0.002146
2014-11-25,3.749,0.00348
2014-11-26,3.756,0.001867
2014-11-27,3.761,0.001331
2014-11-28,3.76,-0.000266
2014-12-01,3.755,-0.00133
2014-12-02,3.772,0.004527
2014-12-03,3.779,0.001856
2014-12-04,3.804,0.006616
2014-12-05,3.795,-0.002366
2014-12-08,3.806,0.002899
2014-12-09,3.763,-0.011298
2014-12-10,3.795,0.008504
2014-12-11,3.795,0.0
2014-12-12,3.802,0.001845
2014-12-15,3.814,0.003156
2014-12-16,3.821,0.001835
2014-12-17,3.818,-0.000785
2014-12-18,3.809,-0.002357
2014-12-19,3.802,-0.001838
2014-12-22,3.78,-0.005786
2014-12-23,3.764,-0.004233
2014-12-24,3.763,-0.000266
2014-12-25,3.784,0.005581
2014-12-26,3.797,0.003436
2014-12-29,3.791,-0.00158
2014-12-30,3.783,-0.00211
2014-12-31,3.795,0.003172
2015-01-05,3.817,0.005797
2015-01-06,3.826,0.002358
2015-01-07,3.821,-0.001307
2015-01-08,3.81,-0.002879
2015-01-09,3.811,0.000262
2015-01-12,3.814,0.000787
2015-01-13,3.825,0.002884
2015-01-14,3.819,-0.001569
2015-01-15,3.827,0.002095
2015-01-16,3.835,0.00209
2015-01-19,3.804,-0.008083
2015-01-20,3.832,0.007361
2015-01-21,3.853,0.00548
2015-01-22,3.858,0.001298
2015-01-23,3.853,-0.001296
2015-01-26,3.865,0.003114
2015-01-27,3.864,-0.000259
2015-01-28,3.855,-0.002329
2015-01-29,3.85,-0.001297
2015-01-30,3.841,-0.002338
2015-02-02,3.839,-0.000521
2015-02-03,3.853,0.003647
2015-02-04,3.847,-0.001557
2015-02-05,3.843,-0.00104
2015-02-06,3.832,-0.002862
2015-02-09,3.83,-0.000522
2015-02-10,3.842,0.003133
2015-02-11,3.852,0.002603
2015-02-12,3.856,0.001038
2015-02-13,3.864,0.002075
2015-02-16,3.88,0.004141
2015-02-17,3.882,0.000515
2015-02-25,3.88,-0.000515
2015-02-26,3.888,0.002062
2015-02-27,3.894,0.001543
2015-03-02,3.905,0.002825
2015-03-03,3.894,-0.002817
2015-03-04,3.906,0.003082
2015-03-05,3.905,-0.000256
2015-03-06,3.893,-0.003073
2015-03-09,3.907,0.003596
2015-03-10,3.914,0.001792
2015-03-11,3.91,-0.001022
2015-03-12,3.913,0.000767
2015-03-13,3.922,0.0023
2015-03-16,3.939,0.004335
2015-03-17,3.945,0.001523
2015-03-18,3.959,0.003549
2015-03-19,3.958,-0.000253
2015-03-20,3.966,0.002021
2015-03-23,3.985,0.004791
2015-03-24,3.991,0.001506
2015-03-25,3.99,-0.000251
2015-03-26,3.987,-0.000752
2015-03-27,3.993,0.001505
2015-03-30,4.001,0.002004
2015-03-31,3.996,-0.00125
2015-04-01,4.013,0.004254
2015-04-02,4.021,0.001994
2015-04-03,4.031,0.002487
2015-04-07,4.047,0.003969
2015-04-08,4.044,-0.000741
2015-04-09,4.036,-0.001978
2015-04-10,4.055,0.004708
2015-04-13,4.062,0.001726
2015-04-14,4.058,-0.000985
2015-04-15,4.041,-0.004189
2015-04-16,4.059,0.004454
2015-04-17,4.063,0.000985
2015-04-20,4.044,-0.004676
2015-04-21,4.074,0.007418
2015-04-22,4.093,0.004664
2015-04-23,4.096,0.000733
2015-04-24,4.09,-0.001465
2015-04-27,4.099,0.0022
2015-04-28,4.084,-0.003659
2015-04-29,4.095,0.002693
2015-04-30,4.099,0.000977
2015-05-04,4.094,-0.00122
2015-05-05,4.073,-0.005129
2015-05-06,4.079,0.001473
2015-05-07,4.074,-0.001226
2015-05-08,4.096,0.0054
2015-05-11,4.121,0.006104
2015-05-12,4.134,0.003155
2015-05-13,4.127,-0.001693
2015-05-14,4.122,-0.001212
2015-05-15,4.115,-0.001698
2015-05-18,4.124,0.002187
2015-05-19,4.145,0.005092
2015-05-20,4.168,0.005549
2015-05-21,4.192,0.005758
2015-05-22,4.202,0.002385
2015-05-25,4.232,0.007139
2015-05-26,4.257,0.005907
2015-05-27,4.257,0.0
2015-05-28,4.206,-0.01198
2015-05-29,4.215,0.00214
2015-06-01,4.261,0.010913
2015-06-02,4.287,0.006102
2015-06-03,4.287,0.0
2015-06-04,4.285,-0.000467
2015-06-05,4.287,0.000467
2015-06-08,4.283,-0.000933
2015-06-09,4.279,-0.000934
2015-06-10,4.287,0.00187
2015-06-11,4.296,0.002099
2015-06-12,4.305,0.002095
2015-06-15,4.278,-0.006272
2015-06-16,4.247,-0.007246
2015-06-17,4.26,0.003061
2015-06-18,4.227,-0.007746
2015-06-19,4.181,-0.010882
2015-06-23,4.198,0.004066
2015-06-24,4.212,0.003335
2015-06-25,4.184,-0.006648
2015-06-26,4.121,-0.015057
2015-06-29,4.092,-0.007037
2015-06-30,4.127,0.008553
2015-07-01,4.09,-0.008965
2015-07-02,4.057,-0.008068
2015-07-03,4.029,-0.006902
2015-07-06,4.031,0.000496
2015-07-07,4.017,-0.003473
2015-07-08,3.989,-0.00697
2015-07-09,4.015,0.006518
2015-07-10,4.043,0.006974
2015-07-13,4.075,0.007915
2015-07-14,4.076,0.000245
2015-07-15,4.054,-0.005397
2015-07-16,4.061,0.001727
2015-07-17,4.083,0.005417
2015-07-20,4.088,0.001225
2015-07-21,4.092,0.000978
2015-07-22,4.094,0.000489
2015-07-23,4.105,0.002687
2015-07-24,4.1,-0.001218
2015-07-27,4.063,-0.009024
2015-07-28,4.056,-0.001723
2015-07-29,4.07,0.003452
2015-07-30,4.058,-0.002948
2015-07-31,4.056,-0.000493
2015-08-03,4.049,-0.001726
2015-08-04,4.067,0.004446
2015-08-05,4.062,-0.001229
2015-08-06,4.062,0.0
2015-08-07,4.072,0.002462
2015-08-10,4.091,0.004666
2015-08-11,4.09,-0.000244
2015-08-12,4.083,-0.001711
2015-08-13,4.092,0.002204
2015-08-14,4.092,0.0
2015-08-17,4.096,0.000978
2015-08-18,4.07,-0.006348
2015-08-19,4.077,0.00172
2015-08-20,4.067,-0.002453
2015-08-21,4.047,-0.004918
2015-08-24,4.013,-0.008401
2015-08-25,3.991,-0.005482
2015-08-26,3.996,0.001253
2015-08-27,4.015,0.004755
2015-08-28,4.03,0.003736
2015-08-31,4.026,-0.000993
2015-09-01,4.017,-0.002235
2015-09-02,4.014,-0.000747
2015-09-07,4.008,-0.001495
2015-09-08,4.019,0.002745
2015-09-09,4.024,0.001244
2015-09-10,4.02,-0.000994
2015-09-11,4.019,-0.000249
2015-09-14,4.009,-0.002488
2015-09-15,4.0,-0.002245
2015-09-16,4.014,0.0035
2015-09-17,4.008,-0.001495
2015-09-18,4.01,0.000499
2015-09-21,4.017,0.001746
2015-09-22,4.019,0.000498
2015-09-23,4.015,-0.000995
2015-09-24,4.017,0.000498
2015-09-25,4.013,-0.000996
2015-09-28,4.015,0.000498
2015-09-29,4.013,-0.000498
2015-09-30,4.014,0.000249
2015-10-08,4.021,0.001744
2015-10-09,4.023,0.000497
2015-10-12,4.032,0.002237
2015-10-13,4.032,0.0
2015-10-14,4.027,-0.00124
2015-10-15,4.034,0.001738
2015-10-16,4.037,0.000744
2015-10-19,4.037,0.0
2015-10-20,4.041,0.000991
2015-10-21,4.027,-0.003464
2015-10-22,4.034,0.001738
2015-10-23,4.039,0.001239
2015-10-26,4.041,0.000495
2015-10-27,4.043,0.000495
2015-10-28,4.038,-0.001237
2015-10-29,4.04,0.000495
2015-10-30,4.039,-0.000248
2015-11-02,4.035,-0.00099
2015-11-03,4.034,-0.000248
2015-11-04,4.046,0.002975
2015-11-05,4.048,0.000494
2015-11-06,4.053,0.001235
2015-11-09,4.057,0.000987
2015-11-10,4.056,-0.000246
2015-11-11,4.056,0.0
2015-11-12,4.054,-0.000493
2015-11-13,4.047,-0.001727
2015-11-16,4.054,0.00173
2015-11-17,4.053,-0.000247
2015-11-18,4.048,-0.001234
2015-11-19,4.057,0.002223
2015-11-20,4.061,0.000986
2015-11-23,4.056,-0.001231
2015-11-24,4.057,0.000247
2015-11-25,4.061,0.000986
2015-11-26,4.059,-0.000492
2015-11-27,4.035,-0.005913
2015-11-30,4.038,0.000743
2015-12-01,4.04,0.000495
2015-12-02,4.045,0.001238
2015-12-03,4.051,0.001483
2015-12-04,4.047,-0.000987
2015-12-07,4.052,0.001235
2015-12-08,4.045,-0.001728
2015-12-09,4.045,0.0
2015-12-10,4.042,-0.000742
2015-12-11,4.039,-0.000742
2015-12-14,4.048,0.002228
2015-12-15,4.05,0.000494
2015-12-16,4.054,0.000988
2015-12-17,4.063,0.00222
2015-12-18,4.066,0.000738
2015-12-21,4.08,0.003443
2015-12-22,4.083,0.000735
2015-12-23,4.078,-0.001225
2015-12-24,4.077,-0.000245
2015-12-25,4.081,0.000981
2015-12-28,4.072,-0.002205
2015-12-29,4.076,0.000982
2015-12-30,4.082,0.001472
2015-12-31,4.075,-0.001715
2016-01-04,4.032,-0.010552
2016-01-05,4.029,-0.000744
2016-01-06,4.041,0.002978
2016-01-07,3.996,-0.011136
2016-01-08,4.004,0.002002
2016-01-11,3.967,-0.009241
2016-01-12,3.972,0.00126
2016-01-13,3.955,-0.00428
2016-01-14,3.974,0.004804
2016-01-15,3.955,-0.004781
2016-01-18,3.962,0.00177
2016-01-19,3.986,0.006058
2016-01-20,3.979,-0.001756
2016-01-21,3.956,-0.00578
2016-01-22,3.96,0.001011
2016-01-25,3.964,0.00101
2016-01-26,3.926,-0.009586
2016-01-27,3.921,-0.001274
2016-01-28,3.902,-0.004846
2016-01-29,3.922,0.005126
2016-02-01,3.916,-0.00153
2016-02-02,3.933,0.004341
2016-02-03,3.935,0.000509
2016-02-04,3.946,0.002795
2016-02-05,3.942,-0.001014
2016-02-15,3.941,-0.000254
2016-02-16,3.96,0.004821
2016-02-17,3.966,0.001515
2016-02-18,3.963,-0.000756
2016-02-19,3.966,0.000757
2016-02-22,3.979,0.003278
2016-02-23,3.976,-0.000754
2016-02-24,3.981,0.001258
2016-02-25,3.935,-0.011555
2016-02-26,3.933,-0.000508
2016-02-29,3.908,-0.006356
2016-03-01,3.922,0.003582
2016-03-02,3.949,0.006884
2016-03-03,3.947,-0.000506
2016-03-04,3.937,-0.002534
2016-03-07,3.945,0.002032
2016-03-08,3.946,0.000253
2016-03-09,3.937,-0.002281
2016-03-10,3.928,-0.002286
2016-03-11,3.928,0.0
2016-03-14,3.944,0.004073
2016-03-15,3.943,-0.000254
2016-03-16,3.939,-0.001014
2016-03-17,3.954,0.003808
2016-03-18,3.972,0.004552
2016-03-21,3.984,0.003021
2016-03-22,3.98,-0.001004
2016-03-23,3.985,0.001256
2016-03-24,3.979,-0.001506
2016-03-25,3.98,0.000251
2016-03-28,3.977,-0.000754
2016-03-29,3.969,-0.002012
2016-03-30,3.985,0.004031
2016-03-31,3.985,0.0
2016-04-01,3.983,-0.000502
2016-04-05,3.996,0.003264
2016-04-06,3.997,0.00025
2016-04-07,3.99,-0.001751
2016-04-08,3.984,-0.001504
2016-04-11,3.997,0.003263
2016-04-12,3.992,-0.001251
2016-04-13,3.998,0.001503
2016-04-14,4.003,0.001251
2016-04-15,4.004,0.00025
2016-04-18,3.994,-0.002498
2016-04-19,3.996,0.000501
2016-04-20,3.974,-0.005506
2016-04-21,3.966,-0.002013
2016-04-22,3.971,0.001261
2016-04-25,3.969,-0.000504
2016-04-26,3.974,0.00126
2016-04-27,3.975,0.000252
2016-04-28,3.973,-0.000503
2016-04-29,3.975,0.000503
2016-05-03,3.991,0.004025
2016-05-04,3.992,0.000251
2016-05-05,3.993,0.000251
2016-05-06,3.974,-0.004758
2016-05-09,3.956,-0.004529
2016-05-10,3.957,0.000253
2016-05-11,3.961,0.001011
2016-05-12,3.962,0.000252
2016-05-13,3.96,-0.000505
2016-05-16,3.968,0.00202
2016-05-17,3.964,-0.001008
2016-05-18,3.953,-0.002775
2016-05-19,3.954,0.000253
2016-05-20,3.957,0.000759
2016-05-23,3.962,0.001264
2016-05-24,3.957,-0.001262
2016-05-25,3.955,-0.000505
2016-05-26,3.958,0.000759
2016-05-27,3.958,0.0
2016-05-30,3.96,0.000505
2016-05-31,3.98,0.005051
2016-06-01,3.98,0.0
2016-06-02,3.982,0.000503
2016-06-03,3.988,0.001507
2016-06-06,3.99,0.000502
2016-06-07,3.99,0.0
2016-06-08,3.989,-0.000251
2016-06-13,3.971,-0.004512
2016-06-14,3.974,0.000755
2016-06-15,3.988,0.003523
2016-06-16,3.986,-0.000502
2016-06-17,3.991,0.001254
2016-06-20,3.994,0.000752
2016-06-21,3.99,-0.001002
2016-06-22,3.999,0.002256
2016-06-23,3.995,-0.001
2016-06-24,3.993,-0.000501
2016-06-27,4.005,0.003005
2016-06-28,4.009,0.000999
2016-06-29,4.008,-0.000249
2016-06-30,4.009,0.00025
2016-07-01,4.009,0.0
2016-07-04,4.019,0.002494
2016-07-05,4.02,0.000249
2016-07-06,4.023,0.000746
2016-07-07,4.024,0.000249
2016-07-08,4.022,-0.000497
2016-07-11,4.024,0.000497
2016-07-12,4.035,0.002734
2016-07-13,4.04,0.001239
2016-07-14,4.039,-0.000248
2016-07-15,4.039,0.0
2016-07-18,4.036,-0.000743
2016-07-19,4.034,-0.000496
2016-07-20,4.034,0.0
2016-07-21,4.038,0.000992
2016-07-22,4.032,-0.001486
2016-07-25,4.032,0.0
2016-07-26,4.042,0.00248
2016-07-27,4.029,-0.003216
2016-07-28,4.034,0.001241
2016-07-29,4.031,-0.000744
2016-08-01,4.022,-0.002233
2016-08-02,4.026,0.000995
2016-08-03,4.028,0.000497
2016-08-04,4.03,0.000497
2016-08-05,4.029,-0.000248
2016-08-08,4.035,0.001489
2016-08-09,4.04,0.001239
2016-08-10,4.04,0.0
2016-08-11,4.034,-0.001485
2016-08-12,4.042,0.001983
2016-08-15,4.057,0.003711
2016-08-16,4.058,0.000246
2016-08-17,4.058,0.0
2016-08-18,4.057,-0.000246
2016-08-19,4.056,-0.000246
2016-08-22,4.052,-0.000986
2016-08-23,4.051,-0.000247
2016-08-24,4.052,0.000247
2016-08-25,4.048,-0.000987
2016-08-26,4.05,0.000494
2016-08-29,4.051,0.000247
2016-08-30,4.049,-0.000494
2016-08-31,4.05,0.000247
2016-09-01,4.046,-0.000988
2016-09-02,4.046,0.0
2016-09-05,4.048,0.000494
2016-09-06,4.054,0.001482
2016-09-07,4.055,0.000247
2016-09-08,4.055,0.0
2016-09-09,4.051,-0.000986
2016-09-12,4.04,-0.002715
2016-09-13,4.041,0.000248
2016-09-14,4.036,-0.001237
2016-09-19,4.042,0.001487
2016-09-20,4.043,0.000247
2016-09-21,4.043,0.0
2016-09-22,4.046,0.000742
2016-09-23,4.044,-0.000494
2016-09-26,4.035,-0.002226
2016-09-27,4.038,0.000743
2016-09-28,4.036,-0.000495
2016-09-29,4.039,0.000743
2016-09-30,4.042,0.000743
2016-10-10,4.051,0.002227
2016-10-11,4.055,0.000987
2016-10-12,4.054,-0.000247
2016-10-13,4.058,0.000987
2016-10-14,4.055,-0.000739
2016-10-17,4.051,-0.000986
2016-10-18,4.06,0.002222
2016-10-19,4.06,0.0
2016-10-20,4.061,0.000246
2016-10-21,4.065,0.000985
2016-10-24,4.072,0.001722
2016-10-25,4.073,0.000246
2016-10-26,4.07,-0.000737
2016-10-27,4.067,-0.000737
2016-10-28,4.064,-0.000738
2016-10-31,4.063,-0.000246
2016-11-01,4.068,0.001231
2016-11-02,4.065,-0.000737
2016-11-03,4.071,0.001476
2016-11-04,4.066,-0.001228
2016-11-07,4.065,-0.000246
2016-11-08,4.068,0.000738
2016-11-09,4.066,-0.000492
2016-11-10,4.071,0.00123
2016-11-11,4.073,0.000491
2016-11-14,4.071,-0.000491
2016-11-15,4.072,0.000246
2016-11-16,4.075,0.000737
2016-11-17,4.075,0.0
2016-11-18,4.072,-0.000736
2016-11-21,4.072,0.0
2016-11-22,4.075,0.000737
2016-11-23,4.073,-0.000491
2016-11-24,4.074,0.000246
2016-11-25,4.077,0.000736
2016-11-28,4.077,0.0
2016-11-29,4.073,-0.000981
2016-11-30,4.064,-0.00221
2016-12-01,4.066,0.000492
2016-12-02,4.061,-0.00123
2016-12-05,4.058,-0.000739
2016-12-06,4.059,0.000246
2016-12-07,4.062,0.000739
2016-12-08,4.06,-0.000492
2016-12-09,4.06,0.0
2016-12-12,4.039,-0.005172
2016-12-13,4.038,-0.000248
2016-12-14,4.034,-0.000991
2016-12-15,4.028,-0.001487
2016-12-16,4.031,0.000745
2016-12-19,4.029,-0.000496
2016-12-20,4.026,-0.000745
2016-12-21,4.033,0.001739
2016-12-22,4.033,0.0
2016-12-23,4.029,-0.000992
2016-12-26,4.032,0.000745
2016-12-27,4.033,0.000248
2016-12-28,4.03,-0.000744
2016-12-29,4.029,-0.000248
2016-12-30,4.031,0.000496
2016-12-31,4.031,0.0
2017-01-03,4.039,0.001985
2017-01-04,4.045,0.001486
2017-01-05,4.043,-0.000494
2017-01-06,4.04,-0.000742
2017-01-09,4.044,0.00099
2017-01-10,4.044,0.0
2017-01-11,4.037,-0.001731
2017-01-12,4.03,-0.001734
2017-01-13,4.028,-0.000496
2017-01-16,4.026,-0.000497
2017-01-17,4.031,0.001242
2017-01-18,4.038,0.001737
2017-01-19,4.037,-0.000248
2017-01-20,4.046,0.002229
2017-01-23,4.048,0.000494
2017-01-24,4.048,0.0
2017-01-25,4.053,0.001235
2017-01-26,4.057,0.000987
2017-02-03,4.053,-0.000986
2017-02-06,4.056,0.00074
2017-02-07,4.056,0.0
2017-02-08,4.06,0.000986
2017-02-09,4.065,0.001232
2017-02-10,4.068,0.000738
2017-02-13,4.078,0.002458
2017-02-14,4.077,-0.000245
2017-02-15,4.072,-0.001226
2017-02-16,4.079,0.001719
2017-02-17,4.075,-0.000981
2017-02-20,4.099,0.00589
2017-02-21,4.103,0.000976
2017-02-22,4.11,0.001706
2017-02-23,4.107,-0.00073
2017-02-24,4.105,-0.000487
2017-02-27,4.094,-0.00268
2017-02-28,4.1,0.001466
2017-03-01,4.104,0.000976
2017-03-02,4.101,-0.000731
2017-03-03,4.105,0.000975
2017-03-06,4.112,0.001705
2017-03-07,4.122,0.002432
2017-03-08,4.122,0.0
2017-03-09,4.114,-0.001941
2017-03-10,4.12,0.001458
2017-03-13,4.129,0.002184
2017-03-14,4.131,0.000484
2017-03-15,4.136,0.00121
2017-03-16,4.137,0.000242
2017-03-17,4.129,-0.001934
2017-03-20,4.133,0.000969
2017-03-21,4.154,0.005081
2017-03-22,4.159,0.001204
2017-03-23,4.159,0.0
2017-03-24,4.16,0.00024
2017-03-27,4.15,-0.002404
2017-03-28,4.149,-0.000241
2017-03-29,4.149,0.0
2017-03-30,4.144,-0.001205
2017-03-31,4.152,0.001931
2017-04-05,4.16,0.001927
2017-04-06,4.168,0.001923
2017-04-07,4.169,0.00024
2017-04-10,4.163,-0.001439
2017-04-11,4.157,-0.001441
2017-04-12,4.154,-0.000722
2017-04-13,4.163,0.002167
2017-04-14,4.156,-0.001681
2017-04-17,4.159,0.000722
2017-04-18,4.174,0.003607
2017-04-19,4.177,0.000719
2017-04-20,4.191,0.003352
2017-04-21,4.183,-0.001909
2017-04-24,4.168,-0.003586
2017-04-25,4.184,0.003839
2017-04-26,4.179,-0.001195
2017-04-27,4.179,0.0
2017-04-28,4.171,-0.001914
2017-05-02,4.171,0.0
2017-05-03,4.171,0.0
2017-05-04,4.171,0.0
2017-05-05,4.168,-0.000719
2017-05-08,4.153,-0.003599
2017-05-09,4.155,0.000482
2017-05-10,4.148,-0.001685
2017-05-11,4.157,0.00217
2017-05-12,4.16,0.000722
2017-05-15,4.167,0.001683
2017-05-16,4.188,0.00504
2017-05-17,4.179,-0.002149
2017-05-18,4.176,-0.000718
2017-05-19,4.179,0.000718
2017-05-22,4.179,0.0
2017-05-23,4.182,0.000718
2017-05-24,4.177,-0.001196
2017-05-25,4.172,-0.001197
2017-05-26,4.174,0.000479
2017-05-31,4.176,0.000479
2017-06-01,4.174,-0.000479
2017-06-02,4.172,-0.000479
2017-06-05,4.173,0.00024
2017-06-06,4.187,0.003355
2017-06-07,4.208,0.005016
2017-06-08,4.222,0.003327
2017-06-09,4.228,0.001421
2017-06-12,4.233,0.001183
2017-06-13,4.234,0.000236
2017-06-14,4.224,-0.002362
2017-06-15,4.219,-0.001184
2017-06-16,4.218,-0.000237
2017-06-19,4.227,0.002134
2017-06-20,4.225,-0.000473
2017-06-21,4.24,0.00355
2017-06-22,4.232,-0.001887
2017-06-23,4.243,0.002599
2017-06-26,4.258,0.003535
2017-06-27,4.259,0.000235
2017-06-28,4.247,-0.002818
2017-06-29,4.251,0.000942
2017-06-30,4.253,0.00047
2017-07-03,4.247,-0.001411
2017-07-04,4.236,-0.00259
2017-07-05,4.248,0.002833
2017-07-06,4.248,0.0
2017-07-07,4.24,-0.001883
2017-07-10,4.232,-0.001887
2017-07-11,4.236,0.000945
2017-07-12,4.225,-0.002597
2017-07-13,4.227,0.000473
2017-07-14,4.227,0.0
2017-07-17,4.212,-0.003549
2017-07-18,4.214,0.000475
2017-07-19,4.225,0.00261
2017-07-20,4.233,0.001893
2017-07-21,4.232,-0.000236
2017-07-24,4.241,0.002127
2017-07-25,4.237,-0.000943
2017-07-26,4.226,-0.002596
2017-07-27,4.227,0.000237
2017-07-28,4.242,0.003549
2017-07-31,4.247,0.001179
2017-08-01,4.247,0.0
2017-08-02,4.236,-0.00259
2017-08-03,4.227,-0.002125
2017-08-04,4.218,-0.002129
2017-08-07,4.234,0.003793
2017-08-08,4.234,0.0
2017-08-09,4.248,0.003307
2017-08-10,4.25,0.000471
2017-08-11,4.239,-0.002588
2017-08-14,4.255,0.003774
2017-08-15,4.254,-0.000235
2017-08-16,4.25,-0.00094
2017-08-17,4.247,-0.000706
2017-08-18,4.243,-0.000942
2017-08-21,4.248,0.001178
2017-08-22,4.243,-0.001177
2017-08-23,4.244,0.000236
2017-08-24,4.238,-0.001414
2017-08-25,4.244,0.001416
2017-08-28,4.255,0.002592
2017-08-29,4.252,-0.000705
2017-08-30,4.257,0.001176
2017-08-31,4.254,-0.000705
2017-09-01,4.254,0.0
2017-09-04,4.256,0.00047
2017-09-05,4.254,-0.00047
2017-09-06,4.251,-0.000705
2017-09-07,4.251,0.0
2017-09-08,4.246,-0.001176
2017-09-11,4.251,0.001178
2017-09-12,4.254,0.000706
2017-09-13,4.263,0.002116
2017-09-14,4.261,-0.000469
2017-09-15,4.267,0.001408
2017-09-18,4.279,0.002812
2017-09-19,4.275,-0.000935
2017-09-20,4.281,0.001404
2017-09-21,4.272,-0.002102
2017-09-22,4.273,0.000234
2017-09-25,4.273,0.0
2017-09-26,4.27,-0.000702
2017-09-27,4.275,0.001171
2017-09-28,4.285,0.002339
2017-09-29,4.287,0.000467
2017-10-09,4.305,0.004199
2017-10-10,4.315,0.002323
2017-10-11,4.333,0.004171
2017-10-12,4.337,0.000923
2017-10-13,4.336,-0.000231
2017-10-16,4.331,-0.001153
2017-10-17,4.343,0.002771
2017-10-18,4.353,0.002303
2017-10-19,4.357,0.000919
2017-10-20,4.349,-0.001836
2017-10-23,4.366,0.003909
2017-10-24,4.372,0.001374
2017-10-25,4.381,0.002059
2017-10-26,4.377,-0.000913
2017-10-27,4.39,0.00297
2017-10-30,4.39,0.0
2017-10-31,4.391,0.000228
2017-11-01,4.394,0.000683
2017-11-02,4.389,-0.001138
2017-11-03,4.381,-0.001823
2017-11-06,4.408,0.006163
2017-11-07,4.408,0.0
2017-11-08,4.403,-0.001134
2017-11-09,4.412,0.002044
2017-11-10,4.429,0.003853
2017-11-13,4.437,0.001806
2017-11-14,4.414,-0.005184
2017-11-15,4.419,0.001133
2017-11-16,4.436,0.003847
2017-11-17,4.415,-0.004734
2017-11-20,4.425,0.002265
2017-11-21,4.437,0.002712
2017-11-22,4.418,-0.004282
2017-11-23,4.373,-0.010186
2017-11-24,4.369,-0.000915
2017-11-27,4.357,-0.002747
2017-11-28,4.367,0.002295
2017-11-29,4.367,0.0
2017-11-30,4.355,-0.002748
2017-12-01,4.358,0.000689
2017-12-04,4.364,0.001377
2017-12-05,4.363,-0.000229
2017-12-06,4.361,-0.000458
2017-12-07,4.347,-0.00321
2017-12-08,4.364,0.003911
2017-12-11,4.392,0.006416
2017-12-12,4.387,-0.001138
2017-12-13,4.403,0.003647
2017-12-14,4.406,0.000681
2017-12-15,4.394,-0.002724
2017-12-18,4.405,0.002503
2017-12-19,4.419,0.003178
2017-12-20,4.424,0.001131
2017-12-21,4.438,0.003165
2017-12-22,4.436,-0.000451
2017-12-25,4.437,0.000225
2017-12-26,4.431,-0.001352
2017-12-27,4.413,-0.004062
2017-12-28,4.424,0.002493
2017-12-29,4.429,0.00113
2017-12-31,4.429,0.0
2018-01-02,4.438,0.002032
2018-01-03,4.442,0.000901
2018-01-04,4.459,0.003827
2018-01-05,4.461,0.000449
2018-01-08,4.466,0.001121
2018-01-09,4.483,0.003807
2018-01-10,4.49,0.001561
2018-01-11,4.484,-0.001336
2018-01-12,4.495,0.002453
2018-01-15,4.495,0.0
2018-01-16,4.507,0.00267
2018-01-17,4.479,-0.006213
2018-01-18,4.481,0.000447
2018-01-19,4.47,-0.002455
2018-01-22,4.494,0.005369
2018-01-23,4.502,0.00178
2018-01-24,4.497,-0.001111
2018-01-25,4.494,-0.000667
2018-01-26,4.505,0.002448
2018-01-29,4.474,-0.006881
2018-01-30,4.459,-0.003353
2018-01-31,4.473,0.00314
2018-02-01,4.459,-0.00313
2018-02-02,4.462,0.000673
2018-02-05,4.442,-0.004482
2018-02-06,4.411,-0.006979
2018-02-07,4.385,-0.005894
2018-02-08,4.397,0.002737
2018-02-09,4.368,-0.006595
2018-02-12,4.408,0.009158
2018-02-13,4.421,0.002949
2018-02-14,4.435,0.003167
2018-02-22,4.462,0.006088
2018-02-23,4.461,-0.000224
2018-02-26,4.467,0.001345
2018-02-27,4.446,-0.004701
2018-02-28,4.435,-0.002474
2018-03-01,4.449,0.003157
2018-03-02,4.445,-0.000899
2018-03-05,4.442,-0.000675
2018-03-06,4.457,0.003377
2018-03-07,4.449,-0.001795
2018-03-08,4.476,0.006069
2018-03-09,4.487,0.002458
2018-03-12,4.487,0.0
2018-03-13,4.477,-0.002229
2018-03-14,4.479,0.000447
2018-03-15,4.494,0.003349
2018-03-16,4.485,-0.002003
2018-03-19,4.493,0.001784
2018-03-20,4.494,0.000223
2018-03-21,4.488,-0.001335
2018-03-22,4.464,-0.005348
2018-03-23,4.434,-0.00672
2018-03-26,4.438,0.000902
2018-03-27,4.443,0.001127
2018-03-28,4.41,-0.007427
2018-03-29,4.435,0.005669
2018-03-30,4.44,0.001127
2018-04-02,4.436,-0.000901
2018-04-03,4.433,-0.000676
2018-04-04,4.443,0.002256
2018-04-09,4.433,-0.002251
2018-04-10,4.452,0.004286
2018-04-11,4.458,0.001348
2018-04-12,4.45,-0.001795
2018-04-13,4.437,-0.002921
2018-04-16,4.431,-0.001352
2018-04-17,4.405,-0.005868
2018-04-18,4.405,0.0
2018-04-19,4.428,0.005221
2018-04-20,4.418,-0.002258
2018-04-23,4.412,-0.001358
2018-04-24,4.442,0.0068
2018-04-25,4.442,0.0
2018-04-26,4.415,-0.006078
2018-04-27,4.414,-0.000227
2018-05-02,4.421,0.001586
2018-05-03,4.44,0.004298
2018-05-04,4.438,-0.00045
2018-05-07,4.473,0.007886
2018-05-08,4.485,0.002683
2018-05-09,4.482,-0.000669
2018-05-10,4.498,0.00357
2018-05-11,4.487,-0.002446
2018-05-14,4.503,0.003566
2018-05-15,4.511,0.001777
2018-05-16,4.507,-0.000887
2018-05-17,4.488,-0.004216
2018-05-18,4.496,0.001783
2018-05-21,4.497,0.000222
2018-05-22,4.498,0.000222
2018-05-23,4.483,-0.003335
2018-05-24,4.467,-0.003569
2018-05-25,4.467,0.0
2018-05-28,4.485,0.00403
2018-05-29,4.471,-0.003122
2018-05-30,4.465,-0.001342
2018-05-31,4.493,0.006271
2018-06-01,4.475,-0.004006
2018-06-04,4.498,0.00514
2018-06-05,4.515,0.003779
2018-06-06,4.514,-0.000221
2018-06-07,4.509,-0.001108
2018-06-08,4.499,-0.002218
2018-06-11,4.499,0.0
2018-06-12,4.525,0.005779
2018-06-13,4.514,-0.002431
2018-06-14,4.501,-0.00288
2018-06-15,4.496,-0.001111
2018-06-19,4.455,-0.009119
2018-06-20,4.485,0.006734
2018-06-21,4.473,-0.002676
2018-06-22,4.482,0.002012
2018-06-25,4.476,-0.001339
2018-06-26,4.466,-0.002234
2018-06-27,4.432,-0.007613
2018-06-28,4.41,-0.004964
2018-06-29,4.445,0.007937
2018-06-30,4.445,0.0
2018-07-02,4.414,-0.006974
2018-07-03,4.398,-0.003625
2018-07-04,4.377,-0.004775
2018-07-05,4.367,-0.002285
2018-07-06,4.374,0.001603
2018-07-09,4.406,0.007316
2018-07-10,4.408,0.000454
2018-07-11,4.394,-0.003176
2018-07-12,4.418,0.005462
2018-07-13,4.432,0.003169
2018-07-16,4.426,-0.001354
2018-07-17,4.415,-0.002485
2018-07-18,4.404,-0.002492
2018-07-19,4.399,-0.001135
2018-07-20,4.405,0.001364
2018-07-23,4.399,-0.001362
2018-07-24,4.429,0.00682
2018-07-25,4.425,-0.000903
2018-07-26,4.413,-0.002712
2018-07-27,4.409,-0.000906
2018-07-30,4.397,-0.002722
2018-07-31,4.396,-0.000227
2018-08-01,4.372,-0.00546
2018-08-02,4.339,-0.007548
2018-08-03,4.31,-0.006684
2018-08-06,4.288,-0.005104
2018-08-07,4.316,0.00653
2018-08-08,4.293,-0.005329
2018-08-09,4.326,0.007687
2018-08-10,4.332,0.001387
2018-08-13,4.328,-0.000923
2018-08-14,4.322,-0.001386
2018-08-15,4.291,-0.007173
2018-08-16,4.277,-0.003263
2018-08-17,4.26,-0.003975
2018-08-20,4.266,0.001408
2018-08-21,4.297,0.007267
2018-08-22,4.288,-0.002094
2018-08-23,4.292,0.000933
2018-08-24,4.288,-0.000932
2018-08-27,4.322,0.007929
2018-08-28,4.321,-0.000231
2018-08-29,4.314,-0.00162
2018-08-30,4.306,-0.001854
2018-08-31,4.294,-0.002787
2018-09-03,4.292,-0.000466
2018-09-04,4.302,0.00233
2018-09-05,4.28,-0.005114
2018-09-06,4.261,-0.004439
2018-09-07,4.269,0.001877
2018-09-10,4.253,-0.003748
2018-09-11,4.254,0.000235
2018-09-12,4.237,-0.003996
2018-09-13,4.239,0.000472
2018-09-14,4.244,0.00118
2018-09-17,4.236,-0.001885
2018-09-18,4.253,0.004013
2018-09-19,4.277,0.005643
2018-09-20,4.273,-0.000935
2018-09-21,4.306,0.007723
2018-09-25,4.294,-0.002787
2018-09-26,4.314,0.004658
2018-09-27,4.307,-0.001623
2018-09-28,4.316,0.00209
2018-10-08,4.263,-0.01228
2018-10-09,4.262,-0.000235
2018-10-10,4.243,-0.004458
2018-10-11,4.201,-0.009899
2018-10-12,4.213,0.002856
2018-10-15,4.196,-0.004035
2018-10-16,4.183,-0.003098
2018-10-17,4.189,0.001434
2018-10-18,4.169,-0.004774
2018-10-19,4.197,0.006716
2018-10-22,4.239,0.010007
2018-10-23,4.202,-0.008728
2018-10-24,4.194,-0.001904
2018-10-25,4.185,-0.002146
2018-10-26,4.179,-0.001434
2018-10-29,4.14,-0.009332
2018-10-30,4.144,0.000966
2018-10-31,4.165,0.005068
2018-11-01,4.182,0.004082
2018-11-02,4.223,0.009804
2018-11-05,4.22,-0.00071
2018-11-06,4.212,-0.001896
2018-11-07,4.208,-0.00095
2018-11-08,4.206,-0.000475
2018-11-09,4.199,-0.001664
2018-11-12,4.21,0.00262
2018-11-13,4.223,0.003088
2018-11-14,4.213,-0.002368
2018-11-15,4.221,0.001899
2018-11-16,4.224,0.000711
2018-11-19,4.233,0.002131
2018-11-20,4.214,-0.004489
2018-11-21,4.218,0.000949
2018-11-22,4.215,-0.000711
2018-11-23,4.201,-0.003321
2018-11-26,4.199,-0.000476
2018-11-27,4.198,-0.000238
2018-11-28,4.21,0.002859
2018-11-29,4.203,-0.001663
2018-11-30,4.214,0.002617
2018-12-03,4.238,0.005695
2018-12-04,4.237,-0.000236
2018-12-05,4.241,0.000944
2018-12-06,4.225,-0.003773
2018-12-07,4.22,-0.001183
2018-12-10,4.21,-0.00237
2018-12-11,4.217,0.001663
2018-12-12,4.221,0.000949
2018-12-13,4.234,0.00308
2018-12-14,4.222,-0.002834
2018-12-17,4.216,-0.001421
2018-12-18,4.211,-0.001186
2018-12-19,4.199,-0.00285
2018-12-20,4.198,-0.000238
2018-12-21,4.189,-0.002144
2018-12-24,4.193,0.000955
2018-12-25,4.19,-0.000715
2018-12-26,4.186,-0.000955
2018-12-27,4.181,-0.001194
2018-12-28,4.187,0.001435
2018-12-31,4.187,0.0
2019-01-02,4.18,-0.001672
2019-01-03,4.171,-0.002153
2019-01-04,4.183,0.002877
2019-01-07,4.192,0.002152
2019-01-08,4.192,0.0
2019-01-09,4.201,0.002147
2019-01-10,4.204,0.000714
2019-01-11,4.207,0.000714
2019-01-14,4.199,-0.001902
2019-01-15,4.219,0.004763
2019-01-16,4.223,0.000948
2019-01-17,4.222,-0.000237
2019-01-18,4.235,0.003079
2019-01-21,4.238,0.000708
2019-01-22,4.226,-0.002832
2019-01-23,4.226,0.0
2019-01-24,4.229,0.00071
2019-01-25,4.234,0.001182
2019-01-28,4.24,0.001417
2019-01-29,4.245,0.001179
2019-01-30,4.236,-0.00212
2019-01-31,4.244,0.001889
2019-02-01,4.256,0.002828
2019-02-11,4.278,0.005169
2019-02-12,4.28,0.000468
2019-02-13,4.291,0.00257
2019-02-14,4.299,0.001864
2019-02-15,4.283,-0.003722
2019-02-18,4.31,0.006304
2019-02-19,4.307,-0.000696
2019-02-20,4.306,-0.000232
2019-02-21,4.301,-0.001161
2019-02-22,4.312,0.002558
2019-02-25,4.347,0.008117
2019-02-26,4.331,-0.003681
2019-02-27,4.327,-0.000924
2019-02-28,4.334,0.001618
2019-03-01,4.354,0.004615
2019-03-04,4.366,0.002756
2019-03-05,4.371,0.001145
2019-03-06,4.369,-0.000458
2019-03-07,4.35,-0.004349
2019-03-08,4.325,-0.005747
2019-03-11,4.349,0.005549
2019-03-12,4.349,0.0
2019-03-13,4.348,-0.00023
2019-03-14,4.348,0.0
2019-03-15,4.364,0.00368
2019-03-18,4.399,0.00802
2019-03-19,4.394,-0.001137
2019-03-20,4.392,-0.000455
2019-03-21,4.392,0.0
2019-03-22,4.397,0.001138
2019-03-25,4.381,-0.003639
2019-03-26,4.377,-0.000913
2019-03-27,4.397,0.004569
2019-03-28,4.394,-0.000682
2019-03-29,4.43,0.008193
2019-04-01,4.451,0.00474
2019-04-02,4.444,-0.001573
2019-04-03,4.443,-0.000225
2019-04-04,4.454,0.002476
2019-04-08,4.451,-0.000674
2019-04-09,4.467,0.003595
2019-04-10,4.47,0.000672
2019-04-11,4.442,-0.006264
2019-04-12,4.433,-0.002026
2019-04-15,4.432,-0.000226
2019-04-16,4.45,0.004061
2019-04-17,4.451,0.000225
2019-04-18,4.45,-0.000225
2019-04-19,4.457,0.001573
2019-04-22,4.443,-0.003141
2019-04-23,4.445,0.00045
2019-04-24,4.443,-0.00045
2019-04-25,4.43,-0.002926
2019-04-26,4.424,-0.001354
2019-04-29,4.438,0.003165
2019-04-30,4.439,0.000225
2019-05-06,4.384,-0.01239
2019-05-07,4.4,0.00365
2019-05-08,4.388,-0.002727
2019-05-09,4.366,-0.005014
2019-05-10,4.403,0.008475
2019-05-13,4.4,-0.000681
2019-05-14,4.391,-0.002045
2019-05-15,4.418,0.006149
2019-05-16,4.425,0.001584
2019-05-17,4.404,-0.004746
2019-05-20,4.394,-0.002271
2019-05-21,4.401,0.001593
2019-05-22,4.396,-0.001136
2019-05-23,4.377,-0.004322
2019-05-24,4.384,0.001599
2019-05-27,4.389,0.001141
2019-05-28,4.403,0.00319
2019-05-29,4.405,0.000454
2019-05-30,4.402,-0.000681
2019-05-31,4.402,0.0
2019-06-03,4.4,-0.000454
2019-06-04,4.389,-0.0025
2019-06-05,4.386,-0.000684
2019-06-06,4.382,-0.000912
2019-06-10,4.396,0.003195
2019-06-11,4.428,0.007279
2019-06-12,4.419,-0.002033
2019-06-13,4.415,-0.000905
2019-06-14,4.409,-0.001359
2019-06-17,4.408,-0.000227
2019-06-18,4.411,0.000681
2019-06-19,4.426,0.003401
2019-06-20,4.458,0.00723
2019-06-21,4.458,0.0
2019-06-24,4.466,0.001795
2019-06-25,4.463,-0.000672
2019-06-26,4.462,-0.000224
2019-06-27,4.478,0.003586
2019-06-28,4.481,0.00067
2019-06-30,4.481,0.0
2019-07-01,4.516,0.007811
2019-07-02,4.52,0.000886
2019-07-03,4.502,-0.003982
2019-07-04,4.486,-0.003554
2019-07-05,4.504,0.004012
2019-07-08,4.486,-0.003996
2019-07-09,4.484,-0.000446
2019-07-10,4.487,0.000669
2019-07-11,4.483,-0.000891
2019-07-12,4.49,0.001561
2019-07-15,4.489,-0.000223
2019-07-16,4.48,-0.002005
2019-07-17,4.476,-0.000893
2019-07-18,4.465,-0.002458
2019-07-19,4.474,0.002016
2019-07-22,4.474,0.0
2019-07-23,4.472,-0.000447
2019-07-24,4.476,0.000894
2019-07-25,4.483,0.001564
2019-07-26,4.488,0.001115
2019-07-29,4.491,0.000668
2019-07-30,4.494,0.000668
2019-07-31,4.485,-0.002003
2019-08-01,4.474,-0.002453
2019-08-02,4.467,-0.001565
2019-08-05,4.449,-0.00403
2019-08-06,4.452,0.000674
2019-08-07,4.447,-0.001123
2019-08-08,4.459,0.002698
2019-08-09,4.451,-0.001794
2019-08-12,4.47,0.004269
2019-08-13,4.468,-0.000447
2019-08-14,4.482,0.003133
2019-08-15,4.483,0.000223
2019-08-16,4.493,0.002231
2019-08-19,4.507,0.003116
2019-08-20,4.506,-0.000222
2019-08-21,4.501,-0.00111
2019-08-22,4.514,0.002888
2019-08-23,4.524,0.002215
2019-08-26,4.51,-0.003095
2019-08-27,4.525,0.003326
2019-08-28,4.526,0.000221
2019-08-29,4.526,0.0
2019-08-30,4.539,0.002872
2019-09-02,4.546,0.001542
2019-09-03,4.544,-0.00044
2019-09-04,4.541,-0.00066
2019-09-05,4.545,0.000881
2019-09-06,4.55,0.0011
2019-09-09,4.551,0.00022
2019-09-10,4.549,-0.000439
2019-09-11,4.526,-0.005056
2019-09-12,4.538,0.002651
2019-09-16,4.535,-0.000661
2019-09-17,4.528,-0.001544
2019-09-18,4.547,0.004196
2019-09-19,4.55,0.00066
2019-09-20,4.553,0.000659
2019-09-23,4.544,-0.001977
2019-09-24,4.554,0.002201
2019-09-25,4.552,-0.000439
2019-09-26,4.543,-0.001977
2019-09-27,4.541,-0.00044
2019-09-30,4.53,-0.002422
2019-10-08,4.54,0.002208
2019-10-09,4.534,-0.001322
2019-10-10,4.542,0.001764
2019-10-11,4.547,0.001101
2019-10-14,4.55,0.00066
2019-10-15,4.559,0.001978
2019-10-16,4.557,-0.000439
2019-10-17,4.56,0.000658
2019-10-18,4.549,-0.002412
2019-10-21,4.55,0.00022
2019-10-22,4.56,0.002198
2019-10-23,4.546,-0.00307
2019-10-24,4.538,-0.00176
2019-10-25,4.545,0.001543
2019-10-28,4.552,0.00154
2019-10-29,4.557,0.001098
2019-10-30,4.552,-0.001097
2019-10-31,4.553,0.00022
2019-11-01,4.57,0.003734
2019-11-04,4.577,0.001532
2019-11-05,4.579,0.000437
2019-11-06,4.57,-0.001965
2019-11-07,4.574,0.000875
2019-11-08,4.573,-0.000219
2019-11-11,4.56,-0.002843
2019-11-12,4.565,0.001096
2019-11-13,4.574,0.001972
2019-11-14,4.577,0.000656
2019-11-15,4.571,-0.001311
2019-11-18,4.574,0.000656
2019-11-19,4.586,0.002624
2019-11-20,4.581,-0.00109
2019-11-21,4.568,-0.002838
2019-11-22,4.545,-0.005035
2019-11-25,4.544,-0.00022
2019-11-26,4.551,0.00154
2019-11-27,4.547,-0.000879
2019-11-28,4.544,-0.00066
2019-11-29,4.518,-0.005722
2019-12-02,4.513,-0.001107
2019-12-03,4.514,0.000222
2019-12-04,4.519,0.001108
2019-12-05,4.525,0.001328
2019-12-06,4.536,0.002431
2019-12-09,4.526,-0.002205
2019-12-10,4.531,0.001105
2019-12-11,4.527,-0.000883
2019-12-12,4.525,-0.000442
2019-12-13,4.543,0.003978
2019-12-16,4.532,-0.002421
2019-12-17,4.541,0.001986
2019-12-18,4.54,-0.00022
2019-12-19,4.535,-0.001101
2019-12-20,4.532,-0.000662
2019-12-23,4.529,-0.000662
2019-12-24,4.532,0.000662
2019-12-25,4.53,-0.000441
2019-12-26,4.538,0.001766
2019-12-27,4.543,0.001102
2019-12-30,4.557,0.003082
2019-12-31,4.558,0.000219
2020-01-02,4.558,0.0
2020-01-03,4.553,-0.001097
2020-01-06,4.544,-0.001977
2020-01-07,4.552,0.001761
2020-01-08,4.549,-0.000659
2020-01-09,4.568,0.004177
2020-01-10,4.576,0.001751
2020-01-13,4.582,0.001311
2020-01-14,4.571,-0.002401
2020-01-15,4.573,0.000438
2020-01-16,4.578,0.001093
2020-01-17,4.578,0.0
2020-01-20,4.579,0.000218
2020-01-21,4.558,-0.004586
2020-01-22,4.562,0.000878
2020-01-23,4.53,-0.007014
2020-02-03,4.463,-0.01479
2020-02-04,4.492,0.006498
2020-02-05,4.506,0.003117
2020-02-06,4.523,0.003773
2020-02-07,4.519,-0.000884
2020-02-10,4.524,0.001106
2020-02-11,4.544,0.004421
2020-02-12,4.546,0.00044
2020-02-13,4.541,-0.0011
2020-02-14,4.546,0.001101
2020-02-17,4.555,0.00198
2020-02-18,4.546,-0.001976
2020-02-19,4.553,0.00154
2020-02-20,4.58,0.00593
2020-02-21,4.57,-0.002183
2020-02-24,4.549,-0.004595
2020-02-25,4.542,-0.001539
2020-02-26,4.535,-0.001541
2020-02-27,4.547,0.002646
2020-02-28,4.514,-0.007258
2020-03-02,4.546,0.007089
2020-03-03,4.558,0.00264
2020-03-04,4.568,0.002194
2020-03-05,4.61,0.009194
2020-03-06,4.589,-0.004555
2020-03-09,4.554,-0.007627
2020-03-10,4.576,0.004831
2020-03-11,4.567,-0.001967
2020-03-12,4.543,-0.005255
2020-03-13,4.529,-0.003082
2020-03-16,4.485,-0.009715
2020-03-17,4.473,-0.002676
2020-03-18,4.454,-0.004248
2020-03-19,4.425,-0.006511
2020-03-20,4.451,0.005876
2020-03-23,4.424,-0.006066
2020-03-24,4.455,0.007007
2020-03-25,4.485,0.006734
2020-03-26,4.484,-0.000223
2020-03-27,4.493,0.002007
2020-03-30,4.48,-0.002893
2020-03-31,4.489,0.002009
2020-04-01,4.487,-0.000446
2020-04-02,4.5,0.002897
2020-04-03,4.498,-0.000444
2020-04-07,4.522,0.005336
2020-04-08,4.52,-0.000442
2020-04-09,4.526,0.001327
2020-04-10,4.529,0.000663
2020-04-13,4.531,0.000442
2020-04-14,4.549,0.003973
2020-04-15,4.541,-0.001759
2020-04-16,4.541,0.0
2020-04-17,4.554,0.002863
2020-04-20,4.558,0.000878
2020-04-21,4.546,-0.002633
2020-04-22,4.568,0.004839
2020-04-23,4.569,0.000219
2020-04-24,4.566,-0.000657
2020-04-27,4.575,0.001971
2020-04-28,4.597,0.004809
2020-04-29,4.598,0.000218
2020-04-30,4.599,0.000217
2020-05-06,4.606,0.001522
2020-05-07,4.612,0.001303
2020-05-08,4.624,0.002602
2020-05-11,4.618,-0.001298
2020-05-12,4.627,0.001949
2020-05-13,4.638,0.002377
2020-05-14,4.632,-0.001294
2020-05-15,4.625,-0.001511
2020-05-18,4.644,0.004108
2020-05-19,4.65,0.001292
2020-05-20,4.642,-0.00172
2020-05-21,4.648,0.001293
2020-05-22,4.623,-0.005379
2020-05-25,4.638,0.003245
2020-05-26,4.654,0.00345
2020-05-27,4.648,-0.001289
2020-05-28,4.647,-0.000215
2020-05-29,4.664,0.003658
2020-06-01,4.692,0.006003
2020-06-02,4.683,-0.001918
2020-06-03,4.681,-0.000427
2020-06-04,4.685,0.000855
2020-06-05,4.695,0.002134
2020-06-08,4.694,-0.000213
2020-06-09,4.704,0.00213
2020-06-10,4.708,0.00085
2020-06-11,4.7,-0.001699
2020-06-12,4.713,0.002766
2020-06-15,4.699,-0.002971
2020-06-16,4.717,0.003831
2020-06-17,4.715,-0.000424
2020-06-18,4.722,0.001485
2020-06-19,4.749,0.005718
2020-06-22,4.742,-0.001474
2020-06-23,4.758,0.003374
2020-06-24,4.758,0.0
2020-06-29,4.765,0.001471
2020-06-30,4.784,0.003987
2020-07-01,4.819,0.007316
2020-07-02,4.832,0.002698
2020-07-03,4.843,0.002276
2020-07-06,4.878,0.007227
2020-07-07,4.899,0.004305
2020-07-08,4.898,-0.000204
2020-07-09,4.912,0.002858
2020-07-10,4.915,0.000611
2020-07-13,4.942,0.005493
2020-07-14,4.937,-0.001012
2020-07-15,4.954,0.003443
2020-07-16,4.878,-0.015341
2020-07-17,4.901,0.004715
2020-07-20,4.909,0.001632
2020-07-21,4.926,0.003463
2020-07-22,4.941,0.003045
2020-07-23,4.954,0.002631
2020-07-24,4.899,-0.011102
2020-07-27,4.909,0.002041
2020-07-28,4.931,0.004482
2020-07-29,4.955,0.004867
2020-07-30,4.958,0.000605
2020-07-31,4.968,0.002017
2020-08-03,4.972,0.000805
2020-08-04,4.967,-0.001006
2020-08-05,4.967,0.0
2020-08-06,4.945,-0.004429
2020-08-07,4.936,-0.00182
2020-08-10,4.937,0.000203
2020-08-11,4.936,-0.000203
2020-08-12,4.917,-0.003849
2020-08-13,4.911,-0.00122
2020-08-14,4.93,0.003869
2020-08-17,4.946,0.003245
2020-08-18,4.951,0.001011
2020-08-19,4.933,-0.003636
2020-08-20,4.915,-0.003649
2020-08-21,4.928,0.002645
2020-08-24,4.943,0.003044
2020-08-25,4.965,0.004451
2020-08-26,4.966,0.000201
2020-08-27,4.969,0.000604
2020-08-28,4.999,0.006037
2020-08-31,4.999,0.0
2020-09-01,5.006,0.0014
2020-09-02,5.002,-0.000799
2020-09-03,5.01,0.001599
2020-09-04,4.986,-0.00479
2020-09-07,4.958,-0.005616
2020-09-08,4.951,-0.001412
2020-09-09,4.925,-0.005251
2020-09-10,4.943,0.003655
2020-09-11,4.962,0.003844
2020-09-14,4.968,0.001209
2020-09-15,4.976,0.00161
2020-09-16,4.957,-0.003818
2020-09-17,4.938,-0.003833
2020-09-18,4.952,0.002835
2020-09-21,4.941,-0.002221
2020-09-22,4.937,-0.00081
2020-09-23,4.944,0.001418
2020-09-24,4.927,-0.003439
2020-09-25,4.93,0.000609
2020-09-28,4.936,0.001217
2020-09-29,4.94,0.00081
2020-09-30,4.947,0.001417
2020-10-09,4.957,0.002021
2020-10-12,5.008,0.010288
2020-10-13,5.024,0.003195
2020-10-14,5.018,-0.001194
2020-10-15,5.013,-0.000996
2020-10-16,5.005,-0.001596
2020-10-19,4.99,-0.002997
2020-10-20,5.01,0.004008
2020-10-21,5.011,0.0002
2020-10-22,5.016,0.000998
2020-10-23,4.987,-0.005781
2020-10-26,4.979,-0.001604
2020-10-27,4.996,0.003414
2020-10-28,5.024,0.005604
2020-10-29,5.047,0.004578
2020-10-30,5.03,-0.003368
2020-11-02,5.048,0.003579
2020-11-03,5.057,0.001783
2020-11-04,5.078,0.004153
2020-11-05,5.083,0.000985
2020-11-06,5.077,-0.00118
2020-11-09,5.102,0.004924
2020-11-10,5.101,-0.000196
2020-11-11,5.089,-0.002352
2020-11-12,5.103,0.002751
2020-11-13,5.089,-0.002743
2020-11-16,5.109,0.00393
2020-11-17,5.091,-0.003523
2020-11-18,5.071,-0.003929
2020-11-19,5.086,0.002958
2020-11-20,5.095,0.00177
2020-11-23,5.106,0.002159
2020-11-24,5.103,-0.000588
2020-11-25,5.069,-0.006663
2020-11-26,5.066,-0.000592
2020-11-27,5.076,0.001974
2020-11-30,5.058,-0.003546
2020-12-01,5.081,0.004547
2020-12-02,5.084,0.00059
2020-12-03,5.097,0.002557
2020-12-04,5.119,0.004316
2020-12-07,5.121,0.000391
2020-12-08,5.126,0.000976
2020-12-09,5.111,-0.002926
2020-12-10,5.125,0.002739
2020-12-11,5.125,0.0
2020-12-14,5.141,0.003122
2020-12-15,5.145,0.000778
2020-12-16,5.163,0.003499
2020-12-17,5.197,0.006585
2020-12-18,5.192,-0.000962
2020-12-21,5.199,0.001348
2020-12-22,5.211,0.002308
2020-12-23,5.208,-0.000576
2020-12-24,5.204,-0.000768
2020-12-25,5.217,0.002498
2020-12-28,5.248,0.005942
2020-12-29,5.24,-0.001524
2020-12-30,5.269,0.005534
2020-12-31,5.303,0.006453
2021-01-04,5.312,0.001697
2021-01-05,5.355,0.008095
2021-01-06,5.373,0.003361
2021-01-07,5.409,0.0067
2021-01-08,5.37,-0.00721
2021-01-11,5.334,-0.006704
2021-01-12,5.367,0.006187
2021-01-13,5.337,-0.00559
2021-01-14,5.299,-0.00712
2021-01-15,5.287,-0.002265
2021-01-18,5.277,-0.001891
2021-01-19,5.241,-0.006822
2021-01-20,5.263,0.004198
2021-01-21,5.292,0.00551
2021-01-22,5.306,0.002646
2021-01-25,5.366,0.011308
2021-01-26,5.332,-0.006336
2021-01-27,5.312,-0.003751
2021-01-28,5.284,-0.005271
2021-01-29,5.302,0.003407
2021-02-01,5.312,0.001886
2021-02-02,5.355,0.008095
2021-02-03,5.363,0.001494
2021-02-04,5.363,0.0
2021-02-05,5.39,0.005034
2021-02-08,5.412,0.004082
2021-02-09,5.438,0.004804
2021-02-10,5.506,0.012505
2021-02-18,5.458,-0.008718
2021-02-19,5.444,-0.002565
2021-02-22,5.337,-0.019655
2021-02-23,5.334,-0.000562
2021-02-24,5.281,-0.009936
2021-02-25,5.275,-0.001136
2021-02-26,5.238,-0.007014
2021-03-01,5.251,0.002482
2021-03-02,5.221,-0.005713
2021-03-03,5.246,0.004788
2021-03-04,5.19,-0.010675
2021-03-05,5.194,0.000771
2021-03-08,5.117,-0.014825
2021-03-09,5.089,-0.005472
2021-03-10,5.129,0.00786
2021-03-11,5.167,0.007409
2021-03-12,5.175,0.001548
2021-03-15,5.119,-0.010821
2021-03-16,5.142,0.004493
2021-03-17,5.154,0.002334
2021-03-18,5.186,0.006209
2021-03-19,5.15,-0.006942
2021-03-22,5.149,-0.000194
2021-03-23,5.148,-0.000194
2021-03-24,5.147,-0.000194
2021-03-25,5.15,0.000583
2021-03-26,5.187,0.007184
2021-03-29,5.198,0.002121
2021-03-30,5.213,0.002886
2021-03-31,5.189,-0.004604
2021-04-01,5.227,0.007323
2021-04-02,5.267,0.007653
2021-04-06,5.243,-0.004557
2021-04-07,5.203,-0.007629
2021-04-08,5.22,0.003267
2021-04-09,5.19,-0.005747
2021-04-12,5.169,-0.004046
2021-04-13,5.161,-0.001548
2021-04-14,5.183,0.004263
2021-04-15,5.169,-0.002701
2021-04-16,5.183,0.002708
2021-04-19,5.209,0.005016
2021-04-20,5.216,0.001344
2021-04-21,5.234,0.003451
2021-04-22,5.235,0.000191
2021-04-23,5.269,0.006495
2021-04-26,5.258,-0.002088
2021-04-27,5.286,0.005325
2021-04-28,5.304,0.003405
2021-04-29,5.313,0.001697
2021-04-30,5.307,-0.001129
2021-05-06,5.265,-0.007914
2021-05-07,5.239,-0.004938
2021-05-10,5.24,0.000191
2021-05-11,5.268,0.005344
2021-05-12,5.283,0.002847
2021-05-13,5.28,-0.000568
2021-05-14,5.306,0.004924
2021-05-17,5.338,0.006031
2021-05-18,5.331,-0.001311
2021-05-19,5.328,-0.000563
2021-05-20,5.346,0.003378
2021-05-21,5.337,-0.001684
2021-05-24,5.347,0.001874
2021-05-25,5.396,0.009164
2021-05-26,5.389,-0.001297
2021-05-27,5.398,0.00167
2021-05-28,5.391,-0.001297
2021-05-31,5.391,0.0
2021-06-01,5.415,0.004452
2021-06-02,5.396,-0.003509
2021-06-03,5.4,0.000741
2021-06-04,5.409,0.001667
2021-06-07,5.415,0.001109
2021-06-08,5.367,-0.008864
2021-06-09,5.376,0.001677
2021-06-10,5.401,0.00465
2021-06-11,5.361,-0.007406
2021-06-15,5.352,-0.001679
2021-06-16,5.328,-0.004484
2021-06-17,5.337,0.001689
2021-06-18,5.325,-0.002248
2021-06-21,5.311,-0.002629
2021-06-22,5.328,0.003201
2021-06-23,5.302,-0.00488
2021-06-24,5.311,0.001697
2021-06-25,5.338,0.005084
2021-06-28,5.355,0.003185
2021-06-29,5.334,-0.003922
2021-06-30,5.337,0.000562
2021-07-01,5.351,0.002623
2021-07-02,5.295,-0.010465
2021-07-05,5.295,0.0
2021-07-06,5.284,-0.002077
2021-07-07,5.299,0.002839
2021-07-08,5.287,-0.002265
2021-07-09,5.259,-0.005296
2021-07-12,5.281,0.004183
2021-07-13,5.304,0.004355
2021-07-14,5.314,0.001885
2021-07-15,5.333,0.003575
2021-07-16,5.318,-0.002813
2021-07-19,5.346,0.005265
2021-07-20,5.345,-0.000187
2021-07-21,5.34,-0.000935
2021-07-22,5.31,-0.005618
2021-07-23,5.278,-0.006026
2021-07-26,5.191,-0.016484
2021-07-27,5.147,-0.008476
2021-07-28,5.161,0.00272
2021-07-29,5.165,0.000775
2021-07-30,5.113,-0.010068
2021-08-02,5.143,0.005867
2021-08-03,5.17,0.00525
2021-08-04,5.154,-0.003095
2021-08-05,5.137,-0.003298
2021-08-06,5.123,-0.002725
2021-08-09,5.135,0.002342
2021-08-10,5.175,0.00779
2021-08-11,5.151,-0.004638
2021-08-12,5.13,-0.004077
2021-08-13,5.13,0.0
2021-08-16,5.134,0.00078
2021-08-17,5.09,-0.00857
2021-08-18,5.088,-0.000393
2021-08-19,5.076,-0.002358
2021-08-20,5.022,-0.010638
2021-08-23,5.05,0.005575
2021-08-24,5.072,0.004356
2021-08-25,5.092,0.003943
2021-08-26,5.064,-0.005499
2021-08-27,5.061,-0.000592
2021-08-30,5.066,0.000988
2021-08-31,5.048,-0.003553
2021-09-01,5.062,0.002773
2021-09-02,5.044,-0.003556
2021-09-03,5.044,0.0
2021-09-06,5.073,0.005749
2021-09-07,5.074,0.000197
2021-09-08,5.057,-0.00335
2021-09-09,5.055,-0.000395
2021-09-10,5.068,0.002572
2021-09-13,5.065,-0.000592
2021-09-14,5.055,-0.001974
2021-09-15,5.033,-0.004352
2021-09-16,5.038,0.000993
2021-09-17,5.066,0.005558
2021-09-22,5.049,-0.003356
2021-09-23,5.046,-0.000594
2021-09-24,5.056,0.001982
2021-09-27,5.089,0.006527
2021-09-28,5.079,-0.001965
2021-09-29,5.07,-0.001772
2021-09-30,5.082,0.002367
2021-10-08,5.093,0.002165
2021-10-11,5.086,-0.001374
2021-10-12,5.085,-0.000197
2021-10-13,5.106,0.00413
2021-10-14,5.095,-0.002154
2021-10-15,5.091,-0.000785
2021-10-18,5.064,-0.005303
2021-10-19,5.071,0.001382
2021-10-20,5.075,0.000789
2021-10-21,5.073,-0.000394
2021-10-22,5.089,0.003154
2021-10-25,5.088,-0.000197
2021-10-26,5.092,0.000786
2021-10-27,5.079,-0.002553
2021-10-28,5.087,0.001575
2021-10-29,5.104,0.003342
2021-11-01,5.073,-0.006074
2021-11-02,5.054,-0.003745
2021-11-03,5.053,-0.000198
2021-11-04,5.069,0.003166
2021-11-05,5.066,-0.000592
2021-11-08,5.058,-0.001579
2021-11-09,5.056,-0.000395
2021-11-10,5.046,-0.001978
2021-11-11,5.052,0.001189
2021-11-12,5.048,-0.000792
2021-11-15,5.056,0.001585
2021-11-16,5.069,0.002571
2021-11-17,5.066,-0.000592
2021-11-18,5.057,-0.001777
2021-11-19,5.059,0.000395
2021-11-22,5.066,0.001384
2021-11-23,5.062,-0.00079
2021-11-24,5.069,0.001383
2021-11-25,5.063,-0.001184
2021-11-26,5.058,-0.000988
2021-11-29,5.058,0.0
2021-11-30,5.05,-0.001582
2021-12-01,5.044,-0.001188
2021-12-02,5.042,-0.000397
2021-12-03,5.052,0.001983
2021-12-06,5.052,0.0
2021-12-07,5.05,-0.000396
2021-12-08,5.075,0.00495
2021-12-09,5.093,0.003547
2021-12-10,5.091,-0.000393
2021-12-13,5.098,0.001375
2021-12-14,5.096,-0.000392
2021-12-15,5.084,-0.002355
2021-12-16,5.085,0.000197
2021-12-17,5.064,-0.00413
2021-12-20,5.058,-0.001185
2021-12-21,5.06,0.000395
2021-12-22,5.061,0.000198
2021-12-23,5.065,0.00079
2021-12-24,5.073,0.001579
2021-12-27,5.063,-0.001971
2021-12-28,5.068,0.000988
2021-12-29,5.049,-0.003749
2021-12-30,5.053,0.000792
2021-12-31,5.049,-0.000792
2022-01-04,5.042,-0.001386
2022-01-05,5.033,-0.001785
2022-01-06,5.018,-0.00298
2022-01-07,5.01,-0.001594
2022-01-10,5.01,0.0
2022-01-11,4.996,-0.002794
2022-01-12,5.01,0.002802
2022-01-13,4.991,-0.003792
2022-01-14,4.985,-0.001202
2022-01-17,4.984,-0.000201
2022-01-18,4.991,0.001404
2022-01-19,4.985,-0.001202
2022-01-20,4.991,0.001204
2022-01-21,4.992,0.0002
2022-01-24,4.996,0.000801
2022-01-25,4.986,-0.002002
2022-01-26,4.99,0.000802
2022-01-27,4.981,-0.001804
2022-01-28,4.972,-0.001807
2022-02-07,4.979,0.001408
2022-02-08,4.972,-0.001406
2022-02-09,4.99,0.00362
2022-02-10,4.99,0.0
2022-02-11,4.979,-0.002204
2022-02-14,4.987,0.001607
2022-02-15,4.996,0.001805
2022-02-16,4.996,0.0
2022-02-17,4.995,-0.0002
2022-02-18,4.997,0.0004
2022-02-21,4.991,-0.001201
2022-02-22,4.979,-0.002404
2022-02-23,4.984,0.001004
2022-02-24,4.966,-0.003612
2022-02-25,4.982,0.003222
2022-02-28,4.984,0.000401
2022-03-01,4.996,0.002408
2022-03-02,4.988,-0.001601
2022-03-03,4.978,-0.002005
2022-03-04,4.974,-0.000804
2022-03-07,4.948,-0.005227
2022-03-08,4.944,-0.000808
2022-03-09,4.942,-0.000405
2022-03-10,4.955,0.002631
2022-03-11,4.957,0.000404
2022-03-14,4.928,-0.00585
2022-03-15,4.896,-0.006494
2022-03-16,4.917,0.004289
2022-03-17,4.936,0.003864
2022-03-18,4.941,0.001013
2022-03-21,4.941,0.0
2022-03-22,4.936,-0.001012
2022-03-23,4.943,0.001418
2022-03-24,4.94,-0.000607
2022-03-25,4.926,-0.002834
2022-03-28,4.919,-0.001421
2022-03-29,4.918,-0.000203
2022-03-30,4.94,0.004473
2022-03-31,4.933,-0.001417
2022-04-01,4.945,0.002433
2022-04-06,4.942,-0.000607
2022-04-07,4.935,-0.001416
2022-04-08,4.937,0.000405
2022-04-11,4.92,-0.003443
2022-04-12,4.934,0.002846
2022-04-13,4.932,-0.000405
2022-04-14,4.941,0.001825
2022-04-15,4.937,-0.00081
2022-04-18,4.932,-0.001013
2022-04-19,4.931,-0.000203
2022-04-20,4.924,-0.00142
2022-04-21,4.916,-0.001625
2022-04-22,4.923,0.001424
2022-04-25,4.898,-0.005078
2022-04-26,4.902,0.000817
2022-04-27,4.914,0.002448
2022-04-28,4.924,0.002035
2022-04-29,4.941,0.003452
2022-05-05,4.939,-0.000405
2022-05-06,4.919,-0.004049
2022-05-09,4.916,-0.00061
2022-05-10,4.924,0.001627
2022-05-11,4.924,0.0
2022-05-12,4.922,-0.000406
2022-05-13,4.928,0.001219
2022-05-16,4.929,0.000203
2022-05-17,4.934,0.001014
2022-05-18,4.931,-0.000608
2022-05-19,4.932,0.000203
2022-05-20,4.941,0.001825
2022-05-23,4.933,-0.001619
2022-05-24,4.923,-0.002027
2022-05-25,4.925,0.000406
2022-05-26,4.93,0.001015
2022-05-27,4.928,-0.000406
2022-05-30,4.932,0.000812
2022-05-31,4.937,0.001014
2022-06-01,4.937,0.0
2022-06-02,4.936,-0.000203
2022-06-06,4.941,0.001013
2022-06-07,4.944,0.000607
2022-06-08,4.949,0.001011
2022-06-09,4.943,-0.001212
2022-06-10,4.955,0.002428
2022-06-13,4.944,-0.00222
2022-06-14,4.946,0.000405
2022-06-15,4.952,0.001213
2022-06-16,4.951,-0.000202
2022-06-17,4.96,0.001818
2022-06-20,4.97,0.002016
2022-06-21,4.968,-0.000402
2022-06-22,4.962,-0.001208
2022-06-23,4.976,0.002821
2022-06-24,4.985,0.001809
2022-06-27,4.988,0.000602
2022-06-28,4.993,0.001002
2022-06-29,4.993,0.0
2022-06-30,5.001,0.001602
2022-07-01,4.997,-0.0008
2022-07-04,5.002,0.001001
2022-07-05,4.999,-0.0006
2022-07-06,4.99,-0.0018
2022-07-07,4.995,0.001002
2022-07-08,4.992,-0.000601
2022-07-11,4.982,-0.002003
2022-07-12,4.98,-0.000401
2022-07-13,4.984,0.000803
2022-07-14,4.985,0.000201
2022-07-15,4.975,-0.002006
2022-07-18,4.982,0.001407
2022-07-19,4.977,-0.001004
2022-07-20,4.984,0.001406
2022-07-21,4.976,-0.001605
2022-07-22,4.979,0.000603
2022-07-25,4.978,-0.000201
2022-07-26,4.987,0.001808
2022-07-27,4.983,-0.000802
2022-07-28,4.98,-0.000602
2022-07-29,4.971,-0.001807
2022-08-01,4.974,0.000604
2022-08-02,4.964,-0.00201
2022-08-03,4.963,-0.000201
2022-08-04,4.967,0.000806
2022-08-05,4.971,0.000805
2022-08-08,4.971,0.0
2022-08-09,4.975,0.000805
2022-08-10,4.969,-0.001206
2022-08-11,4.977,0.00161
2022-08-12,4.977,0.0
2022-08-15,4.978,0.000201
2022-08-16,4.979,0.000201
2022-08-17,4.985,0.001205
2022-08-18,4.981,-0.000802
2022-08-19,4.979,-0.000402
2022-08-22,4.988,0.001808
2022-08-23,4.981,-0.001403
2022-08-24,4.966,-0.003011
2022-08-25,4.97,0.000805
2022-08-26,4.966,-0.000805
2022-08-29,4.963,-0.000604
2022-08-30,4.96,-0.000604
2022-08-31,4.957,-0.000605
2022-09-01,4.951,-0.00121
2022-09-02,4.947,-0.000808
2022-09-05,4.947,0.0
2022-09-06,4.957,0.002021
2022-09-07,4.961,0.000807
2022-09-08,4.96,-0.000202
2022-09-09,4.968,0.001613
2022-09-13,4.969,0.000201
2022-09-14,4.966,-0.000604
2022-09-15,4.961,-0.001007
2022-09-16,4.951,-0.002016
2022-09-19,4.953,0.000404
2022-09-20,4.951,-0.000404
2022-09-21,4.947,-0.000808
2022-09-22,4.944,-0.000606
2022-09-23,4.948,0.000809
2022-09-26,4.947,-0.000202
2022-09-27,4.958,0.002224
2022-09-28,4.946,-0.00242
2022-09-29,4.945,-0.000202
2022-09-30,4.939,-0.001213
2022-10-10,4.931,-0.00162
2022-10-11,4.932,0.000203
2022-10-12,4.94,0.001622
2022-10-13,4.933,-0.001417
2022-10-14,4.94,0.001419
2022-10-17,4.94,0.0
2022-10-18,4.935,-0.001012
2022-10-19,4.93,-0.001013
2022-10-20,4.925,-0.001014
2022-10-21,4.92,-0.001015
2022-10-24,4.906,-0.002846
2022-10-25,4.903,-0.000611
2022-10-26,4.901,-0.000408
2022-10-27,4.897,-0.000816
2022-10-28,4.882,-0.003063
2022-10-31,4.875,-0.001434
2022-11-01,4.892,0.003487
2022-11-02,4.896,0.000818
2022-11-03,4.89,-0.001225
2022-11-04,4.907,0.003476
2022-11-07,4.903,-0.000815
2022-11-08,4.899,-0.000816
2022-11-09,4.894,-0.001021
2022-11-10,4.89,-0.000817
2022-11-11,4.91,0.00409
2022-11-14,4.907,-0.000611
2022-11-15,4.917,0.002038
2022-11-16,4.908,-0.00183
2022-11-17,4.903,-0.001019
2022-11-18,4.9,-0.000612
2022-11-21,4.896,-0.000816
2022-11-22,4.898,0.000408
2022-11-23,4.897,-0.000204
2022-11-24,4.896,-0.000204
2022-11-25,4.908,0.002451
2022-11-28,4.902,-0.001222
2022-11-29,4.931,0.005916
2022-11-30,4.925,-0.001217
2022-12-01,4.93,0.001015
2022-12-02,4.92,-0.002028
2022-12-05,4.933,0.002642
2022-12-06,4.937,0.000811
2022-12-07,4.931,-0.001215
2022-12-08,4.934,0.000608
2022-12-09,4.948,0.002837
2022-12-12,4.938,-0.002021
2022-12-13,4.934,-0.00081
2022-12-14,4.935,0.000203
2022-12-15,4.937,0.000405
2022-12-16,4.938,0.000203
2022-12-19,4.927,-0.002228
2022-12-20,4.91,-0.00345
2022-12-21,4.911,0.000204
2022-12-22,4.911,0.0
2022-12-23,4.91,-0.000204
2022-12-26,4.909,-0.000204
2022-12-27,4.917,0.00163
2022-12-28,4.913,-0.000814
2022-12-29,4.909,-0.000814
2022-12-30,4.91,0.000204
2022-12-31,4.91,0.0
2023-01-03,4.917,0.001426
2023-01-04,4.925,0.001627
2023-01-05,4.944,0.003858
2023-01-06,4.94,-0.000809
2023-01-09,4.944,0.00081
2023-01-10,4.945,0.000202
2023-01-11,4.944,-0.000202
2023-01-12,4.942,-0.000405
2023-01-13,4.952,0.002023
2023-01-16,4.965,0.002625
2023-01-17,4.965,0.0
2023-01-18,4.961,-0.000806
2023-01-19,4.964,0.000605
2023-01-20,4.969,0.001007
2023-01-30,4.97,0.000201
2023-01-31,4.963,-0.001408
2023-02-01,4.969,0.001209
2023-02-02,4.964,-0.001006
2023-02-03,4.957,-0.00141
2023-02-06,4.944,-0.002623
2023-02-07,4.944,0.0
2023-02-08,4.941,-0.000607
2023-02-09,4.954,0.002631
2023-02-10,4.949,-0.001009
2023-02-13,4.955,0.001212
2023-02-14,4.953,-0.000404
2023-02-15,4.948,-0.001009
2023-02-16,4.943,-0.001011
2023-02-17,4.928,-0.003035
2023-02-20,4.949,0.004261
2023-02-21,4.946,-0.000606
2023-02-22,4.938,-0.001617
2023-02-23,4.936,-0.000405
2023-02-24,4.927,-0.001823
2023-02-27,4.927,0.0
2023-02-28,4.931,0.000812
2023-03-01,4.941,0.002028
2023-03-02,4.937,-0.00081
2023-03-03,4.942,0.001013
2023-03-06,4.941,-0.000202
2023-03-07,4.925,-0.003238
2023-03-08,4.924,-0.000203
2023-03-09,4.921,-0.000609
2023-03-10,4.911,-0.002032
2023-03-13,4.918,0.001425
2023-03-14,4.912,-0.00122
2023-03-15,4.914,0.000407
2023-03-16,4.91,-0.000814
2023-03-17,4.911,0.000204
2023-03-20,4.904,-0.001425
2023-03-21,4.915,0.002243
2023-03-22,4.919,0.000814
2023-03-23,4.922,0.00061
2023-03-24,4.914,-0.001625
2023-03-27,4.908,-0.001221
2023-03-28,4.905,-0.000611
2023-03-29,4.908,0.000612
2023-03-30,4.917,0.001834
2023-03-31,4.917,0.0
2023-04-03,4.925,0.001627
2023-04-04,4.927,0.000406
2023-04-06,4.928,0.000203
2023-04-07,4.939,0.002232
2023-04-10,4.937,-0.000405
2023-04-11,4.932,-0.001013
2023-04-12,4.925,-0.001419
2023-04-13,4.928,0.000609
2023-04-14,4.932,0.000812
2023-04-17,4.938,0.001217
2023-04-18,4.936,-0.000405
2023-04-19,4.926,-0.002026
2023-04-20,4.918,-0.001624
2023-04-21,4.91,-0.001627
2023-04-24,4.898,-0.002444
2023-04-25,4.893,-0.001021
2023-04-26,4.895,0.000409
2023-04-27,4.905,0.002043
2023-04-28,4.911,0.001223
2023-05-04,4.913,0.000407
2023-05-05,4.914,0.000204
2023-05-08,4.918,0.000814
2023-05-09,4.909,-0.00183
2023-05-10,4.902,-0.001426
2023-05-11,4.901,-0.000204
2023-05-12,4.892,-0.001836
2023-05-15,4.901,0.00184
2023-05-16,4.899,-0.000408
2023-05-17,4.897,-0.000408
2023-05-18,4.892,-0.001021
2023-05-19,4.894,0.000409
2023-05-22,4.901,0.00143
2023-05-23,4.891,-0.00204
2023-05-24,4.877,-0.002862
2023-05-25,4.875,-0.00041
2023-05-26,4.878,0.000615
2023-05-29,4.872,-0.00123
2023-05-30,4.872,0.0
2023-05-31,4.861,-0.002258
2023-06-01,4.863,0.000411
2023-06-02,4.88,0.003496
2023-06-05,4.873,-0.001434
2023-06-06,4.866,-0.001436
2023-06-07,4.859,-0.001439
2023-06-08,4.866,0.001441
2023-06-09,4.869,0.000617
2023-06-12,4.872,0.000616
2023-06-13,4.875,0.000616
2023-06-14,4.875,0.0
2023-06-15,4.89,0.003077
2023-06-16,4.897,0.001431
2023-06-19,4.886,-0.002246
2023-06-20,4.883,-0.000614
2023-06-21,4.87,-0.002662
2023-06-26,4.859,-0.002259
2023-06-27,4.871,0.00247
2023-06-28,4.873,0.000411
2023-06-29,4.869,-0.000821
2023-06-30,4.874,0.001027
2023-07-03,4.881,0.001436
2023-07-04,4.881,0.0
2023-07-05,4.872,-0.001844
2023-07-06,4.866,-0.001232
2023-07-07,4.86,-0.001233
2023-07-10,4.863,0.000617
2023-07-11,4.868,0.001028
2023-07-12,4.86,-0.001643
2023-07-13,4.871,0.002263
2023-07-14,4.869,-0.000411
2023-07-17,4.863,-0.001232
2023-07-18,4.861,-0.000411
2023-07-19,4.859,-0.000411
2023-07-20,4.856,-0.000617
2023-07-21,4.86,0.000824
2023-07-24,4.857,-0.000617
2023-07-25,4.886,0.005971
2023-07-26,4.887,0.000205
2023-07-27,4.885,-0.000409
2023-07-28,4.908,0.004708
2023-07-31,4.907,-0.000204
2023-08-01,4.903,-0.000815
2023-08-02,4.898,-0.00102
2023-08-03,4.905,0.001429
2023-08-04,4.908,0.000612
2023-08-07,4.895,-0.002649
2023-08-08,4.895,0.0
2023-08-09,4.897,0.000409
2023-08-10,4.896,-0.000204
2023-08-11,4.881,-0.003064
2023-08-14,4.879,-0.00041
2023-08-15,4.877,-0.00041
2023-08-16,4.875,-0.00041
2023-08-17,4.882,0.001436
2023-08-18,4.872,-0.002048
2023-08-21,4.862,-0.002053
2023-08-22,4.865,0.000617
2023-08-23,4.85,-0.003083
2023-08-24,4.857,0.001443
2023-08-25,4.857,0.0
2023-08-28,4.867,0.002059
2023-08-29,4.881,0.002877
2023-08-30,4.884,0.000615
2023-08-31,4.874,-0.002048
2023-09-01,4.879,0.001026
2023-09-04,4.888,0.001845
2023-09-05,4.878,-0.002046
2023-09-06,4.879,0.000205
2023-09-07,4.866,-0.002664
2023-09-08,4.864,-0.000411
2023-09-11,4.867,0.000617
2023-09-12,4.863,-0.000822
2023-09-13,4.858,-0.001028
2023-09-14,4.857,-0.000206
2023-09-15,4.852,-0.001029
2023-09-18,4.857,0.001031
2023-09-19,4.853,-0.000824
2023-09-20,4.849,-0.000824
2023-09-21,4.842,-0.001444
2023-09-22,4.854,0.002478
2023-09-25,4.847,-0.001442
2023-09-26,4.839,-0.001651
2023-09-27,4.844,0.001033
2023-09-28,4.844,0.0
2023-10-09,4.836,-0.001652
2023-10-10,4.829,-0.001447
2023-10-11,4.83,0.000207
2023-10-12,4.834,0.000828
2023-10-13,4.825,-0.001862
2023-10-16,4.813,-0.002487
2023-10-17,4.814,0.000208
2023-10-18,4.806,-0.001662
2023-10-19,4.786,-0.004161
2023-10-20,4.781,-0.001045
2023-10-23,4.773,-0.001673
2023-10-24,4.778,0.001048
2023-10-25,4.782,0.000837
2023-10-26,4.784,0.000418
2023-10-27,4.797,0.002717
2023-10-30,4.803,0.001251
2023-10-31,4.802,-0.000208
2023-11-01,4.806,0.000833
2023-11-02,4.799,-0.001457
2023-11-03,4.805,0.00125
2023-11-06,4.82,0.003122
2023-11-07,4.813,-0.001452
2023-11-08,4.815,0.000416
2023-11-09,4.813,-0.000415
2023-11-10,4.807,-0.001247
2023-11-13,4.806,-0.000208
2023-11-14,4.807,0.000208
2023-11-15,4.808,0.000208
2023-11-16,4.799,-0.001872
2023-11-17,4.798,-0.000208
2023-11-20,4.801,0.000625
2023-11-21,4.803,0.000417
2023-11-22,4.795,-0.001666
2023-11-23,4.802,0.00146
2023-11-24,4.797,-0.001041
2023-11-27,4.79,-0.001459
2023-11-28,4.79,0.0
2023-11-29,4.778,-0.002505
2023-11-30,4.779,0.000209
2023-12-01,4.774,-0.001046
2023-12-04,4.764,-0.002095
2023-12-05,4.747,-0.003568
2023-12-06,4.75,0.000632
2023-12-07,4.748,-0.000421
2023-12-08,4.747,-0.000211
2023-12-11,4.751,0.000843
2023-12-12,4.76,0.001894
2023-12-13,4.745,-0.003151
2023-12-14,4.738,-0.001475
2023-12-15,4.736,-0.000422
2023-12-18,4.73,-0.001267
2023-12-19,4.728,-0.000423
2023-12-20,4.719,-0.001904
2023-12-21,4.727,0.001695
2023-12-22,4.728,0.000212
2023-12-25,4.729,0.000212
2023-12-26,4.722,-0.00148
2023-12-27,4.724,0.000424
2023-12-28,4.748,0.00508
2023-12-29,4.75,0.000421
2023-12-31,4.75,0.0
2024-01-02,4.734,-0.003368
2024-01-03,4.731,-0.000634
2024-01-04,4.719,-0.002536
2024-01-05,4.712,-0.001483
2024-01-08,4.698,-0.002971
2024-01-09,4.7,0.000426
2024-01-10,4.697,-0.000638
2024-01-11,4.704,0.00149
2024-01-12,4.702,-0.000425
2024-01-15,4.699,-0.000638
2024-01-16,4.702,0.000638
2024-01-17,4.68,-0.004679
2024-01-18,4.691,0.00235
2024-01-19,4.69,-0.000213
2024-01-22,4.673,-0.003625
2024-01-23,4.675,0.000428
2024-01-24,4.683,0.001711
2024-01-25,4.701,0.003844
2024-01-26,4.698,-0.000638
2024-01-29,4.691,-0.00149
2024-01-30,4.671,-0.004263
2024-01-31,4.662,-0.001927
2024-02-01,4.658,-0.000858
2024-02-02,4.647,-0.002362
2024-02-05,4.649,0.00043
2024-02-06,4.682,0.007098
2024-02-07,4.699,0.003631
2024-02-08,4.708,0.001915
2024-02-19,4.706,-0.000425
2024-02-20,4.705,-0.000212
2024-02-21,4.721,0.003401
2024-02-22,4.721,0.0
2024-02-23,4.723,0.000424
2024-02-26,4.716,-0.001482
2024-02-27,4.725,0.001908
2024-02-28,4.712,-0.002751
2024-02-29,4.73,0.00382
2024-03-01,4.73,0.0
2024-03-04,4.726,-0.000846
2024-03-05,4.731,0.001058
2024-03-06,4.726,-0.001057
2024-03-07,4.714,-0.002539
2024-03-08,4.715,0.000212
2024-03-11,4.741,0.005514
2024-03-12,4.758,0.003586
2024-03-13,4.751,-0.001471
2024-03-14,4.751,0.0
2024-03-15,4.75,-0.00021
2024-03-18,4.759,0.001895
2024-03-19,4.752,-0.001471
2024-03-20,4.752,0.0
2024-03-21,4.755,0.000631
2024-03-22,4.745,-0.002103
2024-03-25,4.74,-0.001054
2024-03-26,4.744,0.000844
2024-03-27,4.73,-0.002951
2024-03-28,4.735,0.001057
2024-03-29,4.735,0.0
2024-04-01,4.747,0.002534
2024-04-02,4.74,-0.001475
2024-04-03,4.735,-0.001055
2024-04-08,4.723,-0.002534
2024-04-09,4.728,0.001059
2024-04-10,4.717,-0.002327
2024-04-11,4.715,-0.000424
2024-04-12,4.707,-0.001697
2024-04-15,4.722,0.003187
2024-04-16,4.712,-0.002118
2024-04-17,4.723,0.002334
2024-04-18,4.721,-0.000423
2024-04-19,4.713,-0.001695
2024-04-22,4.719,0.001273
2024-04-23,4.723,0.000848
2024-04-24,4.723,0.0
2024-04-25,4.729,0.00127
2024-04-26,4.741,0.002538
2024-04-29,4.765,0.005062
2024-04-30,4.758,-0.001469
2024-05-06,4.773,0.003153
2024-05-07,4.78,0.001467
2024-05-08,4.77,-0.002092
2024-05-09,4.783,0.002725
2024-05-10,4.784,0.000209
2024-05-13,4.776,-0.001672
2024-05-14,4.777,0.000209
2024-05-15,4.776,-0.000209
2024-05-16,4.784,0.001675
2024-05-17,4.801,0.003554
2024-05-20,4.798,-0.000625
2024-05-21,4.796,-0.000417
2024-05-22,4.795,-0.000209
2024-05-23,4.785,-0.002086
2024-05-24,4.772,-0.002717
2024-05-27,4.776,0.000838
2024-05-28,4.77,-0.001256
2024-05-29,4.77,0.0
2024-05-30,4.765,-0.001048
2024-05-31,4.764,-0.00021
2024-06-03,4.764,0.0
2024-06-04,4.778,0.002939
2024-06-05,4.771,-0.001465
2024-06-06,4.766,-0.001048
2024-06-07,4.76,-0.001259
2024-06-11,4.755,-0.00105
2024-06-12,4.752,-0.000631
2024-06-13,4.746,-0.001263
2024-06-14,4.748,0.000421
2024-06-17,4.747,-0.000211
2024-06-18,4.743,-0.000843
2024-06-19,4.739,-0.000843
2024-06-20,4.729,-0.00211
2024-06-21,4.726,-0.000634
2024-06-24,4.719,-0.001481
2024-06-25,4.717,-0.000424
2024-06-26,4.72,0.000636
2024-06-27,4.711,-0.001907
2024-06-28,4.706,-0.001061
2024-06-30,4.705,-0.000212
2024-07-01,4.713,0.0017
2024-07-02,4.708,-0.001061
2024-07-03,4.708,0.0
2024-07-04,4.7,-0.001699
2024-07-05,4.699,-0.000213
2024-07-08,4.685,-0.002979
2024-07-09,4.691,0.001281
2024-07-10,4.687,-0.000853
2024-07-11,4.699,0.00256
2024-07-12,4.71,0.002341
2024-07-15,4.705,-0.001062
2024-07-16,4.707,0.000425
2024-07-17,4.717,0.002124
2024-07-18,4.726,0.001908
2024-07-19,4.726,0.0
2024-07-22,4.722,-0.000846
2024-07-23,4.702,-0.004235
2024-07-24,4.695,-0.001489
2024-07-25,4.696,0.000213
2024-07-26,4.7,0.000852
2024-07-29,4.69,-0.002128
2024-07-30,4.688,-0.000426
2024-07-31,4.709,0.00448
2024-08-01,4.696,-0.002761
2024-08-02,4.69,-0.001278
2024-08-05,4.687,-0.00064
2024-08-06,4.693,0.00128
2024-08-07,4.691,-0.000426
2024-08-08,4.694,0.00064
2024-08-09,4.691,-0.000639
2024-08-12,4.688,-0.00064
2024-08-13,4.688,0.0
2024-08-14,4.68,-0.001706
2024-08-15,4.684,0.000855
2024-08-16,4.685,0.000213
2024-08-19,4.686,0.000213
2024-08-20,4.68,-0.00128
2024-08-21,4.674,-0.001282
2024-08-22,4.677,0.000642
2024-08-23,4.676,-0.000214
2024-08-26,4.677,0.000214
2024-08-27,4.671,-0.001283
2024-08-28,4.667,-0.000856
2024-08-29,4.669,0.000429
2024-08-30,4.683,0.002999
2024-09-02,4.668,-0.003203
2024-09-03,4.674,0.001285
2024-09-04,4.671,-0.000642
2024-09-05,4.674,0.000642
2024-09-06,4.666,-0.001712
2024-09-09,4.657,-0.001929
2024-09-10,4.655,-0.000429
2024-09-11,4.659,0.000859
2024-09-12,4.652,-0.001502
2024-09-13,4.643,-0.001935
2024-09-18,4.645,0.000431
2024-09-19,4.652,0.001507
2024-09-20,4.65,-0.00043
2024-09-23,4.653,0.000645
2024-09-24,4.679,0.005588
2024-09-25,4.69,0.002351
2024-09-26,4.731,0.008742
2024-09-27,4.78,0.010357
2024-09-30,4.857,0.016109
2024-10-08,4.906,0.010089
2024-10-09,4.824,-0.016714
2024-10-10,4.837,0.002695
2024-10-11,4.813,-0.004962
2024-10-14,4.837,0.004986
2024-10-15,4.819,-0.003721
2024-10-16,4.818,-0.000208
2024-10-17,4.798,-0.004151
2024-10-18,4.824,0.005419
2024-10-21,4.836,0.002488
2024-10-22,4.843,0.001447
2024-10-23,4.848,0.001032
2024-10-24,4.835,-0.002682
2024-10-25,4.847,0.002482
2024-10-28,4.852,0.001032
2024-10-29,4.837,-0.003092
2024-10-30,4.83,-0.001447
2024-10-31,4.829,-0.000207
2024-11-01,4.83,0.000207
2024-11-04,4.839,0.001863
2024-11-05,4.859,0.004133
2024-11-06,4.858,-0.000206
2024-11-07,4.883,0.005146
2024-11-08,4.869,-0.002867
2024-11-11,4.869,0.0
2024-11-12,4.864,-0.001027
2024-11-13,4.866,0.000411
2024-11-14,4.851,-0.003083
2024-11-15,4.833,-0.003711
2024-11-18,4.827,-0.001241
2024-11-19,4.831,0.000829
2024-11-20,4.836,0.001035
2024-11-21,4.834,-0.000414
2024-11-22,4.807,-0.005585
2024-11-25,4.808,0.000208
2024-11-26,4.808,0.0
2024-11-27,4.825,0.003536
2024-11-28,4.818,-0.001451
2024-11-29,4.829,0.002283
2024-12-02,4.834,0.001035
2024-12-03,4.833,-0.000207
2024-12-04,4.827,-0.001241
2024-12-05,4.822,-0.001036
2024-12-06,4.834,0.002489
2024-12-09,4.83,-0.000827
2024-12-10,4.838,0.001656
2024-12-11,4.839,0.000207
2024-12-12,4.853,0.002893
2024-12-13,4.829,-0.004945
2024-12-16,4.82,-0.001864
2024-12-17,4.824,0.00083
2024-12-18,4.826,0.000415
2024-12-19,4.82,-0.001243
2024-12-20,4.817,-0.000622
2024-12-23,4.813,-0.00083
2024-12-24,4.823,0.002078
2024-12-25,4.821,-0.000415
2024-12-26,4.819,-0.000415
2024-12-27,4.82,0.000208
2024-12-30,4.821,0.000207
2024-12-31,4.814,-0.001452
2025-01-02,4.797,-0.003531
2025-01-03,4.789,-0.001668
2025-01-06,4.786,-0.000626
2025-01-07,4.786,0.0
2025-01-08,4.784,-0.000418
2025-01-09,4.783,-0.000209
2025-01-10,4.772,-0.0023
2025-01-13,4.77,-0.000419
2025-01-14,4.788,0.003774
2025-01-15,4.782,-0.001253
2025-01-16,4.783,0.000209
2025-01-17,4.788,0.001045
2025-01-20,4.798,0.002089
2025-01-21,4.798,0.0
2025-01-22,4.785,-0.002709
2025-01-23,4.786,0.000209
2025-01-24,4.791,0.001045
2025-01-27,4.791,0.0
2025-02-05,4.778,-0.002713
2025-02-06,4.787,0.001884
2025-02-07,4.799,0.002507
2025-02-10,4.798,-0.000208
2025-02-11,4.794,-0.000834
2025-02-12,4.801,0.00146
2025-02-13,4.803,0.000417
2025-02-14,4.812,0.001874
2025-02-17,4.814,0.000416
2025-02-18,4.807,-0.001454
2025-02-19,4.812,0.00104
2025-02-20,4.813,0.000208
2025-02-21,4.822,0.00187
2025-02-24,4.819,-0.000622
2025-02-25,4.808,-0.002283
2025-02-26,4.814,0.001248
2025-02-27,4.824,0.002077
2025-02-28,4.814,-0.002073
2025-03-03,4.814,0.0
2025-03-04,4.811,-0.000623
2025-03-05,4.814,0.000624
2025-03-06,4.825,0.002285
2025-03-07,4.825,0.0
2025-03-10,4.825,0.0
2025-03-11,4.828,0.000622
2025-03-12,4.824,-0.000829
2025-03-13,4.822,-0.000415
2025-03-14,4.842,0.004148
2025-03-17,4.842,0.0
2025-03-18,4.842,0.0
2025-03-19,4.846,0.000826
2025-03-20,4.838,-0.001651
2025-03-21,4.827,-0.002274
2025-03-24,4.828,0.000207
2025-03-25,4.827,-0.000207
2025-03-26,4.823,-0.000829
2025-03-27,4.832,0.001866
2025-03-28,4.827,-0.001035
2025-03-31,4.82,-0.00145
2025-04-01,4.823,0.000622
2025-04-02,4.821,-0.000415
2025-04-03,4.816,-0.001037
2025-04-07,4.758,-0.012043
2025-04-08,4.774,0.003363
2025-04-09,4.78,0.001257
2025-04-10,4.793,0.00272
2025-04-11,4.797,0.000835
2025-04-14,4.798,0.000208
2025-04-15,4.801,0.000625
2025-04-16,4.801,0.0
2025-04-17,4.805,0.000833
2025-04-18,4.801,-0.000832
2025-04-21,4.805,0.000833
2025-04-22,4.809,0.000832
2025-04-23,4.809,0.0
2025-04-24,4.809,0.0
2025-04-25,4.808,-0.000208
2025-04-28,4.803,-0.00104
2025-04-29,4.804,0.000208
2025-04-30,4.803,-0.000208
2025-05-06,4.809,0.001249
2025-05-07,4.813,0.000832
2025-05-08,4.819,0.001247
2025-05-09,4.822,0.000623
2025-05-12,4.828,0.001244
2025-05-13,4.83,0.000414
2025-05-14,4.834,0.000828
2025-05-15,4.829,-0.001034
2025-05-16,4.827,-0.000414
2025-05-19,4.826,-0.000207
2025-05-20,4.833,0.00145
2025-05-21,4.839,0.001241
2025-05-22,4.837,-0.000413
2025-05-23,4.831,-0.00124
2025-05-26,4.823,-0.001656
2025-05-27,4.822,-0.000207
2025-05-28,4.824,0.000415
2025-05-29,4.829,0.001036
2025-05-30,4.827,-0.000414
2025-06-03,4.832,0.001036
2025-06-04,4.835,0.000621
2025-06-05,4.834,-0.000207
2025-06-06,4.832,-0.000414
2025-06-09,4.832,0.0
2025-06-10,4.827,-0.001035
2025-06-11,4.833,0.001243
2025-06-12,4.832,-0.000207
2025-06-13,4.824,-0.001656
2025-06-16,4.825,0.000207
2025-06-17,4.822,-0.000622
2025-06-18,4.824,0.000415
2025-06-19,4.817,-0.001451
2025-06-20,4.819,0.000415
2025-06-23,4.82,0.000208
2025-06-24,4.83,0.002075
2025-06-25,4.841,0.002277
2025-06-26,4.839,-0.000413
2025-06-27,4.833,-0.00124
2025-06-30,4.839,0.001241
2025-07-01,4.842,0.00062
2025-07-02,4.839,-0.00062
2025-07-03,4.846,0.001447
2025-07-04,4.849,0.000619
2025-07-07,4.845,-0.000825
2025-07-08,4.85,0.001032
2025-07-09,4.854,0.000825
2025-07-10,4.856,0.000412
2025-07-11,4.856,0.0
2025-07-14,4.855,-0.000206
2025-07-15,4.852,-0.000618
2025-07-16,4.851,-0.000206
2025-07-17,4.855,0.000825
2025-07-18,4.861,0.001236
2025-07-21,4.866,0.001029
2025-07-22,4.873,0.001439
2025-07-23,4.873,0.0
2025-07-24,4.876,0.000616
2025-07-25,4.875,-0.000205
2025-07-28,4.879,0.000821
2025-07-29,4.882,0.000615
2025-07-30,4.878,-0.000819
2025-07-31,4.861,-0.003485
2025-08-01,4.859,-0.000411
2025-08-04,4.865,0.001235
2025-08-05,4.869,0.000822
2025-08-06,4.87,0.000205
2025-08-07,4.87,0.0
2025-08-08,4.87,0.0
2025-08-11,4.872,0.000411
2025-08-12,4.875,0.000616
2025-08-13,4.881,0.001231
2025-08-14,4.878,-0.000615
2025-08-15,4.885,0.001435
2025-08-18,4.89,0.001024
2025-08-19,4.884,-0.001227
2025-08-20,4.897,0.002662
2025-08-21,4.901,0.000817
2025-08-22,4.913,0.002448
2025-08-25,4.925,0.002442
2025-08-26,4.923,-0.000406
2025-08-27,4.91,-0.002641
2025-08-28,4.918,0.001629
2025-08-29,4.931,0.002643
2025-09-01,4.938,0.00142
2025-09-02,4.932,-0.001215
2025-09-03,4.926,-0.001217
2025-09-04,4.911,-0.003045
2025-09-05,4.929,0.003665
2025-09-08,4.94,0.002232
2025-09-09,4.936,-0.00081
2025-09-10,4.935,-0.000203
2025-09-11,4.944,0.001824
2025-09-12,4.941,-0.000607
2025-09-15,4.949,0.001619
2025-09-16,4.947,-0.000404
2025-09-17,4.957,0.002021
2025-09-18,4.947,-0.002017
2025-09-19,4.951,0.000809
2025-09-22,4.952,0.000202
2025-09-23,4.951,-0.000202
2025-09-24,4.967,0.003232
2025-09-25,4.97,0.000604
2025-09-26,4.961,-0.001811
2025-09-29,4.973,0.002419
2025-09-30,4.979,0.001207
2025-10-09,4.99,0.002209
2025-10-10,4.973,-0.003407
2025-10-13,4.97,-0.000603
2025-10-14,4.959,-0.002213
2025-10-15,4.972,0.002621
2025-10-16,4.97,-0.000402
2025-10-17,4.953,-0.003421
2025-10-20,4.955,0.000404
2025-10-21,4.964,0.001816
2025-10-22,4.96,-0.000806
2025-10-23,4.961,0.000202
2025-10-24,4.968,0.001411
2025-10-27,4.975,0.001409
2025-10-28,4.971,-0.000804
2025-10-29,4.974,0.000604
2025-10-30,4.968,-0.001206
2025-10-31,4.964,-0.000805
2025-11-03,4.963,-0.000201
2025-11-04,4.956,-0.00141
2025-11-05,4.956,0.0
2025-11-06,4.965,0.001816
2025-11-07,4.961,-0.000806
2025-11-10,4.965,0.000806
2025-11-11,4.96,-0.001007
2025-11-12,4.96,0.0
2025-11-13,4.971,0.002218
2025-11-14,4.961,-0.002012
2025-11-17,4.951,-0.002016
2025-11-18,4.948,-0.000606
2025-11-19,4.949,0.000202
2025-11-20,4.945,-0.000808
2025-11-21,4.931,-0.002831
2025-11-24,4.936,0.001014
2025-11-25,4.941,0.001013
2025-11-26,4.941,0.0
2025-11-27,4.939,-0.000405
2025-11-28,4.942,0.000607
2025-12-01,4.949,0.001416
2025-12-02,4.944,-0.00101
2025-12-03,4.94,-0.000809
2025-12-04,4.941,0.000202
2025-12-05,4.944,0.000607
2025-12-08,4.946,0.000405
2025-12-09,4.941,-0.001011
2025-12-10,4.942,0.000202
2025-12-11,4.94,-0.000405
2025-12-12,4.946,0.001215
2025-12-15,4.94,-0.001213
2025-12-16,4.932,-0.001619
2025-12-17,4.943,0.00223
2025-12-18,4.943,0.0
2025-12-19,4.948,0.001012
2025-12-22,4.949,0.000202
2025-12-23,4.953,0.000808
2025-12-24,4.954,0.000202
2025-12-25,4.954,0.0
2025-12-26,4.955,0.000202
2025-12-29,4.951,-0.000807
2025-12-30,4.952,0.000202
2025-12-31,4.951,-0.000202
2026-01-05,4.966,0.00303
2026-01-06,4.974,0.001611
2026-01-07,4.975,0.000201
2026-01-08,4.973,-0.000402
2026-01-09,4.981,0.001609
2026-01-12,4.987,0.001205
2026-01-13,4.985,-0.000401
2026-01-14,4.983,-0.000401
2026-01-15,4.982,-0.000201
2026-01-16,4.982,0.0
2026-01-19,4.984,0.000401
2026-01-20,4.99,0.001204
2026-01-21,4.995,0.001002
2026-01-22,4.994,-0.0002
2026-01-23,4.995,0.0002
2026-01-26,4.998,0.000601
2026-01-27,5.0,0.0004
2026-01-28,5.003,0.0006
2026-01-29,5.006,0.0006
2026-01-30,4.997,-0.001798
2026-02-02,4.974,-0.004603
2026-02-03,4.987,0.002614
2026-02-04,4.994,0.001404
2026-02-05,4.995,0.0002
2026-02-06,4.991,-0.000801
2026-02-09,5.0,0.001803
2026-02-10,5.003,0.0006
2026-02-11,5.003,0.0
2026-02-12,5.005,0.0004
2026-02-13,4.997,-0.001598
2026-02-24,5.003,0.001201
2026-02-25,5.003,0.0
2026-02-26,4.997,-0.001199
2026-02-27,4.997,0.0
2026-03-02,5.001,0.0008
2026-03-03,4.987,-0.002799
2026-03-04,4.981,-0.001203
2026-03-05,4.985,0.000803
2026-03-06,4.988,0.000602
2026-03-09,4.978,-0.002005
2026-03-10,4.987,0.001808
2026-03-11,4.99,0.000602
2026-03-12,4.985,-0.001002
2026-03-13,4.98,-0.001003
2026-03-16,4.978,-0.000402
2026-03-17,4.975,-0.000603
2026-03-18,4.979,0.000804
2026-03-19,4.967,-0.00241
2026-03-20,4.964,-0.000604
2026-03-23,4.937,-0.005439
2026-03-24,4.947,0.002026
2026-03-25,4.956,0.001819
2026-03-26,4.947,-0.001816
2026-03-27,4.958,0.002224
2026-03-30,4.962,0.000807
2026-03-31,4.957,-0.001008
2026-04-01,4.969,0.002421
2026-04-02,4.964,-0.001006
2026-04-03,4.957,-0.00141
2026-04-07,4.957,0.0
2026-04-08,4.982,0.005043
2026-04-09,4.977,-0.001004
2026-04-10,4.983,0.001206
2026-04-13,4.982,-0.000201
2026-04-14,4.991,0.001807
2026-04-15,4.99,-0.0002
2026-04-16,4.996,0.001202
2026-04-17,4.993,-0.0006
2026-04-20,4.996,0.000601
2026-04-21,5.0,0.000801
2026-04-22,5.004,0.0008
2026-04-23,5.004,0.0
2026-04-24,5.002,-0.0004
2026-04-27,5.003,0.0002
2026-04-28,5.003,0.0
2026-04-29,5.013,0.001999
2026-04-30,5.013,0.0
2026-05-06,5.026,0.002593
2026-05-07,5.028,0.000398
2026-05-08,5.022,-0.001193
2026-05-11,5.037,0.002987
2026-05-12,5.034,-0.000596
2026-05-13,5.04,0.001192
2026-05-14,5.024,-0.003175
2026-05-15,5.015,-0.001791
2026-05-18,5.007,-0.001595
2026-05-19,5.013,0.001198
2026-05-20,5.021,0.001596
2026-05-21,5.006,-0.002987
2026-05-22,5.014,0.001598
2026-05-25,5.027,0.002593
2026-05-26,5.03,0.000597
2026-05-27,5.019,-0.002187
2026-05-28,5.017,-0.000398
2026-05-29,5.012,-0.000997
2026-06-01,4.999,-0.002594
2026-06-02,5.01,0.0022
2026-06-03,5.013,0.000599
2026-06-04,5.009,-0.000798
2026-06-05,4.992,-0.003394
2026-06-08,4.977,-0.003005
2026-06-09,4.994,0.003416
2026-06-10,4.99,-0.000801
2026-06-11,4.993,0.000601
2026-06-12,5.005,0.002403
2026-06-15,5.023,0.003596
2026-06-16,5.021,-0.000398
2026-06-17,5.036,0.002987
2026-06-18,5.035,-0.000199
2026-06-22,5.06,0.004965
2026-06-23,5.038,-0.004348
2026-06-24,5.05,0.002382
2026-06-25,5.064,0.002772
2026-06-26,5.045,-0.003752
2026-06-29,5.067,0.004361
2026-06-30,5.076,0.001776
2026-07-01,5.076,0.0
2026-07-02,5.045,-0.006107
2026-07-03,5.048,0.000595
2026-07-06,5.05,0.000396
2026-07-07,5.045,-0.00099
2026-07-08,5.04,-0.000991
2026-07-09,5.067,0.005357
2026-07-10,5.043,-0.004737
2026-07-13,5.026,-0.003371
2026-07-14,5.04,0.002786
2026-07-15,5.037,-0.000595
2026-07-16,5.014,-0.004566
2026-07-17,4.985,-0.005784
2026-07-20,4.992,0.001404
2026-07-21,5.023,0.00621
2026-07-22,5.022,-0.000199
2026-07-23,5.022,0.0
2026-07-24,5.016,-0.001195
2026-07-27,5.03,0.002791
2026-07-28,5.007,-0.004573
2026-07-29,5.011,0.000799
2026-07-30,4.999,-0.002395
2026-07-31,5.005,0.0012
2026-08-03,4.989,-0.003197
2026-08-04,5.004,0.003007
2026-08-05,5.024,0.003997
2026-08-06,5.026,0.000398
2026-08-07,5.04,0.002786
2026-08-10,5.048,0.001587
2026-08-11,5.039,-0.001783
2026-08-12,5.045,0.001191
2026-08-13,5.039,-0.001189
2026-08-14,5.039,0.0
2026-08-17,5.061,0.004366
2026-08-18,5.062,0.000198
2026-08-19,5.027,-0.006914
2026-08-20,5.03,0.000597
2026-08-21,5.036,0.001193
2026-08-24,5.024,-0.002383
2026-08-25,5.018,-0.001194
2026-08-26,5.026,0.001594
2026-08-27,5.035,0.001791
2026-08-28,5.029,-0.001192
2026-08-31,5.031,0.000398
2026-09-01,5.024,-0.001391
2026-09-02,5.013,-0.002189
2026-09-03,5.015,0.000399
2026-09-04,5.012,-0.000598
2026-09-07,5.02,0.001596
2026-09-08,5.018,-0.000398
2026-09-09,5.019,0.000199
2026-09-10,5.018,-0.000199
2026-09-11,5.007,-0.002192
2026-09-14,5.004,-0.000599
2026-09-15,4.998,-0.001199
2026-09-16,5.003,0.001
2026-09-17,5.001,-0.0004
2026-09-18,5.015,0.002799
2026-09-21,5.019,0.000798
2026-09-22,5.018,-0.000199
2026-09-23,5.013,-0.000996
2026-09-24,4.998,-0.002992
2026-09-28,4.979,-0.003802
2026-09-29,4.98,0.000201
2026-09-30,4.98,0.0
