净值日期,累计净值,daily_return
2008-10-23,1.0,
2008-10-24,1.0,0.0
2008-10-31,1.0,0.0
2008-11-07,1.003,0.003
2008-11-14,1.007,0.003988
2008-11-21,1.007,0.0
2008-11-28,1.011,0.003972
2008-12-05,1.045,0.03363
2008-12-12,1.043,-0.001914
2008-12-19,1.064,0.020134
2008-12-26,1.042,-0.020677
2008-12-31,1.032,-0.009597
2009-01-09,1.067,0.033915
2009-01-16,1.085,0.01687
2009-01-22,1.107,0.020276
2009-01-23,1.106,-0.000903
2009-02-02,1.113,0.006329
2009-02-03,1.125,0.010782
2009-02-04,1.139,0.012444
2009-02-05,1.129,-0.00878
2009-02-06,1.153,0.021258
2009-02-09,1.17,0.014744
2009-02-10,1.18,0.008547
2009-02-11,1.188,0.00678
2009-02-12,1.195,0.005892
2009-02-13,1.221,0.021757
2009-02-16,1.234,0.010647
2009-02-17,1.209,-0.020259
2009-02-18,1.181,-0.02316
2009-02-19,1.19,0.007621
2009-02-20,1.205,0.012605
2009-02-23,1.224,0.015768
2009-02-24,1.198,-0.021242
2009-02-25,1.201,0.002504
2009-02-26,1.163,-0.03164
2009-02-27,1.148,-0.012898
2009-03-02,1.161,0.011324
2009-03-03,1.158,-0.002584
2009-03-04,1.202,0.037997
2009-03-05,1.21,0.006656
2009-03-06,1.203,-0.005785
2009-03-09,1.169,-0.028263
2009-03-10,1.182,0.011121
2009-03-11,1.176,-0.005076
2009-03-12,1.173,-0.002551
2009-03-13,1.171,-0.001705
2009-03-16,1.184,0.011102
2009-03-17,1.21,0.021959
2009-03-18,1.213,0.002479
2009-03-19,1.226,0.010717
2009-03-20,1.221,-0.004078
2009-03-23,1.239,0.014742
2009-03-24,1.242,0.002421
2009-03-25,1.233,-0.007246
2009-03-26,1.251,0.014599
2009-03-27,1.255,0.003197
2009-03-30,1.256,0.000797
2009-03-31,1.267,0.008758
2009-04-01,1.274,0.005525
2009-04-02,1.273,-0.000785
2009-04-03,1.27,-0.002357
2009-04-07,1.274,0.00315
2009-04-08,1.254,-0.015699
2009-04-09,1.263,0.007177
2009-04-10,1.284,0.016627
2009-04-13,1.293,0.007009
2009-04-14,1.3,0.005414
2009-04-15,1.308,0.006154
2009-04-16,1.311,0.002294
2009-04-17,1.305,-0.004577
2009-04-20,1.32,0.011494
2009-04-21,1.319,-0.000758
2009-04-22,1.29,-0.021986
2009-04-23,1.303,0.010078
2009-04-24,1.309,0.004605
2009-04-27,1.284,-0.019099
2009-04-28,1.287,0.002336
2009-04-29,1.306,0.014763
2009-04-30,1.314,0.006126
2009-05-04,1.339,0.019026
2009-05-05,1.348,0.006721
2009-05-06,1.359,0.00816
2009-05-07,1.353,-0.004415
2009-05-08,1.356,0.002217
2009-05-11,1.331,-0.018437
2009-05-12,1.348,0.012772
2009-05-13,1.355,0.005193
2009-05-14,1.354,-0.000738
2009-05-15,1.355,0.000739
2009-05-18,1.359,0.002952
2009-05-19,1.364,0.003679
2009-05-20,1.358,-0.004399
2009-05-21,1.35,-0.005891
2009-05-22,1.353,0.002222
2009-05-25,1.351,-0.001478
2009-05-26,1.354,0.002221
2009-05-27,1.361,0.00517
2009-06-01,1.373,0.008817
2009-06-02,1.376,0.002185
2009-06-03,1.385,0.006541
2009-06-04,1.381,-0.002888
2009-06-05,1.38,-0.000724
2009-06-08,1.385,0.003623
2009-06-09,1.39,0.00361
2009-06-10,1.406,0.011511
2009-06-11,1.399,-0.004979
2009-06-12,1.388,-0.007863
2009-06-15,1.404,0.011527
2009-06-16,1.406,0.001425
2009-06-17,1.422,0.01138
2009-06-18,1.428,0.004219
2009-06-19,1.433,0.003501
2009-06-22,1.426,-0.004885
2009-06-23,1.43,0.002805
2009-06-24,1.448,0.012587
2009-06-25,1.455,0.004834
2009-06-26,1.473,0.012371
2009-06-29,1.492,0.012899
2009-06-30,1.485,-0.004692
2009-07-01,1.506,0.014141
2009-07-02,1.515,0.005976
2009-07-03,1.528,0.008581
2009-07-06,1.541,0.008508
2009-07-07,1.536,-0.003245
2009-07-08,1.56,0.015625
2009-07-09,1.589,0.01859
2009-07-10,1.586,-0.001888
2009-07-13,1.58,-0.003783
2009-07-14,1.619,0.024684
2009-07-15,1.651,0.019765
2009-07-16,1.648,-0.001817
2009-07-17,1.657,0.005461
2009-07-20,1.683,0.015691
2009-07-21,1.662,-0.012478
2009-07-22,1.695,0.019856
2009-07-23,1.705,0.0059
2009-07-24,1.697,-0.004692
2009-07-27,1.718,0.012375
2009-07-28,1.733,0.008731
2009-07-29,1.668,-0.037507
2009-07-30,1.689,0.01259
2009-07-31,1.728,0.023091
2009-08-03,1.752,0.013889
2009-08-04,1.77,0.010274
2009-08-05,1.753,-0.009605
2009-08-06,1.722,-0.017684
2009-08-07,1.678,-0.025552
2009-08-10,1.69,0.007151
2009-08-11,1.699,0.005325
2009-08-12,1.644,-0.032372
2009-08-13,1.66,0.009732
2009-08-14,1.615,-0.027108
2009-08-17,1.529,-0.053251
2009-08-18,1.55,0.013734
2009-08-19,1.494,-0.036129
2009-08-20,1.542,0.032129
2009-08-21,1.584,0.027237
2009-08-24,1.617,0.020833
2009-08-25,1.591,-0.016079
2009-08-26,1.617,0.016342
2009-08-27,1.621,0.002474
2009-08-28,1.574,-0.028994
2009-08-31,1.479,-0.060356
2009-09-01,1.477,-0.001352
2009-09-02,1.494,0.01151
2009-09-03,1.557,0.042169
2009-09-04,1.57,0.008349
2009-09-07,1.58,0.006369
2009-09-08,1.605,0.015823
2009-09-09,1.612,0.004361
2009-09-10,1.6,-0.007444
2009-09-11,1.625,0.015625
2009-09-14,1.665,0.024615
2009-09-15,1.67,0.003003
2009-09-16,1.666,-0.002395
2009-09-17,1.692,0.015606
2009-09-18,1.653,-0.02305
2009-09-21,1.67,0.010284
2009-09-22,1.642,-0.016766
2009-09-23,1.604,-0.023143
2009-09-24,1.605,0.000623
2009-09-25,1.595,-0.006231
2009-09-28,1.562,-0.02069
2009-09-29,1.547,-0.009603
2009-09-30,1.56,0.008403
2009-10-09,1.621,0.039103
2009-10-12,1.621,0.0
2009-10-13,1.652,0.019124
2009-10-14,1.668,0.009685
2009-10-15,1.671,0.001799
2009-10-16,1.681,0.005984
2009-10-19,1.713,0.019036
2009-10-20,1.723,0.005838
2009-10-21,1.729,0.003482
2009-10-22,1.724,-0.002892
2009-10-23,1.742,0.010441
2009-10-26,1.749,0.004018
2009-10-27,1.701,-0.027444
2009-10-28,1.711,0.005879
2009-10-29,1.688,-0.013442
2009-10-30,1.708,0.011848
2009-11-02,1.749,0.024005
2009-11-03,1.768,0.010863
2009-11-04,1.77,0.001131
2009-11-05,1.779,0.005085
2009-11-06,1.792,0.007307
2009-11-09,1.797,0.00279
2009-11-10,1.809,0.006678
2009-11-11,1.807,-0.001106
2009-11-12,1.812,0.002767
2009-11-13,1.833,0.011589
2009-11-16,1.865,0.017458
2009-11-17,1.866,0.000536
2009-11-18,1.886,0.010718
2009-11-19,1.905,0.010074
2009-11-20,1.911,0.00315
2009-11-23,1.926,0.007849
2009-11-24,1.872,-0.028037
2009-11-25,1.917,0.024038
2009-11-26,1.861,-0.029212
2009-11-27,1.83,-0.016658
2009-11-30,1.883,0.028962
2009-12-01,1.914,0.016463
2009-12-02,1.937,0.012017
2009-12-03,1.938,0.000516
2009-12-04,1.931,-0.003612
2009-12-07,1.946,0.007768
2009-12-08,1.931,-0.007708
2009-12-09,1.906,-0.012947
2009-12-10,1.91,0.002099
2009-12-11,1.908,-0.001047
2009-12-14,1.916,0.004193
2009-12-15,1.911,-0.00261
2009-12-16,1.904,-0.003663
2009-12-17,1.872,-0.016807
2009-12-18,1.832,-0.021368
2009-12-21,1.836,0.002183
2009-12-22,1.797,-0.021242
2009-12-23,1.81,0.007234
2009-12-24,1.846,0.01989
2009-12-25,1.856,0.005417
2009-12-28,1.875,0.010237
2009-12-29,1.879,0.002133
2009-12-30,1.891,0.006386
2009-12-31,1.902,0.005817
2010-01-04,1.908,0.003155
2010-01-05,1.928,0.010482
2010-01-06,1.913,-0.00778
2010-01-07,1.888,-0.013068
2010-01-08,1.908,0.010593
2010-01-11,1.915,0.003669
2010-01-12,1.935,0.010444
2010-01-13,1.899,-0.018605
2010-01-14,1.928,0.015271
2010-01-15,1.949,0.010892
2010-01-18,1.974,0.012827
2010-01-19,1.976,0.001013
2010-01-20,1.956,-0.010121
2010-01-21,1.966,0.005112
2010-01-22,1.958,-0.004069
2010-01-25,1.931,-0.01379
2010-01-26,1.888,-0.022268
2010-01-27,1.869,-0.010064
2010-01-28,1.877,0.00428
2010-01-29,1.887,0.005328
2010-02-01,1.885,-0.00106
2010-02-02,1.881,-0.002122
2010-02-03,1.91,0.015417
2010-02-04,1.919,0.004712
2010-02-05,1.885,-0.017718
2010-02-08,1.873,-0.006366
2010-02-09,1.877,0.002136
2010-02-10,1.901,0.012786
2010-02-11,1.897,-0.002104
2010-02-12,1.92,0.012124
2010-02-22,1.923,0.001563
2010-02-23,1.945,0.01144
2010-02-24,1.964,0.009769
2010-02-25,1.978,0.007128
2010-02-26,1.982,0.002022
2010-03-01,2.0,0.009082
2010-03-02,2.008,0.004
2010-03-03,2.012,0.001992
2010-03-04,1.979,-0.016402
2010-03-05,1.983,0.002021
2010-03-08,1.999,0.008069
2010-03-09,2.0,0.0005
2010-03-10,1.982,-0.009
2010-03-11,1.984,0.001009
2010-03-12,1.968,-0.008065
2010-03-15,1.952,-0.00813
2010-03-16,1.96,0.004098
2010-03-17,1.992,0.016327
2010-03-18,1.989,-0.001506
2010-03-19,1.998,0.004525
2010-03-22,2.003,0.002503
2010-03-23,2.002,-0.000499
2010-03-24,2.01,0.003996
2010-03-25,1.994,-0.00796
2010-03-26,2.011,0.008526
2010-03-29,2.038,0.013426
2010-03-30,2.046,0.003925
2010-03-31,2.052,0.002933
2010-04-01,2.067,0.00731
2010-04-02,2.064,-0.001451
2010-04-06,2.066,0.000969
2010-04-07,2.067,0.000484
2010-04-08,2.069,0.000968
2010-04-09,2.08,0.005317
2010-04-12,2.07,-0.004808
2010-04-13,2.062,-0.003865
2010-04-14,2.075,0.006305
2010-04-15,2.063,-0.005783
2010-04-16,2.055,-0.003878
2010-04-19,1.993,-0.03017
2010-04-20,2.004,0.005519
2010-04-21,2.05,0.022954
2010-04-22,2.042,-0.003902
2010-04-23,2.039,-0.001469
2010-04-26,2.033,-0.002943
2010-04-27,2.024,-0.004427
2010-04-28,2.032,0.003953
2010-04-29,1.996,-0.017717
2010-04-30,1.994,-0.001002
2010-05-04,1.984,-0.005015
2010-05-05,2.014,0.015121
2010-05-06,1.987,-0.013406
2010-05-07,1.97,-0.008556
2010-05-10,1.945,-0.01269
2010-05-11,1.899,-0.02365
2010-05-12,1.869,-0.015798
2010-05-13,1.906,0.019797
2010-05-14,1.918,0.006296
2010-05-17,1.847,-0.037018
2010-05-18,1.865,0.009746
2010-05-19,1.867,0.001072
2010-05-20,1.844,-0.012319
2010-05-21,1.874,0.016269
2010-05-24,1.935,0.032551
2010-05-25,1.918,-0.008786
2010-05-26,1.924,0.003128
2010-05-27,1.96,0.018711
2010-05-28,1.954,-0.003061
2010-05-31,1.919,-0.017912
2010-06-01,1.896,-0.011985
2010-06-02,1.908,0.006329
2010-06-03,1.906,-0.001048
2010-06-04,1.906,0.0
2010-06-07,1.884,-0.011542
2010-06-08,1.897,0.0069
2010-06-09,1.934,0.019504
2010-06-10,1.937,0.001551
2010-06-11,1.94,0.001549
2010-06-17,1.923,-0.008763
2010-06-18,1.884,-0.020281
2010-06-21,1.909,0.01327
2010-06-22,1.919,0.005238
2010-06-23,1.907,-0.006253
2010-06-24,1.905,-0.001049
2010-06-25,1.881,-0.012598
2010-06-28,1.869,-0.00638
2010-06-29,1.788,-0.043339
2010-06-30,1.778,-0.005593
2010-07-01,1.754,-0.013498
2010-07-02,1.748,-0.003421
2010-07-05,1.74,-0.004577
2010-07-06,1.774,0.01954
2010-07-07,1.795,0.011838
2010-07-08,1.792,-0.001671
2010-07-09,1.826,0.018973
2010-07-12,1.842,0.008762
2010-07-13,1.825,-0.009229
2010-07-14,1.828,0.001644
2010-07-15,1.795,-0.018053
2010-07-16,1.805,0.005571
2010-07-19,1.84,0.019391
2010-07-20,1.878,0.020652
2010-07-21,1.884,0.003195
2010-07-22,1.91,0.0138
2010-07-23,1.911,0.000524
2010-07-26,1.927,0.008373
2010-07-27,1.926,-0.000519
2010-07-28,1.958,0.016615
2010-07-29,1.961,0.001532
2010-07-30,1.956,-0.00255
2010-08-02,1.978,0.011247
2010-08-03,1.963,-0.007583
2010-08-04,1.976,0.006623
2010-08-05,1.973,-0.001518
2010-08-06,2.006,0.016726
2010-08-09,2.015,0.004487
2010-08-10,1.975,-0.019851
2010-08-11,1.991,0.008101
2010-08-12,1.968,-0.011552
2010-08-13,1.994,0.013211
2010-08-16,2.017,0.011535
2010-08-17,2.024,0.003471
2010-08-18,2.014,-0.004941
2010-08-19,2.011,-0.00149
2010-08-20,1.987,-0.011934
2010-08-23,1.989,0.001007
2010-08-24,1.997,0.004022
2010-08-25,1.963,-0.017026
2010-08-26,1.977,0.007132
2010-08-27,1.982,0.002529
2010-08-30,2.015,0.01665
2010-08-31,2.028,0.006452
2010-09-01,2.026,-0.000986
2010-09-02,2.053,0.013327
2010-09-03,2.055,0.000974
2010-09-06,2.079,0.011679
2010-09-07,2.083,0.001924
2010-09-08,2.088,0.0024
2010-09-09,2.066,-0.010536
2010-09-10,2.089,0.011133
2010-09-13,2.11,0.010053
2010-09-14,2.114,0.001896
2010-09-15,2.091,-0.01088
2010-09-16,2.06,-0.014825
2010-09-17,2.06,0.0
2010-09-20,2.07,0.004854
2010-09-21,2.076,0.002899
2010-09-27,2.106,0.014451
2010-09-28,2.115,0.004274
2010-09-29,2.112,-0.001418
2010-09-30,2.143,0.014678
2010-10-08,2.196,0.024732
2010-10-11,2.205,0.004098
2010-10-12,2.222,0.00771
2010-10-13,2.247,0.011251
2010-10-14,2.249,0.00089
2010-10-15,2.281,0.014229
2010-10-18,2.244,-0.016221
2010-10-19,2.265,0.009358
2010-10-20,2.281,0.007064
2010-10-21,2.281,0.0
2010-10-22,2.303,0.009645
2010-10-25,2.336,0.014329
2010-10-26,2.366,0.012842
2010-10-27,2.376,0.004227
2010-10-28,2.373,-0.001263
2010-10-29,2.368,-0.002107
2010-11-01,2.418,0.021115
2010-11-02,2.448,0.012407
2010-11-03,2.45,0.000817
2010-11-04,2.481,0.012653
2010-11-05,2.535,0.021765
2010-11-08,2.548,0.005128
2010-11-09,2.567,0.007457
2010-11-10,2.571,0.001558
2010-11-11,2.574,0.001167
2010-11-12,2.491,-0.032246
2010-11-15,2.555,0.025692
2010-11-16,2.516,-0.015264
2010-11-17,2.451,-0.025835
2010-11-18,2.45,-0.000408
2010-11-19,2.492,0.017143
2010-11-22,2.496,0.001605
2010-11-23,2.46,-0.014423
2010-11-24,2.477,0.006911
2010-11-25,2.514,0.014937
2010-11-26,2.51,-0.001591
2010-11-29,2.514,0.001594
2010-11-30,2.486,-0.011138
2010-12-01,2.519,0.013274
2010-12-02,2.543,0.009528
2010-12-03,2.562,0.007471
2010-12-06,2.564,0.000781
2010-12-07,2.587,0.00897
2010-12-08,2.552,-0.013529
2010-12-09,2.507,-0.017633
2010-12-10,2.528,0.008377
2010-12-13,2.579,0.020174
2010-12-14,2.582,0.001163
2010-12-15,2.58,-0.000775
2010-12-16,2.587,0.002713
2010-12-17,2.619,0.01237
2010-12-20,2.578,-0.015655
2010-12-21,2.612,0.013189
2010-12-22,2.591,-0.00804
2010-12-23,2.557,-0.013122
2010-12-24,2.517,-0.015643
2010-12-27,2.454,-0.02503
2010-12-28,2.419,-0.014262
2010-12-29,2.444,0.010335
2010-12-30,2.443,-0.000409
2010-12-31,2.463,0.008187
2011-01-04,2.519,0.022737
2011-01-05,2.515,-0.001588
2011-01-06,2.514,-0.000398
2011-01-07,2.501,-0.005171
2011-01-10,2.478,-0.009196
2011-01-11,2.483,0.002018
2011-01-12,2.502,0.007652
2011-01-13,2.496,-0.002398
2011-01-14,2.468,-0.011218
2011-01-17,2.387,-0.03282
2011-01-18,2.365,-0.009217
2011-01-19,2.409,0.018605
2011-01-20,2.331,-0.032379
2011-01-21,2.35,0.008151
2011-01-24,2.328,-0.009362
2011-01-25,2.313,-0.006443
2011-01-26,2.35,0.015997
2011-01-27,2.368,0.00766
2011-01-28,2.38,0.005068
2011-01-31,2.422,0.017647
2011-02-01,2.427,0.002064
2011-02-09,2.4,-0.011125
2011-02-10,2.436,0.015
2011-02-11,2.455,0.0078
2011-02-14,2.495,0.016293
2011-02-15,2.506,0.004409
2011-02-16,2.52,0.005587
2011-02-17,2.523,0.00119
2011-02-18,2.494,-0.011494
2011-02-21,2.519,0.010024
2011-02-22,2.477,-0.016673
2011-02-23,2.534,0.023012
2011-02-24,2.541,0.002762
2011-02-25,2.544,0.001181
2011-02-28,2.567,0.009041
2011-03-01,2.577,0.003896
2011-03-02,2.563,-0.005433
2011-03-03,2.537,-0.010144
2011-03-04,2.575,0.014978
2011-03-07,2.608,0.012816
2011-03-08,2.614,0.002301
2011-03-09,2.614,0.0
2011-03-10,2.602,-0.004591
2011-03-11,2.602,0.0
2011-03-14,2.617,0.005765
2011-03-15,2.58,-0.014138
2011-03-16,2.596,0.006202
2011-03-17,2.561,-0.013482
2011-03-18,2.574,0.005076
2011-03-21,2.582,0.003108
2011-03-22,2.565,-0.006584
2011-03-23,2.602,0.014425
2011-03-24,2.61,0.003075
2011-03-25,2.645,0.01341
2011-03-28,2.642,-0.001134
2011-03-29,2.622,-0.00757
2011-03-30,2.609,-0.004958
2011-03-31,2.574,-0.013415
2011-04-01,2.604,0.011655
2011-04-06,2.63,0.009985
2011-04-07,2.643,0.004943
2011-04-08,2.668,0.009459
2011-04-11,2.649,-0.007121
2011-04-12,2.656,0.002643
2011-04-13,2.685,0.010919
2011-04-14,2.691,0.002235
2011-04-15,2.719,0.010405
2011-04-18,2.721,0.000736
2011-04-19,2.675,-0.016906
2011-04-20,2.696,0.00785
2011-04-21,2.718,0.00816
2011-04-22,2.717,-0.000368
2011-04-25,2.711,-0.002208
2011-04-26,2.673,-0.014017
2011-04-27,2.647,-0.009727
2011-04-28,2.599,-0.018134
2011-04-29,2.63,0.011928
2011-05-03,2.651,0.007985
2011-05-04,2.602,-0.018484
2011-05-05,2.613,0.004228
2011-05-06,2.6,-0.004975
2011-05-09,2.61,0.003846
2011-05-10,2.628,0.006897
2011-05-11,2.651,0.008752
2011-05-12,2.63,-0.007922
2011-05-13,2.652,0.008365
2011-05-16,2.666,0.005279
2011-05-17,2.646,-0.007502
2011-05-18,2.66,0.005291
2011-05-19,2.647,-0.004887
2011-05-20,2.637,-0.003778
2011-05-23,2.557,-0.030338
2011-05-24,2.561,0.001564
2011-05-25,2.538,-0.008981
2011-05-26,2.518,-0.00788
2011-05-27,2.461,-0.022637
2011-05-30,2.432,-0.011784
2011-05-31,2.459,0.011102
2011-06-01,2.471,0.00488
2011-06-02,2.429,-0.016997
2011-06-03,2.455,0.010704
2011-06-07,2.477,0.008961
2011-06-08,2.495,0.007267
2011-06-09,2.443,-0.020842
2011-06-10,2.449,0.002456
2011-06-13,2.451,0.000817
2011-06-14,2.487,0.014688
2011-06-15,2.471,-0.006433
2011-06-16,2.425,-0.018616
2011-06-17,2.411,-0.005773
2011-06-20,2.391,-0.008295
2011-06-21,2.42,0.012129
2011-06-22,2.419,-0.000413
2011-06-23,2.459,0.016536
2011-06-24,2.504,0.0183
2011-06-27,2.522,0.007188
2011-06-28,2.534,0.004758
2011-06-29,2.504,-0.011839
2011-06-30,2.534,0.011981
2011-07-01,2.546,0.004736
2011-07-04,2.597,0.020031
2011-07-05,2.621,0.009241
2011-07-06,2.645,0.009157
2011-07-07,2.635,-0.003781
2011-07-08,2.627,-0.003036
2011-07-11,2.635,0.003045
2011-07-12,2.605,-0.011385
2011-07-13,2.642,0.014203
2011-07-14,2.665,0.008706
2011-07-15,2.68,0.005629
2011-07-18,2.682,0.000746
2011-07-19,2.674,-0.002983
2011-07-20,2.672,-0.000748
2011-07-21,2.667,-0.001871
2011-07-22,2.675,0.003
2011-07-25,2.597,-0.029159
2011-07-26,2.601,0.00154
2011-07-27,2.631,0.011534
2011-07-28,2.616,-0.005701
2011-07-29,2.602,-0.005352
2011-08-01,2.613,0.004228
2011-08-02,2.603,-0.003827
2011-08-03,2.609,0.002305
2011-08-04,2.628,0.007282
2011-08-05,2.595,-0.012557
2011-08-08,2.523,-0.027746
2011-08-09,2.518,-0.001982
2011-08-10,2.541,0.009134
2011-08-11,2.572,0.0122
2011-08-12,2.588,0.006221
2011-08-15,2.61,0.008501
2011-08-16,2.603,-0.002682
2011-08-17,2.604,0.000384
2011-08-18,2.57,-0.013057
2011-08-19,2.551,-0.007393
2011-08-22,2.539,-0.004704
2011-08-23,2.573,0.013391
2011-08-24,2.571,-0.000777
2011-08-25,2.611,0.015558
2011-08-26,2.616,0.001915
2011-08-29,2.595,-0.008028
2011-08-30,2.567,-0.01079
2011-08-31,2.565,-0.000779
2011-09-01,2.549,-0.006238
2011-09-02,2.518,-0.012162
2011-09-05,2.471,-0.018666
2011-09-06,2.451,-0.008094
2011-09-07,2.489,0.015504
2011-09-08,2.465,-0.009642
2011-09-09,2.45,-0.006085
2011-09-13,2.414,-0.014694
2011-09-14,2.424,0.004143
2011-09-15,2.429,0.002063
2011-09-16,2.428,-0.000412
2011-09-19,2.385,-0.01771
2011-09-20,2.387,0.000839
2011-09-21,2.441,0.022623
2011-09-22,2.376,-0.026628
2011-09-23,2.351,-0.010522
2011-09-26,2.311,-0.017014
2011-09-27,2.328,0.007356
2011-09-28,2.299,-0.012457
2011-09-29,2.26,-0.016964
2011-09-30,2.252,-0.00354
2011-10-10,2.218,-0.015098
2011-10-11,2.223,0.002254
2011-10-12,2.306,0.037337
2011-10-13,2.327,0.009107
2011-10-14,2.316,-0.004727
2011-10-17,2.323,0.003022
2011-10-18,2.262,-0.026259
2011-10-19,2.258,-0.001768
2011-10-20,2.216,-0.018601
2011-10-21,2.206,-0.004513
2011-10-24,2.247,0.018586
2011-10-25,2.291,0.019582
2011-10-26,2.32,0.012658
2011-10-27,2.315,-0.002155
2011-10-28,2.362,0.020302
2011-10-31,2.366,0.001693
2011-11-01,2.374,0.003381
2011-11-02,2.419,0.018955
2011-11-03,2.421,0.000827
2011-11-04,2.44,0.007848
2011-11-07,2.435,-0.002049
2011-11-08,2.415,-0.008214
2011-11-09,2.441,0.010766
2011-11-10,2.406,-0.014338
2011-11-11,2.405,-0.000416
2011-11-14,2.449,0.018295
2011-11-15,2.465,0.006533
2011-11-16,2.422,-0.017444
2011-11-17,2.43,0.003303
2011-11-18,2.377,-0.021811
2011-11-21,2.382,0.002103
2011-11-22,2.374,-0.003359
2011-11-23,2.362,-0.005055
2011-11-24,2.368,0.00254
2011-11-25,2.362,-0.002534
2011-11-28,2.382,0.008467
2011-11-29,2.418,0.015113
2011-11-30,2.357,-0.025227
2011-12-01,2.403,0.019516
2011-12-02,2.375,-0.011652
2011-12-05,2.326,-0.020632
2011-12-06,2.319,-0.003009
2011-12-07,2.318,-0.000431
2011-12-08,2.323,0.002157
2011-12-09,2.303,-0.00861
2011-12-12,2.269,-0.014763
2011-12-13,2.203,-0.029088
2011-12-14,2.172,-0.014072
2011-12-15,2.14,-0.014733
2011-12-16,2.187,0.021963
2011-12-19,2.193,0.002743
2011-12-20,2.195,0.000912
2011-12-21,2.159,-0.016401
2011-12-22,2.143,-0.007411
2011-12-23,2.16,0.007933
2011-12-26,2.146,-0.006481
2011-12-27,2.099,-0.021901
2011-12-28,2.09,-0.004288
2011-12-29,2.083,-0.003349
2011-12-30,2.112,0.013922
2011-12-31,2.112,0.0
2012-01-04,2.077,-0.016572
2012-01-05,2.022,-0.026481
2012-01-06,2.03,0.003956
2012-01-09,2.091,0.030049
2012-01-10,2.146,0.026303
2012-01-11,2.151,0.00233
2012-01-12,2.149,-0.00093
2012-01-13,2.096,-0.024663
2012-01-16,2.042,-0.025763
2012-01-17,2.121,0.038688
2012-01-18,2.079,-0.019802
2012-01-19,2.098,0.009139
2012-01-20,2.116,0.00858
2012-01-30,2.099,-0.008034
2012-01-31,2.098,-0.000476
2012-02-01,2.084,-0.006673
2012-02-02,2.119,0.016795
2012-02-03,2.15,0.01463
2012-02-06,2.154,0.00186
2012-02-07,2.123,-0.014392
2012-02-08,2.168,0.021196
2012-02-09,2.178,0.004613
2012-02-10,2.183,0.002296
2012-02-13,2.197,0.006413
2012-02-14,2.19,-0.003186
2012-02-15,2.21,0.009132
2012-02-16,2.204,-0.002715
2012-02-17,2.211,0.003176
2012-02-20,2.217,0.002714
2012-02-21,2.237,0.009021
2012-02-22,2.262,0.011176
2012-02-23,2.264,0.000884
2012-02-24,2.29,0.011484
2012-02-27,2.289,-0.000437
2012-02-28,2.279,-0.004369
2012-02-29,2.259,-0.008776
2012-03-01,2.262,0.001328
2012-03-02,2.292,0.013263
2012-03-05,2.283,-0.003927
2012-03-06,2.256,-0.011827
2012-03-07,2.25,-0.00266
2012-03-08,2.27,0.008889
2012-03-09,2.286,0.007048
2012-03-12,2.285,-0.000437
2012-03-13,2.309,0.010503
2012-03-14,2.25,-0.025552
2012-03-15,2.237,-0.005778
2012-03-16,2.26,0.010282
2012-03-19,2.275,0.006637
2012-03-20,2.244,-0.013626
2012-03-21,2.242,-0.000891
2012-03-22,2.243,0.000446
2012-03-23,2.213,-0.013375
2012-03-26,2.219,0.002711
2012-03-27,2.218,-0.000451
2012-03-28,2.164,-0.024346
2012-03-29,2.139,-0.011553
2012-03-30,2.154,0.007013
2012-03-31,2.154,0.0
2012-04-05,2.178,0.011142
2012-04-06,2.197,0.008724
2012-04-09,2.183,-0.006372
2012-04-10,2.194,0.005039
2012-04-11,2.202,0.003646
2012-04-12,2.24,0.017257
2012-04-13,2.246,0.002679
2012-04-16,2.244,-0.00089
2012-04-17,2.228,-0.00713
2012-04-18,2.261,0.014811
2012-04-19,2.258,-0.001327
2012-04-20,2.271,0.005757
2012-04-23,2.257,-0.006165
2012-04-24,2.249,-0.003545
2012-04-25,2.263,0.006225
2012-04-26,2.256,-0.003093
2012-04-27,2.244,-0.005319
2012-05-02,2.259,0.006684
2012-05-03,2.261,0.000885
2012-05-04,2.286,0.011057
2012-05-07,2.303,0.007437
2012-05-08,2.308,0.002171
2012-05-09,2.287,-0.009099
2012-05-10,2.291,0.001749
2012-05-11,2.277,-0.006111
2012-05-14,2.268,-0.003953
2012-05-15,2.273,0.002205
2012-05-16,2.254,-0.008359
2012-05-17,2.266,0.005324
2012-05-18,2.251,-0.00662
2012-05-21,2.257,0.002665
2012-05-22,2.272,0.006646
2012-05-23,2.265,-0.003081
2012-05-24,2.261,-0.001766
2012-05-25,2.251,-0.004423
2012-05-28,2.258,0.00311
2012-05-29,2.271,0.005757
2012-05-30,2.274,0.001321
2012-05-31,2.277,0.001319
2012-06-01,2.278,0.000439
2012-06-04,2.245,-0.014486
2012-06-05,2.251,0.002673
2012-06-06,2.247,-0.001777
2012-06-07,2.242,-0.002225
2012-06-08,2.233,-0.004014
2012-06-11,2.257,0.010748
2012-06-12,2.25,-0.003101
2012-06-13,2.269,0.008444
2012-06-14,2.258,-0.004848
2012-06-15,2.261,0.001329
2012-06-18,2.268,0.003096
2012-06-19,2.259,-0.003968
2012-06-20,2.255,-0.001771
2012-06-21,2.244,-0.004878
2012-06-25,2.221,-0.01025
2012-06-26,2.218,-0.001351
2012-06-27,2.218,0.0
2012-06-28,2.211,-0.003156
2012-06-29,2.226,0.006784
2012-06-30,2.226,0.0
2012-07-02,2.236,0.004492
2012-07-03,2.236,0.0
2012-07-04,2.231,-0.002236
2012-07-05,2.213,-0.008068
2012-07-06,2.229,0.00723
2012-07-09,2.206,-0.010319
2012-07-10,2.194,-0.00544
2012-07-11,2.199,0.002279
2012-07-12,2.207,0.003638
2012-07-13,2.207,0.0
2012-07-16,2.177,-0.013593
2012-07-17,2.177,0.0
2012-07-18,2.176,-0.000459
2012-07-19,2.186,0.004596
2012-07-20,2.183,-0.001372
2012-07-23,2.171,-0.005497
2012-07-24,2.172,0.000461
2012-07-25,2.166,-0.002762
2012-07-26,2.157,-0.004155
2012-07-27,2.151,-0.002782
2012-07-30,2.14,-0.005114
2012-07-31,2.131,-0.004206
2012-08-01,2.144,0.0061
2012-08-02,2.137,-0.003265
2012-08-03,2.15,0.006083
2012-08-06,2.166,0.007442
2012-08-07,2.165,-0.000462
2012-08-08,2.166,0.000462
2012-08-09,2.179,0.006002
2012-08-10,2.182,0.001377
2012-08-13,2.168,-0.006416
2012-08-14,2.175,0.003229
2012-08-15,2.167,-0.003678
2012-08-16,2.16,-0.00323
2012-08-17,2.16,0.0
2012-08-20,2.16,0.0
2012-08-21,2.172,0.005556
2012-08-22,2.163,-0.004144
2012-08-23,2.165,0.000925
2012-08-24,2.151,-0.006467
2012-08-27,2.133,-0.008368
2012-08-28,2.14,0.003282
2012-08-29,2.139,-0.000467
2012-08-30,2.13,-0.004208
2012-08-31,2.134,0.001878
2012-09-03,2.149,0.007029
2012-09-04,2.141,-0.003723
2012-09-05,2.144,0.001401
2012-09-06,2.151,0.003265
2012-09-07,2.177,0.012087
2012-09-10,2.181,0.001837
2012-09-11,2.175,-0.002751
2012-09-12,2.176,0.00046
2012-09-13,2.166,-0.004596
2012-09-14,2.164,-0.000923
2012-09-17,2.142,-0.010166
2012-09-18,2.142,0.0
2012-09-19,2.148,0.002801
2012-09-20,2.124,-0.011173
2012-09-21,2.119,-0.002354
2012-09-24,2.125,0.002832
2012-09-25,2.119,-0.002824
2012-09-26,2.103,-0.007551
2012-09-27,2.123,0.00951
2012-09-28,2.139,0.007537
2012-09-30,2.139,0.0
2012-10-08,2.133,-0.002805
2012-10-09,2.156,0.010783
2012-10-10,2.162,0.002783
2012-10-11,2.152,-0.004625
2012-10-12,2.15,-0.000929
2012-10-15,2.145,-0.002326
2012-10-16,2.149,0.001865
2012-10-17,2.149,0.0
2012-10-18,2.164,0.00698
2012-10-19,2.165,0.000462
2012-10-22,2.172,0.003233
2012-10-23,2.161,-0.005064
2012-10-24,2.158,-0.001388
2012-10-25,2.145,-0.006024
2012-10-26,2.134,-0.005128
2012-10-29,2.136,0.000937
2012-10-30,2.136,0.0
2012-10-31,2.139,0.001404
2012-11-01,2.155,0.00748
2012-11-02,2.16,0.00232
2012-11-05,2.161,0.000463
2012-11-06,2.156,-0.002314
2012-11-07,2.153,-0.001391
2012-11-08,2.137,-0.007431
2012-11-09,2.131,-0.002808
2012-11-12,2.13,-0.000469
2012-11-13,2.116,-0.006573
2012-11-14,2.118,0.000945
2012-11-15,2.109,-0.004249
2012-11-16,2.098,-0.005216
2012-11-19,2.093,-0.002383
2012-11-20,2.088,-0.002389
2012-11-21,2.095,0.003352
2012-11-22,2.085,-0.004773
2012-11-23,2.09,0.002398
2012-11-26,2.082,-0.003828
2012-11-27,2.063,-0.009126
2012-11-28,2.049,-0.006786
2012-11-29,2.043,-0.002928
2012-11-30,2.049,0.002937
2012-12-03,2.037,-0.005857
2012-12-04,2.044,0.003436
2012-12-05,2.073,0.014188
2012-12-06,2.071,-0.000965
2012-12-07,2.087,0.007726
2012-12-10,2.102,0.007187
2012-12-11,2.097,-0.002379
2012-12-12,2.096,-0.000477
2012-12-13,2.088,-0.003817
2012-12-14,2.126,0.018199
2012-12-17,2.125,-0.00047
2012-12-18,2.122,-0.001412
2012-12-19,2.125,0.001414
2012-12-20,2.13,0.002353
2012-12-21,2.133,0.001408
2012-12-24,2.145,0.005626
2012-12-25,2.171,0.012121
2012-12-26,2.185,0.006449
2012-12-27,2.177,-0.003661
2012-12-28,2.19,0.005972
2012-12-31,2.207,0.007763
2013-01-04,2.201,-0.002719
2013-01-07,2.216,0.006815
2013-01-08,2.229,0.005866
2013-01-09,2.239,0.004486
2013-01-10,2.245,0.00268
2013-01-11,2.227,-0.008018
2013-01-14,2.268,0.01841
2013-01-15,2.285,0.007496
2013-01-16,2.283,-0.000875
2013-01-17,2.269,-0.006132
2013-01-18,2.29,0.009255
2013-01-21,2.295,0.002183
2013-01-22,2.282,-0.005664
2013-01-23,2.29,0.003506
2013-01-24,2.266,-0.01048
2013-01-25,2.272,0.002648
2013-01-28,2.304,0.014085
2013-01-29,2.311,0.003038
2013-01-30,2.32,0.003894
2013-01-31,2.318,-0.000862
2013-02-01,2.336,0.007765
2013-02-04,2.323,-0.005565
2013-02-05,2.334,0.004735
2013-02-06,2.343,0.003856
2013-02-07,2.343,0.0
2013-02-08,2.359,0.006829
2013-02-18,2.354,-0.00212
2013-02-19,2.327,-0.01147
2013-02-20,2.359,0.013752
2013-02-21,2.33,-0.012293
2013-02-22,2.321,-0.003863
2013-02-25,2.334,0.005601
2013-02-26,2.321,-0.00557
2013-02-27,2.325,0.001723
2013-02-28,2.353,0.012043
2013-03-01,2.368,0.006375
2013-03-04,2.329,-0.01647
2013-03-05,2.358,0.012452
2013-03-06,2.378,0.008482
2013-03-07,2.355,-0.009672
2013-03-08,2.345,-0.004246
2013-03-11,2.345,0.0
2013-03-12,2.323,-0.009382
2013-03-13,2.313,-0.004305
2013-03-14,2.324,0.004756
2013-03-15,2.331,0.003012
2013-03-18,2.312,-0.008151
2013-03-19,2.306,-0.002595
2013-03-20,2.334,0.012142
2013-03-21,2.346,0.005141
2013-03-22,2.347,0.000426
2013-03-25,2.345,-0.000852
2013-03-26,2.339,-0.002559
2013-03-27,2.341,0.000855
2013-03-28,2.318,-0.009825
2013-03-29,2.313,-0.002157
2013-04-01,2.323,0.004323
2013-04-02,2.303,-0.00861
2013-04-03,2.299,-0.001737
2013-04-08,2.308,0.003915
2013-04-09,2.311,0.0013
2013-04-10,2.309,-0.000865
2013-04-11,2.305,-0.001732
2013-04-12,2.302,-0.001302
2013-04-15,2.287,-0.006516
2013-04-16,2.292,0.002186
2013-04-17,2.305,0.005672
2013-04-18,2.307,0.000868
2013-04-19,2.332,0.010837
2013-04-22,2.341,0.003859
2013-04-23,2.314,-0.011534
2013-04-24,2.34,0.011236
2013-04-25,2.327,-0.005556
2013-04-26,2.31,-0.007306
2013-05-02,2.316,0.002597
2013-05-03,2.335,0.008204
2013-05-06,2.354,0.008137
2013-05-07,2.357,0.001274
2013-05-08,2.378,0.00891
2013-05-09,2.374,-0.001682
2013-05-10,2.385,0.004634
2013-05-13,2.39,0.002096
2013-05-14,2.366,-0.010042
2013-05-15,2.387,0.008876
2013-05-16,2.397,0.004189
2013-05-17,2.414,0.007092
2013-05-20,2.425,0.004557
2013-05-21,2.433,0.003299
2013-05-22,2.412,-0.008631
2013-05-23,2.413,0.000415
2013-05-24,2.425,0.004973
2013-05-27,2.44,0.006186
2013-05-28,2.44,0.0
2013-05-29,2.452,0.004918
2013-05-30,2.455,0.001223
2013-05-31,2.445,-0.004073
2013-06-03,2.436,-0.003681
2013-06-04,2.404,-0.013136
2013-06-05,2.415,0.004576
2013-06-06,2.399,-0.006625
2013-06-07,2.379,-0.008337
2013-06-13,2.349,-0.01261
2013-06-14,2.38,0.013197
2013-06-17,2.387,0.002941
2013-06-18,2.393,0.002514
2013-06-19,2.383,-0.004179
2013-06-20,2.338,-0.018884
2013-06-21,2.338,0.0
2013-06-24,2.277,-0.026091
2013-06-25,2.284,0.003074
2013-06-26,2.316,0.014011
2013-06-27,2.301,-0.006477
2013-06-28,2.302,0.000435
2013-06-30,2.302,0.0
2013-07-01,2.335,0.014335
2013-07-02,2.354,0.008137
2013-07-03,2.359,0.002124
2013-07-04,2.356,-0.001272
2013-07-05,2.342,-0.005942
2013-07-08,2.307,-0.014944
2013-07-09,2.318,0.004768
2013-07-10,2.34,0.009491
2013-07-11,2.37,0.012821
2013-07-12,2.373,0.001266
2013-07-15,2.406,0.013906
2013-07-16,2.413,0.002909
2013-07-17,2.389,-0.009946
2013-07-18,2.381,-0.003349
2013-07-19,2.361,-0.0084
2013-07-22,2.385,0.010165
2013-07-23,2.412,0.011321
2013-07-24,2.43,0.007463
2013-07-25,2.395,-0.014403
2013-07-26,2.398,0.001253
2013-07-29,2.366,-0.013344
2013-07-30,2.352,-0.005917
2013-07-31,2.353,0.000425
2013-08-01,2.399,0.01955
2013-08-02,2.408,0.003752
2013-08-05,2.429,0.008721
2013-08-06,2.441,0.00494
2013-08-07,2.429,-0.004916
2013-08-08,2.437,0.003294
2013-08-09,2.434,-0.001231
2013-08-12,2.443,0.003698
2013-08-13,2.448,0.002047
2013-08-14,2.452,0.001634
2013-08-15,2.435,-0.006933
2013-08-16,2.403,-0.013142
2013-08-19,2.438,0.014565
2013-08-20,2.431,-0.002871
2013-08-21,2.426,-0.002057
2013-08-22,2.438,0.004946
2013-08-23,2.444,0.002461
2013-08-26,2.473,0.011866
2013-08-27,2.481,0.003235
2013-08-28,2.462,-0.007658
2013-08-29,2.462,0.0
2013-08-30,2.438,-0.009748
2013-09-02,2.462,0.009844
2013-09-03,2.486,0.009748
2013-09-04,2.488,0.000805
2013-09-05,2.51,0.008842
2013-09-06,2.516,0.00239
2013-09-09,2.504,-0.004769
2013-09-10,2.5,-0.001597
2013-09-11,2.466,-0.0136
2013-09-12,2.465,-0.000406
2013-09-13,2.486,0.008519
2013-09-16,2.5,0.005632
2013-09-17,2.485,-0.006
2013-09-18,2.503,0.007243
2013-09-23,2.538,0.013983
2013-09-24,2.539,0.000394
2013-09-25,2.535,-0.001575
2013-09-26,2.514,-0.008284
2013-09-27,2.53,0.006364
2013-09-30,2.56,0.011858
2013-10-08,2.578,0.007031
2013-10-09,2.597,0.00737
2013-10-10,2.588,-0.003466
2013-10-11,2.6,0.004637
2013-10-14,2.619,0.007308
2013-10-15,2.61,-0.003436
2013-10-16,2.562,-0.018391
2013-10-17,2.557,-0.001952
2013-10-18,2.573,0.006257
2013-10-21,2.63,0.022153
2013-10-22,2.61,-0.007605
2013-10-23,2.572,-0.014559
2013-10-24,2.566,-0.002333
2013-10-25,2.532,-0.01325
2013-10-28,2.536,0.00158
2013-10-29,2.522,-0.005521
2013-10-30,2.548,0.010309
2013-10-31,2.502,-0.018053
2013-11-01,2.491,-0.004396
2013-11-04,2.504,0.005219
2013-11-05,2.52,0.00639
2013-11-06,2.499,-0.008333
2013-11-07,2.471,-0.011204
2013-11-08,2.451,-0.008094
2013-11-11,2.463,0.004896
2013-11-12,2.479,0.006496
2013-11-13,2.453,-0.010488
2013-11-14,2.473,0.008153
2013-11-15,2.496,0.0093
2013-11-18,2.524,0.011218
2013-11-19,2.519,-0.001981
2013-11-20,2.528,0.003573
2013-11-21,2.516,-0.004747
2013-11-22,2.507,-0.003577
2013-11-25,2.497,-0.003989
2013-11-26,2.502,0.002002
2013-11-27,2.525,0.009193
2013-11-28,2.538,0.005149
2013-11-29,2.548,0.00394
2013-12-02,2.484,-0.025118
2013-12-03,2.507,0.009259
2013-12-04,2.523,0.006382
2013-12-05,2.508,-0.005945
2013-12-06,2.498,-0.003987
2013-12-09,2.506,0.003203
2013-12-10,2.511,0.001995
2013-12-11,2.495,-0.006372
2013-12-12,2.501,0.002405
2013-12-13,2.506,0.001999
2013-12-16,2.501,-0.001995
2013-12-17,2.481,-0.007997
2013-12-18,2.481,0.0
2013-12-19,2.468,-0.00524
2013-12-20,2.46,-0.003241
2013-12-23,2.463,0.00122
2013-12-24,2.466,0.001218
2013-12-25,2.484,0.007299
2013-12-26,2.458,-0.010467
2013-12-27,2.484,0.010578
2013-12-30,2.493,0.003623
2013-12-31,2.498,0.002006
2014-01-02,2.498,0.0
2014-01-03,2.494,-0.001601
2014-01-06,2.463,-0.01243
2014-01-07,2.473,0.00406
2014-01-08,2.488,0.006066
2014-01-09,2.463,-0.010048
2014-01-10,2.454,-0.003654
2014-01-13,2.453,-0.000407
2014-01-14,2.485,0.013045
2014-01-15,2.508,0.009256
2014-01-16,2.508,0.0
2014-01-17,2.491,-0.006778
2014-01-20,2.476,-0.006022
2014-01-21,2.5,0.009693
2014-01-22,2.543,0.0172
2014-01-23,2.562,0.007471
2014-01-24,2.577,0.005855
2014-01-27,2.57,-0.002716
2014-01-28,2.567,-0.001167
2014-01-29,2.588,0.008181
2014-01-30,2.577,-0.00425
2014-02-07,2.606,0.011253
2014-02-10,2.646,0.015349
2014-02-11,2.63,-0.006047
2014-02-12,2.628,-0.00076
2014-02-13,2.595,-0.012557
2014-02-14,2.619,0.009249
2014-02-17,2.654,0.013364
2014-02-18,2.651,-0.00113
2014-02-19,2.648,-0.001132
2014-02-20,2.633,-0.005665
2014-02-21,2.62,-0.004937
2014-02-24,2.598,-0.008397
2014-02-25,2.54,-0.022325
2014-02-26,2.545,0.001969
2014-02-27,2.516,-0.011395
2014-02-28,2.539,0.009141
2014-03-03,2.562,0.009059
2014-03-04,2.544,-0.007026
2014-03-05,2.53,-0.005503
2014-03-06,2.522,-0.003162
2014-03-07,2.526,0.001586
2014-03-10,2.492,-0.01346
2014-03-11,2.49,-0.000803
2014-03-12,2.488,-0.000803
2014-03-13,2.514,0.01045
2014-03-14,2.515,0.000398
2014-03-17,2.532,0.006759
2014-03-18,2.541,0.003555
2014-03-19,2.527,-0.00551
2014-03-20,2.489,-0.015038
2014-03-21,2.513,0.009642
2014-03-24,2.505,-0.003183
2014-03-25,2.507,0.000798
2014-03-26,2.515,0.003191
2014-03-27,2.481,-0.013519
2014-03-28,2.451,-0.012092
2014-03-31,2.453,0.000816
2014-04-01,2.471,0.007338
2014-04-02,2.464,-0.002833
2014-04-03,2.46,-0.001623
2014-04-04,2.475,0.006098
2014-04-08,2.504,0.011717
2014-04-09,2.518,0.005591
2014-04-10,2.528,0.003971
2014-04-11,2.521,-0.002769
2014-04-14,2.532,0.004363
2014-04-15,2.515,-0.006714
2014-04-16,2.519,0.00159
2014-04-17,2.519,0.0
2014-04-18,2.52,0.000397
2014-04-21,2.497,-0.009127
2014-04-22,2.484,-0.005206
2014-04-23,2.484,0.0
2014-04-24,2.479,-0.002013
2014-04-25,2.454,-0.010085
2014-04-28,2.418,-0.01467
2014-04-29,2.436,0.007444
2014-04-30,2.449,0.005337
2014-05-05,2.459,0.004083
2014-05-06,2.466,0.002847
2014-05-07,2.445,-0.008516
2014-05-08,2.441,-0.001636
2014-05-09,2.427,-0.005735
2014-05-12,2.449,0.009065
2014-05-13,2.451,0.000817
2014-05-14,2.446,-0.00204
2014-05-15,2.421,-0.010221
2014-05-16,2.417,-0.001652
2014-05-19,2.402,-0.006206
2014-05-20,2.401,-0.000416
2014-05-21,2.415,0.005831
2014-05-22,2.417,0.000828
2014-05-23,2.43,0.005379
2014-05-26,2.436,0.002469
2014-05-27,2.432,-0.001642
2014-05-28,2.456,0.009868
2014-05-29,2.448,-0.003257
2014-05-30,2.445,-0.001225
2014-06-03,2.435,-0.00409
2014-06-04,2.429,-0.002464
2014-06-05,2.446,0.006999
2014-06-06,2.439,-0.002862
2014-06-09,2.427,-0.00492
2014-06-10,2.441,0.005768
2014-06-11,2.448,0.002868
2014-06-12,2.449,0.000408
2014-06-13,2.457,0.003267
2014-06-16,2.466,0.003663
2014-06-17,2.447,-0.007705
2014-06-18,2.44,-0.002861
2014-06-19,2.407,-0.013525
2014-06-20,2.417,0.004155
2014-06-23,2.428,0.004551
2014-06-24,2.431,0.001236
2014-06-25,2.424,-0.002879
2014-06-26,2.436,0.00495
2014-06-27,2.439,0.001232
2014-06-30,2.454,0.00615
2014-07-01,2.469,0.006112
2014-07-02,2.472,0.001215
2014-07-03,2.476,0.001618
2014-07-04,2.478,0.000808
2014-07-07,2.474,-0.001614
2014-07-08,2.487,0.005255
2014-07-09,2.462,-0.010052
2014-07-10,2.451,-0.004468
2014-07-11,2.453,0.000816
2014-07-14,2.472,0.007746
2014-07-15,2.464,-0.003236
2014-07-16,2.448,-0.006494
2014-07-17,2.442,-0.002451
2014-07-18,2.444,0.000819
2014-07-21,2.449,0.002046
2014-07-22,2.464,0.006125
2014-07-23,2.445,-0.007711
2014-07-24,2.44,-0.002045
2014-07-25,2.452,0.004918
2014-07-28,2.475,0.00938
2014-07-29,2.485,0.00404
2014-07-30,2.494,0.003622
2014-07-31,2.504,0.00401
2014-08-01,2.498,-0.002396
2014-08-04,2.514,0.006405
2014-08-05,2.521,0.002784
2014-08-06,2.521,0.0
2014-08-07,2.505,-0.006347
2014-08-08,2.515,0.003992
2014-08-11,2.522,0.002783
2014-08-12,2.526,0.001586
2014-08-13,2.522,-0.001584
2014-08-14,2.518,-0.001586
2014-08-15,2.538,0.007943
2014-08-18,2.555,0.006698
2014-08-19,2.552,-0.001174
2014-08-20,2.546,-0.002351
2014-08-21,2.547,0.000393
2014-08-22,2.55,0.001178
2014-08-25,2.531,-0.007451
2014-08-26,2.514,-0.006717
2014-08-27,2.519,0.001989
2014-08-28,2.514,-0.001985
2014-08-29,2.529,0.005967
2014-09-01,2.551,0.008699
2014-09-02,2.56,0.003528
2014-09-03,2.571,0.004297
2014-09-04,2.573,0.000778
2014-09-05,2.584,0.004275
2014-09-09,2.583,-0.000387
2014-09-10,2.589,0.002323
2014-09-11,2.6,0.004249
2014-09-12,2.608,0.003077
2014-09-15,2.625,0.006518
2014-09-16,2.586,-0.014857
2014-09-17,2.598,0.00464
2014-09-18,2.613,0.005774
2014-09-19,2.628,0.005741
2014-09-22,2.611,-0.006469
2014-09-23,2.62,0.003447
2014-09-24,2.636,0.006107
2014-09-25,2.631,-0.001897
2014-09-26,2.631,0.0
2014-09-29,2.638,0.002661
2014-09-30,2.648,0.003791
2014-10-08,2.664,0.006042
2014-10-09,2.667,0.001126
2014-10-10,2.659,-0.003
2014-10-13,2.665,0.002256
2014-10-14,2.661,-0.001501
2014-10-15,2.663,0.000752
2014-10-16,2.656,-0.002629
2014-10-17,2.656,0.0
2014-10-20,2.672,0.006024
2014-10-21,2.657,-0.005614
2014-10-22,2.645,-0.004516
2014-10-23,2.628,-0.006427
2014-10-24,2.632,0.001522
2014-10-27,2.639,0.00266
2014-10-28,2.661,0.008336
2014-10-29,2.676,0.005637
2014-10-30,2.675,-0.000374
2014-10-31,2.666,-0.003364
2014-11-03,2.674,0.003001
2014-11-04,2.661,-0.004862
2014-11-05,2.656,-0.001879
2014-11-06,2.659,0.00113
2014-11-07,2.645,-0.005265
2014-11-10,2.674,0.010964
2014-11-11,2.643,-0.011593
2014-11-12,2.654,0.004162
2014-11-13,2.635,-0.007159
2014-11-14,2.633,-0.000759
2014-11-17,2.649,0.006077
2014-11-18,2.65,0.000378
2014-11-19,2.668,0.006792
2014-11-20,2.651,-0.006372
2014-11-21,2.667,0.006035
2014-11-24,2.681,0.005249
2014-11-25,2.71,0.010817
2014-11-26,2.709,-0.000369
2014-11-27,2.7,-0.003322
2014-11-28,2.694,-0.002222
2014-12-01,2.689,-0.001856
2014-12-02,2.707,0.006694
2014-12-03,2.701,-0.002216
2014-12-04,2.72,0.007034
2014-12-05,2.693,-0.009926
2014-12-08,2.69,-0.001114
2014-12-09,2.618,-0.026766
2014-12-10,2.7,0.031322
2014-12-11,2.705,0.001852
2014-12-12,2.726,0.007763
2014-12-15,2.747,0.007704
2014-12-16,2.729,-0.006553
2014-12-17,2.705,-0.008794
2014-12-18,2.691,-0.005176
2014-12-19,2.677,-0.005203
2014-12-22,2.641,-0.013448
2014-12-23,2.621,-0.007573
2014-12-24,2.622,0.000382
2014-12-25,2.655,0.012586
2014-12-26,2.672,0.006403
2014-12-29,2.656,-0.005988
2014-12-30,2.639,-0.006401
2014-12-31,2.668,0.010989
2015-01-05,2.737,0.025862
2015-01-06,2.782,0.016441
2015-01-07,2.777,-0.001797
2015-01-08,2.765,-0.004321
2015-01-09,2.772,0.002532
2015-01-12,2.778,0.002165
2015-01-13,2.805,0.009719
2015-01-14,2.777,-0.009982
2015-01-15,2.79,0.004681
2015-01-16,2.806,0.005735
2015-01-19,2.753,-0.018888
2015-01-20,2.834,0.029422
2015-01-21,2.867,0.011644
2015-01-22,2.879,0.004186
2015-01-23,2.869,-0.003473
2015-01-26,2.898,0.010108
2015-01-27,2.915,0.005866
2015-01-28,2.887,-0.009605
2015-01-29,2.881,-0.002078
2015-01-30,2.883,0.000694
2015-02-02,2.882,-0.000347
2015-02-03,2.902,0.00694
2015-02-04,2.879,-0.007926
2015-02-05,2.89,0.003821
2015-02-06,2.872,-0.006228
2015-02-09,2.862,-0.003482
2015-02-10,2.897,0.012229
2015-02-11,2.938,0.014153
2015-02-12,2.963,0.008509
2015-02-13,2.985,0.007425
2015-02-16,3.032,0.015745
2015-02-17,3.051,0.006266
2015-02-25,3.043,-0.002622
2015-02-26,3.04,-0.000986
2015-02-27,3.088,0.015789
2015-03-02,3.148,0.01943
2015-03-03,3.137,-0.003494
2015-03-04,3.199,0.019764
2015-03-05,3.173,-0.008128
2015-03-06,3.129,-0.013867
2015-03-09,3.161,0.010227
2015-03-10,3.209,0.015185
2015-03-11,3.21,0.000312
2015-03-12,3.188,-0.006854
2015-03-13,3.247,0.018507
2015-03-16,3.319,0.022174
2015-03-17,3.331,0.003616
2015-03-18,3.377,0.01381
2015-03-19,3.338,-0.011549
2015-03-20,3.349,0.003295
2015-03-23,3.438,0.026575
2015-03-24,3.502,0.018615
2015-03-25,3.534,0.009138
2015-03-26,3.48,-0.01528
2015-03-27,3.488,0.002299
2015-03-30,3.504,0.004587
2015-03-31,3.525,0.005993
2015-04-01,3.588,0.017872
2015-04-02,3.636,0.013378
2015-04-03,3.646,0.00275
2015-04-07,3.682,0.009874
2015-04-08,3.63,-0.014123
2015-04-09,3.6,-0.008264
2015-04-10,3.646,0.012778
2015-04-13,3.691,0.012342
2015-04-14,3.667,-0.006502
2015-04-15,3.588,-0.021543
2015-04-16,3.626,0.010591
2015-04-17,3.63,0.001103
2015-04-20,3.563,-0.018457
2015-04-21,3.669,0.02975
2015-04-22,3.733,0.017443
2015-04-23,3.732,-0.000268
2015-04-24,3.709,-0.006163
2015-04-27,3.729,0.005392
2015-04-28,3.657,-0.019308
2015-04-29,3.721,0.017501
2015-04-30,3.745,0.00645
2015-05-04,3.746,0.000267
2015-05-05,3.688,-0.015483
2015-05-06,3.696,0.002169
2015-05-07,3.658,-0.010281
2015-05-08,3.739,0.022143
2015-05-11,3.847,0.028885
2015-05-12,3.896,0.012737
2015-05-13,3.886,-0.002567
2015-05-14,3.854,-0.008235
2015-05-15,3.867,0.003373
2015-05-18,3.872,0.001293
2015-05-19,3.932,0.015496
2015-05-20,4.025,0.023652
2015-05-21,4.134,0.027081
2015-05-22,4.135,0.000242
2015-05-25,4.161,0.006288
2015-05-26,4.237,0.018265
2015-05-27,4.191,-0.010857
2015-05-28,4.02,-0.040802
2015-05-29,4.049,0.007214
2015-06-01,4.223,0.042974
2015-06-02,4.389,0.039309
2015-06-03,4.419,0.006835
2015-06-04,4.394,-0.005657
2015-06-05,4.418,0.005462
2015-06-08,4.327,-0.020598
2015-06-09,4.276,-0.011786
2015-06-10,4.312,0.008419
2015-06-11,4.318,0.001391
2015-06-12,4.372,0.012506
2015-06-15,4.293,-0.01807
2015-06-16,4.152,-0.032844
2015-06-17,4.228,0.018304
2015-06-18,4.112,-0.027436
2015-06-19,3.939,-0.042072
2015-06-23,3.965,0.006601
2015-06-24,3.981,0.004035
2015-06-25,3.866,-0.028887
2015-06-26,3.639,-0.058717
2015-06-29,3.497,-0.039022
2015-06-30,3.59,0.026594
2015-07-01,3.447,-0.039833
2015-07-02,3.291,-0.045257
2015-07-03,3.173,-0.035855
2015-07-06,3.113,-0.01891
2015-07-07,2.997,-0.037263
2015-07-08,2.905,-0.030697
2015-07-09,3.015,0.037866
2015-07-10,3.155,0.046434
2015-07-13,3.302,0.046593
2015-07-14,3.342,0.012114
2015-07-15,3.199,-0.042789
2015-07-16,3.225,0.008128
2015-07-17,3.362,0.042481
2015-07-20,3.437,0.022308
2015-07-21,3.505,0.019785
2015-07-22,3.54,0.009986
2015-07-23,3.597,0.016102
2015-07-24,3.568,-0.008062
2015-07-27,3.381,-0.05241
2015-07-28,3.326,-0.016267
2015-07-29,3.414,0.026458
2015-07-30,3.367,-0.013767
2015-07-31,3.317,-0.01485
2015-08-03,3.224,-0.028037
2015-08-04,3.327,0.031948
2015-08-05,3.305,-0.006613
2015-08-06,3.286,-0.005749
2015-08-07,3.367,0.02465
2015-08-10,3.465,0.029106
2015-08-11,3.471,0.001732
2015-08-12,3.426,-0.012965
2015-08-13,3.48,0.015762
2015-08-14,3.474,-0.001724
2015-08-17,3.528,0.015544
2015-08-18,3.387,-0.039966
2015-08-19,3.422,0.010334
2015-08-20,3.358,-0.018703
2015-08-21,3.244,-0.033949
2015-08-24,3.087,-0.048397
2015-08-25,2.953,-0.043408
2015-08-26,2.928,-0.008466
2015-08-27,3.001,0.024932
2015-08-28,3.113,0.037321
2015-08-31,3.058,-0.017668
2015-09-01,2.941,-0.03826
2015-09-02,2.906,-0.011901
2015-09-07,2.908,0.000688
2015-09-08,2.974,0.022696
2015-09-09,3.02,0.015467
2015-09-10,2.99,-0.009934
2015-09-11,2.996,0.002007
2015-09-14,2.887,-0.036382
2015-09-15,2.818,-0.0239
2015-09-16,2.898,0.028389
2015-09-17,2.881,-0.005866
2015-09-18,2.891,0.003471
2015-09-21,2.952,0.0211
2015-09-22,2.966,0.004743
2015-09-23,2.961,-0.001686
2015-09-24,2.975,0.004728
2015-09-25,2.921,-0.018151
2015-09-28,2.967,0.015748
2015-09-29,2.948,-0.006404
2015-09-30,2.949,0.000339
2015-10-08,3.024,0.025432
2015-10-09,3.054,0.009921
2015-10-12,3.123,0.022593
2015-10-13,3.136,0.004163
2015-10-14,3.095,-0.013074
2015-10-15,3.155,0.019386
2015-10-16,3.161,0.001902
2015-10-19,3.16,-0.000316
2015-10-20,3.21,0.015823
2015-10-21,3.083,-0.039564
2015-10-22,3.176,0.030165
2015-10-23,3.246,0.02204
2015-10-26,3.258,0.003697
2015-10-27,3.28,0.006753
2015-10-28,3.225,-0.016768
2015-10-29,3.231,0.00186
2015-10-30,3.227,-0.001238
2015-11-02,3.188,-0.012086
2015-11-03,3.177,-0.00345
2015-11-04,3.271,0.029588
2015-11-05,3.246,-0.007643
2015-11-06,3.317,0.021873
2015-11-09,3.386,0.020802
2015-11-10,3.417,0.009155
2015-11-11,3.453,0.010536
2015-11-12,3.465,0.003475
2015-11-13,3.398,-0.019336
2015-11-16,3.468,0.0206
2015-11-17,3.445,-0.006632
2015-11-18,3.419,-0.007547
2015-11-19,3.499,0.023399
2015-11-20,3.53,0.00886
2015-11-23,3.517,-0.003683
2015-11-24,3.544,0.007677
2015-11-25,3.597,0.014955
2015-11-26,3.557,-0.01112
2015-11-27,3.432,-0.035142
2015-11-30,3.464,0.009324
2015-12-01,3.461,-0.000866
2015-12-02,3.45,-0.003178
2015-12-03,3.497,0.013623
2015-12-04,3.494,-0.000858
2015-12-07,3.514,0.005724
2015-12-08,3.498,-0.004553
2015-12-09,3.483,-0.004288
2015-12-10,3.487,0.001148
2015-12-11,3.47,-0.004875
2015-12-14,3.483,0.003746
2015-12-15,3.505,0.006316
2015-12-16,3.522,0.00485
2015-12-17,3.558,0.010221
2015-12-18,3.543,-0.004216
2015-12-21,3.552,0.00254
2015-12-22,3.566,0.003941
2015-12-23,3.551,-0.004206
2015-12-24,3.549,-0.000563
2015-12-25,3.546,-0.000845
2015-12-28,3.548,0.000564
2015-12-29,3.552,0.001127
2015-12-30,3.553,0.000282
2015-12-31,3.542,-0.003096
2016-01-04,3.462,-0.022586
2016-01-05,3.46,-0.000578
2016-01-06,3.492,0.009249
2016-01-07,3.408,-0.024055
2016-01-08,3.437,0.008509
2016-01-11,3.379,-0.016875
2016-01-12,3.382,0.000888
2016-01-13,3.36,-0.006505
2016-01-14,3.387,0.008036
2016-01-15,3.35,-0.010924
2016-01-18,3.348,-0.000597
2016-01-19,3.392,0.013142
2016-01-20,3.374,-0.005307
2016-01-21,3.332,-0.012448
2016-01-22,3.342,0.003001
2016-01-25,3.357,0.004488
2016-01-26,3.271,-0.025618
2016-01-27,3.258,-0.003974
2016-01-28,3.211,-0.014426
2016-01-29,3.237,0.008097
2016-02-01,3.22,-0.005252
2016-02-02,3.247,0.008385
2016-02-03,3.246,-0.000308
2016-02-04,3.263,0.005237
2016-02-05,3.261,-0.000613
2016-02-15,3.267,0.00184
2016-02-16,3.304,0.011325
2016-02-17,3.308,0.001211
2016-02-18,3.303,-0.001511
2016-02-19,3.305,0.000606
2016-02-22,3.336,0.00938
2016-02-23,3.338,0.0006
2016-02-24,3.35,0.003595
2016-02-25,3.262,-0.026269
2016-02-26,3.281,0.005825
2016-02-29,3.246,-0.010667
2016-03-01,3.272,0.00801
2016-03-02,3.337,0.019866
2016-03-03,3.334,-0.000899
2016-03-04,3.327,-0.0021
2016-03-07,3.342,0.004509
2016-03-08,3.334,-0.002394
2016-03-09,3.317,-0.005099
2016-03-10,3.304,-0.003919
2016-03-11,3.304,0.0
2016-03-14,3.335,0.009383
2016-03-15,3.336,0.0003
2016-03-16,3.326,-0.002998
2016-03-17,3.349,0.006915
2016-03-18,3.376,0.008062
2016-03-21,3.394,0.005332
2016-03-22,3.385,-0.002652
2016-03-23,3.388,0.000886
2016-03-24,3.375,-0.003837
2016-03-25,3.383,0.00237
2016-03-28,3.385,0.000591
2016-03-29,3.37,-0.004431
2016-03-30,3.406,0.010682
2016-03-31,3.411,0.001468
2016-04-01,3.413,0.000586
2016-04-05,3.441,0.008204
2016-04-06,3.443,0.000581
2016-04-07,3.428,-0.004357
2016-04-08,3.412,-0.004667
2016-04-11,3.449,0.010844
2016-04-12,3.437,-0.003479
2016-04-13,3.459,0.006401
2016-04-14,3.472,0.003758
2016-04-15,3.468,-0.001152
2016-04-18,3.45,-0.00519
2016-04-19,3.455,0.001449
2016-04-20,3.402,-0.01534
2016-04-21,3.399,-0.000882
2016-04-22,3.411,0.00353
2016-04-25,3.402,-0.002639
2016-04-26,3.415,0.003821
2016-04-27,3.416,0.000293
2016-04-28,3.413,-0.000878
2016-04-29,3.423,0.00293
2016-05-03,3.473,0.014607
2016-05-04,3.477,0.001152
2016-05-05,3.49,0.003739
2016-05-06,3.436,-0.015473
2016-05-09,3.377,-0.017171
2016-05-10,3.382,0.001481
2016-05-11,3.4,0.005322
2016-05-12,3.412,0.003529
2016-05-13,3.41,-0.000586
2016-05-16,3.438,0.008211
2016-05-17,3.429,-0.002618
2016-05-18,3.398,-0.009041
2016-05-19,3.405,0.00206
2016-05-20,3.414,0.002643
2016-05-23,3.436,0.006444
2016-05-24,3.423,-0.003783
2016-05-25,3.407,-0.004674
2016-05-26,3.422,0.004403
2016-05-27,3.42,-0.000584
2016-05-30,3.416,-0.00117
2016-05-31,3.479,0.018443
2016-06-01,3.484,0.001437
2016-06-02,3.488,0.001148
2016-06-03,3.499,0.003154
2016-06-06,3.507,0.002286
2016-06-07,3.507,0.0
2016-06-08,3.499,-0.002281
2016-06-13,3.453,-0.013147
2016-06-14,3.463,0.002896
2016-06-15,3.506,0.012417
2016-06-16,3.502,-0.001141
2016-06-17,3.506,0.001142
2016-06-20,3.512,0.001711
2016-06-21,3.495,-0.004841
2016-06-22,3.508,0.00372
2016-06-23,3.499,-0.002566
2016-06-24,3.492,-0.002001
2016-06-27,3.521,0.008305
2016-06-28,3.532,0.003124
2016-06-29,3.534,0.000566
2016-06-30,3.533,-0.000283
2016-07-01,3.536,0.000849
2016-07-04,3.565,0.008201
2016-07-05,3.572,0.001964
2016-07-06,3.584,0.003359
2016-07-07,3.596,0.003348
2016-07-08,3.59,-0.001669
2016-07-11,3.599,0.002507
2016-07-12,3.643,0.012226
2016-07-13,3.653,0.002745
2016-07-14,3.644,-0.002464
2016-07-15,3.648,0.001098
2016-07-18,3.642,-0.001645
2016-07-19,3.633,-0.002471
2016-07-20,3.634,0.000275
2016-07-21,3.64,0.001651
2016-07-22,3.623,-0.00467
2016-07-25,3.616,-0.001932
2016-07-26,3.648,0.00885
2016-07-27,3.593,-0.015077
2016-07-28,3.613,0.005566
2016-07-29,3.607,-0.001661
2016-08-01,3.586,-0.005822
2016-08-02,3.598,0.003346
2016-08-03,3.609,0.003057
2016-08-04,3.613,0.001108
2016-08-05,3.601,-0.003321
2016-08-08,3.61,0.002499
2016-08-09,3.627,0.004709
2016-08-10,3.625,-0.000551
2016-08-11,3.605,-0.005517
2016-08-12,3.621,0.004438
2016-08-15,3.656,0.009666
2016-08-16,3.667,0.003009
2016-08-17,3.672,0.001364
2016-08-18,3.666,-0.001634
2016-08-19,3.667,0.000273
2016-08-22,3.646,-0.005727
2016-08-23,3.651,0.001371
2016-08-24,3.652,0.000274
2016-08-25,3.646,-0.001643
2016-08-26,3.657,0.003017
2016-08-29,3.658,0.000273
2016-08-30,3.658,0.0
2016-08-31,3.658,0.0
2016-09-01,3.646,-0.00328
2016-09-02,3.643,-0.000823
2016-09-05,3.653,0.002745
2016-09-06,3.672,0.005201
2016-09-07,3.672,0.0
2016-09-08,3.675,0.000817
2016-09-09,3.666,-0.002449
2016-09-12,3.628,-0.010366
2016-09-13,3.633,0.001378
2016-09-14,3.624,-0.002477
2016-09-19,3.64,0.004415
2016-09-20,3.639,-0.000275
2016-09-21,3.645,0.001649
2016-09-22,3.654,0.002469
2016-09-23,3.648,-0.001642
2016-09-26,3.613,-0.009594
2016-09-27,3.622,0.002491
2016-09-28,3.619,-0.000828
2016-09-29,3.628,0.002487
2016-09-30,3.637,0.002481
2016-10-10,3.66,0.006324
2016-10-11,3.674,0.003825
2016-10-12,3.674,0.0
2016-10-13,3.674,0.0
2016-10-14,3.668,-0.001633
2016-10-17,3.657,-0.002999
2016-10-18,3.68,0.006289
2016-10-19,3.678,-0.000543
2016-10-20,3.679,0.000272
2016-10-21,3.677,-0.000544
2016-10-24,3.692,0.004079
2016-10-25,3.698,0.001625
2016-10-26,3.689,-0.002434
2016-10-27,3.684,-0.001355
2016-10-28,3.676,-0.002172
2016-10-31,3.677,0.000272
2016-11-01,3.694,0.004623
2016-11-02,3.695,0.000271
2016-11-03,3.703,0.002165
2016-11-04,3.696,-0.00189
2016-11-07,3.694,-0.000541
2016-11-08,3.703,0.002436
2016-11-09,3.7,-0.00081
2016-11-10,3.723,0.006216
2016-11-11,3.733,0.002686
2016-11-14,3.734,0.000268
2016-11-15,3.739,0.001339
2016-11-16,3.737,-0.000535
2016-11-17,3.736,-0.000268
2016-11-18,3.723,-0.00348
2016-11-21,3.726,0.000806
2016-11-22,3.737,0.002952
2016-11-23,3.731,-0.001606
2016-11-24,3.733,0.000536
2016-11-25,3.742,0.002411
2016-11-28,3.742,0.0
2016-11-29,3.737,-0.001336
2016-11-30,3.721,-0.004282
2016-12-01,3.735,0.003762
2016-12-02,3.718,-0.004552
2016-12-05,3.703,-0.004034
2016-12-06,3.707,0.00108
2016-12-07,3.727,0.005395
2016-12-08,3.719,-0.002146
2016-12-09,3.717,-0.000538
2016-12-12,3.66,-0.015335
2016-12-13,3.674,0.003825
2016-12-14,3.667,-0.001905
2016-12-15,3.66,-0.001909
2016-12-16,3.666,0.001639
2016-12-19,3.675,0.002455
2016-12-20,3.659,-0.004354
2016-12-21,3.674,0.004099
2016-12-22,3.671,-0.000817
2016-12-23,3.65,-0.005721
2016-12-26,3.654,0.001096
2016-12-27,3.659,0.001368
2016-12-28,3.656,-0.00082
2016-12-29,3.65,-0.001641
2016-12-30,3.665,0.00411
2016-12-31,3.665,0.0
2017-01-03,3.686,0.00573
2017-01-04,3.712,0.007054
2017-01-05,3.715,0.000808
2017-01-06,3.698,-0.004576
2017-01-09,3.712,0.003786
2017-01-10,3.701,-0.002963
2017-01-11,3.672,-0.007836
2017-01-12,3.651,-0.005719
2017-01-13,3.632,-0.005204
2017-01-16,3.603,-0.007985
2017-01-17,3.62,0.004718
2017-01-18,3.628,0.00221
2017-01-19,3.619,-0.002481
2017-01-20,3.644,0.006908
2017-01-23,3.654,0.002744
2017-01-24,3.658,0.001095
2017-01-25,3.67,0.00328
2017-01-26,3.682,0.00327
2017-02-03,3.669,-0.003531
2017-02-06,3.682,0.003543
2017-02-07,3.686,0.001086
2017-02-08,3.693,0.001899
2017-02-09,3.702,0.002437
2017-02-10,3.704,0.00054
2017-02-13,3.72,0.00432
2017-02-14,3.731,0.002957
2017-02-15,3.707,-0.006433
2017-02-16,3.723,0.004316
2017-02-17,3.698,-0.006715
2017-02-20,3.735,0.010005
2017-02-21,3.754,0.005087
2017-02-22,3.773,0.005061
2017-02-23,3.771,-0.00053
2017-02-24,3.771,0.0
2017-02-27,3.749,-0.005834
2017-02-28,3.761,0.003201
2017-03-01,3.767,0.001595
2017-03-02,3.765,-0.000531
2017-03-03,3.764,-0.000266
2017-03-06,3.787,0.006111
2017-03-07,3.797,0.002641
2017-03-08,3.784,-0.003424
2017-03-09,3.76,-0.006342
2017-03-10,3.777,0.004521
2017-03-13,3.803,0.006884
2017-03-14,3.806,0.000789
2017-03-15,3.807,0.000263
2017-03-16,3.823,0.004203
2017-03-17,3.798,-0.006539
2017-03-20,3.804,0.00158
2017-03-21,3.827,0.006046
2017-03-22,3.823,-0.001045
2017-03-23,3.831,0.002093
2017-03-24,3.84,0.002349
2017-03-27,3.823,-0.004427
2017-03-28,3.809,-0.003662
2017-03-29,3.806,-0.000788
2017-03-30,3.787,-0.004992
2017-03-31,3.802,0.003961
2017-04-05,3.848,0.012099
2017-04-06,3.846,-0.00052
2017-04-07,3.863,0.00442
2017-04-10,3.85,-0.003365
2017-04-11,3.85,0.0
2017-04-12,3.84,-0.002597
2017-04-13,3.854,0.003646
2017-04-14,3.83,-0.006227
2017-04-17,3.812,-0.0047
2017-04-18,3.811,-0.000262
2017-04-19,3.803,-0.002099
2017-04-20,3.825,0.005785
2017-04-21,3.808,-0.004444
2017-04-24,3.77,-0.009979
2017-04-25,3.776,0.001592
2017-04-26,3.768,-0.002119
2017-04-27,3.778,0.002654
2017-04-28,3.773,-0.001323
2017-05-02,3.779,0.00159
2017-05-03,3.77,-0.002382
2017-05-04,3.77,0.0
2017-05-05,3.746,-0.006366
2017-05-08,3.707,-0.010411
2017-05-09,3.713,0.001619
2017-05-10,3.689,-0.006464
2017-05-11,3.706,0.004608
2017-05-12,3.718,0.003238
2017-05-15,3.731,0.003497
2017-05-16,3.774,0.011525
2017-05-17,3.774,0.0
2017-05-18,3.764,-0.00265
2017-05-19,3.758,-0.001594
2017-05-22,3.736,-0.005854
2017-05-23,3.715,-0.005621
2017-05-24,3.723,0.002153
2017-05-25,3.72,-0.000806
2017-05-26,3.714,-0.001613
2017-05-31,3.721,0.001885
2017-06-01,3.695,-0.006987
2017-06-02,3.694,-0.000271
2017-06-05,3.715,0.005685
2017-06-06,3.737,0.005922
2017-06-07,3.777,0.010704
2017-06-08,3.79,0.003442
2017-06-09,3.802,0.003166
2017-06-12,3.795,-0.001841
2017-06-13,3.804,0.002372
2017-06-14,3.777,-0.007098
2017-06-15,3.784,0.001853
2017-06-16,3.786,0.000529
2017-06-19,3.807,0.005547
2017-06-20,3.804,-0.000788
2017-06-21,3.832,0.007361
2017-06-22,3.815,-0.004436
2017-06-23,3.835,0.005242
2017-06-26,3.879,0.011473
2017-06-27,3.887,0.002062
2017-06-28,3.865,-0.00566
2017-06-29,3.884,0.004916
2017-06-30,3.889,0.001287
2017-07-03,3.88,-0.002314
2017-07-04,3.864,-0.004124
2017-07-05,3.894,0.007764
2017-07-06,3.893,-0.000257
2017-07-07,3.89,-0.000771
2017-07-10,3.87,-0.005141
2017-07-11,3.857,-0.003359
2017-07-12,3.84,-0.004408
2017-07-13,3.845,0.001302
2017-07-14,3.83,-0.003901
2017-07-17,3.768,-0.016188
2017-07-18,3.775,0.001858
2017-07-19,3.814,0.010331
2017-07-20,3.837,0.00603
2017-07-21,3.826,-0.002867
2017-07-24,3.833,0.00183
2017-07-25,3.817,-0.004174
2017-07-26,3.801,-0.004192
2017-07-27,3.815,0.003683
2017-07-28,3.824,0.002359
2017-07-31,3.846,0.005753
2017-08-01,3.858,0.00312
2017-08-02,3.84,-0.004666
2017-08-03,3.823,-0.004427
2017-08-04,3.807,-0.004185
2017-08-07,3.827,0.005253
2017-08-08,3.832,0.001307
2017-08-09,3.847,0.003914
2017-08-10,3.841,-0.00156
2017-08-11,3.802,-0.010154
2017-08-14,3.849,0.012362
2017-08-15,3.857,0.002078
2017-08-16,3.866,0.002333
2017-08-17,3.866,0.0
2017-08-18,3.861,-0.001293
2017-08-21,3.876,0.003885
2017-08-22,3.877,0.000258
2017-08-23,3.872,-0.00129
2017-08-24,3.853,-0.004907
2017-08-25,3.883,0.007786
2017-08-28,3.912,0.007468
2017-08-29,3.912,0.0
2017-08-30,3.919,0.001789
2017-08-31,3.912,-0.001786
2017-09-01,3.917,0.001278
2017-09-04,3.928,0.002808
2017-09-05,3.933,0.001273
2017-09-06,3.939,0.001526
2017-09-07,3.923,-0.004062
2017-09-08,3.921,-0.00051
2017-09-11,3.934,0.003315
2017-09-12,3.931,-0.000763
2017-09-13,3.935,0.001018
2017-09-14,3.928,-0.001779
2017-09-15,3.929,0.000255
2017-09-18,3.952,0.005854
2017-09-19,3.943,-0.002277
2017-09-20,3.949,0.001522
2017-09-21,3.933,-0.004052
2017-09-22,3.935,0.000509
2017-09-25,3.921,-0.003558
2017-09-26,3.928,0.001785
2017-09-27,3.943,0.003819
2017-09-28,3.944,0.000254
2017-09-29,3.963,0.004817
2017-10-09,3.986,0.005804
2017-10-10,3.989,0.000753
2017-10-11,3.999,0.002507
2017-10-12,4.013,0.003501
2017-10-13,4.037,0.005981
2017-10-16,4.012,-0.006193
2017-10-17,4.019,0.001745
2017-10-18,4.034,0.003732
2017-10-19,4.032,-0.000496
2017-10-20,4.037,0.00124
2017-10-23,4.051,0.003468
2017-10-24,4.068,0.004196
2017-10-25,4.083,0.003687
2017-10-26,4.091,0.001959
2017-10-27,4.109,0.0044
2017-10-30,4.089,-0.004867
2017-10-31,4.086,-0.000734
2017-11-01,4.082,-0.000979
2017-11-02,4.074,-0.00196
2017-11-03,4.054,-0.004909
2017-11-06,4.082,0.006907
2017-11-07,4.098,0.00392
2017-11-08,4.091,-0.001708
2017-11-09,4.116,0.006111
2017-11-10,4.156,0.009718
2017-11-13,4.158,0.000481
2017-11-14,4.147,-0.002646
2017-11-15,4.117,-0.007234
2017-11-16,4.153,0.008744
2017-11-17,4.123,-0.007224
2017-11-20,4.128,0.001213
2017-11-21,4.152,0.005814
2017-11-22,4.137,-0.003613
2017-11-23,4.051,-0.020788
2017-11-24,4.046,-0.001234
2017-11-27,4.008,-0.009392
2017-11-28,4.034,0.006487
2017-11-29,4.047,0.003223
2017-11-30,4.007,-0.009884
2017-12-01,4.018,0.002745
2017-12-04,4.033,0.003733
2017-12-05,4.019,-0.003471
2017-12-06,4.004,-0.003732
2017-12-07,3.966,-0.009491
2017-12-08,4.01,0.011094
2017-12-11,4.058,0.01197
2017-12-12,4.029,-0.007146
2017-12-13,4.052,0.005709
2017-12-14,4.043,-0.002221
2017-12-15,4.021,-0.005442
2017-12-18,4.03,0.002238
2017-12-19,4.061,0.007692
2017-12-20,4.07,0.002216
2017-12-21,4.097,0.006634
2017-12-22,4.087,-0.002441
2017-12-25,4.07,-0.00416
2017-12-26,4.077,0.00172
2017-12-27,4.043,-0.008339
2017-12-28,4.064,0.005194
2017-12-29,4.072,0.001969
2017-12-31,4.071,-0.000246
2018-01-02,4.109,0.009334
2018-01-03,4.123,0.003407
2018-01-04,4.142,0.004608
2018-01-05,4.137,-0.001207
2018-01-08,4.15,0.003142
2018-01-09,4.17,0.004819
2018-01-10,4.168,-0.00048
2018-01-11,4.161,-0.001679
2018-01-12,4.172,0.002644
2018-01-15,4.154,-0.004314
2018-01-16,4.171,0.004092
2018-01-17,4.129,-0.01007
2018-01-18,4.122,-0.001695
2018-01-19,4.101,-0.005095
2018-01-22,4.142,0.009998
2018-01-23,4.167,0.006036
2018-01-24,4.156,-0.00264
2018-01-25,4.155,-0.000241
2018-01-26,4.172,0.004091
2018-01-29,4.122,-0.011985
2018-01-30,4.086,-0.008734
2018-01-31,4.106,0.004895
2018-02-01,4.071,-0.008524
2018-02-02,4.099,0.006878
2018-02-05,4.074,-0.006099
2018-02-06,3.963,-0.027246
2018-02-07,3.9,-0.015897
2018-02-08,3.899,-0.000256
2018-02-09,3.786,-0.028982
2018-02-12,3.872,0.022715
2018-02-13,3.914,0.010847
2018-02-14,3.945,0.00792
2018-02-22,4.018,0.018504
2018-02-23,4.031,0.003235
2018-02-26,4.06,0.007194
2018-02-27,4.021,-0.009606
2018-02-28,4.016,-0.001243
2018-03-01,4.029,0.003237
2018-03-02,4.012,-0.004219
2018-03-05,4.017,0.001246
2018-03-06,4.054,0.009211
2018-03-07,4.036,-0.00444
2018-03-08,4.081,0.01115
2018-03-09,4.109,0.006861
2018-03-12,4.126,0.004137
2018-03-13,4.091,-0.008483
2018-03-14,4.083,-0.001956
2018-03-15,4.106,0.005633
2018-03-16,4.085,-0.005114
2018-03-19,4.109,0.005875
2018-03-20,4.106,-0.00073
2018-03-21,4.083,-0.005602
2018-03-22,4.05,-0.008082
2018-03-23,3.95,-0.024691
2018-03-26,3.967,0.004304
2018-03-27,3.998,0.007814
2018-03-28,3.939,-0.014757
2018-03-29,3.966,0.006855
2018-03-30,3.992,0.006556
2018-04-02,3.977,-0.003758
2018-04-03,3.968,-0.002263
2018-04-04,3.966,-0.000504
2018-04-09,3.964,-0.000504
2018-04-10,4.004,0.010091
2018-04-11,4.016,0.002997
2018-04-12,3.992,-0.005976
2018-04-13,3.974,-0.004509
2018-04-16,3.956,-0.004529
2018-04-17,3.89,-0.016684
2018-04-18,3.903,0.003342
2018-04-19,3.933,0.007686
2018-04-20,3.893,-0.01017
2018-04-23,3.865,-0.007192
2018-04-24,3.933,0.017594
2018-04-25,3.945,0.003051
2018-04-26,3.886,-0.014956
2018-04-27,3.892,0.001544
2018-05-02,3.908,0.004111
2018-05-03,3.921,0.003327
2018-05-04,3.92,-0.000255
2018-05-07,3.981,0.015561
2018-05-08,4.004,0.005777
2018-05-09,4.001,-0.000749
2018-05-10,4.025,0.005999
2018-05-11,4.018,-0.001739
2018-05-14,4.055,0.009209
2018-05-15,4.08,0.006165
2018-05-16,4.077,-0.000735
2018-05-17,4.046,-0.007604
2018-05-18,4.056,0.002472
2018-05-21,4.078,0.005424
2018-05-22,4.092,0.003433
2018-05-23,4.06,-0.00782
2018-05-24,4.041,-0.00468
2018-05-25,4.026,-0.003712
2018-05-28,4.051,0.00621
2018-05-29,4.024,-0.006665
2018-05-30,3.993,-0.007704
2018-05-31,4.052,0.014776
2018-06-01,4.008,-0.010859
2018-06-04,4.012,0.000998
2018-06-05,4.054,0.010469
2018-06-06,4.057,0.00074
2018-06-07,4.051,-0.001479
2018-06-08,4.018,-0.008146
2018-06-11,4.015,-0.000747
2018-06-12,4.051,0.008966
2018-06-13,4.018,-0.008146
2018-06-14,3.997,-0.005226
2018-06-15,3.97,-0.006755
2018-06-19,3.854,-0.029219
2018-06-20,3.913,0.015309
2018-06-21,3.872,-0.010478
2018-06-22,3.916,0.011364
2018-06-25,3.903,-0.00332
2018-06-26,3.905,0.000512
2018-06-27,3.849,-0.014341
2018-06-28,3.805,-0.011432
2018-06-29,3.89,0.022339
2018-06-30,3.89,0.0
2018-07-02,3.84,-0.012853
2018-07-03,3.847,0.001823
2018-07-04,3.784,-0.016376
2018-07-05,3.755,-0.007664
2018-07-06,3.775,0.005326
2018-07-09,3.842,0.017748
2018-07-10,3.872,0.007808
2018-07-11,3.852,-0.005165
2018-07-12,3.906,0.014019
2018-07-13,3.937,0.007937
2018-07-16,3.93,-0.001778
2018-07-17,3.926,-0.001018
2018-07-18,3.907,-0.00484
2018-07-19,3.895,-0.003071
2018-07-20,3.929,0.008729
2018-07-23,3.948,0.004836
2018-07-24,3.976,0.007092
2018-07-25,3.961,-0.003773
2018-07-26,3.92,-0.010351
2018-07-27,3.908,-0.003061
2018-07-30,3.89,-0.004606
2018-07-31,3.887,-0.000771
2018-08-01,3.832,-0.01415
2018-08-02,3.791,-0.010699
2018-08-03,3.74,-0.013453
2018-08-06,3.694,-0.012299
2018-08-07,3.755,0.016513
2018-08-08,3.706,-0.013049
2018-08-09,3.776,0.018888
2018-08-10,3.787,0.002913
2018-08-13,3.796,0.002377
2018-08-14,3.778,-0.004742
2018-08-15,3.715,-0.016675
2018-08-16,3.689,-0.006999
2018-08-17,3.658,-0.008403
2018-08-20,3.679,0.005741
2018-08-21,3.738,0.016037
2018-08-22,3.708,-0.008026
2018-08-23,3.74,0.00863
2018-08-24,3.732,-0.002139
2018-08-27,3.797,0.017417
2018-08-28,3.807,0.002634
2018-08-29,3.784,-0.006042
2018-08-30,3.762,-0.005814
2018-08-31,3.73,-0.008506
2018-09-03,3.731,0.000268
2018-09-04,3.763,0.008577
2018-09-05,3.71,-0.014085
2018-09-06,3.685,-0.006739
2018-09-07,3.7,0.004071
2018-09-10,3.652,-0.012973
2018-09-11,3.656,0.001095
2018-09-12,3.648,-0.002188
2018-09-13,3.666,0.004934
2018-09-14,3.669,0.000818
2018-09-17,3.639,-0.008177
2018-09-18,3.684,0.012366
2018-09-19,3.729,0.012215
2018-09-20,3.729,0.0
2018-09-21,3.783,0.014481
2018-09-25,3.773,-0.002643
2018-09-26,3.803,0.007951
2018-09-27,3.784,-0.004996
2018-09-28,3.8,0.004228
2018-10-08,3.698,-0.026842
2018-10-09,3.687,-0.002975
2018-10-10,3.669,-0.004882
2018-10-11,3.56,-0.029708
2018-10-12,3.594,0.009551
2018-10-15,3.577,-0.00473
2018-10-16,3.543,-0.009505
2018-10-17,3.547,0.001129
2018-10-18,3.499,-0.013533
2018-10-19,3.57,0.020292
2018-10-22,3.675,0.029412
2018-10-23,3.597,-0.021224
2018-10-24,3.591,-0.001668
2018-10-25,3.578,-0.00362
2018-10-26,3.555,-0.006428
2018-10-29,3.475,-0.022504
2018-10-30,3.5,0.007194
2018-10-31,3.533,0.009429
2018-11-01,3.547,0.003963
2018-11-02,3.636,0.025092
2018-11-05,3.634,-0.00055
2018-11-06,3.627,-0.001926
2018-11-07,3.625,-0.000551
2018-11-08,3.611,-0.003862
2018-11-09,3.599,-0.003323
2018-11-12,3.646,0.013059
2018-11-13,3.672,0.007131
2018-11-14,3.648,-0.006536
2018-11-15,3.673,0.006853
2018-11-16,3.677,0.001089
2018-11-19,3.687,0.00272
2018-11-20,3.629,-0.015731
2018-11-21,3.65,0.005787
2018-11-22,3.634,-0.004384
2018-11-23,3.583,-0.014034
2018-11-26,3.578,-0.001395
2018-11-27,3.591,0.003633
2018-11-28,3.633,0.011696
2018-11-29,3.603,-0.008258
2018-11-30,3.633,0.008326
2018-12-03,3.697,0.017616
2018-12-04,3.711,0.003787
2018-12-05,3.716,0.001347
2018-12-06,3.674,-0.011302
2018-12-07,3.663,-0.002994
2018-12-10,3.647,-0.004368
2018-12-11,3.659,0.00329
2018-12-12,3.668,0.00246
2018-12-13,3.7,0.008724
2018-12-14,3.65,-0.013514
2018-12-17,3.634,-0.004384
2018-12-18,3.622,-0.003302
2018-12-19,3.589,-0.009111
2018-12-20,3.59,0.000279
2018-12-21,3.576,-0.0039
2018-12-24,3.589,0.003635
2018-12-25,3.58,-0.002508
2018-12-26,3.57,-0.002793
2018-12-27,3.564,-0.001681
2018-12-28,3.578,0.003928
2018-12-31,3.578,0.0
2019-01-02,3.544,-0.009503
2019-01-03,3.521,-0.00649
2019-01-04,3.562,0.011644
2019-01-07,3.583,0.005896
2019-01-08,3.593,0.002791
2019-01-09,3.593,0.0
2019-01-10,3.583,-0.002783
2019-01-11,3.59,0.001954
2019-01-14,3.566,-0.006685
2019-01-15,3.606,0.011217
2019-01-16,3.621,0.00416
2019-01-17,3.606,-0.004143
2019-01-18,3.629,0.006378
2019-01-21,3.641,0.003307
2019-01-22,3.611,-0.008239
2019-01-23,3.613,0.000554
2019-01-24,3.619,0.001661
2019-01-25,3.633,0.003868
2019-01-28,3.631,-0.000551
2019-01-29,3.643,0.003305
2019-01-30,3.618,-0.006862
2019-01-31,3.622,0.001106
2019-02-01,3.662,0.011044
2019-02-11,3.717,0.015019
2019-02-12,3.732,0.004036
2019-02-13,3.769,0.009914
2019-02-14,3.775,0.001592
2019-02-15,3.741,-0.009007
2019-02-18,3.817,0.020315
2019-02-19,3.8,-0.004454
2019-02-20,3.816,0.004211
2019-02-21,3.819,0.000786
2019-02-22,3.869,0.013092
2019-02-25,3.997,0.033083
2019-02-26,3.971,-0.006505
2019-02-27,3.942,-0.007303
2019-02-28,3.943,0.000254
2019-03-01,3.985,0.010652
2019-03-04,4.028,0.01079
2019-03-05,4.058,0.007448
2019-03-06,4.073,0.003696
2019-03-07,4.049,-0.005892
2019-03-08,3.977,-0.017782
2019-03-11,4.04,0.015841
2019-03-12,4.097,0.014109
2019-03-13,4.049,-0.011716
2019-03-14,4.018,-0.007656
2019-03-15,4.05,0.007964
2019-03-18,4.121,0.017531
2019-03-19,4.113,-0.001941
2019-03-20,4.098,-0.003647
2019-03-21,4.102,0.000976
2019-03-22,4.102,0.0
2019-03-25,4.055,-0.011458
2019-03-26,4.017,-0.009371
2019-03-27,4.053,0.008962
2019-03-28,4.049,-0.000987
2019-03-29,4.136,0.021487
2019-04-01,4.205,0.016683
2019-04-02,4.188,-0.004043
2019-04-03,4.206,0.004298
2019-04-04,4.241,0.008321
2019-04-08,4.208,-0.007781
2019-04-09,4.218,0.002376
2019-04-10,4.23,0.002845
2019-04-11,4.172,-0.013712
2019-04-12,4.157,-0.003595
2019-04-15,4.145,-0.002887
2019-04-16,4.207,0.014958
2019-04-17,4.219,0.002852
2019-04-18,4.212,-0.001659
2019-04-19,4.231,0.004511
2019-04-22,4.184,-0.011108
2019-04-23,4.169,-0.003585
2019-04-24,4.178,0.002159
2019-04-25,4.114,-0.015318
2019-04-26,4.094,-0.004861
2019-04-29,4.105,0.002687
2019-04-30,4.111,0.001462
2019-05-06,3.923,-0.045731
2019-05-07,3.949,0.006628
2019-05-08,3.918,-0.00785
2019-05-09,3.873,-0.011485
2019-05-10,3.978,0.027111
2019-05-13,3.945,-0.008296
2019-05-14,3.926,-0.004816
2019-05-15,3.989,0.016047
2019-05-16,3.996,0.001755
2019-05-17,3.922,-0.018519
2019-05-20,3.891,-0.007904
2019-05-21,3.932,0.010537
2019-05-22,3.925,-0.00178
2019-05-23,3.872,-0.013503
2019-05-24,3.88,0.002066
2019-05-27,3.916,0.009278
2019-05-28,3.941,0.006384
2019-05-29,3.951,0.002537
2019-05-30,3.927,-0.006074
2019-05-31,3.927,0.0
2019-06-03,3.929,0.000509
2019-06-04,3.903,-0.006617
2019-06-05,3.904,0.000256
2019-06-06,3.876,-0.007172
2019-06-10,3.902,0.006708
2019-06-11,3.979,0.019733
2019-06-12,3.965,-0.003518
2019-06-13,3.956,-0.00227
2019-06-14,3.941,-0.003792
2019-06-17,3.937,-0.001015
2019-06-18,3.944,0.001778
2019-06-19,3.987,0.010903
2019-06-20,4.061,0.01856
2019-06-21,4.085,0.00591
2019-06-24,4.087,0.00049
2019-06-25,4.074,-0.003181
2019-06-26,4.068,-0.001473
2019-06-27,4.099,0.00762
2019-06-28,4.099,0.0
2019-06-30,4.099,0.0
2019-07-01,4.17,0.017321
2019-07-02,4.174,0.000959
2019-07-03,4.139,-0.008385
2019-07-04,4.117,-0.005315
2019-07-05,4.135,0.004372
2019-07-08,4.077,-0.014027
2019-07-09,4.068,-0.002208
2019-07-10,4.07,0.000492
2019-07-11,4.071,0.000246
2019-07-12,4.091,0.004913
2019-07-15,4.107,0.003911
2019-07-16,4.097,-0.002435
2019-07-17,4.09,-0.001709
2019-07-18,4.056,-0.008313
2019-07-19,4.094,0.009369
2019-07-22,4.116,0.005374
2019-07-23,4.127,0.002672
2019-07-24,4.156,0.007027
2019-07-25,4.174,0.004331
2019-07-26,4.178,0.000958
2019-07-29,4.171,-0.001675
2019-07-30,4.187,0.003836
2019-07-31,4.169,-0.004299
2019-08-01,4.146,-0.005517
2019-08-02,4.123,-0.005548
2019-08-05,4.086,-0.008974
2019-08-06,4.073,-0.003182
2019-08-07,4.069,-0.000982
2019-08-08,4.101,0.007864
2019-08-09,4.075,-0.00634
2019-08-12,4.139,0.015706
2019-08-13,4.128,-0.002658
2019-08-14,4.142,0.003391
2019-08-15,4.163,0.00507
2019-08-16,4.177,0.003363
2019-08-19,4.235,0.013886
2019-08-20,4.24,0.001181
2019-08-21,4.232,-0.001887
2019-08-22,4.233,0.000236
2019-08-23,4.253,0.004725
2019-08-26,4.225,-0.006584
2019-08-27,4.253,0.006627
2019-08-28,4.241,-0.002822
2019-08-29,4.24,-0.000236
2019-08-30,4.237,-0.000708
2019-09-02,4.287,0.011801
2019-09-03,4.299,0.002799
2019-09-04,4.316,0.003954
2019-09-05,4.347,0.007183
2019-09-06,4.36,0.002991
2019-09-09,4.405,0.010321
2019-09-10,4.387,-0.004086
2019-09-11,4.363,-0.005471
2019-09-12,4.39,0.006188
2019-09-16,4.388,-0.000456
2019-09-17,4.339,-0.011167
2019-09-18,4.354,0.003457
2019-09-19,4.373,0.004364
2019-09-20,4.391,0.004116
2019-09-23,4.369,-0.00501
2019-09-24,4.381,0.002747
2019-09-25,4.365,-0.003652
2019-09-26,4.317,-0.010997
2019-09-27,4.334,0.003938
2019-09-30,4.297,-0.008537
2019-10-08,4.299,0.000465
2019-10-09,4.306,0.001628
2019-10-10,4.343,0.008593
2019-10-11,4.363,0.004605
2019-10-14,4.388,0.00573
2019-10-15,4.377,-0.002507
2019-10-16,4.364,-0.00297
2019-10-17,4.377,0.002979
2019-10-18,4.345,-0.007311
2019-10-21,4.341,-0.000921
2019-10-22,4.363,0.005068
2019-10-23,4.337,-0.005959
2019-10-24,4.326,-0.002536
2019-10-25,4.354,0.006472
2019-10-28,4.376,0.005053
2019-10-29,4.363,-0.002971
2019-10-30,4.347,-0.003667
2019-10-31,4.34,-0.00161
2019-11-01,4.388,0.01106
2019-11-04,4.404,0.003646
2019-11-05,4.434,0.006812
2019-11-06,4.419,-0.003383
2019-11-07,4.43,0.002489
2019-11-08,4.421,-0.002032
2019-11-11,4.365,-0.012667
2019-11-12,4.362,-0.000687
2019-11-13,4.378,0.003668
2019-11-14,4.397,0.00434
2019-11-15,4.379,-0.004094
2019-11-18,4.403,0.005481
2019-11-19,4.462,0.0134
2019-11-20,4.448,-0.003138
2019-11-21,4.428,-0.004496
2019-11-22,4.386,-0.009485
2019-11-25,4.39,0.000912
2019-11-26,4.405,0.003417
2019-11-27,4.4,-0.001135
2019-11-28,4.383,-0.003864
2019-11-29,4.348,-0.007985
2019-12-02,4.344,-0.00092
2019-12-03,4.358,0.003223
2019-12-04,4.378,0.004589
2019-12-05,4.415,0.008451
2019-12-06,4.438,0.00521
2019-12-09,4.421,-0.003831
2019-12-10,4.434,0.002941
2019-12-11,4.427,-0.001579
2019-12-12,4.421,-0.001355
2019-12-13,4.482,0.013798
2019-12-16,4.499,0.003793
2019-12-17,4.532,0.007335
2019-12-18,4.525,-0.001545
2019-12-19,4.512,-0.002873
2019-12-20,4.499,-0.002881
2019-12-23,4.468,-0.00689
2019-12-24,4.509,0.009176
2019-12-25,4.523,0.003105
2019-12-26,4.541,0.00398
2019-12-27,4.533,-0.001762
2019-12-30,4.581,0.010589
2019-12-31,4.594,0.002838
2020-01-02,4.641,0.010231
2020-01-03,4.644,0.000646
2020-01-06,4.651,0.001507
2020-01-07,4.669,0.00387
2020-01-08,4.644,-0.005354
2020-01-09,4.702,0.012489
2020-01-10,4.706,0.000851
2020-01-13,4.762,0.0119
2020-01-14,4.752,-0.0021
2020-01-15,4.739,-0.002736
2020-01-16,4.73,-0.001899
2020-01-17,4.736,0.001268
2020-01-20,4.786,0.010557
2020-01-21,4.745,-0.008567
2020-01-22,4.823,0.016438
2020-01-23,4.73,-0.019283
2020-02-03,4.493,-0.050106
2020-02-04,4.669,0.039172
2020-02-05,4.745,0.016278
2020-02-06,4.83,0.017914
2020-02-07,4.826,-0.000828
2020-02-10,4.863,0.007667
2020-02-11,4.879,0.00329
2020-02-12,4.944,0.013322
2020-02-13,4.933,-0.002225
2020-02-14,4.909,-0.004865
2020-02-17,5.003,0.019149
2020-02-18,5.021,0.003598
2020-02-19,4.974,-0.009361
2020-02-20,5.034,0.012063
2020-02-21,5.061,0.005364
2020-02-24,5.044,-0.003359
2020-02-25,5.073,0.005749
2020-02-26,4.95,-0.024246
2020-02-27,4.977,0.005455
2020-02-28,4.852,-0.025116
2020-03-02,4.966,0.023495
2020-03-03,5.006,0.008055
2020-03-04,4.999,-0.001398
2020-03-05,5.04,0.008202
2020-03-06,4.994,-0.009127
2020-03-09,4.829,-0.03304
2020-03-10,4.932,0.021329
2020-03-11,4.862,-0.014193
2020-03-12,4.788,-0.01522
2020-03-13,4.752,-0.007519
2020-03-16,4.567,-0.038931
2020-03-17,4.56,-0.001533
2020-03-18,4.502,-0.012719
2020-03-19,4.479,-0.005109
2020-03-20,4.541,0.013842
2020-03-23,4.406,-0.029729
2020-03-24,4.493,0.019746
2020-03-25,4.605,0.024928
2020-03-26,4.597,-0.001737
2020-03-27,4.581,-0.003481
2020-03-30,4.535,-0.010041
2020-03-31,4.545,0.002205
2020-04-01,4.534,-0.00242
2020-04-02,4.602,0.014998
2020-04-03,4.591,-0.00239
2020-04-07,4.684,0.020257
2020-04-08,4.66,-0.005124
2020-04-09,4.678,0.003863
2020-04-10,4.645,-0.007054
2020-04-13,4.625,-0.004306
2020-04-14,4.712,0.018811
2020-04-15,4.694,-0.00382
2020-04-16,4.717,0.0049
2020-04-17,4.746,0.006148
2020-04-20,4.781,0.007375
2020-04-21,4.75,-0.006484
2020-04-22,4.779,0.006105
2020-04-23,4.769,-0.002092
2020-04-24,4.747,-0.004613
2020-04-27,4.777,0.00632
2020-04-28,4.825,0.010048
2020-04-29,4.847,0.00456
2020-04-30,4.889,0.008665
2020-05-06,4.91,0.004295
2020-05-07,4.922,0.002444
2020-05-08,4.956,0.006908
2020-05-11,4.935,-0.004237
2020-05-12,4.955,0.004053
2020-05-13,4.978,0.004642
2020-05-14,4.937,-0.008236
2020-05-15,4.939,0.000405
2020-05-18,4.963,0.004859
2020-05-19,4.998,0.007052
2020-05-20,4.965,-0.006603
2020-05-21,4.928,-0.007452
2020-05-22,4.828,-0.020292
2020-05-25,4.833,0.001036
2020-05-26,4.915,0.016967
2020-05-27,4.889,-0.00529
2020-05-28,4.894,0.001023
2020-05-29,4.943,0.010012
2020-06-01,5.065,0.024681
2020-06-02,5.027,-0.007502
2020-06-03,5.032,0.000995
2020-06-04,5.049,0.003378
2020-06-05,5.072,0.004555
2020-06-08,5.064,-0.001577
2020-06-09,5.103,0.007701
2020-06-10,5.149,0.009014
2020-06-11,5.147,-0.000388
2020-06-12,5.168,0.00408
2020-06-15,5.143,-0.004837
2020-06-16,5.218,0.014583
2020-06-17,5.237,0.003641
2020-06-18,5.256,0.003628
2020-06-19,5.335,0.01503
2020-06-22,5.35,0.002812
2020-06-23,5.412,0.011589
2020-06-24,5.426,0.002587
2020-06-29,5.42,-0.001106
2020-06-30,5.525,0.019373
2020-07-01,5.532,0.001267
2020-07-02,5.531,-0.000181
2020-07-03,5.576,0.008136
2020-07-06,5.713,0.02457
2020-07-07,5.824,0.019429
2020-07-08,5.89,0.011332
2020-07-09,6.024,0.02275
2020-07-10,6.009,-0.00249
2020-07-13,6.152,0.023798
2020-07-14,6.101,-0.00829
2020-07-15,6.054,-0.007704
2020-07-16,5.783,-0.044764
2020-07-17,5.822,0.006744
2020-07-20,5.9,0.013397
2020-07-21,5.975,0.012712
2020-07-22,6.028,0.00887
2020-07-23,6.032,0.000664
2020-07-24,5.783,-0.04128
2020-07-27,5.8,0.00294
2020-07-28,5.867,0.011552
2020-07-29,6.016,0.025396
2020-07-30,6.003,-0.002161
2020-07-31,6.091,0.014659
2020-08-03,6.181,0.014776
2020-08-04,6.121,-0.009707
2020-08-05,6.198,0.01258
2020-08-06,6.174,-0.003872
2020-08-07,6.12,-0.008746
2020-08-10,6.076,-0.00719
2020-08-11,5.988,-0.014483
2020-08-12,5.878,-0.01837
2020-08-13,5.877,-0.00017
2020-08-14,5.958,0.013783
2020-08-17,6.056,0.016448
2020-08-18,6.095,0.00644
2020-08-19,5.959,-0.022313
2020-08-20,5.876,-0.013929
2020-08-21,5.916,0.006807
2020-08-24,6.011,0.016058
2020-08-25,5.999,-0.001996
2020-08-26,5.903,-0.016003
2020-08-27,5.959,0.009487
2020-08-28,6.064,0.01762
2020-08-31,6.058,-0.000989
2020-09-01,6.13,0.011885
2020-09-02,6.126,-0.000653
2020-09-03,6.084,-0.006856
2020-09-04,6.033,-0.008383
2020-09-07,5.87,-0.027018
2020-09-08,5.854,-0.002726
2020-09-09,5.713,-0.024086
2020-09-10,5.732,0.003326
2020-09-11,5.813,0.014131
2020-09-14,5.847,0.005849
2020-09-15,5.903,0.009578
2020-09-16,5.867,-0.006099
2020-09-17,5.843,-0.004091
2020-09-18,5.951,0.018484
2020-09-21,5.917,-0.005713
2020-09-22,5.857,-0.01014
2020-09-23,5.885,0.004781
2020-09-24,5.778,-0.018182
2020-09-25,5.782,0.000692
2020-09-28,5.796,0.002421
2020-09-29,5.828,0.005521
2020-09-30,5.852,0.004118
2020-10-09,5.98,0.021873
2020-10-12,6.138,0.026421
2020-10-13,6.18,0.006843
2020-10-14,6.17,-0.001618
2020-10-15,6.136,-0.005511
2020-10-16,6.103,-0.005378
2020-10-19,6.055,-0.007865
2020-10-20,6.099,0.007267
2020-10-21,6.06,-0.006394
2020-10-22,6.024,-0.005941
2020-10-23,5.923,-0.016766
2020-10-26,5.94,0.00287
2020-10-27,5.983,0.007239
2020-10-28,6.031,0.008023
2020-10-29,6.093,0.01028
2020-10-30,6.036,-0.009355
2020-11-02,6.111,0.012425
2020-11-03,6.151,0.006546
2020-11-04,6.178,0.00439
2020-11-05,6.251,0.011816
2020-11-06,6.215,-0.005759
2020-11-09,6.299,0.013516
2020-11-10,6.261,-0.006033
2020-11-11,6.201,-0.009583
2020-11-12,6.236,0.005644
2020-11-13,6.201,-0.005613
2020-11-16,6.234,0.005322
2020-11-17,6.185,-0.00786
2020-11-18,6.152,-0.005335
2020-11-19,6.205,0.008615
2020-11-20,6.246,0.006608
2020-11-23,6.278,0.005123
2020-11-24,6.231,-0.007486
2020-11-25,6.13,-0.016209
2020-11-26,6.122,-0.001305
2020-11-27,6.157,0.005717
2020-11-30,6.145,-0.001949
2020-12-01,6.226,0.013181
2020-12-02,6.234,0.001285
2020-12-03,6.234,0.0
2020-12-04,6.282,0.0077
2020-12-07,6.277,-0.000796
2020-12-08,6.274,-0.000478
2020-12-09,6.216,-0.009245
2020-12-10,6.224,0.001287
2020-12-11,6.175,-0.007873
2020-12-14,6.231,0.009069
2020-12-15,6.255,0.003852
2020-12-16,6.299,0.007034
2020-12-17,6.365,0.010478
2020-12-18,6.346,-0.002985
2020-12-21,6.453,0.016861
2020-12-22,6.367,-0.013327
2020-12-23,6.426,0.009267
2020-12-24,6.419,-0.001089
2020-12-25,6.477,0.009036
2020-12-28,6.525,0.007411
2020-12-29,6.478,-0.007203
2020-12-30,6.577,0.015282
2020-12-31,6.676,0.015052
2021-01-04,6.801,0.018724
2021-01-05,6.874,0.010734
2021-01-06,6.891,0.002473
2021-01-07,6.999,0.015673
2021-01-08,6.923,-0.010859
2021-01-11,6.821,-0.014733
2021-01-12,6.964,0.020965
2021-01-13,6.908,-0.008041
2021-01-14,6.769,-0.020122
2021-01-15,6.795,0.003841
2021-01-18,6.878,0.012215
2021-01-19,6.754,-0.018028
2021-01-20,6.849,0.014066
2021-01-21,6.965,0.016937
2021-01-22,7.038,0.010481
2021-01-25,7.097,0.008383
2021-01-26,6.941,-0.021981
2021-01-27,6.928,-0.001873
2021-01-28,6.734,-0.028002
2021-01-29,6.691,-0.006386
2021-02-01,6.746,0.00822
2021-02-02,6.868,0.018085
2021-02-03,6.844,-0.003494
2021-02-04,6.785,-0.008621
2021-02-05,6.759,-0.003832
2021-02-08,6.889,0.019234
2021-02-09,7.039,0.021774
2021-02-10,7.142,0.014633
2021-02-18,7.113,-0.00406
2021-02-19,7.085,-0.003936
2021-02-22,6.915,-0.023994
2021-02-23,6.886,-0.004194
2021-02-24,6.71,-0.025559
2021-02-25,6.712,0.000298
2021-02-26,6.571,-0.021007
2021-03-01,6.68,0.016588
2021-03-02,6.603,-0.011527
2021-03-03,6.68,0.011661
2021-03-04,6.469,-0.031587
2021-03-05,6.428,-0.006338
2021-03-08,6.221,-0.032203
2021-03-09,6.13,-0.014628
2021-03-10,6.193,0.010277
2021-03-11,6.333,0.022606
2021-03-12,6.339,0.000947
2021-03-15,6.222,-0.018457
2021-03-16,6.281,0.009482
2021-03-17,6.343,0.009871
2021-03-18,6.416,0.011509
2021-03-19,6.293,-0.019171
2021-03-22,6.32,0.00429
2021-03-23,6.255,-0.010285
2021-03-24,6.117,-0.022062
2021-03-25,6.165,0.007847
2021-03-26,6.296,0.021249
2021-03-29,6.305,0.001429
2021-03-30,6.353,0.007613
2021-03-31,6.329,-0.003778
2021-04-01,6.402,0.011534
2021-04-02,6.457,0.008591
2021-04-06,6.455,-0.00031
2021-04-07,6.452,-0.000465
2021-04-08,6.479,0.004185
2021-04-09,6.424,-0.008489
2021-04-12,6.293,-0.020392
2021-04-13,6.281,-0.001907
2021-04-14,6.357,0.0121
2021-04-15,6.352,-0.000787
2021-04-16,6.369,0.002676
2021-04-19,6.483,0.017899
2021-04-20,6.474,-0.001388
2021-04-21,6.474,0.0
2021-04-22,6.5,0.004016
2021-04-23,6.546,0.007077
2021-04-26,6.532,-0.002139
2021-04-27,6.57,0.005818
2021-04-28,6.596,0.003957
2021-04-29,6.653,0.008642
2021-04-30,6.618,-0.005261
2021-05-06,6.637,0.002871
2021-05-07,6.593,-0.00663
2021-05-10,6.634,0.006219
2021-05-11,6.575,-0.008894
2021-05-12,6.585,0.001521
2021-05-13,6.48,-0.015945
2021-05-14,6.539,0.009105
2021-05-17,6.667,0.019575
2021-05-18,6.697,0.0045
2021-05-19,6.683,-0.00209
2021-05-20,6.649,-0.005088
2021-05-21,6.666,0.002557
2021-05-24,6.678,0.0018
2021-05-25,6.78,0.015274
2021-05-26,6.763,-0.002507
2021-05-27,6.798,0.005175
2021-05-28,6.815,0.002501
2021-05-31,6.85,0.005136
2021-06-01,6.88,0.00438
2021-06-02,6.809,-0.01032
2021-06-03,6.768,-0.006021
2021-06-04,6.773,0.000739
2021-06-07,6.782,0.001329
2021-06-08,6.756,-0.003834
2021-06-09,6.773,0.002516
2021-06-10,6.864,0.013436
2021-06-11,6.886,0.003205
2021-06-15,6.839,-0.006825
2021-06-16,6.678,-0.023541
2021-06-17,6.737,0.008835
2021-06-18,6.767,0.004453
2021-06-21,6.776,0.00133
2021-06-22,6.818,0.006198
2021-06-23,6.865,0.006894
2021-06-24,6.832,-0.004807
2021-06-25,6.923,0.01332
2021-06-28,6.947,0.003467
2021-06-29,6.903,-0.006334
2021-06-30,6.977,0.01072
2021-07-01,6.948,-0.004157
2021-07-02,6.828,-0.017271
2021-07-05,6.858,0.004394
2021-07-06,6.88,0.003208
2021-07-07,7.006,0.018314
2021-07-08,6.996,-0.001427
2021-07-09,7.013,0.00243
2021-07-12,7.12,0.015257
2021-07-13,7.157,0.005197
2021-07-14,7.06,-0.013553
2021-07-15,7.11,0.007082
2021-07-16,7.078,-0.004501
2021-07-19,7.06,-0.002543
2021-07-20,7.043,-0.002408
2021-07-21,7.131,0.012495
2021-07-22,7.196,0.009115
2021-07-23,7.14,-0.007782
2021-07-26,7.021,-0.016667
2021-07-27,6.801,-0.031335
2021-07-28,6.75,-0.007499
2021-07-29,6.949,0.029481
2021-07-30,6.969,0.002878
2021-08-02,7.085,0.016645
2021-08-03,6.994,-0.012844
2021-08-04,7.134,0.020017
2021-08-05,7.099,-0.004906
2021-08-06,7.136,0.005212
2021-08-09,7.117,-0.002663
2021-08-10,7.152,0.004918
2021-08-11,7.17,0.002517
2021-08-12,7.191,0.002929
2021-08-13,7.18,-0.00153
2021-08-16,7.116,-0.008914
2021-08-17,7.025,-0.012788
2021-08-18,7.068,0.006121
2021-08-19,7.094,0.003679
2021-08-20,7.027,-0.009445
2021-08-23,7.21,0.026042
2021-08-24,7.256,0.00638
2021-08-25,7.296,0.005513
2021-08-26,7.235,-0.008361
2021-08-27,7.271,0.004976
2021-08-30,7.352,0.01114
2021-08-31,7.358,0.000816
2021-09-01,7.236,-0.016581
2021-09-02,7.315,0.010918
2021-09-03,7.19,-0.017088
2021-09-06,7.255,0.00904
2021-09-07,7.377,0.016816
2021-09-08,7.353,-0.003253
2021-09-09,7.419,0.008976
2021-09-10,7.44,0.002831
2021-09-13,7.468,0.003763
2021-09-14,7.447,-0.002812
2021-09-15,7.469,0.002954
2021-09-16,7.313,-0.020886
2021-09-17,7.297,-0.002188
2021-09-22,7.296,-0.000137
2021-09-23,7.289,-0.000959
2021-09-24,7.247,-0.005762
2021-09-27,7.135,-0.015455
2021-09-28,7.124,-0.001542
2021-09-29,6.975,-0.020915
2021-09-30,7.093,0.016918
2021-10-08,7.036,-0.008036
2021-10-11,7.027,-0.001279
2021-10-12,6.929,-0.013946
2021-10-13,7.034,0.015154
2021-10-14,7.072,0.005402
2021-10-15,7.167,0.013433
2021-10-18,7.227,0.008372
2021-10-19,7.22,-0.000969
2021-10-20,7.221,0.000139
2021-10-21,7.182,-0.005401
2021-10-22,7.174,-0.001114
2021-10-25,7.285,0.015473
2021-10-26,7.263,-0.00302
2021-10-27,7.283,0.002754
2021-10-28,7.209,-0.010161
2021-10-29,7.317,0.014981
2021-11-01,7.275,-0.00574
2021-11-02,7.256,-0.002612
2021-11-03,7.232,-0.003308
2021-11-04,7.283,0.007052
2021-11-05,7.225,-0.007964
2021-11-08,7.298,0.010104
2021-11-09,7.346,0.006577
2021-11-10,7.294,-0.007079
2021-11-11,7.316,0.003016
2021-11-12,7.339,0.003144
2021-11-15,7.24,-0.01349
2021-11-16,7.183,-0.007873
2021-11-17,7.236,0.007379
2021-11-18,7.225,-0.00152
2021-11-19,7.256,0.004291
2021-11-22,7.389,0.01833
2021-11-23,7.353,-0.004872
2021-11-24,7.282,-0.009656
2021-11-25,7.241,-0.00563
2021-11-26,7.275,0.004695
2021-11-29,7.367,0.012646
2021-11-30,7.359,-0.001086
2021-12-01,7.336,-0.003125
2021-12-02,7.345,0.001227
2021-12-03,7.366,0.002859
2021-12-06,7.298,-0.009232
2021-12-07,7.194,-0.01425
2021-12-08,7.302,0.015013
2021-12-09,7.304,0.000274
2021-12-10,7.322,0.002464
2021-12-13,7.316,-0.000819
2021-12-14,7.294,-0.003007
2021-12-15,7.254,-0.005484
2021-12-16,7.271,0.002344
2021-12-17,7.154,-0.016091
2021-12-20,7.026,-0.017892
2021-12-21,7.052,0.003701
2021-12-22,7.066,0.001985
2021-12-23,7.085,0.002689
2021-12-24,6.97,-0.016231
2021-12-27,6.962,-0.001148
2021-12-28,7.035,0.010485
2021-12-29,7.012,-0.003269
2021-12-30,7.075,0.008985
2021-12-31,7.108,0.004664
2022-01-04,6.975,-0.018711
2022-01-05,6.815,-0.022939
2022-01-06,6.775,-0.005869
2022-01-07,6.714,-0.009004
2022-01-10,6.701,-0.001936
2022-01-11,6.63,-0.010595
2022-01-12,6.742,0.016893
2022-01-13,6.655,-0.012904
2022-01-14,6.705,0.007513
2022-01-17,6.806,0.015063
2022-01-18,6.808,0.000294
2022-01-19,6.687,-0.017773
2022-01-20,6.644,-0.00643
2022-01-21,6.599,-0.006773
2022-01-24,6.66,0.009244
2022-01-25,6.565,-0.014264
2022-01-26,6.618,0.008073
2022-01-27,6.511,-0.016168
2022-01-28,6.491,-0.003072
2022-02-07,6.491,0.0
2022-02-08,6.367,-0.019103
2022-02-09,6.419,0.008167
2022-02-10,6.335,-0.013086
2022-02-11,6.255,-0.012628
2022-02-14,6.207,-0.007674
2022-02-15,6.339,0.021266
2022-02-16,6.336,-0.000473
2022-02-17,6.388,0.008207
2022-02-18,6.35,-0.005949
2022-02-21,6.328,-0.003465
2022-02-22,6.29,-0.006005
2022-02-23,6.438,0.023529
2022-02-24,6.4,-0.005902
2022-02-25,6.47,0.010937
2022-02-28,6.488,0.002782
2022-03-01,6.508,0.003083
2022-03-02,6.443,-0.009988
2022-03-03,6.364,-0.012261
2022-03-04,6.289,-0.011785
2022-03-07,6.144,-0.023056
2022-03-08,6.075,-0.01123
2022-03-09,6.066,-0.001481
2022-03-10,6.183,0.019288
2022-03-11,6.192,0.001456
2022-03-14,6.107,-0.013727
2022-03-15,6.022,-0.013918
2022-03-16,6.213,0.031717
2022-03-17,6.268,0.008852
2022-03-18,6.232,-0.005743
2022-03-21,6.257,0.004012
2022-03-22,6.201,-0.00895
2022-03-23,6.236,0.005644
2022-03-24,6.212,-0.003849
2022-03-25,6.129,-0.013361
2022-03-28,6.079,-0.008158
2022-03-29,6.086,0.001152
2022-03-30,6.212,0.020703
2022-03-31,6.119,-0.014971
2022-04-01,6.151,0.00523
2022-04-06,6.07,-0.013169
2022-04-07,6.025,-0.007414
2022-04-08,6.032,0.001162
2022-04-11,5.849,-0.030338
2022-04-12,5.882,0.005642
2022-04-13,5.816,-0.011221
2022-04-14,5.853,0.006362
2022-04-15,5.821,-0.005467
2022-04-18,5.862,0.007043
2022-04-19,5.83,-0.005459
2022-04-20,5.721,-0.018696
2022-04-21,5.641,-0.013984
2022-04-22,5.627,-0.002482
2022-04-25,5.45,-0.031455
2022-04-26,5.377,-0.013394
2022-04-27,5.564,0.034778
2022-04-28,5.564,0.0
2022-04-29,5.69,0.022646
2022-05-05,5.695,0.000879
2022-05-06,5.645,-0.00878
2022-05-09,5.633,-0.002126
2022-05-10,5.7,0.011894
2022-05-11,5.797,0.017018
2022-05-12,5.77,-0.004658
2022-05-13,5.802,0.005546
2022-05-16,5.769,-0.005688
2022-05-17,5.849,0.013867
2022-05-18,5.831,-0.003077
2022-05-19,5.867,0.006174
2022-05-20,5.909,0.007159
2022-05-23,5.911,0.000338
2022-05-24,5.791,-0.020301
2022-05-25,5.798,0.001209
2022-05-26,5.802,0.00069
2022-05-27,5.806,0.000689
2022-05-30,5.85,0.007578
2022-05-31,5.908,0.009915
2022-06-01,5.936,0.004739
2022-06-02,5.995,0.009939
2022-06-06,6.129,0.022352
2022-06-07,6.113,-0.002611
2022-06-08,6.126,0.002127
2022-06-09,6.025,-0.016487
2022-06-10,6.152,0.021079
2022-06-13,6.142,-0.001625
2022-06-14,6.128,-0.002279
2022-06-15,6.122,-0.000979
2022-06-16,6.128,0.00098
2022-06-17,6.21,0.013381
2022-06-20,6.263,0.008535
2022-06-21,6.237,-0.004151
2022-06-22,6.187,-0.008017
2022-06-23,6.307,0.019396
2022-06-24,6.424,0.018551
2022-06-27,6.446,0.003425
2022-06-28,6.473,0.004189
2022-06-29,6.324,-0.023019
2022-06-30,6.388,0.01012
2022-07-01,6.381,-0.001096
2022-07-04,6.449,0.010657
2022-07-05,6.425,-0.003722
2022-07-06,6.411,-0.002179
2022-07-07,6.481,0.010919
2022-07-08,6.396,-0.013115
2022-07-11,6.325,-0.011101
2022-07-12,6.252,-0.011542
2022-07-13,6.272,0.003199
2022-07-14,6.364,0.014668
2022-07-15,6.339,-0.003928
2022-07-18,6.372,0.005206
2022-07-19,6.313,-0.009259
2022-07-20,6.333,0.003168
2022-07-21,6.301,-0.005053
2022-07-22,6.286,-0.002381
2022-07-25,6.23,-0.008909
2022-07-26,6.274,0.007063
2022-07-27,6.293,0.003028
2022-07-28,6.286,-0.001112
2022-07-29,6.255,-0.004932
2022-08-01,6.311,0.008953
2022-08-02,6.27,-0.006497
2022-08-03,6.236,-0.005423
2022-08-04,6.243,0.001123
2022-08-05,6.317,0.011853
2022-08-08,6.34,0.003641
2022-08-09,6.381,0.006467
2022-08-10,6.363,-0.002821
2022-08-11,6.399,0.005658
2022-08-12,6.316,-0.012971
2022-08-15,6.362,0.007283
2022-08-16,6.401,0.00613
2022-08-17,6.416,0.002343
2022-08-18,6.425,0.001403
2022-08-19,6.328,-0.015097
2022-08-22,6.388,0.009482
2022-08-23,6.386,-0.000313
2022-08-24,6.232,-0.024115
2022-08-25,6.187,-0.007221
2022-08-26,6.151,-0.005819
2022-08-29,6.169,0.002926
2022-08-30,6.123,-0.007457
2022-08-31,6.019,-0.016985
2022-09-01,5.993,-0.00432
2022-09-02,6.01,0.002837
2022-09-05,6.028,0.002995
2022-09-06,6.111,0.013769
2022-09-07,6.203,0.015055
2022-09-08,6.174,-0.004675
2022-09-09,6.146,-0.004535
2022-09-13,6.153,0.001139
2022-09-14,6.121,-0.005201
2022-09-15,5.964,-0.025649
2022-09-16,5.924,-0.006707
2022-09-19,5.889,-0.005908
2022-09-20,5.933,0.007472
2022-09-21,5.877,-0.009439
2022-09-22,5.882,0.000851
2022-09-23,5.835,-0.00799
2022-09-26,5.865,0.005141
2022-09-27,5.912,0.008014
2022-09-28,5.795,-0.01979
2022-09-29,5.841,0.007938
2022-09-30,5.726,-0.019688
2022-10-10,5.592,-0.023402
2022-10-11,5.612,0.003577
2022-10-12,5.719,0.019066
2022-10-13,5.723,0.000699
2022-10-14,5.834,0.019395
2022-10-17,5.832,-0.000343
2022-10-18,5.843,0.001886
2022-10-19,5.832,-0.001883
2022-10-20,5.789,-0.007373
2022-10-21,5.79,0.000173
2022-10-24,5.775,-0.002591
2022-10-25,5.791,0.002771
2022-10-26,5.822,0.005353
2022-10-27,5.783,-0.006699
2022-10-28,5.678,-0.018157
2022-10-31,5.685,0.001233
2022-11-01,5.771,0.015128
2022-11-02,5.823,0.009011
2022-11-03,5.835,0.002061
2022-11-04,5.952,0.020051
2022-11-07,5.924,-0.004704
2022-11-08,5.91,-0.002363
2022-11-09,5.851,-0.009983
2022-11-10,5.777,-0.012647
2022-11-11,5.825,0.008309
2022-11-14,5.77,-0.009442
2022-11-15,5.884,0.019757
2022-11-16,5.806,-0.013256
2022-11-17,5.765,-0.007062
2022-11-18,5.747,-0.003122
2022-11-21,5.763,0.002784
2022-11-22,5.7,-0.010932
2022-11-23,5.717,0.002982
2022-11-24,5.719,0.00035
2022-11-25,5.688,-0.005421
2022-11-28,5.666,-0.003868
2022-11-29,5.698,0.005648
2022-11-30,5.699,0.000176
2022-12-01,5.751,0.009124
2022-12-02,5.728,-0.003999
2022-12-05,5.714,-0.002444
2022-12-06,5.751,0.006475
2022-12-07,5.749,-0.000348
2022-12-08,5.757,0.001392
2022-12-09,5.789,0.005558
2022-12-12,5.75,-0.006737
2022-12-13,5.694,-0.009739
2022-12-14,5.681,-0.002283
2022-12-15,5.742,0.010738
2022-12-16,5.69,-0.009056
2022-12-19,5.674,-0.002812
2022-12-20,5.623,-0.008988
2022-12-21,5.594,-0.005157
2022-12-22,5.552,-0.007508
2022-12-23,5.506,-0.008285
2022-12-26,5.603,0.017617
2022-12-27,5.658,0.009816
2022-12-28,5.608,-0.008837
2022-12-29,5.616,0.001427
2022-12-30,5.616,0.0
2022-12-31,5.615,-0.000178
2023-01-03,5.65,0.006233
2023-01-04,5.657,0.001239
2023-01-05,5.744,0.015379
2023-01-06,5.799,0.009575
2023-01-09,5.798,-0.000172
2023-01-10,5.819,0.003622
2023-01-11,5.783,-0.006187
2023-01-12,5.774,-0.001556
2023-01-13,5.8,0.004503
2023-01-16,5.837,0.006379
2023-01-17,5.845,0.001371
2023-01-18,5.835,-0.001711
2023-01-19,5.832,-0.000514
2023-01-20,5.856,0.004115
2023-01-30,5.906,0.008538
2023-01-31,5.885,-0.003556
2023-02-01,5.917,0.005438
2023-02-02,5.894,-0.003887
2023-02-03,5.855,-0.006617
2023-02-06,5.793,-0.010589
2023-02-07,5.797,0.00069
2023-02-08,5.775,-0.003795
2023-02-09,5.829,0.009351
2023-02-10,5.786,-0.007377
2023-02-13,5.821,0.006049
2023-02-14,5.812,-0.001546
2023-02-15,5.794,-0.003097
2023-02-16,5.729,-0.011219
2023-02-17,5.662,-0.011695
2023-02-20,5.725,0.011127
2023-02-21,5.726,0.000175
2023-02-22,5.703,-0.004017
2023-02-23,5.717,0.002455
2023-02-24,5.683,-0.005947
2023-02-27,5.685,0.000352
2023-02-28,5.69,0.00088
2023-03-01,5.71,0.003515
2023-03-02,5.669,-0.00718
2023-03-03,5.67,0.000176
2023-03-06,5.688,0.003175
2023-03-07,5.617,-0.012482
2023-03-08,5.606,-0.001958
2023-03-09,5.595,-0.001962
2023-03-10,5.535,-0.010724
2023-03-13,5.541,0.001084
2023-03-14,5.518,-0.004151
2023-03-15,5.512,-0.001087
2023-03-16,5.468,-0.007983
2023-03-17,5.457,-0.002012
2023-03-20,5.46,0.00055
2023-03-21,5.515,0.010073
2023-03-22,5.513,-0.000363
2023-03-23,5.528,0.002721
2023-03-24,5.525,-0.000543
2023-03-27,5.531,0.001086
2023-03-28,5.526,-0.000904
2023-03-29,5.562,0.006515
2023-03-30,5.582,0.003596
2023-03-31,5.601,0.003404
2023-04-03,5.62,0.003392
2023-04-04,5.595,-0.004448
2023-04-06,5.581,-0.002502
2023-04-07,5.617,0.00645
2023-04-10,5.605,-0.002136
2023-04-11,5.584,-0.003747
2023-04-12,5.562,-0.00394
2023-04-13,5.531,-0.005574
2023-04-14,5.564,0.005966
2023-04-17,5.586,0.003954
2023-04-18,5.575,-0.001969
2023-04-19,5.549,-0.004664
2023-04-20,5.511,-0.006848
2023-04-21,5.456,-0.00998
2023-04-24,5.418,-0.006965
2023-04-25,5.376,-0.007752
2023-04-26,5.401,0.00465
2023-04-27,5.438,0.006851
2023-04-28,5.454,0.002942
2023-05-04,5.429,-0.004584
2023-05-05,5.417,-0.00221
2023-05-08,5.418,0.000185
2023-05-09,5.376,-0.007752
2023-05-10,5.408,0.005952
2023-05-11,5.413,0.000925
2023-05-12,5.376,-0.006835
2023-05-15,5.421,0.008371
2023-05-16,5.412,-0.00166
2023-05-17,5.411,-0.000185
2023-05-18,5.406,-0.000924
2023-05-19,5.418,0.00222
2023-05-22,5.456,0.007014
2023-05-23,5.421,-0.006415
2023-05-24,5.397,-0.004427
2023-05-25,5.388,-0.001668
2023-05-26,5.406,0.003341
2023-05-29,5.372,-0.006289
2023-05-30,5.403,0.005771
2023-05-31,5.375,-0.005182
2023-06-01,5.372,-0.000558
2023-06-02,5.438,0.012286
2023-06-05,5.42,-0.00331
2023-06-06,5.379,-0.007565
2023-06-07,5.338,-0.007622
2023-06-08,5.34,0.000375
2023-06-09,5.362,0.00412
2023-06-12,5.41,0.008952
2023-06-13,5.454,0.008133
2023-06-14,5.458,0.000733
2023-06-15,5.529,0.013008
2023-06-16,5.565,0.006511
2023-06-19,5.57,0.000898
2023-06-20,5.59,0.003591
2023-06-21,5.526,-0.011449
2023-06-26,5.482,-0.007962
2023-06-27,5.502,0.003648
2023-06-28,5.518,0.002908
2023-06-29,5.519,0.000181
2023-06-30,5.551,0.005798
2023-07-03,5.552,0.00018
2023-07-04,5.586,0.006124
2023-07-05,5.542,-0.007877
2023-07-06,5.523,-0.003428
2023-07-07,5.49,-0.005975
2023-07-10,5.487,-0.000546
2023-07-11,5.541,0.009841
2023-07-12,5.504,-0.006677
2023-07-13,5.536,0.005814
2023-07-14,5.513,-0.004155
2023-07-17,5.489,-0.004353
2023-07-18,5.501,0.002186
2023-07-19,5.475,-0.004726
2023-07-20,5.431,-0.008037
2023-07-21,5.423,-0.001473
2023-07-24,5.409,-0.002582
2023-07-25,5.515,0.019597
2023-07-26,5.495,-0.003626
2023-07-27,5.496,0.000182
2023-07-28,5.543,0.008552
2023-07-31,5.563,0.003608
2023-08-01,5.535,-0.005033
2023-08-02,5.537,0.000361
2023-08-03,5.539,0.000361
2023-08-04,5.573,0.006138
2023-08-07,5.557,-0.002871
2023-08-08,5.549,-0.00144
2023-08-09,5.527,-0.003965
2023-08-10,5.523,-0.000724
2023-08-11,5.461,-0.011226
2023-08-14,5.438,-0.004212
2023-08-15,5.405,-0.006068
2023-08-16,5.37,-0.006475
2023-08-17,5.42,0.009311
2023-08-18,5.374,-0.008487
2023-08-21,5.332,-0.007815
2023-08-22,5.355,0.004314
2023-08-23,5.279,-0.014192
2023-08-24,5.315,0.006819
2023-08-25,5.278,-0.006961
2023-08-28,5.293,0.002842
2023-08-29,5.41,0.022105
2023-08-30,5.435,0.004621
2023-08-31,5.413,-0.004048
2023-09-01,5.432,0.00351
2023-09-04,5.448,0.002946
2023-09-05,5.424,-0.004405
2023-09-06,5.425,0.000184
2023-09-07,5.351,-0.013641
2023-09-08,5.337,-0.002616
2023-09-11,5.364,0.005059
2023-09-12,5.351,-0.002424
2023-09-13,5.311,-0.007475
2023-09-14,5.28,-0.005837
2023-09-15,5.257,-0.004356
2023-09-18,5.286,0.005516
2023-09-19,5.267,-0.003594
2023-09-20,5.241,-0.004936
2023-09-21,5.203,-0.007251
2023-09-22,5.255,0.009994
2023-09-25,5.241,-0.002664
2023-09-26,5.224,-0.003244
2023-09-27,5.238,0.00268
2023-09-28,5.243,0.000955
2023-10-09,5.244,0.000191
2023-10-10,5.211,-0.006293
2023-10-11,5.201,-0.001919
2023-10-12,5.224,0.004422
2023-10-13,5.184,-0.007657
2023-10-16,5.147,-0.007137
2023-10-17,5.143,-0.000777
2023-10-18,5.123,-0.003889
2023-10-19,5.06,-0.012297
2023-10-20,5.022,-0.00751
2023-10-23,4.974,-0.009558
2023-10-24,5.003,0.00583
2023-10-25,5.022,0.003798
2023-10-26,5.036,0.002788
2023-10-27,5.075,0.007744
2023-10-30,5.116,0.008079
2023-10-31,5.101,-0.002932
2023-11-01,5.11,0.001764
2023-11-02,5.078,-0.006262
2023-11-03,5.114,0.007089
2023-11-06,5.175,0.011928
2023-11-07,5.166,-0.001739
2023-11-08,5.169,0.000581
2023-11-09,5.156,-0.002515
2023-11-10,5.13,-0.005043
2023-11-13,5.124,-0.00117
2023-11-14,5.135,0.002147
2023-11-15,5.169,0.006621
2023-11-16,5.128,-0.007932
2023-11-17,5.155,0.005265
2023-11-20,5.171,0.003104
2023-11-21,5.154,-0.003288
2023-11-22,5.098,-0.010865
2023-11-23,5.142,0.008631
2023-11-24,5.099,-0.008363
2023-11-27,5.092,-0.001373
2023-11-28,5.108,0.003142
2023-11-29,5.088,-0.003915
2023-11-30,5.08,-0.001572
2023-12-01,5.065,-0.002953
2023-12-04,5.034,-0.00612
2023-12-05,4.976,-0.011522
2023-12-06,4.985,0.001809
2023-12-07,4.966,-0.003811
2023-12-08,4.967,0.000201
2023-12-11,5.017,0.010066
2023-12-12,5.021,0.000797
2023-12-13,4.987,-0.006772
2023-12-14,4.965,-0.004411
2023-12-15,4.943,-0.004431
2023-12-18,4.915,-0.005665
2023-12-19,4.921,0.001221
2023-12-20,4.881,-0.008128
2023-12-21,4.907,0.005327
2023-12-22,4.895,-0.002445
2023-12-25,4.909,0.00286
2023-12-26,4.887,-0.004482
2023-12-27,4.883,-0.000818
2023-12-28,4.97,0.017817
2023-12-29,4.986,0.003219
2023-12-31,4.985,-0.000201
2024-01-02,4.97,-0.003009
2024-01-03,4.96,-0.002012
2024-01-04,4.919,-0.008266
2024-01-05,4.861,-0.011791
2024-01-08,4.797,-0.013166
2024-01-09,4.817,0.004169
2024-01-10,4.825,0.001661
2024-01-11,4.868,0.008912
2024-01-12,4.889,0.004314
2024-01-15,4.865,-0.004909
2024-01-16,4.87,0.001028
2024-01-17,4.796,-0.015195
2024-01-18,4.81,0.002919
2024-01-19,4.76,-0.010395
2024-01-22,4.642,-0.02479
2024-01-23,4.673,0.006678
2024-01-24,4.69,0.003638
2024-01-25,4.775,0.018124
2024-01-26,4.744,-0.006492
2024-01-29,4.696,-0.010118
2024-01-30,4.621,-0.015971
2024-01-31,4.556,-0.014066
2024-02-01,4.535,-0.004609
2024-02-02,4.504,-0.006836
2024-02-05,4.495,-0.001998
2024-02-06,4.681,0.041379
2024-02-07,4.767,0.018372
2024-02-08,4.813,0.00965
2024-02-19,4.838,0.005194
2024-02-20,4.863,0.005167
2024-02-21,4.878,0.003085
2024-02-22,4.885,0.001435
2024-02-23,4.867,-0.003685
2024-02-26,4.855,-0.002466
2024-02-27,4.897,0.008651
2024-02-28,4.823,-0.015111
2024-02-29,4.909,0.017831
2024-03-01,4.921,0.002444
2024-03-04,4.917,-0.000813
2024-03-05,4.899,-0.003661
2024-03-06,4.9,0.000204
2024-03-07,4.872,-0.005714
2024-03-08,4.898,0.005337
2024-03-11,4.925,0.005512
2024-03-12,4.913,-0.002437
2024-03-13,4.908,-0.001018
2024-03-14,4.921,0.002649
2024-03-15,4.927,0.001219
2024-03-18,4.955,0.005683
2024-03-19,4.962,0.001413
2024-03-20,5.0,0.007658
2024-03-21,4.992,-0.0016
2024-03-22,4.928,-0.012821
2024-03-25,4.892,-0.007305
2024-03-26,4.906,0.002862
2024-03-27,4.856,-0.010192
2024-03-28,4.919,0.012974
2024-03-29,4.95,0.006302
2024-04-01,5.024,0.014949
2024-04-02,5.036,0.002389
2024-04-03,5.035,-0.000199
2024-04-08,4.985,-0.00993
2024-04-09,4.996,0.002207
2024-04-10,5.006,0.002002
2024-04-11,5.072,0.013184
2024-04-12,5.038,-0.006703
2024-04-15,5.103,0.012902
2024-04-16,5.016,-0.017049
2024-04-17,5.138,0.024322
2024-04-18,5.123,-0.002919
2024-04-19,5.148,0.00488
2024-04-22,5.09,-0.011267
2024-04-23,5.049,-0.008055
2024-04-24,5.104,0.010893
2024-04-25,5.085,-0.003723
2024-04-26,5.123,0.007473
2024-04-29,5.136,0.002538
2024-04-30,5.12,-0.003115
2024-05-06,5.228,0.021094
2024-05-07,5.245,0.003252
2024-05-08,5.203,-0.008008
2024-05-09,5.309,0.020373
2024-05-10,5.282,-0.005086
2024-05-13,5.313,0.005869
2024-05-14,5.301,-0.002259
2024-05-15,5.281,-0.003773
2024-05-16,5.227,-0.010225
2024-05-17,5.27,0.008227
2024-05-20,5.264,-0.001139
2024-05-21,5.227,-0.007029
2024-05-22,5.184,-0.008227
2024-05-23,5.13,-0.010417
2024-05-24,5.128,-0.00039
2024-05-27,5.168,0.0078
2024-05-28,5.109,-0.011416
2024-05-29,5.094,-0.002936
2024-05-30,5.095,0.000196
2024-05-31,5.093,-0.000393
2024-06-03,5.098,0.000982
2024-06-04,5.188,0.017654
2024-06-05,5.126,-0.011951
2024-06-06,5.116,-0.001951
2024-06-07,5.089,-0.005278
2024-06-11,5.064,-0.004913
2024-06-12,5.092,0.005529
2024-06-13,5.054,-0.007463
2024-06-14,5.042,-0.002374
2024-06-17,5.026,-0.003173
2024-06-18,5.084,0.01154
2024-06-19,5.043,-0.008065
2024-06-20,5.014,-0.005751
2024-06-21,5.031,0.003391
2024-06-24,4.984,-0.009342
2024-06-25,4.981,-0.000602
2024-06-26,5.006,0.005019
2024-06-27,4.943,-0.012585
2024-06-28,4.972,0.005867
2024-06-30,4.972,0.0
2024-07-01,5.014,0.008447
2024-07-02,4.928,-0.017152
2024-07-03,4.882,-0.009334
2024-07-04,4.867,-0.003073
2024-07-05,4.854,-0.002671
2024-07-08,4.768,-0.017717
2024-07-09,4.786,0.003775
2024-07-10,4.783,-0.000627
2024-07-11,4.85,0.014008
2024-07-12,4.843,-0.001443
2024-07-15,4.807,-0.007433
2024-07-16,4.776,-0.006449
2024-07-17,4.764,-0.002513
2024-07-18,4.773,0.001889
2024-07-19,4.771,-0.000419
2024-07-22,4.733,-0.007965
2024-07-23,4.666,-0.014156
2024-07-24,4.636,-0.006429
2024-07-25,4.637,0.000216
2024-07-26,4.671,0.007332
2024-07-29,4.645,-0.005566
2024-07-30,4.624,-0.004521
2024-07-31,4.735,0.024005
2024-08-01,4.698,-0.007814
2024-08-02,4.662,-0.007663
2024-08-05,4.626,-0.007722
2024-08-06,4.662,0.007782
2024-08-07,4.658,-0.000858
2024-08-08,4.666,0.001717
2024-08-09,4.662,-0.000857
2024-08-12,4.643,-0.004076
2024-08-13,4.631,-0.002585
2024-08-14,4.6,-0.006694
2024-08-15,4.627,0.00587
2024-08-16,4.598,-0.006268
2024-08-19,4.613,0.003262
2024-08-20,4.571,-0.009105
2024-08-21,4.55,-0.004594
2024-08-22,4.527,-0.005055
2024-08-23,4.55,0.005081
2024-08-26,4.56,0.002198
2024-08-27,4.515,-0.009868
2024-08-28,4.518,0.000664
2024-08-29,4.534,0.003541
2024-08-30,4.609,0.016542
2024-09-02,4.543,-0.01432
2024-09-03,4.577,0.007484
2024-09-04,4.547,-0.006555
2024-09-05,4.558,0.002419
2024-09-06,4.513,-0.009873
2024-09-09,4.469,-0.00975
2024-09-10,4.489,0.004475
2024-09-11,4.516,0.006015
2024-09-12,4.498,-0.003986
2024-09-13,4.465,-0.007337
2024-09-18,4.504,0.008735
2024-09-19,4.573,0.01532
2024-09-20,4.558,-0.00328
2024-09-23,4.552,-0.001316
2024-09-24,4.686,0.029438
2024-09-25,4.67,-0.003414
2024-09-26,4.85,0.038544
2024-09-27,5.025,0.036082
2024-09-30,5.33,0.060697
2024-10-08,5.423,0.017448
2024-10-09,5.186,-0.043703
2024-10-10,5.219,0.006363
2024-10-11,5.158,-0.011688
2024-10-14,5.259,0.019581
2024-10-15,5.151,-0.020536
2024-10-16,5.198,0.009124
2024-10-17,5.111,-0.016737
2024-10-18,5.188,0.015066
2024-10-21,5.257,0.0133
2024-10-22,5.299,0.007989
2024-10-23,5.32,0.003963
2024-10-24,5.271,-0.009211
2024-10-25,5.418,0.027888
2024-10-28,5.422,0.000738
2024-10-29,5.376,-0.008484
2024-10-30,5.359,-0.003162
2024-10-31,5.398,0.007277
2024-11-01,5.369,-0.005372
2024-11-04,5.393,0.00447
2024-11-05,5.467,0.013721
2024-11-06,5.447,-0.003658
2024-11-07,5.521,0.013585
2024-11-08,5.509,-0.002174
2024-11-11,5.528,0.003449
2024-11-12,5.509,-0.003437
2024-11-13,5.491,-0.003267
2024-11-14,5.38,-0.020215
2024-11-15,5.257,-0.022862
2024-11-18,5.212,-0.00856
2024-11-19,5.273,0.011704
2024-11-20,5.291,0.003414
2024-11-21,5.304,0.002457
2024-11-22,5.208,-0.0181
2024-11-25,5.243,0.00672
2024-11-26,5.234,-0.001717
2024-11-27,5.352,0.022545
2024-11-28,5.318,-0.006353
2024-11-29,5.398,0.015043
2024-12-02,5.461,0.011671
2024-12-03,5.502,0.007508
2024-12-04,5.482,-0.003635
2024-12-05,5.411,-0.012951
2024-12-06,5.405,-0.001109
2024-12-09,5.382,-0.004255
2024-12-10,5.424,0.007804
2024-12-11,5.453,0.005347
2024-12-12,5.543,0.016505
2024-12-13,5.483,-0.010824
2024-12-16,5.445,-0.006931
2024-12-17,5.423,-0.00404
2024-12-18,5.422,-0.000184
2024-12-19,5.398,-0.004426
2024-12-20,5.378,-0.003705
2024-12-23,5.345,-0.006136
2024-12-24,5.419,0.013845
2024-12-25,5.398,-0.003875
2024-12-26,5.436,0.00704
2024-12-27,5.449,0.002391
2024-12-30,5.473,0.004404
2024-12-31,5.408,-0.011876
2025-01-02,5.36,-0.008876
2025-01-03,5.272,-0.016418
2025-01-06,5.253,-0.003604
2025-01-07,5.268,0.002856
2025-01-08,5.269,0.00019
2025-01-09,5.246,-0.004365
2025-01-10,5.164,-0.015631
2025-01-13,5.171,0.001356
2025-01-14,5.324,0.029588
2025-01-15,5.268,-0.010518
2025-01-16,5.295,0.005125
2025-01-17,5.299,0.000755
2025-01-20,5.347,0.009058
2025-01-21,5.387,0.007481
2025-01-22,5.382,-0.000928
2025-01-23,5.344,-0.007061
2025-01-24,5.387,0.008046
2025-01-27,5.335,-0.009653
2025-02-05,5.214,-0.02268
2025-02-06,5.24,0.004987
2025-02-07,5.316,0.014504
2025-02-10,5.325,0.001693
2025-02-11,5.339,0.002629
2025-02-12,5.428,0.01667
2025-02-13,5.349,-0.014554
2025-02-14,5.349,0.0
2025-02-17,5.38,0.005795
2025-02-18,5.33,-0.009294
2025-02-19,5.361,0.005816
2025-02-20,5.342,-0.003544
2025-02-21,5.391,0.009173
2025-02-24,5.401,0.001855
2025-02-25,5.386,-0.002777
2025-02-26,5.411,0.004642
2025-02-27,5.401,-0.001848
2025-02-28,5.285,-0.021478
2025-03-03,5.281,-0.000757
2025-03-04,5.279,-0.000379
2025-03-05,5.36,0.015344
2025-03-06,5.402,0.007836
2025-03-07,5.453,0.009441
2025-03-10,5.42,-0.006052
2025-03-11,5.433,0.002399
2025-03-12,5.47,0.00681
2025-03-13,5.421,-0.008958
2025-03-14,5.467,0.008486
2025-03-17,5.477,0.001829
2025-03-18,5.473,-0.00073
2025-03-19,5.425,-0.00877
2025-03-20,5.432,0.00129
2025-03-21,5.35,-0.015096
2025-03-24,5.321,-0.005421
2025-03-25,5.227,-0.017666
2025-03-26,5.238,0.002104
2025-03-27,5.237,-0.000191
2025-03-28,5.211,-0.004965
2025-03-31,5.185,-0.004989
2025-04-01,5.169,-0.003086
2025-04-02,5.221,0.01006
2025-04-03,5.145,-0.014557
2025-04-07,4.869,-0.053644
2025-04-08,4.814,-0.011296
2025-04-09,4.904,0.018695
2025-04-10,4.965,0.012439
2025-04-11,5.003,0.007654
2025-04-14,5.02,0.003398
2025-04-15,5.005,-0.002988
2025-04-16,4.978,-0.005395
2025-04-17,5.018,0.008035
2025-04-18,4.986,-0.006377
2025-04-21,5.044,0.011633
2025-04-22,5.043,-0.000198
2025-04-23,5.059,0.003173
2025-04-24,5.036,-0.004546
2025-04-25,5.047,0.002184
2025-04-28,5.023,-0.004755
2025-04-29,5.059,0.007167
2025-04-30,5.064,0.000988
2025-05-06,5.161,0.019155
2025-05-07,5.177,0.0031
2025-05-08,5.175,-0.000386
2025-05-09,5.147,-0.005411
2025-05-12,5.185,0.007383
2025-05-13,5.173,-0.002314
2025-05-14,5.15,-0.004446
2025-05-15,5.105,-0.008738
2025-05-16,5.14,0.006856
2025-05-19,5.138,-0.000389
2025-05-20,5.165,0.005255
2025-05-21,5.158,-0.001355
2025-05-22,5.158,0.0
2025-05-23,5.139,-0.003684
2025-05-26,5.132,-0.001362
2025-05-27,5.108,-0.004677
2025-05-28,5.102,-0.001175
2025-05-29,5.136,0.006664
2025-05-30,5.084,-0.010125
2025-06-03,5.077,-0.001377
2025-06-04,5.093,0.003151
2025-06-05,5.126,0.006479
2025-06-06,5.101,-0.004877
2025-06-09,5.16,0.011566
2025-06-10,5.136,-0.004651
2025-06-11,5.166,0.005841
2025-06-12,5.17,0.000774
2025-06-13,5.135,-0.00677
2025-06-16,5.119,-0.003116
2025-06-17,5.068,-0.009963
2025-06-18,5.076,0.001579
2025-06-19,4.995,-0.015957
2025-06-20,4.958,-0.007407
2025-06-23,4.956,-0.000403
2025-06-24,5.016,0.012107
2025-06-25,5.061,0.008971
2025-06-26,5.038,-0.004545
2025-06-27,5.055,0.003374
2025-06-30,5.084,0.005737
2025-07-01,5.108,0.004721
2025-07-02,5.079,-0.005677
2025-07-03,5.077,-0.000394
2025-07-04,5.056,-0.004136
2025-07-07,5.07,0.002769
2025-07-08,5.09,0.003945
2025-07-09,5.094,0.000786
2025-07-10,5.111,0.003337
2025-07-11,5.109,-0.000391
2025-07-14,5.132,0.004502
2025-07-15,5.145,0.002533
2025-07-16,5.156,0.002138
2025-07-17,5.171,0.002909
2025-07-18,5.18,0.00174
2025-07-21,5.234,0.010425
2025-07-22,5.278,0.008407
2025-07-23,5.241,-0.00701
2025-07-24,5.264,0.004388
2025-07-25,5.285,0.003989
2025-07-28,5.298,0.00246
2025-07-29,5.321,0.004341
2025-07-30,5.305,-0.003007
2025-07-31,5.241,-0.012064
2025-08-01,5.266,0.00477
2025-08-04,5.339,0.013863
2025-08-05,5.36,0.003933
2025-08-06,5.407,0.008769
2025-08-07,5.41,0.000555
2025-08-08,5.429,0.003512
2025-08-11,5.474,0.008289
2025-08-12,5.487,0.002375
2025-08-13,5.494,0.001276
2025-08-14,5.44,-0.009829
2025-08-15,5.509,0.012684
2025-08-18,5.572,0.011436
2025-08-19,5.555,-0.003051
2025-08-20,5.569,0.00252
2025-08-21,5.556,-0.002334
2025-08-22,5.585,0.00522
2025-08-25,5.661,0.013608
2025-08-26,5.643,-0.00318
2025-08-27,5.583,-0.010633
2025-08-28,5.579,-0.000716
2025-08-29,5.602,0.004123
2025-09-01,5.662,0.01071
2025-09-02,5.557,-0.018545
2025-09-03,5.535,-0.003959
2025-09-04,5.437,-0.017706
2025-09-05,5.506,0.012691
2025-09-08,5.647,0.025608
2025-09-09,5.617,-0.005313
2025-09-10,5.608,-0.001602
2025-09-11,5.645,0.006598
2025-09-12,5.632,-0.002303
2025-09-15,5.613,-0.003374
2025-09-16,5.615,0.000356
2025-09-17,5.662,0.00837
2025-09-18,5.608,-0.009537
2025-09-19,5.658,0.008916
2025-09-22,5.648,-0.001767
2025-09-23,5.6,-0.008499
2025-09-24,5.667,0.011964
2025-09-25,5.671,0.000706
2025-09-26,5.635,-0.006348
2025-09-29,5.643,0.00142
2025-09-30,5.706,0.011164
2025-10-09,5.771,0.011392
2025-10-10,5.768,-0.00052
2025-10-13,5.753,-0.002601
2025-10-14,5.708,-0.007822
2025-10-15,5.779,0.012439
2025-10-16,5.692,-0.015055
2025-10-17,5.578,-0.020028
2025-10-20,5.614,0.006454
2025-10-21,5.674,0.010688
2025-10-22,5.653,-0.003701
2025-10-23,5.642,-0.001946
2025-10-24,5.652,0.001772
2025-10-27,5.641,-0.001946
2025-10-28,5.636,-0.000886
2025-10-29,5.709,0.012952
2025-10-30,5.635,-0.012962
2025-10-31,5.665,0.005324
2025-11-03,5.651,-0.002471
2025-11-04,5.599,-0.009202
2025-11-05,5.622,0.004108
2025-11-06,5.723,0.017965
2025-11-07,5.749,0.004543
2025-11-10,5.773,0.004175
2025-11-11,5.74,-0.005716
2025-11-12,5.695,-0.00784
2025-11-13,5.775,0.014047
2025-11-14,5.675,-0.017316
2025-11-17,5.662,-0.002291
2025-11-18,5.574,-0.015542
2025-11-19,5.557,-0.00305
2025-11-20,5.552,-0.0009
2025-11-21,5.41,-0.025576
2025-11-24,5.447,0.006839
2025-11-25,5.509,0.011382
2025-11-26,5.505,-0.000726
2025-11-27,5.529,0.00436
2025-11-28,5.566,0.006692
2025-12-01,5.567,0.00018
2025-12-02,5.536,-0.005569
2025-12-03,5.539,0.000542
2025-12-04,5.526,-0.002347
2025-12-05,5.602,0.013753
2025-12-08,5.622,0.00357
2025-12-09,5.597,-0.004447
2025-12-10,5.633,0.006432
2025-12-11,5.573,-0.010652
2025-12-12,5.663,0.016149
2025-12-15,5.686,0.004061
2025-12-16,5.585,-0.017763
2025-12-17,5.695,0.019696
2025-12-18,5.66,-0.006146
2025-12-19,5.67,0.001767
2025-12-22,5.751,0.014286
2025-12-23,5.796,0.007825
2025-12-24,5.905,0.018806
2025-12-25,5.915,0.001693
2025-12-26,5.902,-0.002198
2025-12-29,5.859,-0.007286
2025-12-30,5.866,0.001195
2025-12-31,5.854,-0.002046
2026-01-05,5.912,0.009908
2026-01-06,5.977,0.010995
2026-01-07,5.99,0.002175
2026-01-08,5.968,-0.003673
2026-01-09,6.076,0.018097
2026-01-12,6.092,0.002633
2026-01-13,5.996,-0.015758
2026-01-14,6.041,0.007505
2026-01-15,6.093,0.008608
2026-01-16,6.136,0.007057
2026-01-19,6.286,0.024446
2026-01-20,6.219,-0.010659
2026-01-21,6.294,0.01206
2026-01-22,6.368,0.011757
2026-01-23,6.459,0.01429
2026-01-26,6.407,-0.008051
2026-01-27,6.43,0.00359
2026-01-28,6.44,0.001555
2026-01-29,6.382,-0.009006
2026-01-30,6.339,-0.006738
2026-02-02,6.173,-0.026187
2026-02-03,6.431,0.041795
2026-02-04,6.545,0.017727
2026-02-05,6.365,-0.027502
2026-02-06,6.359,-0.000943
2026-02-09,6.494,0.02123
2026-02-10,6.485,-0.001386
2026-02-11,6.517,0.004934
2026-02-12,6.582,0.009974
2026-02-13,6.428,-0.023397
2026-02-24,6.597,0.026291
2026-02-25,6.684,0.013188
2026-02-26,6.682,-0.000299
2026-02-27,6.684,0.000299
2026-03-02,6.672,-0.001795
2026-03-03,6.472,-0.029976
2026-03-04,6.437,-0.005408
2026-03-05,6.453,0.002486
2026-03-06,6.497,0.006819
2026-03-09,6.404,-0.014314
2026-03-10,6.51,0.016552
2026-03-11,6.534,0.003687
2026-03-12,6.473,-0.009336
2026-03-13,6.405,-0.010505
2026-03-16,6.312,-0.01452
2026-03-17,6.216,-0.015209
2026-03-18,6.271,0.008848
2026-03-19,6.111,-0.025514
2026-03-20,6.062,-0.008018
2026-03-23,5.952,-0.018146
2026-03-24,6.03,0.013105
2026-03-25,6.092,0.010282
2026-03-26,6.055,-0.006074
2026-03-27,6.081,0.004294
2026-03-30,6.092,0.001809
2026-03-31,6.056,-0.005909
2026-04-01,6.102,0.007596
2026-04-02,6.04,-0.010161
2026-04-03,6.034,-0.000993
2026-04-07,6.091,0.009446
2026-04-08,6.189,0.016089
2026-04-09,6.174,-0.002424
2026-04-10,6.22,0.007451
2026-04-13,6.265,0.007235
2026-04-14,6.249,-0.002554
2026-04-15,6.221,-0.004481
2026-04-16,6.352,0.021058
2026-04-17,6.322,-0.004723
2026-04-20,6.274,-0.007593
2026-04-21,6.321,0.007491
2026-04-22,6.386,0.010283
2026-04-23,6.377,-0.001409
2026-04-24,6.372,-0.000784
2026-04-27,6.393,0.003296
2026-04-28,6.411,0.002816
2026-04-29,6.498,0.01357
2026-04-30,6.441,-0.008772
2026-05-06,6.535,0.014594
2026-05-07,6.554,0.002907
2026-05-08,6.521,-0.005035
2026-05-11,6.545,0.00368
2026-05-12,6.594,0.007487
2026-05-13,6.633,0.005914
2026-05-14,6.538,-0.014322
2026-05-15,6.431,-0.016366
2026-05-18,6.41,-0.003265
2026-05-19,6.481,0.011076
2026-05-20,6.527,0.007098
2026-05-21,6.441,-0.013176
2026-05-22,6.645,0.031672
2026-05-25,6.67,0.003762
2026-05-26,6.683,0.001949
2026-05-27,6.619,-0.009577
2026-05-28,6.769,0.022662
2026-05-29,6.626,-0.021126
2026-06-01,6.54,-0.012979
2026-06-02,6.7,0.024465
2026-06-03,6.783,0.012388
2026-06-04,6.906,0.018134
2026-06-05,6.849,-0.008254
2026-06-08,6.566,-0.04132
2026-06-09,6.921,0.054066
2026-06-10,6.792,-0.018639
2026-06-11,6.84,0.007067
2026-06-12,6.727,-0.01652
2026-06-15,7.084,0.05307
2026-06-16,7.329,0.034585
2026-06-17,7.573,0.033292
2026-06-18,7.778,0.02707
2026-06-22,8.018,0.030856
2026-06-23,7.787,-0.02881
2026-06-24,8.022,0.030179
2026-06-25,8.37,0.043381
2026-06-26,8.408,0.00454
2026-06-29,8.255,-0.018197
2026-06-30,8.338,0.010055
2026-07-01,8.205,-0.015951
2026-07-02,7.947,-0.031444
2026-07-03,7.96,0.001636
2026-07-06,7.874,-0.010804
2026-07-07,7.679,-0.024765
2026-07-08,7.39,-0.037635
2026-07-09,7.474,0.011367
2026-07-10,7.323,-0.020203
2026-07-13,6.942,-0.052028
2026-07-14,7.156,0.030827
2026-07-15,7.023,-0.018586
2026-07-16,6.815,-0.029617
2026-07-17,6.557,-0.037858
2026-07-20,6.36,-0.030044
2026-07-21,6.549,0.029717
2026-07-22,6.491,-0.008856
2026-07-23,6.549,0.008935
2026-07-24,6.437,-0.017102
2026-07-27,6.663,0.03511
2026-07-28,6.469,-0.029116
2026-07-29,6.583,0.017623
2026-07-30,6.541,-0.00638
2026-07-31,6.556,0.002293
2026-08-03,6.498,-0.008847
2026-08-04,6.583,0.013081
2026-08-05,6.723,0.021267
2026-08-06,6.71,-0.001934
2026-08-07,6.747,0.005514
2026-08-10,6.803,0.0083
2026-08-11,6.757,-0.006762
2026-08-12,6.813,0.008288
2026-08-13,6.732,-0.011889
2026-08-14,6.771,0.005793
2026-08-17,6.933,0.023926
2026-08-18,6.928,-0.000721
2026-08-19,6.722,-0.029734
2026-08-20,6.733,0.001636
2026-08-21,6.752,0.002822
2026-08-24,6.659,-0.013774
2026-08-25,6.65,-0.001352
2026-08-26,6.687,0.005564
2026-08-27,6.783,0.014356
2026-08-28,6.778,-0.000737
2026-08-31,6.827,0.007229
2026-09-01,6.78,-0.006884
2026-09-02,6.723,-0.008407
2026-09-03,6.725,0.000297
2026-09-04,6.705,-0.002974
2026-09-07,6.725,0.002983
2026-09-08,6.717,-0.00119
2026-09-09,6.693,-0.003573
2026-09-10,6.598,-0.014194
2026-09-11,6.515,-0.01258
2026-09-14,6.558,0.0066
2026-09-15,6.564,0.000915
2026-09-16,6.557,-0.001066
2026-09-17,6.538,-0.002898
2026-09-18,6.617,0.012083
2026-09-21,6.686,0.010428
2026-09-22,6.63,-0.008376
2026-09-23,6.664,0.005128
2026-09-24,6.583,-0.012155
2026-09-28,6.52,-0.00957
2026-09-29,6.473,-0.007209
2026-09-30,6.491,0.002781
