净值日期,累计净值,daily_return
2003-12-05,1.0,
2003-12-22,1.011,0.011
2003-12-23,1.012,0.000989
2003-12-24,1.016,0.003953
2003-12-25,1.015,-0.000984
2003-12-26,1.012,-0.002956
2003-12-29,1.008,-0.003953
2003-12-30,1.011,0.002976
2003-12-31,1.008,-0.002967
2004-01-02,1.01,0.001984
2004-01-05,1.025,0.014851
2004-01-06,1.032,0.006829
2004-01-07,1.042,0.00969
2004-01-08,1.057,0.014395
2004-01-09,1.051,-0.005676
2004-01-12,1.076,0.023787
2004-01-13,1.071,-0.004647
2004-01-14,1.06,-0.010271
2004-01-15,1.052,-0.007547
2004-01-16,1.05,-0.001901
2004-01-29,1.052,0.001905
2004-01-30,1.028,-0.022814
2004-02-02,1.043,0.014591
2004-02-03,1.047,0.003835
2004-02-04,1.062,0.014327
2004-02-05,1.059,-0.002825
2004-02-06,1.057,-0.001889
2004-02-09,1.064,0.006623
2004-02-10,1.053,-0.010338
2004-02-11,1.046,-0.006648
2004-02-12,1.035,-0.010516
2004-02-13,1.041,0.005797
2004-02-16,1.057,0.01537
2004-02-17,1.063,0.005676
2004-02-18,1.069,0.005644
2004-02-19,1.067,-0.001871
2004-02-20,1.07,0.002812
2004-02-23,1.048,-0.020561
2004-02-24,1.056,0.007634
2004-02-25,1.045,-0.010417
2004-02-26,1.06,0.014354
2004-02-27,1.068,0.007547
2004-03-01,1.074,0.005618
2004-03-02,1.072,-0.001862
2004-03-03,1.065,-0.00653
2004-03-04,1.065,0.0
2004-03-05,1.065,0.0
2004-03-08,1.054,-0.010329
2004-03-09,1.057,0.002846
2004-03-10,1.075,0.017029
2004-03-11,1.086,0.010233
2004-03-12,1.093,0.006446
2004-03-15,1.112,0.017383
2004-03-16,1.115,0.002698
2004-03-17,1.116,0.000897
2004-03-18,1.103,-0.011649
2004-03-19,1.118,0.013599
2004-03-22,1.114,-0.003578
2004-03-23,1.104,-0.008977
2004-03-24,1.109,0.004529
2004-03-25,1.108,-0.000902
2004-03-26,1.112,0.00361
2004-03-29,1.101,-0.009892
2004-03-30,1.099,-0.001817
2004-03-31,1.106,0.006369
2004-04-01,1.116,0.009042
2004-04-02,1.124,0.007168
2004-04-05,1.125,0.00089
2004-04-06,1.129,0.003556
2004-04-07,1.13,0.000886
2004-04-08,1.131,0.000885
2004-04-09,1.11,-0.018568
2004-04-12,1.105,-0.004505
2004-04-13,1.098,-0.006335
2004-04-14,1.086,-0.010929
2004-04-15,1.081,-0.004604
2004-04-16,1.093,0.011101
2004-04-19,1.089,-0.00366
2004-04-20,1.08,-0.008264
2004-04-21,1.065,-0.013889
2004-04-22,1.068,0.002817
2004-04-23,1.066,-0.001873
2004-04-26,1.07,0.003752
2004-04-27,1.062,-0.007477
2004-04-28,1.05,-0.011299
2004-04-29,1.034,-0.015238
2004-04-30,1.049,0.014507
2004-05-10,1.03,-0.018112
2004-05-11,1.027,-0.002913
2004-05-12,1.039,0.011685
2004-05-13,1.038,-0.000962
2004-05-14,1.026,-0.011561
2004-05-17,1.013,-0.012671
2004-05-18,1.008,-0.004936
2004-05-19,1.012,0.003968
2004-05-20,1.009,-0.002964
2004-05-21,1.014,0.004955
2004-05-24,1.014,0.0
2004-05-25,1.007,-0.006903
2004-05-26,1.012,0.004965
2004-05-27,1.028,0.01581
2004-05-28,1.028,0.0
2004-05-31,1.03,0.001946
2004-06-01,1.041,0.01068
2004-06-02,1.035,-0.005764
2004-06-03,1.027,-0.007729
2004-06-04,1.023,-0.003895
2004-06-07,1.015,-0.00782
2004-06-08,1.009,-0.005911
2004-06-09,1.005,-0.003964
2004-06-10,1.004,-0.000995
2004-06-11,1.005,0.000996
2004-06-14,0.996,-0.008955
2004-06-15,1.005,0.009036
2004-06-16,1.013,0.00796
2004-06-17,0.997,-0.015795
2004-06-18,0.985,-0.012036
2004-06-21,0.983,-0.00203
2004-06-22,0.991,0.008138
2004-06-23,0.985,-0.006054
2004-06-24,0.982,-0.003046
2004-06-25,0.977,-0.005092
2004-06-28,0.971,-0.006141
2004-06-29,0.979,0.008239
2004-06-30,0.981,0.002043
2004-07-01,0.999,0.018349
2004-07-02,1.001,0.002002
2004-07-05,1.004,0.002997
2004-07-06,1.005,0.000996
2004-07-07,1.003,-0.00199
2004-07-08,1.003,0.0
2004-07-09,1.002,-0.000997
2004-07-12,0.995,-0.006986
2004-07-13,0.997,0.00201
2004-07-14,1.001,0.004012
2004-07-15,1.015,0.013986
2004-07-16,1.029,0.013793
2004-07-19,1.032,0.002915
2004-07-20,1.028,-0.003876
2004-07-21,1.028,0.0
2004-07-22,1.01,-0.01751
2004-07-23,1.012,0.00198
2004-07-26,1.006,-0.005929
2004-07-27,1.002,-0.003976
2004-07-28,1.005,0.002994
2004-07-29,1.01,0.004975
2004-07-30,1.005,-0.00495
2004-08-02,0.998,-0.006965
2004-08-03,0.985,-0.013026
2004-08-04,1.003,0.018274
2004-08-05,0.995,-0.007976
2004-08-06,0.995,0.0
2004-08-09,1.002,0.007035
2004-08-10,1.004,0.001996
2004-08-11,0.999,-0.00498
2004-08-12,0.996,-0.003003
2004-08-13,1.001,0.00502
2004-08-16,0.998,-0.002997
2004-08-17,1.002,0.004008
2004-08-18,1.004,0.001996
2004-08-19,1.003,-0.000996
2004-08-20,1.004,0.000997
2004-08-23,0.994,-0.00996
2004-08-24,0.995,0.001006
2004-08-25,0.992,-0.003015
2004-08-26,0.992,0.0
2004-08-27,0.984,-0.008065
2004-08-30,0.978,-0.006098
2004-08-31,0.987,0.009202
2004-09-01,0.976,-0.011145
2004-09-02,0.976,0.0
2004-09-03,0.976,0.0
2004-09-06,0.971,-0.005123
2004-09-07,0.971,0.0
2004-09-08,0.966,-0.005149
2004-09-09,0.958,-0.008282
2004-09-10,0.961,0.003132
2004-09-13,0.952,-0.009365
2004-09-14,0.967,0.015756
2004-09-15,0.987,0.020683
2004-09-16,0.991,0.004053
2004-09-17,1.012,0.021191
2004-09-20,1.031,0.018775
2004-09-21,1.024,-0.00679
2004-09-22,1.013,-0.010742
2004-09-23,1.042,0.028628
2004-09-24,1.038,-0.003839
2004-09-27,1.04,0.001927
2004-09-28,1.052,0.011538
2004-09-29,1.046,-0.005703
2004-09-30,1.046,0.0
2004-10-08,1.063,0.016252
2004-10-11,1.053,-0.009407
2004-10-12,1.032,-0.019943
2004-10-13,1.033,0.000969
2004-10-14,1.019,-0.013553
2004-10-15,1.021,0.001963
2004-10-18,1.018,-0.002938
2004-10-19,1.022,0.003929
2004-10-20,1.026,0.003914
2004-10-21,1.027,0.000975
2004-10-22,1.044,0.016553
2004-10-25,1.038,-0.005747
2004-10-26,1.047,0.008671
2004-10-27,1.052,0.004776
2004-10-28,1.046,-0.005703
2004-10-29,1.041,-0.00478
2004-11-01,1.037,-0.003842
2004-11-02,1.034,-0.002893
2004-11-03,1.04,0.005803
2004-11-04,1.023,-0.016346
2004-11-05,1.02,-0.002933
2004-11-08,1.022,0.001961
2004-11-09,1.025,0.002935
2004-11-10,1.047,0.021463
2004-11-11,1.042,-0.004776
2004-11-12,1.043,0.00096
2004-11-15,1.049,0.005753
2004-11-16,1.047,-0.001907
2004-11-17,1.042,-0.004776
2004-11-18,1.049,0.006718
2004-11-19,1.05,0.000953
2004-11-22,1.045,-0.004762
2004-11-23,1.034,-0.010526
2004-11-24,1.033,-0.000967
2004-11-25,1.036,0.002904
2004-11-26,1.035,-0.000965
2004-11-29,1.03,-0.004831
2004-11-30,1.027,-0.002913
2004-12-01,1.023,-0.003895
2004-12-02,1.016,-0.006843
2004-12-03,1.016,0.0
2004-12-06,1.015,-0.000984
2004-12-07,1.01,-0.004926
2004-12-08,1.014,0.00396
2004-12-09,1.016,0.001972
2004-12-10,1.014,-0.001969
2004-12-13,1.013,-0.000986
2004-12-14,1.013,0.0
2004-12-15,1.017,0.003949
2004-12-16,1.016,-0.000983
2004-12-17,1.008,-0.007874
2004-12-20,0.997,-0.010913
2004-12-21,0.995,-0.002006
2004-12-22,1.007,0.01206
2004-12-23,0.999,-0.007944
2004-12-24,1.0,0.001001
2004-12-27,0.999,-0.001
2004-12-28,1.004,0.005005
2004-12-29,1.005,0.000996
2004-12-30,1.004,-0.000995
2004-12-31,1.006,0.001992
2005-01-04,0.995,-0.010934
2005-01-05,0.997,0.00201
2005-01-06,0.99,-0.007021
2005-01-07,0.986,-0.00404
2005-01-10,0.994,0.008114
2005-01-11,0.996,0.002012
2005-01-12,0.998,0.002008
2005-01-13,0.999,0.001002
2005-01-14,0.996,-0.003003
2005-01-17,0.987,-0.009036
2005-01-18,0.986,-0.001013
2005-01-19,0.98,-0.006085
2005-01-20,0.975,-0.005102
2005-01-21,0.988,0.013333
2005-01-24,0.998,0.010121
2005-01-25,1.003,0.00501
2005-01-26,1.004,0.000997
2005-01-27,0.999,-0.00498
2005-01-28,0.996,-0.003003
2005-01-31,0.995,-0.001004
2005-02-01,0.997,0.00201
2005-02-02,1.025,0.028084
2005-02-03,1.022,-0.002927
2005-02-04,1.036,0.013699
2005-02-16,1.039,0.002896
2005-02-17,1.029,-0.009625
2005-02-18,1.023,-0.005831
2005-02-21,1.038,0.014663
2005-02-22,1.05,0.011561
2005-02-23,1.047,-0.002857
2005-02-24,1.043,-0.00382
2005-02-25,1.046,0.002876
2005-02-28,1.043,-0.002868
2005-03-01,1.039,-0.003835
2005-03-02,1.03,-0.008662
2005-03-03,1.034,0.003883
2005-03-04,1.035,0.000967
2005-03-07,1.043,0.007729
2005-03-08,1.054,0.010547
2005-03-09,1.056,0.001898
2005-03-10,1.044,-0.011364
2005-03-11,1.055,0.010536
2005-03-14,1.071,0.015166
2005-03-15,1.059,-0.011204
2005-03-16,1.052,-0.00661
2005-03-17,1.05,-0.001901
2005-03-18,1.04,-0.009524
2005-03-21,1.047,0.006731
2005-03-22,1.055,0.007641
2005-03-23,1.046,-0.008531
2005-03-24,1.036,-0.00956
2005-03-25,1.037,0.000965
2005-03-28,1.046,0.008679
2005-03-29,1.044,-0.001912
2005-03-30,1.033,-0.010536
2005-03-31,1.038,0.00484
2005-04-01,1.063,0.024085
2005-04-04,1.065,0.001881
2005-04-05,1.065,0.0
2005-04-06,1.085,0.018779
2005-04-07,1.083,-0.001843
2005-04-08,1.092,0.00831
2005-04-11,1.072,-0.018315
2005-04-12,1.067,-0.004664
2005-04-13,1.077,0.009372
2005-04-14,1.076,-0.000929
2005-04-15,1.074,-0.001859
2005-04-18,1.068,-0.005587
2005-04-19,1.063,-0.004682
2005-04-20,1.059,-0.003763
2005-04-21,1.073,0.01322
2005-04-22,1.074,0.000932
2005-04-25,1.082,0.007449
2005-04-26,1.086,0.003697
2005-04-27,1.083,-0.002762
2005-04-28,1.089,0.00554
2005-04-29,1.079,-0.009183
2005-05-09,1.059,-0.018536
2005-05-10,1.052,-0.00661
2005-05-11,1.036,-0.015209
2005-05-12,1.02,-0.015444
2005-05-13,1.016,-0.003922
2005-05-16,1.01,-0.005906
2005-05-17,1.013,0.00297
2005-05-18,1.005,-0.007897
2005-05-19,1.005,0.0
2005-05-20,1.008,0.002985
2005-05-23,0.996,-0.011905
2005-05-24,0.991,-0.00502
2005-05-25,0.991,0.0
2005-05-26,0.978,-0.013118
2005-05-27,0.965,-0.013292
2005-05-30,0.968,0.003109
2005-05-31,0.972,0.004132
2005-06-01,0.962,-0.010288
2005-06-02,0.933,-0.030146
2005-06-03,0.938,0.005359
2005-06-06,0.965,0.028785
2005-06-07,0.96,-0.005181
2005-06-08,1.014,0.05625
2005-06-09,1.011,-0.002959
2005-06-10,0.998,-0.012859
2005-06-13,0.992,-0.006012
2005-06-14,0.988,-0.004032
2005-06-15,0.984,-0.004049
2005-06-16,0.996,0.012195
2005-06-17,0.994,-0.002008
2005-06-20,1.018,0.024145
2005-06-21,1.014,-0.003929
2005-06-22,1.023,0.008876
2005-06-23,1.019,-0.00391
2005-06-24,1.022,0.002944
2005-06-27,1.032,0.009785
2005-06-28,1.022,-0.00969
2005-06-29,1.019,-0.002935
2005-06-30,1.013,-0.005888
2005-07-01,0.998,-0.014808
2005-07-04,1.003,0.00501
2005-07-05,1.001,-0.001994
2005-07-06,0.989,-0.011988
2005-07-07,0.985,-0.004044
2005-07-08,0.984,-0.001015
2005-07-11,0.984,0.0
2005-07-12,1.003,0.019309
2005-07-13,1.001,-0.001994
2005-07-14,1.007,0.005994
2005-07-15,1.005,-0.001986
2005-07-18,1.001,-0.00398
2005-07-19,1.001,0.0
2005-07-20,1.009,0.007992
2005-07-21,1.007,-0.001982
2005-07-22,1.017,0.00993
2005-07-25,1.016,-0.000983
2005-07-26,1.026,0.009843
2005-07-27,1.037,0.010721
2005-07-28,1.035,-0.001929
2005-07-29,1.029,-0.005797
2005-08-01,1.031,0.001944
2005-08-02,1.037,0.00582
2005-08-03,1.037,0.0
2005-08-04,1.035,-0.001929
2005-08-05,1.047,0.011594
2005-08-08,1.041,-0.005731
2005-08-09,1.043,0.001921
2005-08-10,1.051,0.00767
2005-08-11,1.067,0.015224
2005-08-12,1.058,-0.008435
2005-08-15,1.073,0.014178
2005-08-16,1.066,-0.006524
2005-08-17,1.073,0.006567
2005-08-18,1.052,-0.019571
2005-08-19,1.052,0.0
2005-08-22,1.058,0.005703
2005-08-23,1.053,-0.004726
2005-08-24,1.058,0.004748
2005-08-25,1.056,-0.00189
2005-08-26,1.053,-0.002841
2005-08-29,1.046,-0.006648
2005-08-30,1.045,-0.000956
2005-08-31,1.053,0.007656
2005-09-01,1.064,0.010446
2005-09-02,1.066,0.00188
2005-09-05,1.064,-0.001876
2005-09-06,1.053,-0.010338
2005-09-07,1.063,0.009497
2005-09-08,1.067,0.003763
2005-09-09,1.065,-0.001874
2005-09-12,1.063,-0.001878
2005-09-13,1.078,0.014111
2005-09-14,1.081,0.002783
2005-09-15,1.081,0.0
2005-09-16,1.076,-0.004625
2005-09-19,1.073,-0.002788
2005-09-20,1.067,-0.005592
2005-09-21,1.058,-0.008435
2005-09-22,1.046,-0.011342
2005-09-23,1.043,-0.002868
2005-09-26,1.044,0.000959
2005-09-27,1.041,-0.002874
2005-09-28,1.043,0.001921
2005-09-29,1.055,0.011505
2005-09-30,1.058,0.002844
2005-10-10,1.054,-0.003781
2005-10-11,1.06,0.005693
2005-10-12,1.065,0.004717
2005-10-13,1.061,-0.003756
2005-10-14,1.052,-0.008483
2005-10-17,1.054,0.001901
2005-10-18,1.056,0.001898
2005-10-19,1.051,-0.004735
2005-10-20,1.057,0.005709
2005-10-21,1.06,0.002838
2005-10-24,1.064,0.003774
2005-10-25,1.055,-0.008459
2005-10-26,1.043,-0.011374
2005-10-27,1.044,0.000959
2005-10-28,1.041,-0.002874
2005-10-31,1.045,0.003842
2005-11-01,1.039,-0.005742
2005-11-02,1.04,0.000962
2005-11-03,1.031,-0.008654
2005-11-04,1.032,0.00097
2005-11-07,1.03,-0.001938
2005-11-08,1.034,0.003883
2005-11-09,1.037,0.002901
2005-11-10,1.029,-0.007715
2005-11-11,1.029,0.0
2005-11-14,1.024,-0.004859
2005-11-15,1.015,-0.008789
2005-11-16,1.014,-0.000985
2005-11-17,1.011,-0.002959
2005-11-18,1.023,0.011869
2005-11-21,1.025,0.001955
2005-11-22,1.02,-0.004878
2005-11-23,1.025,0.004902
2005-11-24,1.025,0.0
2005-11-25,1.026,0.000976
2005-11-28,1.022,-0.003899
2005-11-29,1.013,-0.008806
2005-11-30,1.014,0.000987
2005-12-01,1.013,-0.000986
2005-12-02,1.014,0.000987
2005-12-05,1.001,-0.012821
2005-12-06,1.002,0.000999
2005-12-07,1.007,0.00499
2005-12-08,1.006,-0.000993
2005-12-09,1.018,0.011928
2005-12-12,1.016,-0.001965
2005-12-13,1.016,0.0
2005-12-14,1.022,0.005906
2005-12-15,1.023,0.000978
2005-12-16,1.03,0.006843
2005-12-19,1.028,-0.001942
2005-12-20,1.029,0.000973
2005-12-21,1.027,-0.001944
2005-12-22,1.035,0.00779
2005-12-23,1.044,0.008696
2005-12-26,1.048,0.003831
2005-12-27,1.049,0.000954
2005-12-28,1.05,0.000953
2005-12-29,1.07,0.019048
2005-12-30,1.062,-0.007477
2005-12-31,1.062,0.0
2006-01-04,1.079,0.016008
2006-01-05,1.096,0.015755
2006-01-06,1.109,0.011861
2006-01-09,1.115,0.00541
2006-01-10,1.118,0.002691
2006-01-11,1.117,-0.000894
2006-01-12,1.123,0.005372
2006-01-13,1.12,-0.002671
2006-01-16,1.11,-0.008929
2006-01-17,1.111,0.000901
2006-01-18,1.125,0.012601
2006-01-19,1.132,0.006222
2006-01-20,1.136,0.003534
2006-01-23,1.141,0.004401
2006-01-24,1.151,0.008764
2006-01-25,1.167,0.013901
2006-02-06,1.185,0.015424
2006-02-07,1.173,-0.010127
2006-02-08,1.163,-0.008525
2006-02-09,1.153,-0.008598
2006-02-10,1.162,0.007806
2006-02-13,1.169,0.006024
2006-02-14,1.178,0.007699
2006-02-15,1.176,-0.001698
2006-02-16,1.16,-0.013605
2006-02-17,1.16,0.0
2006-02-20,1.158,-0.001724
2006-02-21,1.168,0.008636
2006-02-22,1.165,-0.002568
2006-02-23,1.164,-0.000858
2006-02-24,1.176,0.010309
2006-02-27,1.184,0.006803
2006-02-28,1.191,0.005912
2006-03-01,1.198,0.005877
2006-03-02,1.194,-0.003339
2006-03-03,1.197,0.002513
2006-03-06,1.199,0.001671
2006-03-07,1.182,-0.014178
2006-03-08,1.181,-0.000846
2006-03-09,1.179,-0.001693
2006-03-10,1.181,0.001696
2006-03-13,1.189,0.006774
2006-03-14,1.191,0.001682
2006-03-15,1.199,0.006717
2006-03-16,1.199,0.0
2006-03-17,1.196,-0.002502
2006-03-20,1.204,0.006689
2006-03-21,1.205,0.000831
2006-03-22,1.212,0.005809
2006-03-23,1.214,0.00165
2006-03-24,1.215,0.000824
2006-03-27,1.218,0.002469
2006-03-28,1.224,0.004926
2006-03-29,1.231,0.005719
2006-03-30,1.233,0.001625
2006-03-31,1.25,0.013788
2006-04-03,1.271,0.0168
2006-04-04,1.28,0.007081
2006-04-05,1.295,0.011719
2006-04-06,1.303,0.006178
2006-04-07,1.304,0.000767
2006-04-10,1.314,0.007669
2006-04-11,1.314,0.0
2006-04-12,1.314,0.0
2006-04-13,1.286,-0.021309
2006-04-14,1.306,0.015552
2006-04-17,1.31,0.003063
2006-04-18,1.311,0.000763
2006-04-19,1.333,0.016781
2006-04-20,1.339,0.004501
2006-04-21,1.349,0.007468
2006-04-24,1.358,0.006672
2006-04-25,1.358,0.0
2006-04-26,1.371,0.009573
2006-04-27,1.37,-0.000729
2006-04-28,1.388,0.013139
2006-05-08,1.418,0.021614
2006-05-09,1.434,0.011283
2006-05-10,1.441,0.004881
2006-05-11,1.447,0.004164
2006-05-12,1.482,0.024188
2006-05-15,1.521,0.026316
2006-05-16,1.505,-0.010519
2006-05-17,1.498,-0.004651
2006-05-18,1.498,0.0
2006-05-19,1.539,0.02737
2006-05-22,1.536,-0.001949
2006-05-23,1.496,-0.026042
2006-05-24,1.491,-0.003342
2006-05-25,1.5,0.006036
2006-05-26,1.532,0.021333
2006-05-29,1.566,0.022193
2006-05-30,1.597,0.019796
2006-05-31,1.595,-0.001252
2006-06-01,1.63,0.021944
2006-06-02,1.622,-0.004908
2006-06-05,1.617,-0.003083
2006-06-06,1.602,-0.009276
2006-06-07,1.545,-0.035581
2006-06-08,1.543,-0.001294
2006-06-09,1.529,-0.009073
2006-06-12,1.54,0.007194
2006-06-13,1.542,0.001299
2006-06-14,1.535,-0.00454
2006-06-15,1.541,0.003909
2006-06-16,1.561,0.012979
2006-06-19,1.583,0.014094
2006-06-20,1.584,0.000632
2006-06-21,1.583,-0.000631
2006-06-22,1.583,0.0
2006-06-23,1.585,0.001263
2006-06-26,1.598,0.008202
2006-06-27,1.597,-0.000626
2006-06-28,1.597,0.0
2006-06-29,1.615,0.011271
2006-06-30,1.617,0.001238
2006-07-03,1.622,0.003092
2006-07-04,1.624,0.001233
2006-07-05,1.616,-0.004926
2006-07-06,1.629,0.008045
2006-07-07,1.631,0.001228
2006-07-10,1.629,-0.001226
2006-07-11,1.641,0.007366
2006-07-12,1.645,0.002438
2006-07-13,1.604,-0.024924
2006-07-14,1.617,0.008105
2006-07-17,1.624,0.004329
2006-07-18,1.621,-0.001847
2006-07-19,1.602,-0.011721
2006-07-20,1.601,-0.000624
2006-07-21,1.606,0.003123
2006-07-24,1.608,0.001245
2006-07-25,1.622,0.008706
2006-07-26,1.62,-0.001233
2006-07-27,1.607,-0.008025
2006-07-28,1.603,-0.002489
2006-07-31,1.576,-0.016843
2006-08-01,1.57,-0.003807
2006-08-02,1.563,-0.004459
2006-08-03,1.575,0.007678
2006-08-04,1.554,-0.013333
2006-08-07,1.55,-0.002574
2006-08-08,1.574,0.015484
2006-08-09,1.571,-0.001906
2006-08-10,1.585,0.008912
2006-08-11,1.595,0.006309
2006-08-14,1.569,-0.016301
2006-08-15,1.58,0.007011
2006-08-16,1.594,0.008861
2006-08-17,1.59,-0.002509
2006-08-18,1.589,-0.000629
2006-08-21,1.591,0.001259
2006-08-22,1.606,0.009428
2006-08-23,1.602,-0.002491
2006-08-24,1.61,0.004994
2006-08-25,1.607,-0.001863
2006-08-28,1.632,0.015557
2006-08-29,1.642,0.006127
2006-08-30,1.65,0.004872
2006-08-31,1.655,0.00303
2006-09-01,1.641,-0.008459
2006-09-04,1.658,0.01036
2006-09-05,1.661,0.001809
2006-09-06,1.663,0.001204
2006-09-07,1.658,-0.003007
2006-09-08,1.658,0.0
2006-09-11,1.661,0.001809
2006-09-12,1.67,0.005418
2006-09-13,1.651,-0.011377
2006-09-14,1.654,0.001817
2006-09-15,1.662,0.004837
2006-09-18,1.674,0.00722
2006-09-19,1.679,0.002987
2006-09-20,1.679,0.0
2006-09-21,1.689,0.005956
2006-09-22,1.683,-0.003552
2006-09-25,1.678,-0.002971
2006-09-26,1.67,-0.004768
2006-09-27,1.676,0.003593
2006-09-28,1.693,0.010143
2006-09-29,1.711,0.010632
2006-09-30,1.711,0.0
2006-10-09,1.731,0.011689
2006-10-10,1.73,-0.000578
2006-10-11,1.724,-0.003468
2006-10-12,1.709,-0.008701
2006-10-13,1.715,0.003511
2006-10-16,1.701,-0.008163
2006-10-17,1.701,0.0
2006-10-18,1.715,0.00823
2006-10-19,1.718,0.001749
2006-10-20,1.715,-0.001746
2006-10-23,1.691,-0.013994
2006-10-24,1.714,0.013601
2006-10-25,1.725,0.006418
2006-10-26,1.736,0.006377
2006-10-27,1.715,-0.012097
2006-10-30,1.703,-0.006997
2006-10-31,1.717,0.008221
2006-11-01,1.718,0.000582
2006-11-02,1.725,0.004075
2006-11-03,1.734,0.005217
2006-11-06,1.741,0.004037
2006-11-07,1.74,-0.000574
2006-11-08,1.728,-0.006897
2006-11-09,1.749,0.012153
2006-11-10,1.74,-0.005146
2006-11-13,1.722,-0.010345
2006-11-14,1.734,0.006969
2006-11-15,1.765,0.017878
2006-11-16,1.761,-0.002266
2006-11-17,1.775,0.00795
2006-11-20,1.795,0.011268
2006-11-21,1.803,0.004457
2006-11-22,1.811,0.004437
2006-11-23,1.825,0.007731
2006-11-24,1.826,0.000548
2006-11-27,1.838,0.006572
2006-11-28,1.839,0.000544
2006-11-29,1.853,0.007613
2006-11-30,1.893,0.021587
2006-12-01,1.906,0.006867
2006-12-04,1.938,0.016789
2006-12-05,1.952,0.007224
2006-12-06,1.944,-0.004098
2006-12-07,1.935,-0.00463
2006-12-08,1.888,-0.024289
2006-12-11,1.948,0.03178
2006-12-12,1.959,0.005647
2006-12-13,1.953,-0.003063
2006-12-14,1.976,0.011777
2006-12-15,2.008,0.016194
2006-12-18,2.067,0.029382
2006-12-19,2.07,0.001451
2006-12-20,2.08,0.004831
2006-12-21,2.057,-0.011058
2006-12-22,2.044,-0.00632
2006-12-25,2.07,0.01272
2006-12-26,2.074,0.001932
2006-12-27,2.107,0.015911
2006-12-28,2.111,0.001898
2006-12-29,2.147,0.017054
2006-12-31,2.147,0.0
2007-01-04,2.145,-0.000932
2007-01-05,2.141,-0.001865
2007-01-08,2.169,0.013078
2007-01-09,2.214,0.020747
2007-01-10,2.254,0.018067
2007-01-11,2.246,-0.003549
2007-01-12,2.209,-0.016474
2007-01-15,2.3,0.041195
2007-01-16,2.366,0.028696
2007-01-17,2.326,-0.016906
2007-01-18,2.348,0.009458
2007-01-19,2.422,0.031516
2007-01-22,2.492,0.028902
2007-01-23,2.489,-0.001204
2007-01-24,2.505,0.006428
2007-01-25,2.434,-0.028343
2007-01-26,2.468,0.013969
2007-01-29,2.505,0.014992
2007-01-30,2.49,-0.005988
2007-01-31,2.358,-0.053012
2007-02-01,2.367,0.003817
2007-02-02,2.295,-0.030418
2007-02-05,2.289,-0.002614
2007-02-06,2.312,0.010048
2007-02-07,2.355,0.018599
2007-02-08,2.376,0.008917
2007-02-09,2.363,-0.005471
2007-02-12,2.432,0.0292
2007-02-13,2.467,0.014391
2007-02-14,2.517,0.020268
2007-02-15,2.59,0.029003
2007-02-16,2.605,0.005792
2007-02-26,2.599,-0.002303
2007-02-27,2.385,-0.082339
2007-02-28,2.444,0.024738
2007-03-01,2.396,-0.01964
2007-03-02,2.427,0.012938
2007-03-05,2.399,-0.011537
2007-03-06,2.42,0.008754
2007-03-07,2.476,0.02314
2007-03-08,2.496,0.008078
2007-03-09,2.47,-0.010417
2007-03-12,2.468,-0.00081
2007-03-13,2.487,0.007699
2007-03-14,2.474,-0.005227
2007-03-15,2.504,0.012126
2007-03-16,2.47,-0.013578
2007-03-19,2.5,0.012146
2007-03-20,2.503,0.0012
2007-03-21,2.522,0.007591
2007-03-22,2.517,-0.001983
2007-03-23,2.511,-0.002384
2007-03-26,2.55,0.015532
2007-03-27,2.565,0.005882
2007-03-28,2.556,-0.003509
2007-03-29,2.545,-0.004304
2007-03-30,2.55,0.001965
2007-03-31,2.55,0.0
2007-04-02,2.584,0.013333
2007-04-03,2.607,0.008901
2007-04-04,2.632,0.00959
2007-04-05,2.643,0.004179
2007-04-06,2.657,0.005297
2007-04-09,2.697,0.015055
2007-04-10,2.713,0.005933
2007-04-11,2.733,0.007372
2007-04-12,2.761,0.010245
2007-04-13,2.775,0.005071
2007-04-16,2.82,0.016216
2007-04-17,2.821,0.000355
2007-04-18,2.829,0.002836
2007-04-19,2.757,-0.025451
2007-04-20,2.827,0.02539
2007-04-23,2.901,0.026176
2007-04-24,2.894,-0.002413
2007-04-25,2.898,0.001382
2007-04-26,2.922,0.008282
2007-04-27,2.911,-0.003765
2007-04-30,2.945,0.01168
2007-05-08,3.0,0.018676
2007-05-09,2.978,-0.007333
2007-05-10,2.977,-0.000336
2007-05-11,2.967,-0.003359
2007-05-14,2.981,0.004719
2007-05-15,2.931,-0.016773
2007-05-16,2.977,0.015694
2007-05-17,3.019,0.014108
2007-05-18,3.017,-0.000662
2007-05-21,3.05,0.010938
2007-05-22,3.062,0.003934
2007-05-23,3.089,0.008818
2007-05-24,3.071,-0.005827
2007-05-25,3.1,0.009443
2007-05-28,3.145,0.014516
2007-05-29,3.189,0.01399
2007-05-30,3.045,-0.045155
2007-05-31,3.106,0.020033
2007-06-01,3.066,-0.012878
2007-06-04,2.947,-0.038813
2007-06-05,3.018,0.024092
2007-06-06,3.048,0.00994
2007-06-07,3.103,0.018045
2007-06-08,3.117,0.004512
2007-06-11,3.183,0.021174
2007-06-12,3.229,0.014452
2007-06-13,3.265,0.011149
2007-06-14,3.244,-0.006432
2007-06-15,3.264,0.006165
2007-06-18,3.316,0.015931
2007-06-19,3.327,0.003317
2007-06-20,3.274,-0.01593
2007-06-21,3.302,0.008552
2007-06-22,3.234,-0.020594
2007-06-25,3.18,-0.016698
2007-06-26,3.22,0.012579
2007-06-27,3.28,0.018634
2007-06-28,3.204,-0.023171
2007-06-29,3.371,0.052122
2007-06-30,3.371,0.0
2007-07-02,3.309,-0.018392
2007-07-03,3.325,0.004835
2007-07-04,3.289,-0.010827
2007-07-05,3.189,-0.030404
2007-07-06,3.27,0.0254
2007-07-09,3.335,0.019878
2007-07-10,3.301,-0.010195
2007-07-11,3.304,0.000909
2007-07-12,3.308,0.001211
2007-07-13,3.304,-0.001209
2007-07-16,3.241,-0.019068
2007-07-17,3.293,0.016044
2007-07-18,3.306,0.003948
2007-07-19,3.307,0.000302
2007-07-20,3.399,0.02782
2007-07-23,3.486,0.025596
2007-07-24,3.492,0.001721
2007-07-25,3.524,0.009164
2007-07-26,3.531,0.001986
2007-07-27,3.536,0.001416
2007-07-30,3.59,0.015271
2007-07-31,3.631,0.011421
2007-08-01,3.557,-0.02038
2007-08-02,3.635,0.021929
2007-08-03,3.741,0.029161
2007-08-06,3.789,0.012831
2007-08-07,3.784,-0.00132
2007-08-08,3.761,-0.006078
2007-08-09,3.831,0.018612
2007-08-10,3.786,-0.011746
2007-08-13,3.778,-0.002113
2007-08-14,3.812,0.008999
2007-08-15,3.825,0.00341
2007-08-16,3.77,-0.014379
2007-08-17,3.718,-0.013793
2007-08-20,3.873,0.041689
2007-08-21,3.92,0.012135
2007-08-22,3.961,0.010459
2007-08-23,3.996,0.008836
2007-08-24,4.039,0.010761
2007-08-27,4.067,0.006932
2007-08-28,4.081,0.003442
2007-08-29,4.036,-0.011027
2007-08-30,4.069,0.008176
2007-08-31,4.133,0.015729
2007-09-03,4.198,0.015727
2007-09-04,4.161,-0.008814
2007-09-05,4.166,0.001202
2007-09-06,4.205,0.009361
2007-09-07,4.155,-0.011891
2007-09-10,4.195,0.009627
2007-09-11,4.083,-0.026698
2007-09-12,4.104,0.005143
2007-09-13,4.164,0.01462
2007-09-14,4.205,0.009846
2007-09-17,4.25,0.010702
2007-09-18,4.232,-0.004235
2007-09-19,4.202,-0.007089
2007-09-20,4.23,0.006663
2007-09-21,4.225,-0.001182
2007-09-24,4.241,0.003787
2007-09-25,4.207,-0.008017
2007-09-26,4.165,-0.009983
2007-09-27,4.209,0.010564
2007-09-28,4.283,0.017581
2007-09-30,4.283,0.0
2007-10-08,4.304,0.004903
2007-10-09,4.313,0.002091
2007-10-10,4.33,0.003942
2007-10-11,4.373,0.009931
2007-10-12,4.334,-0.008918
2007-10-15,4.344,0.002307
2007-10-16,4.391,0.01082
2007-10-17,4.353,-0.008654
2007-10-18,4.276,-0.017689
2007-10-19,4.308,0.007484
2007-10-22,4.263,-0.010446
2007-10-23,4.304,0.009618
2007-10-24,4.33,0.006041
2007-10-25,4.235,-0.02194
2007-10-26,4.267,0.007556
2007-10-29,4.315,0.011249
2007-10-30,4.335,0.004635
2007-10-31,4.41,0.017301
2007-11-01,4.381,-0.006576
2007-11-02,4.305,-0.017348
2007-11-05,4.228,-0.017886
2007-11-06,4.224,-0.000946
2007-11-07,4.237,0.003078
2007-11-08,4.126,-0.026198
2007-11-09,4.096,-0.007271
2007-11-12,4.079,-0.00415
2007-11-13,4.049,-0.007355
2007-11-14,4.141,0.022722
2007-11-15,4.119,-0.005313
2007-11-16,4.079,-0.009711
2007-11-19,4.065,-0.003432
2007-11-20,4.098,0.008118
2007-11-21,4.063,-0.008541
2007-11-22,3.966,-0.023874
2007-11-23,4.002,0.009077
2007-11-26,3.981,-0.005247
2007-11-27,3.938,-0.010801
2007-11-28,3.905,-0.00838
2007-11-29,3.987,0.020999
2007-11-30,3.952,-0.008779
2007-12-03,3.988,0.009109
2007-12-04,4.014,0.00652
2007-12-05,4.068,0.013453
2007-12-06,4.066,-0.000492
2007-12-07,4.099,0.008116
2007-12-10,4.138,0.009515
2007-12-11,4.149,0.002658
2007-12-12,4.119,-0.007231
2007-12-13,4.038,-0.019665
2007-12-14,4.086,0.011887
2007-12-17,4.04,-0.011258
2007-12-18,4.029,-0.002723
2007-12-19,4.07,0.010176
2007-12-20,4.11,0.009828
2007-12-21,4.141,0.007543
2007-12-24,4.19,0.011833
2007-12-25,4.195,0.001193
2007-12-26,4.226,0.00739
2007-12-27,4.271,0.010648
2007-12-28,4.255,-0.003746
2007-12-29,4.255,0.0
2007-12-31,4.255,0.0
2008-01-02,4.28,0.005875
2008-01-03,4.292,0.002804
2008-01-04,4.313,0.004893
2008-01-07,4.349,0.008347
2008-01-08,4.316,-0.007588
2008-01-09,4.36,0.010195
2008-01-10,4.394,0.007798
2008-01-11,4.406,0.002731
2008-01-14,4.446,0.009079
2008-01-15,4.424,-0.004948
2008-01-16,4.359,-0.014693
2008-01-17,4.309,-0.011471
2008-01-18,4.334,0.005802
2008-01-21,4.225,-0.02515
2008-01-22,4.026,-0.047101
2008-01-23,4.17,0.035768
2008-01-24,4.223,0.01271
2008-01-25,4.247,0.005683
2008-01-28,4.075,-0.040499
2008-01-29,4.089,0.003436
2008-01-30,4.056,-0.00807
2008-01-31,3.974,-0.020217
2008-02-01,3.915,-0.014847
2008-02-04,4.111,0.050064
2008-02-05,4.1,-0.002676
2008-02-13,4.056,-0.010732
2008-02-14,4.098,0.010355
2008-02-15,4.078,-0.00488
2008-02-18,4.151,0.017901
2008-02-19,4.213,0.014936
2008-02-20,4.167,-0.010919
2008-02-21,4.166,-0.00024
2008-02-22,4.082,-0.020163
2008-02-25,3.989,-0.022783
2008-02-26,3.969,-0.005014
2008-02-27,4.037,0.017133
2008-02-28,4.049,0.002973
2008-02-29,4.076,0.006668
2008-03-03,4.142,0.016192
2008-03-04,4.096,-0.011106
2008-03-05,4.08,-0.003906
2008-03-06,4.09,0.002451
2008-03-07,4.045,-0.011002
2008-03-10,3.935,-0.027194
2008-03-11,3.929,-0.001525
2008-03-12,3.854,-0.019089
2008-03-13,3.792,-0.016087
2008-03-14,3.758,-0.008966
2008-03-17,3.625,-0.035391
2008-03-18,3.507,-0.032552
2008-03-19,3.584,0.021956
2008-03-20,3.656,0.020089
2008-03-21,3.668,0.003282
2008-03-24,3.591,-0.020992
2008-03-25,3.609,0.005013
2008-03-26,3.616,0.00194
2008-03-27,3.516,-0.027655
2008-03-28,3.584,0.01934
2008-03-31,3.51,-0.020647
2008-04-01,3.377,-0.037892
2008-04-02,3.33,-0.013918
2008-04-03,3.383,0.015916
2008-04-07,3.488,0.031038
2008-04-08,3.516,0.008028
2008-04-09,3.408,-0.030717
2008-04-10,3.46,0.015258
2008-04-11,3.482,0.006358
2008-04-14,3.349,-0.038196
2008-04-15,3.377,0.008361
2008-04-16,3.342,-0.010364
2008-04-17,3.302,-0.011969
2008-04-18,3.246,-0.016959
2008-04-21,3.237,-0.002773
2008-04-22,3.252,0.004634
2008-04-23,3.324,0.02214
2008-04-24,3.491,0.050241
2008-04-25,3.485,-0.001719
2008-04-28,3.448,-0.010617
2008-04-29,3.463,0.00435
2008-04-30,3.56,0.02801
2008-05-05,3.616,0.01573
2008-05-06,3.597,-0.005254
2008-05-07,3.491,-0.029469
2008-05-08,3.566,0.021484
2008-05-09,3.547,-0.005328
2008-05-12,3.569,0.006202
2008-05-13,3.544,-0.007005
2008-05-14,3.606,0.017494
2008-05-15,3.584,-0.006101
2008-05-16,3.572,-0.003348
2008-05-19,3.563,-0.00252
2008-05-20,3.442,-0.03396
2008-05-21,3.473,0.009006
2008-05-22,3.436,-0.010654
2008-05-23,3.423,-0.003783
2008-05-26,3.355,-0.019866
2008-05-27,3.358,0.000894
2008-05-28,3.408,0.01489
2008-05-29,3.364,-0.012911
2008-05-30,3.373,0.002675
2008-06-02,3.383,0.002965
2008-06-03,3.37,-0.003843
2008-06-04,3.311,-0.017507
2008-06-05,3.293,-0.005436
2008-06-06,3.28,-0.003948
2008-06-10,3.144,-0.041463
2008-06-11,3.116,-0.008906
2008-06-12,3.082,-0.010911
2008-06-13,3.038,-0.014276
2008-06-16,3.029,-0.002962
2008-06-17,2.989,-0.013206
2008-06-18,3.029,0.013382
2008-06-19,2.973,-0.018488
2008-06-20,2.992,0.006391
2008-06-23,2.973,-0.00635
2008-06-24,3.001,0.009418
2008-06-25,3.048,0.015661
2008-06-26,3.057,0.002953
2008-06-27,2.982,-0.024534
2008-06-30,2.973,-0.003018
2008-07-01,2.93,-0.014464
2008-07-02,2.933,0.001024
2008-07-03,2.976,0.014661
2008-07-04,2.951,-0.008401
2008-07-07,3.026,0.025415
2008-07-08,3.032,0.001983
2008-07-09,3.085,0.01748
2008-07-10,3.063,-0.007131
2008-07-11,3.057,-0.001959
2008-07-14,3.079,0.007197
2008-07-15,3.01,-0.02241
2008-07-16,2.939,-0.023588
2008-07-17,2.927,-0.004083
2008-07-18,2.976,0.016741
2008-07-21,3.026,0.016801
2008-07-22,3.023,-0.000991
2008-07-23,3.007,-0.005293
2008-07-24,3.057,0.016628
2008-07-25,3.038,-0.006215
2008-07-28,3.038,0.0
2008-07-29,3.004,-0.011192
2008-07-30,2.995,-0.002996
2008-07-31,2.955,-0.013356
2008-08-01,2.97,0.005076
2008-08-04,2.927,-0.014478
2008-08-05,2.88,-0.016057
2008-08-06,2.886,0.002083
2008-08-07,2.886,0.0
2008-08-08,2.824,-0.021483
2008-08-11,2.753,-0.025142
2008-08-12,2.753,0.0
2008-08-13,2.753,0.0
2008-08-14,2.75,-0.00109
2008-08-15,2.747,-0.001091
2008-08-18,2.669,-0.028395
2008-08-19,2.688,0.007119
2008-08-20,2.79,0.037946
2008-08-21,2.734,-0.020072
2008-08-22,2.713,-0.007681
2008-08-25,2.706,-0.00258
2008-08-26,2.669,-0.013673
2008-08-27,2.657,-0.004496
2008-08-28,2.66,0.001129
2008-08-29,2.691,0.011654
2008-09-01,2.65,-0.015236
2008-09-02,2.638,-0.004528
2008-09-03,2.61,-0.010614
2008-09-04,2.613,0.001149
2008-09-05,2.579,-0.013012
2008-09-08,2.545,-0.013183
2008-09-09,2.551,0.002358
2008-09-10,2.548,-0.001176
2008-09-11,2.514,-0.013344
2008-09-12,2.514,0.0
2008-09-16,2.443,-0.028242
2008-09-17,2.411,-0.013099
2008-09-18,2.396,-0.006221
2008-09-19,2.486,0.037563
2008-09-22,2.551,0.026146
2008-09-23,2.495,-0.021952
2008-09-24,2.501,0.002405
2008-09-25,2.557,0.022391
2008-09-26,2.576,0.007431
2008-09-30,2.576,0.0
2008-10-06,2.498,-0.03028
2008-10-07,2.498,0.0
2008-10-08,2.461,-0.014812
2008-10-09,2.439,-0.008939
2008-10-10,2.396,-0.01763
2008-10-13,2.433,0.015442
2008-10-14,2.408,-0.010275
2008-10-15,2.396,-0.004983
2008-10-16,2.346,-0.020868
2008-10-17,2.356,0.004263
2008-10-20,2.387,0.013158
2008-10-21,2.377,-0.004189
2008-10-22,2.346,-0.013042
2008-10-23,2.353,0.002984
2008-10-24,2.328,-0.010625
2008-10-27,2.272,-0.024055
2008-10-28,2.3,0.012324
2008-10-29,2.278,-0.009565
2008-10-30,2.3,0.009658
2008-10-31,2.287,-0.005652
2008-11-03,2.284,-0.001312
2008-11-04,2.269,-0.006567
2008-11-05,2.297,0.01234
2008-11-06,2.272,-0.010884
2008-11-07,2.287,0.006602
2008-11-10,2.353,0.028859
2008-11-11,2.337,-0.0068
2008-11-12,2.349,0.005135
2008-11-13,2.396,0.020009
2008-11-14,2.436,0.016694
2008-11-17,2.477,0.016831
2008-11-18,2.393,-0.033912
2008-11-19,2.474,0.033849
2008-11-20,2.461,-0.005255
2008-11-21,2.458,-0.001219
2008-11-24,2.415,-0.017494
2008-11-25,2.415,0.0
2008-11-26,2.415,0.0
2008-11-27,2.421,0.002484
2008-11-28,2.421,0.0
2008-12-01,2.458,0.015283
2008-12-02,2.474,0.006509
2008-12-03,2.517,0.017381
2008-12-04,2.52,0.001192
2008-12-05,2.539,0.00754
2008-12-08,2.582,0.016936
2008-12-09,2.554,-0.010844
2008-12-10,2.595,0.016053
2008-12-11,2.56,-0.013487
2008-12-12,2.501,-0.023047
2008-12-15,2.52,0.007597
2008-12-16,2.536,0.006349
2008-12-17,2.557,0.008281
2008-12-18,2.591,0.013297
2008-12-19,2.604,0.005017
2008-12-22,2.61,0.002304
2008-12-23,2.548,-0.023755
2008-12-24,2.542,-0.002355
2008-12-25,2.542,0.0
2008-12-26,2.551,0.003541
2008-12-29,2.548,-0.001176
2008-12-30,2.548,0.0
2008-12-31,2.542,-0.002355
2009-01-05,2.564,0.008655
2009-01-06,2.591,0.01053
2009-01-07,2.582,-0.003474
2009-01-08,2.56,-0.008521
2009-01-09,2.588,0.010938
2009-01-12,2.604,0.006182
2009-01-13,2.564,-0.015361
2009-01-14,2.598,0.013261
2009-01-15,2.598,0.0
2009-01-16,2.607,0.003464
2009-01-19,2.604,-0.001151
2009-01-20,2.613,0.003456
2009-01-21,2.61,-0.001148
2009-01-22,2.623,0.004981
2009-01-23,2.619,-0.001525
2009-02-02,2.638,0.007255
2009-02-03,2.669,0.011751
2009-02-04,2.694,0.009367
2009-02-05,2.672,-0.008166
2009-02-06,2.719,0.01759
2009-02-09,2.759,0.014711
2009-02-10,2.775,0.005799
2009-02-11,2.787,0.004324
2009-02-12,2.796,0.003229
2009-02-13,2.84,0.015737
2009-02-16,2.861,0.007394
2009-02-17,2.818,-0.01503
2009-02-18,2.756,-0.022001
2009-02-19,2.768,0.004354
2009-02-20,2.796,0.010116
2009-02-23,2.843,0.01681
2009-02-24,2.787,-0.019698
2009-02-25,2.79,0.001076
2009-02-26,2.713,-0.027599
2009-02-27,2.681,-0.011795
2009-03-02,2.706,0.009325
2009-03-03,2.7,-0.002217
2009-03-04,2.784,0.031111
2009-03-05,2.784,0.0
2009-03-06,2.771,-0.00467
2009-03-09,2.725,-0.016601
2009-03-10,2.747,0.008073
2009-03-11,2.737,-0.00364
2009-03-12,2.737,0.0
2009-03-13,2.734,-0.001096
2009-03-16,2.753,0.00695
2009-03-17,2.799,0.016709
2009-03-18,2.806,0.002501
2009-03-19,2.834,0.009979
2009-03-20,2.818,-0.005646
2009-03-23,2.861,0.015259
2009-03-24,2.874,0.004544
2009-03-25,2.843,-0.010786
2009-03-26,2.877,0.011959
2009-03-27,2.877,0.0
2009-03-30,2.865,-0.004171
2009-03-31,2.88,0.005236
2009-04-01,2.899,0.006597
2009-04-02,2.917,0.006209
2009-04-03,2.908,-0.003085
2009-04-07,2.908,0.0
2009-04-08,2.861,-0.016162
2009-04-09,2.88,0.006641
2009-04-10,2.924,0.015278
2009-04-13,2.951,0.009234
2009-04-14,2.97,0.006438
2009-04-15,2.982,0.00404
2009-04-16,2.982,0.0
2009-04-17,2.976,-0.002012
2009-04-20,3.007,0.010417
2009-04-21,2.995,-0.003991
2009-04-22,2.939,-0.018698
2009-04-23,2.951,0.004083
2009-04-24,2.951,0.0
2009-04-27,2.927,-0.008133
2009-04-28,2.933,0.00205
2009-04-29,2.97,0.012615
2009-04-30,2.989,0.006397
2009-05-04,3.032,0.014386
2009-05-05,3.038,0.001979
2009-05-06,3.057,0.006254
2009-05-07,3.054,-0.000981
2009-05-08,3.069,0.004912
2009-05-11,3.038,-0.010101
2009-05-12,3.069,0.010204
2009-05-13,3.082,0.004236
2009-05-14,3.079,-0.000973
2009-05-15,3.085,0.001949
2009-05-18,3.113,0.009076
2009-05-19,3.125,0.003855
2009-05-20,3.103,-0.00704
2009-05-21,3.082,-0.006768
2009-05-22,3.076,-0.001947
2009-05-25,3.076,0.0
2009-05-26,3.066,-0.003251
2009-05-27,3.085,0.006197
2009-06-01,3.135,0.016207
2009-06-02,3.135,0.0
2009-06-03,3.166,0.009888
2009-06-04,3.169,0.000948
2009-06-05,3.169,0.0
2009-06-08,3.166,-0.000947
2009-06-09,3.169,0.000948
2009-06-10,3.178,0.00284
2009-06-11,3.166,-0.003776
2009-06-12,3.144,-0.006949
2009-06-15,3.169,0.007952
2009-06-16,3.169,0.0
2009-06-17,3.206,0.011676
2009-06-18,3.231,0.007798
2009-06-19,3.243,0.003714
2009-06-22,3.24,-0.000925
2009-06-23,3.237,-0.000926
2009-06-24,3.252,0.004634
2009-06-25,3.252,0.0
2009-06-26,3.249,-0.000923
2009-06-29,3.274,0.007695
2009-06-30,3.277,0.000916
2009-07-01,3.315,0.011596
2009-07-02,3.333,0.00543
2009-07-03,3.358,0.007501
2009-07-06,3.367,0.00268
2009-07-07,3.361,-0.001782
2009-07-08,3.361,0.0
2009-07-09,3.383,0.006546
2009-07-10,3.389,0.001774
2009-07-13,3.386,-0.000885
2009-07-14,3.423,0.010927
2009-07-15,3.436,0.003798
2009-07-16,3.429,-0.002037
2009-07-17,3.429,0.0
2009-07-20,3.454,0.007291
2009-07-21,3.432,-0.006369
2009-07-22,3.463,0.009033
2009-07-23,3.488,0.007219
2009-07-24,3.498,0.002867
2009-07-27,3.538,0.011435
2009-07-28,3.538,0.0
2009-07-29,3.445,-0.026286
2009-07-30,3.473,0.008128
2009-07-31,3.526,0.015261
2009-08-03,3.557,0.008792
2009-08-04,3.563,0.001687
2009-08-05,3.55,-0.003649
2009-08-06,3.522,-0.007887
2009-08-07,3.473,-0.013913
2009-08-10,3.476,0.000864
2009-08-11,3.479,0.000863
2009-08-12,3.408,-0.020408
2009-08-13,3.42,0.003521
2009-08-14,3.367,-0.015497
2009-08-17,3.265,-0.030294
2009-08-18,3.28,0.004594
2009-08-19,3.218,-0.018902
2009-08-20,3.287,0.021442
2009-08-21,3.318,0.009431
2009-08-24,3.339,0.006329
2009-08-25,3.299,-0.01198
2009-08-26,3.336,0.011216
2009-08-27,3.333,-0.000899
2009-08-28,3.274,-0.017702
2009-08-31,3.169,-0.032071
2009-09-01,3.169,0.0
2009-09-02,3.19,0.006627
2009-09-03,3.265,0.023511
2009-09-04,3.296,0.009495
2009-09-07,3.324,0.008495
2009-09-08,3.361,0.011131
2009-09-09,3.37,0.002678
2009-09-10,3.361,-0.002671
2009-09-11,3.395,0.010116
2009-09-14,3.42,0.007364
2009-09-15,3.423,0.000877
2009-09-16,3.405,-0.005259
2009-09-17,3.439,0.009985
2009-09-18,3.386,-0.015411
2009-09-21,3.417,0.009155
2009-09-22,3.392,-0.007316
2009-09-23,3.355,-0.010908
2009-09-24,3.352,-0.000894
2009-09-25,3.339,-0.003878
2009-09-28,3.305,-0.010183
2009-09-29,3.302,-0.000908
2009-09-30,3.321,0.005754
2009-10-09,3.398,0.023186
2009-10-12,3.408,0.002943
2009-10-13,3.429,0.006162
2009-10-14,3.439,0.002916
2009-10-15,3.439,0.0
2009-10-16,3.436,-0.000872
2009-10-19,3.482,0.013388
2009-10-20,3.51,0.008041
2009-10-21,3.504,-0.001709
2009-10-22,3.494,-0.002854
2009-10-23,3.535,0.011734
2009-10-26,3.547,0.003395
2009-10-27,3.513,-0.009586
2009-10-28,3.522,0.002562
2009-10-29,3.491,-0.008802
2009-10-30,3.513,0.006302
2009-11-02,3.597,0.023911
2009-11-03,3.625,0.007784
2009-11-04,3.637,0.00331
2009-11-05,3.637,0.0
2009-11-06,3.637,0.0
2009-11-09,3.647,0.00275
2009-11-10,3.662,0.004113
2009-11-11,3.671,0.002458
2009-11-12,3.678,0.001907
2009-11-13,3.696,0.004894
2009-11-16,3.743,0.012716
2009-11-17,3.737,-0.001603
2009-11-18,3.733,-0.00107
2009-11-19,3.73,-0.000804
2009-11-20,3.724,-0.001609
2009-11-23,3.755,0.008324
2009-11-24,3.681,-0.019707
2009-11-25,3.746,0.017658
2009-11-26,3.674,-0.019221
2009-11-27,3.631,-0.011704
2009-11-30,3.706,0.020655
2009-12-01,3.733,0.007285
2009-12-02,3.764,0.008304
2009-12-03,3.749,-0.003985
2009-12-04,3.752,0.0008
2009-12-07,3.761,0.002399
2009-12-08,3.743,-0.004786
2009-12-09,3.706,-0.009885
2009-12-10,3.718,0.003238
2009-12-11,3.727,0.002421
2009-12-14,3.733,0.00161
2009-12-15,3.724,-0.002411
2009-12-16,3.715,-0.002417
2009-12-17,3.656,-0.015882
2009-12-18,3.6,-0.015317
2009-12-21,3.606,0.001667
2009-12-22,3.566,-0.011093
2009-12-23,3.588,0.006169
2009-12-24,3.668,0.022297
2009-12-25,3.674,0.001636
2009-12-28,3.696,0.005988
2009-12-29,3.706,0.002706
2009-12-30,3.727,0.005666
2009-12-31,3.74,0.003488
2010-01-04,3.737,-0.000802
2010-01-05,3.755,0.004817
2010-01-06,3.743,-0.003196
2010-01-07,3.693,-0.013358
2010-01-08,3.693,0.0
2010-01-11,3.693,0.0
2010-01-12,3.73,0.010019
2010-01-13,3.693,-0.00992
2010-01-14,3.727,0.009207
2010-01-15,3.737,0.002683
2010-01-18,3.755,0.004817
2010-01-19,3.755,0.0
2010-01-20,3.696,-0.015712
2010-01-21,3.699,0.000812
2010-01-22,3.662,-0.010003
2010-01-25,3.643,-0.005188
2010-01-26,3.591,-0.014274
2010-01-27,3.572,-0.005291
2010-01-28,3.588,0.004479
2010-01-29,3.6,0.003344
2010-02-01,3.569,-0.008611
2010-02-02,3.557,-0.003362
2010-02-03,3.578,0.005904
2010-02-04,3.575,-0.000838
2010-02-05,3.541,-0.00951
2010-02-08,3.541,0.0
2010-02-09,3.55,0.002542
2010-02-10,3.584,0.009577
2010-02-11,3.591,0.001953
2010-02-12,3.609,0.005013
2010-02-22,3.6,-0.002494
2010-02-23,3.594,-0.001667
2010-02-24,3.631,0.010295
2010-02-25,3.662,0.008538
2010-02-26,3.659,-0.000819
2010-03-01,3.671,0.00328
2010-03-02,3.668,-0.000817
2010-03-03,3.678,0.002726
2010-03-04,3.619,-0.016041
2010-03-05,3.622,0.000829
2010-03-08,3.637,0.004141
2010-03-09,3.643,0.00165
2010-03-10,3.625,-0.004941
2010-03-11,3.622,-0.000828
2010-03-12,3.591,-0.008559
2010-03-15,3.563,-0.007797
2010-03-16,3.578,0.00421
2010-03-17,3.622,0.012297
2010-03-18,3.622,0.0
2010-03-19,3.634,0.003313
2010-03-22,3.656,0.006054
2010-03-23,3.647,-0.002462
2010-03-24,3.659,0.00329
2010-03-25,3.64,-0.005193
2010-03-26,3.662,0.006044
2010-03-29,3.69,0.007646
2010-03-30,3.702,0.003252
2010-03-31,3.702,0.0
2010-04-01,3.743,0.011075
2010-04-02,3.746,0.000801
2010-04-06,3.752,0.001602
2010-04-07,3.752,0.0
2010-04-08,3.746,-0.001599
2010-04-09,3.777,0.008275
2010-04-12,3.789,0.003177
2010-04-13,3.78,-0.002375
2010-04-14,3.789,0.002381
2010-04-15,3.777,-0.003167
2010-04-16,3.764,-0.003442
2010-04-19,3.678,-0.022848
2010-04-20,3.718,0.010875
2010-04-21,3.771,0.014255
2010-04-22,3.764,-0.001856
2010-04-23,3.743,-0.005579
2010-04-26,3.737,-0.001603
2010-04-27,3.696,-0.010971
2010-04-28,3.678,-0.00487
2010-04-29,3.65,-0.007613
2010-04-30,3.619,-0.008493
2010-05-04,3.609,-0.002763
2010-05-05,3.637,0.007758
2010-05-06,3.563,-0.020346
2010-05-07,3.519,-0.012349
2010-05-10,3.498,-0.005968
2010-05-11,3.451,-0.013436
2010-05-12,3.451,0.0
2010-05-13,3.507,0.016227
2010-05-14,3.51,0.000855
2010-05-17,3.417,-0.026496
2010-05-18,3.448,0.009072
2010-05-19,3.47,0.006381
2010-05-20,3.442,-0.008069
2010-05-21,3.473,0.009006
2010-05-24,3.535,0.017852
2010-05-25,3.504,-0.008769
2010-05-26,3.498,-0.001712
2010-05-27,3.522,0.006861
2010-05-28,3.529,0.001988
2010-05-31,3.485,-0.012468
2010-06-01,3.46,-0.007174
2010-06-02,3.47,0.00289
2010-06-03,3.457,-0.003746
2010-06-04,3.454,-0.000868
2010-06-07,3.432,-0.006369
2010-06-08,3.436,0.001166
2010-06-09,3.485,0.014261
2010-06-10,3.479,-0.001722
2010-06-11,3.473,-0.001725
2010-06-17,3.454,-0.005471
2010-06-18,3.398,-0.016213
2010-06-21,3.46,0.018246
2010-06-22,3.46,0.0
2010-06-23,3.445,-0.004335
2010-06-24,3.448,0.000871
2010-06-25,3.429,-0.00551
2010-06-28,3.408,-0.006124
2010-06-29,3.327,-0.023768
2010-06-30,3.324,-0.000902
2010-07-01,3.293,-0.009326
2010-07-02,3.287,-0.001822
2010-07-05,3.283,-0.001217
2010-07-06,3.321,0.011575
2010-07-07,3.346,0.007528
2010-07-08,3.349,0.000897
2010-07-09,3.401,0.015527
2010-07-12,3.417,0.004704
2010-07-13,3.395,-0.006438
2010-07-14,3.405,0.002946
2010-07-15,3.373,-0.009398
2010-07-16,3.38,0.002075
2010-07-19,3.429,0.014497
2010-07-20,3.473,0.012832
2010-07-21,3.479,0.001728
2010-07-22,3.504,0.007186
2010-07-23,3.519,0.004281
2010-07-26,3.529,0.002842
2010-07-27,3.529,0.0
2010-07-28,3.572,0.012185
2010-07-29,3.572,0.0
2010-07-30,3.572,0.0
2010-08-02,3.622,0.013998
2010-08-03,3.584,-0.010491
2010-08-04,3.603,0.005301
2010-08-05,3.609,0.001665
2010-08-06,3.65,0.01136
2010-08-09,3.671,0.005753
2010-08-10,3.606,-0.017706
2010-08-11,3.631,0.006933
2010-08-12,3.606,-0.006885
2010-08-13,3.64,0.009429
2010-08-16,3.681,0.011264
2010-08-17,3.696,0.004075
2010-08-18,3.693,-0.000812
2010-08-19,3.702,0.002437
2010-08-20,3.653,-0.013236
2010-08-23,3.656,0.000821
2010-08-24,3.678,0.006018
2010-08-25,3.653,-0.006797
2010-08-26,3.671,0.004927
2010-08-27,3.684,0.003541
2010-08-30,3.743,0.016015
2010-08-31,3.761,0.004809
2010-09-01,3.743,-0.004786
2010-09-02,3.777,0.009084
2010-09-03,3.78,0.000794
2010-09-06,3.786,0.001587
2010-09-07,3.795,0.002377
2010-09-08,3.802,0.001845
2010-09-09,3.764,-0.009995
2010-09-10,3.789,0.006642
2010-09-13,3.827,0.010029
2010-09-14,3.836,0.002352
2010-09-15,3.802,-0.008863
2010-09-16,3.743,-0.015518
2010-09-17,3.752,0.002404
2010-09-20,3.74,-0.003198
2010-09-21,3.733,-0.001872
2010-09-27,3.795,0.016609
2010-09-28,3.808,0.003426
2010-09-29,3.795,-0.003414
2010-09-30,3.839,0.011594
2010-10-08,3.917,0.020318
2010-10-11,3.926,0.002298
2010-10-12,3.929,0.000764
2010-10-13,3.957,0.007126
2010-10-14,3.917,-0.010109
2010-10-15,3.944,0.006893
2010-10-18,3.923,-0.005325
2010-10-19,4.0,0.019628
2010-10-20,4.056,0.014
2010-10-21,4.038,-0.004438
2010-10-22,4.056,0.004458
2010-10-25,4.128,0.017751
2010-10-26,4.093,-0.008479
2010-10-27,4.05,-0.010506
2010-10-28,4.05,0.0
2010-10-29,4.075,0.006173
2010-11-01,4.146,0.017423
2010-11-02,4.146,0.0
2010-11-03,4.121,-0.00603
2010-11-04,4.165,0.010677
2010-11-05,4.193,0.006723
2010-11-08,4.211,0.004293
2010-11-09,4.221,0.002375
2010-11-10,4.224,0.000711
2010-11-11,4.208,-0.003788
2010-11-12,4.059,-0.035409
2010-11-15,4.121,0.015275
2010-11-16,4.022,-0.024023
2010-11-17,3.948,-0.018399
2010-11-18,3.991,0.010892
2010-11-19,4.075,0.021047
2010-11-22,4.084,0.002209
2010-11-23,4.05,-0.008325
2010-11-24,4.109,0.014568
2010-11-25,4.112,0.00073
2010-11-26,4.1,-0.002918
2010-11-29,4.112,0.002927
2010-11-30,4.059,-0.012889
2010-12-01,4.053,-0.001478
2010-12-02,4.05,-0.00074
2010-12-03,4.034,-0.003951
2010-12-06,4.019,-0.003718
2010-12-07,4.075,0.013934
2010-12-08,4.087,0.002945
2010-12-09,4.069,-0.004404
2010-12-10,4.1,0.007619
2010-12-13,4.162,0.015122
2010-12-14,4.171,0.002162
2010-12-15,4.14,-0.007432
2010-12-16,4.131,-0.002174
2010-12-17,4.143,0.002905
2010-12-20,4.093,-0.012069
2010-12-21,4.118,0.006108
2010-12-22,4.1,-0.004371
2010-12-23,4.053,-0.011463
2010-12-24,4.022,-0.007649
2010-12-27,3.966,-0.013923
2010-12-28,3.913,-0.013364
2010-12-29,3.957,0.011245
2010-12-30,3.972,0.003791
2010-12-31,4.028,0.014099
2011-01-04,4.072,0.010924
2011-01-05,4.047,-0.006139
2011-01-06,4.013,-0.008401
2011-01-07,3.994,-0.004735
2011-01-10,3.938,-0.014021
2011-01-11,3.929,-0.002285
2011-01-12,3.923,-0.001527
2011-01-13,3.926,0.000765
2011-01-14,3.879,-0.011971
2011-01-17,3.82,-0.01521
2011-01-18,3.823,0.000785
2011-01-19,3.87,0.012294
2011-01-20,3.823,-0.012145
2011-01-21,3.83,0.001831
2011-01-24,3.795,-0.009138
2011-01-25,3.777,-0.004743
2011-01-26,3.795,0.004766
2011-01-27,3.83,0.009223
2011-01-28,3.842,0.003133
2011-01-31,3.867,0.006507
2011-02-01,3.867,0.0
2011-02-09,3.858,-0.002327
2011-02-10,3.882,0.006221
2011-02-11,3.895,0.003349
2011-02-14,3.929,0.008729
2011-02-15,3.926,-0.000764
2011-02-16,3.941,0.003821
2011-02-17,3.941,0.0
2011-02-18,3.92,-0.005329
2011-02-21,3.938,0.004592
2011-02-22,3.892,-0.011681
2011-02-23,3.898,0.001542
2011-02-24,3.91,0.003079
2011-02-25,3.913,0.000767
2011-02-28,3.944,0.007922
2011-03-01,3.938,-0.001521
2011-03-02,3.932,-0.001524
2011-03-03,3.913,-0.004832
2011-03-04,3.932,0.004856
2011-03-07,3.951,0.004832
2011-03-08,3.951,0.0
2011-03-09,3.963,0.003037
2011-03-10,3.941,-0.005551
2011-03-11,3.932,-0.002284
2011-03-14,3.941,0.002289
2011-03-15,3.91,-0.007866
2011-03-16,3.926,0.004092
2011-03-17,3.907,-0.00484
2011-03-18,3.913,0.001536
2011-03-21,3.904,-0.0023
2011-03-22,3.901,-0.000768
2011-03-23,3.923,0.00564
2011-03-24,3.92,-0.000765
2011-03-25,3.926,0.001531
2011-03-28,3.913,-0.003311
2011-03-29,3.885,-0.007156
2011-03-30,3.879,-0.001544
2011-03-31,3.867,-0.003094
2011-04-01,3.889,0.005689
2011-04-06,3.889,0.0
2011-04-07,3.904,0.003857
2011-04-08,3.923,0.004867
2011-04-11,3.904,-0.004843
2011-04-12,3.904,0.0
2011-04-13,3.92,0.004098
2011-04-14,3.907,-0.003316
2011-04-15,3.904,-0.000768
2011-04-18,3.907,0.000768
2011-04-19,3.889,-0.004607
2011-04-20,3.889,0.0
2011-04-21,3.898,0.002314
2011-04-22,3.889,-0.002309
2011-04-25,3.867,-0.005657
2011-04-26,3.854,-0.003362
2011-04-27,3.836,-0.00467
2011-04-28,3.805,-0.008081
2011-04-29,3.82,0.003942
2011-05-03,3.83,0.002618
2011-05-04,3.789,-0.010705
2011-05-05,3.795,0.001584
2011-05-06,3.799,0.001054
2011-05-09,3.802,0.00079
2011-05-10,3.805,0.000789
2011-05-11,3.805,0.0
2011-05-12,3.789,-0.004205
2011-05-13,3.795,0.001584
2011-05-16,3.792,-0.000791
2011-05-17,3.795,0.000791
2011-05-18,3.799,0.001054
2011-05-19,3.792,-0.001843
2011-05-20,3.786,-0.001582
2011-05-23,3.749,-0.009773
2011-05-24,3.749,0.0
2011-05-25,3.743,-0.0016
2011-05-26,3.733,-0.002672
2011-05-27,3.724,-0.002411
2011-05-30,3.721,-0.000806
2011-05-31,3.737,0.0043
2011-06-01,3.743,0.001606
2011-06-02,3.721,-0.005878
2011-06-03,3.737,0.0043
2011-06-07,3.746,0.002408
2011-06-08,3.746,0.0
2011-06-09,3.724,-0.005873
2011-06-10,3.727,0.000806
2011-06-13,3.718,-0.002415
2011-06-14,3.737,0.00511
2011-06-15,3.73,-0.001873
2011-06-16,3.712,-0.004826
2011-06-17,3.706,-0.001616
2011-06-20,3.69,-0.004317
2011-06-21,3.699,0.002439
2011-06-22,3.696,-0.000811
2011-06-23,3.721,0.006764
2011-06-24,3.749,0.007525
2011-06-27,3.749,0.0
2011-06-28,3.755,0.0016
2011-06-29,3.74,-0.003995
2011-06-30,3.758,0.004813
2011-07-01,3.764,0.001597
2011-07-04,3.792,0.007439
2011-07-05,3.792,0.0
2011-07-06,3.795,0.000791
2011-07-07,3.802,0.001845
2011-07-08,3.802,0.0
2011-07-11,3.808,0.001578
2011-07-12,3.792,-0.004202
2011-07-13,3.811,0.005011
2011-07-14,3.814,0.000787
2011-07-15,3.827,0.003408
2011-07-18,3.82,-0.001829
2011-07-19,3.808,-0.003141
2011-07-20,3.808,0.0
2011-07-21,3.799,-0.002363
2011-07-22,3.805,0.001579
2011-07-25,3.764,-0.010775
2011-07-26,3.764,0.0
2011-07-27,3.786,0.005845
2011-07-28,3.783,-0.000792
2011-07-29,3.777,-0.001586
2011-08-01,3.774,-0.000794
2011-08-02,3.771,-0.000795
2011-08-03,3.78,0.002387
2011-08-04,3.78,0.0
2011-08-05,3.768,-0.003175
2011-08-08,3.737,-0.008227
2011-08-09,3.733,-0.00107
2011-08-10,3.755,0.005893
2011-08-11,3.78,0.006658
2011-08-12,3.786,0.001587
2011-08-15,3.799,0.003434
2011-08-16,3.789,-0.002632
2011-08-17,3.786,-0.000792
2011-08-18,3.758,-0.007396
2011-08-19,3.752,-0.001597
2011-08-22,3.74,-0.003198
2011-08-23,3.758,0.004813
2011-08-24,3.761,0.000798
2011-08-25,3.786,0.006647
2011-08-26,3.783,-0.000792
2011-08-29,3.774,-0.002379
2011-08-30,3.761,-0.003445
2011-08-31,3.755,-0.001595
2011-09-01,3.746,-0.002397
2011-09-02,3.733,-0.00347
2011-09-05,3.709,-0.006429
2011-09-06,3.699,-0.002696
2011-09-07,3.721,0.005948
2011-09-08,3.718,-0.000806
2011-09-09,3.712,-0.001614
2011-09-13,3.693,-0.005119
2011-09-14,3.699,0.001625
2011-09-15,3.706,0.001892
2011-09-16,3.706,0.0
2011-09-19,3.684,-0.005936
2011-09-20,3.687,0.000814
2011-09-21,3.712,0.006781
2011-09-22,3.681,-0.008351
2011-09-23,3.668,-0.003532
2011-09-26,3.637,-0.008451
2011-09-27,3.637,0.0
2011-09-28,3.622,-0.004124
2011-09-29,3.606,-0.004417
2011-09-30,3.606,0.0
2011-10-10,3.6,-0.001664
2011-10-11,3.597,-0.000833
2011-10-12,3.637,0.01112
2011-10-13,3.653,0.004399
2011-10-14,3.65,-0.000821
2011-10-17,3.656,0.001644
2011-10-18,3.634,-0.006018
2011-10-19,3.625,-0.002477
2011-10-20,3.597,-0.007724
2011-10-21,3.584,-0.003614
2011-10-24,3.612,0.007812
2011-10-25,3.643,0.008583
2011-10-26,3.662,0.005215
2011-10-27,3.653,-0.002458
2011-10-28,3.681,0.007665
2011-10-31,3.69,0.002445
2011-11-01,3.69,0.0
2011-11-02,3.721,0.008401
2011-11-03,3.718,-0.000806
2011-11-04,3.721,0.000807
2011-11-07,3.712,-0.002419
2011-11-08,3.706,-0.001616
2011-11-09,3.721,0.004047
2011-11-10,3.715,-0.001612
2011-11-11,3.709,-0.001615
2011-11-14,3.727,0.004853
2011-11-15,3.727,0.0
2011-11-16,3.699,-0.007513
2011-11-17,3.699,0.0
2011-11-18,3.678,-0.005677
2011-11-21,3.674,-0.001088
2011-11-22,3.684,0.002722
2011-11-23,3.681,-0.000814
2011-11-24,3.69,0.002445
2011-11-25,3.687,-0.000813
2011-11-28,3.696,0.002441
2011-11-29,3.702,0.001623
2011-11-30,3.678,-0.006483
2011-12-01,3.699,0.00571
2011-12-02,3.69,-0.002433
2011-12-05,3.659,-0.008401
2011-12-06,3.662,0.00082
2011-12-07,3.671,0.002458
2011-12-08,3.678,0.001907
2011-12-09,3.678,0.0
2011-12-12,3.659,-0.005166
2011-12-13,3.631,-0.007652
2011-12-14,3.612,-0.005233
2011-12-15,3.6,-0.003322
2011-12-16,3.628,0.007778
2011-12-19,3.634,0.001654
2011-12-20,3.625,-0.002477
2011-12-21,3.603,-0.006069
2011-12-22,3.606,0.000833
2011-12-23,3.603,-0.000832
2011-12-26,3.594,-0.002498
2011-12-27,3.569,-0.006956
2011-12-28,3.557,-0.003362
2011-12-29,3.569,0.003374
2011-12-30,3.591,0.006164
2011-12-31,3.591,0.0
2012-01-04,3.557,-0.009468
2012-01-05,3.504,-0.0149
2012-01-06,3.51,0.001712
2012-01-09,3.535,0.007123
2012-01-10,3.563,0.007921
2012-01-11,3.56,-0.000842
2012-01-12,3.543,-0.004775
2012-01-13,3.499,-0.012419
2012-01-16,3.45,-0.014004
2012-01-17,3.478,0.008116
2012-01-18,3.428,-0.014376
2012-01-19,3.437,0.002625
2012-01-20,3.456,0.005528
2012-01-30,3.453,-0.000868
2012-01-31,3.456,0.000869
2012-02-01,3.456,0.0
2012-02-02,3.468,0.003472
2012-02-03,3.487,0.005479
2012-02-06,3.496,0.002581
2012-02-07,3.484,-0.003432
2012-02-08,3.499,0.004305
2012-02-09,3.506,0.002001
2012-02-10,3.506,0.0
2012-02-13,3.518,0.003423
2012-02-14,3.521,0.000853
2012-02-15,3.534,0.003692
2012-02-16,3.53,-0.001132
2012-02-17,3.527,-0.00085
2012-02-20,3.53,0.000851
2012-02-21,3.546,0.004533
2012-02-22,3.565,0.005358
2012-02-23,3.571,0.001683
2012-02-24,3.58,0.00252
2012-02-27,3.58,0.0
2012-02-28,3.568,-0.003352
2012-02-29,3.555,-0.003643
2012-03-01,3.558,0.000844
2012-03-02,3.574,0.004497
2012-03-05,3.574,0.0
2012-03-06,3.565,-0.002518
2012-03-07,3.558,-0.001964
2012-03-08,3.568,0.002811
2012-03-09,3.583,0.004204
2012-03-12,3.589,0.001675
2012-03-13,3.599,0.002786
2012-03-14,3.562,-0.010281
2012-03-15,3.562,0.0
2012-03-16,3.586,0.006738
2012-03-19,3.589,0.000837
2012-03-20,3.568,-0.005851
2012-03-21,3.562,-0.001682
2012-03-22,3.558,-0.001123
2012-03-23,3.546,-0.003373
2012-03-26,3.546,0.0
2012-03-27,3.543,-0.000846
2012-03-28,3.512,-0.00875
2012-03-29,3.506,-0.001708
2012-03-30,3.503,-0.000856
2012-03-31,3.503,0.0
2012-04-05,3.527,0.006851
2012-04-06,3.534,0.001985
2012-04-09,3.527,-0.001981
2012-04-10,3.537,0.002835
2012-04-11,3.537,0.0
2012-04-12,3.558,0.005937
2012-04-13,3.562,0.001124
2012-04-16,3.565,0.000842
2012-04-17,3.546,-0.00533
2012-04-18,3.565,0.005358
2012-04-19,3.565,0.0
2012-04-20,3.568,0.000842
2012-04-23,3.543,-0.007007
2012-04-24,3.543,0.0
2012-04-25,3.558,0.004234
2012-04-26,3.562,0.001124
2012-04-27,3.555,-0.001965
2012-05-02,3.574,0.005345
2012-05-03,3.58,0.001679
2012-05-04,3.589,0.002514
2012-05-07,3.599,0.002786
2012-05-08,3.596,-0.000834
2012-05-09,3.574,-0.006118
2012-05-10,3.574,0.0
2012-05-11,3.568,-0.001679
2012-05-14,3.565,-0.000841
2012-05-15,3.565,0.0
2012-05-16,3.546,-0.00533
2012-05-17,3.562,0.004512
2012-05-18,3.546,-0.004492
2012-05-21,3.546,0.0
2012-05-22,3.565,0.005358
2012-05-23,3.568,0.000842
2012-05-24,3.552,-0.004484
2012-05-25,3.543,-0.002534
2012-05-28,3.565,0.006209
2012-05-29,3.589,0.006732
2012-05-30,3.586,-0.000836
2012-05-31,3.583,-0.000837
2012-06-01,3.583,0.0
2012-06-04,3.546,-0.010327
2012-06-05,3.546,0.0
2012-06-06,3.537,-0.002538
2012-06-07,3.537,0.0
2012-06-08,3.534,-0.000848
2012-06-11,3.568,0.009621
2012-06-12,3.558,-0.002803
2012-06-13,3.577,0.00534
2012-06-14,3.558,-0.005312
2012-06-15,3.558,0.0
2012-06-18,3.574,0.004497
2012-06-19,3.558,-0.004477
2012-06-20,3.549,-0.00253
2012-06-21,3.527,-0.006199
2012-06-25,3.49,-0.010491
2012-06-26,3.493,0.00086
2012-06-27,3.49,-0.000859
2012-06-28,3.478,-0.003438
2012-06-29,3.503,0.007188
2012-06-30,3.503,0.0
2012-07-02,3.509,0.001713
2012-07-03,3.509,0.0
2012-07-04,3.512,0.000855
2012-07-05,3.503,-0.002563
2012-07-06,3.518,0.004282
2012-07-09,3.487,-0.008812
2012-07-10,3.468,-0.005449
2012-07-11,3.478,0.002884
2012-07-12,3.515,0.010638
2012-07-13,3.509,-0.001707
2012-07-16,3.475,-0.009689
2012-07-17,3.478,0.000863
2012-07-18,3.481,0.000863
2012-07-19,3.481,0.0
2012-07-20,3.462,-0.005458
2012-07-23,3.447,-0.004333
2012-07-24,3.456,0.002611
2012-07-25,3.45,-0.001736
2012-07-26,3.444,-0.001739
2012-07-27,3.44,-0.001161
2012-07-30,3.428,-0.003488
2012-07-31,3.413,-0.004376
2012-08-01,3.425,0.003516
2012-08-02,3.413,-0.003504
2012-08-03,3.434,0.006153
2012-08-06,3.459,0.00728
2012-08-07,3.465,0.001735
2012-08-08,3.456,-0.002597
2012-08-09,3.484,0.008102
2012-08-10,3.468,-0.004592
2012-08-13,3.447,-0.006055
2012-08-14,3.447,0.0
2012-08-15,3.437,-0.002901
2012-08-16,3.419,-0.005237
2012-08-17,3.406,-0.003802
2012-08-20,3.406,0.0
2012-08-21,3.413,0.002055
2012-08-22,3.4,-0.003809
2012-08-23,3.391,-0.002647
2012-08-24,3.369,-0.006488
2012-08-27,3.347,-0.00653
2012-08-28,3.347,0.0
2012-08-29,3.332,-0.004482
2012-08-30,3.313,-0.005702
2012-08-31,3.316,0.000906
2012-09-03,3.341,0.007539
2012-09-04,3.338,-0.000898
2012-09-05,3.335,-0.000899
2012-09-06,3.341,0.001799
2012-09-07,3.394,0.015864
2012-09-10,3.4,0.001768
2012-09-11,3.397,-0.000882
2012-09-12,3.403,0.001766
2012-09-13,3.391,-0.003526
2012-09-14,3.391,0.0
2012-09-17,3.354,-0.010911
2012-09-18,3.344,-0.002982
2012-09-19,3.341,-0.000897
2012-09-20,3.323,-0.005388
2012-09-21,3.323,0.0
2012-09-24,3.329,0.001806
2012-09-25,3.335,0.001802
2012-09-26,3.323,-0.003598
2012-09-27,3.344,0.00632
2012-09-28,3.363,0.005682
2012-09-30,3.363,0.0
2012-10-08,3.354,-0.002676
2012-10-09,3.372,0.005367
2012-10-10,3.375,0.00089
2012-10-11,3.363,-0.003556
2012-10-12,3.36,-0.000892
2012-10-15,3.363,0.000893
2012-10-16,3.375,0.003568
2012-10-17,3.375,0.0
2012-10-18,3.391,0.004741
2012-10-19,3.388,-0.000885
2012-10-22,3.391,0.000885
2012-10-23,3.372,-0.005603
2012-10-24,3.366,-0.001779
2012-10-25,3.354,-0.003565
2012-10-26,3.335,-0.005665
2012-10-29,3.335,0.0
2012-10-30,3.335,0.0
2012-10-31,3.341,0.001799
2012-11-01,3.357,0.004789
2012-11-02,3.354,-0.000894
2012-11-05,3.347,-0.002087
2012-11-06,3.335,-0.003585
2012-11-07,3.332,-0.0009
2012-11-08,3.316,-0.004802
2012-11-09,3.316,0.0
2012-11-12,3.316,0.0
2012-11-13,3.304,-0.003619
2012-11-14,3.301,-0.000908
2012-11-15,3.292,-0.002726
2012-11-16,3.292,0.0
2012-11-19,3.292,0.0
2012-11-20,3.292,0.0
2012-11-21,3.285,-0.002126
2012-11-22,3.279,-0.001826
2012-11-23,3.285,0.00183
2012-11-26,3.276,-0.00274
2012-11-27,3.254,-0.006716
2012-11-28,3.239,-0.00461
2012-11-29,3.236,-0.000926
2012-11-30,3.251,0.004635
2012-12-03,3.248,-0.000923
2012-12-04,3.257,0.002771
2012-12-05,3.282,0.007676
2012-12-06,3.285,0.000914
2012-12-07,3.295,0.003044
2012-12-10,3.304,0.002731
2012-12-11,3.298,-0.001816
2012-12-12,3.298,0.0
2012-12-13,3.292,-0.001819
2012-12-14,3.329,0.011239
2012-12-17,3.329,0.0
2012-12-18,3.326,-0.000901
2012-12-19,3.329,0.000902
2012-12-20,3.335,0.001802
2012-12-21,3.341,0.001799
2012-12-24,3.354,0.003891
2012-12-25,3.375,0.006261
2012-12-26,3.385,0.002963
2012-12-27,3.378,-0.002068
2012-12-28,3.385,0.002072
2012-12-31,3.403,0.005318
2013-01-04,3.394,-0.002645
2013-01-07,3.397,0.000884
2013-01-08,3.4,0.000883
2013-01-09,3.406,0.001765
2013-01-10,3.406,0.0
2013-01-11,3.382,-0.007046
2013-01-14,3.416,0.010053
2013-01-15,3.434,0.005269
2013-01-16,3.434,0.0
2013-01-17,3.428,-0.001747
2013-01-18,3.447,0.005543
2013-01-21,3.459,0.003481
2013-01-22,3.44,-0.005493
2013-01-23,3.437,-0.000872
2013-01-24,3.419,-0.005237
2013-01-25,3.422,0.000877
2013-01-28,3.453,0.009059
2013-01-29,3.465,0.003475
2013-01-30,3.465,0.0
2013-01-31,3.459,-0.001732
2013-02-01,3.475,0.004626
2013-02-04,3.465,-0.002878
2013-02-05,3.478,0.003752
2013-02-06,3.478,0.0
2013-02-07,3.487,0.002588
2013-02-08,3.506,0.005449
2013-02-18,3.506,0.0
2013-02-19,3.475,-0.008842
2013-02-20,3.496,0.006043
2013-02-21,3.481,-0.004291
2013-02-22,3.478,-0.000862
2013-02-25,3.49,0.00345
2013-02-26,3.468,-0.006304
2013-02-27,3.456,-0.00346
2013-02-28,3.487,0.00897
2013-03-01,3.496,0.002581
2013-03-04,3.459,-0.010584
2013-03-05,3.481,0.00636
2013-03-06,3.499,0.005171
2013-03-07,3.484,-0.004287
2013-03-08,3.478,-0.001722
2013-03-11,3.475,-0.000863
2013-03-12,3.45,-0.007194
2013-03-13,3.437,-0.003768
2013-03-14,3.44,0.000873
2013-03-15,3.447,0.002035
2013-03-18,3.431,-0.004642
2013-03-19,3.44,0.002623
2013-03-20,3.475,0.010174
2013-03-21,3.487,0.003453
2013-03-22,3.493,0.001721
2013-03-25,3.49,-0.000859
2013-03-26,3.481,-0.002579
2013-03-27,3.487,0.001724
2013-03-28,3.456,-0.00889
2013-03-29,3.453,-0.000868
2013-04-01,3.459,0.001738
2013-04-02,3.44,-0.005493
2013-04-03,3.428,-0.003488
2013-04-08,3.437,0.002625
2013-04-09,3.45,0.003782
2013-04-10,3.444,-0.001739
2013-04-11,3.444,0.0
2013-04-12,3.434,-0.002904
2013-04-15,3.422,-0.003494
2013-04-16,3.431,0.00263
2013-04-17,3.456,0.007287
2013-04-18,3.462,0.001736
2013-04-19,3.484,0.006355
2013-04-22,3.493,0.002583
2013-04-23,3.45,-0.01231
2013-04-24,3.487,0.010725
2013-04-25,3.462,-0.007169
2013-04-26,3.44,-0.006355
2013-05-02,3.444,0.001163
2013-05-03,3.462,0.005226
2013-05-06,3.487,0.007221
2013-05-07,3.496,0.002581
2013-05-08,3.503,0.002002
2013-05-09,3.496,-0.001998
2013-05-10,3.503,0.002002
2013-05-13,3.503,0.0
2013-05-14,3.481,-0.00628
2013-05-15,3.49,0.002585
2013-05-16,3.506,0.004585
2013-05-17,3.53,0.006845
2013-05-20,3.552,0.006232
2013-05-21,3.574,0.006194
2013-05-22,3.568,-0.001679
2013-05-23,3.565,-0.000841
2013-05-24,3.586,0.005891
2013-05-27,3.602,0.004462
2013-05-28,3.593,-0.002499
2013-05-29,3.599,0.00167
2013-05-30,3.599,0.0
2013-05-31,3.589,-0.002779
2013-06-03,3.571,-0.005015
2013-06-04,3.537,-0.009521
2013-06-05,3.54,0.000848
2013-06-06,3.521,-0.005367
2013-06-07,3.503,-0.005112
2013-06-13,3.481,-0.00628
2013-06-14,3.506,0.007182
2013-06-17,3.499,-0.001997
2013-06-18,3.506,0.002001
2013-06-19,3.503,-0.000856
2013-06-20,3.459,-0.012561
2013-06-21,3.462,0.000867
2013-06-24,3.394,-0.019642
2013-06-25,3.397,0.000884
2013-06-26,3.425,0.008243
2013-06-27,3.409,-0.004672
2013-06-28,3.428,0.005573
2013-06-30,3.428,0.0
2013-07-01,3.468,0.011669
2013-07-02,3.496,0.008074
2013-07-03,3.499,0.000858
2013-07-04,3.503,0.001143
2013-07-05,3.49,-0.003711
2013-07-08,3.456,-0.009742
2013-07-09,3.459,0.000868
2013-07-10,3.49,0.008962
2013-07-11,3.524,0.009742
2013-07-12,3.512,-0.003405
2013-07-15,3.53,0.005125
2013-07-16,3.537,0.001983
2013-07-17,3.512,-0.007068
2013-07-18,3.509,-0.000854
2013-07-19,3.499,-0.00285
2013-07-22,3.524,0.007145
2013-07-23,3.565,0.011635
2013-07-24,3.583,0.005049
2013-07-25,3.552,-0.008652
2013-07-26,3.552,0.0
2013-07-29,3.524,-0.007883
2013-07-30,3.509,-0.004257
2013-07-31,3.515,0.00171
2013-08-01,3.546,0.008819
2013-08-02,3.54,-0.001692
2013-08-05,3.565,0.007062
2013-08-06,3.574,0.002525
2013-08-07,3.555,-0.005316
2013-08-08,3.565,0.002813
2013-08-09,3.565,0.0
2013-08-12,3.571,0.001683
2013-08-13,3.574,0.00084
2013-08-14,3.565,-0.002518
2013-08-15,3.549,-0.004488
2013-08-16,3.524,-0.007044
2013-08-19,3.555,0.008797
2013-08-20,3.555,0.0
2013-08-21,3.558,0.000844
2013-08-22,3.562,0.001124
2013-08-23,3.568,0.001684
2013-08-26,3.589,0.005886
2013-08-27,3.583,-0.001672
2013-08-28,3.562,-0.005861
2013-08-29,3.558,-0.001123
2013-08-30,3.527,-0.008713
2013-09-02,3.543,0.004536
2013-09-03,3.568,0.007056
2013-09-04,3.571,0.000841
2013-09-05,3.583,0.00336
2013-09-06,3.589,0.001675
2013-09-09,3.589,0.0
2013-09-10,3.593,0.001115
2013-09-11,3.574,-0.005288
2013-09-12,3.571,-0.000839
2013-09-13,3.577,0.00168
2013-09-16,3.586,0.002516
2013-09-17,3.562,-0.006693
2013-09-18,3.577,0.004211
2013-09-23,3.599,0.00615
2013-09-24,3.605,0.001667
2013-09-25,3.586,-0.00527
2013-09-26,3.571,-0.004183
2013-09-27,3.593,0.006161
2013-09-30,3.608,0.004175
2013-10-08,3.614,0.001663
2013-10-09,3.636,0.006087
2013-10-10,3.627,-0.002475
2013-10-11,3.645,0.004963
2013-10-14,3.661,0.00439
2013-10-15,3.667,0.001639
2013-10-16,3.633,-0.009272
2013-10-17,3.63,-0.000826
2013-10-18,3.639,0.002479
2013-10-21,3.676,0.010168
2013-10-22,3.658,-0.004897
2013-10-23,3.624,-0.009295
2013-10-24,3.608,-0.004415
2013-10-25,3.583,-0.006929
2013-10-28,3.568,-0.004186
2013-10-29,3.574,0.001682
2013-10-30,3.599,0.006995
2013-10-31,3.568,-0.008614
2013-11-01,3.565,-0.000841
2013-11-04,3.574,0.002525
2013-11-05,3.593,0.005316
2013-11-06,3.577,-0.004453
2013-11-07,3.562,-0.004193
2013-11-08,3.54,-0.006176
2013-11-11,3.549,0.002542
2013-11-12,3.562,0.003663
2013-11-13,3.54,-0.006176
2013-11-14,3.552,0.00339
2013-11-15,3.58,0.007883
2013-11-18,3.614,0.009497
2013-11-19,3.614,0.0
2013-11-20,3.617,0.00083
2013-11-21,3.614,-0.000829
2013-11-22,3.602,-0.00332
2013-11-25,3.589,-0.003609
2013-11-26,3.586,-0.000836
2013-11-27,3.605,0.005298
2013-11-28,3.614,0.002497
2013-11-29,3.62,0.00166
2013-12-02,3.571,-0.013536
2013-12-03,3.586,0.004201
2013-12-04,3.599,0.003625
2013-12-05,3.586,-0.003612
2013-12-06,3.577,-0.00251
2013-12-09,3.577,0.0
2013-12-10,3.58,0.000839
2013-12-11,3.571,-0.002514
2013-12-12,3.577,0.00168
2013-12-13,3.577,0.0
2013-12-16,3.552,-0.006989
2013-12-17,3.549,-0.000845
2013-12-18,3.552,0.000845
2013-12-19,3.543,-0.002534
2013-12-20,3.534,-0.00254
2013-12-23,3.54,0.001698
2013-12-24,3.552,0.00339
2013-12-25,3.568,0.004505
2013-12-26,3.546,-0.006166
2013-12-27,3.565,0.005358
2013-12-30,3.568,0.000842
2013-12-31,3.571,0.000841
2014-01-02,3.565,-0.00168
2014-01-03,3.555,-0.002805
2014-01-06,3.537,-0.005063
2014-01-07,3.543,0.001696
2014-01-08,3.558,0.004234
2014-01-09,3.565,0.001967
2014-01-10,3.549,-0.004488
2014-01-13,3.54,-0.002536
2014-01-14,3.562,0.006215
2014-01-15,3.577,0.004211
2014-01-16,3.574,-0.000839
2014-01-17,3.555,-0.005316
2014-01-20,3.53,-0.007032
2014-01-21,3.552,0.006232
2014-01-22,3.58,0.007883
2014-01-23,3.596,0.004469
2014-01-24,3.608,0.003337
2014-01-27,3.605,-0.000831
2014-01-28,3.596,-0.002497
2014-01-29,3.614,0.005006
2014-01-30,3.599,-0.004151
2014-02-07,3.633,0.009447
2014-02-10,3.664,0.008533
2014-02-11,3.652,-0.003275
2014-02-12,3.652,0.0
2014-02-13,3.63,-0.006024
2014-02-14,3.648,0.004959
2014-02-17,3.676,0.007675
2014-02-18,3.664,-0.003264
2014-02-19,3.67,0.001638
2014-02-20,3.655,-0.004087
2014-02-21,3.636,-0.005198
2014-02-24,3.624,-0.0033
2014-02-25,3.574,-0.013797
2014-02-26,3.571,-0.000839
2014-02-27,3.549,-0.006161
2014-02-28,3.577,0.00789
2014-03-03,3.608,0.008666
2014-03-04,3.596,-0.003326
2014-03-05,3.586,-0.002781
2014-03-06,3.583,-0.000837
2014-03-07,3.583,0.0
2014-03-10,3.537,-0.012838
2014-03-11,3.537,0.0
2014-03-12,3.534,-0.000848
2014-03-13,3.555,0.005942
2014-03-14,3.558,0.000844
2014-03-17,3.583,0.007026
2014-03-18,3.58,-0.000837
2014-03-19,3.555,-0.006983
2014-03-20,3.509,-0.01294
2014-03-21,3.524,0.004275
2014-03-24,3.521,-0.000851
2014-03-25,3.518,-0.000852
2014-03-26,3.53,0.003411
2014-03-27,3.509,-0.005949
2014-03-28,3.484,-0.007125
2014-03-31,3.468,-0.004592
2014-04-01,3.478,0.002884
2014-04-02,3.465,-0.003738
2014-04-03,3.462,-0.000866
2014-04-04,3.484,0.006355
2014-04-08,3.503,0.005454
2014-04-09,3.518,0.004282
2014-04-10,3.527,0.002558
2014-04-11,3.518,-0.002552
2014-04-14,3.527,0.002558
2014-04-15,3.515,-0.003402
2014-04-16,3.503,-0.003414
2014-04-17,3.506,0.000856
2014-04-18,3.512,0.001711
2014-04-21,3.496,-0.004556
2014-04-22,3.481,-0.004291
2014-04-23,3.481,0.0
2014-04-24,3.459,-0.00632
2014-04-25,3.44,-0.005493
2014-04-28,3.406,-0.009884
2014-04-29,3.425,0.005578
2014-04-30,3.434,0.002628
2014-05-05,3.447,0.003786
2014-05-06,3.456,0.002611
2014-05-07,3.428,-0.008102
2014-05-08,3.425,-0.000875
2014-05-09,3.4,-0.007299
2014-05-12,3.413,0.003824
2014-05-13,3.413,0.0
2014-05-14,3.416,0.000879
2014-05-15,3.397,-0.005562
2014-05-16,3.391,-0.001766
2014-05-19,3.385,-0.001769
2014-05-20,3.388,0.000886
2014-05-21,3.4,0.003542
2014-05-22,3.416,0.004706
2014-05-23,3.425,0.002635
2014-05-26,3.437,0.003504
2014-05-27,3.431,-0.001746
2014-05-28,3.45,0.005538
2014-05-29,3.44,-0.002899
2014-05-30,3.447,0.002035
2014-06-03,3.437,-0.002901
2014-06-04,3.428,-0.002619
2014-06-05,3.44,0.003501
2014-06-06,3.447,0.002035
2014-06-09,3.434,-0.003771
2014-06-10,3.45,0.004659
2014-06-11,3.462,0.003478
2014-06-12,3.456,-0.001733
2014-06-13,3.475,0.005498
2014-06-16,3.481,0.001727
2014-06-17,3.462,-0.005458
2014-06-18,3.456,-0.001733
2014-06-19,3.434,-0.006366
2014-06-20,3.45,0.004659
2014-06-23,3.465,0.004348
2014-06-24,3.472,0.00202
2014-06-25,3.468,-0.001152
2014-06-26,3.487,0.005479
2014-06-27,3.49,0.00086
2014-06-30,3.503,0.003725
2014-07-01,3.499,-0.001142
2014-07-02,3.503,0.001143
2014-07-03,3.499,-0.001142
2014-07-04,3.496,-0.000857
2014-07-07,3.487,-0.002574
2014-07-08,3.493,0.001721
2014-07-09,3.475,-0.005153
2014-07-10,3.472,-0.000863
2014-07-11,3.475,0.000864
2014-07-14,3.493,0.00518
2014-07-15,3.487,-0.001718
2014-07-16,3.475,-0.003441
2014-07-17,3.468,-0.002014
2014-07-18,3.475,0.002018
2014-07-21,3.475,0.0
2014-07-22,3.503,0.008058
2014-07-23,3.484,-0.005424
2014-07-24,3.475,-0.002583
2014-07-25,3.481,0.001727
2014-07-28,3.503,0.00632
2014-07-29,3.521,0.005138
2014-07-30,3.524,0.000852
2014-07-31,3.534,0.002838
2014-08-01,3.515,-0.005376
2014-08-04,3.527,0.003414
2014-08-05,3.53,0.000851
2014-08-06,3.543,0.003683
2014-08-07,3.54,-0.000847
2014-08-08,3.543,0.000847
2014-08-11,3.558,0.004234
2014-08-12,3.565,0.001967
2014-08-13,3.555,-0.002805
2014-08-14,3.546,-0.002532
2014-08-15,3.552,0.001692
2014-08-18,3.568,0.004505
2014-08-19,3.568,0.0
2014-08-20,3.558,-0.002803
2014-08-21,3.552,-0.001686
2014-08-22,3.558,0.001689
2014-08-25,3.546,-0.003373
2014-08-26,3.537,-0.002538
2014-08-27,3.537,0.0
2014-08-28,3.521,-0.004524
2014-08-29,3.537,0.004544
2014-09-01,3.562,0.007068
2014-09-02,3.577,0.004211
2014-09-03,3.583,0.001677
2014-09-04,3.58,-0.000837
2014-09-05,3.577,-0.000838
2014-09-09,3.577,0.0
2014-09-10,3.586,0.002516
2014-09-11,3.593,0.001952
2014-09-12,3.596,0.000835
2014-09-15,3.602,0.001669
2014-09-16,3.552,-0.013881
2014-09-17,3.54,-0.003378
2014-09-18,3.549,0.002542
2014-09-19,3.565,0.004508
2014-09-22,3.537,-0.007854
2014-09-23,3.549,0.003393
2014-09-24,3.565,0.004508
2014-09-25,3.568,0.000842
2014-09-26,3.562,-0.001682
2014-09-29,3.574,0.003369
2014-09-30,3.583,0.002518
2014-10-08,3.605,0.00614
2014-10-09,3.611,0.001664
2014-10-10,3.608,-0.000831
2014-10-13,3.599,-0.002494
2014-10-14,3.589,-0.002779
2014-10-15,3.593,0.001115
2014-10-16,3.574,-0.005288
2014-10-17,3.568,-0.001679
2014-10-20,3.589,0.005886
2014-10-21,3.574,-0.004179
2014-10-22,3.571,-0.000839
2014-10-23,3.568,-0.00084
2014-10-24,3.565,-0.000841
2014-10-27,3.577,0.003366
2014-10-28,3.605,0.007828
2014-10-29,3.624,0.00527
2014-10-30,3.614,-0.002759
2014-10-31,3.605,-0.00249
2014-11-03,3.611,0.001664
2014-11-04,3.605,-0.001662
2014-11-05,3.608,0.000832
2014-11-06,3.627,0.005266
2014-11-07,3.627,0.0
2014-11-10,3.642,0.004136
2014-11-11,3.608,-0.009336
2014-11-12,3.627,0.005266
2014-11-13,3.605,-0.006066
2014-11-14,3.602,-0.000832
2014-11-17,3.62,0.004997
2014-11-18,3.62,0.0
2014-11-19,3.63,0.002762
2014-11-20,3.62,-0.002755
2014-11-21,3.645,0.006906
2014-11-24,3.655,0.002743
2014-11-25,3.676,0.005746
2014-11-26,3.695,0.005169
2014-11-27,3.704,0.002436
2014-11-28,3.714,0.0027
2014-12-01,3.679,-0.009424
2014-12-02,3.701,0.00598
2014-12-03,3.707,0.001621
2014-12-04,3.729,0.005935
2014-12-05,3.723,-0.001609
2014-12-08,3.754,0.008327
2014-12-09,3.661,-0.024774
2014-12-10,3.701,0.010926
2014-12-11,3.723,0.005944
2014-12-12,3.735,0.003223
2014-12-15,3.754,0.005087
2014-12-16,3.76,0.001598
2014-12-17,3.745,-0.003989
2014-12-18,3.773,0.007477
2014-12-19,3.76,-0.003446
2014-12-22,3.695,-0.017287
2014-12-23,3.655,-0.010825
2014-12-24,3.655,0.0
2014-12-25,3.686,0.008482
2014-12-26,3.686,0.0
2014-12-29,3.676,-0.002713
2014-12-30,3.664,-0.003264
2014-12-31,3.701,0.010098
2015-01-05,3.717,0.004323
2015-01-06,3.726,0.002421
2015-01-07,3.71,-0.004294
2015-01-08,3.695,-0.004043
2015-01-09,3.692,-0.000812
2015-01-12,3.683,-0.002438
2015-01-13,3.701,0.004887
2015-01-14,3.698,-0.000811
2015-01-15,3.726,0.007572
2015-01-16,3.742,0.004294
2015-01-19,3.676,-0.017638
2015-01-20,3.745,0.01877
2015-01-21,3.779,0.009079
2015-01-22,3.8,0.005557
2015-01-23,3.778,-0.005789
2015-01-26,3.797,0.005029
2015-01-27,3.797,0.0
2015-01-28,3.782,-0.00395
2015-01-29,3.76,-0.005817
2015-01-30,3.738,-0.005851
2015-02-02,3.744,0.001605
2015-02-03,3.769,0.006677
2015-02-04,3.769,0.0
2015-02-05,3.763,-0.001592
2015-02-06,3.723,-0.01063
2015-02-09,3.707,-0.004298
2015-02-10,3.735,0.007553
2015-02-11,3.766,0.0083
2015-02-12,3.775,0.00239
2015-02-13,3.794,0.005033
2015-02-16,3.828,0.008962
2015-02-17,3.834,0.001567
2015-02-25,3.831,-0.000782
2015-02-26,3.825,-0.001566
2015-02-27,3.856,0.008105
2015-03-02,3.884,0.007261
2015-03-03,3.865,-0.004892
2015-03-04,3.899,0.008797
2015-03-05,3.896,-0.000769
2015-03-06,3.85,-0.011807
2015-03-09,3.872,0.005714
2015-03-10,3.903,0.008006
2015-03-11,3.906,0.000769
2015-03-12,3.89,-0.004096
2015-03-13,3.927,0.009512
2015-03-16,3.983,0.01426
2015-03-17,3.996,0.003264
2015-03-18,4.039,0.010761
2015-03-19,4.048,0.002228
2015-03-20,4.079,0.007658
2015-03-23,4.129,0.012258
2015-03-24,4.148,0.004602
2015-03-25,4.179,0.007473
2015-03-26,4.141,-0.009093
2015-03-27,4.145,0.000966
2015-03-30,4.151,0.001448
2015-03-31,4.145,-0.001445
2015-04-01,4.197,0.012545
2015-04-02,4.244,0.011198
2015-04-03,4.284,0.009425
2015-04-07,4.328,0.010271
2015-04-08,4.303,-0.005776
2015-04-09,4.256,-0.010923
2015-04-10,4.3,0.010338
2015-04-13,4.346,0.010698
2015-04-14,4.343,-0.00069
2015-04-15,4.266,-0.01773
2015-04-16,4.287,0.004923
2015-04-17,4.29,0.0007
2015-04-20,4.235,-0.012821
2015-04-21,4.306,0.016765
2015-04-22,4.356,0.011612
2015-04-23,4.387,0.007117
2015-04-24,4.399,0.002735
2015-04-27,4.436,0.008411
2015-04-28,4.368,-0.015329
2015-04-29,4.415,0.01076
2015-04-30,4.424,0.002039
2015-05-04,4.418,-0.001356
2015-05-05,4.371,-0.010638
2015-05-06,4.368,-0.000686
2015-05-07,4.353,-0.003434
2015-05-08,4.461,0.02481
2015-05-11,4.567,0.023761
2015-05-12,4.61,0.009415
2015-05-13,4.641,0.006725
2015-05-14,4.657,0.003448
2015-05-15,4.644,-0.002791
2015-05-18,4.706,0.013351
2015-05-19,4.765,0.012537
2015-05-20,4.852,0.018258
2015-05-21,4.951,0.020404
2015-05-22,4.958,0.001414
2015-05-25,4.933,-0.005042
2015-05-26,5.02,0.017636
2015-05-27,5.017,-0.000598
2015-05-28,4.858,-0.031692
2015-05-29,4.883,0.005146
2015-06-01,5.017,0.027442
2015-06-02,5.131,0.022723
2015-06-03,5.144,0.002534
2015-06-04,5.107,-0.007193
2015-06-05,5.131,0.004699
2015-06-08,5.1,-0.006042
2015-06-09,5.088,-0.002353
2015-06-10,5.15,0.012186
2015-06-11,5.175,0.004854
2015-06-12,5.212,0.00715
2015-06-15,5.138,-0.014198
2015-06-16,5.001,-0.026664
2015-06-17,5.051,0.009998
2015-06-18,4.951,-0.019798
2015-06-19,4.771,-0.036356
2015-06-23,4.833,0.012995
2015-06-24,4.88,0.009725
2015-06-25,4.802,-0.015984
2015-06-26,4.604,-0.041233
2015-06-29,4.436,-0.03649
2015-06-30,4.557,0.027277
2015-07-01,4.449,-0.0237
2015-07-02,4.318,-0.029445
2015-07-03,4.21,-0.025012
2015-07-06,4.12,-0.021378
2015-07-07,4.036,-0.020388
2015-07-08,3.989,-0.011645
2015-07-09,4.042,0.013287
2015-07-10,4.117,0.018555
2015-07-13,4.219,0.024775
2015-07-14,4.284,0.015406
2015-07-15,4.191,-0.021709
2015-07-16,4.235,0.010499
2015-07-17,4.343,0.025502
2015-07-20,4.402,0.013585
2015-07-21,4.424,0.004998
2015-07-22,4.436,0.002712
2015-07-23,4.489,0.011948
2015-07-24,4.461,-0.006237
2015-07-27,4.315,-0.032728
2015-07-28,4.25,-0.015064
2015-07-29,4.337,0.020471
2015-07-30,4.275,-0.014296
2015-07-31,4.241,-0.007953
2015-08-03,4.166,-0.017685
2015-08-04,4.269,0.024724
2015-08-05,4.263,-0.001405
2015-08-06,4.259,-0.000938
2015-08-07,4.328,0.016201
2015-08-10,4.427,0.022874
2015-08-11,4.433,0.001355
2015-08-12,4.393,-0.009023
2015-08-13,4.439,0.010471
2015-08-14,4.439,0.0
2015-08-17,4.455,0.003604
2015-08-18,4.312,-0.032099
2015-08-19,4.365,0.012291
2015-08-20,4.309,-0.012829
2015-08-21,4.225,-0.019494
2015-08-24,4.101,-0.029349
2015-08-25,3.989,-0.02731
2015-08-26,3.952,-0.009276
2015-08-27,4.02,0.017206
2015-08-28,4.107,0.021642
2015-08-31,4.048,-0.014366
2015-09-01,3.955,-0.022974
2015-09-02,3.924,-0.007838
2015-09-07,3.958,0.008665
2015-09-08,4.039,0.020465
2015-09-09,4.092,0.013122
2015-09-10,4.058,-0.008309
2015-09-11,4.07,0.002957
2015-09-14,3.965,-0.025799
2015-09-15,3.896,-0.017402
2015-09-16,3.996,0.025667
2015-09-17,3.993,-0.000751
2015-09-18,4.024,0.007764
2015-09-21,4.114,0.022366
2015-09-22,4.11,-0.000972
2015-09-23,4.117,0.001703
2015-09-24,4.117,0.0
2015-09-25,4.067,-0.012145
2015-09-28,4.123,0.013769
2015-09-29,4.089,-0.008246
2015-09-30,4.089,0.0
2015-10-08,4.188,0.024211
2015-10-09,4.219,0.007402
2015-10-12,4.303,0.01991
2015-10-13,4.331,0.006507
2015-10-14,4.309,-0.00508
2015-10-15,4.374,0.015085
2015-10-16,4.396,0.00503
2015-10-19,4.371,-0.005687
2015-10-20,4.411,0.009151
2015-10-21,4.29,-0.027431
2015-10-22,4.365,0.017483
2015-10-23,4.436,0.016266
2015-10-26,4.455,0.004283
2015-10-27,4.495,0.008979
2015-10-28,4.446,-0.010901
2015-10-29,4.458,0.002699
2015-10-30,4.467,0.002019
2015-11-02,4.452,-0.003358
2015-11-03,4.439,-0.00292
2015-11-04,4.554,0.025907
2015-11-05,4.551,-0.000659
2015-11-06,4.61,0.012964
2015-11-09,4.675,0.0141
2015-11-10,4.691,0.003422
2015-11-11,4.719,0.005969
2015-11-12,4.747,0.005933
2015-11-13,4.681,-0.013904
2015-11-16,4.716,0.007477
2015-11-17,4.669,-0.009966
2015-11-18,4.632,-0.007925
2015-11-19,4.706,0.015976
2015-11-20,4.74,0.007225
2015-11-23,4.734,-0.001266
2015-11-24,4.796,0.013097
2015-11-25,4.886,0.018766
2015-11-26,4.874,-0.002456
2015-11-27,4.756,-0.02421
2015-11-30,4.784,0.005887
2015-12-01,4.787,0.000627
2015-12-02,4.722,-0.013578
2015-12-03,4.771,0.010377
2015-12-04,4.753,-0.003773
2015-12-07,4.765,0.002525
2015-12-08,4.719,-0.009654
2015-12-09,4.703,-0.003391
2015-12-10,4.719,0.003402
2015-12-11,4.728,0.001907
2015-12-14,4.771,0.009095
2015-12-15,4.802,0.006498
2015-12-16,4.833,0.006456
2015-12-17,4.933,0.020691
2015-12-18,4.908,-0.005068
2015-12-21,4.905,-0.000611
2015-12-22,4.917,0.002446
2015-12-23,4.871,-0.009355
2015-12-24,4.892,0.004311
2015-12-25,4.92,0.005724
2015-12-28,4.905,-0.003049
2015-12-29,4.936,0.00632
2015-12-30,4.964,0.005673
2015-12-31,4.973,0.001813
2016-01-04,4.765,-0.041826
2016-01-05,4.691,-0.01553
2016-01-06,4.728,0.007887
2016-01-07,4.548,-0.038071
2016-01-08,4.545,-0.00066
2016-01-11,4.399,-0.032123
2016-01-12,4.421,0.005001
2016-01-13,4.346,-0.016964
2016-01-14,4.439,0.021399
2016-01-15,4.396,-0.009687
2016-01-18,4.452,0.012739
2016-01-19,4.52,0.015274
2016-01-20,4.548,0.006195
2016-01-21,4.501,-0.010334
2016-01-22,4.545,0.009776
2016-01-25,4.582,0.008141
2016-01-26,4.48,-0.022261
2016-01-27,4.477,-0.00067
2016-01-28,4.421,-0.012508
2016-01-29,4.492,0.01606
2016-02-01,4.501,0.002004
2016-02-02,4.564,0.013997
2016-02-03,4.573,0.001972
2016-02-04,4.613,0.008747
2016-02-05,4.588,-0.005419
2016-02-15,4.598,0.00218
2016-02-16,4.666,0.014789
2016-02-17,4.691,0.005358
2016-02-18,4.669,-0.00469
2016-02-19,4.678,0.001928
2016-02-22,4.697,0.004062
2016-02-23,4.691,-0.001277
2016-02-24,4.697,0.001279
2016-02-25,4.57,-0.027039
2016-02-26,4.564,-0.001313
2016-02-29,4.483,-0.017748
2016-03-01,4.505,0.004907
2016-03-02,4.554,0.010877
2016-03-03,4.542,-0.002635
2016-03-04,4.486,-0.012329
2016-03-07,4.501,0.003344
2016-03-08,4.542,0.009109
2016-03-09,4.517,-0.005504
2016-03-10,4.489,-0.006199
2016-03-11,4.492,0.000668
2016-03-14,4.545,0.011799
2016-03-15,4.554,0.00198
2016-03-16,4.545,-0.001976
2016-03-17,4.607,0.013641
2016-03-18,4.657,0.010853
2016-03-21,4.681,0.005154
2016-03-22,4.681,0.0
2016-03-23,4.703,0.0047
2016-03-24,4.694,-0.001914
2016-03-25,4.694,0.0
2016-03-28,4.685,-0.001917
2016-03-29,4.65,-0.007471
2016-03-30,4.728,0.016774
2016-03-31,4.719,-0.001904
2016-04-01,4.7,-0.004026
2016-04-05,4.765,0.01383
2016-04-06,4.787,0.004617
2016-04-07,4.771,-0.003342
2016-04-08,4.771,0.0
2016-04-11,4.827,0.011738
2016-04-12,4.824,-0.000622
2016-04-13,4.833,0.001866
2016-04-14,4.837,0.000828
2016-04-15,4.833,-0.000827
2016-04-18,4.815,-0.003724
2016-04-19,4.815,0.0
2016-04-20,4.74,-0.015576
2016-04-21,4.719,-0.00443
2016-04-22,4.753,0.007205
2016-04-25,4.765,0.002525
2016-04-26,4.771,0.001259
2016-04-27,4.771,0.0
2016-04-28,4.771,0.0
2016-04-29,4.768,-0.000629
2016-05-03,4.827,0.012374
2016-05-04,4.837,0.002072
2016-05-05,4.84,0.00062
2016-05-06,4.775,-0.01343
2016-05-09,4.753,-0.004607
2016-05-10,4.781,0.005891
2016-05-11,4.771,-0.002092
2016-05-12,4.793,0.004611
2016-05-13,4.796,0.000626
2016-05-16,4.833,0.007715
2016-05-17,4.809,-0.004966
2016-05-18,4.765,-0.00915
2016-05-19,4.771,0.001259
2016-05-20,4.809,0.007965
2016-05-23,4.837,0.005822
2016-05-24,4.802,-0.007236
2016-05-25,4.799,-0.000625
2016-05-26,4.815,0.003334
2016-05-27,4.812,-0.000623
2016-05-30,4.799,-0.002702
2016-05-31,4.865,0.013753
2016-06-01,4.877,0.002467
2016-06-02,4.896,0.003896
2016-06-03,4.892,-0.000817
2016-06-06,4.911,0.003884
2016-06-07,4.908,-0.000611
2016-06-08,4.896,-0.002445
2016-06-13,4.846,-0.010212
2016-06-14,4.858,0.002476
2016-06-15,4.93,0.014821
2016-06-16,4.927,-0.000609
2016-06-17,4.927,0.0
2016-06-20,4.939,0.002436
2016-06-21,4.896,-0.008706
2016-06-22,4.908,0.002451
2016-06-23,4.892,-0.00326
2016-06-24,4.883,-0.00184
2016-06-27,4.927,0.009011
2016-06-28,4.93,0.000609
2016-06-29,4.917,-0.002637
2016-06-30,4.92,0.00061
2016-07-01,4.908,-0.002439
2016-07-04,4.933,0.005094
2016-07-05,4.923,-0.002027
2016-07-06,4.933,0.002031
2016-07-07,4.927,-0.001216
2016-07-08,4.933,0.001218
2016-07-11,4.93,-0.000608
2016-07-12,4.923,-0.00142
2016-07-13,4.942,0.003859
2016-07-14,4.933,-0.001821
2016-07-15,4.942,0.001824
2016-07-18,4.945,0.000607
2016-07-19,4.961,0.003236
2016-07-20,4.955,-0.001209
2016-07-21,4.97,0.003027
2016-07-22,4.951,-0.003823
2016-07-25,4.945,-0.001212
2016-07-26,4.97,0.005056
2016-07-27,4.917,-0.010664
2016-07-28,4.939,0.004474
2016-07-29,4.939,0.0
2016-08-01,4.92,-0.003847
2016-08-02,4.93,0.002033
2016-08-03,4.955,0.005071
2016-08-04,4.955,0.0
2016-08-05,4.945,-0.002018
2016-08-08,4.964,0.003842
2016-08-09,4.973,0.001813
2016-08-10,4.976,0.000603
2016-08-11,4.955,-0.00422
2016-08-12,4.961,0.001211
2016-08-15,4.986,0.005039
2016-08-16,4.982,-0.000802
2016-08-17,4.992,0.002007
2016-08-18,4.998,0.001202
2016-08-19,4.995,-0.0006
2016-08-22,4.964,-0.006206
2016-08-23,4.97,0.001209
2016-08-24,4.989,0.003823
2016-08-25,4.989,0.0
2016-08-26,5.004,0.003007
2016-08-29,5.013,0.001799
2016-08-30,5.013,0.0
2016-08-31,5.017,0.000798
2016-09-01,5.017,0.0
2016-09-02,5.01,-0.001395
2016-09-05,5.054,0.008782
2016-09-06,5.085,0.006134
2016-09-07,5.085,0.0
2016-09-08,5.103,0.00354
2016-09-09,5.079,-0.004703
2016-09-12,5.054,-0.004922
2016-09-13,5.063,0.001781
2016-09-14,5.057,-0.001185
2016-09-19,5.06,0.000593
2016-09-20,5.06,0.0
2016-09-21,5.048,-0.002372
2016-09-22,5.06,0.002377
2016-09-23,5.066,0.001186
2016-09-26,5.035,-0.006119
2016-09-27,5.032,-0.000596
2016-09-28,5.029,-0.000596
2016-09-29,5.029,0.0
2016-09-30,5.038,0.00179
2016-10-10,5.082,0.008734
2016-10-11,5.085,0.00059
2016-10-12,5.076,-0.00177
2016-10-13,5.088,0.002364
2016-10-14,5.076,-0.002358
2016-10-17,5.054,-0.004334
2016-10-18,5.076,0.004353
2016-10-19,5.069,-0.001379
2016-10-20,5.057,-0.002367
2016-10-21,5.054,-0.000593
2016-10-24,5.054,0.0
2016-10-25,5.051,-0.000594
2016-10-26,5.035,-0.003168
2016-10-27,5.029,-0.001192
2016-10-28,5.023,-0.001193
2016-10-31,5.007,-0.003185
2016-11-01,5.035,0.005592
2016-11-02,5.004,-0.006157
2016-11-03,5.001,-0.0006
2016-11-04,4.992,-0.0018
2016-11-07,4.998,0.001202
2016-11-08,4.998,0.0
2016-11-09,4.986,-0.002401
2016-11-10,5.004,0.00361
2016-11-11,5.001,-0.0006
2016-11-14,4.995,-0.0012
2016-11-15,5.001,0.001201
2016-11-16,5.007,0.0012
2016-11-17,4.998,-0.001797
2016-11-18,4.989,-0.001801
2016-11-21,4.982,-0.001403
2016-11-22,4.989,0.001405
2016-11-23,4.979,-0.002004
2016-11-24,4.973,-0.001205
2016-11-25,4.979,0.001207
2016-11-28,5.001,0.004419
2016-11-29,5.001,0.0
2016-11-30,4.986,-0.002999
2016-12-01,4.998,0.002407
2016-12-02,4.982,-0.003201
2016-12-05,4.967,-0.003011
2016-12-06,4.979,0.002416
2016-12-07,5.001,0.004419
2016-12-08,4.992,-0.0018
2016-12-09,4.982,-0.002003
2016-12-12,4.933,-0.009835
2016-12-13,4.951,0.003649
2016-12-14,4.92,-0.006261
2016-12-15,4.936,0.003252
2016-12-16,4.948,0.002431
2016-12-19,4.945,-0.000606
2016-12-20,4.958,0.002629
2016-12-21,4.967,0.001815
2016-12-22,4.958,-0.001812
2016-12-23,4.933,-0.005042
2016-12-26,4.933,0.0
2016-12-27,4.93,-0.000608
2016-12-28,4.923,-0.00142
2016-12-29,4.92,-0.000609
2016-12-30,4.93,0.002033
2016-12-31,4.93,0.0
2017-01-03,4.945,0.003043
2017-01-04,4.973,0.005662
2017-01-05,4.964,-0.00181
2017-01-06,4.955,-0.001813
2017-01-09,4.948,-0.001413
2017-01-10,4.951,0.000606
2017-01-11,4.936,-0.00303
2017-01-12,4.92,-0.003241
2017-01-13,4.914,-0.00122
2017-01-16,4.899,-0.003053
2017-01-17,4.908,0.001837
2017-01-18,4.911,0.000611
2017-01-19,4.908,-0.000611
2017-01-20,4.93,0.004482
2017-01-23,4.939,0.001826
2017-01-24,4.936,-0.000607
2017-01-25,4.945,0.001823
2017-01-26,4.951,0.001213
2017-02-03,4.951,0.0
2017-02-06,4.986,0.007069
2017-02-07,4.982,-0.000802
2017-02-08,4.982,0.0
2017-02-09,4.986,0.000803
2017-02-10,4.986,0.0
2017-02-13,4.979,-0.001404
2017-02-14,4.982,0.000603
2017-02-15,4.964,-0.003613
2017-02-16,4.964,0.0
2017-02-17,4.945,-0.003828
2017-02-20,4.967,0.004449
2017-02-21,4.976,0.001812
2017-02-22,4.982,0.001206
2017-02-23,5.001,0.003814
2017-02-24,4.995,-0.0012
2017-02-27,4.989,-0.001201
2017-02-28,4.998,0.001804
2017-03-01,5.007,0.001801
2017-03-02,4.995,-0.002397
2017-03-03,5.01,0.003003
2017-03-06,5.02,0.001996
2017-03-07,5.02,0.0
2017-03-08,5.01,-0.001992
2017-03-09,4.998,-0.002395
2017-03-10,5.007,0.001801
2017-03-13,5.035,0.005592
2017-03-14,5.045,0.001986
2017-03-15,5.069,0.004757
2017-03-16,5.088,0.003748
2017-03-17,5.072,-0.003145
2017-03-20,5.085,0.002563
2017-03-21,5.119,0.006686
2017-03-22,5.125,0.001172
2017-03-23,5.122,-0.000585
2017-03-24,5.138,0.003124
2017-03-27,5.122,-0.003114
2017-03-28,5.107,-0.002929
2017-03-29,5.1,-0.001371
2017-03-30,5.079,-0.004118
2017-03-31,5.116,0.007285
2017-04-05,5.175,0.011532
2017-04-06,5.178,0.00058
2017-04-07,5.197,0.003669
2017-04-10,5.197,0.0
2017-04-11,5.2,0.000577
2017-04-12,5.156,-0.008462
2017-04-13,5.184,0.005431
2017-04-14,5.184,0.0
2017-04-17,5.178,-0.001157
2017-04-18,5.203,0.004828
2017-04-19,5.203,0.0
2017-04-20,5.218,0.002883
2017-04-21,5.178,-0.007666
2017-04-24,5.15,-0.005407
2017-04-25,5.159,0.001748
2017-04-26,5.181,0.004264
2017-04-27,5.215,0.006562
2017-04-28,5.209,-0.001151
2017-05-02,5.206,-0.000576
2017-05-03,5.206,0.0
2017-05-04,5.212,0.001153
2017-05-05,5.193,-0.003645
2017-05-08,5.144,-0.009436
2017-05-09,5.138,-0.001166
2017-05-10,5.138,0.0
2017-05-11,5.166,0.00545
2017-05-12,5.166,0.0
2017-05-15,5.184,0.003484
2017-05-16,5.228,0.008488
2017-05-17,5.221,-0.001339
2017-05-18,5.215,-0.001149
2017-05-19,5.203,-0.002301
2017-05-22,5.209,0.001153
2017-05-23,5.156,-0.010175
2017-05-24,5.156,0.0
2017-05-25,5.141,-0.002909
2017-05-26,5.103,-0.007392
2017-05-31,5.103,0.0
2017-06-01,5.085,-0.003527
2017-06-02,5.085,0.0
2017-06-05,5.107,0.004326
2017-06-06,5.141,0.006658
2017-06-07,5.178,0.007197
2017-06-08,5.193,0.002897
2017-06-09,5.19,-0.000578
2017-06-12,5.178,-0.002312
2017-06-13,5.187,0.001738
2017-06-14,5.175,-0.002313
2017-06-15,5.19,0.002899
2017-06-16,5.193,0.000578
2017-06-19,5.215,0.004236
2017-06-20,5.231,0.003068
2017-06-21,5.252,0.004015
2017-06-22,5.224,-0.005331
2017-06-23,5.256,0.006126
2017-06-26,5.28,0.004566
2017-06-27,5.283,0.000568
2017-06-28,5.268,-0.002839
2017-06-29,5.271,0.000569
2017-06-30,5.271,0.0
2017-07-03,5.271,0.0
2017-07-04,5.262,-0.001707
2017-07-05,5.28,0.003421
2017-07-06,5.296,0.00303
2017-07-07,5.29,-0.001133
2017-07-10,5.271,-0.003592
2017-07-11,5.259,-0.002277
2017-07-12,5.274,0.002852
2017-07-13,5.271,-0.000569
2017-07-14,5.265,-0.001138
2017-07-17,5.197,-0.012915
2017-07-18,5.209,0.002309
2017-07-19,5.231,0.004223
2017-07-20,5.234,0.000574
2017-07-21,5.262,0.00535
2017-07-24,5.268,0.00114
2017-07-25,5.256,-0.002278
2017-07-26,5.231,-0.004756
2017-07-27,5.249,0.003441
2017-07-28,5.246,-0.000572
2017-07-31,5.246,0.0
2017-08-01,5.234,-0.002287
2017-08-02,5.206,-0.00535
2017-08-03,5.206,0.0
2017-08-04,5.187,-0.00365
2017-08-07,5.212,0.00482
2017-08-08,5.218,0.001151
2017-08-09,5.231,0.002491
2017-08-10,5.221,-0.001912
2017-08-11,5.209,-0.002298
2017-08-14,5.259,0.009599
2017-08-15,5.271,0.002282
2017-08-16,5.28,0.001707
2017-08-17,5.28,0.0
2017-08-18,5.271,-0.001705
2017-08-21,5.283,0.002277
2017-08-22,5.283,0.0
2017-08-23,5.299,0.003029
2017-08-24,5.293,-0.001132
2017-08-25,5.296,0.000567
2017-08-28,5.321,0.004721
2017-08-29,5.308,-0.002443
2017-08-30,5.318,0.001884
2017-08-31,5.311,-0.001316
2017-09-01,5.318,0.001318
2017-09-04,5.342,0.004513
2017-09-05,5.336,-0.001123
2017-09-06,5.33,-0.001124
2017-09-07,5.32,-0.001876
2017-09-08,5.314,-0.001128
2017-09-11,5.333,0.003575
2017-09-12,5.33,-0.000563
2017-09-13,5.336,0.001126
2017-09-14,5.33,-0.001124
2017-09-15,5.342,0.002251
2017-09-18,5.361,0.003557
2017-09-19,5.351,-0.001865
2017-09-20,5.355,0.000748
2017-09-21,5.339,-0.002988
2017-09-22,5.345,0.001124
2017-09-25,5.33,-0.002806
2017-09-26,5.33,0.0
2017-09-27,5.345,0.002814
2017-09-28,5.351,0.001123
2017-09-29,5.398,0.008783
2017-10-09,5.42,0.004076
2017-10-10,5.413,-0.001292
2017-10-11,5.42,0.001293
2017-10-12,5.413,-0.001292
2017-10-13,5.451,0.00702
2017-10-16,5.445,-0.001101
2017-10-17,5.435,-0.001837
2017-10-18,5.463,0.005152
2017-10-19,5.454,-0.001647
2017-10-20,5.445,-0.00165
2017-10-23,5.497,0.00955
2017-10-24,5.51,0.002365
2017-10-25,5.528,0.003267
2017-10-26,5.522,-0.001085
2017-10-27,5.516,-0.001087
2017-10-30,5.519,0.000544
2017-10-31,5.531,0.002174
2017-11-01,5.507,-0.004339
2017-11-02,5.476,-0.005629
2017-11-03,5.432,-0.008035
2017-11-06,5.5,0.012518
2017-11-07,5.488,-0.002182
2017-11-08,5.472,-0.002915
2017-11-09,5.5,0.005117
2017-11-10,5.519,0.003455
2017-11-13,5.528,0.001631
2017-11-14,5.497,-0.005608
2017-11-15,5.476,-0.00382
2017-11-16,5.507,0.005661
2017-11-17,5.445,-0.011258
2017-11-20,5.472,0.004959
2017-11-21,5.488,0.002924
2017-11-22,5.457,-0.005649
2017-11-23,5.37,-0.015943
2017-11-24,5.367,-0.000559
2017-11-27,5.333,-0.006335
2017-11-28,5.345,0.00225
2017-11-29,5.336,-0.001684
2017-11-30,5.327,-0.001687
2017-12-01,5.342,0.002816
2017-12-04,5.355,0.002434
2017-12-05,5.336,-0.003548
2017-12-06,5.333,-0.000562
2017-12-07,5.314,-0.003563
2017-12-08,5.342,0.005269
2017-12-11,5.389,0.008798
2017-12-12,5.367,-0.004082
2017-12-13,5.379,0.002236
2017-12-14,5.367,-0.002231
2017-12-15,5.345,-0.004099
2017-12-18,5.342,-0.000561
2017-12-19,5.37,0.005241
2017-12-20,5.364,-0.001117
2017-12-21,5.395,0.005779
2017-12-22,5.392,-0.000556
2017-12-25,5.361,-0.005749
2017-12-26,5.351,-0.001865
2017-12-27,5.327,-0.004485
2017-12-28,5.33,0.000563
2017-12-29,5.333,0.000563
2017-12-31,5.333,0.0
2018-01-02,5.345,0.00225
2018-01-03,5.376,0.0058
2018-01-04,5.382,0.001116
2018-01-05,5.367,-0.002787
2018-01-08,5.361,-0.001118
2018-01-09,5.382,0.003917
2018-01-10,5.361,-0.003902
2018-01-11,5.367,0.001119
2018-01-12,5.355,-0.002236
2018-01-15,5.339,-0.002988
2018-01-16,5.345,0.001124
2018-01-17,5.336,-0.001684
2018-01-18,5.33,-0.001124
2018-01-19,5.333,0.000563
2018-01-22,5.373,0.0075
2018-01-23,5.376,0.000558
2018-01-24,5.367,-0.001674
2018-01-25,5.361,-0.001118
2018-01-26,5.358,-0.00056
2018-01-29,5.314,-0.008212
2018-01-30,5.308,-0.001129
2018-01-31,5.32,0.002261
2018-02-01,5.286,-0.006391
2018-02-02,5.299,0.002459
2018-02-05,5.28,-0.003586
2018-02-06,5.224,-0.010606
2018-02-07,5.19,-0.006508
2018-02-08,5.196,0.001156
2018-02-09,5.144,-0.010008
2018-02-12,5.165,0.004082
2018-02-13,5.187,0.004259
2018-02-14,5.199,0.002313
2018-02-22,5.23,0.005963
2018-02-23,5.237,0.001338
2018-02-26,5.274,0.007065
2018-02-27,5.268,-0.001138
2018-02-28,5.265,-0.000569
2018-03-01,5.268,0.00057
2018-03-02,5.246,-0.004176
2018-03-05,5.255,0.001716
2018-03-06,5.268,0.002474
2018-03-07,5.271,0.000569
2018-03-08,5.28,0.001707
2018-03-09,5.308,0.005303
2018-03-12,5.317,0.001696
2018-03-13,5.308,-0.001693
2018-03-14,5.289,-0.00358
2018-03-15,5.296,0.001324
2018-03-16,5.261,-0.006609
2018-03-19,5.268,0.001331
2018-03-20,5.28,0.002278
2018-03-21,5.261,-0.003598
2018-03-22,5.243,-0.003421
2018-03-23,5.178,-0.012397
2018-03-26,5.196,0.003476
2018-03-27,5.233,0.007121
2018-03-28,5.218,-0.002866
2018-03-29,5.199,-0.003641
2018-03-30,5.24,0.007886
2018-04-02,5.252,0.00229
2018-04-03,5.23,-0.004189
2018-04-04,5.212,-0.003442
2018-04-09,5.206,-0.001151
2018-04-10,5.227,0.004034
2018-04-11,5.23,0.000574
2018-04-12,5.218,-0.002294
2018-04-13,5.215,-0.000575
2018-04-16,5.218,0.000575
2018-04-17,5.165,-0.010157
2018-04-18,5.175,0.001936
2018-04-19,5.178,0.00058
2018-04-20,5.131,-0.009077
2018-04-23,5.106,-0.004872
2018-04-24,5.156,0.009792
2018-04-25,5.159,0.000582
2018-04-26,5.125,-0.00659
2018-04-27,5.137,0.002341
2018-05-02,5.137,0.0
2018-05-03,5.153,0.003115
2018-05-04,5.165,0.002329
2018-05-07,5.19,0.00484
2018-05-08,5.187,-0.000578
2018-05-09,5.175,-0.002313
2018-05-10,5.187,0.002319
2018-05-11,5.15,-0.007133
2018-05-14,5.147,-0.000583
2018-05-15,5.171,0.004663
2018-05-16,5.159,-0.002321
2018-05-17,5.14,-0.003683
2018-05-18,5.134,-0.001167
2018-05-21,5.156,0.004285
2018-05-22,5.168,0.002327
2018-05-23,5.147,-0.004063
2018-05-24,5.131,-0.003109
2018-05-25,5.112,-0.003703
2018-05-28,5.112,0.0
2018-05-29,5.088,-0.004695
2018-05-30,5.054,-0.006682
2018-05-31,5.078,0.004749
2018-06-01,5.05,-0.005514
2018-06-04,5.038,-0.002376
2018-06-05,5.078,0.00794
2018-06-06,5.081,0.000591
2018-06-07,5.063,-0.003543
2018-06-08,5.057,-0.001185
2018-06-11,5.029,-0.005537
2018-06-12,5.047,0.003579
2018-06-13,5.032,-0.002972
2018-06-14,5.022,-0.001987
2018-06-15,4.995,-0.005376
2018-06-19,4.939,-0.011211
2018-06-20,4.96,0.004252
2018-06-21,4.942,-0.003629
2018-06-22,4.948,0.001214
2018-06-25,4.936,-0.002425
2018-06-26,4.948,0.002431
2018-06-27,4.932,-0.003234
2018-06-28,4.926,-0.001217
2018-06-29,4.973,0.009541
2018-06-30,4.973,0.0
2018-07-02,4.97,-0.000603
2018-07-03,4.967,-0.000604
2018-07-04,4.942,-0.005033
2018-07-05,4.92,-0.004452
2018-07-06,4.917,-0.00061
2018-07-09,4.96,0.008745
2018-07-10,4.973,0.002621
2018-07-11,4.97,-0.000603
2018-07-12,5.004,0.006841
2018-07-13,5.019,0.002998
2018-07-16,5.013,-0.001195
2018-07-17,5.001,-0.002394
2018-07-18,4.985,-0.003199
2018-07-19,4.979,-0.001204
2018-07-20,4.985,0.001205
2018-07-23,4.957,-0.005617
2018-07-24,4.97,0.002623
2018-07-25,4.976,0.001207
2018-07-26,4.957,-0.003818
2018-07-27,4.945,-0.002421
2018-07-30,4.914,-0.006269
2018-07-31,4.917,0.000611
2018-08-01,4.895,-0.004474
2018-08-02,4.88,-0.003064
2018-08-03,4.846,-0.006967
2018-08-06,4.815,-0.006397
2018-08-07,4.827,0.002492
2018-08-08,4.796,-0.006422
2018-08-09,4.83,0.007089
2018-08-10,4.849,0.003934
2018-08-13,4.861,0.002475
2018-08-14,4.852,-0.001851
2018-08-15,4.815,-0.007626
2018-08-16,4.815,0.0
2018-08-17,4.793,-0.004569
2018-08-20,4.79,-0.000626
2018-08-21,4.805,0.003132
2018-08-22,4.787,-0.003746
2018-08-23,4.799,0.002507
2018-08-24,4.796,-0.000625
2018-08-27,4.83,0.007089
2018-08-28,4.827,-0.000621
2018-08-29,4.815,-0.002486
2018-08-30,4.799,-0.003323
2018-08-31,4.79,-0.001875
2018-09-03,4.784,-0.001253
2018-09-04,4.79,0.001254
2018-09-05,4.771,-0.003967
2018-09-06,4.762,-0.001886
2018-09-07,4.765,0.00063
2018-09-10,4.746,-0.003987
2018-09-11,4.746,0.0
2018-09-12,4.725,-0.004425
2018-09-13,4.715,-0.002116
2018-09-14,4.7,-0.003181
2018-09-17,4.681,-0.004043
2018-09-18,4.7,0.004059
2018-09-19,4.715,0.003191
2018-09-20,4.721,0.001273
2018-09-21,4.74,0.004025
2018-09-25,4.737,-0.000633
2018-09-26,4.753,0.003378
2018-09-27,4.746,-0.001473
2018-09-28,4.753,0.001475
2018-10-08,4.709,-0.009257
2018-10-09,4.7,-0.001911
2018-10-10,4.697,-0.000638
2018-10-11,4.638,-0.012561
2018-10-12,4.65,0.002587
2018-10-15,4.638,-0.002581
2018-10-16,4.613,-0.00539
2018-10-17,4.625,0.002601
2018-10-18,4.604,-0.004541
2018-10-19,4.644,0.008688
2018-10-22,4.7,0.012059
2018-10-23,4.694,-0.001277
2018-10-24,4.675,-0.004048
2018-10-25,4.678,0.000642
2018-10-26,4.659,-0.004062
2018-10-29,4.635,-0.005151
2018-10-30,4.641,0.001294
2018-10-31,4.663,0.00474
2018-11-01,4.669,0.001287
2018-11-02,4.709,0.008567
2018-11-05,4.706,-0.000637
2018-11-06,4.703,-0.000637
2018-11-07,4.69,-0.002764
2018-11-08,4.672,-0.003838
2018-11-09,4.672,0.0
2018-11-12,4.7,0.005993
2018-11-13,4.718,0.00383
2018-11-14,4.709,-0.001908
2018-11-15,4.718,0.001911
2018-11-16,4.706,-0.002543
2018-11-19,4.7,-0.001275
2018-11-20,4.669,-0.006596
2018-11-21,4.669,0.0
2018-11-22,4.669,0.0
2018-11-23,4.647,-0.004712
2018-11-26,4.644,-0.000646
2018-11-27,4.647,0.000646
2018-11-28,4.666,0.004089
2018-11-29,4.647,-0.004072
2018-11-30,4.659,0.002582
2018-12-03,4.697,0.008156
2018-12-04,4.7,0.000639
2018-12-05,4.703,0.000638
2018-12-06,4.663,-0.008505
2018-12-07,4.653,-0.002145
2018-12-10,4.647,-0.001289
2018-12-11,4.653,0.001291
2018-12-12,4.647,-0.001289
2018-12-13,4.666,0.004089
2018-12-14,4.638,-0.006001
2018-12-17,4.619,-0.004097
2018-12-18,4.61,-0.001948
2018-12-19,4.594,-0.003471
2018-12-20,4.594,0.0
2018-12-21,4.591,-0.000653
2018-12-24,4.61,0.004139
2018-12-25,4.613,0.000651
2018-12-26,4.6,-0.002818
2018-12-27,4.594,-0.001304
2018-12-28,4.591,-0.000653
2018-12-31,4.591,0.0
2019-01-02,4.563,-0.006099
2019-01-03,4.545,-0.003945
2019-01-04,4.573,0.006161
2019-01-07,4.588,0.00328
2019-01-08,4.591,0.000654
2019-01-09,4.591,0.0
2019-01-10,4.579,-0.002614
2019-01-11,4.585,0.00131
2019-01-14,4.569,-0.00349
2019-01-15,4.591,0.004815
2019-01-16,4.597,0.001307
2019-01-17,4.594,-0.000653
2019-01-18,4.613,0.004136
2019-01-21,4.622,0.001951
2019-01-22,4.607,-0.003245
2019-01-23,4.616,0.001954
2019-01-24,4.622,0.0013
2019-01-25,4.619,-0.000649
2019-01-28,4.613,-0.001299
2019-01-29,4.604,-0.001951
2019-01-30,4.597,-0.00152
2019-01-31,4.594,-0.000653
2019-02-01,4.625,0.006748
2019-02-11,4.656,0.006703
2019-02-12,4.666,0.002148
2019-02-13,4.678,0.002572
2019-02-14,4.675,-0.000641
2019-02-15,4.663,-0.002567
2019-02-18,4.706,0.009222
2019-02-19,4.694,-0.00255
2019-02-20,4.687,-0.001491
2019-02-21,4.684,-0.00064
2019-02-22,4.737,0.011315
2019-02-25,4.799,0.013088
2019-02-26,4.784,-0.003126
2019-02-27,4.765,-0.003972
2019-02-28,4.768,0.00063
2019-03-01,4.774,0.001258
2019-03-04,4.787,0.002723
2019-03-05,4.802,0.003133
2019-03-06,4.818,0.003332
2019-03-07,4.824,0.001245
2019-03-08,4.793,-0.006426
2019-03-11,4.836,0.008971
2019-03-12,4.864,0.00579
2019-03-13,4.805,-0.01213
2019-03-14,4.79,-0.003122
2019-03-15,4.802,0.002505
2019-03-18,4.836,0.00708
2019-03-19,4.83,-0.001241
2019-03-20,4.824,-0.001242
2019-03-21,4.836,0.002488
2019-03-22,4.833,-0.00062
2019-03-25,4.811,-0.004552
2019-03-26,4.784,-0.005612
2019-03-27,4.796,0.002508
2019-03-28,4.796,0.0
2019-03-29,4.849,0.011051
2019-04-01,4.892,0.008868
2019-04-02,4.883,-0.00184
2019-04-03,4.886,0.000614
2019-04-04,4.883,-0.000614
2019-04-08,4.861,-0.004505
2019-04-09,4.874,0.002674
2019-04-10,4.877,0.000616
2019-04-11,4.833,-0.009022
2019-04-12,4.836,0.000621
2019-04-15,4.827,-0.001861
2019-04-16,4.877,0.010358
2019-04-17,4.877,0.0
2019-04-18,4.87,-0.001435
2019-04-19,4.886,0.003285
2019-04-22,4.867,-0.003889
2019-04-23,4.858,-0.001849
2019-04-24,4.877,0.003911
2019-04-25,4.846,-0.006356
2019-04-26,4.858,0.002476
2019-04-29,4.842,-0.003294
2019-04-30,4.833,-0.001859
2019-05-06,4.728,-0.021726
2019-05-07,4.74,0.002538
2019-05-08,4.734,-0.001266
2019-05-09,4.712,-0.004647
2019-05-10,4.777,0.013795
2019-05-13,4.768,-0.001884
2019-05-14,4.762,-0.001258
2019-05-15,4.805,0.00903
2019-05-16,4.796,-0.001873
2019-05-17,4.753,-0.008966
2019-05-20,4.728,-0.00526
2019-05-21,4.743,0.003173
2019-05-22,4.746,0.000633
2019-05-23,4.709,-0.007796
2019-05-24,4.709,0.0
2019-05-27,4.725,0.003398
2019-05-28,4.734,0.001905
2019-05-29,4.731,-0.000634
2019-05-30,4.718,-0.002748
2019-05-31,4.721,0.000636
2019-06-03,4.721,0.0
2019-06-04,4.703,-0.003813
2019-06-05,4.697,-0.001276
2019-06-06,4.687,-0.002129
2019-06-10,4.703,0.003414
2019-06-11,4.746,0.009143
2019-06-12,4.737,-0.001896
2019-06-13,4.743,0.001267
2019-06-14,4.734,-0.001898
2019-06-17,4.728,-0.001267
2019-06-18,4.734,0.001269
2019-06-19,4.749,0.003169
2019-06-20,4.793,0.009265
2019-06-21,4.799,0.001252
2019-06-24,4.805,0.00125
2019-06-25,4.799,-0.001249
2019-06-26,4.811,0.002501
2019-06-27,4.836,0.005196
2019-06-28,4.833,-0.00062
2019-06-30,4.833,0.0
2019-07-01,4.877,0.009104
2019-07-02,4.883,0.00123
2019-07-03,4.855,-0.005734
2019-07-04,4.839,-0.003296
2019-07-05,4.87,0.006406
2019-07-08,4.839,-0.006366
2019-07-09,4.839,0.0
2019-07-10,4.846,0.001447
2019-07-11,4.836,-0.002064
2019-07-12,4.849,0.002688
2019-07-15,4.858,0.001856
2019-07-16,4.842,-0.003294
2019-07-17,4.836,-0.001239
2019-07-18,4.824,-0.002481
2019-07-19,4.827,0.000622
2019-07-22,4.827,0.0
2019-07-23,4.824,-0.000622
2019-07-24,4.842,0.003731
2019-07-25,4.852,0.002065
2019-07-26,4.861,0.001855
2019-07-29,4.864,0.000617
2019-07-30,4.864,0.0
2019-07-31,4.855,-0.00185
2019-08-01,4.846,-0.001854
2019-08-02,4.839,-0.001444
2019-08-05,4.811,-0.005786
2019-08-06,4.818,0.001455
2019-08-07,4.818,0.0
2019-08-08,4.846,0.005812
2019-08-09,4.842,-0.000825
2019-08-12,4.88,0.007848
2019-08-13,4.861,-0.003893
2019-08-14,4.88,0.003909
2019-08-15,4.892,0.002459
2019-08-16,4.892,0.0
2019-08-19,4.923,0.006337
2019-08-20,4.923,0.0
2019-08-21,4.929,0.001219
2019-08-22,4.926,-0.000609
2019-08-23,4.96,0.006902
2019-08-26,4.957,-0.000605
2019-08-27,4.97,0.002623
2019-08-28,4.967,-0.000604
2019-08-29,4.991,0.004832
2019-08-30,4.982,-0.001803
2019-09-02,5.029,0.009434
2019-09-03,5.057,0.005568
2019-09-04,5.05,-0.001384
2019-09-05,5.06,0.00198
2019-09-06,5.05,-0.001976
2019-09-09,5.088,0.007525
2019-09-10,5.06,-0.005503
2019-09-11,5.047,-0.002569
2019-09-12,5.041,-0.001189
2019-09-16,5.05,0.001785
2019-09-17,5.047,-0.000594
2019-09-18,5.066,0.003765
2019-09-19,5.088,0.004343
2019-09-20,5.122,0.006682
2019-09-23,5.144,0.004295
2019-09-24,5.147,0.000583
2019-09-25,5.119,-0.00544
2019-09-26,5.06,-0.011526
2019-09-27,5.091,0.006126
2019-09-30,5.047,-0.008643
2019-10-08,5.013,-0.006737
2019-10-09,5.026,0.002593
2019-10-10,5.097,0.014127
2019-10-11,5.109,0.002354
2019-10-14,5.125,0.003132
2019-10-15,5.091,-0.006634
2019-10-16,5.088,-0.000589
2019-10-17,5.103,0.002948
2019-10-18,5.075,-0.005487
2019-10-21,5.047,-0.005517
2019-10-22,5.075,0.005548
2019-10-23,5.057,-0.003547
2019-10-24,5.044,-0.002571
2019-10-25,5.057,0.002577
2019-10-28,5.106,0.00969
2019-10-29,5.085,-0.004113
2019-10-30,5.072,-0.002557
2019-10-31,5.066,-0.001183
2019-11-01,5.081,0.002961
2019-11-04,5.112,0.006101
2019-11-05,5.134,0.004304
2019-11-06,5.116,-0.003506
2019-11-07,5.125,0.001759
2019-11-08,5.122,-0.000585
2019-11-11,5.097,-0.004881
2019-11-12,5.109,0.002354
2019-11-13,5.147,0.007438
2019-11-14,5.171,0.004663
2019-11-15,5.156,-0.002901
2019-11-18,5.134,-0.004267
2019-11-19,5.159,0.004869
2019-11-20,5.153,-0.001163
2019-11-21,5.144,-0.001747
2019-11-22,5.103,-0.00797
2019-11-25,5.066,-0.007251
2019-11-26,5.088,0.004343
2019-11-27,5.106,0.003538
2019-11-28,5.106,0.0
2019-11-29,5.094,-0.00235
2019-12-02,5.094,0.0
2019-12-03,5.106,0.002356
2019-12-04,5.103,-0.000588
2019-12-05,5.125,0.004311
2019-12-06,5.134,0.001756
2019-12-09,5.134,0.0
2019-12-10,5.147,0.002532
2019-12-11,5.15,0.000583
2019-12-12,5.144,-0.001165
2019-12-13,5.168,0.004666
2019-12-16,5.199,0.005998
2019-12-17,5.215,0.003078
2019-12-18,5.187,-0.005369
2019-12-19,5.156,-0.005976
2019-12-20,5.137,-0.003685
2019-12-23,5.103,-0.006619
2019-12-24,5.125,0.004311
2019-12-25,5.144,0.003707
2019-12-26,5.137,-0.001361
2019-12-27,5.109,-0.005451
2019-12-30,5.119,0.001957
2019-12-31,5.128,0.001758
2020-01-02,5.165,0.007215
2020-01-03,5.147,-0.003485
2020-01-06,5.156,0.001749
2020-01-07,5.168,0.002327
2020-01-08,5.144,-0.004644
2020-01-09,5.187,0.008359
2020-01-10,5.199,0.002313
2020-01-13,5.265,0.012695
2020-01-14,5.249,-0.003039
2020-01-15,5.265,0.003048
2020-01-16,5.277,0.002279
2020-01-17,5.28,0.000569
2020-01-20,5.339,0.011174
2020-01-21,5.339,0.0
2020-01-22,5.404,0.012175
2020-01-23,5.345,-0.010918
2020-02-03,5.206,-0.026006
2020-02-04,5.286,0.015367
2020-02-05,5.305,0.003594
2020-02-06,5.364,0.011122
2020-02-07,5.42,0.01044
2020-02-10,5.398,-0.004059
2020-02-11,5.401,0.000556
2020-02-12,5.435,0.006295
2020-02-13,5.426,-0.001656
2020-02-14,5.413,-0.002396
2020-02-17,5.485,0.013301
2020-02-18,5.507,0.004011
2020-02-19,5.466,-0.007445
2020-02-20,5.522,0.010245
2020-02-21,5.578,0.010141
2020-02-24,5.649,0.012729
2020-02-25,5.699,0.008851
2020-02-26,5.556,-0.025092
2020-02-27,5.55,-0.00108
2020-02-28,5.463,-0.015676
2020-03-02,5.513,0.009152
2020-03-03,5.528,0.002721
2020-03-04,5.482,-0.008321
2020-03-05,5.472,-0.001824
2020-03-06,5.46,-0.002193
2020-03-09,5.364,-0.017582
2020-03-10,5.457,0.017338
2020-03-11,5.404,-0.009712
2020-03-12,5.386,-0.003331
2020-03-13,5.41,0.004456
2020-03-16,5.286,-0.022921
2020-03-17,5.289,0.000568
2020-03-18,5.261,-0.005294
2020-03-19,5.292,0.005892
2020-03-20,5.305,0.002457
2020-03-23,5.215,-0.016965
2020-03-24,5.218,0.000575
2020-03-25,5.274,0.010732
2020-03-26,5.268,-0.001138
2020-03-27,5.24,-0.005315
2020-03-30,5.187,-0.010115
2020-03-31,5.19,0.000578
2020-04-01,5.187,-0.000578
2020-04-02,5.258,0.013688
2020-04-03,5.227,-0.005896
2020-04-07,5.286,0.011288
2020-04-08,5.299,0.002459
2020-04-09,5.302,0.000566
2020-04-10,5.237,-0.01226
2020-04-13,5.209,-0.005347
2020-04-14,5.274,0.012478
2020-04-15,5.271,-0.000569
2020-04-16,5.283,0.002277
2020-04-17,5.305,0.004164
2020-04-20,5.327,0.004147
2020-04-21,5.333,0.001126
2020-04-22,5.336,0.000563
2020-04-23,5.308,-0.005247
2020-04-24,5.28,-0.005275
2020-04-27,5.296,0.00303
2020-04-28,5.32,0.004532
2020-04-29,5.311,-0.001692
2020-04-30,5.336,0.004707
2020-05-06,5.386,0.00937
2020-05-07,5.398,0.002228
2020-05-08,5.41,0.002223
2020-05-11,5.389,-0.003882
2020-05-12,5.41,0.003897
2020-05-13,5.432,0.004067
2020-05-14,5.413,-0.003498
2020-05-15,5.423,0.001847
2020-05-18,5.382,-0.00756
2020-05-19,5.413,0.00576
2020-05-20,5.37,-0.007944
2020-05-21,5.348,-0.004097
2020-05-22,5.317,-0.005797
2020-05-25,5.311,-0.001128
2020-05-26,5.345,0.006402
2020-05-27,5.302,-0.008045
2020-05-28,5.302,0.0
2020-05-29,5.323,0.003961
2020-06-01,5.386,0.011835
2020-06-02,5.355,-0.005756
2020-06-03,5.348,-0.001307
2020-06-04,5.342,-0.001122
2020-06-05,5.37,0.005241
2020-06-08,5.361,-0.001676
2020-06-09,5.389,0.005223
2020-06-10,5.41,0.003897
2020-06-11,5.42,0.001848
2020-06-12,5.423,0.000554
2020-06-15,5.426,0.000553
2020-06-16,5.469,0.007925
2020-06-17,5.482,0.002377
2020-06-18,5.479,-0.000547
2020-06-19,5.513,0.006206
2020-06-22,5.534,0.003809
2020-06-23,5.59,0.010119
2020-06-24,5.606,0.002862
2020-06-29,5.603,-0.000535
2020-06-30,5.652,0.008745
2020-07-01,5.637,-0.002654
2020-07-02,5.612,-0.004435
2020-07-03,5.624,0.002138
2020-07-06,5.665,0.00729
2020-07-07,5.73,0.011474
2020-07-08,5.773,0.007504
2020-07-09,5.857,0.01455
2020-07-10,5.863,0.001024
2020-07-13,5.922,0.010063
2020-07-14,5.891,-0.005235
2020-07-15,5.848,-0.007299
2020-07-16,5.767,-0.013851
2020-07-17,5.811,0.00763
2020-07-20,5.817,0.001033
2020-07-21,5.86,0.007392
2020-07-22,5.898,0.006485
2020-07-23,5.919,0.003561
2020-07-24,5.789,-0.021963
2020-07-27,5.808,0.003282
2020-07-28,5.836,0.004821
2020-07-29,5.907,0.012166
2020-07-30,5.894,-0.002201
2020-07-31,5.932,0.006447
2020-08-03,5.95,0.003034
2020-08-04,5.913,-0.006218
2020-08-05,5.975,0.010485
2020-08-06,5.919,-0.009372
2020-08-07,5.894,-0.004224
2020-08-10,5.857,-0.006278
2020-08-11,5.826,-0.005293
2020-08-12,5.777,-0.008411
2020-08-13,5.777,0.0
2020-08-14,5.811,0.005885
2020-08-17,5.826,0.002581
2020-08-18,5.854,0.004806
2020-08-19,5.808,-0.007858
2020-08-20,5.789,-0.003271
2020-08-21,5.82,0.005355
2020-08-24,5.867,0.008076
2020-08-25,5.885,0.003068
2020-08-26,5.888,0.00051
2020-08-27,5.932,0.007473
2020-08-28,6.009,0.01298
2020-08-31,5.972,-0.006157
2020-09-01,5.997,0.004186
2020-09-02,6.009,0.002001
2020-09-03,5.984,-0.00416
2020-09-04,5.932,-0.00869
2020-09-07,5.845,-0.014666
2020-09-08,5.823,-0.003764
2020-09-09,5.767,-0.009617
2020-09-10,5.78,0.002254
2020-09-11,5.823,0.007439
2020-09-14,5.851,0.004809
2020-09-15,5.87,0.003247
2020-09-16,5.826,-0.007496
2020-09-17,5.814,-0.00206
2020-09-18,5.842,0.004816
2020-09-21,5.808,-0.00582
2020-09-22,5.798,-0.001722
2020-09-23,5.832,0.005864
2020-09-24,5.792,-0.006859
2020-09-25,5.811,0.00328
2020-09-28,5.829,0.003098
2020-09-29,5.845,0.002745
2020-09-30,5.851,0.001027
2020-10-09,5.922,0.012135
2020-10-12,5.966,0.00743
2020-10-13,5.984,0.003017
2020-10-14,5.953,-0.00518
2020-10-15,5.925,-0.004704
2020-10-16,5.913,-0.002025
2020-10-19,5.876,-0.006257
2020-10-20,5.925,0.008339
2020-10-21,5.898,-0.004557
2020-10-22,5.891,-0.001187
2020-10-23,5.808,-0.014089
2020-10-26,5.814,0.001033
2020-10-27,5.826,0.002064
2020-10-28,5.885,0.010127
2020-10-29,5.907,0.003738
2020-10-30,5.863,-0.007449
2020-11-02,5.879,0.002729
2020-11-03,5.898,0.003232
2020-11-04,5.922,0.004069
2020-11-05,5.95,0.004728
2020-11-06,5.922,-0.004706
2020-11-09,5.953,0.005235
2020-11-10,5.916,-0.006215
2020-11-11,5.873,-0.007268
2020-11-12,5.885,0.002043
2020-11-13,5.873,-0.002039
2020-11-16,5.888,0.002554
2020-11-17,5.845,-0.007303
2020-11-18,5.777,-0.011634
2020-11-19,5.814,0.006405
2020-11-20,5.836,0.003784
2020-11-23,5.857,0.003598
2020-11-24,5.845,-0.002049
2020-11-25,5.786,-0.010094
2020-11-26,5.777,-0.001555
2020-11-27,5.798,0.003635
2020-11-30,5.786,-0.00207
2020-12-01,5.829,0.007432
2020-12-02,5.82,-0.001544
2020-12-03,5.839,0.003265
2020-12-04,5.867,0.004795
2020-12-07,5.904,0.006306
2020-12-08,5.922,0.003049
2020-12-09,5.885,-0.006248
2020-12-10,5.916,0.005268
2020-12-11,5.901,-0.002535
2020-12-14,5.925,0.004067
2020-12-15,5.96,0.005907
2020-12-16,5.997,0.006208
2020-12-17,6.009,0.002001
2020-12-18,6.006,-0.000499
2020-12-21,6.074,0.011322
2020-12-22,6.053,-0.003457
2020-12-23,6.099,0.0076
2020-12-24,6.093,-0.000984
2020-12-25,6.13,0.006073
2020-12-28,6.14,0.001631
2020-12-29,6.109,-0.005049
2020-12-30,6.171,0.010149
2020-12-31,6.233,0.010047
2021-01-04,6.31,0.012354
2021-01-05,6.372,0.009826
2021-01-06,6.36,-0.001883
2021-01-07,6.406,0.007233
2021-01-08,6.357,-0.007649
2021-01-11,6.326,-0.004877
2021-01-12,6.4,0.011698
2021-01-13,6.329,-0.011094
2021-01-14,6.292,-0.005846
2021-01-15,6.27,-0.003497
2021-01-18,6.285,0.002392
2021-01-19,6.264,-0.003341
2021-01-20,6.316,0.008301
2021-01-21,6.372,0.008866
2021-01-22,6.397,0.003923
2021-01-25,6.462,0.010161
2021-01-26,6.397,-0.010059
2021-01-27,6.403,0.000938
2021-01-28,6.351,-0.008121
2021-01-29,6.363,0.001889
2021-02-01,6.391,0.0044
2021-02-02,6.444,0.008293
2021-02-03,6.444,0.0
2021-02-04,6.431,-0.002017
2021-02-05,6.444,0.002021
2021-02-08,6.469,0.00388
2021-02-09,6.503,0.005256
2021-02-10,6.534,0.004767
2021-02-18,6.496,-0.005816
2021-02-19,6.469,-0.004156
2021-02-22,6.391,-0.012058
2021-02-23,6.379,-0.001878
2021-02-24,6.323,-0.008779
2021-02-25,6.31,-0.002056
2021-02-26,6.285,-0.003962
2021-03-01,6.31,0.003978
2021-03-02,6.289,-0.003328
2021-03-03,6.304,0.002385
2021-03-04,6.239,-0.010311
2021-03-05,6.245,0.000962
2021-03-08,6.18,-0.010408
2021-03-09,6.152,-0.004531
2021-03-10,6.177,0.004064
2021-03-11,6.202,0.004047
2021-03-12,6.195,-0.001129
2021-03-15,6.149,-0.007425
2021-03-16,6.152,0.000488
2021-03-17,6.18,0.004551
2021-03-18,6.199,0.003074
2021-03-19,6.168,-0.005001
2021-03-22,6.18,0.001946
2021-03-23,6.164,-0.002589
2021-03-24,6.149,-0.002433
2021-03-25,6.158,0.001464
2021-03-26,6.192,0.005521
2021-03-29,6.192,0.0
2021-03-30,6.214,0.003553
2021-03-31,6.208,-0.000966
2021-04-01,6.22,0.001933
2021-04-02,6.239,0.003055
2021-04-06,6.239,0.0
2021-04-07,6.23,-0.001443
2021-04-08,6.23,0.0
2021-04-09,6.192,-0.0061
2021-04-12,6.164,-0.004522
2021-04-13,6.158,-0.000973
2021-04-14,6.183,0.00406
2021-04-15,6.177,-0.00097
2021-04-16,6.183,0.000971
2021-04-19,6.211,0.004529
2021-04-20,6.217,0.000966
2021-04-21,6.211,-0.000965
2021-04-22,6.233,0.003542
2021-04-23,6.236,0.000481
2021-04-26,6.239,0.000481
2021-04-27,6.254,0.002404
2021-04-28,6.273,0.003038
2021-04-29,6.289,0.002551
2021-04-30,6.279,-0.00159
2021-05-06,6.251,-0.004459
2021-05-07,6.205,-0.007359
2021-05-10,6.199,-0.000967
2021-05-11,6.202,0.000484
2021-05-12,6.22,0.002902
2021-05-13,6.202,-0.002894
2021-05-14,6.223,0.003386
2021-05-17,6.267,0.007071
2021-05-18,6.251,-0.002553
2021-05-19,6.254,0.00048
2021-05-20,6.27,0.002558
2021-05-21,6.261,-0.001435
2021-05-24,6.27,0.001437
2021-05-25,6.313,0.006858
2021-05-26,6.304,-0.001426
2021-05-27,6.31,0.000952
2021-05-28,6.295,-0.002377
2021-05-31,6.31,0.002383
2021-06-01,6.307,-0.000475
2021-06-02,6.285,-0.003488
2021-06-03,6.27,-0.002387
2021-06-04,6.279,0.001435
2021-06-07,6.276,-0.000478
2021-06-08,6.27,-0.000956
2021-06-09,6.285,0.002392
2021-06-10,6.313,0.004455
2021-06-11,6.329,0.002534
2021-06-15,6.335,0.000948
2021-06-16,6.295,-0.006314
2021-06-17,6.332,0.005878
2021-06-18,6.348,0.002527
2021-06-21,6.357,0.001418
2021-06-22,6.351,-0.000944
2021-06-23,6.351,0.0
2021-06-24,6.338,-0.002047
2021-06-25,6.357,0.002998
2021-06-28,6.385,0.004405
2021-06-29,6.385,0.0
2021-06-30,6.425,0.006265
2021-07-01,6.447,0.003424
2021-07-02,6.403,-0.006825
2021-07-05,6.434,0.004841
2021-07-06,6.41,-0.00373
2021-07-07,6.447,0.005772
2021-07-08,6.465,0.002792
2021-07-09,6.434,-0.004795
2021-07-12,6.472,0.005906
2021-07-13,6.422,-0.007726
2021-07-14,6.416,-0.000934
2021-07-15,6.428,0.00187
2021-07-16,6.403,-0.003889
2021-07-19,6.419,0.002499
2021-07-20,6.425,0.000935
2021-07-21,6.487,0.00965
2021-07-22,6.506,0.002929
2021-07-23,6.487,-0.00292
2021-07-26,6.478,-0.001387
2021-07-27,6.462,-0.00247
2021-07-28,6.475,0.002012
2021-07-29,6.549,0.011429
2021-07-30,6.524,-0.003817
2021-08-02,6.537,0.001993
2021-08-03,6.503,-0.005201
2021-08-04,6.543,0.006151
2021-08-05,6.515,-0.004279
2021-08-06,6.481,-0.005219
2021-08-09,6.475,-0.000926
2021-08-10,6.478,0.000463
2021-08-11,6.456,-0.003396
2021-08-12,6.45,-0.000929
2021-08-13,6.416,-0.005271
2021-08-16,6.428,0.00187
2021-08-17,6.385,-0.006689
2021-08-18,6.394,0.00141
2021-08-19,6.431,0.005787
2021-08-20,6.438,0.001088
2021-08-23,6.484,0.007145
2021-08-24,6.509,0.003856
2021-08-25,6.521,0.001844
2021-08-26,6.472,-0.007514
2021-08-27,6.478,0.000927
2021-08-30,6.438,-0.006175
2021-08-31,6.413,-0.003883
2021-09-01,6.394,-0.002963
2021-09-02,6.369,-0.00391
2021-09-03,6.366,-0.000471
2021-09-06,6.394,0.004398
2021-09-07,6.382,-0.001877
2021-09-08,6.354,-0.004387
2021-09-09,6.341,-0.002046
2021-09-10,6.382,0.006466
2021-09-13,6.316,-0.010342
2021-09-14,6.323,0.001108
2021-09-15,6.323,0.0
2021-09-16,6.279,-0.006959
2021-09-17,6.27,-0.001433
2021-09-22,6.292,0.003509
2021-09-23,6.295,0.000477
2021-09-24,6.298,0.000477
2021-09-27,6.276,-0.003493
2021-09-28,6.282,0.000956
2021-09-29,6.251,-0.004935
2021-09-30,6.292,0.006559
2021-10-08,6.264,-0.00445
2021-10-11,6.248,-0.002554
2021-10-12,6.217,-0.004962
2021-10-13,6.254,0.005951
2021-10-14,6.254,0.0
2021-10-15,6.31,0.008954
2021-10-18,6.298,-0.001902
2021-10-19,6.292,-0.000953
2021-10-20,6.295,0.000477
2021-10-21,6.279,-0.002542
2021-10-22,6.295,0.002548
2021-10-25,6.31,0.002383
2021-10-26,6.301,-0.001426
2021-10-27,6.289,-0.001904
2021-10-28,6.279,-0.00159
2021-10-29,6.304,0.003982
2021-11-01,6.316,0.001904
2021-11-02,6.332,0.002533
2021-11-03,6.32,-0.001895
2021-11-04,6.341,0.003323
2021-11-05,6.335,-0.000946
2021-11-08,6.335,0.0
2021-11-09,6.363,0.00442
2021-11-10,6.363,0.0
2021-11-11,6.4,0.005815
2021-11-12,6.397,-0.000469
2021-11-15,6.363,-0.005315
2021-11-16,6.341,-0.003457
2021-11-17,6.351,0.001577
2021-11-18,6.338,-0.002047
2021-11-19,6.348,0.001578
2021-11-22,6.394,0.007246
2021-11-23,6.391,-0.000469
2021-11-24,6.379,-0.001878
2021-11-25,6.391,0.001881
2021-11-26,6.382,-0.001408
2021-11-29,6.403,0.003291
2021-11-30,6.4,-0.000469
2021-12-01,6.391,-0.001406
2021-12-02,6.375,-0.002504
2021-12-03,6.385,0.001569
2021-12-06,6.354,-0.004855
2021-12-07,6.304,-0.007869
2021-12-08,6.335,0.004918
2021-12-09,6.338,0.000474
2021-12-10,6.341,0.000473
2021-12-13,6.357,0.002523
2021-12-14,6.357,0.0
2021-12-15,6.326,-0.004877
2021-12-16,6.335,0.001423
2021-12-17,6.295,-0.006314
2021-12-20,6.254,-0.006513
2021-12-21,6.261,0.001119
2021-12-22,6.279,0.002875
2021-12-23,6.301,0.003504
2021-12-24,6.282,-0.003015
2021-12-27,6.27,-0.00191
2021-12-28,6.273,0.000478
2021-12-29,6.251,-0.003507
2021-12-30,6.279,0.004479
2021-12-31,6.27,-0.001433
2022-01-04,6.248,-0.003509
2022-01-05,6.192,-0.008963
2022-01-06,6.199,0.00113
2022-01-07,6.174,-0.004033
2022-01-10,6.168,-0.000972
2022-01-11,6.133,-0.005674
2022-01-12,6.161,0.004565
2022-01-13,6.137,-0.003895
2022-01-14,6.177,0.006518
2022-01-17,6.208,0.005019
2022-01-18,6.211,0.000483
2022-01-19,6.186,-0.004025
2022-01-20,6.164,-0.003556
2022-01-21,6.14,-0.003894
2022-01-24,6.155,0.002443
2022-01-25,6.121,-0.005524
2022-01-26,6.13,0.00147
2022-01-27,6.084,-0.007504
2022-01-28,6.068,-0.00263
2022-02-07,6.068,0.0
2022-02-08,6.031,-0.006098
2022-02-09,6.053,0.003648
2022-02-10,6.037,-0.002643
2022-02-11,6.003,-0.005632
2022-02-14,5.994,-0.001499
2022-02-15,6.04,0.007674
2022-02-16,6.031,-0.00149
2022-02-17,6.053,0.003648
2022-02-18,6.04,-0.002148
2022-02-21,6.037,-0.000497
2022-02-22,6.04,0.000497
2022-02-23,6.099,0.009768
2022-02-24,6.081,-0.002951
2022-02-25,6.096,0.002467
2022-02-28,6.105,0.001476
2022-03-01,6.112,0.001147
2022-03-02,6.087,-0.00409
2022-03-03,6.05,-0.006079
2022-03-04,6.053,0.000496
2022-03-07,6.009,-0.007269
2022-03-08,6.003,-0.000999
2022-03-09,6.015,0.001999
2022-03-10,6.028,0.002161
2022-03-11,6.031,0.000498
2022-03-14,5.997,-0.005638
2022-03-15,5.975,-0.003669
2022-03-16,6.037,0.010377
2022-03-17,6.047,0.001656
2022-03-18,6.031,-0.002646
2022-03-21,6.047,0.002653
2022-03-22,6.028,-0.003142
2022-03-23,6.022,-0.000995
2022-03-24,6.006,-0.002657
2022-03-25,5.991,-0.002498
2022-03-28,5.975,-0.002671
2022-03-29,5.966,-0.001506
2022-03-30,5.984,0.003017
2022-03-31,5.972,-0.002005
2022-04-01,5.981,0.001507
2022-04-06,5.963,-0.00301
2022-04-07,5.95,-0.00218
2022-04-08,5.96,0.001681
2022-04-11,5.922,-0.006376
2022-04-12,5.932,0.001689
2022-04-13,5.916,-0.002697
2022-04-14,5.925,0.001521
2022-04-15,5.913,-0.002025
2022-04-18,5.935,0.003721
2022-04-19,5.929,-0.001011
2022-04-20,5.894,-0.005903
2022-04-21,5.87,-0.004072
2022-04-22,5.863,-0.001193
2022-04-25,5.808,-0.009381
2022-04-26,5.804,-0.000689
2022-04-27,5.86,0.009649
2022-04-28,5.848,-0.002048
2022-04-29,5.882,0.005814
2022-05-05,5.885,0.00051
2022-05-06,5.867,-0.003059
2022-05-09,5.863,-0.000682
2022-05-10,5.876,0.002217
2022-05-11,5.891,0.002553
2022-05-12,5.888,-0.000509
2022-05-13,5.898,0.001698
2022-05-16,5.888,-0.001695
2022-05-17,5.91,0.003736
2022-05-18,5.91,0.0
2022-05-19,5.919,0.001523
2022-05-20,5.929,0.001689
2022-05-23,5.932,0.000506
2022-05-24,5.894,-0.006406
2022-05-25,5.904,0.001697
2022-05-26,5.907,0.000508
2022-05-27,5.907,0.0
2022-05-30,5.922,0.002539
2022-05-31,5.929,0.001182
2022-06-01,5.932,0.000506
2022-06-02,5.953,0.00354
2022-06-06,5.988,0.005879
2022-06-07,5.988,0.0
2022-06-08,6.003,0.002505
2022-06-09,5.984,-0.003165
2022-06-10,6.022,0.00635
2022-06-13,6.025,0.000498
2022-06-14,6.031,0.000996
2022-06-15,6.022,-0.001492
2022-06-16,6.031,0.001495
2022-06-17,6.056,0.004145
2022-06-20,6.056,0.0
2022-06-21,6.034,-0.003633
2022-06-22,6.028,-0.000994
2022-06-23,6.062,0.00564
2022-06-24,6.078,0.002639
2022-06-27,6.081,0.000494
2022-06-28,6.093,0.001973
2022-06-29,6.05,-0.007057
2022-06-30,6.068,0.002975
2022-07-01,6.065,-0.000494
2022-07-04,6.074,0.001484
2022-07-05,6.068,-0.000988
2022-07-06,6.059,-0.001483
2022-07-07,6.09,0.005116
2022-07-08,6.062,-0.004598
2022-07-11,6.037,-0.004124
2022-07-12,6.025,-0.001988
2022-07-13,6.037,0.001992
2022-07-14,6.068,0.005135
2022-07-15,6.053,-0.002472
2022-07-18,6.062,0.001487
2022-07-19,6.05,-0.00198
2022-07-20,6.053,0.000496
2022-07-21,6.04,-0.002148
2022-07-22,6.034,-0.000993
2022-07-25,6.025,-0.001492
2022-07-26,6.043,0.002988
2022-07-27,6.059,0.002648
2022-07-28,6.053,-0.00099
2022-07-29,6.043,-0.001652
2022-08-01,6.062,0.003144
2022-08-02,6.037,-0.004124
2022-08-03,6.015,-0.003644
2022-08-04,6.006,-0.001496
2022-08-05,6.012,0.000999
2022-08-08,6.028,0.002661
2022-08-09,6.043,0.002488
2022-08-10,6.047,0.000662
2022-08-11,6.053,0.000992
2022-08-12,6.043,-0.001652
2022-08-15,6.068,0.004137
2022-08-16,6.071,0.000494
2022-08-17,6.074,0.000494
2022-08-18,6.078,0.000659
2022-08-19,6.074,-0.000658
2022-08-22,6.093,0.003128
2022-08-23,6.109,0.002626
2022-08-24,6.068,-0.006711
2022-08-25,6.078,0.001648
2022-08-26,6.068,-0.001645
2022-08-29,6.059,-0.001483
2022-08-30,6.04,-0.003136
2022-08-31,5.997,-0.007119
2022-09-01,5.994,-0.0005
2022-09-02,5.997,0.000501
2022-09-05,6.019,0.003669
2022-09-06,6.043,0.003987
2022-09-07,6.062,0.003144
2022-09-08,6.047,-0.002474
2022-09-09,6.043,-0.000661
2022-09-13,6.043,0.0
2022-09-14,6.034,-0.001489
2022-09-15,5.994,-0.006629
2022-09-16,5.972,-0.00367
2022-09-19,5.972,0.0
2022-09-20,5.984,0.002009
2022-09-21,5.994,0.001671
2022-09-22,6.003,0.001502
2022-09-23,5.975,-0.004664
2022-09-26,5.978,0.000502
2022-09-27,5.978,0.0
2022-09-28,5.96,-0.003011
2022-09-29,5.963,0.000503
2022-09-30,5.944,-0.003186
2022-10-10,5.925,-0.003197
2022-10-11,5.932,0.001181
2022-10-12,5.96,0.00472
2022-10-13,5.941,-0.003188
2022-10-14,5.953,0.00202
2022-10-17,5.95,-0.000504
2022-10-18,5.95,0.0
2022-10-19,5.95,0.0
2022-10-20,5.935,-0.002521
2022-10-21,5.944,0.001516
2022-10-24,5.925,-0.003197
2022-10-25,5.925,0.0
2022-10-26,5.932,0.001181
2022-10-27,5.922,-0.001686
2022-10-28,5.901,-0.003546
2022-10-31,5.888,-0.002203
2022-11-01,5.898,0.001698
2022-11-02,5.916,0.003052
2022-11-03,5.913,-0.000507
2022-11-04,5.935,0.003721
2022-11-07,5.938,0.000505
2022-11-08,5.929,-0.001516
2022-11-09,5.916,-0.002193
2022-11-10,5.904,-0.002028
2022-11-11,5.913,0.001524
2022-11-14,5.885,-0.004735
2022-11-15,5.898,0.002209
2022-11-16,5.888,-0.001695
2022-11-17,5.885,-0.00051
2022-11-18,5.882,-0.00051
2022-11-21,5.885,0.00051
2022-11-22,5.879,-0.00102
2022-11-23,5.879,0.0
2022-11-24,5.882,0.00051
2022-11-25,5.879,-0.00051
2022-11-28,5.867,-0.002041
2022-11-29,5.876,0.001534
2022-11-30,5.87,-0.001021
2022-12-01,5.879,0.001533
2022-12-02,5.863,-0.002722
2022-12-05,5.867,0.000682
2022-12-06,5.863,-0.000682
2022-12-07,5.857,-0.001023
2022-12-08,5.854,-0.000512
2022-12-09,5.863,0.001537
2022-12-12,5.854,-0.001535
2022-12-13,5.848,-0.001025
2022-12-14,5.851,0.000513
2022-12-15,5.845,-0.001025
2022-12-16,5.842,-0.000513
2022-12-19,5.826,-0.002739
2022-12-20,5.811,-0.002575
2022-12-21,5.811,0.0
2022-12-22,5.804,-0.001205
2022-12-23,5.808,0.000689
2022-12-26,5.811,0.000517
2022-12-27,5.82,0.001549
2022-12-28,5.814,-0.001031
2022-12-29,5.811,-0.000516
2022-12-30,5.814,0.000516
2022-12-31,5.814,0.0
2023-01-03,5.836,0.003784
2023-01-04,5.848,0.002056
2023-01-05,5.851,0.000513
2023-01-06,5.845,-0.001025
2023-01-09,5.857,0.002053
2023-01-10,5.863,0.001024
2023-01-11,5.867,0.000682
2023-01-12,5.873,0.001023
2023-01-13,5.879,0.001022
2023-01-16,5.888,0.001531
2023-01-17,5.882,-0.001019
2023-01-18,5.891,0.00153
2023-01-19,5.907,0.002716
2023-01-20,5.91,0.000508
2023-01-30,5.91,0.0
2023-01-31,5.894,-0.002707
2023-02-01,5.894,0.0
2023-02-02,5.894,0.0
2023-02-03,5.894,0.0
2023-02-06,5.885,-0.001527
2023-02-07,5.891,0.00102
2023-02-08,5.882,-0.001528
2023-02-09,5.898,0.00272
2023-02-10,5.888,-0.001695
2023-02-13,5.888,0.0
2023-02-14,5.885,-0.00051
2023-02-15,5.888,0.00051
2023-02-16,5.876,-0.002038
2023-02-17,5.857,-0.003233
2023-02-20,5.876,0.003244
2023-02-21,5.873,-0.000511
2023-02-22,5.87,-0.000511
2023-02-23,5.87,0.0
2023-02-24,5.863,-0.001193
2023-02-27,5.854,-0.001535
2023-02-28,5.86,0.001025
2023-03-01,5.867,0.001195
2023-03-02,5.86,-0.001193
2023-03-03,5.86,0.0
2023-03-06,5.854,-0.001024
2023-03-07,5.836,-0.003075
2023-03-08,5.836,0.0
2023-03-09,5.836,0.0
2023-03-10,5.826,-0.001714
2023-03-13,5.848,0.003776
2023-03-14,5.839,-0.001539
2023-03-15,5.832,-0.001199
2023-03-16,5.823,-0.001543
2023-03-17,5.829,0.00103
2023-03-20,5.82,-0.001544
2023-03-21,5.826,0.001031
2023-03-22,5.829,0.000515
2023-03-23,5.836,0.001201
2023-03-24,5.832,-0.000685
2023-03-27,5.829,-0.000514
2023-03-28,5.826,-0.000515
2023-03-29,5.832,0.00103
2023-03-30,5.832,0.0
2023-03-31,5.842,0.001715
2023-04-03,5.845,0.000514
2023-04-04,5.851,0.001027
2023-04-06,5.848,-0.000513
2023-04-07,5.857,0.001539
2023-04-10,5.848,-0.001537
2023-04-11,5.845,-0.000513
2023-04-12,5.851,0.001027
2023-04-13,5.848,-0.000513
2023-04-14,5.854,0.001026
2023-04-17,5.873,0.003246
2023-04-18,5.87,-0.000511
2023-04-19,5.86,-0.001704
2023-04-20,5.867,0.001195
2023-04-21,5.845,-0.00375
2023-04-24,5.842,-0.000513
2023-04-25,5.836,-0.001027
2023-04-26,5.832,-0.000685
2023-04-27,5.836,0.000686
2023-04-28,5.854,0.003084
2023-05-04,5.854,0.0
2023-05-05,5.842,-0.00205
2023-05-08,5.848,0.001027
2023-05-09,5.82,-0.004788
2023-05-10,5.811,-0.001546
2023-05-11,5.804,-0.001205
2023-05-12,5.792,-0.002068
2023-05-15,5.798,0.001036
2023-05-16,5.798,0.0
2023-05-17,5.798,0.0
2023-05-18,5.808,0.001725
2023-05-19,5.804,-0.000689
2023-05-22,5.804,0.0
2023-05-23,5.792,-0.002068
2023-05-24,5.786,-0.001036
2023-05-25,5.786,0.0
2023-05-26,5.792,0.001037
2023-05-29,5.795,0.000518
2023-05-30,5.801,0.001035
2023-05-31,5.798,-0.000517
2023-06-01,5.792,-0.001035
2023-06-02,5.798,0.001036
2023-06-05,5.801,0.000517
2023-06-06,5.786,-0.002586
2023-06-07,5.786,0.0
2023-06-08,5.783,-0.000518
2023-06-09,5.792,0.001556
2023-06-12,5.798,0.001036
2023-06-13,5.795,-0.000517
2023-06-14,5.795,0.0
2023-06-15,5.804,0.001553
2023-06-16,5.817,0.00224
2023-06-19,5.814,-0.000516
2023-06-20,5.814,0.0
2023-06-21,5.801,-0.002236
2023-06-26,5.786,-0.002586
2023-06-27,5.798,0.002074
2023-06-28,5.801,0.000517
2023-06-29,5.808,0.001207
2023-06-30,5.814,0.001033
2023-07-03,5.82,0.001032
2023-07-04,5.814,-0.001031
2023-07-05,5.808,-0.001032
2023-07-06,5.801,-0.001205
2023-07-07,5.798,-0.000517
2023-07-10,5.795,-0.000517
2023-07-11,5.801,0.001035
2023-07-12,5.795,-0.001034
2023-07-13,5.808,0.002243
2023-07-14,5.808,0.0
2023-07-17,5.801,-0.001205
2023-07-18,5.795,-0.001034
2023-07-19,5.798,0.000518
2023-07-20,5.786,-0.00207
2023-07-21,5.786,0.0
2023-07-24,5.786,0.0
2023-07-25,5.801,0.002592
2023-07-26,5.795,-0.001034
2023-07-27,5.792,-0.000518
2023-07-28,5.798,0.001036
2023-07-31,5.801,0.000517
2023-08-01,5.792,-0.001551
2023-08-02,5.783,-0.001554
2023-08-03,5.792,0.001556
2023-08-04,5.792,0.0
2023-08-07,5.789,-0.000518
2023-08-08,5.786,-0.000518
2023-08-09,5.78,-0.001037
2023-08-10,5.792,0.002076
2023-08-11,5.764,-0.004834
2023-08-14,5.761,-0.00052
2023-08-15,5.764,0.000521
2023-08-16,5.758,-0.001041
2023-08-17,5.767,0.001563
2023-08-18,5.752,-0.002601
2023-08-21,5.736,-0.002782
2023-08-22,5.755,0.003312
2023-08-23,5.733,-0.003823
2023-08-24,5.742,0.00157
2023-08-25,5.739,-0.000522
2023-08-28,5.752,0.002265
2023-08-29,5.77,0.003129
2023-08-30,5.755,-0.0026
2023-08-31,5.739,-0.00278
2023-09-01,5.742,0.000523
2023-09-04,5.752,0.001742
2023-09-05,5.742,-0.001739
2023-09-06,5.739,-0.000522
2023-09-07,5.733,-0.001045
2023-09-08,5.733,0.0
2023-09-11,5.742,0.00157
2023-09-12,5.733,-0.001567
2023-09-13,5.727,-0.001047
2023-09-14,5.733,0.001048
2023-09-15,5.73,-0.000523
2023-09-18,5.73,0.0
2023-09-19,5.73,0.0
2023-09-20,5.727,-0.000524
2023-09-21,5.721,-0.001048
2023-09-22,5.742,0.003671
2023-09-25,5.73,-0.00209
2023-09-26,5.727,-0.000524
2023-09-27,5.73,0.000524
2023-09-28,5.721,-0.001571
2023-10-09,5.708,-0.002272
2023-10-10,5.702,-0.001051
2023-10-11,5.702,0.0
2023-10-12,5.705,0.000526
2023-10-13,5.699,-0.001052
2023-10-16,5.705,0.001053
2023-10-17,5.708,0.000526
2023-10-18,5.702,-0.001051
2023-10-19,5.696,-0.001052
2023-10-20,5.69,-0.001053
2023-10-23,5.671,-0.003339
2023-10-24,5.693,0.003879
2023-10-25,5.683,-0.001757
2023-10-26,5.687,0.000704
2023-10-27,5.693,0.001055
2023-10-30,5.702,0.001581
2023-10-31,5.705,0.000526
2023-11-01,5.702,-0.000526
2023-11-02,5.693,-0.001578
2023-11-03,5.702,0.001581
2023-11-06,5.714,0.002105
2023-11-07,5.711,-0.000525
2023-11-08,5.708,-0.000525
2023-11-09,5.699,-0.001577
2023-11-10,5.699,0.0
2023-11-13,5.69,-0.001579
2023-11-14,5.699,0.001582
2023-11-15,5.705,0.001053
2023-11-16,5.693,-0.002103
2023-11-17,5.702,0.001581
2023-11-20,5.696,-0.001052
2023-11-21,5.69,-0.001053
2023-11-22,5.68,-0.001757
2023-11-23,5.687,0.001232
2023-11-24,5.674,-0.002286
2023-11-27,5.674,0.0
2023-11-28,5.674,0.0
2023-11-29,5.671,-0.000529
2023-11-30,5.674,0.000529
2023-12-01,5.677,0.000529
2023-12-04,5.674,-0.000528
2023-12-05,5.659,-0.002644
2023-12-06,5.659,0.0
2023-12-07,5.659,0.0
2023-12-08,5.659,0.0
2023-12-11,5.671,0.002121
2023-12-12,5.668,-0.000529
2023-12-13,5.656,-0.002117
2023-12-14,5.659,0.00053
2023-12-15,5.652,-0.001237
2023-12-18,5.649,-0.000531
2023-12-19,5.646,-0.000531
2023-12-20,5.624,-0.003897
2023-12-21,5.628,0.000711
2023-12-22,5.618,-0.001777
2023-12-25,5.612,-0.001068
2023-12-26,5.606,-0.001069
2023-12-27,5.618,0.002141
2023-12-28,5.624,0.001068
2023-12-29,5.634,0.001778
2023-12-31,5.634,0.0
2024-01-02,5.628,-0.001065
2024-01-03,5.624,-0.000711
2024-01-04,5.621,-0.000533
2024-01-05,5.609,-0.002135
2024-01-08,5.593,-0.002853
2024-01-09,5.59,-0.000536
2024-01-10,5.584,-0.001073
2024-01-11,5.593,0.001612
2024-01-12,5.59,-0.000536
2024-01-15,5.59,0.0
2024-01-16,5.59,0.0
2024-01-17,5.566,-0.004293
2024-01-18,5.572,0.001078
2024-01-19,5.559,-0.002333
2024-01-22,5.528,-0.005577
2024-01-23,5.538,0.001809
2024-01-24,5.547,0.001625
2024-01-25,5.566,0.003425
2024-01-26,5.559,-0.001258
2024-01-29,5.541,-0.003238
2024-01-30,5.525,-0.002888
2024-01-31,5.507,-0.003258
2024-02-01,5.503,-0.000726
2024-02-02,5.482,-0.003816
2024-02-05,5.463,-0.003466
2024-02-06,5.494,0.005675
2024-02-07,5.507,0.002366
2024-02-08,5.528,0.003813
2024-02-19,5.541,0.002352
2024-02-20,5.541,0.0
2024-02-21,5.541,0.0
2024-02-22,5.55,0.001624
2024-02-23,5.553,0.000541
2024-02-26,5.55,-0.00054
2024-02-27,5.569,0.003423
2024-02-28,5.544,-0.004489
2024-02-29,5.562,0.003247
2024-03-01,5.569,0.001259
2024-03-04,5.578,0.001616
2024-03-05,5.578,0.0
2024-03-06,5.575,-0.000538
2024-03-07,5.572,-0.000538
2024-03-08,5.584,0.002154
2024-03-11,5.587,0.000537
2024-03-12,5.578,-0.001611
2024-03-13,5.581,0.000538
2024-03-14,5.581,0.0
2024-03-15,5.587,0.001075
2024-03-18,5.597,0.00179
2024-03-19,5.593,-0.000715
2024-03-20,5.603,0.001788
2024-03-21,5.603,0.0
2024-03-22,5.6,-0.000535
2024-03-25,5.597,-0.000536
2024-03-26,5.593,-0.000715
2024-03-27,5.584,-0.001609
2024-03-28,5.59,0.001074
2024-03-29,5.615,0.004472
2024-04-01,5.624,0.001603
2024-04-02,5.628,0.000711
2024-04-03,5.64,0.002132
2024-04-08,5.637,-0.000532
2024-04-09,5.631,-0.001064
2024-04-10,5.628,-0.000533
2024-04-11,5.628,0.0
2024-04-12,5.637,0.001599
2024-04-15,5.64,0.000532
2024-04-16,5.615,-0.004433
2024-04-17,5.634,0.003384
2024-04-18,5.628,-0.001065
2024-04-19,5.637,0.001599
2024-04-22,5.621,-0.002838
2024-04-23,5.609,-0.002135
2024-04-24,5.615,0.00107
2024-04-25,5.609,-0.001069
2024-04-26,5.615,0.00107
2024-04-29,5.612,-0.000534
2024-04-30,5.609,-0.000535
2024-05-06,5.624,0.002674
2024-05-07,5.615,-0.0016
2024-05-08,5.612,-0.000534
2024-05-09,5.628,0.002851
2024-05-10,5.624,-0.000711
2024-05-13,5.637,0.002312
2024-05-14,5.637,0.0
2024-05-15,5.624,-0.002306
2024-05-16,5.615,-0.0016
2024-05-17,5.618,0.000534
2024-05-20,5.634,0.002848
2024-05-21,5.628,-0.001065
2024-05-22,5.618,-0.001777
2024-05-23,5.606,-0.002136
2024-05-24,5.597,-0.001605
2024-05-27,5.606,0.001608
2024-05-28,5.606,0.0
2024-05-29,5.609,0.000535
2024-05-30,5.6,-0.001605
2024-05-31,5.597,-0.000536
2024-06-03,5.6,0.000536
2024-06-04,5.606,0.001071
2024-06-05,5.593,-0.002319
2024-06-06,5.59,-0.000536
2024-06-07,5.597,0.001252
2024-06-11,5.59,-0.001251
2024-06-12,5.59,0.0
2024-06-13,5.587,-0.000537
2024-06-14,5.584,-0.000537
2024-06-17,5.584,0.0
2024-06-18,5.587,0.000537
2024-06-19,5.578,-0.001611
2024-06-20,5.578,0.0
2024-06-21,5.578,0.0
2024-06-24,5.562,-0.002868
2024-06-25,5.55,-0.002157
2024-06-26,5.556,0.001081
2024-06-27,5.538,-0.00324
2024-06-28,5.556,0.00325
2024-06-30,5.556,0.0
2024-07-01,5.562,0.00108
2024-07-02,5.553,-0.001618
2024-07-03,5.541,-0.002161
2024-07-04,5.538,-0.000541
2024-07-05,5.541,0.000542
2024-07-08,5.531,-0.001805
2024-07-09,5.544,0.00235
2024-07-10,5.538,-0.001082
2024-07-11,5.55,0.002167
2024-07-12,5.538,-0.002162
2024-07-15,5.531,-0.001264
2024-07-16,5.538,0.001266
2024-07-17,5.519,-0.003431
2024-07-18,5.531,0.002174
2024-07-19,5.528,-0.000542
2024-07-22,5.525,-0.000543
2024-07-23,5.51,-0.002715
2024-07-24,5.51,0.0
2024-07-25,5.503,-0.00127
2024-07-26,5.513,0.001817
2024-07-29,5.513,0.0
2024-07-30,5.51,-0.000544
2024-07-31,5.522,0.002178
2024-08-01,5.522,0.0
2024-08-02,5.513,-0.00163
2024-08-05,5.488,-0.004535
2024-08-06,5.5,0.002187
2024-08-07,5.5,0.0
2024-08-08,5.491,-0.001636
2024-08-09,5.488,-0.000546
2024-08-12,5.488,0.0
2024-08-13,5.494,0.001093
2024-08-14,5.485,-0.001638
2024-08-15,5.488,0.000547
2024-08-16,5.488,0.0
2024-08-19,5.485,-0.000547
2024-08-20,5.476,-0.001641
2024-08-21,5.476,0.0
2024-08-22,5.476,0.0
2024-08-23,5.472,-0.00073
2024-08-26,5.466,-0.001096
2024-08-27,5.463,-0.000549
2024-08-28,5.463,0.0
2024-08-29,5.466,0.000549
2024-08-30,5.476,0.001829
2024-09-02,5.457,-0.00347
2024-09-03,5.463,0.0011
2024-09-04,5.451,-0.002197
2024-09-05,5.451,0.0
2024-09-06,5.441,-0.001835
2024-09-09,5.435,-0.001103
2024-09-10,5.438,0.000552
2024-09-11,5.441,0.000552
2024-09-12,5.438,-0.000551
2024-09-13,5.432,-0.001103
2024-09-18,5.435,0.000552
2024-09-19,5.435,0.0
2024-09-20,5.429,-0.001104
2024-09-23,5.423,-0.001105
2024-09-24,5.451,0.005163
2024-09-25,5.457,0.001101
2024-09-26,5.479,0.004032
2024-09-27,5.528,0.008943
2024-09-30,5.618,0.016281
2024-10-08,5.708,0.01602
2024-10-09,5.64,-0.011913
2024-10-10,5.618,-0.003901
2024-10-11,5.581,-0.006586
2024-10-14,5.612,0.005555
2024-10-15,5.59,-0.00392
2024-10-16,5.59,0.0
2024-10-17,5.597,0.001252
2024-10-18,5.659,0.011077
2024-10-21,5.671,0.002121
2024-10-22,5.668,-0.000529
2024-10-23,5.677,0.001588
2024-10-24,5.659,-0.003171
2024-10-25,5.665,0.00106
2024-10-28,5.671,0.001059
2024-10-29,5.656,-0.002645
2024-10-30,5.656,0.0
2024-10-31,5.671,0.002652
2024-11-01,5.634,-0.006524
2024-11-04,5.652,0.003195
2024-11-05,5.699,0.008316
2024-11-06,5.702,0.000526
2024-11-07,5.718,0.002806
2024-11-08,5.724,0.001049
2024-11-11,5.764,0.006988
2024-11-12,5.739,-0.004337
2024-11-13,5.746,0.00122
2024-11-14,5.718,-0.004873
2024-11-15,5.693,-0.004372
2024-11-18,5.683,-0.001757
2024-11-19,5.687,0.000704
2024-11-20,5.693,0.001055
2024-11-21,5.696,0.000527
2024-11-22,5.68,-0.002809
2024-11-25,5.68,0.0
2024-11-26,5.671,-0.001585
2024-11-27,5.68,0.001587
2024-11-28,5.677,-0.000528
2024-11-29,5.69,0.00229
2024-12-02,5.696,0.001054
2024-12-03,5.693,-0.000527
2024-12-04,5.683,-0.001757
2024-12-05,5.683,0.0
2024-12-06,5.683,0.0
2024-12-09,5.674,-0.001584
2024-12-10,5.68,0.001057
2024-12-11,5.683,0.000528
2024-12-12,5.687,0.000704
2024-12-13,5.674,-0.002286
2024-12-16,5.665,-0.001586
2024-12-17,5.659,-0.001059
2024-12-18,5.662,0.00053
2024-12-19,5.659,-0.00053
2024-12-20,5.656,-0.00053
2024-12-23,5.649,-0.001238
2024-12-24,5.662,0.002301
2024-12-25,5.659,-0.00053
2024-12-26,5.665,0.00106
2024-12-27,5.665,0.0
2024-12-30,5.671,0.001059
2024-12-31,5.662,-0.001587
2025-01-02,5.64,-0.003886
2025-01-03,5.628,-0.002128
2025-01-06,5.624,-0.000711
2025-01-07,5.634,0.001778
2025-01-08,5.637,0.000532
2025-01-09,5.634,-0.000532
2025-01-10,5.621,-0.002307
2025-01-13,5.618,-0.000534
2025-01-14,5.649,0.005518
2025-01-15,5.643,-0.001062
2025-01-16,5.652,0.001595
2025-01-17,5.659,0.001238
2025-01-20,5.659,0.0
2025-01-21,5.665,0.00106
2025-01-22,5.656,-0.001589
2025-01-23,5.646,-0.001768
2025-01-24,5.662,0.002834
2025-01-27,5.643,-0.003356
2025-02-05,5.659,0.002835
2025-02-06,5.683,0.004241
2025-02-07,5.696,0.002288
2025-02-10,5.699,0.000527
2025-02-11,5.702,0.000526
2025-02-12,5.714,0.002105
2025-02-13,5.696,-0.00315
2025-02-14,5.711,0.002633
2025-02-17,5.714,0.000525
2025-02-18,5.683,-0.005425
2025-02-19,5.708,0.004399
2025-02-20,5.708,0.0
2025-02-21,5.739,0.005431
2025-02-24,5.736,-0.000523
2025-02-25,5.721,-0.002615
2025-02-26,5.73,0.001573
2025-02-27,5.711,-0.003316
2025-02-28,5.68,-0.005428
2025-03-03,5.687,0.001232
2025-03-04,5.693,0.001055
2025-03-05,5.702,0.001581
2025-03-06,5.724,0.003858
2025-03-07,5.721,-0.000524
2025-03-10,5.711,-0.001748
2025-03-11,5.705,-0.001051
2025-03-12,5.705,0.0
2025-03-13,5.6915,-0.002366
2025-03-14,5.7098,0.003215
2025-03-17,5.7067,-0.000543
2025-03-18,5.7104,0.000648
2025-03-19,5.7014,-0.001576
2025-03-20,5.703,0.000281
2025-03-21,5.685,-0.003156
2025-03-24,5.6822,-0.000493
2025-03-25,5.6713,-0.001918
2025-03-26,5.6707,-0.000106
2025-03-27,5.6664,-0.000758
2025-03-28,5.663,-0.0006
2025-03-31,5.658,-0.000883
2025-04-01,5.6555,-0.000442
2025-04-02,5.658,0.000442
2025-04-03,5.6502,-0.001379
2025-04-07,5.5801,-0.012407
2025-04-08,5.5767,-0.000609
2025-04-09,5.5994,0.004071
2025-04-10,5.6189,0.003483
2025-04-11,5.6192,5.3e-05
2025-04-14,5.6273,0.001441
2025-04-15,5.6211,-0.001102
2025-04-16,5.6189,-0.000391
2025-04-17,5.6239,0.00089
2025-04-18,5.6307,0.001209
2025-04-21,5.6484,0.003143
2025-04-22,5.644,-0.000779
2025-04-23,5.645,0.000177
2025-04-24,5.635,-0.001771
2025-04-25,5.6397,0.000834
2025-04-28,5.6257,-0.002482
2025-04-29,5.6291,0.000604
2025-04-30,5.6443,0.0027
2025-05-06,5.6642,0.003526
2025-05-07,5.6661,0.000335
2025-05-08,5.6627,-0.0006
2025-05-09,5.6459,-0.002967
2025-05-12,5.6574,0.002037
2025-05-13,5.6543,-0.000548
2025-05-14,5.6623,0.001415
2025-05-15,5.6403,-0.003885
2025-05-16,5.6425,0.00039
2025-05-19,5.6406,-0.000337
2025-05-20,5.6447,0.000727
2025-05-21,5.6406,-0.000726
2025-05-22,5.6335,-0.001259
2025-05-23,5.622,-0.002041
2025-05-26,5.627,0.000889
2025-05-27,5.6217,-0.000942
2025-05-28,5.622,5.3e-05
2025-05-29,5.6425,0.003646
2025-05-30,5.6394,-0.000549
2025-06-03,5.6447,0.00094
2025-06-04,5.6592,0.002569
2025-06-05,5.6676,0.001484
2025-06-06,5.6596,-0.001412
2025-06-09,5.6608,0.000212
2025-06-10,5.6537,-0.001254
2025-06-11,5.6592,0.000973
2025-06-12,5.6583,-0.000159
2025-06-13,5.653,-0.000937
2025-06-16,5.6627,0.001716
2025-06-17,5.6627,0.0
2025-06-18,5.6602,-0.000441
2025-06-19,5.653,-0.001272
2025-06-20,5.6468,-0.001097
2025-06-23,5.6565,0.001718
2025-06-24,5.6661,0.001697
2025-06-25,5.6937,0.004871
2025-06-26,5.6909,-0.000492
2025-06-27,5.6838,-0.001248
2025-06-30,5.6937,0.001742
2025-07-01,5.6831,-0.001862
2025-07-02,5.6729,-0.001795
2025-07-03,5.6782,0.000934
2025-07-04,5.6841,0.001039
2025-07-07,5.6903,0.001091
2025-07-08,5.7036,0.002337
2025-07-09,5.7024,-0.00021
2025-07-10,5.7049,0.000438
2025-07-11,5.7201,0.002664
2025-07-14,5.7021,-0.003147
2025-07-15,5.7033,0.00021
2025-07-16,5.7036,5.3e-05
2025-07-17,5.7095,0.001034
2025-07-18,5.7086,-0.000158
2025-07-21,5.7064,-0.000385
2025-07-22,5.7086,0.000386
2025-07-23,5.7135,0.000858
2025-07-24,5.7359,0.003921
2025-07-25,5.7381,0.000384
2025-07-28,5.7384,5.2e-05
2025-07-29,5.7576,0.003346
2025-07-30,5.7396,-0.003126
2025-07-31,5.7129,-0.004652
2025-08-01,5.7086,-0.000753
2025-08-04,5.7148,0.001086
2025-08-05,5.7188,0.0007
2025-08-06,5.7222,0.000595
2025-08-07,5.7213,-0.000157
2025-08-08,5.7073,-0.002447
2025-08-11,5.7216,0.002506
2025-08-12,5.7229,0.000227
2025-08-13,5.7346,0.002044
2025-08-14,5.7315,-0.000541
2025-08-15,5.7722,0.007101
2025-08-18,5.8138,0.007207
2025-08-19,5.8271,0.002288
2025-08-20,5.8197,-0.00127
2025-08-21,5.8147,-0.000859
2025-08-22,5.8569,0.007257
2025-08-25,5.8758,0.003227
2025-08-26,5.8569,-0.003217
2025-08-27,5.847,-0.00169
2025-08-28,5.8727,0.004395
2025-08-29,5.8637,-0.001533
2025-09-01,5.8678,0.000699
2025-09-02,5.8178,-0.008521
2025-09-03,5.7945,-0.004005
2025-09-04,5.7613,-0.00573
2025-09-05,5.7896,0.004912
2025-09-08,5.7893,-5.2e-05
2025-09-09,5.7691,-0.003489
2025-09-10,5.7694,5.2e-05
2025-09-11,5.8088,0.006829
2025-09-12,5.8138,0.000861
2025-09-15,5.8076,-0.001066
2025-09-16,5.8197,0.002083
2025-09-17,5.838,0.003144
2025-09-18,5.8138,-0.004145
2025-09-19,5.8063,-0.00129
2025-09-22,5.8287,0.003858
2025-09-23,5.8141,-0.002505
2025-09-24,5.8414,0.004695
2025-09-25,5.8485,0.001215
2025-09-26,5.8299,-0.00318
2025-09-29,5.8582,0.004854
2025-09-30,5.8699,0.001997
2025-10-09,5.8681,-0.000307
2025-10-10,5.8277,-0.006885
2025-10-13,5.8336,0.001012
2025-10-14,5.8079,-0.004406
2025-10-15,5.8128,0.000844
2025-10-16,5.7967,-0.00277
2025-10-17,5.7694,-0.00471
2025-10-20,5.7679,-0.00026
2025-10-21,5.7852,0.002999
2025-10-22,5.7803,-0.000847
2025-10-23,5.7824,0.000363
2025-10-24,5.7992,0.002905
2025-10-27,5.8113,0.002086
2025-10-28,5.8014,-0.001704
2025-10-29,5.8321,0.005292
2025-10-30,5.8495,0.002983
2025-10-31,5.842,-0.001282
2025-11-03,5.856,0.002396
2025-11-04,5.8293,-0.004559
2025-11-05,5.8395,0.00175
2025-11-06,5.8457,0.001062
2025-11-07,5.8448,-0.000154
2025-11-10,5.8442,-0.000103
2025-11-11,5.8439,-5.1e-05
2025-11-12,5.8321,-0.002019
2025-11-13,5.8727,0.006961
2025-11-14,5.8529,-0.003372
2025-11-17,5.8699,0.002905
2025-11-18,5.847,-0.003901
2025-11-19,5.8498,0.000479
2025-11-20,5.8346,-0.002598
2025-11-21,5.7862,-0.008295
2025-11-24,5.797,0.001867
2025-11-25,5.8097,0.002191
2025-11-26,5.8141,0.000757
2025-11-27,5.8107,-0.000585
2025-11-28,5.8231,0.002134
2025-12-01,5.8271,0.000687
2025-12-02,5.8097,-0.002986
2025-12-03,5.8132,0.000602
2025-12-04,5.8225,0.0016
2025-12-05,5.8426,0.003452
2025-12-08,5.8746,0.005477
2025-12-09,5.8668,-0.001328
2025-12-10,5.8706,0.000648
2025-12-11,5.8451,-0.004344
2025-12-12,5.8541,0.00154
2025-12-15,5.8367,-0.002972
2025-12-16,5.815,-0.003718
2025-12-17,5.8656,0.008702
2025-12-18,5.8405,-0.004279
2025-12-19,5.8501,0.001644
2025-12-22,5.8892,0.006684
2025-12-23,5.9109,0.003685
2025-12-24,5.9128,0.000321
2025-12-25,5.9022,-0.001793
2025-12-26,5.9301,0.004727
2025-12-29,5.9032,-0.004536
2025-12-30,5.9118,0.001457
2025-12-31,5.9063,-0.00093
2026-01-05,5.9488,0.007196
2026-01-06,5.972,0.0039
2026-01-07,5.982,0.001674
2026-01-08,5.9683,-0.00229
2026-01-09,5.9935,0.004222
2026-01-12,6.0316,0.006357
2026-01-13,6.0468,0.00252
2026-01-14,6.0499,0.000513
2026-01-15,6.0574,0.00124
2026-01-16,6.0363,-0.003483
2026-01-19,6.0571,0.003446
2026-01-20,6.0518,-0.000875
2026-01-21,6.1067,0.009072
2026-01-22,6.098,-0.001425
2026-01-23,6.1427,0.00733
2026-01-26,6.1585,0.002572
2026-01-27,6.1334,-0.004076
2026-01-28,6.1682,0.005674
2026-01-29,6.134,-0.005545
2026-01-30,6.0664,-0.011021
2026-02-02,6.0111,-0.009116
2026-02-03,6.0478,0.006105
2026-02-04,6.0403,-0.00124
2026-02-05,5.9925,-0.007914
2026-02-06,6.0146,0.003688
2026-02-09,6.0316,0.002826
2026-02-10,6.0279,-0.000613
2026-02-11,6.0896,0.010236
2026-02-12,6.1145,0.004089
2026-02-13,6.0872,-0.004465
2026-02-24,6.1235,0.005963
2026-02-25,6.2054,0.013375
2026-02-26,6.1862,-0.003094
2026-02-27,6.2482,0.010022
2026-03-02,6.2718,0.003777
2026-03-03,6.2091,-0.009997
2026-03-04,6.2116,0.000403
2026-03-05,6.1958,-0.002544
2026-03-06,6.1809,-0.002405
2026-03-09,6.18,-0.000146
2026-03-10,6.1815,0.000243
2026-03-11,6.1877,0.001003
2026-03-12,6.1908,0.000501
2026-03-13,6.166,-0.004006
2026-03-16,6.1449,-0.003422
2026-03-17,6.1108,-0.005549
2026-03-18,6.0934,-0.002847
2026-03-19,6.053,-0.00663
2026-03-20,6.0484,-0.00076
2026-03-23,6.0468,-0.000265
2026-03-24,6.0785,0.005242
2026-03-25,6.0766,-0.000313
2026-03-26,6.0831,0.00107
2026-03-27,6.1312,0.007907
2026-03-30,6.1284,-0.000457
2026-03-31,6.0732,-0.009007
2026-04-01,6.0766,0.00056
2026-04-02,6.0909,0.002353
2026-04-03,6.0865,-0.000722
2026-04-07,6.0949,0.00138
2026-04-08,6.1033,0.001378
2026-04-09,6.1058,0.00041
2026-04-10,6.1135,0.001261
2026-04-13,6.1592,0.007475
2026-04-14,6.184,0.004026
2026-04-15,6.1492,-0.005627
2026-04-16,6.2023,0.008635
2026-04-17,6.2097,0.001193
2026-04-20,6.2038,-0.00095
2026-04-21,6.2014,-0.000387
2026-04-22,6.1992,-0.000355
2026-04-23,6.1477,-0.008308
2026-04-24,6.2066,0.009581
2026-04-27,6.2318,0.00406
2026-04-28,6.2144,-0.002792
2026-04-29,6.328,0.01828
2026-04-30,6.3581,0.004757
2026-05-06,6.3841,0.004089
2026-05-07,6.3373,-0.007331
2026-05-08,6.287,-0.007937
2026-05-11,6.3044,0.002768
2026-05-12,6.2817,-0.003601
2026-05-13,6.2581,-0.003757
2026-05-14,6.2141,-0.007031
2026-05-15,6.188,-0.0042
2026-05-18,6.1936,0.000905
2026-05-19,6.1672,-0.004262
2026-05-20,6.2066,0.006389
2026-05-21,6.1629,-0.007041
2026-05-22,6.1948,0.005176
2026-05-25,6.1899,-0.000791
2026-05-26,6.2094,0.00315
2026-05-27,6.1886,-0.00335
2026-05-28,6.2042,0.002521
2026-05-29,6.1703,-0.005464
2026-06-01,6.1287,-0.006742
2026-06-02,6.1424,0.002235
2026-06-03,6.1567,0.002328
2026-06-04,6.152,-0.000763
2026-06-05,6.1309,-0.00343
2026-06-08,6.1101,-0.003393
2026-06-09,6.1768,0.010916
2026-06-10,6.1598,-0.002752
2026-06-11,6.2048,0.007305
2026-06-12,6.22,0.00245
2026-06-15,6.2439,0.003842
2026-06-16,6.2274,-0.002643
2026-06-17,6.2206,-0.001092
2026-06-18,6.2284,0.001254
2026-06-22,6.2594,0.004977
2026-06-23,6.1728,-0.013835
2026-06-24,6.2209,0.007792
2026-06-25,6.2532,0.005192
2026-06-26,6.2135,-0.006349
2026-06-29,6.219,0.000885
2026-06-30,6.2566,0.006046
2026-07-01,6.2442,-0.001982
2026-07-02,6.1495,-0.015166
2026-07-03,6.1213,-0.004586
2026-07-06,6.1073,-0.002287
2026-07-07,6.1089,0.000262
2026-07-08,6.0797,-0.00478
2026-07-09,6.1135,0.005559
2026-07-10,6.0397,-0.012072
2026-07-13,5.9931,-0.007716
2026-07-14,6.004,0.001819
2026-07-15,5.9537,-0.008378
2026-07-16,5.9146,-0.006567
2026-07-17,5.8492,-0.011057
2026-07-20,5.8374,-0.002017
2026-07-21,5.9246,0.014938
2026-07-22,5.9137,-0.00184
2026-07-23,5.8929,-0.003517
2026-07-24,5.8572,-0.006058
2026-07-27,5.8814,0.004132
2026-07-28,5.8349,-0.007906
2026-07-29,5.8448,0.001697
2026-07-30,5.7964,-0.008281
2026-07-31,5.8262,0.005141
2026-08-03,5.7893,-0.006333
2026-08-04,5.8156,0.004543
2026-08-05,5.8656,0.008598
2026-08-06,5.874,0.001432
2026-08-07,5.9056,0.00538
2026-08-10,5.9162,0.001795
2026-08-11,5.8789,-0.006305
2026-08-12,5.8945,0.002654
2026-08-13,5.8696,-0.004224
2026-08-14,5.8653,-0.000733
2026-08-17,5.9106,0.007723
2026-08-18,5.9044,-0.001049
2026-08-19,5.8364,-0.011517
2026-08-20,5.8551,0.003204
2026-08-21,5.891,0.006131
2026-08-24,5.8969,0.001002
2026-08-25,5.8554,-0.007038
2026-08-26,5.8789,0.004013
2026-08-27,5.9066,0.004712
2026-08-28,5.9069,5.1e-05
2026-08-31,5.8973,-0.001625
2026-09-01,5.8796,-0.003001
2026-09-02,5.856,-0.004014
2026-09-03,5.8641,0.001383
2026-09-04,5.8429,-0.003615
2026-09-07,5.8281,-0.002533
2026-09-08,5.8222,-0.001012
2026-09-09,5.8287,0.001116
2026-09-10,5.8253,-0.000583
2026-09-11,5.7781,-0.008103
2026-09-14,5.7672,-0.001886
2026-09-15,5.7592,-0.001387
2026-09-16,5.8007,0.007206
2026-09-17,5.7734,-0.004706
2026-09-18,5.8007,0.004729
2026-09-21,5.8026,0.000328
2026-09-22,5.7964,-0.001068
2026-09-23,5.7933,-0.000535
2026-09-24,5.7589,-0.005938
2026-09-28,5.7182,-0.007067
2026-09-29,5.7284,0.001784
2026-09-30,5.7257,-0.000471
