净值日期,累计净值,daily_return
2004-06-18,1.0,
2004-06-30,1.0,0.0
2004-07-02,1.0,0.0
2004-07-09,1.0,0.0
2004-07-16,1.004,0.004
2004-07-23,0.994,-0.00996
2004-07-30,0.99,-0.004024
2004-08-06,0.989,-0.00101
2004-08-13,0.988,-0.001011
2004-08-20,0.989,0.001012
2004-08-27,0.981,-0.008089
2004-09-03,0.978,-0.003058
2004-09-08,0.971,-0.007157
2004-09-09,0.966,-0.005149
2004-09-10,0.967,0.001035
2004-09-13,0.962,-0.005171
2004-09-14,0.969,0.007277
2004-09-15,0.983,0.014448
2004-09-16,0.987,0.004069
2004-09-17,1.0,0.013171
2004-09-20,1.014,0.014
2004-09-21,1.01,-0.003945
2004-09-22,0.999,-0.010891
2004-09-23,1.021,0.022022
2004-09-24,1.016,-0.004897
2004-09-27,1.016,0.0
2004-09-28,1.023,0.00689
2004-09-29,1.017,-0.005865
2004-09-30,1.013,-0.003933
2004-10-08,1.023,0.009872
2004-10-11,1.018,-0.004888
2004-10-12,1.003,-0.014735
2004-10-13,1.002,-0.000997
2004-10-14,0.986,-0.015968
2004-10-15,0.987,0.001014
2004-10-18,0.989,0.002026
2004-10-19,0.991,0.002022
2004-10-20,0.992,0.001009
2004-10-21,0.99,-0.002016
2004-10-22,1.005,0.015152
2004-10-25,0.997,-0.00796
2004-10-26,1.006,0.009027
2004-10-27,1.012,0.005964
2004-10-28,1.007,-0.004941
2004-10-29,0.999,-0.007944
2004-11-01,0.994,-0.005005
2004-11-02,0.992,-0.002012
2004-11-03,1.002,0.010081
2004-11-04,0.987,-0.01497
2004-11-05,0.986,-0.001013
2004-11-08,0.985,-0.001014
2004-11-09,0.987,0.00203
2004-11-10,1.013,0.026342
2004-11-11,1.008,-0.004936
2004-11-12,1.009,0.000992
2004-11-15,1.017,0.007929
2004-11-16,1.016,-0.000983
2004-11-17,1.008,-0.007874
2004-11-18,1.016,0.007937
2004-11-19,1.018,0.001969
2004-11-22,1.016,-0.001965
2004-11-23,1.006,-0.009843
2004-11-24,1.006,0.0
2004-11-25,1.006,0.0
2004-11-26,1.006,0.0
2004-11-29,1.0,-0.005964
2004-11-30,1.001,0.001
2004-12-01,0.997,-0.003996
2004-12-02,0.991,-0.006018
2004-12-03,0.988,-0.003027
2004-12-06,0.988,0.0
2004-12-07,0.98,-0.008097
2004-12-08,0.983,0.003061
2004-12-09,0.987,0.004069
2004-12-10,0.98,-0.007092
2004-12-13,0.977,-0.003061
2004-12-14,0.977,0.0
2004-12-15,0.981,0.004094
2004-12-16,0.978,-0.003058
2004-12-17,0.97,-0.00818
2004-12-20,0.961,-0.009278
2004-12-21,0.959,-0.002081
2004-12-22,0.973,0.014599
2004-12-23,0.964,-0.00925
2004-12-24,0.964,0.0
2004-12-27,0.963,-0.001037
2004-12-28,0.964,0.001038
2004-12-29,0.965,0.001037
2004-12-30,0.965,0.0
2004-12-31,0.965,0.0
2005-01-04,0.956,-0.009326
2005-01-05,0.958,0.002092
2005-01-06,0.951,-0.007307
2005-01-07,0.95,-0.001052
2005-01-10,0.956,0.006316
2005-01-11,0.956,0.0
2005-01-12,0.957,0.001046
2005-01-13,0.957,0.0
2005-01-14,0.955,-0.00209
2005-01-17,0.942,-0.013613
2005-01-18,0.939,-0.003185
2005-01-19,0.934,-0.005325
2005-01-20,0.928,-0.006424
2005-01-21,0.943,0.016164
2005-01-24,0.953,0.010604
2005-01-25,0.952,-0.001049
2005-01-26,0.951,-0.00105
2005-01-27,0.946,-0.005258
2005-01-28,0.942,-0.004228
2005-01-31,0.937,-0.005308
2005-02-01,0.936,-0.001067
2005-02-02,0.965,0.030983
2005-02-03,0.961,-0.004145
2005-02-04,0.976,0.015609
2005-02-16,0.979,0.003074
2005-02-17,0.972,-0.00715
2005-02-18,0.966,-0.006173
2005-02-21,0.979,0.013458
2005-02-22,0.991,0.012257
2005-02-23,0.986,-0.005045
2005-02-24,0.985,-0.001014
2005-02-25,0.987,0.00203
2005-02-28,0.982,-0.005066
2005-03-01,0.978,-0.004073
2005-03-02,0.969,-0.009202
2005-03-03,0.974,0.00516
2005-03-04,0.974,0.0
2005-03-07,0.976,0.002053
2005-03-08,0.985,0.009221
2005-03-09,0.98,-0.005076
2005-03-10,0.967,-0.013265
2005-03-11,0.969,0.002068
2005-03-14,0.979,0.01032
2005-03-15,0.966,-0.013279
2005-03-16,0.957,-0.009317
2005-03-17,0.953,-0.00418
2005-03-18,0.944,-0.009444
2005-03-21,0.95,0.006356
2005-03-22,0.951,0.001053
2005-03-23,0.947,-0.004206
2005-03-24,0.944,-0.003168
2005-03-25,0.946,0.002119
2005-03-28,0.95,0.004228
2005-03-29,0.943,-0.007368
2005-03-30,0.933,-0.010604
2005-03-31,0.939,0.006431
2005-04-01,0.959,0.021299
2005-04-04,0.957,-0.002086
2005-04-05,0.958,0.001045
2005-04-06,0.977,0.019833
2005-04-07,0.978,0.001024
2005-04-08,0.989,0.011247
2005-04-11,0.977,-0.012133
2005-04-12,0.973,-0.004094
2005-04-13,0.982,0.00925
2005-04-14,0.975,-0.007128
2005-04-15,0.973,-0.002051
2005-04-18,0.966,-0.007194
2005-04-19,0.962,-0.004141
2005-04-20,0.958,-0.004158
2005-04-21,0.964,0.006263
2005-04-22,0.967,0.003112
2005-04-25,0.969,0.002068
2005-04-26,0.971,0.002064
2005-04-27,0.97,-0.00103
2005-04-28,0.978,0.008247
2005-04-29,0.97,-0.00818
2005-05-09,0.957,-0.013402
2005-05-10,0.957,0.0
2005-05-11,0.947,-0.010449
2005-05-12,0.931,-0.016895
2005-05-13,0.933,0.002148
2005-05-16,0.923,-0.010718
2005-05-17,0.925,0.002167
2005-05-18,0.923,-0.002162
2005-05-19,0.922,-0.001083
2005-05-20,0.924,0.002169
2005-05-23,0.914,-0.010823
2005-05-24,0.91,-0.004376
2005-05-25,0.908,-0.002198
2005-05-26,0.896,-0.013216
2005-05-27,0.885,-0.012277
2005-05-30,0.891,0.00678
2005-05-31,0.893,0.002245
2005-06-01,0.881,-0.013438
2005-06-02,0.859,-0.024972
2005-06-03,0.862,0.003492
2005-06-06,0.885,0.026682
2005-06-07,0.879,-0.00678
2005-06-08,0.931,0.059158
2005-06-09,0.933,0.002148
2005-06-10,0.922,-0.01179
2005-06-13,0.917,-0.005423
2005-06-14,0.912,-0.005453
2005-06-15,0.908,-0.004386
2005-06-16,0.916,0.008811
2005-06-17,0.916,0.0
2005-06-20,0.937,0.022926
2005-06-21,0.929,-0.008538
2005-06-22,0.934,0.005382
2005-06-23,0.931,-0.003212
2005-06-24,0.935,0.004296
2005-06-27,0.945,0.010695
2005-06-28,0.94,-0.005291
2005-06-29,0.939,-0.001064
2005-06-30,0.929,-0.01065
2005-07-01,0.919,-0.010764
2005-07-04,0.921,0.002176
2005-07-05,0.916,-0.005429
2005-07-06,0.911,-0.005459
2005-07-07,0.911,0.0
2005-07-08,0.905,-0.006586
2005-07-11,0.902,-0.003315
2005-07-12,0.921,0.021064
2005-07-13,0.916,-0.005429
2005-07-14,0.919,0.003275
2005-07-15,0.919,0.0
2005-07-18,0.914,-0.005441
2005-07-19,0.915,0.001094
2005-07-20,0.923,0.008743
2005-07-21,0.924,0.001083
2005-07-22,0.934,0.010823
2005-07-25,0.931,-0.003212
2005-07-26,0.943,0.012889
2005-07-27,0.954,0.011665
2005-07-28,0.952,-0.002096
2005-07-29,0.948,-0.004202
2005-08-01,0.951,0.003165
2005-08-02,0.956,0.005258
2005-08-03,0.955,-0.001046
2005-08-04,0.952,-0.003141
2005-08-05,0.97,0.018908
2005-08-08,0.969,-0.001031
2005-08-09,0.97,0.001032
2005-08-10,0.974,0.004124
2005-08-11,0.983,0.00924
2005-08-12,0.978,-0.005086
2005-08-15,0.988,0.010225
2005-08-16,0.982,-0.006073
2005-08-17,0.984,0.002037
2005-08-18,0.967,-0.017276
2005-08-19,0.97,0.003102
2005-08-22,0.971,0.001031
2005-08-23,0.966,-0.005149
2005-08-24,0.972,0.006211
2005-08-25,0.969,-0.003086
2005-08-26,0.967,-0.002064
2005-08-29,0.958,-0.009307
2005-08-30,0.958,0.0
2005-08-31,0.966,0.008351
2005-09-01,0.974,0.008282
2005-09-02,0.974,0.0
2005-09-05,0.976,0.002053
2005-09-06,0.965,-0.01127
2005-09-07,0.977,0.012435
2005-09-08,0.979,0.002047
2005-09-09,0.975,-0.004086
2005-09-12,0.975,0.0
2005-09-13,0.986,0.011282
2005-09-14,0.987,0.001014
2005-09-15,0.99,0.00304
2005-09-16,0.985,-0.005051
2005-09-19,0.989,0.004061
2005-09-20,0.985,-0.004044
2005-09-21,0.973,-0.012183
2005-09-22,0.964,-0.00925
2005-09-23,0.965,0.001037
2005-09-26,0.966,0.001036
2005-09-27,0.96,-0.006211
2005-09-28,0.959,-0.001042
2005-09-29,0.97,0.01147
2005-09-30,0.971,0.001031
2005-10-10,0.967,-0.004119
2005-10-11,0.977,0.010341
2005-10-12,0.978,0.001024
2005-10-13,0.976,-0.002045
2005-10-14,0.972,-0.004098
2005-10-17,0.969,-0.003086
2005-10-18,0.974,0.00516
2005-10-19,0.97,-0.004107
2005-10-20,0.974,0.004124
2005-10-21,0.978,0.004107
2005-10-24,0.98,0.002045
2005-10-25,0.97,-0.010204
2005-10-26,0.956,-0.014433
2005-10-27,0.959,0.003138
2005-10-28,0.955,-0.004171
2005-10-31,0.955,0.0
2005-11-01,0.95,-0.005236
2005-11-02,0.957,0.007368
2005-11-03,0.947,-0.010449
2005-11-04,0.948,0.001056
2005-11-07,0.95,0.00211
2005-11-08,0.958,0.008421
2005-11-09,0.956,-0.002088
2005-11-10,0.943,-0.013598
2005-11-11,0.944,0.00106
2005-11-14,0.939,-0.005297
2005-11-15,0.928,-0.011715
2005-11-16,0.929,0.001078
2005-11-17,0.93,0.001076
2005-11-18,0.947,0.01828
2005-11-21,0.948,0.001056
2005-11-22,0.94,-0.008439
2005-11-23,0.946,0.006383
2005-11-24,0.949,0.003171
2005-11-25,0.948,-0.001054
2005-11-28,0.947,-0.001055
2005-11-29,0.941,-0.006336
2005-11-30,0.945,0.004251
2005-12-01,0.948,0.003175
2005-12-02,0.944,-0.004219
2005-12-05,0.92,-0.025424
2005-12-06,0.918,-0.002174
2005-12-07,0.924,0.006536
2005-12-08,0.921,-0.003247
2005-12-09,0.936,0.016287
2005-12-12,0.935,-0.001068
2005-12-13,0.935,0.0
2005-12-14,0.945,0.010695
2005-12-15,0.941,-0.004233
2005-12-16,0.949,0.008502
2005-12-19,0.947,-0.002107
2005-12-20,0.945,-0.002112
2005-12-21,0.94,-0.005291
2005-12-22,0.946,0.006383
2005-12-23,0.957,0.011628
2005-12-26,0.961,0.00418
2005-12-27,0.962,0.001041
2005-12-28,0.961,-0.00104
2005-12-29,0.971,0.010406
2005-12-30,0.962,-0.009269
2005-12-31,0.962,0.0
2006-01-04,0.974,0.012474
2006-01-05,0.987,0.013347
2006-01-06,1.001,0.014184
2006-01-09,1.007,0.005994
2006-01-10,1.007,0.0
2006-01-11,1.006,-0.000993
2006-01-12,1.016,0.00994
2006-01-13,1.02,0.003937
2006-01-16,1.004,-0.015686
2006-01-17,1.005,0.000996
2006-01-18,1.023,0.01791
2006-01-19,1.031,0.00782
2006-01-20,1.035,0.00388
2006-01-23,1.039,0.003865
2006-01-24,1.044,0.004812
2006-01-25,1.054,0.009579
2006-02-06,1.074,0.018975
2006-02-07,1.067,-0.006518
2006-02-08,1.067,0.0
2006-02-09,1.052,-0.014058
2006-02-10,1.063,0.010456
2006-02-13,1.068,0.004704
2006-02-14,1.076,0.007491
2006-02-15,1.076,0.0
2006-02-16,1.049,-0.025093
2006-02-17,1.051,0.001907
2006-02-20,1.049,-0.001903
2006-02-21,1.062,0.012393
2006-02-22,1.058,-0.003766
2006-02-23,1.053,-0.004726
2006-02-24,1.064,0.010446
2006-02-27,1.07,0.005639
2006-02-28,1.077,0.006542
2006-03-01,1.08,0.002786
2006-03-02,1.081,0.000926
2006-03-03,1.084,0.002775
2006-03-06,1.084,0.0
2006-03-07,1.07,-0.012915
2006-03-08,1.07,0.0
2006-03-09,1.065,-0.004673
2006-03-10,1.069,0.003756
2006-03-13,1.075,0.005613
2006-03-14,1.074,-0.00093
2006-03-15,1.085,0.010242
2006-03-16,1.084,-0.000922
2006-03-17,1.083,-0.000923
2006-03-20,1.091,0.007387
2006-03-21,1.093,0.001833
2006-03-22,1.101,0.007319
2006-03-23,1.101,0.0
2006-03-24,1.096,-0.004541
2006-03-27,1.103,0.006387
2006-03-28,1.107,0.003626
2006-03-29,1.132,0.022584
2006-03-30,1.146,0.012367
2006-03-31,1.159,0.011344
2006-04-03,1.177,0.015531
2006-04-04,1.186,0.007647
2006-04-05,1.202,0.013491
2006-04-06,1.21,0.006656
2006-04-07,1.214,0.003306
2006-04-10,1.232,0.014827
2006-04-11,1.231,-0.000812
2006-04-12,1.231,0.0
2006-04-13,1.189,-0.034119
2006-04-14,1.216,0.022708
2006-04-17,1.229,0.010691
2006-04-18,1.236,0.005696
2006-04-19,1.258,0.017799
2006-04-20,1.262,0.00318
2006-04-21,1.28,0.014263
2006-04-24,1.279,-0.000781
2006-04-25,1.279,0.0
2006-04-26,1.29,0.0086
2006-04-27,1.28,-0.007752
2006-04-28,1.306,0.020312
2006-05-08,1.345,0.029862
2006-05-09,1.381,0.026766
2006-05-10,1.392,0.007965
2006-05-11,1.389,-0.002155
2006-05-12,1.438,0.035277
2006-05-15,1.496,0.040334
2006-05-16,1.466,-0.020053
2006-05-17,1.474,0.005457
2006-05-18,1.464,-0.006784
2006-05-19,1.513,0.03347
2006-05-22,1.526,0.008592
2006-05-23,1.485,-0.026868
2006-05-24,1.481,-0.002694
2006-05-25,1.492,0.007427
2006-05-26,1.527,0.023458
2006-05-29,1.574,0.030779
2006-05-30,1.61,0.022872
2006-05-31,1.6,-0.006211
2006-06-01,1.646,0.02875
2006-06-02,1.641,-0.003038
2006-06-05,1.651,0.006094
2006-06-06,1.634,-0.010297
2006-06-07,1.552,-0.050184
2006-06-08,1.547,-0.003222
2006-06-09,1.51,-0.023917
2006-06-12,1.522,0.007947
2006-06-13,1.53,0.005256
2006-06-14,1.521,-0.005882
2006-06-15,1.529,0.00526
2006-06-16,1.554,0.016351
2006-06-19,1.571,0.01094
2006-06-20,1.571,0.0
2006-06-21,1.565,-0.003819
2006-06-22,1.565,0.0
2006-06-23,1.584,0.012141
2006-06-26,1.61,0.016414
2006-06-27,1.614,0.002484
2006-06-28,1.611,-0.001859
2006-06-29,1.635,0.014898
2006-06-30,1.64,0.003058
2006-07-03,1.661,0.012805
2006-07-04,1.663,0.001204
2006-07-05,1.648,-0.00902
2006-07-06,1.679,0.018811
2006-07-07,1.682,0.001787
2006-07-10,1.684,0.001189
2006-07-11,1.691,0.004157
2006-07-12,1.694,0.001774
2006-07-13,1.617,-0.045455
2006-07-14,1.633,0.009895
2006-07-17,1.641,0.004899
2006-07-18,1.638,-0.001828
2006-07-19,1.603,-0.021368
2006-07-20,1.603,0.0
2006-07-21,1.618,0.009357
2006-07-24,1.625,0.004326
2006-07-25,1.642,0.010462
2006-07-26,1.638,-0.002436
2006-07-27,1.619,-0.0116
2006-07-28,1.615,-0.002471
2006-07-31,1.575,-0.024768
2006-08-01,1.561,-0.008889
2006-08-02,1.552,-0.005766
2006-08-03,1.55,-0.001289
2006-08-04,1.515,-0.022581
2006-08-07,1.507,-0.005281
2006-08-08,1.536,0.019244
2006-08-09,1.532,-0.002604
2006-08-10,1.554,0.01436
2006-08-11,1.559,0.003218
2006-08-14,1.533,-0.016677
2006-08-15,1.555,0.014351
2006-08-16,1.574,0.012219
2006-08-17,1.566,-0.005083
2006-08-18,1.555,-0.007024
2006-08-21,1.563,0.005145
2006-08-22,1.588,0.015995
2006-08-23,1.577,-0.006927
2006-08-24,1.591,0.008878
2006-08-25,1.59,-0.000629
2006-08-28,1.626,0.022642
2006-08-29,1.628,0.00123
2006-08-30,1.64,0.007371
2006-08-31,1.649,0.005488
2006-09-01,1.635,-0.00849
2006-09-04,1.663,0.017125
2006-09-05,1.67,0.004209
2006-09-06,1.672,0.001198
2006-09-07,1.662,-0.005981
2006-09-08,1.656,-0.00361
2006-09-11,1.649,-0.004227
2006-09-12,1.651,0.001213
2006-09-13,1.625,-0.015748
2006-09-14,1.628,0.001846
2006-09-15,1.639,0.006757
2006-09-18,1.657,0.010982
2006-09-19,1.659,0.001207
2006-09-20,1.659,0.0
2006-09-21,1.668,0.005425
2006-09-22,1.662,-0.003597
2006-09-25,1.664,0.001203
2006-09-26,1.657,-0.004207
2006-09-27,1.657,0.0
2006-09-28,1.67,0.007846
2006-09-29,1.683,0.007784
2006-09-30,1.683,0.0
2006-10-09,1.709,0.015449
2006-10-10,1.711,0.00117
2006-10-11,1.704,-0.004091
2006-10-12,1.68,-0.014085
2006-10-13,1.688,0.004762
2006-10-16,1.665,-0.013626
2006-10-17,1.662,-0.001802
2006-10-18,1.679,0.010229
2006-10-19,1.683,0.002382
2006-10-20,1.686,0.001783
2006-10-23,1.657,-0.0172
2006-10-24,1.688,0.018709
2006-10-25,1.697,0.005332
2006-10-26,1.71,0.007661
2006-10-27,1.694,-0.009357
2006-10-30,1.677,-0.010035
2006-10-31,1.689,0.007156
2006-11-01,1.69,0.000592
2006-11-02,1.697,0.004142
2006-11-03,1.702,0.002946
2006-11-06,1.707,0.002938
2006-11-07,1.709,0.001172
2006-11-08,1.694,-0.008777
2006-11-09,1.714,0.011806
2006-11-10,1.701,-0.007585
2006-11-13,1.673,-0.016461
2006-11-14,1.685,0.007173
2006-11-15,1.726,0.024332
2006-11-16,1.721,-0.002897
2006-11-17,1.742,0.012202
2006-11-20,1.764,0.012629
2006-11-21,1.768,0.002268
2006-11-22,1.789,0.011878
2006-11-23,1.798,0.005031
2006-11-24,1.804,0.003337
2006-11-27,1.815,0.006098
2006-11-28,1.817,0.001102
2006-11-29,1.831,0.007705
2006-11-30,1.873,0.022938
2006-12-01,1.892,0.010144
2006-12-04,1.932,0.021142
2006-12-05,1.942,0.005176
2006-12-06,1.926,-0.008239
2006-12-07,1.921,-0.002596
2006-12-08,1.875,-0.023946
2006-12-11,1.938,0.0336
2006-12-12,1.945,0.003612
2006-12-13,1.944,-0.000514
2006-12-14,1.972,0.014403
2006-12-15,2.001,0.014706
2006-12-18,2.043,0.02099
2006-12-19,2.062,0.0093
2006-12-20,2.082,0.009699
2006-12-21,2.056,-0.012488
2006-12-22,2.048,-0.003891
2006-12-25,2.08,0.015625
2006-12-26,2.078,-0.000962
2006-12-27,2.105,0.012993
2006-12-28,2.089,-0.007601
2006-12-29,2.13,0.019627
2006-12-31,2.13,0.0
2007-01-04,2.133,0.001408
2007-01-05,2.137,0.001875
2007-01-08,2.183,0.021526
2007-01-09,2.238,0.025195
2007-01-10,2.287,0.021895
2007-01-11,2.277,-0.004373
2007-01-12,2.232,-0.019763
2007-01-15,2.323,0.040771
2007-01-16,2.39,0.028842
2007-01-17,2.348,-0.017573
2007-01-18,2.381,0.014055
2007-01-19,2.447,0.027719
2007-01-22,2.517,0.028606
2007-01-23,2.501,-0.006357
2007-01-24,2.515,0.005598
2007-01-25,2.446,-0.027435
2007-01-26,2.489,0.01758
2007-01-29,2.529,0.016071
2007-01-30,2.516,-0.00514
2007-01-31,2.381,-0.053657
2007-02-01,2.394,0.00546
2007-02-02,2.332,-0.025898
2007-02-05,2.33,-0.000858
2007-02-06,2.355,0.01073
2007-02-07,2.403,0.020382
2007-02-08,2.425,0.009155
2007-02-09,2.423,-0.000825
2007-02-12,2.504,0.03343
2007-02-13,2.542,0.015176
2007-02-14,2.585,0.016916
2007-02-15,2.654,0.026692
2007-02-16,2.656,0.000754
2007-02-26,2.656,0.0
2007-02-27,2.441,-0.080949
2007-02-28,2.502,0.02499
2007-03-01,2.464,-0.015188
2007-03-02,2.489,0.010146
2007-03-05,2.462,-0.010848
2007-03-06,2.484,0.008936
2007-03-07,2.54,0.022544
2007-03-08,2.58,0.015748
2007-03-09,2.555,-0.00969
2007-03-12,2.564,0.003523
2007-03-13,2.59,0.01014
2007-03-14,2.579,-0.004247
2007-03-15,2.628,0.019
2007-03-16,2.588,-0.015221
2007-03-19,2.619,0.011978
2007-03-20,2.616,-0.001145
2007-03-21,2.634,0.006881
2007-03-22,2.639,0.001898
2007-03-23,2.637,-0.000758
2007-03-26,2.681,0.016686
2007-03-27,2.718,0.013801
2007-03-28,2.707,-0.004047
2007-03-29,2.674,-0.012191
2007-03-30,2.671,-0.001122
2007-03-31,2.671,0.0
2007-04-02,2.726,0.020592
2007-04-03,2.765,0.014307
2007-04-04,2.792,0.009765
2007-04-05,2.821,0.010387
2007-04-06,2.863,0.014888
2007-04-09,2.922,0.020608
2007-04-10,2.939,0.005818
2007-04-11,2.966,0.009187
2007-04-12,3.009,0.014498
2007-04-13,3.04,0.010302
2007-04-16,3.107,0.022039
2007-04-17,3.111,0.001287
2007-04-18,3.126,0.004822
2007-04-19,3.026,-0.03199
2007-04-20,3.132,0.03503
2007-04-23,3.238,0.033844
2007-04-24,3.206,-0.009883
2007-04-25,3.194,-0.003743
2007-04-26,3.25,0.017533
2007-04-27,3.232,-0.005538
2007-04-30,3.274,0.012995
2007-05-08,3.361,0.026573
2007-05-09,3.319,-0.012496
2007-05-10,3.322,0.000904
2007-05-11,3.326,0.001204
2007-05-14,3.34,0.004209
2007-05-15,3.255,-0.025449
2007-05-16,3.338,0.025499
2007-05-17,3.399,0.018274
2007-05-18,3.399,0.0
2007-05-21,3.475,0.02236
2007-05-22,3.498,0.006619
2007-05-23,3.546,0.013722
2007-05-24,3.499,-0.013254
2007-05-25,3.532,0.009431
2007-05-28,3.616,0.023783
2007-05-29,3.682,0.018252
2007-05-30,3.447,-0.063824
2007-05-31,3.48,0.009574
2007-06-01,3.388,-0.026437
2007-06-04,3.168,-0.064935
2007-06-05,3.272,0.032828
2007-06-06,3.341,0.021088
2007-06-07,3.457,0.03472
2007-06-08,3.496,0.011281
2007-06-11,3.588,0.026316
2007-06-12,3.679,0.025362
2007-06-13,3.763,0.022832
2007-06-14,3.72,-0.011427
2007-06-15,3.737,0.00457
2007-06-18,3.8,0.016858
2007-06-19,3.813,0.003421
2007-06-20,3.714,-0.025964
2007-06-21,3.743,0.007808
2007-06-22,3.602,-0.03767
2007-06-25,3.471,-0.036369
2007-06-26,3.557,0.024777
2007-06-27,3.627,0.01968
2007-06-28,3.475,-0.041908
2007-06-29,3.64,0.047482
2007-06-30,3.639,-0.000275
2007-07-02,3.59,-0.013465
2007-07-03,3.61,0.005571
2007-07-04,3.559,-0.014127
2007-07-05,3.381,-0.050014
2007-07-06,3.493,0.033126
2007-07-09,3.59,0.02777
2007-07-10,3.51,-0.022284
2007-07-11,3.512,0.00057
2007-07-12,3.53,0.005125
2007-07-13,3.527,-0.00085
2007-07-16,3.446,-0.022966
2007-07-17,3.517,0.020604
2007-07-18,3.523,0.001706
2007-07-19,3.552,0.008232
2007-07-20,3.672,0.033784
2007-07-23,3.798,0.034314
2007-07-24,3.78,-0.004739
2007-07-25,3.824,0.01164
2007-07-26,3.844,0.00523
2007-07-27,3.855,0.002862
2007-07-30,3.942,0.022568
2007-07-31,4.018,0.01928
2007-08-01,3.869,-0.037083
2007-08-02,3.96,0.02352
2007-08-03,4.086,0.031818
2007-08-06,4.124,0.0093
2007-08-07,4.128,0.00097
2007-08-08,4.119,-0.00218
2007-08-09,4.139,0.004856
2007-08-10,4.119,-0.004832
2007-08-13,4.107,-0.002913
2007-08-14,4.119,0.002922
2007-08-15,4.127,0.001942
2007-08-16,4.099,-0.006785
2007-08-17,4.067,-0.007807
2007-08-20,4.139,0.017703
2007-08-21,4.159,0.004832
2007-08-22,4.179,0.004809
2007-08-23,4.199,0.004786
2007-08-24,4.219,0.004763
2007-08-27,4.219,0.0
2007-08-28,4.239,0.00474
2007-08-29,4.223,-0.003774
2007-08-30,4.259,0.008525
2007-08-31,4.299,0.009392
2007-09-03,4.351,0.012096
2007-09-04,4.319,-0.007355
2007-09-05,4.323,0.000926
2007-09-06,4.343,0.004626
2007-09-07,4.287,-0.012894
2007-09-10,4.319,0.007464
2007-09-11,4.207,-0.025932
2007-09-12,4.243,0.008557
2007-09-13,4.307,0.015084
2007-09-14,4.335,0.006501
2007-09-17,4.386,0.011765
2007-09-18,4.363,-0.005244
2007-09-19,4.343,-0.004584
2007-09-20,4.382,0.00898
2007-09-21,4.382,0.0
2007-09-24,4.386,0.000913
2007-09-25,4.363,-0.005244
2007-09-26,4.315,-0.011002
2007-09-27,4.359,0.010197
2007-09-28,4.454,0.021794
2007-09-30,4.454,0.0
2007-10-08,4.49,0.008083
2007-10-09,4.522,0.007127
2007-10-10,4.534,0.002654
2007-10-11,4.586,0.011469
2007-10-12,4.55,-0.00785
2007-10-15,4.574,0.005275
2007-10-16,4.614,0.008745
2007-10-17,4.57,-0.009536
2007-10-18,4.482,-0.019256
2007-10-19,4.49,0.001785
2007-10-22,4.422,-0.015145
2007-10-23,4.462,0.009046
2007-10-24,4.474,0.002689
2007-10-25,4.351,-0.027492
2007-10-26,4.359,0.001839
2007-10-29,4.418,0.013535
2007-10-30,4.462,0.009959
2007-10-31,4.51,0.010758
2007-11-01,4.47,-0.008869
2007-11-02,4.398,-0.016107
2007-11-05,4.355,-0.009777
2007-11-06,4.339,-0.003674
2007-11-07,4.347,0.001844
2007-11-08,4.227,-0.027605
2007-11-09,4.179,-0.011356
2007-11-12,4.139,-0.009572
2007-11-13,4.119,-0.004832
2007-11-14,4.211,0.022336
2007-11-15,4.183,-0.006649
2007-11-16,4.147,-0.008606
2007-11-19,4.147,0.0
2007-11-20,4.175,0.006752
2007-11-21,4.143,-0.007665
2007-11-22,4.027,-0.027999
2007-11-23,4.059,0.007946
2007-11-26,4.031,-0.006898
2007-11-27,3.988,-0.010667
2007-11-28,3.96,-0.007021
2007-11-29,4.043,0.02096
2007-11-30,4.011,-0.007915
2007-12-03,4.051,0.009973
2007-12-04,4.071,0.004937
2007-12-05,4.123,0.012773
2007-12-06,4.127,0.00097
2007-12-07,4.163,0.008723
2007-12-10,4.215,0.012491
2007-12-11,4.219,0.000949
2007-12-12,4.195,-0.005689
2007-12-13,4.107,-0.020977
2007-12-14,4.163,0.013635
2007-12-17,4.119,-0.010569
2007-12-18,4.119,0.0
2007-12-19,4.183,0.015538
2007-12-20,4.223,0.009563
2007-12-21,4.259,0.008525
2007-12-24,4.319,0.014088
2007-12-25,4.319,0.0
2007-12-26,4.359,0.009261
2007-12-27,4.414,0.012618
2007-12-28,4.394,-0.004531
2007-12-29,4.394,0.0
2007-12-31,4.394,0.0
2008-01-02,4.45,0.012745
2008-01-03,4.466,0.003596
2008-01-04,4.49,0.005374
2008-01-07,4.53,0.008909
2008-01-08,4.494,-0.007947
2008-01-09,4.542,0.010681
2008-01-10,4.578,0.007926
2008-01-11,4.582,0.000874
2008-01-14,4.634,0.011349
2008-01-15,4.614,-0.004316
2008-01-16,4.53,-0.018205
2008-01-17,4.466,-0.014128
2008-01-18,4.494,0.00627
2008-01-21,4.343,-0.0336
2008-01-22,4.111,-0.053419
2008-01-23,4.275,0.039893
2008-01-24,4.331,0.013099
2008-01-25,4.355,0.005541
2008-01-28,4.155,-0.045924
2008-01-29,4.191,0.008664
2008-01-30,4.159,-0.007635
2008-01-31,4.071,-0.021159
2008-02-01,4.007,-0.015721
2008-02-04,4.259,0.06289
2008-02-05,4.247,-0.002818
2008-02-13,4.195,-0.012244
2008-02-14,4.239,0.010489
2008-02-15,4.207,-0.007549
2008-02-18,4.291,0.019967
2008-02-19,4.363,0.016779
2008-02-20,4.303,-0.013752
2008-02-21,4.315,0.002789
2008-02-22,4.199,-0.026883
2008-02-25,4.099,-0.023815
2008-02-26,4.075,-0.005855
2008-02-27,4.171,0.023558
2008-02-28,4.183,0.002877
2008-02-29,4.223,0.009563
2008-03-03,4.315,0.021785
2008-03-04,4.255,-0.013905
2008-03-05,4.239,-0.00376
2008-03-06,4.263,0.005662
2008-03-07,4.219,-0.010321
2008-03-10,4.103,-0.027495
2008-03-11,4.099,-0.000975
2008-03-12,4.0,-0.024152
2008-03-13,3.916,-0.021
2008-03-14,3.888,-0.00715
2008-03-17,3.72,-0.04321
2008-03-18,3.557,-0.043817
2008-03-19,3.664,0.030082
2008-03-20,3.756,0.025109
2008-03-21,3.78,0.00639
2008-03-24,3.652,-0.033862
2008-03-25,3.68,0.007667
2008-03-26,3.672,-0.002174
2008-03-27,3.545,-0.034586
2008-03-28,3.664,0.033568
2008-03-31,3.565,-0.02702
2008-04-01,3.385,-0.050491
2008-04-02,3.313,-0.02127
2008-04-03,3.385,0.021733
2008-04-07,3.541,0.046086
2008-04-08,3.585,0.012426
2008-04-09,3.433,-0.042399
2008-04-10,3.509,0.022138
2008-04-11,3.533,0.00684
2008-04-14,3.353,-0.050948
2008-04-15,3.389,0.010737
2008-04-16,3.317,-0.021245
2008-04-17,3.254,-0.018993
2008-04-18,3.182,-0.022127
2008-04-21,3.17,-0.003771
2008-04-22,3.194,0.007571
2008-04-23,3.305,0.034753
2008-04-24,3.533,0.068986
2008-04-25,3.557,0.006793
2008-04-28,3.513,-0.01237
2008-04-29,3.537,0.006832
2008-04-30,3.676,0.039299
2008-05-05,3.776,0.027203
2008-05-06,3.76,-0.004237
2008-05-07,3.609,-0.04016
2008-05-08,3.712,0.02854
2008-05-09,3.684,-0.007543
2008-05-12,3.728,0.011944
2008-05-13,3.688,-0.01073
2008-05-14,3.776,0.023861
2008-05-15,3.76,-0.004237
2008-05-16,3.748,-0.003191
2008-05-19,3.748,0.0
2008-05-20,3.573,-0.046692
2008-05-21,3.621,0.013434
2008-05-22,3.561,-0.01657
2008-05-23,3.525,-0.01011
2008-05-26,3.429,-0.027234
2008-05-27,3.445,0.004666
2008-05-28,3.513,0.019739
2008-05-29,3.433,-0.022773
2008-05-30,3.453,0.005826
2008-06-02,3.465,0.003475
2008-06-03,3.457,-0.002309
2008-06-04,3.393,-0.018513
2008-06-05,3.361,-0.009431
2008-06-06,3.361,0.0
2008-06-10,3.166,-0.058018
2008-06-11,3.102,-0.020215
2008-06-12,3.054,-0.015474
2008-06-13,2.958,-0.031434
2008-06-16,2.93,-0.009466
2008-06-17,2.839,-0.031058
2008-06-18,2.954,0.040507
2008-06-19,2.767,-0.063304
2008-06-20,2.811,0.015902
2008-06-23,2.791,-0.007115
2008-06-24,2.851,0.021498
2008-06-25,2.95,0.034725
2008-06-26,2.978,0.009492
2008-06-27,2.839,-0.046676
2008-06-30,2.839,0.0
2008-07-01,2.775,-0.022543
2008-07-02,2.791,0.005766
2008-07-03,2.867,0.02723
2008-07-04,2.859,-0.00279
2008-07-07,2.978,0.041623
2008-07-08,2.998,0.006716
2008-07-09,3.082,0.028019
2008-07-10,3.058,-0.007787
2008-07-11,3.038,-0.00654
2008-07-14,3.09,0.017117
2008-07-15,2.998,-0.029773
2008-07-16,2.887,-0.037025
2008-07-17,2.863,-0.008313
2008-07-18,2.934,0.024799
2008-07-21,3.014,0.027267
2008-07-22,3.014,0.0
2008-07-23,2.994,-0.006636
2008-07-24,3.078,0.028056
2008-07-25,3.05,-0.009097
2008-07-28,3.058,0.002623
2008-07-29,2.998,-0.019621
2008-07-30,2.974,-0.008005
2008-07-31,2.902,-0.02421
2008-08-01,2.914,0.004135
2008-08-04,2.843,-0.024365
2008-08-05,2.755,-0.030953
2008-08-06,2.759,0.001452
2008-08-07,2.767,0.0029
2008-08-08,2.651,-0.041923
2008-08-11,2.527,-0.046775
2008-08-12,2.52,-0.00277
2008-08-13,2.527,0.002778
2008-08-14,2.524,-0.001187
2008-08-15,2.512,-0.004754
2008-08-18,2.376,-0.05414
2008-08-19,2.404,0.011785
2008-08-20,2.575,0.071131
2008-08-21,2.5,-0.029126
2008-08-22,2.476,-0.0096
2008-08-25,2.464,-0.004847
2008-08-26,2.392,-0.029221
2008-08-27,2.388,-0.001672
2008-08-28,2.4,0.005025
2008-08-29,2.46,0.025
2008-09-01,2.388,-0.029268
2008-09-02,2.372,-0.0067
2008-09-03,2.328,-0.01855
2008-09-04,2.336,0.003436
2008-09-05,2.272,-0.027397
2008-09-08,2.228,-0.019366
2008-09-09,2.232,0.001795
2008-09-10,2.224,-0.003584
2008-09-11,2.16,-0.028777
2008-09-12,2.157,-0.001389
2008-09-16,2.045,-0.051924
2008-09-17,1.989,-0.027384
2008-09-18,1.969,-0.010055
2008-09-19,2.121,0.077197
2008-09-22,2.224,0.048562
2008-09-23,2.149,-0.033723
2008-09-24,2.157,0.003723
2008-09-25,2.232,0.034771
2008-09-26,2.248,0.007168
2008-09-30,2.248,0.0
2008-10-06,2.133,-0.051157
2008-10-07,2.125,-0.003751
2008-10-08,2.081,-0.020706
2008-10-09,2.049,-0.015377
2008-10-10,1.969,-0.039043
2008-10-13,2.017,0.024378
2008-10-14,1.985,-0.015865
2008-10-15,1.973,-0.006045
2008-10-16,1.885,-0.044602
2008-10-17,1.897,0.006366
2008-10-20,1.945,0.025303
2008-10-21,1.933,-0.00617
2008-10-22,1.889,-0.022763
2008-10-23,1.897,0.004235
2008-10-24,1.853,-0.023195
2008-10-27,1.75,-0.055586
2008-10-28,1.793,0.024571
2008-10-29,1.758,-0.01952
2008-10-30,1.797,0.022184
2008-10-31,1.766,-0.017251
2008-11-03,1.758,-0.00453
2008-11-04,1.73,-0.015927
2008-11-05,1.786,0.03237
2008-11-06,1.746,-0.022396
2008-11-07,1.77,0.013746
2008-11-10,1.885,0.064972
2008-11-11,1.873,-0.006366
2008-11-12,1.901,0.014949
2008-11-13,1.969,0.035771
2008-11-14,2.037,0.034535
2008-11-17,2.089,0.025528
2008-11-18,1.953,-0.065103
2008-11-19,2.053,0.051203
2008-11-20,2.053,0.0
2008-11-21,2.045,-0.003897
2008-11-24,1.989,-0.027384
2008-11-25,1.989,0.0
2008-11-26,1.989,0.0
2008-11-27,2.005,0.008044
2008-11-28,1.961,-0.021945
2008-12-01,2.013,0.026517
2008-12-02,2.029,0.007948
2008-12-03,2.109,0.039428
2008-12-04,2.141,0.015173
2008-12-05,2.176,0.016348
2008-12-08,2.256,0.036765
2008-12-09,2.22,-0.015957
2008-12-10,2.28,0.027027
2008-12-11,2.24,-0.017544
2008-12-12,2.145,-0.042411
2008-12-15,2.176,0.014452
2008-12-16,2.208,0.014706
2008-12-17,2.228,0.009058
2008-12-18,2.272,0.019749
2008-12-19,2.28,0.003521
2008-12-22,2.264,-0.007018
2008-12-23,2.164,-0.04417
2008-12-24,2.137,-0.012477
2008-12-25,2.129,-0.003744
2008-12-26,2.129,0.0
2008-12-29,2.137,0.003758
2008-12-30,2.117,-0.009359
2008-12-31,2.101,-0.007558
2009-01-05,2.153,0.02475
2009-01-06,2.212,0.027404
2009-01-07,2.208,-0.001808
2009-01-08,2.172,-0.016304
2009-01-09,2.22,0.022099
2009-01-12,2.24,0.009009
2009-01-13,2.184,-0.025
2009-01-14,2.256,0.032967
2009-01-15,2.264,0.003546
2009-01-16,2.292,0.012367
2009-01-19,2.296,0.001745
2009-01-20,2.304,0.003484
2009-01-21,2.312,0.003472
2009-01-22,2.328,0.00692
2009-01-23,2.324,-0.001718
2009-02-02,2.352,0.012048
2009-02-03,2.4,0.020408
2009-02-04,2.44,0.016667
2009-02-05,2.424,-0.006557
2009-02-06,2.5,0.031353
2009-02-09,2.555,0.022
2009-02-10,2.571,0.006262
2009-02-11,2.583,0.004667
2009-02-12,2.591,0.003097
2009-02-13,2.647,0.021613
2009-02-16,2.687,0.015111
2009-02-17,2.631,-0.020841
2009-02-18,2.547,-0.031927
2009-02-19,2.563,0.006282
2009-02-20,2.607,0.017167
2009-02-23,2.679,0.027618
2009-02-24,2.611,-0.025383
2009-02-25,2.611,0.0
2009-02-26,2.508,-0.039448
2009-02-27,2.452,-0.022329
2009-03-02,2.484,0.013051
2009-03-03,2.464,-0.008052
2009-03-04,2.595,0.053166
2009-03-05,2.599,0.001541
2009-03-06,2.591,-0.003078
2009-03-09,2.527,-0.024701
2009-03-10,2.559,0.012663
2009-03-11,2.539,-0.007816
2009-03-12,2.543,0.001575
2009-03-13,2.531,-0.004719
2009-03-16,2.555,0.009482
2009-03-17,2.627,0.02818
2009-03-18,2.639,0.004568
2009-03-19,2.695,0.02122
2009-03-20,2.691,-0.001484
2009-03-23,2.751,0.022297
2009-03-24,2.775,0.008724
2009-03-25,2.723,-0.018739
2009-03-26,2.771,0.017628
2009-03-27,2.783,0.004331
2009-03-30,2.771,-0.004312
2009-03-31,2.775,0.001444
2009-04-01,2.823,0.017297
2009-04-02,2.859,0.012752
2009-04-03,2.839,-0.006995
2009-04-07,2.847,0.002818
2009-04-08,2.795,-0.018265
2009-04-09,2.819,0.008587
2009-04-10,2.875,0.019865
2009-04-13,2.91,0.012174
2009-04-14,2.922,0.004124
2009-04-15,2.926,0.001369
2009-04-16,2.934,0.002734
2009-04-17,2.922,-0.00409
2009-04-20,2.97,0.016427
2009-04-21,2.966,-0.001347
2009-04-22,2.898,-0.022927
2009-04-23,2.906,0.002761
2009-04-24,2.887,-0.006538
2009-04-27,2.827,-0.020783
2009-04-28,2.835,0.00283
2009-04-29,2.891,0.019753
2009-04-30,2.918,0.009339
2009-05-04,2.982,0.021933
2009-05-05,3.006,0.008048
2009-05-06,3.022,0.005323
2009-05-07,3.03,0.002647
2009-05-08,3.058,0.009241
2009-05-11,3.018,-0.01308
2009-05-12,3.046,0.009278
2009-05-13,3.054,0.002626
2009-05-14,3.046,-0.00262
2009-05-15,3.042,-0.001313
2009-05-18,3.07,0.009204
2009-05-19,3.09,0.006515
2009-05-20,3.062,-0.009061
2009-05-21,3.026,-0.011757
2009-05-22,3.014,-0.003966
2009-05-25,3.01,-0.001327
2009-05-26,3.002,-0.002658
2009-05-27,3.026,0.007995
2009-06-01,3.086,0.019828
2009-06-02,3.098,0.003889
2009-06-03,3.154,0.018076
2009-06-04,3.158,0.001268
2009-06-05,3.15,-0.002533
2009-06-08,3.17,0.006349
2009-06-09,3.186,0.005047
2009-06-10,3.21,0.007533
2009-06-11,3.194,-0.004984
2009-06-12,3.154,-0.012523
2009-06-15,3.194,0.012682
2009-06-16,3.198,0.001252
2009-06-17,3.238,0.012508
2009-06-18,3.254,0.004941
2009-06-19,3.273,0.005839
2009-06-22,3.265,-0.002444
2009-06-23,3.273,0.00245
2009-06-24,3.285,0.003666
2009-06-25,3.285,0.0
2009-06-26,3.297,0.003653
2009-06-29,3.337,0.012132
2009-06-30,3.325,-0.003596
2009-07-01,3.369,0.013233
2009-07-02,3.385,0.004749
2009-07-03,3.409,0.00709
2009-07-06,3.421,0.00352
2009-07-07,3.405,-0.004677
2009-07-08,3.405,0.0
2009-07-09,3.433,0.008223
2009-07-10,3.445,0.003495
2009-07-13,3.433,-0.003483
2009-07-14,3.485,0.015147
2009-07-15,3.509,0.006887
2009-07-16,3.513,0.00114
2009-07-17,3.537,0.006832
2009-07-20,3.569,0.009047
2009-07-21,3.525,-0.012328
2009-07-22,3.561,0.010213
2009-07-23,3.605,0.012356
2009-07-24,3.593,-0.003329
2009-07-27,3.66,0.018647
2009-07-28,3.684,0.006557
2009-07-29,3.549,-0.036645
2009-07-30,3.601,0.014652
2009-07-31,3.68,0.021938
2009-08-03,3.72,0.01087
2009-08-04,3.724,0.001075
2009-08-05,3.74,0.004296
2009-08-06,3.696,-0.011765
2009-08-07,3.633,-0.017045
2009-08-10,3.644,0.003028
2009-08-11,3.656,0.003293
2009-08-12,3.533,-0.033643
2009-08-13,3.549,0.004529
2009-08-14,3.473,-0.021414
2009-08-17,3.313,-0.04607
2009-08-18,3.353,0.012074
2009-08-19,3.25,-0.030719
2009-08-20,3.337,0.026769
2009-08-21,3.397,0.01798
2009-08-24,3.421,0.007065
2009-08-25,3.349,-0.021046
2009-08-26,3.389,0.011944
2009-08-27,3.397,0.002361
2009-08-28,3.329,-0.020018
2009-08-31,3.202,-0.03815
2009-09-01,3.178,-0.007495
2009-09-02,3.206,0.008811
2009-09-03,3.309,0.032127
2009-09-04,3.333,0.007253
2009-09-07,3.361,0.008401
2009-09-08,3.393,0.009521
2009-09-09,3.397,0.001179
2009-09-10,3.377,-0.005888
2009-09-11,3.425,0.014214
2009-09-14,3.465,0.011679
2009-09-15,3.465,0.0
2009-09-16,3.433,-0.009235
2009-09-17,3.473,0.011652
2009-09-18,3.397,-0.021883
2009-09-21,3.413,0.00471
2009-09-22,3.377,-0.010548
2009-09-23,3.333,-0.013029
2009-09-24,3.329,-0.0012
2009-09-25,3.313,-0.004806
2009-09-28,3.273,-0.012074
2009-09-29,3.258,-0.004583
2009-09-30,3.285,0.008287
2009-10-09,3.389,0.031659
2009-10-12,3.381,-0.002361
2009-10-13,3.405,0.007098
2009-10-14,3.417,0.003524
2009-10-15,3.417,0.0
2009-10-16,3.417,0.0
2009-10-19,3.473,0.016389
2009-10-20,3.505,0.009214
2009-10-21,3.501,-0.001141
2009-10-22,3.485,-0.00457
2009-10-23,3.529,0.012626
2009-10-26,3.533,0.001133
2009-10-27,3.465,-0.019247
2009-10-28,3.469,0.001154
2009-10-29,3.433,-0.010378
2009-10-30,3.473,0.011652
2009-11-02,3.573,0.028794
2009-11-03,3.609,0.010076
2009-11-04,3.633,0.00665
2009-11-05,3.656,0.006331
2009-11-06,3.672,0.004376
2009-11-09,3.68,0.002179
2009-11-10,3.712,0.008696
2009-11-11,3.716,0.001078
2009-11-12,3.724,0.002153
2009-11-13,3.74,0.004296
2009-11-16,3.808,0.018182
2009-11-17,3.812,0.00105
2009-11-18,3.812,0.0
2009-11-19,3.828,0.004197
2009-11-20,3.844,0.00418
2009-11-23,3.876,0.008325
2009-11-24,3.784,-0.023736
2009-11-25,3.876,0.024313
2009-11-26,3.752,-0.031992
2009-11-27,3.684,-0.018124
2009-11-30,3.788,0.02823
2009-12-01,3.86,0.019007
2009-12-02,3.888,0.007254
2009-12-03,3.856,-0.00823
2009-12-04,3.86,0.001037
2009-12-07,3.892,0.00829
2009-12-08,3.86,-0.008222
2009-12-09,3.796,-0.01658
2009-12-10,3.82,0.006322
2009-12-11,3.82,0.0
2009-12-14,3.828,0.002094
2009-12-15,3.792,-0.009404
2009-12-16,3.772,-0.005274
2009-12-17,3.692,-0.021209
2009-12-18,3.625,-0.018147
2009-12-21,3.64,0.004138
2009-12-22,3.561,-0.021703
2009-12-23,3.585,0.00674
2009-12-24,3.668,0.023152
2009-12-25,3.656,-0.003272
2009-12-28,3.7,0.012035
2009-12-29,3.712,0.003243
2009-12-30,3.756,0.011853
2009-12-31,3.764,0.00213
2010-01-04,3.74,-0.006376
2010-01-05,3.76,0.005348
2010-01-06,3.74,-0.005319
2010-01-07,3.672,-0.018182
2010-01-08,3.692,0.005447
2010-01-11,3.692,0.0
2010-01-12,3.744,0.014085
2010-01-13,3.676,-0.018162
2010-01-14,3.74,0.01741
2010-01-15,3.756,0.004278
2010-01-18,3.788,0.00852
2010-01-19,3.796,0.002112
2010-01-20,3.704,-0.024236
2010-01-21,3.724,0.0054
2010-01-22,3.668,-0.015038
2010-01-25,3.64,-0.007634
2010-01-26,3.577,-0.017308
2010-01-27,3.541,-0.010064
2010-01-28,3.573,0.009037
2010-01-29,3.573,0.0
2010-02-01,3.537,-0.010076
2010-02-02,3.517,-0.005655
2010-02-03,3.565,0.013648
2010-02-04,3.565,0.0
2010-02-05,3.521,-0.012342
2010-02-08,3.513,-0.002272
2010-02-09,3.521,0.002277
2010-02-10,3.553,0.009088
2010-02-11,3.569,0.004503
2010-02-12,3.597,0.007845
2010-02-22,3.589,-0.002224
2010-02-23,3.569,-0.005573
2010-02-24,3.613,0.012328
2010-02-25,3.648,0.009687
2010-02-26,3.652,0.001096
2010-03-01,3.672,0.005476
2010-03-02,3.652,-0.005447
2010-03-03,3.664,0.003286
2010-03-04,3.585,-0.021561
2010-03-05,3.581,-0.001116
2010-03-08,3.601,0.005585
2010-03-09,3.617,0.004443
2010-03-10,3.601,-0.004424
2010-03-11,3.601,0.0
2010-03-12,3.565,-0.009997
2010-03-15,3.517,-0.013464
2010-03-16,3.533,0.004549
2010-03-17,3.597,0.018115
2010-03-18,3.585,-0.003336
2010-03-19,3.601,0.004463
2010-03-22,3.605,0.001111
2010-03-23,3.585,-0.005548
2010-03-24,3.597,0.003347
2010-03-25,3.573,-0.006672
2010-03-26,3.605,0.008956
2010-03-29,3.672,0.018585
2010-03-30,3.668,-0.001089
2010-03-31,3.656,-0.003272
2010-04-01,3.7,0.012035
2010-04-02,3.712,0.003243
2010-04-06,3.704,-0.002155
2010-04-07,3.696,-0.00216
2010-04-08,3.668,-0.007576
2010-04-09,3.696,0.007634
2010-04-12,3.68,-0.004329
2010-04-13,3.708,0.007609
2010-04-14,3.736,0.007551
2010-04-15,3.712,-0.006424
2010-04-16,3.696,-0.00431
2010-04-19,3.561,-0.036526
2010-04-20,3.561,0.0
2010-04-21,3.621,0.016849
2010-04-22,3.589,-0.008837
2010-04-23,3.573,-0.004458
2010-04-26,3.557,-0.004478
2010-04-27,3.501,-0.015744
2010-04-28,3.497,-0.001143
2010-04-29,3.469,-0.008007
2010-04-30,3.457,-0.003459
2010-05-04,3.417,-0.011571
2010-05-05,3.445,0.008194
2010-05-06,3.325,-0.034833
2010-05-07,3.293,-0.009624
2010-05-10,3.313,0.006073
2010-05-11,3.258,-0.016601
2010-05-12,3.281,0.00706
2010-05-13,3.341,0.018287
2010-05-14,3.333,-0.002394
2010-05-17,3.194,-0.041704
2010-05-18,3.238,0.013776
2010-05-19,3.23,-0.002471
2010-05-20,3.206,-0.00743
2010-05-21,3.25,0.013724
2010-05-24,3.325,0.023077
2010-05-25,3.281,-0.013233
2010-05-26,3.273,-0.002438
2010-05-27,3.309,0.010999
2010-05-28,3.301,-0.002418
2010-05-31,3.234,-0.020297
2010-06-01,3.202,-0.009895
2010-06-02,3.21,0.002498
2010-06-03,3.194,-0.004984
2010-06-04,3.206,0.003757
2010-06-07,3.178,-0.008734
2010-06-08,3.178,0.0
2010-06-09,3.254,0.023914
2010-06-10,3.242,-0.003688
2010-06-11,3.242,0.0
2010-06-17,3.222,-0.006169
2010-06-18,3.166,-0.017381
2010-06-21,3.242,0.024005
2010-06-22,3.242,0.0
2010-06-23,3.214,-0.008637
2010-06-24,3.206,-0.002489
2010-06-25,3.194,-0.003743
2010-06-28,3.166,-0.008766
2010-06-29,3.05,-0.036639
2010-06-30,3.026,-0.007869
2010-07-01,2.986,-0.013219
2010-07-02,3.002,0.005358
2010-07-05,2.99,-0.003997
2010-07-06,3.03,0.013378
2010-07-07,3.05,0.006601
2010-07-08,3.046,-0.001311
2010-07-09,3.126,0.026264
2010-07-12,3.158,0.010237
2010-07-13,3.114,-0.013933
2010-07-14,3.134,0.006423
2010-07-15,3.098,-0.011487
2010-07-16,3.098,0.0
2010-07-19,3.154,0.018076
2010-07-20,3.218,0.020292
2010-07-21,3.234,0.004972
2010-07-22,3.265,0.009586
2010-07-23,3.285,0.006126
2010-07-26,3.301,0.004871
2010-07-27,3.293,-0.002424
2010-07-28,3.361,0.02065
2010-07-29,3.369,0.00238
2010-07-30,3.357,-0.003562
2010-08-02,3.421,0.019065
2010-08-03,3.369,-0.0152
2010-08-04,3.385,0.004749
2010-08-05,3.377,-0.002363
2010-08-06,3.417,0.011845
2010-08-09,3.457,0.011706
2010-08-10,3.365,-0.026613
2010-08-11,3.377,0.003566
2010-08-12,3.345,-0.009476
2010-08-13,3.393,0.01435
2010-08-16,3.457,0.018862
2010-08-17,3.469,0.003471
2010-08-18,3.461,-0.002306
2010-08-19,3.473,0.003467
2010-08-20,3.413,-0.017276
2010-08-23,3.405,-0.002344
2010-08-24,3.417,0.003524
2010-08-25,3.349,-0.0199
2010-08-26,3.369,0.005972
2010-08-27,3.381,0.003562
2010-08-30,3.449,0.020112
2010-08-31,3.449,0.0
2010-09-01,3.433,-0.004639
2010-09-02,3.465,0.009321
2010-09-03,3.457,-0.002309
2010-09-06,3.509,0.015042
2010-09-07,3.505,-0.00114
2010-09-08,3.497,-0.002282
2010-09-09,3.453,-0.012582
2010-09-10,3.477,0.00695
2010-09-13,3.509,0.009203
2010-09-14,3.497,-0.00342
2010-09-15,3.441,-0.016014
2010-09-16,3.377,-0.018599
2010-09-17,3.389,0.003553
2010-09-20,3.385,-0.00118
2010-09-21,3.393,0.002363
2010-09-27,3.433,0.011789
2010-09-28,3.409,-0.006991
2010-09-29,3.393,-0.004693
2010-09-30,3.453,0.017683
2010-10-08,3.557,0.030119
2010-10-11,3.613,0.015744
2010-10-12,3.633,0.005536
2010-10-13,3.668,0.009634
2010-10-14,3.656,-0.003272
2010-10-15,3.728,0.019694
2010-10-18,3.724,-0.001073
2010-10-19,3.78,0.015038
2010-10-20,3.776,-0.001058
2010-10-21,3.756,-0.005297
2010-10-22,3.76,0.001065
2010-10-25,3.852,0.024468
2010-10-26,3.852,0.0
2010-10-27,3.808,-0.011423
2010-10-28,3.796,-0.003151
2010-10-29,3.78,-0.004215
2010-11-01,3.848,0.017989
2010-11-02,3.836,-0.003119
2010-11-03,3.8,-0.009385
2010-11-04,3.84,0.010526
2010-11-05,3.876,0.009375
2010-11-08,3.924,0.012384
2010-11-09,3.924,0.0
2010-11-10,3.904,-0.005097
2010-11-11,3.896,-0.002049
2010-11-12,3.708,-0.048255
2010-11-15,3.764,0.015102
2010-11-16,3.64,-0.032944
2010-11-17,3.569,-0.019505
2010-11-18,3.609,0.011208
2010-11-19,3.664,0.01524
2010-11-22,3.664,0.0
2010-11-23,3.621,-0.011736
2010-11-24,3.692,0.019608
2010-11-25,3.74,0.013001
2010-11-26,3.708,-0.008556
2010-11-29,3.72,0.003236
2010-11-30,3.648,-0.019355
2010-12-01,3.652,0.001096
2010-12-02,3.652,0.0
2010-12-03,3.648,-0.001095
2010-12-06,3.629,-0.005208
2010-12-07,3.664,0.009645
2010-12-08,3.652,-0.003275
2010-12-09,3.617,-0.009584
2010-12-10,3.684,0.018524
2010-12-13,3.748,0.017372
2010-12-14,3.744,-0.001067
2010-12-15,3.728,-0.004274
2010-12-16,3.72,-0.002146
2010-12-17,3.716,-0.001075
2010-12-20,3.652,-0.017223
2010-12-21,3.712,0.016429
2010-12-22,3.664,-0.012931
2010-12-23,3.633,-0.008461
2010-12-24,3.621,-0.003303
2010-12-27,3.545,-0.020989
2010-12-28,3.497,-0.01354
2010-12-29,3.529,0.009151
2010-12-30,3.537,0.002267
2010-12-31,3.593,0.015833
2011-01-04,3.64,0.013081
2011-01-05,3.613,-0.007418
2011-01-06,3.589,-0.006643
2011-01-07,3.601,0.003344
2011-01-10,3.533,-0.018884
2011-01-11,3.529,-0.001132
2011-01-12,3.545,0.004534
2011-01-13,3.545,0.0
2011-01-14,3.489,-0.015797
2011-01-17,3.373,-0.033247
2011-01-18,3.389,0.004744
2011-01-19,3.441,0.015344
2011-01-20,3.345,-0.027899
2011-01-21,3.369,0.007175
2011-01-24,3.329,-0.011873
2011-01-25,3.325,-0.001202
2011-01-26,3.369,0.013233
2011-01-27,3.433,0.018997
2011-01-28,3.441,0.00233
2011-01-31,3.493,0.015112
2011-02-01,3.485,-0.00229
2011-02-09,3.453,-0.009182
2011-02-10,3.533,0.023168
2011-02-11,3.553,0.005661
2011-02-14,3.625,0.020265
2011-02-15,3.613,-0.00331
2011-02-16,3.664,0.014116
2011-02-17,3.672,0.002183
2011-02-18,3.64,-0.008715
2011-02-21,3.72,0.021978
2011-02-22,3.656,-0.017204
2011-02-23,3.696,0.010941
2011-02-24,3.7,0.001082
2011-02-25,3.696,-0.001081
2011-02-28,3.744,0.012987
2011-03-01,3.76,0.004274
2011-03-02,3.744,-0.004255
2011-03-03,3.708,-0.009615
2011-03-04,3.748,0.010787
2011-03-07,3.792,0.01174
2011-03-08,3.796,0.001055
2011-03-09,3.8,0.001054
2011-03-10,3.788,-0.003158
2011-03-11,3.768,-0.00528
2011-03-14,3.784,0.004246
2011-03-15,3.72,-0.016913
2011-03-16,3.76,0.010753
2011-03-17,3.708,-0.01383
2011-03-18,3.72,0.003236
2011-03-21,3.7,-0.005376
2011-03-22,3.716,0.004324
2011-03-23,3.752,0.009688
2011-03-24,3.732,-0.00533
2011-03-25,3.756,0.006431
2011-03-28,3.72,-0.009585
2011-03-29,3.676,-0.011828
2011-03-30,3.668,-0.002176
2011-03-31,3.648,-0.005453
2011-04-01,3.688,0.010965
2011-04-06,3.704,0.004338
2011-04-07,3.716,0.00324
2011-04-08,3.76,0.011841
2011-04-11,3.74,-0.005319
2011-04-12,3.736,-0.00107
2011-04-13,3.772,0.009636
2011-04-14,3.784,0.003181
2011-04-15,3.78,-0.001057
2011-04-18,3.78,0.0
2011-04-19,3.74,-0.010582
2011-04-20,3.74,0.0
2011-04-21,3.756,0.004278
2011-04-22,3.74,-0.00426
2011-04-25,3.712,-0.007487
2011-04-26,3.688,-0.006466
2011-04-27,3.668,-0.005423
2011-04-28,3.609,-0.016085
2011-04-29,3.648,0.010806
2011-05-03,3.676,0.007675
2011-05-04,3.613,-0.017138
2011-05-05,3.625,0.003321
2011-05-06,3.629,0.001103
2011-05-09,3.64,0.003031
2011-05-10,3.648,0.002198
2011-05-11,3.648,0.0
2011-05-12,3.617,-0.008498
2011-05-13,3.648,0.008571
2011-05-16,3.629,-0.005208
2011-05-17,3.644,0.004133
2011-05-18,3.66,0.004391
2011-05-19,3.664,0.001093
2011-05-20,3.656,-0.002183
2011-05-23,3.565,-0.024891
2011-05-24,3.557,-0.002244
2011-05-25,3.525,-0.008996
2011-05-26,3.509,-0.004539
2011-05-27,3.473,-0.010259
2011-05-30,3.461,-0.003455
2011-05-31,3.509,0.013869
2011-06-01,3.529,0.0057
2011-06-02,3.489,-0.011335
2011-06-03,3.533,0.012611
2011-06-07,3.553,0.005661
2011-06-08,3.549,-0.001126
2011-06-09,3.489,-0.016906
2011-06-10,3.505,0.004586
2011-06-13,3.497,-0.002282
2011-06-14,3.525,0.008007
2011-06-15,3.497,-0.007943
2011-06-16,3.445,-0.01487
2011-06-17,3.413,-0.009289
2011-06-20,3.385,-0.008204
2011-06-21,3.421,0.010635
2011-06-22,3.421,0.0
2011-06-23,3.477,0.016369
2011-06-24,3.557,0.023008
2011-06-27,3.565,0.002249
2011-06-28,3.569,0.001122
2011-06-29,3.533,-0.010087
2011-06-30,3.589,0.015851
2011-07-01,3.585,-0.001115
2011-07-04,3.664,0.022036
2011-07-05,3.664,0.0
2011-07-06,3.66,-0.001092
2011-07-07,3.66,0.0
2011-07-08,3.664,0.001093
2011-07-11,3.688,0.00655
2011-07-12,3.644,-0.011931
2011-07-13,3.684,0.010977
2011-07-14,3.692,0.002172
2011-07-15,3.708,0.004334
2011-07-18,3.712,0.001079
2011-07-19,3.664,-0.012931
2011-07-20,3.656,-0.002183
2011-07-21,3.652,-0.001094
2011-07-22,3.656,0.001095
2011-07-25,3.549,-0.029267
2011-07-26,3.561,0.003381
2011-07-27,3.609,0.013479
2011-07-28,3.597,-0.003325
2011-07-29,3.573,-0.006672
2011-08-01,3.565,-0.002239
2011-08-02,3.545,-0.00561
2011-08-03,3.553,0.002257
2011-08-04,3.561,0.002252
2011-08-05,3.517,-0.012356
2011-08-08,3.433,-0.023884
2011-08-09,3.437,0.001165
2011-08-10,3.473,0.010474
2011-08-11,3.529,0.016124
2011-08-12,3.545,0.004534
2011-08-15,3.569,0.00677
2011-08-16,3.541,-0.007845
2011-08-17,3.537,-0.00113
2011-08-18,3.493,-0.01244
2011-08-19,3.481,-0.003435
2011-08-22,3.445,-0.010342
2011-08-23,3.477,0.009289
2011-08-24,3.489,0.003451
2011-08-25,3.549,0.017197
2011-08-26,3.553,0.001127
2011-08-29,3.525,-0.007881
2011-08-30,3.505,-0.005674
2011-08-31,3.513,0.002282
2011-09-01,3.493,-0.005693
2011-09-02,3.461,-0.009161
2011-09-05,3.401,-0.017336
2011-09-06,3.381,-0.005881
2011-09-07,3.433,0.01538
2011-09-08,3.409,-0.006991
2011-09-09,3.397,-0.00352
2011-09-13,3.353,-0.012953
2011-09-14,3.361,0.002386
2011-09-15,3.369,0.00238
2011-09-16,3.373,0.001187
2011-09-19,3.317,-0.016602
2011-09-20,3.321,0.001206
2011-09-21,3.389,0.020476
2011-09-22,3.313,-0.022425
2011-09-23,3.277,-0.010866
2011-09-26,3.226,-0.015563
2011-09-27,3.242,0.00496
2011-09-28,3.214,-0.008637
2011-09-29,3.174,-0.012446
2011-09-30,3.17,-0.00126
2011-10-10,3.138,-0.010095
2011-10-11,3.13,-0.002549
2011-10-12,3.21,0.025559
2011-10-13,3.23,0.006231
2011-10-14,3.214,-0.004954
2011-10-17,3.242,0.008712
2011-10-18,3.178,-0.019741
2011-10-19,3.166,-0.003776
2011-10-20,3.09,-0.024005
2011-10-21,3.062,-0.009061
2011-10-24,3.114,0.016982
2011-10-25,3.174,0.019268
2011-10-26,3.194,0.006301
2011-10-27,3.206,0.003757
2011-10-28,3.25,0.013724
2011-10-31,3.242,-0.002462
2011-11-01,3.254,0.003701
2011-11-02,3.293,0.011985
2011-11-03,3.309,0.004859
2011-11-04,3.321,0.003626
2011-11-07,3.305,-0.004818
2011-11-08,3.281,-0.007262
2011-11-09,3.297,0.004877
2011-11-10,3.265,-0.009706
2011-11-11,3.258,-0.002144
2011-11-14,3.313,0.016882
2011-11-15,3.325,0.003622
2011-11-16,3.265,-0.018045
2011-11-17,3.262,-0.000919
2011-11-18,3.194,-0.020846
2011-11-21,3.19,-0.001252
2011-11-22,3.198,0.002508
2011-11-23,3.198,0.0
2011-11-24,3.206,0.002502
2011-11-25,3.194,-0.003743
2011-11-28,3.206,0.003757
2011-11-29,3.242,0.011229
2011-11-30,3.174,-0.020975
2011-12-01,3.226,0.016383
2011-12-02,3.202,-0.00744
2011-12-05,3.142,-0.018738
2011-12-06,3.134,-0.002546
2011-12-07,3.15,0.005105
2011-12-08,3.146,-0.00127
2011-12-09,3.126,-0.006357
2011-12-12,3.078,-0.015355
2011-12-13,3.002,-0.024691
2011-12-14,2.974,-0.009327
2011-12-15,2.934,-0.01345
2011-12-16,2.99,0.019087
2011-12-19,2.974,-0.005351
2011-12-20,2.962,-0.004035
2011-12-21,2.914,-0.016205
2011-12-22,2.906,-0.002745
2011-12-23,2.926,0.006882
2011-12-26,2.898,-0.009569
2011-12-27,2.863,-0.012077
2011-12-28,2.855,-0.002794
2011-12-29,2.867,0.004203
2011-12-30,2.906,0.013603
2011-12-31,2.906,0.0
2012-01-04,2.831,-0.025809
2012-01-05,2.763,-0.02402
2012-01-06,2.755,-0.002895
2012-01-09,2.819,0.02323
2012-01-10,2.91,0.032281
2012-01-11,2.895,-0.005155
2012-01-12,2.887,-0.002763
2012-01-13,2.835,-0.018012
2012-01-16,2.755,-0.028219
2012-01-17,2.839,0.03049
2012-01-18,2.791,-0.016907
2012-01-19,2.831,0.014332
2012-01-20,2.883,0.018368
2012-01-30,2.855,-0.009712
2012-01-31,2.859,0.001401
2012-02-01,2.851,-0.002798
2012-02-02,2.887,0.012627
2012-02-03,2.906,0.006581
2012-02-06,2.926,0.006882
2012-02-07,2.895,-0.010595
2012-02-08,2.942,0.016235
2012-02-09,2.958,0.005438
2012-02-10,2.954,-0.001352
2012-02-13,2.962,0.002708
2012-02-14,2.962,0.0
2012-02-15,2.986,0.008103
2012-02-16,2.99,0.00134
2012-02-17,2.986,-0.001338
2012-02-20,2.982,-0.00134
2012-02-21,3.006,0.008048
2012-02-22,3.038,0.010645
2012-02-23,3.042,0.001317
2012-02-24,3.07,0.009204
2012-02-27,3.078,0.002606
2012-02-28,3.078,0.0
2012-02-29,3.066,-0.003899
2012-03-01,3.066,0.0
2012-03-02,3.094,0.009132
2012-03-05,3.074,-0.006464
2012-03-06,3.038,-0.011711
2012-03-07,3.022,-0.005267
2012-03-08,3.034,0.003971
2012-03-09,3.07,0.011866
2012-03-12,3.082,0.003909
2012-03-13,3.11,0.009085
2012-03-14,3.054,-0.018006
2012-03-15,3.066,0.003929
2012-03-16,3.118,0.01696
2012-03-19,3.13,0.003849
2012-03-20,3.086,-0.014058
2012-03-21,3.07,-0.005185
2012-03-22,3.074,0.001303
2012-03-23,3.05,-0.007807
2012-03-26,3.054,0.001311
2012-03-27,3.038,-0.005239
2012-03-28,2.986,-0.017117
2012-03-29,2.958,-0.009377
2012-03-30,2.958,0.0
2012-03-31,2.958,0.0
2012-04-05,3.018,0.020284
2012-04-06,3.022,0.001325
2012-04-09,3.002,-0.006618
2012-04-10,3.018,0.00533
2012-04-11,3.018,0.0
2012-04-12,3.058,0.013254
2012-04-13,3.058,0.0
2012-04-16,3.054,-0.001308
2012-04-17,3.026,-0.009168
2012-04-18,3.066,0.013219
2012-04-19,3.046,-0.006523
2012-04-20,3.058,0.00394
2012-04-23,3.046,-0.003924
2012-04-24,3.046,0.0
2012-04-25,3.066,0.006566
2012-04-26,3.07,0.001305
2012-04-27,3.074,0.001303
2012-05-02,3.114,0.013012
2012-05-03,3.11,-0.001285
2012-05-04,3.142,0.010289
2012-05-07,3.154,0.003819
2012-05-08,3.142,-0.003805
2012-05-09,3.102,-0.012731
2012-05-10,3.098,-0.001289
2012-05-11,3.09,-0.002582
2012-05-14,3.074,-0.005178
2012-05-15,3.074,0.0
2012-05-16,3.038,-0.011711
2012-05-17,3.062,0.0079
2012-05-18,3.026,-0.011757
2012-05-21,3.034,0.002644
2012-05-22,3.07,0.011866
2012-05-23,3.058,-0.003909
2012-05-24,3.038,-0.00654
2012-05-25,3.022,-0.005267
2012-05-28,3.05,0.009265
2012-05-29,3.066,0.005246
2012-05-30,3.066,0.0
2012-05-31,3.062,-0.001305
2012-06-01,3.058,-0.001306
2012-06-04,3.014,-0.014388
2012-06-05,3.014,0.0
2012-06-06,3.002,-0.003981
2012-06-07,3.002,0.0
2012-06-08,2.99,-0.003997
2012-06-11,3.01,0.006689
2012-06-12,3.006,-0.001329
2012-06-13,3.046,0.013307
2012-06-14,3.038,-0.002626
2012-06-15,3.05,0.00395
2012-06-18,3.058,0.002623
2012-06-19,3.038,-0.00654
2012-06-20,3.042,0.001317
2012-06-21,3.01,-0.010519
2012-06-25,2.97,-0.013289
2012-06-26,2.958,-0.00404
2012-06-27,2.958,0.0
2012-06-28,2.934,-0.008114
2012-06-29,2.986,0.017723
2012-06-30,2.986,0.0
2012-07-02,2.994,0.002679
2012-07-03,3.002,0.002672
2012-07-04,3.002,0.0
2012-07-05,2.974,-0.009327
2012-07-06,3.01,0.012105
2012-07-09,2.966,-0.014618
2012-07-10,2.946,-0.006743
2012-07-11,2.954,0.002716
2012-07-12,2.978,0.008125
2012-07-13,2.962,-0.005373
2012-07-16,2.902,-0.020257
2012-07-17,2.906,0.001378
2012-07-18,2.914,0.002753
2012-07-19,2.922,0.002745
2012-07-20,2.902,-0.006845
2012-07-23,2.871,-0.010682
2012-07-24,2.879,0.002786
2012-07-25,2.875,-0.001389
2012-07-26,2.859,-0.005565
2012-07-27,2.867,0.002798
2012-07-30,2.859,-0.00279
2012-07-31,2.855,-0.001399
2012-08-01,2.879,0.008406
2012-08-02,2.859,-0.006947
2012-08-03,2.879,0.006995
2012-08-06,2.906,0.009378
2012-08-07,2.91,0.001376
2012-08-08,2.91,0.0
2012-08-09,2.93,0.006873
2012-08-10,2.914,-0.005461
2012-08-13,2.895,-0.00652
2012-08-14,2.902,0.002418
2012-08-15,2.883,-0.006547
2012-08-16,2.871,-0.004162
2012-08-17,2.863,-0.002786
2012-08-20,2.855,-0.002794
2012-08-21,2.871,0.005604
2012-08-22,2.855,-0.005573
2012-08-23,2.851,-0.001401
2012-08-24,2.835,-0.005612
2012-08-27,2.799,-0.012698
2012-08-28,2.811,0.004287
2012-08-29,2.795,-0.005692
2012-08-30,2.779,-0.005725
2012-08-31,2.779,0.0
2012-09-03,2.799,0.007197
2012-09-04,2.795,-0.001429
2012-09-05,2.799,0.001431
2012-09-06,2.807,0.002858
2012-09-07,2.867,0.021375
2012-09-10,2.875,0.00279
2012-09-11,2.871,-0.001391
2012-09-12,2.871,0.0
2012-09-13,2.859,-0.00418
2012-09-14,2.867,0.002798
2012-09-17,2.827,-0.013952
2012-09-18,2.811,-0.00566
2012-09-19,2.811,0.0
2012-09-20,2.779,-0.011384
2012-09-21,2.775,-0.001439
2012-09-24,2.783,0.002883
2012-09-25,2.783,0.0
2012-09-26,2.763,-0.007186
2012-09-27,2.795,0.011582
2012-09-28,2.823,0.010018
2012-09-30,2.823,0.0
2012-10-08,2.811,-0.004251
2012-10-09,2.851,0.01423
2012-10-10,2.859,0.002806
2012-10-11,2.831,-0.009794
2012-10-12,2.827,-0.001413
2012-10-15,2.815,-0.004245
2012-10-16,2.823,0.002842
2012-10-17,2.819,-0.001417
2012-10-18,2.847,0.009933
2012-10-19,2.839,-0.00281
2012-10-22,2.847,0.002818
2012-10-23,2.831,-0.00562
2012-10-24,2.827,-0.001413
2012-10-25,2.819,-0.00283
2012-10-26,2.791,-0.009933
2012-10-29,2.783,-0.002866
2012-10-30,2.783,0.0
2012-10-31,2.795,0.004312
2012-11-01,2.819,0.008587
2012-11-02,2.827,0.002838
2012-11-05,2.827,0.0
2012-11-06,2.819,-0.00283
2012-11-07,2.831,0.004257
2012-11-08,2.799,-0.011303
2012-11-09,2.799,0.0
2012-11-12,2.799,0.0
2012-11-13,2.771,-0.010004
2012-11-14,2.771,0.0
2012-11-15,2.751,-0.007218
2012-11-16,2.743,-0.002908
2012-11-19,2.743,0.0
2012-11-20,2.743,0.0
2012-11-21,2.759,0.005833
2012-11-22,2.747,-0.004349
2012-11-23,2.763,0.005825
2012-11-26,2.747,-0.005791
2012-11-27,2.715,-0.011649
2012-11-28,2.695,-0.007366
2012-11-29,2.687,-0.002968
2012-11-30,2.707,0.007443
2012-12-03,2.687,-0.007388
2012-12-04,2.695,0.002977
2012-12-05,2.747,0.019295
2012-12-06,2.751,0.001456
2012-12-07,2.779,0.010178
2012-12-10,2.811,0.011515
2012-12-11,2.811,0.0
2012-12-12,2.807,-0.001423
2012-12-13,2.787,-0.007125
2012-12-14,2.847,0.021529
2012-12-17,2.847,0.0
2012-12-18,2.847,0.0
2012-12-19,2.847,0.0
2012-12-20,2.867,0.007025
2012-12-21,2.875,0.00279
2012-12-24,2.891,0.005565
2012-12-25,2.93,0.01349
2012-12-26,2.942,0.004096
2012-12-27,2.926,-0.005438
2012-12-28,2.938,0.004101
2012-12-31,2.974,0.012253
2013-01-04,2.954,-0.006725
2013-01-07,2.962,0.002708
2013-01-08,2.974,0.004051
2013-01-09,2.982,0.00269
2013-01-10,2.986,0.001341
2013-01-11,2.946,-0.013396
2013-01-14,3.018,0.02444
2013-01-15,3.062,0.014579
2013-01-16,3.058,-0.001306
2013-01-17,3.046,-0.003924
2013-01-18,3.094,0.015758
2013-01-21,3.098,0.001293
2013-01-22,3.102,0.001291
2013-01-23,3.094,-0.002579
2013-01-24,3.07,-0.007757
2013-01-25,3.07,0.0
2013-01-28,3.126,0.018241
2013-01-29,3.13,0.00128
2013-01-30,3.126,-0.001278
2013-01-31,3.122,-0.00128
2013-02-01,3.122,0.0
2013-02-04,3.118,-0.001281
2013-02-05,3.134,0.005131
2013-02-06,3.13,-0.001276
2013-02-07,3.138,0.002556
2013-02-08,3.178,0.012747
2013-02-18,3.17,-0.002517
2013-02-19,3.122,-0.015142
2013-02-20,3.158,0.011531
2013-02-21,3.114,-0.013933
2013-02-22,3.118,0.001285
2013-02-25,3.138,0.006414
2013-02-26,3.094,-0.014022
2013-02-27,3.102,0.002586
2013-02-28,3.166,0.020632
2013-03-01,3.166,0.0
2013-03-04,3.058,-0.034112
2013-03-05,3.122,0.020929
2013-03-06,3.15,0.008969
2013-03-07,3.114,-0.011429
2013-03-08,3.094,-0.006423
2013-03-11,3.094,0.0
2013-03-12,3.066,-0.00905
2013-03-13,3.014,-0.01696
2013-03-14,3.026,0.003981
2013-03-15,3.03,0.001322
2013-03-18,3.01,-0.006601
2013-03-19,3.026,0.005316
2013-03-20,3.09,0.02115
2013-03-21,3.094,0.001294
2013-03-22,3.11,0.005171
2013-03-25,3.102,-0.002572
2013-03-26,3.098,-0.001289
2013-03-27,3.118,0.006456
2013-03-28,3.066,-0.016677
2013-03-29,3.062,-0.001305
2013-04-01,3.07,0.002613
2013-04-02,3.058,-0.003909
2013-04-03,3.05,-0.002616
2013-04-08,3.058,0.002623
2013-04-09,3.086,0.009156
2013-04-10,3.082,-0.001296
2013-04-11,3.074,-0.002596
2013-04-12,3.07,-0.001301
2013-04-15,3.07,0.0
2013-04-16,3.098,0.009121
2013-04-17,3.106,0.002582
2013-04-18,3.106,0.0
2013-04-19,3.158,0.016742
2013-04-22,3.126,-0.010133
2013-04-23,3.054,-0.023033
2013-04-24,3.07,0.005239
2013-04-25,3.05,-0.006515
2013-04-26,3.05,0.0
2013-05-02,3.066,0.005246
2013-05-03,3.094,0.009132
2013-05-06,3.11,0.005171
2013-05-07,3.134,0.007717
2013-05-08,3.146,0.003829
2013-05-09,3.126,-0.006357
2013-05-10,3.142,0.005118
2013-05-13,3.138,-0.001273
2013-05-14,3.102,-0.011472
2013-05-15,3.126,0.007737
2013-05-16,3.178,0.016635
2013-05-17,3.23,0.016362
2013-05-20,3.222,-0.002477
2013-05-21,3.218,-0.001241
2013-05-22,3.218,0.0
2013-05-23,3.194,-0.007458
2013-05-24,3.202,0.002505
2013-05-27,3.19,-0.003748
2013-05-28,3.246,0.017555
2013-05-29,3.254,0.002465
2013-05-30,3.258,0.001229
2013-05-31,3.222,-0.01105
2013-06-03,3.226,0.001241
2013-06-04,3.19,-0.011159
2013-06-05,3.174,-0.005016
2013-06-06,3.13,-0.013863
2013-06-07,3.086,-0.014058
2013-06-13,3.006,-0.025924
2013-06-14,3.026,0.006653
2013-06-17,3.002,-0.007931
2013-06-18,3.018,0.00533
2013-06-19,2.994,-0.007952
2013-06-20,2.934,-0.02004
2013-06-21,2.946,0.00409
2013-06-24,2.815,-0.044467
2013-06-25,2.791,-0.008526
2013-06-26,2.815,0.008599
2013-06-27,2.823,0.002842
2013-06-28,2.871,0.017003
2013-06-30,2.871,0.0
2013-07-01,2.891,0.006966
2013-07-02,2.887,-0.001384
2013-07-03,2.887,0.0
2013-07-04,2.922,0.012123
2013-07-05,2.942,0.006845
2013-07-08,2.902,-0.013596
2013-07-09,2.883,-0.006547
2013-07-10,2.954,0.024627
2013-07-11,3.05,0.032498
2013-07-12,3.018,-0.010492
2013-07-15,3.054,0.011928
2013-07-16,3.054,0.0
2013-07-17,3.034,-0.006549
2013-07-18,2.994,-0.013184
2013-07-19,2.93,-0.021376
2013-07-22,2.934,0.001365
2013-07-23,3.01,0.025903
2013-07-24,3.002,-0.002658
2013-07-25,2.986,-0.00533
2013-07-26,2.974,-0.004019
2013-07-29,2.906,-0.022865
2013-07-30,2.934,0.009635
2013-07-31,2.974,0.013633
2013-08-01,3.022,0.01614
2013-08-02,3.05,0.009265
2013-08-05,3.074,0.007869
2013-08-06,3.094,0.006506
2013-08-07,3.082,-0.003878
2013-08-08,3.074,-0.002596
2013-08-09,3.082,0.002602
2013-08-12,3.138,0.01817
2013-08-13,3.126,-0.003824
2013-08-14,3.11,-0.005118
2013-08-15,3.082,-0.009003
2013-08-16,3.058,-0.007787
2013-08-19,3.058,0.0
2013-08-20,3.05,-0.002616
2013-08-21,3.046,-0.001311
2013-08-22,3.034,-0.00394
2013-08-23,3.018,-0.005274
2013-08-26,3.058,0.013254
2013-08-27,3.058,0.0
2013-08-28,3.03,-0.009156
2013-08-29,3.03,0.0
2013-08-30,3.026,-0.00132
2013-09-02,3.01,-0.005288
2013-09-03,3.062,0.017276
2013-09-04,3.042,-0.006532
2013-09-05,3.034,-0.00263
2013-09-06,3.038,0.001318
2013-09-09,3.114,0.025016
2013-09-10,3.146,0.010276
2013-09-11,3.154,0.002543
2013-09-12,3.162,0.002536
2013-09-13,3.166,0.001265
2013-09-16,3.142,-0.007581
2013-09-17,3.07,-0.022915
2013-09-18,3.07,0.0
2013-09-23,3.106,0.011726
2013-09-24,3.082,-0.007727
2013-09-25,3.074,-0.002596
2013-09-26,3.034,-0.013012
2013-09-27,3.034,0.0
2013-09-30,3.05,0.005274
2013-10-08,3.098,0.015738
2013-10-09,3.086,-0.003873
2013-10-10,3.078,-0.002592
2013-10-11,3.106,0.009097
2013-10-14,3.118,0.003863
2013-10-15,3.114,-0.001283
2013-10-16,3.034,-0.02569
2013-10-17,3.03,-0.001318
2013-10-18,3.022,-0.00264
2013-10-21,3.082,0.019854
2013-10-22,3.054,-0.009085
2013-10-23,3.026,-0.009168
2013-10-24,3.01,-0.005288
2013-10-25,2.966,-0.014618
2013-10-28,2.954,-0.004046
2013-10-29,2.946,-0.002708
2013-10-30,2.978,0.010862
2013-10-31,2.966,-0.00403
2013-11-01,2.974,0.002697
2013-11-04,2.958,-0.00538
2013-11-05,2.966,0.002705
2013-11-06,2.914,-0.017532
2013-11-07,2.895,-0.00652
2013-11-08,2.867,-0.009672
2013-11-11,2.855,-0.004186
2013-11-12,2.879,0.008406
2013-11-13,2.839,-0.013894
2013-11-14,2.843,0.001409
2013-11-15,2.887,0.015477
2013-11-18,2.966,0.027364
2013-11-19,2.946,-0.006743
2013-11-20,2.95,0.001358
2013-11-21,2.922,-0.009492
2013-11-22,2.906,-0.005476
2013-11-25,2.906,0.0
2013-11-26,2.898,-0.002753
2013-11-27,2.918,0.006901
2013-11-28,2.958,0.013708
2013-11-29,2.954,-0.001352
2013-12-02,2.898,-0.018957
2013-12-03,2.938,0.013803
2013-12-04,2.982,0.014976
2013-12-05,2.982,0.0
2013-12-06,2.962,-0.006707
2013-12-09,2.954,-0.002701
2013-12-10,2.978,0.008125
2013-12-11,2.942,-0.012089
2013-12-12,2.942,0.0
2013-12-13,2.93,-0.004079
2013-12-16,2.891,-0.013311
2013-12-17,2.887,-0.001384
2013-12-18,2.879,-0.002771
2013-12-19,2.839,-0.013894
2013-12-20,2.807,-0.011272
2013-12-23,2.819,0.004275
2013-12-24,2.835,0.005676
2013-12-25,2.855,0.007055
2013-12-26,2.815,-0.014011
2013-12-27,2.863,0.017052
2013-12-30,2.867,0.001397
2013-12-31,2.902,0.012208
2014-01-02,2.891,-0.00379
2014-01-03,2.847,-0.01522
2014-01-06,2.787,-0.021075
2014-01-07,2.791,0.001435
2014-01-08,2.799,0.002866
2014-01-09,2.775,-0.008574
2014-01-10,2.743,-0.011532
2014-01-13,2.715,-0.010208
2014-01-14,2.751,0.01326
2014-01-15,2.755,0.001454
2014-01-16,2.767,0.004356
2014-01-17,2.739,-0.010119
2014-01-20,2.719,-0.007302
2014-01-21,2.731,0.004413
2014-01-22,2.803,0.026364
2014-01-23,2.819,0.005708
2014-01-24,2.835,0.005676
2014-01-27,2.815,-0.007055
2014-01-28,2.811,-0.001421
2014-01-29,2.831,0.007115
2014-01-30,2.791,-0.014129
2014-02-07,2.827,0.012899
2014-02-10,2.898,0.025115
2014-02-11,2.891,-0.002415
2014-02-12,2.902,0.003805
2014-02-13,2.859,-0.014817
2014-02-14,2.895,0.012592
2014-02-17,2.926,0.010708
2014-02-18,2.902,-0.008202
2014-02-19,2.914,0.004135
2014-02-20,2.875,-0.013384
2014-02-21,2.863,-0.004174
2014-02-24,2.791,-0.025148
2014-02-25,2.719,-0.025797
2014-02-26,2.719,0.0
2014-02-27,2.703,-0.005885
2014-02-28,2.727,0.008879
2014-03-03,2.759,0.011735
2014-03-04,2.743,-0.005799
2014-03-05,2.715,-0.010208
2014-03-06,2.723,0.002947
2014-03-07,2.711,-0.004407
2014-03-10,2.639,-0.026558
2014-03-11,2.643,0.001516
2014-03-12,2.651,0.003027
2014-03-13,2.679,0.010562
2014-03-14,2.659,-0.007465
2014-03-17,2.699,0.015043
2014-03-18,2.695,-0.001482
2014-03-19,2.655,-0.014842
2014-03-20,2.599,-0.021092
2014-03-21,2.647,0.018469
2014-03-24,2.647,0.0
2014-03-25,2.655,0.003022
2014-03-26,2.663,0.003013
2014-03-27,2.627,-0.013519
2014-03-28,2.595,-0.012181
2014-03-31,2.603,0.003083
2014-04-01,2.623,0.007683
2014-04-02,2.611,-0.004575
2014-04-03,2.599,-0.004596
2014-04-04,2.627,0.010773
2014-04-08,2.671,0.016749
2014-04-09,2.687,0.00599
2014-04-10,2.711,0.008932
2014-04-11,2.699,-0.004426
2014-04-14,2.695,-0.001482
2014-04-15,2.659,-0.013358
2014-04-16,2.647,-0.004513
2014-04-17,2.643,-0.001511
2014-04-18,2.647,0.001513
2014-04-21,2.615,-0.012089
2014-04-22,2.615,0.0
2014-04-23,2.627,0.004589
2014-04-24,2.607,-0.007613
2014-04-25,2.591,-0.006137
2014-04-28,2.539,-0.020069
2014-04-29,2.559,0.007877
2014-04-30,2.559,0.0
2014-05-05,2.571,0.004689
2014-05-06,2.575,0.001556
2014-05-07,2.531,-0.017087
2014-05-08,2.531,0.0
2014-05-09,2.5,-0.012248
2014-05-12,2.524,0.0096
2014-05-13,2.527,0.001189
2014-05-14,2.531,0.001583
2014-05-15,2.508,-0.009087
2014-05-16,2.5,-0.00319
2014-05-19,2.484,-0.0064
2014-05-20,2.484,0.0
2014-05-21,2.504,0.008052
2014-05-22,2.516,0.004792
2014-05-23,2.535,0.007552
2014-05-26,2.551,0.006312
2014-05-27,2.539,-0.004704
2014-05-28,2.563,0.009453
2014-05-29,2.547,-0.006243
2014-05-30,2.543,-0.00157
2014-06-03,2.527,-0.006292
2014-06-04,2.512,-0.005936
2014-06-05,2.531,0.007564
2014-06-06,2.535,0.00158
2014-06-09,2.52,-0.005917
2014-06-10,2.551,0.012302
2014-06-11,2.563,0.004704
2014-06-12,2.555,-0.003121
2014-06-13,2.587,0.012524
2014-06-16,2.595,0.003092
2014-06-17,2.571,-0.009249
2014-06-18,2.559,-0.004667
2014-06-19,2.524,-0.013677
2014-06-20,2.547,0.009113
2014-06-23,2.555,0.003141
2014-06-24,2.571,0.006262
2014-06-25,2.567,-0.001556
2014-06-26,2.595,0.010908
2014-06-27,2.603,0.003083
2014-06-30,2.623,0.007683
2014-07-01,2.619,-0.001525
2014-07-02,2.615,-0.001527
2014-07-03,2.619,0.00153
2014-07-04,2.619,0.0
2014-07-07,2.611,-0.003055
2014-07-08,2.627,0.006128
2014-07-09,2.583,-0.016749
2014-07-10,2.563,-0.007743
2014-07-11,2.579,0.006243
2014-07-14,2.599,0.007755
2014-07-15,2.587,-0.004617
2014-07-16,2.563,-0.009277
2014-07-17,2.551,-0.004682
2014-07-18,2.555,0.001568
2014-07-21,2.559,0.001566
2014-07-22,2.599,0.015631
2014-07-23,2.575,-0.009234
2014-07-24,2.583,0.003107
2014-07-25,2.595,0.004646
2014-07-28,2.639,0.016956
2014-07-29,2.667,0.01061
2014-07-30,2.679,0.004499
2014-07-31,2.695,0.005972
2014-08-01,2.667,-0.01039
2014-08-04,2.695,0.010499
2014-08-05,2.695,0.0
2014-08-06,2.707,0.004453
2014-08-07,2.691,-0.005911
2014-08-08,2.699,0.002973
2014-08-11,2.731,0.011856
2014-08-12,2.735,0.001465
2014-08-13,2.723,-0.004388
2014-08-14,2.703,-0.007345
2014-08-15,2.715,0.00444
2014-08-18,2.731,0.005893
2014-08-19,2.731,0.0
2014-08-20,2.719,-0.004394
2014-08-21,2.711,-0.002942
2014-08-22,2.727,0.005902
2014-08-25,2.707,-0.007334
2014-08-26,2.687,-0.007388
2014-08-27,2.691,0.001489
2014-08-28,2.667,-0.008919
2014-08-29,2.699,0.011999
2014-09-01,2.735,0.013338
2014-09-02,2.759,0.008775
2014-09-03,2.783,0.008699
2014-09-04,2.783,0.0
2014-09-05,2.795,0.004312
2014-09-09,2.799,0.001431
2014-09-10,2.795,-0.001429
2014-09-11,2.795,0.0
2014-09-12,2.815,0.007156
2014-09-15,2.819,0.001421
2014-09-16,2.727,-0.032636
2014-09-17,2.719,-0.002934
2014-09-18,2.727,0.002942
2014-09-19,2.755,0.010268
2014-09-22,2.707,-0.017423
2014-09-23,2.731,0.008866
2014-09-24,2.763,0.011717
2014-09-25,2.759,-0.001448
2014-09-26,2.759,0.0
2014-09-29,2.771,0.004349
2014-09-30,2.791,0.007218
2014-10-08,2.827,0.012899
2014-10-09,2.839,0.004245
2014-10-10,2.819,-0.007045
2014-10-13,2.807,-0.004257
2014-10-14,2.787,-0.007125
2014-10-15,2.787,0.0
2014-10-16,2.747,-0.014352
2014-10-17,2.739,-0.002912
2014-10-20,2.775,0.013143
2014-10-21,2.747,-0.01009
2014-10-22,2.727,-0.007281
2014-10-23,2.707,-0.007334
2014-10-24,2.703,-0.001478
2014-10-27,2.719,0.005919
2014-10-28,2.767,0.017654
2014-10-29,2.799,0.011565
2014-10-30,2.795,-0.001429
2014-10-31,2.803,0.002862
2014-11-03,2.823,0.007135
2014-11-04,2.807,-0.005668
2014-11-05,2.795,-0.004275
2014-11-06,2.811,0.005725
2014-11-07,2.815,0.001423
2014-11-10,2.843,0.009947
2014-11-11,2.791,-0.018291
2014-11-12,2.823,0.011465
2014-11-13,2.791,-0.011335
2014-11-14,2.787,-0.001433
2014-11-17,2.803,0.005741
2014-11-18,2.791,-0.004281
2014-11-19,2.791,0.0
2014-11-20,2.779,-0.0043
2014-11-21,2.819,0.014394
2014-11-24,2.851,0.011352
2014-11-25,2.875,0.008418
2014-11-26,2.91,0.012174
2014-11-27,2.926,0.005498
2014-11-28,2.938,0.004101
2014-12-01,2.918,-0.006807
2014-12-02,2.982,0.021933
2014-12-03,3.018,0.012072
2014-12-04,3.09,0.023857
2014-12-05,3.082,-0.002589
2014-12-08,3.158,0.024659
2014-12-09,3.018,-0.044332
2014-12-10,3.13,0.037111
2014-12-11,3.142,0.003834
2014-12-12,3.146,0.001273
2014-12-15,3.174,0.0089
2014-12-16,3.214,0.012602
2014-12-17,3.21,-0.001245
2014-12-18,3.198,-0.003738
2014-12-19,3.194,-0.001251
2014-12-22,3.174,-0.006262
2014-12-23,3.134,-0.012602
2014-12-24,3.098,-0.011487
2014-12-25,3.162,0.020658
2014-12-26,3.206,0.013915
2014-12-29,3.198,-0.002495
2014-12-30,3.166,-0.010006
2014-12-31,3.218,0.016425
2015-01-05,3.285,0.02082
2015-01-06,3.297,0.003653
2015-01-07,3.285,-0.00364
2015-01-08,3.242,-0.01309
2015-01-09,3.242,0.0
2015-01-12,3.242,0.0
2015-01-13,3.258,0.004935
2015-01-14,3.234,-0.007366
2015-01-15,3.293,0.018244
2015-01-16,3.329,0.010932
2015-01-19,3.182,-0.044157
2015-01-20,3.281,0.031113
2015-01-21,3.389,0.032917
2015-01-22,3.389,0.0
2015-01-23,3.365,-0.007082
2015-01-26,3.389,0.007132
2015-01-27,3.385,-0.00118
2015-01-28,3.341,-0.012999
2015-01-29,3.301,-0.011972
2015-01-30,3.273,-0.008482
2015-02-02,3.246,-0.008249
2015-02-03,3.305,0.018176
2015-02-04,3.289,-0.004841
2015-02-05,3.262,-0.008209
2015-02-06,3.214,-0.014715
2015-02-09,3.218,0.001245
2015-02-10,3.285,0.02082
2015-02-11,3.321,0.010959
2015-02-12,3.317,-0.001204
2015-02-13,3.349,0.009647
2015-02-16,3.377,0.008361
2015-02-17,3.381,0.001184
2015-02-25,3.349,-0.009465
2015-02-26,3.377,0.008361
2015-02-27,3.385,0.002369
2015-03-02,3.405,0.005908
2015-03-03,3.337,-0.019971
2015-03-04,3.389,0.015583
2015-03-05,3.365,-0.007082
2015-03-06,3.325,-0.011887
2015-03-09,3.381,0.016842
2015-03-10,3.393,0.003549
2015-03-11,3.381,-0.003537
2015-03-12,3.393,0.003549
2015-03-13,3.421,0.008252
2015-03-16,3.525,0.0304
2015-03-17,3.545,0.005674
2015-03-18,3.601,0.015797
2015-03-19,3.593,-0.002222
2015-03-20,3.633,0.011133
2015-03-23,3.712,0.021745
2015-03-24,3.74,0.007543
2015-03-25,3.796,0.014973
2015-03-26,3.764,-0.00843
2015-03-27,3.78,0.004251
2015-03-30,3.828,0.012698
2015-03-31,3.828,0.0
2015-04-01,3.892,0.016719
2015-04-02,3.944,0.013361
2015-04-03,4.007,0.015974
2015-04-07,4.087,0.019965
2015-04-08,4.059,-0.006851
2015-04-09,4.035,-0.005913
2015-04-10,4.163,0.031722
2015-04-13,4.243,0.019217
2015-04-14,4.215,-0.006599
2015-04-15,4.095,-0.02847
2015-04-16,4.179,0.020513
2015-04-17,4.179,0.0
2015-04-20,4.035,-0.034458
2015-04-21,4.155,0.02974
2015-04-22,4.259,0.02503
2015-04-23,4.251,-0.001878
2015-04-24,4.203,-0.011291
2015-04-27,4.231,0.006662
2015-04-28,4.155,-0.017963
2015-04-29,4.195,0.009627
2015-04-30,4.223,0.006675
2015-05-04,4.211,-0.002842
2015-05-05,4.059,-0.036096
2015-05-06,4.091,0.007884
2015-05-07,4.063,-0.006844
2015-05-08,4.147,0.020674
2015-05-11,4.283,0.032795
2015-05-12,4.347,0.014943
2015-05-13,4.335,-0.002761
2015-05-14,4.319,-0.003691
2015-05-15,4.259,-0.013892
2015-05-18,4.271,0.002818
2015-05-19,4.418,0.034418
2015-05-20,4.47,0.01177
2015-05-21,4.574,0.023266
2015-05-22,4.69,0.025361
2015-05-25,4.757,0.014286
2015-05-26,4.861,0.021863
2015-05-27,4.849,-0.002469
2015-05-28,4.57,-0.057538
2015-05-29,4.582,0.002626
2015-06-01,4.769,0.040812
2015-06-02,4.881,0.023485
2015-06-03,4.905,0.004917
2015-06-04,4.937,0.006524
2015-06-05,4.949,0.002431
2015-06-08,5.001,0.010507
2015-06-09,4.965,-0.007199
2015-06-10,5.041,0.015307
2015-06-11,5.093,0.010315
2015-06-12,5.156,0.01237
2015-06-15,5.029,-0.024631
2015-06-16,4.897,-0.026248
2015-06-17,4.953,0.011436
2015-06-18,4.777,-0.035534
2015-06-19,4.482,-0.061754
2015-06-23,4.586,0.023204
2015-06-24,4.662,0.016572
2015-06-25,4.494,-0.036036
2015-06-26,4.147,-0.077214
2015-06-29,3.952,-0.047022
2015-06-30,4.155,0.051366
2015-07-01,3.944,-0.050782
2015-07-02,3.772,-0.043611
2015-07-03,3.589,-0.048515
2015-07-06,3.652,0.017554
2015-07-07,3.565,-0.023823
2015-07-08,3.365,-0.056101
2015-07-09,3.541,0.052303
2015-07-10,3.696,0.043773
2015-07-13,3.824,0.034632
2015-07-14,3.804,-0.00523
2015-07-15,3.64,-0.043113
2015-07-16,3.648,0.002198
2015-07-17,3.816,0.046053
2015-07-20,3.86,0.01153
2015-07-21,3.908,0.012435
2015-07-22,3.936,0.007165
2015-07-23,4.035,0.025152
2015-07-24,3.992,-0.010657
2015-07-27,3.692,-0.07515
2015-07-28,3.664,-0.007584
2015-07-29,3.764,0.027293
2015-07-30,3.644,-0.031881
2015-07-31,3.605,-0.010703
2015-08-03,3.593,-0.003329
2015-08-04,3.716,0.034233
2015-08-05,3.66,-0.01507
2015-08-06,3.64,-0.005464
2015-08-07,3.72,0.021978
2015-08-10,3.88,0.043011
2015-08-11,3.864,-0.004124
2015-08-12,3.808,-0.014493
2015-08-13,3.848,0.010504
2015-08-14,3.864,0.004158
2015-08-17,3.888,0.006211
2015-08-18,3.64,-0.063786
2015-08-19,3.712,0.01978
2015-08-20,3.605,-0.028825
2015-08-21,3.413,-0.053259
2015-08-24,3.134,-0.081746
2015-08-25,2.938,-0.06254
2015-08-26,2.946,0.002723
2015-08-27,3.086,0.047522
2015-08-28,3.23,0.046662
2015-08-31,3.178,-0.016099
2015-09-01,3.078,-0.031466
2015-09-02,3.042,-0.011696
2015-09-07,3.014,-0.009204
2015-09-08,3.118,0.034506
2015-09-09,3.178,0.019243
2015-09-10,3.146,-0.010069
2015-09-11,3.15,0.001271
2015-09-14,3.014,-0.043175
2015-09-15,2.918,-0.031851
2015-09-16,3.078,0.054832
2015-09-17,3.034,-0.014295
2015-09-18,3.05,0.005274
2015-09-21,3.142,0.030164
2015-09-22,3.158,0.005092
2015-09-23,3.122,-0.0114
2015-09-24,3.146,0.007687
2015-09-25,3.102,-0.013986
2015-09-28,3.138,0.011605
2015-09-29,3.102,-0.011472
2015-09-30,3.098,-0.001289
2015-10-08,3.182,0.027114
2015-10-09,3.218,0.011314
2015-10-12,3.329,0.034493
2015-10-13,3.353,0.007209
2015-10-14,3.297,-0.016701
2015-10-15,3.345,0.014559
2015-10-16,3.353,0.002392
2015-10-19,3.337,-0.004772
2015-10-20,3.377,0.011987
2015-10-21,3.246,-0.038792
2015-10-22,3.361,0.035428
2015-10-23,3.429,0.020232
2015-10-26,3.429,0.0
2015-10-27,3.425,-0.001167
2015-10-28,3.329,-0.028029
2015-10-29,3.349,0.006008
2015-10-30,3.369,0.005972
2015-11-02,3.333,-0.010686
2015-11-03,3.325,-0.0024
2015-11-04,3.477,0.045714
2015-11-05,3.501,0.006903
2015-11-06,3.601,0.028563
2015-11-09,3.648,0.013052
2015-11-10,3.636,-0.003289
2015-11-11,3.644,0.0022
2015-11-12,3.617,-0.007409
2015-11-13,3.513,-0.028753
2015-11-16,3.553,0.011386
2015-11-17,3.537,-0.004503
2015-11-18,3.513,-0.006785
2015-11-19,3.585,0.020495
2015-11-20,3.601,0.004463
2015-11-23,3.593,-0.002222
2015-11-24,3.593,0.0
2015-11-25,3.636,0.011968
2015-11-26,3.605,-0.008526
2015-11-27,3.461,-0.039945
2015-11-30,3.465,0.001156
2015-12-01,3.437,-0.008081
2015-12-02,3.481,0.012802
2015-12-03,3.521,0.011491
2015-12-04,3.473,-0.013632
2015-12-07,3.477,0.001152
2015-12-08,3.437,-0.011504
2015-12-09,3.453,0.004655
2015-12-10,3.417,-0.010426
2015-12-11,3.401,-0.004682
2015-12-14,3.445,0.012937
2015-12-15,3.457,0.003483
2015-12-16,3.461,0.001157
2015-12-17,3.541,0.023115
2015-12-18,3.529,-0.003389
2015-12-21,3.581,0.014735
2015-12-22,3.605,0.006702
2015-12-23,3.605,0.0
2015-12-24,3.573,-0.008877
2015-12-25,3.593,0.005598
2015-12-28,3.497,-0.026719
2015-12-29,3.533,0.010295
2015-12-30,3.521,-0.003397
2015-12-31,3.489,-0.009088
2016-01-04,3.281,-0.059616
2016-01-05,3.269,-0.003657
2016-01-06,3.305,0.011013
2016-01-07,3.118,-0.056581
2016-01-08,3.162,0.014112
2016-01-11,3.022,-0.044276
2016-01-12,3.046,0.007942
2016-01-13,2.994,-0.017072
2016-01-14,3.066,0.024048
2016-01-15,2.966,-0.032616
2016-01-18,2.986,0.006743
2016-01-19,3.07,0.028131
2016-01-20,3.034,-0.011726
2016-01-21,2.942,-0.030323
2016-01-22,2.978,0.012237
2016-01-25,3.002,0.008059
2016-01-26,2.847,-0.051632
2016-01-27,2.827,-0.007025
2016-01-28,2.747,-0.028299
2016-01-29,2.823,0.027667
2016-02-01,2.819,-0.001417
2016-02-02,2.891,0.025541
2016-02-03,2.906,0.005189
2016-02-04,2.95,0.015141
2016-02-05,2.926,-0.008136
2016-02-15,2.938,0.004101
2016-02-16,3.018,0.027229
2016-02-17,3.026,0.002651
2016-02-18,3.018,-0.002644
2016-02-19,3.022,0.001325
2016-02-22,3.082,0.019854
2016-02-23,3.074,-0.002596
2016-02-24,3.062,-0.003904
2016-02-25,2.883,-0.058459
2016-02-26,2.898,0.005203
2016-02-29,2.807,-0.031401
2016-03-01,2.859,0.018525
2016-03-02,2.994,0.047219
2016-03-03,2.982,-0.004008
2016-03-04,2.938,-0.014755
2016-03-07,2.974,0.012253
2016-03-08,2.954,-0.006725
2016-03-09,2.891,-0.021327
2016-03-10,2.851,-0.013836
2016-03-11,2.851,0.0
2016-03-14,2.926,0.026307
2016-03-15,2.926,0.0
2016-03-16,2.902,-0.008202
2016-03-17,2.978,0.026189
2016-03-18,3.042,0.021491
2016-03-21,3.078,0.011834
2016-03-22,3.07,-0.002599
2016-03-23,3.086,0.005212
2016-03-24,3.066,-0.006481
2016-03-25,3.074,0.002609
2016-03-28,3.07,-0.001301
2016-03-29,3.03,-0.013029
2016-03-30,3.114,0.027723
2016-03-31,3.114,0.0
2016-04-01,3.106,-0.002569
2016-04-05,3.17,0.020605
2016-04-06,3.182,0.003785
2016-04-07,3.162,-0.006285
2016-04-08,3.154,-0.00253
2016-04-11,3.218,0.020292
2016-04-12,3.206,-0.003729
2016-04-13,3.218,0.003743
2016-04-14,3.222,0.001243
2016-04-15,3.206,-0.004966
2016-04-18,3.178,-0.008734
2016-04-19,3.19,0.003776
2016-04-20,3.062,-0.040125
2016-04-21,3.03,-0.010451
2016-04-22,3.098,0.022442
2016-04-25,3.106,0.002582
2016-04-26,3.118,0.003863
2016-04-27,3.122,0.001283
2016-04-28,3.122,0.0
2016-04-29,3.118,-0.001281
2016-05-03,3.222,0.033355
2016-05-04,3.234,0.003724
2016-05-05,3.238,0.001237
2016-05-06,3.122,-0.035825
2016-05-09,3.078,-0.014094
2016-05-10,3.126,0.015595
2016-05-11,3.114,-0.003839
2016-05-12,3.15,0.011561
2016-05-13,3.154,0.00127
2016-05-16,3.222,0.02156
2016-05-17,3.182,-0.012415
2016-05-18,3.106,-0.023884
2016-05-19,3.118,0.003863
2016-05-20,3.178,0.019243
2016-05-23,3.23,0.016362
2016-05-24,3.174,-0.017337
2016-05-25,3.162,-0.003781
2016-05-26,3.19,0.008855
2016-05-27,3.186,-0.001254
2016-05-30,3.17,-0.005022
2016-05-31,3.289,0.037539
2016-06-01,3.309,0.006081
2016-06-02,3.341,0.009671
2016-06-03,3.361,0.005986
2016-06-06,3.389,0.008331
2016-06-07,3.385,-0.00118
2016-06-08,3.369,-0.004727
2016-06-13,3.273,-0.028495
2016-06-14,3.297,0.007333
2016-06-15,3.437,0.042463
2016-06-16,3.421,-0.004655
2016-06-17,3.429,0.002338
2016-06-20,3.449,0.005833
2016-06-21,3.373,-0.022035
2016-06-22,3.393,0.005929
2016-06-23,3.365,-0.008252
2016-06-24,3.349,-0.004755
2016-06-27,3.429,0.023888
2016-06-28,3.437,0.002333
2016-06-29,3.417,-0.005819
2016-06-30,3.421,0.001171
2016-07-01,3.397,-0.007015
2016-07-04,3.449,0.015308
2016-07-05,3.433,-0.004639
2016-07-06,3.449,0.004661
2016-07-07,3.441,-0.00232
2016-07-08,3.453,0.003487
2016-07-11,3.441,-0.003475
2016-07-12,3.429,-0.003487
2016-07-13,3.465,0.010499
2016-07-14,3.449,-0.004618
2016-07-15,3.461,0.003479
2016-07-18,3.465,0.001156
2016-07-19,3.493,0.008081
2016-07-20,3.477,-0.004581
2016-07-21,3.505,0.008053
2016-07-22,3.473,-0.00913
2016-07-25,3.457,-0.004607
2016-07-26,3.505,0.013885
2016-07-27,3.397,-0.030813
2016-07-28,3.437,0.011775
2016-07-29,3.433,-0.001164
2016-08-01,3.397,-0.010486
2016-08-02,3.425,0.008243
2016-08-03,3.465,0.011679
2016-08-04,3.473,0.002309
2016-08-05,3.453,-0.005759
2016-08-08,3.485,0.009267
2016-08-09,3.505,0.005739
2016-08-10,3.513,0.002282
2016-08-11,3.473,-0.011386
2016-08-12,3.485,0.003455
2016-08-15,3.533,0.013773
2016-08-16,3.525,-0.002264
2016-08-17,3.541,0.004539
2016-08-18,3.545,0.00113
2016-08-19,3.545,0.0
2016-08-22,3.493,-0.014669
2016-08-23,3.501,0.00229
2016-08-24,3.533,0.00914
2016-08-25,3.533,0.0
2016-08-26,3.565,0.009057
2016-08-29,3.585,0.00561
2016-08-30,3.585,0.0
2016-08-31,3.589,0.001116
2016-09-01,3.589,0.0
2016-09-02,3.573,-0.004458
2016-09-05,3.648,0.020991
2016-09-06,3.712,0.017544
2016-09-07,3.72,0.002155
2016-09-08,3.748,0.007527
2016-09-09,3.696,-0.013874
2016-09-12,3.652,-0.011905
2016-09-13,3.664,0.003286
2016-09-14,3.652,-0.003275
2016-09-19,3.66,0.002191
2016-09-20,3.664,0.001093
2016-09-21,3.64,-0.00655
2016-09-22,3.66,0.005495
2016-09-23,3.668,0.002186
2016-09-26,3.617,-0.013904
2016-09-27,3.617,0.0
2016-09-28,3.617,0.0
2016-09-29,3.617,0.0
2016-09-30,3.633,0.004424
2016-10-10,3.708,0.020644
2016-10-11,3.712,0.001079
2016-10-12,3.692,-0.005388
2016-10-13,3.712,0.005417
2016-10-14,3.7,-0.003233
2016-10-17,3.668,-0.008649
2016-10-18,3.7,0.008724
2016-10-19,3.684,-0.004324
2016-10-20,3.664,-0.005429
2016-10-21,3.66,-0.001092
2016-10-24,3.664,0.001093
2016-10-25,3.66,-0.001092
2016-10-26,3.633,-0.007377
2016-10-27,3.625,-0.002202
2016-10-28,3.613,-0.00331
2016-10-31,3.589,-0.006643
2016-11-01,3.64,0.01421
2016-11-02,3.589,-0.014011
2016-11-03,3.585,-0.001115
2016-11-04,3.565,-0.005579
2016-11-07,3.573,0.002244
2016-11-08,3.581,0.002239
2016-11-09,3.561,-0.005585
2016-11-10,3.593,0.008986
2016-11-11,3.585,-0.002227
2016-11-14,3.577,-0.002232
2016-11-15,3.589,0.003355
2016-11-16,3.601,0.003344
2016-11-17,3.589,-0.003332
2016-11-18,3.573,-0.004458
2016-11-21,3.557,-0.004478
2016-11-22,3.573,0.004498
2016-11-23,3.557,-0.004478
2016-11-24,3.541,-0.004498
2016-11-25,3.553,0.003389
2016-11-28,3.585,0.009006
2016-11-29,3.581,-0.001116
2016-11-30,3.557,-0.006702
2016-12-01,3.581,0.006747
2016-12-02,3.557,-0.006702
2016-12-05,3.533,-0.006747
2016-12-06,3.553,0.005661
2016-12-07,3.593,0.011258
2016-12-08,3.573,-0.005566
2016-12-09,3.557,-0.004478
2016-12-12,3.465,-0.025864
2016-12-13,3.505,0.011544
2016-12-14,3.445,-0.017118
2016-12-15,3.469,0.006967
2016-12-16,3.497,0.008071
2016-12-19,3.493,-0.001144
2016-12-20,3.509,0.004581
2016-12-21,3.525,0.00456
2016-12-22,3.509,-0.004539
2016-12-23,3.469,-0.011399
2016-12-26,3.465,-0.001153
2016-12-27,3.461,-0.001154
2016-12-28,3.457,-0.001156
2016-12-29,3.453,-0.001157
2016-12-30,3.469,0.004634
2016-12-31,3.469,0.0
2017-01-03,3.497,0.008071
2017-01-04,3.537,0.011438
2017-01-05,3.529,-0.002262
2017-01-06,3.505,-0.006801
2017-01-09,3.501,-0.001141
2017-01-10,3.501,0.0
2017-01-11,3.477,-0.006855
2017-01-12,3.445,-0.009203
2017-01-13,3.437,-0.002322
2017-01-16,3.401,-0.010474
2017-01-17,3.417,0.004704
2017-01-18,3.421,0.001171
2017-01-19,3.417,-0.001169
2017-01-20,3.453,0.010536
2017-01-23,3.469,0.004634
2017-01-24,3.465,-0.001153
2017-01-25,3.481,0.004618
2017-01-26,3.493,0.003447
2017-02-03,3.493,0.0
2017-02-06,3.545,0.014887
2017-02-07,3.541,-0.001128
2017-02-08,3.545,0.00113
2017-02-09,3.557,0.003385
2017-02-10,3.553,-0.001125
2017-02-13,3.545,-0.002252
2017-02-14,3.549,0.001128
2017-02-15,3.513,-0.010144
2017-02-16,3.513,0.0
2017-02-17,3.481,-0.009109
2017-02-20,3.525,0.01264
2017-02-21,3.545,0.005674
2017-02-22,3.565,0.005642
2017-02-23,3.589,0.006732
2017-02-24,3.581,-0.002229
2017-02-27,3.577,-0.001117
2017-02-28,3.589,0.003355
2017-03-01,3.601,0.003344
2017-03-02,3.585,-0.004443
2017-03-03,3.617,0.008926
2017-03-06,3.633,0.004424
2017-03-07,3.656,0.006331
2017-03-08,3.648,-0.002188
2017-03-09,3.625,-0.006305
2017-03-10,3.64,0.004138
2017-03-13,3.676,0.00989
2017-03-14,3.668,-0.002176
2017-03-15,3.692,0.006543
2017-03-16,3.708,0.004334
2017-03-17,3.692,-0.004315
2017-03-20,3.708,0.004334
2017-03-21,3.776,0.018339
2017-03-22,3.788,0.003178
2017-03-23,3.764,-0.006336
2017-03-24,3.784,0.005313
2017-03-27,3.748,-0.009514
2017-03-28,3.728,-0.005336
2017-03-29,3.724,-0.001073
2017-03-30,3.692,-0.008593
2017-03-31,3.752,0.016251
2017-04-05,3.824,0.01919
2017-04-06,3.828,0.001046
2017-04-07,3.844,0.00418
2017-04-10,3.812,-0.008325
2017-04-11,3.812,0.0
2017-04-12,3.772,-0.010493
2017-04-13,3.82,0.012725
2017-04-14,3.8,-0.005236
2017-04-17,3.796,-0.001053
2017-04-18,3.86,0.01686
2017-04-19,3.864,0.001036
2017-04-20,3.932,0.017598
2017-04-21,3.868,-0.016277
2017-04-24,3.808,-0.015512
2017-04-25,3.88,0.018908
2017-04-26,3.856,-0.006186
2017-04-27,3.884,0.007261
2017-04-28,3.844,-0.010299
2017-05-02,3.836,-0.002081
2017-05-03,3.836,0.0
2017-05-04,3.844,0.002086
2017-05-05,3.82,-0.006243
2017-05-08,3.716,-0.027225
2017-05-09,3.72,0.001076
2017-05-10,3.716,-0.001075
2017-05-11,3.78,0.017223
2017-05-12,3.792,0.003175
2017-05-15,3.82,0.007384
2017-05-16,3.9,0.020942
2017-05-17,3.856,-0.011282
2017-05-18,3.844,-0.003112
2017-05-19,3.86,0.004162
2017-05-22,3.876,0.004145
2017-05-23,3.848,-0.007224
2017-05-24,3.828,-0.005198
2017-05-25,3.816,-0.003135
2017-05-26,3.792,-0.006289
2017-05-31,3.788,-0.001055
2017-06-01,3.784,-0.001056
2017-06-02,3.764,-0.005285
2017-06-05,3.76,-0.001063
2017-06-06,3.828,0.018085
2017-06-07,3.916,0.022989
2017-06-08,3.968,0.013279
2017-06-09,3.984,0.004032
2017-06-12,4.0,0.004016
2017-06-13,4.011,0.00275
2017-06-14,3.96,-0.012715
2017-06-15,3.944,-0.00404
2017-06-16,3.932,-0.003043
2017-06-19,3.972,0.010173
2017-06-20,3.964,-0.002014
2017-06-21,4.043,0.019929
2017-06-22,4.011,-0.007915
2017-06-23,4.055,0.01097
2017-06-26,4.131,0.018742
2017-06-27,4.123,-0.001937
2017-06-28,4.059,-0.015523
2017-06-29,4.075,0.003942
2017-06-30,4.091,0.003926
2017-07-03,4.043,-0.011733
2017-07-04,3.996,-0.011625
2017-07-05,4.051,0.013764
2017-07-06,4.039,-0.002962
2017-07-07,3.996,-0.010646
2017-07-10,3.976,-0.005005
2017-07-11,4.035,0.014839
2017-07-12,3.996,-0.009665
2017-07-13,4.0,0.001001
2017-07-14,4.027,0.00675
2017-07-17,3.968,-0.014651
2017-07-18,3.976,0.002016
2017-07-19,4.011,0.008803
2017-07-20,4.055,0.01097
2017-07-21,4.051,-0.000986
2017-07-24,4.091,0.009874
2017-07-25,4.087,-0.000978
2017-07-26,4.023,-0.015659
2017-07-27,4.023,0.0
2017-07-28,4.075,0.012926
2017-07-31,4.067,-0.001963
2017-08-01,4.111,0.010819
2017-08-02,4.075,-0.008757
2017-08-03,4.015,-0.014724
2017-08-04,3.98,-0.008717
2017-08-07,4.051,0.017839
2017-08-08,4.051,0.0
2017-08-09,4.111,0.014811
2017-08-10,4.103,-0.001946
2017-08-11,4.039,-0.015598
2017-08-14,4.099,0.014855
2017-08-15,4.091,-0.001952
2017-08-16,4.075,-0.003911
2017-08-17,4.059,-0.003926
2017-08-18,4.063,0.000985
2017-08-21,4.079,0.003938
2017-08-22,4.083,0.000981
2017-08-23,4.095,0.002939
2017-08-24,4.079,-0.003907
2017-08-25,4.107,0.006864
2017-08-28,4.143,0.008766
2017-08-29,4.123,-0.004827
2017-08-30,4.147,0.005821
2017-08-31,4.123,-0.005787
2017-09-01,4.119,-0.00097
2017-09-04,4.103,-0.003884
2017-09-05,4.107,0.000975
2017-09-06,4.071,-0.008766
2017-09-07,4.051,-0.004913
2017-09-08,4.035,-0.00395
2017-09-11,4.035,0.0
2017-09-12,4.055,0.004957
2017-09-13,4.103,0.011837
2017-09-14,4.095,-0.00195
2017-09-15,4.103,0.001954
2017-09-18,4.159,0.013649
2017-09-19,4.131,-0.006732
2017-09-20,4.143,0.002905
2017-09-21,4.135,-0.001931
2017-09-22,4.159,0.005804
2017-09-25,4.179,0.004809
2017-09-26,4.155,-0.005743
2017-09-27,4.159,0.000963
2017-09-28,4.199,0.009618
2017-09-29,4.203,0.000953
2017-10-09,4.255,0.012372
2017-10-10,4.291,0.008461
2017-10-11,4.363,0.016779
2017-10-12,4.386,0.005272
2017-10-13,4.394,0.001824
2017-10-16,4.37,-0.005462
2017-10-17,4.378,0.001831
2017-10-18,4.442,0.014619
2017-10-19,4.474,0.007204
2017-10-20,4.414,-0.013411
2017-10-23,4.454,0.009062
2017-10-24,4.482,0.006286
2017-10-25,4.51,0.006247
2017-10-26,4.554,0.009756
2017-10-27,4.646,0.020202
2017-10-30,4.642,-0.000861
2017-10-31,4.634,-0.001723
2017-11-01,4.646,0.00259
2017-11-02,4.666,0.004305
2017-11-03,4.658,-0.001715
2017-11-06,4.761,0.022112
2017-11-07,4.777,0.003361
2017-11-08,4.738,-0.008164
2017-11-09,4.769,0.006543
2017-11-10,4.885,0.024324
2017-11-13,4.869,-0.003275
2017-11-14,4.805,-0.013144
2017-11-15,4.821,0.00333
2017-11-16,4.925,0.021572
2017-11-17,4.841,-0.017056
2017-11-20,4.825,-0.003305
2017-11-21,4.925,0.020725
2017-11-22,4.825,-0.020305
2017-11-23,4.622,-0.042073
2017-11-24,4.614,-0.001731
2017-11-27,4.542,-0.015605
2017-11-28,4.61,0.014971
2017-11-29,4.538,-0.015618
2017-11-30,4.482,-0.01234
2017-12-01,4.474,-0.001785
2017-12-04,4.57,0.021457
2017-12-05,4.578,0.001751
2017-12-06,4.542,-0.007864
2017-12-07,4.466,-0.016733
2017-12-08,4.546,0.017913
2017-12-11,4.686,0.030796
2017-12-12,4.63,-0.01195
2017-12-13,4.722,0.01987
2017-12-14,4.694,-0.00593
2017-12-15,4.65,-0.009374
2017-12-18,4.734,0.018065
2017-12-19,4.789,0.011618
2017-12-20,4.841,0.010858
2017-12-21,4.869,0.005784
2017-12-22,4.825,-0.009037
2017-12-25,4.813,-0.002487
2017-12-26,4.789,-0.004986
2017-12-27,4.678,-0.023178
2017-12-28,4.789,0.023728
2017-12-29,4.789,0.0
2017-12-31,4.789,0.0
2018-01-02,4.837,0.010023
2018-01-03,4.837,0.0
2018-01-04,4.921,0.017366
2018-01-05,4.913,-0.001626
2018-01-08,4.905,-0.001628
2018-01-09,5.021,0.023649
2018-01-10,5.053,0.006373
2018-01-11,5.021,-0.006333
2018-01-12,5.093,0.01434
2018-01-15,5.148,0.010799
2018-01-16,5.183,0.006799
2018-01-17,5.075,-0.020837
2018-01-18,5.103,0.005517
2018-01-19,5.055,-0.009406
2018-01-22,5.179,0.02453
2018-01-23,5.183,0.000772
2018-01-24,5.119,-0.012348
2018-01-25,5.079,-0.007814
2018-01-26,5.115,0.007088
2018-01-29,4.959,-0.030499
2018-01-30,4.935,-0.00484
2018-01-31,5.011,0.0154
2018-02-01,4.927,-0.016763
2018-02-02,4.911,-0.003247
2018-02-05,4.804,-0.021788
2018-02-06,4.732,-0.014988
2018-02-07,4.6,-0.027895
2018-02-08,4.632,0.006957
2018-02-09,4.493,-0.030009
2018-02-12,4.616,0.027376
2018-02-13,4.656,0.008666
2018-02-14,4.712,0.012027
2018-02-22,4.82,0.02292
2018-02-23,4.824,0.00083
2018-02-26,4.844,0.004146
2018-02-27,4.756,-0.018167
2018-02-28,4.672,-0.017662
2018-03-01,4.72,0.010274
2018-03-02,4.692,-0.005932
2018-03-05,4.644,-0.01023
2018-03-06,4.692,0.010336
2018-03-07,4.684,-0.001705
2018-03-08,4.772,0.018787
2018-03-09,4.804,0.006706
2018-03-12,4.796,-0.001665
2018-03-13,4.756,-0.00834
2018-03-14,4.756,0.0
2018-03-15,4.828,0.015139
2018-03-16,4.804,-0.004971
2018-03-19,4.872,0.014155
2018-03-20,4.852,-0.004105
2018-03-21,4.816,-0.00742
2018-03-22,4.72,-0.019934
2018-03-23,4.636,-0.017797
2018-03-26,4.628,-0.001726
2018-03-27,4.632,0.000864
2018-03-28,4.501,-0.028282
2018-03-29,4.568,0.014886
2018-03-30,4.584,0.003503
2018-04-02,4.548,-0.007853
2018-04-03,4.556,0.001759
2018-04-04,4.632,0.016681
2018-04-09,4.624,-0.001727
2018-04-10,4.672,0.010381
2018-04-11,4.672,0.0
2018-04-12,4.644,-0.005993
2018-04-13,4.588,-0.012059
2018-04-16,4.548,-0.008718
2018-04-17,4.485,-0.013852
2018-04-18,4.461,-0.005351
2018-04-19,4.544,0.018606
2018-04-20,4.505,-0.008583
2018-04-23,4.493,-0.002664
2018-04-24,4.6,0.023815
2018-04-25,4.612,0.002609
2018-04-26,4.513,-0.021466
2018-04-27,4.489,-0.005318
2018-05-02,4.524,0.007797
2018-05-03,4.588,0.014147
2018-05-04,4.592,0.000872
2018-05-07,4.752,0.034843
2018-05-08,4.808,0.011785
2018-05-09,4.816,0.001664
2018-05-10,4.856,0.008306
2018-05-11,4.792,-0.01318
2018-05-14,4.884,0.019199
2018-05-15,4.891,0.001433
2018-05-16,4.868,-0.004703
2018-05-17,4.772,-0.019721
2018-05-18,4.812,0.008382
2018-05-21,4.824,0.002494
2018-05-22,4.828,0.000829
2018-05-23,4.768,-0.012428
2018-05-24,4.732,-0.00755
2018-05-25,4.728,-0.000845
2018-05-28,4.844,0.024535
2018-05-29,4.78,-0.013212
2018-05-30,4.756,-0.005021
2018-05-31,4.891,0.028385
2018-06-01,4.82,-0.014516
2018-06-04,4.939,0.024689
2018-06-05,5.003,0.012958
2018-06-06,4.995,-0.001599
2018-06-07,4.959,-0.007207
2018-06-08,4.935,-0.00484
2018-06-11,4.919,-0.003242
2018-06-12,5.051,0.026835
2018-06-13,5.007,-0.008711
2018-06-14,4.951,-0.011184
2018-06-15,4.939,-0.002424
2018-06-19,4.8,-0.028143
2018-06-20,4.864,0.013333
2018-06-21,4.816,-0.009868
2018-06-22,4.84,0.004983
2018-06-25,4.82,-0.004132
2018-06-26,4.832,0.00249
2018-06-27,4.72,-0.023179
2018-06-28,4.648,-0.015254
2018-06-29,4.76,0.024096
2018-06-30,4.76,0.0
2018-07-02,4.664,-0.020168
2018-07-03,4.608,-0.012007
2018-07-04,4.572,-0.007812
2018-07-05,4.548,-0.005249
2018-07-06,4.58,0.007036
2018-07-09,4.696,0.025328
2018-07-10,4.7,0.000852
2018-07-11,4.668,-0.006809
2018-07-12,4.752,0.017995
2018-07-13,4.788,0.007576
2018-07-16,4.768,-0.004177
2018-07-17,4.728,-0.008389
2018-07-18,4.684,-0.009306
2018-07-19,4.68,-0.000854
2018-07-20,4.716,0.007692
2018-07-23,4.676,-0.008482
2018-07-24,4.748,0.015398
2018-07-25,4.744,-0.000842
2018-07-26,4.688,-0.011804
2018-07-27,4.688,0.0
2018-07-30,4.652,-0.007679
2018-07-31,4.66,0.00172
2018-08-01,4.58,-0.017167
2018-08-02,4.461,-0.025983
2018-08-03,4.369,-0.020623
2018-08-06,4.321,-0.010986
2018-08-07,4.409,0.020366
2018-08-08,4.321,-0.019959
2018-08-09,4.417,0.022217
2018-08-10,4.429,0.002717
2018-08-13,4.385,-0.009935
2018-08-14,4.377,-0.001824
2018-08-15,4.281,-0.021933
2018-08-16,4.233,-0.011212
2018-08-17,4.197,-0.008505
2018-08-20,4.209,0.002859
2018-08-21,4.309,0.023759
2018-08-22,4.277,-0.007426
2018-08-23,4.293,0.003741
2018-08-24,4.289,-0.000932
2018-08-27,4.389,0.023315
2018-08-28,4.357,-0.007291
2018-08-29,4.329,-0.006426
2018-08-30,4.301,-0.006468
2018-08-31,4.257,-0.01023
2018-09-03,4.245,-0.002819
2018-09-04,4.281,0.008481
2018-09-05,4.213,-0.015884
2018-09-06,4.146,-0.015903
2018-09-07,4.193,0.011336
2018-09-10,4.149,-0.010494
2018-09-11,4.142,-0.001687
2018-09-12,4.094,-0.011589
2018-09-13,4.102,0.001954
2018-09-14,4.13,0.006826
2018-09-17,4.118,-0.002906
2018-09-18,4.189,0.017241
2018-09-19,4.249,0.014323
2018-09-20,4.245,-0.000941
2018-09-21,4.369,0.029211
2018-09-25,4.341,-0.006409
2018-09-26,4.417,0.017507
2018-09-27,4.401,-0.003622
2018-09-28,4.429,0.006362
2018-10-08,4.265,-0.037029
2018-10-09,4.265,0.0
2018-10-10,4.185,-0.018757
2018-10-11,4.062,-0.029391
2018-10-12,4.138,0.01871
2018-10-15,4.058,-0.019333
2018-10-16,4.03,-0.0069
2018-10-17,4.014,-0.00397
2018-10-18,3.93,-0.020927
2018-10-19,4.05,0.030534
2018-10-22,4.185,0.033333
2018-10-23,4.042,-0.03417
2018-10-24,4.018,-0.005938
2018-10-25,3.986,-0.007964
2018-10-26,3.934,-0.013046
2018-10-29,3.767,-0.04245
2018-10-30,3.767,0.0
2018-10-31,3.834,0.017786
2018-11-01,3.886,0.013563
2018-11-02,4.038,0.039115
2018-11-05,3.994,-0.010896
2018-11-06,3.974,-0.005008
2018-11-07,3.97,-0.001007
2018-11-08,3.966,-0.001008
2018-11-09,3.938,-0.00706
2018-11-12,3.958,0.005079
2018-11-13,4.03,0.018191
2018-11-14,3.998,-0.00794
2018-11-15,4.026,0.007004
2018-11-16,4.026,0.0
2018-11-19,4.038,0.002981
2018-11-20,3.966,-0.017831
2018-11-21,3.982,0.004034
2018-11-22,3.986,0.001005
2018-11-23,3.918,-0.01706
2018-11-26,3.918,0.0
2018-11-27,3.914,-0.001021
2018-11-28,3.946,0.008176
2018-11-29,3.922,-0.006082
2018-11-30,3.958,0.009179
2018-12-03,4.066,0.027287
2018-12-04,4.078,0.002951
2018-12-05,4.082,0.000981
2018-12-06,3.994,-0.021558
2018-12-07,3.99,-0.001002
2018-12-10,3.95,-0.010025
2018-12-11,3.97,0.005063
2018-12-12,3.986,0.00403
2018-12-13,4.034,0.012042
2018-12-14,3.986,-0.011899
2018-12-17,3.958,-0.007025
2018-12-18,3.942,-0.004042
2018-12-19,3.894,-0.012177
2018-12-20,3.874,-0.005136
2018-12-21,3.842,-0.00826
2018-12-24,3.862,0.005206
2018-12-25,3.846,-0.004143
2018-12-26,3.842,-0.00104
2018-12-27,3.826,-0.004164
2018-12-28,3.85,0.006273
2018-12-31,3.85,0.0
2019-01-02,3.802,-0.012468
2019-01-03,3.763,-0.010258
2019-01-04,3.818,0.014616
2019-01-07,3.83,0.003143
2019-01-08,3.814,-0.004178
2019-01-09,3.846,0.00839
2019-01-10,3.85,0.00104
2019-01-11,3.894,0.011429
2019-01-14,3.866,-0.007191
2019-01-15,3.958,0.023797
2019-01-16,3.958,0.0
2019-01-17,3.942,-0.004042
2019-01-18,4.002,0.015221
2019-01-21,4.026,0.005997
2019-01-22,3.986,-0.009935
2019-01-23,3.99,0.001004
2019-01-24,4.014,0.006015
2019-01-25,4.042,0.006976
2019-01-28,4.05,0.001979
2019-01-29,4.062,0.002963
2019-01-30,4.022,-0.009847
2019-01-31,4.058,0.008951
2019-02-01,4.102,0.010843
2019-02-11,4.189,0.021209
2019-02-12,4.201,0.002865
2019-02-13,4.241,0.009522
2019-02-14,4.261,0.004716
2019-02-15,4.189,-0.016897
2019-02-18,4.301,0.026737
2019-02-19,4.289,-0.00279
2019-02-20,4.289,0.0
2019-02-21,4.265,-0.005596
2019-02-22,4.329,0.015006
2019-02-25,4.489,0.03696
2019-02-26,4.429,-0.013366
2019-02-27,4.433,0.000903
2019-02-28,4.453,0.004512
2019-03-01,4.54,0.019537
2019-03-04,4.576,0.00793
2019-03-05,4.58,0.000874
2019-03-06,4.572,-0.001747
2019-03-07,4.497,-0.016404
2019-03-08,4.389,-0.024016
2019-03-11,4.473,0.019139
2019-03-12,4.497,0.005366
2019-03-13,4.485,-0.002668
2019-03-14,4.517,0.007135
2019-03-15,4.608,0.020146
2019-03-18,4.776,0.036458
2019-03-19,4.752,-0.005025
2019-03-20,4.768,0.003367
2019-03-21,4.756,-0.002517
2019-03-22,4.784,0.005887
2019-03-25,4.68,-0.021739
2019-03-26,4.644,-0.007692
2019-03-27,4.728,0.018088
2019-03-28,4.736,0.001692
2019-03-29,4.887,0.031883
2019-04-01,5.011,0.025373
2019-04-02,4.979,-0.006386
2019-04-03,4.991,0.00241
2019-04-04,5.055,0.012823
2019-04-08,5.071,0.003165
2019-04-09,5.071,0.0
2019-04-10,5.107,0.007099
2019-04-11,4.991,-0.022714
2019-04-12,4.967,-0.004809
2019-04-15,4.947,-0.004027
2019-04-16,5.047,0.020214
2019-04-17,5.067,0.003963
2019-04-18,5.091,0.004737
2019-04-19,5.135,0.008643
2019-04-22,5.055,-0.015579
2019-04-23,5.079,0.004748
2019-04-24,5.091,0.002363
2019-04-25,5.007,-0.0165
2019-04-26,5.003,-0.000799
2019-04-29,5.063,0.011993
2019-04-30,5.087,0.00474
2019-05-06,4.852,-0.046196
2019-05-07,4.927,0.015458
2019-05-08,4.884,-0.008727
2019-05-09,4.784,-0.020475
2019-05-10,4.951,0.034908
2019-05-13,4.915,-0.007271
2019-05-14,4.872,-0.008749
2019-05-15,5.011,0.02853
2019-05-16,5.047,0.007184
2019-05-17,4.939,-0.021399
2019-05-20,4.856,-0.016805
2019-05-21,4.911,0.011326
2019-05-22,4.899,-0.002443
2019-05-23,4.8,-0.020208
2019-05-24,4.828,0.005833
2019-05-27,4.86,0.006628
2019-05-28,4.891,0.006379
2019-05-29,4.915,0.004907
2019-05-30,4.895,-0.004069
2019-05-31,4.872,-0.004699
2019-06-03,4.856,-0.003284
2019-06-04,4.776,-0.016474
2019-06-05,4.764,-0.002513
2019-06-06,4.716,-0.010076
2019-06-10,4.796,0.016964
2019-06-11,4.943,0.030651
2019-06-12,4.911,-0.006474
2019-06-13,4.919,0.001629
2019-06-14,4.88,-0.007928
2019-06-17,4.88,0.0
2019-06-18,4.899,0.003893
2019-06-19,4.959,0.012247
2019-06-20,5.111,0.030651
2019-06-21,5.115,0.000783
2019-06-24,5.147,0.006256
2019-06-25,5.123,-0.004663
2019-06-26,5.131,0.001562
2019-06-27,5.215,0.016371
2019-06-28,5.219,0.000767
2019-06-30,5.219,0.0
2019-07-01,5.382,0.031232
2019-07-02,5.382,0.0
2019-07-03,5.29,-0.017094
2019-07-04,5.223,-0.012665
2019-07-05,5.29,0.012828
2019-07-08,5.207,-0.01569
2019-07-09,5.203,-0.000768
2019-07-10,5.215,0.002306
2019-07-11,5.231,0.003068
2019-07-12,5.282,0.00975
2019-07-15,5.255,-0.005112
2019-07-16,5.215,-0.007612
2019-07-17,5.203,-0.002301
2019-07-18,5.167,-0.006919
2019-07-19,5.199,0.006193
2019-07-22,5.195,-0.000769
2019-07-23,5.179,-0.00308
2019-07-24,5.187,0.001545
2019-07-25,5.211,0.004627
2019-07-26,5.235,0.004606
2019-07-29,5.239,0.000764
2019-07-30,5.251,0.002291
2019-07-31,5.191,-0.011426
2019-08-01,5.131,-0.011558
2019-08-02,5.087,-0.008575
2019-08-05,5.003,-0.016513
2019-08-06,5.003,0.0
2019-08-07,4.991,-0.002399
2019-08-08,5.039,0.009617
2019-08-09,4.987,-0.01032
2019-08-12,5.075,0.017646
2019-08-13,5.043,-0.006305
2019-08-14,5.099,0.011105
2019-08-15,5.123,0.004707
2019-08-16,5.151,0.005466
2019-08-19,5.223,0.013978
2019-08-20,5.239,0.003063
2019-08-21,5.215,-0.004581
2019-08-22,5.247,0.006136
2019-08-23,5.298,0.00972
2019-08-26,5.219,-0.014911
2019-08-27,5.262,0.008239
2019-08-28,5.247,-0.002851
2019-08-29,5.251,0.000762
2019-08-30,5.298,0.008951
2019-09-02,5.35,0.009815
2019-09-03,5.342,-0.001495
2019-09-04,5.342,0.0
2019-09-05,5.378,0.006739
2019-09-06,5.394,0.002975
2019-09-09,5.41,0.002966
2019-09-10,5.386,-0.004436
2019-09-11,5.294,-0.017081
2019-09-12,5.362,0.012845
2019-09-16,5.326,-0.006714
2019-09-17,5.286,-0.00751
2019-09-18,5.362,0.014378
2019-09-19,5.366,0.000746
2019-09-20,5.39,0.004473
2019-09-23,5.326,-0.011874
2019-09-24,5.358,0.006008
2019-09-25,5.322,-0.006719
2019-09-26,5.302,-0.003758
2019-09-27,5.302,0.0
2019-09-30,5.239,-0.011882
2019-10-08,5.306,0.012789
2019-10-09,5.29,-0.003015
2019-10-10,5.302,0.002268
2019-10-11,5.35,0.009053
2019-10-14,5.35,0.0
2019-10-15,5.37,0.003738
2019-10-16,5.35,-0.003724
2019-10-17,5.358,0.001495
2019-10-18,5.294,-0.011945
2019-10-21,5.302,0.001511
2019-10-22,5.322,0.003772
2019-10-23,5.266,-0.010522
2019-10-24,5.235,-0.005887
2019-10-25,5.262,0.005158
2019-10-28,5.298,0.006842
2019-10-29,5.262,-0.006795
2019-10-30,5.227,-0.006651
2019-10-31,5.215,-0.002296
2019-11-01,5.31,0.018217
2019-11-04,5.338,0.005273
2019-11-05,5.358,0.003747
2019-11-06,5.346,-0.00224
2019-11-07,5.366,0.003741
2019-11-08,5.386,0.003727
2019-11-11,5.322,-0.011883
2019-11-12,5.318,-0.000752
2019-11-13,5.326,0.001504
2019-11-14,5.358,0.006008
2019-11-15,5.322,-0.006719
2019-11-18,5.338,0.003006
2019-11-19,5.398,0.01124
2019-11-20,5.382,-0.002964
2019-11-21,5.334,-0.008919
2019-11-22,5.243,-0.01706
2019-11-25,5.251,0.001526
2019-11-26,5.278,0.005142
2019-11-27,5.262,-0.003031
2019-11-28,5.251,-0.00209
2019-11-29,5.171,-0.015235
2019-12-02,5.183,0.002321
2019-12-03,5.191,0.001544
2019-12-04,5.191,0.0
2019-12-05,5.223,0.006165
2019-12-06,5.282,0.011296
2019-12-09,5.274,-0.001515
2019-12-10,5.286,0.002275
2019-12-11,5.282,-0.000757
2019-12-12,5.255,-0.005112
2019-12-13,5.35,0.018078
2019-12-16,5.342,-0.001495
2019-12-17,5.378,0.006739
2019-12-18,5.37,-0.001488
2019-12-19,5.342,-0.005214
2019-12-20,5.318,-0.004493
2019-12-23,5.302,-0.003009
2019-12-24,5.338,0.00679
2019-12-25,5.334,-0.000749
2019-12-26,5.366,0.005999
2019-12-27,5.382,0.002982
2019-12-30,5.486,0.019324
2019-12-31,5.502,0.002917
2020-01-02,5.538,0.006543
2020-01-03,5.474,-0.011557
2020-01-06,5.426,-0.008769
2020-01-07,5.474,0.008846
2020-01-08,5.438,-0.006577
2020-01-09,5.526,0.016182
2020-01-10,5.586,0.010858
2020-01-13,5.649,0.011278
2020-01-14,5.606,-0.007612
2020-01-15,5.606,0.0
2020-01-16,5.606,0.0
2020-01-17,5.622,0.002854
2020-01-20,5.629,0.001245
2020-01-21,5.534,-0.016877
2020-01-22,5.526,-0.001446
2020-01-23,5.374,-0.027506
2020-02-03,5.055,-0.05936
2020-02-04,5.143,0.017409
2020-02-05,5.163,0.003889
2020-02-06,5.215,0.010072
2020-02-07,5.223,0.001534
2020-02-10,5.255,0.006127
2020-02-11,5.314,0.011227
2020-02-12,5.334,0.003764
2020-02-13,5.318,-0.003
2020-02-14,5.322,0.000752
2020-02-17,5.382,0.011274
2020-02-18,5.35,-0.005946
2020-02-19,5.35,0.0
2020-02-20,5.458,0.020187
2020-02-21,5.462,0.000733
2020-02-24,5.426,-0.006591
2020-02-25,5.39,-0.006635
2020-02-26,5.37,-0.003711
2020-02-27,5.442,0.013408
2020-02-28,5.31,-0.024256
2020-03-02,5.45,0.026365
2020-03-03,5.446,-0.000734
2020-03-04,5.49,0.008079
2020-03-05,5.614,0.022587
2020-03-06,5.538,-0.013538
2020-03-09,5.39,-0.026724
2020-03-10,5.474,0.015584
2020-03-11,5.434,-0.007307
2020-03-12,5.358,-0.013986
2020-03-13,5.274,-0.015677
2020-03-16,5.107,-0.031665
2020-03-17,5.083,-0.004699
2020-03-18,5.011,-0.014165
2020-03-19,4.919,-0.01836
2020-03-20,5.031,0.022769
2020-03-23,4.939,-0.018287
2020-03-24,5.075,0.027536
2020-03-25,5.163,0.01734
2020-03-26,5.155,-0.001549
2020-03-27,5.203,0.009311
2020-03-30,5.175,-0.005382
2020-03-31,5.211,0.006957
2020-04-01,5.191,-0.003838
2020-04-02,5.227,0.006935
2020-04-03,5.219,-0.001531
2020-04-07,5.334,0.022035
2020-04-08,5.326,-0.0015
2020-04-09,5.338,0.002253
2020-04-10,5.366,0.005245
2020-04-13,5.398,0.005963
2020-04-14,5.446,0.008892
2020-04-15,5.398,-0.008814
2020-04-16,5.378,-0.003705
2020-04-17,5.434,0.010413
2020-04-20,5.466,0.005889
2020-04-21,5.402,-0.011709
2020-04-22,5.462,0.011107
2020-04-23,5.466,0.000732
2020-04-24,5.478,0.002195
2020-04-27,5.49,0.002191
2020-04-28,5.542,0.009472
2020-04-29,5.506,-0.006496
2020-04-30,5.522,0.002906
2020-05-06,5.562,0.007244
2020-05-07,5.586,0.004315
2020-05-08,5.637,0.00913
2020-05-11,5.665,0.004967
2020-05-12,5.693,0.004943
2020-05-13,5.733,0.007026
2020-05-14,5.693,-0.006977
2020-05-15,5.657,-0.006324
2020-05-18,5.741,0.014849
2020-05-19,5.765,0.00418
2020-05-20,5.729,-0.006245
2020-05-21,5.725,-0.000698
2020-05-22,5.618,-0.01869
2020-05-25,5.665,0.008366
2020-05-26,5.713,0.008473
2020-05-27,5.669,-0.007702
2020-05-28,5.693,0.004234
2020-05-29,5.737,0.007729
2020-06-01,5.857,0.020917
2020-06-02,5.817,-0.006829
2020-06-03,5.797,-0.003438
2020-06-04,5.829,0.00552
2020-06-05,5.869,0.006862
2020-06-08,5.881,0.002045
2020-06-09,5.925,0.007482
2020-06-10,5.957,0.005401
2020-06-11,5.901,-0.009401
2020-06-12,5.893,-0.001356
2020-06-15,5.805,-0.014933
2020-06-16,5.869,0.011025
2020-06-17,5.845,-0.004089
2020-06-18,5.845,0.0
2020-06-19,5.925,0.013687
2020-06-22,5.881,-0.007426
2020-06-23,5.941,0.010202
2020-06-24,5.953,0.00202
2020-06-29,5.925,-0.004704
2020-06-30,5.977,0.008776
2020-07-01,6.136,0.026602
2020-07-02,6.216,0.013038
2020-07-03,6.22,0.000644
2020-07-06,6.356,0.021865
2020-07-07,6.451,0.014947
2020-07-08,6.447,-0.00062
2020-07-09,6.515,0.010548
2020-07-10,6.507,-0.001228
2020-07-13,6.679,0.026433
2020-07-14,6.643,-0.00539
2020-07-15,6.715,0.010838
2020-07-16,6.379,-0.050037
2020-07-17,6.451,0.011287
2020-07-20,6.543,0.014261
2020-07-21,6.603,0.00917
2020-07-22,6.635,0.004846
2020-07-23,6.683,0.007234
2020-07-24,6.471,-0.031722
2020-07-27,6.523,0.008036
2020-07-28,6.595,0.011038
2020-07-29,6.695,0.015163
2020-07-30,6.695,0.0
2020-07-31,6.707,0.001792
2020-08-03,6.746,0.005815
2020-08-04,6.73,-0.002372
2020-08-05,6.754,0.003566
2020-08-06,6.679,-0.011105
2020-08-07,6.643,-0.00539
2020-08-10,6.679,0.005419
2020-08-11,6.675,-0.000599
2020-08-12,6.603,-0.010787
2020-08-13,6.631,0.00424
2020-08-14,6.738,0.016136
2020-08-17,6.83,0.013654
2020-08-18,6.862,0.004685
2020-08-19,6.85,-0.001749
2020-08-20,6.774,-0.011095
2020-08-21,6.818,0.006495
2020-08-24,6.926,0.01584
2020-08-25,6.998,0.010396
2020-08-26,6.994,-0.000572
2020-08-27,7.078,0.01201
2020-08-28,7.181,0.014552
2020-08-31,7.173,-0.001114
2020-09-01,7.169,-0.000558
2020-09-02,7.181,0.001674
2020-09-03,7.189,0.001114
2020-09-04,7.062,-0.017666
2020-09-07,6.914,-0.020957
2020-09-08,6.886,-0.00405
2020-09-09,6.75,-0.01975
2020-09-10,6.814,0.009481
2020-09-11,6.898,0.012328
2020-09-14,6.946,0.006959
2020-09-15,7.006,0.008638
2020-09-16,6.93,-0.010848
2020-09-17,6.906,-0.003463
2020-09-18,6.97,0.009267
2020-09-21,6.91,-0.008608
2020-09-22,6.854,-0.008104
2020-09-23,6.87,0.002334
2020-09-24,6.782,-0.012809
2020-09-25,6.77,-0.001769
2020-09-28,6.818,0.00709
2020-09-29,6.834,0.002347
2020-09-30,6.862,0.004097
2020-10-09,6.966,0.015156
2020-10-12,7.185,0.031438
2020-10-13,7.229,0.006124
2020-10-14,7.189,-0.005533
2020-10-15,7.181,-0.001113
2020-10-16,7.133,-0.006684
2020-10-19,7.094,-0.005468
2020-10-20,7.213,0.016775
2020-10-21,7.221,0.001109
2020-10-22,7.221,0.0
2020-10-23,7.062,-0.022019
2020-10-26,7.018,-0.006231
2020-10-27,7.082,0.009119
2020-10-28,7.177,0.013414
2020-10-29,7.317,0.019507
2020-10-30,7.173,-0.01968
2020-11-02,7.245,0.010038
2020-11-03,7.273,0.003865
2020-11-04,7.349,0.01045
2020-11-05,7.461,0.01524
2020-11-06,7.504,0.005763
2020-11-09,7.616,0.014925
2020-11-10,7.648,0.004202
2020-11-11,7.648,0.0
2020-11-12,7.724,0.009937
2020-11-13,7.6,-0.016054
2020-11-16,7.704,0.013684
2020-11-17,7.656,-0.006231
2020-11-18,7.576,-0.010449
2020-11-19,7.64,0.008448
2020-11-20,7.72,0.010471
2020-11-23,7.792,0.009326
2020-11-24,7.752,-0.005133
2020-11-25,7.6,-0.019608
2020-11-26,7.616,0.002105
2020-11-27,7.712,0.012605
2020-11-30,7.58,-0.017116
2020-12-01,7.716,0.017942
2020-12-02,7.76,0.005702
2020-12-03,7.768,0.001031
2020-12-04,7.875,0.013774
2020-12-07,7.887,0.001524
2020-12-08,7.895,0.001014
2020-12-09,7.828,-0.008486
2020-12-10,7.863,0.004471
2020-12-11,7.839,-0.003052
2020-12-14,7.939,0.012757
2020-12-15,7.943,0.000504
2020-12-16,8.035,0.011583
2020-12-17,8.127,0.01145
2020-12-18,8.059,-0.008367
2020-12-21,8.083,0.002978
2020-12-22,8.091,0.00099
2020-12-23,8.155,0.00791
2020-12-24,8.123,-0.003924
2020-12-25,8.187,0.007879
2020-12-28,8.266,0.009649
2020-12-29,8.195,-0.008589
2020-12-30,8.334,0.016962
2020-12-31,8.446,0.013439
2021-01-04,8.514,0.008051
2021-01-05,8.765,0.029481
2021-01-06,8.865,0.011409
2021-01-07,9.112,0.027862
2021-01-08,8.992,-0.013169
2021-01-11,8.889,-0.011455
2021-01-12,9.192,0.034087
2021-01-13,9.156,-0.003916
2021-01-14,8.96,-0.021407
2021-01-15,8.841,-0.013281
2021-01-18,8.825,-0.00181
2021-01-19,8.693,-0.014958
2021-01-20,8.737,0.005062
2021-01-21,8.921,0.02106
2021-01-22,8.964,0.00482
2021-01-25,9.188,0.024989
2021-01-26,9.056,-0.014367
2021-01-27,9.028,-0.003092
2021-01-28,8.853,-0.019384
2021-01-29,8.901,0.005422
2021-02-01,8.972,0.007977
2021-02-02,9.136,0.018279
2021-02-03,9.18,0.004816
2021-02-04,9.212,0.003486
2021-02-05,9.204,-0.000868
2021-02-08,9.327,0.013364
2021-02-09,9.527,0.021443
2021-02-10,9.742,0.022567
2021-02-18,9.495,-0.025354
2021-02-19,9.407,-0.009268
2021-02-22,9.02,-0.04114
2021-02-23,9.024,0.000443
2021-02-24,8.777,-0.027371
2021-02-25,8.741,-0.004102
2021-02-26,8.585,-0.017847
2021-03-01,8.677,0.010716
2021-03-02,8.581,-0.011064
2021-03-03,8.681,0.011654
2021-03-04,8.394,-0.033061
2021-03-05,8.406,0.00143
2021-03-08,8.131,-0.032715
2021-03-09,7.963,-0.020662
2021-03-10,8.095,0.016577
2021-03-11,8.254,0.019642
2021-03-12,8.262,0.000969
2021-03-15,8.043,-0.026507
2021-03-16,8.123,0.009947
2021-03-17,8.203,0.009849
2021-03-18,8.342,0.016945
2021-03-19,8.203,-0.016663
2021-03-22,8.214,0.001341
2021-03-23,8.191,-0.0028
2021-03-24,8.115,-0.009278
2021-03-25,8.111,-0.000493
2021-03-26,8.266,0.01911
2021-03-29,8.306,0.004839
2021-03-30,8.366,0.007224
2021-03-31,8.25,-0.013866
2021-04-01,8.354,0.012606
2021-04-02,8.538,0.022025
2021-04-06,8.462,-0.008901
2021-04-07,8.322,-0.016545
2021-04-08,8.378,0.006729
2021-04-09,8.246,-0.015756
2021-04-12,8.127,-0.014431
2021-04-13,8.163,0.00443
2021-04-14,8.206,0.005268
2021-04-15,8.159,-0.005728
2021-04-16,8.206,0.005761
2021-04-19,8.302,0.011699
2021-04-20,8.334,0.003854
2021-04-21,8.378,0.00528
2021-04-22,8.358,-0.002387
2021-04-23,8.514,0.018665
2021-04-26,8.398,-0.013625
2021-04-27,8.466,0.008097
2021-04-28,8.522,0.006615
2021-04-29,8.51,-0.001408
2021-04-30,8.418,-0.010811
2021-05-06,8.294,-0.01473
2021-05-07,8.203,-0.010972
2021-05-10,8.107,-0.011703
2021-05-11,8.21,0.012705
2021-05-12,8.258,0.005847
2021-05-13,8.222,-0.004359
2021-05-14,8.37,0.018
2021-05-17,8.494,0.014815
2021-05-18,8.494,0.0
2021-05-19,8.482,-0.001413
2021-05-20,8.542,0.007074
2021-05-21,8.494,-0.005619
2021-05-24,8.558,0.007535
2021-05-25,8.749,0.022318
2021-05-26,8.757,0.000914
2021-05-27,8.809,0.005938
2021-05-28,8.757,-0.005903
2021-05-31,8.737,-0.002284
2021-06-01,8.801,0.007325
2021-06-02,8.745,-0.006363
2021-06-03,8.737,-0.000915
2021-06-04,8.777,0.004578
2021-06-07,8.777,0.0
2021-06-08,8.601,-0.020052
2021-06-09,8.609,0.00093
2021-06-10,8.665,0.006505
2021-06-11,8.558,-0.012349
2021-06-15,8.518,-0.004674
2021-06-16,8.438,-0.009392
2021-06-17,8.462,0.002844
2021-06-18,8.41,-0.006145
2021-06-21,8.37,-0.004756
2021-06-22,8.434,0.007646
2021-06-23,8.338,-0.011382
2021-06-24,8.358,0.002399
2021-06-25,8.47,0.0134
2021-06-28,8.486,0.001889
2021-06-29,8.39,-0.011313
2021-06-30,8.458,0.008105
2021-07-01,8.494,0.004256
2021-07-02,8.298,-0.023075
2021-07-05,8.266,-0.003856
2021-07-06,8.254,-0.001452
2021-07-07,8.334,0.009692
2021-07-08,8.246,-0.010559
2021-07-09,8.187,-0.007155
2021-07-12,8.254,0.008184
2021-07-13,8.338,0.010177
2021-07-14,8.334,-0.00048
2021-07-15,8.426,0.011039
2021-07-16,8.338,-0.010444
2021-07-19,8.422,0.010074
2021-07-20,8.43,0.00095
2021-07-21,8.39,-0.004745
2021-07-22,8.378,-0.00143
2021-07-23,8.266,-0.013368
2021-07-26,7.999,-0.032301
2021-07-27,7.804,-0.024378
2021-07-28,7.863,0.00756
2021-07-29,7.891,0.003561
2021-07-30,7.728,-0.020656
2021-08-02,7.959,0.029891
2021-08-03,8.079,0.015077
2021-08-04,8.079,0.0
2021-08-05,8.011,-0.008417
2021-08-06,7.979,-0.003995
2021-08-09,8.087,0.013536
2021-08-10,8.234,0.018177
2021-08-11,8.159,-0.009109
2021-08-12,8.031,-0.015688
2021-08-13,8.071,0.004981
2021-08-16,8.067,-0.000496
2021-08-17,7.903,-0.02033
2021-08-18,7.919,0.002025
2021-08-19,7.839,-0.010102
2021-08-20,7.668,-0.021814
2021-08-23,7.74,0.00939
2021-08-24,7.8,0.007752
2021-08-25,7.82,0.002564
2021-08-26,7.68,-0.017903
2021-08-27,7.676,-0.000521
2021-08-30,7.636,-0.005211
2021-08-31,7.58,-0.007334
2021-09-01,7.716,0.017942
2021-09-02,7.652,-0.008294
2021-09-03,7.676,0.003136
2021-09-06,7.804,0.016675
2021-09-07,7.828,0.003075
2021-09-08,7.772,-0.007154
2021-09-09,7.78,0.001029
2021-09-10,7.804,0.003085
2021-09-13,7.78,-0.003075
2021-09-14,7.732,-0.00617
2021-09-15,7.636,-0.012416
2021-09-16,7.648,0.001572
2021-09-17,7.76,0.014644
2021-09-22,7.66,-0.012887
2021-09-23,7.656,-0.000522
2021-09-24,7.7,0.005747
2021-09-27,7.836,0.017662
2021-09-28,7.867,0.003956
2021-09-29,7.843,-0.003051
2021-09-30,7.891,0.00612
2021-10-08,7.983,0.011659
2021-10-11,7.955,-0.003507
2021-10-12,7.959,0.000503
2021-10-13,8.051,0.011559
2021-10-14,8.027,-0.002981
2021-10-15,7.987,-0.004983
2021-10-18,7.816,-0.02141
2021-10-19,7.895,0.010107
2021-10-20,7.879,-0.002027
2021-10-21,7.895,0.002031
2021-10-22,7.991,0.01216
2021-10-25,7.931,-0.007508
2021-10-26,7.899,-0.004035
2021-10-27,7.78,-0.015065
2021-10-28,7.78,0.0
2021-10-29,7.832,0.006684
2021-11-01,7.82,-0.001532
2021-11-02,7.78,-0.005115
2021-11-03,7.756,-0.003085
2021-11-04,7.871,0.014827
2021-11-05,7.887,0.002033
2021-11-08,7.836,-0.006466
2021-11-09,7.776,-0.007657
2021-11-10,7.716,-0.007716
2021-11-11,7.8,0.010886
2021-11-12,7.756,-0.005641
2021-11-15,7.792,0.004642
2021-11-16,7.859,0.008599
2021-11-17,7.843,-0.002036
2021-11-18,7.78,-0.008033
2021-11-19,7.851,0.009126
2021-11-22,7.851,0.0
2021-11-23,7.843,-0.001019
2021-11-24,7.891,0.00612
2021-11-25,7.883,-0.001014
2021-11-26,7.851,-0.004059
2021-11-29,7.82,-0.003949
2021-11-30,7.76,-0.007673
2021-12-01,7.764,0.000515
2021-12-02,7.776,0.001546
2021-12-03,7.871,0.012217
2021-12-06,7.903,0.004066
2021-12-07,7.971,0.008604
2021-12-08,8.039,0.008531
2021-12-09,8.143,0.012937
2021-12-10,8.111,-0.00393
2021-12-13,8.191,0.009863
2021-12-14,8.163,-0.003418
2021-12-15,8.107,-0.00686
2021-12-16,8.095,-0.00148
2021-12-17,7.991,-0.012847
2021-12-20,7.995,0.000501
2021-12-21,8.019,0.003002
2021-12-22,8.023,0.000499
2021-12-23,8.087,0.007977
2021-12-24,8.111,0.002968
2021-12-27,8.119,0.000986
2021-12-28,8.155,0.004434
2021-12-29,8.015,-0.017167
2021-12-30,8.059,0.00549
2021-12-31,8.059,0.0
2022-01-04,7.991,-0.008438
2022-01-05,7.975,-0.002002
2022-01-06,7.943,-0.004013
2022-01-07,7.975,0.004029
2022-01-10,7.943,-0.004013
2022-01-11,7.867,-0.009568
2022-01-12,7.887,0.002542
2022-01-13,7.76,-0.016102
2022-01-14,7.716,-0.00567
2022-01-17,7.736,0.002592
2022-01-18,7.792,0.007239
2022-01-19,7.808,0.002053
2022-01-20,7.883,0.009606
2022-01-21,7.847,-0.004567
2022-01-24,7.796,-0.006499
2022-01-25,7.704,-0.011801
2022-01-26,7.712,0.001038
2022-01-27,7.628,-0.010892
2022-01-28,7.516,-0.014683
2022-02-07,7.548,0.004258
2022-02-08,7.492,-0.007419
2022-02-09,7.576,0.011212
2022-02-10,7.536,-0.00528
2022-02-11,7.536,0.0
2022-02-14,7.516,-0.002654
2022-02-15,7.548,0.004258
2022-02-16,7.58,0.00424
2022-02-17,7.572,-0.001055
2022-02-18,7.616,0.005811
2022-02-21,7.592,-0.003151
2022-02-22,7.465,-0.016728
2022-02-23,7.5,0.004689
2022-02-24,7.369,-0.017467
2022-02-25,7.429,0.008142
2022-02-28,7.437,0.001077
2022-03-01,7.48,0.005782
2022-03-02,7.417,-0.008422
2022-03-03,7.349,-0.009168
2022-03-04,7.285,-0.008709
2022-03-07,7.078,-0.028415
2022-03-08,7.01,-0.009607
2022-03-09,6.954,-0.007989
2022-03-10,7.054,0.01438
2022-03-11,7.046,-0.001134
2022-03-14,6.886,-0.022708
2022-03-15,6.647,-0.034708
2022-03-16,6.806,0.023921
2022-03-17,6.946,0.02057
2022-03-18,6.954,0.001152
2022-03-21,6.926,-0.004026
2022-03-22,6.918,-0.001155
2022-03-23,6.958,0.005782
2022-03-24,6.894,-0.009198
2022-03-25,6.798,-0.013925
2022-03-28,6.746,-0.007649
2022-03-29,6.703,-0.006374
2022-03-30,6.874,0.025511
2022-03-31,6.866,-0.001164
2022-04-01,6.946,0.011652
2022-04-06,6.942,-0.000576
2022-04-07,6.922,-0.002881
2022-04-08,6.966,0.006357
2022-04-11,6.842,-0.017801
2022-04-12,6.962,0.017539
2022-04-13,6.946,-0.002298
2022-04-14,7.062,0.0167
2022-04-15,7.042,-0.002832
2022-04-18,6.982,-0.00852
2022-04-19,6.938,-0.006302
2022-04-20,6.922,-0.002306
2022-04-21,6.854,-0.009824
2022-04-22,6.886,0.004669
2022-04-25,6.703,-0.026576
2022-04-26,6.73,0.004028
2022-04-27,6.802,0.010698
2022-04-28,6.846,0.006469
2022-04-29,6.918,0.010517
2022-05-05,6.958,0.005782
2022-05-06,6.85,-0.015522
2022-05-09,6.778,-0.010511
2022-05-10,6.83,0.007672
2022-05-11,6.834,0.000586
2022-05-12,6.83,-0.000585
2022-05-13,6.858,0.0041
2022-05-16,6.838,-0.002916
2022-05-17,6.866,0.004095
2022-05-18,6.854,-0.001748
2022-05-19,6.823,-0.004523
2022-05-20,6.9515,0.018833
2022-05-23,6.8857,-0.009466
2022-05-24,6.8043,-0.011822
2022-05-25,6.8127,0.001235
2022-05-26,6.8187,0.000881
2022-05-27,6.8242,0.000807
2022-05-30,6.8777,0.00784
2022-05-31,6.9575,0.011603
2022-06-01,6.9571,-5.7e-05
2022-06-02,6.9395,-0.00253
2022-06-06,6.9818,0.006096
2022-06-07,7.0149,0.004741
2022-06-08,7.0516,0.005232
2022-06-09,7.0105,-0.005828
2022-06-10,7.0596,0.007004
2022-06-13,6.9982,-0.008697
2022-06-14,7.0472,0.007002
2022-06-15,7.1254,0.011097
2022-06-16,7.1163,-0.001277
2022-06-17,7.1877,0.010033
2022-06-20,7.2647,0.010713
2022-06-21,7.2778,0.001803
2022-06-22,7.1905,-0.011995
2022-06-23,7.2236,0.004603
2022-06-24,7.2922,0.009497
2022-06-27,7.3995,0.014714
2022-06-28,7.4055,0.000811
2022-06-29,7.3783,-0.003673
2022-06-30,7.5279,0.020276
2022-07-01,7.4861,-0.005553
2022-07-04,7.5108,0.003299
2022-07-05,7.4797,-0.004141
2022-07-06,7.3815,-0.013129
2022-07-07,7.3556,-0.003509
2022-07-08,7.3672,0.001577
2022-07-11,7.2978,-0.00942
2022-07-12,7.2902,-0.001041
2022-07-13,7.2914,0.000165
2022-07-14,7.2515,-0.005472
2022-07-15,7.2016,-0.006881
2022-07-18,7.2483,0.006485
2022-07-19,7.2176,-0.004235
2022-07-20,7.2399,0.00309
2022-07-21,7.1777,-0.008591
2022-07-22,7.1557,-0.003065
2022-07-25,7.1869,0.00436
2022-07-26,7.2303,0.006039
2022-07-27,7.1597,-0.009764
2022-07-28,7.137,-0.003171
2022-07-29,7.0556,-0.011405
2022-08-01,7.0776,0.003118
2022-08-02,6.9922,-0.012066
2022-08-03,6.9491,-0.006164
2022-08-04,6.9802,0.004475
2022-08-05,7.0137,0.004799
2022-08-08,7.0093,-0.000627
2022-08-09,6.9986,-0.001527
2022-08-10,6.9379,-0.008673
2022-08-11,7.0105,0.010464
2022-08-12,7.0456,0.005007
2022-08-15,7.0069,-0.005493
2022-08-16,6.9898,-0.00244
2022-08-17,7.0233,0.004793
2022-08-18,6.9667,-0.008059
2022-08-19,6.979,0.001766
2022-08-22,7.0161,0.005316
2022-08-23,6.9706,-0.006485
2022-08-24,6.9208,-0.007144
2022-08-25,7.0026,0.011819
2022-08-26,7.0245,0.003127
2022-08-29,7.0325,0.001139
2022-08-30,7.0237,-0.001251
2022-08-31,7.0664,0.006079
2022-09-01,7.0608,-0.000792
2022-09-02,7.0093,-0.007294
2022-09-05,6.9683,-0.005849
2022-09-06,7.0062,0.005439
2022-09-07,6.9647,-0.005923
2022-09-08,6.9842,0.0028
2022-09-09,7.0804,0.013774
2022-09-13,7.1055,0.003545
2022-09-14,7.0819,-0.003321
2022-09-15,7.1091,0.003841
2022-09-16,7.0054,-0.014587
2022-09-19,6.9878,-0.002512
2022-09-20,6.9886,0.000114
2022-09-21,6.9296,-0.008442
2022-09-22,6.8761,-0.007721
2022-09-23,6.8601,-0.002327
2022-09-26,6.9076,0.006924
2022-09-27,7.0169,0.015823
2022-09-28,6.9758,-0.005857
2022-09-29,6.971,-0.000688
2022-09-30,6.9854,0.002066
2022-10-10,6.8346,-0.021588
2022-10-11,6.8242,-0.001522
2022-10-12,6.8226,-0.000234
2022-10-13,6.7772,-0.006654
2022-10-14,6.8793,0.015065
2022-10-17,6.8394,-0.0058
2022-10-18,6.8318,-0.001111
2022-10-19,6.7269,-0.015355
2022-10-20,6.7181,-0.001308
2022-10-21,6.6766,-0.006177
2022-10-24,6.4872,-0.028368
2022-10-25,6.462,-0.003885
2022-10-26,6.4907,0.004441
2022-10-27,6.3902,-0.015484
2022-10-28,6.3527,-0.005868
2022-10-31,6.2618,-0.014309
2022-11-01,6.4249,0.026047
2022-11-02,6.4772,0.00814
2022-11-03,6.4301,-0.007272
2022-11-04,6.5606,0.020295
2022-11-07,6.5598,-0.000122
2022-11-08,6.5147,-0.006875
2022-11-09,6.486,-0.004405
2022-11-10,6.4907,0.000725
2022-11-11,6.6356,0.022324
2022-11-14,6.6427,0.00107
2022-11-15,6.705,0.009379
2022-11-16,6.7114,0.000955
2022-11-17,6.6691,-0.006303
2022-11-18,6.6878,0.002804
2022-11-21,6.6104,-0.011573
2022-11-22,6.6116,0.000182
2022-11-23,6.5997,-0.0018
2022-11-24,6.5909,-0.001333
2022-11-25,6.6144,0.003566
2022-11-28,6.5781,-0.005488
2022-11-29,6.76,0.027652
2022-11-30,6.7193,-0.006021
2022-12-01,6.8139,0.014079
2022-12-02,6.7804,-0.004916
2022-12-05,6.8601,0.011754
2022-12-06,6.9184,0.008498
2022-12-07,6.9184,0.0
2022-12-08,6.9244,0.000867
2022-12-09,7.0433,0.017171
2022-12-12,6.9722,-0.010095
2022-12-13,7.0002,0.004016
2022-12-14,7.078,0.011114
2022-12-15,7.0337,-0.006259
2022-12-16,7.0664,0.004649
2022-12-19,7.0066,-0.008463
2022-12-20,6.8801,-0.018054
2022-12-21,6.9204,0.005857
2022-12-22,6.9822,0.00893
2022-12-23,6.991,0.00126
2022-12-26,6.9539,-0.005307
2022-12-27,7.0341,0.011533
2022-12-28,7.0293,-0.000682
2022-12-29,7.0034,-0.003685
2022-12-30,7.0333,0.004269
2022-12-31,7.0329,-5.7e-05
2023-01-03,6.9954,-0.005332
2023-01-04,7.0373,0.00599
2023-01-05,7.1821,0.020576
2023-01-06,7.1801,-0.000278
2023-01-09,7.2371,0.007939
2023-01-10,7.265,0.003855
2023-01-11,7.2551,-0.001363
2023-01-12,7.2475,-0.001048
2023-01-13,7.3572,0.015136
2023-01-16,7.4318,0.01014
2023-01-17,7.4123,-0.002624
2023-01-18,7.3791,-0.004479
2023-01-19,7.3827,0.000488
2023-01-20,7.3835,0.000108
2023-01-30,7.4043,0.002817
2023-01-31,7.3181,-0.011642
2023-02-01,7.3181,0.0
2023-02-02,7.3161,-0.000273
2023-02-03,7.2734,-0.005836
2023-02-06,7.1956,-0.010697
2023-02-07,7.1889,-0.000931
2023-02-08,7.1617,-0.003784
2023-02-09,7.2447,0.011589
2023-02-10,7.2555,0.001491
2023-02-13,7.37,0.015781
2023-02-14,7.3712,0.000163
2023-02-15,7.3468,-0.00331
2023-02-16,7.344,-0.000381
2023-02-17,7.3097,-0.00467
2023-02-20,7.4446,0.018455
2023-02-21,7.3991,-0.006112
2023-02-22,7.3552,-0.005933
2023-02-23,7.3257,-0.004011
2023-02-24,7.2627,-0.0086
2023-02-27,7.2862,0.003236
2023-02-28,7.3085,0.003061
2023-03-01,7.3532,0.006116
2023-03-02,7.3468,-0.00087
2023-03-03,7.3329,-0.001892
2023-03-06,7.2986,-0.004678
2023-03-07,7.2264,-0.009892
2023-03-08,7.1901,-0.005023
2023-03-09,7.1705,-0.002726
2023-03-10,7.119,-0.007182
2023-03-13,7.1833,0.009032
2023-03-14,7.1282,-0.007671
2023-03-15,7.1083,-0.002792
2023-03-16,7.1007,-0.001069
2023-03-17,7.0421,-0.008253
2023-03-20,6.9966,-0.006461
2023-03-21,7.1027,0.015165
2023-03-22,7.0855,-0.002422
2023-03-23,7.1115,0.003669
2023-03-24,7.0891,-0.00315
2023-03-27,7.0425,-0.006573
2023-03-28,7.0859,0.006163
2023-03-29,7.0999,0.001976
2023-03-30,7.1621,0.008761
2023-03-31,7.1565,-0.000782
2023-04-03,7.1298,-0.003731
2023-04-04,7.149,0.002693
2023-04-06,7.0636,-0.011946
2023-04-07,7.0724,0.001246
2023-04-10,7.0357,-0.005189
2023-04-11,6.9822,-0.007604
2023-04-12,6.9164,-0.009424
2023-04-13,6.9328,0.002371
2023-04-14,6.906,-0.003866
2023-04-17,6.9651,0.008558
2023-04-18,7.003,0.005441
2023-04-19,6.9627,-0.005755
2023-04-20,6.9116,-0.007339
2023-04-21,6.8645,-0.006815
2023-04-24,6.8067,-0.00842
2023-04-25,6.8378,0.004569
2023-04-26,6.8446,0.000994
2023-04-27,6.8829,0.005596
2023-04-28,6.8689,-0.002034
2023-05-04,6.8426,-0.003829
2023-05-05,6.8538,0.001637
2023-05-08,6.8023,-0.007514
2023-05-09,6.8059,0.000529
2023-05-10,6.7792,-0.003923
2023-05-11,6.7712,-0.00118
2023-05-12,6.7481,-0.003412
2023-05-15,6.7879,0.005898
2023-05-16,6.768,-0.002932
2023-05-17,6.7313,-0.005423
2023-05-18,6.7217,-0.001426
2023-05-19,6.7413,0.002916
2023-05-22,6.8135,0.01071
2023-05-23,6.7524,-0.008967
2023-05-24,6.7042,-0.007138
2023-05-25,6.6691,-0.005236
2023-05-26,6.6651,-0.0006
2023-05-29,6.6308,-0.005146
2023-05-30,6.5965,-0.005173
2023-05-31,6.5314,-0.009869
2023-06-01,6.5406,0.001409
2023-06-02,6.6352,0.014464
2023-06-05,6.6016,-0.005064
2023-06-06,6.6056,0.000606
2023-06-07,6.5741,-0.004769
2023-06-08,6.622,0.007286
2023-06-09,6.622,0.0
2023-06-12,6.7149,0.014029
2023-06-13,6.7261,0.001668
2023-06-14,6.7903,0.009545
2023-06-15,6.8566,0.009764
2023-06-16,6.8685,0.001736
2023-06-19,6.7991,-0.010104
2023-06-20,6.7564,-0.00628
2023-06-21,6.7265,-0.004425
2023-06-26,6.6615,-0.009663
2023-06-27,6.707,0.00683
2023-06-28,6.7189,0.001774
2023-06-29,6.6703,-0.007233
2023-06-30,6.6663,-0.0006
2023-07-03,6.7261,0.00897
2023-07-04,6.7453,0.002855
2023-07-05,6.6978,-0.007042
2023-07-06,6.6643,-0.005002
2023-07-07,6.6427,-0.003241
2023-07-10,6.6583,0.002348
2023-07-11,6.6687,0.001562
2023-07-12,6.6802,0.001724
2023-07-13,6.7792,0.01482
2023-07-14,6.7792,0.0
2023-07-17,6.7413,-0.005591
2023-07-18,6.7353,-0.00089
2023-07-19,6.7465,0.001663
2023-07-20,6.7477,0.000178
2023-07-21,6.7907,0.006373
2023-07-24,6.7584,-0.004757
2023-07-25,6.9224,0.024266
2023-07-26,6.92,-0.000347
2023-07-27,6.9359,0.002298
2023-07-28,7.0181,0.011851
2023-07-31,7.0197,0.000228
2023-08-01,6.9854,-0.004886
2023-08-02,6.9671,-0.00262
2023-08-03,6.9838,0.002397
2023-08-04,6.9794,-0.00063
2023-08-07,6.9359,-0.006233
2023-08-08,6.9343,-0.000231
2023-08-09,6.9383,0.000577
2023-08-10,6.9351,-0.000461
2023-08-11,6.8542,-0.011665
2023-08-14,6.8175,-0.005354
2023-08-15,6.8187,0.000176
2023-08-16,6.8179,-0.000117
2023-08-17,6.8625,0.006542
2023-08-18,6.7844,-0.011381
2023-08-21,6.782,-0.000354
2023-08-22,6.7895,0.001106
2023-08-23,6.7293,-0.008867
2023-08-24,6.8015,0.010729
2023-08-25,6.7991,-0.000353
2023-08-28,6.8047,0.000824
2023-08-29,6.8554,0.007451
2023-08-30,6.8625,0.001036
2023-08-31,6.8494,-0.001909
2023-09-01,6.9184,0.010074
2023-09-04,7.0073,0.01285
2023-09-05,6.9635,-0.006251
2023-09-06,6.9527,-0.001551
2023-09-07,6.9124,-0.005796
2023-09-08,6.8861,-0.003805
2023-09-11,6.9176,0.004574
2023-09-12,6.8893,-0.004091
2023-09-13,6.8845,-0.000697
2023-09-14,6.8725,-0.001743
2023-09-15,6.8314,-0.00598
2023-09-18,6.8594,0.004099
2023-09-19,6.8462,-0.001924
2023-09-20,6.8163,-0.004367
2023-09-21,6.78,-0.005325
2023-09-22,6.8442,0.009469
2023-09-25,6.845,0.000117
2023-09-26,6.8486,0.000526
2023-09-27,6.8582,0.001402
2023-09-28,6.8841,0.003777
2023-10-09,6.8689,-0.002208
2023-10-10,6.8043,-0.009405
2023-10-11,6.8011,-0.00047
2023-10-12,6.7971,-0.000588
2023-10-13,6.7345,-0.00921
2023-10-16,6.7221,-0.001841
2023-10-17,6.7329,0.001607
2023-10-18,6.6723,-0.009001
2023-10-19,6.6356,-0.0055
2023-10-20,6.5977,-0.005712
2023-10-23,6.5071,-0.013732
2023-10-24,6.5729,0.010112
2023-10-25,6.5773,0.000669
2023-10-26,6.6132,0.005458
2023-10-27,6.6735,0.009118
2023-10-30,6.7492,0.011343
2023-10-31,6.6858,-0.009394
2023-11-01,6.6822,-0.000538
2023-11-02,6.6108,-0.010685
2023-11-03,6.685,0.011224
2023-11-06,6.8055,0.018025
2023-11-07,6.7975,-0.001176
2023-11-08,6.7899,-0.001118
2023-11-09,6.7556,-0.005052
2023-11-10,6.7365,-0.002827
2023-11-13,6.7792,0.006339
2023-11-14,6.8047,0.003762
2023-11-15,6.8398,0.005158
2023-11-16,6.7887,-0.007471
2023-11-17,6.833,0.006526
2023-11-20,6.898,0.009513
2023-11-21,6.8266,-0.010351
2023-11-22,6.7337,-0.013609
2023-11-23,6.7899,0.008346
2023-11-24,6.7261,-0.009396
2023-11-27,6.7461,0.002973
2023-11-28,6.7895,0.006433
2023-11-29,6.8067,0.002533
2023-11-30,6.8051,-0.000235
2023-12-01,6.7955,-0.001411
2023-12-04,6.7951,-5.9e-05
2023-12-05,6.689,-0.015614
2023-12-06,6.687,-0.000299
2023-12-07,6.693,0.000897
2023-12-08,6.697,0.000598
2023-12-11,6.7516,0.008153
2023-12-12,6.7485,-0.000459
2023-12-13,6.7548,0.000934
2023-12-14,6.7333,-0.003183
2023-12-15,6.7201,-0.00196
2023-12-18,6.699,-0.00314
2023-12-19,6.7125,0.002015
2023-12-20,6.6715,-0.006108
2023-12-21,6.6743,0.00042
2023-12-22,6.6559,-0.002757
2023-12-25,6.6647,0.001322
2023-12-26,6.6001,-0.009693
2023-12-27,6.636,0.005439
2023-12-28,6.6627,0.004024
2023-12-29,6.7361,0.011017
2023-12-31,6.7357,-5.9e-05
2024-01-02,6.6878,-0.007111
2024-01-03,6.6515,-0.005428
2024-01-04,6.6411,-0.001564
2024-01-05,6.5725,-0.01033
2024-01-08,6.49,-0.012552
2024-01-09,6.4979,0.001217
2024-01-10,6.4732,-0.003801
2024-01-11,6.5111,0.005855
2024-01-12,6.4708,-0.006189
2024-01-15,6.4764,0.000865
2024-01-16,6.4864,0.001544
2024-01-17,6.383,-0.015941
2024-01-18,6.403,0.003133
2024-01-19,6.3583,-0.006981
2024-01-22,6.2087,-0.023528
2024-01-23,6.2434,0.005589
2024-01-24,6.2466,0.000513
2024-01-25,6.2745,0.004466
2024-01-26,6.192,-0.013148
2024-01-29,6.1082,-0.013534
2024-01-30,6.0448,-0.010379
2024-01-31,5.9698,-0.012407
2024-02-01,5.9562,-0.002278
2024-02-02,5.8716,-0.014204
2024-02-05,5.8054,-0.011275
2024-02-06,5.9937,0.032435
2024-02-07,6.0547,0.010177
2024-02-08,6.1433,0.014633
2024-02-19,6.1245,-0.00306
2024-02-20,6.1461,0.003527
2024-02-21,6.1716,0.004149
2024-02-22,6.2075,0.005817
2024-02-23,6.2482,0.006557
2024-02-26,6.2566,0.001344
2024-02-27,6.3216,0.010389
2024-02-28,6.1928,-0.020375
2024-02-29,6.3112,0.019119
2024-03-01,6.3416,0.004817
2024-03-04,6.3723,0.004841
2024-03-05,6.3204,-0.008145
2024-03-06,6.3268,0.001013
2024-03-07,6.2666,-0.009515
2024-03-08,6.336,0.011075
2024-03-11,6.4074,0.011269
2024-03-12,6.3986,-0.001373
2024-03-13,6.3735,-0.003923
2024-03-14,6.3439,-0.004644
2024-03-15,6.3731,0.004603
2024-03-18,6.4134,0.006323
2024-03-19,6.3759,-0.005847
2024-03-20,6.3595,-0.002572
2024-03-21,6.3587,-0.000126
2024-03-22,6.3352,-0.003696
2024-03-25,6.3013,-0.005351
2024-03-26,6.3092,0.001254
2024-03-27,6.2526,-0.008971
2024-03-28,6.2853,0.00523
2024-03-29,6.324,0.006157
2024-04-01,6.3735,0.007827
2024-04-02,6.3639,-0.001506
2024-04-03,6.3463,-0.002766
2024-04-08,6.3096,-0.005783
2024-04-09,6.3116,0.000317
2024-04-10,6.2841,-0.004357
2024-04-11,6.3172,0.005267
2024-04-12,6.3084,-0.001393
2024-04-15,6.3874,0.012523
2024-04-16,6.2981,-0.013981
2024-04-17,6.3787,0.012798
2024-04-18,6.3711,-0.001191
2024-04-19,6.3587,-0.001946
2024-04-22,6.2977,-0.009593
2024-04-23,6.2594,-0.006082
2024-04-24,6.3068,0.007573
2024-04-25,6.3108,0.000634
2024-04-26,6.3543,0.006893
2024-04-29,6.3707,0.002581
2024-04-30,6.3647,-0.000942
2024-05-06,6.456,0.014345
2024-05-07,6.4481,-0.001224
2024-05-08,6.407,-0.006374
2024-05-09,6.4816,0.011644
2024-05-10,6.466,-0.002407
2024-05-13,6.4636,-0.000371
2024-05-14,6.4648,0.000186
2024-05-15,6.4509,-0.00215
2024-05-16,6.4321,-0.002914
2024-05-17,6.4417,0.001493
2024-05-20,6.4604,0.002903
2024-05-21,6.4193,-0.006362
2024-05-22,6.4126,-0.001044
2024-05-23,6.3938,-0.002932
2024-05-24,6.3679,-0.004051
2024-05-27,6.387,0.002999
2024-05-28,6.3667,-0.003178
2024-05-29,6.3675,0.000126
2024-05-30,6.3599,-0.001194
2024-05-31,6.3767,0.002642
2024-06-03,6.3703,-0.001004
2024-06-04,6.397,0.004191
2024-06-05,6.3906,-0.001
2024-06-06,6.3826,-0.001252
2024-06-07,6.3699,-0.00199
2024-06-11,6.3495,-0.003203
2024-06-12,6.3615,0.00189
2024-06-13,6.3731,0.001823
2024-06-14,6.3396,-0.005256
2024-06-17,6.3288,-0.001704
2024-06-18,6.3503,0.003397
2024-06-19,6.3168,-0.005275
2024-06-20,6.2913,-0.004037
2024-06-21,6.2925,0.000191
2024-06-24,6.237,-0.00882
2024-06-25,6.2283,-0.001395
2024-06-26,6.2394,0.001782
2024-06-27,6.1832,-0.009007
2024-06-28,6.1971,0.002248
2024-06-30,6.1967,-6.5e-05
2024-07-01,6.2039,0.001162
2024-07-02,6.1768,-0.004368
2024-07-03,6.1477,-0.004711
2024-07-04,6.1533,0.000911
2024-07-05,6.1501,-0.00052
2024-07-08,6.1142,-0.005837
2024-07-09,6.1529,0.00633
2024-07-10,6.1537,0.00013
2024-07-11,6.1936,0.006484
2024-07-12,6.1473,-0.007475
2024-07-15,6.1537,0.001041
2024-07-16,6.1724,0.003039
2024-07-17,6.1158,-0.00917
2024-07-18,6.1361,0.003319
2024-07-19,6.1198,-0.002656
2024-07-22,6.0986,-0.003464
2024-07-23,6.0264,-0.011839
2024-07-24,6.0069,-0.003236
2024-07-25,5.9606,-0.007708
2024-07-26,5.9973,0.006157
2024-07-29,5.9797,-0.002935
2024-07-30,5.9682,-0.001923
2024-07-31,6.0523,0.014091
2024-08-01,6.0424,-0.001636
2024-08-02,5.9941,-0.007994
2024-08-05,5.9319,-0.010377
2024-08-06,5.963,0.005243
2024-08-07,5.9797,0.002801
2024-08-08,5.9734,-0.001054
2024-08-09,5.9622,-0.001875
2024-08-12,5.9514,-0.001811
2024-08-13,5.955,0.000605
2024-08-14,5.9107,-0.007439
2024-08-15,5.9299,0.003248
2024-08-16,5.9251,-0.000809
2024-08-19,5.957,0.005384
2024-08-20,5.9291,-0.004684
2024-08-21,5.9171,-0.002024
2024-08-22,5.9147,-0.000406
2024-08-23,5.9251,0.001758
2024-08-26,5.9083,-0.002835
2024-08-27,5.89,-0.003097
2024-08-28,5.8884,-0.000272
2024-08-29,5.882,-0.001087
2024-08-30,5.8852,0.000544
2024-09-02,5.8633,-0.003721
2024-09-03,5.8405,-0.003889
2024-09-04,5.8393,-0.000205
2024-09-05,5.8421,0.00048
2024-09-06,5.8297,-0.002123
2024-09-09,5.7962,-0.005746
2024-09-10,5.8094,0.002277
2024-09-11,5.8022,-0.001239
2024-09-12,5.7978,-0.000758
2024-09-13,5.7691,-0.00495
2024-09-18,5.809,0.006916
2024-09-19,5.7962,-0.002203
2024-09-20,5.7938,-0.000414
2024-09-23,5.7875,-0.001087
2024-09-24,5.8728,0.014739
2024-09-25,5.8676,-0.000885
2024-09-26,5.9526,0.014486
2024-09-27,6.0683,0.019437
2024-09-30,6.3412,0.044971
2024-10-08,6.5103,0.026667
2024-10-09,6.3112,-0.030582
2024-10-10,6.233,-0.012391
2024-10-11,6.0958,-0.022012
2024-10-14,6.1549,0.009695
2024-10-15,6.0755,-0.0129
2024-10-16,6.0404,-0.005777
2024-10-17,6.0392,-0.000199
2024-10-18,6.2135,0.028861
2024-10-21,6.1987,-0.002382
2024-10-22,6.2694,0.011406
2024-10-23,6.2434,-0.004147
2024-10-24,6.2195,-0.003828
2024-10-25,6.2466,0.004357
2024-10-28,6.2849,0.006131
2024-10-29,6.2207,-0.010215
2024-10-30,6.2083,-0.001993
2024-10-31,6.2143,0.000966
2024-11-01,6.1848,-0.004747
2024-11-04,6.2913,0.01722
2024-11-05,6.3958,0.01661
2024-11-06,6.4529,0.008928
2024-11-07,6.4776,0.003828
2024-11-08,6.4884,0.001667
2024-11-11,6.6096,0.018679
2024-11-12,6.563,-0.00705
2024-11-13,6.5506,-0.001889
2024-11-14,6.466,-0.012915
2024-11-15,6.3424,-0.019115
2024-11-18,6.2745,-0.010706
2024-11-19,6.3982,0.019715
2024-11-20,6.4772,0.012347
2024-11-21,6.4568,-0.00315
2024-11-22,6.3272,-0.020072
2024-11-25,6.3208,-0.001012
2024-11-26,6.243,-0.012309
2024-11-27,6.3208,0.012462
2024-11-28,6.2921,-0.004541
2024-11-29,6.3551,0.010013
2024-12-02,6.4497,0.014886
2024-12-03,6.4162,-0.005194
2024-12-04,6.3974,-0.00293
2024-12-05,6.4608,0.00991
2024-12-06,6.4521,-0.001347
2024-12-09,6.4357,-0.002542
2024-12-10,6.4776,0.006511
2024-12-11,6.47,-0.001173
2024-12-12,6.464,-0.000927
2024-12-13,6.3695,-0.014619
2024-12-16,6.2901,-0.012466
2024-12-17,6.2319,-0.009253
2024-12-18,6.2203,-0.001861
2024-12-19,6.2283,0.001286
2024-12-20,6.2705,0.006776
2024-12-23,6.1796,-0.014496
2024-12-24,6.2143,0.005615
2024-12-25,6.1868,-0.004425
2024-12-26,6.2394,0.008502
2024-12-27,6.2267,-0.002035
2024-12-30,6.2191,-0.001221
2024-12-31,6.1553,-0.010259
2025-01-02,6.0675,-0.014264
2025-01-03,5.9937,-0.012163
2025-01-06,5.9793,-0.002403
2025-01-07,6.0204,0.006874
2025-01-08,6.0531,0.005432
2025-01-09,6.0994,0.007649
2025-01-10,6.0882,-0.001836
2025-01-13,6.0699,-0.003006
2025-01-14,6.2326,0.026804
2025-01-15,6.2279,-0.000754
2025-01-16,6.2175,-0.00167
2025-01-17,6.2239,0.001029
2025-01-20,6.2522,0.004547
2025-01-21,6.3571,0.016778
2025-01-22,6.326,-0.004892
2025-01-23,6.2941,-0.005043
2025-01-24,6.391,0.015395
2025-01-27,6.3128,-0.012236
2025-02-05,6.3567,0.006954
2025-02-06,6.547,0.029937
2025-02-07,6.557,0.001527
2025-02-10,6.541,-0.00244
2025-02-11,6.6016,0.009265
2025-02-12,6.6328,0.004726
2025-02-13,6.5689,-0.009634
2025-02-14,6.5434,-0.003882
2025-02-17,6.6423,0.015114
2025-02-18,6.5769,-0.009846
2025-02-19,6.8119,0.035731
2025-02-20,6.8905,0.011539
2025-02-21,7.0109,0.017473
2025-02-24,6.9838,-0.003865
2025-02-25,7.0433,0.00852
2025-02-26,7.1378,0.013417
2025-02-27,7.0895,-0.006767
2025-02-28,6.7883,-0.042485
2025-03-03,6.756,-0.004758
2025-03-04,6.8562,0.014831
2025-03-05,7.0077,0.022097
2025-03-06,7.078,0.010032
2025-03-07,7.1557,0.010978
2025-03-10,7.0951,-0.008469
2025-03-11,7.0468,-0.006808
2025-03-12,7.0612,0.002043
2025-03-13,6.8382,-0.031581
2025-03-14,6.9906,0.022287
2025-03-17,7.076,0.012216
2025-03-18,7.0784,0.000339
2025-03-19,7.0871,0.001229
2025-03-20,7.1111,0.003386
2025-03-21,6.9224,-0.026536
2025-03-24,6.8937,-0.004146
2025-03-25,6.8147,-0.01146
2025-03-26,6.8661,0.007543
2025-03-27,6.8346,-0.004588
2025-03-28,6.78,-0.007989
2025-03-31,6.6842,-0.01413
2025-04-01,6.6543,-0.004473
2025-04-02,6.7209,0.010009
2025-04-03,6.6076,-0.016858
2025-04-07,6.115,-0.074551
2025-04-08,5.9606,-0.025249
2025-04-09,6.042,0.013656
2025-04-10,6.1979,0.025803
2025-04-11,6.2797,0.013198
2025-04-14,6.3308,0.008137
2025-04-15,6.3396,0.00139
2025-04-16,6.2422,-0.015364
2025-04-17,6.2283,-0.002227
2025-04-18,6.2131,-0.00244
2025-04-21,6.3567,0.023112
2025-04-22,6.3025,-0.008526
2025-04-23,6.5075,0.032527
2025-04-24,6.486,-0.003304
2025-04-25,6.5259,0.006152
2025-04-28,6.4684,-0.008811
2025-04-29,6.5805,0.01733
2025-04-30,6.7153,0.020485
2025-05-06,6.8825,0.024898
2025-05-07,6.8661,-0.002383
2025-05-08,6.9016,0.00517
2025-05-09,6.7684,-0.0193
2025-05-12,6.9335,0.024393
2025-05-13,6.8953,-0.005509
2025-05-14,6.8426,-0.007643
2025-05-15,6.8031,-0.005773
2025-05-16,6.9427,0.02052
2025-05-19,6.8558,-0.012517
2025-05-20,6.8298,-0.003792
2025-05-21,6.7844,-0.006647
2025-05-22,6.7189,-0.009655
2025-05-23,6.7213,0.000357
2025-05-26,6.689,-0.004806
2025-05-27,6.6519,-0.005546
2025-05-28,6.6635,0.001744
2025-05-29,6.681,0.002626
2025-05-30,6.5741,-0.016001
2025-06-03,6.5741,0.0
2025-06-04,6.6064,0.004913
2025-06-05,6.6778,0.010808
2025-06-06,6.6348,-0.006439
2025-06-09,6.6248,-0.001507
2025-06-10,6.5534,-0.010778
2025-06-11,6.5745,0.00322
2025-06-12,6.5969,0.003407
2025-06-13,6.5362,-0.009201
2025-06-16,6.5398,0.000551
2025-06-17,6.5007,-0.005979
2025-06-18,6.5259,0.003877
2025-06-19,6.49,-0.005501
2025-06-20,6.4046,-0.013159
2025-06-23,6.4122,0.001187
2025-06-24,6.5286,0.018153
2025-06-25,6.5869,0.00893
2025-06-26,6.5638,-0.003507
2025-06-27,6.5701,0.00096
2025-06-30,6.6471,0.01172
2025-07-01,6.6527,0.000842
2025-07-02,6.5669,-0.012897
2025-07-03,6.5681,0.000183
2025-07-04,6.5131,-0.008374
2025-07-07,6.4888,-0.003731
2025-07-08,6.5294,0.006257
2025-07-09,6.5354,0.000919
2025-07-10,6.5059,-0.004514
2025-07-11,6.5462,0.006194
2025-07-14,6.6292,0.012679
2025-07-15,6.6519,0.003424
2025-07-16,6.8043,0.022911
2025-07-17,6.8785,0.010905
2025-07-18,6.8402,-0.005568
2025-07-21,6.8841,0.006418
2025-07-22,6.8534,-0.00446
2025-07-23,6.8506,-0.000409
2025-07-24,6.8621,0.001679
2025-07-25,6.8669,0.000699
2025-07-28,6.908,0.005985
2025-07-29,6.8996,-0.001216
2025-07-30,6.831,-0.009943
2025-07-31,6.8143,-0.002445
2025-08-01,6.7959,-0.0027
2025-08-04,6.9495,0.022602
2025-08-05,7.0046,0.007929
2025-08-06,7.1003,0.013662
2025-08-07,7.054,-0.006521
2025-08-08,7.0105,-0.006167
2025-08-11,7.0875,0.010984
2025-08-12,7.0867,-0.000113
2025-08-13,7.1881,0.014308
2025-08-14,7.0764,-0.01554
2025-08-15,7.198,0.017184
2025-08-18,7.2487,0.007044
2025-08-19,7.291,0.005836
2025-08-20,7.2914,5.5e-05
2025-08-21,7.2172,-0.010176
2025-08-22,7.2431,0.003589
2025-08-25,7.2986,0.007662
2025-08-26,7.2176,-0.011098
2025-08-27,7.137,-0.011167
2025-08-28,7.1462,0.001289
2025-08-29,7.202,0.007808
2025-09-01,7.2008,-0.000167
2025-09-02,7.2722,0.009916
2025-09-03,7.1829,-0.01228
2025-09-04,7.0417,-0.019658
2025-09-05,7.2028,0.022878
2025-09-08,7.3895,0.02592
2025-09-09,7.3799,-0.001299
2025-09-10,7.3652,-0.001992
2025-09-11,7.4781,0.015329
2025-09-12,7.4142,-0.008545
2025-09-15,7.4649,0.006838
2025-09-16,7.7346,0.036129
2025-09-17,7.8307,0.012425
2025-09-18,7.8331,0.000306
2025-09-19,7.6672,-0.021179
2025-09-22,7.7952,0.016694
2025-09-23,7.814,0.002412
2025-09-24,7.8746,0.007755
2025-09-25,7.8554,-0.002438
2025-09-26,7.7031,-0.019388
2025-09-29,7.8554,0.019771
2025-09-30,7.8511,-0.000547
2025-10-09,7.8211,-0.003821
2025-10-10,7.713,-0.013822
2025-10-13,7.5363,-0.022909
2025-10-14,7.3225,-0.028369
2025-10-15,7.5319,0.028597
2025-10-16,7.4382,-0.01244
2025-10-17,7.2814,-0.02108
2025-10-20,7.3779,0.013253
2025-10-21,7.443,0.008824
2025-10-22,7.421,-0.002956
2025-10-23,7.3676,-0.007196
2025-10-24,7.5028,0.018351
2025-10-27,7.5283,0.003399
2025-10-28,7.571,0.005672
2025-10-29,7.6193,0.00638
2025-10-30,7.4936,-0.016498
2025-10-31,7.5575,0.008527
2025-11-03,7.5012,-0.00745
2025-11-04,7.3337,-0.02233
2025-11-05,7.3552,0.002932
2025-11-06,7.4884,0.01811
2025-11-07,7.3548,-0.017841
2025-11-10,7.2319,-0.01671
2025-11-11,7.2216,-0.001424
2025-11-12,7.1625,-0.008184
2025-11-13,7.1901,0.003853
2025-11-14,7.1526,-0.005216
2025-11-17,7.1681,0.002167
2025-11-18,7.1434,-0.003446
2025-11-19,7.1143,-0.004074
2025-11-20,7.0776,-0.005159
2025-11-21,7.0903,0.001794
2025-11-24,7.1194,0.004104
2025-11-25,7.1378,0.002584
2025-11-26,7.1968,0.008266
2025-11-27,7.2136,0.002334
2025-11-28,7.2814,0.009399
2025-12-01,7.3508,0.009531
2025-12-02,7.2627,-0.011985
2025-12-03,7.2315,-0.004296
2025-12-04,7.2918,0.008339
2025-12-05,7.3783,0.011863
2025-12-08,7.4669,0.012008
2025-12-09,7.4458,-0.002826
2025-12-10,7.4876,0.005614
2025-12-11,7.423,-0.008628
2025-12-12,7.4039,-0.002573
2025-12-15,7.3002,-0.014006
2025-12-16,7.2032,-0.013287
2025-12-17,7.2942,0.012633
2025-12-18,7.2455,-0.006677
2025-12-19,7.2766,0.004292
2025-12-22,7.3464,0.009592
2025-12-23,7.2942,-0.007106
2025-12-24,7.3205,0.003606
2025-12-25,7.4845,0.022403
2025-12-26,7.4753,-0.001229
2025-12-29,7.5922,0.015638
2025-12-30,7.7944,0.026633
2025-12-31,7.8606,0.008493
2026-01-05,7.9049,0.005636
2026-01-06,7.9045,-5.1e-05
2026-01-07,7.9137,0.001164
2026-01-08,7.95,0.004587
2026-01-09,8.1096,0.020075
2026-01-12,8.2763,0.020556
2026-01-13,8.2065,-0.008434
2026-01-14,8.163,-0.005301
2026-01-15,8.0868,-0.009335
2026-01-16,8.2675,0.022345
2026-01-19,8.3537,0.010426
2026-01-20,8.2623,-0.010941
2026-01-21,8.3361,0.008932
2026-01-22,8.3246,-0.00138
2026-01-23,8.4526,0.015376
2026-01-26,8.2177,-0.02779
2026-01-27,8.2655,0.005817
2026-01-28,8.1562,-0.013224
2026-01-29,8.0637,-0.011341
2026-01-30,8.088,0.003014
2026-02-02,7.9963,-0.011338
2026-02-03,8.1786,0.022798
2026-02-04,8.1371,-0.005074
2026-02-05,8.0366,-0.012351
2026-02-06,8.0864,0.006197
2026-02-09,8.1869,0.012428
2026-02-10,8.1646,-0.002724
2026-02-11,8.0964,-0.008353
2026-02-12,8.155,0.007238
2026-02-13,8.108,-0.005763
2026-02-24,8.0338,-0.009151
2026-02-25,8.0936,0.007444
2026-02-26,8.1491,0.006857
2026-02-27,8.173,0.002933
2026-03-02,8.0461,-0.015527
2026-03-03,7.796,-0.031083
2026-03-04,7.7705,-0.003271
2026-03-05,7.8251,0.007027
2026-03-06,7.814,-0.001419
2026-03-09,7.6979,-0.014858
2026-03-10,7.8435,0.018914
2026-03-11,7.7988,-0.005699
2026-03-12,7.7577,-0.00527
2026-03-13,7.6791,-0.010132
2026-03-16,7.6352,-0.005717
2026-03-17,7.569,-0.00867
2026-03-18,7.6125,0.005747
2026-03-19,7.4737,-0.018233
2026-03-20,7.498,0.003251
2026-03-23,7.3963,-0.013564
2026-03-24,7.4246,0.003826
2026-03-25,7.4833,0.007906
2026-03-26,7.4158,-0.00902
2026-03-27,7.4123,-0.000472
2026-03-30,7.3664,-0.006192
2026-03-31,7.3049,-0.008349
2026-04-01,7.3668,0.008474
2026-04-02,7.3014,-0.008878
2026-04-03,7.267,-0.004711
2026-04-07,7.2579,-0.001252
2026-04-08,7.4035,0.020061
2026-04-09,7.3963,-0.000973
2026-04-10,7.4166,0.002745
2026-04-13,7.3787,-0.00511
2026-04-14,7.4649,0.011682
2026-04-15,7.4737,0.001179
2026-04-16,7.5802,0.01425
2026-04-17,7.6436,0.008364
2026-04-20,7.6711,0.003598
2026-04-21,7.6839,0.001669
2026-04-22,7.7286,0.005817
2026-04-23,7.6731,-0.007181
2026-04-24,7.6333,-0.005187
2026-04-27,7.6755,0.005528
2026-04-28,7.6277,-0.006228
2026-04-29,7.6692,0.005441
2026-04-30,7.7924,0.016064
2026-05-06,7.8746,0.010549
2026-05-07,8.0374,0.020674
2026-05-08,8.1311,0.011658
2026-05-11,8.1798,0.005989
2026-05-12,8.1199,-0.007323
2026-05-13,8.1634,0.005357
2026-05-14,8.0342,-0.015827
2026-05-15,8.1108,0.009534
2026-05-18,8.1199,0.001122
2026-05-19,8.157,0.004569
2026-05-20,8.2173,0.007392
2026-05-21,8.2368,0.002373
2026-05-22,8.305,0.00828
2026-05-25,8.3413,0.004371
2026-05-26,8.2635,-0.009327
2026-05-27,8.1076,-0.018866
2026-05-28,8.0633,-0.005464
2026-05-29,7.8343,-0.0284
2026-06-01,7.723,-0.014207
2026-06-02,7.7709,0.006202
2026-06-03,7.8383,0.008673
2026-06-04,7.9304,0.01175
2026-06-05,7.9181,-0.001551
2026-06-08,7.8399,-0.009876
2026-06-09,7.938,0.012513
2026-06-10,7.8399,-0.012358
2026-06-11,7.8104,-0.003763
2026-06-12,7.8076,-0.000358
2026-06-15,7.9727,0.021146
2026-06-16,8.0154,0.005356
2026-06-17,8.1131,0.012189
2026-06-18,8.1774,0.007925
2026-06-22,8.1108,-0.008144
2026-06-23,8.0557,-0.006793
2026-06-24,8.1606,0.013022
2026-06-25,8.1889,0.003468
2026-06-26,8.1782,-0.001307
2026-06-29,8.2576,0.009709
2026-06-30,8.4989,0.029222
2026-07-01,8.4897,-0.001082
2026-07-02,8.2723,-0.025608
2026-07-03,8.3485,0.009211
2026-07-06,8.228,-0.014434
2026-07-07,8.1778,-0.006101
2026-07-08,8.0358,-0.017364
2026-07-09,8.1937,0.01965
2026-07-10,8.0749,-0.014499
2026-07-13,7.7721,-0.037499
2026-07-14,7.7318,-0.005185
2026-07-15,7.6596,-0.009338
2026-07-16,7.5319,-0.016672
2026-07-17,7.275,-0.034108
2026-07-20,7.1897,-0.011725
2026-07-21,7.3875,0.027512
2026-07-22,7.3153,-0.009773
2026-07-23,7.277,-0.005236
2026-07-24,7.2108,-0.009097
2026-07-27,7.3181,0.01488
2026-07-28,7.0983,-0.030035
2026-07-29,7.0827,-0.002198
2026-07-30,6.9056,-0.025005
2026-07-31,7.0413,0.019651
2026-08-03,7.0221,-0.002727
2026-08-04,7.1936,0.024423
2026-08-05,7.3129,0.016584
2026-08-06,7.3564,0.005948
2026-08-07,7.4765,0.016326
2026-08-10,7.4769,5.4e-05
2026-08-11,7.4857,0.001177
2026-08-12,7.5459,0.008042
2026-08-13,7.508,-0.005023
2026-08-14,7.5247,0.002224
2026-08-17,7.6456,0.016067
2026-08-18,7.6747,0.003806
2026-08-19,7.3241,-0.045683
2026-08-20,7.3588,0.004738
2026-08-21,7.3939,0.00477
2026-08-24,7.3014,-0.01251
2026-08-25,7.2966,-0.000657
2026-08-26,7.2974,0.00011
2026-08-27,7.4226,0.017157
2026-08-28,7.3632,-0.008003
2026-08-31,7.4099,0.006342
2026-09-01,7.3265,-0.011255
2026-09-02,7.281,-0.00621
2026-09-03,7.3021,0.002898
2026-09-04,7.2076,-0.012941
2026-09-07,7.34,0.018369
2026-09-08,7.3337,-0.000858
2026-09-09,7.3181,-0.002127
2026-09-10,7.2427,-0.010303
2026-09-11,7.1705,-0.009969
2026-09-14,7.1901,0.002733
2026-09-15,7.1741,-0.002225
2026-09-16,7.2635,0.012461
2026-09-17,7.2982,0.004777
2026-09-18,7.3708,0.009948
2026-09-21,7.3867,0.002157
2026-09-22,7.3636,-0.003127
2026-09-23,7.3879,0.0033
2026-09-24,7.3269,-0.008257
2026-09-28,7.1569,-0.023202
2026-09-29,7.1685,0.001621
2026-09-30,7.1522,-0.002274
