净值日期,累计净值,daily_return
2006-09-29,1.0,
2006-10-13,0.989,-0.011
2006-10-20,0.993,0.004044
2006-10-27,1.005,0.012085
2006-11-03,1.016,0.010945
2006-11-10,1.027,0.010827
2006-11-13,1.018,-0.008763
2006-11-14,1.03,0.011788
2006-11-15,1.054,0.023301
2006-11-16,1.056,0.001898
2006-11-17,1.068,0.011364
2006-11-20,1.088,0.018727
2006-11-21,1.094,0.005515
2006-11-22,1.096,0.001828
2006-11-23,1.101,0.004562
2006-11-24,1.099,-0.001817
2006-11-27,1.097,-0.00182
2006-11-28,1.095,-0.001823
2006-11-29,1.107,0.010959
2006-11-30,1.138,0.028004
2006-12-01,1.145,0.006151
2006-12-04,1.165,0.017467
2006-12-05,1.172,0.006009
2006-12-06,1.166,-0.005119
2006-12-07,1.161,-0.004288
2006-12-08,1.138,-0.019811
2006-12-11,1.176,0.033392
2006-12-12,1.181,0.004252
2006-12-13,1.182,0.000847
2006-12-14,1.198,0.013536
2006-12-15,1.22,0.018364
2006-12-18,1.256,0.029508
2006-12-19,1.256,0.0
2006-12-20,1.26,0.003185
2006-12-21,1.244,-0.012698
2006-12-22,1.236,-0.006431
2006-12-25,1.264,0.022654
2006-12-26,1.267,0.002373
2006-12-27,1.297,0.023678
2006-12-28,1.299,0.001542
2006-12-29,1.335,0.027714
2006-12-31,1.335,0.0
2007-01-04,1.348,0.009738
2007-01-05,1.327,-0.015579
2007-01-08,1.342,0.011304
2007-01-09,1.393,0.038003
2007-01-10,1.422,0.020818
2007-01-11,1.406,-0.011252
2007-01-12,1.388,-0.012802
2007-01-15,1.45,0.044669
2007-01-16,1.495,0.031034
2007-01-17,1.46,-0.023411
2007-01-18,1.45,-0.006849
2007-01-19,1.492,0.028966
2007-01-22,1.53,0.025469
2007-01-23,1.531,0.000654
2007-01-24,1.543,0.007838
2007-01-25,1.516,-0.017498
2007-01-26,1.548,0.021108
2007-01-29,1.565,0.010982
2007-01-30,1.553,-0.007668
2007-01-31,1.493,-0.038635
2007-02-01,1.497,0.002679
2007-02-02,1.467,-0.02004
2007-02-05,1.455,-0.00818
2007-02-06,1.459,0.002749
2007-02-07,1.473,0.009596
2007-02-08,1.478,0.003394
2007-02-09,1.47,-0.005413
2007-02-12,1.495,0.017007
2007-02-13,1.504,0.00602
2007-02-14,1.522,0.011968
2007-02-15,1.542,0.013141
2007-02-16,1.538,-0.002594
2007-02-26,1.531,-0.004551
2007-02-27,1.45,-0.052907
2007-02-28,1.466,0.011034
2007-03-01,1.441,-0.017053
2007-03-02,1.454,0.009022
2007-03-05,1.445,-0.00619
2007-03-06,1.459,0.009689
2007-03-07,1.482,0.015764
2007-03-08,1.493,0.007422
2007-03-09,1.487,-0.004019
2007-03-12,1.484,-0.002017
2007-03-13,1.489,0.003369
2007-03-14,1.473,-0.010745
2007-03-15,1.488,0.010183
2007-03-16,1.475,-0.008737
2007-03-19,1.493,0.012203
2007-03-20,1.492,-0.00067
2007-03-21,1.499,0.004692
2007-03-22,1.502,0.002001
2007-03-23,1.497,-0.003329
2007-03-26,1.512,0.01002
2007-03-27,1.517,0.003307
2007-03-28,1.516,-0.000659
2007-03-29,1.514,-0.001319
2007-03-30,1.509,-0.003303
2007-03-31,1.509,0.0
2007-04-02,1.53,0.013917
2007-04-03,1.546,0.010458
2007-04-04,1.555,0.005821
2007-04-05,1.564,0.005788
2007-04-06,1.569,0.003197
2007-04-09,1.589,0.012747
2007-04-10,1.602,0.008181
2007-04-11,1.615,0.008115
2007-04-12,1.629,0.008669
2007-04-13,1.631,0.001228
2007-04-16,1.661,0.018394
2007-04-17,1.662,0.000602
2007-04-18,1.664,0.001203
2007-04-19,1.615,-0.029447
2007-04-20,1.658,0.026625
2007-04-23,1.701,0.025935
2007-04-24,1.694,-0.004115
2007-04-25,1.694,0.0
2007-04-26,1.705,0.006494
2007-04-27,1.695,-0.005865
2007-04-30,1.716,0.012389
2007-05-08,1.748,0.018648
2007-05-09,1.738,-0.005721
2007-05-10,1.741,0.001726
2007-05-11,1.733,-0.004595
2007-05-14,1.746,0.007501
2007-05-15,1.707,-0.022337
2007-05-16,1.743,0.02109
2007-05-17,1.77,0.015491
2007-05-18,1.771,0.000565
2007-05-21,1.789,0.010164
2007-05-22,1.798,0.005031
2007-05-23,1.819,0.01168
2007-05-24,1.807,-0.006597
2007-05-25,1.823,0.008854
2007-05-28,1.858,0.019199
2007-05-29,1.897,0.02099
2007-05-30,1.816,-0.042699
2007-05-31,1.862,0.02533
2007-06-01,1.831,-0.016649
2007-06-04,1.747,-0.045877
2007-06-05,1.789,0.024041
2007-06-06,1.811,0.012297
2007-06-07,1.852,0.022639
2007-06-08,1.869,0.009179
2007-06-11,1.904,0.018727
2007-06-12,1.929,0.01313
2007-06-13,1.957,0.014515
2007-06-14,1.949,-0.004088
2007-06-15,1.954,0.002565
2007-06-18,1.988,0.0174
2007-06-19,1.989,0.000503
2007-06-20,1.961,-0.014077
2007-06-21,1.969,0.00408
2007-06-22,1.94,-0.014728
2007-06-25,1.918,-0.01134
2007-06-26,1.926,0.004171
2007-06-27,1.949,0.011942
2007-06-28,1.916,-0.016932
2007-06-29,1.896,-0.010438
2007-06-30,1.896,0.0
2007-07-02,1.886,-0.005274
2007-07-03,1.901,0.007953
2007-07-04,1.888,-0.006839
2007-07-05,1.856,-0.016949
2007-07-06,1.881,0.01347
2007-07-09,1.901,0.010633
2007-07-10,1.897,-0.002104
2007-07-11,1.898,0.000527
2007-07-12,1.902,0.002107
2007-07-13,1.899,-0.001577
2007-07-16,1.881,-0.009479
2007-07-17,1.898,0.009038
2007-07-18,1.904,0.003161
2007-07-19,1.904,0.0
2007-07-20,1.938,0.017857
2007-07-23,1.965,0.013932
2007-07-24,1.966,0.000509
2007-07-25,1.98,0.007121
2007-07-26,1.983,0.001515
2007-07-27,1.984,0.000504
2007-07-30,2.008,0.012097
2007-07-31,2.016,0.003984
2007-08-01,1.987,-0.014385
2007-08-02,2.026,0.019628
2007-08-03,2.072,0.022705
2007-08-06,2.093,0.010135
2007-08-07,2.094,0.000478
2007-08-08,2.077,-0.008118
2007-08-09,2.109,0.015407
2007-08-10,2.088,-0.009957
2007-08-13,2.08,-0.003831
2007-08-14,2.099,0.009135
2007-08-15,2.103,0.001906
2007-08-16,2.08,-0.010937
2007-08-17,2.055,-0.012019
2007-08-20,2.115,0.029197
2007-08-21,2.133,0.008511
2007-08-22,2.154,0.009845
2007-08-23,2.174,0.009285
2007-08-24,2.192,0.00828
2007-08-27,2.198,0.002737
2007-08-28,2.206,0.00364
2007-08-29,2.188,-0.00816
2007-08-30,2.198,0.00457
2007-08-31,2.217,0.008644
2007-09-03,2.251,0.015336
2007-09-04,2.231,-0.008885
2007-09-05,2.224,-0.003138
2007-09-06,2.235,0.004946
2007-09-07,2.212,-0.010291
2007-09-10,2.228,0.007233
2007-09-11,2.187,-0.018402
2007-09-12,2.21,0.010517
2007-09-13,2.238,0.01267
2007-09-14,2.252,0.006256
2007-09-17,2.278,0.011545
2007-09-18,2.262,-0.007024
2007-09-19,2.247,-0.006631
2007-09-20,2.263,0.007121
2007-09-21,2.254,-0.003977
2007-09-24,2.263,0.003993
2007-09-25,2.25,-0.005745
2007-09-26,2.231,-0.008444
2007-09-27,2.248,0.00762
2007-09-28,2.29,0.018683
2007-09-30,2.29,0.0
2007-10-08,2.307,0.007424
2007-10-09,2.307,0.0
2007-10-10,2.311,0.001734
2007-10-11,2.342,0.013414
2007-10-12,2.338,-0.001708
2007-10-15,2.348,0.004277
2007-10-16,2.359,0.004685
2007-10-17,2.338,-0.008902
2007-10-18,2.297,-0.017536
2007-10-19,2.306,0.003918
2007-10-22,2.288,-0.007806
2007-10-23,2.304,0.006993
2007-10-24,2.319,0.00651
2007-10-25,2.284,-0.015093
2007-10-26,2.297,0.005692
2007-10-29,2.319,0.009578
2007-10-30,2.328,0.003881
2007-10-31,2.342,0.006014
2007-11-01,2.32,-0.009394
2007-11-02,2.284,-0.015517
2007-11-05,2.255,-0.012697
2007-11-06,2.248,-0.003104
2007-11-07,2.247,-0.000445
2007-11-08,2.195,-0.023142
2007-11-09,2.18,-0.006834
2007-11-12,2.174,-0.002752
2007-11-13,2.16,-0.00644
2007-11-14,2.202,0.019444
2007-11-15,2.189,-0.005904
2007-11-16,2.17,-0.00868
2007-11-19,2.159,-0.005069
2007-11-20,2.175,0.007411
2007-11-21,2.165,-0.004598
2007-11-22,2.122,-0.019861
2007-11-23,2.137,0.007069
2007-11-26,2.127,-0.004679
2007-11-27,2.106,-0.009873
2007-11-28,2.093,-0.006173
2007-11-29,2.128,0.016722
2007-11-30,2.111,-0.007989
2007-12-03,2.121,0.004737
2007-12-04,2.134,0.006129
2007-12-05,2.161,0.012652
2007-12-06,2.162,0.000463
2007-12-07,2.173,0.005088
2007-12-10,2.189,0.007363
2007-12-11,2.19,0.000457
2007-12-12,2.171,-0.008676
2007-12-13,2.135,-0.016582
2007-12-14,2.157,0.010304
2007-12-17,2.131,-0.012054
2007-12-18,2.126,-0.002346
2007-12-19,2.145,0.008937
2007-12-20,2.162,0.007925
2007-12-21,2.176,0.006475
2007-12-24,2.196,0.009191
2007-12-25,2.199,0.001366
2007-12-26,2.211,0.005457
2007-12-27,2.23,0.008593
2007-12-28,2.226,-0.001794
2007-12-29,2.226,0.0
2007-12-31,2.225,-0.000449
2008-01-02,2.232,0.003146
2008-01-03,2.228,-0.001792
2008-01-04,2.235,0.003142
2008-01-07,2.25,0.006711
2008-01-08,2.245,-0.002222
2008-01-09,2.259,0.006236
2008-01-10,2.271,0.005312
2008-01-11,2.275,0.001761
2008-01-14,2.283,0.003516
2008-01-15,2.274,-0.003942
2008-01-16,2.242,-0.014072
2008-01-17,2.217,-0.011151
2008-01-18,2.223,0.002706
2008-01-21,2.178,-0.020243
2008-01-22,2.11,-0.031221
2008-01-23,2.164,0.025592
2008-01-24,2.183,0.00878
2008-01-25,2.189,0.002749
2008-01-28,2.128,-0.027867
2008-01-29,2.133,0.00235
2008-01-30,2.121,-0.005626
2008-01-31,2.099,-0.010372
2008-02-01,2.093,-0.002859
2008-02-04,2.166,0.034878
2008-02-05,2.16,-0.00277
2008-02-13,2.14,-0.009259
2008-02-14,2.153,0.006075
2008-02-15,2.142,-0.005109
2008-02-18,2.165,0.010738
2008-02-19,2.181,0.00739
2008-02-20,2.153,-0.012838
2008-02-21,2.145,-0.003716
2008-02-22,2.109,-0.016783
2008-02-25,2.081,-0.013276
2008-02-26,2.075,-0.002883
2008-02-27,2.102,0.013012
2008-02-28,2.1,-0.000951
2008-02-29,2.113,0.00619
2008-03-03,2.14,0.012778
2008-03-04,2.117,-0.010748
2008-03-05,2.111,-0.002834
2008-03-06,2.121,0.004737
2008-03-07,2.108,-0.006129
2008-03-10,2.068,-0.018975
2008-03-11,2.065,-0.001451
2008-03-12,2.034,-0.015012
2008-03-13,2.012,-0.010816
2008-03-14,2.0,-0.005964
2008-03-17,1.961,-0.0195
2008-03-18,1.922,-0.019888
2008-03-19,1.951,0.015088
2008-03-20,1.978,0.013839
2008-03-21,1.983,0.002528
2008-03-24,1.937,-0.023197
2008-03-25,1.945,0.00413
2008-03-26,1.949,0.002057
2008-03-27,1.918,-0.015906
2008-03-28,1.957,0.020334
2008-03-31,1.93,-0.013797
2008-04-01,1.887,-0.02228
2008-04-02,1.883,-0.00212
2008-04-03,1.904,0.011152
2008-04-07,1.948,0.023109
2008-04-08,1.955,0.003593
2008-04-09,1.909,-0.023529
2008-04-10,1.925,0.008381
2008-04-11,1.93,0.002597
2008-04-14,1.874,-0.029016
2008-04-15,1.882,0.004269
2008-04-16,1.862,-0.010627
2008-04-17,1.844,-0.009667
2008-04-18,1.825,-0.010304
2008-04-21,1.822,-0.001644
2008-04-22,1.833,0.006037
2008-04-23,1.87,0.020185
2008-04-24,1.939,0.036898
2008-04-25,1.944,0.002579
2008-04-28,1.929,-0.007716
2008-04-29,1.936,0.003629
2008-04-30,1.98,0.022727
2008-05-05,2.0,0.010101
2008-05-06,1.989,-0.0055
2008-05-07,1.946,-0.021619
2008-05-08,1.973,0.013875
2008-05-09,1.964,-0.004562
2008-05-12,1.971,0.003564
2008-05-13,1.961,-0.005074
2008-05-14,1.989,0.014278
2008-05-15,1.978,-0.00553
2008-05-16,1.974,-0.002022
2008-05-19,1.971,-0.00152
2008-05-20,1.927,-0.022324
2008-05-21,1.939,0.006227
2008-05-22,1.925,-0.00722
2008-05-23,1.918,-0.003636
2008-05-26,1.89,-0.014599
2008-05-27,1.892,0.001058
2008-05-28,1.912,0.010571
2008-05-29,1.892,-0.01046
2008-05-30,1.895,0.001586
2008-06-02,1.898,0.001583
2008-06-03,1.893,-0.002634
2008-06-04,1.876,-0.00898
2008-06-05,1.869,-0.003731
2008-06-06,1.866,-0.001605
2008-06-10,1.808,-0.031083
2008-06-11,1.794,-0.007743
2008-06-12,1.78,-0.007804
2008-06-13,1.758,-0.01236
2008-06-16,1.755,-0.001706
2008-06-17,1.73,-0.014245
2008-06-18,1.762,0.018497
2008-06-19,1.714,-0.027242
2008-06-20,1.732,0.010502
2008-06-23,1.719,-0.007506
2008-06-24,1.736,0.009889
2008-06-25,1.763,0.015553
2008-06-26,1.769,0.003403
2008-06-27,1.732,-0.020916
2008-06-30,1.727,-0.002887
2008-07-01,1.705,-0.012739
2008-07-02,1.707,0.001173
2008-07-03,1.728,0.012302
2008-07-04,1.723,-0.002894
2008-07-07,1.758,0.020313
2008-07-08,1.763,0.002844
2008-07-09,1.791,0.015882
2008-07-10,1.783,-0.004467
2008-07-11,1.778,-0.002804
2008-07-14,1.783,0.002812
2008-07-15,1.752,-0.017386
2008-07-16,1.724,-0.015982
2008-07-17,1.719,-0.0029
2008-07-18,1.743,0.013962
2008-07-21,1.766,0.013196
2008-07-22,1.763,-0.001699
2008-07-23,1.758,-0.002836
2008-07-24,1.784,0.01479
2008-07-25,1.777,-0.003924
2008-07-28,1.78,0.001688
2008-07-29,1.765,-0.008427
2008-07-30,1.759,-0.003399
2008-07-31,1.74,-0.010802
2008-08-01,1.749,0.005172
2008-08-04,1.733,-0.009148
2008-08-05,1.717,-0.009233
2008-08-06,1.722,0.002912
2008-08-07,1.723,0.000581
2008-08-08,1.693,-0.017411
2008-08-11,1.66,-0.019492
2008-08-12,1.656,-0.00241
2008-08-13,1.658,0.001208
2008-08-14,1.657,-0.000603
2008-08-15,1.658,0.000604
2008-08-18,1.624,-0.020507
2008-08-19,1.634,0.006158
2008-08-20,1.679,0.02754
2008-08-21,1.658,-0.012507
2008-08-22,1.647,-0.006634
2008-08-25,1.647,0.0
2008-08-26,1.631,-0.009715
2008-08-27,1.627,-0.002452
2008-08-28,1.628,0.000615
2008-08-29,1.643,0.009214
2008-09-01,1.623,-0.012173
2008-09-02,1.616,-0.004313
2008-09-03,1.602,-0.008663
2008-09-04,1.604,0.001248
2008-09-05,1.587,-0.010599
2008-09-08,1.57,-0.010712
2008-09-09,1.572,0.001274
2008-09-10,1.572,0.0
2008-09-11,1.555,-0.010814
2008-09-12,1.557,0.001286
2008-09-16,1.528,-0.018626
2008-09-17,1.512,-0.010471
2008-09-18,1.504,-0.005291
2008-09-19,1.551,0.03125
2008-09-22,1.585,0.021921
2008-09-23,1.556,-0.018297
2008-09-24,1.56,0.002571
2008-09-25,1.583,0.014744
2008-09-26,1.589,0.00379
2008-09-30,1.589,0.0
2008-10-06,1.557,-0.020138
2008-10-07,1.553,-0.002569
2008-10-08,1.531,-0.014166
2008-10-09,1.523,-0.005225
2008-10-10,1.497,-0.017072
2008-10-13,1.516,0.012692
2008-10-14,1.504,-0.007916
2008-10-15,1.5,-0.00266
2008-10-16,1.477,-0.015333
2008-10-17,1.481,0.002708
2008-10-20,1.497,0.010804
2008-10-21,1.493,-0.002672
2008-10-22,1.479,-0.009377
2008-10-23,1.48,0.000676
2008-10-24,1.468,-0.008108
2008-10-27,1.434,-0.023161
2008-10-28,1.448,0.009763
2008-10-29,1.436,-0.008287
2008-10-30,1.448,0.008357
2008-10-31,1.438,-0.006906
2008-11-03,1.435,-0.002086
2008-11-04,1.426,-0.006272
2008-11-05,1.443,0.011921
2008-11-06,1.43,-0.009009
2008-11-07,1.438,0.005594
2008-11-10,1.473,0.024339
2008-11-11,1.467,-0.004073
2008-11-12,1.473,0.00409
2008-11-13,1.496,0.015614
2008-11-14,1.517,0.014037
2008-11-17,1.534,0.011206
2008-11-18,1.494,-0.026076
2008-11-19,1.526,0.021419
2008-11-20,1.52,-0.003932
2008-11-21,1.518,-0.001316
2008-11-24,1.497,-0.013834
2008-11-25,1.497,0.0
2008-11-26,1.498,0.000668
2008-11-27,1.506,0.00534
2008-11-28,1.497,-0.005976
2008-12-01,1.511,0.009352
2008-12-02,1.515,0.002647
2008-12-03,1.539,0.015842
2008-12-04,1.546,0.004548
2008-12-05,1.556,0.006468
2008-12-08,1.579,0.014781
2008-12-09,1.564,-0.0095
2008-12-10,1.582,0.011509
2008-12-11,1.567,-0.009482
2008-12-12,1.54,-0.01723
2008-12-15,1.546,0.003896
2008-12-16,1.556,0.006468
2008-12-17,1.561,0.003213
2008-12-18,1.575,0.008969
2008-12-19,1.577,0.00127
2008-12-22,1.571,-0.003805
2008-12-23,1.54,-0.019733
2008-12-24,1.53,-0.006494
2008-12-25,1.527,-0.001961
2008-12-26,1.526,-0.000655
2008-12-29,1.528,0.001311
2008-12-30,1.524,-0.002618
2008-12-31,1.519,-0.003281
2009-01-05,1.537,0.01185
2009-01-06,1.555,0.011711
2009-01-07,1.555,0.0
2009-01-08,1.543,-0.007717
2009-01-09,1.553,0.006481
2009-01-12,1.558,0.00322
2009-01-13,1.542,-0.01027
2009-01-14,1.564,0.014267
2009-01-15,1.567,0.001918
2009-01-16,1.575,0.005105
2009-01-19,1.576,0.000635
2009-01-20,1.581,0.003173
2009-01-21,1.579,-0.001265
2009-01-22,1.586,0.004433
2009-01-23,1.582,-0.002522
2009-02-02,1.589,0.004425
2009-02-03,1.604,0.00944
2009-02-04,1.617,0.008105
2009-02-05,1.609,-0.004947
2009-02-06,1.632,0.014295
2009-02-09,1.649,0.010417
2009-02-10,1.655,0.003639
2009-02-11,1.656,0.000604
2009-02-12,1.655,-0.000604
2009-02-13,1.674,0.01148
2009-02-16,1.685,0.006571
2009-02-17,1.664,-0.012463
2009-02-18,1.638,-0.015625
2009-02-19,1.647,0.005495
2009-02-20,1.659,0.007286
2009-02-23,1.678,0.011453
2009-02-24,1.652,-0.015495
2009-02-25,1.653,0.000605
2009-02-26,1.624,-0.017544
2009-02-27,1.61,-0.008621
2009-03-02,1.617,0.004348
2009-03-03,1.613,-0.002474
2009-03-04,1.65,0.022939
2009-03-05,1.654,0.002424
2009-03-06,1.649,-0.003023
2009-03-09,1.626,-0.013948
2009-03-10,1.635,0.005535
2009-03-11,1.63,-0.003058
2009-03-12,1.629,-0.000613
2009-03-13,1.627,-0.001228
2009-03-16,1.636,0.005532
2009-03-17,1.657,0.012836
2009-03-18,1.658,0.000604
2009-03-19,1.67,0.007238
2009-03-20,1.667,-0.001796
2009-03-23,1.684,0.010198
2009-03-24,1.687,0.001781
2009-03-25,1.675,-0.007113
2009-03-26,1.692,0.010149
2009-03-27,1.696,0.002364
2009-03-30,1.692,-0.002358
2009-03-31,1.696,0.002364
2009-04-01,1.706,0.005896
2009-04-02,1.717,0.006448
2009-04-03,1.716,-0.000582
2009-04-07,1.717,0.000583
2009-04-08,1.694,-0.013395
2009-04-09,1.704,0.005903
2009-04-10,1.724,0.011737
2009-04-13,1.737,0.007541
2009-04-14,1.742,0.002879
2009-04-15,1.746,0.002296
2009-04-16,1.746,0.0
2009-04-17,1.74,-0.003436
2009-04-20,1.754,0.008046
2009-04-21,1.748,-0.003421
2009-04-22,1.725,-0.013158
2009-04-23,1.732,0.004058
2009-04-24,1.729,-0.001732
2009-04-27,1.714,-0.008676
2009-04-28,1.717,0.00175
2009-04-29,1.737,0.011648
2009-04-30,1.744,0.00403
2009-05-04,1.764,0.011468
2009-05-05,1.769,0.002834
2009-05-06,1.778,0.005088
2009-05-07,1.779,0.000562
2009-05-08,1.785,0.003373
2009-05-11,1.769,-0.008964
2009-05-12,1.784,0.008479
2009-05-13,1.79,0.003363
2009-05-14,1.785,-0.002793
2009-05-15,1.786,0.00056
2009-05-18,1.796,0.005599
2009-05-19,1.804,0.004454
2009-05-20,1.795,-0.004989
2009-05-21,1.782,-0.007242
2009-05-22,1.781,-0.000561
2009-05-25,1.782,0.000561
2009-05-26,1.778,-0.002245
2009-05-27,1.788,0.005624
2009-06-01,1.809,0.011745
2009-06-02,1.808,-0.000553
2009-06-03,1.824,0.00885
2009-06-04,1.827,0.001645
2009-06-05,1.826,-0.000547
2009-06-08,1.826,0.0
2009-06-09,1.832,0.003286
2009-06-10,1.838,0.003275
2009-06-11,1.834,-0.002176
2009-06-12,1.821,-0.007088
2009-06-15,1.836,0.008237
2009-06-16,1.836,0.0
2009-06-17,1.85,0.007625
2009-06-18,1.861,0.005946
2009-06-19,1.864,0.001612
2009-06-22,1.864,0.0
2009-06-23,1.866,0.001073
2009-06-24,1.87,0.002144
2009-06-25,1.87,0.0
2009-06-26,1.871,0.000535
2009-06-29,1.884,0.006948
2009-06-30,1.882,-0.001062
2009-07-01,1.898,0.008502
2009-07-02,1.907,0.004742
2009-07-03,1.917,0.005244
2009-07-06,1.926,0.004695
2009-07-07,1.922,-0.002077
2009-07-08,1.92,-0.001041
2009-07-09,1.933,0.006771
2009-07-10,1.936,0.001552
2009-07-13,1.934,-0.001033
2009-07-14,1.953,0.009824
2009-07-15,1.959,0.003072
2009-07-16,1.958,-0.00051
2009-07-17,1.958,0.0
2009-07-20,1.974,0.008172
2009-07-21,1.964,-0.005066
2009-07-22,1.979,0.007637
2009-07-23,1.992,0.006569
2009-07-24,1.994,0.001004
2009-07-27,2.011,0.008526
2009-07-28,2.016,0.002486
2009-07-29,1.966,-0.024802
2009-07-30,1.981,0.00763
2009-07-31,2.006,0.01262
2009-08-03,2.025,0.009472
2009-08-04,2.03,0.002469
2009-08-05,2.026,-0.00197
2009-08-06,2.013,-0.006417
2009-08-07,1.988,-0.012419
2009-08-10,1.991,0.001509
2009-08-11,1.994,0.001507
2009-08-12,1.956,-0.019057
2009-08-13,1.958,0.001022
2009-08-14,1.932,-0.013279
2009-08-17,1.883,-0.025362
2009-08-18,1.893,0.005311
2009-08-19,1.861,-0.016904
2009-08-20,1.893,0.017195
2009-08-21,1.908,0.007924
2009-08-24,1.922,0.007338
2009-08-25,1.901,-0.010926
2009-08-26,1.92,0.009995
2009-08-27,1.919,-0.000521
2009-08-28,1.891,-0.014591
2009-08-31,1.838,-0.028027
2009-09-01,1.84,0.001088
2009-09-02,1.849,0.004891
2009-09-03,1.886,0.020011
2009-09-04,1.896,0.005302
2009-09-07,1.908,0.006329
2009-09-08,1.922,0.007338
2009-09-09,1.924,0.001041
2009-09-10,1.917,-0.003638
2009-09-11,1.933,0.008346
2009-09-14,1.947,0.007243
2009-09-15,1.948,0.000514
2009-09-16,1.938,-0.005133
2009-09-17,1.954,0.008256
2009-09-18,1.928,-0.013306
2009-09-21,1.94,0.006224
2009-09-22,1.927,-0.006701
2009-09-23,1.912,-0.007784
2009-09-24,1.91,-0.001046
2009-09-25,1.906,-0.002094
2009-09-28,1.892,-0.007345
2009-09-29,1.891,-0.000529
2009-09-30,1.897,0.003173
2009-10-09,1.933,0.018977
2009-10-12,1.933,0.0
2009-10-13,1.943,0.005173
2009-10-14,1.946,0.001544
2009-10-15,1.947,0.000514
2009-10-16,1.947,0.0
2009-10-19,1.967,0.010272
2009-10-20,1.98,0.006609
2009-10-21,1.975,-0.002525
2009-10-22,1.974,-0.000506
2009-10-23,1.989,0.007599
2009-10-26,1.992,0.001508
2009-10-27,1.973,-0.009538
2009-10-28,1.976,0.001521
2009-10-29,1.961,-0.007591
2009-10-30,1.974,0.006629
2009-11-02,2.012,0.01925
2009-11-03,2.025,0.006461
2009-11-04,2.032,0.003457
2009-11-05,2.034,0.000984
2009-11-06,2.034,0.0
2009-11-09,2.038,0.001967
2009-11-10,2.044,0.002944
2009-11-11,2.045,0.000489
2009-11-12,2.048,0.001467
2009-11-13,2.058,0.004883
2009-11-16,2.082,0.011662
2009-11-17,2.083,0.00048
2009-11-18,2.08,-0.00144
2009-11-19,2.083,0.001442
2009-11-20,2.085,0.00096
2009-11-23,2.099,0.006715
2009-11-24,2.06,-0.01858
2009-11-25,2.088,0.013592
2009-11-26,2.046,-0.020115
2009-11-27,2.024,-0.010753
2009-11-30,2.061,0.018281
2009-12-01,2.078,0.008248
2009-12-02,2.088,0.004812
2009-12-03,2.086,-0.000958
2009-12-04,2.094,0.003835
2009-12-07,2.1,0.002865
2009-12-08,2.089,-0.005238
2009-12-09,2.069,-0.009574
2009-12-10,2.074,0.002417
2009-12-11,2.076,0.000964
2009-12-14,2.079,0.001445
2009-12-15,2.074,-0.002405
2009-12-16,2.067,-0.003375
2009-12-17,2.038,-0.01403
2009-12-18,2.011,-0.013248
2009-12-21,2.013,0.000995
2009-12-22,1.991,-0.010929
2009-12-23,2.003,0.006027
2009-12-24,2.032,0.014478
2009-12-25,2.031,-0.000492
2009-12-28,2.046,0.007386
2009-12-29,2.053,0.003421
2009-12-30,2.067,0.006819
2009-12-31,2.071,0.001935
2010-01-04,2.065,-0.002897
2010-01-05,2.067,0.000969
2010-01-06,2.061,-0.002903
2010-01-07,2.038,-0.01116
2010-01-08,2.043,0.002453
2010-01-11,2.04,-0.001468
2010-01-12,2.056,0.007843
2010-01-13,2.032,-0.011673
2010-01-14,2.049,0.008366
2010-01-15,2.057,0.003904
2010-01-18,2.067,0.004861
2010-01-19,2.065,-0.000968
2010-01-20,2.033,-0.015496
2010-01-21,2.039,0.002951
2010-01-22,2.02,-0.009318
2010-01-25,2.011,-0.004455
2010-01-26,1.987,-0.011934
2010-01-27,1.977,-0.005033
2010-01-28,1.984,0.003541
2010-01-29,1.988,0.002016
2010-02-01,1.976,-0.006036
2010-02-02,1.973,-0.001518
2010-02-03,1.99,0.008616
2010-02-04,1.986,-0.00201
2010-02-05,1.965,-0.010574
2010-02-08,1.961,-0.002036
2010-02-09,1.967,0.00306
2010-02-10,1.98,0.006609
2010-02-11,1.984,0.00202
2010-02-12,1.994,0.00504
2010-02-22,1.991,-0.001505
2010-02-23,1.984,-0.003516
2010-02-24,1.998,0.007056
2010-02-25,2.012,0.007007
2010-02-26,2.012,0.0
2010-03-01,2.02,0.003976
2010-03-02,2.016,-0.00198
2010-03-03,2.023,0.003472
2010-03-04,1.998,-0.012358
2010-03-05,2.002,0.002002
2010-03-08,2.009,0.003497
2010-03-09,2.014,0.002489
2010-03-10,2.006,-0.003972
2010-03-11,2.003,-0.001496
2010-03-12,1.992,-0.005492
2010-03-15,1.977,-0.00753
2010-03-16,1.983,0.003035
2010-03-17,2.004,0.01059
2010-03-18,2.003,-0.000499
2010-03-19,2.009,0.002996
2010-03-22,2.013,0.001991
2010-03-23,2.009,-0.001987
2010-03-24,2.012,0.001493
2010-03-25,2.002,-0.00497
2010-03-26,2.012,0.004995
2010-03-29,2.03,0.008946
2010-03-30,2.034,0.00197
2010-03-31,2.033,-0.000492
2010-04-01,2.051,0.008854
2010-04-02,2.057,0.002925
2010-04-06,2.054,-0.001458
2010-04-07,2.051,-0.001461
2010-04-08,2.04,-0.005363
2010-04-09,2.05,0.004902
2010-04-12,2.044,-0.002927
2010-04-13,2.05,0.002935
2010-04-14,2.055,0.002439
2010-04-15,2.047,-0.003893
2010-04-16,2.039,-0.003908
2010-04-19,1.996,-0.021089
2010-04-20,1.999,0.001503
2010-04-21,2.019,0.010005
2010-04-22,2.014,-0.002476
2010-04-23,2.009,-0.002483
2010-04-26,2.005,-0.001991
2010-04-27,1.985,-0.009975
2010-04-28,1.978,-0.003526
2010-04-29,1.97,-0.004044
2010-04-30,1.967,-0.001523
2010-05-04,1.955,-0.006101
2010-05-05,1.962,0.003581
2010-05-06,1.926,-0.018349
2010-05-07,1.911,-0.007788
2010-05-10,1.913,0.001047
2010-05-11,1.894,-0.009932
2010-05-12,1.898,0.002112
2010-05-13,1.92,0.011591
2010-05-14,1.916,-0.002083
2010-05-17,1.871,-0.023486
2010-05-18,1.89,0.010155
2010-05-19,1.891,0.000529
2010-05-20,1.882,-0.004759
2010-05-21,1.898,0.008502
2010-05-24,1.925,0.014226
2010-05-25,1.911,-0.007273
2010-05-26,1.908,-0.00157
2010-05-27,1.919,0.005765
2010-05-28,1.919,0.0
2010-05-31,1.898,-0.010943
2010-06-01,1.889,-0.004742
2010-06-02,1.891,0.001059
2010-06-03,1.885,-0.003173
2010-06-04,1.885,0.0
2010-06-07,1.874,-0.005836
2010-06-08,1.876,0.001067
2010-06-09,1.9,0.012793
2010-06-10,1.893,-0.003684
2010-06-11,1.896,0.001585
2010-06-17,1.891,-0.002637
2010-06-18,1.875,-0.008461
2010-06-21,1.898,0.012267
2010-06-22,1.901,0.001581
2010-06-23,1.893,-0.004208
2010-06-24,1.89,-0.001585
2010-06-25,1.884,-0.003175
2010-06-28,1.878,-0.003185
2010-06-29,1.842,-0.019169
2010-06-30,1.83,-0.006515
2010-07-01,1.82,-0.005464
2010-07-02,1.821,0.000549
2010-07-05,1.815,-0.003295
2010-07-06,1.83,0.008264
2010-07-07,1.838,0.004372
2010-07-08,1.837,-0.000544
2010-07-09,1.862,0.013609
2010-07-12,1.872,0.005371
2010-07-13,1.858,-0.007479
2010-07-14,1.863,0.002691
2010-07-15,1.85,-0.006978
2010-07-16,1.853,0.001622
2010-07-19,1.875,0.011873
2010-07-20,1.896,0.0112
2010-07-21,1.897,0.000527
2010-07-22,1.909,0.006326
2010-07-23,1.913,0.002095
2010-07-26,1.917,0.002091
2010-07-27,1.915,-0.001043
2010-07-28,1.935,0.010444
2010-07-29,1.937,0.001034
2010-07-30,1.936,-0.000516
2010-08-02,1.955,0.009814
2010-08-03,1.941,-0.007161
2010-08-04,1.946,0.002576
2010-08-05,1.94,-0.003083
2010-08-06,1.955,0.007732
2010-08-09,1.963,0.004092
2010-08-10,1.933,-0.015283
2010-08-11,1.939,0.003104
2010-08-12,1.929,-0.005157
2010-08-13,1.944,0.007776
2010-08-16,1.964,0.010288
2010-08-17,1.971,0.003564
2010-08-18,1.971,0.0
2010-08-19,1.976,0.002537
2010-08-20,1.956,-0.010121
2010-08-23,1.955,-0.000511
2010-08-24,1.96,0.002558
2010-08-25,1.94,-0.010204
2010-08-26,1.944,0.002062
2010-08-27,1.947,0.001543
2010-08-30,1.967,0.010272
2010-08-31,1.97,0.001525
2010-09-01,1.963,-0.003553
2010-09-02,1.978,0.007641
2010-09-03,1.981,0.001517
2010-09-06,1.995,0.007067
2010-09-07,1.997,0.001003
2010-09-08,1.996,-0.000501
2010-09-09,1.979,-0.008517
2010-09-10,1.986,0.003537
2010-09-13,1.999,0.006546
2010-09-14,2.0,0.0005
2010-09-15,1.98,-0.01
2010-09-16,1.959,-0.010606
2010-09-17,1.963,0.002042
2010-09-20,1.957,-0.003057
2010-09-21,1.958,0.000511
2010-09-27,1.98,0.011236
2010-09-28,1.975,-0.002525
2010-09-29,1.969,-0.003038
2010-09-30,1.987,0.009142
2010-10-08,2.021,0.017111
2010-10-11,2.043,0.010886
2010-10-12,2.053,0.004895
2010-10-13,2.066,0.006332
2010-10-14,2.058,-0.003872
2010-10-15,2.08,0.01069
2010-10-18,2.072,-0.003846
2010-10-19,2.098,0.012548
2010-10-20,2.108,0.004766
2010-10-21,2.101,-0.003321
2010-10-22,2.108,0.003332
2010-10-25,2.138,0.014231
2010-10-26,2.134,-0.001871
2010-10-27,2.113,-0.009841
2010-10-28,2.11,-0.00142
2010-10-29,2.108,-0.000948
2010-11-01,2.134,0.012334
2010-11-02,2.131,-0.001406
2010-11-03,2.121,-0.004693
2010-11-04,2.136,0.007072
2010-11-05,2.149,0.006086
2010-11-08,2.16,0.005119
2010-11-09,2.156,-0.001852
2010-11-10,2.146,-0.004638
2010-11-11,2.146,0.0
2010-11-12,2.078,-0.031687
2010-11-15,2.087,0.004331
2010-11-16,2.048,-0.018687
2010-11-17,2.024,-0.011719
2010-11-18,2.036,0.005929
2010-11-19,2.051,0.007367
2010-11-22,2.052,0.000488
2010-11-23,2.033,-0.009259
2010-11-24,2.056,0.011313
2010-11-25,2.069,0.006323
2010-11-26,2.062,-0.003383
2010-11-29,2.06,-0.00097
2010-11-30,2.039,-0.010194
2010-12-01,2.037,-0.000981
2010-12-02,2.041,0.001964
2010-12-03,2.042,0.00049
2010-12-06,2.038,-0.001959
2010-12-07,2.051,0.006379
2010-12-08,2.049,-0.000975
2010-12-09,2.036,-0.006345
2010-12-10,2.049,0.006385
2010-12-13,2.075,0.012689
2010-12-14,2.075,0.0
2010-12-15,2.068,-0.003373
2010-12-16,2.062,-0.002901
2010-12-17,2.065,0.001455
2010-12-20,2.049,-0.007748
2010-12-21,2.071,0.010737
2010-12-22,2.062,-0.004346
2010-12-23,2.052,-0.00485
2010-12-24,2.046,-0.002924
2010-12-27,2.025,-0.010264
2010-12-28,2.007,-0.008889
2010-12-29,2.012,0.002491
2010-12-30,2.015,0.001491
2010-12-31,2.038,0.011414
2011-01-04,2.058,0.009814
2011-01-05,2.055,-0.001458
2011-01-06,2.05,-0.002433
2011-01-07,2.05,0.0
2011-01-10,2.034,-0.007805
2011-01-11,2.033,-0.000492
2011-01-12,2.038,0.002459
2011-01-13,2.036,-0.000981
2011-01-14,2.016,-0.009823
2011-01-17,1.984,-0.015873
2011-01-18,1.984,0.0
2011-01-19,2.005,0.010585
2011-01-20,1.975,-0.014963
2011-01-21,1.987,0.006076
2011-01-24,1.975,-0.006039
2011-01-25,1.967,-0.004051
2011-01-26,1.978,0.005592
2011-01-27,1.994,0.008089
2011-01-28,2.002,0.004012
2011-01-31,2.015,0.006494
2011-02-01,2.017,0.000993
2011-02-09,2.006,-0.005454
2011-02-10,2.028,0.010967
2011-02-11,2.029,0.000493
2011-02-14,2.052,0.011336
2011-02-15,2.053,0.000487
2011-02-16,2.063,0.004871
2011-02-17,2.063,0.0
2011-02-18,2.052,-0.005332
2011-02-21,2.067,0.00731
2011-02-22,2.04,-0.013062
2011-02-23,2.045,0.002451
2011-02-24,2.049,0.001956
2011-02-25,2.049,0.0
2011-02-28,2.065,0.007809
2011-03-01,2.068,0.001453
2011-03-02,2.067,-0.000484
2011-03-03,2.055,-0.005806
2011-03-04,2.07,0.007299
2011-03-07,2.088,0.008696
2011-03-08,2.089,0.000479
2011-03-09,2.093,0.001915
2011-03-10,2.079,-0.006689
2011-03-11,2.07,-0.004329
2011-03-14,2.071,0.000483
2011-03-15,2.05,-0.01014
2011-03-16,2.06,0.004878
2011-03-17,2.048,-0.005825
2011-03-18,2.053,0.002441
2011-03-21,2.05,-0.001461
2011-03-22,2.054,0.001951
2011-03-23,2.067,0.006329
2011-03-24,2.064,-0.001451
2011-03-25,2.076,0.005814
2011-03-28,2.07,-0.00289
2011-03-29,2.058,-0.005797
2011-03-30,2.053,-0.00243
2011-03-31,2.044,-0.004384
2011-04-01,2.058,0.006849
2011-04-06,2.065,0.003401
2011-04-07,2.073,0.003874
2011-04-08,2.083,0.004824
2011-04-11,2.071,-0.005761
2011-04-12,2.066,-0.002414
2011-04-13,2.077,0.005324
2011-04-14,2.071,-0.002889
2011-04-15,2.072,0.000483
2011-04-18,2.075,0.001448
2011-04-19,2.064,-0.005301
2011-04-20,2.059,-0.002422
2011-04-21,2.065,0.002914
2011-04-22,2.059,-0.002906
2011-04-25,2.044,-0.007285
2011-04-26,2.041,-0.001468
2011-04-27,2.032,-0.00441
2011-04-28,2.014,-0.008858
2011-04-29,2.022,0.003972
2011-05-03,2.029,0.003462
2011-05-04,2.007,-0.010843
2011-05-05,2.005,-0.000997
2011-05-06,2.004,-0.000499
2011-05-09,2.006,0.000998
2011-05-10,2.012,0.002991
2011-05-11,2.012,0.0
2011-05-12,1.999,-0.006461
2011-05-13,2.008,0.004502
2011-05-16,2.003,-0.00249
2011-05-17,2.01,0.003495
2011-05-18,2.014,0.00199
2011-05-19,2.01,-0.001986
2011-05-20,2.007,-0.001493
2011-05-23,1.98,-0.013453
2011-05-24,1.981,0.000505
2011-05-25,1.972,-0.004543
2011-05-26,1.968,-0.002028
2011-05-27,1.961,-0.003557
2011-05-30,1.953,-0.00408
2011-05-31,1.967,0.007168
2011-06-01,1.971,0.002034
2011-06-02,1.957,-0.007103
2011-06-03,1.967,0.00511
2011-06-07,1.972,0.002542
2011-06-08,1.971,-0.000507
2011-06-09,1.956,-0.00761
2011-06-10,1.959,0.001534
2011-06-13,1.959,0.0
2011-06-14,1.97,0.005615
2011-06-15,1.964,-0.003046
2011-06-16,1.954,-0.005092
2011-06-17,1.947,-0.003582
2011-06-20,1.94,-0.003595
2011-06-21,1.95,0.005155
2011-06-22,1.95,0.0
2011-06-23,1.967,0.008718
2011-06-24,1.986,0.009659
2011-06-27,1.991,0.002518
2011-06-28,1.991,0.0
2011-06-29,1.98,-0.005525
2011-06-30,1.992,0.006061
2011-07-01,1.994,0.001004
2011-07-04,2.016,0.011033
2011-07-05,2.016,0.0
2011-07-06,2.014,-0.000992
2011-07-07,2.012,-0.000993
2011-07-08,2.014,0.000994
2011-07-11,2.021,0.003476
2011-07-12,2.006,-0.007422
2011-07-13,2.019,0.006481
2011-07-14,2.022,0.001486
2011-07-15,2.025,0.001484
2011-07-18,2.022,-0.001481
2011-07-19,2.014,-0.003956
2011-07-20,2.016,0.000993
2011-07-21,2.008,-0.003968
2011-07-22,2.011,0.001494
2011-07-25,1.98,-0.015415
2011-07-26,1.981,0.000505
2011-07-27,1.991,0.005048
2011-07-28,1.986,-0.002511
2011-07-29,1.981,-0.002518
2011-08-01,1.984,0.001514
2011-08-02,1.981,-0.001512
2011-08-03,1.981,0.0
2011-08-04,1.984,0.001514
2011-08-05,1.966,-0.009073
2011-08-08,1.934,-0.016277
2011-08-09,1.935,0.000517
2011-08-10,1.945,0.005168
2011-08-11,1.96,0.007712
2011-08-12,1.964,0.002041
2011-08-15,1.977,0.006619
2011-08-16,1.971,-0.003035
2011-08-17,1.968,-0.001522
2011-08-18,1.953,-0.007622
2011-08-19,1.948,-0.00256
2011-08-22,1.942,-0.00308
2011-08-23,1.953,0.005664
2011-08-24,1.952,-0.000512
2011-08-25,1.977,0.012807
2011-08-26,1.976,-0.000506
2011-08-29,1.964,-0.006073
2011-08-30,1.957,-0.003564
2011-08-31,1.957,0.0
2011-09-01,1.952,-0.002555
2011-09-02,1.942,-0.005123
2011-09-05,1.923,-0.009784
2011-09-06,1.917,-0.00312
2011-09-07,1.933,0.008346
2011-09-08,1.926,-0.003621
2011-09-09,1.924,-0.001038
2011-09-13,1.914,-0.005198
2011-09-14,1.919,0.002612
2011-09-15,1.918,-0.000521
2011-09-16,1.919,0.000521
2011-09-19,1.905,-0.007295
2011-09-20,1.906,0.000525
2011-09-21,1.93,0.012592
2011-09-22,1.907,-0.011917
2011-09-23,1.902,-0.002622
2011-09-26,1.884,-0.009464
2011-09-27,1.889,0.002654
2011-09-28,1.881,-0.004235
2011-09-29,1.875,-0.00319
2011-09-30,1.874,-0.000533
2011-10-10,1.87,-0.002134
2011-10-11,1.867,-0.001604
2011-10-12,1.897,0.016069
2011-10-13,1.902,0.002636
2011-10-14,1.9,-0.001052
2011-10-17,1.903,0.001579
2011-10-18,1.88,-0.012086
2011-10-19,1.876,-0.002128
2011-10-20,1.857,-0.010128
2011-10-21,1.853,-0.002154
2011-10-24,1.872,0.010254
2011-10-25,1.89,0.009615
2011-10-26,1.896,0.003175
2011-10-27,1.896,0.0
2011-10-28,1.914,0.009494
2011-10-31,1.913,-0.000522
2011-11-01,1.913,0.0
2011-11-02,1.926,0.006796
2011-11-03,1.928,0.001038
2011-11-04,1.932,0.002075
2011-11-07,1.927,-0.002588
2011-11-08,1.922,-0.002595
2011-11-09,1.931,0.004683
2011-11-10,1.917,-0.00725
2011-11-11,1.914,-0.001565
2011-11-14,1.93,0.008359
2011-11-15,1.929,-0.000518
2011-11-16,1.908,-0.010886
2011-11-17,1.906,-0.001048
2011-11-18,1.889,-0.008919
2011-11-21,1.889,0.0
2011-11-22,1.89,0.000529
2011-11-23,1.884,-0.003175
2011-11-24,1.888,0.002123
2011-11-25,1.882,-0.003178
2011-11-28,1.883,0.000531
2011-11-29,1.893,0.005311
2011-11-30,1.869,-0.012678
2011-12-01,1.889,0.010701
2011-12-02,1.881,-0.004235
2011-12-05,1.866,-0.007974
2011-12-06,1.864,-0.001072
2011-12-07,1.867,0.001609
2011-12-08,1.869,0.001071
2011-12-09,1.865,-0.00214
2011-12-12,1.856,-0.004826
2011-12-13,1.835,-0.011315
2011-12-14,1.824,-0.005995
2011-12-15,1.806,-0.009868
2011-12-16,1.822,0.008859
2011-12-19,1.822,0.0
2011-12-20,1.819,-0.001647
2011-12-21,1.805,-0.007697
2011-12-22,1.805,0.0
2011-12-23,1.809,0.002216
2011-12-26,1.804,-0.002764
2011-12-27,1.793,-0.006098
2011-12-28,1.791,-0.001115
2011-12-29,1.797,0.00335
2011-12-30,1.809,0.006678
2011-12-31,1.809,0.0
2012-01-04,1.791,-0.00995
2012-01-05,1.772,-0.010609
2012-01-06,1.77,-0.001129
2012-01-09,1.793,0.012994
2012-01-10,1.816,0.012828
2012-01-11,1.814,-0.001101
2012-01-12,1.812,-0.001103
2012-01-13,1.795,-0.009382
2012-01-16,1.775,-0.011142
2012-01-17,1.807,0.018028
2012-01-18,1.788,-0.010515
2012-01-19,1.8,0.006711
2012-01-20,1.813,0.007222
2012-01-30,1.806,-0.003861
2012-01-31,1.808,0.001107
2012-02-01,1.802,-0.003319
2012-02-02,1.815,0.007214
2012-02-03,1.823,0.004408
2012-02-06,1.824,0.000549
2012-02-07,1.81,-0.007675
2012-02-08,1.828,0.009945
2012-02-09,1.834,0.003282
2012-02-10,1.835,0.000545
2012-02-13,1.837,0.00109
2012-02-14,1.839,0.001089
2012-02-15,1.844,0.002719
2012-02-16,1.843,-0.000542
2012-02-17,1.844,0.000543
2012-02-20,1.846,0.001085
2012-02-21,1.855,0.004875
2012-02-22,1.866,0.00593
2012-02-23,1.87,0.002144
2012-02-24,1.879,0.004813
2012-02-27,1.881,0.001064
2012-02-28,1.88,-0.000532
2012-02-29,1.872,-0.004255
2012-03-01,1.874,0.001068
2012-03-02,1.889,0.008004
2012-03-05,1.886,-0.001588
2012-03-06,1.871,-0.007953
2012-03-07,1.867,-0.002138
2012-03-08,1.875,0.004285
2012-03-09,1.884,0.0048
2012-03-12,1.886,0.001062
2012-03-13,1.896,0.005302
2012-03-14,1.869,-0.014241
2012-03-15,1.87,0.000535
2012-03-16,1.88,0.005348
2012-03-19,1.882,0.001064
2012-03-20,1.867,-0.00797
2012-03-21,1.865,-0.001071
2012-03-22,1.865,0.0
2012-03-23,1.853,-0.006434
2012-03-26,1.854,0.00054
2012-03-27,1.849,-0.002697
2012-03-28,1.827,-0.011898
2012-03-29,1.818,-0.004926
2012-03-30,1.82,0.0011
2012-03-31,1.82,0.0
2012-04-05,1.838,0.00989
2012-04-06,1.841,0.001632
2012-04-09,1.836,-0.002716
2012-04-10,1.842,0.003268
2012-04-11,1.842,0.0
2012-04-12,1.856,0.0076
2012-04-13,1.858,0.001078
2012-04-16,1.856,-0.001076
2012-04-17,1.847,-0.004849
2012-04-18,1.861,0.00758
2012-04-19,1.861,0.0
2012-04-20,1.867,0.003224
2012-04-23,1.861,-0.003214
2012-04-24,1.861,0.0
2012-04-25,1.868,0.003761
2012-04-26,1.869,0.000535
2012-04-27,1.865,-0.00214
2012-05-02,1.883,0.009651
2012-05-03,1.886,0.001593
2012-05-04,1.893,0.003712
2012-05-07,1.897,0.002113
2012-05-08,1.892,-0.002636
2012-05-09,1.877,-0.007928
2012-05-10,1.877,0.0
2012-05-11,1.872,-0.002664
2012-05-14,1.867,-0.002671
2012-05-15,1.866,-0.000536
2012-05-16,1.853,-0.006967
2012-05-17,1.865,0.006476
2012-05-18,1.855,-0.005362
2012-05-21,1.858,0.001617
2012-05-22,1.869,0.00592
2012-05-23,1.869,0.0
2012-05-24,1.862,-0.003745
2012-05-25,1.854,-0.004296
2012-05-28,1.867,0.007012
2012-05-29,1.878,0.005892
2012-05-30,1.874,-0.00213
2012-05-31,1.869,-0.002668
2012-06-01,1.868,-0.000535
2012-06-04,1.846,-0.011777
2012-06-05,1.844,-0.001083
2012-06-06,1.843,-0.000542
2012-06-07,1.842,-0.000543
2012-06-08,1.836,-0.003257
2012-06-11,1.849,0.007081
2012-06-12,1.843,-0.003245
2012-06-13,1.857,0.007596
2012-06-14,1.85,-0.00377
2012-06-15,1.855,0.002703
2012-06-18,1.859,0.002156
2012-06-19,1.853,-0.003228
2012-06-20,1.851,-0.001079
2012-06-21,1.839,-0.006483
2012-06-25,1.821,-0.009788
2012-06-26,1.822,0.000549
2012-06-27,1.822,0.0
2012-06-28,1.813,-0.00494
2012-06-29,1.826,0.00717
2012-06-30,1.826,0.0
2012-07-02,1.829,0.001643
2012-07-03,1.829,0.0
2012-07-04,1.829,0.0
2012-07-05,1.819,-0.005467
2012-07-06,1.828,0.004948
2012-07-09,1.81,-0.009847
2012-07-10,1.806,-0.00221
2012-07-11,1.811,0.002769
2012-07-12,1.821,0.005522
2012-07-13,1.819,-0.001098
2012-07-16,1.8,-0.010445
2012-07-17,1.808,0.004444
2012-07-18,1.809,0.000553
2012-07-19,1.816,0.00387
2012-07-20,1.809,-0.003855
2012-07-23,1.799,-0.005528
2012-07-24,1.802,0.001668
2012-07-25,1.797,-0.002775
2012-07-26,1.795,-0.001113
2012-07-27,1.793,-0.001114
2012-07-30,1.788,-0.002789
2012-07-31,1.783,-0.002796
2012-08-01,1.792,0.005048
2012-08-02,1.786,-0.003348
2012-08-03,1.791,0.0028
2012-08-06,1.804,0.007259
2012-08-07,1.803,-0.000554
2012-08-08,1.804,0.000555
2012-08-09,1.81,0.003326
2012-08-10,1.808,-0.001105
2012-08-13,1.792,-0.00885
2012-08-14,1.798,0.003348
2012-08-15,1.79,-0.004449
2012-08-16,1.785,-0.002793
2012-08-17,1.786,0.00056
2012-08-20,1.783,-0.00168
2012-08-21,1.788,0.002804
2012-08-22,1.784,-0.002237
2012-08-23,1.785,0.000561
2012-08-24,1.775,-0.005602
2012-08-27,1.756,-0.010704
2012-08-28,1.758,0.001139
2012-08-29,1.751,-0.003982
2012-08-30,1.749,-0.001142
2012-08-31,1.749,0.0
2012-09-03,1.759,0.005718
2012-09-04,1.752,-0.00398
2012-09-05,1.75,-0.001142
2012-09-06,1.756,0.003429
2012-09-07,1.785,0.016515
2012-09-10,1.787,0.00112
2012-09-11,1.782,-0.002798
2012-09-12,1.785,0.001684
2012-09-13,1.776,-0.005042
2012-09-14,1.779,0.001689
2012-09-17,1.758,-0.011804
2012-09-18,1.754,-0.002275
2012-09-19,1.756,0.00114
2012-09-20,1.738,-0.010251
2012-09-21,1.737,-0.000575
2012-09-24,1.742,0.002879
2012-09-25,1.74,-0.001148
2012-09-26,1.731,-0.005172
2012-09-27,1.748,0.009821
2012-09-28,1.761,0.007437
2012-09-30,1.761,0.0
2012-10-08,1.757,-0.002271
2012-10-09,1.773,0.009106
2012-10-10,1.776,0.001692
2012-10-11,1.767,-0.005068
2012-10-12,1.766,-0.000566
2012-10-15,1.762,-0.002265
2012-10-16,1.764,0.001135
2012-10-17,1.765,0.000567
2012-10-18,1.777,0.006799
2012-10-19,1.775,-0.001125
2012-10-22,1.782,0.003944
2012-10-23,1.773,-0.005051
2012-10-24,1.773,0.0
2012-10-25,1.764,-0.005076
2012-10-26,1.751,-0.00737
2012-10-29,1.747,-0.002284
2012-10-30,1.748,0.000572
2012-10-31,1.751,0.001716
2012-11-01,1.763,0.006853
2012-11-02,1.766,0.001702
2012-11-05,1.765,-0.000566
2012-11-06,1.762,-0.0017
2012-11-07,1.759,-0.001703
2012-11-08,1.746,-0.007391
2012-11-09,1.744,-0.001145
2012-11-12,1.748,0.002294
2012-11-13,1.737,-0.006293
2012-11-14,1.738,0.000576
2012-11-15,1.731,-0.004028
2012-11-16,1.73,-0.000578
2012-11-19,1.73,0.0
2012-11-20,1.728,-0.001156
2012-11-21,1.734,0.003472
2012-11-22,1.729,-0.002884
2012-11-23,1.733,0.002313
2012-11-26,1.727,-0.003462
2012-11-27,1.715,-0.006948
2012-11-28,1.708,-0.004082
2012-11-29,1.705,-0.001756
2012-11-30,1.712,0.004106
2012-12-03,1.704,-0.004673
2012-12-04,1.712,0.004695
2012-12-05,1.734,0.01285
2012-12-06,1.734,0.0
2012-12-07,1.748,0.008074
2012-12-10,1.755,0.004005
2012-12-11,1.751,-0.002279
2012-12-12,1.752,0.000571
2012-12-13,1.743,-0.005137
2012-12-14,1.778,0.02008
2012-12-17,1.78,0.001125
2012-12-18,1.777,-0.001685
2012-12-19,1.778,0.000563
2012-12-20,1.782,0.00225
2012-12-21,1.783,0.000561
2012-12-24,1.791,0.004487
2012-12-25,1.811,0.011167
2012-12-26,1.815,0.002209
2012-12-27,1.809,-0.003306
2012-12-28,1.819,0.005528
2012-12-31,1.835,0.008796
2013-01-04,1.829,-0.00327
2013-01-07,1.832,0.00164
2013-01-08,1.831,-0.000546
2013-01-09,1.831,0.0
2013-01-10,1.833,0.001092
2013-01-11,1.815,-0.00982
2013-01-14,1.845,0.016529
2013-01-15,1.858,0.007046
2013-01-16,1.853,-0.002691
2013-01-17,1.844,-0.004857
2013-01-18,1.859,0.008134
2013-01-21,1.87,0.005917
2013-01-22,1.867,-0.001604
2013-01-23,1.867,0.0
2013-01-24,1.854,-0.006963
2013-01-25,1.851,-0.001618
2013-01-28,1.879,0.015127
2013-01-29,1.884,0.002661
2013-01-30,1.887,0.001592
2013-01-31,1.885,-0.00106
2013-02-01,1.898,0.006897
2013-02-04,1.903,0.002634
2013-02-05,1.906,0.001576
2013-02-06,1.906,0.0
2013-02-07,1.904,-0.001049
2013-02-08,1.911,0.003676
2013-02-18,1.91,-0.000523
2013-02-19,1.894,-0.008377
2013-02-20,1.904,0.00528
2013-02-21,1.882,-0.011555
2013-02-22,1.874,-0.004251
2013-02-25,1.884,0.005336
2013-02-26,1.875,-0.004777
2013-02-27,1.877,0.001067
2013-02-28,1.901,0.012786
2013-03-01,1.903,0.001052
2013-03-04,1.869,-0.017867
2013-03-05,1.893,0.012841
2013-03-06,1.903,0.005283
2013-03-07,1.889,-0.007357
2013-03-08,1.884,-0.002647
2013-03-11,1.881,-0.001592
2013-03-12,1.866,-0.007974
2013-03-13,1.856,-0.005359
2013-03-14,1.857,0.000539
2013-03-15,1.86,0.001616
2013-03-18,1.85,-0.005376
2013-03-19,1.853,0.001622
2013-03-20,1.879,0.014031
2013-03-21,1.885,0.003193
2013-03-22,1.886,0.000531
2013-03-25,1.882,-0.002121
2013-03-26,1.872,-0.005313
2013-03-27,1.877,0.002671
2013-03-28,1.851,-0.013852
2013-03-29,1.85,-0.00054
2013-04-01,1.854,0.002162
2013-04-02,1.846,-0.004315
2013-04-03,1.839,-0.003792
2013-04-08,1.837,-0.001088
2013-04-09,1.844,0.003811
2013-04-10,1.841,-0.001627
2013-04-11,1.841,0.0
2013-04-12,1.837,-0.002173
2013-04-15,1.83,-0.003811
2013-04-16,1.838,0.004372
2013-04-17,1.84,0.001088
2013-04-18,1.844,0.002174
2013-04-19,1.863,0.010304
2013-04-22,1.862,-0.000537
2013-04-23,1.839,-0.012352
2013-04-24,1.854,0.008157
2013-04-25,1.843,-0.005933
2013-04-26,1.835,-0.004341
2013-05-02,1.833,-0.00109
2013-05-03,1.847,0.007638
2013-05-06,1.86,0.007038
2013-05-07,1.863,0.001613
2013-05-08,1.868,0.002684
2013-05-09,1.865,-0.001606
2013-05-10,1.87,0.002681
2013-05-13,1.87,0.0
2013-05-14,1.861,-0.004813
2013-05-15,1.869,0.004299
2013-05-16,1.882,0.006956
2013-05-17,1.894,0.006376
2013-05-20,1.901,0.003696
2013-05-21,1.905,0.002104
2013-05-22,1.906,0.000525
2013-05-23,1.894,-0.006296
2013-05-24,1.901,0.003696
2013-05-27,1.913,0.006312
2013-05-28,1.923,0.005227
2013-05-29,1.925,0.00104
2013-05-30,1.923,-0.001039
2013-05-31,1.919,-0.00208
2013-06-03,1.918,-0.000521
2013-06-04,1.905,-0.006778
2013-06-05,1.904,-0.000525
2013-06-06,1.891,-0.006828
2013-06-07,1.877,-0.007403
2013-06-13,1.852,-0.013319
2013-06-14,1.86,0.00432
2013-06-17,1.861,0.000538
2013-06-18,1.865,0.002149
2013-06-19,1.858,-0.003753
2013-06-20,1.831,-0.014532
2013-06-21,1.832,0.000546
2013-06-24,1.784,-0.026201
2013-06-25,1.781,-0.001682
2013-06-26,1.784,0.001684
2013-06-27,1.781,-0.001682
2013-06-28,1.794,0.007299
2013-06-30,1.794,0.0
2013-07-01,1.802,0.004459
2013-07-02,1.804,0.00111
2013-07-03,1.804,0.0
2013-07-04,1.806,0.001109
2013-07-05,1.805,-0.000554
2013-07-08,1.788,-0.009418
2013-07-09,1.787,-0.000559
2013-07-10,1.808,0.011752
2013-07-11,1.839,0.017146
2013-07-12,1.832,-0.003806
2013-07-15,1.843,0.006004
2013-07-16,1.845,0.001085
2013-07-17,1.837,-0.004336
2013-07-18,1.829,-0.004355
2013-07-19,1.813,-0.008748
2013-07-22,1.822,0.004964
2013-07-23,1.842,0.010977
2013-07-24,1.839,-0.001629
2013-07-25,1.829,-0.005438
2013-07-26,1.826,-0.00164
2013-07-29,1.811,-0.008215
2013-07-30,1.812,0.000552
2013-07-31,1.818,0.003311
2013-08-01,1.835,0.009351
2013-08-02,1.837,0.00109
2013-08-05,1.845,0.004355
2013-08-06,1.848,0.001626
2013-08-07,1.844,-0.002165
2013-08-08,1.849,0.002711
2013-08-09,1.852,0.001622
2013-08-12,1.871,0.010259
2013-08-13,1.873,0.001069
2013-08-14,1.87,-0.001602
2013-08-15,1.858,-0.006417
2013-08-16,1.851,-0.003767
2013-08-19,1.863,0.006483
2013-08-20,1.861,-0.001074
2013-08-21,1.862,0.000537
2013-08-22,1.865,0.001611
2013-08-23,1.857,-0.00429
2013-08-26,1.872,0.008078
2013-08-27,1.873,0.000534
2013-08-28,1.864,-0.004805
2013-08-29,1.86,-0.002146
2013-08-30,1.858,-0.001075
2013-09-02,1.863,0.002691
2013-09-03,1.879,0.008588
2013-09-04,1.875,-0.002129
2013-09-05,1.873,-0.001067
2013-09-06,1.88,0.003737
2013-09-09,1.906,0.01383
2013-09-10,1.919,0.006821
2013-09-11,1.919,0.0
2013-09-12,1.926,0.003648
2013-09-13,1.92,-0.003115
2013-09-16,1.92,0.0
2013-09-17,1.898,-0.011458
2013-09-18,1.9,0.001054
2013-09-23,1.913,0.006842
2013-09-24,1.902,-0.00575
2013-09-25,1.897,-0.002629
2013-09-26,1.883,-0.00738
2013-09-27,1.891,0.004249
2013-09-30,1.899,0.004231
2013-10-08,1.912,0.006846
2013-10-09,1.922,0.00523
2013-10-10,1.911,-0.005723
2013-10-11,1.929,0.009419
2013-10-14,1.935,0.00311
2013-10-15,1.934,-0.000517
2013-10-16,1.916,-0.009307
2013-10-17,1.922,0.003132
2013-10-18,1.92,-0.001041
2013-10-21,1.946,0.013542
2013-10-22,1.939,-0.003597
2013-10-23,1.93,-0.004642
2013-10-24,1.926,-0.002073
2013-10-25,1.921,-0.002596
2013-10-28,1.92,-0.000521
2013-10-29,1.919,-0.000521
2013-10-30,1.929,0.005211
2013-10-31,1.914,-0.007776
2013-11-01,1.919,0.002612
2013-11-04,1.919,0.0
2013-11-05,1.922,0.001563
2013-11-06,1.911,-0.005723
2013-11-07,1.905,-0.00314
2013-11-08,1.891,-0.007349
2013-11-11,1.894,0.001586
2013-11-12,1.905,0.005808
2013-11-13,1.885,-0.010499
2013-11-14,1.889,0.002122
2013-11-15,1.907,0.009529
2013-11-18,1.936,0.015207
2013-11-19,1.935,-0.000517
2013-11-20,1.937,0.001034
2013-11-21,1.928,-0.004646
2013-11-22,1.923,-0.002593
2013-11-25,1.918,-0.0026
2013-11-26,1.915,-0.001564
2013-11-27,1.925,0.005222
2013-11-28,1.931,0.003117
2013-11-29,1.931,0.0
2013-12-02,1.919,-0.006214
2013-12-03,1.928,0.00469
2013-12-04,1.938,0.005187
2013-12-05,1.939,0.000516
2013-12-06,1.931,-0.004126
2013-12-09,1.93,-0.000518
2013-12-10,1.93,0.0
2013-12-11,1.914,-0.00829
2013-12-12,1.913,-0.000522
2013-12-13,1.912,-0.000523
2013-12-16,1.905,-0.003661
2013-12-17,1.904,-0.000525
2013-12-18,1.904,0.0
2013-12-19,1.895,-0.004727
2013-12-20,1.879,-0.008443
2013-12-23,1.884,0.002661
2013-12-24,1.889,0.002654
2013-12-25,1.897,0.004235
2013-12-26,1.886,-0.005799
2013-12-27,1.901,0.007953
2013-12-30,1.903,0.001052
2013-12-31,1.91,0.003678
2014-01-02,1.904,-0.003141
2014-01-03,1.891,-0.006828
2014-01-06,1.875,-0.008461
2014-01-07,1.876,0.000533
2014-01-08,1.876,0.0
2014-01-09,1.875,-0.000533
2014-01-10,1.867,-0.004267
2014-01-13,1.857,-0.005356
2014-01-14,1.865,0.004308
2014-01-15,1.867,0.001072
2014-01-16,1.87,0.001607
2014-01-17,1.857,-0.006952
2014-01-20,1.851,-0.003231
2014-01-21,1.859,0.004322
2014-01-22,1.879,0.010758
2014-01-23,1.882,0.001597
2014-01-24,1.891,0.004782
2014-01-27,1.884,-0.003702
2014-01-28,1.883,-0.000531
2014-01-29,1.89,0.003717
2014-01-30,1.881,-0.004762
2014-02-07,1.89,0.004785
2014-02-10,1.915,0.013228
2014-02-11,1.919,0.002089
2014-02-12,1.919,0.0
2014-02-13,1.917,-0.001042
2014-02-14,1.928,0.005738
2014-02-17,1.948,0.010373
2014-02-18,1.947,-0.000513
2014-02-19,1.955,0.004109
2014-02-20,1.941,-0.007161
2014-02-21,1.934,-0.003606
2014-02-24,1.921,-0.006722
2014-02-25,1.892,-0.015096
2014-02-26,1.898,0.003171
2014-02-27,1.896,-0.001054
2014-02-28,1.904,0.004219
2014-03-03,1.915,0.005777
2014-03-04,1.908,-0.003655
2014-03-05,1.902,-0.003145
2014-03-06,1.903,0.000526
2014-03-07,1.897,-0.003153
2014-03-10,1.864,-0.017396
2014-03-11,1.863,-0.000536
2014-03-12,1.868,0.002684
2014-03-13,1.878,0.005353
2014-03-14,1.87,-0.00426
2014-03-17,1.884,0.007487
2014-03-18,1.884,0.0
2014-03-19,1.878,-0.003185
2014-03-20,1.864,-0.007455
2014-03-21,1.885,0.011266
2014-03-24,1.89,0.002653
2014-03-25,1.887,-0.001587
2014-03-26,1.89,0.00159
2014-03-27,1.878,-0.006349
2014-03-28,1.869,-0.004792
2014-03-31,1.865,-0.00214
2014-04-01,1.873,0.00429
2014-04-02,1.877,0.002136
2014-04-03,1.872,-0.002664
2014-04-04,1.879,0.003739
2014-04-08,1.895,0.008515
2014-04-09,1.898,0.001583
2014-04-10,1.911,0.006849
2014-04-11,1.908,-0.00157
2014-04-14,1.907,-0.000524
2014-04-15,1.895,-0.006293
2014-04-16,1.893,-0.001055
2014-04-17,1.891,-0.001057
2014-04-18,1.891,0.0
2014-04-21,1.879,-0.006346
2014-04-22,1.876,-0.001597
2014-04-23,1.873,-0.001599
2014-04-24,1.869,-0.002136
2014-04-25,1.858,-0.005886
2014-04-28,1.841,-0.00915
2014-04-29,1.85,0.004889
2014-04-30,1.853,0.001622
2014-05-05,1.852,-0.00054
2014-05-06,1.855,0.00162
2014-05-07,1.844,-0.00593
2014-05-08,1.843,-0.000542
2014-05-09,1.835,-0.004341
2014-05-12,1.849,0.007629
2014-05-13,1.848,-0.000541
2014-05-14,1.849,0.000541
2014-05-15,1.836,-0.007031
2014-05-16,1.835,-0.000545
2014-05-19,1.828,-0.003815
2014-05-20,1.83,0.001094
2014-05-21,1.839,0.004918
2014-05-22,1.841,0.001088
2014-05-23,1.85,0.004889
2014-05-26,1.858,0.004324
2014-05-27,1.855,-0.001615
2014-05-28,1.863,0.004313
2014-05-29,1.859,-0.002147
2014-05-30,1.859,0.0
2014-06-03,1.855,-0.002152
2014-06-04,1.848,-0.003774
2014-06-05,1.856,0.004329
2014-06-06,1.855,-0.000539
2014-06-09,1.854,-0.000539
2014-06-10,1.864,0.005394
2014-06-11,1.869,0.002682
2014-06-12,1.865,-0.00214
2014-06-13,1.876,0.005898
2014-06-16,1.877,0.000533
2014-06-17,1.867,-0.005328
2014-06-18,1.863,-0.002142
2014-06-19,1.852,-0.005904
2014-06-20,1.861,0.00486
2014-06-23,1.862,0.000537
2014-06-24,1.865,0.001611
2014-06-25,1.864,-0.000536
2014-06-26,1.87,0.003219
2014-06-27,1.871,0.000535
2014-06-30,1.877,0.003207
2014-07-01,1.879,0.001066
2014-07-02,1.883,0.002129
2014-07-03,1.887,0.002124
2014-07-04,1.884,-0.00159
2014-07-07,1.879,-0.002654
2014-07-08,1.884,0.002661
2014-07-09,1.87,-0.007431
2014-07-10,1.868,-0.00107
2014-07-11,1.872,0.002141
2014-07-14,1.886,0.007479
2014-07-15,1.884,-0.00106
2014-07-16,1.877,-0.003715
2014-07-17,1.877,0.0
2014-07-18,1.882,0.002664
2014-07-21,1.88,-0.001063
2014-07-22,1.895,0.007979
2014-07-23,1.891,-0.002111
2014-07-24,1.905,0.007403
2014-07-25,1.911,0.00315
2014-07-28,1.929,0.009419
2014-07-29,1.935,0.00311
2014-07-30,1.937,0.001034
2014-07-31,1.946,0.004646
2014-08-01,1.935,-0.005653
2014-08-04,1.95,0.007752
2014-08-05,1.947,-0.001538
2014-08-06,1.945,-0.001027
2014-08-07,1.939,-0.003085
2014-08-08,1.94,0.000516
2014-08-11,1.951,0.00567
2014-08-12,1.95,-0.000513
2014-08-13,1.948,-0.001026
2014-08-14,1.941,-0.003593
2014-08-15,1.95,0.004637
2014-08-18,1.956,0.003077
2014-08-19,1.956,0.0
2014-08-20,1.953,-0.001534
2014-08-21,1.95,-0.001536
2014-08-22,1.955,0.002564
2014-08-25,1.946,-0.004604
2014-08-26,1.935,-0.005653
2014-08-27,1.937,0.001034
2014-08-28,1.929,-0.00413
2014-08-29,1.939,0.005184
2014-09-01,1.951,0.006189
2014-09-02,1.96,0.004613
2014-09-03,1.971,0.005612
2014-09-04,1.978,0.003551
2014-09-05,1.982,0.002022
2014-09-09,1.982,0.0
2014-09-10,1.982,0.0
2014-09-11,1.981,-0.000505
2014-09-12,1.984,0.001514
2014-09-15,1.982,-0.001008
2014-09-16,1.958,-0.012109
2014-09-17,1.964,0.003064
2014-09-18,1.968,0.002037
2014-09-19,1.974,0.003049
2014-09-22,1.956,-0.009119
2014-09-23,1.965,0.004601
2014-09-24,1.978,0.006616
2014-09-25,1.974,-0.002022
2014-09-26,1.973,-0.000507
2014-09-29,1.979,0.003041
2014-09-30,1.983,0.002021
2014-10-08,1.998,0.007564
2014-10-09,2.001,0.001502
2014-10-10,2.0,-0.0005
2014-10-13,1.996,-0.002
2014-10-14,1.99,-0.003006
2014-10-15,1.995,0.002513
2014-10-16,1.984,-0.005514
2014-10-17,1.978,-0.003024
2014-10-20,1.986,0.004044
2014-10-21,1.976,-0.005035
2014-10-22,1.971,-0.00253
2014-10-23,1.963,-0.004059
2014-10-24,1.962,-0.000509
2014-10-27,1.961,-0.00051
2014-10-28,1.98,0.009689
2014-10-29,1.993,0.006566
2014-10-30,1.991,-0.001004
2014-10-31,2.0,0.00452
2014-11-03,2.001,0.0005
2014-11-04,1.994,-0.003498
2014-11-05,1.991,-0.001505
2014-11-06,1.998,0.003516
2014-11-07,2.0,0.001001
2014-11-10,2.014,0.007
2014-11-11,2.004,-0.004965
2014-11-12,2.014,0.00499
2014-11-13,2.006,-0.003972
2014-11-14,2.005,-0.000499
2014-11-17,2.003,-0.000998
2014-11-18,2.0,-0.001498
2014-11-19,1.999,-0.0005
2014-11-20,2.0,0.0005
2014-11-21,2.014,0.007
2014-11-24,2.032,0.008937
2014-11-25,2.043,0.005413
2014-11-26,2.058,0.007342
2014-11-27,2.068,0.004859
2014-11-28,2.087,0.009188
2014-12-01,2.08,-0.003354
2014-12-02,2.112,0.015385
2014-12-03,2.123,0.005208
2014-12-04,2.162,0.01837
2014-12-05,2.156,-0.002775
2014-12-08,2.193,0.017161
2014-12-09,2.139,-0.024624
2014-12-10,2.186,0.021973
2014-12-11,2.182,-0.00183
2014-12-12,2.184,0.000917
2014-12-15,2.189,0.002289
2014-12-16,2.215,0.011878
2014-12-17,2.227,0.005418
2014-12-18,2.226,-0.000449
2014-12-19,2.234,0.003594
2014-12-22,2.234,0.0
2014-12-23,2.206,-0.012534
2014-12-24,2.183,-0.010426
2014-12-25,2.222,0.017865
2014-12-26,2.26,0.017102
2014-12-29,2.276,0.00708
2014-12-30,2.286,0.004394
2014-12-31,2.311,0.010936
2015-01-05,2.343,0.013847
2015-01-06,2.331,-0.005122
2015-01-07,2.326,-0.002145
2015-01-08,2.299,-0.011608
2015-01-09,2.298,-0.000435
2015-01-12,2.286,-0.005222
2015-01-13,2.287,0.000437
2015-01-14,2.284,-0.001312
2015-01-15,2.323,0.017075
2015-01-16,2.33,0.003013
2015-01-19,2.248,-0.035193
2015-01-20,2.27,0.009786
2015-01-21,2.328,0.025551
2015-01-22,2.333,0.002148
2015-01-23,2.334,0.000429
2015-01-26,2.343,0.003856
2015-01-27,2.33,-0.005548
2015-01-28,2.312,-0.007725
2015-01-29,2.299,-0.005623
2015-01-30,2.289,-0.00435
2015-02-02,2.266,-0.010048
2015-02-03,2.291,0.011033
2015-02-04,2.277,-0.006111
2015-02-05,2.265,-0.00527
2015-02-06,2.245,-0.00883
2015-02-09,2.249,0.001782
2015-02-10,2.269,0.008893
2015-02-11,2.278,0.003967
2015-02-12,2.278,0.0
2015-02-13,2.29,0.005268
2015-02-16,2.297,0.003057
2015-02-17,2.303,0.002612
2015-02-25,2.293,-0.004342
2015-02-26,2.318,0.010903
2015-02-27,2.32,0.000863
2015-03-02,2.338,0.007759
2015-03-03,2.316,-0.00941
2015-03-04,2.323,0.003022
2015-03-05,2.307,-0.006888
2015-03-06,2.303,-0.001734
2015-03-09,2.328,0.010855
2015-03-10,2.32,-0.003436
2015-03-11,2.316,-0.001724
2015-03-12,2.336,0.008636
2015-03-13,2.346,0.004281
2015-03-16,2.379,0.014066
2015-03-17,2.395,0.006726
2015-03-18,2.425,0.012526
2015-03-19,2.421,-0.001649
2015-03-20,2.436,0.006196
2015-03-23,2.466,0.012315
2015-03-24,2.464,-0.000811
2015-03-25,2.463,-0.000406
2015-03-26,2.468,0.00203
2015-03-27,2.48,0.004862
2015-03-30,2.533,0.021371
2015-03-31,2.528,-0.001974
2015-04-01,2.554,0.010285
2015-04-02,2.568,0.005482
2015-04-03,2.586,0.007009
2015-04-07,2.623,0.014308
2015-04-08,2.628,0.001906
2015-04-09,2.623,-0.001903
2015-04-10,2.665,0.016012
2015-04-13,2.69,0.009381
2015-04-14,2.673,-0.00632
2015-04-15,2.636,-0.013842
2015-04-16,2.672,0.013657
2015-04-17,2.693,0.007859
2015-04-20,2.656,-0.013739
2015-04-21,2.696,0.01506
2015-04-22,2.743,0.017433
2015-04-23,2.744,0.000365
2015-04-24,2.714,-0.010933
2015-04-27,2.74,0.00958
2015-04-28,2.706,-0.012409
2015-04-29,2.721,0.005543
2015-04-30,2.719,-0.000735
2015-05-04,2.74,0.007723
2015-05-05,2.675,-0.023723
2015-05-06,2.67,-0.001869
2015-05-07,2.646,-0.008989
2015-05-08,2.671,0.009448
2015-05-11,2.726,0.020592
2015-05-12,2.737,0.004035
2015-05-13,2.723,-0.005115
2015-05-14,2.722,-0.000367
2015-05-15,2.689,-0.012123
2015-05-18,2.691,0.000744
2015-05-19,2.741,0.01858
2015-05-20,2.756,0.005472
2015-05-21,2.804,0.017417
2015-05-22,2.852,0.017118
2015-05-25,2.887,0.012272
2015-05-26,2.937,0.017319
2015-05-27,2.937,0.0
2015-05-28,2.825,-0.038134
2015-05-29,2.831,0.002124
2015-06-01,2.909,0.027552
2015-06-02,2.953,0.015125
2015-06-03,2.958,0.001693
2015-06-04,2.969,0.003719
2015-06-05,2.99,0.007073
2015-06-08,3.0,0.003344
2015-06-09,2.989,-0.003667
2015-06-10,3.003,0.004684
2015-06-11,3.031,0.009324
2015-06-12,3.052,0.006928
2015-06-15,3.013,-0.012779
2015-06-16,2.952,-0.020246
2015-06-17,2.977,0.008469
2015-06-18,2.917,-0.020155
2015-06-19,2.8,-0.04011
2015-06-23,2.847,0.016786
2015-06-24,2.89,0.015104
2015-06-25,2.832,-0.020069
2015-06-26,2.701,-0.046257
2015-06-29,2.64,-0.022584
2015-06-30,2.733,0.035227
2015-07-01,2.641,-0.033663
2015-07-02,2.559,-0.031049
2015-07-03,2.473,-0.033607
2015-07-06,2.492,0.007683
2015-07-07,2.441,-0.020465
2015-07-08,2.357,-0.034412
2015-07-09,2.434,0.032669
2015-07-10,2.504,0.028759
2015-07-13,2.567,0.02516
2015-07-14,2.575,0.003116
2015-07-15,2.505,-0.027184
2015-07-16,2.527,0.008782
2015-07-17,2.599,0.028492
2015-07-20,2.616,0.006541
2015-07-21,2.629,0.004969
2015-07-22,2.638,0.003423
2015-07-23,2.685,0.017817
2015-07-24,2.656,-0.010801
2015-07-27,2.534,-0.045934
2015-07-28,2.521,-0.00513
2015-07-29,2.575,0.02142
2015-07-30,2.543,-0.012427
2015-07-31,2.539,-0.001573
2015-08-03,2.522,-0.006696
2015-08-04,2.58,0.022998
2015-08-05,2.563,-0.006589
2015-08-06,2.566,0.001171
2015-08-07,2.596,0.011691
2015-08-10,2.656,0.023112
2015-08-11,2.648,-0.003012
2015-08-12,2.628,-0.007553
2015-08-13,2.657,0.011035
2015-08-14,2.661,0.001505
2015-08-17,2.683,0.008268
2015-08-18,2.579,-0.038763
2015-08-19,2.598,0.007367
2015-08-20,2.545,-0.0204
2015-08-21,2.474,-0.027898
2015-08-24,2.364,-0.044462
2015-08-25,2.284,-0.033841
2015-08-26,2.287,0.001313
2015-08-27,2.348,0.026672
2015-08-28,2.402,0.022998
2015-08-31,2.381,-0.008743
2015-09-01,2.338,-0.01806
2015-09-02,2.338,0.0
2015-09-07,2.326,-0.005133
2015-09-08,2.366,0.017197
2015-09-09,2.395,0.012257
2015-09-10,2.376,-0.007933
2015-09-11,2.379,0.001263
2015-09-14,2.323,-0.023539
2015-09-15,2.277,-0.019802
2015-09-16,2.34,0.027668
2015-09-17,2.325,-0.00641
2015-09-18,2.335,0.004301
2015-09-21,2.364,0.01242
2015-09-22,2.371,0.002961
2015-09-23,2.356,-0.006326
2015-09-24,2.369,0.005518
2015-09-25,2.354,-0.006332
2015-09-28,2.369,0.006372
2015-09-29,2.349,-0.008442
2015-09-30,2.354,0.002129
2015-10-08,2.386,0.013594
2015-10-09,2.405,0.007963
2015-10-12,2.446,0.017048
2015-10-13,2.451,0.002044
2015-10-14,2.439,-0.004896
2015-10-15,2.465,0.01066
2015-10-16,2.48,0.006085
2015-10-19,2.484,0.001613
2015-10-20,2.491,0.002818
2015-10-21,2.446,-0.018065
2015-10-22,2.473,0.011038
2015-10-23,2.496,0.0093
2015-10-26,2.513,0.006811
2015-10-27,2.513,0.0
2015-10-28,2.495,-0.007163
2015-10-29,2.504,0.003607
2015-10-30,2.502,-0.000799
2015-11-02,2.484,-0.007194
2015-11-03,2.48,-0.00161
2015-11-04,2.529,0.019758
2015-11-05,2.536,0.002768
2015-11-06,2.555,0.007492
2015-11-09,2.568,0.005088
2015-11-10,2.564,-0.001558
2015-11-11,2.565,0.00039
2015-11-12,2.565,0.0
2015-11-13,2.549,-0.006238
2015-11-16,2.556,0.002746
2015-11-17,2.553,-0.001174
2015-11-18,2.537,-0.006267
2015-11-19,2.559,0.008672
2015-11-20,2.56,0.000391
2015-11-23,2.557,-0.001172
2015-11-24,2.557,0.0
2015-11-25,2.573,0.006257
2015-11-26,2.565,-0.003109
2015-11-27,2.51,-0.021442
2015-11-30,2.515,0.001992
2015-12-01,2.52,0.001988
2015-12-02,2.534,0.005556
2015-12-03,2.549,0.005919
2015-12-04,2.531,-0.007062
2015-12-07,2.534,0.001185
2015-12-08,2.513,-0.008287
2015-12-09,2.518,0.00199
2015-12-10,2.511,-0.00278
2015-12-11,2.508,-0.001195
2015-12-14,2.527,0.007576
2015-12-15,2.532,0.001979
2015-12-16,2.536,0.00158
2015-12-17,2.557,0.008281
2015-12-18,2.558,0.000391
2015-12-21,2.569,0.0043
2015-12-22,2.575,0.002336
2015-12-23,2.573,-0.000777
2015-12-24,2.569,-0.001555
2015-12-25,2.574,0.001946
2015-12-28,2.543,-0.012044
2015-12-29,2.558,0.005899
2015-12-30,2.563,0.001955
2015-12-31,2.551,-0.004682
2016-01-04,2.463,-0.034496
2016-01-05,2.464,0.000406
2016-01-06,2.484,0.008117
2016-01-07,2.403,-0.032609
2016-01-08,2.425,0.009155
2016-01-11,2.363,-0.025567
2016-01-12,2.366,0.00127
2016-01-13,2.331,-0.014793
2016-01-14,2.361,0.01287
2016-01-15,2.32,-0.017366
2016-01-18,2.327,0.003017
2016-01-19,2.364,0.0159
2016-01-20,2.351,-0.005499
2016-01-21,2.329,-0.009358
2016-01-22,2.336,0.003006
2016-01-25,2.34,0.001712
2016-01-26,2.294,-0.019658
2016-01-27,2.289,-0.00218
2016-01-28,2.269,-0.008737
2016-01-29,2.288,0.008374
2016-02-01,2.284,-0.001748
2016-02-02,2.303,0.008319
2016-02-03,2.308,0.002171
2016-02-04,2.318,0.004333
2016-02-05,2.312,-0.002588
2016-02-15,2.311,-0.000433
2016-02-16,2.334,0.009952
2016-02-17,2.341,0.002999
2016-02-18,2.339,-0.000854
2016-02-19,2.342,0.001283
2016-02-22,2.358,0.006832
2016-02-23,2.358,0.0
2016-02-24,2.36,0.000848
2016-02-25,2.316,-0.018644
2016-02-26,2.325,0.003886
2016-02-29,2.302,-0.009892
2016-03-01,2.313,0.004778
2016-03-02,2.344,0.013403
2016-03-03,2.344,0.0
2016-03-04,2.338,-0.00256
2016-03-07,2.345,0.002994
2016-03-08,2.344,-0.000426
2016-03-09,2.33,-0.005973
2016-03-10,2.319,-0.004721
2016-03-11,2.317,-0.000862
2016-03-14,2.333,0.006905
2016-03-15,2.332,-0.000429
2016-03-16,2.33,-0.000858
2016-03-17,2.344,0.006009
2016-03-18,2.361,0.007253
2016-03-21,2.372,0.004659
2016-03-22,2.37,-0.000843
2016-03-23,2.376,0.002532
2016-03-24,2.367,-0.003788
2016-03-25,2.369,0.000845
2016-03-28,2.364,-0.002111
2016-03-29,2.357,-0.002961
2016-03-30,2.376,0.008061
2016-03-31,2.377,0.000421
2016-04-01,2.381,0.001683
2016-04-05,2.394,0.00546
2016-04-06,2.397,0.001253
2016-04-07,2.391,-0.002503
2016-04-08,2.389,-0.000836
2016-04-11,2.398,0.003767
2016-04-12,2.4,0.000834
2016-04-13,2.405,0.002083
2016-04-14,2.407,0.000832
2016-04-15,2.405,-0.000831
2016-04-18,2.398,-0.002911
2016-04-19,2.401,0.001251
2016-04-20,2.387,-0.005831
2016-04-21,2.386,-0.000419
2016-04-22,2.388,0.000838
2016-04-25,2.385,-0.001256
2016-04-26,2.392,0.002935
2016-04-27,2.39,-0.000836
2016-04-28,2.386,-0.001674
2016-04-29,2.385,-0.000419
2016-05-03,2.397,0.005031
2016-05-04,2.396,-0.000417
2016-05-05,2.397,0.000417
2016-05-06,2.377,-0.008344
2016-05-09,2.36,-0.007152
2016-05-10,2.357,-0.001271
2016-05-11,2.356,-0.000424
2016-05-12,2.358,0.000849
2016-05-13,2.357,-0.000424
2016-05-16,2.363,0.002546
2016-05-17,2.363,0.0
2016-05-18,2.355,-0.003386
2016-05-19,2.356,0.000425
2016-05-20,2.363,0.002971
2016-05-23,2.368,0.002116
2016-05-24,2.363,-0.002111
2016-05-25,2.362,-0.000423
2016-05-26,2.368,0.00254
2016-05-27,2.366,-0.000845
2016-05-30,2.365,-0.000423
2016-05-31,2.383,0.007611
2016-06-01,2.385,0.000839
2016-06-02,2.387,0.000839
2016-06-03,2.389,0.000838
2016-06-06,2.39,0.000419
2016-06-07,2.393,0.001255
2016-06-08,2.387,-0.002507
2016-06-13,2.372,-0.006284
2016-06-14,2.373,0.000422
2016-06-15,2.387,0.0059
2016-06-16,2.386,-0.000419
2016-06-17,2.389,0.001257
2016-06-20,2.391,0.000837
2016-06-21,2.388,-0.001255
2016-06-22,2.393,0.002094
2016-06-23,2.39,-0.001254
2016-06-24,2.384,-0.00251
2016-06-27,2.392,0.003356
2016-06-28,2.394,0.000836
2016-06-29,2.396,0.000835
2016-06-30,2.396,0.0
2016-07-01,2.399,0.001252
2016-07-04,2.416,0.007086
2016-07-05,2.417,0.000414
2016-07-06,2.42,0.001241
2016-07-07,2.424,0.001653
2016-07-08,2.423,-0.000413
2016-07-11,2.425,0.000825
2016-07-12,2.441,0.006598
2016-07-13,2.444,0.001229
2016-07-14,2.44,-0.001637
2016-07-15,2.439,-0.00041
2016-07-18,2.433,-0.00246
2016-07-19,2.43,-0.001233
2016-07-20,2.426,-0.001646
2016-07-21,2.427,0.000412
2016-07-22,2.419,-0.003296
2016-07-25,2.42,0.000413
2016-07-26,2.432,0.004959
2016-07-27,2.408,-0.009868
2016-07-28,2.409,0.000415
2016-07-29,2.402,-0.002906
2016-08-01,2.397,-0.002082
2016-08-02,2.404,0.00292
2016-08-03,2.406,0.000832
2016-08-04,2.409,0.001247
2016-08-05,2.406,-0.001245
2016-08-08,2.418,0.004988
2016-08-09,2.42,0.000827
2016-08-10,2.422,0.000826
2016-08-11,2.41,-0.004955
2016-08-12,2.414,0.00166
2016-08-15,2.425,0.004557
2016-08-16,2.432,0.002887
2016-08-17,2.434,0.000822
2016-08-18,2.434,0.0
2016-08-19,2.432,-0.000822
2016-08-22,2.423,-0.003701
2016-08-23,2.423,0.0
2016-08-24,2.426,0.001238
2016-08-25,2.422,-0.001649
2016-08-26,2.425,0.001239
2016-08-29,2.43,0.002062
2016-08-30,2.432,0.000823
2016-08-31,2.429,-0.001234
2016-09-01,2.423,-0.00247
2016-09-02,2.422,-0.000413
2016-09-05,2.428,0.002477
2016-09-06,2.435,0.002883
2016-09-07,2.433,-0.000821
2016-09-08,2.44,0.002877
2016-09-09,2.436,-0.001639
2016-09-12,2.426,-0.004105
2016-09-13,2.42,-0.002473
2016-09-14,2.414,-0.002479
2016-09-19,2.419,0.002071
2016-09-20,2.422,0.00124
2016-09-21,2.42,-0.000826
2016-09-22,2.426,0.002479
2016-09-23,2.422,-0.001649
2016-09-26,2.413,-0.003716
2016-09-27,2.417,0.001658
2016-09-28,2.421,0.001655
2016-09-29,2.421,0.0
2016-09-30,2.424,0.001239
2016-10-10,2.433,0.003713
2016-10-11,2.44,0.002877
2016-10-12,2.44,0.0
2016-10-13,2.438,-0.00082
2016-10-14,2.439,0.00041
2016-10-17,2.433,-0.00246
2016-10-18,2.44,0.002877
2016-10-19,2.438,-0.00082
2016-10-20,2.438,0.0
2016-10-21,2.438,0.0
2016-10-24,2.441,0.001231
2016-10-25,2.437,-0.001639
2016-10-26,2.433,-0.001641
2016-10-27,2.434,0.000411
2016-10-28,2.431,-0.001233
2016-10-31,2.428,-0.001234
2016-11-01,2.432,0.001647
2016-11-02,2.43,-0.000822
2016-11-03,2.433,0.001235
2016-11-04,2.424,-0.003699
2016-11-07,2.428,0.00165
2016-11-08,2.431,0.001236
2016-11-09,2.425,-0.002468
2016-11-10,2.438,0.005361
2016-11-11,2.444,0.002461
2016-11-14,2.443,-0.000409
2016-11-15,2.443,0.0
2016-11-16,2.446,0.001228
2016-11-17,2.448,0.000818
2016-11-18,2.446,-0.000817
2016-11-21,2.448,0.000818
2016-11-22,2.449,0.000408
2016-11-23,2.447,-0.000817
2016-11-24,2.448,0.000409
2016-11-25,2.45,0.000817
2016-11-28,2.456,0.002449
2016-11-29,2.45,-0.002443
2016-11-30,2.44,-0.004082
2016-12-01,2.448,0.003279
2016-12-02,2.44,-0.003268
2016-12-05,2.435,-0.002049
2016-12-06,2.439,0.001643
2016-12-07,2.447,0.00328
2016-12-08,2.448,0.000409
2016-12-09,2.45,0.000817
2016-12-12,2.424,-0.010612
2016-12-13,2.435,0.004538
2016-12-14,2.432,-0.001232
2016-12-15,2.434,0.000822
2016-12-16,2.437,0.001233
2016-12-19,2.442,0.002052
2016-12-20,2.437,-0.002048
2016-12-21,2.445,0.003283
2016-12-22,2.445,0.0
2016-12-23,2.436,-0.003681
2016-12-26,2.439,0.001232
2016-12-27,2.436,-0.00123
2016-12-28,2.433,-0.001232
2016-12-29,2.43,-0.001233
2016-12-30,2.432,0.000823
2016-12-31,2.432,0.0
2017-01-03,2.44,0.003289
2017-01-04,2.451,0.004508
2017-01-05,2.45,-0.000408
2017-01-06,2.446,-0.001633
2017-01-09,2.452,0.002453
2017-01-10,2.452,0.0
2017-01-11,2.446,-0.002447
2017-01-12,2.434,-0.004906
2017-01-13,2.427,-0.002876
2017-01-16,2.413,-0.005768
2017-01-17,2.416,0.001243
2017-01-18,2.419,0.001242
2017-01-19,2.416,-0.00124
2017-01-20,2.424,0.003311
2017-01-23,2.432,0.0033
2017-01-24,2.433,0.000411
2017-01-25,2.435,0.000822
2017-01-26,2.441,0.002464
2017-02-03,2.435,-0.002458
2017-02-06,2.441,0.002464
2017-02-07,2.441,0.0
2017-02-08,2.446,0.002048
2017-02-09,2.448,0.000818
2017-02-10,2.454,0.002451
2017-02-13,2.463,0.003667
2017-02-14,2.466,0.001218
2017-02-15,2.459,-0.002839
2017-02-16,2.465,0.00244
2017-02-17,2.457,-0.003245
2017-02-20,2.468,0.004477
2017-02-21,2.471,0.001216
2017-02-22,2.478,0.002833
2017-02-23,2.476,-0.000807
2017-02-24,2.474,-0.000808
2017-02-27,2.468,-0.002425
2017-02-28,2.473,0.002026
2017-03-01,2.477,0.001617
2017-03-02,2.477,0.0
2017-03-03,2.479,0.000807
2017-03-06,2.485,0.00242
2017-03-07,2.481,-0.00161
2017-03-08,2.477,-0.001612
2017-03-09,2.473,-0.001615
2017-03-10,2.479,0.002426
2017-03-13,2.487,0.003227
2017-03-14,2.486,-0.000402
2017-03-15,2.49,0.001609
2017-03-16,2.495,0.002008
2017-03-17,2.485,-0.004008
2017-03-20,2.484,-0.000402
2017-03-21,2.495,0.004428
2017-03-22,2.498,0.001202
2017-03-23,2.501,0.001201
2017-03-24,2.503,0.0008
2017-03-27,2.496,-0.002797
2017-03-28,2.494,-0.000801
2017-03-29,2.492,-0.000802
2017-03-30,2.482,-0.004013
2017-03-31,2.494,0.004835
2017-04-05,2.513,0.007618
2017-04-06,2.513,0.0
2017-04-07,2.513,0.0
2017-04-10,2.505,-0.003183
2017-04-11,2.508,0.001198
2017-04-12,2.5,-0.00319
2017-04-13,2.505,0.002
2017-04-14,2.495,-0.003992
2017-04-17,2.494,-0.000401
2017-04-18,2.493,-0.000401
2017-04-19,2.492,-0.000401
2017-04-20,2.494,0.000803
2017-04-21,2.491,-0.001203
2017-04-24,2.474,-0.006825
2017-04-25,2.486,0.00485
2017-04-26,2.49,0.001609
2017-04-27,2.497,0.002811
2017-04-28,2.495,-0.000801
2017-05-02,2.496,0.000401
2017-05-03,2.495,-0.000401
2017-05-04,2.494,-0.000401
2017-05-05,2.482,-0.004812
2017-05-08,2.465,-0.006849
2017-05-09,2.475,0.004057
2017-05-10,2.463,-0.004848
2017-05-11,2.468,0.00203
2017-05-12,2.468,0.0
2017-05-15,2.471,0.001216
2017-05-16,2.49,0.007689
2017-05-17,2.491,0.000402
2017-05-18,2.483,-0.003212
2017-05-19,2.478,-0.002014
2017-05-22,2.469,-0.003632
2017-05-23,2.461,-0.00324
2017-05-24,2.463,0.000813
2017-05-25,2.467,0.001624
2017-05-26,2.46,-0.002837
2017-05-31,2.46,0.0
2017-06-01,2.45,-0.004065
2017-06-02,2.452,0.000816
2017-06-05,2.462,0.004078
2017-06-06,2.468,0.002437
2017-06-07,2.482,0.005673
2017-06-08,2.485,0.001209
2017-06-09,2.485,0.0
2017-06-12,2.48,-0.002012
2017-06-13,2.491,0.004435
2017-06-14,2.483,-0.003212
2017-06-15,2.49,0.002819
2017-06-16,2.487,-0.001205
2017-06-19,2.495,0.003217
2017-06-20,2.502,0.002806
2017-06-21,2.506,0.001599
2017-06-22,2.499,-0.002793
2017-06-23,2.51,0.004402
2017-06-26,2.53,0.007968
2017-06-27,2.531,0.000395
2017-06-28,2.526,-0.001976
2017-06-29,2.53,0.001584
2017-06-30,2.535,0.001976
2017-07-03,2.539,0.001578
2017-07-04,2.534,-0.001969
2017-07-05,2.55,0.006314
2017-07-06,2.555,0.001961
2017-07-07,2.559,0.001566
2017-07-10,2.559,0.0
2017-07-11,2.552,-0.002735
2017-07-12,2.557,0.001959
2017-07-13,2.558,0.000391
2017-07-14,2.564,0.002346
2017-07-17,2.543,-0.00819
2017-07-18,2.546,0.00118
2017-07-19,2.561,0.005892
2017-07-20,2.571,0.003905
2017-07-21,2.573,0.000778
2017-07-24,2.57,-0.001166
2017-07-25,2.568,-0.000778
2017-07-26,2.561,-0.002726
2017-07-27,2.561,0.0
2017-07-28,2.57,0.003514
2017-07-31,2.581,0.00428
2017-08-01,2.578,-0.001162
2017-08-02,2.572,-0.002327
2017-08-03,2.566,-0.002333
2017-08-04,2.555,-0.004287
2017-08-07,2.562,0.00274
2017-08-08,2.556,-0.002342
2017-08-09,2.563,0.002739
2017-08-10,2.554,-0.003512
2017-08-11,2.539,-0.005873
2017-08-14,2.55,0.004332
2017-08-15,2.556,0.002353
2017-08-16,2.552,-0.001565
2017-08-17,2.553,0.000392
2017-08-18,2.547,-0.00235
2017-08-21,2.555,0.003141
2017-08-22,2.558,0.001174
2017-08-23,2.553,-0.001955
2017-08-24,2.549,-0.001567
2017-08-25,2.56,0.004315
2017-08-28,2.571,0.004297
2017-08-29,2.569,-0.000778
2017-08-30,2.576,0.002725
2017-08-31,2.581,0.001941
2017-09-01,2.593,0.004649
2017-09-04,2.596,0.001157
2017-09-05,2.598,0.00077
2017-09-06,2.604,0.002309
2017-09-07,2.594,-0.00384
2017-09-08,2.597,0.001157
2017-09-11,2.613,0.006161
2017-09-12,2.607,-0.002296
2017-09-13,2.61,0.001151
2017-09-14,2.6,-0.003831
2017-09-15,2.592,-0.003077
2017-09-18,2.603,0.004244
2017-09-19,2.6,-0.001153
2017-09-20,2.605,0.001923
2017-09-21,2.598,-0.002687
2017-09-22,2.594,-0.00154
2017-09-25,2.579,-0.005783
2017-09-26,2.58,0.000388
2017-09-27,2.589,0.003488
2017-09-28,2.59,0.000386
2017-09-29,2.591,0.000386
2017-10-09,2.598,0.002702
2017-10-10,2.595,-0.001155
2017-10-11,2.593,-0.000771
2017-10-12,2.594,0.000386
2017-10-13,2.596,0.000771
2017-10-16,2.591,-0.001926
2017-10-17,2.591,0.0
2017-10-18,2.597,0.002316
2017-10-19,2.59,-0.002695
2017-10-20,2.596,0.002317
2017-10-23,2.601,0.001926
2017-10-24,2.608,0.002691
2017-10-25,2.618,0.003834
2017-10-26,2.619,0.000382
2017-10-27,2.629,0.003818
2017-10-30,2.626,-0.001141
2017-10-31,2.633,0.002666
2017-11-01,2.634,0.00038
2017-11-02,2.631,-0.001139
2017-11-03,2.629,-0.00076
2017-11-06,2.643,0.005325
2017-11-07,2.648,0.001892
2017-11-08,2.648,0.0
2017-11-09,2.658,0.003776
2017-11-10,2.674,0.00602
2017-11-13,2.674,0.0
2017-11-14,2.661,-0.004862
2017-11-15,2.657,-0.001503
2017-11-16,2.674,0.006398
2017-11-17,2.661,-0.004862
2017-11-20,2.669,0.003006
2017-11-21,2.689,0.007493
2017-11-22,2.68,-0.003347
2017-11-23,2.64,-0.014925
2017-11-24,2.637,-0.001136
2017-11-27,2.624,-0.00493
2017-11-28,2.632,0.003049
2017-11-29,2.638,0.00228
2017-11-30,2.626,-0.004549
2017-12-01,2.625,-0.000381
2017-12-04,2.632,0.002667
2017-12-05,2.63,-0.00076
2017-12-06,2.625,-0.001901
2017-12-07,2.612,-0.004952
2017-12-08,2.621,0.003446
2017-12-11,2.637,0.006105
2017-12-12,2.627,-0.003792
2017-12-13,2.645,0.006852
2017-12-14,2.642,-0.001134
2017-12-15,2.624,-0.006813
2017-12-18,2.624,0.0
2017-12-19,2.635,0.004192
2017-12-20,2.639,0.001518
2017-12-21,2.652,0.004926
2017-12-22,2.654,0.000754
2017-12-25,2.648,-0.002261
2017-12-26,2.651,0.001133
2017-12-27,2.634,-0.006413
2017-12-28,2.645,0.004176
2017-12-29,2.649,0.001512
2017-12-31,2.649,0.0
2018-01-02,2.669,0.00755
2018-01-03,2.676,0.002623
2018-01-04,2.687,0.004111
2018-01-05,2.694,0.002605
2018-01-08,2.709,0.005568
2018-01-09,2.724,0.005537
2018-01-10,2.727,0.001101
2018-01-11,2.72,-0.002567
2018-01-12,2.727,0.002574
2018-01-15,2.718,-0.0033
2018-01-16,2.734,0.005887
2018-01-17,2.718,-0.005852
2018-01-18,2.722,0.001472
2018-01-19,2.724,0.000735
2018-01-22,2.743,0.006975
2018-01-23,2.755,0.004375
2018-01-24,2.754,-0.000363
2018-01-25,2.75,-0.001452
2018-01-26,2.756,0.002182
2018-01-29,2.734,-0.007983
2018-01-30,2.722,-0.004389
2018-01-31,2.731,0.003306
2018-02-01,2.721,-0.003662
2018-02-02,2.73,0.003308
2018-02-05,2.725,-0.001832
2018-02-06,2.692,-0.01211
2018-02-07,2.655,-0.013744
2018-02-08,2.641,-0.005273
2018-02-09,2.605,-0.013631
2018-02-12,2.618,0.00499
2018-02-13,2.63,0.004584
2018-02-14,2.635,0.001901
2018-02-22,2.657,0.008349
2018-02-23,2.66,0.001129
2018-02-26,2.667,0.002632
2018-02-27,2.65,-0.006374
2018-02-28,2.642,-0.003019
2018-03-01,2.647,0.001893
2018-03-02,2.637,-0.003778
2018-03-05,2.641,0.001517
2018-03-06,2.655,0.005301
2018-03-07,2.647,-0.003013
2018-03-08,2.653,0.002267
2018-03-09,2.662,0.003392
2018-03-12,2.665,0.001127
2018-03-13,2.652,-0.004878
2018-03-14,2.649,-0.001131
2018-03-15,2.653,0.00151
2018-03-16,2.644,-0.003392
2018-03-19,2.648,0.001513
2018-03-20,2.648,0.0
2018-03-21,2.64,-0.003021
2018-03-22,2.629,-0.004167
2018-03-23,2.596,-0.012552
2018-03-26,2.598,0.00077
2018-03-27,2.61,0.004619
2018-03-28,2.595,-0.005747
2018-03-29,2.604,0.003468
2018-03-30,2.609,0.00192
2018-04-02,2.611,0.000767
2018-04-03,2.607,-0.001532
2018-04-04,2.601,-0.002301
2018-04-09,2.601,0.0
2018-04-10,2.61,0.00346
2018-04-11,2.614,0.001533
2018-04-12,2.608,-0.002295
2018-04-13,2.607,-0.000383
2018-04-16,2.603,-0.001534
2018-04-17,2.582,-0.008068
2018-04-18,2.594,0.004648
2018-04-19,2.596,0.000771
2018-04-20,2.575,-0.008089
2018-04-23,2.563,-0.00466
2018-04-24,2.58,0.006633
2018-04-25,2.583,0.001163
2018-04-26,2.568,-0.005807
2018-04-27,2.57,0.000779
2018-05-02,2.571,0.000389
2018-05-03,2.578,0.002723
2018-05-04,2.574,-0.001552
2018-05-07,2.591,0.006605
2018-05-08,2.595,0.001544
2018-05-09,2.594,-0.000385
2018-05-10,2.594,0.0
2018-05-11,2.586,-0.003084
2018-05-14,2.585,-0.000387
2018-05-15,2.591,0.002321
2018-05-16,2.588,-0.001158
2018-05-17,2.582,-0.002318
2018-05-18,2.591,0.003486
2018-05-21,2.595,0.001544
2018-05-22,2.594,-0.000385
2018-05-23,2.58,-0.005397
2018-05-24,2.58,0.0
2018-05-25,2.576,-0.00155
2018-05-28,2.578,0.000776
2018-05-29,2.565,-0.005043
2018-05-30,2.546,-0.007407
2018-05-31,2.559,0.005106
2018-06-01,2.545,-0.005471
2018-06-04,2.549,0.001572
2018-06-05,2.563,0.005492
2018-06-06,2.567,0.001561
2018-06-07,2.56,-0.002727
2018-06-08,2.551,-0.003516
2018-06-11,2.548,-0.001176
2018-06-12,2.562,0.005495
2018-06-13,2.554,-0.003123
2018-06-14,2.549,-0.001958
2018-06-15,2.541,-0.003138
2018-06-19,2.511,-0.011806
2018-06-20,2.518,0.002788
2018-06-21,2.508,-0.003971
2018-06-22,2.517,0.003589
2018-06-25,2.513,-0.001589
2018-06-26,2.511,-0.000796
2018-06-27,2.496,-0.005974
2018-06-28,2.491,-0.002003
2018-06-29,2.515,0.009635
2018-06-30,2.515,0.0
2018-07-02,2.496,-0.007555
2018-07-03,2.496,0.0
2018-07-04,2.481,-0.00601
2018-07-05,2.473,-0.003225
2018-07-06,2.475,0.000809
2018-07-09,2.499,0.009697
2018-07-10,2.503,0.001601
2018-07-11,2.494,-0.003596
2018-07-12,2.513,0.007618
2018-07-13,2.519,0.002388
2018-07-16,2.516,-0.001191
2018-07-17,2.515,-0.000397
2018-07-18,2.508,-0.002783
2018-07-19,2.505,-0.001196
2018-07-20,2.513,0.003194
2018-07-23,2.511,-0.000796
2018-07-24,2.519,0.003186
2018-07-25,2.52,0.000397
2018-07-26,2.506,-0.005556
2018-07-27,2.505,-0.000399
2018-07-30,2.497,-0.003194
2018-07-31,2.495,-0.000801
2018-08-01,2.486,-0.003607
2018-08-02,2.478,-0.003218
2018-08-03,2.462,-0.006457
2018-08-06,2.438,-0.009748
2018-08-07,2.452,0.005742
2018-08-08,2.435,-0.006933
2018-08-09,2.451,0.006571
2018-08-10,2.455,0.001632
2018-08-13,2.459,0.001629
2018-08-14,2.458,-0.000407
2018-08-15,2.448,-0.004068
2018-08-16,2.439,-0.003676
2018-08-17,2.428,-0.00451
2018-08-20,2.431,0.001236
2018-08-21,2.44,0.003702
2018-08-22,2.435,-0.002049
2018-08-23,2.44,0.002053
2018-08-24,2.439,-0.00041
2018-08-27,2.453,0.00574
2018-08-28,2.456,0.001223
2018-08-29,2.451,-0.002036
2018-08-30,2.439,-0.004896
2018-08-31,2.436,-0.00123
2018-09-03,2.437,0.000411
2018-09-04,2.441,0.001641
2018-09-05,2.428,-0.005326
2018-09-06,2.426,-0.000824
2018-09-07,2.426,0.0
2018-09-10,2.411,-0.006183
2018-09-11,2.408,-0.001244
2018-09-12,2.405,-0.001246
2018-09-13,2.411,0.002495
2018-09-14,2.409,-0.00083
2018-09-17,2.401,-0.003321
2018-09-18,2.412,0.004581
2018-09-19,2.42,0.003317
2018-09-20,2.42,0.0
2018-09-21,2.437,0.007025
2018-09-25,2.434,-0.001231
2018-09-26,2.439,0.002054
2018-09-27,2.434,-0.00205
2018-09-28,2.445,0.004519
2018-10-08,2.413,-0.013088
2018-10-09,2.407,-0.002487
2018-10-10,2.408,0.000415
2018-10-11,2.372,-0.01495
2018-10-12,2.377,0.002108
2018-10-15,2.367,-0.004207
2018-10-16,2.358,-0.003802
2018-10-17,2.359,0.000424
2018-10-18,2.345,-0.005935
2018-10-19,2.366,0.008955
2018-10-22,2.396,0.01268
2018-10-23,2.379,-0.007095
2018-10-24,2.372,-0.002942
2018-10-25,2.372,0.0
2018-10-26,2.361,-0.004637
2018-10-29,2.343,-0.007624
2018-10-30,2.35,0.002988
2018-10-31,2.359,0.00383
2018-11-01,2.359,0.0
2018-11-02,2.385,0.011022
2018-11-05,2.381,-0.001677
2018-11-06,2.379,-0.00084
2018-11-07,2.374,-0.002102
2018-11-08,2.367,-0.002949
2018-11-09,2.367,0.0
2018-11-12,2.378,0.004647
2018-11-13,2.388,0.004205
2018-11-14,2.379,-0.003769
2018-11-15,2.388,0.003783
2018-11-16,2.39,0.000838
2018-11-19,2.393,0.001255
2018-11-20,2.375,-0.007522
2018-11-21,2.378,0.001263
2018-11-22,2.376,-0.000841
2018-11-23,2.366,-0.004209
2018-11-26,2.363,-0.001268
2018-11-27,2.365,0.000846
2018-11-28,2.374,0.003805
2018-11-29,2.367,-0.002949
2018-11-30,2.374,0.002957
2018-12-03,2.391,0.007161
2018-12-04,2.393,0.000836
2018-12-05,2.392,-0.000418
2018-12-06,2.378,-0.005853
2018-12-07,2.379,0.000421
2018-12-10,2.375,-0.001681
2018-12-11,2.377,0.000842
2018-12-12,2.378,0.000421
2018-12-13,2.385,0.002944
2018-12-14,2.371,-0.00587
2018-12-17,2.367,-0.001687
2018-12-18,2.358,-0.003802
2018-12-19,2.35,-0.003393
2018-12-20,2.351,0.000426
2018-12-21,2.343,-0.003403
2018-12-24,2.35,0.002988
2018-12-25,2.348,-0.000851
2018-12-26,2.343,-0.002129
2018-12-27,2.34,-0.00128
2018-12-28,2.343,0.001282
2018-12-31,2.342,-0.000427
2019-01-02,2.337,-0.002135
2019-01-03,2.335,-0.000856
2019-01-04,2.354,0.008137
2019-01-07,2.359,0.002124
2019-01-08,2.358,-0.000424
2019-01-09,2.358,0.0
2019-01-10,2.355,-0.001272
2019-01-11,2.359,0.001699
2019-01-14,2.355,-0.001696
2019-01-15,2.365,0.004246
2019-01-16,2.369,0.001691
2019-01-17,2.361,-0.003377
2019-01-18,2.371,0.004235
2019-01-21,2.373,0.000844
2019-01-22,2.366,-0.00295
2019-01-23,2.367,0.000423
2019-01-24,2.372,0.002112
2019-01-25,2.375,0.001265
2019-01-28,2.375,0.0
2019-01-29,2.377,0.000842
2019-01-30,2.373,-0.001683
2019-01-31,2.377,0.001686
2019-02-01,2.39,0.005469
2019-02-11,2.403,0.005439
2019-02-12,2.405,0.000832
2019-02-13,2.416,0.004574
2019-02-14,2.412,-0.001656
2019-02-15,2.398,-0.005804
2019-02-18,2.426,0.011676
2019-02-19,2.421,-0.002061
2019-02-20,2.422,0.000413
2019-02-21,2.425,0.001239
2019-02-22,2.452,0.011134
2019-02-25,2.5,0.019576
2019-02-26,2.495,-0.002
2019-02-27,2.483,-0.00481
2019-02-28,2.479,-0.001611
2019-03-01,2.494,0.006051
2019-03-04,2.506,0.004812
2019-03-05,2.514,0.003192
2019-03-06,2.524,0.003978
2019-03-07,2.526,0.000792
2019-03-08,2.49,-0.014252
2019-03-11,2.506,0.006426
2019-03-12,2.526,0.007981
2019-03-13,2.504,-0.008709
2019-03-14,2.492,-0.004792
2019-03-15,2.502,0.004013
2019-03-18,2.524,0.008793
2019-03-19,2.52,-0.001585
2019-03-20,2.519,-0.000397
2019-03-21,2.523,0.001588
2019-03-22,2.521,-0.000793
2019-03-25,2.506,-0.00595
2019-03-26,2.492,-0.005587
2019-03-27,2.498,0.002408
2019-03-28,2.491,-0.002802
2019-03-29,2.521,0.012043
2019-04-01,2.544,0.009123
2019-04-02,2.541,-0.001179
2019-04-03,2.556,0.005903
2019-04-04,2.559,0.001174
2019-04-08,2.553,-0.002345
2019-04-09,2.55,-0.001175
2019-04-10,2.548,-0.000784
2019-04-11,2.531,-0.006672
2019-04-12,2.528,-0.001185
2019-04-15,2.524,-0.001582
2019-04-16,2.537,0.005151
2019-04-17,2.537,0.0
2019-04-18,2.532,-0.001971
2019-04-19,2.534,0.00079
2019-04-22,2.516,-0.007103
2019-04-23,2.517,0.000397
2019-04-24,2.523,0.002384
2019-04-25,2.508,-0.005945
2019-04-26,2.506,-0.000797
2019-04-29,2.504,-0.000798
2019-04-30,2.511,0.002796
2019-05-06,2.458,-0.021107
2019-05-07,2.468,0.004068
2019-05-08,2.458,-0.004052
2019-05-09,2.447,-0.004475
2019-05-10,2.481,0.013895
2019-05-13,2.468,-0.00524
2019-05-14,2.463,-0.002026
2019-05-15,2.478,0.00609
2019-05-16,2.478,0.0
2019-05-17,2.456,-0.008878
2019-05-20,2.446,-0.004072
2019-05-21,2.46,0.005724
2019-05-22,2.46,0.0
2019-05-23,2.448,-0.004878
2019-05-24,2.451,0.001225
2019-05-27,2.462,0.004488
2019-05-28,2.464,0.000812
2019-05-29,2.463,-0.000406
2019-05-30,2.458,-0.00203
2019-05-31,2.458,0.0
2019-06-03,2.455,-0.001221
2019-06-04,2.451,-0.001629
2019-06-05,2.451,0.0
2019-06-06,2.441,-0.00408
2019-06-10,2.448,0.002868
2019-06-11,2.473,0.010212
2019-06-12,2.465,-0.003235
2019-06-13,2.466,0.000406
2019-06-14,2.46,-0.002433
2019-06-17,2.459,-0.000407
2019-06-18,2.461,0.000813
2019-06-19,2.473,0.004876
2019-06-20,2.499,0.010514
2019-06-21,2.505,0.002401
2019-06-24,2.505,0.0
2019-06-25,2.499,-0.002395
2019-06-26,2.5,0.0004
2019-06-27,2.51,0.004
2019-06-28,2.507,-0.001195
2019-06-30,2.507,0.0
2019-07-01,2.528,0.008377
2019-07-02,2.531,0.001187
2019-07-03,2.518,-0.005136
2019-07-04,2.512,-0.002383
2019-07-05,2.517,0.00199
2019-07-08,2.504,-0.005165
2019-07-09,2.506,0.000799
2019-07-10,2.508,0.000798
2019-07-11,2.504,-0.001595
2019-07-12,2.505,0.000399
2019-07-15,2.512,0.002794
2019-07-16,2.509,-0.001194
2019-07-17,2.508,-0.000399
2019-07-18,2.497,-0.004386
2019-07-19,2.51,0.005206
2019-07-22,2.517,0.002789
2019-07-23,2.525,0.003178
2019-07-24,2.529,0.001584
2019-07-25,2.534,0.001977
2019-07-26,2.535,0.000395
2019-07-29,2.536,0.000394
2019-07-30,2.538,0.000789
2019-07-31,2.531,-0.002758
2019-08-01,2.523,-0.003161
2019-08-02,2.517,-0.002378
2019-08-05,2.504,-0.005165
2019-08-06,2.497,-0.002796
2019-08-07,2.494,-0.001201
2019-08-08,2.506,0.004812
2019-08-09,2.5,-0.002394
2019-08-12,2.514,0.0056
2019-08-13,2.509,-0.001989
2019-08-14,2.509,0.0
2019-08-15,2.513,0.001594
2019-08-16,2.515,0.000796
2019-08-19,2.532,0.006759
2019-08-20,2.528,-0.00158
2019-08-21,2.524,-0.001582
2019-08-22,2.528,0.001585
2019-08-23,2.533,0.001978
2019-08-26,2.525,-0.003158
2019-08-27,2.534,0.003564
2019-08-28,2.534,0.0
2019-08-29,2.533,-0.000395
2019-08-30,2.538,0.001974
2019-09-02,2.55,0.004728
2019-09-03,2.551,0.000392
2019-09-04,2.555,0.001568
2019-09-05,2.561,0.002348
2019-09-06,2.566,0.001952
2019-09-09,2.576,0.003897
2019-09-10,2.569,-0.002717
2019-09-11,2.56,-0.003503
2019-09-12,2.567,0.002734
2019-09-16,2.568,0.00039
2019-09-17,2.553,-0.005841
2019-09-18,2.566,0.005092
2019-09-19,2.571,0.001949
2019-09-20,2.577,0.002334
2019-09-23,2.573,-0.001552
2019-09-24,2.586,0.005052
2019-09-25,2.576,-0.003867
2019-09-26,2.566,-0.003882
2019-09-27,2.571,0.001949
2019-09-30,2.559,-0.004667
2019-10-08,2.561,0.000782
2019-10-09,2.561,0.0
2019-10-10,2.577,0.006248
2019-10-11,2.577,0.0
2019-10-14,2.587,0.00388
2019-10-15,2.58,-0.002706
2019-10-16,2.573,-0.002713
2019-10-17,2.575,0.000777
2019-10-18,2.567,-0.003107
2019-10-21,2.568,0.00039
2019-10-22,2.58,0.004673
2019-10-23,2.57,-0.003876
2019-10-24,2.571,0.000389
2019-10-25,2.579,0.003112
2019-10-28,2.596,0.006592
2019-10-29,2.587,-0.003467
2019-10-30,2.59,0.00116
2019-10-31,2.575,-0.005792
2019-11-01,2.59,0.005825
2019-11-04,2.595,0.001931
2019-11-05,2.604,0.003468
2019-11-06,2.598,-0.002304
2019-11-07,2.6,0.00077
2019-11-08,2.593,-0.002692
2019-11-11,2.58,-0.005013
2019-11-12,2.582,0.000775
2019-11-13,2.587,0.001936
2019-11-14,2.594,0.002706
2019-11-15,2.586,-0.003084
2019-11-18,2.591,0.001933
2019-11-19,2.604,0.005017
2019-11-20,2.596,-0.003072
2019-11-21,2.594,-0.00077
2019-11-22,2.587,-0.002699
2019-11-25,2.582,-0.001933
2019-11-26,2.586,0.001549
2019-11-27,2.586,0.0
2019-11-28,2.584,-0.000773
2019-11-29,2.575,-0.003483
2019-12-02,2.579,0.001553
2019-12-03,2.579,0.0
2019-12-04,2.575,-0.001551
2019-12-05,2.588,0.005049
2019-12-06,2.596,0.003091
2019-12-09,2.598,0.00077
2019-12-10,2.601,0.001155
2019-12-11,2.605,0.001538
2019-12-12,2.598,-0.002687
2019-12-13,2.619,0.008083
2019-12-16,2.625,0.002291
2019-12-17,2.636,0.00419
2019-12-18,2.633,-0.001138
2019-12-19,2.629,-0.001519
2019-12-20,2.626,-0.001141
2019-12-23,2.619,-0.002666
2019-12-24,2.633,0.005346
2019-12-25,2.636,0.001139
2019-12-26,2.64,0.001517
2019-12-27,2.637,-0.001136
2019-12-30,2.647,0.003792
2019-12-31,2.653,0.002267
2020-01-02,2.666,0.0049
2020-01-03,2.663,-0.001125
2020-01-06,2.669,0.002253
2020-01-07,2.675,0.002248
2020-01-08,2.666,-0.003364
2020-01-09,2.68,0.005251
2020-01-10,2.678,-0.000746
2020-01-13,2.692,0.005228
2020-01-14,2.694,0.000743
2020-01-15,2.69,-0.001485
2020-01-16,2.685,-0.001859
2020-01-17,2.691,0.002235
2020-01-20,2.704,0.004831
2020-01-21,2.688,-0.005917
2020-01-22,2.712,0.008929
2020-01-23,2.685,-0.009956
2020-02-03,2.611,-0.027561
2020-02-04,2.65,0.014937
2020-02-05,2.664,0.005283
2020-02-06,2.684,0.007508
2020-02-07,2.681,-0.001118
2020-02-10,2.705,0.008952
2020-02-11,2.708,0.001109
2020-02-12,2.732,0.008863
2020-02-13,2.729,-0.001098
2020-02-14,2.732,0.001099
2020-02-17,2.756,0.008785
2020-02-18,2.757,0.000363
2020-02-19,2.738,-0.006892
2020-02-20,2.763,0.009131
2020-02-21,2.775,0.004343
2020-02-24,2.783,0.002883
2020-02-25,2.792,0.003234
2020-02-26,2.757,-0.012536
2020-02-27,2.772,0.005441
2020-02-28,2.74,-0.011544
2020-03-02,2.771,0.011314
2020-03-03,2.786,0.005413
2020-03-04,2.783,-0.001077
2020-03-05,2.785,0.000719
2020-03-06,2.774,-0.00395
2020-03-09,2.733,-0.01478
2020-03-10,2.76,0.009879
2020-03-11,2.741,-0.006884
2020-03-12,2.724,-0.006202
2020-03-13,2.724,0.0
2020-03-16,2.672,-0.01909
2020-03-17,2.672,0.0
2020-03-18,2.652,-0.007485
2020-03-19,2.646,-0.002262
2020-03-20,2.665,0.007181
2020-03-23,2.63,-0.013133
2020-03-24,2.648,0.006844
2020-03-25,2.676,0.010574
2020-03-26,2.671,-0.001868
2020-03-27,2.672,0.000374
2020-03-30,2.66,-0.004491
2020-03-31,2.66,0.0
2020-04-01,2.658,-0.000752
2020-04-02,2.673,0.005643
2020-04-03,2.666,-0.002619
2020-04-07,2.701,0.013128
2020-04-08,2.701,0.0
2020-04-09,2.706,0.001851
2020-04-10,2.689,-0.006282
2020-04-13,2.682,-0.002603
2020-04-14,2.7,0.006711
2020-04-15,2.695,-0.001852
2020-04-16,2.692,-0.001113
2020-04-17,2.7,0.002972
2020-04-20,2.708,0.002963
2020-04-21,2.703,-0.001846
2020-04-22,2.705,0.00074
2020-04-23,2.694,-0.004067
2020-04-24,2.69,-0.001485
2020-04-27,2.704,0.005204
2020-04-28,2.711,0.002589
2020-04-29,2.712,0.000369
2020-04-30,2.723,0.004056
2020-05-06,2.735,0.004407
2020-05-07,2.736,0.000366
2020-05-08,2.747,0.00402
2020-05-11,2.751,0.001456
2020-05-12,2.76,0.003272
2020-05-13,2.768,0.002899
2020-05-14,2.755,-0.004697
2020-05-15,2.749,-0.002178
2020-05-18,2.748,-0.000364
2020-05-19,2.76,0.004367
2020-05-20,2.75,-0.003623
2020-05-21,2.741,-0.003273
2020-05-22,2.724,-0.006202
2020-05-25,2.724,0.0
2020-05-26,2.74,0.005874
2020-05-27,2.726,-0.005109
2020-05-28,2.727,0.000367
2020-05-29,2.735,0.002934
2020-06-01,2.769,0.012431
2020-06-02,2.764,-0.001806
2020-06-03,2.764,0.0
2020-06-04,2.762,-0.000724
2020-06-05,2.77,0.002896
2020-06-08,2.774,0.001444
2020-06-09,2.787,0.004686
2020-06-10,2.8,0.004665
2020-06-11,2.795,-0.001786
2020-06-12,2.792,-0.001073
2020-06-15,2.783,-0.003223
2020-06-16,2.804,0.007546
2020-06-17,2.802,-0.000713
2020-06-18,2.805,0.001071
2020-06-19,2.82,0.005348
2020-06-22,2.826,0.002128
2020-06-23,2.835,0.003185
2020-06-24,2.843,0.002822
2020-06-29,2.843,0.0
2020-06-30,2.862,0.006683
2020-07-01,2.872,0.003494
2020-07-02,2.882,0.003482
2020-07-03,2.893,0.003817
2020-07-06,2.949,0.019357
2020-07-07,2.963,0.004747
2020-07-08,2.987,0.0081
2020-07-09,3.003,0.005357
2020-07-10,2.987,-0.005328
2020-07-13,3.031,0.01473
2020-07-14,3.009,-0.007258
2020-07-15,2.992,-0.00565
2020-07-16,2.937,-0.018382
2020-07-17,2.942,0.001702
2020-07-20,2.969,0.009177
2020-07-21,2.98,0.003705
2020-07-22,2.989,0.00302
2020-07-23,2.988,-0.000335
2020-07-24,2.929,-0.019746
2020-07-27,2.935,0.002048
2020-07-28,2.95,0.005111
2020-07-29,2.984,0.011525
2020-07-30,2.977,-0.002346
2020-07-31,2.991,0.004703
2020-08-03,3.019,0.009361
2020-08-04,3.007,-0.003975
2020-08-05,3.013,0.001995
2020-08-06,3.012,-0.000332
2020-08-07,2.996,-0.005312
2020-08-10,3.0,0.001335
2020-08-11,2.989,-0.003667
2020-08-12,2.973,-0.005353
2020-08-13,2.977,0.001345
2020-08-14,2.996,0.006382
2020-08-17,3.018,0.007343
2020-08-18,3.028,0.003313
2020-08-19,3.011,-0.005614
2020-08-20,2.996,-0.004982
2020-08-21,3.005,0.003004
2020-08-24,3.036,0.010316
2020-08-25,3.045,0.002964
2020-08-26,3.027,-0.005911
2020-08-27,3.041,0.004625
2020-08-28,3.087,0.015127
2020-08-31,3.088,0.000324
2020-09-01,3.098,0.003238
2020-09-02,3.098,0.0
2020-09-03,3.099,0.000323
2020-09-04,3.083,-0.005163
2020-09-07,3.042,-0.013299
2020-09-08,3.042,0.0
2020-09-09,3.006,-0.011834
2020-09-10,3.01,0.001331
2020-09-11,3.035,0.008306
2020-09-14,3.043,0.002636
2020-09-15,3.055,0.003943
2020-09-16,3.044,-0.003601
2020-09-17,3.041,-0.000986
2020-09-18,3.062,0.006906
2020-09-21,3.051,-0.003592
2020-09-22,3.036,-0.004916
2020-09-23,3.047,0.003623
2020-09-24,3.016,-0.010174
2020-09-25,3.015,-0.000332
2020-09-28,3.015,0.0
2020-09-29,3.015,0.0
2020-09-30,3.015,0.0
2020-10-09,3.05,0.011609
2020-10-12,3.094,0.014426
2020-10-13,3.102,0.002586
2020-10-14,3.1,-0.000645
2020-10-15,3.094,-0.001935
2020-10-16,3.084,-0.003232
2020-10-19,3.068,-0.005188
2020-10-20,3.091,0.007497
2020-10-21,3.083,-0.002588
2020-10-22,3.081,-0.000649
2020-10-23,3.05,-0.010062
2020-10-26,3.056,0.001967
2020-10-27,3.063,0.002291
2020-10-28,3.086,0.007509
2020-10-29,3.109,0.007453
2020-10-30,3.072,-0.011901
2020-11-02,3.077,0.001628
2020-11-03,3.095,0.00585
2020-11-04,3.111,0.00517
2020-11-05,3.133,0.007072
2020-11-06,3.122,-0.003511
2020-11-09,3.149,0.008648
2020-11-10,3.141,-0.00254
2020-11-11,3.121,-0.006367
2020-11-12,3.134,0.004165
2020-11-13,3.117,-0.005424
2020-11-16,3.13,0.004171
2020-11-17,3.115,-0.004792
2020-11-18,3.11,-0.001605
2020-11-19,3.125,0.004823
2020-11-20,3.131,0.00192
2020-11-23,3.145,0.004471
2020-11-24,3.135,-0.00318
2020-11-25,3.1,-0.011164
2020-11-26,3.1,0.0
2020-11-27,3.111,0.003548
2020-11-30,3.096,-0.004822
2020-12-01,3.123,0.008721
2020-12-02,3.123,0.0
2020-12-03,3.125,0.00064
2020-12-04,3.14,0.0048
2020-12-07,3.138,-0.000637
2020-12-08,3.145,0.002231
2020-12-09,3.127,-0.005723
2020-12-10,3.123,-0.001279
2020-12-11,3.113,-0.003202
2020-12-14,3.137,0.00771
2020-12-15,3.146,0.002869
2020-12-16,3.149,0.000954
2020-12-17,3.163,0.004446
2020-12-18,3.152,-0.003478
2020-12-21,3.179,0.008566
2020-12-22,3.149,-0.009437
2020-12-23,3.159,0.003176
2020-12-24,3.154,-0.001583
2020-12-25,3.17,0.005073
2020-12-28,3.177,0.002208
2020-12-29,3.169,-0.002518
2020-12-30,3.207,0.011991
2020-12-31,3.242,0.010914
2021-01-04,3.283,0.012647
2021-01-05,3.34,0.017362
2021-01-06,3.345,0.001497
2021-01-07,3.376,0.009268
2021-01-08,3.349,-0.007998
2021-01-11,3.329,-0.005972
2021-01-12,3.377,0.014419
2021-01-13,3.36,-0.005034
2021-01-14,3.324,-0.010714
2021-01-15,3.331,0.002106
2021-01-18,3.353,0.006605
2021-01-19,3.33,-0.00686
2021-01-20,3.352,0.006607
2021-01-21,3.383,0.009248
2021-01-22,3.404,0.006208
2021-01-25,3.427,0.006757
2021-01-26,3.391,-0.010505
2021-01-27,3.388,-0.000885
2021-01-28,3.34,-0.014168
2021-01-29,3.343,0.000898
2021-02-01,3.371,0.008376
2021-02-02,3.401,0.008899
2021-02-03,3.394,-0.002058
2021-02-04,3.399,0.001473
2021-02-05,3.379,-0.005884
2021-02-08,3.413,0.010062
2021-02-09,3.462,0.014357
2021-02-10,3.494,0.009243
2021-02-18,3.477,-0.004865
2021-02-19,3.47,-0.002013
2021-02-22,3.423,-0.013545
2021-02-23,3.415,-0.002337
2021-02-24,3.364,-0.014934
2021-02-25,3.363,-0.000297
2021-02-26,3.326,-0.011002
2021-03-01,3.36,0.010222
2021-03-02,3.345,-0.004464
2021-03-03,3.364,0.00568
2021-03-04,3.316,-0.014269
2021-03-05,3.305,-0.003317
2021-03-08,3.262,-0.013011
2021-03-09,3.232,-0.009197
2021-03-10,3.244,0.003713
2021-03-11,3.285,0.012639
2021-03-12,3.3,0.004566
2021-03-15,3.273,-0.008182
2021-03-16,3.276,0.000917
2021-03-17,3.282,0.001832
2021-03-18,3.304,0.006703
2021-03-19,3.277,-0.008172
2021-03-22,3.284,0.002136
2021-03-23,3.253,-0.00944
2021-03-24,3.216,-0.011374
2021-03-25,3.225,0.002799
2021-03-26,3.255,0.009302
2021-03-29,3.259,0.001229
2021-03-30,3.272,0.003989
2021-03-31,3.263,-0.002751
2021-04-01,3.284,0.006436
2021-04-02,3.294,0.003045
2021-04-06,3.299,0.001518
2021-04-07,3.299,0.0
2021-04-08,3.308,0.002728
2021-04-09,3.288,-0.006046
2021-04-12,3.257,-0.009428
2021-04-13,3.26,0.000921
2021-04-14,3.275,0.004601
2021-04-15,3.277,0.000611
2021-04-16,3.282,0.001526
2021-04-19,3.307,0.007617
2021-04-20,3.318,0.003326
2021-04-21,3.306,-0.003617
2021-04-22,3.329,0.006957
2021-04-23,3.347,0.005407
2021-04-26,3.345,-0.000598
2021-04-27,3.342,-0.000897
2021-04-28,3.349,0.002095
2021-04-29,3.345,-0.001194
2021-04-30,3.331,-0.004185
2021-05-06,3.334,0.000901
2021-05-07,3.316,-0.005399
2021-05-10,3.32,0.001206
2021-05-11,3.31,-0.003012
2021-05-12,3.327,0.005136
2021-05-13,3.293,-0.010219
2021-05-14,3.303,0.003037
2021-05-17,3.324,0.006358
2021-05-18,3.331,0.002106
2021-05-19,3.312,-0.005704
2021-05-20,3.304,-0.002415
2021-05-21,3.3,-0.001211
2021-05-24,3.308,0.002424
2021-05-25,3.349,0.012394
2021-05-26,3.353,0.001194
2021-05-27,3.358,0.001491
2021-05-28,3.348,-0.002978
2021-05-31,3.354,0.001792
2021-06-01,3.367,0.003876
2021-06-02,3.348,-0.005643
2021-06-03,3.338,-0.002987
2021-06-04,3.343,0.001498
2021-06-07,3.343,0.0
2021-06-08,3.329,-0.004188
2021-06-09,3.343,0.004205
2021-06-10,3.359,0.004786
2021-06-11,3.354,-0.001489
2021-06-15,3.353,-0.000298
2021-06-16,3.317,-0.010737
2021-06-17,3.324,0.00211
2021-06-18,3.327,0.000903
2021-06-21,3.34,0.003907
2021-06-22,3.344,0.001198
2021-06-23,3.358,0.004187
2021-06-24,3.357,-0.000298
2021-06-25,3.377,0.005958
2021-06-28,3.382,0.001481
2021-06-29,3.373,-0.002661
2021-06-30,3.393,0.005929
2021-07-01,3.382,-0.003242
2021-07-02,3.351,-0.009166
2021-07-05,3.379,0.008356
2021-07-06,3.376,-0.000888
2021-07-07,3.402,0.007701
2021-07-08,3.398,-0.001176
2021-07-09,3.401,0.000883
2021-07-12,3.431,0.008821
2021-07-13,3.422,-0.002623
2021-07-14,3.415,-0.002046
2021-07-15,3.439,0.007028
2021-07-16,3.44,0.000291
2021-07-19,3.434,-0.001744
2021-07-20,3.429,-0.001456
2021-07-21,3.459,0.008749
2021-07-22,3.484,0.007228
2021-07-23,3.477,-0.002009
2021-07-26,3.454,-0.006615
2021-07-27,3.401,-0.015345
2021-07-28,3.386,-0.00441
2021-07-29,3.433,0.013881
2021-07-30,3.462,0.008447
2021-08-02,3.464,0.000578
2021-08-03,3.437,-0.007794
2021-08-04,3.463,0.007565
2021-08-05,3.443,-0.005775
2021-08-06,3.439,-0.001162
2021-08-09,3.45,0.003199
2021-08-10,3.465,0.004348
2021-08-11,3.473,0.002309
2021-08-12,3.474,0.000288
2021-08-13,3.468,-0.001727
2021-08-16,3.454,-0.004037
2021-08-17,3.421,-0.009554
2021-08-18,3.429,0.002338
2021-08-19,3.427,-0.000583
2021-08-20,3.423,-0.001167
2021-08-23,3.46,0.010809
2021-08-24,3.473,0.003757
2021-08-25,3.478,0.00144
2021-08-26,3.473,-0.001438
2021-08-27,3.475,0.000576
2021-08-30,3.476,0.000288
2021-08-31,3.494,0.005178
2021-09-01,3.482,-0.003434
2021-09-02,3.508,0.007467
2021-09-03,3.481,-0.007697
2021-09-06,3.51,0.008331
2021-09-07,3.545,0.009972
2021-09-08,3.546,0.000282
2021-09-09,3.564,0.005076
2021-09-10,3.571,0.001964
2021-09-13,3.594,0.006441
2021-09-14,3.577,-0.00473
2021-09-15,3.571,-0.001677
2021-09-16,3.548,-0.006441
2021-09-17,3.529,-0.005355
2021-09-22,3.527,-0.000567
2021-09-23,3.505,-0.006238
2021-09-24,3.481,-0.006847
2021-09-27,3.453,-0.008044
2021-09-28,3.462,0.002606
2021-09-29,3.415,-0.013576
2021-09-30,3.446,0.009078
2021-10-08,3.435,-0.003192
2021-10-11,3.445,0.002911
2021-10-12,3.415,-0.008708
2021-10-13,3.418,0.000878
2021-10-14,3.426,0.002341
2021-10-15,3.442,0.00467
2021-10-18,3.453,0.003196
2021-10-19,3.465,0.003475
2021-10-20,3.451,-0.00404
2021-10-21,3.467,0.004636
2021-10-22,3.452,-0.004327
2021-10-25,3.468,0.004635
2021-10-26,3.459,-0.002595
2021-10-27,3.432,-0.007806
2021-10-28,3.401,-0.009033
2021-10-29,3.403,0.000588
2021-11-01,3.419,0.004702
2021-11-02,3.405,-0.004095
2021-11-03,3.402,-0.000881
2021-11-04,3.418,0.004703
2021-11-05,3.401,-0.004974
2021-11-08,3.405,0.001176
2021-11-09,3.416,0.003231
2021-11-10,3.407,-0.002635
2021-11-11,3.428,0.006164
2021-11-12,3.445,0.004959
2021-11-15,3.439,-0.001742
2021-11-16,3.418,-0.006106
2021-11-17,3.436,0.005266
2021-11-18,3.443,0.002037
2021-11-19,3.464,0.006099
2021-11-22,3.491,0.007794
2021-11-23,3.487,-0.001146
2021-11-24,3.489,0.000574
2021-11-25,3.479,-0.002866
2021-11-26,3.48,0.000287
2021-11-29,3.491,0.003161
2021-11-30,3.493,0.000573
2021-12-01,3.488,-0.001431
2021-12-02,3.476,-0.00344
2021-12-03,3.49,0.004028
2021-12-06,3.483,-0.002006
2021-12-07,3.476,-0.00201
2021-12-08,3.512,0.010357
2021-12-09,3.517,0.001424
2021-12-10,3.517,0.0
2021-12-13,3.536,0.005402
2021-12-14,3.543,0.00198
2021-12-15,3.537,-0.001693
2021-12-16,3.545,0.002262
2021-12-17,3.521,-0.00677
2021-12-20,3.506,-0.00426
2021-12-21,3.514,0.002282
2021-12-22,3.525,0.00313
2021-12-23,3.542,0.004823
2021-12-24,3.524,-0.005082
2021-12-27,3.52,-0.001135
2021-12-28,3.529,0.002557
2021-12-29,3.516,-0.003684
2021-12-30,3.528,0.003413
2021-12-31,3.545,0.004819
2022-01-04,3.531,-0.003949
2022-01-05,3.497,-0.009629
2022-01-06,3.497,0.0
2022-01-07,3.483,-0.004003
2022-01-10,3.495,0.003445
2022-01-11,3.486,-0.002575
2022-01-12,3.509,0.006598
2022-01-13,3.473,-0.010259
2022-01-14,3.485,0.003455
2022-01-17,3.506,0.006026
2022-01-18,3.509,0.000856
2022-01-19,3.49,-0.005415
2022-01-20,3.485,-0.001433
2022-01-21,3.454,-0.008895
2022-01-24,3.451,-0.000869
2022-01-25,3.412,-0.011301
2022-01-26,3.42,0.002345
2022-01-27,3.395,-0.00731
2022-01-28,3.387,-0.002356
2022-02-07,3.383,-0.001181
2022-02-08,3.379,-0.001182
2022-02-09,3.402,0.006807
2022-02-10,3.395,-0.002058
2022-02-11,3.37,-0.007364
2022-02-14,3.359,-0.003264
2022-02-15,3.382,0.006847
2022-02-16,3.385,0.000887
2022-02-17,3.387,0.000591
2022-02-18,3.391,0.001181
2022-02-21,3.4,0.002654
2022-02-22,3.38,-0.005882
2022-02-23,3.412,0.009467
2022-02-24,3.384,-0.008206
2022-02-25,3.401,0.005024
2022-02-28,3.412,0.003234
2022-03-01,3.416,0.001172
2022-03-02,3.41,-0.001756
2022-03-03,3.388,-0.006452
2022-03-04,3.374,-0.004132
2022-03-07,3.339,-0.010373
2022-03-08,3.309,-0.008985
2022-03-09,3.294,-0.004533
2022-03-10,3.323,0.008804
2022-03-11,3.331,0.002407
2022-03-14,3.299,-0.009607
2022-03-15,3.249,-0.015156
2022-03-16,3.279,0.009234
2022-03-17,3.302,0.007014
2022-03-18,3.305,0.000909
2022-03-21,3.312,0.002118
2022-03-22,3.306,-0.001812
2022-03-23,3.321,0.004537
2022-03-24,3.312,-0.00271
2022-03-25,3.291,-0.006341
2022-03-28,3.279,-0.003646
2022-03-29,3.279,0.0
2022-03-30,3.307,0.008539
2022-03-31,3.29,-0.005141
2022-04-01,3.293,0.000912
2022-04-06,3.282,-0.00334
2022-04-07,3.267,-0.00457
2022-04-08,3.257,-0.003061
2022-04-11,3.217,-0.012281
2022-04-12,3.231,0.004352
2022-04-13,3.223,-0.002476
2022-04-14,3.236,0.004034
2022-04-15,3.225,-0.003399
2022-04-18,3.233,0.002481
2022-04-19,3.235,0.000619
2022-04-20,3.22,-0.004637
2022-04-21,3.19,-0.009317
2022-04-22,3.181,-0.002821
2022-04-25,3.121,-0.018862
2022-04-26,3.102,-0.006088
2022-04-27,3.147,0.014507
2022-04-28,3.148,0.000318
2022-04-29,3.186,0.012071
2022-05-05,3.195,0.002825
2022-05-06,3.173,-0.006886
2022-05-09,3.18,0.002206
2022-05-10,3.19,0.003145
2022-05-11,3.209,0.005956
2022-05-12,3.202,-0.002181
2022-05-13,3.199,-0.000937
2022-05-16,3.204,0.001563
2022-05-17,3.212,0.002497
2022-05-18,3.217,0.001557
2022-05-19,3.221,0.001243
2022-05-20,3.233,0.003726
2022-05-23,3.237,0.001237
2022-05-24,3.201,-0.011121
2022-05-25,3.206,0.001562
2022-05-26,3.215,0.002807
2022-05-27,3.217,0.000622
2022-05-30,3.234,0.005284
2022-05-31,3.255,0.006494
2022-06-01,3.256,0.000307
2022-06-02,3.269,0.003993
2022-06-06,3.3,0.009483
2022-06-07,3.306,0.001818
2022-06-08,3.312,0.001815
2022-06-09,3.29,-0.006643
2022-06-10,3.313,0.006991
2022-06-13,3.314,0.000302
2022-06-14,3.317,0.000905
2022-06-15,3.323,0.001809
2022-06-16,3.323,0.0
2022-06-17,3.341,0.005417
2022-06-20,3.346,0.001497
2022-06-21,3.33,-0.004782
2022-06-22,3.316,-0.004204
2022-06-23,3.34,0.007238
2022-06-24,3.354,0.004192
2022-06-27,3.362,0.002385
2022-06-28,3.37,0.00238
2022-06-29,3.343,-0.008012
2022-06-30,3.353,0.002991
2022-07-01,3.351,-0.000596
2022-07-04,3.365,0.004178
2022-07-05,3.357,-0.002377
2022-07-06,3.337,-0.005958
2022-07-07,3.345,0.002397
2022-07-08,3.335,-0.00299
2022-07-11,3.319,-0.004798
2022-07-12,3.305,-0.004218
2022-07-13,3.305,0.0
2022-07-14,3.323,0.005446
2022-07-15,3.309,-0.004213
2022-07-18,3.316,0.002115
2022-07-19,3.317,0.000302
2022-07-20,3.331,0.004221
2022-07-21,3.323,-0.002402
2022-07-22,3.315,-0.002407
2022-07-25,3.306,-0.002715
2022-07-26,3.321,0.004537
2022-07-27,3.335,0.004216
2022-07-28,3.343,0.002399
2022-07-29,3.33,-0.003889
2022-08-01,3.339,0.002703
2022-08-02,3.312,-0.008086
2022-08-03,3.314,0.000604
2022-08-04,3.316,0.000604
2022-08-05,3.335,0.00573
2022-08-08,3.356,0.006297
2022-08-09,3.363,0.002086
2022-08-10,3.369,0.001784
2022-08-11,3.383,0.004156
2022-08-12,3.367,-0.00473
2022-08-15,3.374,0.002079
2022-08-16,3.376,0.000593
2022-08-17,3.375,-0.000296
2022-08-18,3.38,0.001481
2022-08-19,3.355,-0.007396
2022-08-22,3.365,0.002981
2022-08-23,3.369,0.001189
2022-08-24,3.328,-0.01217
2022-08-25,3.327,-0.0003
2022-08-26,3.319,-0.002405
2022-08-29,3.328,0.002712
2022-08-30,3.321,-0.002103
2022-08-31,3.29,-0.009335
2022-09-01,3.285,-0.00152
2022-09-02,3.289,0.001218
2022-09-05,3.292,0.000912
2022-09-06,3.313,0.006379
2022-09-07,3.32,0.002113
2022-09-08,3.314,-0.001807
2022-09-09,3.318,0.001207
2022-09-13,3.322,0.001206
2022-09-14,3.311,-0.003311
2022-09-15,3.282,-0.008759
2022-09-16,3.269,-0.003961
2022-09-19,3.262,-0.002141
2022-09-20,3.27,0.002452
2022-09-21,3.265,-0.001529
2022-09-22,3.269,0.001225
2022-09-23,3.256,-0.003977
2022-09-26,3.248,-0.002457
2022-09-27,3.264,0.004926
2022-09-28,3.236,-0.008578
2022-09-29,3.244,0.002472
2022-09-30,3.228,-0.004932
2022-10-10,3.201,-0.008364
2022-10-11,3.204,0.000937
2022-10-12,3.227,0.007179
2022-10-13,3.228,0.00031
2022-10-14,3.244,0.004957
2022-10-17,3.255,0.003391
2022-10-18,3.254,-0.000307
2022-10-19,3.241,-0.003995
2022-10-20,3.238,-0.000926
2022-10-21,3.239,0.000309
2022-10-24,3.236,-0.000926
2022-10-25,3.234,-0.000618
2022-10-26,3.248,0.004329
2022-10-27,3.242,-0.001847
2022-10-28,3.211,-0.009562
2022-10-31,3.211,0.0
2022-11-01,3.231,0.006229
2022-11-02,3.246,0.004643
2022-11-03,3.253,0.002157
2022-11-04,3.278,0.007685
2022-11-07,3.281,0.000915
2022-11-08,3.276,-0.001524
2022-11-09,3.274,-0.000611
2022-11-10,3.26,-0.004276
2022-11-11,3.275,0.004601
2022-11-14,3.273,-0.000611
2022-11-15,3.301,0.008555
2022-11-16,3.291,-0.003029
2022-11-17,3.293,0.000608
2022-11-18,3.285,-0.002429
2022-11-21,3.283,-0.000609
2022-11-22,3.275,-0.002437
2022-11-23,3.27,-0.001527
2022-11-24,3.269,-0.000306
2022-11-25,3.258,-0.003365
2022-11-28,3.256,-0.000614
2022-11-29,3.274,0.005528
2022-11-30,3.27,-0.001222
2022-12-01,3.291,0.006422
2022-12-02,3.29,-0.000304
2022-12-05,3.297,0.002128
2022-12-06,3.303,0.00182
2022-12-07,3.304,0.000303
2022-12-08,3.3,-0.001211
2022-12-09,3.305,0.001515
2022-12-12,3.298,-0.002118
2022-12-13,3.289,-0.002729
2022-12-14,3.289,0.0
2022-12-15,3.29,0.000304
2022-12-16,3.282,-0.002432
2022-12-19,3.26,-0.006703
2022-12-20,3.249,-0.003374
2022-12-21,3.241,-0.002462
2022-12-22,3.233,-0.002468
2022-12-23,3.228,-0.001547
2022-12-26,3.25,0.006815
2022-12-27,3.265,0.004615
2022-12-28,3.257,-0.00245
2022-12-29,3.261,0.001228
2022-12-30,3.262,0.000307
2022-12-31,3.262,0.0
2023-01-03,3.275,0.003985
2023-01-04,3.278,0.000916
2023-01-05,3.295,0.005186
2023-01-06,3.294,-0.000303
2023-01-09,3.299,0.001518
2023-01-10,3.298,-0.000303
2023-01-11,3.291,-0.002122
2023-01-12,3.291,0.0
2023-01-13,3.304,0.00395
2023-01-16,3.324,0.006053
2023-01-17,3.33,0.001805
2023-01-18,3.334,0.001201
2023-01-19,3.345,0.003299
2023-01-20,3.352,0.002093
2023-01-30,3.364,0.00358
2023-01-31,3.356,-0.002378
2023-02-01,3.371,0.00447
2023-02-02,3.372,0.000297
2023-02-03,3.37,-0.000593
2023-02-06,3.361,-0.002671
2023-02-07,3.361,0.0
2023-02-08,3.353,-0.00238
2023-02-09,3.371,0.005368
2023-02-10,3.366,-0.001483
2023-02-13,3.381,0.004456
2023-02-14,3.386,0.001479
2023-02-15,3.387,0.000295
2023-02-16,3.37,-0.005019
2023-02-17,3.358,-0.003561
2023-02-20,3.38,0.006552
2023-02-21,3.385,0.001479
2023-02-22,3.386,0.000295
2023-02-23,3.381,-0.001477
2023-02-24,3.374,-0.00207
2023-02-27,3.37,-0.001186
2023-02-28,3.383,0.003858
2023-03-01,3.392,0.00266
2023-03-02,3.385,-0.002064
2023-03-03,3.383,-0.000591
2023-03-06,3.384,0.000296
2023-03-07,3.357,-0.007979
2023-03-08,3.359,0.000596
2023-03-09,3.367,0.002382
2023-03-10,3.355,-0.003564
2023-03-13,3.368,0.003875
2023-03-14,3.357,-0.003266
2023-03-15,3.36,0.000894
2023-03-16,3.348,-0.003571
2023-03-17,3.352,0.001195
2023-03-20,3.349,-0.000895
2023-03-21,3.362,0.003882
2023-03-22,3.366,0.00119
2023-03-23,3.379,0.003862
2023-03-24,3.379,0.0
2023-03-27,3.372,-0.002072
2023-03-28,3.36,-0.003559
2023-03-29,3.366,0.001786
2023-03-30,3.361,-0.001485
2023-03-31,3.369,0.00238
2023-04-03,3.398,0.008608
2023-04-04,3.406,0.002354
2023-04-06,3.41,0.001174
2023-04-07,3.424,0.004106
2023-04-10,3.402,-0.006425
2023-04-11,3.405,0.000882
2023-04-12,3.419,0.004112
2023-04-13,3.393,-0.007605
2023-04-14,3.401,0.002358
2023-04-17,3.412,0.003234
2023-04-18,3.429,0.004982
2023-04-19,3.417,-0.0035
2023-04-20,3.423,0.001756
2023-04-21,3.39,-0.009641
2023-04-24,3.385,-0.001475
2023-04-25,3.367,-0.005318
2023-04-26,3.35,-0.005049
2023-04-27,3.351,0.000299
2023-04-28,3.364,0.003879
2023-05-04,3.354,-0.002973
2023-05-05,3.336,-0.005367
2023-05-08,3.345,0.002698
2023-05-09,3.332,-0.003886
2023-05-10,3.326,-0.001801
2023-05-11,3.324,-0.000601
2023-05-12,3.31,-0.004212
2023-05-15,3.326,0.004834
2023-05-16,3.319,-0.002105
2023-05-17,3.322,0.000904
2023-05-18,3.328,0.001806
2023-05-19,3.335,0.002103
2023-05-22,3.342,0.002099
2023-05-23,3.334,-0.002394
2023-05-24,3.323,-0.003299
2023-05-25,3.324,0.000301
2023-05-26,3.337,0.003911
2023-05-29,3.337,0.0
2023-05-30,3.343,0.001798
2023-05-31,3.339,-0.001197
2023-06-01,3.342,0.000898
2023-06-02,3.354,0.003591
2023-06-05,3.358,0.001193
2023-06-06,3.336,-0.006552
2023-06-07,3.335,-0.0003
2023-06-08,3.332,-0.0009
2023-06-09,3.34,0.002401
2023-06-12,3.347,0.002096
2023-06-13,3.357,0.002988
2023-06-14,3.365,0.002383
2023-06-15,3.376,0.003269
2023-06-16,3.389,0.003851
2023-06-19,3.399,0.002951
2023-06-20,3.405,0.001765
2023-06-21,3.389,-0.004699
2023-06-26,3.364,-0.007377
2023-06-27,3.374,0.002973
2023-06-28,3.362,-0.003557
2023-06-29,3.368,0.001785
2023-06-30,3.382,0.004157
2023-07-03,3.389,0.00207
2023-07-04,3.394,0.001475
2023-07-05,3.385,-0.002652
2023-07-06,3.384,-0.000295
2023-07-07,3.374,-0.002955
2023-07-10,3.373,-0.000296
2023-07-11,3.383,0.002965
2023-07-12,3.367,-0.00473
2023-07-13,3.38,0.003861
2023-07-14,3.383,0.000888
2023-07-17,3.375,-0.002365
2023-07-18,3.372,-0.000889
2023-07-19,3.367,-0.001483
2023-07-20,3.347,-0.00594
2023-07-21,3.341,-0.001793
2023-07-24,3.339,-0.000599
2023-07-25,3.357,0.005391
2023-07-26,3.347,-0.002979
2023-07-27,3.336,-0.003287
2023-07-28,3.35,0.004197
2023-07-31,3.353,0.000896
2023-08-01,3.351,-0.000596
2023-08-02,3.352,0.000298
2023-08-03,3.357,0.001492
2023-08-04,3.366,0.002681
2023-08-07,3.36,-0.001783
2023-08-08,3.355,-0.001488
2023-08-09,3.349,-0.001788
2023-08-10,3.349,0.0
2023-08-11,3.326,-0.006868
2023-08-14,3.327,0.000301
2023-08-15,3.321,-0.001803
2023-08-16,3.305,-0.004818
2023-08-17,3.316,0.003328
2023-08-18,3.297,-0.00573
2023-08-21,3.286,-0.003336
2023-08-22,3.295,0.002739
2023-08-23,3.272,-0.00698
2023-08-24,3.282,0.003056
2023-08-25,3.266,-0.004875
2023-08-28,3.275,0.002756
2023-08-29,3.311,0.010992
2023-08-30,3.327,0.004832
2023-08-31,3.324,-0.000902
2023-09-01,3.321,-0.000903
2023-09-04,3.331,0.003011
2023-09-05,3.326,-0.001501
2023-09-06,3.328,0.000601
2023-09-07,3.31,-0.005409
2023-09-08,3.312,0.000604
2023-09-11,3.325,0.003925
2023-09-12,3.326,0.000301
2023-09-13,3.311,-0.00451
2023-09-14,3.302,-0.002718
2023-09-15,3.299,-0.000909
2023-09-18,3.303,0.001212
2023-09-19,3.293,-0.003028
2023-09-20,3.287,-0.001822
2023-09-21,3.279,-0.002434
2023-09-22,3.299,0.006099
2023-09-25,3.295,-0.001212
2023-09-26,3.293,-0.000607
2023-09-27,3.301,0.002429
2023-09-28,3.306,0.001515
2023-10-09,3.299,-0.002117
2023-10-10,3.294,-0.001516
2023-10-11,3.3,0.001821
2023-10-12,3.304,0.001212
2023-10-13,3.299,-0.001513
2023-10-16,3.285,-0.004244
2023-10-17,3.289,0.001218
2023-10-18,3.268,-0.006385
2023-10-19,3.256,-0.003672
2023-10-20,3.243,-0.003993
2023-10-23,3.224,-0.005859
2023-10-24,3.233,0.002792
2023-10-25,3.234,0.000309
2023-10-26,3.236,0.000618
2023-10-27,3.254,0.005562
2023-10-30,3.272,0.005532
2023-10-31,3.263,-0.002751
2023-11-01,3.262,-0.000306
2023-11-02,3.255,-0.002146
2023-11-03,3.27,0.004608
2023-11-06,3.29,0.006116
2023-11-07,3.293,0.000912
2023-11-08,3.295,0.000607
2023-11-09,3.297,0.000607
2023-11-10,3.291,-0.00182
2023-11-13,3.296,0.001519
2023-11-14,3.3,0.001214
2023-11-15,3.31,0.00303
2023-11-16,3.299,-0.003323
2023-11-17,3.308,0.002728
2023-11-20,3.317,0.002721
2023-11-21,3.309,-0.002412
2023-11-22,3.292,-0.005138
2023-11-23,3.303,0.003341
2023-11-24,3.291,-0.003633
2023-11-27,3.289,-0.000608
2023-11-28,3.295,0.001824
2023-11-29,3.285,-0.003035
2023-11-30,3.279,-0.001826
2023-12-01,3.288,0.002745
2023-12-04,3.283,-0.001521
2023-12-05,3.258,-0.007615
2023-12-06,3.263,0.001535
2023-12-07,3.268,0.001532
2023-12-08,3.272,0.001224
2023-12-11,3.285,0.003973
2023-12-12,3.285,0.0
2023-12-13,3.275,-0.003044
2023-12-14,3.273,-0.000611
2023-12-15,3.267,-0.001833
2023-12-18,3.257,-0.003061
2023-12-19,3.26,0.000921
2023-12-20,3.247,-0.003988
2023-12-21,3.256,0.002772
2023-12-22,3.25,-0.001843
2023-12-25,3.25,0.0
2023-12-26,3.237,-0.004
2023-12-27,3.244,0.002162
2023-12-28,3.259,0.004624
2023-12-29,3.275,0.004909
2023-12-31,3.275,0.0
2024-01-02,3.268,-0.002137
2024-01-03,3.26,-0.002448
2024-01-04,3.256,-0.001227
2024-01-05,3.242,-0.0043
2024-01-08,3.225,-0.005244
2024-01-09,3.229,0.00124
2024-01-10,3.225,-0.001239
2024-01-11,3.24,0.004651
2024-01-12,3.236,-0.001235
2024-01-15,3.236,0.0
2024-01-16,3.239,0.000927
2024-01-17,3.22,-0.005866
2024-01-18,3.22,0.0
2024-01-19,3.212,-0.002484
2024-01-22,3.173,-0.012142
2024-01-23,3.181,0.002521
2024-01-24,3.192,0.003458
2024-01-25,3.211,0.005952
2024-01-26,3.203,-0.002491
2024-01-29,3.188,-0.004683
2024-01-30,3.168,-0.006274
2024-01-31,3.149,-0.005997
2024-02-01,3.148,-0.000318
2024-02-02,3.131,-0.0054
2024-02-05,3.114,-0.00543
2024-02-06,3.16,0.014772
2024-02-07,3.186,0.008228
2024-02-08,3.208,0.006905
2024-02-19,3.219,0.003429
2024-02-20,3.223,0.001243
2024-02-21,3.228,0.001551
2024-02-22,3.235,0.002169
2024-02-23,3.239,0.001236
2024-02-26,3.247,0.00247
2024-02-27,3.276,0.008931
2024-02-28,3.244,-0.009768
2024-02-29,3.282,0.011714
2024-03-01,3.304,0.006703
2024-03-04,3.316,0.003632
2024-03-05,3.308,-0.002413
2024-03-06,3.306,-0.000605
2024-03-07,3.297,-0.002722
2024-03-08,3.307,0.003033
2024-03-11,3.315,0.002419
2024-03-12,3.314,-0.000302
2024-03-13,3.315,0.000302
2024-03-14,3.31,-0.001508
2024-03-15,3.316,0.001813
2024-03-18,3.323,0.002111
2024-03-19,3.319,-0.001204
2024-03-20,3.321,0.000603
2024-03-21,3.312,-0.00271
2024-03-22,3.31,-0.000604
2024-03-25,3.297,-0.003927
2024-03-26,3.294,-0.00091
2024-03-27,3.278,-0.004857
2024-03-28,3.298,0.006101
2024-03-29,3.308,0.003032
2024-04-01,3.333,0.007557
2024-04-02,3.327,-0.0018
2024-04-03,3.323,-0.001202
2024-04-08,3.31,-0.003912
2024-04-09,3.316,0.001813
2024-04-10,3.307,-0.002714
2024-04-11,3.315,0.002419
2024-04-12,3.315,0.0
2024-04-15,3.323,0.002413
2024-04-16,3.302,-0.00632
2024-04-17,3.326,0.007268
2024-04-18,3.331,0.001503
2024-04-19,3.336,0.001501
2024-04-22,3.333,-0.000899
2024-04-23,3.321,-0.0036
2024-04-24,3.331,0.003011
2024-04-25,3.323,-0.002402
2024-04-26,3.341,0.005417
2024-04-29,3.356,0.00449
2024-04-30,3.362,0.001788
2024-05-06,3.385,0.006841
2024-05-07,3.385,0.0
2024-05-08,3.374,-0.00325
2024-05-09,3.39,0.004742
2024-05-10,3.388,-0.00059
2024-05-13,3.391,0.000885
2024-05-14,3.39,-0.000295
2024-05-15,3.385,-0.001475
2024-05-16,3.38,-0.001477
2024-05-17,3.382,0.000592
2024-05-20,3.384,0.000591
2024-05-21,3.382,-0.000591
2024-05-22,3.375,-0.00207
2024-05-23,3.363,-0.003556
2024-05-24,3.351,-0.003568
2024-05-27,3.363,0.003581
2024-05-28,3.352,-0.003271
2024-05-29,3.353,0.000298
2024-05-30,3.349,-0.001193
2024-05-31,3.346,-0.000896
2024-06-03,3.345,-0.000299
2024-06-04,3.35,0.001495
2024-06-05,3.333,-0.005075
2024-06-06,3.329,-0.0012
2024-06-07,3.324,-0.001502
2024-06-11,3.326,0.000602
2024-06-12,3.328,0.000601
2024-06-13,3.321,-0.002103
2024-06-14,3.325,0.001204
2024-06-17,3.318,-0.002105
2024-06-18,3.322,0.001206
2024-06-19,3.31,-0.003612
2024-06-20,3.302,-0.002417
2024-06-21,3.301,-0.000303
2024-06-24,3.284,-0.00515
2024-06-25,3.279,-0.001523
2024-06-26,3.288,0.002745
2024-06-27,3.271,-0.00517
2024-06-28,3.275,0.001223
2024-06-30,3.275,0.0
2024-07-01,3.282,0.002137
2024-07-02,3.266,-0.004875
2024-07-03,3.256,-0.003062
2024-07-04,3.247,-0.002764
2024-07-05,3.254,0.002156
2024-07-08,3.242,-0.003688
2024-07-09,3.252,0.003085
2024-07-10,3.253,0.000308
2024-07-11,3.276,0.00707
2024-07-12,3.267,-0.002747
2024-07-15,3.261,-0.001837
2024-07-16,3.269,0.002453
2024-07-17,3.259,-0.003059
2024-07-18,3.266,0.002148
2024-07-19,3.268,0.000612
2024-07-22,3.261,-0.002142
2024-07-23,3.227,-0.010426
2024-07-24,3.214,-0.004029
2024-07-25,3.21,-0.001245
2024-07-26,3.229,0.005919
2024-07-29,3.225,-0.001239
2024-07-30,3.215,-0.003101
2024-07-31,3.254,0.012131
2024-08-01,3.244,-0.003073
2024-08-02,3.23,-0.004316
2024-08-05,3.21,-0.006192
2024-08-06,3.212,0.000623
2024-08-07,3.212,0.0
2024-08-08,3.215,0.000934
2024-08-09,3.211,-0.001244
2024-08-12,3.215,0.001246
2024-08-13,3.216,0.000311
2024-08-14,3.202,-0.004353
2024-08-15,3.202,0.0
2024-08-16,3.203,0.000312
2024-08-19,3.209,0.001873
2024-08-20,3.2,-0.002805
2024-08-21,3.202,0.000625
2024-08-22,3.198,-0.001249
2024-08-23,3.203,0.001563
2024-08-26,3.205,0.000624
2024-08-27,3.196,-0.002808
2024-08-28,3.184,-0.003755
2024-08-29,3.191,0.002198
2024-08-30,3.207,0.005014
2024-09-02,3.186,-0.006548
2024-09-03,3.192,0.001883
2024-09-04,3.189,-0.00094
2024-09-05,3.193,0.001254
2024-09-06,3.181,-0.003758
2024-09-09,3.163,-0.005659
2024-09-10,3.161,-0.000632
2024-09-11,3.171,0.003164
2024-09-12,3.164,-0.002208
2024-09-13,3.155,-0.002845
2024-09-18,3.166,0.003487
2024-09-19,3.177,0.003474
2024-09-20,3.183,0.001889
2024-09-23,3.191,0.002513
2024-09-24,3.217,0.008148
2024-09-25,3.223,0.001865
2024-09-26,3.26,0.01148
2024-09-27,3.308,0.014724
2024-09-30,3.413,0.031741
2024-10-08,3.491,0.022854
2024-10-09,3.392,-0.028359
2024-10-10,3.401,0.002653
2024-10-11,3.361,-0.011761
2024-10-14,3.385,0.007141
2024-10-15,3.349,-0.010635
2024-10-16,3.335,-0.00418
2024-10-17,3.325,-0.002999
2024-10-18,3.369,0.013233
2024-10-21,3.37,0.000297
2024-10-22,3.374,0.001187
2024-10-23,3.374,0.0
2024-10-24,3.357,-0.005039
2024-10-25,3.367,0.002979
2024-10-28,3.373,0.001782
2024-10-29,3.362,-0.003261
2024-10-30,3.355,-0.002082
2024-10-31,3.358,0.000894
2024-11-01,3.35,-0.002382
2024-11-04,3.377,0.00806
2024-11-05,3.402,0.007403
2024-11-06,3.397,-0.00147
2024-11-07,3.426,0.008537
2024-11-08,3.43,0.001168
2024-11-11,3.44,0.002915
2024-11-12,3.429,-0.003198
2024-11-13,3.434,0.001458
2024-11-14,3.405,-0.008445
2024-11-15,3.384,-0.006167
2024-11-18,3.362,-0.006501
2024-11-19,3.384,0.006544
2024-11-20,3.389,0.001478
2024-11-21,3.386,-0.000885
2024-11-22,3.347,-0.011518
2024-11-25,3.344,-0.000896
2024-11-26,3.333,-0.003289
2024-11-27,3.354,0.006301
2024-11-28,3.346,-0.002385
2024-11-29,3.375,0.008667
2024-12-02,3.384,0.002667
2024-12-03,3.378,-0.001773
2024-12-04,3.372,-0.001776
2024-12-05,3.372,0.0
2024-12-06,3.387,0.004448
2024-12-09,3.387,0.0
2024-12-10,3.395,0.002362
2024-12-11,3.41,0.004418
2024-12-12,3.419,0.002639
2024-12-13,3.396,-0.006727
2024-12-16,3.379,-0.005006
2024-12-17,3.372,-0.002072
2024-12-18,3.383,0.003262
2024-12-19,3.395,0.003547
2024-12-20,3.398,0.000884
2024-12-23,3.384,-0.00412
2024-12-24,3.4,0.004728
2024-12-25,3.394,-0.001765
2024-12-26,3.403,0.002652
2024-12-27,3.394,-0.002645
2024-12-30,3.396,0.000589
2024-12-31,3.376,-0.005889
2025-01-02,3.356,-0.005924
2025-01-03,3.342,-0.004172
2025-01-06,3.339,-0.000898
2025-01-07,3.358,0.00569
2025-01-08,3.358,0.0
2025-01-09,3.358,0.0
2025-01-10,3.34,-0.00536
2025-01-13,3.34,0.0
2025-01-14,3.371,0.009281
2025-01-15,3.361,-0.002966
2025-01-16,3.365,0.00119
2025-01-17,3.377,0.003566
2025-01-20,3.384,0.002073
2025-01-21,3.389,0.001478
2025-01-22,3.383,-0.00177
2025-01-23,3.375,-0.002365
2025-01-24,3.391,0.004741
2025-01-27,3.396,0.001474
2025-02-05,3.404,0.002356
2025-02-06,3.425,0.006169
2025-02-07,3.432,0.002044
2025-02-10,3.431,-0.000291
2025-02-11,3.424,-0.00204
2025-02-12,3.435,0.003213
2025-02-13,3.42,-0.004367
2025-02-14,3.431,0.003216
2025-02-17,3.428,-0.000874
2025-02-18,3.409,-0.005543
2025-02-19,3.423,0.004107
2025-02-20,3.427,0.001169
2025-02-21,3.447,0.005836
2025-02-24,3.448,0.00029
2025-02-25,3.431,-0.00493
2025-02-26,3.438,0.00204
2025-02-27,3.436,-0.000582
2025-02-28,3.408,-0.008149
2025-03-03,3.409,0.000293
2025-03-04,3.419,0.002933
2025-03-05,3.422,0.000877
2025-03-06,3.445,0.006721
2025-03-07,3.451,0.001742
2025-03-10,3.449,-0.00058
2025-03-11,3.448,-0.00029
2025-03-12,3.445,-0.00087
2025-03-13,3.436,-0.002612
2025-03-14,3.461,0.007276
2025-03-17,3.457,-0.001156
2025-03-18,3.473,0.004628
2025-03-19,3.471,-0.000576
2025-03-20,3.458,-0.003745
2025-03-21,3.44,-0.005205
2025-03-24,3.446,0.001744
2025-03-25,3.442,-0.001161
2025-03-26,3.44,-0.000581
2025-03-27,3.444,0.001163
2025-03-28,3.438,-0.001742
2025-03-31,3.435,-0.000873
2025-04-01,3.431,-0.001164
2025-04-02,3.433,0.000583
2025-04-03,3.414,-0.005535
2025-04-07,3.31,-0.030463
2025-04-08,3.319,0.002719
2025-04-09,3.334,0.004519
2025-04-10,3.364,0.008998
2025-04-11,3.375,0.00327
2025-04-14,3.383,0.00237
2025-04-15,3.385,0.000591
2025-04-16,3.38,-0.001477
2025-04-17,3.382,0.000592
2025-04-18,3.378,-0.001183
2025-04-21,3.397,0.005625
2025-04-22,3.394,-0.000883
2025-04-23,3.392,-0.000589
2025-04-24,3.391,-0.000295
2025-04-25,3.392,0.000295
2025-04-28,3.386,-0.001769
2025-04-29,3.384,-0.000591
2025-04-30,3.392,0.002364
2025-05-06,3.411,0.005601
2025-05-07,3.414,0.00088
2025-05-08,3.415,0.000293
2025-05-09,3.406,-0.002635
2025-05-12,3.416,0.002936
2025-05-13,3.42,0.001171
2025-05-14,3.417,-0.000877
2025-05-15,3.402,-0.00439
2025-05-16,3.403,0.000294
2025-05-19,3.402,-0.000294
2025-05-20,3.412,0.002939
2025-05-21,3.418,0.001758
2025-05-22,3.413,-0.001463
2025-05-23,3.406,-0.002051
2025-05-26,3.406,0.0
2025-05-27,3.39,-0.004698
2025-05-28,3.394,0.00118
2025-05-29,3.403,0.002652
2025-05-30,3.391,-0.003526
2025-06-03,3.397,0.001769
2025-06-04,3.405,0.002355
2025-06-05,3.409,0.001175
2025-06-06,3.406,-0.00088
2025-06-09,3.413,0.002055
2025-06-10,3.406,-0.002051
2025-06-11,3.417,0.00323
2025-06-12,3.43,0.003805
2025-06-13,3.426,-0.001166
2025-06-16,3.434,0.002335
2025-06-17,3.425,-0.002621
2025-06-18,3.436,0.003212
2025-06-19,3.424,-0.003492
2025-06-20,3.417,-0.002044
2025-06-23,3.42,0.000878
2025-06-24,3.434,0.004094
2025-06-25,3.446,0.003494
2025-06-26,3.437,-0.002612
2025-06-27,3.439,0.000582
2025-06-30,3.46,0.006106
2025-07-01,3.461,0.000289
2025-07-02,3.451,-0.002889
2025-07-03,3.461,0.002898
2025-07-04,3.461,0.0
2025-07-07,3.454,-0.002023
2025-07-08,3.47,0.004632
2025-07-09,3.472,0.000576
2025-07-10,3.467,-0.00144
2025-07-11,3.469,0.000577
2025-07-14,3.474,0.001441
2025-07-15,3.478,0.001151
2025-07-16,3.473,-0.001438
2025-07-17,3.481,0.002303
2025-07-18,3.482,0.000287
2025-07-21,3.492,0.002872
2025-07-22,3.503,0.00315
2025-07-23,3.507,0.001142
2025-07-24,3.514,0.001996
2025-07-25,3.518,0.001138
2025-07-28,3.516,-0.000569
2025-07-29,3.526,0.002844
2025-07-30,3.522,-0.001134
2025-07-31,3.501,-0.005963
2025-08-01,3.504,0.000857
2025-08-04,3.534,0.008562
2025-08-05,3.544,0.00283
2025-08-06,3.545,0.000282
2025-08-07,3.545,0.0
2025-08-08,3.546,0.000282
2025-08-11,3.547,0.000282
2025-08-12,3.553,0.001692
2025-08-13,3.568,0.004222
2025-08-14,3.563,-0.001401
2025-08-15,3.568,0.001403
2025-08-18,3.591,0.006446
2025-08-19,3.591,0.0
2025-08-20,3.605,0.003899
2025-08-21,3.613,0.002219
2025-08-22,3.639,0.007196
2025-08-25,3.677,0.010442
2025-08-26,3.68,0.000816
2025-08-27,3.665,-0.004076
2025-08-28,3.696,0.008458
2025-08-29,3.723,0.007305
2025-09-01,3.744,0.005641
2025-09-02,3.717,-0.007212
2025-09-03,3.726,0.002421
2025-09-04,3.674,-0.013956
2025-09-05,3.729,0.01497
2025-09-08,3.744,0.004023
2025-09-09,3.744,0.0
2025-09-10,3.757,0.003472
2025-09-11,3.791,0.00905
2025-09-12,3.787,-0.001055
2025-09-15,3.806,0.005017
2025-09-16,3.807,0.000263
2025-09-17,3.818,0.002889
2025-09-18,3.806,-0.003143
2025-09-19,3.805,-0.000263
2025-09-22,3.831,0.006833
2025-09-23,3.839,0.002088
2025-09-24,3.87,0.008075
2025-09-25,3.901,0.00801
2025-09-26,3.859,-0.010766
2025-09-29,3.872,0.003369
2025-09-30,3.88,0.002066
2025-10-09,3.901,0.005412
2025-10-10,3.827,-0.018969
2025-10-13,3.819,-0.00209
2025-10-14,3.77,-0.012831
2025-10-15,3.799,0.007692
2025-10-16,3.79,-0.002369
2025-10-17,3.738,-0.01372
2025-10-20,3.741,0.000803
2025-10-21,3.783,0.011227
2025-10-22,3.779,-0.001057
2025-10-23,3.781,0.000529
2025-10-24,3.817,0.009521
2025-10-27,3.823,0.001572
2025-10-28,3.805,-0.004708
2025-10-29,3.836,0.008147
2025-10-30,3.804,-0.008342
2025-10-31,3.793,-0.002892
2025-11-03,3.797,0.001055
2025-11-04,3.77,-0.007111
2025-11-05,3.771,0.000265
2025-11-06,3.798,0.00716
2025-11-07,3.784,-0.003686
2025-11-10,3.77,-0.0037
2025-11-11,3.758,-0.003183
2025-11-12,3.768,0.002661
2025-11-13,3.793,0.006635
2025-11-14,3.766,-0.007118
2025-11-17,3.751,-0.003983
2025-11-18,3.732,-0.005065
2025-11-19,3.736,0.001072
2025-11-20,3.724,-0.003212
2025-11-21,3.686,-0.010204
2025-11-24,3.695,0.002442
2025-11-25,3.733,0.010284
2025-11-26,3.752,0.00509
2025-11-27,3.749,-0.0008
2025-11-28,3.759,0.002667
2025-12-01,3.786,0.007183
2025-12-02,3.782,-0.001057
2025-12-03,3.759,-0.006081
2025-12-04,3.767,0.002128
2025-12-05,3.771,0.001062
2025-12-08,3.786,0.003978
2025-12-09,3.778,-0.002113
2025-12-10,3.787,0.002382
2025-12-11,3.767,-0.005281
2025-12-12,3.796,0.007698
2025-12-15,3.778,-0.004742
2025-12-16,3.753,-0.006617
2025-12-17,3.8,0.012523
2025-12-18,3.787,-0.003421
2025-12-19,3.801,0.003697
2025-12-22,3.822,0.005525
2025-12-23,3.831,0.002355
2025-12-24,3.841,0.00261
2025-12-25,3.838,-0.000781
2025-12-26,3.839,0.000261
2025-12-29,3.829,-0.002605
2025-12-30,3.837,0.002089
2025-12-31,3.824,-0.003388
2026-01-05,3.874,0.013075
2026-01-06,3.891,0.004388
2026-01-07,3.892,0.000257
2026-01-08,3.879,-0.00334
2026-01-09,3.902,0.005929
2026-01-12,3.934,0.008201
2026-01-13,3.921,-0.003305
2026-01-14,3.928,0.001785
2026-01-15,3.946,0.004582
2026-01-16,3.941,-0.001267
2026-01-19,3.95,0.002284
2026-01-20,3.944,-0.001519
2026-01-21,3.973,0.007353
2026-01-22,3.979,0.00151
2026-01-23,3.982,0.000754
2026-01-26,3.982,0.0
2026-01-27,3.999,0.004269
2026-01-28,4.007,0.002001
2026-01-29,4.008,0.00025
2026-01-30,3.984,-0.005988
2026-02-02,3.916,-0.017068
2026-02-03,3.955,0.009959
2026-02-04,3.949,-0.001517
2026-02-05,3.922,-0.006837
2026-02-06,3.927,0.001275
2026-02-09,3.948,0.005348
2026-02-10,3.951,0.00076
2026-02-11,3.96,0.002278
2026-02-12,3.973,0.003283
2026-02-13,3.956,-0.004279
2026-02-24,3.966,0.002528
2026-02-25,3.979,0.003278
2026-02-26,3.974,-0.001257
2026-02-27,3.979,0.001258
2026-03-02,3.976,-0.000754
2026-03-03,3.928,-0.012072
2026-03-04,3.913,-0.003819
2026-03-05,3.924,0.002811
2026-03-06,3.93,0.001529
2026-03-09,3.899,-0.007888
2026-03-10,3.938,0.010003
2026-03-11,3.946,0.002031
2026-03-12,3.935,-0.002788
2026-03-13,3.922,-0.003304
2026-03-16,3.925,0.000765
2026-03-17,3.89,-0.008917
2026-03-18,3.905,0.003856
2026-03-19,3.872,-0.008451
2026-03-20,3.867,-0.001291
2026-03-23,3.805,-0.016033
2026-03-24,3.841,0.009461
2026-03-25,3.876,0.009112
2026-03-26,3.855,-0.005418
2026-03-27,3.875,0.005188
2026-03-30,3.868,-0.001806
2026-03-31,3.84,-0.007239
2026-04-01,3.884,0.011458
2026-04-02,3.861,-0.005922
2026-04-03,3.858,-0.000777
2026-04-07,3.867,0.002333
2026-04-08,3.936,0.017843
2026-04-09,3.94,0.001016
2026-04-10,3.968,0.007107
2026-04-13,3.969,0.000252
2026-04-14,3.995,0.006551
2026-04-15,3.991,-0.001001
2026-04-16,4.018,0.006765
2026-04-17,4.027,0.00224
2026-04-20,4.036,0.002235
2026-04-21,4.044,0.001982
2026-04-22,4.075,0.007666
2026-04-23,4.046,-0.007117
2026-04-24,4.047,0.000247
2026-04-27,4.068,0.005189
2026-04-28,4.05,-0.004425
2026-04-29,4.074,0.005926
2026-04-30,4.077,0.000736
2026-05-06,4.107,0.007358
2026-05-07,4.144,0.009009
2026-05-08,4.133,-0.002654
2026-05-11,4.176,0.010404
2026-05-12,4.196,0.004789
2026-05-13,4.234,0.009056
2026-05-14,4.21,-0.005668
2026-05-15,4.181,-0.006888
2026-05-18,4.18,-0.000239
2026-05-19,4.194,0.003349
2026-05-20,4.211,0.004053
2026-05-21,4.147,-0.015198
2026-05-22,4.224,0.018568
2026-05-25,4.268,0.010417
2026-05-26,4.266,-0.000469
2026-05-27,4.244,-0.005157
2026-05-28,4.292,0.01131
2026-05-29,4.24,-0.012116
2026-06-01,4.184,-0.013208
2026-06-02,4.235,0.012189
2026-06-03,4.265,0.007084
2026-06-04,4.264,-0.000234
2026-06-05,4.208,-0.013133
2026-06-08,4.153,-0.01307
2026-06-09,4.228,0.018059
2026-06-10,4.181,-0.011116
2026-06-11,4.184,0.000718
2026-06-12,4.174,-0.00239
2026-06-15,4.284,0.026354
2026-06-16,4.302,0.004202
2026-06-17,4.347,0.01046
2026-06-18,4.391,0.010122
2026-06-22,4.393,0.000455
2026-06-23,4.32,-0.016617
2026-06-24,4.381,0.01412
2026-06-25,4.434,0.012098
2026-06-26,4.371,-0.014208
2026-06-29,4.366,-0.001144
2026-06-30,4.447,0.018552
2026-07-01,4.382,-0.014617
2026-07-02,4.264,-0.026928
2026-07-03,4.262,-0.000469
2026-07-06,4.215,-0.011028
2026-07-07,4.204,-0.00261
2026-07-08,4.179,-0.005947
2026-07-09,4.283,0.024886
2026-07-10,4.204,-0.018445
2026-07-13,4.142,-0.014748
2026-07-14,4.218,0.018349
2026-07-15,4.179,-0.009246
2026-07-16,4.133,-0.011007
2026-07-17,3.991,-0.034358
2026-07-20,3.949,-0.010524
2026-07-21,4.063,0.028868
2026-07-22,4.018,-0.011076
2026-07-23,4.007,-0.002738
2026-07-24,3.965,-0.010482
2026-07-27,4.016,0.012863
2026-07-28,3.907,-0.027141
2026-07-29,3.922,0.003839
2026-07-30,3.85,-0.018358
2026-07-31,3.895,0.011688
2026-08-03,3.872,-0.005905
2026-08-04,3.937,0.016787
2026-08-05,3.952,0.00381
2026-08-06,3.965,0.003289
2026-08-07,3.992,0.00681
2026-08-10,3.985,-0.001754
2026-08-11,3.992,0.001757
2026-08-12,4.023,0.007766
2026-08-13,4.009,-0.00348
2026-08-14,4.029,0.004989
2026-08-17,4.079,0.01241
2026-08-18,4.072,-0.001716
2026-08-19,3.985,-0.021365
2026-08-20,3.993,0.002008
2026-08-21,4.014,0.005259
2026-08-24,3.966,-0.011958
2026-08-25,3.957,-0.002269
2026-08-26,3.961,0.001011
2026-08-27,3.997,0.009089
2026-08-28,3.981,-0.004003
2026-08-31,3.992,0.002763
2026-09-01,3.979,-0.003257
2026-09-02,3.945,-0.008545
2026-09-03,3.949,0.001014
2026-09-04,3.94,-0.002279
2026-09-07,3.966,0.006599
2026-09-08,3.952,-0.00353
2026-09-09,3.947,-0.001265
2026-09-10,3.928,-0.004814
2026-09-11,3.92,-0.002037
2026-09-14,3.904,-0.004082
2026-09-15,3.887,-0.004355
2026-09-16,3.908,0.005403
2026-09-17,3.906,-0.000512
2026-09-18,3.939,0.008449
2026-09-21,3.955,0.004062
2026-09-22,3.965,0.002528
2026-09-23,3.956,-0.00227
2026-09-24,3.918,-0.009606
2026-09-28,3.868,-0.012762
2026-09-29,3.863,-0.001293
2026-09-30,3.867,0.001035
