净值日期,累计净值,daily_return
2002-05-08,1.0,
2002-06-14,1.002,0.002
2002-06-17,1.001,-0.000998
2002-06-18,1.004,0.002997
2002-06-19,1.003,-0.000996
2002-06-20,1.003,0.0
2002-06-21,1.007,0.003988
2002-06-24,1.02,0.01291
2002-06-25,1.017,-0.002941
2002-06-26,1.022,0.004916
2002-06-27,1.026,0.003914
2002-06-28,1.027,0.000975
2002-07-01,1.023,-0.003895
2002-07-02,1.026,0.002933
2002-07-03,1.028,0.001949
2002-07-04,1.024,-0.003891
2002-07-05,1.027,0.00293
2002-07-08,1.03,0.002921
2002-07-09,1.029,-0.000971
2002-07-10,1.023,-0.005831
2002-07-11,1.023,0.0
2002-07-12,1.023,0.0
2002-07-15,1.02,-0.002933
2002-07-16,1.019,-0.00098
2002-07-17,1.02,0.000981
2002-07-18,1.021,0.00098
2002-07-19,1.023,0.001959
2002-07-22,1.016,-0.006843
2002-07-23,1.014,-0.001969
2002-07-24,1.014,0.0
2002-07-25,1.012,-0.001972
2002-07-26,1.012,0.0
2002-07-29,1.013,0.000988
2002-07-30,1.013,0.0
2002-07-31,1.01,-0.002962
2002-08-01,1.01,0.0
2002-08-02,1.012,0.00198
2002-08-05,1.011,-0.000988
2002-08-06,1.014,0.002967
2002-08-07,1.014,0.0
2002-08-08,1.012,-0.001972
2002-08-09,1.009,-0.002964
2002-08-12,1.005,-0.003964
2002-08-13,1.006,0.000995
2002-08-14,1.009,0.002982
2002-08-15,1.006,-0.002973
2002-08-16,1.01,0.003976
2002-08-19,1.009,-0.00099
2002-08-20,1.014,0.004955
2002-08-21,1.016,0.001972
2002-08-22,1.021,0.004921
2002-08-23,1.019,-0.001959
2002-08-26,1.016,-0.002944
2002-08-27,1.02,0.003937
2002-08-28,1.019,-0.00098
2002-08-29,1.015,-0.003925
2002-08-30,1.016,0.000985
2002-09-02,1.016,0.0
2002-09-03,1.018,0.001969
2002-09-04,1.014,-0.003929
2002-09-05,1.007,-0.006903
2002-09-06,1.004,-0.002979
2002-09-09,1.002,-0.001992
2002-09-10,1.003,0.000998
2002-09-11,1.002,-0.000997
2002-09-12,1.002,0.0
2002-09-13,1.002,0.0
2002-09-16,0.994,-0.007984
2002-09-17,0.994,0.0
2002-09-18,0.989,-0.00503
2002-09-19,0.997,0.008089
2002-09-20,0.993,-0.004012
2002-09-23,0.992,-0.001007
2002-09-24,0.989,-0.003024
2002-09-25,0.99,0.001011
2002-09-26,0.986,-0.00404
2002-09-27,0.984,-0.002028
2002-09-30,0.984,0.0
2002-10-08,0.978,-0.006098
2002-10-09,0.973,-0.005112
2002-10-10,0.97,-0.003083
2002-10-11,0.968,-0.002062
2002-10-14,0.97,0.002066
2002-10-15,0.966,-0.004124
2002-10-16,0.97,0.004141
2002-10-17,0.962,-0.008247
2002-10-18,0.963,0.00104
2002-10-21,0.963,0.0
2002-10-22,0.971,0.008307
2002-10-23,0.97,-0.00103
2002-10-24,0.964,-0.006186
2002-10-25,0.956,-0.008299
2002-10-28,0.945,-0.011506
2002-10-29,0.948,0.003175
2002-10-30,0.946,-0.00211
2002-10-31,0.946,0.0
2002-11-01,0.946,0.0
2002-11-04,0.956,0.010571
2002-11-05,0.966,0.01046
2002-11-06,0.964,-0.00207
2002-11-07,0.963,-0.001037
2002-11-08,0.949,-0.014538
2002-11-11,0.943,-0.006322
2002-11-12,0.932,-0.011665
2002-11-13,0.933,0.001073
2002-11-14,0.923,-0.010718
2002-11-15,0.925,0.002167
2002-11-18,0.922,-0.003243
2002-11-19,0.926,0.004338
2002-11-20,0.911,-0.016199
2002-11-21,0.897,-0.015368
2002-11-22,0.899,0.00223
2002-11-25,0.899,0.0
2002-11-26,0.886,-0.014461
2002-11-27,0.888,0.002257
2002-11-28,0.904,0.018018
2002-11-29,0.91,0.006637
2002-12-02,0.894,-0.017582
2002-12-03,0.899,0.005593
2002-12-04,0.904,0.005562
2002-12-05,0.9,-0.004425
2002-12-06,0.9,0.0
2002-12-09,0.898,-0.002222
2002-12-10,0.891,-0.007795
2002-12-11,0.891,0.0
2002-12-12,0.893,0.002245
2002-12-13,0.899,0.006719
2002-12-16,0.903,0.004449
2002-12-17,0.906,0.003322
2002-12-18,0.904,-0.002208
2002-12-19,0.904,0.0
2002-12-20,0.91,0.006637
2002-12-23,0.91,0.0
2002-12-24,0.91,0.0
2002-12-25,0.906,-0.004396
2002-12-26,0.89,-0.01766
2002-12-27,0.89,0.0
2002-12-30,0.882,-0.008989
2002-12-31,0.878,-0.004535
2003-01-02,0.862,-0.018223
2003-01-03,0.861,-0.00116
2003-01-06,0.868,0.00813
2003-01-07,0.867,-0.001152
2003-01-08,0.883,0.018454
2003-01-09,0.892,0.010193
2003-01-10,0.888,-0.004484
2003-01-13,0.89,0.002252
2003-01-14,0.919,0.032584
2003-01-15,0.919,0.0
2003-01-16,0.931,0.013058
2003-01-17,0.924,-0.007519
2003-01-20,0.926,0.002165
2003-01-21,0.913,-0.014039
2003-01-22,0.915,0.002191
2003-01-23,0.911,-0.004372
2003-01-24,0.919,0.008782
2003-01-27,0.927,0.008705
2003-01-28,0.929,0.002157
2003-01-29,0.929,0.0
2003-02-10,0.92,-0.009688
2003-02-11,0.926,0.006522
2003-02-12,0.933,0.007559
2003-02-13,0.931,-0.002144
2003-02-14,0.934,0.003222
2003-02-17,0.928,-0.006424
2003-02-18,0.928,0.0
2003-02-19,0.933,0.005388
2003-02-20,0.932,-0.001072
2003-02-21,0.921,-0.011803
2003-02-24,0.923,0.002172
2003-02-25,0.934,0.011918
2003-02-26,0.936,0.002141
2003-02-27,0.936,0.0
2003-02-28,0.935,-0.001068
2003-03-03,0.941,0.006417
2003-03-04,0.941,0.0
2003-03-05,0.939,-0.002125
2003-03-06,0.931,-0.00852
2003-03-07,0.929,-0.002148
2003-03-10,0.919,-0.010764
2003-03-11,0.919,0.0
2003-03-12,0.922,0.003264
2003-03-13,0.919,-0.003254
2003-03-14,0.919,0.0
2003-03-17,0.918,-0.001088
2003-03-18,0.915,-0.003268
2003-03-19,0.917,0.002186
2003-03-20,0.915,-0.002181
2003-03-21,0.92,0.005464
2003-03-24,0.921,0.001087
2003-03-25,0.915,-0.006515
2003-03-26,0.913,-0.002186
2003-03-27,0.925,0.013143
2003-03-28,0.925,0.0
2003-03-31,0.932,0.007568
2003-04-01,0.935,0.003219
2003-04-02,0.935,0.0
2003-04-03,0.932,-0.003209
2003-04-04,0.936,0.004292
2003-04-07,0.934,-0.002137
2003-04-08,0.936,0.002141
2003-04-09,0.948,0.012821
2003-04-10,0.95,0.00211
2003-04-11,0.964,0.014737
2003-04-14,0.979,0.01556
2003-04-15,0.988,0.009193
2003-04-16,0.977,-0.011134
2003-04-17,0.978,0.001024
2003-04-18,0.97,-0.00818
2003-04-21,0.957,-0.013402
2003-04-22,0.958,0.001045
2003-04-23,0.948,-0.010438
2003-04-24,0.931,-0.017932
2003-04-25,0.929,-0.002148
2003-04-28,0.952,0.024758
2003-04-29,0.944,-0.008403
2003-04-30,0.95,0.006356
2003-05-12,0.959,0.009474
2003-05-13,0.944,-0.015641
2003-05-14,0.96,0.016949
2003-05-15,0.972,0.0125
2003-05-16,0.973,0.001029
2003-05-19,0.97,-0.003083
2003-05-20,0.963,-0.007216
2003-05-21,0.961,-0.002077
2003-05-22,0.968,0.007284
2003-05-23,0.976,0.008264
2003-05-26,0.977,0.001025
2003-05-27,0.975,-0.002047
2003-05-28,0.964,-0.011282
2003-05-29,0.969,0.005187
2003-05-30,0.971,0.002064
2003-06-02,0.97,-0.00103
2003-06-03,0.963,-0.007216
2003-06-04,0.967,0.004154
2003-06-05,0.958,-0.009307
2003-06-06,0.952,-0.006263
2003-06-09,0.948,-0.004202
2003-06-10,0.952,0.004219
2003-06-11,0.963,0.011555
2003-06-12,0.959,-0.004154
2003-06-13,0.96,0.001043
2003-06-16,0.954,-0.00625
2003-06-17,0.951,-0.003145
2003-06-18,0.951,0.0
2003-06-19,0.944,-0.007361
2003-06-20,0.94,-0.004237
2003-06-23,0.932,-0.008511
2003-06-24,0.932,0.0
2003-06-25,0.926,-0.006438
2003-06-26,0.933,0.007559
2003-06-27,0.927,-0.006431
2003-06-30,0.926,-0.001079
2003-07-01,0.928,0.00216
2003-07-02,0.939,0.011853
2003-07-03,0.942,0.003195
2003-07-04,0.944,0.002123
2003-07-07,0.946,0.002119
2003-07-08,0.949,0.003171
2003-07-09,0.946,-0.003161
2003-07-10,0.961,0.015856
2003-07-11,0.959,-0.002081
2003-07-14,0.958,-0.001043
2003-07-15,0.962,0.004175
2003-07-16,0.967,0.005198
2003-07-17,0.976,0.009307
2003-07-18,0.96,-0.016393
2003-07-21,0.959,-0.001042
2003-07-22,0.959,0.0
2003-07-23,0.959,0.0
2003-07-24,0.956,-0.003128
2003-07-25,0.948,-0.008368
2003-07-28,0.945,-0.003165
2003-07-29,0.949,0.004233
2003-07-30,0.953,0.004215
2003-07-31,0.954,0.001049
2003-08-01,0.954,0.0
2003-08-04,0.96,0.006289
2003-08-05,0.959,-0.001042
2003-08-06,0.956,-0.003128
2003-08-07,0.955,-0.001046
2003-08-08,0.949,-0.006283
2003-08-11,0.951,0.002107
2003-08-12,0.954,0.003155
2003-08-13,0.946,-0.008386
2003-08-14,0.939,-0.0074
2003-08-15,0.936,-0.003195
2003-08-18,0.935,-0.001068
2003-08-19,0.938,0.003209
2003-08-20,0.934,-0.004264
2003-08-21,0.933,-0.001071
2003-08-22,0.934,0.001072
2003-08-25,0.929,-0.005353
2003-08-26,0.93,0.001076
2003-08-27,0.929,-0.001075
2003-08-28,0.926,-0.003229
2003-08-29,0.931,0.0054
2003-09-01,0.941,0.010741
2003-09-02,0.938,-0.003188
2003-09-03,0.935,-0.003198
2003-09-04,0.933,-0.002139
2003-09-05,0.925,-0.008574
2003-09-08,0.922,-0.003243
2003-09-09,0.916,-0.006508
2003-09-10,0.917,0.001092
2003-09-11,0.919,0.002181
2003-09-12,0.917,-0.002176
2003-09-15,0.914,-0.003272
2003-09-16,0.915,0.001094
2003-09-17,0.91,-0.005464
2003-09-18,0.91,0.0
2003-09-19,0.912,0.002198
2003-09-22,0.906,-0.006579
2003-09-23,0.907,0.001104
2003-09-24,0.907,0.0
2003-09-25,0.901,-0.006615
2003-09-26,0.903,0.00222
2003-09-29,0.9,-0.003322
2003-09-30,0.908,0.008889
2003-10-08,0.911,0.003304
2003-10-09,0.913,0.002195
2003-10-10,0.928,0.016429
2003-10-13,0.926,-0.002155
2003-10-14,0.924,-0.00216
2003-10-15,0.921,-0.003247
2003-10-16,0.916,-0.005429
2003-10-17,0.92,0.004367
2003-10-20,0.918,-0.002174
2003-10-21,0.921,0.003268
2003-10-22,0.939,0.019544
2003-10-23,0.934,-0.005325
2003-10-24,0.937,0.003212
2003-10-27,0.938,0.001067
2003-10-28,0.945,0.007463
2003-10-29,0.951,0.006349
2003-10-30,0.947,-0.004206
2003-10-31,0.945,-0.002112
2003-11-03,0.959,0.014815
2003-11-04,0.976,0.017727
2003-11-05,0.977,0.001025
2003-11-06,0.979,0.002047
2003-11-07,0.965,-0.0143
2003-11-10,0.971,0.006218
2003-11-11,0.97,-0.00103
2003-11-12,0.96,-0.010309
2003-11-13,0.958,-0.002083
2003-11-14,0.963,0.005219
2003-11-17,0.956,-0.007269
2003-11-18,0.952,-0.004184
2003-11-19,0.957,0.005252
2003-11-20,0.964,0.007315
2003-11-21,0.963,-0.001037
2003-11-24,0.976,0.013499
2003-11-25,0.974,-0.002049
2003-11-26,0.978,0.004107
2003-11-27,0.971,-0.007157
2003-11-28,0.978,0.007209
2003-12-01,0.997,0.019427
2003-12-02,1.0,0.003009
2003-12-03,1.006,0.006
2003-12-04,1.008,0.001988
2003-12-05,1.005,-0.002976
2003-12-08,0.995,-0.00995
2003-12-09,1.001,0.00603
2003-12-10,1.015,0.013986
2003-12-11,1.015,0.0
2003-12-12,1.013,-0.00197
2003-12-15,1.015,0.001974
2003-12-16,1.016,0.000985
2003-12-17,1.012,-0.003937
2003-12-18,1.029,0.016798
2003-12-19,1.041,0.011662
2003-12-22,1.062,0.020173
2003-12-23,1.068,0.00565
2003-12-24,1.077,0.008427
2003-12-25,1.08,0.002786
2003-12-26,1.077,-0.002778
2003-12-29,1.064,-0.012071
2003-12-30,1.072,0.007519
2003-12-31,1.062,-0.009328
2004-01-02,1.068,0.00565
2004-01-05,1.1,0.029963
2004-01-06,1.111,0.01
2004-01-07,1.121,0.009001
2004-01-08,1.136,0.013381
2004-01-09,1.131,-0.004401
2004-01-12,1.155,0.02122
2004-01-13,1.152,-0.002597
2004-01-14,1.142,-0.008681
2004-01-15,1.134,-0.007005
2004-01-16,1.135,0.000882
2004-01-29,1.137,0.001762
2004-01-30,1.123,-0.012313
2004-02-02,1.142,0.016919
2004-02-03,1.149,0.00613
2004-02-04,1.168,0.016536
2004-02-05,1.17,0.001712
2004-02-06,1.166,-0.003419
2004-02-09,1.172,0.005146
2004-02-10,1.162,-0.008532
2004-02-11,1.153,-0.007745
2004-02-12,1.145,-0.006938
2004-02-13,1.153,0.006987
2004-02-16,1.169,0.013877
2004-02-17,1.171,0.001711
2004-02-18,1.177,0.005124
2004-02-19,1.173,-0.003398
2004-02-20,1.173,0.0
2004-02-23,1.141,-0.02728
2004-02-24,1.149,0.007011
2004-02-25,1.136,-0.011314
2004-02-26,1.151,0.013204
2004-02-27,1.16,0.007819
2004-03-01,1.165,0.00431
2004-03-02,1.161,-0.003433
2004-03-03,1.15,-0.009475
2004-03-04,1.15,0.0
2004-03-05,1.147,-0.002609
2004-03-08,1.137,-0.008718
2004-03-09,1.139,0.001759
2004-03-10,1.158,0.016681
2004-03-11,1.168,0.008636
2004-03-12,1.176,0.006849
2004-03-15,1.197,0.017857
2004-03-16,1.199,0.001671
2004-03-17,1.203,0.003336
2004-03-18,1.188,-0.012469
2004-03-19,1.202,0.011785
2004-03-22,1.199,-0.002496
2004-03-23,1.187,-0.010008
2004-03-24,1.19,0.002527
2004-03-25,1.19,0.0
2004-03-26,1.196,0.005042
2004-03-29,1.185,-0.009197
2004-03-30,1.183,-0.001688
2004-03-31,1.19,0.005917
2004-04-01,1.201,0.009244
2004-04-02,1.212,0.009159
2004-04-05,1.213,0.000825
2004-04-06,1.217,0.003298
2004-04-07,1.217,0.0
2004-04-08,1.217,0.0
2004-04-09,1.192,-0.020542
2004-04-12,1.186,-0.005034
2004-04-13,1.176,-0.008432
2004-04-14,1.163,-0.011054
2004-04-15,1.156,-0.006019
2004-04-16,1.167,0.009516
2004-04-19,1.161,-0.005141
2004-04-20,1.153,-0.006891
2004-04-21,1.14,-0.011275
2004-04-22,1.143,0.002632
2004-04-23,1.14,-0.002625
2004-04-26,1.145,0.004386
2004-04-27,1.138,-0.006114
2004-04-28,1.125,-0.011424
2004-04-29,1.105,-0.017778
2004-04-30,1.119,0.01267
2004-05-10,1.098,-0.018767
2004-05-11,1.096,-0.001821
2004-05-12,1.11,0.012774
2004-05-13,1.11,0.0
2004-05-14,1.096,-0.012613
2004-05-17,1.086,-0.009124
2004-05-18,1.082,-0.003683
2004-05-19,1.086,0.003697
2004-05-20,1.083,-0.002762
2004-05-21,1.088,0.004617
2004-05-24,1.085,-0.002757
2004-05-25,1.076,-0.008295
2004-05-26,1.083,0.006506
2004-05-27,1.099,0.014774
2004-05-28,1.099,0.0
2004-05-31,1.101,0.00182
2004-06-01,1.113,0.010899
2004-06-02,1.109,-0.003594
2004-06-03,1.099,-0.009017
2004-06-04,1.095,-0.00364
2004-06-07,1.087,-0.007306
2004-06-08,1.081,-0.00552
2004-06-09,1.074,-0.006475
2004-06-10,1.074,0.0
2004-06-11,1.075,0.000931
2004-06-14,1.069,-0.005581
2004-06-15,1.077,0.007484
2004-06-16,1.086,0.008357
2004-06-17,1.071,-0.013812
2004-06-18,1.056,-0.014006
2004-06-21,1.052,-0.003788
2004-06-22,1.061,0.008555
2004-06-23,1.055,-0.005655
2004-06-24,1.05,-0.004739
2004-06-25,1.044,-0.005714
2004-06-28,1.038,-0.005747
2004-06-29,1.048,0.009634
2004-06-30,1.049,0.000954
2004-07-01,1.068,0.018112
2004-07-02,1.07,0.001873
2004-07-05,1.073,0.002804
2004-07-06,1.075,0.001864
2004-07-07,1.072,-0.002791
2004-07-08,1.072,0.0
2004-07-09,1.072,0.0
2004-07-12,1.063,-0.008396
2004-07-13,1.064,0.000941
2004-07-14,1.07,0.005639
2004-07-15,1.085,0.014019
2004-07-16,1.099,0.012903
2004-07-19,1.104,0.00455
2004-07-20,1.101,-0.002717
2004-07-21,1.098,-0.002725
2004-07-22,1.08,-0.016393
2004-07-23,1.083,0.002778
2004-07-26,1.078,-0.004617
2004-07-27,1.074,-0.003711
2004-07-28,1.077,0.002793
2004-07-29,1.081,0.003714
2004-07-30,1.075,-0.00555
2004-08-02,1.066,-0.008372
2004-08-03,1.056,-0.009381
2004-08-04,1.073,0.016098
2004-08-05,1.065,-0.007456
2004-08-06,1.064,-0.000939
2004-08-09,1.07,0.005639
2004-08-10,1.072,0.001869
2004-08-11,1.067,-0.004664
2004-08-12,1.063,-0.003749
2004-08-13,1.068,0.004704
2004-08-16,1.065,-0.002809
2004-08-17,1.068,0.002817
2004-08-18,1.07,0.001873
2004-08-19,1.068,-0.001869
2004-08-20,1.07,0.001873
2004-08-23,1.062,-0.007477
2004-08-24,1.063,0.000942
2004-08-25,1.06,-0.002822
2004-08-26,1.06,0.0
2004-08-27,1.053,-0.006604
2004-08-30,1.048,-0.004748
2004-08-31,1.057,0.008588
2004-09-01,1.046,-0.010407
2004-09-02,1.046,0.0
2004-09-03,1.046,0.0
2004-09-06,1.043,-0.002868
2004-09-07,1.044,0.000959
2004-09-08,1.038,-0.005747
2004-09-09,1.031,-0.006744
2004-09-10,1.034,0.00291
2004-09-13,1.026,-0.007737
2004-09-14,1.041,0.01462
2004-09-15,1.061,0.019212
2004-09-16,1.066,0.004713
2004-09-17,1.085,0.017824
2004-09-20,1.106,0.019355
2004-09-21,1.099,-0.006329
2004-09-22,1.089,-0.009099
2004-09-23,1.122,0.030303
2004-09-24,1.115,-0.006239
2004-09-27,1.116,0.000897
2004-09-28,1.13,0.012545
2004-09-29,1.122,-0.00708
2004-09-30,1.122,0.0
2004-10-08,1.143,0.018717
2004-10-11,1.136,-0.006124
2004-10-12,1.114,-0.019366
2004-10-13,1.116,0.001795
2004-10-14,1.1,-0.014337
2004-10-15,1.105,0.004545
2004-10-18,1.101,-0.00362
2004-10-19,1.104,0.002725
2004-10-20,1.11,0.005435
2004-10-21,1.114,0.003604
2004-10-22,1.128,0.012567
2004-10-25,1.123,-0.004433
2004-10-26,1.132,0.008014
2004-10-27,1.133,0.000883
2004-10-28,1.125,-0.007061
2004-10-29,1.12,-0.004444
2004-11-01,1.114,-0.005357
2004-11-02,1.113,-0.000898
2004-11-03,1.118,0.004492
2004-11-04,1.099,-0.016995
2004-11-05,1.096,-0.00273
2004-11-08,1.1,0.00365
2004-11-09,1.103,0.002727
2004-11-10,1.125,0.019946
2004-11-11,1.117,-0.007111
2004-11-12,1.118,0.000895
2004-11-15,1.124,0.005367
2004-11-16,1.123,-0.00089
2004-11-17,1.12,-0.002671
2004-11-18,1.127,0.00625
2004-11-19,1.127,0.0
2004-11-22,1.122,-0.004437
2004-11-23,1.11,-0.010695
2004-11-24,1.111,0.000901
2004-11-25,1.113,0.0018
2004-11-26,1.11,-0.002695
2004-11-29,1.105,-0.004505
2004-11-30,1.103,-0.00181
2004-12-01,1.098,-0.004533
2004-12-02,1.092,-0.005464
2004-12-03,1.093,0.000916
2004-12-06,1.092,-0.000915
2004-12-07,1.089,-0.002747
2004-12-08,1.092,0.002755
2004-12-09,1.094,0.001832
2004-12-10,1.093,-0.000914
2004-12-13,1.091,-0.00183
2004-12-14,1.091,0.0
2004-12-15,1.094,0.00275
2004-12-16,1.093,-0.000914
2004-12-17,1.085,-0.007319
2004-12-20,1.074,-0.010138
2004-12-21,1.072,-0.001862
2004-12-22,1.085,0.012127
2004-12-23,1.077,-0.007373
2004-12-24,1.078,0.000929
2004-12-27,1.079,0.000928
2004-12-28,1.082,0.00278
2004-12-29,1.082,0.0
2004-12-30,1.085,0.002773
2004-12-31,1.086,0.000922
2005-01-04,1.072,-0.012891
2005-01-05,1.073,0.000933
2005-01-06,1.066,-0.006524
2005-01-07,1.063,-0.002814
2005-01-10,1.069,0.005644
2005-01-11,1.071,0.001871
2005-01-12,1.072,0.000934
2005-01-13,1.073,0.000933
2005-01-14,1.069,-0.003728
2005-01-17,1.062,-0.006548
2005-01-18,1.064,0.001883
2005-01-19,1.056,-0.007519
2005-01-20,1.051,-0.004735
2005-01-21,1.064,0.012369
2005-01-24,1.072,0.007519
2005-01-25,1.077,0.004664
2005-01-26,1.076,-0.000929
2005-01-27,1.07,-0.005576
2005-01-28,1.07,0.0
2005-01-31,1.069,-0.000935
2005-02-01,1.072,0.002806
2005-02-02,1.1,0.026119
2005-02-03,1.095,-0.004545
2005-02-04,1.109,0.012785
2005-02-16,1.112,0.002705
2005-02-17,1.102,-0.008993
2005-02-18,1.095,-0.006352
2005-02-21,1.109,0.012785
2005-02-22,1.121,0.010821
2005-02-23,1.116,-0.00446
2005-02-24,1.113,-0.002688
2005-02-25,1.115,0.001797
2005-02-28,1.111,-0.003587
2005-03-01,1.107,-0.0036
2005-03-02,1.097,-0.009033
2005-03-03,1.102,0.004558
2005-03-04,1.102,0.0
2005-03-07,1.11,0.00726
2005-03-08,1.122,0.010811
2005-03-09,1.121,-0.000891
2005-03-10,1.109,-0.010705
2005-03-11,1.122,0.011722
2005-03-14,1.139,0.015152
2005-03-15,1.127,-0.010536
2005-03-16,1.119,-0.007098
2005-03-17,1.119,0.0
2005-03-18,1.109,-0.008937
2005-03-21,1.115,0.00541
2005-03-22,1.125,0.008969
2005-03-23,1.112,-0.011556
2005-03-24,1.102,-0.008993
2005-03-25,1.104,0.001815
2005-03-28,1.112,0.007246
2005-03-29,1.106,-0.005396
2005-03-30,1.095,-0.009946
2005-03-31,1.1,0.004566
2005-04-01,1.125,0.022727
2005-04-04,1.127,0.001778
2005-04-05,1.13,0.002662
2005-04-06,1.152,0.019469
2005-04-07,1.147,-0.00434
2005-04-08,1.153,0.005231
2005-04-11,1.133,-0.017346
2005-04-12,1.129,-0.00353
2005-04-13,1.138,0.007972
2005-04-14,1.133,-0.004394
2005-04-15,1.13,-0.002648
2005-04-18,1.123,-0.006195
2005-04-19,1.116,-0.006233
2005-04-20,1.115,-0.000896
2005-04-21,1.128,0.011659
2005-04-22,1.128,0.0
2005-04-25,1.136,0.007092
2005-04-26,1.139,0.002641
2005-04-27,1.14,0.000878
2005-04-28,1.145,0.004386
2005-04-29,1.134,-0.009607
2005-05-09,1.114,-0.017637
2005-05-10,1.107,-0.006284
2005-05-11,1.087,-0.018067
2005-05-12,1.072,-0.013799
2005-05-13,1.07,-0.001866
2005-05-16,1.066,-0.003738
2005-05-17,1.069,0.002814
2005-05-18,1.059,-0.009355
2005-05-19,1.058,-0.000944
2005-05-20,1.061,0.002836
2005-05-23,1.05,-0.010368
2005-05-24,1.047,-0.002857
2005-05-25,1.046,-0.000955
2005-05-26,1.035,-0.010516
2005-05-27,1.019,-0.015459
2005-05-30,1.022,0.002944
2005-05-31,1.026,0.003914
2005-06-01,1.014,-0.011696
2005-06-02,0.984,-0.029586
2005-06-03,0.99,0.006098
2005-06-06,1.02,0.030303
2005-06-07,1.016,-0.003922
2005-06-08,1.073,0.056102
2005-06-09,1.071,-0.001864
2005-06-10,1.057,-0.013072
2005-06-13,1.05,-0.006623
2005-06-14,1.043,-0.006667
2005-06-15,1.036,-0.006711
2005-06-16,1.049,0.012548
2005-06-17,1.043,-0.00572
2005-06-20,1.069,0.024928
2005-06-21,1.063,-0.005613
2005-06-22,1.074,0.010348
2005-06-23,1.07,-0.003724
2005-06-24,1.072,0.001869
2005-06-27,1.082,0.009328
2005-06-28,1.072,-0.009242
2005-06-29,1.068,-0.003731
2005-06-30,1.063,-0.004682
2005-07-01,1.051,-0.011289
2005-07-04,1.055,0.003806
2005-07-05,1.053,-0.001896
2005-07-06,1.041,-0.011396
2005-07-07,1.04,-0.000961
2005-07-08,1.042,0.001923
2005-07-11,1.042,0.0
2005-07-12,1.058,0.015355
2005-07-13,1.055,-0.002836
2005-07-14,1.06,0.004739
2005-07-15,1.059,-0.000943
2005-07-18,1.055,-0.003777
2005-07-19,1.054,-0.000948
2005-07-20,1.059,0.004744
2005-07-21,1.059,0.0
2005-07-22,1.068,0.008499
2005-07-25,1.068,0.0
2005-07-26,1.076,0.007491
2005-07-27,1.086,0.009294
2005-07-28,1.084,-0.001842
2005-07-29,1.079,-0.004613
2005-08-01,1.081,0.001854
2005-08-02,1.085,0.0037
2005-08-03,1.085,0.0
2005-08-04,1.082,-0.002765
2005-08-05,1.093,0.010166
2005-08-08,1.086,-0.006404
2005-08-09,1.083,-0.002762
2005-08-10,1.088,0.004617
2005-08-11,1.104,0.014706
2005-08-12,1.092,-0.01087
2005-08-15,1.107,0.013736
2005-08-16,1.096,-0.009937
2005-08-17,1.107,0.010036
2005-08-18,1.086,-0.01897
2005-08-19,1.086,0.0
2005-08-22,1.093,0.006446
2005-08-23,1.091,-0.00183
2005-08-24,1.096,0.004583
2005-08-25,1.094,-0.001825
2005-08-26,1.093,-0.000914
2005-08-29,1.085,-0.007319
2005-08-30,1.083,-0.001843
2005-08-31,1.093,0.009234
2005-09-01,1.104,0.010064
2005-09-02,1.107,0.002717
2005-09-05,1.105,-0.001807
2005-09-06,1.093,-0.01086
2005-09-07,1.106,0.011894
2005-09-08,1.108,0.001808
2005-09-09,1.106,-0.001805
2005-09-12,1.106,0.0
2005-09-13,1.119,0.011754
2005-09-14,1.119,0.0
2005-09-15,1.119,0.0
2005-09-16,1.116,-0.002681
2005-09-19,1.117,0.000896
2005-09-20,1.112,-0.004476
2005-09-21,1.099,-0.011691
2005-09-22,1.09,-0.008189
2005-09-23,1.09,0.0
2005-09-26,1.092,0.001835
2005-09-27,1.089,-0.002747
2005-09-28,1.089,0.0
2005-09-29,1.101,0.011019
2005-09-30,1.102,0.000908
2005-10-10,1.098,-0.00363
2005-10-11,1.107,0.008197
2005-10-12,1.111,0.003613
2005-10-13,1.109,-0.0018
2005-10-14,1.102,-0.006312
2005-10-17,1.106,0.00363
2005-10-18,1.111,0.004521
2005-10-19,1.107,-0.0036
2005-10-20,1.111,0.003613
2005-10-21,1.119,0.007201
2005-10-24,1.124,0.004468
2005-10-25,1.114,-0.008897
2005-10-26,1.099,-0.013465
2005-10-27,1.101,0.00182
2005-10-28,1.095,-0.00545
2005-10-31,1.098,0.00274
2005-11-01,1.091,-0.006375
2005-11-02,1.097,0.0055
2005-11-03,1.085,-0.010939
2005-11-04,1.087,0.001843
2005-11-07,1.087,0.0
2005-11-08,1.094,0.00644
2005-11-09,1.094,0.0
2005-11-10,1.081,-0.011883
2005-11-11,1.08,-0.000925
2005-11-14,1.075,-0.00463
2005-11-15,1.065,-0.009302
2005-11-16,1.066,0.000939
2005-11-17,1.062,-0.003752
2005-11-18,1.077,0.014124
2005-11-21,1.079,0.001857
2005-11-22,1.072,-0.006487
2005-11-23,1.077,0.004664
2005-11-24,1.077,0.0
2005-11-25,1.077,0.0
2005-11-28,1.075,-0.001857
2005-11-29,1.065,-0.009302
2005-11-30,1.067,0.001878
2005-12-01,1.067,0.0
2005-12-02,1.064,-0.002812
2005-12-05,1.05,-0.013158
2005-12-06,1.049,-0.000952
2005-12-07,1.054,0.004766
2005-12-08,1.053,-0.000949
2005-12-09,1.065,0.011396
2005-12-12,1.062,-0.002817
2005-12-13,1.062,0.0
2005-12-14,1.072,0.009416
2005-12-15,1.07,-0.001866
2005-12-16,1.077,0.006542
2005-12-19,1.076,-0.000929
2005-12-20,1.08,0.003717
2005-12-21,1.076,-0.003704
2005-12-22,1.081,0.004647
2005-12-23,1.091,0.009251
2005-12-26,1.096,0.004583
2005-12-27,1.096,0.0
2005-12-28,1.098,0.001825
2005-12-29,1.118,0.018215
2005-12-30,1.107,-0.009839
2005-12-31,1.107,0.0
2006-01-04,1.12,0.011743
2006-01-05,1.136,0.014286
2006-01-06,1.153,0.014965
2006-01-09,1.16,0.006071
2006-01-10,1.166,0.005172
2006-01-11,1.166,0.0
2006-01-12,1.171,0.004288
2006-01-13,1.165,-0.005124
2006-01-16,1.151,-0.012017
2006-01-17,1.153,0.001738
2006-01-18,1.17,0.014744
2006-01-19,1.179,0.007692
2006-01-20,1.191,0.010178
2006-01-23,1.192,0.00084
2006-01-24,1.198,0.005034
2006-01-25,1.218,0.016694
2006-02-06,1.242,0.019704
2006-02-07,1.231,-0.008857
2006-02-08,1.209,-0.017872
2006-02-09,1.196,-0.010753
2006-02-10,1.21,0.011706
2006-02-13,1.217,0.005785
2006-02-14,1.225,0.006574
2006-02-15,1.227,0.001633
2006-02-16,1.208,-0.015485
2006-02-17,1.208,0.0
2006-02-20,1.209,0.000828
2006-02-21,1.219,0.008271
2006-02-22,1.217,-0.001641
2006-02-23,1.218,0.000822
2006-02-24,1.229,0.009031
2006-02-27,1.234,0.004068
2006-02-28,1.24,0.004862
2006-03-01,1.247,0.005645
2006-03-02,1.241,-0.004812
2006-03-03,1.242,0.000806
2006-03-06,1.241,-0.000805
2006-03-07,1.228,-0.010475
2006-03-08,1.223,-0.004072
2006-03-09,1.223,0.0
2006-03-10,1.225,0.001635
2006-03-13,1.235,0.008163
2006-03-14,1.236,0.00081
2006-03-15,1.245,0.007282
2006-03-16,1.247,0.001606
2006-03-17,1.244,-0.002406
2006-03-20,1.25,0.004823
2006-03-21,1.258,0.0064
2006-03-22,1.27,0.009539
2006-03-23,1.273,0.002362
2006-03-24,1.27,-0.002357
2006-03-27,1.279,0.007087
2006-03-28,1.289,0.007819
2006-03-29,1.305,0.012413
2006-03-30,1.301,-0.003065
2006-03-31,1.317,0.012298
2006-04-03,1.341,0.018223
2006-04-04,1.349,0.005966
2006-04-05,1.37,0.015567
2006-04-06,1.385,0.010949
2006-04-07,1.386,0.000722
2006-04-10,1.393,0.005051
2006-04-11,1.4,0.005025
2006-04-12,1.394,-0.004286
2006-04-13,1.358,-0.025825
2006-04-14,1.383,0.018409
2006-04-17,1.392,0.006508
2006-04-18,1.401,0.006466
2006-04-19,1.445,0.031406
2006-04-20,1.452,0.004844
2006-04-21,1.48,0.019284
2006-04-24,1.509,0.019595
2006-04-25,1.517,0.005302
2006-04-26,1.52,0.001978
2006-04-27,1.52,0.0
2006-04-28,1.543,0.015132
2006-05-08,1.586,0.027868
2006-05-09,1.617,0.019546
2006-05-10,1.627,0.006184
2006-05-11,1.639,0.007376
2006-05-12,1.7,0.037218
2006-05-15,1.774,0.043529
2006-05-16,1.734,-0.022548
2006-05-17,1.711,-0.013264
2006-05-18,1.706,-0.002922
2006-05-19,1.75,0.025791
2006-05-22,1.713,-0.021143
2006-05-23,1.664,-0.028605
2006-05-24,1.669,0.003005
2006-05-25,1.677,0.004793
2006-05-26,1.7,0.013715
2006-05-29,1.747,0.027647
2006-05-30,1.792,0.025758
2006-05-31,1.786,-0.003348
2006-06-01,1.821,0.019597
2006-06-02,1.794,-0.014827
2006-06-05,1.79,-0.00223
2006-06-06,1.761,-0.016201
2006-06-07,1.692,-0.039182
2006-06-08,1.7,0.004728
2006-06-09,1.692,-0.004706
2006-06-12,1.714,0.013002
2006-06-13,1.717,0.00175
2006-06-14,1.703,-0.008154
2006-06-15,1.709,0.003523
2006-06-16,1.733,0.014043
2006-06-19,1.759,0.015003
2006-06-20,1.756,-0.001706
2006-06-21,1.749,-0.003986
2006-06-22,1.743,-0.003431
2006-06-23,1.747,0.002295
2006-06-26,1.761,0.008014
2006-06-27,1.763,0.001136
2006-06-28,1.756,-0.003971
2006-06-29,1.773,0.009681
2006-06-30,1.772,-0.000564
2006-07-03,1.769,-0.001693
2006-07-04,1.771,0.001131
2006-07-05,1.761,-0.005647
2006-07-06,1.788,0.015332
2006-07-07,1.78,-0.004474
2006-07-10,1.763,-0.009551
2006-07-11,1.764,0.000567
2006-07-12,1.764,0.0
2006-07-13,1.705,-0.033447
2006-07-14,1.716,0.006452
2006-07-17,1.721,0.002914
2006-07-18,1.718,-0.001743
2006-07-19,1.681,-0.021537
2006-07-20,1.685,0.00238
2006-07-21,1.697,0.007122
2006-07-24,1.708,0.006482
2006-07-25,1.725,0.009953
2006-07-26,1.717,-0.004638
2006-07-27,1.703,-0.008154
2006-07-28,1.692,-0.006459
2006-07-31,1.65,-0.024823
2006-08-01,1.639,-0.006667
2006-08-02,1.628,-0.006711
2006-08-03,1.636,0.004914
2006-08-04,1.608,-0.017115
2006-08-07,1.601,-0.004353
2006-08-08,1.625,0.014991
2006-08-09,1.619,-0.003692
2006-08-10,1.636,0.0105
2006-08-11,1.645,0.005501
2006-08-14,1.612,-0.020061
2006-08-15,1.628,0.009926
2006-08-16,1.645,0.010442
2006-08-17,1.637,-0.004863
2006-08-18,1.636,-0.000611
2006-08-21,1.637,0.000611
2006-08-22,1.654,0.010385
2006-08-23,1.65,-0.002418
2006-08-24,1.656,0.003636
2006-08-25,1.652,-0.002415
2006-08-28,1.688,0.021792
2006-08-29,1.705,0.010071
2006-08-30,1.711,0.003519
2006-08-31,1.713,0.001169
2006-09-01,1.695,-0.010508
2006-09-04,1.714,0.011209
2006-09-05,1.717,0.00175
2006-09-06,1.719,0.001165
2006-09-07,1.711,-0.004654
2006-09-08,1.714,0.001753
2006-09-11,1.716,0.001167
2006-09-12,1.72,0.002331
2006-09-13,1.706,-0.00814
2006-09-14,1.711,0.002931
2006-09-15,1.72,0.00526
2006-09-18,1.732,0.006977
2006-09-19,1.741,0.005196
2006-09-20,1.744,0.001723
2006-09-21,1.755,0.006307
2006-09-22,1.75,-0.002849
2006-09-25,1.746,-0.002286
2006-09-26,1.732,-0.008018
2006-09-27,1.74,0.004619
2006-09-28,1.757,0.00977
2006-09-29,1.771,0.007968
2006-09-30,1.771,0.0
2006-10-09,1.804,0.018634
2006-10-10,1.798,-0.003326
2006-10-11,1.79,-0.004449
2006-10-12,1.77,-0.011173
2006-10-13,1.778,0.00452
2006-10-16,1.746,-0.017998
2006-10-17,1.747,0.000573
2006-10-18,1.772,0.01431
2006-10-19,1.775,0.001693
2006-10-20,1.776,0.000563
2006-10-23,1.748,-0.015766
2006-10-24,1.778,0.017162
2006-10-25,1.795,0.009561
2006-10-26,1.808,0.007242
2006-10-27,1.784,-0.013274
2006-10-30,1.765,-0.01065
2006-10-31,1.78,0.008499
2006-11-01,1.782,0.001124
2006-11-02,1.785,0.001684
2006-11-03,1.794,0.005042
2006-11-06,1.799,0.002787
2006-11-07,1.8,0.000556
2006-11-08,1.789,-0.006111
2006-11-09,1.819,0.016769
2006-11-10,1.806,-0.007147
2006-11-13,1.783,-0.012735
2006-11-14,1.806,0.0129
2006-11-15,1.853,0.026024
2006-11-16,1.853,0.0
2006-11-17,1.879,0.014031
2006-11-20,1.913,0.018095
2006-11-21,1.919,0.003136
2006-11-22,1.939,0.010422
2006-11-23,1.942,0.001547
2006-11-24,1.944,0.00103
2006-11-27,1.939,-0.002572
2006-11-28,1.938,-0.000516
2006-11-29,1.966,0.014448
2006-11-30,2.027,0.031027
2006-12-01,2.044,0.008387
2006-12-04,2.079,0.017123
2006-12-05,2.089,0.00481
2006-12-06,2.077,-0.005744
2006-12-07,2.075,-0.000963
2006-12-08,2.025,-0.024096
2006-12-11,2.103,0.038519
2006-12-12,2.119,0.007608
2006-12-13,2.12,0.000472
2006-12-14,2.152,0.015094
2006-12-15,2.19,0.017658
2006-12-18,2.257,0.030594
2006-12-19,2.253,-0.001772
2006-12-20,2.26,0.003107
2006-12-21,2.234,-0.011504
2006-12-22,2.22,-0.006267
2006-12-25,2.27,0.022523
2006-12-26,2.281,0.004846
2006-12-27,2.329,0.021043
2006-12-28,2.33,0.000429
2006-12-29,2.387,0.024464
2006-12-31,2.387,0.0
2007-01-04,2.404,0.007122
2007-01-05,2.364,-0.016639
2007-01-08,2.385,0.008883
2007-01-09,2.454,0.028931
2007-01-10,2.501,0.019152
2007-01-11,2.484,-0.006797
2007-01-12,2.451,-0.013285
2007-01-15,2.549,0.039984
2007-01-16,2.623,0.029031
2007-01-17,2.568,-0.020968
2007-01-18,2.564,-0.001558
2007-01-19,2.626,0.024181
2007-01-22,2.693,0.025514
2007-01-23,2.67,-0.008541
2007-01-24,2.717,0.017603
2007-01-25,2.668,-0.018035
2007-01-26,2.728,0.022489
2007-01-29,2.755,0.009897
2007-01-30,2.736,-0.006897
2007-01-31,2.573,-0.059576
2007-02-01,2.587,0.005441
2007-02-02,2.487,-0.038655
2007-02-05,2.44,-0.018898
2007-02-06,2.442,0.00082
2007-02-07,2.484,0.017199
2007-02-08,2.498,0.005636
2007-02-09,2.478,-0.008006
2007-02-12,2.57,0.037127
2007-02-13,2.603,0.01284
2007-02-14,2.659,0.021514
2007-02-15,2.716,0.021437
2007-02-16,2.695,-0.007732
2007-02-26,2.671,-0.008905
2007-02-27,2.453,-0.081617
2007-02-28,2.5,0.01916
2007-03-01,2.445,-0.022
2007-03-02,2.481,0.014724
2007-03-05,2.445,-0.01451
2007-03-06,2.495,0.02045
2007-03-07,2.562,0.026854
2007-03-08,2.587,0.009758
2007-03-09,2.572,-0.005798
2007-03-12,2.57,-0.000778
2007-03-13,2.582,0.004669
2007-03-14,2.542,-0.015492
2007-03-15,2.585,0.016916
2007-03-16,2.554,-0.011992
2007-03-19,2.595,0.016053
2007-03-20,2.586,-0.003468
2007-03-21,2.598,0.00464
2007-03-22,2.605,0.002694
2007-03-23,2.601,-0.001536
2007-03-26,2.629,0.010765
2007-03-27,2.63,0.00038
2007-03-28,2.636,0.002281
2007-03-29,2.646,0.003794
2007-03-30,2.643,-0.001134
2007-03-31,2.643,0.0
2007-04-02,2.682,0.014756
2007-04-03,2.707,0.009321
2007-04-04,2.73,0.008496
2007-04-05,2.748,0.006593
2007-04-06,2.753,0.00182
2007-04-09,2.775,0.007991
2007-04-10,2.788,0.004685
2007-04-11,2.81,0.007891
2007-04-12,2.842,0.011388
2007-04-13,2.848,0.002111
2007-04-16,2.903,0.019312
2007-04-17,2.898,-0.001722
2007-04-18,2.901,0.001035
2007-04-19,2.834,-0.023095
2007-04-20,2.896,0.021877
2007-04-23,2.96,0.022099
2007-04-24,2.956,-0.001351
2007-04-25,2.953,-0.001015
2007-04-26,2.969,0.005418
2007-04-27,2.947,-0.00741
2007-04-30,2.986,0.013234
2007-05-08,3.054,0.022773
2007-05-09,3.051,-0.000982
2007-05-10,3.056,0.001639
2007-05-11,3.054,-0.000654
2007-05-14,3.076,0.007204
2007-05-15,3.006,-0.022757
2007-05-16,3.06,0.017964
2007-05-17,3.109,0.016013
2007-05-18,3.101,-0.002573
2007-05-21,3.119,0.005805
2007-05-22,3.133,0.004489
2007-05-23,3.163,0.009575
2007-05-24,3.141,-0.006955
2007-05-25,3.173,0.010188
2007-05-28,3.224,0.016073
2007-05-29,3.28,0.01737
2007-05-30,3.14,-0.042683
2007-05-31,3.209,0.021975
2007-06-01,3.153,-0.017451
2007-06-04,3.004,-0.047257
2007-06-05,3.082,0.025965
2007-06-06,3.114,0.010383
2007-06-07,3.186,0.023121
2007-06-08,3.205,0.005964
2007-06-11,3.265,0.018721
2007-06-12,3.326,0.018683
2007-06-13,3.367,0.012327
2007-06-14,3.343,-0.007128
2007-06-15,3.359,0.004786
2007-06-18,3.411,0.015481
2007-06-19,3.416,0.001466
2007-06-20,3.369,-0.013759
2007-06-21,3.397,0.008311
2007-06-22,3.322,-0.022078
2007-06-25,3.245,-0.023179
2007-06-26,3.283,0.01171
2007-06-27,3.353,0.021322
2007-06-28,3.259,-0.028035
2007-06-29,3.38,0.037128
2007-06-30,3.38,0.0
2007-07-02,3.339,-0.01213
2007-07-03,3.363,0.007188
2007-07-04,3.321,-0.012489
2007-07-05,3.207,-0.034327
2007-07-06,3.292,0.026505
2007-07-09,3.366,0.022479
2007-07-10,3.329,-0.010992
2007-07-11,3.339,0.003004
2007-07-12,3.357,0.005391
2007-07-13,3.362,0.001489
2007-07-16,3.302,-0.017847
2007-07-17,3.365,0.019079
2007-07-18,3.373,0.002377
2007-07-19,3.377,0.001186
2007-07-20,3.477,0.029612
2007-07-23,3.567,0.025884
2007-07-24,3.577,0.002803
2007-07-25,3.631,0.015096
2007-07-26,3.636,0.001377
2007-07-27,3.658,0.006051
2007-07-30,3.716,0.015856
2007-07-31,3.779,0.016954
2007-08-01,3.704,-0.019847
2007-08-02,3.834,0.035097
2007-08-03,3.963,0.033646
2007-08-06,3.995,0.008075
2007-08-07,4.006,0.002753
2007-08-08,3.94,-0.016475
2007-08-09,3.988,0.012183
2007-08-10,3.935,-0.01329
2007-08-13,3.886,-0.012452
2007-08-14,3.943,0.014668
2007-08-15,3.966,0.005833
2007-08-16,3.912,-0.013616
2007-08-17,3.851,-0.015593
2007-08-20,4.013,0.042067
2007-08-21,4.056,0.010715
2007-08-22,4.109,0.013067
2007-08-23,4.167,0.014115
2007-08-24,4.23,0.015119
2007-08-27,4.245,0.003546
2007-08-28,4.284,0.009187
2007-08-29,4.233,-0.011905
2007-08-30,4.27,0.008741
2007-08-31,4.329,0.013817
2007-09-03,4.391,0.014322
2007-09-04,4.356,-0.007971
2007-09-05,4.366,0.002296
2007-09-06,4.403,0.008475
2007-09-07,4.343,-0.013627
2007-09-10,4.402,0.013585
2007-09-11,4.28,-0.027715
2007-09-12,4.334,0.012617
2007-09-13,4.416,0.01892
2007-09-14,4.457,0.009284
2007-09-17,4.528,0.01593
2007-09-18,4.494,-0.007509
2007-09-19,4.481,-0.002893
2007-09-20,4.525,0.009819
2007-09-21,4.506,-0.004199
2007-09-24,4.516,0.002219
2007-09-25,4.499,-0.003764
2007-09-26,4.42,-0.017559
2007-09-27,4.494,0.016742
2007-09-28,4.607,0.025145
2007-09-30,4.607,0.0
2007-10-08,4.659,0.011287
2007-10-09,4.652,-0.001502
2007-10-10,4.641,-0.002365
2007-10-11,4.68,0.008403
2007-10-12,4.626,-0.011538
2007-10-15,4.603,-0.004972
2007-10-16,4.623,0.004345
2007-10-17,4.583,-0.008652
2007-10-18,4.494,-0.01942
2007-10-19,4.513,0.004228
2007-10-22,4.427,-0.019056
2007-10-23,4.453,0.005873
2007-10-24,4.493,0.008983
2007-10-25,4.409,-0.018696
2007-10-26,4.418,0.002041
2007-10-29,4.457,0.008828
2007-10-30,4.491,0.007628
2007-10-31,4.549,0.012915
2007-11-01,4.507,-0.009233
2007-11-02,4.431,-0.016863
2007-11-05,4.349,-0.018506
2007-11-06,4.325,-0.005519
2007-11-07,4.333,0.00185
2007-11-08,4.21,-0.028387
2007-11-09,4.176,-0.008076
2007-11-12,4.149,-0.006466
2007-11-13,4.122,-0.006508
2007-11-14,4.21,0.021349
2007-11-15,4.196,-0.003325
2007-11-16,4.164,-0.007626
2007-11-19,4.148,-0.003842
2007-11-20,4.161,0.003134
2007-11-21,4.13,-0.00745
2007-11-22,4.02,-0.026634
2007-11-23,4.057,0.009204
2007-11-26,4.033,-0.005916
2007-11-27,3.986,-0.011654
2007-11-28,3.958,-0.007025
2007-11-29,4.051,0.023497
2007-11-30,4.015,-0.008887
2007-12-03,4.049,0.008468
2007-12-04,4.079,0.007409
2007-12-05,4.146,0.016426
2007-12-06,4.15,0.000965
2007-12-07,4.182,0.007711
2007-12-10,4.239,0.01363
2007-12-11,4.243,0.000944
2007-12-12,4.212,-0.007306
2007-12-13,4.128,-0.019943
2007-12-14,4.176,0.011628
2007-12-17,4.142,-0.008142
2007-12-18,4.12,-0.005311
2007-12-19,4.178,0.014078
2007-12-20,4.228,0.011967
2007-12-21,4.274,0.01088
2007-12-24,4.335,0.014272
2007-12-25,4.342,0.001615
2007-12-26,4.392,0.011515
2007-12-27,4.43,0.008652
2007-12-28,4.417,-0.002935
2007-12-29,4.417,0.0
2007-12-31,4.417,0.0
2008-01-02,4.472,0.012452
2008-01-03,4.503,0.006932
2008-01-04,4.526,0.005108
2008-01-07,4.563,0.008175
2008-01-08,4.518,-0.009862
2008-01-09,4.573,0.012174
2008-01-10,4.59,0.003717
2008-01-11,4.578,-0.002614
2008-01-14,4.617,0.008519
2008-01-15,4.596,-0.004548
2008-01-16,4.534,-0.01349
2008-01-17,4.482,-0.011469
2008-01-18,4.503,0.004685
2008-01-21,4.382,-0.026871
2008-01-22,4.179,-0.046326
2008-01-23,4.327,0.035415
2008-01-24,4.392,0.015022
2008-01-25,4.394,0.000455
2008-01-28,4.249,-0.033
2008-01-29,4.262,0.00306
2008-01-30,4.233,-0.006804
2008-01-31,4.148,-0.02008
2008-02-01,4.068,-0.019286
2008-02-04,4.275,0.050885
2008-02-05,4.267,-0.001871
2008-02-13,4.235,-0.007499
2008-02-14,4.279,0.01039
2008-02-15,4.246,-0.007712
2008-02-18,4.328,0.019312
2008-02-19,4.386,0.013401
2008-02-20,4.341,-0.01026
2008-02-21,4.359,0.004147
2008-02-22,4.264,-0.021794
2008-02-25,4.192,-0.016886
2008-02-26,4.172,-0.004771
2008-02-27,4.25,0.018696
2008-02-28,4.26,0.002353
2008-02-29,4.297,0.008685
2008-03-03,4.376,0.018385
2008-03-04,4.348,-0.006399
2008-03-05,4.327,-0.00483
2008-03-06,4.33,0.000693
2008-03-07,4.29,-0.009238
2008-03-10,4.184,-0.024709
2008-03-11,4.193,0.002151
2008-03-12,4.118,-0.017887
2008-03-13,4.039,-0.019184
2008-03-14,4.016,-0.005694
2008-03-17,3.857,-0.039592
2008-03-18,3.723,-0.034742
2008-03-19,3.808,0.022831
2008-03-20,3.88,0.018908
2008-03-21,3.894,0.003608
2008-03-24,3.826,-0.017463
2008-03-25,3.836,0.002614
2008-03-26,3.829,-0.001825
2008-03-27,3.758,-0.018543
2008-03-28,3.785,0.007185
2008-03-31,3.75,-0.009247
2008-04-01,3.699,-0.0136
2008-04-02,3.671,-0.00757
2008-04-03,3.691,0.005448
2008-04-07,3.732,0.011108
2008-04-08,3.746,0.003751
2008-04-09,3.711,-0.009343
2008-04-10,3.728,0.004581
2008-04-11,3.737,0.002414
2008-04-14,3.69,-0.012577
2008-04-15,3.705,0.004065
2008-04-16,3.696,-0.002429
2008-04-17,3.683,-0.003517
2008-04-18,3.666,-0.004616
2008-04-21,3.663,-0.000818
2008-04-22,3.659,-0.001092
2008-04-23,3.687,0.007652
2008-04-24,3.739,0.014104
2008-04-25,3.738,-0.000267
2008-04-28,3.725,-0.003478
2008-04-29,3.731,0.001611
2008-04-30,3.764,0.008845
2008-05-05,3.789,0.006642
2008-05-06,3.783,-0.001584
2008-05-07,3.752,-0.008195
2008-05-08,3.781,0.007729
2008-05-09,3.779,-0.000529
2008-05-12,3.785,0.001588
2008-05-13,3.778,-0.001849
2008-05-14,3.798,0.005294
2008-05-15,3.789,-0.00237
2008-05-16,3.78,-0.002375
2008-05-19,3.776,-0.001058
2008-05-20,3.738,-0.010064
2008-05-21,3.749,0.002943
2008-05-22,3.74,-0.002401
2008-05-23,3.731,-0.002406
2008-05-26,3.708,-0.006165
2008-05-27,3.711,0.000809
2008-05-28,3.726,0.004042
2008-05-29,3.71,-0.004294
2008-05-30,3.711,0.00027
2008-06-02,3.714,0.000808
2008-06-03,3.71,-0.001077
2008-06-04,3.693,-0.004582
2008-06-05,3.688,-0.001354
2008-06-06,3.685,-0.000813
2008-06-10,3.642,-0.011669
2008-06-11,3.633,-0.002471
2008-06-12,3.621,-0.003303
2008-06-13,3.602,-0.005247
2008-06-16,3.591,-0.003054
2008-06-17,3.571,-0.005569
2008-06-18,3.599,0.007841
2008-06-19,3.565,-0.009447
2008-06-20,3.582,0.004769
2008-06-23,3.574,-0.002233
2008-06-24,3.585,0.003078
2008-06-25,3.606,0.005858
2008-06-26,3.61,0.001109
2008-06-27,3.582,-0.007756
2008-06-30,3.58,-0.000558
2008-07-01,3.568,-0.003352
2008-07-02,3.571,0.000841
2008-07-03,3.587,0.004481
2008-07-04,3.58,-0.001951
2008-07-07,3.602,0.006145
2008-07-08,3.605,0.000833
2008-07-09,3.621,0.004438
2008-07-10,3.613,-0.002209
2008-07-11,3.612,-0.000277
2008-07-14,3.619,0.001938
2008-07-15,3.602,-0.004697
2008-07-16,3.584,-0.004997
2008-07-17,3.582,-0.000558
2008-07-18,3.596,0.003908
2008-07-21,3.61,0.003893
2008-07-22,3.611,0.000277
2008-07-23,3.605,-0.001662
2008-07-24,3.618,0.003606
2008-07-25,3.613,-0.001382
2008-07-28,3.614,0.000277
2008-07-29,3.604,-0.002767
2008-07-30,3.6,-0.00111
2008-07-31,3.588,-0.003333
2008-08-01,3.593,0.001394
2008-08-04,3.582,-0.003062
2008-08-05,3.568,-0.003908
2008-08-06,3.566,-0.000561
2008-08-07,3.565,-0.00028
2008-08-08,3.546,-0.00533
2008-08-11,3.523,-0.006486
2008-08-12,3.523,0.0
2008-08-13,3.524,0.000284
2008-08-14,3.523,-0.000284
2008-08-15,3.524,0.000284
2008-08-18,3.502,-0.006243
2008-08-19,3.509,0.001999
2008-08-20,3.537,0.007979
2008-08-21,3.518,-0.005372
2008-08-22,3.511,-0.00199
2008-08-25,3.512,0.000285
2008-08-26,3.5,-0.003417
2008-08-27,3.494,-0.001714
2008-08-28,3.493,-0.000286
2008-08-29,3.503,0.002863
2008-09-01,3.493,-0.002855
2008-09-02,3.489,-0.001145
2008-09-03,3.478,-0.003153
2008-09-04,3.479,0.000288
2008-09-05,3.468,-0.003162
2008-09-08,3.457,-0.003172
2008-09-09,3.458,0.000289
2008-09-10,3.457,-0.000289
2008-09-11,3.448,-0.002603
2008-09-12,3.448,0.0
2008-09-16,3.424,-0.006961
2008-09-17,3.418,-0.001752
2008-09-18,3.412,-0.001755
2008-09-19,3.444,0.009379
2008-09-22,3.461,0.004936
2008-09-23,3.443,-0.005201
2008-09-24,3.445,0.000581
2008-09-25,3.458,0.003774
2008-09-26,3.458,0.0
2008-09-30,3.458,0.0
2008-10-06,3.437,-0.006073
2008-10-07,3.435,-0.000582
2008-10-08,3.425,-0.002911
2008-10-09,3.42,-0.00146
2008-10-10,3.407,-0.003801
2008-10-13,3.414,0.002055
2008-10-14,3.408,-0.001757
2008-10-15,3.407,-0.000293
2008-10-16,3.392,-0.004403
2008-10-17,3.393,0.000295
2008-10-20,3.401,0.002358
2008-10-21,3.399,-0.000588
2008-10-22,3.39,-0.002648
2008-10-23,3.391,0.000295
2008-10-24,3.385,-0.001769
2008-10-27,3.366,-0.005613
2008-10-28,3.373,0.00208
2008-10-29,3.367,-0.001779
2008-10-30,3.371,0.001188
2008-10-31,3.366,-0.001483
2008-11-03,3.364,-0.000594
2008-11-04,3.36,-0.001189
2008-11-05,3.371,0.003274
2008-11-06,3.365,-0.00178
2008-11-07,3.37,0.001486
2008-11-10,3.393,0.006825
2008-11-11,3.389,-0.001179
2008-11-12,3.393,0.00118
2008-11-13,3.41,0.00501
2008-11-14,3.424,0.004106
2008-11-17,3.438,0.004089
2008-11-18,3.412,-0.007563
2008-11-19,3.435,0.006741
2008-11-20,3.433,-0.000582
2008-11-21,3.433,0.0
2008-11-24,3.419,-0.004078
2008-11-25,3.419,0.0
2008-11-26,3.417,-0.000585
2008-11-27,3.42,0.000878
2008-11-28,3.42,0.0
2008-12-01,3.433,0.003801
2008-12-02,3.437,0.001165
2008-12-03,3.451,0.004073
2008-12-04,3.454,0.000869
2008-12-05,3.459,0.001448
2008-12-08,3.474,0.004337
2008-12-09,3.464,-0.002879
2008-12-10,3.478,0.004042
2008-12-11,3.468,-0.002875
2008-12-12,3.451,-0.004902
2008-12-15,3.458,0.002028
2008-12-16,3.46,0.000578
2008-12-17,3.467,0.002023
2008-12-18,3.476,0.002596
2008-12-19,3.48,0.001151
2008-12-22,3.481,0.000287
2008-12-23,3.46,-0.006033
2008-12-24,3.456,-0.001156
2008-12-25,3.457,0.000289
2008-12-26,3.458,0.000289
2008-12-29,3.459,0.000289
2008-12-30,3.46,0.000289
2008-12-31,3.459,-0.000289
2009-01-05,3.467,0.002313
2009-01-06,3.478,0.003173
2009-01-07,3.477,-0.000288
2009-01-08,3.47,-0.002013
2009-01-09,3.48,0.002882
2009-01-12,3.484,0.001149
2009-01-13,3.47,-0.004018
2009-01-14,3.484,0.004035
2009-01-15,3.484,0.0
2009-01-16,3.486,0.000574
2009-01-19,3.487,0.000287
2009-01-20,3.489,0.000574
2009-01-21,3.488,-0.000287
2009-01-22,3.494,0.00172
2009-01-23,3.491,-0.000859
2009-02-02,3.501,0.002865
2009-02-03,3.511,0.002856
2009-02-04,3.52,0.002563
2009-02-05,3.51,-0.002841
2009-02-06,3.527,0.004843
2009-02-09,3.541,0.003969
2009-02-10,3.549,0.002259
2009-02-11,3.549,0.0
2009-02-12,3.551,0.000564
2009-02-13,3.568,0.004787
2009-02-16,3.577,0.002522
2009-02-17,3.557,-0.005591
2009-02-18,3.537,-0.005623
2009-02-19,3.547,0.002827
2009-02-20,3.56,0.003665
2009-02-23,3.576,0.004494
2009-02-24,3.56,-0.004474
2009-02-25,3.561,0.000281
2009-02-26,3.53,-0.008705
2009-02-27,3.513,-0.004816
2009-03-02,3.526,0.003701
2009-03-03,3.526,0.0
2009-03-04,3.555,0.008225
2009-03-05,3.557,0.000563
2009-03-06,3.553,-0.001125
2009-03-09,3.537,-0.004503
2009-03-10,3.543,0.001696
2009-03-11,3.539,-0.001129
2009-03-12,3.537,-0.000565
2009-03-13,3.536,-0.000283
2009-03-16,3.544,0.002262
2009-03-17,3.56,0.004515
2009-03-18,3.562,0.000562
2009-03-19,3.574,0.003369
2009-03-20,3.573,-0.00028
2009-03-23,3.587,0.003918
2009-03-24,3.592,0.001394
2009-03-25,3.58,-0.003341
2009-03-26,3.596,0.004469
2009-03-27,3.598,0.000556
2009-03-30,3.596,-0.000556
2009-03-31,3.602,0.001669
2009-04-01,3.609,0.001943
2009-04-02,3.614,0.001385
2009-04-03,3.612,-0.000553
2009-04-07,3.614,0.000554
2009-04-08,3.596,-0.004981
2009-04-09,3.606,0.002781
2009-04-10,3.624,0.004992
2009-04-13,3.636,0.003311
2009-04-14,3.644,0.0022
2009-04-15,3.651,0.001921
2009-04-16,3.65,-0.000274
2009-04-17,3.643,-0.001918
2009-04-20,3.656,0.003568
2009-04-21,3.652,-0.001094
2009-04-22,3.629,-0.006298
2009-04-23,3.634,0.001378
2009-04-24,3.631,-0.000826
2009-04-27,3.617,-0.003856
2009-04-28,3.621,0.001106
2009-04-29,3.637,0.004419
2009-04-30,3.647,0.00275
2009-05-04,3.665,0.004936
2009-05-05,3.67,0.001364
2009-05-06,3.681,0.002997
2009-05-07,3.68,-0.000272
2009-05-08,3.683,0.000815
2009-05-11,3.666,-0.004616
2009-05-12,3.682,0.004364
2009-05-13,3.685,0.000815
2009-05-14,3.685,0.0
2009-05-15,3.688,0.000814
2009-05-18,3.699,0.002983
2009-05-19,3.704,0.001352
2009-05-20,3.699,-0.00135
2009-05-21,3.691,-0.002163
2009-05-22,3.689,-0.000542
2009-05-25,3.692,0.000813
2009-05-26,3.689,-0.000813
2009-05-27,3.698,0.00244
2009-06-01,3.713,0.004056
2009-06-02,3.712,-0.000269
2009-06-03,3.724,0.003233
2009-06-04,3.724,0.0
2009-06-05,3.724,0.0
2009-06-08,3.721,-0.000806
2009-06-09,3.722,0.000269
2009-06-10,3.726,0.001075
2009-06-11,3.721,-0.001342
2009-06-12,3.711,-0.002687
2009-06-15,3.719,0.002156
2009-06-16,3.719,0.0
2009-06-17,3.733,0.003764
2009-06-18,3.742,0.002411
2009-06-19,3.742,0.0
2009-06-22,3.739,-0.000802
2009-06-23,3.737,-0.000535
2009-06-24,3.745,0.002141
2009-06-25,3.747,0.000534
2009-06-26,3.748,0.000267
2009-06-29,3.756,0.002134
2009-06-30,3.754,-0.000532
2009-07-01,3.768,0.003729
2009-07-02,3.777,0.002389
2009-07-03,3.791,0.003707
2009-07-06,3.796,0.001319
2009-07-07,3.792,-0.001054
2009-07-08,3.794,0.000527
2009-07-09,3.807,0.003426
2009-07-10,3.811,0.001051
2009-07-13,3.812,0.000262
2009-07-14,3.83,0.004722
2009-07-15,3.836,0.001567
2009-07-16,3.835,-0.000261
2009-07-17,3.835,0.0
2009-07-20,3.846,0.002868
2009-07-21,3.838,-0.00208
2009-07-22,3.851,0.003387
2009-07-23,3.862,0.002856
2009-07-24,3.864,0.000518
2009-07-27,3.88,0.004141
2009-07-28,3.884,0.001031
2009-07-29,3.838,-0.011843
2009-07-30,3.851,0.003387
2009-07-31,3.872,0.005453
2009-08-03,3.889,0.00439
2009-08-04,3.895,0.001543
2009-08-05,3.887,-0.002054
2009-08-06,3.873,-0.003602
2009-08-07,3.846,-0.006971
2009-08-10,3.846,0.0
2009-08-11,3.85,0.00104
2009-08-12,3.816,-0.008831
2009-08-13,3.823,0.001834
2009-08-14,3.799,-0.006278
2009-08-17,3.752,-0.012372
2009-08-18,3.761,0.002399
2009-08-19,3.733,-0.007445
2009-08-20,3.763,0.008036
2009-08-21,3.776,0.003455
2009-08-24,3.785,0.002383
2009-08-25,3.765,-0.005284
2009-08-26,3.784,0.005046
2009-08-27,3.782,-0.000529
2009-08-28,3.756,-0.006875
2009-08-31,3.703,-0.014111
2009-09-01,3.702,-0.00027
2009-09-02,3.708,0.001621
2009-09-03,3.742,0.009169
2009-09-04,3.753,0.00294
2009-09-07,3.763,0.002665
2009-09-08,3.78,0.004518
2009-09-09,3.789,0.002381
2009-09-10,3.782,-0.001847
2009-09-11,3.797,0.003966
2009-09-14,3.807,0.002634
2009-09-15,3.809,0.000525
2009-09-16,3.8,-0.002363
2009-09-17,3.817,0.004474
2009-09-18,3.792,-0.00655
2009-09-21,3.805,0.003428
2009-09-22,3.791,-0.003679
2009-09-23,3.773,-0.004748
2009-09-24,3.769,-0.00106
2009-09-25,3.765,-0.001061
2009-09-28,3.75,-0.003984
2009-09-29,3.748,-0.000533
2009-09-30,3.756,0.002134
2009-10-09,3.788,0.00852
2009-10-12,3.792,0.001056
2009-10-13,3.803,0.002901
2009-10-14,3.807,0.001052
2009-10-15,3.809,0.000525
2009-10-16,3.811,0.000525
2009-10-19,3.831,0.005248
2009-10-20,3.845,0.003654
2009-10-21,3.84,-0.0013
2009-10-22,3.838,-0.000521
2009-10-23,3.853,0.003908
2009-10-26,3.86,0.001817
2009-10-27,3.846,-0.003627
2009-10-28,3.849,0.00078
2009-10-29,3.836,-0.003378
2009-10-30,3.849,0.003389
2009-11-02,3.882,0.008574
2009-11-03,3.896,0.003606
2009-11-04,3.899,0.00077
2009-11-05,3.9,0.000256
2009-11-06,3.901,0.000256
2009-11-09,3.904,0.000769
2009-11-10,3.909,0.001281
2009-11-11,3.909,0.0
2009-11-12,3.915,0.001535
2009-11-13,3.928,0.003321
2009-11-16,3.947,0.004837
2009-11-17,3.944,-0.00076
2009-11-18,3.94,-0.001014
2009-11-19,3.941,0.000254
2009-11-20,3.941,0.0
2009-11-23,3.958,0.004314
2009-11-24,3.925,-0.008338
2009-11-25,3.954,0.007389
2009-11-26,3.919,-0.008852
2009-11-27,3.899,-0.005103
2009-11-30,3.933,0.00872
2009-12-01,3.945,0.003051
2009-12-02,3.956,0.002788
2009-12-03,3.951,-0.001264
2009-12-04,3.954,0.000759
2009-12-07,3.957,0.000759
2009-12-08,3.949,-0.002022
2009-12-09,3.936,-0.003292
2009-12-10,3.941,0.00127
2009-12-11,3.943,0.000507
2009-12-14,3.944,0.000254
2009-12-15,3.942,-0.000507
2009-12-16,3.936,-0.001522
2009-12-17,3.908,-0.007114
2009-12-18,3.882,-0.006653
2009-12-21,3.883,0.000258
2009-12-22,3.865,-0.004636
2009-12-23,3.876,0.002846
2009-12-24,3.91,0.008772
2009-12-25,3.91,0.0
2009-12-28,3.924,0.003581
2009-12-29,3.934,0.002548
2009-12-30,3.946,0.00305
2009-12-31,3.949,0.00076
2010-01-04,3.945,-0.001013
2010-01-05,3.951,0.001521
2010-01-06,3.946,-0.001266
2010-01-07,3.923,-0.005829
2010-01-08,3.927,0.00102
2010-01-11,3.928,0.000255
2010-01-12,3.941,0.00331
2010-01-13,3.917,-0.00609
2010-01-14,3.935,0.004595
2010-01-15,3.943,0.002033
2010-01-18,3.952,0.002283
2010-01-19,3.949,-0.000759
2010-01-20,3.921,-0.00709
2010-01-21,3.922,0.000255
2010-01-22,3.903,-0.004844
2010-01-25,3.895,-0.00205
2010-01-26,3.875,-0.005135
2010-01-27,3.866,-0.002323
2010-01-28,3.873,0.001811
2010-01-29,3.876,0.000775
2010-02-01,3.864,-0.003096
2010-02-02,3.863,-0.000259
2010-02-03,3.875,0.003106
2010-02-04,3.874,-0.000258
2010-02-05,3.856,-0.004646
2010-02-08,3.856,0.0
2010-02-09,3.858,0.000519
2010-02-10,3.871,0.00337
2010-02-11,3.873,0.000517
2010-02-12,3.884,0.00284
2010-02-22,3.88,-0.00103
2010-02-23,3.881,0.000258
2010-02-24,3.898,0.00438
2010-02-25,3.91,0.003079
2010-02-26,3.911,0.000256
2010-03-01,3.917,0.001534
2010-03-02,3.916,-0.000255
2010-03-03,3.921,0.001277
2010-03-04,3.899,-0.005611
2010-03-05,3.901,0.000513
2010-03-08,3.91,0.002307
2010-03-09,3.91,0.0
2010-03-10,3.903,-0.00179
2010-03-11,3.9,-0.000769
2010-03-12,3.887,-0.003333
2010-03-15,3.873,-0.003602
2010-03-16,3.881,0.002066
2010-03-17,3.901,0.005153
2010-03-18,3.901,0.0
2010-03-19,3.906,0.001282
2010-03-22,3.912,0.001536
2010-03-23,3.912,0.0
2010-03-24,3.919,0.001789
2010-03-25,3.913,-0.001531
2010-03-26,3.923,0.002556
2010-03-29,3.936,0.003314
2010-03-30,3.938,0.000508
2010-03-31,3.939,0.000254
2010-04-01,3.952,0.0033
2010-04-02,3.953,0.000253
2010-04-06,3.953,0.0
2010-04-07,3.954,0.000253
2010-04-08,3.95,-0.001012
2010-04-09,3.962,0.003038
2010-04-12,3.964,0.000505
2010-04-13,3.962,-0.000505
2010-04-14,3.969,0.001767
2010-04-15,3.962,-0.001764
2010-04-16,3.958,-0.00101
2010-04-19,3.923,-0.008843
2010-04-20,3.928,0.001275
2010-04-21,3.946,0.004582
2010-04-22,3.941,-0.001267
2010-04-23,3.938,-0.000761
2010-04-26,3.935,-0.000762
2010-04-27,3.916,-0.004828
2010-04-28,3.91,-0.001532
2010-04-29,3.895,-0.003836
2010-04-30,3.889,-0.00154
2010-05-04,3.883,-0.001543
2010-05-05,3.893,0.002575
2010-05-06,3.867,-0.006679
2010-05-07,3.85,-0.004396
2010-05-10,3.84,-0.002597
2010-05-11,3.826,-0.003646
2010-05-12,3.82,-0.001568
2010-05-13,3.842,0.005759
2010-05-14,3.842,0.0
2010-05-17,3.806,-0.00937
2010-05-18,3.818,0.003153
2010-05-19,3.822,0.001048
2010-05-20,3.814,-0.002093
2010-05-21,3.829,0.003933
2010-05-24,3.855,0.00679
2010-05-25,3.845,-0.002594
2010-05-26,3.842,-0.00078
2010-05-27,3.853,0.002863
2010-05-28,3.855,0.000519
2010-05-31,3.84,-0.003891
2010-06-01,3.832,-0.002083
2010-06-02,3.838,0.001566
2010-06-03,3.833,-0.001303
2010-06-04,3.832,-0.000261
2010-06-07,3.823,-0.002349
2010-06-08,3.828,0.001308
2010-06-09,3.846,0.004702
2010-06-10,3.846,0.0
2010-06-11,3.847,0.00026
2010-06-17,3.836,-0.002859
2010-06-18,3.816,-0.005214
2010-06-21,3.833,0.004455
2010-06-22,3.836,0.000783
2010-06-23,3.832,-0.001043
2010-06-24,3.832,0.0
2010-06-25,3.825,-0.001827
2010-06-28,3.816,-0.002353
2010-06-29,3.78,-0.009434
2010-06-30,3.775,-0.001323
2010-07-01,3.76,-0.003974
2010-07-02,3.756,-0.001064
2010-07-05,3.752,-0.001065
2010-07-06,3.768,0.004264
2010-07-07,3.781,0.00345
2010-07-08,3.78,-0.000264
2010-07-09,3.799,0.005026
2010-07-12,3.803,0.001053
2010-07-13,3.795,-0.002104
2010-07-14,3.797,0.000527
2010-07-15,3.786,-0.002897
2010-07-16,3.785,-0.000264
2010-07-19,3.801,0.004227
2010-07-20,3.819,0.004736
2010-07-21,3.822,0.000786
2010-07-22,3.831,0.002355
2010-07-23,3.833,0.000522
2010-07-26,3.838,0.001304
2010-07-27,3.837,-0.000261
2010-07-28,3.856,0.004952
2010-07-29,3.858,0.000519
2010-07-30,3.856,-0.000518
2010-08-02,3.871,0.00389
2010-08-03,3.862,-0.002325
2010-08-04,3.87,0.002071
2010-08-05,3.873,0.000775
2010-08-06,3.888,0.003873
2010-08-09,3.898,0.002572
2010-08-10,3.874,-0.006157
2010-08-11,3.881,0.001807
2010-08-12,3.871,-0.002577
2010-08-13,3.882,0.002842
2010-08-16,3.898,0.004122
2010-08-17,3.904,0.001539
2010-08-18,3.906,0.000512
2010-08-19,3.91,0.001024
2010-08-20,3.894,-0.004092
2010-08-23,3.896,0.000514
2010-08-24,3.903,0.001797
2010-08-25,3.888,-0.003843
2010-08-26,3.892,0.001029
2010-08-27,3.901,0.002312
2010-08-30,3.92,0.004871
2010-08-31,3.925,0.001276
2010-09-01,3.919,-0.001529
2010-09-02,3.931,0.003062
2010-09-03,3.935,0.001018
2010-09-06,3.938,0.000762
2010-09-07,3.939,0.000254
2010-09-08,3.943,0.001015
2010-09-09,3.928,-0.003804
2010-09-10,3.933,0.001273
2010-09-13,3.946,0.003305
2010-09-14,3.952,0.001521
2010-09-15,3.937,-0.003796
2010-09-16,3.918,-0.004826
2010-09-17,3.92,0.00051
2010-09-20,3.913,-0.001786
2010-09-21,3.912,-0.000256
2010-09-27,3.931,0.004857
2010-09-28,3.929,-0.000509
2010-09-29,3.922,-0.001782
2010-09-30,3.935,0.003315
2010-10-08,3.963,0.007116
2010-10-11,3.97,0.001766
2010-10-12,3.976,0.001511
2010-10-13,3.99,0.003521
2010-10-14,3.979,-0.002757
2010-10-15,3.986,0.001759
2010-10-18,3.971,-0.003763
2010-10-19,4.002,0.007807
2010-10-20,4.018,0.003998
2010-10-21,4.017,-0.000249
2010-10-22,4.031,0.003485
2010-10-25,4.056,0.006202
2010-10-26,4.05,-0.001479
2010-10-27,4.034,-0.003951
2010-10-28,4.032,-0.000496
2010-10-29,4.043,0.002728
2010-11-01,4.068,0.006184
2010-11-02,4.066,-0.000492
2010-11-03,4.049,-0.004181
2010-11-04,4.065,0.003952
2010-11-05,4.083,0.004428
2010-11-08,4.098,0.003674
2010-11-09,4.098,0.0
2010-11-10,4.092,-0.001464
2010-11-11,4.087,-0.001222
2010-11-12,4.025,-0.01517
2010-11-15,4.044,0.00472
2010-11-16,4.009,-0.008655
2010-11-17,3.979,-0.007483
2010-11-18,3.994,0.00377
2010-11-19,4.018,0.006009
2010-11-22,4.023,0.001244
2010-11-23,4.01,-0.003231
2010-11-24,4.031,0.005237
2010-11-25,4.037,0.001488
2010-11-26,4.031,-0.001486
2010-11-29,4.033,0.000496
2010-11-30,4.016,-0.004215
2010-12-01,4.013,-0.000747
2010-12-02,4.018,0.001246
2010-12-03,4.009,-0.00224
2010-12-06,3.997,-0.002993
2010-12-07,4.014,0.004253
2010-12-08,4.008,-0.001495
2010-12-09,3.991,-0.004242
2010-12-10,4.008,0.00426
2010-12-13,4.037,0.007236
2010-12-14,4.044,0.001734
2010-12-15,4.034,-0.002473
2010-12-16,4.034,0.0
2010-12-17,4.036,0.000496
2010-12-20,4.025,-0.002725
2010-12-21,4.04,0.003727
2010-12-22,4.032,-0.00198
2010-12-23,4.019,-0.003224
2010-12-24,4.008,-0.002737
2010-12-27,3.985,-0.005739
2010-12-28,3.966,-0.004768
2010-12-29,3.979,0.003278
2010-12-30,3.984,0.001257
2010-12-31,4.004,0.00502
2011-01-04,4.022,0.004496
2011-01-05,4.019,-0.000746
2011-01-06,4.014,-0.001244
2011-01-07,4.008,-0.001495
2011-01-10,3.987,-0.00524
2011-01-11,3.985,-0.000502
2011-01-12,3.989,0.001004
2011-01-13,3.987,-0.000501
2011-01-14,3.972,-0.003762
2011-01-17,3.94,-0.008056
2011-01-18,3.942,0.000508
2011-01-19,3.962,0.005074
2011-01-20,3.933,-0.00732
2011-01-21,3.941,0.002034
2011-01-24,3.926,-0.003806
2011-01-25,3.912,-0.003566
2011-01-26,3.925,0.003323
2011-01-27,3.94,0.003822
2011-01-28,3.948,0.00203
2011-01-31,3.958,0.002533
2011-02-01,3.959,0.000253
2011-02-09,3.953,-0.001516
2011-02-10,3.98,0.00683
2011-02-11,3.982,0.000503
2011-02-14,4.002,0.005023
2011-02-15,4.002,0.0
2011-02-16,4.013,0.002749
2011-02-17,4.014,0.000249
2011-02-18,4.002,-0.00299
2011-02-21,4.02,0.004498
2011-02-22,3.995,-0.006219
2011-02-23,4.002,0.001752
2011-02-24,4.006,0.001
2011-02-25,4.005,-0.00025
2011-02-28,4.019,0.003496
2011-03-01,4.021,0.000498
2011-03-02,4.017,-0.000995
2011-03-03,4.005,-0.002987
2011-03-04,4.013,0.001998
2011-03-07,4.025,0.00299
2011-03-08,4.026,0.000248
2011-03-09,4.03,0.000994
2011-03-10,4.019,-0.00273
2011-03-11,4.016,-0.000746
2011-03-14,4.019,0.000747
2011-03-15,4.001,-0.004479
2011-03-16,4.015,0.003499
2011-03-17,3.999,-0.003985
2011-03-18,4.002,0.00075
2011-03-21,3.998,-0.001
2011-03-22,3.996,-0.0005
2011-03-23,4.01,0.003504
2011-03-24,4.007,-0.000748
2011-03-25,4.018,0.002745
2011-03-28,4.01,-0.001991
2011-03-29,3.997,-0.003242
2011-03-30,3.995,-0.0005
2011-03-31,3.985,-0.002503
2011-04-01,3.996,0.00276
2011-04-06,3.995,-0.00025
2011-04-07,4.004,0.002253
2011-04-08,4.015,0.002747
2011-04-11,4.005,-0.002491
2011-04-12,4.002,-0.000749
2011-04-13,4.011,0.002249
2011-04-14,4.005,-0.001496
2011-04-15,4.005,0.0
2011-04-18,4.003,-0.000499
2011-04-19,3.997,-0.001499
2011-04-20,4.001,0.001001
2011-04-21,4.005,0.001
2011-04-22,3.999,-0.001498
2011-04-25,3.982,-0.004251
2011-04-26,3.976,-0.001507
2011-04-27,3.969,-0.001761
2011-04-28,3.953,-0.004031
2011-04-29,3.961,0.002024
2011-05-03,3.966,0.001262
2011-05-04,3.945,-0.005295
2011-05-05,3.947,0.000507
2011-05-06,3.95,0.00076
2011-05-09,3.952,0.000506
2011-05-10,3.954,0.000506
2011-05-11,3.952,-0.000506
2011-05-12,3.94,-0.003036
2011-05-13,3.945,0.001269
2011-05-16,3.939,-0.001521
2011-05-17,3.942,0.000762
2011-05-18,3.948,0.001522
2011-05-19,3.946,-0.000507
2011-05-20,3.947,0.000253
2011-05-23,3.922,-0.006334
2011-05-24,3.925,0.000765
2011-05-25,3.915,-0.002548
2011-05-26,3.907,-0.002043
2011-05-27,3.899,-0.002048
2011-05-30,3.892,-0.001795
2011-05-31,3.905,0.00334
2011-06-01,3.91,0.00128
2011-06-02,3.898,-0.003069
2011-06-03,3.909,0.002822
2011-06-07,3.915,0.001535
2011-06-08,3.917,0.000511
2011-06-09,3.902,-0.003829
2011-06-10,3.902,0.0
2011-06-13,3.9,-0.000513
2011-06-14,3.912,0.003077
2011-06-15,3.908,-0.001022
2011-06-16,3.895,-0.003327
2011-06-17,3.887,-0.002054
2011-06-20,3.876,-0.00283
2011-06-21,3.885,0.002322
2011-06-22,3.881,-0.00103
2011-06-23,3.896,0.003865
2011-06-24,3.917,0.00539
2011-06-27,3.92,0.000766
2011-06-28,3.919,-0.000255
2011-06-29,3.911,-0.002041
2011-06-30,3.923,0.003068
2011-07-01,3.927,0.00102
2011-07-04,3.947,0.005093
2011-07-05,3.949,0.000507
2011-07-06,3.952,0.00076
2011-07-07,3.952,0.0
2011-07-08,3.955,0.000759
2011-07-11,3.961,0.001517
2011-07-12,3.951,-0.002525
2011-07-13,3.966,0.003797
2011-07-14,3.97,0.001009
2011-07-15,3.977,0.001763
2011-07-18,3.974,-0.000754
2011-07-19,3.964,-0.002516
2011-07-20,3.963,-0.000252
2011-07-21,3.953,-0.002523
2011-07-22,3.959,0.001518
2011-07-25,3.936,-0.00581
2011-07-26,3.938,0.000508
2011-07-27,3.949,0.002793
2011-07-28,3.949,0.0
2011-07-29,3.944,-0.001266
2011-08-01,3.947,0.000761
2011-08-02,3.944,-0.00076
2011-08-03,3.946,0.000507
2011-08-04,3.945,-0.000253
2011-08-05,3.93,-0.003802
2011-08-08,3.905,-0.006361
2011-08-09,3.906,0.000256
2011-08-10,3.917,0.002816
2011-08-11,3.929,0.003064
2011-08-12,3.934,0.001273
2011-08-15,3.943,0.002288
2011-08-16,3.939,-0.001014
2011-08-17,3.938,-0.000254
2011-08-18,3.922,-0.004063
2011-08-19,3.919,-0.000765
2011-08-22,3.914,-0.001276
2011-08-23,3.926,0.003066
2011-08-24,3.927,0.000255
2011-08-25,3.945,0.004584
2011-08-26,3.947,0.000507
2011-08-29,3.937,-0.002534
2011-08-30,3.931,-0.001524
2011-08-31,3.929,-0.000509
2011-09-01,3.924,-0.001273
2011-09-02,3.918,-0.001529
2011-09-05,3.903,-0.003828
2011-09-06,3.894,-0.002306
2011-09-07,3.909,0.003852
2011-09-08,3.906,-0.000767
2011-09-09,3.902,-0.001024
2011-09-13,3.891,-0.002819
2011-09-14,3.898,0.001799
2011-09-15,3.899,0.000257
2011-09-16,3.9,0.000256
2011-09-19,3.884,-0.004103
2011-09-20,3.886,0.000515
2011-09-21,3.906,0.005147
2011-09-22,3.884,-0.005632
2011-09-23,3.879,-0.001287
2011-09-26,3.859,-0.005156
2011-09-27,3.862,0.000777
2011-09-28,3.851,-0.002848
2011-09-29,3.839,-0.003116
2011-09-30,3.838,-0.00026
2011-10-10,3.831,-0.001824
2011-10-11,3.827,-0.001044
2011-10-12,3.851,0.006271
2011-10-13,3.858,0.001818
2011-10-14,3.854,-0.001037
2011-10-17,3.859,0.001297
2011-10-18,3.841,-0.004664
2011-10-19,3.835,-0.001562
2011-10-20,3.812,-0.005997
2011-10-21,3.804,-0.002099
2011-10-24,3.817,0.003417
2011-10-25,3.836,0.004978
2011-10-26,3.846,0.002607
2011-10-27,3.845,-0.00026
2011-10-28,3.862,0.004421
2011-10-31,3.861,-0.000259
2011-11-01,3.861,0.0
2011-11-02,3.875,0.003626
2011-11-03,3.875,0.0
2011-11-04,3.879,0.001032
2011-11-07,3.874,-0.001289
2011-11-08,3.869,-0.001291
2011-11-09,3.878,0.002326
2011-11-10,3.868,-0.002579
2011-11-11,3.866,-0.000517
2011-11-14,3.882,0.004139
2011-11-15,3.886,0.00103
2011-11-16,3.868,-0.004632
2011-11-17,3.868,0.0
2011-11-18,3.851,-0.004395
2011-11-21,3.849,-0.000519
2011-11-22,3.85,0.00026
2011-11-23,3.846,-0.001039
2011-11-24,3.851,0.0013
2011-11-25,3.849,-0.000519
2011-11-28,3.849,0.0
2011-11-29,3.858,0.002338
2011-11-30,3.834,-0.006221
2011-12-01,3.849,0.003912
2011-12-02,3.838,-0.002858
2011-12-05,3.821,-0.004429
2011-12-06,3.821,0.0
2011-12-07,3.823,0.000523
2011-12-08,3.82,-0.000785
2011-12-09,3.816,-0.001047
2011-12-12,3.805,-0.002883
2011-12-13,3.787,-0.004731
2011-12-14,3.775,-0.003169
2011-12-15,3.76,-0.003974
2011-12-16,3.778,0.004787
2011-12-19,3.778,0.0
2011-12-20,3.777,-0.000265
2011-12-21,3.765,-0.003177
2011-12-22,3.765,0.0
2011-12-23,3.769,0.001062
2011-12-26,3.765,-0.001061
2011-12-27,3.755,-0.002656
2011-12-28,3.751,-0.001065
2011-12-29,3.757,0.0016
2011-12-30,3.767,0.002662
2011-12-31,3.767,0.0
2012-01-04,3.751,-0.004247
2012-01-05,3.731,-0.005332
2012-01-06,3.728,-0.000804
2012-01-09,3.749,0.005633
2012-01-10,3.772,0.006135
2012-01-11,3.771,-0.000265
2012-01-12,3.766,-0.001326
2012-01-13,3.746,-0.005311
2012-01-16,3.727,-0.005072
2012-01-17,3.757,0.008049
2012-01-18,3.739,-0.004791
2012-01-19,3.747,0.00214
2012-01-20,3.757,0.002669
2012-01-30,3.752,-0.001331
2012-01-31,3.75,-0.000533
2012-02-01,3.746,-0.001067
2012-02-02,3.76,0.003737
2012-02-03,3.769,0.002394
2012-02-06,3.771,0.000531
2012-02-07,3.759,-0.003182
2012-02-08,3.774,0.00399
2012-02-09,3.775,0.000265
2012-02-10,3.777,0.00053
2012-02-13,3.783,0.001589
2012-02-14,3.782,-0.000264
2012-02-15,3.791,0.00238
2012-02-16,3.787,-0.001055
2012-02-17,3.786,-0.000264
2012-02-20,3.787,0.000264
2012-02-21,3.795,0.002112
2012-02-22,3.809,0.003689
2012-02-23,3.81,0.000263
2012-02-24,3.82,0.002625
2012-02-27,3.82,0.0
2012-02-28,3.815,-0.001309
2012-02-29,3.806,-0.002359
2012-03-01,3.807,0.000263
2012-03-02,3.823,0.004203
2012-03-05,3.824,0.000262
2012-03-06,3.812,-0.003138
2012-03-07,3.812,0.0
2012-03-08,3.819,0.001836
2012-03-09,3.83,0.00288
2012-03-12,3.83,0.0
2012-03-13,3.836,0.001567
2012-03-14,3.812,-0.006257
2012-03-15,3.81,-0.000525
2012-03-16,3.821,0.002887
2012-03-19,3.825,0.001047
2012-03-20,3.809,-0.004183
2012-03-21,3.805,-0.00105
2012-03-22,3.806,0.000263
2012-03-23,3.796,-0.002627
2012-03-26,3.796,0.0
2012-03-27,3.794,-0.000527
2012-03-28,3.773,-0.005535
2012-03-29,3.762,-0.002915
2012-03-30,3.765,0.000797
2012-03-31,3.765,0.0
2012-04-05,3.78,0.003984
2012-04-06,3.784,0.001058
2012-04-09,3.778,-0.001586
2012-04-10,3.785,0.001853
2012-04-11,3.785,0.0
2012-04-12,3.797,0.00317
2012-04-13,3.799,0.000527
2012-04-16,3.798,-0.000263
2012-04-17,3.789,-0.00237
2012-04-18,3.803,0.003695
2012-04-19,3.799,-0.001052
2012-04-20,3.802,0.00079
2012-04-23,3.788,-0.003682
2012-04-24,3.788,0.0
2012-04-25,3.791,0.000792
2012-04-26,3.789,-0.000528
2012-04-27,3.789,0.0
2012-05-02,3.802,0.003431
2012-05-03,3.806,0.001052
2012-05-04,3.813,0.001839
2012-05-07,3.821,0.002098
2012-05-08,3.817,-0.001047
2012-05-09,3.804,-0.003406
2012-05-10,3.808,0.001052
2012-05-11,3.801,-0.001838
2012-05-14,3.799,-0.000526
2012-05-15,3.798,-0.000263
2012-05-16,3.788,-0.002633
2012-05-17,3.795,0.001848
2012-05-18,3.785,-0.002635
2012-05-21,3.785,0.0
2012-05-22,3.793,0.002114
2012-05-23,3.79,-0.000791
2012-05-24,3.786,-0.001055
2012-05-25,3.779,-0.001849
2012-05-28,3.79,0.002911
2012-05-29,3.806,0.004222
2012-05-30,3.807,0.000263
2012-05-31,3.806,-0.000263
2012-06-01,3.805,-0.000263
2012-06-04,3.787,-0.004731
2012-06-05,3.785,-0.000528
2012-06-06,3.785,0.0
2012-06-07,3.779,-0.001585
2012-06-08,3.775,-0.001058
2012-06-11,3.789,0.003709
2012-06-12,3.788,-0.000264
2012-06-13,3.799,0.002904
2012-06-14,3.799,0.0
2012-06-15,3.797,-0.000526
2012-06-18,3.801,0.001053
2012-06-19,3.796,-0.001315
2012-06-20,3.796,0.0
2012-06-21,3.787,-0.002371
2012-06-25,3.771,-0.004225
2012-06-26,3.769,-0.00053
2012-06-27,3.771,0.000531
2012-06-28,3.764,-0.001856
2012-06-29,3.772,0.002125
2012-06-30,3.772,0.0
2012-07-02,3.778,0.001591
2012-07-03,3.782,0.001059
2012-07-04,3.776,-0.001586
2012-07-05,3.768,-0.002119
2012-07-06,3.783,0.003981
2012-07-09,3.777,-0.001586
2012-07-10,3.77,-0.001853
2012-07-11,3.777,0.001857
2012-07-12,3.786,0.002383
2012-07-13,3.791,0.001321
2012-07-16,3.77,-0.005539
2012-07-17,3.772,0.000531
2012-07-18,3.77,-0.00053
2012-07-19,3.778,0.002122
2012-07-20,3.771,-0.001853
2012-07-23,3.764,-0.001856
2012-07-24,3.768,0.001063
2012-07-25,3.763,-0.001327
2012-07-26,3.762,-0.000266
2012-07-27,3.759,-0.000797
2012-07-30,3.751,-0.002128
2012-07-31,3.747,-0.001066
2012-08-01,3.757,0.002669
2012-08-02,3.757,0.0
2012-08-03,3.767,0.002662
2012-08-06,3.778,0.00292
2012-08-07,3.783,0.001323
2012-08-08,3.779,-0.001057
2012-08-09,3.788,0.002382
2012-08-10,3.789,0.000264
2012-08-13,3.777,-0.003167
2012-08-14,3.775,-0.00053
2012-08-15,3.771,-0.00106
2012-08-16,3.766,-0.001326
2012-08-17,3.766,0.0
2012-08-20,3.766,0.0
2012-08-21,3.775,0.00239
2012-08-22,3.772,-0.000795
2012-08-23,3.774,0.00053
2012-08-24,3.764,-0.00265
2012-08-27,3.75,-0.003719
2012-08-28,3.753,0.0008
2012-08-29,3.752,-0.000266
2012-08-30,3.746,-0.001599
2012-08-31,3.746,0.0
2012-09-03,3.757,0.002936
2012-09-04,3.754,-0.000799
2012-09-05,3.756,0.000533
2012-09-06,3.762,0.001597
2012-09-07,3.784,0.005848
2012-09-10,3.79,0.001586
2012-09-11,3.787,-0.000792
2012-09-12,3.788,0.000264
2012-09-13,3.78,-0.002112
2012-09-14,3.779,-0.000265
2012-09-17,3.764,-0.003969
2012-09-18,3.762,-0.000531
2012-09-19,3.769,0.001861
2012-09-20,3.754,-0.00398
2012-09-21,3.75,-0.001066
2012-09-24,3.753,0.0008
2012-09-25,3.752,-0.000266
2012-09-26,3.74,-0.003198
2012-09-27,3.756,0.004278
2012-09-28,3.767,0.002929
2012-09-30,3.767,0.0
2012-10-08,3.762,-0.001327
2012-10-09,3.779,0.004519
2012-10-10,3.784,0.001323
2012-10-11,3.778,-0.001586
2012-10-12,3.773,-0.001323
2012-10-15,3.768,-0.001325
2012-10-16,3.772,0.001062
2012-10-17,3.773,0.000265
2012-10-18,3.781,0.00212
2012-10-19,3.78,-0.000264
2012-10-22,3.787,0.001852
2012-10-23,3.778,-0.002377
2012-10-24,3.773,-0.001323
2012-10-25,3.765,-0.00212
2012-10-26,3.761,-0.001062
2012-10-29,3.761,0.0
2012-10-30,3.763,0.000532
2012-10-31,3.769,0.001594
2012-11-01,3.778,0.002388
2012-11-02,3.778,0.0
2012-11-05,3.773,-0.001323
2012-11-06,3.772,-0.000265
2012-11-07,3.77,-0.00053
2012-11-08,3.759,-0.002918
2012-11-09,3.756,-0.000798
2012-11-12,3.757,0.000266
2012-11-13,3.746,-0.002928
2012-11-14,3.745,-0.000267
2012-11-15,3.738,-0.001869
2012-11-16,3.733,-0.001338
2012-11-19,3.736,0.000804
2012-11-20,3.734,-0.000535
2012-11-21,3.74,0.001607
2012-11-22,3.734,-0.001604
2012-11-23,3.734,0.0
2012-11-26,3.725,-0.00241
2012-11-27,3.703,-0.005906
2012-11-28,3.694,-0.00243
2012-11-29,3.689,-0.001354
2012-11-30,3.696,0.001898
2012-12-03,3.691,-0.001353
2012-12-04,3.696,0.001355
2012-12-05,3.718,0.005952
2012-12-06,3.713,-0.001345
2012-12-07,3.724,0.002963
2012-12-10,3.729,0.001343
2012-12-11,3.722,-0.001877
2012-12-12,3.724,0.000537
2012-12-13,3.718,-0.001611
2012-12-14,3.74,0.005917
2012-12-17,3.735,-0.001337
2012-12-18,3.732,-0.000803
2012-12-19,3.733,0.000268
2012-12-20,3.736,0.000804
2012-12-21,3.742,0.001606
2012-12-24,3.754,0.003207
2012-12-25,3.774,0.005328
2012-12-26,3.781,0.001855
2012-12-27,3.778,-0.000793
2012-12-28,3.786,0.002118
2012-12-31,3.799,0.003434
2013-01-04,3.785,-0.003685
2013-01-07,3.784,-0.000264
2013-01-08,3.791,0.00185
2013-01-09,3.795,0.001055
2013-01-10,3.796,0.000264
2013-01-11,3.782,-0.003688
2013-01-14,3.809,0.007139
2013-01-15,3.826,0.004463
2013-01-16,3.828,0.000523
2013-01-17,3.822,-0.001567
2013-01-18,3.835,0.003401
2013-01-21,3.845,0.002608
2013-01-22,3.836,-0.002341
2013-01-23,3.84,0.001043
2013-01-24,3.825,-0.003906
2013-01-25,3.825,0.0
2013-01-28,3.847,0.005752
2013-01-29,3.851,0.00104
2013-01-30,3.848,-0.000779
2013-01-31,3.84,-0.002079
2013-02-01,3.847,0.001823
2013-02-04,3.851,0.00104
2013-02-05,3.856,0.001298
2013-02-06,3.856,0.0
2013-02-07,3.862,0.001556
2013-02-08,3.879,0.004402
2013-02-18,3.88,0.000258
2013-02-19,3.865,-0.003866
2013-02-20,3.885,0.005175
2013-02-21,3.872,-0.003346
2013-02-22,3.87,-0.000517
2013-02-25,3.878,0.002067
2013-02-26,3.872,-0.001547
2013-02-27,3.865,-0.001808
2013-02-28,3.88,0.003881
2013-03-01,3.882,0.000515
2013-03-04,3.861,-0.00541
2013-03-05,3.881,0.00518
2013-03-06,3.895,0.003607
2013-03-07,3.888,-0.001797
2013-03-08,3.882,-0.001543
2013-03-11,3.88,-0.000515
2013-03-12,3.864,-0.004124
2013-03-13,3.856,-0.00207
2013-03-14,3.859,0.000778
2013-03-15,3.865,0.001555
2013-03-18,3.864,-0.000259
2013-03-19,3.862,-0.000518
2013-03-20,3.887,0.006473
2013-03-21,3.895,0.002058
2013-03-22,3.902,0.001797
2013-03-25,3.905,0.000769
2013-03-26,3.899,-0.001536
2013-03-27,3.9,0.000256
2013-03-28,3.882,-0.004615
2013-03-29,3.884,0.000515
2013-04-01,3.882,-0.000515
2013-04-02,3.864,-0.004637
2013-04-03,3.852,-0.003106
2013-04-08,3.859,0.001817
2013-04-09,3.861,0.000518
2013-04-10,3.853,-0.002072
2013-04-11,3.85,-0.000779
2013-04-12,3.856,0.001558
2013-04-15,3.845,-0.002853
2013-04-16,3.849,0.00104
2013-04-17,3.866,0.004417
2013-04-18,3.872,0.001552
2013-04-19,3.885,0.003357
2013-04-22,3.897,0.003089
2013-04-23,3.878,-0.004876
2013-04-24,3.896,0.004642
2013-04-25,3.888,-0.002053
2013-04-26,3.873,-0.003858
2013-05-02,3.887,0.003615
2013-05-03,3.898,0.00283
2013-05-06,3.908,0.002565
2013-05-07,3.912,0.001024
2013-05-08,3.924,0.003067
2013-05-09,3.929,0.001274
2013-05-10,3.927,-0.000509
2013-05-13,3.93,0.000764
2013-05-14,3.917,-0.003308
2013-05-15,3.93,0.003319
2013-05-16,3.942,0.003053
2013-05-17,3.964,0.005581
2013-05-20,3.968,0.001009
2013-05-21,3.977,0.002268
2013-05-22,3.964,-0.003269
2013-05-23,3.964,0.0
2013-05-24,3.979,0.003784
2013-05-27,3.988,0.002262
2013-05-28,3.984,-0.001003
2013-05-29,3.995,0.002761
2013-05-30,3.996,0.00025
2013-05-31,3.988,-0.002002
2013-06-03,3.971,-0.004263
2013-06-04,3.944,-0.006799
2013-06-05,3.951,0.001775
2013-06-06,3.937,-0.003543
2013-06-07,3.929,-0.002032
2013-06-13,3.916,-0.003309
2013-06-14,3.934,0.004597
2013-06-17,3.936,0.000508
2013-06-18,3.938,0.000508
2013-06-19,3.925,-0.003301
2013-06-20,3.896,-0.007389
2013-06-21,3.899,0.00077
2013-06-24,3.857,-0.010772
2013-06-25,3.857,0.0
2013-06-26,3.877,0.005185
2013-06-27,3.866,-0.002837
2013-06-28,3.866,0.0
2013-06-30,3.866,0.0
2013-07-01,3.893,0.006984
2013-07-02,3.901,0.002055
2013-07-03,3.907,0.001538
2013-07-04,3.903,-0.001024
2013-07-05,3.892,-0.002818
2013-07-08,3.866,-0.00668
2013-07-09,3.866,0.0
2013-07-10,3.887,0.005432
2013-07-11,3.901,0.003602
2013-07-12,3.91,0.002307
2013-07-15,3.933,0.005882
2013-07-16,3.936,0.000763
2013-07-17,3.928,-0.002033
2013-07-18,3.926,-0.000509
2013-07-19,3.909,-0.00433
2013-07-22,3.925,0.004093
2013-07-23,3.945,0.005096
2013-07-24,3.947,0.000507
2013-07-25,3.92,-0.006841
2013-07-26,3.917,-0.000765
2013-07-29,3.908,-0.002298
2013-07-30,3.903,-0.001279
2013-07-31,3.908,0.001281
2013-08-01,3.936,0.007165
2013-08-02,3.937,0.000254
2013-08-05,3.952,0.00381
2013-08-06,3.965,0.003289
2013-08-07,3.949,-0.004035
2013-08-08,3.962,0.003292
2013-08-09,3.964,0.000505
2013-08-12,3.965,0.000252
2013-08-13,3.958,-0.001765
2013-08-14,3.954,-0.001011
2013-08-15,3.939,-0.003794
2013-08-16,3.915,-0.006093
2013-08-19,3.932,0.004342
2013-08-20,3.934,0.000509
2013-08-21,3.937,0.000763
2013-08-22,3.947,0.00254
2013-08-23,3.954,0.001773
2013-08-26,3.97,0.004047
2013-08-27,3.977,0.001763
2013-08-28,3.962,-0.003772
2013-08-29,3.969,0.001767
2013-08-30,3.952,-0.004283
2013-09-02,3.958,0.001518
2013-09-03,3.973,0.00379
2013-09-04,3.968,-0.001258
2013-09-05,3.988,0.00504
2013-09-06,3.997,0.002257
2013-09-09,3.998,0.00025
2013-09-10,3.993,-0.001251
2013-09-11,3.98,-0.003256
2013-09-12,3.981,0.000251
2013-09-13,3.992,0.002763
2013-09-16,4.006,0.003507
2013-09-17,3.987,-0.004743
2013-09-18,4.003,0.004013
2013-09-23,4.024,0.005246
2013-09-24,4.033,0.002237
2013-09-25,4.028,-0.00124
2013-09-26,4.013,-0.003724
2013-09-27,4.036,0.005731
2013-09-30,4.059,0.005699
2013-10-08,4.061,0.000493
2013-10-09,4.074,0.003201
2013-10-10,4.059,-0.003682
2013-10-11,4.062,0.000739
2013-10-14,4.065,0.000739
2013-10-15,4.062,-0.000738
2013-10-16,4.031,-0.007632
2013-10-17,4.031,0.0
2013-10-18,4.03,-0.000248
2013-10-21,4.062,0.00794
2013-10-22,4.065,0.000739
2013-10-23,4.047,-0.004428
2013-10-24,4.048,0.000247
2013-10-25,4.025,-0.005682
2013-10-28,4.041,0.003975
2013-10-29,4.032,-0.002227
2013-10-30,4.046,0.003472
2013-10-31,4.012,-0.008403
2013-11-01,4.0,-0.002991
2013-11-04,4.001,0.00025
2013-11-05,4.018,0.004249
2013-11-06,4.001,-0.004231
2013-11-07,3.981,-0.004999
2013-11-08,3.972,-0.002261
2013-11-11,3.976,0.001007
2013-11-12,3.983,0.001761
2013-11-13,3.967,-0.004017
2013-11-14,3.982,0.003781
2013-11-15,3.996,0.003516
2013-11-18,4.018,0.005506
2013-11-19,4.016,-0.000498
2013-11-20,4.019,0.000747
2013-11-21,4.011,-0.001991
2013-11-22,4.003,-0.001995
2013-11-25,4.002,-0.00025
2013-11-26,3.999,-0.00075
2013-11-27,4.011,0.003001
2013-11-28,4.02,0.002244
2013-11-29,4.026,0.001493
2013-12-02,3.977,-0.012171
2013-12-03,3.984,0.00176
2013-12-04,3.99,0.001506
2013-12-05,3.988,-0.000501
2013-12-06,3.986,-0.000502
2013-12-09,3.99,0.001004
2013-12-10,3.983,-0.001754
2013-12-11,3.975,-0.002009
2013-12-12,3.986,0.002767
2013-12-13,3.983,-0.000753
2013-12-16,3.97,-0.003264
2013-12-17,3.969,-0.000252
2013-12-18,3.969,0.0
2013-12-19,3.966,-0.000756
2013-12-20,3.959,-0.001765
2013-12-23,3.959,0.0
2013-12-24,3.961,0.000505
2013-12-25,3.97,0.002272
2013-12-26,3.956,-0.003526
2013-12-27,3.965,0.002275
2013-12-30,3.969,0.001009
2013-12-31,3.973,0.001008
2014-01-02,3.976,0.000755
2014-01-03,3.985,0.002264
2014-01-06,3.969,-0.004015
2014-01-07,3.977,0.002016
2014-01-08,3.993,0.004023
2014-01-09,3.992,-0.00025
2014-01-10,3.98,-0.003006
2014-01-13,3.984,0.001005
2014-01-14,4.003,0.004769
2014-01-15,4.006,0.000749
2014-01-16,4.004,-0.000499
2014-01-17,3.994,-0.002498
2014-01-20,3.994,0.0
2014-01-21,4.008,0.003505
2014-01-22,4.03,0.005489
2014-01-23,4.048,0.004467
2014-01-24,4.065,0.0042
2014-01-27,4.055,-0.00246
2014-01-28,4.048,-0.001726
2014-01-29,4.069,0.005188
2014-01-30,4.075,0.001475
2014-02-07,4.098,0.005644
2014-02-10,4.133,0.008541
2014-02-11,4.131,-0.000484
2014-02-12,4.121,-0.002421
2014-02-13,4.096,-0.006066
2014-02-14,4.124,0.006836
2014-02-17,4.169,0.010912
2014-02-18,4.178,0.002159
2014-02-19,4.2,0.005266
2014-02-20,4.167,-0.007857
2014-02-21,4.153,-0.00336
2014-02-24,4.156,0.000722
2014-02-25,4.108,-0.01155
2014-02-26,4.116,0.001947
2014-02-27,4.086,-0.007289
2014-02-28,4.098,0.002937
2014-03-03,4.122,0.005857
2014-03-04,4.117,-0.001213
2014-03-05,4.116,-0.000243
2014-03-06,4.1,-0.003887
2014-03-07,4.107,0.001707
2014-03-10,4.059,-0.011687
2014-03-11,4.051,-0.001971
2014-03-12,4.057,0.001481
2014-03-13,4.084,0.006655
2014-03-14,4.085,0.000245
2014-03-17,4.109,0.005875
2014-03-18,4.115,0.00146
2014-03-19,4.104,-0.002673
2014-03-20,4.084,-0.004873
2014-03-21,4.089,0.001224
2014-03-24,4.078,-0.00269
2014-03-25,4.073,-0.001226
2014-03-26,4.085,0.002946
2014-03-27,4.061,-0.005875
2014-03-28,4.028,-0.008126
2014-03-31,4.022,-0.00149
2014-04-01,4.038,0.003978
2014-04-02,4.03,-0.001981
2014-04-03,4.025,-0.001241
2014-04-04,4.041,0.003975
2014-04-08,4.043,0.000495
2014-04-09,4.053,0.002473
2014-04-10,4.081,0.006908
2014-04-11,4.077,-0.00098
2014-04-14,4.066,-0.002698
2014-04-15,4.065,-0.000246
2014-04-16,4.055,-0.00246
2014-04-17,4.056,0.000247
2014-04-18,4.057,0.000247
2014-04-21,4.037,-0.00493
2014-04-22,4.019,-0.004459
2014-04-23,4.006,-0.003235
2014-04-24,3.995,-0.002746
2014-04-25,3.982,-0.003254
2014-04-28,3.966,-0.004018
2014-04-29,3.98,0.00353
2014-04-30,3.99,0.002513
2014-05-05,4.005,0.003759
2014-05-06,4.013,0.001998
2014-05-07,3.998,-0.003738
2014-05-08,3.999,0.00025
2014-05-09,3.975,-0.006002
2014-05-12,3.992,0.004277
2014-05-13,3.986,-0.001503
2014-05-14,3.994,0.002007
2014-05-15,3.977,-0.004256
2014-05-16,3.974,-0.000754
2014-05-19,3.96,-0.003523
2014-05-20,3.975,0.003788
2014-05-21,3.98,0.001258
2014-05-22,3.988,0.00201
2014-05-23,3.999,0.002758
2014-05-26,4.03,0.007752
2014-05-27,4.028,-0.000496
2014-05-28,4.042,0.003476
2014-05-29,4.021,-0.005195
2014-05-30,4.023,0.000497
2014-06-03,4.029,0.001491
2014-06-04,4.02,-0.002234
2014-06-05,4.038,0.004478
2014-06-06,4.038,0.0
2014-06-09,4.029,-0.002229
2014-06-10,4.048,0.004716
2014-06-11,4.052,0.000988
2014-06-12,4.049,-0.00074
2014-06-13,4.065,0.003952
2014-06-16,4.069,0.000984
2014-06-17,4.048,-0.005161
2014-06-18,4.042,-0.001482
2014-06-19,4.017,-0.006185
2014-06-20,4.026,0.00224
2014-06-23,4.037,0.002732
2014-06-24,4.044,0.001734
2014-06-25,4.036,-0.001978
2014-06-26,4.051,0.003717
2014-06-27,4.058,0.001728
2014-06-30,4.069,0.002711
2014-07-01,4.072,0.000737
2014-07-02,4.084,0.002947
2014-07-03,4.091,0.001714
2014-07-04,4.08,-0.002689
2014-07-07,4.072,-0.001961
2014-07-08,4.085,0.003193
2014-07-09,4.081,-0.000979
2014-07-10,4.084,0.000735
2014-07-11,4.082,-0.00049
2014-07-14,4.092,0.00245
2014-07-15,4.08,-0.002933
2014-07-16,4.057,-0.005637
2014-07-17,4.051,-0.001479
2014-07-18,4.055,0.000987
2014-07-21,4.055,0.0
2014-07-22,4.078,0.005672
2014-07-23,4.054,-0.005885
2014-07-24,4.038,-0.003947
2014-07-25,4.048,0.002476
2014-07-28,4.067,0.004694
2014-07-29,4.082,0.003688
2014-07-30,4.088,0.00147
2014-07-31,4.097,0.002202
2014-08-01,4.085,-0.002929
2014-08-04,4.095,0.002448
2014-08-05,4.099,0.000977
2014-08-06,4.11,0.002684
2014-08-07,4.113,0.00073
2014-08-08,4.111,-0.000486
2014-08-11,4.123,0.002919
2014-08-12,4.129,0.001455
2014-08-13,4.129,0.0
2014-08-14,4.125,-0.000969
2014-08-15,4.13,0.001212
2014-08-18,4.139,0.002179
2014-08-19,4.145,0.00145
2014-08-20,4.14,-0.001206
2014-08-21,4.14,0.0
2014-08-22,4.145,0.001208
2014-08-25,4.137,-0.00193
2014-08-26,4.121,-0.003868
2014-08-27,4.126,0.001213
2014-08-28,4.113,-0.003151
2014-08-29,4.121,0.001945
2014-09-01,4.141,0.004853
2014-09-02,4.149,0.001932
2014-09-03,4.158,0.002169
2014-09-04,4.161,0.000722
2014-09-05,4.157,-0.000961
2014-09-09,4.167,0.002406
2014-09-10,4.171,0.00096
2014-09-11,4.176,0.001199
2014-09-12,4.178,0.000479
2014-09-15,4.182,0.000957
2014-09-16,4.139,-0.010282
2014-09-17,4.133,-0.00145
2014-09-18,4.141,0.001936
2014-09-19,4.155,0.003381
2014-09-22,4.139,-0.003851
2014-09-23,4.145,0.00145
2014-09-24,4.157,0.002895
2014-09-25,4.158,0.000241
2014-09-26,4.163,0.001203
2014-09-29,4.176,0.003123
2014-09-30,4.177,0.000239
2014-10-08,4.188,0.002633
2014-10-09,4.203,0.003582
2014-10-10,4.195,-0.001903
2014-10-13,4.19,-0.001192
2014-10-14,4.18,-0.002387
2014-10-15,4.184,0.000957
2014-10-16,4.16,-0.005736
2014-10-17,4.155,-0.001202
2014-10-20,4.175,0.004813
2014-10-21,4.159,-0.003832
2014-10-22,4.149,-0.002404
2014-10-23,4.129,-0.00482
2014-10-24,4.134,0.001211
2014-10-27,4.143,0.002177
2014-10-28,4.165,0.00531
2014-10-29,4.176,0.002641
2014-10-30,4.17,-0.001437
2014-10-31,4.166,-0.000959
2014-11-03,4.175,0.00216
2014-11-04,4.16,-0.003593
2014-11-05,4.155,-0.001202
2014-11-06,4.164,0.002166
2014-11-07,4.161,-0.00072
2014-11-10,4.172,0.002644
2014-11-11,4.148,-0.005753
2014-11-12,4.159,0.002652
2014-11-13,4.137,-0.00529
2014-11-14,4.135,-0.000483
2014-11-17,4.143,0.001935
2014-11-18,4.143,0.0
2014-11-19,4.148,0.001207
2014-11-20,4.141,-0.001688
2014-11-21,4.159,0.004347
2014-11-24,4.165,0.001443
2014-11-25,4.179,0.003361
2014-11-26,4.186,0.001675
2014-11-27,4.207,0.005017
2014-11-28,4.2,-0.001664
2014-12-01,4.184,-0.00381
2014-12-02,4.208,0.005736
2014-12-03,4.219,0.002614
2014-12-04,4.25,0.007348
2014-12-05,4.233,-0.004
2014-12-08,4.254,0.004961
2014-12-09,4.207,-0.011048
2014-12-10,4.245,0.009033
2014-12-11,4.244,-0.000236
2014-12-12,4.253,0.002121
2014-12-15,4.273,0.004703
2014-12-16,4.266,-0.001638
2014-12-17,4.246,-0.004688
2014-12-18,4.243,-0.000707
2014-12-19,4.237,-0.001414
2014-12-22,4.206,-0.007316
2014-12-23,4.197,-0.00214
2014-12-24,4.19,-0.001668
2014-12-25,4.212,0.005251
2014-12-26,4.218,0.001425
2014-12-29,4.203,-0.003556
2014-12-30,4.179,-0.00571
2014-12-31,4.199,0.004786
2015-01-05,4.216,0.004049
2015-01-06,4.238,0.005218
2015-01-07,4.248,0.00236
2015-01-08,4.241,-0.001648
2015-01-09,4.251,0.002358
2015-01-12,4.253,0.00047
2015-01-13,4.263,0.002351
2015-01-14,4.264,0.000235
2015-01-15,4.274,0.002345
2015-01-16,4.295,0.004913
2015-01-19,4.256,-0.00908
2015-01-20,4.293,0.008694
2015-01-21,4.332,0.009085
2015-01-22,4.338,0.001385
2015-01-23,4.319,-0.00438
2015-01-26,4.331,0.002778
2015-01-27,4.329,-0.000462
2015-01-28,4.316,-0.003003
2015-01-29,4.3,-0.003707
2015-01-30,4.292,-0.00186
2015-02-02,4.277,-0.003495
2015-02-03,4.3,0.005378
2015-02-04,4.292,-0.00186
2015-02-05,4.28,-0.002796
2015-02-06,4.254,-0.006075
2015-02-09,4.256,0.00047
2015-02-10,4.28,0.005639
2015-02-11,4.293,0.003037
2015-02-12,4.3,0.001631
2015-02-13,4.317,0.003953
2015-02-16,4.334,0.003938
2015-02-17,4.336,0.000461
2015-02-25,4.332,-0.000923
2015-02-26,4.343,0.002539
2015-02-27,4.356,0.002993
2015-03-02,4.379,0.00528
2015-03-03,4.372,-0.001599
2015-03-04,4.4,0.006404
2015-03-05,4.39,-0.002273
2015-03-06,4.363,-0.00615
2015-03-09,4.392,0.006647
2015-03-10,4.409,0.003871
2015-03-11,4.407,-0.000454
2015-03-12,4.401,-0.001361
2015-03-13,4.428,0.006135
2015-03-16,4.468,0.009033
2015-03-17,4.467,-0.000224
2015-03-18,4.505,0.008507
2015-03-19,4.497,-0.001776
2015-03-20,4.507,0.002224
2015-03-23,4.548,0.009097
2015-03-24,4.567,0.004178
2015-03-25,4.599,0.007007
2015-03-26,4.546,-0.011524
2015-03-27,4.573,0.005939
2015-03-30,4.569,-0.000875
2015-03-31,4.572,0.000657
2015-04-01,4.615,0.009405
2015-04-02,4.648,0.007151
2015-04-03,4.681,0.0071
2015-04-07,4.71,0.006195
2015-04-08,4.688,-0.004671
2015-04-09,4.659,-0.006186
2015-04-10,4.7,0.0088
2015-04-13,4.713,0.002766
2015-04-14,4.714,0.000212
2015-04-15,4.643,-0.015062
2015-04-16,4.658,0.003231
2015-04-17,4.66,0.000429
2015-04-20,4.634,-0.005579
2015-04-21,4.689,0.011869
2015-04-22,4.72,0.006611
2015-04-23,4.731,0.002331
2015-04-24,4.724,-0.00148
2015-04-27,4.728,0.000847
2015-04-28,4.663,-0.013748
2015-04-29,4.683,0.004289
2015-04-30,4.696,0.002776
2015-05-04,4.687,-0.001917
2015-05-05,4.647,-0.008534
2015-05-06,4.646,-0.000215
2015-05-07,4.64,-0.001291
2015-05-08,4.707,0.01444
2015-05-11,4.777,0.014871
2015-05-12,4.815,0.007955
2015-05-13,4.823,0.001661
2015-05-14,4.847,0.004976
2015-05-15,4.839,-0.001651
2015-05-18,4.868,0.005993
2015-05-19,4.899,0.006368
2015-05-20,4.936,0.007553
2015-05-21,5.021,0.01722
2015-05-22,5.047,0.005178
2015-05-25,5.059,0.002378
2015-05-26,5.134,0.014825
2015-05-27,5.163,0.005649
2015-05-28,5.044,-0.023049
2015-05-29,5.063,0.003767
2015-06-01,5.157,0.018566
2015-06-02,5.25,0.018034
2015-06-03,5.249,-0.00019
2015-06-04,5.227,-0.004191
2015-06-05,5.233,0.001148
2015-06-08,5.171,-0.011848
2015-06-09,5.17,-0.000193
2015-06-10,5.234,0.012379
2015-06-11,5.284,0.009553
2015-06-12,5.34,0.010598
2015-06-15,5.277,-0.011798
2015-06-16,5.191,-0.016297
2015-06-17,5.225,0.00655
2015-06-18,5.126,-0.018947
2015-06-19,5.006,-0.02341
2015-06-23,5.023,0.003396
2015-06-24,5.056,0.00657
2015-06-25,4.977,-0.015625
2015-06-26,4.827,-0.030139
2015-06-29,4.707,-0.02486
2015-06-30,4.8,0.019758
2015-07-01,4.692,-0.0225
2015-07-02,4.587,-0.022379
2015-07-03,4.509,-0.017005
2015-07-06,4.477,-0.007097
2015-07-07,4.383,-0.020996
2015-07-08,4.337,-0.010495
2015-07-09,4.399,0.014296
2015-07-10,4.475,0.017277
2015-07-13,4.576,0.02257
2015-07-14,4.607,0.006774
2015-07-15,4.52,-0.018884
2015-07-16,4.558,0.008407
2015-07-17,4.644,0.018868
2015-07-20,4.671,0.005814
2015-07-21,4.684,0.002783
2015-07-22,4.695,0.002348
2015-07-23,4.749,0.011502
2015-07-24,4.717,-0.006738
2015-07-27,4.592,-0.0265
2015-07-28,4.561,-0.006751
2015-07-29,4.622,0.013374
2015-07-30,4.572,-0.010818
2015-07-31,4.572,0.0
2015-08-03,4.525,-0.01028
2015-08-04,4.601,0.016796
2015-08-05,4.592,-0.001956
2015-08-06,4.602,0.002178
2015-08-07,4.639,0.00804
2015-08-10,4.701,0.013365
2015-08-11,4.695,-0.001276
2015-08-12,4.662,-0.007029
2015-08-13,4.692,0.006435
2015-08-14,4.692,0.0
2015-08-17,4.699,0.001492
2015-08-18,4.601,-0.020856
2015-08-19,4.63,0.006303
2015-08-20,4.573,-0.012311
2015-08-21,4.485,-0.019243
2015-08-24,4.383,-0.022742
2015-08-25,4.302,-0.01848
2015-08-26,4.294,-0.00186
2015-08-27,4.346,0.01211
2015-08-28,4.412,0.015186
2015-08-31,4.372,-0.009066
2015-09-01,4.312,-0.013724
2015-09-02,4.312,0.0
2015-09-07,4.314,0.000464
2015-09-08,4.361,0.010895
2015-09-09,4.392,0.007108
2015-09-10,4.369,-0.005237
2015-09-11,4.375,0.001373
2015-09-14,4.305,-0.016
2015-09-15,4.249,-0.013008
2015-09-16,4.314,0.015298
2015-09-17,4.309,-0.001159
2015-09-18,4.323,0.003249
2015-09-21,4.357,0.007865
2015-09-22,4.362,0.001148
2015-09-23,4.363,0.000229
2015-09-24,4.375,0.00275
2015-09-25,4.342,-0.007543
2015-09-28,4.372,0.006909
2015-09-29,4.36,-0.002745
2015-09-30,4.366,0.001376
2015-10-08,4.402,0.008246
2015-10-09,4.429,0.006134
2015-10-12,4.48,0.011515
2015-10-13,4.494,0.003125
2015-10-14,4.472,-0.004895
2015-10-15,4.515,0.009615
2015-10-16,4.524,0.001993
2015-10-19,4.537,0.002874
2015-10-20,4.565,0.006171
2015-10-21,4.48,-0.01862
2015-10-22,4.524,0.009821
2015-10-23,4.554,0.006631
2015-10-26,4.575,0.004611
2015-10-27,4.583,0.001749
2015-10-28,4.554,-0.006328
2015-10-29,4.564,0.002196
2015-10-30,4.569,0.001096
2015-11-02,4.555,-0.003064
2015-11-03,4.574,0.004171
2015-11-04,4.637,0.013774
2015-11-05,4.623,-0.003019
2015-11-06,4.66,0.008003
2015-11-09,4.689,0.006223
2015-11-10,4.703,0.002986
2015-11-11,4.725,0.004678
2015-11-12,4.727,0.000423
2015-11-13,4.696,-0.006558
2015-11-16,4.72,0.005111
2015-11-17,4.703,-0.003602
2015-11-18,4.688,-0.003189
2015-11-19,4.726,0.008106
2015-11-20,4.75,0.005078
2015-11-23,4.767,0.003579
2015-11-24,4.785,0.003776
2015-11-25,4.807,0.004598
2015-11-26,4.798,-0.001872
2015-11-27,4.719,-0.016465
2015-11-30,4.75,0.006569
2015-12-01,4.738,-0.002526
2015-12-02,4.722,-0.003377
2015-12-03,4.753,0.006565
2015-12-04,4.753,0.0
2015-12-07,4.77,0.003577
2015-12-08,4.745,-0.005241
2015-12-09,4.76,0.003161
2015-12-10,4.752,-0.001681
2015-12-11,4.743,-0.001894
2015-12-14,4.757,0.002952
2015-12-15,4.773,0.003363
2015-12-16,4.771,-0.000419
2015-12-17,4.799,0.005869
2015-12-18,4.8,0.000208
2015-12-21,4.792,-0.001667
2015-12-22,4.802,0.002087
2015-12-23,4.786,-0.003332
2015-12-24,4.782,-0.000836
2015-12-25,4.787,0.001046
2015-12-28,4.769,-0.00376
2015-12-29,4.798,0.006081
2015-12-30,4.805,0.001459
2015-12-31,4.777,-0.005827
2016-01-04,4.66,-0.024492
2016-01-05,4.633,-0.005794
2016-01-06,4.661,0.006044
2016-01-07,4.552,-0.023386
2016-01-08,4.564,0.002636
2016-01-11,4.498,-0.014461
2016-01-12,4.514,0.003557
2016-01-13,4.476,-0.008418
2016-01-14,4.518,0.009383
2016-01-15,4.49,-0.006197
2016-01-18,4.511,0.004677
2016-01-19,4.552,0.009089
2016-01-20,4.541,-0.002417
2016-01-21,4.503,-0.008368
2016-01-22,4.514,0.002443
2016-01-25,4.519,0.001108
2016-01-26,4.453,-0.014605
2016-01-27,4.44,-0.002919
2016-01-28,4.399,-0.009234
2016-01-29,4.44,0.00932
2016-02-01,4.442,0.00045
2016-02-02,4.482,0.009005
2016-02-03,4.496,0.003124
2016-02-04,4.521,0.00556
2016-02-05,4.503,-0.003981
2016-02-15,4.506,0.000666
2016-02-16,4.548,0.009321
2016-02-17,4.558,0.002199
2016-02-18,4.552,-0.001316
2016-02-19,4.557,0.001098
2016-02-22,4.578,0.004608
2016-02-23,4.562,-0.003495
2016-02-24,4.558,-0.000877
2016-02-25,4.47,-0.019307
2016-02-26,4.466,-0.000895
2016-02-29,4.412,-0.012091
2016-03-01,4.433,0.00476
2016-03-02,4.477,0.009926
2016-03-03,4.474,-0.00067
2016-03-04,4.442,-0.007152
2016-03-07,4.455,0.002927
2016-03-08,4.462,0.001571
2016-03-09,4.444,-0.004034
2016-03-10,4.429,-0.003375
2016-03-11,4.428,-0.000226
2016-03-14,4.463,0.007904
2016-03-15,4.465,0.000448
2016-03-16,4.453,-0.002688
2016-03-17,4.495,0.009432
2016-03-18,4.527,0.007119
2016-03-21,4.546,0.004197
2016-03-22,4.547,0.00022
2016-03-23,4.557,0.002199
2016-03-24,4.544,-0.002853
2016-03-25,4.544,0.0
2016-03-28,4.543,-0.00022
2016-03-29,4.526,-0.003742
2016-03-30,4.557,0.006849
2016-03-31,4.56,0.000658
2016-04-01,4.554,-0.001316
2016-04-05,4.574,0.004392
2016-04-06,4.576,0.000437
2016-04-07,4.563,-0.002841
2016-04-08,4.566,0.000657
2016-04-11,4.58,0.003066
2016-04-12,4.576,-0.000873
2016-04-13,4.584,0.001748
2016-04-14,4.59,0.001309
2016-04-15,4.588,-0.000436
2016-04-18,4.579,-0.001962
2016-04-19,4.581,0.000437
2016-04-20,4.55,-0.006767
2016-04-21,4.548,-0.00044
2016-04-22,4.556,0.001759
2016-04-25,4.555,-0.000219
2016-04-26,4.569,0.003074
2016-04-27,4.577,0.001751
2016-04-28,4.575,-0.000437
2016-04-29,4.58,0.001093
2016-05-03,4.608,0.006114
2016-05-04,4.608,0.0
2016-05-05,4.61,0.000434
2016-05-06,4.576,-0.007375
2016-05-09,4.562,-0.003059
2016-05-10,4.567,0.001096
2016-05-11,4.57,0.000657
2016-05-12,4.581,0.002407
2016-05-13,4.58,-0.000218
2016-05-16,4.6,0.004367
2016-05-17,4.587,-0.002826
2016-05-18,4.566,-0.004578
2016-05-19,4.569,0.000657
2016-05-20,4.578,0.00197
2016-05-23,4.594,0.003495
2016-05-24,4.588,-0.001306
2016-05-25,4.579,-0.001962
2016-05-26,4.582,0.000655
2016-05-27,4.578,-0.000873
2016-05-30,4.573,-0.001092
2016-05-31,4.605,0.006998
2016-06-01,4.612,0.00152
2016-06-02,4.62,0.001735
2016-06-03,4.627,0.001515
2016-06-06,4.638,0.002377
2016-06-07,4.643,0.001078
2016-06-08,4.631,-0.002585
2016-06-13,4.596,-0.007558
2016-06-14,4.603,0.001523
2016-06-15,4.636,0.007169
2016-06-16,4.634,-0.000431
2016-06-17,4.639,0.001079
2016-06-20,4.644,0.001078
2016-06-21,4.639,-0.001077
2016-06-22,4.65,0.002371
2016-06-23,4.644,-0.00129
2016-06-24,4.635,-0.001938
2016-06-27,4.656,0.004531
2016-06-28,4.656,0.0
2016-06-29,4.654,-0.00043
2016-06-30,4.656,0.00043
2016-07-01,4.655,-0.000215
2016-07-04,4.67,0.003222
2016-07-05,4.672,0.000428
2016-07-06,4.694,0.004709
2016-07-07,4.697,0.000639
2016-07-08,4.694,-0.000639
2016-07-11,4.701,0.001491
2016-07-12,4.703,0.000425
2016-07-13,4.703,0.0
2016-07-14,4.696,-0.001488
2016-07-15,4.697,0.000213
2016-07-18,4.693,-0.000852
2016-07-19,4.686,-0.001492
2016-07-20,4.685,-0.000213
2016-07-21,4.689,0.000854
2016-07-22,4.678,-0.002346
2016-07-25,4.682,0.000855
2016-07-26,4.698,0.003417
2016-07-27,4.667,-0.006599
2016-07-28,4.67,0.000643
2016-07-29,4.665,-0.001071
2016-08-01,4.652,-0.002787
2016-08-02,4.661,0.001935
2016-08-03,4.665,0.000858
2016-08-04,4.668,0.000643
2016-08-05,4.663,-0.001071
2016-08-08,4.674,0.002359
2016-08-09,4.684,0.002139
2016-08-10,4.683,-0.000213
2016-08-11,4.671,-0.002562
2016-08-12,4.677,0.001285
2016-08-15,4.691,0.002993
2016-08-16,4.694,0.00064
2016-08-17,4.699,0.001065
2016-08-18,4.691,-0.001702
2016-08-19,4.689,-0.000426
2016-08-22,4.683,-0.00128
2016-08-23,4.684,0.000214
2016-08-24,4.683,-0.000213
2016-08-25,4.679,-0.000854
2016-08-26,4.681,0.000427
2016-08-29,4.679,-0.000427
2016-08-30,4.682,0.000641
2016-08-31,4.681,-0.000214
2016-09-01,4.674,-0.001495
2016-09-02,4.672,-0.000428
2016-09-05,4.684,0.002568
2016-09-06,4.701,0.003629
2016-09-07,4.695,-0.001276
2016-09-08,4.701,0.001278
2016-09-09,4.693,-0.001702
2016-09-12,4.661,-0.006819
2016-09-13,4.664,0.000644
2016-09-14,4.657,-0.001501
2016-09-19,4.663,0.001288
2016-09-20,4.669,0.001287
2016-09-21,4.67,0.000214
2016-09-22,4.674,0.000857
2016-09-23,4.669,-0.00107
2016-09-26,4.654,-0.003213
2016-09-27,4.659,0.001074
2016-09-28,4.666,0.001502
2016-09-29,4.674,0.001715
2016-09-30,4.679,0.00107
2016-10-10,4.692,0.002778
2016-10-11,4.708,0.00341
2016-10-12,4.709,0.000212
2016-10-13,4.703,-0.001274
2016-10-14,4.699,-0.000851
2016-10-17,4.694,-0.001064
2016-10-18,4.714,0.004261
2016-10-19,4.711,-0.000636
2016-10-20,4.708,-0.000637
2016-10-21,4.709,0.000212
2016-10-24,4.71,0.000212
2016-10-25,4.716,0.001274
2016-10-26,4.71,-0.001272
2016-10-27,4.708,-0.000425
2016-10-28,4.704,-0.00085
2016-10-31,4.706,0.000425
2016-11-01,4.713,0.001487
2016-11-02,4.702,-0.002334
2016-11-03,4.703,0.000213
2016-11-04,4.695,-0.001701
2016-11-07,4.705,0.00213
2016-11-08,4.708,0.000638
2016-11-09,4.702,-0.001274
2016-11-10,4.717,0.00319
2016-11-11,4.721,0.000848
2016-11-14,4.723,0.000424
2016-11-15,4.722,-0.000212
2016-11-16,4.723,0.000212
2016-11-17,4.719,-0.000847
2016-11-18,4.718,-0.000212
2016-11-21,4.714,-0.000848
2016-11-22,4.72,0.001273
2016-11-23,4.716,-0.000847
2016-11-24,4.712,-0.000848
2016-11-25,4.712,0.0
2016-11-28,4.719,0.001486
2016-11-29,4.706,-0.002755
2016-11-30,4.694,-0.00255
2016-12-01,4.698,0.000852
2016-12-02,4.689,-0.001916
2016-12-05,4.691,0.000427
2016-12-06,4.695,0.000853
2016-12-07,4.71,0.003195
2016-12-08,4.712,0.000425
2016-12-09,4.708,-0.000849
2016-12-12,4.67,-0.008071
2016-12-13,4.678,0.001713
2016-12-14,4.671,-0.001496
2016-12-15,4.671,0.0
2016-12-16,4.676,0.00107
2016-12-19,4.679,0.000642
2016-12-20,4.676,-0.000641
2016-12-21,4.683,0.001497
2016-12-22,4.684,0.000214
2016-12-23,4.673,-0.002348
2016-12-26,4.673,0.0
2016-12-27,4.672,-0.000214
2016-12-28,4.673,0.000214
2016-12-29,4.669,-0.000856
2016-12-30,4.673,0.000857
2016-12-31,4.673,0.0
2017-01-03,4.681,0.001712
2017-01-04,4.698,0.003632
2017-01-05,4.699,0.000213
2017-01-06,4.688,-0.002341
2017-01-09,4.694,0.00128
2017-01-10,4.7,0.001278
2017-01-11,4.688,-0.002553
2017-01-12,4.675,-0.002773
2017-01-13,4.663,-0.002567
2017-01-16,4.645,-0.00386
2017-01-17,4.65,0.001076
2017-01-18,4.652,0.00043
2017-01-19,4.648,-0.00086
2017-01-20,4.661,0.002797
2017-01-23,4.669,0.001716
2017-01-24,4.668,-0.000214
2017-01-25,4.665,-0.000643
2017-01-26,4.671,0.001286
2017-02-03,4.667,-0.000856
2017-02-06,4.677,0.002143
2017-02-07,4.679,0.000428
2017-02-08,4.683,0.000855
2017-02-09,4.69,0.001495
2017-02-10,4.693,0.00064
2017-02-13,4.704,0.002344
2017-02-14,4.706,0.000425
2017-02-15,4.7,-0.001275
2017-02-16,4.709,0.001915
2017-02-17,4.701,-0.001699
2017-02-20,4.719,0.003829
2017-02-21,4.733,0.002967
2017-02-22,4.741,0.00169
2017-02-23,4.7394,-0.000337
2017-02-24,4.7348,-0.000971
2017-02-27,4.7231,-0.002471
2017-02-28,4.7289,0.001228
2017-03-01,4.7292,6.3e-05
2017-03-02,4.734,0.001015
2017-03-03,4.7474,0.002831
2017-03-06,4.7572,0.002064
2017-03-07,4.7529,-0.000904
2017-03-08,4.7481,-0.00101
2017-03-09,4.7435,-0.000969
2017-03-10,4.7511,0.001602
2017-03-13,4.7641,0.002736
2017-03-14,4.754,-0.00212
2017-03-15,4.7523,-0.000358
2017-03-16,4.7648,0.00263
2017-03-17,4.7545,-0.002162
2017-03-20,4.7514,-0.000652
2017-03-21,4.7608,0.001978
2017-03-22,4.7638,0.00063
2017-03-23,4.7658,0.00042
2017-03-24,4.7667,0.000189
2017-03-27,4.759,-0.001615
2017-03-28,4.7591,2.1e-05
2017-03-29,4.7577,-0.000294
2017-03-30,4.7476,-0.002123
2017-03-31,4.7692,0.00455
2017-04-05,4.8093,0.008408
2017-04-06,4.8163,0.001456
2017-04-07,4.8185,0.000457
2017-04-10,4.8093,-0.001909
2017-04-11,4.8066,-0.000561
2017-04-12,4.7964,-0.002122
2017-04-13,4.8084,0.002502
2017-04-14,4.786,-0.004659
2017-04-17,4.7855,-0.000104
2017-04-18,4.7854,-2.1e-05
2017-04-19,4.7755,-0.002069
2017-04-20,4.7819,0.00134
2017-04-21,4.7789,-0.000627
2017-04-24,4.7451,-0.007073
2017-04-25,4.7528,0.001623
2017-04-26,4.7611,0.001746
2017-04-27,4.7695,0.001764
2017-04-28,4.7704,0.000189
2017-05-02,4.7748,0.000922
2017-05-03,4.7704,-0.000922
2017-05-04,4.7667,-0.000776
2017-05-05,4.7482,-0.003881
2017-05-08,4.7278,-0.004296
2017-05-09,4.7415,0.002898
2017-05-10,4.7249,-0.003501
2017-05-11,4.7268,0.000402
2017-05-12,4.7197,-0.001502
2017-05-15,4.7226,0.000614
2017-05-16,4.7523,0.006289
2017-05-17,4.7491,-0.000673
2017-05-18,4.7385,-0.002232
2017-05-19,4.7327,-0.001224
2017-05-22,4.7212,-0.00243
2017-05-23,4.7044,-0.003558
2017-05-24,4.7099,0.001169
2017-05-25,4.7125,0.000552
2017-05-26,4.7018,-0.002271
2017-05-31,4.7,-0.000383
2017-06-01,4.6777,-0.004745
2017-06-02,4.6858,0.001732
2017-06-05,4.6956,0.002091
2017-06-06,4.6998,0.000894
2017-06-07,4.7225,0.00483
2017-06-08,4.7279,0.001143
2017-06-09,4.7288,0.00019
2017-06-12,4.7203,-0.001797
2017-06-13,4.7486,0.005995
2017-06-14,4.7486,0.0
2017-06-15,4.7586,0.002106
2017-06-16,4.7584,-4.2e-05
2017-06-19,4.7634,0.001051
2017-06-20,4.7797,0.003422
2017-06-21,4.783,0.00069
2017-06-22,4.7696,-0.002802
2017-06-23,4.7813,0.002453
2017-06-26,4.8065,0.005271
2017-06-27,4.8007,-0.001207
2017-06-28,4.7918,-0.001854
2017-06-29,4.793,0.00025
2017-06-30,4.8069,0.0029
2017-07-03,4.8127,0.001207
2017-07-04,4.8089,-0.00079
2017-07-05,4.8282,0.004013
2017-07-06,4.8425,0.002962
2017-07-07,4.8527,0.002106
2017-07-10,4.8454,-0.001504
2017-07-11,4.8286,-0.003467
2017-07-12,4.8391,0.002175
2017-07-13,4.8267,-0.002562
2017-07-14,4.8362,0.001968
2017-07-17,4.8059,-0.006265
2017-07-18,4.8113,0.001124
2017-07-19,4.8465,0.007316
2017-07-20,4.8581,0.002393
2017-07-21,4.8729,0.003046
2017-07-24,4.8628,-0.002073
2017-07-25,4.8556,-0.001481
2017-07-26,4.8458,-0.002018
2017-07-27,4.8435,-0.000475
2017-07-28,4.8612,0.003654
2017-07-31,4.8826,0.004402
2017-08-01,4.8761,-0.001331
2017-08-02,4.8786,0.000513
2017-08-03,4.8874,0.001804
2017-08-04,4.8658,-0.00442
2017-08-07,4.8879,0.004542
2017-08-08,4.8725,-0.003151
2017-08-09,4.8846,0.002483
2017-08-10,4.8682,-0.003357
2017-08-11,4.8406,-0.005669
2017-08-14,4.8702,0.006115
2017-08-15,4.8827,0.002567
2017-08-16,4.8767,-0.001229
2017-08-17,4.8794,0.000554
2017-08-18,4.8664,-0.002664
2017-08-21,4.8833,0.003473
2017-08-22,4.8858,0.000512
2017-08-23,4.8761,-0.001985
2017-08-24,4.8665,-0.001969
2017-08-25,4.8898,0.004788
2017-08-28,4.9162,0.005399
2017-08-29,4.9199,0.000753
2017-08-30,4.9409,0.004268
2017-08-31,4.9517,0.002186
2017-09-01,4.9732,0.004342
2017-09-04,4.9711,-0.000422
2017-09-05,4.979,0.001589
2017-09-06,5.0019,0.004599
2017-09-07,4.9807,-0.004238
2017-09-08,4.9767,-0.000803
2017-09-11,5.0139,0.007475
2017-09-12,5.0006,-0.002653
2017-09-13,4.9993,-0.00026
2017-09-14,4.9883,-0.0022
2017-09-15,4.984,-0.000862
2017-09-18,4.9898,0.001164
2017-09-19,4.9776,-0.002445
2017-09-20,4.9838,0.001246
2017-09-21,4.9739,-0.001986
2017-09-22,4.969,-0.000985
2017-09-25,4.9622,-0.001368
2017-09-26,4.9624,4e-05
2017-09-27,4.9774,0.003023
2017-09-28,4.9785,0.000221
2017-09-29,4.9839,0.001085
2017-10-09,4.9868,0.000582
2017-10-10,4.9811,-0.001143
2017-10-11,4.976,-0.001024
2017-10-12,4.9762,4e-05
2017-10-13,4.9877,0.002311
2017-10-16,4.9787,-0.001804
2017-10-17,4.9765,-0.000442
2017-10-18,4.9737,-0.000563
2017-10-19,4.9627,-0.002212
2017-10-20,4.9693,0.00133
2017-10-23,4.9778,0.001711
2017-10-24,4.9896,0.002371
2017-10-25,5.0,0.002084
2017-10-26,4.9967,-0.00066
2017-10-27,4.9908,-0.001181
2017-10-30,4.986,-0.000962
2017-10-31,4.9921,0.001223
2017-11-01,4.9949,0.000561
2017-11-02,4.9837,-0.002242
2017-11-03,4.983,-0.00014
2017-11-06,4.9929,0.001987
2017-11-07,5.0024,0.001903
2017-11-08,5.0085,0.001219
2017-11-09,5.0132,0.000938
2017-11-10,5.025,0.002354
2017-11-13,5.0239,-0.000219
2017-11-14,5.0009,-0.004578
2017-11-15,4.9794,-0.004299
2017-11-16,4.9837,0.000864
2017-11-17,4.964,-0.003953
2017-11-20,4.9796,0.003143
2017-11-21,4.9881,0.001707
2017-11-22,4.9827,-0.001083
2017-11-23,4.9508,-0.006402
2017-11-24,4.953,0.000444
2017-11-27,4.9415,-0.002322
2017-11-28,4.9532,0.002368
2017-11-29,4.944,-0.001857
2017-11-30,4.944,0.0
2017-12-01,4.9459,0.000384
2017-12-04,4.9445,-0.000283
2017-12-05,4.9327,-0.002386
2017-12-06,4.9423,0.001946
2017-12-07,4.9334,-0.001801
2017-12-08,4.944,0.002149
2017-12-11,4.9597,0.003176
2017-12-12,4.952,-0.001553
2017-12-13,4.9606,0.001737
2017-12-14,4.9564,-0.000847
2017-12-15,4.9407,-0.003168
2017-12-18,4.938,-0.000546
2017-12-19,4.9445,0.001316
2017-12-20,4.9343,-0.002063
2017-12-21,4.9469,0.002554
2017-12-22,4.9412,-0.001152
2017-12-25,4.9282,-0.002631
2017-12-26,4.9319,0.000751
2017-12-27,4.9219,-0.002028
2017-12-28,4.922,2e-05
2017-12-29,4.936,0.002844
2017-12-31,4.9359,-2e-05
2018-01-02,4.9585,0.004579
2018-01-03,4.9751,0.003348
2018-01-04,4.9774,0.000462
2018-01-05,4.9762,-0.000241
2018-01-08,4.9859,0.001949
2018-01-09,4.9812,-0.000943
2018-01-10,4.9664,-0.002971
2018-01-11,4.9628,-0.000725
2018-01-12,4.9615,-0.000262
2018-01-15,4.9354,-0.005261
2018-01-16,4.9402,0.000973
2018-01-17,4.9311,-0.001842
2018-01-18,4.9392,0.001643
2018-01-19,4.9369,-0.000466
2018-01-22,4.9452,0.001681
2018-01-23,4.9509,0.001153
2018-01-24,4.9583,0.001495
2018-01-25,4.9509,-0.001492
2018-01-26,4.95,-0.000182
2018-01-29,4.9408,-0.001859
2018-01-30,4.9462,0.001093
2018-01-31,4.9399,-0.001274
2018-02-01,4.9233,-0.00336
2018-02-02,4.9272,0.000792
2018-02-05,4.9319,0.000954
2018-02-06,4.8815,-0.010219
2018-02-07,4.8711,-0.00213
2018-02-08,4.8825,0.00234
2018-02-09,4.8522,-0.006206
2018-02-12,4.891,0.007996
2018-02-13,4.897,0.001227
2018-02-14,4.9049,0.001613
2018-02-22,4.928,0.00471
2018-02-23,4.9348,0.00138
2018-02-26,4.9538,0.00385
2018-02-27,4.9441,-0.001958
2018-02-28,4.9571,0.002629
2018-03-01,4.9698,0.002562
2018-03-02,4.9577,-0.002435
2018-03-05,4.955,-0.000545
2018-03-06,4.9725,0.003532
2018-03-07,4.9609,-0.002333
2018-03-08,4.9606,-6e-05
2018-03-09,4.9776,0.003427
2018-03-12,5.0079,0.006087
2018-03-13,4.9984,-0.001897
2018-03-14,4.9878,-0.002121
2018-03-15,4.998,0.002045
2018-03-16,4.9868,-0.002241
2018-03-19,4.9872,8e-05
2018-03-20,4.9968,0.001925
2018-03-21,4.979,-0.003562
2018-03-22,4.9709,-0.001627
2018-03-23,4.9262,-0.008992
2018-03-26,4.9459,0.003999
2018-03-27,4.9705,0.004974
2018-03-28,4.9588,-0.002354
2018-03-29,4.9619,0.000625
2018-03-30,4.9856,0.004776
2018-04-02,4.9822,-0.000682
2018-04-03,4.9761,-0.001224
2018-04-04,4.9604,-0.003155
2018-04-09,4.9547,-0.001149
2018-04-10,4.959,0.000868
2018-04-11,4.964,0.001008
2018-04-12,4.9628,-0.000242
2018-04-13,4.9661,0.000665
2018-04-16,4.9638,-0.000463
2018-04-17,4.933,-0.006205
2018-04-18,4.9439,0.00221
2018-04-19,4.95,0.001234
2018-04-20,4.9373,-0.002566
2018-04-23,4.926,-0.002289
2018-04-24,4.9509,0.005055
2018-04-25,4.9574,0.001313
2018-04-26,4.9421,-0.003086
2018-04-27,4.943,0.000182
2018-05-02,4.9552,0.002468
2018-05-03,4.9657,0.002119
2018-05-04,4.9691,0.000685
2018-05-07,4.9915,0.004508
2018-05-08,4.9946,0.000621
2018-05-09,4.9907,-0.000781
2018-05-10,4.9972,0.001302
2018-05-11,4.9965,-0.00014
2018-05-14,4.9976,0.00022
2018-05-15,5.0068,0.001841
2018-05-16,5.018,0.002237
2018-05-17,4.998,-0.003986
2018-05-18,5.0067,0.001741
2018-05-21,5.0134,0.001338
2018-05-22,5.0223,0.001775
2018-05-23,5.0176,-0.000936
2018-05-24,5.011,-0.001315
2018-05-25,5.0081,-0.000579
2018-05-28,5.0108,0.000539
2018-05-29,5.0062,-0.000918
2018-05-30,4.9788,-0.005473
2018-05-31,5.0061,0.005483
2018-06-01,4.9926,-0.002697
2018-06-04,4.9913,-0.00026
2018-06-05,5.0079,0.003326
2018-06-06,5.0128,0.000978
2018-06-07,5.0041,-0.001736
2018-06-08,5.0011,-0.0006
2018-06-11,5.0,-0.00022
2018-06-12,5.0127,0.00254
2018-06-13,5.0003,-0.002474
2018-06-14,5.0003,0.0
2018-06-15,4.9829,-0.00348
2018-06-19,4.9421,-0.008188
2018-06-20,4.9593,0.00348
2018-06-21,4.9443,-0.003025
2018-06-22,4.9697,0.005137
2018-06-25,4.9739,0.000845
2018-06-26,4.9783,0.000885
2018-06-27,4.9596,-0.003756
2018-06-28,4.9469,-0.002561
2018-06-29,4.9805,0.006792
2018-06-30,4.9804,-2e-05
2018-07-02,4.9624,-0.003614
2018-07-03,4.9479,-0.002922
2018-07-04,4.9255,-0.004527
2018-07-05,4.9033,-0.004507
2018-07-06,4.9072,0.000795
2018-07-09,4.9271,0.004055
2018-07-10,4.9402,0.002659
2018-07-11,4.9298,-0.002105
2018-07-12,4.953,0.004706
2018-07-13,4.9682,0.003069
2018-07-16,4.9612,-0.001409
2018-07-17,4.9596,-0.000323
2018-07-18,4.9574,-0.000444
2018-07-19,4.9403,-0.003449
2018-07-20,4.9526,0.00249
2018-07-23,4.9506,-0.000404
2018-07-24,4.9571,0.001313
2018-07-25,4.9507,-0.001291
2018-07-26,4.9356,-0.00305
2018-07-27,4.9306,-0.001013
2018-07-30,4.9182,-0.002515
2018-07-31,4.8964,-0.004433
2018-08-01,4.8793,-0.003492
2018-08-02,4.8521,-0.005575
2018-08-03,4.8414,-0.002205
2018-08-06,4.8068,-0.007147
2018-08-07,4.8321,0.005263
2018-08-08,4.8148,-0.00358
2018-08-09,4.8438,0.006023
2018-08-10,4.8497,0.001218
2018-08-13,4.8548,0.001052
2018-08-14,4.8463,-0.001751
2018-08-15,4.8259,-0.004209
2018-08-16,4.8178,-0.001678
2018-08-17,4.8049,-0.002678
2018-08-20,4.8156,0.002227
2018-08-21,4.8329,0.003592
2018-08-22,4.8191,-0.002855
2018-08-23,4.8207,0.000332
2018-08-24,4.8201,-0.000124
2018-08-27,4.8373,0.003568
2018-08-28,4.8405,0.000662
2018-08-29,4.8267,-0.002851
2018-08-30,4.8208,-0.001222
2018-08-31,4.8041,-0.003464
2018-09-03,4.8007,-0.000708
2018-09-04,4.8037,0.000625
2018-09-05,4.7836,-0.004184
2018-09-06,4.7745,-0.001902
2018-09-07,4.7793,0.001005
2018-09-10,4.7662,-0.002741
2018-09-11,4.7593,-0.001448
2018-09-12,4.7543,-0.001051
2018-09-13,4.7595,0.001094
2018-09-14,4.7606,0.000231
2018-09-17,4.7435,-0.003592
2018-09-18,4.761,0.003689
2018-09-19,4.7828,0.004579
2018-09-20,4.7843,0.000314
2018-09-21,4.8123,0.005852
2018-09-25,4.81,-0.000478
2018-09-26,4.823,0.002703
2018-09-27,4.8128,-0.002115
2018-09-28,4.8244,0.00241
2018-10-08,4.7882,-0.007504
2018-10-09,4.7827,-0.001149
2018-10-10,4.7793,-0.000711
2018-10-11,4.7364,-0.008976
2018-10-12,4.7368,8.4e-05
2018-10-15,4.7143,-0.00475
2018-10-16,4.6909,-0.004964
2018-10-17,4.6919,0.000213
2018-10-18,4.6751,-0.003581
2018-10-19,4.6952,0.004299
2018-10-22,4.7333,0.008115
2018-10-23,4.7083,-0.005282
2018-10-24,4.7065,-0.000382
2018-10-25,4.6983,-0.001742
2018-10-26,4.697,-0.000277
2018-10-29,4.6802,-0.003577
2018-10-30,4.684,0.000812
2018-10-31,4.7043,0.004334
2018-11-01,4.7104,0.001297
2018-11-02,4.7478,0.00794
2018-11-05,4.744,-0.0008
2018-11-06,4.7363,-0.001623
2018-11-07,4.7356,-0.000148
2018-11-08,4.7271,-0.001795
2018-11-09,4.7336,0.001375
2018-11-12,4.7498,0.003422
2018-11-13,4.7618,0.002526
2018-11-14,4.7572,-0.000966
2018-11-15,4.7628,0.001177
2018-11-16,4.7656,0.000588
2018-11-19,4.7652,-8.4e-05
2018-11-20,4.7445,-0.004344
2018-11-21,4.7437,-0.000169
2018-11-22,4.7433,-8.4e-05
2018-11-23,4.7181,-0.005313
2018-11-26,4.7108,-0.001547
2018-11-27,4.7139,0.000658
2018-11-28,4.7289,0.003182
2018-11-29,4.7173,-0.002453
2018-11-30,4.7326,0.003243
2018-12-03,4.7579,0.005346
2018-12-04,4.7615,0.000757
2018-12-05,4.7633,0.000378
2018-12-06,4.7492,-0.00296
2018-12-07,4.7448,-0.000926
2018-12-10,4.7387,-0.001286
2018-12-11,4.7417,0.000633
2018-12-12,4.7445,0.000591
2018-12-13,4.7514,0.001454
2018-12-14,4.7361,-0.00322
2018-12-17,4.7241,-0.002534
2018-12-18,4.7254,0.000275
2018-12-19,4.7115,-0.002942
2018-12-20,4.7117,4.2e-05
2018-12-21,4.7033,-0.001783
2018-12-24,4.712,0.00185
2018-12-25,4.7073,-0.000997
2018-12-26,4.6998,-0.001593
2018-12-27,4.6979,-0.000404
2018-12-28,4.695,-0.000617
2018-12-31,4.6949,-2.1e-05
2019-01-02,4.6833,-0.002471
2019-01-03,4.6724,-0.002327
2019-01-04,4.6858,0.002868
2019-01-07,4.7008,0.003201
2019-01-08,4.6929,-0.001681
2019-01-09,4.6978,0.001044
2019-01-10,4.6968,-0.000213
2019-01-11,4.703,0.00132
2019-01-14,4.6971,-0.001255
2019-01-15,4.7108,0.002917
2019-01-16,4.7156,0.001019
2019-01-17,4.7043,-0.002396
2019-01-18,4.715,0.002275
2019-01-21,4.7245,0.002015
2019-01-22,4.7195,-0.001058
2019-01-23,4.7204,0.000191
2019-01-24,4.7246,0.00089
2019-01-25,4.7297,0.001079
2019-01-28,4.7285,-0.000254
2019-01-29,4.7231,-0.001142
2019-01-30,4.714,-0.001927
2019-01-31,4.7183,0.000912
2019-02-01,4.7362,0.003794
2019-02-11,4.752,0.003336
2019-02-12,4.7574,0.001136
2019-02-13,4.7752,0.003742
2019-02-14,4.7755,6.3e-05
2019-02-15,4.765,-0.002199
2019-02-18,4.7976,0.006842
2019-02-19,4.7881,-0.00198
2019-02-20,4.7877,-8.4e-05
2019-02-21,4.7873,-8.4e-05
2019-02-22,4.8016,0.002987
2019-02-25,4.8415,0.00831
2019-02-26,4.8343,-0.001487
2019-02-27,4.8147,-0.004054
2019-02-28,4.8208,0.001267
2019-03-01,4.8289,0.00168
2019-03-04,4.839,0.002092
2019-03-05,4.8511,0.002501
2019-03-06,4.8506,-0.000103
2019-03-07,4.8472,-0.000701
2019-03-08,4.8227,-0.005054
2019-03-11,4.8507,0.005806
2019-03-12,4.8699,0.003958
2019-03-13,4.8686,-0.000267
2019-03-14,4.8724,0.000781
2019-03-15,4.8803,0.001621
2019-03-18,4.8976,0.003545
2019-03-19,4.9006,0.000613
2019-03-20,4.886,-0.002979
2019-03-21,4.8953,0.001903
2019-03-22,4.8928,-0.000511
2019-03-25,4.8862,-0.001349
2019-03-26,4.8645,-0.004441
2019-03-27,4.8806,0.00331
2019-03-28,4.8699,-0.002192
2019-03-29,4.8966,0.005483
2019-04-01,4.9232,0.005432
2019-04-02,4.9253,0.000427
2019-04-03,4.927,0.000345
2019-04-04,4.9355,0.001725
2019-04-08,4.9193,-0.003282
2019-04-09,4.9138,-0.001118
2019-04-10,4.9225,0.001771
2019-04-11,4.9009,-0.004388
2019-04-12,4.8924,-0.001734
2019-04-15,4.8904,-0.000409
2019-04-16,4.9015,0.00227
2019-04-17,4.9059,0.000898
2019-04-18,4.8979,-0.001631
2019-04-19,4.9069,0.001838
2019-04-22,4.8909,-0.003261
2019-04-23,4.8815,-0.001922
2019-04-24,4.8849,0.000697
2019-04-25,4.8633,-0.004422
2019-04-26,4.8586,-0.000966
2019-04-29,4.8577,-0.000185
2019-04-30,4.8608,0.000638
2019-05-06,4.8173,-0.008949
2019-05-07,4.8314,0.002927
2019-05-08,4.8262,-0.001076
2019-05-09,4.8129,-0.002756
2019-05-10,4.8347,0.004529
2019-05-13,4.8262,-0.001758
2019-05-14,4.8268,0.000124
2019-05-15,4.8465,0.004081
2019-05-16,4.8505,0.000825
2019-05-17,4.8273,-0.004783
2019-05-20,4.8141,-0.002734
2019-05-21,4.8244,0.00214
2019-05-22,4.8231,-0.000269
2019-05-23,4.805,-0.003753
2019-05-24,4.8055,0.000104
2019-05-27,4.8124,0.001436
2019-05-28,4.8102,-0.000457
2019-05-29,4.813,0.000582
2019-05-30,4.8129,-2.1e-05
2019-05-31,4.8124,-0.000104
2019-06-03,4.8051,-0.001517
2019-06-04,4.7949,-0.002123
2019-06-05,4.785,-0.002065
2019-06-06,4.7741,-0.002278
2019-06-10,4.7865,0.002597
2019-06-11,4.8078,0.00445
2019-06-12,4.7932,-0.003037
2019-06-13,4.7889,-0.000897
2019-06-14,4.7765,-0.002589
2019-06-17,4.7711,-0.001131
2019-06-18,4.7715,8.4e-05
2019-06-19,4.7848,0.002787
2019-06-20,4.8061,0.004452
2019-06-21,4.822,0.003308
2019-06-24,4.8192,-0.000581
2019-06-25,4.8111,-0.001681
2019-06-26,4.8208,0.002016
2019-06-27,4.8334,0.002614
2019-06-28,4.8307,-0.000559
2019-06-30,4.8306,-2.1e-05
2019-07-01,4.8568,0.005424
2019-07-02,4.8572,8.2e-05
2019-07-03,4.8491,-0.001668
2019-07-04,4.8422,-0.001423
2019-07-05,4.8507,0.001755
2019-07-08,4.8264,-0.00501
2019-07-09,4.8305,0.000849
2019-07-10,4.83,-0.000104
2019-07-11,4.8269,-0.000642
2019-07-12,4.8284,0.000311
2019-07-15,4.8351,0.001388
2019-07-16,4.833,-0.000434
2019-07-17,4.8289,-0.000848
2019-07-18,4.8121,-0.003479
2019-07-19,4.818,0.001226
2019-07-22,4.8128,-0.001079
2019-07-23,4.8225,0.002015
2019-07-24,4.833,0.002177
2019-07-25,4.8348,0.000372
2019-07-26,4.8379,0.000641
2019-07-29,4.8394,0.00031
2019-07-30,4.8452,0.001198
2019-07-31,4.8528,0.001569
2019-08-01,4.8552,0.000495
2019-08-02,4.858,0.000577
2019-08-05,4.8366,-0.004405
2019-08-06,4.8305,-0.001261
2019-08-07,4.8355,0.001035
2019-08-08,4.8416,0.001262
2019-08-09,4.8377,-0.000806
2019-08-12,4.8446,0.001426
2019-08-13,4.8426,-0.000413
2019-08-14,4.8453,0.000558
2019-08-15,4.8482,0.000599
2019-08-16,4.8512,0.000619
2019-08-19,4.8866,0.007297
2019-08-20,4.8786,-0.001637
2019-08-21,4.8714,-0.001476
2019-08-22,4.8707,-0.000144
2019-08-23,4.8866,0.003264
2019-08-26,4.8838,-0.000573
2019-08-27,4.8946,0.002211
2019-08-28,4.8908,-0.000776
2019-08-29,4.8967,0.001206
2019-08-30,4.8944,-0.00047
2019-09-02,4.9073,0.002636
2019-09-03,4.9088,0.000306
2019-09-04,4.913,0.000856
2019-09-05,4.9101,-0.00059
2019-09-06,4.9143,0.000855
2019-09-09,4.9286,0.00291
2019-09-10,4.9314,0.000568
2019-09-11,4.9218,-0.001947
2019-09-12,4.9234,0.000325
2019-09-16,4.922,-0.000284
2019-09-17,4.916,-0.001219
2019-09-18,4.9239,0.001607
2019-09-19,4.9369,0.00264
2019-09-20,4.9379,0.000203
2019-09-23,4.939,0.000223
2019-09-24,4.9442,0.001053
2019-09-25,4.9433,-0.000182
2019-09-26,4.932,-0.002286
2019-09-27,4.9283,-0.00075
2019-09-30,4.9273,-0.000203
2019-10-08,4.9319,0.000934
2019-10-09,4.925,-0.001399
2019-10-10,4.9527,0.005624
2019-10-11,4.9322,-0.004139
2019-10-14,4.936,0.00077
2019-10-15,4.9211,-0.003019
2019-10-16,4.9315,0.002113
2019-10-17,4.9246,-0.001399
2019-10-18,4.9281,0.000711
2019-10-21,4.9211,-0.00142
2019-10-22,4.9401,0.003861
2019-10-23,4.9241,-0.003239
2019-10-24,4.9297,0.001137
2019-10-25,4.9433,0.002759
2019-10-28,4.9466,0.000668
2019-10-29,4.9359,-0.002163
2019-10-30,4.9255,-0.002107
2019-10-31,4.9198,-0.001157
2019-11-01,4.9378,0.003659
2019-11-04,4.95,0.002471
2019-11-05,4.9539,0.000788
2019-11-06,4.9531,-0.000161
2019-11-07,4.9543,0.000242
2019-11-08,4.9508,-0.000706
2019-11-11,4.9408,-0.00202
2019-11-12,4.9441,0.000668
2019-11-13,4.9549,0.002184
2019-11-14,4.9552,6.1e-05
2019-11-15,4.9443,-0.0022
2019-11-18,4.9558,0.002326
2019-11-19,4.9772,0.004318
2019-11-20,4.9658,-0.00229
2019-11-21,4.9587,-0.00143
2019-11-22,4.9548,-0.000786
2019-11-25,4.9421,-0.002563
2019-11-26,4.9365,-0.001133
2019-11-27,4.9425,0.001215
2019-11-28,4.9412,-0.000263
2019-11-29,4.9364,-0.000971
2019-12-02,4.9323,-0.000831
2019-12-03,4.9315,-0.000162
2019-12-04,4.9374,0.001196
2019-12-05,4.9443,0.001397
2019-12-06,4.9514,0.001436
2019-12-09,4.9432,-0.001656
2019-12-10,4.9397,-0.000708
2019-12-11,4.9367,-0.000607
2019-12-12,4.9363,-8.1e-05
2019-12-13,4.9521,0.003201
2019-12-16,4.9575,0.00109
2019-12-17,4.9728,0.003086
2019-12-18,4.9722,-0.000121
2019-12-19,4.968,-0.000845
2019-12-20,4.9643,-0.000745
2019-12-23,4.9621,-0.000443
2019-12-24,4.9763,0.002862
2019-12-25,4.9842,0.001588
2019-12-26,4.9891,0.000983
2019-12-27,4.9894,6e-05
2019-12-30,5.0045,0.003026
2019-12-31,5.0111,0.001319
2020-01-02,5.0307,0.003911
2020-01-03,5.0317,0.000199
2020-01-06,5.04,0.00165
2020-01-07,5.0488,0.001746
2020-01-08,5.051,0.000436
2020-01-09,5.07,0.003762
2020-01-10,5.0715,0.000296
2020-01-13,5.0727,0.000237
2020-01-14,5.0763,0.00071
2020-01-15,5.0691,-0.001418
2020-01-16,5.0753,0.001223
2020-01-17,5.0784,0.000611
2020-01-20,5.0902,0.002324
2020-01-21,5.088,-0.000432
2020-01-22,5.1094,0.004206
2020-01-23,5.0738,-0.006968
2020-02-03,4.9946,-0.01561
2020-02-04,5.0313,0.007348
2020-02-05,5.0391,0.00155
2020-02-06,5.0545,0.003056
2020-02-07,5.0566,0.000415
2020-02-10,5.0662,0.001899
2020-02-11,5.0795,0.002625
2020-02-12,5.0802,0.000138
2020-02-13,5.0541,-0.005138
2020-02-14,5.0537,-7.9e-05
2020-02-17,5.0806,0.005323
2020-02-18,5.0884,0.001535
2020-02-19,5.0618,-0.005228
2020-02-20,5.0759,0.002786
2020-02-21,5.0855,0.001891
2020-02-24,5.0987,0.002596
2020-02-25,5.0901,-0.001687
2020-02-26,5.0656,-0.004813
2020-02-27,5.0742,0.001698
2020-02-28,5.03,-0.008711
2020-03-02,5.0576,0.005487
2020-03-03,5.0687,0.002195
2020-03-04,5.066,-0.000533
2020-03-05,5.0819,0.003139
2020-03-06,5.0788,-0.00061
2020-03-09,5.043,-0.007049
2020-03-10,5.0498,0.001348
2020-03-11,5.0443,-0.001089
2020-03-12,5.0235,-0.004123
2020-03-13,5.0073,-0.003225
2020-03-16,4.9565,-0.010145
2020-03-17,4.9477,-0.001775
2020-03-18,4.9389,-0.001779
2020-03-19,4.9319,-0.001417
2020-03-20,4.9509,0.003852
2020-03-23,4.9107,-0.00812
2020-03-24,4.9306,0.004052
2020-03-25,4.963,0.006571
2020-03-26,4.9586,-0.000887
2020-03-27,4.9675,0.001795
2020-03-30,4.9478,-0.003966
2020-03-31,4.9579,0.002041
2020-04-01,4.9539,-0.000807
2020-04-02,4.9757,0.004401
2020-04-03,4.9777,0.000402
2020-04-07,4.9986,0.004199
2020-04-08,4.9971,-0.0003
2020-04-09,5.0099,0.002561
2020-04-10,4.9971,-0.002555
2020-04-13,4.9938,-0.00066
2020-04-14,5.0112,0.003484
2020-04-15,5.0083,-0.000579
2020-04-16,5.0131,0.000958
2020-04-17,5.0146,0.000299
2020-04-20,5.0308,0.003231
2020-04-21,5.0153,-0.003081
2020-04-22,5.0259,0.002114
2020-04-23,5.0195,-0.001273
2020-04-24,5.0126,-0.001375
2020-04-27,5.0283,0.003132
2020-04-28,5.0354,0.001412
2020-04-29,5.0307,-0.000933
2020-04-30,5.043,0.002445
2020-05-06,5.0555,0.002479
2020-05-07,5.0535,-0.000396
2020-05-08,5.0633,0.001939
2020-05-11,5.0583,-0.000987
2020-05-12,5.0676,0.001839
2020-05-13,5.0678,3.9e-05
2020-05-14,5.05,-0.003512
2020-05-15,5.0403,-0.001921
2020-05-18,5.0447,0.000873
2020-05-19,5.0583,0.002696
2020-05-20,5.0568,-0.000297
2020-05-21,5.0474,-0.001859
2020-05-22,5.0301,-0.003428
2020-05-25,5.0423,0.002425
2020-05-26,5.0643,0.004363
2020-05-27,5.0841,0.00391
2020-05-28,5.0753,-0.001731
2020-05-29,5.1083,0.006502
2020-06-01,5.1309,0.004424
2020-06-02,5.1193,-0.002261
2020-06-03,5.1223,0.000586
2020-06-04,5.1374,0.002948
2020-06-05,5.1375,1.9e-05
2020-06-08,5.123,-0.002822
2020-06-09,5.1398,0.003279
2020-06-10,5.1513,0.002237
2020-06-11,5.1498,-0.000291
2020-06-12,5.153,0.000621
2020-06-15,5.163,0.001941
2020-06-16,5.1869,0.004629
2020-06-17,5.1896,0.000521
2020-06-18,5.1907,0.000212
2020-06-19,5.2203,0.005703
2020-06-22,5.1995,-0.003984
2020-06-23,5.1963,-0.000615
2020-06-24,5.1886,-0.001482
2020-06-29,5.1843,-0.000829
2020-06-30,5.212,0.005343
2020-07-01,5.2061,-0.001132
2020-07-02,5.2041,-0.000384
2020-07-03,5.2023,-0.000346
2020-07-06,5.2177,0.00296
2020-07-07,5.2343,0.003181
2020-07-08,5.2361,0.000344
2020-07-09,5.2567,0.003934
2020-07-10,5.2443,-0.002359
2020-07-13,5.2738,0.005625
2020-07-14,5.267,-0.001289
2020-07-15,5.2631,-0.00074
2020-07-16,5.2029,-0.011438
2020-07-17,5.2158,0.002479
2020-07-20,5.2363,0.00393
2020-07-21,5.2685,0.006149
2020-07-22,5.3023,0.006415
2020-07-23,5.3054,0.000585
2020-07-24,5.2453,-0.011328
2020-07-27,5.2264,-0.003603
2020-07-28,5.2349,0.001626
2020-07-29,5.2684,0.006399
2020-07-30,5.262,-0.001215
2020-07-31,5.277,0.002851
2020-08-03,5.3306,0.010157
2020-08-04,5.3192,-0.002139
2020-08-05,5.3354,0.003046
2020-08-06,5.3271,-0.001556
2020-08-07,5.3128,-0.002684
2020-08-10,5.3221,0.00175
2020-08-11,5.2921,-0.005637
2020-08-12,5.2862,-0.001115
2020-08-13,5.2944,0.001551
2020-08-14,5.3012,0.001284
2020-08-17,5.3128,0.002188
2020-08-18,5.3272,0.00271
2020-08-19,5.3044,-0.00428
2020-08-20,5.2822,-0.004185
2020-08-21,5.2997,0.003313
2020-08-24,5.316,0.003076
2020-08-25,5.3169,0.000169
2020-08-26,5.2863,-0.005755
2020-08-27,5.2934,0.001343
2020-08-28,5.3415,0.009087
2020-08-31,5.3474,0.001105
2020-09-01,5.3675,0.003759
2020-09-02,5.365,-0.000466
2020-09-03,5.3566,-0.001566
2020-09-04,5.3484,-0.001531
2020-09-07,5.3059,-0.007946
2020-09-08,5.3054,-9.4e-05
2020-09-09,5.2693,-0.006804
2020-09-10,5.2681,-0.000228
2020-09-11,5.2863,0.003455
2020-09-14,5.289,0.000511
2020-09-15,5.3141,0.004746
2020-09-16,5.2977,-0.003086
2020-09-17,5.2956,-0.000396
2020-09-18,5.3106,0.002833
2020-09-21,5.2974,-0.002486
2020-09-22,5.2832,-0.002681
2020-09-23,5.292,0.001666
2020-09-24,5.2601,-0.006028
2020-09-25,5.2689,0.001673
2020-09-28,5.2479,-0.003986
2020-09-29,5.2595,0.00221
2020-09-30,5.267,0.001426
2020-10-09,5.2919,0.004728
2020-10-12,5.3264,0.006519
2020-10-13,5.343,0.003117
2020-10-14,5.3451,0.000393
2020-10-15,5.3327,-0.00232
2020-10-16,5.3116,-0.003957
2020-10-19,5.2933,-0.003445
2020-10-20,5.3108,0.003306
2020-10-21,5.3002,-0.001996
2020-10-22,5.2916,-0.001623
2020-10-23,5.2578,-0.006387
2020-10-26,5.2684,0.002016
2020-10-27,5.2918,0.004442
2020-10-28,5.3087,0.003194
2020-10-29,5.3156,0.0013
2020-10-30,5.2754,-0.007563
2020-11-02,5.2777,0.000436
2020-11-03,5.2836,0.001118
2020-11-04,5.2774,-0.001173
2020-11-05,5.278,0.000114
2020-11-06,5.2595,-0.003505
2020-11-09,5.2897,0.005742
2020-11-10,5.2701,-0.003705
2020-11-11,5.2448,-0.004801
2020-11-12,5.2429,-0.000362
2020-11-13,5.2404,-0.000477
2020-11-16,5.2468,0.001221
2020-11-17,5.2328,-0.002668
2020-11-18,5.2271,-0.001089
2020-11-19,5.2346,0.001435
2020-11-20,5.2463,0.002235
2020-11-23,5.2374,-0.001696
2020-11-24,5.2438,0.001222
2020-11-25,5.2276,-0.003089
2020-11-26,5.2313,0.000708
2020-11-27,5.2545,0.004435
2020-11-30,5.2487,-0.001104
2020-12-01,5.2714,0.004325
2020-12-02,5.2662,-0.000986
2020-12-03,5.2755,0.001766
2020-12-04,5.2861,0.002009
2020-12-07,5.2905,0.000832
2020-12-08,5.2821,-0.001588
2020-12-09,5.2519,-0.005717
2020-12-10,5.2414,-0.001999
2020-12-11,5.2237,-0.003377
2020-12-14,5.2383,0.002795
2020-12-15,5.2569,0.003551
2020-12-16,5.2481,-0.001674
2020-12-17,5.2504,0.000438
2020-12-18,5.2276,-0.004343
2020-12-21,5.2541,0.005069
2020-12-22,5.2472,-0.001313
2020-12-23,5.2478,0.000114
2020-12-24,5.2352,-0.002401
2020-12-25,5.2496,0.002751
2020-12-28,5.2272,-0.004267
2020-12-29,5.2116,-0.002984
2020-12-30,5.2326,0.004029
2020-12-31,5.2594,0.005122
2021-01-04,5.2893,0.005685
2021-01-05,5.301,0.002212
2021-01-06,5.3003,-0.000132
2021-01-07,5.2742,-0.004924
2021-01-08,5.2756,0.000265
2021-01-11,5.2728,-0.000531
2021-01-12,5.3086,0.00679
2021-01-13,5.2964,-0.002298
2021-01-14,5.3068,0.001964
2021-01-15,5.3087,0.000358
2021-01-18,5.3434,0.006536
2021-01-19,5.3246,-0.003518
2021-01-20,5.3291,0.000845
2021-01-21,5.3302,0.000206
2021-01-22,5.3425,0.002308
2021-01-25,5.3536,0.002078
2021-01-26,5.3313,-0.004165
2021-01-27,5.3307,-0.000113
2021-01-28,5.3224,-0.001557
2021-01-29,5.2905,-0.005994
2021-02-01,5.3163,0.004877
2021-02-02,5.3348,0.00348
2021-02-03,5.3413,0.001218
2021-02-04,5.3361,-0.000974
2021-02-05,5.3425,0.001199
2021-02-08,5.3432,0.000131
2021-02-09,5.3771,0.006345
2021-02-10,5.3789,0.000335
2021-02-18,5.3689,-0.001859
2021-02-19,5.3861,0.003204
2021-02-22,5.3649,-0.003936
2021-02-23,5.3642,-0.00013
2021-02-24,5.3382,-0.004847
2021-02-25,5.352,0.002585
2021-02-26,5.338,-0.002616
2021-03-01,5.39,0.009741
2021-03-02,5.3659,-0.004471
2021-03-03,5.3919,0.004845
2021-03-04,5.3629,-0.005378
2021-03-05,5.3733,0.001939
2021-03-08,5.3379,-0.006588
2021-03-09,5.2827,-0.010341
2021-03-10,5.2686,-0.002669
2021-03-11,5.2933,0.004688
2021-03-12,5.293,-5.7e-05
2021-03-15,5.2851,-0.001493
2021-03-16,5.3184,0.006301
2021-03-17,5.3313,0.002426
2021-03-18,5.3606,0.005496
2021-03-19,5.3477,-0.002406
2021-03-22,5.3759,0.005273
2021-03-23,5.3617,-0.002641
2021-03-24,5.3344,-0.005092
2021-03-25,5.3265,-0.001481
2021-03-26,5.3625,0.006759
2021-03-29,5.3578,-0.000876
2021-03-30,5.3577,-1.9e-05
2021-03-31,5.3363,-0.003994
2021-04-01,5.3542,0.003354
2021-04-02,5.337,-0.003212
2021-04-06,5.3394,0.00045
2021-04-07,5.3154,-0.004495
2021-04-08,5.3157,5.6e-05
2021-04-09,5.3215,0.001091
2021-04-12,5.2653,-0.010561
2021-04-13,5.2617,-0.000684
2021-04-14,5.2843,0.004295
2021-04-15,5.2812,-0.000587
2021-04-16,5.2789,-0.000436
2021-04-19,5.2909,0.002273
2021-04-20,5.2885,-0.000454
2021-04-21,5.2943,0.001097
2021-04-22,5.292,-0.000434
2021-04-23,5.2921,1.9e-05
2021-04-26,5.2764,-0.002967
2021-04-27,5.2829,0.001232
2021-04-28,5.2813,-0.000303
2021-04-29,5.3022,0.003957
2021-04-30,5.3075,0.001
2021-05-06,5.3114,0.000735
2021-05-07,5.2904,-0.003954
2021-05-10,5.2878,-0.000491
2021-05-11,5.302,0.002685
2021-05-12,5.3157,0.002584
2021-05-13,5.3025,-0.002483
2021-05-14,5.3327,0.005695
2021-05-17,5.3349,0.000413
2021-05-18,5.3475,0.002362
2021-05-19,5.3355,-0.002244
2021-05-20,5.3383,0.000525
2021-05-21,5.3334,-0.000918
2021-05-24,5.3442,0.002025
2021-05-25,5.3655,0.003986
2021-05-26,5.3683,0.000522
2021-05-27,5.3888,0.003819
2021-05-28,5.3974,0.001596
2021-05-31,5.4583,0.011283
2021-06-01,5.4666,0.001521
2021-06-02,5.4291,-0.00686
2021-06-03,5.4163,-0.002358
2021-06-04,5.4177,0.000258
2021-06-07,5.4219,0.000775
2021-06-08,5.414,-0.001457
2021-06-09,5.4229,0.001644
2021-06-10,5.4237,0.000148
2021-06-11,5.404,-0.003632
2021-06-15,5.392,-0.002221
2021-06-16,5.3611,-0.005731
2021-06-17,5.3699,0.001641
2021-06-18,5.3841,0.002644
2021-06-21,5.4076,0.004365
2021-06-22,5.4066,-0.000185
2021-06-23,5.4177,0.002053
2021-06-24,5.4114,-0.001163
2021-06-25,5.4303,0.003493
2021-06-28,5.4498,0.003591
2021-06-29,5.4352,-0.002679
2021-06-30,5.4349,-5.5e-05
2021-07-01,5.4205,-0.00265
2021-07-02,5.3932,-0.005036
2021-07-05,5.3827,-0.001947
2021-07-06,5.3736,-0.001691
2021-07-07,5.4019,0.005266
2021-07-08,5.3735,-0.005257
2021-07-09,5.3674,-0.001135
2021-07-12,5.3732,0.001081
2021-07-13,5.3711,-0.000391
2021-07-14,5.3973,0.004878
2021-07-15,5.3814,-0.002946
2021-07-16,5.3806,-0.000149
2021-07-19,5.3936,0.002416
2021-07-20,5.4132,0.003634
2021-07-21,5.4247,0.002124
2021-07-22,5.4247,0.0
2021-07-23,5.4193,-0.000995
2021-07-26,5.3949,-0.004502
2021-07-27,5.3636,-0.005802
2021-07-28,5.3304,-0.00619
2021-07-29,5.3618,0.005891
2021-07-30,5.3638,0.000373
2021-08-02,5.402,0.007122
2021-08-03,5.4144,0.002295
2021-08-04,5.422,0.001404
2021-08-05,5.4397,0.003264
2021-08-06,5.4328,-0.001268
2021-08-09,5.4407,0.001454
2021-08-10,5.4571,0.003014
2021-08-11,5.4486,-0.001558
2021-08-12,5.4295,-0.003505
2021-08-13,5.4318,0.000424
2021-08-16,5.4466,0.002725
2021-08-17,5.4026,-0.008078
2021-08-18,5.4136,0.002036
2021-08-19,5.4338,0.003731
2021-08-20,5.4157,-0.003331
2021-08-23,5.4697,0.009971
2021-08-24,5.4556,-0.002578
2021-08-25,5.4514,-0.00077
2021-08-26,5.4277,-0.004348
2021-08-27,5.4365,0.001621
2021-08-30,5.4383,0.000331
2021-08-31,5.44,0.000313
2021-09-01,5.4114,-0.005257
2021-09-02,5.4267,0.002827
2021-09-03,5.4307,0.000737
2021-09-06,5.4553,0.00453
2021-09-07,5.4597,0.000807
2021-09-08,5.4409,-0.003443
2021-09-09,5.4312,-0.001783
2021-09-10,5.4282,-0.000552
2021-09-13,5.4287,9.2e-05
2021-09-14,5.4114,-0.003187
2021-09-15,5.4081,-0.00061
2021-09-16,5.3932,-0.002755
2021-09-17,5.4055,0.002281
2021-09-22,5.4024,-0.000573
2021-09-23,5.3968,-0.001037
2021-09-24,5.4036,0.00126
2021-09-27,5.3952,-0.001555
2021-09-28,5.4123,0.003169
2021-09-29,5.3716,-0.00752
2021-09-30,5.399,0.005101
2021-10-08,5.4161,0.003167
2021-10-11,5.4228,0.001237
2021-10-12,5.4182,-0.000848
2021-10-13,5.4351,0.003119
2021-10-14,5.4474,0.002263
2021-10-15,5.4666,0.003525
2021-10-18,5.4549,-0.00214
2021-10-19,5.4581,0.000587
2021-10-20,5.4605,0.00044
2021-10-21,5.4471,-0.002454
2021-10-22,5.4455,-0.000294
2021-10-25,5.4444,-0.000202
2021-10-26,5.4389,-0.00101
2021-10-27,5.4138,-0.004615
2021-10-28,5.395,-0.003473
2021-10-29,5.4276,0.006043
2021-11-01,5.4367,0.001677
2021-11-02,5.4328,-0.000717
2021-11-03,5.4471,0.002632
2021-11-04,5.4703,0.004259
2021-11-05,5.4491,-0.003875
2021-11-08,5.442,-0.001303
2021-11-09,5.4511,0.001672
2021-11-10,5.4427,-0.001541
2021-11-11,5.448,0.000974
2021-11-12,5.473,0.004589
2021-11-15,5.46,-0.002375
2021-11-16,5.4459,-0.002582
2021-11-17,5.4517,0.001065
2021-11-18,5.445,-0.001229
2021-11-19,5.4584,0.002461
2021-11-22,5.4836,0.004617
2021-11-23,5.48,-0.000657
2021-11-24,5.4763,-0.000675
2021-11-25,5.471,-0.000968
2021-11-26,5.4712,3.7e-05
2021-11-29,5.4714,3.7e-05
2021-11-30,5.4694,-0.000366
2021-12-01,5.4668,-0.000475
2021-12-02,5.4678,0.000183
2021-12-03,5.4663,-0.000274
2021-12-06,5.4526,-0.002506
2021-12-07,5.4282,-0.004475
2021-12-08,5.4591,0.005692
2021-12-09,5.4706,0.002107
2021-12-10,5.4724,0.000329
2021-12-13,5.4907,0.003344
2021-12-14,5.4949,0.000765
2021-12-15,5.4777,-0.00313
2021-12-16,5.4995,0.00398
2021-12-17,5.4832,-0.002964
2021-12-20,5.4724,-0.00197
2021-12-21,5.4711,-0.000238
2021-12-22,5.4946,0.004295
2021-12-23,5.4908,-0.000692
2021-12-24,5.4743,-0.003005
2021-12-27,5.4878,0.002466
2021-12-28,5.4917,0.000711
2021-12-29,5.49,-0.00031
2021-12-30,5.4873,-0.000492
2021-12-31,5.5174,0.005485
2022-01-04,5.5441,0.004839
2022-01-05,5.5262,-0.003229
2022-01-06,5.5578,0.005718
2022-01-07,5.5218,-0.006477
2022-01-10,5.5648,0.007787
2022-01-11,5.5563,-0.001527
2022-01-12,5.5731,0.003024
2022-01-13,5.5445,-0.005132
2022-01-14,5.5741,0.005339
2022-01-17,5.5887,0.002619
2022-01-18,5.5607,-0.00501
2022-01-19,5.5431,-0.003165
2022-01-20,5.5124,-0.005538
2022-01-21,5.4815,-0.005606
2022-01-24,5.4629,-0.003393
2022-01-25,5.4241,-0.007102
2022-01-26,5.4277,0.000664
2022-01-27,5.3936,-0.006283
2022-01-28,5.4049,0.002095
2022-02-07,5.4089,0.00074
2022-02-08,5.3956,-0.002459
2022-02-09,5.417,0.003966
2022-02-10,5.4124,-0.000849
2022-02-11,5.3652,-0.008721
2022-02-14,5.3553,-0.001845
2022-02-15,5.3957,0.007544
2022-02-16,5.4044,0.001612
2022-02-17,5.4047,5.6e-05
2022-02-18,5.4133,0.001591
2022-02-21,5.4175,0.000776
2022-02-22,5.3889,-0.005279
2022-02-23,5.4285,0.007348
2022-02-24,5.4028,-0.004734
2022-02-25,5.4424,0.00733
2022-02-28,5.4477,0.000974
2022-03-01,5.4492,0.000275
2022-03-02,5.4442,-0.000918
2022-03-03,5.4202,-0.004408
2022-03-04,5.4181,-0.000387
2022-03-07,5.3808,-0.006884
2022-03-08,5.3154,-0.012154
2022-03-09,5.3038,-0.002182
2022-03-10,5.3625,0.011068
2022-03-11,5.402,0.007366
2022-03-14,5.3593,-0.007904
2022-03-15,5.3008,-0.010916
2022-03-16,5.3257,0.004697
2022-03-17,5.3589,0.006234
2022-03-18,5.3821,0.004329
2022-03-21,5.388,0.001096
2022-03-22,5.3835,-0.000835
2022-03-23,5.3891,0.00104
2022-03-24,5.3832,-0.001095
2022-03-25,5.3465,-0.006818
2022-03-28,5.3398,-0.001253
2022-03-29,5.3507,0.002041
2022-03-30,5.3758,0.004691
2022-03-31,5.3426,-0.006176
2022-04-01,5.3461,0.000655
2022-04-06,5.3233,-0.004265
2022-04-07,5.297,-0.004941
2022-04-08,5.2573,-0.007495
2022-04-11,5.2085,-0.009282
2022-04-12,5.2043,-0.000806
2022-04-13,5.1758,-0.005476
2022-04-14,5.1927,0.003265
2022-04-15,5.1694,-0.004487
2022-04-18,5.1993,0.005784
2022-04-19,5.199,-5.8e-05
2022-04-20,5.1796,-0.003731
2022-04-21,5.1393,-0.007781
2022-04-22,5.1128,-0.005156
2022-04-25,5.038,-0.01463
2022-04-26,5.0014,-0.007265
2022-04-27,5.0586,0.011437
2022-04-28,5.0604,0.000356
2022-04-29,5.106,0.009011
2022-05-05,5.1389,0.006443
2022-05-06,5.1338,-0.000992
2022-05-09,5.1418,0.001558
2022-05-10,5.1635,0.00422
2022-05-11,5.1815,0.003486
2022-05-12,5.179,-0.000482
2022-05-13,5.1882,0.001776
2022-05-16,5.1843,-0.000752
2022-05-17,5.1998,0.00299
2022-05-18,5.1939,-0.001135
2022-05-19,5.1956,0.000327
2022-05-20,5.2077,0.002329
2022-05-23,5.2134,0.001095
2022-05-24,5.155,-0.011202
2022-05-25,5.1817,0.005179
2022-05-26,5.1841,0.000463
2022-05-27,5.1769,-0.001389
2022-05-30,5.1893,0.002395
2022-05-31,5.2151,0.004972
2022-06-01,5.2352,0.003854
2022-06-02,5.2629,0.005291
2022-06-06,5.3058,0.008151
2022-06-07,5.2974,-0.001583
2022-06-08,5.2897,-0.001454
2022-06-09,5.2547,-0.006617
2022-06-10,5.2859,0.005938
2022-06-13,5.3058,0.003765
2022-06-14,5.31,0.000792
2022-06-15,5.3068,-0.000603
2022-06-16,5.3396,0.006181
2022-06-17,5.368,0.005319
2022-06-20,5.3767,0.001621
2022-06-21,5.3499,-0.004984
2022-06-22,5.3453,-0.00086
2022-06-23,5.3782,0.006155
2022-06-24,5.3976,0.003607
2022-06-27,5.4238,0.004854
2022-06-28,5.4443,0.00378
2022-06-29,5.4028,-0.007623
2022-06-30,5.4416,0.007181
2022-07-01,5.4383,-0.000606
2022-07-04,5.4619,0.00434
2022-07-05,5.4633,0.000256
2022-07-06,5.4455,-0.003258
2022-07-07,5.4624,0.003103
2022-07-08,5.4481,-0.002618
2022-07-11,5.4072,-0.007507
2022-07-12,5.3739,-0.006158
2022-07-13,5.3936,0.003666
2022-07-14,5.4322,0.007157
2022-07-15,5.4224,-0.001804
2022-07-18,5.4272,0.000885
2022-07-19,5.4456,0.00339
2022-07-20,5.4537,0.001487
2022-07-21,5.431,-0.004162
2022-07-22,5.4353,0.000792
2022-07-25,5.4134,-0.004029
2022-07-26,5.4351,0.004009
2022-07-27,5.4722,0.006826
2022-07-28,5.4847,0.002284
2022-07-29,5.4904,0.001039
2022-08-01,5.5076,0.003133
2022-08-02,5.4779,-0.005393
2022-08-03,5.4496,-0.005166
2022-08-04,5.4475,-0.000385
2022-08-05,5.4573,0.001799
2022-08-08,5.477,0.00361
2022-08-09,5.4754,-0.000292
2022-08-10,5.4682,-0.001315
2022-08-11,5.4725,0.000786
2022-08-12,5.4487,-0.004349
2022-08-15,5.4682,0.003579
2022-08-16,5.4637,-0.000823
2022-08-17,5.4573,-0.001171
2022-08-18,5.4769,0.003592
2022-08-19,5.4552,-0.003962
2022-08-22,5.4685,0.002438
2022-08-23,5.4767,0.001499
2022-08-24,5.412,-0.011814
2022-08-25,5.4158,0.000702
2022-08-26,5.4259,0.001865
2022-08-29,5.4427,0.003096
2022-08-30,5.4486,0.001084
2022-08-31,5.4023,-0.008498
2022-09-01,5.3985,-0.000703
2022-09-02,5.4158,0.003205
2022-09-05,5.4001,-0.002899
2022-09-06,5.4313,0.005778
2022-09-07,5.4548,0.004327
2022-09-08,5.4314,-0.00429
2022-09-09,5.445,0.002504
2022-09-13,5.4401,-0.0009
2022-09-14,5.4256,-0.002665
2022-09-15,5.3828,-0.007889
2022-09-16,5.3659,-0.00314
2022-09-19,5.3531,-0.002385
2022-09-20,5.3829,0.005567
2022-09-21,5.3763,-0.001226
2022-09-22,5.3722,-0.000763
2022-09-23,5.3339,-0.007129
2022-09-26,5.3532,0.003618
2022-09-27,5.3674,0.002653
2022-09-28,5.3294,-0.00708
2022-09-29,5.3582,0.005404
2022-09-30,5.3186,-0.007391
2022-10-10,5.2474,-0.013387
2022-10-11,5.2452,-0.000419
2022-10-12,5.2925,0.009018
2022-10-13,5.2986,0.001153
2022-10-14,5.3296,0.005851
2022-10-17,5.3375,0.001482
2022-10-18,5.3511,0.002548
2022-10-19,5.3205,-0.005718
2022-10-20,5.3096,-0.002049
2022-10-21,5.3223,0.002392
2022-10-24,5.3077,-0.002743
2022-10-25,5.318,0.001941
2022-10-26,5.3561,0.007164
2022-10-27,5.3313,-0.00463
2022-10-28,5.289,-0.007934
2022-10-31,5.2937,0.000889
2022-11-01,5.3307,0.006989
2022-11-02,5.3663,0.006678
2022-11-03,5.3648,-0.00028
2022-11-04,5.4066,0.007792
2022-11-07,5.3953,-0.00209
2022-11-08,5.3838,-0.002131
2022-11-09,5.3759,-0.001467
2022-11-10,5.3628,-0.002437
2022-11-11,5.3589,-0.000727
2022-11-14,5.3375,-0.003993
2022-11-15,5.3788,0.007738
2022-11-16,5.359,-0.003681
2022-11-17,5.3446,-0.002687
2022-11-18,5.3413,-0.000617
2022-11-21,5.3568,0.002902
2022-11-22,5.3235,-0.006216
2022-11-23,5.3368,0.002498
2022-11-24,5.3299,-0.001293
2022-11-25,5.3058,-0.004522
2022-11-28,5.3105,0.000886
2022-11-29,5.3217,0.002109
2022-11-30,5.3414,0.003702
2022-12-01,5.3568,0.002883
2022-12-02,5.3623,0.001027
2022-12-05,5.3605,-0.000336
2022-12-06,5.3537,-0.001269
2022-12-07,5.3656,0.002223
2022-12-08,5.3688,0.000596
2022-12-09,5.3705,0.000317
2022-12-12,5.3704,-1.9e-05
2022-12-13,5.3365,-0.006312
2022-12-14,5.334,-0.000468
2022-12-15,5.342,0.0015
2022-12-16,5.3161,-0.004848
2022-12-19,5.2884,-0.005211
2022-12-20,5.2737,-0.00278
2022-12-21,5.2581,-0.002958
2022-12-22,5.2372,-0.003975
2022-12-23,5.2315,-0.001088
2022-12-26,5.2581,0.005085
2022-12-27,5.2562,-0.000361
2022-12-28,5.2394,-0.003196
2022-12-29,5.26,0.003932
2022-12-30,5.265,0.000951
2022-12-31,5.265,0.0
2023-01-03,5.2911,0.004957
2023-01-04,5.2847,-0.00121
2023-01-05,5.2967,0.002271
2023-01-06,5.3109,0.002681
2023-01-09,5.3446,0.006345
2023-01-10,5.3735,0.005407
2023-01-11,5.3614,-0.002252
2023-01-12,5.3715,0.001884
2023-01-13,5.3802,0.00162
2023-01-16,5.3807,9.3e-05
2023-01-17,5.3701,-0.00197
2023-01-18,5.3689,-0.000223
2023-01-19,5.3707,0.000335
2023-01-20,5.3798,0.001694
2023-01-30,5.4074,0.00513
2023-01-31,5.3982,-0.001701
2023-02-01,5.4077,0.00176
2023-02-02,5.4134,0.001054
2023-02-03,5.4056,-0.001441
2023-02-06,5.3883,-0.0032
2023-02-07,5.4056,0.003211
2023-02-08,5.3968,-0.001628
2023-02-09,5.416,0.003558
2023-02-10,5.4066,-0.001736
2023-02-13,5.4148,0.001517
2023-02-14,5.4148,0.0
2023-02-15,5.4213,0.0012
2023-02-16,5.3944,-0.004962
2023-02-17,5.3888,-0.001038
2023-02-20,5.3964,0.00141
2023-02-21,5.3957,-0.00013
2023-02-22,5.3939,-0.000334
2023-02-23,5.3915,-0.000445
2023-02-24,5.3827,-0.001632
2023-02-27,5.3769,-0.001078
2023-02-28,5.3854,0.001581
2023-03-01,5.3733,-0.002247
2023-03-02,5.3469,-0.004913
2023-03-03,5.3393,-0.001421
2023-03-06,5.3543,0.002809
2023-03-07,5.3254,-0.005398
2023-03-08,5.3299,0.000845
2023-03-09,5.3276,-0.000432
2023-03-10,5.3103,-0.003247
2023-03-13,5.3134,0.000584
2023-03-14,5.3054,-0.001506
2023-03-15,5.3009,-0.000848
2023-03-16,5.2963,-0.000868
2023-03-17,5.3005,0.000793
2023-03-20,5.296,-0.000849
2023-03-21,5.319,0.004343
2023-03-22,5.3141,-0.000921
2023-03-23,5.3041,-0.001882
2023-03-24,5.3126,0.001603
2023-03-27,5.3286,0.003012
2023-03-28,5.3414,0.002402
2023-03-29,5.3603,0.003538
2023-03-30,5.3587,-0.000298
2023-03-31,5.3667,0.001493
2023-04-03,5.3457,-0.003913
2023-04-04,5.3477,0.000374
2023-04-06,5.3436,-0.000767
2023-04-07,5.3508,0.001347
2023-04-10,5.3463,-0.000841
2023-04-11,5.3435,-0.000524
2023-04-12,5.3369,-0.001235
2023-04-13,5.3428,0.001106
2023-04-14,5.3447,0.000356
2023-04-17,5.3491,0.000823
2023-04-18,5.3295,-0.003664
2023-04-19,5.3218,-0.001445
2023-04-20,5.3067,-0.002837
2023-04-21,5.2932,-0.002544
2023-04-24,5.2959,0.00051
2023-04-25,5.2932,-0.00051
2023-04-26,5.3191,0.004893
2023-04-27,5.325,0.001109
2023-04-28,5.3483,0.004376
2023-05-04,5.3562,0.001477
2023-05-05,5.3355,-0.003865
2023-05-08,5.3124,-0.004329
2023-05-09,5.2865,-0.004875
2023-05-10,5.2861,-7.6e-05
2023-05-11,5.2988,0.002403
2023-05-12,5.2936,-0.000981
2023-05-15,5.3075,0.002626
2023-05-16,5.2847,-0.004296
2023-05-17,5.2817,-0.000568
2023-05-18,5.2965,0.002802
2023-05-19,5.3127,0.003059
2023-05-22,5.3058,-0.001299
2023-05-23,5.3012,-0.000867
2023-05-24,5.2875,-0.002584
2023-05-25,5.2778,-0.001835
2023-05-26,5.2897,0.002255
2023-05-29,5.2836,-0.001153
2023-05-30,5.2847,0.000208
2023-05-31,5.2748,-0.001873
2023-06-01,5.2675,-0.001384
2023-06-02,5.2805,0.002468
2023-06-05,5.2949,0.002727
2023-06-06,5.2611,-0.006384
2023-06-07,5.2507,-0.001977
2023-06-08,5.2357,-0.002857
2023-06-09,5.2336,-0.000401
2023-06-12,5.2717,0.00728
2023-06-13,5.262,-0.00184
2023-06-14,5.2647,0.000513
2023-06-15,5.2921,0.005204
2023-06-16,5.3052,0.002475
2023-06-19,5.3069,0.00032
2023-06-20,5.3156,0.001639
2023-06-21,5.2857,-0.005625
2023-06-26,5.2773,-0.001589
2023-06-27,5.2933,0.003032
2023-06-28,5.2977,0.000831
2023-06-29,5.3163,0.003511
2023-06-30,5.3253,0.001693
2023-07-03,5.3142,-0.002084
2023-07-04,5.3209,0.001261
2023-07-05,5.3111,-0.001842
2023-07-06,5.303,-0.001525
2023-07-07,5.2999,-0.000585
2023-07-10,5.2928,-0.00134
2023-07-11,5.3027,0.00187
2023-07-12,5.2836,-0.003602
2023-07-13,5.2817,-0.00036
2023-07-14,5.2718,-0.001874
2023-07-17,5.2702,-0.000304
2023-07-18,5.2734,0.000607
2023-07-19,5.2624,-0.002086
2023-07-20,5.2548,-0.001444
2023-07-21,5.2521,-0.000514
2023-07-24,5.2592,0.001352
2023-07-25,5.2684,0.001749
2023-07-26,5.2515,-0.003208
2023-07-27,5.2494,-0.0004
2023-07-28,5.2555,0.001162
2023-07-31,5.2546,-0.000171
2023-08-01,5.2425,-0.002303
2023-08-02,5.241,-0.000286
2023-08-03,5.2445,0.000668
2023-08-04,5.2616,0.003261
2023-08-07,5.2582,-0.000646
2023-08-08,5.2572,-0.00019
2023-08-09,5.2611,0.000742
2023-08-10,5.256,-0.000969
2023-08-11,5.2363,-0.003748
2023-08-14,5.2247,-0.002215
2023-08-15,5.2098,-0.002852
2023-08-16,5.1913,-0.003551
2023-08-17,5.2032,0.002292
2023-08-18,5.1833,-0.003825
2023-08-21,5.1658,-0.003376
2023-08-22,5.1671,0.000252
2023-08-23,5.1441,-0.004451
2023-08-24,5.1617,0.003421
2023-08-25,5.139,-0.004398
2023-08-28,5.1383,-0.000136
2023-08-29,5.1864,0.009361
2023-08-30,5.202,0.003008
2023-08-31,5.194,-0.001538
2023-09-01,5.1859,-0.001559
2023-09-04,5.1838,-0.000405
2023-09-05,5.1784,-0.001042
2023-09-06,5.1749,-0.000676
2023-09-07,5.1523,-0.004367
2023-09-08,5.1483,-0.000776
2023-09-11,5.1667,0.003574
2023-09-12,5.1656,-0.000213
2023-09-13,5.1512,-0.002788
2023-09-14,5.1418,-0.001825
2023-09-15,5.1358,-0.001167
2023-09-18,5.1374,0.000312
2023-09-19,5.132,-0.001051
2023-09-20,5.1232,-0.001715
2023-09-21,5.1076,-0.003045
2023-09-22,5.1238,0.003172
2023-09-25,5.125,0.000234
2023-09-26,5.1231,-0.000371
2023-09-27,5.1426,0.003806
2023-09-28,5.149,0.001245
2023-10-09,5.1387,-0.002
2023-10-10,5.1275,-0.00218
2023-10-11,5.1299,0.000468
2023-10-12,5.1319,0.00039
2023-10-13,5.1194,-0.002436
2023-10-16,5.1106,-0.001719
2023-10-17,5.1138,0.000626
2023-10-18,5.0949,-0.003696
2023-10-19,5.0846,-0.002022
2023-10-20,5.0737,-0.002144
2023-10-23,5.0453,-0.005597
2023-10-24,5.0657,0.004043
2023-10-25,5.0718,0.001204
2023-10-26,5.0796,0.001538
2023-10-27,5.0992,0.003859
2023-10-30,5.1208,0.004236
2023-10-31,5.0978,-0.004491
2023-11-01,5.0975,-5.9e-05
2023-11-02,5.0772,-0.003982
2023-11-03,5.1033,0.005141
2023-11-06,5.1315,0.005526
2023-11-07,5.1322,0.000136
2023-11-08,5.1348,0.000507
2023-11-09,5.1321,-0.000526
2023-11-10,5.132,-1.9e-05
2023-11-13,5.1379,0.00115
2023-11-14,5.1549,0.003309
2023-11-15,5.1647,0.001901
2023-11-16,5.1445,-0.003911
2023-11-17,5.1689,0.004743
2023-11-20,5.1903,0.00414
2023-11-21,5.1708,-0.003757
2023-11-22,5.1512,-0.003791
2023-11-23,5.1704,0.003727
2023-11-24,5.1522,-0.00352
2023-11-27,5.1543,0.000408
2023-11-28,5.1631,0.001707
2023-11-29,5.1684,0.001027
2023-11-30,5.1671,-0.000252
2023-12-01,5.166,-0.000213
2023-12-04,5.1583,-0.001491
2023-12-05,5.134,-0.004711
2023-12-06,5.128,-0.001169
2023-12-07,5.1285,9.8e-05
2023-12-08,5.1235,-0.000975
2023-12-11,5.1384,0.002908
2023-12-12,5.1308,-0.001479
2023-12-13,5.1189,-0.002319
2023-12-14,5.1101,-0.001719
2023-12-15,5.0986,-0.00225
2023-12-18,5.0821,-0.003236
2023-12-19,5.085,0.000571
2023-12-20,5.069,-0.003147
2023-12-21,5.0725,0.00069
2023-12-22,5.0706,-0.000375
2023-12-25,5.0788,0.001617
2023-12-26,5.0613,-0.003446
2023-12-27,5.0673,0.001185
2023-12-28,5.0808,0.002664
2023-12-29,5.1036,0.004487
2023-12-31,5.1035,-2e-05
2024-01-02,5.0972,-0.001234
2024-01-03,5.0814,-0.0031
2024-01-04,5.0759,-0.001082
2024-01-05,5.0584,-0.003448
2024-01-08,5.027,-0.006207
2024-01-09,5.0313,0.000855
2024-01-10,5.0257,-0.001113
2024-01-11,5.0359,0.00203
2024-01-12,5.0347,-0.000238
2024-01-15,5.0309,-0.000755
2024-01-16,5.0326,0.000338
2024-01-17,5.0006,-0.006359
2024-01-18,5.0058,0.00104
2024-01-19,4.9924,-0.002677
2024-01-22,4.937,-0.011097
2024-01-23,4.9449,0.0016
2024-01-24,4.948,0.000627
2024-01-25,4.9659,0.003618
2024-01-26,4.9448,-0.004249
2024-01-29,4.9267,-0.00366
2024-01-30,4.8977,-0.005886
2024-01-31,4.8718,-0.005288
2024-02-01,4.8737,0.00039
2024-02-02,4.8497,-0.004924
2024-02-05,4.8202,-0.006083
2024-02-06,4.8765,0.01168
2024-02-07,4.9218,0.009289
2024-02-08,4.9524,0.006217
2024-02-19,4.942,-0.0021
2024-02-20,4.9403,-0.000344
2024-02-21,4.95,0.001963
2024-02-22,4.9503,6.1e-05
2024-02-23,4.9676,0.003495
2024-02-26,4.9734,0.001168
2024-02-27,4.9922,0.00378
2024-02-28,4.9462,-0.009214
2024-02-29,4.9783,0.00649
2024-03-01,4.9806,0.000462
2024-03-04,4.9801,-0.0001
2024-03-05,4.9588,-0.004277
2024-03-06,4.9584,-8.1e-05
2024-03-07,4.9367,-0.004376
2024-03-08,4.9512,0.002937
2024-03-11,4.98,0.005817
2024-03-12,4.9906,0.002129
2024-03-13,5.0025,0.002384
2024-03-14,4.994,-0.001699
2024-03-15,5.0103,0.003264
2024-03-18,5.0229,0.002515
2024-03-19,5.0026,-0.004041
2024-03-20,5.0016,-0.0002
2024-03-21,4.999,-0.00052
2024-03-22,4.9827,-0.003261
2024-03-25,4.9626,-0.004034
2024-03-26,4.9644,0.000363
2024-03-27,4.9412,-0.004673
2024-03-28,4.9647,0.004756
2024-03-29,4.9863,0.004351
2024-04-01,4.9979,0.002326
2024-04-02,4.9856,-0.002461
2024-04-03,4.9727,-0.002587
2024-04-08,4.9523,-0.004102
2024-04-09,4.9708,0.003736
2024-04-10,4.9504,-0.004104
2024-04-11,4.9445,-0.001192
2024-04-12,4.9301,-0.002912
2024-04-15,4.9305,8.1e-05
2024-04-16,4.8978,-0.006632
2024-04-17,4.9186,0.004247
2024-04-18,4.9265,0.001606
2024-04-19,4.9232,-0.00067
2024-04-22,4.932,0.001787
2024-04-23,4.9311,-0.000182
2024-04-24,4.9465,0.003123
2024-04-25,4.9539,0.001496
2024-04-26,4.9743,0.004118
2024-04-29,4.9953,0.004222
2024-04-30,4.988,-0.001461
2024-05-06,5.0143,0.005273
2024-05-07,5.0139,-8e-05
2024-05-08,4.9925,-0.004268
2024-05-09,5.0086,0.003225
2024-05-10,4.9972,-0.002276
2024-05-13,4.9945,-0.00054
2024-05-14,5.0059,0.002283
2024-05-15,5.0031,-0.000559
2024-05-16,4.9984,-0.000939
2024-05-17,5.0049,0.0013
2024-05-20,5.0055,0.00012
2024-05-21,4.9932,-0.002457
2024-05-22,4.9973,0.000821
2024-05-23,4.9855,-0.002361
2024-05-24,4.9712,-0.002868
2024-05-27,4.9783,0.001428
2024-05-28,4.9674,-0.00219
2024-05-29,4.969,0.000322
2024-05-30,4.9727,0.000745
2024-05-31,4.9836,0.002192
2024-06-03,4.9831,-0.0001
2024-06-04,4.9883,0.001044
2024-06-05,4.9755,-0.002566
2024-06-06,4.955,-0.00412
2024-06-07,4.9525,-0.000505
2024-06-11,4.9632,0.002161
2024-06-12,4.9574,-0.001169
2024-06-13,4.9545,-0.000585
2024-06-14,4.938,-0.00333
2024-06-17,4.9351,-0.000587
2024-06-18,4.9405,0.001094
2024-06-19,4.9176,-0.004635
2024-06-20,4.8974,-0.004108
2024-06-21,4.8956,-0.000368
2024-06-24,4.8559,-0.008109
2024-06-25,4.8532,-0.000556
2024-06-26,4.8635,0.002122
2024-06-27,4.8355,-0.005757
2024-06-28,4.8302,-0.001096
2024-06-30,4.8301,-2.1e-05
2024-07-01,4.8376,0.001553
2024-07-02,4.8314,-0.001282
2024-07-03,4.8192,-0.002525
2024-07-04,4.8095,-0.002013
2024-07-05,4.8141,0.000956
2024-07-08,4.7905,-0.004902
2024-07-09,4.8033,0.002672
2024-07-10,4.8006,-0.000562
2024-07-11,4.8199,0.00402
2024-07-12,4.8086,-0.002344
2024-07-15,4.8027,-0.001227
2024-07-16,4.8041,0.000292
2024-07-17,4.8025,-0.000333
2024-07-18,4.8098,0.00152
2024-07-19,4.804,-0.001206
2024-07-22,4.8032,-0.000167
2024-07-23,4.7779,-0.005267
2024-07-24,4.761,-0.003537
2024-07-25,4.7589,-0.000441
2024-07-26,4.7729,0.002942
2024-07-29,4.7555,-0.003646
2024-07-30,4.7588,0.000694
2024-07-31,4.7957,0.007754
2024-08-01,4.7857,-0.002085
2024-08-02,4.7701,-0.00326
2024-08-05,4.7582,-0.002495
2024-08-06,4.7744,0.003405
2024-08-07,4.7687,-0.001194
2024-08-08,4.7644,-0.000902
2024-08-09,4.755,-0.001973
2024-08-12,4.7513,-0.000778
2024-08-13,4.7449,-0.001347
2024-08-14,4.7271,-0.003751
2024-08-15,4.7372,0.002137
2024-08-16,4.7298,-0.001562
2024-08-19,4.7266,-0.000677
2024-08-20,4.7152,-0.002412
2024-08-21,4.7121,-0.000657
2024-08-22,4.7004,-0.002483
2024-08-23,4.6975,-0.000617
2024-08-26,4.6962,-0.000277
2024-08-27,4.6895,-0.001427
2024-08-28,4.6909,0.000299
2024-08-29,4.7107,0.004221
2024-08-30,4.736,0.005371
2024-09-02,4.7049,-0.006567
2024-09-03,4.7215,0.003528
2024-09-04,4.7349,0.002838
2024-09-05,4.7571,0.004689
2024-09-06,4.7491,-0.001682
2024-09-09,4.7508,0.000358
2024-09-10,4.7416,-0.001937
2024-09-11,4.7404,-0.000253
2024-09-12,4.724,-0.00346
2024-09-13,4.7092,-0.003133
2024-09-18,4.7142,0.001062
2024-09-19,4.7295,0.003246
2024-09-20,4.7225,-0.00148
2024-09-23,4.7161,-0.001355
2024-09-24,4.7538,0.007994
2024-09-25,4.7559,0.000442
2024-09-26,4.7964,0.008516
2024-09-27,4.8534,0.011884
2024-09-30,4.9516,0.020233
2024-10-08,5.0343,0.016702
2024-10-09,4.9438,-0.017977
2024-10-10,4.9323,-0.002326
2024-10-11,4.8934,-0.007887
2024-10-14,4.9035,0.002064
2024-10-15,4.8759,-0.005629
2024-10-16,4.8699,-0.001231
2024-10-17,4.8679,-0.000411
2024-10-18,4.9213,0.01097
2024-10-21,4.9246,0.000671
2024-10-22,4.9383,0.002782
2024-10-23,4.9338,-0.000911
2024-10-24,4.9295,-0.000872
2024-10-25,4.9448,0.003104
2024-10-28,4.9473,0.000506
2024-10-29,4.9297,-0.003557
2024-10-30,4.9199,-0.001988
2024-10-31,4.92,2e-05
2024-11-01,4.9049,-0.003069
2024-11-04,4.9343,0.005994
2024-11-05,4.9511,0.003405
2024-11-06,4.9744,0.004706
2024-11-07,4.979,0.000925
2024-11-08,4.9781,-0.000181
2024-11-11,5.025,0.009421
2024-11-12,5.0152,-0.00195
2024-11-13,5.0094,-0.001156
2024-11-14,4.9905,-0.003773
2024-11-15,4.9636,-0.00539
2024-11-18,4.9453,-0.003687
2024-11-19,4.9824,0.007502
2024-11-20,4.9924,0.002007
2024-11-21,4.996,0.000721
2024-11-22,4.9616,-0.006886
2024-11-25,4.9598,-0.000363
2024-11-26,4.9316,-0.005686
2024-11-27,4.9521,0.004157
2024-11-28,4.9478,-0.000868
2024-11-29,4.9802,0.006548
2024-12-02,5.0005,0.004076
2024-12-03,4.9937,-0.00136
2024-12-04,4.9919,-0.00036
2024-12-05,4.9983,0.001282
2024-12-06,4.9981,-4e-05
2024-12-09,5.0051,0.001401
2024-12-10,5.0274,0.004455
2024-12-11,5.0304,0.000597
2024-12-12,5.0331,0.000537
2024-12-13,5.0116,-0.004272
2024-12-16,4.9918,-0.003951
2024-12-17,4.9821,-0.001943
2024-12-18,4.9845,0.000482
2024-12-19,4.9778,-0.001344
2024-12-20,4.9969,0.003837
2024-12-23,4.9661,-0.006164
2024-12-24,4.9818,0.003161
2024-12-25,4.9737,-0.001626
2024-12-26,4.9951,0.004303
2024-12-27,4.9947,-8e-05
2024-12-30,4.9895,-0.001041
2024-12-31,4.9703,-0.003848
2025-01-02,4.948,-0.004487
2025-01-03,4.9221,-0.005234
2025-01-06,4.9277,0.001138
2025-01-07,4.9521,0.004952
2025-01-08,4.9608,0.001757
2025-01-09,4.9772,0.003306
2025-01-10,4.9811,0.000784
2025-01-13,4.9711,-0.002008
2025-01-14,5.0222,0.010279
2025-01-15,5.0249,0.000538
2025-01-16,5.0206,-0.000856
2025-01-17,5.0295,0.001773
2025-01-20,5.0444,0.002963
2025-01-21,5.0462,0.000357
2025-01-22,5.0489,0.000535
2025-01-23,5.0379,-0.002179
2025-01-24,5.0619,0.004764
2025-01-27,5.0402,-0.004287
2025-02-05,5.037,-0.000635
2025-02-06,5.0837,0.009271
2025-02-07,5.1108,0.005331
2025-02-10,5.1009,-0.001937
2025-02-11,5.0989,-0.000392
2025-02-12,5.1099,0.002157
2025-02-13,5.0947,-0.002975
2025-02-14,5.1108,0.00316
2025-02-17,5.1251,0.002798
2025-02-18,5.1078,-0.003376
2025-02-19,5.1385,0.00601
2025-02-20,5.1624,0.004651
2025-02-21,5.1966,0.006625
2025-02-24,5.1705,-0.005023
2025-02-25,5.1706,1.9e-05
2025-02-26,5.1714,0.000155
2025-02-27,5.1451,-0.005086
2025-02-28,5.0978,-0.009193
2025-03-03,5.0949,-0.000569
2025-03-04,5.106,0.002179
2025-03-05,5.1178,0.002311
2025-03-06,5.1293,0.002247
2025-03-07,5.126,-0.000643
2025-03-10,5.1195,-0.001268
2025-03-11,5.0933,-0.005118
2025-03-12,5.1044,0.002179
2025-03-13,5.0849,-0.00382
2025-03-14,5.1086,0.004661
2025-03-17,5.0991,-0.00186
2025-03-18,5.101,0.000373
2025-03-19,5.0945,-0.001274
2025-03-20,5.0863,-0.00161
2025-03-21,5.0581,-0.005544
2025-03-24,5.059,0.000178
2025-03-25,5.0479,-0.002194
2025-03-26,5.0519,0.000792
2025-03-27,5.0621,0.002019
2025-03-28,5.0508,-0.002232
2025-03-31,5.0414,-0.001861
2025-04-01,5.0395,-0.000377
2025-04-02,5.0495,0.001984
2025-04-03,5.0214,-0.005565
2025-04-07,4.9017,-0.023838
2025-04-08,4.8756,-0.005325
2025-04-09,4.8816,0.001231
2025-04-10,4.9166,0.00717
2025-04-11,4.9475,0.006285
2025-04-14,4.9498,0.000465
2025-04-15,4.9445,-0.001071
2025-04-16,4.9186,-0.005238
2025-04-17,4.9107,-0.001606
2025-04-18,4.9116,0.000183
2025-04-21,4.9455,0.006902
2025-04-22,4.9349,-0.002143
2025-04-23,4.972,0.007518
2025-04-24,4.9572,-0.002977
2025-04-25,4.9673,0.002037
2025-04-28,4.9586,-0.001751
2025-04-29,4.9462,-0.002501
2025-04-30,4.9692,0.00465
2025-05-06,4.9931,0.00481
2025-05-07,4.9842,-0.001782
2025-05-08,5.0019,0.003551
2025-05-09,4.9874,-0.002899
2025-05-12,5.0185,0.006236
2025-05-13,5.0175,-0.000199
2025-05-14,5.0123,-0.001036
2025-05-15,4.9862,-0.005207
2025-05-16,4.995,0.001765
2025-05-19,4.9918,-0.000641
2025-05-20,4.9973,0.001102
2025-05-21,5.0045,0.001441
2025-05-22,4.9901,-0.002877
2025-05-23,4.9895,-0.00012
2025-05-26,4.9786,-0.002185
2025-05-27,4.9557,-0.0046
2025-05-28,4.9558,2e-05
2025-05-29,4.9721,0.003289
2025-05-30,4.9648,-0.001468
2025-06-03,4.9639,-0.000181
2025-06-04,4.9724,0.001712
2025-06-05,4.9931,0.004163
2025-06-06,4.9737,-0.003885
2025-06-09,4.972,-0.000342
2025-06-10,4.9617,-0.002072
2025-06-11,4.9792,0.003527
2025-06-12,4.9819,0.000542
2025-06-13,4.9642,-0.003553
2025-06-16,4.971,0.00137
2025-06-17,4.9664,-0.000925
2025-06-18,4.9779,0.002316
2025-06-19,4.9782,6e-05
2025-06-20,4.9689,-0.001868
2025-06-23,4.9694,0.000101
2025-06-24,5.0075,0.007667
2025-06-25,5.022,0.002896
2025-06-26,5.0077,-0.002847
2025-06-27,5.0071,-0.00012
2025-06-30,5.0081,0.0002
2025-07-01,5.0139,0.001158
2025-07-02,4.9954,-0.00369
2025-07-03,5.0229,0.005505
2025-07-04,5.0209,-0.000398
2025-07-07,5.0018,-0.003804
2025-07-08,5.0156,0.002759
2025-07-09,5.0169,0.000259
2025-07-10,5.0162,-0.00014
2025-07-11,5.0171,0.000179
2025-07-14,5.0263,0.001834
2025-07-15,5.0389,0.002507
2025-07-16,5.0492,0.002044
2025-07-17,5.066,0.003327
2025-07-18,5.0611,-0.000967
2025-07-21,5.0654,0.00085
2025-07-22,5.0628,-0.000513
2025-07-23,5.062,-0.000158
2025-07-24,5.0677,0.001126
2025-07-25,5.0671,-0.000118
2025-07-28,5.0664,-0.000138
2025-07-29,5.0675,0.000217
2025-07-30,5.054,-0.002664
2025-07-31,5.0441,-0.001959
2025-08-01,5.0445,7.9e-05
2025-08-04,5.0678,0.004619
2025-08-05,5.0951,0.005387
2025-08-06,5.1143,0.003768
2025-08-07,5.1064,-0.001545
2025-08-08,5.1055,-0.000176
2025-08-11,5.1361,0.005994
2025-08-12,5.1433,0.001402
2025-08-13,5.1717,0.005522
2025-08-14,5.1648,-0.001334
2025-08-15,5.1802,0.002982
2025-08-18,5.1996,0.003745
2025-08-19,5.1987,-0.000173
2025-08-20,5.2335,0.006694
2025-08-21,5.2199,-0.002599
2025-08-22,5.2342,0.00274
2025-08-25,5.2431,0.0017
2025-08-26,5.2554,0.002346
2025-08-27,5.2246,-0.005861
2025-08-28,5.2489,0.004651
2025-08-29,5.2788,0.005696
2025-09-01,5.2925,0.002595
2025-09-02,5.2777,-0.002796
2025-09-03,5.2749,-0.000531
2025-09-04,5.2516,-0.004417
2025-09-05,5.3167,0.012396
2025-09-08,5.3808,0.012056
2025-09-09,5.3622,-0.003457
2025-09-10,5.3456,-0.003096
2025-09-11,5.4034,0.010813
2025-09-12,5.3957,-0.001425
2025-09-15,5.4196,0.004429
2025-09-16,5.4661,0.00858
2025-09-17,5.5307,0.011818
2025-09-18,5.5322,0.000271
2025-09-19,5.4893,-0.007755
2025-09-22,5.5266,0.006795
2025-09-23,5.5381,0.002081
2025-09-24,5.5749,0.006645
2025-09-25,5.5668,-0.001453
2025-09-26,5.5092,-0.010347
2025-09-29,5.5467,0.006807
2025-09-30,5.5542,0.001352
2025-10-09,5.557,0.000504
2025-10-10,5.4971,-0.010779
2025-10-13,5.4626,-0.006276
2025-10-14,5.4135,-0.008988
2025-10-15,5.4594,0.008479
2025-10-16,5.4404,-0.00348
2025-10-17,5.3897,-0.009319
2025-10-20,5.4314,0.007737
2025-10-21,5.4689,0.006904
2025-10-22,5.4476,-0.003895
2025-10-23,5.4409,-0.00123
2025-10-24,5.5066,0.012075
2025-10-27,5.5076,0.000182
2025-10-28,5.51,0.000436
2025-10-29,5.5311,0.003829
2025-10-30,5.5157,-0.002784
2025-10-31,5.4958,-0.003608
2025-11-03,5.4825,-0.00242
2025-11-04,5.4337,-0.008901
2025-11-05,5.4487,0.002761
2025-11-06,5.5005,0.009507
2025-11-07,5.4803,-0.003672
2025-11-10,5.4397,-0.007408
2025-11-11,5.4278,-0.002188
2025-11-12,5.4134,-0.002653
2025-11-13,5.4209,0.001385
2025-11-14,5.402,-0.003487
2025-11-17,5.3812,-0.00385
2025-11-18,5.3597,-0.003995
2025-11-19,5.3514,-0.001549
2025-11-20,5.3236,-0.005195
2025-11-21,5.3009,-0.004264
2025-11-24,5.3338,0.006206
2025-11-25,5.3559,0.004143
2025-11-26,5.373,0.003193
2025-11-27,5.3741,0.000205
2025-11-28,5.3954,0.003963
2025-12-01,5.4197,0.004504
2025-12-02,5.4071,-0.002325
2025-12-03,5.4106,0.000647
2025-12-04,5.4217,0.002052
2025-12-05,5.4288,0.00131
2025-12-08,5.4258,-0.000553
2025-12-09,5.4213,-0.000829
2025-12-10,5.4335,0.00225
2025-12-11,5.4132,-0.003736
2025-12-12,5.4177,0.000831
2025-12-15,5.3899,-0.005131
2025-12-16,5.3844,-0.00102
2025-12-17,5.413,0.005312
2025-12-18,5.3892,-0.004397
2025-12-19,5.4102,0.003897
2025-12-22,5.4184,0.001516
2025-12-23,5.4163,-0.000388
2025-12-24,5.4378,0.003969
2025-12-25,5.4464,0.001582
2025-12-26,5.429,-0.003195
2025-12-29,5.4344,0.000995
2025-12-30,5.4741,0.007305
2025-12-31,5.4733,-0.000146
2026-01-05,5.5123,0.007126
2026-01-06,5.5236,0.00205
2026-01-07,5.5286,0.000905
2026-01-08,5.543,0.002605
2026-01-09,5.5949,0.009363
2026-01-12,5.618,0.004129
2026-01-13,5.5788,-0.006978
2026-01-14,5.5979,0.003424
2026-01-15,5.5983,7.1e-05
2026-01-16,5.6598,0.010985
2026-01-19,5.6831,0.004117
2026-01-20,5.6656,-0.003079
2026-01-21,5.6747,0.001606
2026-01-22,5.6655,-0.001621
2026-01-23,5.6885,0.00406
2026-01-26,5.6305,-0.010196
2026-01-27,5.6548,0.004316
2026-01-28,5.6389,-0.002812
2026-01-29,5.5755,-0.011243
2026-01-30,5.5779,0.00043
2026-02-02,5.5364,-0.00744
2026-02-03,5.5836,0.008525
2026-02-04,5.5733,-0.001845
2026-02-05,5.5658,-0.001346
2026-02-06,5.5683,0.000449
2026-02-09,5.5836,0.002748
2026-02-10,5.594,0.001863
2026-02-11,5.5802,-0.002467
2026-02-12,5.5816,0.000251
2026-02-13,5.5699,-0.002096
2026-02-24,5.5519,-0.003232
2026-02-25,5.5728,0.003764
2026-02-26,5.5761,0.000592
2026-02-27,5.5771,0.000179
2026-03-02,5.5377,-0.007065
2026-03-03,5.4705,-0.012135
2026-03-04,5.4447,-0.004716
2026-03-05,5.4738,0.005345
2026-03-06,5.4941,0.003709
2026-03-09,5.4604,-0.006134
2026-03-10,5.5054,0.008241
2026-03-11,5.4986,-0.001235
2026-03-12,5.4901,-0.001546
2026-03-13,5.47,-0.003661
2026-03-16,5.4611,-0.001627
2026-03-17,5.4266,-0.006317
2026-03-18,5.449,0.004128
2026-03-19,5.4029,-0.00846
2026-03-20,5.3883,-0.002702
2026-03-23,5.3336,-0.010152
2026-03-24,5.3552,0.00405
2026-03-25,5.4122,0.010644
2026-03-26,5.3836,-0.005284
2026-03-27,5.403,0.003604
2026-03-30,5.4002,-0.000518
2026-03-31,5.3815,-0.003463
2026-04-01,5.4128,0.005816
2026-04-02,5.3759,-0.006817
2026-04-03,5.3621,-0.002567
2026-04-07,5.3629,0.000149
2026-04-08,5.4341,0.013276
2026-04-09,5.451,0.00311
2026-04-10,5.4952,0.008109
2026-04-13,5.483,-0.00222
2026-04-14,5.4855,0.000456
2026-04-15,5.488,0.000456
2026-04-16,5.5168,0.005248
2026-04-17,5.5154,-0.000254
2026-04-20,5.5085,-0.001251
2026-04-21,5.5152,0.001216
2026-04-22,5.5156,7.3e-05
2026-04-23,5.4931,-0.004079
2026-04-24,5.5018,0.001584
2026-04-27,5.5143,0.002272
2026-04-28,5.4924,-0.003971
2026-04-29,5.5349,0.007738
2026-04-30,5.563,0.005077
2026-05-06,5.6049,0.007532
2026-05-07,5.617,0.002159
2026-05-08,5.6005,-0.002938
2026-05-11,5.6269,0.004714
2026-05-12,5.6156,-0.002008
2026-05-13,5.6328,0.003063
2026-05-14,5.5973,-0.006302
2026-05-15,5.6213,0.004288
2026-05-18,5.652,0.005461
2026-05-19,5.7077,0.009855
2026-05-20,5.7546,0.008217
2026-05-21,5.7277,-0.004675
2026-05-22,5.7512,0.004103
2026-05-25,5.7547,0.000609
2026-05-26,5.731,-0.004118
2026-05-27,5.7306,-7e-05
2026-05-28,5.7141,-0.002879
2026-05-29,5.6297,-0.01477
2026-06-01,5.6029,-0.00476
2026-06-02,5.6101,0.001285
2026-06-03,5.5962,-0.002478
2026-06-04,5.5992,0.000536
2026-06-05,5.5631,-0.006447
2026-06-08,5.5061,-0.010246
2026-06-09,5.5379,0.005775
2026-06-10,5.4923,-0.008234
2026-06-11,5.4921,-3.6e-05
2026-06-12,5.475,-0.003114
2026-06-15,5.5357,0.011087
2026-06-16,5.5641,0.00513
2026-06-17,5.5795,0.002768
2026-06-18,5.5971,0.003154
2026-06-22,5.6156,0.003305
2026-06-23,5.5746,-0.007301
2026-06-24,5.5719,-0.000484
2026-06-25,5.5436,-0.005079
2026-06-26,5.5039,-0.007161
2026-06-29,5.5436,0.007213
2026-06-30,5.6088,0.011761
2026-07-01,5.612,0.000571
2026-07-02,5.5661,-0.008179
2026-07-03,5.6209,0.009845
2026-07-06,5.583,-0.006743
2026-07-07,5.5443,-0.006932
2026-07-08,5.4472,-0.017513
2026-07-09,5.4576,0.001909
2026-07-10,5.4353,-0.004086
2026-07-13,5.3521,-0.015307
2026-07-14,5.3693,0.003214
2026-07-15,5.362,-0.00136
2026-07-16,5.3142,-0.008915
2026-07-17,5.227,-0.016409
2026-07-20,5.1733,-0.010274
2026-07-21,5.2328,0.011501
2026-07-22,5.211,-0.004166
2026-07-23,5.2267,0.003013
2026-07-24,5.1938,-0.006295
2026-07-27,5.2299,0.006951
2026-07-28,5.1862,-0.008356
2026-07-29,5.161,-0.004859
2026-07-30,5.103,-0.011238
2026-07-31,5.1447,0.008172
2026-08-03,5.1642,0.00379
2026-08-04,5.1843,0.003892
2026-08-05,5.2119,0.005324
2026-08-06,5.2118,-1.9e-05
2026-08-07,5.2259,0.002705
2026-08-10,5.2093,-0.003176
2026-08-11,5.2483,0.007487
2026-08-12,5.2602,0.002267
2026-08-13,5.2767,0.003137
2026-08-14,5.2717,-0.000948
2026-08-17,5.2958,0.004572
2026-08-18,5.3031,0.001378
2026-08-19,5.1923,-0.020893
2026-08-20,5.1962,0.000751
2026-08-21,5.215,0.003618
2026-08-24,5.196,-0.003643
2026-08-25,5.1989,0.000558
2026-08-26,5.2032,0.000827
2026-08-27,5.2425,0.007553
2026-08-28,5.236,-0.00124
2026-08-31,5.2498,0.002636
2026-09-01,5.2295,-0.003867
2026-09-02,5.2238,-0.00109
2026-09-03,5.2587,0.006681
2026-09-04,5.2124,-0.008804
2026-09-07,5.2671,0.010494
2026-09-08,5.243,-0.004576
2026-09-09,5.2352,-0.001488
2026-09-10,5.2109,-0.004642
2026-09-11,5.1849,-0.00499
2026-09-14,5.2094,0.004725
2026-09-15,5.1843,-0.004818
2026-09-16,5.2008,0.003183
2026-09-17,5.2312,0.005845
2026-09-18,5.2504,0.00367
2026-09-21,5.2785,0.005352
2026-09-22,5.2625,-0.003031
2026-09-23,5.2706,0.001539
2026-09-24,5.2551,-0.002941
2026-09-28,5.227,-0.005347
2026-09-29,5.2197,-0.001397
2026-09-30,5.2335,0.002644
