净值日期,累计净值,daily_return
2007-05-18,1.0,
2007-05-25,1.005,0.005
2007-06-01,0.995,-0.00995
2007-06-08,1.02,0.025126
2007-06-15,1.074,0.052941
2007-06-22,1.056,-0.01676
2007-06-29,1.021,-0.033144
2007-07-06,1.008,-0.012733
2007-07-13,1.03,0.021825
2007-07-20,1.074,0.042718
2007-07-27,1.123,0.045624
2007-08-03,1.186,0.0561
2007-08-10,1.189,0.00253
2007-08-13,1.184,-0.004205
2007-08-14,1.205,0.017736
2007-08-15,1.203,-0.00166
2007-08-16,1.188,-0.012469
2007-08-17,1.169,-0.015993
2007-08-20,1.215,0.03935
2007-08-21,1.227,0.009877
2007-08-22,1.241,0.01141
2007-08-23,1.26,0.01531
2007-08-24,1.274,0.011111
2007-08-27,1.268,-0.00471
2007-08-28,1.27,0.001577
2007-08-29,1.261,-0.007087
2007-08-30,1.28,0.015067
2007-08-31,1.29,0.007812
2007-09-03,1.314,0.018605
2007-09-04,1.297,-0.012938
2007-09-05,1.296,-0.000771
2007-09-06,1.304,0.006173
2007-09-07,1.281,-0.017638
2007-09-10,1.296,0.01171
2007-09-11,1.247,-0.037809
2007-09-12,1.255,0.006415
2007-09-13,1.279,0.019124
2007-09-14,1.292,0.010164
2007-09-17,1.316,0.018576
2007-09-18,1.31,-0.004559
2007-09-19,1.302,-0.006107
2007-09-20,1.318,0.012289
2007-09-21,1.319,0.000759
2007-09-24,1.327,0.006065
2007-09-25,1.318,-0.006782
2007-09-26,1.3,-0.013657
2007-09-27,1.32,0.015385
2007-09-28,1.352,0.024242
2007-09-30,1.352,0.0
2007-10-08,1.366,0.010355
2007-10-09,1.372,0.004392
2007-10-10,1.37,-0.001458
2007-10-11,1.386,0.011679
2007-10-12,1.369,-0.012266
2007-10-15,1.372,0.002191
2007-10-16,1.392,0.014577
2007-10-17,1.379,-0.009339
2007-10-18,1.345,-0.024656
2007-10-19,1.347,0.001487
2007-10-22,1.332,-0.011136
2007-10-23,1.34,0.006006
2007-10-24,1.347,0.005224
2007-10-25,1.308,-0.028953
2007-10-26,1.317,0.006881
2007-10-29,1.333,0.012149
2007-10-30,1.344,0.008252
2007-10-31,1.369,0.018601
2007-11-01,1.357,-0.008766
2007-11-02,1.338,-0.014001
2007-11-05,1.325,-0.009716
2007-11-06,1.318,-0.005283
2007-11-07,1.318,0.0
2007-11-08,1.278,-0.030349
2007-11-09,1.264,-0.010955
2007-11-12,1.254,-0.007911
2007-11-13,1.245,-0.007177
2007-11-14,1.276,0.0249
2007-11-15,1.27,-0.004702
2007-11-16,1.258,-0.009449
2007-11-19,1.258,0.0
2007-11-20,1.269,0.008744
2007-11-21,1.256,-0.010244
2007-11-22,1.223,-0.026274
2007-11-23,1.234,0.008994
2007-11-26,1.227,-0.005673
2007-11-27,1.212,-0.012225
2007-11-28,1.199,-0.010726
2007-11-29,1.227,0.023353
2007-11-30,1.213,-0.01141
2007-12-03,1.225,0.009893
2007-12-04,1.232,0.005714
2007-12-05,1.252,0.016234
2007-12-06,1.255,0.002396
2007-12-07,1.266,0.008765
2007-12-10,1.286,0.015798
2007-12-11,1.287,0.000778
2007-12-12,1.281,-0.004662
2007-12-13,1.249,-0.02498
2007-12-14,1.277,0.022418
2007-12-17,1.26,-0.013312
2007-12-18,1.263,0.002381
2007-12-19,1.284,0.016627
2007-12-20,1.299,0.011682
2007-12-21,1.31,0.008468
2007-12-24,1.328,0.01374
2007-12-25,1.326,-0.001506
2007-12-26,1.344,0.013575
2007-12-27,1.362,0.013393
2007-12-28,1.357,-0.003671
2007-12-29,1.357,0.0
2007-12-31,1.357,0.0
2008-01-02,1.377,0.014738
2008-01-03,1.383,0.004357
2008-01-04,1.386,0.002169
2008-01-07,1.398,0.008658
2008-01-08,1.386,-0.008584
2008-01-09,1.399,0.00938
2008-01-10,1.406,0.005004
2008-01-11,1.406,0.0
2008-01-14,1.422,0.01138
2008-01-15,1.414,-0.005626
2008-01-16,1.395,-0.013437
2008-01-17,1.379,-0.01147
2008-01-18,1.392,0.009427
2008-01-21,1.343,-0.035201
2008-01-22,1.268,-0.055845
2008-01-23,1.323,0.043375
2008-01-24,1.338,0.011338
2008-01-25,1.344,0.004484
2008-01-28,1.271,-0.054315
2008-01-29,1.283,0.009441
2008-01-30,1.269,-0.010912
2008-01-31,1.243,-0.020489
2008-02-01,1.221,-0.017699
2008-02-04,1.298,0.063063
2008-02-05,1.293,-0.003852
2008-02-13,1.273,-0.015468
2008-02-14,1.288,0.011783
2008-02-15,1.275,-0.010093
2008-02-18,1.303,0.021961
2008-02-19,1.324,0.016117
2008-02-20,1.301,-0.017372
2008-02-21,1.3,-0.000769
2008-02-22,1.264,-0.027692
2008-02-25,1.234,-0.023734
2008-02-26,1.221,-0.010535
2008-02-27,1.253,0.026208
2008-02-28,1.25,-0.002394
2008-02-29,1.263,0.0104
2008-03-03,1.297,0.02692
2008-03-04,1.276,-0.016191
2008-03-05,1.273,-0.002351
2008-03-06,1.28,0.005499
2008-03-07,1.266,-0.010938
2008-03-10,1.225,-0.032385
2008-03-11,1.226,0.000816
2008-03-12,1.195,-0.025285
2008-03-13,1.164,-0.025941
2008-03-14,1.153,-0.00945
2008-03-17,1.1,-0.045967
2008-03-18,1.048,-0.047273
2008-03-19,1.08,0.030534
2008-03-20,1.107,0.025
2008-03-21,1.113,0.00542
2008-03-24,1.076,-0.033243
2008-03-25,1.082,0.005576
2008-03-26,1.079,-0.002773
2008-03-27,1.042,-0.034291
2008-03-28,1.074,0.03071
2008-03-31,1.047,-0.02514
2008-04-01,0.994,-0.050621
2008-04-02,0.976,-0.018109
2008-04-03,0.995,0.019467
2008-04-07,1.043,0.048241
2008-04-08,1.055,0.011505
2008-04-09,1.009,-0.043602
2008-04-10,1.026,0.016848
2008-04-11,1.032,0.005848
2008-04-14,0.98,-0.050388
2008-04-15,0.994,0.014286
2008-04-16,0.975,-0.019115
2008-04-17,0.953,-0.022564
2008-04-18,0.93,-0.024134
2008-04-21,0.927,-0.003226
2008-04-22,0.932,0.005394
2008-04-23,0.969,0.0397
2008-04-24,1.041,0.074303
2008-04-25,1.049,0.007685
2008-04-28,1.035,-0.013346
2008-04-29,1.047,0.011594
2008-04-30,1.092,0.04298
2008-05-05,1.119,0.024725
2008-05-06,1.113,-0.005362
2008-05-07,1.074,-0.03504
2008-05-08,1.105,0.028864
2008-05-09,1.099,-0.00543
2008-05-12,1.115,0.014559
2008-05-13,1.103,-0.010762
2008-05-14,1.126,0.020852
2008-05-15,1.116,-0.008881
2008-05-16,1.115,-0.000896
2008-05-19,1.11,-0.004484
2008-05-20,1.068,-0.037838
2008-05-21,1.08,0.011236
2008-05-22,1.064,-0.014815
2008-05-23,1.057,-0.006579
2008-05-26,1.023,-0.032167
2008-05-27,1.028,0.004888
2008-05-28,1.049,0.020428
2008-05-29,1.026,-0.021926
2008-05-30,1.033,0.006823
2008-06-02,1.037,0.003872
2008-06-03,1.034,-0.002893
2008-06-04,1.011,-0.022244
2008-06-05,1.006,-0.004946
2008-06-06,1.003,-0.002982
2008-06-10,0.939,-0.063809
2008-06-11,0.928,-0.011715
2008-06-12,0.911,-0.018319
2008-06-13,0.885,-0.02854
2008-06-16,0.876,-0.010169
2008-06-17,0.851,-0.028539
2008-06-18,0.882,0.036428
2008-06-19,0.83,-0.058957
2008-06-20,0.85,0.024096
2008-06-23,0.839,-0.012941
2008-06-24,0.858,0.022646
2008-06-25,0.888,0.034965
2008-06-26,0.892,0.004505
2008-06-27,0.85,-0.047085
2008-06-30,0.846,-0.004706
2008-07-01,0.829,-0.020095
2008-07-02,0.833,0.004825
2008-07-03,0.858,0.030012
2008-07-04,0.857,-0.001166
2008-07-07,0.891,0.039673
2008-07-08,0.895,0.004489
2008-07-09,0.918,0.025698
2008-07-10,0.908,-0.010893
2008-07-11,0.903,-0.005507
2008-07-14,0.912,0.009967
2008-07-15,0.888,-0.026316
2008-07-16,0.857,-0.03491
2008-07-17,0.852,-0.005834
2008-07-18,0.874,0.025822
2008-07-21,0.901,0.030892
2008-07-22,0.902,0.00111
2008-07-23,0.895,-0.007761
2008-07-24,0.919,0.026816
2008-07-25,0.912,-0.007617
2008-07-28,0.915,0.003289
2008-07-29,0.895,-0.021858
2008-07-30,0.89,-0.005587
2008-07-31,0.873,-0.019101
2008-08-01,0.884,0.0126
2008-08-04,0.865,-0.021493
2008-08-05,0.847,-0.020809
2008-08-06,0.848,0.001181
2008-08-07,0.849,0.001179
2008-08-08,0.816,-0.038869
2008-08-11,0.782,-0.041667
2008-08-12,0.781,-0.001279
2008-08-13,0.785,0.005122
2008-08-14,0.784,-0.001274
2008-08-15,0.783,-0.001276
2008-08-18,0.745,-0.048531
2008-08-19,0.751,0.008054
2008-08-20,0.798,0.062583
2008-08-21,0.779,-0.02381
2008-08-22,0.767,-0.015404
2008-08-25,0.765,-0.002608
2008-08-26,0.746,-0.024837
2008-08-27,0.741,-0.006702
2008-08-28,0.74,-0.00135
2008-08-29,0.755,0.02027
2008-09-01,0.737,-0.023841
2008-09-02,0.732,-0.006784
2008-09-03,0.72,-0.016393
2008-09-04,0.723,0.004167
2008-09-05,0.705,-0.024896
2008-09-08,0.685,-0.028369
2008-09-09,0.687,0.00292
2008-09-10,0.688,0.001456
2008-09-11,0.674,-0.020349
2008-09-12,0.676,0.002967
2008-09-16,0.642,-0.050296
2008-09-17,0.631,-0.017134
2008-09-18,0.621,-0.015848
2008-09-19,0.669,0.077295
2008-09-22,0.695,0.038864
2008-09-23,0.666,-0.041727
2008-09-24,0.672,0.009009
2008-09-25,0.69,0.026786
2008-09-26,0.696,0.008696
2008-09-30,0.696,0.0
2008-10-06,0.67,-0.037356
2008-10-07,0.666,-0.00597
2008-10-08,0.647,-0.028529
2008-10-09,0.641,-0.009274
2008-10-10,0.614,-0.042122
2008-10-13,0.629,0.02443
2008-10-14,0.617,-0.019078
2008-10-15,0.612,-0.008104
2008-10-16,0.586,-0.042484
2008-10-17,0.59,0.006826
2008-10-20,0.604,0.023729
2008-10-21,0.601,-0.004967
2008-10-22,0.589,-0.019967
2008-10-23,0.593,0.006791
2008-10-24,0.581,-0.020236
2008-10-27,0.549,-0.055077
2008-10-28,0.563,0.025501
2008-10-29,0.551,-0.021314
2008-10-30,0.559,0.014519
2008-10-31,0.552,-0.012522
2008-11-03,0.545,-0.012681
2008-11-04,0.538,-0.012844
2008-11-05,0.553,0.027881
2008-11-06,0.543,-0.018083
2008-11-07,0.551,0.014733
2008-11-10,0.584,0.059891
2008-11-11,0.579,-0.008562
2008-11-12,0.587,0.013817
2008-11-13,0.609,0.037479
2008-11-14,0.628,0.031199
2008-11-17,0.644,0.025478
2008-11-18,0.605,-0.060559
2008-11-19,0.637,0.052893
2008-11-20,0.634,-0.00471
2008-11-21,0.629,-0.007886
2008-11-24,0.609,-0.031797
2008-11-25,0.608,-0.001642
2008-11-26,0.609,0.001645
2008-11-27,0.614,0.00821
2008-11-28,0.605,-0.014658
2008-12-01,0.62,0.024793
2008-12-02,0.627,0.01129
2008-12-03,0.65,0.036683
2008-12-04,0.658,0.012308
2008-12-05,0.666,0.012158
2008-12-08,0.691,0.037538
2008-12-09,0.676,-0.021708
2008-12-10,0.696,0.029586
2008-12-11,0.682,-0.020115
2008-12-12,0.656,-0.038123
2008-12-15,0.665,0.01372
2008-12-16,0.672,0.010526
2008-12-17,0.677,0.00744
2008-12-18,0.69,0.019202
2008-12-19,0.694,0.005797
2008-12-22,0.694,0.0
2008-12-23,0.668,-0.037464
2008-12-24,0.658,-0.01497
2008-12-25,0.656,-0.00304
2008-12-26,0.657,0.001524
2008-12-29,0.657,0.0
2008-12-30,0.654,-0.004566
2008-12-31,0.649,-0.007645
2009-01-05,0.662,0.020031
2009-01-06,0.679,0.02568
2009-01-07,0.681,0.002946
2009-01-08,0.671,-0.014684
2009-01-09,0.682,0.016393
2009-01-12,0.689,0.010264
2009-01-13,0.673,-0.023222
2009-01-14,0.695,0.032689
2009-01-15,0.7,0.007194
2009-01-16,0.709,0.012857
2009-01-19,0.708,-0.00141
2009-01-20,0.712,0.00565
2009-01-21,0.712,0.0
2009-01-22,0.719,0.009831
2009-01-23,0.716,-0.004172
2009-02-02,0.726,0.013966
2009-02-03,0.737,0.015152
2009-02-04,0.749,0.016282
2009-02-05,0.74,-0.012016
2009-02-06,0.764,0.032432
2009-02-09,0.78,0.020942
2009-02-10,0.789,0.011538
2009-02-11,0.79,0.001267
2009-02-12,0.792,0.002532
2009-02-13,0.811,0.02399
2009-02-16,0.82,0.011097
2009-02-17,0.799,-0.02561
2009-02-18,0.771,-0.035044
2009-02-19,0.779,0.010376
2009-02-20,0.793,0.017972
2009-02-23,0.814,0.026482
2009-02-24,0.787,-0.03317
2009-02-25,0.787,0.0
2009-02-26,0.754,-0.041931
2009-02-27,0.737,-0.022546
2009-03-02,0.749,0.016282
2009-03-03,0.745,-0.00534
2009-03-04,0.782,0.049664
2009-03-05,0.785,0.003836
2009-03-06,0.781,-0.005096
2009-03-09,0.762,-0.024328
2009-03-10,0.771,0.011811
2009-03-11,0.765,-0.007782
2009-03-12,0.767,0.002614
2009-03-13,0.765,-0.002608
2009-03-16,0.775,0.013072
2009-03-17,0.794,0.024516
2009-03-18,0.795,0.001259
2009-03-19,0.807,0.015094
2009-03-20,0.802,-0.006196
2009-03-23,0.819,0.021197
2009-03-24,0.823,0.004884
2009-03-25,0.812,-0.013366
2009-03-26,0.827,0.018473
2009-03-27,0.83,0.003628
2009-03-30,0.825,-0.006024
2009-03-31,0.831,0.007273
2009-04-01,0.839,0.009627
2009-04-02,0.847,0.009535
2009-04-03,0.847,0.0
2009-04-07,0.846,-0.001181
2009-04-08,0.821,-0.029551
2009-04-09,0.833,0.014616
2009-04-10,0.852,0.022809
2009-04-13,0.864,0.014085
2009-04-14,0.874,0.011574
2009-04-15,0.879,0.005721
2009-04-16,0.876,-0.003413
2009-04-17,0.869,-0.007991
2009-04-20,0.881,0.013809
2009-04-21,0.876,-0.005675
2009-04-22,0.852,-0.027397
2009-04-23,0.859,0.008216
2009-04-24,0.854,-0.005821
2009-04-27,0.836,-0.021077
2009-04-28,0.84,0.004785
2009-04-29,0.863,0.027381
2009-04-30,0.872,0.010429
2009-05-04,0.892,0.022936
2009-05-05,0.895,0.003363
2009-05-06,0.902,0.007821
2009-05-07,0.903,0.001109
2009-05-08,0.912,0.009967
2009-05-11,0.897,-0.016447
2009-05-12,0.912,0.016722
2009-05-13,0.918,0.006579
2009-05-14,0.916,-0.002179
2009-05-15,0.92,0.004367
2009-05-18,0.929,0.009783
2009-05-19,0.935,0.006459
2009-05-20,0.926,-0.009626
2009-05-21,0.914,-0.012959
2009-05-22,0.911,-0.003282
2009-05-25,0.912,0.001098
2009-05-26,0.908,-0.004386
2009-05-27,0.918,0.011013
2009-06-01,0.939,0.022876
2009-06-02,0.939,0.0
2009-06-03,0.957,0.019169
2009-06-04,0.963,0.00627
2009-06-05,0.962,-0.001038
2009-06-08,0.965,0.003119
2009-06-09,0.969,0.004145
2009-06-10,0.973,0.004128
2009-06-11,0.97,-0.003083
2009-06-12,0.959,-0.01134
2009-06-15,0.973,0.014599
2009-06-16,0.969,-0.004111
2009-06-17,0.985,0.016512
2009-06-18,0.997,0.012183
2009-06-19,1.003,0.006018
2009-06-22,1.0,-0.002991
2009-06-23,0.996,-0.004
2009-06-24,1.0,0.004016
2009-06-25,0.999,-0.001
2009-06-26,1.002,0.003003
2009-06-29,1.012,0.00998
2009-06-30,1.014,0.001976
2009-07-01,1.031,0.016765
2009-07-02,1.04,0.008729
2009-07-03,1.06,0.019231
2009-07-06,1.063,0.00283
2009-07-07,1.059,-0.003763
2009-07-08,1.06,0.000944
2009-07-09,1.074,0.013208
2009-07-10,1.076,0.001862
2009-07-13,1.074,-0.001859
2009-07-14,1.093,0.017691
2009-07-15,1.097,0.00366
2009-07-16,1.093,-0.003646
2009-07-17,1.091,-0.00183
2009-07-20,1.105,0.012832
2009-07-21,1.096,-0.008145
2009-07-22,1.112,0.014599
2009-07-23,1.123,0.009892
2009-07-24,1.122,-0.00089
2009-07-27,1.134,0.010695
2009-07-28,1.13,-0.003527
2009-07-29,1.085,-0.039823
2009-07-30,1.097,0.01106
2009-07-31,1.118,0.019143
2009-08-03,1.132,0.012522
2009-08-04,1.134,0.001767
2009-08-05,1.126,-0.007055
2009-08-06,1.115,-0.009769
2009-08-07,1.096,-0.01704
2009-08-10,1.093,-0.002737
2009-08-11,1.099,0.005489
2009-08-12,1.064,-0.031847
2009-08-13,1.068,0.003759
2009-08-14,1.041,-0.025281
2009-08-17,0.994,-0.045149
2009-08-18,1.002,0.008048
2009-08-19,0.968,-0.033932
2009-08-20,0.999,0.032025
2009-08-21,1.014,0.015015
2009-08-24,1.025,0.010848
2009-08-25,1.004,-0.020488
2009-08-26,1.024,0.01992
2009-08-27,1.026,0.001953
2009-08-28,0.997,-0.028265
2009-08-31,0.945,-0.052156
2009-09-01,0.947,0.002116
2009-09-02,0.958,0.011616
2009-09-03,0.996,0.039666
2009-09-04,1.005,0.009036
2009-09-07,1.019,0.01393
2009-09-08,1.034,0.01472
2009-09-09,1.039,0.004836
2009-09-10,1.03,-0.008662
2009-09-11,1.05,0.019417
2009-09-14,1.063,0.012381
2009-09-15,1.065,0.001881
2009-09-16,1.055,-0.00939
2009-09-17,1.073,0.017062
2009-09-18,1.046,-0.025163
2009-09-21,1.058,0.011472
2009-09-22,1.042,-0.015123
2009-09-23,1.021,-0.020154
2009-09-24,1.019,-0.001959
2009-09-25,1.015,-0.003925
2009-09-28,0.999,-0.015764
2009-09-29,1.0,0.001001
2009-09-30,1.008,0.008
2009-10-09,1.042,0.03373
2009-10-12,1.04,-0.001919
2009-10-13,1.05,0.009615
2009-10-14,1.056,0.005714
2009-10-15,1.057,0.000947
2009-10-16,1.06,0.002838
2009-10-19,1.082,0.020755
2009-10-20,1.094,0.011091
2009-10-21,1.091,-0.002742
2009-10-22,1.089,-0.001833
2009-10-23,1.103,0.012856
2009-10-26,1.109,0.00544
2009-10-27,1.092,-0.015329
2009-10-28,1.095,0.002747
2009-10-29,1.085,-0.009132
2009-10-30,1.095,0.009217
2009-11-02,1.131,0.032877
2009-11-03,1.143,0.01061
2009-11-04,1.148,0.004374
2009-11-05,1.149,0.000871
2009-11-06,1.149,0.0
2009-11-09,1.15,0.00087
2009-11-10,1.157,0.006087
2009-11-11,1.159,0.001729
2009-11-12,1.162,0.002588
2009-11-13,1.168,0.005164
2009-11-16,1.191,0.019692
2009-11-17,1.193,0.001679
2009-11-18,1.189,-0.003353
2009-11-19,1.191,0.001682
2009-11-20,1.192,0.00084
2009-11-23,1.206,0.011745
2009-11-24,1.171,-0.029022
2009-11-25,1.199,0.023911
2009-11-26,1.161,-0.031693
2009-11-27,1.143,-0.015504
2009-11-30,1.178,0.030621
2009-12-01,1.196,0.01528
2009-12-02,1.208,0.010033
2009-12-03,1.201,-0.005795
2009-12-04,1.21,0.007494
2009-12-07,1.217,0.005785
2009-12-08,1.208,-0.007395
2009-12-09,1.189,-0.015728
2009-12-10,1.194,0.004205
2009-12-11,1.196,0.001675
2009-12-14,1.202,0.005017
2009-12-15,1.195,-0.005824
2009-12-16,1.188,-0.005858
2009-12-17,1.162,-0.021886
2009-12-18,1.14,-0.018933
2009-12-21,1.143,0.002632
2009-12-22,1.122,-0.018373
2009-12-23,1.134,0.010695
2009-12-24,1.167,0.029101
2009-12-25,1.167,0.0
2009-12-28,1.179,0.010283
2009-12-29,1.186,0.005937
2009-12-30,1.203,0.014334
2009-12-31,1.207,0.003325
2010-01-04,1.198,-0.007457
2010-01-05,1.199,0.000835
2010-01-06,1.19,-0.007506
2010-01-07,1.168,-0.018487
2010-01-08,1.172,0.003425
2010-01-11,1.168,-0.003413
2010-01-12,1.179,0.009418
2010-01-13,1.156,-0.019508
2010-01-14,1.173,0.014706
2010-01-15,1.179,0.005115
2010-01-18,1.183,0.003393
2010-01-19,1.186,0.002536
2010-01-20,1.156,-0.025295
2010-01-21,1.16,0.00346
2010-01-22,1.146,-0.012069
2010-01-25,1.138,-0.006981
2010-01-26,1.115,-0.020211
2010-01-27,1.106,-0.008072
2010-01-28,1.111,0.004521
2010-01-29,1.115,0.0036
2010-02-01,1.109,-0.005381
2010-02-02,1.105,-0.003607
2010-02-03,1.119,0.01267
2010-02-04,1.116,-0.002681
2010-02-05,1.098,-0.016129
2010-02-08,1.098,0.0
2010-02-09,1.102,0.003643
2010-02-10,1.116,0.012704
2010-02-11,1.119,0.002688
2010-02-12,1.128,0.008043
2010-02-22,1.123,-0.004433
2010-02-23,1.114,-0.008014
2010-02-24,1.131,0.01526
2010-02-25,1.146,0.013263
2010-02-26,1.146,0.0
2010-03-01,1.153,0.006108
2010-03-02,1.15,-0.002602
2010-03-03,1.156,0.005217
2010-03-04,1.132,-0.020761
2010-03-05,1.138,0.0053
2010-03-08,1.145,0.006151
2010-03-09,1.149,0.003493
2010-03-10,1.141,-0.006963
2010-03-11,1.139,-0.001753
2010-03-12,1.125,-0.012291
2010-03-15,1.111,-0.012444
2010-03-16,1.118,0.006301
2010-03-17,1.138,0.017889
2010-03-18,1.138,0.0
2010-03-19,1.142,0.003515
2010-03-22,1.147,0.004378
2010-03-23,1.143,-0.003487
2010-03-24,1.148,0.004374
2010-03-25,1.14,-0.006969
2010-03-26,1.151,0.009649
2010-03-29,1.167,0.013901
2010-03-30,1.171,0.003428
2010-03-31,1.171,0.0
2010-04-01,1.185,0.011956
2010-04-02,1.187,0.001688
2010-04-06,1.183,-0.00337
2010-04-07,1.18,-0.002536
2010-04-08,1.172,-0.00678
2010-04-09,1.184,0.010239
2010-04-12,1.183,-0.000845
2010-04-13,1.185,0.001691
2010-04-14,1.189,0.003376
2010-04-15,1.181,-0.006728
2010-04-16,1.173,-0.006774
2010-04-19,1.128,-0.038363
2010-04-20,1.129,0.000887
2010-04-21,1.15,0.018601
2010-04-22,1.145,-0.004348
2010-04-23,1.14,-0.004367
2010-04-26,1.134,-0.005263
2010-04-27,1.115,-0.016755
2010-04-28,1.11,-0.004484
2010-04-29,1.102,-0.007207
2010-04-30,1.098,-0.00363
2010-05-04,1.088,-0.009107
2010-05-05,1.098,0.009191
2010-05-06,1.056,-0.038251
2010-05-07,1.038,-0.017045
2010-05-10,1.039,0.000963
2010-05-11,1.018,-0.020212
2010-05-12,1.02,0.001965
2010-05-13,1.044,0.023529
2010-05-14,1.042,-0.001916
2010-05-17,0.994,-0.046065
2010-05-18,1.013,0.019115
2010-05-19,1.014,0.000987
2010-05-20,1.007,-0.006903
2010-05-21,1.021,0.013903
2010-05-24,1.05,0.028404
2010-05-25,1.034,-0.015238
2010-05-26,1.032,-0.001934
2010-05-27,1.043,0.010659
2010-05-28,1.043,0.0
2010-05-31,1.024,-0.018217
2010-06-01,1.016,-0.007812
2010-06-02,1.02,0.003937
2010-06-03,1.015,-0.004902
2010-06-04,1.015,0.0
2010-06-07,1.0,-0.014778
2010-06-08,1.001,0.001
2010-06-09,1.028,0.026973
2010-06-10,1.021,-0.006809
2010-06-11,1.022,0.000979
2010-06-17,1.016,-0.005871
2010-06-18,0.999,-0.016732
2010-06-21,1.025,0.026026
2010-06-22,1.029,0.003902
2010-06-23,1.023,-0.005831
2010-06-24,1.024,0.000978
2010-06-25,1.017,-0.006836
2010-06-28,1.008,-0.00885
2010-06-29,0.971,-0.036706
2010-06-30,0.968,-0.00309
2010-07-01,0.954,-0.014463
2010-07-02,0.953,-0.001048
2010-07-05,0.949,-0.004197
2010-07-06,0.964,0.015806
2010-07-07,0.975,0.011411
2010-07-08,0.974,-0.001026
2010-07-09,0.998,0.024641
2010-07-12,1.007,0.009018
2010-07-13,0.996,-0.010924
2010-07-14,1.001,0.00502
2010-07-15,0.989,-0.011988
2010-07-16,0.991,0.002022
2010-07-19,1.013,0.0222
2010-07-20,1.031,0.017769
2010-07-21,1.033,0.00194
2010-07-22,1.045,0.011617
2010-07-23,1.051,0.005742
2010-07-26,1.053,0.001903
2010-07-27,1.052,-0.00095
2010-07-28,1.075,0.021863
2010-07-29,1.076,0.00093
2010-07-30,1.075,-0.000929
2010-08-02,1.093,0.016744
2010-08-03,1.078,-0.013724
2010-08-04,1.083,0.004638
2010-08-05,1.082,-0.000923
2010-08-06,1.096,0.012939
2010-08-09,1.105,0.008212
2010-08-10,1.076,-0.026244
2010-08-11,1.084,0.007435
2010-08-12,1.072,-0.01107
2010-08-13,1.086,0.01306
2010-08-16,1.106,0.018416
2010-08-17,1.114,0.007233
2010-08-18,1.112,-0.001795
2010-08-19,1.116,0.003597
2010-08-20,1.096,-0.017921
2010-08-23,1.096,0.0
2010-08-24,1.102,0.005474
2010-08-25,1.089,-0.011797
2010-08-26,1.094,0.004591
2010-08-27,1.099,0.00457
2010-08-30,1.122,0.020928
2010-08-31,1.124,0.001783
2010-09-01,1.116,-0.007117
2010-09-02,1.13,0.012545
2010-09-03,1.131,0.000885
2010-09-06,1.14,0.007958
2010-09-07,1.14,0.0
2010-09-08,1.141,0.000877
2010-09-09,1.125,-0.014023
2010-09-10,1.131,0.005333
2010-09-13,1.144,0.011494
2010-09-14,1.148,0.003497
2010-09-15,1.128,-0.017422
2010-09-16,1.104,-0.021277
2010-09-17,1.11,0.005435
2010-09-20,1.107,-0.002703
2010-09-21,1.109,0.001807
2010-09-27,1.128,0.017133
2010-09-28,1.126,-0.001773
2010-09-29,1.117,-0.007993
2010-09-30,1.133,0.014324
2010-10-08,1.161,0.024713
2010-10-11,1.17,0.007752
2010-10-12,1.172,0.001709
2010-10-13,1.19,0.015358
2010-10-14,1.172,-0.015126
2010-10-15,1.19,0.015358
2010-10-18,1.185,-0.004202
2010-10-19,1.213,0.023629
2010-10-20,1.226,0.010717
2010-10-21,1.217,-0.007341
2010-10-22,1.225,0.006574
2010-10-25,1.252,0.022041
2010-10-26,1.249,-0.002396
2010-10-27,1.233,-0.01281
2010-10-28,1.235,0.001622
2010-10-29,1.238,0.002429
2010-11-01,1.261,0.018578
2010-11-02,1.254,-0.005551
2010-11-03,1.248,-0.004785
2010-11-04,1.268,0.016026
2010-11-05,1.278,0.007886
2010-11-08,1.294,0.01252
2010-11-09,1.29,-0.003091
2010-11-10,1.286,-0.003101
2010-11-11,1.282,-0.00311
2010-11-12,1.215,-0.052262
2010-11-15,1.24,0.020576
2010-11-16,1.204,-0.029032
2010-11-17,1.178,-0.021595
2010-11-18,1.193,0.012733
2010-11-19,1.217,0.020117
2010-11-22,1.22,0.002465
2010-11-23,1.202,-0.014754
2010-11-24,1.227,0.020799
2010-11-25,1.237,0.00815
2010-11-26,1.229,-0.006467
2010-11-29,1.228,-0.000814
2010-11-30,1.205,-0.01873
2010-12-01,1.203,-0.00166
2010-12-02,1.206,0.002494
2010-12-03,1.21,0.003317
2010-12-06,1.21,0.0
2010-12-07,1.229,0.015702
2010-12-08,1.23,0.000814
2010-12-09,1.219,-0.008943
2010-12-10,1.231,0.009844
2010-12-13,1.256,0.020309
2010-12-14,1.255,-0.000796
2010-12-15,1.244,-0.008765
2010-12-16,1.24,-0.003215
2010-12-17,1.243,0.002419
2010-12-20,1.225,-0.014481
2010-12-21,1.246,0.017143
2010-12-22,1.237,-0.007223
2010-12-23,1.223,-0.011318
2010-12-24,1.217,-0.004906
2010-12-27,1.194,-0.018899
2010-12-28,1.171,-0.019263
2010-12-29,1.181,0.00854
2010-12-30,1.185,0.003387
2010-12-31,1.21,0.021097
2011-01-04,1.23,0.016529
2011-01-05,1.223,-0.005691
2011-01-06,1.214,-0.007359
2011-01-07,1.211,-0.002471
2011-01-10,1.188,-0.018993
2011-01-11,1.185,-0.002525
2011-01-12,1.185,0.0
2011-01-13,1.184,-0.000844
2011-01-14,1.166,-0.015203
2011-01-17,1.129,-0.031732
2011-01-18,1.131,0.001771
2011-01-19,1.154,0.020336
2011-01-20,1.123,-0.026863
2011-01-21,1.132,0.008014
2011-01-24,1.113,-0.016784
2011-01-25,1.108,-0.004492
2011-01-26,1.12,0.01083
2011-01-27,1.137,0.015179
2011-01-28,1.142,0.004398
2011-01-31,1.155,0.011384
2011-02-01,1.156,0.000866
2011-02-09,1.146,-0.008651
2011-02-10,1.164,0.015707
2011-02-11,1.172,0.006873
2011-02-14,1.195,0.019625
2011-02-15,1.196,0.000837
2011-02-16,1.204,0.006689
2011-02-17,1.206,0.001661
2011-02-18,1.197,-0.007463
2011-02-21,1.211,0.011696
2011-02-22,1.185,-0.02147
2011-02-23,1.187,0.001688
2011-02-24,1.191,0.00337
2011-02-25,1.193,0.001679
2011-02-28,1.208,0.012573
2011-03-01,1.211,0.002483
2011-03-02,1.209,-0.001652
2011-03-03,1.197,-0.009926
2011-03-04,1.207,0.008354
2011-03-07,1.219,0.009942
2011-03-08,1.219,0.0
2011-03-09,1.224,0.004102
2011-03-10,1.215,-0.007353
2011-03-11,1.21,-0.004115
2011-03-14,1.214,0.003306
2011-03-15,1.19,-0.019769
2011-03-16,1.199,0.007563
2011-03-17,1.186,-0.010842
2011-03-18,1.189,0.00253
2011-03-21,1.185,-0.003364
2011-03-22,1.186,0.000844
2011-03-23,1.194,0.006745
2011-03-24,1.19,-0.00335
2011-03-25,1.196,0.005042
2011-03-28,1.19,-0.005017
2011-03-29,1.182,-0.006723
2011-03-30,1.175,-0.005922
2011-03-31,1.168,-0.005957
2011-04-01,1.18,0.010274
2011-04-06,1.186,0.005085
2011-04-07,1.192,0.005059
2011-04-08,1.202,0.008389
2011-04-11,1.194,-0.006656
2011-04-12,1.189,-0.004188
2011-04-13,1.206,0.014298
2011-04-14,1.205,-0.000829
2011-04-15,1.206,0.00083
2011-04-18,1.207,0.000829
2011-04-19,1.201,-0.004971
2011-04-20,1.202,0.000833
2011-04-21,1.207,0.00416
2011-04-22,1.198,-0.007457
2011-04-25,1.186,-0.010017
2011-04-26,1.182,-0.003373
2011-04-27,1.173,-0.007614
2011-04-28,1.156,-0.014493
2011-04-29,1.159,0.002595
2011-05-03,1.164,0.004314
2011-05-04,1.144,-0.017182
2011-05-05,1.148,0.003497
2011-05-06,1.156,0.006969
2011-05-09,1.16,0.00346
2011-05-10,1.164,0.003448
2011-05-11,1.163,-0.000859
2011-05-12,1.153,-0.008598
2011-05-13,1.158,0.004337
2011-05-16,1.153,-0.004318
2011-05-17,1.158,0.004337
2011-05-18,1.16,0.001727
2011-05-19,1.154,-0.005172
2011-05-20,1.153,-0.000867
2011-05-23,1.129,-0.020815
2011-05-24,1.13,0.000886
2011-05-25,1.121,-0.007965
2011-05-26,1.116,-0.00446
2011-05-27,1.108,-0.007168
2011-05-30,1.107,-0.000903
2011-05-31,1.117,0.009033
2011-06-01,1.118,0.000895
2011-06-02,1.103,-0.013417
2011-06-03,1.114,0.009973
2011-06-07,1.12,0.005386
2011-06-08,1.12,0.0
2011-06-09,1.108,-0.010714
2011-06-10,1.111,0.002708
2011-06-13,1.109,-0.0018
2011-06-14,1.122,0.011722
2011-06-15,1.116,-0.005348
2011-06-16,1.104,-0.010753
2011-06-17,1.098,-0.005435
2011-06-20,1.096,-0.001821
2011-06-21,1.102,0.005474
2011-06-22,1.103,0.000907
2011-06-23,1.117,0.012693
2011-06-24,1.138,0.0188
2011-06-27,1.139,0.000879
2011-06-28,1.141,0.001756
2011-06-29,1.134,-0.006135
2011-06-30,1.15,0.014109
2011-07-01,1.155,0.004348
2011-07-04,1.174,0.01645
2011-07-05,1.172,-0.001704
2011-07-06,1.173,0.000853
2011-07-07,1.176,0.002558
2011-07-08,1.176,0.0
2011-07-11,1.18,0.003401
2011-07-12,1.17,-0.008475
2011-07-13,1.184,0.011966
2011-07-14,1.19,0.005068
2011-07-15,1.196,0.005042
2011-07-18,1.191,-0.004181
2011-07-19,1.181,-0.008396
2011-07-20,1.183,0.001693
2011-07-21,1.178,-0.004227
2011-07-22,1.18,0.001698
2011-07-25,1.156,-0.020339
2011-07-26,1.161,0.004325
2011-07-27,1.174,0.011197
2011-07-28,1.173,-0.000852
2011-07-29,1.171,-0.001705
2011-08-01,1.167,-0.003416
2011-08-02,1.164,-0.002571
2011-08-03,1.17,0.005155
2011-08-04,1.169,-0.000855
2011-08-05,1.156,-0.011121
2011-08-08,1.13,-0.022491
2011-08-09,1.135,0.004425
2011-08-10,1.146,0.009692
2011-08-11,1.167,0.018325
2011-08-12,1.172,0.004284
2011-08-15,1.186,0.011945
2011-08-16,1.18,-0.005059
2011-08-17,1.177,-0.002542
2011-08-18,1.158,-0.016143
2011-08-19,1.155,-0.002591
2011-08-22,1.147,-0.006926
2011-08-23,1.161,0.012206
2011-08-24,1.162,0.000861
2011-08-25,1.182,0.017212
2011-08-26,1.181,-0.000846
2011-08-29,1.171,-0.008467
2011-08-30,1.162,-0.007686
2011-08-31,1.16,-0.001721
2011-09-01,1.154,-0.005172
2011-09-02,1.145,-0.007799
2011-09-05,1.125,-0.017467
2011-09-06,1.118,-0.006222
2011-09-07,1.134,0.014311
2011-09-08,1.13,-0.003527
2011-09-09,1.127,-0.002655
2011-09-13,1.116,-0.00976
2011-09-14,1.121,0.00448
2011-09-15,1.121,0.0
2011-09-16,1.124,0.002676
2011-09-19,1.106,-0.016014
2011-09-20,1.108,0.001808
2011-09-21,1.129,0.018953
2011-09-22,1.105,-0.021258
2011-09-23,1.098,-0.006335
2011-09-26,1.077,-0.019126
2011-09-27,1.076,-0.000929
2011-09-28,1.063,-0.012082
2011-09-29,1.054,-0.008467
2011-09-30,1.055,0.000949
2011-10-10,1.052,-0.002844
2011-10-11,1.05,-0.001901
2011-10-12,1.078,0.026667
2011-10-13,1.088,0.009276
2011-10-14,1.084,-0.003676
2011-10-17,1.09,0.005535
2011-10-18,1.071,-0.017431
2011-10-19,1.067,-0.003735
2011-10-20,1.047,-0.018744
2011-10-21,1.04,-0.006686
2011-10-24,1.061,0.020192
2011-10-25,1.081,0.01885
2011-10-26,1.094,0.012026
2011-10-27,1.091,-0.002742
2011-10-28,1.111,0.018332
2011-10-31,1.116,0.0045
2011-11-01,1.119,0.002688
2011-11-02,1.136,0.015192
2011-11-03,1.136,0.0
2011-11-04,1.136,0.0
2011-11-07,1.128,-0.007042
2011-11-08,1.124,-0.003546
2011-11-09,1.137,0.011566
2011-11-10,1.129,-0.007036
2011-11-11,1.124,-0.004429
2011-11-14,1.14,0.014235
2011-11-15,1.14,0.0
2011-11-16,1.119,-0.018421
2011-11-17,1.116,-0.002681
2011-11-18,1.099,-0.015233
2011-11-21,1.099,0.0
2011-11-22,1.107,0.007279
2011-11-23,1.103,-0.003613
2011-11-24,1.113,0.009066
2011-11-25,1.109,-0.003594
2011-11-28,1.113,0.003607
2011-11-29,1.121,0.007188
2011-11-30,1.099,-0.019625
2011-12-01,1.117,0.016379
2011-12-02,1.109,-0.007162
2011-12-05,1.09,-0.017133
2011-12-06,1.092,0.001835
2011-12-07,1.097,0.004579
2011-12-08,1.103,0.005469
2011-12-09,1.1,-0.00272
2011-12-12,1.089,-0.01
2011-12-13,1.069,-0.018365
2011-12-14,1.055,-0.013096
2011-12-15,1.042,-0.012322
2011-12-16,1.061,0.018234
2011-12-19,1.066,0.004713
2011-12-20,1.064,-0.001876
2011-12-21,1.05,-0.013158
2011-12-22,1.051,0.000952
2011-12-23,1.056,0.004757
2011-12-26,1.049,-0.006629
2011-12-27,1.036,-0.012393
2011-12-28,1.03,-0.005792
2011-12-29,1.034,0.003883
2011-12-30,1.051,0.016441
2011-12-31,1.051,0.0
2012-01-04,1.028,-0.021884
2012-01-05,0.999,-0.02821
2012-01-06,0.998,-0.001001
2012-01-09,1.019,0.021042
2012-01-10,1.04,0.020608
2012-01-11,1.041,0.000962
2012-01-12,1.035,-0.005764
2012-01-13,1.011,-0.023188
2012-01-16,0.985,-0.025717
2012-01-17,1.007,0.022335
2012-01-18,0.976,-0.030785
2012-01-19,0.98,0.004098
2012-01-20,0.998,0.018367
2012-01-30,0.994,-0.004008
2012-01-31,0.998,0.004024
2012-02-01,0.999,0.001002
2012-02-02,1.011,0.012012
2012-02-03,1.021,0.009891
2012-02-06,1.026,0.004897
2012-02-07,1.012,-0.013645
2012-02-08,1.027,0.014822
2012-02-09,1.033,0.005842
2012-02-10,1.033,0.0
2012-02-13,1.036,0.002904
2012-02-14,1.039,0.002896
2012-02-15,1.046,0.006737
2012-02-16,1.043,-0.002868
2012-02-17,1.043,0.0
2012-02-20,1.046,0.002876
2012-02-21,1.058,0.011472
2012-02-22,1.073,0.014178
2012-02-23,1.074,0.000932
2012-02-24,1.081,0.006518
2012-02-27,1.084,0.002775
2012-02-28,1.082,-0.001845
2012-02-29,1.073,-0.008318
2012-03-01,1.076,0.002796
2012-03-02,1.091,0.013941
2012-03-05,1.09,-0.000917
2012-03-06,1.083,-0.006422
2012-03-07,1.078,-0.004617
2012-03-08,1.085,0.006494
2012-03-09,1.093,0.007373
2012-03-12,1.099,0.005489
2012-03-13,1.106,0.006369
2012-03-14,1.08,-0.023508
2012-03-15,1.082,0.001852
2012-03-16,1.097,0.013863
2012-03-19,1.104,0.006381
2012-03-20,1.085,-0.01721
2012-03-21,1.078,-0.006452
2012-03-22,1.078,0.0
2012-03-23,1.066,-0.011132
2012-03-26,1.067,0.000938
2012-03-27,1.063,-0.003749
2012-03-28,1.041,-0.020696
2012-03-29,1.038,-0.002882
2012-03-30,1.042,0.003854
2012-03-31,1.042,0.0
2012-04-05,1.063,0.020154
2012-04-06,1.062,-0.000941
2012-04-09,1.059,-0.002825
2012-04-10,1.062,0.002833
2012-04-11,1.061,-0.000942
2012-04-12,1.075,0.013195
2012-04-13,1.078,0.002791
2012-04-16,1.078,0.0
2012-04-17,1.066,-0.011132
2012-04-18,1.08,0.013133
2012-04-19,1.077,-0.002778
2012-04-20,1.084,0.0065
2012-04-23,1.075,-0.008303
2012-04-24,1.073,-0.00186
2012-04-25,1.076,0.002796
2012-04-26,1.075,-0.000929
2012-04-27,1.07,-0.004651
2012-05-02,1.081,0.01028
2012-05-03,1.086,0.004625
2012-05-04,1.095,0.008287
2012-05-07,1.103,0.007306
2012-05-08,1.097,-0.00544
2012-05-09,1.093,-0.003646
2012-05-10,1.097,0.00366
2012-05-11,1.087,-0.009116
2012-05-14,1.083,-0.00368
2012-05-15,1.086,0.00277
2012-05-16,1.075,-0.010129
2012-05-17,1.086,0.010233
2012-05-18,1.074,-0.01105
2012-05-21,1.072,-0.001862
2012-05-22,1.08,0.007463
2012-05-23,1.08,0.0
2012-05-24,1.078,-0.001852
2012-05-25,1.067,-0.010204
2012-05-28,1.075,0.007498
2012-05-29,1.091,0.014884
2012-05-30,1.097,0.0055
2012-05-31,1.098,0.000912
2012-06-01,1.096,-0.001821
2012-06-04,1.082,-0.012774
2012-06-05,1.079,-0.002773
2012-06-06,1.079,0.0
2012-06-07,1.073,-0.005561
2012-06-08,1.075,0.001864
2012-06-11,1.093,0.016744
2012-06-12,1.093,0.0
2012-06-13,1.116,0.021043
2012-06-14,1.114,-0.001792
2012-06-15,1.114,0.0
2012-06-18,1.119,0.004488
2012-06-19,1.113,-0.005362
2012-06-20,1.108,-0.004492
2012-06-21,1.097,-0.009928
2012-06-25,1.082,-0.013674
2012-06-26,1.082,0.0
2012-06-27,1.09,0.007394
2012-06-28,1.081,-0.008257
2012-06-29,1.098,0.015726
2012-06-30,1.098,0.0
2012-07-02,1.11,0.010929
2012-07-03,1.112,0.001802
2012-07-04,1.102,-0.008993
2012-07-05,1.096,-0.005445
2012-07-06,1.111,0.013686
2012-07-09,1.101,-0.009001
2012-07-10,1.089,-0.010899
2012-07-11,1.09,0.000918
2012-07-12,1.101,0.010092
2012-07-13,1.101,0.0
2012-07-16,1.076,-0.022707
2012-07-17,1.085,0.008364
2012-07-18,1.085,0.0
2012-07-19,1.098,0.011982
2012-07-20,1.095,-0.002732
2012-07-23,1.086,-0.008219
2012-07-24,1.095,0.008287
2012-07-25,1.095,0.0
2012-07-26,1.095,0.0
2012-07-27,1.087,-0.007306
2012-07-30,1.074,-0.01196
2012-07-31,1.074,0.0
2012-08-01,1.084,0.009311
2012-08-02,1.082,-0.001845
2012-08-03,1.095,0.012015
2012-08-06,1.113,0.016438
2012-08-07,1.118,0.004492
2012-08-08,1.116,-0.001789
2012-08-09,1.126,0.008961
2012-08-10,1.124,-0.001776
2012-08-13,1.106,-0.016014
2012-08-14,1.1,-0.005425
2012-08-15,1.097,-0.002727
2012-08-16,1.091,-0.005469
2012-08-17,1.091,0.0
2012-08-20,1.091,0.0
2012-08-21,1.104,0.011916
2012-08-22,1.101,-0.002717
2012-08-23,1.102,0.000908
2012-08-24,1.092,-0.009074
2012-08-27,1.071,-0.019231
2012-08-28,1.071,0.0
2012-08-29,1.07,-0.000934
2012-08-30,1.062,-0.007477
2012-08-31,1.067,0.004708
2012-09-03,1.084,0.015933
2012-09-04,1.081,-0.002768
2012-09-05,1.082,0.000925
2012-09-06,1.087,0.004621
2012-09-07,1.114,0.024839
2012-09-10,1.115,0.000898
2012-09-11,1.109,-0.005381
2012-09-12,1.11,0.000902
2012-09-13,1.099,-0.00991
2012-09-14,1.094,-0.00455
2012-09-17,1.074,-0.018282
2012-09-18,1.074,0.0
2012-09-19,1.081,0.006518
2012-09-20,1.065,-0.014801
2012-09-21,1.056,-0.008451
2012-09-24,1.064,0.007576
2012-09-25,1.065,0.00094
2012-09-26,1.052,-0.012207
2012-09-27,1.071,0.018061
2012-09-28,1.082,0.010271
2012-09-30,1.082,0.0
2012-10-08,1.079,-0.002773
2012-10-09,1.099,0.018536
2012-10-10,1.105,0.00546
2012-10-11,1.096,-0.008145
2012-10-12,1.092,-0.00365
2012-10-15,1.089,-0.002747
2012-10-16,1.095,0.00551
2012-10-17,1.093,-0.001826
2012-10-18,1.106,0.011894
2012-10-19,1.104,-0.001808
2012-10-22,1.111,0.006341
2012-10-23,1.103,-0.007201
2012-10-24,1.102,-0.000907
2012-10-25,1.092,-0.009074
2012-10-26,1.082,-0.009158
2012-10-29,1.082,0.0
2012-10-30,1.086,0.003697
2012-10-31,1.09,0.003683
2012-11-01,1.102,0.011009
2012-11-02,1.103,0.000907
2012-11-05,1.096,-0.006346
2012-11-06,1.094,-0.001825
2012-11-07,1.093,-0.000914
2012-11-08,1.079,-0.012809
2012-11-09,1.071,-0.007414
2012-11-12,1.07,-0.000934
2012-11-13,1.056,-0.013084
2012-11-14,1.056,0.0
2012-11-15,1.049,-0.006629
2012-11-16,1.046,-0.00286
2012-11-19,1.046,0.0
2012-11-20,1.042,-0.003824
2012-11-21,1.05,0.007678
2012-11-22,1.04,-0.009524
2012-11-23,1.043,0.002885
2012-11-26,1.03,-0.012464
2012-11-27,1.012,-0.017476
2012-11-28,1.003,-0.008893
2012-11-29,1.001,-0.001994
2012-11-30,1.017,0.015984
2012-12-03,1.013,-0.003933
2012-12-04,1.023,0.009872
2012-12-05,1.052,0.028348
2012-12-06,1.049,-0.002852
2012-12-07,1.058,0.00858
2012-12-10,1.066,0.007561
2012-12-11,1.059,-0.006567
2012-12-12,1.057,-0.001889
2012-12-13,1.047,-0.009461
2012-12-14,1.081,0.032474
2012-12-17,1.073,-0.007401
2012-12-18,1.065,-0.007456
2012-12-19,1.068,0.002817
2012-12-20,1.075,0.006554
2012-12-21,1.082,0.006512
2012-12-24,1.097,0.013863
2012-12-25,1.114,0.015497
2012-12-26,1.123,0.008079
2012-12-27,1.117,-0.005343
2012-12-28,1.124,0.006267
2012-12-31,1.14,0.014235
2013-01-04,1.119,-0.018421
2013-01-07,1.123,0.003575
2013-01-08,1.133,0.008905
2013-01-09,1.136,0.002648
2013-01-10,1.139,0.002641
2013-01-11,1.127,-0.010536
2013-01-14,1.159,0.028394
2013-01-15,1.178,0.016393
2013-01-16,1.179,0.000849
2013-01-17,1.168,-0.00933
2013-01-18,1.18,0.010274
2013-01-21,1.184,0.00339
2013-01-22,1.177,-0.005912
2013-01-23,1.184,0.005947
2013-01-24,1.172,-0.010135
2013-01-25,1.178,0.005119
2013-01-28,1.204,0.022071
2013-01-29,1.212,0.006645
2013-01-30,1.212,0.0
2013-01-31,1.205,-0.005776
2013-02-01,1.212,0.005809
2013-02-04,1.209,-0.002475
2013-02-05,1.221,0.009926
2013-02-06,1.223,0.001638
2013-02-07,1.23,0.005724
2013-02-08,1.249,0.015447
2013-02-18,1.247,-0.001601
2013-02-19,1.227,-0.016038
2013-02-20,1.253,0.02119
2013-02-21,1.239,-0.011173
2013-02-22,1.236,-0.002421
2013-02-25,1.251,0.012136
2013-02-26,1.244,-0.005596
2013-02-27,1.234,-0.008039
2013-02-28,1.259,0.020259
2013-03-01,1.272,0.010326
2013-03-04,1.249,-0.018082
2013-03-05,1.278,0.023219
2013-03-06,1.29,0.00939
2013-03-07,1.267,-0.017829
2013-03-08,1.254,-0.01026
2013-03-11,1.253,-0.000797
2013-03-12,1.233,-0.015962
2013-03-13,1.227,-0.004866
2013-03-14,1.239,0.00978
2013-03-15,1.249,0.008071
2013-03-18,1.236,-0.010408
2013-03-19,1.236,0.0
2013-03-20,1.264,0.022654
2013-03-21,1.278,0.011076
2013-03-22,1.281,0.002347
2013-03-25,1.279,-0.001561
2013-03-26,1.273,-0.004691
2013-03-27,1.281,0.006284
2013-03-28,1.261,-0.015613
2013-03-29,1.261,0.0
2013-04-01,1.262,0.000793
2013-04-02,1.247,-0.011886
2013-04-03,1.237,-0.008019
2013-04-08,1.247,0.008084
2013-04-09,1.254,0.005613
2013-04-10,1.241,-0.010367
2013-04-11,1.239,-0.001612
2013-04-12,1.24,0.000807
2013-04-15,1.233,-0.005645
2013-04-16,1.242,0.007299
2013-04-17,1.257,0.012077
2013-04-18,1.257,0.0
2013-04-19,1.279,0.017502
2013-04-22,1.284,0.003909
2013-04-23,1.262,-0.017134
2013-04-24,1.287,0.01981
2013-04-25,1.271,-0.012432
2013-04-26,1.257,-0.011015
2013-05-02,1.27,0.010342
2013-05-03,1.293,0.01811
2013-05-06,1.311,0.013921
2013-05-07,1.303,-0.006102
2013-05-08,1.316,0.009977
2013-05-09,1.316,0.0
2013-05-10,1.316,0.0
2013-05-13,1.312,-0.00304
2013-05-14,1.306,-0.004573
2013-05-15,1.316,0.007657
2013-05-16,1.329,0.009878
2013-05-17,1.35,0.015801
2013-05-20,1.36,0.007407
2013-05-21,1.374,0.010294
2013-05-22,1.361,-0.009461
2013-05-23,1.355,-0.004409
2013-05-24,1.369,0.010332
2013-05-27,1.386,0.012418
2013-05-28,1.384,-0.001443
2013-05-29,1.382,-0.001445
2013-05-30,1.389,0.005065
2013-05-31,1.375,-0.010079
2013-06-03,1.359,-0.011636
2013-06-04,1.338,-0.015453
2013-06-05,1.343,0.003737
2013-06-06,1.325,-0.013403
2013-06-07,1.319,-0.004528
2013-06-13,1.299,-0.015163
2013-06-14,1.324,0.019246
2013-06-17,1.324,0.0
2013-06-18,1.321,-0.002266
2013-06-19,1.308,-0.009841
2013-06-20,1.277,-0.0237
2013-06-21,1.274,-0.002349
2013-06-24,1.222,-0.040816
2013-06-25,1.221,-0.000818
2013-06-26,1.248,0.022113
2013-06-27,1.238,-0.008013
2013-06-28,1.253,0.012116
2013-06-30,1.253,0.0
2013-07-01,1.282,0.023144
2013-07-02,1.293,0.00858
2013-07-03,1.307,0.010828
2013-07-04,1.303,-0.00306
2013-07-05,1.289,-0.010744
2013-07-08,1.268,-0.016292
2013-07-09,1.275,0.005521
2013-07-10,1.302,0.021176
2013-07-11,1.339,0.028418
2013-07-12,1.336,-0.00224
2013-07-15,1.368,0.023952
2013-07-16,1.377,0.006579
2013-07-17,1.359,-0.013072
2013-07-18,1.348,-0.008094
2013-07-19,1.33,-0.013353
2013-07-22,1.35,0.015038
2013-07-23,1.39,0.02963
2013-07-24,1.393,0.002158
2013-07-25,1.359,-0.024408
2013-07-26,1.355,-0.002943
2013-07-29,1.332,-0.016974
2013-07-30,1.327,-0.003754
2013-07-31,1.34,0.009797
2013-08-01,1.376,0.026866
2013-08-02,1.376,0.0
2013-08-05,1.401,0.018169
2013-08-06,1.412,0.007852
2013-08-07,1.404,-0.005666
2013-08-08,1.419,0.010684
2013-08-09,1.421,0.001409
2013-08-12,1.42,-0.000704
2013-08-13,1.42,0.0
2013-08-14,1.414,-0.004225
2013-08-15,1.397,-0.012023
2013-08-16,1.375,-0.015748
2013-08-19,1.404,0.021091
2013-08-20,1.404,0.0
2013-08-21,1.403,-0.000712
2013-08-22,1.415,0.008553
2013-08-23,1.417,0.001413
2013-08-26,1.443,0.018349
2013-08-27,1.444,0.000693
2013-08-28,1.422,-0.015235
2013-08-29,1.415,-0.004923
2013-08-30,1.393,-0.015548
2013-09-02,1.402,0.006461
2013-09-03,1.424,0.015692
2013-09-04,1.419,-0.003511
2013-09-05,1.427,0.005638
2013-09-06,1.433,0.004205
2013-09-09,1.446,0.009072
2013-09-10,1.447,0.000692
2013-09-11,1.431,-0.011057
2013-09-12,1.429,-0.001398
2013-09-13,1.442,0.009097
2013-09-16,1.452,0.006935
2013-09-17,1.435,-0.011708
2013-09-18,1.441,0.004181
2013-09-23,1.467,0.018043
2013-09-24,1.472,0.003408
2013-09-25,1.464,-0.005435
2013-09-26,1.452,-0.008197
2013-09-27,1.468,0.011019
2013-09-30,1.484,0.010899
2013-10-08,1.498,0.009434
2013-10-09,1.509,0.007343
2013-10-10,1.507,-0.001325
2013-10-11,1.52,0.008626
2013-10-14,1.53,0.006579
2013-10-15,1.534,0.002614
2013-10-16,1.505,-0.018905
2013-10-17,1.504,-0.000664
2013-10-18,1.503,-0.000665
2013-10-21,1.546,0.028609
2013-10-22,1.523,-0.014877
2013-10-23,1.489,-0.022324
2013-10-24,1.484,-0.003358
2013-10-25,1.464,-0.013477
2013-10-28,1.471,0.004781
2013-10-29,1.468,-0.002039
2013-10-30,1.487,0.012943
2013-10-31,1.45,-0.024882
2013-11-01,1.447,-0.002069
2013-11-04,1.45,0.002073
2013-11-05,1.464,0.009655
2013-11-06,1.453,-0.007514
2013-11-07,1.429,-0.016518
2013-11-08,1.402,-0.018894
2013-11-11,1.421,0.013552
2013-11-12,1.434,0.009148
2013-11-13,1.408,-0.018131
2013-11-14,1.427,0.013494
2013-11-15,1.452,0.017519
2013-11-18,1.483,0.02135
2013-11-19,1.48,-0.002023
2013-11-20,1.485,0.003378
2013-11-21,1.467,-0.012121
2013-11-22,1.456,-0.007498
2013-11-25,1.451,-0.003434
2013-11-26,1.455,0.002757
2013-11-27,1.471,0.010997
2013-11-28,1.482,0.007478
2013-11-29,1.486,0.002699
2013-12-02,1.431,-0.037012
2013-12-03,1.45,0.013277
2013-12-04,1.455,0.003448
2013-12-05,1.436,-0.013058
2013-12-06,1.425,-0.00766
2013-12-09,1.429,0.002807
2013-12-10,1.427,-0.0014
2013-12-11,1.412,-0.010512
2013-12-12,1.423,0.00779
2013-12-13,1.426,0.002108
2013-12-16,1.412,-0.009818
2013-12-17,1.413,0.000708
2013-12-18,1.41,-0.002123
2013-12-19,1.404,-0.004255
2013-12-20,1.388,-0.011396
2013-12-23,1.394,0.004323
2013-12-24,1.406,0.008608
2013-12-25,1.432,0.018492
2013-12-26,1.421,-0.007682
2013-12-27,1.441,0.014075
2013-12-30,1.448,0.004858
2013-12-31,1.454,0.004144
2014-01-02,1.45,-0.002751
2014-01-03,1.45,0.0
2014-01-06,1.423,-0.018621
2014-01-07,1.438,0.010541
2014-01-08,1.451,0.00904
2014-01-09,1.447,-0.002757
2014-01-10,1.42,-0.018659
2014-01-13,1.412,-0.005634
2014-01-14,1.441,0.020538
2014-01-15,1.457,0.011103
2014-01-16,1.46,0.002059
2014-01-17,1.452,-0.005479
2014-01-20,1.431,-0.014463
2014-01-21,1.446,0.010482
2014-01-22,1.475,0.020055
2014-01-23,1.5,0.016949
2014-01-24,1.514,0.009333
2014-01-27,1.512,-0.001321
2014-01-28,1.508,-0.002646
2014-01-29,1.527,0.012599
2014-01-30,1.516,-0.007204
2014-02-07,1.545,0.019129
2014-02-10,1.575,0.019417
2014-02-11,1.556,-0.012063
2014-02-12,1.553,-0.001928
2014-02-13,1.535,-0.01159
2014-02-14,1.556,0.013681
2014-02-17,1.587,0.019923
2014-02-18,1.587,0.0
2014-02-19,1.593,0.003781
2014-02-20,1.583,-0.006277
2014-02-21,1.579,-0.002527
2014-02-24,1.572,-0.004433
2014-02-25,1.525,-0.029898
2014-02-26,1.526,0.000656
2014-02-27,1.504,-0.014417
2014-02-28,1.526,0.014628
2014-03-03,1.551,0.016383
2014-03-04,1.536,-0.009671
2014-03-05,1.524,-0.007812
2014-03-06,1.516,-0.005249
2014-03-07,1.509,-0.004617
2014-03-10,1.464,-0.029821
2014-03-11,1.467,0.002049
2014-03-12,1.467,0.0
2014-03-13,1.483,0.010907
2014-03-14,1.481,-0.001349
2014-03-17,1.502,0.01418
2014-03-18,1.505,0.001997
2014-03-19,1.482,-0.015282
2014-03-20,1.441,-0.027665
2014-03-21,1.459,0.012491
2014-03-24,1.453,-0.004112
2014-03-25,1.451,-0.001376
2014-03-26,1.46,0.006203
2014-03-27,1.438,-0.015068
2014-03-28,1.414,-0.01669
2014-03-31,1.411,-0.002122
2014-04-01,1.427,0.011339
2014-04-02,1.414,-0.00911
2014-04-03,1.407,-0.00495
2014-04-04,1.427,0.014215
2014-04-08,1.444,0.011913
2014-04-09,1.455,0.007618
2014-04-10,1.471,0.010997
2014-04-11,1.455,-0.010877
2014-04-14,1.456,0.000687
2014-04-15,1.447,-0.006181
2014-04-16,1.442,-0.003455
2014-04-17,1.445,0.00208
2014-04-18,1.45,0.00346
2014-04-21,1.439,-0.007586
2014-04-22,1.424,-0.010424
2014-04-23,1.415,-0.00632
2014-04-24,1.392,-0.016254
2014-04-25,1.372,-0.014368
2014-04-28,1.341,-0.022595
2014-04-29,1.359,0.013423
2014-04-30,1.368,0.006623
2014-05-05,1.383,0.010965
2014-05-06,1.394,0.007954
2014-05-07,1.374,-0.014347
2014-05-08,1.365,-0.00655
2014-05-09,1.338,-0.01978
2014-05-12,1.354,0.011958
2014-05-13,1.351,-0.002216
2014-05-14,1.353,0.00148
2014-05-15,1.332,-0.015521
2014-05-16,1.325,-0.005255
2014-05-19,1.313,-0.009057
2014-05-20,1.32,0.005331
2014-05-21,1.331,0.008333
2014-05-22,1.34,0.006762
2014-05-23,1.35,0.007463
2014-05-26,1.36,0.007407
2014-05-27,1.356,-0.002941
2014-05-28,1.378,0.016224
2014-05-29,1.368,-0.007257
2014-05-30,1.371,0.002193
2014-06-03,1.373,0.001459
2014-06-04,1.358,-0.010925
2014-06-05,1.37,0.008837
2014-06-06,1.372,0.00146
2014-06-09,1.351,-0.015306
2014-06-10,1.373,0.016284
2014-06-11,1.38,0.005098
2014-06-12,1.375,-0.003623
2014-06-13,1.392,0.012364
2014-06-16,1.394,0.001437
2014-06-17,1.38,-0.010043
2014-06-18,1.375,-0.003623
2014-06-19,1.347,-0.020364
2014-06-20,1.36,0.009651
2014-06-23,1.367,0.005147
2014-06-24,1.376,0.006584
2014-06-25,1.369,-0.005087
2014-06-26,1.38,0.008035
2014-06-27,1.381,0.000725
2014-06-30,1.395,0.010138
2014-07-01,1.391,-0.002867
2014-07-02,1.401,0.007189
2014-07-03,1.402,0.000714
2014-07-04,1.395,-0.004993
2014-07-07,1.379,-0.01147
2014-07-08,1.383,0.002901
2014-07-09,1.362,-0.015184
2014-07-10,1.343,-0.01395
2014-07-11,1.336,-0.005212
2014-07-14,1.348,0.008982
2014-07-15,1.342,-0.004451
2014-07-16,1.327,-0.011177
2014-07-17,1.322,-0.003768
2014-07-18,1.326,0.003026
2014-07-21,1.332,0.004525
2014-07-22,1.35,0.013514
2014-07-23,1.334,-0.011852
2014-07-24,1.327,-0.005247
2014-07-25,1.336,0.006782
2014-07-28,1.357,0.015719
2014-07-29,1.38,0.016949
2014-07-30,1.39,0.007246
2014-07-31,1.394,0.002878
2014-08-01,1.376,-0.012912
2014-08-04,1.388,0.008721
2014-08-05,1.394,0.004323
2014-08-06,1.398,0.002869
2014-08-07,1.396,-0.001431
2014-08-08,1.402,0.004298
2014-08-11,1.417,0.010699
2014-08-12,1.417,0.0
2014-08-13,1.409,-0.005646
2014-08-14,1.401,-0.005678
2014-08-15,1.414,0.009279
2014-08-18,1.434,0.014144
2014-08-19,1.446,0.008368
2014-08-20,1.434,-0.008299
2014-08-21,1.434,0.0
2014-08-22,1.446,0.008368
2014-08-25,1.433,-0.00899
2014-08-26,1.415,-0.012561
2014-08-27,1.418,0.00212
2014-08-28,1.404,-0.009873
2014-08-29,1.417,0.009259
2014-09-01,1.444,0.019054
2014-09-02,1.458,0.009695
2014-09-03,1.47,0.00823
2014-09-04,1.484,0.009524
2014-09-05,1.483,-0.000674
2014-09-09,1.483,0.0
2014-09-10,1.487,0.002697
2014-09-11,1.495,0.00538
2014-09-12,1.499,0.002676
2014-09-15,1.503,0.002668
2014-09-16,1.457,-0.030605
2014-09-17,1.459,0.001373
2014-09-18,1.473,0.009596
2014-09-19,1.479,0.004073
2014-09-22,1.471,-0.005409
2014-09-23,1.485,0.009517
2014-09-24,1.499,0.009428
2014-09-25,1.495,-0.002668
2014-09-26,1.499,0.002676
2014-09-29,1.512,0.008672
2014-09-30,1.522,0.006614
2014-10-08,1.535,0.008541
2014-10-09,1.536,0.000651
2014-10-10,1.526,-0.00651
2014-10-13,1.515,-0.007208
2014-10-14,1.508,-0.00462
2014-10-15,1.518,0.006631
2014-10-16,1.514,-0.002635
2014-10-17,1.506,-0.005284
2014-10-20,1.527,0.013944
2014-10-21,1.509,-0.011788
2014-10-22,1.501,-0.005302
2014-10-23,1.482,-0.012658
2014-10-24,1.491,0.006073
2014-10-27,1.499,0.005366
2014-10-28,1.527,0.018679
2014-10-29,1.538,0.007204
2014-10-30,1.534,-0.002601
2014-10-31,1.529,-0.003259
2014-11-03,1.535,0.003924
2014-11-04,1.524,-0.007166
2014-11-05,1.506,-0.011811
2014-11-06,1.518,0.007968
2014-11-07,1.522,0.002635
2014-11-10,1.526,0.002628
2014-11-11,1.49,-0.023591
2014-11-12,1.508,0.012081
2014-11-13,1.497,-0.007294
2014-11-14,1.489,-0.005344
2014-11-17,1.5,0.007388
2014-11-18,1.493,-0.004667
2014-11-19,1.499,0.004019
2014-11-20,1.486,-0.008672
2014-11-21,1.501,0.010094
2014-11-24,1.51,0.005996
2014-11-25,1.531,0.013907
2014-11-26,1.55,0.01241
2014-11-27,1.57,0.012903
2014-11-28,1.575,0.003185
2014-12-01,1.587,0.007619
2014-12-02,1.612,0.015753
2014-12-03,1.626,0.008685
2014-12-04,1.667,0.025215
2014-12-05,1.653,-0.008398
2014-12-08,1.661,0.00484
2014-12-09,1.598,-0.037929
2014-12-10,1.657,0.036921
2014-12-11,1.681,0.014484
2014-12-12,1.695,0.008328
2014-12-15,1.731,0.021239
2014-12-16,1.735,0.002311
2014-12-17,1.734,-0.000576
2014-12-18,1.729,-0.002884
2014-12-19,1.703,-0.015038
2014-12-22,1.652,-0.029947
2014-12-23,1.644,-0.004843
2014-12-24,1.65,0.00365
2014-12-25,1.672,0.013333
2014-12-26,1.683,0.006579
2014-12-29,1.646,-0.021985
2014-12-30,1.621,-0.015188
2014-12-31,1.639,0.011104
2015-01-05,1.666,0.016473
2015-01-06,1.712,0.027611
2015-01-07,1.701,-0.006425
2015-01-08,1.696,-0.002939
2015-01-09,1.715,0.011203
2015-01-12,1.738,0.013411
2015-01-13,1.766,0.01611
2015-01-14,1.752,-0.007928
2015-01-15,1.766,0.007991
2015-01-16,1.797,0.017554
2015-01-19,1.769,-0.015582
2015-01-20,1.811,0.023742
2015-01-21,1.847,0.019879
2015-01-22,1.849,0.001083
2015-01-23,1.84,-0.004867
2015-01-26,1.857,0.009239
2015-01-27,1.85,-0.00377
2015-01-28,1.839,-0.005946
2015-01-29,1.825,-0.007613
2015-01-30,1.803,-0.012055
2015-02-02,1.789,-0.007765
2015-02-03,1.825,0.020123
2015-02-04,1.821,-0.002192
2015-02-05,1.819,-0.001098
2015-02-06,1.792,-0.014843
2015-02-09,1.79,-0.001116
2015-02-10,1.813,0.012849
2015-02-11,1.833,0.011031
2015-02-12,1.842,0.00491
2015-02-13,1.862,0.010858
2015-02-16,1.882,0.010741
2015-02-17,1.883,0.000531
2015-02-25,1.86,-0.012215
2015-02-26,1.879,0.010215
2015-02-27,1.883,0.002129
2015-03-02,1.89,0.003717
2015-03-03,1.856,-0.017989
2015-03-04,1.872,0.008621
2015-03-05,1.867,-0.002671
2015-03-06,1.853,-0.007499
2015-03-09,1.871,0.009714
2015-03-10,1.875,0.002138
2015-03-11,1.861,-0.007467
2015-03-12,1.873,0.006448
2015-03-13,1.885,0.006407
2015-03-16,1.925,0.02122
2015-03-17,1.936,0.005714
2015-03-18,1.969,0.017045
2015-03-19,1.969,0.0
2015-03-20,1.996,0.013713
2015-03-23,2.046,0.02505
2015-03-24,2.042,-0.001955
2015-03-25,2.054,0.005877
2015-03-26,2.047,-0.003408
2015-03-27,2.068,0.010259
2015-03-30,2.094,0.012573
2015-03-31,2.093,-0.000478
2015-04-01,2.126,0.015767
2015-04-02,2.141,0.007056
2015-04-03,2.172,0.014479
2015-04-07,2.225,0.024401
2015-04-08,2.242,0.00764
2015-04-09,2.229,-0.005798
2015-04-10,2.278,0.021983
2015-04-13,2.304,0.011414
2015-04-14,2.283,-0.009115
2015-04-15,2.203,-0.035042
2015-04-16,2.244,0.018611
2015-04-17,2.249,0.002228
2015-04-20,2.201,-0.021343
2015-04-21,2.276,0.034075
2015-04-22,2.32,0.019332
2015-04-23,2.325,0.002155
2015-04-24,2.313,-0.005161
2015-04-27,2.334,0.009079
2015-04-28,2.29,-0.018852
2015-04-29,2.323,0.01441
2015-04-30,2.333,0.004305
2015-05-04,2.321,-0.005144
2015-05-05,2.264,-0.024558
2015-05-06,2.26,-0.001767
2015-05-07,2.243,-0.007522
2015-05-08,2.294,0.022737
2015-05-11,2.355,0.026591
2015-05-12,2.381,0.01104
2015-05-13,2.402,0.00882
2015-05-14,2.402,0.0
2015-05-15,2.399,-0.001249
2015-05-18,2.434,0.014589
2015-05-19,2.498,0.026294
2015-05-20,2.52,0.008807
2015-05-21,2.59,0.027778
2015-05-22,2.616,0.010039
2015-05-25,2.673,0.021789
2015-05-26,2.746,0.02731
2015-05-27,2.77,0.00874
2015-05-28,2.603,-0.060289
2015-05-29,2.62,0.006531
2015-06-01,2.723,0.039313
2015-06-02,2.78,0.020933
2015-06-03,2.765,-0.005396
2015-06-04,2.779,0.005063
2015-06-05,2.798,0.006837
2015-06-08,2.829,0.011079
2015-06-09,2.811,-0.006363
2015-06-10,2.865,0.01921
2015-06-11,2.894,0.010122
2015-06-12,2.929,0.012094
2015-06-15,2.867,-0.021168
2015-06-16,2.777,-0.031392
2015-06-17,2.807,0.010803
2015-06-18,2.719,-0.03135
2015-06-19,2.565,-0.056638
2015-06-23,2.576,0.004288
2015-06-24,2.611,0.013587
2015-06-25,2.537,-0.028342
2015-06-26,2.379,-0.062278
2015-06-29,2.291,-0.03699
2015-06-30,2.399,0.047141
2015-07-01,2.288,-0.046269
2015-07-02,2.185,-0.045017
2015-07-03,2.089,-0.043936
2015-07-06,2.084,-0.002393
2015-07-07,2.005,-0.037908
2015-07-08,1.922,-0.041397
2015-07-09,2.009,0.045265
2015-07-10,2.105,0.047785
2015-07-13,2.193,0.041805
2015-07-14,2.202,0.004104
2015-07-15,2.11,-0.04178
2015-07-16,2.122,0.005687
2015-07-17,2.204,0.038643
2015-07-20,2.231,0.01225
2015-07-21,2.25,0.008516
2015-07-22,2.267,0.007556
2015-07-23,2.324,0.025143
2015-07-24,2.301,-0.009897
2015-07-27,2.18,-0.052586
2015-07-28,2.158,-0.010092
2015-07-29,2.242,0.038925
2015-07-30,2.192,-0.022302
2015-07-31,2.191,-0.000456
2015-08-03,2.17,-0.009585
2015-08-04,2.253,0.038249
2015-08-05,2.224,-0.012872
2015-08-06,2.214,-0.004496
2015-08-07,2.254,0.018067
2015-08-10,2.327,0.032387
2015-08-11,2.33,0.001289
2015-08-12,2.294,-0.015451
2015-08-13,2.321,0.01177
2015-08-14,2.323,0.000862
2015-08-17,2.36,0.015928
2015-08-18,2.226,-0.05678
2015-08-19,2.262,0.016173
2015-08-20,2.213,-0.021662
2015-08-21,2.134,-0.035698
2015-08-24,2.017,-0.054827
2015-08-25,1.922,-0.0471
2015-08-26,1.91,-0.006243
2015-08-27,1.973,0.032984
2015-08-28,2.045,0.036493
2015-08-31,1.999,-0.022494
2015-09-01,1.935,-0.032016
2015-09-02,1.92,-0.007752
2015-09-07,1.914,-0.003125
2015-09-08,1.965,0.026646
2015-09-09,2.008,0.021883
2015-09-10,1.983,-0.01245
2015-09-11,1.987,0.002017
2015-09-14,1.912,-0.037745
2015-09-15,1.862,-0.026151
2015-09-16,1.946,0.045113
2015-09-17,1.919,-0.013875
2015-09-18,1.932,0.006774
2015-09-21,1.975,0.022257
2015-09-22,1.986,0.00557
2015-09-23,1.964,-0.011078
2015-09-24,1.982,0.009165
2015-09-25,1.944,-0.019173
2015-09-28,1.959,0.007716
2015-09-29,1.936,-0.011741
2015-09-30,1.933,-0.00155
2015-10-08,1.983,0.025867
2015-10-09,1.998,0.007564
2015-10-12,2.045,0.023524
2015-10-13,2.063,0.008802
2015-10-14,2.046,-0.00824
2015-10-15,2.086,0.01955
2015-10-16,2.099,0.006232
2015-10-19,2.108,0.004288
2015-10-20,2.12,0.005693
2015-10-21,2.039,-0.038208
2015-10-22,2.079,0.019617
2015-10-23,2.122,0.020683
2015-10-26,2.131,0.004241
2015-10-27,2.135,0.001877
2015-10-28,2.103,-0.014988
2015-10-29,2.109,0.002853
2015-10-30,2.111,0.000948
2015-11-02,2.098,-0.006158
2015-11-03,2.094,-0.001907
2015-11-04,2.148,0.025788
2015-11-05,2.157,0.00419
2015-11-06,2.184,0.012517
2015-11-09,2.195,0.005037
2015-11-10,2.191,-0.001822
2015-11-11,2.201,0.004564
2015-11-12,2.207,0.002726
2015-11-13,2.168,-0.017671
2015-11-16,2.197,0.013376
2015-11-17,2.192,-0.002276
2015-11-18,2.174,-0.008212
2015-11-19,2.201,0.01242
2015-11-20,2.209,0.003635
2015-11-23,2.209,0.0
2015-11-24,2.219,0.004527
2015-11-25,2.243,0.010816
2015-11-26,2.246,0.001337
2015-11-27,2.172,-0.032947
2015-11-30,2.182,0.004604
2015-12-01,2.188,0.00275
2015-12-02,2.184,-0.001828
2015-12-03,2.203,0.0087
2015-12-04,2.194,-0.004085
2015-12-07,2.206,0.005469
2015-12-08,2.18,-0.011786
2015-12-09,2.18,0.0
2015-12-10,2.175,-0.002294
2015-12-11,2.171,-0.001839
2015-12-14,2.196,0.011515
2015-12-15,2.198,0.000911
2015-12-16,2.199,0.000455
2015-12-17,2.224,0.011369
2015-12-18,2.215,-0.004047
2015-12-21,2.254,0.017607
2015-12-22,2.265,0.00488
2015-12-23,2.258,-0.003091
2015-12-24,2.247,-0.004872
2015-12-25,2.265,0.008011
2015-12-28,2.236,-0.012804
2015-12-29,2.252,0.007156
2015-12-30,2.267,0.006661
2015-12-31,2.245,-0.009704
2016-01-04,2.122,-0.054788
2016-01-05,2.112,-0.004713
2016-01-06,2.136,0.011364
2016-01-07,2.023,-0.052903
2016-01-08,2.049,0.012852
2016-01-11,1.958,-0.044412
2016-01-12,1.965,0.003575
2016-01-13,1.922,-0.021883
2016-01-14,1.963,0.021332
2016-01-15,1.908,-0.028018
2016-01-18,1.922,0.007338
2016-01-19,1.967,0.023413
2016-01-20,1.949,-0.009151
2016-01-21,1.92,-0.014879
2016-01-22,1.938,0.009375
2016-01-25,1.951,0.006708
2016-01-26,1.88,-0.036392
2016-01-27,1.871,-0.004787
2016-01-28,1.844,-0.014431
2016-01-29,1.873,0.015727
2016-02-01,1.873,0.0
2016-02-02,1.898,0.013348
2016-02-03,1.903,0.002634
2016-02-04,1.912,0.004729
2016-02-05,1.906,-0.003138
2016-02-15,1.903,-0.001574
2016-02-16,1.928,0.013137
2016-02-17,1.929,0.000519
2016-02-18,1.932,0.001555
2016-02-19,1.932,0.0
2016-02-22,1.952,0.010352
2016-02-23,1.957,0.002561
2016-02-24,1.964,0.003577
2016-02-25,1.895,-0.035132
2016-02-26,1.909,0.007388
2016-02-29,1.875,-0.01781
2016-03-01,1.894,0.010133
2016-03-02,1.935,0.021647
2016-03-03,1.929,-0.003101
2016-03-04,1.918,-0.005702
2016-03-07,1.93,0.006257
2016-03-08,1.926,-0.002073
2016-03-09,1.902,-0.012461
2016-03-10,1.89,-0.006309
2016-03-11,1.889,-0.000529
2016-03-14,1.909,0.010588
2016-03-15,1.905,-0.002095
2016-03-16,1.9,-0.002625
2016-03-17,1.922,0.011579
2016-03-18,1.945,0.011967
2016-03-21,1.963,0.009254
2016-03-22,1.959,-0.002038
2016-03-23,1.961,0.001021
2016-03-24,1.954,-0.00357
2016-03-25,1.959,0.002559
2016-03-28,1.956,-0.001531
2016-03-29,1.943,-0.006646
2016-03-30,1.973,0.01544
2016-03-31,1.974,0.000507
2016-04-01,1.971,-0.00152
2016-04-05,1.991,0.010147
2016-04-06,1.995,0.002009
2016-04-07,1.982,-0.006516
2016-04-08,1.979,-0.001514
2016-04-11,1.99,0.005558
2016-04-12,1.982,-0.00402
2016-04-13,1.987,0.002523
2016-04-14,1.997,0.005033
2016-04-15,1.999,0.001002
2016-04-18,1.995,-0.002001
2016-04-19,1.998,0.001504
2016-04-20,1.968,-0.015015
2016-04-21,1.965,-0.001524
2016-04-22,1.979,0.007125
2016-04-25,1.976,-0.001516
2016-04-26,1.98,0.002024
2016-04-27,1.982,0.00101
2016-04-28,1.975,-0.003532
2016-04-29,1.974,-0.000506
2016-05-03,2.001,0.013678
2016-05-04,1.995,-0.002999
2016-05-05,1.997,0.001003
2016-05-06,1.967,-0.015023
2016-05-09,1.944,-0.011693
2016-05-10,1.948,0.002058
2016-05-11,1.958,0.005133
2016-05-12,1.961,0.001532
2016-05-13,1.957,-0.00204
2016-05-16,1.971,0.007154
2016-05-17,1.963,-0.004059
2016-05-18,1.943,-0.010188
2016-05-19,1.945,0.001029
2016-05-20,1.954,0.004627
2016-05-23,1.964,0.005118
2016-05-24,1.952,-0.00611
2016-05-25,1.946,-0.003074
2016-05-26,1.949,0.001542
2016-05-27,1.955,0.003079
2016-05-30,1.956,0.000512
2016-05-31,1.985,0.014826
2016-06-01,1.987,0.001008
2016-06-02,1.988,0.000503
2016-06-03,1.998,0.00503
2016-06-06,1.998,0.0
2016-06-07,1.996,-0.001001
2016-06-08,1.989,-0.003507
2016-06-13,1.951,-0.019105
2016-06-14,1.957,0.003075
2016-06-15,1.98,0.011753
2016-06-16,1.971,-0.004545
2016-06-17,1.983,0.006088
2016-06-20,1.986,0.001513
2016-06-21,1.978,-0.004028
2016-06-22,1.992,0.007078
2016-06-23,1.987,-0.00251
2016-06-24,1.978,-0.004529
2016-06-27,1.999,0.010617
2016-06-28,2.012,0.006503
2016-06-29,2.009,-0.001491
2016-06-30,2.01,0.000498
2016-07-01,2.011,0.000498
2016-07-04,2.037,0.012929
2016-07-05,2.039,0.000982
2016-07-06,2.045,0.002943
2016-07-07,2.053,0.003912
2016-07-08,2.05,-0.001461
2016-07-11,2.048,-0.000976
2016-07-12,2.066,0.008789
2016-07-13,2.07,0.001936
2016-07-14,2.07,0.0
2016-07-15,2.075,0.002415
2016-07-18,2.065,-0.004819
2016-07-19,2.064,-0.000484
2016-07-20,2.066,0.000969
2016-07-21,2.071,0.00242
2016-07-22,2.061,-0.004829
2016-07-25,2.066,0.002426
2016-07-26,2.085,0.009197
2016-07-27,2.054,-0.014868
2016-07-28,2.055,0.000487
2016-07-29,2.055,0.0
2016-08-01,2.051,-0.001946
2016-08-02,2.055,0.00195
2016-08-03,2.058,0.00146
2016-08-04,2.06,0.000972
2016-08-05,2.064,0.001942
2016-08-08,2.075,0.005329
2016-08-09,2.081,0.002892
2016-08-10,2.077,-0.001922
2016-08-11,2.068,-0.004333
2016-08-12,2.076,0.003868
2016-08-15,2.101,0.012042
2016-08-16,2.099,-0.000952
2016-08-17,2.099,0.0
2016-08-18,2.096,-0.001429
2016-08-19,2.093,-0.001431
2016-08-22,2.08,-0.006211
2016-08-23,2.081,0.000481
2016-08-24,2.084,0.001442
2016-08-25,2.08,-0.001919
2016-08-26,2.084,0.001923
2016-08-29,2.086,0.00096
2016-08-30,2.085,-0.000479
2016-08-31,2.084,-0.00048
2016-09-01,2.076,-0.003839
2016-09-02,2.072,-0.001927
2016-09-05,2.079,0.003378
2016-09-06,2.098,0.009139
2016-09-07,2.099,0.000477
2016-09-08,2.098,-0.000476
2016-09-09,2.095,-0.00143
2016-09-12,2.072,-0.010979
2016-09-13,2.078,0.002896
2016-09-14,2.073,-0.002406
2016-09-19,2.083,0.004824
2016-09-20,2.086,0.00144
2016-09-21,2.088,0.000959
2016-09-22,2.093,0.002395
2016-09-23,2.089,-0.001911
2016-09-26,2.072,-0.008138
2016-09-27,2.08,0.003861
2016-09-28,2.083,0.001442
2016-09-29,2.085,0.00096
2016-09-30,2.095,0.004796
2016-10-10,2.106,0.005251
2016-10-11,2.116,0.004748
2016-10-12,2.119,0.001418
2016-10-13,2.12,0.000472
2016-10-14,2.12,0.0
2016-10-17,2.109,-0.005189
2016-10-18,2.119,0.004742
2016-10-19,2.116,-0.001416
2016-10-20,2.116,0.0
2016-10-21,2.117,0.000473
2016-10-24,2.13,0.006141
2016-10-25,2.135,0.002347
2016-10-26,2.135,0.0
2016-10-27,2.135,0.0
2016-10-28,2.124,-0.005152
2016-10-31,2.122,-0.000942
2016-11-01,2.129,0.003299
2016-11-02,2.124,-0.002349
2016-11-03,2.13,0.002825
2016-11-04,2.124,-0.002817
2016-11-07,2.127,0.001412
2016-11-08,2.13,0.00141
2016-11-09,2.124,-0.002817
2016-11-10,2.137,0.006121
2016-11-11,2.139,0.000936
2016-11-14,2.146,0.003273
2016-11-15,2.146,0.0
2016-11-16,2.149,0.001398
2016-11-17,2.148,-0.000465
2016-11-18,2.142,-0.002793
2016-11-21,2.14,-0.000934
2016-11-22,2.153,0.006075
2016-11-23,2.15,-0.001393
2016-11-24,2.153,0.001395
2016-11-25,2.161,0.003716
2016-11-28,2.167,0.002776
2016-11-29,2.161,-0.002769
2016-11-30,2.147,-0.006478
2016-12-01,2.167,0.009315
2016-12-02,2.163,-0.001846
2016-12-05,2.156,-0.003236
2016-12-06,2.163,0.003247
2016-12-07,2.182,0.008784
2016-12-08,2.177,-0.002291
2016-12-09,2.181,0.001837
2016-12-12,2.136,-0.020633
2016-12-13,2.145,0.004213
2016-12-14,2.137,-0.00373
2016-12-15,2.133,-0.001872
2016-12-16,2.141,0.003751
2016-12-19,2.13,-0.005138
2016-12-20,2.123,-0.003286
2016-12-21,2.131,0.003768
2016-12-22,2.129,-0.000939
2016-12-23,2.112,-0.007985
2016-12-26,2.121,0.004261
2016-12-27,2.123,0.000943
2016-12-28,2.119,-0.001884
2016-12-29,2.122,0.001416
2016-12-30,2.121,-0.000471
2016-12-31,2.121,0.0
2017-01-03,2.132,0.005186
2017-01-04,2.146,0.006567
2017-01-05,2.148,0.000932
2017-01-06,2.141,-0.003259
2017-01-09,2.148,0.00327
2017-01-10,2.146,-0.000931
2017-01-11,2.136,-0.00466
2017-01-12,2.122,-0.006554
2017-01-13,2.115,-0.003299
2017-01-16,2.095,-0.009456
2017-01-17,2.1,0.002387
2017-01-18,2.102,0.000952
2017-01-19,2.103,0.000476
2017-01-20,2.111,0.003804
2017-01-23,2.124,0.006158
2017-01-24,2.126,0.000942
2017-01-25,2.13,0.001881
2017-01-26,2.139,0.004225
2017-02-03,2.129,-0.004675
2017-02-06,2.133,0.001879
2017-02-07,2.137,0.001875
2017-02-08,2.146,0.004212
2017-02-09,2.152,0.002796
2017-02-10,2.152,0.0
2017-02-13,2.163,0.005112
2017-02-14,2.166,0.001387
2017-02-15,2.158,-0.003693
2017-02-16,2.164,0.00278
2017-02-17,2.154,-0.004621
2017-02-20,2.165,0.005107
2017-02-21,2.17,0.002309
2017-02-22,2.172,0.000922
2017-02-23,2.168,-0.001842
2017-02-24,2.165,-0.001384
2017-02-27,2.158,-0.003233
2017-02-28,2.161,0.00139
2017-03-01,2.167,0.002776
2017-03-02,2.166,-0.000461
2017-03-03,2.172,0.00277
2017-03-06,2.18,0.003683
2017-03-07,2.182,0.000917
2017-03-08,2.183,0.000458
2017-03-09,2.175,-0.003665
2017-03-10,2.179,0.001839
2017-03-13,2.182,0.001377
2017-03-14,2.177,-0.002291
2017-03-15,2.179,0.000919
2017-03-16,2.185,0.002754
2017-03-17,2.176,-0.004119
2017-03-20,2.181,0.002298
2017-03-21,2.188,0.00321
2017-03-22,2.186,-0.000914
2017-03-23,2.186,0.0
2017-03-24,2.188,0.000915
2017-03-27,2.18,-0.003656
2017-03-28,2.178,-0.000917
2017-03-29,2.178,0.0
2017-03-30,2.16,-0.008264
2017-03-31,2.165,0.002315
2017-04-05,2.185,0.009238
2017-04-06,2.191,0.002746
2017-04-07,2.187,-0.001826
2017-04-10,2.185,-0.000914
2017-04-11,2.195,0.004577
2017-04-12,2.198,0.001367
2017-04-13,2.211,0.005914
2017-04-14,2.189,-0.00995
2017-04-17,2.176,-0.005939
2017-04-18,2.17,-0.002757
2017-04-19,2.168,-0.000922
2017-04-20,2.168,0.0
2017-04-21,2.158,-0.004613
2017-04-24,2.135,-0.010658
2017-04-25,2.136,0.000468
2017-04-26,2.132,-0.001873
2017-04-27,2.135,0.001407
2017-04-28,2.143,0.003747
2017-05-02,2.141,-0.000933
2017-05-03,2.129,-0.005605
2017-05-04,2.123,-0.002818
2017-05-05,2.109,-0.006594
2017-05-08,2.089,-0.009483
2017-05-09,2.088,-0.000479
2017-05-10,2.069,-0.0091
2017-05-11,2.072,0.00145
2017-05-12,2.077,0.002413
2017-05-15,2.077,0.0
2017-05-16,2.091,0.00674
2017-05-17,2.093,0.000956
2017-05-18,2.084,-0.0043
2017-05-19,2.087,0.00144
2017-05-22,2.078,-0.004312
2017-05-23,2.065,-0.006256
2017-05-24,2.066,0.000484
2017-05-25,2.077,0.005324
2017-05-26,2.077,0.0
2017-05-31,2.079,0.000963
2017-06-01,2.074,-0.002405
2017-06-02,2.078,0.001929
2017-06-05,2.081,0.001444
2017-06-06,2.087,0.002883
2017-06-07,2.102,0.007187
2017-06-08,2.106,0.001903
2017-06-09,2.109,0.001425
2017-06-12,2.109,0.0
2017-06-13,2.114,0.002371
2017-06-14,2.106,-0.003784
2017-06-15,2.109,0.001425
2017-06-16,2.109,0.0
2017-06-19,2.118,0.004267
2017-06-20,2.116,-0.000944
2017-06-21,2.117,0.000473
2017-06-22,2.108,-0.004251
2017-06-23,2.116,0.003795
2017-06-26,2.128,0.005671
2017-06-27,2.133,0.00235
2017-06-28,2.125,-0.003751
2017-06-29,2.127,0.000941
2017-06-30,2.126,-0.00047
2017-07-03,2.13,0.001881
2017-07-04,2.126,-0.001878
2017-07-05,2.139,0.006115
2017-07-06,2.137,-0.000935
2017-07-07,2.135,-0.000936
2017-07-10,2.143,0.003747
2017-07-11,2.138,-0.002333
2017-07-12,2.133,-0.002339
2017-07-13,2.145,0.005626
2017-07-14,2.147,0.000932
2017-07-17,2.124,-0.010713
2017-07-18,2.138,0.006591
2017-07-19,2.152,0.006548
2017-07-20,2.156,0.001859
2017-07-21,2.155,-0.000464
2017-07-24,2.156,0.000464
2017-07-25,2.153,-0.001391
2017-07-26,2.155,0.000929
2017-07-27,2.154,-0.000464
2017-07-28,2.155,0.000464
2017-07-31,2.165,0.00464
2017-08-01,2.18,0.006928
2017-08-02,2.175,-0.002294
2017-08-03,2.161,-0.006437
2017-08-04,2.153,-0.003702
2017-08-07,2.155,0.000929
2017-08-08,2.167,0.005568
2017-08-09,2.161,-0.002769
2017-08-10,2.152,-0.004165
2017-08-11,2.134,-0.008364
2017-08-14,2.148,0.00656
2017-08-15,2.15,0.000931
2017-08-16,2.145,-0.002326
2017-08-17,2.146,0.000466
2017-08-18,2.141,-0.00233
2017-08-21,2.149,0.003737
2017-08-22,2.15,0.000465
2017-08-23,2.148,-0.00093
2017-08-24,2.139,-0.00419
2017-08-25,2.156,0.007948
2017-08-28,2.174,0.008349
2017-08-29,2.169,-0.0023
2017-08-30,2.172,0.001383
2017-08-31,2.171,-0.00046
2017-09-01,2.172,0.000461
2017-09-04,2.179,0.003223
2017-09-05,2.187,0.003671
2017-09-06,2.186,-0.000457
2017-09-07,2.181,-0.002287
2017-09-08,2.185,0.001834
2017-09-11,2.186,0.000458
2017-09-12,2.192,0.002745
2017-09-13,2.197,0.002281
2017-09-14,2.202,0.002276
2017-09-15,2.195,-0.003179
2017-09-18,2.199,0.001822
2017-09-19,2.202,0.001364
2017-09-20,2.206,0.001817
2017-09-21,2.199,-0.003173
2017-09-22,2.203,0.001819
2017-09-25,2.19,-0.005901
2017-09-26,2.189,-0.000457
2017-09-27,2.196,0.003198
2017-09-28,2.191,-0.002277
2017-09-29,2.191,0.0
2017-10-09,2.207,0.007303
2017-10-10,2.21,0.001359
2017-10-11,2.213,0.001357
2017-10-12,2.211,-0.000904
2017-10-13,2.21,-0.000452
2017-10-16,2.203,-0.003167
2017-10-17,2.201,-0.000908
2017-10-18,2.202,0.000454
2017-10-19,2.196,-0.002725
2017-10-20,2.2,0.001821
2017-10-23,2.206,0.002727
2017-10-24,2.21,0.001813
2017-10-25,2.215,0.002262
2017-10-26,2.227,0.005418
2017-10-27,2.233,0.002694
2017-10-30,2.228,-0.002239
2017-10-31,2.242,0.006284
2017-11-01,2.247,0.00223
2017-11-02,2.242,-0.002225
2017-11-03,2.231,-0.004906
2017-11-06,2.235,0.001793
2017-11-07,2.25,0.006711
2017-11-08,2.254,0.001778
2017-11-09,2.262,0.003549
2017-11-10,2.287,0.011052
2017-11-13,2.288,0.000437
2017-11-14,2.277,-0.004808
2017-11-15,2.264,-0.005709
2017-11-16,2.289,0.011042
2017-11-17,2.279,-0.004369
2017-11-20,2.294,0.006582
2017-11-21,2.305,0.004795
2017-11-22,2.294,-0.004772
2017-11-23,2.252,-0.018309
2017-11-24,2.258,0.002664
2017-11-27,2.241,-0.007529
2017-11-28,2.255,0.006247
2017-11-29,2.256,0.000443
2017-11-30,2.231,-0.011082
2017-12-01,2.236,0.002241
2017-12-04,2.247,0.004919
2017-12-05,2.235,-0.00534
2017-12-06,2.232,-0.001342
2017-12-07,2.221,-0.004928
2017-12-08,2.233,0.005403
2017-12-11,2.257,0.010748
2017-12-12,2.245,-0.005317
2017-12-13,2.253,0.003563
2017-12-14,2.252,-0.000444
2017-12-15,2.239,-0.005773
2017-12-18,2.232,-0.003126
2017-12-19,2.254,0.009857
2017-12-20,2.255,0.000444
2017-12-21,2.27,0.006652
2017-12-22,2.274,0.001762
2017-12-25,2.273,-0.00044
2017-12-26,2.272,-0.00044
2017-12-27,2.263,-0.003961
2017-12-28,2.272,0.003977
2017-12-29,2.281,0.003961
2017-12-31,2.28,-0.000438
2018-01-02,2.314,0.014912
2018-01-03,2.321,0.003025
2018-01-04,2.336,0.006463
2018-01-05,2.337,0.000428
2018-01-08,2.343,0.002567
2018-01-09,2.349,0.002561
2018-01-10,2.341,-0.003406
2018-01-11,2.339,-0.000854
2018-01-12,2.343,0.00171
2018-01-15,2.334,-0.003841
2018-01-16,2.341,0.002999
2018-01-17,2.322,-0.008116
2018-01-18,2.332,0.004307
2018-01-19,2.326,-0.002573
2018-01-22,2.337,0.004729
2018-01-23,2.346,0.003851
2018-01-24,2.34,-0.002558
2018-01-25,2.337,-0.001282
2018-01-26,2.342,0.002139
2018-01-29,2.326,-0.006832
2018-01-30,2.326,0.0
2018-01-31,2.314,-0.005159
2018-02-01,2.289,-0.010804
2018-02-02,2.307,0.007864
2018-02-05,2.305,-0.000867
2018-02-06,2.254,-0.022126
2018-02-07,2.236,-0.007986
2018-02-08,2.233,-0.001342
2018-02-09,2.179,-0.024183
2018-02-12,2.198,0.00872
2018-02-13,2.215,0.007734
2018-02-14,2.221,0.002709
2018-02-22,2.247,0.011706
2018-02-23,2.253,0.00267
2018-02-26,2.276,0.010209
2018-02-27,2.256,-0.008787
2018-02-28,2.251,-0.002216
2018-03-01,2.258,0.00311
2018-03-02,2.242,-0.007086
2018-03-05,2.248,0.002676
2018-03-06,2.269,0.009342
2018-03-07,2.262,-0.003085
2018-03-08,2.266,0.001768
2018-03-09,2.273,0.003089
2018-03-12,2.282,0.00396
2018-03-13,2.272,-0.004382
2018-03-14,2.266,-0.002641
2018-03-15,2.266,0.0
2018-03-16,2.255,-0.004854
2018-03-19,2.259,0.001774
2018-03-20,2.262,0.001328
2018-03-21,2.26,-0.000884
2018-03-22,2.249,-0.004867
2018-03-23,2.202,-0.020898
2018-03-26,2.202,0.0
2018-03-27,2.217,0.006812
2018-03-28,2.2,-0.007668
2018-03-29,2.213,0.005909
2018-03-30,2.218,0.002259
2018-04-02,2.216,-0.000902
2018-04-03,2.208,-0.00361
2018-04-04,2.204,-0.001812
2018-04-09,2.202,-0.000907
2018-04-10,2.219,0.00772
2018-04-11,2.23,0.004957
2018-04-12,2.224,-0.002691
2018-04-13,2.215,-0.004047
2018-04-16,2.208,-0.00316
2018-04-17,2.185,-0.010417
2018-04-18,2.2,0.006865
2018-04-19,2.207,0.003182
2018-04-20,2.181,-0.011781
2018-04-23,2.177,-0.001834
2018-04-24,2.207,0.01378
2018-04-25,2.2,-0.003172
2018-04-26,2.182,-0.008182
2018-04-27,2.179,-0.001375
2018-05-02,2.193,0.006425
2018-05-03,2.199,0.002736
2018-05-04,2.2,0.000455
2018-05-07,2.225,0.011364
2018-05-08,2.23,0.002247
2018-05-09,2.229,-0.000448
2018-05-10,2.233,0.001795
2018-05-11,2.228,-0.002239
2018-05-14,2.234,0.002693
2018-05-15,2.238,0.001791
2018-05-16,2.227,-0.004915
2018-05-17,2.222,-0.002245
2018-05-18,2.231,0.00405
2018-05-21,2.244,0.005827
2018-05-22,2.244,0.0
2018-05-23,2.231,-0.005793
2018-05-24,2.224,-0.003138
2018-05-25,2.212,-0.005396
2018-05-28,2.206,-0.002712
2018-05-29,2.203,-0.00136
2018-05-30,2.177,-0.011802
2018-05-31,2.194,0.007809
2018-06-01,2.179,-0.006837
2018-06-04,2.176,-0.001377
2018-06-05,2.187,0.005055
2018-06-06,2.193,0.002743
2018-06-07,2.187,-0.002736
2018-06-08,2.176,-0.00503
2018-06-11,2.17,-0.002757
2018-06-12,2.183,0.005991
2018-06-13,2.171,-0.005497
2018-06-14,2.17,-0.000461
2018-06-15,2.156,-0.006452
2018-06-19,2.105,-0.023655
2018-06-20,2.114,0.004276
2018-06-21,2.104,-0.00473
2018-06-22,2.111,0.003327
2018-06-25,2.099,-0.005685
2018-06-26,2.097,-0.000953
2018-06-27,2.087,-0.004769
2018-06-28,2.08,-0.003354
2018-06-29,2.107,0.012981
2018-06-30,2.107,0.0
2018-07-02,2.082,-0.011865
2018-07-03,2.085,0.001441
2018-07-04,2.078,-0.003357
2018-07-05,2.064,-0.006737
2018-07-06,2.075,0.005329
2018-07-09,2.102,0.013012
2018-07-10,2.108,0.002854
2018-07-11,2.09,-0.008539
2018-07-12,2.115,0.011962
2018-07-13,2.121,0.002837
2018-07-16,2.121,0.0
2018-07-17,2.122,0.000471
2018-07-18,2.118,-0.001885
2018-07-19,2.115,-0.001416
2018-07-20,2.132,0.008038
2018-07-23,2.135,0.001407
2018-07-24,2.15,0.007026
2018-07-25,2.157,0.003256
2018-07-26,2.144,-0.006027
2018-07-27,2.139,-0.002332
2018-07-30,2.133,-0.002805
2018-07-31,2.135,0.000938
2018-08-01,2.117,-0.008431
2018-08-02,2.104,-0.006141
2018-08-03,2.089,-0.007129
2018-08-06,2.07,-0.009095
2018-08-07,2.097,0.013043
2018-08-08,2.083,-0.006676
2018-08-09,2.106,0.011042
2018-08-10,2.108,0.00095
2018-08-13,2.112,0.001898
2018-08-14,2.108,-0.001894
2018-08-15,2.09,-0.008539
2018-08-16,2.084,-0.002871
2018-08-17,2.071,-0.006238
2018-08-20,2.079,0.003863
2018-08-21,2.091,0.005772
2018-08-22,2.086,-0.002391
2018-08-23,2.092,0.002876
2018-08-24,2.091,-0.000478
2018-08-27,2.116,0.011956
2018-08-28,2.116,0.0
2018-08-29,2.11,-0.002836
2018-08-30,2.097,-0.006161
2018-08-31,2.093,-0.001907
2018-09-03,2.093,0.0
2018-09-04,2.105,0.005733
2018-09-05,2.083,-0.010451
2018-09-06,2.076,-0.003361
2018-09-07,2.081,0.002408
2018-09-10,2.069,-0.005766
2018-09-11,2.058,-0.005317
2018-09-12,2.053,-0.00243
2018-09-13,2.068,0.007306
2018-09-14,2.063,-0.002418
2018-09-17,2.049,-0.006786
2018-09-18,2.069,0.009761
2018-09-19,2.084,0.00725
2018-09-20,2.084,0.0
2018-09-21,2.109,0.011996
2018-09-25,2.101,-0.003793
2018-09-26,2.114,0.006188
2018-09-27,2.106,-0.003784
2018-09-28,2.115,0.004274
2018-10-08,2.07,-0.021277
2018-10-09,2.07,0.0
2018-10-10,2.071,0.000483
2018-10-11,2.019,-0.025109
2018-10-12,2.03,0.005448
2018-10-15,2.014,-0.007882
2018-10-16,1.999,-0.007448
2018-10-17,2.001,0.001001
2018-10-18,1.978,-0.011494
2018-10-19,2.001,0.011628
2018-10-22,2.04,0.01949
2018-10-23,2.017,-0.011275
2018-10-24,2.016,-0.000496
2018-10-25,2.016,0.0
2018-10-26,2.016,0.0
2018-10-29,1.993,-0.011409
2018-10-30,1.998,0.002509
2018-10-31,2.011,0.006507
2018-11-01,2.015,0.001989
2018-11-02,2.049,0.016873
2018-11-05,2.045,-0.001952
2018-11-06,2.04,-0.002445
2018-11-07,2.037,-0.001471
2018-11-08,2.032,-0.002455
2018-11-09,2.024,-0.003937
2018-11-12,2.036,0.005929
2018-11-13,2.043,0.003438
2018-11-14,2.036,-0.003426
2018-11-15,2.049,0.006385
2018-11-16,2.053,0.001952
2018-11-19,2.054,0.000487
2018-11-20,2.037,-0.008277
2018-11-21,2.034,-0.001473
2018-11-22,2.032,-0.000983
2018-11-23,2.012,-0.009843
2018-11-26,2.005,-0.003479
2018-11-27,2.009,0.001995
2018-11-28,2.016,0.003484
2018-11-29,2.007,-0.004464
2018-11-30,2.014,0.003488
2018-12-03,2.044,0.014896
2018-12-04,2.05,0.002935
2018-12-05,2.048,-0.000976
2018-12-06,2.026,-0.010742
2018-12-07,2.021,-0.002468
2018-12-10,2.013,-0.003958
2018-12-11,2.019,0.002981
2018-12-12,2.019,0.0
2018-12-13,2.035,0.007925
2018-12-14,2.018,-0.008354
2018-12-17,2.01,-0.003964
2018-12-18,2.003,-0.003483
2018-12-19,1.993,-0.004993
2018-12-20,1.989,-0.002007
2018-12-21,1.983,-0.003017
2018-12-24,1.991,0.004034
2018-12-25,1.986,-0.002511
2018-12-26,1.978,-0.004028
2018-12-27,1.973,-0.002528
2018-12-28,1.974,0.000507
2018-12-31,1.974,0.0
2019-01-02,1.959,-0.007599
2019-01-03,1.947,-0.006126
2019-01-04,1.96,0.006677
2019-01-07,1.972,0.006122
2019-01-08,1.969,-0.001521
2019-01-09,1.976,0.003555
2019-01-10,1.973,-0.001518
2019-01-11,1.98,0.003548
2019-01-14,1.976,-0.00202
2019-01-15,1.989,0.006579
2019-01-16,1.991,0.001006
2019-01-17,1.99,-0.000502
2019-01-18,2.003,0.006533
2019-01-21,2.021,0.008987
2019-01-22,2.01,-0.005443
2019-01-23,2.013,0.001493
2019-01-24,2.015,0.000994
2019-01-25,2.023,0.00397
2019-01-28,2.022,-0.000494
2019-01-29,2.015,-0.003462
2019-01-30,2.003,-0.005955
2019-01-31,2.007,0.001997
2019-02-01,2.028,0.010463
2019-02-11,2.051,0.011341
2019-02-12,2.063,0.005851
2019-02-13,2.077,0.006786
2019-02-14,2.074,-0.001444
2019-02-15,2.064,-0.004822
2019-02-18,2.095,0.015019
2019-02-19,2.095,0.0
2019-02-20,2.099,0.001909
2019-02-21,2.093,-0.002859
2019-02-22,2.115,0.010511
2019-02-25,2.157,0.019858
2019-02-26,2.145,-0.005563
2019-02-27,2.142,-0.001399
2019-02-28,2.153,0.005135
2019-03-01,2.159,0.002787
2019-03-04,2.171,0.005558
2019-03-05,2.184,0.005988
2019-03-06,2.201,0.007784
2019-03-07,2.194,-0.00318
2019-03-08,2.157,-0.016864
2019-03-11,2.201,0.020399
2019-03-12,2.23,0.013176
2019-03-13,2.224,-0.002691
2019-03-14,2.215,-0.004047
2019-03-15,2.218,0.001354
2019-03-18,2.246,0.012624
2019-03-19,2.24,-0.002671
2019-03-20,2.245,0.002232
2019-03-21,2.254,0.004009
2019-03-22,2.251,-0.001331
2019-03-25,2.226,-0.011106
2019-03-26,2.207,-0.008535
2019-03-27,2.234,0.012234
2019-03-28,2.23,-0.001791
2019-03-29,2.258,0.012556
2019-04-01,2.287,0.012843
2019-04-02,2.286,-0.000437
2019-04-03,2.29,0.00175
2019-04-04,2.295,0.002183
2019-04-08,2.304,0.003922
2019-04-09,2.307,0.001302
2019-04-10,2.322,0.006502
2019-04-11,2.287,-0.015073
2019-04-12,2.275,-0.005247
2019-04-15,2.263,-0.005275
2019-04-16,2.288,0.011047
2019-04-17,2.287,-0.000437
2019-04-18,2.28,-0.003061
2019-04-19,2.29,0.004386
2019-04-22,2.286,-0.001747
2019-04-23,2.28,-0.002625
2019-04-24,2.277,-0.001316
2019-04-25,2.244,-0.014493
2019-04-26,2.24,-0.001783
2019-04-29,2.239,-0.000446
2019-04-30,2.247,0.003573
2019-05-06,2.17,-0.034268
2019-05-07,2.18,0.004608
2019-05-08,2.171,-0.004128
2019-05-09,2.152,-0.008752
2019-05-10,2.185,0.015335
2019-05-13,2.186,0.000458
2019-05-14,2.186,0.0
2019-05-15,2.205,0.008692
2019-05-16,2.207,0.000907
2019-05-17,2.185,-0.009968
2019-05-20,2.173,-0.005492
2019-05-21,2.188,0.006903
2019-05-22,2.186,-0.000914
2019-05-23,2.167,-0.008692
2019-05-24,2.167,0.0
2019-05-27,2.182,0.006922
2019-05-28,2.182,0.0
2019-05-29,2.184,0.000917
2019-05-30,2.17,-0.00641
2019-05-31,2.172,0.000922
2019-06-03,2.157,-0.006906
2019-06-04,2.15,-0.003245
2019-06-05,2.143,-0.003256
2019-06-06,2.133,-0.004666
2019-06-10,2.142,0.004219
2019-06-11,2.175,0.015406
2019-06-12,2.174,-0.00046
2019-06-13,2.175,0.00046
2019-06-14,2.163,-0.005517
2019-06-17,2.165,0.000925
2019-06-18,2.169,0.001848
2019-06-19,2.18,0.005071
2019-06-20,2.206,0.011927
2019-06-21,2.214,0.003626
2019-06-24,2.211,-0.001355
2019-06-25,2.202,-0.004071
2019-06-26,2.212,0.004541
2019-06-27,2.224,0.005425
2019-06-28,2.217,-0.003147
2019-06-30,2.217,0.0
2019-07-01,2.241,0.010825
2019-07-02,2.246,0.002231
2019-07-03,2.231,-0.006679
2019-07-04,2.228,-0.001345
2019-07-05,2.236,0.003591
2019-07-08,2.21,-0.011628
2019-07-09,2.214,0.00181
2019-07-10,2.206,-0.003613
2019-07-11,2.204,-0.000907
2019-07-12,2.214,0.004537
2019-07-15,2.219,0.002258
2019-07-16,2.217,-0.000901
2019-07-17,2.21,-0.003157
2019-07-18,2.192,-0.008145
2019-07-19,2.197,0.002281
2019-07-22,2.206,0.004096
2019-07-23,2.209,0.00136
2019-07-24,2.22,0.00498
2019-07-25,2.223,0.001351
2019-07-26,2.217,-0.002699
2019-07-29,2.223,0.002706
2019-07-30,2.23,0.003149
2019-07-31,2.224,-0.002691
2019-08-01,2.216,-0.003597
2019-08-02,2.204,-0.005415
2019-08-05,2.188,-0.00726
2019-08-06,2.175,-0.005941
2019-08-07,2.173,-0.00092
2019-08-08,2.185,0.005522
2019-08-09,2.182,-0.001373
2019-08-12,2.199,0.007791
2019-08-13,2.196,-0.001364
2019-08-14,2.204,0.003643
2019-08-15,2.212,0.00363
2019-08-16,2.221,0.004069
2019-08-19,2.252,0.013958
2019-08-20,2.254,0.000888
2019-08-21,2.25,-0.001775
2019-08-22,2.26,0.004444
2019-08-23,2.266,0.002655
2019-08-26,2.263,-0.001324
2019-08-27,2.277,0.006186
2019-08-28,2.268,-0.003953
2019-08-29,2.264,-0.001764
2019-08-30,2.26,-0.001767
2019-09-02,2.29,0.013274
2019-09-03,2.303,0.005677
2019-09-04,2.32,0.007382
2019-09-05,2.335,0.006466
2019-09-06,2.345,0.004283
2019-09-09,2.37,0.010661
2019-09-10,2.367,-0.001266
2019-09-11,2.358,-0.003802
2019-09-12,2.361,0.001272
2019-09-16,2.352,-0.003812
2019-09-17,2.326,-0.011054
2019-09-18,2.33,0.00172
2019-09-19,2.354,0.0103
2019-09-20,2.351,-0.001274
2019-09-23,2.339,-0.005104
2019-09-24,2.343,0.00171
2019-09-25,2.337,-0.002561
2019-09-26,2.307,-0.012837
2019-09-27,2.313,0.002601
2019-09-30,2.303,-0.004323
2019-10-08,2.303,0.0
2019-10-09,2.319,0.006947
2019-10-10,2.335,0.0069
2019-10-11,2.358,0.00985
2019-10-14,2.378,0.008482
2019-10-15,2.361,-0.007149
2019-10-16,2.355,-0.002541
2019-10-17,2.353,-0.000849
2019-10-18,2.352,-0.000425
2019-10-21,2.345,-0.002976
2019-10-22,2.352,0.002985
2019-10-23,2.337,-0.006378
2019-10-24,2.33,-0.002995
2019-10-25,2.343,0.005579
2019-10-28,2.368,0.01067
2019-10-29,2.364,-0.001689
2019-10-30,2.359,-0.002115
2019-10-31,2.352,-0.002967
2019-11-01,2.363,0.004677
2019-11-04,2.374,0.004655
2019-11-05,2.376,0.000842
2019-11-06,2.366,-0.004209
2019-11-07,2.386,0.008453
2019-11-08,2.38,-0.002515
2019-11-11,2.341,-0.016387
2019-11-12,2.329,-0.005126
2019-11-13,2.338,0.003864
2019-11-14,2.37,0.013687
2019-11-15,2.374,0.001688
2019-11-18,2.374,0.0
2019-11-19,2.39,0.00674
2019-11-20,2.396,0.00251
2019-11-21,2.39,-0.002504
2019-11-22,2.372,-0.007531
2019-11-25,2.361,-0.004637
2019-11-26,2.38,0.008047
2019-11-27,2.389,0.003782
2019-11-28,2.4,0.004604
2019-11-29,2.392,-0.003333
2019-12-02,2.398,0.002508
2019-12-03,2.402,0.001668
2019-12-04,2.402,0.0
2019-12-05,2.418,0.006661
2019-12-06,2.432,0.00579
2019-12-09,2.421,-0.004523
2019-12-10,2.436,0.006196
2019-12-11,2.424,-0.004926
2019-12-12,2.433,0.003713
2019-12-13,2.458,0.010275
2019-12-16,2.477,0.00773
2019-12-17,2.487,0.004037
2019-12-18,2.48,-0.002815
2019-12-19,2.476,-0.001613
2019-12-20,2.456,-0.008078
2019-12-23,2.438,-0.007329
2019-12-24,2.453,0.006153
2019-12-25,2.462,0.003669
2019-12-26,2.47,0.003249
2019-12-27,2.461,-0.003644
2019-12-30,2.475,0.005689
2019-12-31,2.489,0.005657
2020-01-02,2.505,0.006428
2020-01-03,2.505,0.0
2020-01-06,2.499,-0.002395
2020-01-07,2.518,0.007603
2020-01-08,2.491,-0.010723
2020-01-09,2.521,0.012043
2020-01-10,2.534,0.005157
2020-01-13,2.56,0.01026
2020-01-14,2.555,-0.001953
2020-01-15,2.558,0.001174
2020-01-16,2.561,0.001173
2020-01-17,2.57,0.003514
2020-01-20,2.604,0.01323
2020-01-21,2.611,0.002688
2020-01-22,2.62,0.003447
2020-01-23,2.572,-0.018321
2020-02-03,2.487,-0.033048
2020-02-04,2.529,0.016888
2020-02-05,2.568,0.015421
2020-02-06,2.611,0.016745
2020-02-07,2.617,0.002298
2020-02-10,2.611,-0.002293
2020-02-11,2.605,-0.002298
2020-02-12,2.627,0.008445
2020-02-13,2.629,0.000761
2020-02-14,2.635,0.002282
2020-02-17,2.669,0.012903
2020-02-18,2.684,0.00562
2020-02-19,2.675,-0.003353
2020-02-20,2.7,0.009346
2020-02-21,2.731,0.011481
2020-02-24,2.767,0.013182
2020-02-25,2.782,0.005421
2020-02-26,2.72,-0.022286
2020-02-27,2.72,0.0
2020-02-28,2.664,-0.020588
2020-03-02,2.709,0.016892
2020-03-03,2.729,0.007383
2020-03-04,2.727,-0.000733
2020-03-05,2.752,0.009168
2020-03-06,2.741,-0.003997
2020-03-09,2.709,-0.011675
2020-03-10,2.734,0.009228
2020-03-11,2.717,-0.006218
2020-03-12,2.677,-0.014722
2020-03-13,2.664,-0.004856
2020-03-16,2.621,-0.016141
2020-03-17,2.613,-0.003052
2020-03-18,2.613,0.0
2020-03-19,2.615,0.000765
2020-03-20,2.647,0.012237
2020-03-23,2.618,-0.010956
2020-03-24,2.626,0.003056
2020-03-25,2.656,0.011424
2020-03-26,2.651,-0.001883
2020-03-27,2.662,0.004149
2020-03-30,2.659,-0.001127
2020-03-31,2.672,0.004889
2020-04-01,2.648,-0.008982
2020-04-02,2.667,0.007175
2020-04-03,2.661,-0.00225
2020-04-07,2.709,0.018038
2020-04-08,2.717,0.002953
2020-04-09,2.762,0.016562
2020-04-10,2.723,-0.01412
2020-04-13,2.725,0.000734
2020-04-14,2.746,0.007706
2020-04-15,2.736,-0.003642
2020-04-16,2.726,-0.003655
2020-04-17,2.731,0.001834
2020-04-20,2.758,0.009886
2020-04-21,2.749,-0.003263
2020-04-22,2.764,0.005457
2020-04-23,2.75,-0.005065
2020-04-24,2.715,-0.012727
2020-04-27,2.719,0.001473
2020-04-28,2.711,-0.002942
2020-04-29,2.701,-0.003689
2020-04-30,2.716,0.005553
2020-05-06,2.753,0.013623
2020-05-07,2.761,0.002906
2020-05-08,2.77,0.00326
2020-05-11,2.762,-0.002888
2020-05-12,2.776,0.005069
2020-05-13,2.81,0.012248
2020-05-14,2.784,-0.009253
2020-05-15,2.799,0.005388
2020-05-18,2.798,-0.000357
2020-05-19,2.816,0.006433
2020-05-20,2.792,-0.008523
2020-05-21,2.772,-0.007163
2020-05-22,2.748,-0.008658
2020-05-25,2.755,0.002547
2020-05-26,2.783,0.010163
2020-05-27,2.759,-0.008624
2020-05-28,2.754,-0.001812
2020-05-29,2.785,0.011256
2020-06-01,2.84,0.019749
2020-06-02,2.837,-0.001056
2020-06-03,2.847,0.003525
2020-06-04,2.86,0.004566
2020-06-05,2.888,0.00979
2020-06-08,2.901,0.004501
2020-06-09,2.919,0.006205
2020-06-10,2.96,0.014046
2020-06-11,2.964,0.001351
2020-06-12,2.971,0.002362
2020-06-15,2.989,0.006059
2020-06-16,3.03,0.013717
2020-06-17,3.037,0.00231
2020-06-18,2.99,-0.015476
2020-06-19,3.012,0.007358
2020-06-22,3.02,0.002656
2020-06-23,3.061,0.013576
2020-06-24,3.043,-0.00588
2020-06-29,3.044,0.000329
2020-06-30,3.077,0.010841
2020-07-01,3.066,-0.003575
2020-07-02,3.089,0.007502
2020-07-03,3.1,0.003561
2020-07-06,3.141,0.013226
2020-07-07,3.164,0.007323
2020-07-08,3.183,0.006005
2020-07-09,3.238,0.017279
2020-07-10,3.264,0.00803
2020-07-13,3.306,0.012868
2020-07-14,3.281,-0.007562
2020-07-15,3.23,-0.015544
2020-07-16,3.143,-0.026935
2020-07-17,3.177,0.010818
2020-07-20,3.199,0.006925
2020-07-21,3.228,0.009065
2020-07-22,3.252,0.007435
2020-07-23,3.269,0.005228
2020-07-24,3.168,-0.030896
2020-07-27,3.188,0.006313
2020-07-28,3.204,0.005019
2020-07-29,3.258,0.016854
2020-07-30,3.251,-0.002149
2020-07-31,3.261,0.003076
2020-08-03,3.302,0.012573
2020-08-04,3.3,-0.000606
2020-08-05,3.343,0.01303
2020-08-06,3.335,-0.002393
2020-08-07,3.31,-0.007496
2020-08-10,3.296,-0.00423
2020-08-11,3.259,-0.011226
2020-08-12,3.221,-0.01166
2020-08-13,3.221,0.0
2020-08-14,3.233,0.003726
2020-08-17,3.261,0.008661
2020-08-18,3.293,0.009813
2020-08-19,3.277,-0.004859
2020-08-20,3.253,-0.007324
2020-08-21,3.258,0.001537
2020-08-24,3.285,0.008287
2020-08-25,3.284,-0.000304
2020-08-26,3.246,-0.011571
2020-08-27,3.27,0.007394
2020-08-28,3.342,0.022018
2020-08-31,3.356,0.004189
2020-09-01,3.371,0.00447
2020-09-02,3.357,-0.004153
2020-09-03,3.346,-0.003277
2020-09-04,3.336,-0.002989
2020-09-07,3.284,-0.015588
2020-09-08,3.28,-0.001218
2020-09-09,3.21,-0.021341
2020-09-10,3.18,-0.009346
2020-09-11,3.22,0.012579
2020-09-14,3.214,-0.001863
2020-09-15,3.246,0.009956
2020-09-16,3.233,-0.004005
2020-09-17,3.241,0.002474
2020-09-18,3.262,0.006479
2020-09-21,3.234,-0.008584
2020-09-22,3.216,-0.005566
2020-09-23,3.246,0.009328
2020-09-24,3.197,-0.015096
2020-09-25,3.195,-0.000626
2020-09-28,3.167,-0.008764
2020-09-29,3.167,0.0
2020-09-30,3.181,0.004421
2020-10-09,3.228,0.014775
2020-10-12,3.277,0.01518
2020-10-13,3.301,0.007324
2020-10-14,3.289,-0.003635
2020-10-15,3.269,-0.006081
2020-10-16,3.255,-0.004283
2020-10-19,3.232,-0.007066
2020-10-20,3.269,0.011448
2020-10-21,3.243,-0.007954
2020-10-22,3.232,-0.003392
2020-10-23,3.19,-0.012995
2020-10-26,3.194,0.001254
2020-10-27,3.208,0.004383
2020-10-28,3.218,0.003117
2020-10-29,3.224,0.001865
2020-10-30,3.175,-0.015199
2020-11-02,3.187,0.00378
2020-11-03,3.209,0.006903
2020-11-04,3.207,-0.000623
2020-11-05,3.225,0.005613
2020-11-06,3.188,-0.011473
2020-11-09,3.219,0.009724
2020-11-10,3.207,-0.003728
2020-11-11,3.18,-0.008419
2020-11-12,3.186,0.001887
2020-11-13,3.183,-0.000942
2020-11-16,3.194,0.003456
2020-11-17,3.173,-0.006575
2020-11-18,3.176,0.000945
2020-11-19,3.196,0.006297
2020-11-20,3.208,0.003755
2020-11-23,3.204,-0.001247
2020-11-24,3.193,-0.003433
2020-11-25,3.158,-0.010961
2020-11-26,3.147,-0.003483
2020-11-27,3.157,0.003178
2020-11-30,3.159,0.000634
2020-12-01,3.211,0.016461
2020-12-02,3.224,0.004049
2020-12-03,3.241,0.005273
2020-12-04,3.266,0.007714
2020-12-07,3.267,0.000306
2020-12-08,3.27,0.000918
2020-12-09,3.236,-0.010398
2020-12-10,3.242,0.001854
2020-12-11,3.216,-0.00802
2020-12-14,3.247,0.009639
2020-12-15,3.258,0.003388
2020-12-16,3.254,-0.001228
2020-12-17,3.243,-0.00338
2020-12-18,3.207,-0.011101
2020-12-21,3.252,0.014032
2020-12-22,3.221,-0.009533
2020-12-23,3.22,-0.00031
2020-12-24,3.203,-0.00528
2020-12-25,3.227,0.007493
2020-12-28,3.224,-0.00093
2020-12-29,3.198,-0.008065
2020-12-30,3.219,0.006567
2020-12-31,3.272,0.016465
2021-01-04,3.308,0.011002
2021-01-05,3.335,0.008162
2021-01-06,3.314,-0.006297
2021-01-07,3.302,-0.003621
2021-01-08,3.269,-0.009994
2021-01-11,3.246,-0.007036
2021-01-12,3.277,0.00955
2021-01-13,3.26,-0.005188
2021-01-14,3.25,-0.003067
2021-01-15,3.25,0.0
2021-01-18,3.264,0.004308
2021-01-19,3.247,-0.005208
2021-01-20,3.287,0.012319
2021-01-21,3.301,0.004259
2021-01-22,3.31,0.002726
2021-01-25,3.313,0.000906
2021-01-26,3.279,-0.010263
2021-01-27,3.277,-0.00061
2021-01-28,3.239,-0.011596
2021-01-29,3.225,-0.004322
2021-02-01,3.241,0.004961
2021-02-02,3.279,0.011725
2021-02-03,3.268,-0.003355
2021-02-04,3.243,-0.00765
2021-02-05,3.208,-0.010792
2021-02-08,3.22,0.003741
2021-02-09,3.255,0.01087
2021-02-10,3.272,0.005223
2021-02-18,3.27,-0.000611
2021-02-19,3.278,0.002446
2021-02-22,3.275,-0.000915
2021-02-23,3.298,0.007023
2021-02-24,3.262,-0.010916
2021-02-25,3.258,-0.001226
2021-02-26,3.228,-0.009208
2021-03-01,3.274,0.01425
2021-03-02,3.266,-0.002443
2021-03-03,3.28,0.004287
2021-03-04,3.24,-0.012195
2021-03-05,3.24,0.0
2021-03-08,3.209,-0.009568
2021-03-09,3.163,-0.014335
2021-03-10,3.166,0.000948
2021-03-11,3.193,0.008528
2021-03-12,3.197,0.001253
2021-03-15,3.17,-0.008445
2021-03-16,3.174,0.001262
2021-03-17,3.216,0.013233
2021-03-18,3.219,0.000933
2021-03-19,3.203,-0.00497
2021-03-22,3.229,0.008117
2021-03-23,3.212,-0.005265
2021-03-24,3.195,-0.005293
2021-03-25,3.21,0.004695
2021-03-26,3.245,0.010903
2021-03-29,3.258,0.004006
2021-03-30,3.266,0.002455
2021-03-31,3.256,-0.003062
2021-04-01,3.265,0.002764
2021-04-02,3.27,0.001531
2021-04-06,3.271,0.000306
2021-04-07,3.25,-0.00642
2021-04-08,3.24,-0.003077
2021-04-09,3.229,-0.003395
2021-04-12,3.183,-0.014246
2021-04-13,3.185,0.000628
2021-04-14,3.217,0.010047
2021-04-15,3.218,0.000311
2021-04-16,3.223,0.001554
2021-04-19,3.257,0.010549
2021-04-20,3.255,-0.000614
2021-04-21,3.264,0.002765
2021-04-22,3.272,0.002451
2021-04-23,3.282,0.003056
2021-04-26,3.283,0.000305
2021-04-27,3.282,-0.000305
2021-04-28,3.282,0.0
2021-04-29,3.269,-0.003961
2021-04-30,3.27,0.000306
2021-05-06,3.261,-0.002752
2021-05-07,3.229,-0.009813
2021-05-10,3.228,-0.00031
2021-05-11,3.231,0.000929
2021-05-12,3.243,0.003714
2021-05-13,3.23,-0.004009
2021-05-14,3.255,0.00774
2021-05-17,3.262,0.002151
2021-05-18,3.273,0.003372
2021-05-19,3.27,-0.000917
2021-05-20,3.263,-0.002141
2021-05-21,3.26,-0.000919
2021-05-24,3.263,0.00092
2021-05-25,3.284,0.006436
2021-05-26,3.286,0.000609
2021-05-27,3.295,0.002739
2021-05-28,3.281,-0.004249
2021-05-31,3.306,0.00762
2021-06-01,3.301,-0.001512
2021-06-02,3.276,-0.007573
2021-06-03,3.273,-0.000916
2021-06-04,3.28,0.002139
2021-06-07,3.285,0.001524
2021-06-08,3.274,-0.003349
2021-06-09,3.271,-0.000916
2021-06-10,3.289,0.005503
2021-06-11,3.274,-0.004561
2021-06-15,3.277,0.000916
2021-06-16,3.238,-0.011901
2021-06-17,3.253,0.004632
2021-06-18,3.275,0.006763
2021-06-21,3.295,0.006107
2021-06-22,3.31,0.004552
2021-06-23,3.321,0.003323
2021-06-24,3.311,-0.003011
2021-06-25,3.315,0.001208
2021-06-28,3.321,0.00181
2021-06-29,3.303,-0.00542
2021-06-30,3.326,0.006963
2021-07-01,3.315,-0.003307
2021-07-02,3.306,-0.002715
2021-07-05,3.332,0.007864
2021-07-06,3.322,-0.003001
2021-07-07,3.347,0.007526
2021-07-08,3.349,0.000598
2021-07-09,3.361,0.003583
2021-07-12,3.402,0.012199
2021-07-13,3.403,0.000294
2021-07-14,3.388,-0.004408
2021-07-15,3.381,-0.002066
2021-07-16,3.379,-0.000592
2021-07-19,3.372,-0.002072
2021-07-20,3.389,0.005042
2021-07-21,3.422,0.009737
2021-07-22,3.438,0.004676
2021-07-23,3.42,-0.005236
2021-07-26,3.408,-0.003509
2021-07-27,3.371,-0.010857
2021-07-28,3.328,-0.012756
2021-07-29,3.382,0.016226
2021-07-30,3.389,0.00207
2021-08-02,3.448,0.017409
2021-08-03,3.433,-0.00435
2021-08-04,3.47,0.010778
2021-08-05,3.455,-0.004323
2021-08-06,3.45,-0.001447
2021-08-09,3.452,0.00058
2021-08-10,3.45,-0.000579
2021-08-11,3.428,-0.006377
2021-08-12,3.449,0.006126
2021-08-13,3.443,-0.00174
2021-08-16,3.426,-0.004938
2021-08-17,3.378,-0.014011
2021-08-18,3.387,0.002664
2021-08-19,3.402,0.004429
2021-08-20,3.382,-0.005879
2021-08-23,3.44,0.01715
2021-08-24,3.458,0.005233
2021-08-25,3.444,-0.004049
2021-08-26,3.426,-0.005226
2021-08-27,3.436,0.002919
2021-08-30,3.433,-0.000873
2021-08-31,3.435,0.000583
2021-09-01,3.422,-0.003785
2021-09-02,3.439,0.004968
2021-09-03,3.426,-0.00378
2021-09-06,3.465,0.011384
2021-09-07,3.476,0.003175
2021-09-08,3.469,-0.002014
2021-09-09,3.46,-0.002594
2021-09-10,3.466,0.001734
2021-09-13,3.474,0.002308
2021-09-14,3.473,-0.000288
2021-09-15,3.494,0.006047
2021-09-16,3.452,-0.012021
2021-09-17,3.452,0.0
2021-09-22,3.453,0.00029
2021-09-23,3.445,-0.002317
2021-09-24,3.418,-0.007837
2021-09-27,3.383,-0.01024
2021-09-28,3.385,0.000591
2021-09-29,3.338,-0.013885
2021-09-30,3.379,0.012283
2021-10-08,3.396,0.005031
2021-10-11,3.376,-0.005889
2021-10-12,3.34,-0.010664
2021-10-13,3.365,0.007485
2021-10-14,3.367,0.000594
2021-10-15,3.379,0.003564
2021-10-18,3.379,0.0
2021-10-19,3.397,0.005327
2021-10-20,3.397,0.0
2021-10-21,3.39,-0.002061
2021-10-22,3.378,-0.00354
2021-10-25,3.385,0.002072
2021-10-26,3.396,0.00325
2021-10-27,3.376,-0.005889
2021-10-28,3.338,-0.011256
2021-10-29,3.348,0.002996
2021-11-01,3.368,0.005974
2021-11-02,3.361,-0.002078
2021-11-03,3.351,-0.002975
2021-11-04,3.386,0.010445
2021-11-05,3.373,-0.003839
2021-11-08,3.371,-0.000593
2021-11-09,3.4,0.008603
2021-11-10,3.422,0.006471
2021-11-11,3.437,0.004383
2021-11-12,3.457,0.005819
2021-11-15,3.441,-0.004628
2021-11-16,3.416,-0.007265
2021-11-17,3.441,0.007319
2021-11-18,3.456,0.004359
2021-11-19,3.488,0.009259
2021-11-22,3.521,0.009461
2021-11-23,3.521,0.0
2021-11-24,3.526,0.00142
2021-11-25,3.511,-0.004254
2021-11-26,3.509,-0.00057
2021-11-29,3.518,0.002565
2021-11-30,3.506,-0.003411
2021-12-01,3.513,0.001997
2021-12-02,3.483,-0.00854
2021-12-03,3.5,0.004881
2021-12-06,3.478,-0.006286
2021-12-07,3.457,-0.006038
2021-12-08,3.497,0.011571
2021-12-09,3.496,-0.000286
2021-12-10,3.493,-0.000858
2021-12-13,3.498,0.001431
2021-12-14,3.498,0.0
2021-12-15,3.484,-0.004002
2021-12-16,3.494,0.00287
2021-12-17,3.464,-0.008586
2021-12-20,3.439,-0.007217
2021-12-21,3.451,0.003489
2021-12-22,3.472,0.006085
2021-12-23,3.483,0.003168
2021-12-24,3.47,-0.003732
2021-12-27,3.472,0.000576
2021-12-28,3.494,0.006336
2021-12-29,3.482,-0.003434
2021-12-30,3.498,0.004595
2021-12-31,3.502,0.001144
2022-01-04,3.479,-0.006568
2022-01-05,3.44,-0.01121
2022-01-06,3.455,0.00436
2022-01-07,3.423,-0.009262
2022-01-10,3.422,-0.000292
2022-01-11,3.409,-0.003799
2022-01-12,3.435,0.007627
2022-01-13,3.398,-0.010771
2022-01-14,3.407,0.002649
2022-01-17,3.431,0.007044
2022-01-18,3.423,-0.002332
2022-01-19,3.4,-0.006719
2022-01-20,3.375,-0.007353
2022-01-21,3.351,-0.007111
2022-01-24,3.36,0.002686
2022-01-25,3.331,-0.008631
2022-01-26,3.344,0.003903
2022-01-27,3.317,-0.008074
2022-01-28,3.317,0.0
2022-02-07,3.326,0.002713
2022-02-08,3.319,-0.002105
2022-02-09,3.336,0.005122
2022-02-10,3.325,-0.003297
2022-02-11,3.292,-0.009925
2022-02-14,3.288,-0.001215
2022-02-15,3.311,0.006995
2022-02-16,3.318,0.002114
2022-02-17,3.327,0.002712
2022-02-18,3.33,0.000902
2022-02-21,3.338,0.002402
2022-02-22,3.323,-0.004494
2022-02-23,3.352,0.008727
2022-02-24,3.326,-0.007757
2022-02-25,3.345,0.005713
2022-02-28,3.352,0.002093
2022-03-01,3.35,-0.000597
2022-03-02,3.34,-0.002985
2022-03-03,3.335,-0.001497
2022-03-04,3.327,-0.002399
2022-03-07,3.305,-0.006613
2022-03-08,3.273,-0.009682
2022-03-09,3.255,-0.0055
2022-03-10,3.278,0.007066
2022-03-11,3.294,0.004881
2022-03-14,3.285,-0.002732
2022-03-15,3.235,-0.015221
2022-03-16,3.255,0.006182
2022-03-17,3.292,0.011367
2022-03-18,3.295,0.000911
2022-03-21,3.319,0.007284
2022-03-22,3.299,-0.006026
2022-03-23,3.301,0.000606
2022-03-24,3.305,0.001212
2022-03-25,3.304,-0.000303
2022-03-28,3.292,-0.003632
2022-03-29,3.285,-0.002126
2022-03-30,3.298,0.003957
2022-03-31,3.278,-0.006064
2022-04-01,3.272,-0.00183
2022-04-06,3.265,-0.002139
2022-04-07,3.249,-0.0049
2022-04-08,3.243,-0.001847
2022-04-11,3.222,-0.006475
2022-04-12,3.23,0.002483
2022-04-13,3.204,-0.00805
2022-04-14,3.203,-0.000312
2022-04-15,3.194,-0.00281
2022-04-18,3.203,0.002818
2022-04-19,3.209,0.001873
2022-04-20,3.189,-0.006232
2022-04-21,3.16,-0.009094
2022-04-22,3.144,-0.005063
2022-04-25,3.082,-0.01972
2022-04-26,3.057,-0.008112
2022-04-27,3.1,0.014066
2022-04-28,3.103,0.000968
2022-04-29,3.134,0.00999
2022-05-05,3.154,0.006382
2022-05-06,3.153,-0.000317
2022-05-09,3.176,0.007295
2022-05-10,3.202,0.008186
2022-05-11,3.208,0.001874
2022-05-12,3.209,0.000312
2022-05-13,3.214,0.001558
2022-05-16,3.207,-0.002178
2022-05-17,3.207,0.0
2022-05-18,3.203,-0.001247
2022-05-19,3.218,0.004683
2022-05-20,3.225,0.002175
2022-05-23,3.242,0.005271
2022-05-24,3.194,-0.014806
2022-05-25,3.205,0.003444
2022-05-26,3.21,0.00156
2022-05-27,3.201,-0.002804
2022-05-30,3.204,0.000937
2022-05-31,3.214,0.003121
2022-06-01,3.211,-0.000933
2022-06-02,3.216,0.001557
2022-06-06,3.241,0.007774
2022-06-07,3.236,-0.001543
2022-06-08,3.232,-0.001236
2022-06-09,3.215,-0.00526
2022-06-10,3.239,0.007465
2022-06-13,3.246,0.002161
2022-06-14,3.239,-0.002157
2022-06-15,3.225,-0.004322
2022-06-16,3.237,0.003721
2022-06-17,3.255,0.005561
2022-06-20,3.248,-0.002151
2022-06-21,3.228,-0.006158
2022-06-22,3.214,-0.004337
2022-06-23,3.224,0.003111
2022-06-24,3.243,0.005893
2022-06-27,3.25,0.002158
2022-06-28,3.263,0.004
2022-06-29,3.238,-0.007662
2022-06-30,3.251,0.004015
2022-07-01,3.25,-0.000308
2022-07-04,3.264,0.004308
2022-07-05,3.266,0.000613
2022-07-06,3.249,-0.005205
2022-07-07,3.264,0.004617
2022-07-08,3.256,-0.002451
2022-07-11,3.24,-0.004914
2022-07-12,3.216,-0.007407
2022-07-13,3.222,0.001866
2022-07-14,3.229,0.002173
2022-07-15,3.224,-0.001548
2022-07-18,3.233,0.002792
2022-07-19,3.239,0.001856
2022-07-20,3.246,0.002161
2022-07-21,3.239,-0.002157
2022-07-22,3.229,-0.003087
2022-07-25,3.218,-0.003407
2022-07-26,3.231,0.00404
2022-07-27,3.233,0.000619
2022-07-28,3.244,0.003402
2022-07-29,3.239,-0.001541
2022-08-01,3.257,0.005557
2022-08-02,3.237,-0.006141
2022-08-03,3.232,-0.001545
2022-08-04,3.239,0.002166
2022-08-05,3.263,0.00741
2022-08-08,3.271,0.002452
2022-08-09,3.281,0.003057
2022-08-10,3.285,0.001219
2022-08-11,3.306,0.006393
2022-08-12,3.297,-0.002722
2022-08-15,3.307,0.003033
2022-08-16,3.305,-0.000605
2022-08-17,3.308,0.000908
2022-08-18,3.312,0.001209
2022-08-19,3.283,-0.008756
2022-08-22,3.299,0.004874
2022-08-23,3.292,-0.002122
2022-08-24,3.256,-0.010936
2022-08-25,3.253,-0.000921
2022-08-26,3.254,0.000307
2022-08-29,3.26,0.001844
2022-08-30,3.252,-0.002454
2022-08-31,3.228,-0.00738
2022-09-01,3.224,-0.001239
2022-09-02,3.236,0.003722
2022-09-05,3.238,0.000618
2022-09-06,3.253,0.004632
2022-09-07,3.259,0.001844
2022-09-08,3.256,-0.000921
2022-09-09,3.259,0.000921
2022-09-13,3.254,-0.001534
2022-09-14,3.246,-0.002459
2022-09-15,3.218,-0.008626
2022-09-16,3.201,-0.005283
2022-09-19,3.19,-0.003436
2022-09-20,3.191,0.000313
2022-09-21,3.18,-0.003447
2022-09-22,3.175,-0.001572
2022-09-23,3.157,-0.005669
2022-09-26,3.149,-0.002534
2022-09-27,3.172,0.007304
2022-09-28,3.142,-0.009458
2022-09-29,3.153,0.003501
2022-09-30,3.139,-0.00444
2022-10-10,3.108,-0.009876
2022-10-11,3.108,0.0
2022-10-12,3.133,0.008044
2022-10-13,3.14,0.002234
2022-10-14,3.157,0.005414
2022-10-17,3.166,0.002851
2022-10-18,3.164,-0.000632
2022-10-19,3.157,-0.002212
2022-10-20,3.16,0.00095
2022-10-21,3.159,-0.000316
2022-10-24,3.147,-0.003799
2022-10-25,3.143,-0.001271
2022-10-26,3.17,0.008591
2022-10-27,3.176,0.001893
2022-10-28,3.146,-0.009446
2022-10-31,3.151,0.001589
2022-11-01,3.173,0.006982
2022-11-02,3.191,0.005673
2022-11-03,3.185,-0.00188
2022-11-04,3.204,0.005965
2022-11-07,3.2,-0.001248
2022-11-08,3.197,-0.000938
2022-11-09,3.196,-0.000313
2022-11-10,3.181,-0.004693
2022-11-11,3.184,0.000943
2022-11-14,3.185,0.000314
2022-11-15,3.206,0.006593
2022-11-16,3.197,-0.002807
2022-11-17,3.202,0.001564
2022-11-18,3.193,-0.002811
2022-11-21,3.207,0.004385
2022-11-22,3.185,-0.00686
2022-11-23,3.174,-0.003454
2022-11-24,3.176,0.00063
2022-11-25,3.159,-0.005353
2022-11-28,3.151,-0.002532
2022-11-29,3.165,0.004443
2022-11-30,3.161,-0.001264
2022-12-01,3.179,0.005694
2022-12-02,3.175,-0.001258
2022-12-05,3.177,0.00063
2022-12-06,3.18,0.000944
2022-12-07,3.175,-0.001572
2022-12-08,3.168,-0.002205
2022-12-09,3.165,-0.000947
2022-12-12,3.165,0.0
2022-12-13,3.154,-0.003476
2022-12-14,3.151,-0.000951
2022-12-15,3.155,0.001269
2022-12-16,3.147,-0.002536
2022-12-19,3.119,-0.008897
2022-12-20,3.11,-0.002886
2022-12-21,3.103,-0.002251
2022-12-22,3.089,-0.004512
2022-12-23,3.089,0.0
2022-12-26,3.109,0.006475
2022-12-27,3.115,0.00193
2022-12-28,3.112,-0.000963
2022-12-29,3.121,0.002892
2022-12-30,3.124,0.000961
2022-12-31,3.124,0.0
2023-01-03,3.138,0.004481
2023-01-04,3.135,-0.000956
2023-01-05,3.143,0.002552
2023-01-06,3.146,0.000955
2023-01-09,3.147,0.000318
2023-01-10,3.151,0.001271
2023-01-11,3.148,-0.000952
2023-01-12,3.145,-0.000953
2023-01-13,3.148,0.000954
2023-01-16,3.158,0.003177
2023-01-17,3.154,-0.001267
2023-01-18,3.161,0.002219
2023-01-19,3.172,0.00348
2023-01-20,3.182,0.003153
2023-01-30,3.182,0.0
2023-01-31,3.184,0.000629
2023-02-01,3.192,0.002513
2023-02-02,3.199,0.002193
2023-02-03,3.193,-0.001876
2023-02-06,3.185,-0.002505
2023-02-07,3.189,0.001256
2023-02-08,3.187,-0.000627
2023-02-09,3.203,0.00502
2023-02-10,3.196,-0.002185
2023-02-13,3.211,0.004693
2023-02-14,3.213,0.000623
2023-02-15,3.209,-0.001245
2023-02-16,3.192,-0.005298
2023-02-17,3.179,-0.004073
2023-02-20,3.194,0.004718
2023-02-21,3.2,0.001879
2023-02-22,3.203,0.000937
2023-02-23,3.201,-0.000624
2023-02-24,3.198,-0.000937
2023-02-27,3.19,-0.002502
2023-02-28,3.199,0.002821
2023-03-01,3.204,0.001563
2023-03-02,3.197,-0.002185
2023-03-03,3.191,-0.001877
2023-03-06,3.198,0.002194
2023-03-07,3.181,-0.005316
2023-03-08,3.184,0.000943
2023-03-09,3.188,0.001256
2023-03-10,3.172,-0.005019
2023-03-13,3.179,0.002207
2023-03-14,3.172,-0.002202
2023-03-15,3.18,0.002522
2023-03-16,3.162,-0.00566
2023-03-17,3.157,-0.001581
2023-03-20,3.152,-0.001584
2023-03-21,3.163,0.00349
2023-03-22,3.17,0.002213
2023-03-23,3.17,0.0
2023-03-24,3.161,-0.002839
2023-03-27,3.158,-0.000949
2023-03-28,3.153,-0.001583
2023-03-29,3.154,0.000317
2023-03-30,3.151,-0.000951
2023-03-31,3.155,0.001269
2023-04-03,3.16,0.001585
2023-04-04,3.157,-0.000949
2023-04-06,3.157,0.0
2023-04-07,3.164,0.002217
2023-04-10,3.157,-0.002212
2023-04-11,3.16,0.00095
2023-04-12,3.156,-0.001266
2023-04-13,3.153,-0.000951
2023-04-14,3.16,0.00222
2023-04-17,3.162,0.000633
2023-04-18,3.161,-0.000316
2023-04-19,3.152,-0.002847
2023-04-20,3.144,-0.002538
2023-04-21,3.121,-0.007316
2023-04-24,3.105,-0.005127
2023-04-25,3.08,-0.008052
2023-04-26,3.099,0.006169
2023-04-27,3.104,0.001613
2023-04-28,3.103,-0.000322
2023-05-04,3.098,-0.001611
2023-05-05,3.08,-0.00581
2023-05-08,3.088,0.002597
2023-05-09,3.065,-0.007448
2023-05-10,3.071,0.001958
2023-05-11,3.073,0.000651
2023-05-12,3.06,-0.00423
2023-05-15,3.076,0.005229
2023-05-16,3.074,-0.00065
2023-05-17,3.07,-0.001301
2023-05-18,3.066,-0.001303
2023-05-19,3.072,0.001957
2023-05-22,3.082,0.003255
2023-05-23,3.079,-0.000973
2023-05-24,3.077,-0.00065
2023-05-25,3.073,-0.0013
2023-05-26,3.088,0.004881
2023-05-29,3.082,-0.001943
2023-05-30,3.08,-0.000649
2023-05-31,3.076,-0.001299
2023-06-01,3.077,0.000325
2023-06-02,3.086,0.002925
2023-06-05,3.086,0.0
2023-06-06,3.069,-0.005509
2023-06-07,3.068,-0.000326
2023-06-08,3.064,-0.001304
2023-06-09,3.075,0.00359
2023-06-12,3.082,0.002276
2023-06-13,3.081,-0.000324
2023-06-14,3.082,0.000325
2023-06-15,3.095,0.004218
2023-06-16,3.101,0.001939
2023-06-19,3.103,0.000645
2023-06-20,3.1,-0.000967
2023-06-21,3.09,-0.003226
2023-06-26,3.08,-0.003236
2023-06-27,3.091,0.003571
2023-06-28,3.089,-0.000647
2023-06-29,3.094,0.001619
2023-06-30,3.105,0.003555
2023-07-03,3.107,0.000644
2023-07-04,3.108,0.000322
2023-07-05,3.101,-0.002252
2023-07-06,3.098,-0.000967
2023-07-07,3.095,-0.000968
2023-07-10,3.1,0.001616
2023-07-11,3.103,0.000968
2023-07-12,3.09,-0.004189
2023-07-13,3.095,0.001618
2023-07-14,3.088,-0.002262
2023-07-17,3.083,-0.001619
2023-07-18,3.084,0.000324
2023-07-19,3.074,-0.003243
2023-07-20,3.064,-0.003253
2023-07-21,3.06,-0.001305
2023-07-24,3.056,-0.001307
2023-07-25,3.071,0.004908
2023-07-26,3.07,-0.000326
2023-07-27,3.061,-0.002932
2023-07-28,3.065,0.001307
2023-07-31,3.068,0.000979
2023-08-01,3.062,-0.001956
2023-08-02,3.06,-0.000653
2023-08-03,3.066,0.001961
2023-08-04,3.064,-0.000652
2023-08-07,3.053,-0.00359
2023-08-08,3.052,-0.000328
2023-08-09,3.047,-0.001638
2023-08-10,3.049,0.000656
2023-08-11,3.035,-0.004592
2023-08-14,3.035,0.0
2023-08-15,3.031,-0.001318
2023-08-16,3.021,-0.003299
2023-08-17,3.03,0.002979
2023-08-18,3.017,-0.00429
2023-08-21,3.007,-0.003315
2023-08-22,3.01,0.000998
2023-08-23,2.992,-0.00598
2023-08-24,2.998,0.002005
2023-08-25,2.985,-0.004336
2023-08-28,2.995,0.00335
2023-08-29,3.015,0.006678
2023-08-30,3.014,-0.000332
2023-08-31,3.005,-0.002986
2023-09-01,3.006,0.000333
2023-09-04,3.019,0.004325
2023-09-05,3.023,0.001325
2023-09-06,3.018,-0.001654
2023-09-07,3.002,-0.005302
2023-09-08,3.001,-0.000333
2023-09-11,3.014,0.004332
2023-09-12,3.013,-0.000332
2023-09-13,3.002,-0.003651
2023-09-14,2.998,-0.001332
2023-09-15,3.0,0.000667
2023-09-18,3.004,0.001333
2023-09-19,3.0,-0.001332
2023-09-20,2.995,-0.001667
2023-09-21,2.986,-0.003005
2023-09-22,2.999,0.004354
2023-09-25,3.002,0.001
2023-09-26,2.999,-0.000999
2023-09-27,3.016,0.005669
2023-09-28,3.021,0.001658
2023-10-09,3.012,-0.002979
2023-10-10,3.004,-0.002656
2023-10-11,3.007,0.000999
2023-10-12,3.019,0.003991
2023-10-13,3.014,-0.001656
2023-10-16,3.009,-0.001659
2023-10-17,3.005,-0.001329
2023-10-18,2.995,-0.003328
2023-10-19,2.988,-0.002337
2023-10-20,2.987,-0.000335
2023-10-23,2.966,-0.00703
2023-10-24,2.973,0.00236
2023-10-25,2.984,0.0037
2023-10-26,2.986,0.00067
2023-10-27,3.014,0.009377
2023-10-30,3.023,0.002986
2023-10-31,3.016,-0.002316
2023-11-01,3.012,-0.001326
2023-11-02,2.998,-0.004648
2023-11-03,3.003,0.001668
2023-11-06,3.028,0.008325
2023-11-07,3.03,0.000661
2023-11-08,3.029,-0.00033
2023-11-09,3.031,0.00066
2023-11-10,3.023,-0.002639
2023-11-13,3.029,0.001985
2023-11-14,3.033,0.001321
2023-11-15,3.038,0.001649
2023-11-16,3.029,-0.002962
2023-11-17,3.04,0.003632
2023-11-20,3.04,0.0
2023-11-21,3.03,-0.003289
2023-11-22,3.016,-0.00462
2023-11-23,3.024,0.002653
2023-11-24,3.012,-0.003968
2023-11-27,3.01,-0.000664
2023-11-28,3.015,0.001661
2023-11-29,3.015,0.0
2023-11-30,3.012,-0.000995
2023-12-01,3.011,-0.000332
2023-12-04,3.008,-0.000996
2023-12-05,2.994,-0.004654
2023-12-06,2.994,0.0
2023-12-07,2.988,-0.002004
2023-12-08,2.99,0.000669
2023-12-11,2.997,0.002341
2023-12-12,2.994,-0.001001
2023-12-13,2.979,-0.00501
2023-12-14,2.971,-0.002685
2023-12-15,2.967,-0.001346
2023-12-18,2.954,-0.004382
2023-12-19,2.959,0.001693
2023-12-20,2.951,-0.002704
2023-12-21,2.96,0.00305
2023-12-22,2.963,0.001014
2023-12-25,2.962,-0.000337
2023-12-26,2.953,-0.003038
2023-12-27,2.956,0.001016
2023-12-28,2.977,0.007104
2023-12-29,2.989,0.004031
2023-12-31,2.989,0.0
2024-01-02,2.981,-0.002676
2024-01-03,2.974,-0.002348
2024-01-04,2.971,-0.001009
2024-01-05,2.953,-0.006059
2024-01-08,2.935,-0.006095
2024-01-09,2.939,0.001363
2024-01-10,2.934,-0.001701
2024-01-11,2.95,0.005453
2024-01-12,2.948,-0.000678
2024-01-15,2.944,-0.001357
2024-01-16,2.94,-0.001359
2024-01-17,2.919,-0.007143
2024-01-18,2.92,0.000343
2024-01-19,2.911,-0.003082
2024-01-22,2.871,-0.013741
2024-01-23,2.884,0.004528
2024-01-24,2.879,-0.001734
2024-01-25,2.892,0.004515
2024-01-26,2.883,-0.003112
2024-01-29,2.855,-0.009712
2024-01-30,2.839,-0.005604
2024-01-31,2.814,-0.008806
2024-02-01,2.811,-0.001066
2024-02-02,2.788,-0.008182
2024-02-05,2.76,-0.010043
2024-02-06,2.791,0.011232
2024-02-07,2.796,0.001791
2024-02-08,2.835,0.013948
2024-02-19,2.848,0.004586
2024-02-20,2.853,0.001756
2024-02-21,2.861,0.002804
2024-02-22,2.874,0.004544
2024-02-23,2.884,0.003479
2024-02-26,2.89,0.00208
2024-02-27,2.908,0.006228
2024-02-28,2.873,-0.012036
2024-02-29,2.899,0.00905
2024-03-01,2.905,0.00207
2024-03-04,2.914,0.003098
2024-03-05,2.906,-0.002745
2024-03-06,2.911,0.001721
2024-03-07,2.901,-0.003435
2024-03-08,2.915,0.004826
2024-03-11,2.934,0.006518
2024-03-12,2.937,0.001022
2024-03-13,2.94,0.001021
2024-03-14,2.932,-0.002721
2024-03-15,2.937,0.001705
2024-03-18,2.944,0.002383
2024-03-19,2.938,-0.002038
2024-03-20,2.94,0.000681
2024-03-21,2.936,-0.001361
2024-03-22,2.928,-0.002725
2024-03-25,2.924,-0.001366
2024-03-26,2.928,0.001368
2024-03-27,2.909,-0.006489
2024-03-28,2.92,0.003781
2024-03-29,2.922,0.000685
2024-04-01,2.933,0.003765
2024-04-02,2.934,0.000341
2024-04-03,2.936,0.000682
2024-04-08,2.924,-0.004087
2024-04-09,2.933,0.003078
2024-04-10,2.92,-0.004432
2024-04-11,2.922,0.000685
2024-04-12,2.92,-0.000684
2024-04-15,2.912,-0.00274
2024-04-16,2.88,-0.010989
2024-04-17,2.905,0.008681
2024-04-18,2.902,-0.001033
2024-04-19,2.895,-0.002412
2024-04-22,2.897,0.000691
2024-04-23,2.898,0.000345
2024-04-24,2.906,0.002761
2024-04-25,2.911,0.001721
2024-04-26,2.92,0.003092
2024-04-29,2.939,0.006507
2024-04-30,2.934,-0.001701
2024-05-06,2.949,0.005112
2024-05-07,2.952,0.001017
2024-05-08,2.943,-0.003049
2024-05-09,2.958,0.005097
2024-05-10,2.947,-0.003719
2024-05-13,2.941,-0.002036
2024-05-14,2.942,0.00034
2024-05-15,2.935,-0.002379
2024-05-16,2.937,0.000681
2024-05-17,2.94,0.001021
2024-05-20,2.943,0.00102
2024-05-21,2.936,-0.002379
2024-05-22,2.941,0.001703
2024-05-23,2.938,-0.00102
2024-05-24,2.932,-0.002042
2024-05-27,2.933,0.000341
2024-05-28,2.927,-0.002046
2024-05-29,2.929,0.000683
2024-05-30,2.926,-0.001024
2024-05-31,2.927,0.000342
2024-06-03,2.919,-0.002733
2024-06-04,2.917,-0.000685
2024-06-05,2.903,-0.004799
2024-06-06,2.886,-0.005856
2024-06-07,2.888,0.000693
2024-06-11,2.889,0.000346
2024-06-12,2.894,0.001731
2024-06-13,2.89,-0.001382
2024-06-14,2.887,-0.001038
2024-06-17,2.889,0.000693
2024-06-18,2.901,0.004154
2024-06-19,2.893,-0.002758
2024-06-20,2.877,-0.005531
2024-06-21,2.878,0.000348
2024-06-24,2.857,-0.007297
2024-06-25,2.855,-0.0007
2024-06-26,2.869,0.004904
2024-06-27,2.853,-0.005577
2024-06-28,2.858,0.001753
2024-06-30,2.858,0.0
2024-07-01,2.865,0.002449
2024-07-02,2.858,-0.002443
2024-07-03,2.85,-0.002799
2024-07-04,2.831,-0.006667
2024-07-05,2.839,0.002826
2024-07-08,2.823,-0.005636
2024-07-09,2.832,0.003188
2024-07-10,2.828,-0.001412
2024-07-11,2.845,0.006011
2024-07-12,2.842,-0.001054
2024-07-15,2.839,-0.001056
2024-07-16,2.839,0.0
2024-07-17,2.832,-0.002466
2024-07-18,2.836,0.001412
2024-07-19,2.84,0.00141
2024-07-22,2.84,0.0
2024-07-23,2.818,-0.007746
2024-07-24,2.804,-0.004968
2024-07-25,2.805,0.000357
2024-07-26,2.815,0.003565
2024-07-29,2.807,-0.002842
2024-07-30,2.803,-0.001425
2024-07-31,2.832,0.010346
2024-08-01,2.829,-0.001059
2024-08-02,2.82,-0.003181
2024-08-05,2.803,-0.006028
2024-08-06,2.816,0.004638
2024-08-07,2.816,0.0
2024-08-08,2.816,0.0
2024-08-09,2.813,-0.001065
2024-08-12,2.811,-0.000711
2024-08-13,2.814,0.001067
2024-08-14,2.805,-0.003198
2024-08-15,2.811,0.002139
2024-08-16,2.813,0.000711
2024-08-19,2.813,0.0
2024-08-20,2.804,-0.003199
2024-08-21,2.804,0.0
2024-08-22,2.803,-0.000357
2024-08-23,2.8,-0.00107
2024-08-26,2.804,0.001429
2024-08-27,2.801,-0.00107
2024-08-28,2.803,0.000714
2024-08-29,2.822,0.006778
2024-08-30,2.833,0.003898
2024-09-02,2.825,-0.002824
2024-09-03,2.831,0.002124
2024-09-04,2.827,-0.001413
2024-09-05,2.828,0.000354
2024-09-06,2.813,-0.005304
2024-09-09,2.808,-0.001777
2024-09-10,2.807,-0.000356
2024-09-11,2.812,0.001781
2024-09-12,2.813,0.000356
2024-09-13,2.804,-0.003199
2024-09-18,2.801,-0.00107
2024-09-19,2.808,0.002499
2024-09-20,2.804,-0.001425
2024-09-23,2.803,-0.000357
2024-09-24,2.827,0.008562
2024-09-25,2.831,0.001415
2024-09-26,2.852,0.007418
2024-09-27,2.891,0.013675
2024-09-30,2.963,0.024905
2024-10-08,3.008,0.015187
2024-10-09,2.942,-0.021941
2024-10-10,2.946,0.00136
2024-10-11,2.923,-0.007807
2024-10-14,2.946,0.007869
2024-10-15,2.933,-0.004413
2024-10-16,2.931,-0.000682
2024-10-17,2.93,-0.000341
2024-10-18,2.947,0.005802
2024-10-21,2.947,0.0
2024-10-22,2.952,0.001697
2024-10-23,2.958,0.002033
2024-10-24,2.953,-0.00169
2024-10-25,2.963,0.003386
2024-10-28,2.976,0.004387
2024-10-29,2.963,-0.004368
2024-10-30,2.961,-0.000675
2024-10-31,2.965,0.001351
2024-11-01,2.954,-0.00371
2024-11-04,2.969,0.005078
2024-11-05,2.995,0.008757
2024-11-06,2.996,0.000334
2024-11-07,3.001,0.001669
2024-11-08,2.998,-0.001
2024-11-11,3.015,0.00567
2024-11-12,3.003,-0.00398
2024-11-13,3.005,0.000666
2024-11-14,2.983,-0.007321
2024-11-15,2.959,-0.008046
2024-11-18,2.941,-0.006083
2024-11-19,2.963,0.00748
2024-11-20,2.973,0.003375
2024-11-21,2.969,-0.001345
2024-11-22,2.937,-0.010778
2024-11-25,2.943,0.002043
2024-11-26,2.94,-0.001019
2024-11-27,2.957,0.005782
2024-11-28,2.951,-0.002029
2024-11-29,2.97,0.006438
2024-12-02,2.979,0.00303
2024-12-03,2.979,0.0
2024-12-04,2.965,-0.0047
2024-12-05,2.977,0.004047
2024-12-06,2.984,0.002351
2024-12-09,2.982,-0.00067
2024-12-10,2.981,-0.000335
2024-12-11,2.982,0.000335
2024-12-12,2.989,0.002347
2024-12-13,2.976,-0.004349
2024-12-16,2.968,-0.002688
2024-12-17,2.961,-0.002358
2024-12-18,2.958,-0.001013
2024-12-19,2.954,-0.001352
2024-12-20,2.957,0.001016
2024-12-23,2.951,-0.002029
2024-12-24,2.967,0.005422
2024-12-25,2.961,-0.002022
2024-12-26,2.963,0.000675
2024-12-27,2.96,-0.001012
2024-12-30,2.963,0.001014
2024-12-31,2.947,-0.0054
2025-01-02,2.938,-0.003054
2025-01-03,2.922,-0.005446
2025-01-06,2.932,0.003422
2025-01-07,2.947,0.005116
2025-01-08,2.953,0.002036
2025-01-09,2.957,0.001355
2025-01-10,2.938,-0.006425
2025-01-13,2.932,-0.002042
2025-01-14,2.963,0.010573
2025-01-15,2.964,0.000337
2025-01-16,2.968,0.00135
2025-01-17,2.972,0.001348
2025-01-20,2.978,0.002019
2025-01-21,2.973,-0.001679
2025-01-22,2.966,-0.002355
2025-01-23,2.956,-0.003372
2025-01-24,2.969,0.004398
2025-01-27,2.961,-0.002695
2025-02-05,2.952,-0.00304
2025-02-06,2.965,0.004404
2025-02-07,2.989,0.008094
2025-02-10,2.985,-0.001338
2025-02-11,2.986,0.000335
2025-02-12,3.0,0.004689
2025-02-13,2.988,-0.004
2025-02-14,2.992,0.001339
2025-02-17,2.985,-0.00234
2025-02-18,2.978,-0.002345
2025-02-19,2.997,0.00638
2025-02-20,3.005,0.002669
2025-02-21,3.013,0.002662
2025-02-24,3.01,-0.000996
2025-02-25,3.003,-0.002326
2025-02-26,3.019,0.005328
2025-02-27,3.016,-0.000994
2025-02-28,2.998,-0.005968
2025-03-03,3.001,0.001001
2025-03-04,3.002,0.000333
2025-03-05,3.008,0.001999
2025-03-06,3.019,0.003657
2025-03-07,3.017,-0.000662
2025-03-10,3.024,0.00232
2025-03-11,3.022,-0.000661
2025-03-12,3.025,0.000993
2025-03-13,3.017,-0.002645
2025-03-14,3.031,0.00464
2025-03-17,3.032,0.00033
2025-03-18,3.035,0.000989
2025-03-19,3.03,-0.001647
2025-03-20,3.026,-0.00132
2025-03-21,3.015,-0.003635
2025-03-24,3.018,0.000995
2025-03-25,3.016,-0.000663
2025-03-26,3.031,0.004973
2025-03-27,3.027,-0.00132
2025-03-28,3.014,-0.004295
2025-03-31,3.005,-0.002986
2025-04-01,3.006,0.000333
2025-04-02,3.024,0.005988
2025-04-03,2.998,-0.008598
2025-04-07,2.911,-0.029019
2025-04-08,2.894,-0.00584
2025-04-09,2.902,0.002764
2025-04-10,2.934,0.011027
2025-04-11,2.942,0.002727
2025-04-14,2.943,0.00034
2025-04-15,2.94,-0.001019
2025-04-16,2.921,-0.006463
2025-04-17,2.925,0.001369
2025-04-18,2.928,0.001026
2025-04-21,2.947,0.006489
2025-04-22,2.943,-0.001357
2025-04-23,2.956,0.004417
2025-04-24,2.952,-0.001353
2025-04-25,2.963,0.003726
2025-04-28,2.957,-0.002025
2025-04-29,2.96,0.001015
2025-04-30,2.969,0.003041
2025-05-06,2.995,0.008757
2025-05-07,2.997,0.000668
2025-05-08,3.008,0.00367
2025-05-09,2.995,-0.004322
2025-05-12,3.016,0.007012
2025-05-13,3.015,-0.000332
2025-05-14,3.017,0.000663
2025-05-15,2.999,-0.005966
2025-05-16,3.005,0.002001
2025-05-19,3.011,0.001997
2025-05-20,3.023,0.003985
2025-05-21,3.022,-0.000331
2025-05-22,3.011,-0.00364
2025-05-23,2.999,-0.003985
2025-05-26,2.995,-0.001334
2025-05-27,2.987,-0.002671
2025-05-28,2.986,-0.000335
2025-05-29,2.996,0.003349
2025-05-30,2.98,-0.00534
2025-06-03,2.985,0.001678
2025-06-04,2.997,0.00402
2025-06-05,3.012,0.005005
2025-06-06,3.017,0.00166
2025-06-09,3.02,0.000994
2025-06-10,3.008,-0.003974
2025-06-11,3.022,0.004654
2025-06-12,3.025,0.000993
2025-06-13,3.011,-0.004628
2025-06-16,3.023,0.003985
2025-06-17,3.02,-0.000992
2025-06-18,3.023,0.000993
2025-06-19,3.012,-0.003639
2025-06-20,3.005,-0.002324
2025-06-23,3.014,0.002995
2025-06-24,3.034,0.006636
2025-06-25,3.054,0.006592
2025-06-26,3.045,-0.002947
2025-06-27,3.052,0.002299
2025-06-30,3.057,0.001638
2025-07-01,3.057,0.0
2025-07-02,3.052,-0.001636
2025-07-03,3.056,0.001311
2025-07-04,3.049,-0.002291
2025-07-07,3.051,0.000656
2025-07-08,3.063,0.003933
2025-07-09,3.06,-0.000979
2025-07-10,3.059,-0.000327
2025-07-11,3.062,0.000981
2025-07-14,3.063,0.000327
2025-07-15,3.062,-0.000326
2025-07-16,3.071,0.002939
2025-07-17,3.077,0.001954
2025-07-18,3.075,-0.00065
2025-07-21,3.09,0.004878
2025-07-22,3.098,0.002589
2025-07-23,3.099,0.000323
2025-07-24,3.111,0.003872
2025-07-25,3.11,-0.000321
2025-07-28,3.115,0.001608
2025-07-29,3.12,0.001605
2025-07-30,3.111,-0.002885
2025-07-31,3.098,-0.004179
2025-08-01,3.11,0.003873
2025-08-04,3.124,0.004502
2025-08-05,3.138,0.004481
2025-08-06,3.147,0.002868
2025-08-07,3.147,0.0
2025-08-08,3.154,0.002224
2025-08-11,3.158,0.001268
2025-08-12,3.159,0.000317
2025-08-13,3.17,0.003482
2025-08-14,3.151,-0.005994
2025-08-15,3.175,0.007617
2025-08-18,3.185,0.00315
2025-08-19,3.178,-0.002198
2025-08-20,3.182,0.001259
2025-08-21,3.18,-0.000629
2025-08-22,3.192,0.003774
2025-08-25,3.203,0.003446
2025-08-26,3.213,0.003122
2025-08-27,3.191,-0.006847
2025-08-28,3.198,0.002194
2025-08-29,3.211,0.004065
2025-09-01,3.219,0.002491
2025-09-02,3.196,-0.007145
2025-09-03,3.187,-0.002816
2025-09-04,3.167,-0.006275
2025-09-05,3.211,0.013893
2025-09-08,3.23,0.005917
2025-09-09,3.215,-0.004644
2025-09-10,3.212,-0.000933
2025-09-11,3.235,0.007161
2025-09-12,3.242,0.002164
2025-09-15,3.25,0.002468
2025-09-16,3.256,0.001846
2025-09-17,3.267,0.003378
2025-09-18,3.251,-0.004897
2025-09-19,3.255,0.00123
2025-09-22,3.271,0.004916
2025-09-23,3.269,-0.000611
2025-09-24,3.293,0.007342
2025-09-25,3.295,0.000607
2025-09-26,3.294,-0.000303
2025-09-29,3.312,0.005464
2025-09-30,3.325,0.003925
2025-10-09,3.329,0.001203
2025-10-10,3.317,-0.003605
2025-10-13,3.307,-0.003015
2025-10-14,3.282,-0.00756
2025-10-15,3.305,0.007008
2025-10-16,3.31,0.001513
2025-10-17,3.261,-0.014804
2025-10-20,3.264,0.00092
2025-10-21,3.283,0.005821
2025-10-22,3.276,-0.002132
2025-10-23,3.276,0.0
2025-10-24,3.304,0.008547
2025-10-27,3.318,0.004237
2025-10-28,3.3,-0.005425
2025-10-29,3.32,0.006061
2025-10-30,3.303,-0.00512
2025-10-31,3.298,-0.001514
2025-11-03,3.292,-0.001819
2025-11-04,3.269,-0.006987
2025-11-05,3.281,0.003671
2025-11-06,3.289,0.002438
2025-11-07,3.292,0.000912
2025-11-10,3.302,0.003038
2025-11-11,3.293,-0.002726
2025-11-12,3.285,-0.002429
2025-11-13,3.302,0.005175
2025-11-14,3.286,-0.004846
2025-11-17,3.273,-0.003956
2025-11-18,3.255,-0.0055
2025-11-19,3.243,-0.003687
2025-11-20,3.232,-0.003392
2025-11-21,3.193,-0.012067
2025-11-24,3.208,0.004698
2025-11-25,3.218,0.003117
2025-11-26,3.222,0.001243
2025-11-27,3.226,0.001241
2025-11-28,3.239,0.00403
2025-12-01,3.257,0.005557
2025-12-02,3.235,-0.006755
2025-12-03,3.233,-0.000618
2025-12-04,3.234,0.000309
2025-12-05,3.246,0.003711
2025-12-08,3.252,0.001848
2025-12-09,3.24,-0.00369
2025-12-10,3.244,0.001235
2025-12-11,3.233,-0.003391
2025-12-12,3.243,0.003093
2025-12-15,3.238,-0.001542
2025-12-16,3.22,-0.005559
2025-12-17,3.242,0.006832
2025-12-18,3.231,-0.003393
2025-12-19,3.241,0.003095
2025-12-22,3.248,0.00216
2025-12-23,3.251,0.000924
2025-12-24,3.275,0.007382
2025-12-25,3.283,0.002443
2025-12-26,3.273,-0.003046
2025-12-29,3.276,0.000917
2025-12-30,3.272,-0.001221
2025-12-31,3.271,-0.000306
2026-01-05,3.306,0.0107
2026-01-06,3.326,0.00605
2026-01-07,3.35,0.007216
2026-01-08,3.355,0.001493
2026-01-09,3.365,0.002981
2026-01-12,3.374,0.002675
2026-01-13,3.366,-0.002371
2026-01-14,3.371,0.001485
2026-01-15,3.383,0.00356
2026-01-16,3.389,0.001774
2026-01-19,3.397,0.002361
2026-01-20,3.388,-0.002649
2026-01-21,3.405,0.005018
2026-01-22,3.41,0.001468
2026-01-23,3.441,0.009091
2026-01-26,3.441,0.0
2026-01-27,3.435,-0.001744
2026-01-28,3.433,-0.000582
2026-01-29,3.4,-0.009613
2026-01-30,3.401,0.000294
2026-02-02,3.367,-0.009997
2026-02-03,3.41,0.012771
2026-02-04,3.425,0.004399
2026-02-05,3.41,-0.00438
2026-02-06,3.413,0.00088
2026-02-09,3.453,0.01172
2026-02-10,3.449,-0.001158
2026-02-11,3.451,0.00058
2026-02-12,3.469,0.005216
2026-02-13,3.448,-0.006054
2026-02-24,3.463,0.00435
2026-02-25,3.471,0.00231
2026-02-26,3.485,0.004033
2026-02-27,3.509,0.006887
2026-03-02,3.496,-0.003705
2026-03-03,3.444,-0.014874
2026-03-04,3.435,-0.002613
2026-03-05,3.453,0.00524
2026-03-06,3.462,0.002606
2026-03-09,3.448,-0.004044
2026-03-10,3.481,0.009571
2026-03-11,3.486,0.001436
2026-03-12,3.488,0.000574
2026-03-13,3.493,0.001433
2026-03-16,3.482,-0.003149
2026-03-17,3.453,-0.008329
2026-03-18,3.465,0.003475
2026-03-19,3.432,-0.009524
2026-03-20,3.411,-0.006119
2026-03-23,3.368,-0.012606
2026-03-24,3.388,0.005938
2026-03-25,3.415,0.007969
2026-03-26,3.388,-0.007906
2026-03-27,3.408,0.005903
2026-03-30,3.413,0.001467
2026-03-31,3.387,-0.007618
2026-04-01,3.411,0.007086
2026-04-02,3.388,-0.006743
2026-04-03,3.372,-0.004723
2026-04-07,3.393,0.006228
2026-04-08,3.443,0.014736
2026-04-09,3.446,0.000871
2026-04-10,3.462,0.004643
2026-04-13,3.473,0.003177
2026-04-14,3.48,0.002016
2026-04-15,3.467,-0.003736
2026-04-16,3.501,0.009807
2026-04-17,3.513,0.003428
2026-04-20,3.5,-0.003701
2026-04-21,3.509,0.002571
2026-04-22,3.512,0.000855
2026-04-23,3.491,-0.005979
2026-04-24,3.502,0.003151
2026-04-27,3.52,0.00514
2026-04-28,3.52,0.0
2026-04-29,3.543,0.006534
2026-04-30,3.539,-0.001129
2026-05-06,3.559,0.005651
2026-05-07,3.574,0.004215
2026-05-08,3.565,-0.002518
2026-05-11,3.588,0.006452
2026-05-12,3.575,-0.003623
2026-05-13,3.577,0.000559
2026-05-14,3.564,-0.003634
2026-05-15,3.545,-0.005331
2026-05-18,3.541,-0.001128
2026-05-19,3.557,0.004518
2026-05-20,3.568,0.003092
2026-05-21,3.532,-0.01009
2026-05-22,3.547,0.004247
2026-05-25,3.566,0.005357
2026-05-26,3.567,0.00028
2026-05-27,3.534,-0.009251
2026-05-28,3.531,-0.000849
2026-05-29,3.498,-0.009346
2026-06-01,3.483,-0.004288
2026-06-02,3.492,0.002584
2026-06-03,3.483,-0.002577
2026-06-04,3.48,-0.000861
2026-06-05,3.466,-0.004023
2026-06-08,3.431,-0.010098
2026-06-09,3.468,0.010784
2026-06-10,3.451,-0.004902
2026-06-11,3.456,0.001449
2026-06-12,3.457,0.000289
2026-06-15,3.491,0.009835
2026-06-16,3.493,0.000573
2026-06-17,3.496,0.000859
2026-06-18,3.488,-0.002288
2026-06-22,3.478,-0.002867
2026-06-23,3.449,-0.008338
2026-06-24,3.462,0.003769
2026-06-25,3.452,-0.002889
2026-06-26,3.436,-0.004635
2026-06-29,3.48,0.012806
2026-06-30,3.535,0.015805
2026-07-01,3.55,0.004243
2026-07-02,3.542,-0.002254
2026-07-03,3.548,0.001694
2026-07-06,3.556,0.002255
2026-07-07,3.54,-0.004499
2026-07-08,3.499,-0.011582
2026-07-09,3.527,0.008002
2026-07-10,3.504,-0.006521
2026-07-13,3.434,-0.019977
2026-07-14,3.45,0.004659
2026-07-15,3.429,-0.006087
2026-07-16,3.387,-0.012248
2026-07-17,3.305,-0.02421
2026-07-20,3.275,-0.009077
2026-07-21,3.335,0.018321
2026-07-22,3.317,-0.005397
2026-07-23,3.318,0.000301
2026-07-24,3.297,-0.006329
2026-07-27,3.326,0.008796
2026-07-28,3.282,-0.013229
2026-07-29,3.282,0.0
2026-07-30,3.231,-0.015539
2026-07-31,3.254,0.007119
2026-08-03,3.239,-0.00461
2026-08-04,3.269,0.009262
2026-08-05,3.313,0.01346
2026-08-06,3.323,0.003018
2026-08-07,3.353,0.009028
2026-08-10,3.348,-0.001491
2026-08-11,3.354,0.001792
2026-08-12,3.37,0.00477
2026-08-13,3.353,-0.005045
2026-08-14,3.356,0.000895
2026-08-17,3.4,0.013111
2026-08-18,3.398,-0.000588
2026-08-19,3.33,-0.020012
2026-08-20,3.339,0.002703
2026-08-21,3.35,0.003294
2026-08-24,3.323,-0.00806
2026-08-25,3.335,0.003611
2026-08-26,3.323,-0.003598
2026-08-27,3.357,0.010232
2026-08-28,3.344,-0.003873
2026-08-31,3.374,0.008971
2026-09-01,3.36,-0.004149
2026-09-02,3.348,-0.003571
2026-09-03,3.354,0.001792
2026-09-04,3.332,-0.006559
2026-09-07,3.352,0.006002
2026-09-08,3.342,-0.002983
2026-09-09,3.343,0.000299
2026-09-10,3.333,-0.002991
2026-09-11,3.309,-0.007201
2026-09-14,3.325,0.004835
2026-09-15,3.314,-0.003308
2026-09-16,3.335,0.006337
2026-09-17,3.337,0.0006
2026-09-18,3.36,0.006892
2026-09-21,3.369,0.002679
2026-09-22,3.371,0.000594
2026-09-23,3.379,0.002373
2026-09-24,3.351,-0.008286
2026-09-28,3.308,-0.012832
2026-09-29,3.308,0.0
2026-09-30,3.31,0.000605
