净值日期,累计净值,daily_return
2010-09-19,1.0,
2010-09-21,1.0,0.0
2010-09-30,1.001,0.001
2010-10-08,1.0,-0.000999
2010-10-15,1.006,0.006
2010-10-21,1.007,0.000994
2010-10-22,1.005,-0.001986
2010-10-25,1.008,0.002985
2010-10-26,1.009,0.000992
2010-10-27,1.002,-0.006938
2010-10-28,1.003,0.000998
2010-10-29,1.001,-0.001994
2010-11-01,1.01,0.008991
2010-11-02,1.013,0.00297
2010-11-03,1.022,0.008885
2010-11-04,1.024,0.001957
2010-11-05,1.026,0.001953
2010-11-08,1.031,0.004873
2010-11-09,1.025,-0.00582
2010-11-10,1.018,-0.006829
2010-11-11,1.019,0.000982
2010-11-12,1.003,-0.015702
2010-11-15,0.995,-0.007976
2010-11-16,0.984,-0.011055
2010-11-17,0.966,-0.018293
2010-11-18,0.981,0.015528
2010-11-19,0.984,0.003058
2010-11-22,0.985,0.001016
2010-11-23,0.968,-0.017259
2010-11-24,0.97,0.002066
2010-11-25,0.975,0.005155
2010-11-26,0.968,-0.007179
2010-11-29,0.975,0.007231
2010-11-30,0.968,-0.007179
2010-12-01,0.973,0.005165
2010-12-02,0.984,0.011305
2010-12-03,0.984,0.0
2010-12-06,0.981,-0.003049
2010-12-07,0.988,0.007136
2010-12-08,0.977,-0.011134
2010-12-09,0.977,0.0
2010-12-10,0.969,-0.008188
2010-12-13,0.972,0.003096
2010-12-14,0.975,0.003086
2010-12-15,0.965,-0.010256
2010-12-16,0.955,-0.010363
2010-12-17,0.959,0.004188
2010-12-20,0.953,-0.006257
2010-12-21,0.962,0.009444
2010-12-22,0.961,-0.00104
2010-12-23,0.956,-0.005203
2010-12-24,0.95,-0.006276
2010-12-27,0.949,-0.001053
2010-12-28,0.939,-0.010537
2010-12-29,0.95,0.011715
2010-12-30,0.957,0.007368
2010-12-31,0.962,0.005225
2011-01-04,0.99,0.029106
2011-01-05,0.991,0.00101
2011-01-06,0.992,0.001009
2011-01-07,0.987,-0.00504
2011-01-10,0.984,-0.00304
2011-01-11,0.986,0.002033
2011-01-12,0.994,0.008114
2011-01-13,0.993,-0.001006
2011-01-14,0.993,0.0
2011-01-17,0.985,-0.008056
2011-01-18,0.987,0.00203
2011-01-19,0.995,0.008105
2011-01-20,0.978,-0.017085
2011-01-21,0.97,-0.00818
2011-01-24,0.957,-0.013402
2011-01-25,0.959,0.00209
2011-01-26,0.96,0.001043
2011-01-27,0.961,0.001042
2011-01-28,0.951,-0.010406
2011-01-31,0.942,-0.009464
2011-02-01,0.943,0.001062
2011-02-09,0.929,-0.014846
2011-02-10,0.912,-0.018299
2011-02-11,0.916,0.004386
2011-02-14,0.932,0.017467
2011-02-15,0.926,-0.006438
2011-02-16,0.931,0.0054
2011-02-17,0.936,0.005371
2011-02-18,0.942,0.00641
2011-02-21,0.94,-0.002123
2011-02-22,0.919,-0.02234
2011-02-23,0.912,-0.007617
2011-02-24,0.902,-0.010965
2011-02-25,0.914,0.013304
2011-02-28,0.922,0.008753
2011-03-01,0.936,0.015184
2011-03-02,0.93,-0.00641
2011-03-03,0.935,0.005376
2011-03-04,0.949,0.014973
2011-03-07,0.944,-0.005269
2011-03-08,0.953,0.009534
2011-03-09,0.959,0.006296
2011-03-10,0.953,-0.006257
2011-03-11,0.937,-0.016789
2011-03-14,0.942,0.005336
2011-03-15,0.922,-0.021231
2011-03-16,0.926,0.004338
2011-03-17,0.907,-0.020518
2011-03-18,0.912,0.005513
2011-03-21,0.925,0.014254
2011-03-22,0.932,0.007568
2011-03-23,0.935,0.003219
2011-03-24,0.943,0.008556
2011-03-25,0.951,0.008484
2011-03-28,0.942,-0.009464
2011-03-29,0.945,0.003185
2011-03-30,0.955,0.010582
2011-03-31,0.963,0.008377
2011-04-01,0.974,0.011423
2011-04-06,0.987,0.013347
2011-04-07,0.99,0.00304
2011-04-08,0.995,0.005051
2011-04-11,0.994,-0.001005
2011-04-12,0.982,-0.012072
2011-04-13,0.988,0.00611
2011-04-14,0.99,0.002024
2011-04-15,0.999,0.009091
2011-04-18,0.994,-0.005005
2011-04-19,0.987,-0.007042
2011-04-20,1.006,0.01925
2011-04-21,1.018,0.011928
2011-04-22,1.017,-0.000982
2011-04-25,1.016,-0.000983
2011-04-26,1.011,-0.004921
2011-04-27,0.999,-0.011869
2011-04-28,0.999,0.0
2011-04-29,0.994,-0.005005
2011-05-03,0.993,-0.001006
2011-05-04,0.972,-0.021148
2011-05-05,0.97,-0.002058
2011-05-06,0.971,0.001031
2011-05-09,0.99,0.019567
2011-05-10,0.989,-0.00101
2011-05-11,0.992,0.003033
2011-05-12,0.979,-0.013105
2011-05-13,0.986,0.00715
2011-05-16,0.975,-0.011156
2011-05-17,0.968,-0.007179
2011-05-18,0.976,0.008264
2011-05-19,0.977,0.001025
2011-05-20,0.976,-0.001024
2011-05-23,0.95,-0.026639
2011-05-24,0.958,0.008421
2011-05-25,0.954,-0.004175
2011-05-26,0.959,0.005241
2011-05-27,0.968,0.009385
2011-05-30,0.976,0.008264
2011-05-31,0.993,0.017418
2011-06-01,0.992,-0.001007
2011-06-02,0.979,-0.013105
2011-06-03,0.977,-0.002043
2011-06-07,0.97,-0.007165
2011-06-08,0.96,-0.010309
2011-06-09,0.945,-0.015625
2011-06-10,0.932,-0.013757
2011-06-13,0.934,0.002146
2011-06-14,0.934,0.0
2011-06-15,0.934,0.0
2011-06-16,0.916,-0.019272
2011-06-17,0.902,-0.015284
2011-06-20,0.898,-0.004435
2011-06-21,0.916,0.020045
2011-06-22,0.922,0.00655
2011-06-23,0.922,0.0
2011-06-24,0.943,0.022777
2011-06-27,0.948,0.005302
2011-06-28,0.948,0.0
2011-06-29,0.953,0.005274
2011-06-30,0.966,0.013641
2011-07-01,0.966,0.0
2011-07-04,0.985,0.019669
2011-07-05,0.983,-0.00203
2011-07-06,0.971,-0.012208
2011-07-07,0.978,0.007209
2011-07-08,0.978,0.0
2011-07-11,0.963,-0.015337
2011-07-12,0.94,-0.023884
2011-07-13,0.953,0.01383
2011-07-14,0.957,0.004197
2011-07-15,0.966,0.009404
2011-07-18,0.961,-0.005176
2011-07-19,0.956,-0.005203
2011-07-20,0.961,0.00523
2011-07-21,0.96,-0.001041
2011-07-22,0.978,0.01875
2011-07-25,0.968,-0.010225
2011-07-26,0.977,0.009298
2011-07-27,0.978,0.001024
2011-07-28,0.976,-0.002045
2011-07-29,0.966,-0.010246
2011-08-01,0.974,0.008282
2011-08-02,0.963,-0.011294
2011-08-03,0.953,-0.010384
2011-08-04,0.94,-0.013641
2011-08-05,0.903,-0.039362
2011-08-08,0.88,-0.025471
2011-08-09,0.856,-0.027273
2011-08-10,0.867,0.01285
2011-08-11,0.861,-0.00692
2011-08-12,0.865,0.004646
2011-08-15,0.893,0.03237
2011-08-16,0.896,0.003359
2011-08-17,0.898,0.002232
2011-08-18,0.881,-0.018931
2011-08-19,0.849,-0.036322
2011-08-22,0.827,-0.025913
2011-08-23,0.847,0.024184
2011-08-24,0.834,-0.015348
2011-08-25,0.85,0.019185
2011-08-26,0.841,-0.010588
2011-08-29,0.857,0.019025
2011-08-30,0.873,0.01867
2011-08-31,0.89,0.019473
2011-09-01,0.887,-0.003371
2011-09-02,0.875,-0.013529
2011-09-05,0.854,-0.024
2011-09-06,0.854,0.0
2011-09-07,0.864,0.01171
2011-09-08,0.857,-0.008102
2011-09-09,0.854,-0.003501
2011-09-13,0.82,-0.039813
2011-09-14,0.807,-0.015854
2011-09-15,0.811,0.004957
2011-09-16,0.823,0.014797
2011-09-19,0.799,-0.029162
2011-09-20,0.796,-0.003755
2011-09-21,0.789,-0.008794
2011-09-22,0.746,-0.054499
2011-09-23,0.742,-0.005362
2011-09-26,0.71,-0.043127
2011-09-27,0.743,0.046479
2011-09-28,0.744,0.001346
2011-09-29,0.744,0.0
2011-09-30,0.718,-0.034946
2011-10-10,0.716,-0.002786
2011-10-11,0.741,0.034916
2011-10-12,0.762,0.02834
2011-10-13,0.788,0.034121
2011-10-14,0.77,-0.022843
2011-10-17,0.785,0.019481
2011-10-18,0.752,-0.042038
2011-10-19,0.757,0.006649
2011-10-20,0.743,-0.018494
2011-10-21,0.745,0.002692
2011-10-24,0.775,0.040268
2011-10-25,0.778,0.003871
2011-10-26,0.788,0.012853
2011-10-27,0.82,0.040609
2011-10-28,0.824,0.004878
2011-10-31,0.814,-0.012136
2011-11-01,0.795,-0.023342
2011-11-02,0.81,0.018868
2011-11-03,0.8,-0.012346
2011-11-04,0.817,0.02125
2011-11-07,0.817,0.0
2011-11-08,0.817,0.0
2011-11-09,0.823,0.007344
2011-11-10,0.796,-0.032807
2011-11-11,0.8,0.005025
2011-11-14,0.815,0.01875
2011-11-15,0.815,0.0
2011-11-16,0.805,-0.01227
2011-11-17,0.806,0.001242
2011-11-18,0.792,-0.01737
2011-11-21,0.781,-0.013889
2011-11-22,0.782,0.00128
2011-11-23,0.768,-0.017903
2011-11-24,0.769,0.001302
2011-11-25,0.759,-0.013004
2011-11-28,0.773,0.018445
2011-11-29,0.78,0.009056
2011-11-30,0.771,-0.011538
2011-12-01,0.801,0.038911
2011-12-02,0.805,0.004994
2011-12-05,0.806,0.001242
2011-12-06,0.797,-0.011166
2011-12-07,0.804,0.008783
2011-12-08,0.798,-0.007463
2011-12-09,0.783,-0.018797
2011-12-12,0.78,-0.003831
2011-12-13,0.777,-0.003846
2011-12-14,0.776,-0.001287
2011-12-15,0.766,-0.012887
2011-12-16,0.777,0.01436
2011-12-19,0.766,-0.014157
2011-12-20,0.766,0.0
2011-12-21,0.778,0.015666
2011-12-22,0.779,0.001285
2011-12-23,0.79,0.014121
2011-12-26,0.789,-0.001266
2011-12-27,0.789,0.0
2011-12-28,0.781,-0.010139
2011-12-29,0.777,-0.005122
2011-12-30,0.775,-0.002574
2011-12-31,0.775,0.0
2012-01-04,0.774,-0.00129
2012-01-05,0.775,0.001292
2012-01-06,0.762,-0.016774
2012-01-09,0.769,0.009186
2012-01-10,0.777,0.010403
2012-01-11,0.781,0.005148
2012-01-12,0.779,-0.002561
2012-01-13,0.779,0.0
2012-01-16,0.767,-0.015404
2012-01-17,0.789,0.028683
2012-01-18,0.787,-0.002535
2012-01-19,0.797,0.012706
2012-01-20,0.797,0.0
2012-01-30,0.793,-0.005019
2012-01-31,0.802,0.011349
2012-02-01,0.802,0.0
2012-02-02,0.821,0.023691
2012-02-03,0.829,0.009744
2012-02-06,0.827,-0.002413
2012-02-07,0.825,-0.002418
2012-02-08,0.837,0.014545
2012-02-09,0.846,0.010753
2012-02-10,0.83,-0.018913
2012-02-13,0.833,0.003614
2012-02-14,0.828,-0.006002
2012-02-15,0.84,0.014493
2012-02-16,0.835,-0.005952
2012-02-17,0.839,0.00479
2012-02-20,0.835,-0.004768
2012-02-21,0.835,0.0
2012-02-22,0.847,0.014371
2012-02-23,0.842,-0.005903
2012-02-24,0.843,0.001188
2012-02-27,0.836,-0.008304
2012-02-28,0.849,0.01555
2012-02-29,0.853,0.004711
2012-03-01,0.843,-0.011723
2012-03-02,0.854,0.013049
2012-03-05,0.85,-0.004684
2012-03-06,0.831,-0.022353
2012-03-07,0.831,0.0
2012-03-08,0.846,0.018051
2012-03-09,0.85,0.004728
2012-03-12,0.85,0.0
2012-03-13,0.856,0.007059
2012-03-14,0.859,0.003505
2012-03-15,0.858,-0.001164
2012-03-16,0.851,-0.008159
2012-03-19,0.84,-0.012926
2012-03-20,0.829,-0.013095
2012-03-21,0.826,-0.003619
2012-03-22,0.825,-0.001211
2012-03-23,0.819,-0.007273
2012-03-26,0.818,-0.001221
2012-03-27,0.827,0.011002
2012-03-28,0.822,-0.006046
2012-03-29,0.811,-0.013382
2012-03-30,0.815,0.004932
2012-03-31,0.815,0.0
2012-04-05,0.817,0.002454
2012-04-06,0.818,0.001224
2012-04-09,0.817,-0.001222
2012-04-10,0.809,-0.009792
2012-04-11,0.801,-0.009889
2012-04-12,0.807,0.007491
2012-04-13,0.814,0.008674
2012-04-16,0.81,-0.004914
2012-04-17,0.806,-0.004938
2012-04-18,0.812,0.007444
2012-04-19,0.817,0.006158
2012-04-20,0.819,0.002448
2012-04-23,0.805,-0.017094
2012-04-24,0.803,-0.002484
2012-04-25,0.804,0.001245
2012-04-26,0.808,0.004975
2012-04-27,0.807,-0.001238
2012-05-02,0.819,0.01487
2012-05-03,0.816,-0.003663
2012-05-04,0.812,-0.004902
2012-05-07,0.796,-0.019704
2012-05-08,0.794,-0.002513
2012-05-09,0.784,-0.012594
2012-05-10,0.784,0.0
2012-05-11,0.776,-0.010204
2012-05-14,0.772,-0.005155
2012-05-15,0.777,0.006477
2012-05-16,0.756,-0.027027
2012-05-17,0.766,0.013228
2012-05-18,0.754,-0.015666
2012-05-21,0.754,0.0
2012-05-22,0.764,0.013263
2012-05-23,0.759,-0.006545
2012-05-24,0.758,-0.001318
2012-05-25,0.755,-0.003958
2012-05-28,0.759,0.005298
2012-05-29,0.771,0.01581
2012-05-30,0.765,-0.007782
2012-05-31,0.762,-0.003922
2012-06-01,0.757,-0.006562
2012-06-04,0.735,-0.029062
2012-06-05,0.739,0.005442
2012-06-06,0.751,0.016238
2012-06-07,0.755,0.005326
2012-06-08,0.754,-0.001325
2012-06-11,0.768,0.018568
2012-06-12,0.769,0.001302
2012-06-13,0.775,0.007802
2012-06-14,0.768,-0.009032
2012-06-15,0.778,0.013021
2012-06-18,0.783,0.006427
2012-06-19,0.781,-0.002554
2012-06-20,0.779,-0.002561
2012-06-21,0.767,-0.015404
2012-06-25,0.755,-0.015645
2012-06-26,0.757,0.002649
2012-06-27,0.764,0.009247
2012-06-28,0.758,-0.007853
2012-06-29,0.772,0.01847
2012-06-30,0.772,0.0
2012-07-02,0.771,-0.001295
2012-07-03,0.782,0.014267
2012-07-04,0.784,0.002558
2012-07-05,0.784,0.0
2012-07-06,0.79,0.007653
2012-07-09,0.775,-0.018987
2012-07-10,0.775,0.0
2012-07-11,0.778,0.003871
2012-07-12,0.769,-0.011568
2012-07-13,0.77,0.0013
2012-07-16,0.767,-0.003896
2012-07-17,0.771,0.005215
2012-07-18,0.762,-0.011673
2012-07-19,0.772,0.013123
2012-07-20,0.775,0.003886
2012-07-23,0.76,-0.019355
2012-07-24,0.76,0.0
2012-07-25,0.755,-0.006579
2012-07-26,0.754,-0.001325
2012-07-27,0.764,0.013263
2012-07-30,0.769,0.006545
2012-07-31,0.776,0.009103
2012-08-01,0.779,0.003866
2012-08-02,0.773,-0.007702
2012-08-03,0.774,0.001294
2012-08-06,0.783,0.011628
2012-08-07,0.785,0.002554
2012-08-08,0.787,0.002548
2012-08-09,0.795,0.010165
2012-08-10,0.791,-0.005031
2012-08-13,0.785,-0.007585
2012-08-14,0.789,0.005096
2012-08-15,0.782,-0.008872
2012-08-16,0.783,0.001279
2012-08-17,0.788,0.006386
2012-08-20,0.79,0.002538
2012-08-21,0.796,0.007595
2012-08-22,0.789,-0.008794
2012-08-23,0.801,0.015209
2012-08-24,0.794,-0.008739
2012-08-27,0.786,-0.010076
2012-08-28,0.784,-0.002545
2012-08-29,0.786,0.002551
2012-08-30,0.782,-0.005089
2012-08-31,0.778,-0.005115
2012-09-03,0.782,0.005141
2012-09-04,0.775,-0.008951
2012-09-05,0.767,-0.010323
2012-09-06,0.771,0.005215
2012-09-07,0.789,0.023346
2012-09-10,0.79,0.001267
2012-09-11,0.792,0.002532
2012-09-12,0.797,0.006313
2012-09-13,0.797,0.0
2012-09-14,0.814,0.02133
2012-09-17,0.808,-0.007371
2012-09-18,0.802,-0.007426
2012-09-19,0.808,0.007481
2012-09-20,0.799,-0.011139
2012-09-21,0.804,0.006258
2012-09-24,0.804,0.0
2012-09-25,0.804,0.0
2012-09-26,0.797,-0.008706
2012-09-27,0.804,0.008783
2012-09-28,0.811,0.008706
2012-09-30,0.811,0.0
2012-10-08,0.815,0.004932
2012-10-09,0.818,0.003681
2012-10-10,0.82,0.002445
2012-10-11,0.824,0.004878
2012-10-12,0.826,0.002427
2012-10-15,0.821,-0.006053
2012-10-16,0.826,0.00609
2012-10-17,0.832,0.007264
2012-10-18,0.838,0.007212
2012-10-19,0.839,0.001193
2012-10-22,0.843,0.004768
2012-10-23,0.843,0.0
2012-10-24,0.844,0.001186
2012-10-25,0.841,-0.003555
2012-10-26,0.829,-0.014269
2012-10-29,0.832,0.003619
2012-10-30,0.833,0.001202
2012-10-31,0.84,0.008403
2012-11-01,0.85,0.011905
2012-11-02,0.86,0.011765
2012-11-05,0.856,-0.004651
2012-11-06,0.855,-0.001168
2012-11-07,0.855,0.0
2012-11-08,0.842,-0.015205
2012-11-09,0.84,-0.002375
2012-11-12,0.841,0.00119
2012-11-13,0.829,-0.014269
2012-11-14,0.835,0.007238
2012-11-15,0.825,-0.011976
2012-11-16,0.829,0.004848
2012-11-19,0.833,0.004825
2012-11-20,0.829,-0.004802
2012-11-21,0.835,0.007238
2012-11-22,0.842,0.008383
2012-11-23,0.848,0.007126
2012-11-26,0.848,0.0
2012-11-27,0.846,-0.002358
2012-11-28,0.841,-0.00591
2012-11-29,0.843,0.002378
2012-11-30,0.848,0.005931
2012-12-03,0.841,-0.008255
2012-12-04,0.833,-0.009512
2012-12-05,0.86,0.032413
2012-12-06,0.861,0.001163
2012-12-07,0.862,0.001161
2012-12-10,0.866,0.00464
2012-12-11,0.865,-0.001155
2012-12-12,0.874,0.010405
2012-12-13,0.872,-0.002288
2012-12-14,0.879,0.008028
2012-12-17,0.875,-0.004551
2012-12-18,0.87,-0.005714
2012-12-19,0.874,0.004598
2012-12-20,0.876,0.002288
2012-12-21,0.871,-0.005708
2012-12-24,0.87,-0.001148
2012-12-25,0.871,0.001149
2012-12-26,0.871,0.0
2012-12-27,0.876,0.005741
2012-12-28,0.881,0.005708
2012-12-31,0.884,0.003405
2013-01-04,0.914,0.033937
2013-01-07,0.921,0.007659
2013-01-08,0.909,-0.013029
2013-01-09,0.913,0.0044
2013-01-10,0.918,0.005476
2013-01-11,0.913,-0.005447
2013-01-14,0.922,0.009858
2013-01-15,0.923,0.001085
2013-01-16,0.922,-0.001083
2013-01-17,0.919,-0.003254
2013-01-18,0.931,0.013058
2013-01-21,0.934,0.003222
2013-01-22,0.94,0.006424
2013-01-23,0.94,0.0
2013-01-24,0.939,-0.001064
2013-01-25,0.93,-0.009585
2013-01-28,0.932,0.002151
2013-01-29,0.935,0.003219
2013-01-30,0.942,0.007487
2013-01-31,0.938,-0.004246
2013-02-01,0.944,0.006397
2013-02-04,0.949,0.005297
2013-02-05,0.935,-0.014752
2013-02-06,0.942,0.007487
2013-02-07,0.94,-0.002123
2013-02-08,0.941,0.001064
2013-02-18,0.959,0.019129
2013-02-19,0.947,-0.012513
2013-02-20,0.956,0.009504
2013-02-21,0.941,-0.01569
2013-02-22,0.934,-0.007439
2013-02-25,0.93,-0.004283
2013-02-26,0.914,-0.017204
2013-02-27,0.921,0.007659
2013-02-28,0.942,0.022801
2013-03-01,0.946,0.004246
2013-03-04,0.934,-0.012685
2013-03-05,0.946,0.012848
2013-03-06,0.959,0.013742
2013-03-07,0.956,-0.003128
2013-03-08,0.959,0.003138
2013-03-11,0.952,-0.007299
2013-03-12,0.941,-0.011555
2013-03-13,0.927,-0.014878
2013-03-14,0.935,0.00863
2013-03-15,0.929,-0.006417
2013-03-18,0.912,-0.018299
2013-03-19,0.908,-0.004386
2013-03-20,0.925,0.018722
2013-03-21,0.928,0.003243
2013-03-22,0.933,0.005388
2013-03-25,0.928,-0.005359
2013-03-26,0.926,-0.002155
2013-03-27,0.935,0.009719
2013-03-28,0.92,-0.016043
2013-03-29,0.92,0.0
2013-04-01,0.919,-0.001087
2013-04-02,0.912,-0.007617
2013-04-03,0.911,-0.001096
2013-04-08,0.892,-0.020856
2013-04-09,0.91,0.020179
2013-04-10,0.915,0.005495
2013-04-11,0.92,0.005464
2013-04-12,0.919,-0.001087
2013-04-15,0.908,-0.01197
2013-04-16,0.906,-0.002203
2013-04-17,0.903,-0.003311
2013-04-18,0.902,-0.001107
2013-04-19,0.922,0.022173
2013-04-22,0.928,0.006508
2013-04-23,0.916,-0.012931
2013-04-24,0.929,0.014192
2013-04-25,0.93,0.001076
2013-04-26,0.93,0.0
2013-05-02,0.943,0.013978
2013-05-03,0.946,0.003181
2013-05-06,0.956,0.010571
2013-05-07,0.958,0.002092
2013-05-08,0.953,-0.005219
2013-05-09,0.951,-0.002099
2013-05-10,0.956,0.005258
2013-05-13,0.943,-0.013598
2013-05-14,0.937,-0.006363
2013-05-15,0.949,0.012807
2013-05-16,0.956,0.007376
2013-05-17,0.954,-0.002092
2013-05-20,0.963,0.009434
2013-05-21,0.957,-0.006231
2013-05-22,0.948,-0.009404
2013-05-23,0.926,-0.023207
2013-05-24,0.93,0.00432
2013-05-27,0.938,0.008602
2013-05-28,0.951,0.013859
2013-05-29,0.946,-0.005258
2013-05-30,0.943,-0.003171
2013-05-31,0.941,-0.002121
2013-06-03,0.934,-0.007439
2013-06-04,0.93,-0.004283
2013-06-05,0.926,-0.004301
2013-06-06,0.911,-0.016199
2013-06-07,0.904,-0.007684
2013-06-13,0.874,-0.033186
2013-06-14,0.875,0.001144
2013-06-17,0.891,0.018286
2013-06-18,0.893,0.002245
2013-06-19,0.883,-0.011198
2013-06-20,0.86,-0.026048
2013-06-21,0.858,-0.002326
2013-06-24,0.83,-0.032634
2013-06-25,0.82,-0.012048
2013-06-26,0.845,0.030488
2013-06-27,0.851,0.007101
2013-06-28,0.865,0.016451
2013-06-30,0.865,0.0
2013-07-01,0.866,0.001156
2013-07-02,0.862,-0.004619
2013-07-03,0.839,-0.026682
2013-07-04,0.841,0.002384
2013-07-05,0.855,0.016647
2013-07-08,0.849,-0.007018
2013-07-09,0.847,-0.002356
2013-07-10,0.85,0.003542
2013-07-11,0.872,0.025882
2013-07-12,0.875,0.00344
2013-07-15,0.885,0.011429
2013-07-16,0.89,0.00565
2013-07-17,0.884,-0.006742
2013-07-18,0.882,-0.002262
2013-07-19,0.873,-0.010204
2013-07-22,0.877,0.004582
2013-07-23,0.896,0.021665
2013-07-24,0.904,0.008929
2013-07-25,0.905,0.001106
2013-07-26,0.905,0.0
2013-07-29,0.895,-0.01105
2013-07-30,0.897,0.002235
2013-07-31,0.896,-0.001115
2013-08-01,0.906,0.011161
2013-08-02,0.91,0.004415
2013-08-05,0.913,0.003297
2013-08-06,0.91,-0.003286
2013-08-07,0.894,-0.017582
2013-08-08,0.892,-0.002237
2013-08-09,0.901,0.01009
2013-08-12,0.918,0.018868
2013-08-13,0.929,0.011983
2013-08-14,0.929,0.0
2013-08-15,0.92,-0.009688
2013-08-16,0.919,-0.001087
2013-08-19,0.915,-0.004353
2013-08-20,0.896,-0.020765
2013-08-21,0.894,-0.002232
2013-08-22,0.899,0.005593
2013-08-23,0.898,-0.001112
2013-08-26,0.905,0.007795
2013-08-27,0.902,-0.003315
2013-08-28,0.887,-0.01663
2013-08-29,0.899,0.013529
2013-08-30,0.906,0.007786
2013-09-02,0.912,0.006623
2013-09-03,0.92,0.008772
2013-09-04,0.917,-0.003261
2013-09-05,0.923,0.006543
2013-09-06,0.919,-0.004334
2013-09-09,0.926,0.007617
2013-09-10,0.931,0.0054
2013-09-11,0.935,0.004296
2013-09-12,0.925,-0.010695
2013-09-13,0.926,0.001081
2013-09-16,0.937,0.011879
2013-09-17,0.936,-0.001067
2013-09-18,0.931,-0.005342
2013-09-23,0.94,0.009667
2013-09-24,0.934,-0.006383
2013-09-25,0.936,0.002141
2013-09-26,0.932,-0.004274
2013-09-27,0.935,0.003219
2013-09-30,0.931,-0.004278
2013-10-08,0.959,0.030075
2013-10-09,0.954,-0.005214
2013-10-10,0.956,0.002096
2013-10-11,0.963,0.007322
2013-10-14,0.96,-0.003115
2013-10-15,0.966,0.00625
2013-10-16,0.955,-0.011387
2013-10-17,0.957,0.002094
2013-10-18,0.963,0.00627
2013-10-21,0.97,0.007269
2013-10-22,0.973,0.003093
2013-10-23,0.959,-0.014388
2013-10-24,0.957,-0.002086
2013-10-25,0.949,-0.008359
2013-10-28,0.954,0.005269
2013-10-29,0.947,-0.007338
2013-10-30,0.964,0.017951
2013-10-31,0.964,0.0
2013-11-01,0.969,0.005187
2013-11-04,0.975,0.006192
2013-11-05,0.979,0.004103
2013-11-06,0.981,0.002043
2013-11-07,0.973,-0.008155
2013-11-08,0.955,-0.018499
2013-11-11,0.97,0.015707
2013-11-12,0.969,-0.001031
2013-11-13,0.954,-0.01548
2013-11-14,0.969,0.015723
2013-11-15,0.991,0.022704
2013-11-18,1.017,0.026236
2013-11-19,1.015,-0.001967
2013-11-20,1.024,0.008867
2013-11-21,1.016,-0.007812
2013-11-22,1.019,0.002953
2013-11-25,1.03,0.010795
2013-11-26,1.028,-0.001942
2013-11-27,1.031,0.002918
2013-11-28,1.033,0.00194
2013-11-29,1.039,0.005808
2013-12-02,1.041,0.001925
2013-12-03,1.036,-0.004803
2013-12-04,1.037,0.000965
2013-12-05,1.048,0.010608
2013-12-06,1.046,-0.001908
2013-12-09,1.045,-0.000956
2013-12-10,1.051,0.005742
2013-12-11,1.044,-0.00666
2013-12-12,1.036,-0.007663
2013-12-13,1.042,0.005792
2013-12-16,1.041,-0.00096
2013-12-17,1.031,-0.009606
2013-12-18,1.04,0.008729
2013-12-19,1.03,-0.009615
2013-12-20,1.02,-0.009709
2013-12-23,1.028,0.007843
2013-12-24,1.044,0.015564
2013-12-25,1.044,0.0
2013-12-26,1.043,-0.000958
2013-12-27,1.057,0.013423
2013-12-30,1.059,0.001892
2013-12-31,1.068,0.008499
2014-01-02,1.088,0.018727
2014-01-03,1.082,-0.005515
2014-01-06,1.07,-0.011091
2014-01-07,1.062,-0.007477
2014-01-08,1.073,0.010358
2014-01-09,1.076,0.002796
2014-01-10,1.073,-0.002788
2014-01-13,1.076,0.002796
2014-01-14,1.078,0.001859
2014-01-15,1.091,0.012059
2014-01-16,1.094,0.00275
2014-01-17,1.103,0.008227
2014-01-20,1.096,-0.006346
2014-01-21,1.094,-0.001825
2014-01-22,1.097,0.002742
2014-01-23,1.092,-0.004558
2014-01-24,1.064,-0.025641
2014-01-27,1.037,-0.025376
2014-01-28,1.053,0.015429
2014-01-29,1.07,0.016144
2014-01-30,1.066,-0.003738
2014-02-07,1.061,-0.00469
2014-02-10,1.069,0.00754
2014-02-11,1.073,0.003742
2014-02-12,1.082,0.008388
2014-02-13,1.08,-0.001848
2014-02-14,1.089,0.008333
2014-02-17,1.102,0.011938
2014-02-18,1.097,-0.004537
2014-02-19,1.1,0.002735
2014-02-20,1.093,-0.006364
2014-02-21,1.099,0.005489
2014-02-24,1.092,-0.006369
2014-02-25,1.081,-0.010073
2014-02-26,1.094,0.012026
2014-02-27,1.11,0.014625
2014-02-28,1.117,0.006306
2014-03-03,1.117,0.0
2014-03-04,1.123,0.005372
2014-03-05,1.131,0.007124
2014-03-06,1.142,0.009726
2014-03-07,1.143,0.000876
2014-03-10,1.133,-0.008749
2014-03-11,1.144,0.009709
2014-03-12,1.131,-0.011364
2014-03-13,1.115,-0.014147
2014-03-14,1.094,-0.018834
2014-03-17,1.098,0.003656
2014-03-18,1.115,0.015483
2014-03-19,1.118,0.002691
2014-03-20,1.1,-0.0161
2014-03-21,1.106,0.005455
2014-03-24,1.115,0.008137
2014-03-25,1.086,-0.026009
2014-03-26,1.089,0.002762
2014-03-27,1.061,-0.025712
2014-03-28,1.076,0.014138
2014-03-31,1.09,0.013011
2014-04-01,1.108,0.016514
2014-04-02,1.112,0.00361
2014-04-03,1.109,-0.002698
2014-04-04,1.1,-0.008115
2014-04-08,1.084,-0.014545
2014-04-09,1.094,0.009225
2014-04-10,1.106,0.010969
2014-04-11,1.082,-0.0217
2014-04-14,1.066,-0.014787
2014-04-15,1.062,-0.003752
2014-04-16,1.068,0.00565
2014-04-17,1.077,0.008427
2014-04-18,1.076,-0.000929
2014-04-21,1.076,0.0
2014-04-22,1.079,0.002788
2014-04-23,1.087,0.007414
2014-04-24,1.084,-0.00276
2014-04-25,1.077,-0.006458
2014-04-28,1.055,-0.020427
2014-04-29,1.054,-0.000948
2014-04-30,1.045,-0.008539
2014-05-05,1.054,0.008612
2014-05-06,1.055,0.000949
2014-05-07,1.03,-0.023697
2014-05-08,1.015,-0.014563
2014-05-09,1.004,-0.010837
2014-05-12,1.023,0.018924
2014-05-13,1.033,0.009775
2014-05-14,1.04,0.006776
2014-05-15,1.039,-0.000962
2014-05-16,1.032,-0.006737
2014-05-19,1.033,0.000969
2014-05-20,1.035,0.001936
2014-05-21,1.038,0.002899
2014-05-22,1.057,0.018304
2014-05-23,1.062,0.00473
2014-05-26,1.066,0.003766
2014-05-27,1.06,-0.005629
2014-05-28,1.062,0.001887
2014-05-29,1.056,-0.00565
2014-05-30,1.061,0.004735
2014-06-03,1.071,0.009425
2014-06-04,1.067,-0.003735
2014-06-05,1.078,0.010309
2014-06-06,1.079,0.000928
2014-06-09,1.08,0.000927
2014-06-10,1.086,0.005556
2014-06-11,1.093,0.006446
2014-06-12,1.09,-0.002745
2014-06-13,1.094,0.00367
2014-06-16,1.091,-0.002742
2014-06-17,1.082,-0.008249
2014-06-18,1.078,-0.003697
2014-06-19,1.073,-0.004638
2014-06-20,1.069,-0.003728
2014-06-23,1.06,-0.008419
2014-06-24,1.065,0.004717
2014-06-25,1.066,0.000939
2014-06-26,1.075,0.008443
2014-06-27,1.079,0.003721
2014-06-30,1.081,0.001854
2014-07-01,1.08,-0.000925
2014-07-02,1.096,0.014815
2014-07-03,1.107,0.010036
2014-07-04,1.112,0.004517
2014-07-07,1.114,0.001799
2014-07-08,1.111,-0.002693
2014-07-09,1.097,-0.012601
2014-07-10,1.103,0.005469
2014-07-11,1.097,-0.00544
2014-07-14,1.107,0.009116
2014-07-15,1.115,0.007227
2014-07-16,1.115,0.0
2014-07-17,1.111,-0.003587
2014-07-18,1.107,-0.0036
2014-07-21,1.105,-0.001807
2014-07-22,1.121,0.01448
2014-07-23,1.126,0.00446
2014-07-24,1.125,-0.000888
2014-07-25,1.12,-0.004444
2014-07-28,1.122,0.001786
2014-07-29,1.12,-0.001783
2014-07-30,1.117,-0.002679
2014-07-31,1.117,0.0
2014-08-01,1.111,-0.005372
2014-08-04,1.121,0.009001
2014-08-05,1.126,0.00446
2014-08-06,1.126,0.0
2014-08-07,1.12,-0.005329
2014-08-08,1.119,-0.000893
2014-08-11,1.133,0.012511
2014-08-12,1.139,0.005296
2014-08-13,1.144,0.00439
2014-08-14,1.139,-0.004371
2014-08-15,1.14,0.000878
2014-08-18,1.134,-0.005263
2014-08-19,1.145,0.0097
2014-08-20,1.147,0.001747
2014-08-21,1.138,-0.007847
2014-08-22,1.147,0.007909
2014-08-25,1.152,0.004359
2014-08-26,1.155,0.002604
2014-08-27,1.155,0.0
2014-08-28,1.141,-0.012121
2014-08-29,1.15,0.007888
2014-09-01,1.159,0.007826
2014-09-02,1.165,0.005177
2014-09-03,1.18,0.012876
2014-09-04,1.192,0.010169
2014-09-05,1.19,-0.001678
2014-09-09,1.192,0.001681
2014-09-10,1.184,-0.006711
2014-09-11,1.184,0.0
2014-09-12,1.182,-0.001689
2014-09-15,1.172,-0.00846
2014-09-16,1.151,-0.017918
2014-09-17,1.163,0.010426
2014-09-18,1.163,0.0
2014-09-19,1.178,0.012898
2014-09-22,1.16,-0.01528
2014-09-23,1.156,-0.003448
2014-09-24,1.162,0.00519
2014-09-25,1.161,-0.000861
2014-09-26,1.149,-0.010336
2014-09-29,1.132,-0.014795
2014-09-30,1.135,0.00265
2014-10-08,1.157,0.019383
2014-10-09,1.156,-0.000864
2014-10-10,1.139,-0.014706
2014-10-13,1.124,-0.013169
2014-10-14,1.119,-0.004448
2014-10-15,1.122,0.002681
2014-10-16,1.119,-0.002674
2014-10-17,1.123,0.003575
2014-10-20,1.132,0.008014
2014-10-21,1.138,0.0053
2014-10-22,1.149,0.009666
2014-10-23,1.138,-0.009574
2014-10-24,1.14,0.001757
2014-10-27,1.131,-0.007895
2014-10-28,1.145,0.012378
2014-10-29,1.159,0.012227
2014-10-30,1.159,0.0
2014-10-31,1.17,0.009491
2014-11-03,1.17,0.0
2014-11-04,1.169,-0.000855
2014-11-05,1.159,-0.008554
2014-11-06,1.161,0.001726
2014-11-07,1.164,0.002584
2014-11-10,1.169,0.004296
2014-11-11,1.171,0.001711
2014-11-12,1.18,0.007686
2014-11-13,1.181,0.000847
2014-11-14,1.185,0.003387
2014-11-17,1.167,-0.01519
2014-11-18,1.158,-0.007712
2014-11-19,1.159,0.000864
2014-11-20,1.161,0.001726
2014-11-21,1.165,0.003445
2014-11-24,1.184,0.016309
2014-11-25,1.18,-0.003378
2014-11-26,1.184,0.00339
2014-11-27,1.178,-0.005068
2014-11-28,1.174,-0.003396
2014-12-01,1.138,-0.030664
2014-12-02,1.151,0.011424
2014-12-03,1.145,-0.005213
2014-12-04,1.156,0.009607
2014-12-05,1.155,-0.000865
2014-12-08,1.156,0.000866
2014-12-09,1.129,-0.023356
2014-12-10,1.149,0.017715
2014-12-11,1.139,-0.008703
2014-12-12,1.144,0.00439
2014-12-15,1.14,-0.003497
2014-12-16,1.129,-0.009649
2014-12-17,1.115,-0.0124
2014-12-18,1.113,-0.001794
2014-12-19,1.123,0.008985
2014-12-22,1.123,0.0
2014-12-23,1.114,-0.008014
2014-12-24,1.114,0.0
2014-12-25,1.113,-0.000898
2014-12-26,1.113,0.0
2014-12-29,1.129,0.014376
2014-12-30,1.131,0.001771
2014-12-31,1.142,0.009726
2015-01-05,1.161,0.016637
2015-01-06,1.153,-0.006891
2015-01-07,1.155,0.001735
2015-01-08,1.163,0.006926
2015-01-09,1.168,0.004299
2015-01-12,1.153,-0.012842
2015-01-13,1.153,0.0
2015-01-14,1.153,0.0
2015-01-15,1.161,0.006938
2015-01-16,1.151,-0.008613
2015-01-19,1.111,-0.034752
2015-01-20,1.128,0.015302
2015-01-21,1.15,0.019504
2015-01-22,1.147,-0.002609
2015-01-23,1.158,0.00959
2015-01-26,1.162,0.003454
2015-01-27,1.159,-0.002582
2015-01-28,1.161,0.001726
2015-01-29,1.153,-0.006891
2015-01-30,1.15,-0.002602
2015-02-02,1.138,-0.010435
2015-02-03,1.143,0.004394
2015-02-04,1.138,-0.004374
2015-02-05,1.127,-0.009666
2015-02-06,1.116,-0.00976
2015-02-09,1.108,-0.007168
2015-02-10,1.111,0.002708
2015-02-11,1.109,-0.0018
2015-02-12,1.111,0.001803
2015-02-13,1.122,0.009901
2015-02-16,1.125,0.002674
2015-02-17,1.126,0.000889
2015-02-25,1.141,0.013321
2015-02-26,1.146,0.004382
2015-02-27,1.148,0.001745
2015-03-02,1.152,0.003484
2015-03-03,1.148,-0.003472
2015-03-04,1.146,-0.001742
2015-03-05,1.146,0.0
2015-03-06,1.156,0.008726
2015-03-09,1.155,-0.000865
2015-03-10,1.147,-0.006926
2015-03-11,1.139,-0.006975
2015-03-12,1.142,0.002634
2015-03-13,1.14,-0.001751
2015-03-16,1.143,0.002632
2015-03-17,1.146,0.002625
2015-03-18,1.156,0.008726
2015-03-19,1.166,0.008651
2015-03-20,1.172,0.005146
2015-03-23,1.181,0.007679
2015-03-24,1.181,0.0
2015-03-25,1.183,0.001693
2015-03-26,1.175,-0.006762
2015-03-27,1.179,0.003404
2015-03-30,1.211,0.027142
2015-03-31,1.219,0.006606
2015-04-01,1.245,0.021329
2015-04-02,1.281,0.028916
2015-04-03,1.28,-0.000781
2015-04-07,1.28,0.0
2015-04-08,1.388,0.084375
2015-04-09,1.39,0.001441
2015-04-10,1.389,-0.000719
2015-04-13,1.404,0.010799
2015-04-14,1.373,-0.02208
2015-04-15,1.352,-0.015295
2015-04-16,1.369,0.012574
2015-04-17,1.36,-0.006574
2015-04-20,1.324,-0.026471
2015-04-21,1.351,0.020393
2015-04-22,1.382,0.022946
2015-04-23,1.376,-0.004342
2015-04-24,1.375,-0.000727
2015-04-27,1.388,0.009455
2015-04-28,1.38,-0.005764
2015-04-29,1.374,-0.004348
2015-04-30,1.375,0.000728
2015-05-04,1.382,0.005091
2015-05-05,1.349,-0.023878
2015-05-06,1.331,-0.013343
2015-05-07,1.301,-0.022539
2015-05-08,1.339,0.029208
2015-05-11,1.37,0.023152
2015-05-12,1.357,-0.009489
2015-05-13,1.359,0.001474
2015-05-14,1.372,0.009566
2015-05-15,1.379,0.005102
2015-05-18,1.391,0.008702
2015-05-19,1.413,0.015816
2015-05-20,1.416,0.002123
2015-05-21,1.404,-0.008475
2015-05-22,1.415,0.007835
2015-05-25,1.417,0.001413
2015-05-26,1.457,0.028229
2015-05-27,1.457,0.0
2015-05-28,1.419,-0.026081
2015-05-29,1.428,0.006342
2015-06-01,1.451,0.016106
2015-06-02,1.434,-0.011716
2015-06-03,1.42,-0.009763
2015-06-04,1.404,-0.011268
2015-06-05,1.39,-0.009972
2015-06-08,1.372,-0.01295
2015-06-09,1.326,-0.033528
2015-06-10,1.329,0.002262
2015-06-11,1.337,0.00602
2015-06-12,1.371,0.02543
2015-06-15,1.341,-0.021882
2015-06-16,1.316,-0.018643
2015-06-17,1.334,0.013678
2015-06-18,1.338,0.002999
2015-06-19,1.324,-0.010463
2015-06-23,1.353,0.021903
2015-06-24,1.359,0.004435
2015-06-25,1.349,-0.007358
2015-06-26,1.314,-0.025945
2015-06-29,1.256,-0.04414
2015-06-30,1.286,0.023885
2015-07-01,1.288,0.001555
2015-07-02,1.261,-0.020963
2015-07-03,1.216,-0.035686
2015-07-06,1.133,-0.068257
2015-07-07,1.061,-0.063548
2015-07-08,0.968,-0.087653
2015-07-09,1.117,0.153926
2015-07-10,1.167,0.044763
2015-07-13,1.208,0.035133
2015-07-14,1.204,-0.003311
2015-07-15,1.176,-0.023256
2015-07-16,1.199,0.019558
2015-07-17,1.225,0.021685
2015-07-20,1.229,0.003265
2015-07-21,1.236,0.005696
2015-07-22,1.215,-0.01699
2015-07-23,1.227,0.009877
2015-07-24,1.208,-0.015485
2015-07-27,1.134,-0.061258
2015-07-28,1.128,-0.005291
2015-07-29,1.139,0.009752
2015-07-30,1.134,-0.00439
2015-07-31,1.137,0.002646
2015-08-03,1.116,-0.01847
2015-08-04,1.121,0.00448
2015-08-05,1.125,0.003568
2015-08-06,1.122,-0.002667
2015-08-07,1.13,0.00713
2015-08-10,1.152,0.019469
2015-08-11,1.159,0.006076
2015-08-12,1.145,-0.012079
2015-08-13,1.162,0.014847
2015-08-14,1.166,0.003442
2015-08-17,1.16,-0.005146
2015-08-18,1.14,-0.017241
2015-08-19,1.126,-0.012281
2015-08-20,1.089,-0.03286
2015-08-21,1.051,-0.034894
2015-08-24,0.981,-0.066603
2015-08-25,0.991,0.010194
2015-08-26,0.995,0.004036
2015-08-27,1.047,0.052261
2015-08-28,1.047,0.0
2015-08-31,1.031,-0.015282
2015-09-01,1.001,-0.029098
2015-09-02,0.991,-0.00999
2015-09-07,0.99,-0.001009
2015-09-08,1.025,0.035354
2015-09-09,1.059,0.033171
2015-09-10,1.049,-0.009443
2015-09-11,1.05,0.000953
2015-09-14,1.045,-0.004762
2015-09-15,1.036,-0.008612
2015-09-16,1.063,0.026062
2015-09-17,1.065,0.001881
2015-09-18,1.083,0.016901
2015-09-21,1.076,-0.006464
2015-09-22,1.076,0.0
2015-09-23,1.053,-0.021375
2015-09-24,1.05,-0.002849
2015-09-25,1.052,0.001905
2015-09-28,1.05,-0.001901
2015-09-29,1.026,-0.022857
2015-09-30,1.044,0.017544
2015-10-08,1.098,0.051724
2015-10-09,1.105,0.006375
2015-10-12,1.115,0.00905
2015-10-13,1.106,-0.008072
2015-10-14,1.108,0.001808
2015-10-15,1.126,0.016245
2015-10-16,1.134,0.007105
2015-10-19,1.14,0.005291
2015-10-20,1.143,0.002632
2015-10-21,1.141,-0.00175
2015-10-22,1.137,-0.003506
2015-10-23,1.144,0.006157
2015-10-26,1.146,0.001748
2015-10-27,1.137,-0.007853
2015-10-28,1.131,-0.005277
2015-10-29,1.125,-0.005305
2015-10-30,1.112,-0.011556
2015-11-02,1.094,-0.016187
2015-11-03,1.105,0.010055
2015-11-04,1.129,0.021719
2015-11-05,1.131,0.001771
2015-11-06,1.139,0.007073
2015-11-09,1.132,-0.006146
2015-11-10,1.12,-0.010601
2015-11-11,1.119,-0.000893
2015-11-12,1.128,0.008043
2015-11-13,1.122,-0.005319
2015-11-16,1.107,-0.013369
2015-11-17,1.117,0.009033
2015-11-18,1.113,-0.003581
2015-11-19,1.127,0.012579
2015-11-20,1.139,0.010648
2015-11-23,1.145,0.005268
2015-11-24,1.14,-0.004367
2015-11-25,1.136,-0.003509
2015-11-26,1.134,-0.001761
2015-11-27,1.117,-0.014991
2015-11-30,1.121,0.003581
2015-12-01,1.132,0.009813
2015-12-02,1.138,0.0053
2015-12-03,1.131,-0.006151
2015-12-04,1.119,-0.01061
2015-12-07,1.123,0.003575
2015-12-08,1.112,-0.009795
2015-12-09,1.099,-0.011691
2015-12-10,1.089,-0.009099
2015-12-11,1.067,-0.020202
2015-12-14,1.072,0.004686
2015-12-15,1.076,0.003731
2015-12-16,1.089,0.012082
2015-12-17,1.105,0.014692
2015-12-18,1.095,-0.00905
2015-12-21,1.099,0.003653
2015-12-22,1.098,-0.00091
2015-12-23,1.109,0.010018
2015-12-24,1.11,0.000902
2015-12-25,1.11,0.0
2015-12-28,1.105,-0.004505
2015-12-29,1.109,0.00362
2015-12-30,1.109,0.0
2015-12-31,1.113,0.003607
2016-01-04,1.075,-0.034142
2016-01-05,1.072,-0.002791
2016-01-06,1.069,-0.002799
2016-01-07,1.027,-0.039289
2016-01-08,1.034,0.006816
2016-01-11,0.992,-0.040619
2016-01-12,0.983,-0.009073
2016-01-13,0.993,0.010173
2016-01-14,0.99,-0.003021
2016-01-15,0.969,-0.021212
2016-01-18,0.957,-0.012384
2016-01-19,0.981,0.025078
2016-01-20,0.949,-0.03262
2016-01-21,0.928,-0.022129
2016-01-22,0.947,0.020474
2016-01-25,0.962,0.015839
2016-01-26,0.941,-0.02183
2016-01-27,0.944,0.003188
2016-01-28,0.942,-0.002119
2016-01-29,0.966,0.025478
2016-02-01,0.967,0.001035
2016-02-02,0.97,0.003102
2016-02-03,0.95,-0.020619
2016-02-04,0.956,0.006316
2016-02-05,0.956,0.0
2016-02-15,0.932,-0.025105
2016-02-16,0.951,0.020386
2016-02-17,0.95,-0.001052
2016-02-18,0.971,0.022105
2016-02-19,0.971,0.0
2016-02-22,0.978,0.007209
2016-02-23,0.975,-0.003067
2016-02-24,0.966,-0.009231
2016-02-25,0.949,-0.017598
2016-02-26,0.964,0.015806
2016-02-29,0.957,-0.007261
2016-03-01,0.965,0.008359
2016-03-02,0.99,0.025907
2016-03-03,0.987,-0.00303
2016-03-04,0.994,0.007092
2016-03-07,0.994,0.0
2016-03-08,0.984,-0.01006
2016-03-09,0.973,-0.011179
2016-03-10,0.969,-0.004111
2016-03-11,0.977,0.008256
2016-03-14,0.99,0.013306
2016-03-15,0.983,-0.007071
2016-03-16,0.978,-0.005086
2016-03-17,0.991,0.013292
2016-03-18,1.005,0.014127
2016-03-21,1.021,0.01592
2016-03-22,1.016,-0.004897
2016-03-23,1.007,-0.008858
2016-03-24,1.002,-0.004965
2016-03-25,1.002,0.0
2016-03-28,1.002,0.0
2016-03-29,0.996,-0.005988
2016-03-30,1.008,0.012048
2016-03-31,1.012,0.003968
2016-04-01,1.003,-0.008893
2016-04-05,0.999,-0.003988
2016-04-06,1.004,0.005005
2016-04-07,1.007,0.002988
2016-04-08,1.007,0.0
2016-04-11,1.019,0.011917
2016-04-12,1.019,0.0
2016-04-13,1.04,0.020608
2016-04-14,1.045,0.004808
2016-04-15,1.048,0.002871
2016-04-18,1.036,-0.01145
2016-04-19,1.045,0.008687
2016-04-20,1.031,-0.013397
2016-04-21,1.04,0.008729
2016-04-22,1.036,-0.003846
2016-04-25,1.032,-0.003861
2016-04-26,1.028,-0.003876
2016-04-27,1.022,-0.005837
2016-04-28,1.028,0.005871
2016-04-29,1.019,-0.008755
2016-05-03,1.01,-0.008832
2016-05-04,1.014,0.00396
2016-05-05,1.014,0.0
2016-05-06,0.999,-0.014793
2016-05-09,0.992,-0.007007
2016-05-10,0.992,0.0
2016-05-11,0.995,0.003024
2016-05-12,0.987,-0.00804
2016-05-13,0.981,-0.006079
2016-05-16,0.986,0.005097
2016-05-17,0.997,0.011156
2016-05-18,0.988,-0.009027
2016-05-19,0.985,-0.003036
2016-05-20,0.987,0.00203
2016-05-23,0.989,0.002026
2016-05-24,0.99,0.001011
2016-05-25,1.004,0.014141
2016-05-26,1.002,-0.001992
2016-05-27,1.011,0.008982
2016-05-30,1.021,0.009891
2016-05-31,1.036,0.014691
2016-06-01,1.032,-0.003861
2016-06-02,1.031,-0.000969
2016-06-03,1.036,0.00485
2016-06-06,1.037,0.000965
2016-06-07,1.047,0.009643
2016-06-08,1.04,-0.006686
2016-06-13,1.001,-0.0375
2016-06-14,0.997,-0.003996
2016-06-15,1.01,0.013039
2016-06-16,0.995,-0.014851
2016-06-17,1.001,0.00603
2016-06-20,1.006,0.004995
2016-06-21,1.01,0.003976
2016-06-22,1.021,0.010891
2016-06-23,1.015,-0.005877
2016-06-24,0.997,-0.017734
2016-06-27,1.007,0.01003
2016-06-28,1.006,-0.000993
2016-06-29,1.014,0.007952
2016-06-30,1.028,0.013807
2016-07-01,1.031,0.002918
2016-07-04,1.038,0.00679
2016-07-05,1.028,-0.009634
2016-07-06,1.022,-0.005837
2016-07-07,1.024,0.001957
2016-07-08,1.023,-0.000977
2016-07-11,1.031,0.00782
2016-07-12,1.047,0.015519
2016-07-13,1.049,0.00191
2016-07-14,1.054,0.004766
2016-07-15,1.058,0.003795
2016-07-18,1.061,0.002836
2016-07-19,1.057,-0.00377
2016-07-20,1.063,0.005676
2016-07-21,1.068,0.004704
2016-07-22,1.062,-0.005618
2016-07-25,1.066,0.003766
2016-07-26,1.071,0.00469
2016-07-27,1.07,-0.000934
2016-07-28,1.07,0.0
2016-07-29,1.05,-0.018692
2016-08-01,1.055,0.004762
2016-08-02,1.058,0.002844
2016-08-03,1.045,-0.012287
2016-08-04,1.057,0.011483
2016-08-05,1.07,0.012299
2016-08-08,1.085,0.014019
2016-08-09,1.083,-0.001843
2016-08-10,1.082,-0.000923
2016-08-11,1.085,0.002773
2016-08-12,1.093,0.007373
2016-08-15,1.096,0.002745
2016-08-16,1.093,-0.002737
2016-08-17,1.087,-0.005489
2016-08-18,1.103,0.014719
2016-08-19,1.095,-0.007253
2016-08-22,1.1,0.004566
2016-08-23,1.094,-0.005455
2016-08-24,1.093,-0.000914
2016-08-25,1.09,-0.002745
2016-08-26,1.098,0.007339
2016-08-29,1.102,0.003643
2016-08-30,1.117,0.013612
2016-08-31,1.117,0.0
2016-09-01,1.115,-0.001791
2016-09-02,1.12,0.004484
2016-09-05,1.143,0.020536
2016-09-06,1.159,0.013998
2016-09-07,1.155,-0.003451
2016-09-08,1.164,0.007792
2016-09-09,1.164,0.0
2016-09-12,1.129,-0.030069
2016-09-13,1.126,-0.002657
2016-09-14,1.126,0.0
2016-09-19,1.147,0.01865
2016-09-20,1.145,-0.001744
2016-09-21,1.159,0.012227
2016-09-22,1.158,-0.000863
2016-09-23,1.155,-0.002591
2016-09-26,1.134,-0.018182
2016-09-27,1.141,0.006173
2016-09-28,1.142,0.000876
2016-09-29,1.151,0.007881
2016-09-30,1.138,-0.011295
2016-10-10,1.168,0.026362
2016-10-11,1.163,-0.004281
2016-10-12,1.154,-0.007739
2016-10-13,1.137,-0.014731
2016-10-14,1.137,0.0
2016-10-17,1.136,-0.00088
2016-10-18,1.149,0.011444
2016-10-19,1.147,-0.001741
2016-10-20,1.151,0.003487
2016-10-21,1.155,0.003475
2016-10-24,1.166,0.009524
2016-10-25,1.164,-0.001715
2016-10-26,1.154,-0.008591
2016-10-27,1.148,-0.005199
2016-10-28,1.142,-0.005226
2016-10-31,1.131,-0.009632
2016-11-01,1.141,0.008842
2016-11-02,1.12,-0.018405
2016-11-03,1.114,-0.005357
2016-11-04,1.111,-0.002693
2016-11-07,1.132,0.018902
2016-11-08,1.136,0.003534
2016-11-09,1.118,-0.015845
2016-11-10,1.14,0.019678
2016-11-11,1.132,-0.007018
2016-11-14,1.124,-0.007067
2016-11-15,1.127,0.002669
2016-11-16,1.135,0.007098
2016-11-17,1.134,-0.000881
2016-11-18,1.142,0.007055
2016-11-21,1.147,0.004378
2016-11-22,1.153,0.005231
2016-11-23,1.152,-0.000867
2016-11-24,1.153,0.000868
2016-11-25,1.157,0.003469
2016-11-28,1.165,0.006914
2016-11-29,1.16,-0.004292
2016-11-30,1.157,-0.002586
2016-12-01,1.157,0.0
2016-12-02,1.144,-0.011236
2016-12-05,1.139,-0.004371
2016-12-06,1.138,-0.000878
2016-12-07,1.143,0.004394
2016-12-08,1.148,0.004374
2016-12-09,1.143,-0.004355
2016-12-12,1.122,-0.018373
2016-12-13,1.128,0.005348
2016-12-14,1.128,0.0
2016-12-15,1.118,-0.008865
2016-12-16,1.125,0.006261
2016-12-19,1.113,-0.010667
2016-12-20,1.108,-0.004492
2016-12-21,1.115,0.006318
2016-12-22,1.104,-0.009865
2016-12-23,1.098,-0.005435
2016-12-26,1.098,0.0
2016-12-27,1.098,0.0
2016-12-28,1.104,0.005464
2016-12-29,1.104,0.0
2016-12-30,1.116,0.01087
2016-12-31,1.116,0.0
2017-01-03,1.116,0.0
2017-01-04,1.122,0.005376
2017-01-05,1.133,0.009804
2017-01-06,1.118,-0.013239
2017-01-09,1.127,0.00805
2017-01-10,1.134,0.006211
2017-01-11,1.143,0.007937
2017-01-12,1.142,-0.000875
2017-01-13,1.14,-0.001751
2017-01-16,1.131,-0.007895
2017-01-17,1.142,0.009726
2017-01-18,1.146,0.003503
2017-01-19,1.146,0.0
2017-01-20,1.147,0.000873
2017-01-23,1.15,0.002616
2017-01-24,1.157,0.006087
2017-01-25,1.162,0.004322
2017-01-26,1.169,0.006024
2017-02-03,1.161,-0.006843
2017-02-06,1.174,0.011197
2017-02-07,1.176,0.001704
2017-02-08,1.189,0.011054
2017-02-09,1.194,0.004205
2017-02-10,1.201,0.005863
2017-02-13,1.218,0.014155
2017-02-14,1.217,-0.000821
2017-02-15,1.21,-0.005752
2017-02-16,1.211,0.000826
2017-02-17,1.198,-0.010735
2017-02-20,1.21,0.010017
2017-02-21,1.21,0.0
2017-02-22,1.226,0.013223
2017-02-23,1.224,-0.001631
2017-02-24,1.211,-0.010621
2017-02-27,1.212,0.000826
2017-02-28,1.206,-0.00495
2017-03-01,1.213,0.005804
2017-03-02,1.212,-0.000824
2017-03-03,1.21,-0.00165
2017-03-06,1.219,0.007438
2017-03-07,1.225,0.004922
2017-03-08,1.231,0.004898
2017-03-09,1.215,-0.012998
2017-03-10,1.212,-0.002469
2017-03-13,1.232,0.016502
2017-03-14,1.235,0.002435
2017-03-15,1.239,0.003239
2017-03-16,1.255,0.012914
2017-03-17,1.261,0.004781
2017-03-20,1.266,0.003965
2017-03-21,1.272,0.004739
2017-03-22,1.253,-0.014937
2017-03-23,1.255,0.001596
2017-03-24,1.258,0.00239
2017-03-27,1.235,-0.018283
2017-03-28,1.239,0.003239
2017-03-29,1.246,0.00565
2017-03-30,1.238,-0.006421
2017-03-31,1.244,0.004847
2017-04-05,1.26,0.012862
2017-04-06,1.253,-0.005556
2017-04-07,1.257,0.003192
2017-04-10,1.248,-0.00716
2017-04-11,1.238,-0.008013
2017-04-12,1.242,0.003231
2017-04-13,1.235,-0.005636
2017-04-14,1.237,0.001619
2017-04-17,1.237,0.0
2017-04-18,1.226,-0.008892
2017-04-19,1.22,-0.004894
2017-04-20,1.232,0.009836
2017-04-21,1.235,0.002435
2017-04-24,1.231,-0.003239
2017-04-25,1.25,0.015435
2017-04-26,1.253,0.0024
2017-04-27,1.251,-0.001596
2017-04-28,1.252,0.000799
2017-05-02,1.26,0.00639
2017-05-03,1.257,-0.002381
2017-05-04,1.251,-0.004773
2017-05-05,1.231,-0.015987
2017-05-08,1.238,0.005686
2017-05-09,1.252,0.011309
2017-05-10,1.258,0.004792
2017-05-11,1.253,-0.003975
2017-05-12,1.253,0.0
2017-05-15,1.26,0.005587
2017-05-16,1.26,0.0
2017-05-17,1.257,-0.002381
2017-05-18,1.242,-0.011933
2017-05-19,1.248,0.004831
2017-05-22,1.256,0.00641
2017-05-23,1.247,-0.007166
2017-05-24,1.249,0.001604
2017-05-25,1.258,0.007206
2017-05-26,1.257,-0.000795
2017-05-31,1.254,-0.002387
2017-06-01,1.25,-0.00319
2017-06-02,1.254,0.0032
2017-06-05,1.251,-0.002392
2017-06-06,1.253,0.001599
2017-06-07,1.254,0.000798
2017-06-08,1.268,0.011164
2017-06-09,1.266,-0.001577
2017-06-12,1.25,-0.012638
2017-06-13,1.254,0.0032
2017-06-14,1.253,-0.000797
2017-06-15,1.243,-0.007981
2017-06-16,1.248,0.004023
2017-06-19,1.259,0.008814
2017-06-20,1.261,0.001589
2017-06-21,1.264,0.002379
2017-06-22,1.263,-0.000791
2017-06-23,1.267,0.003167
2017-06-26,1.278,0.008682
2017-06-27,1.281,0.002347
2017-06-28,1.266,-0.01171
2017-06-29,1.27,0.00316
2017-06-30,1.268,-0.001575
2017-07-03,1.274,0.004732
2017-07-04,1.257,-0.013344
2017-07-05,1.266,0.00716
2017-07-06,1.271,0.003949
2017-07-07,1.266,-0.003934
2017-07-10,1.275,0.007109
2017-07-11,1.292,0.013333
2017-07-12,1.298,0.004644
2017-07-13,1.31,0.009245
2017-07-14,1.321,0.008397
2017-07-17,1.317,-0.003028
2017-07-18,1.321,0.003037
2017-07-19,1.335,0.010598
2017-07-20,1.331,-0.002996
2017-07-21,1.326,-0.003757
2017-07-24,1.334,0.006033
2017-07-25,1.331,-0.002249
2017-07-26,1.331,0.0
2017-07-27,1.331,0.0
2017-07-28,1.323,-0.006011
2017-07-31,1.342,0.014361
2017-08-01,1.34,-0.00149
2017-08-02,1.351,0.008209
2017-08-03,1.346,-0.003701
2017-08-04,1.358,0.008915
2017-08-07,1.377,0.013991
2017-08-08,1.379,0.001452
2017-08-09,1.372,-0.005076
2017-08-10,1.344,-0.020408
2017-08-11,1.313,-0.023065
2017-08-14,1.332,0.014471
2017-08-15,1.331,-0.000751
2017-08-16,1.343,0.009016
2017-08-17,1.349,0.004468
2017-08-18,1.343,-0.004448
2017-08-21,1.351,0.005957
2017-08-22,1.36,0.006662
2017-08-23,1.36,0.0
2017-08-24,1.359,-0.000735
2017-08-25,1.371,0.00883
2017-08-28,1.36,-0.008023
2017-08-29,1.354,-0.004412
2017-08-30,1.361,0.00517
2017-08-31,1.369,0.005878
2017-09-01,1.372,0.002191
2017-09-04,1.357,-0.010933
2017-09-05,1.361,0.002948
2017-09-06,1.357,-0.002939
2017-09-07,1.357,0.0
2017-09-08,1.358,0.000737
2017-09-11,1.357,-0.000736
2017-09-12,1.372,0.011054
2017-09-13,1.378,0.004373
2017-09-14,1.377,-0.000726
2017-09-15,1.373,-0.002905
2017-09-18,1.384,0.008012
2017-09-19,1.381,-0.002168
2017-09-20,1.396,0.010862
2017-09-21,1.401,0.003582
2017-09-22,1.391,-0.007138
2017-09-25,1.36,-0.022286
2017-09-26,1.356,-0.002941
2017-09-27,1.372,0.011799
2017-09-28,1.358,-0.010204
2017-09-29,1.368,0.007364
2017-10-09,1.409,0.029971
2017-10-10,1.414,0.003549
2017-10-11,1.4,-0.009901
2017-10-12,1.407,0.005
2017-10-13,1.41,0.002132
2017-10-16,1.417,0.004965
2017-10-17,1.42,0.002117
2017-10-18,1.422,0.001408
2017-10-19,1.408,-0.009845
2017-10-20,1.428,0.014205
2017-10-23,1.435,0.004902
2017-10-24,1.425,-0.006969
2017-10-25,1.441,0.011228
2017-10-26,1.438,-0.002082
2017-10-27,1.431,-0.004868
2017-10-30,1.431,0.0
2017-10-31,1.434,0.002096
2017-11-01,1.443,0.006276
2017-11-02,1.439,-0.002772
2017-11-03,1.436,-0.002085
2017-11-06,1.444,0.005571
2017-11-07,1.456,0.00831
2017-11-08,1.455,-0.000687
2017-11-09,1.467,0.008247
2017-11-10,1.469,0.001363
2017-11-13,1.471,0.001361
2017-11-14,1.465,-0.004079
2017-11-15,1.444,-0.014334
2017-11-16,1.456,0.00831
2017-11-17,1.455,-0.000687
2017-11-20,1.45,-0.003436
2017-11-21,1.474,0.016552
2017-11-22,1.472,-0.001357
2017-11-23,1.446,-0.017663
2017-11-24,1.456,0.006916
2017-11-27,1.436,-0.013736
2017-11-28,1.44,0.002786
2017-11-29,1.44,0.0
2017-11-30,1.414,-0.018056
2017-12-01,1.408,-0.004243
2017-12-04,1.42,0.008523
2017-12-05,1.4,-0.014085
2017-12-06,1.355,-0.032143
2017-12-07,1.357,0.001476
2017-12-08,1.386,0.021371
2017-12-11,1.411,0.018038
2017-12-12,1.398,-0.009213
2017-12-13,1.407,0.006438
2017-12-14,1.408,0.000711
2017-12-15,1.393,-0.010653
2017-12-18,1.394,0.000718
2017-12-19,1.409,0.01076
2017-12-20,1.41,0.00071
2017-12-21,1.415,0.003546
2017-12-22,1.429,0.009894
2017-12-25,1.425,-0.002799
2017-12-26,1.418,-0.004912
2017-12-27,1.414,-0.002821
2017-12-28,1.431,0.012023
2017-12-29,1.435,0.002795
2017-12-31,1.434,-0.000697
2018-01-02,1.452,0.012552
2018-01-03,1.467,0.010331
2018-01-04,1.479,0.00818
2018-01-05,1.473,-0.004057
2018-01-08,1.48,0.004752
2018-01-09,1.482,0.001351
2018-01-10,1.487,0.003374
2018-01-11,1.484,-0.002017
2018-01-12,1.492,0.005391
2018-01-15,1.464,-0.018767
2018-01-16,1.481,0.011612
2018-01-17,1.476,-0.003376
2018-01-18,1.479,0.002033
2018-01-19,1.493,0.009466
2018-01-22,1.512,0.012726
2018-01-23,1.522,0.006614
2018-01-24,1.514,-0.005256
2018-01-25,1.504,-0.006605
2018-01-26,1.516,0.007979
2018-01-29,1.5,-0.010554
2018-01-30,1.485,-0.01
2018-01-31,1.499,0.009428
2018-02-01,1.48,-0.012675
2018-02-02,1.482,0.001351
2018-02-05,1.474,-0.005398
2018-02-06,1.395,-0.053596
2018-02-07,1.373,-0.015771
2018-02-08,1.375,0.001457
2018-02-09,1.335,-0.029091
2018-02-12,1.352,0.012734
2018-02-13,1.38,0.02071
2018-02-14,1.404,0.017391
2018-02-22,1.452,0.034188
2018-02-23,1.462,0.006887
2018-02-26,1.471,0.006156
2018-02-27,1.445,-0.017675
2018-02-28,1.445,0.0
2018-03-01,1.461,0.011073
2018-03-02,1.437,-0.016427
2018-03-05,1.411,-0.018093
2018-03-06,1.447,0.025514
2018-03-07,1.43,-0.011748
2018-03-08,1.452,0.015385
2018-03-09,1.466,0.009642
2018-03-12,1.489,0.015689
2018-03-13,1.487,-0.001343
2018-03-14,1.49,0.002017
2018-03-15,1.498,0.005369
2018-03-16,1.497,-0.000668
2018-03-19,1.497,0.0
2018-03-20,1.505,0.005344
2018-03-21,1.487,-0.01196
2018-03-22,1.462,-0.016812
2018-03-23,1.429,-0.022572
2018-03-26,1.44,0.007698
2018-03-27,1.456,0.011111
2018-03-28,1.419,-0.025412
2018-03-29,1.431,0.008457
2018-03-30,1.427,-0.002795
2018-04-02,1.424,-0.002102
2018-04-03,1.434,0.007022
2018-04-04,1.429,-0.003487
2018-04-09,1.464,0.024493
2018-04-10,1.482,0.012295
2018-04-11,1.473,-0.006073
2018-04-12,1.463,-0.006789
2018-04-13,1.458,-0.003418
2018-04-16,1.441,-0.01166
2018-04-17,1.41,-0.021513
2018-04-18,1.407,-0.002128
2018-04-19,1.428,0.014925
2018-04-20,1.405,-0.016106
2018-04-23,1.396,-0.006406
2018-04-24,1.418,0.015759
2018-04-25,1.414,-0.002821
2018-04-26,1.4,-0.009901
2018-04-27,1.416,0.011429
2018-05-02,1.448,0.022599
2018-05-03,1.441,-0.004834
2018-05-04,1.426,-0.010409
2018-05-07,1.436,0.007013
2018-05-08,1.448,0.008357
2018-05-09,1.453,0.003453
2018-05-10,1.465,0.008259
2018-05-11,1.462,-0.002048
2018-05-14,1.475,0.008892
2018-05-15,1.48,0.00339
2018-05-16,1.489,0.006081
2018-05-17,1.482,-0.004701
2018-05-18,1.486,0.002699
2018-05-21,1.492,0.004038
2018-05-22,1.491,-0.00067
2018-05-23,1.481,-0.006707
2018-05-24,1.489,0.005402
2018-05-25,1.491,0.001343
2018-05-28,1.505,0.00939
2018-05-29,1.48,-0.016611
2018-05-30,1.472,-0.005405
2018-05-31,1.499,0.018342
2018-06-01,1.495,-0.002668
2018-06-04,1.508,0.008696
2018-06-05,1.509,0.000663
2018-06-06,1.522,0.008615
2018-06-07,1.516,-0.003942
2018-06-08,1.503,-0.008575
2018-06-11,1.514,0.007319
2018-06-12,1.522,0.005284
2018-06-13,1.512,-0.00657
2018-06-14,1.491,-0.013889
2018-06-15,1.493,0.001341
2018-06-19,1.444,-0.03282
2018-06-20,1.465,0.014543
2018-06-21,1.457,-0.005461
2018-06-22,1.458,0.000686
2018-06-25,1.43,-0.019204
2018-06-26,1.423,-0.004895
2018-06-27,1.391,-0.022488
2018-06-28,1.387,-0.002876
2018-06-29,1.434,0.033886
2018-06-30,1.434,0.0
2018-07-02,1.434,0.0
2018-07-03,1.416,-0.012552
2018-07-04,1.39,-0.018362
2018-07-05,1.365,-0.017986
2018-07-06,1.379,0.010256
2018-07-09,1.418,0.028281
2018-07-10,1.414,-0.002821
2018-07-11,1.396,-0.01273
2018-07-12,1.436,0.028653
2018-07-13,1.441,0.003482
2018-07-16,1.44,-0.000694
2018-07-17,1.428,-0.008333
2018-07-18,1.43,0.001401
2018-07-19,1.422,-0.005594
2018-07-20,1.439,0.011955
2018-07-23,1.437,-0.00139
2018-07-24,1.466,0.020181
2018-07-25,1.479,0.008868
2018-07-26,1.466,-0.00879
2018-07-27,1.482,0.010914
2018-07-30,1.475,-0.004723
2018-07-31,1.456,-0.012881
2018-08-01,1.445,-0.007555
2018-08-02,1.406,-0.02699
2018-08-03,1.402,-0.002845
2018-08-06,1.396,-0.00428
2018-08-07,1.42,0.017192
2018-08-08,1.426,0.004225
2018-08-09,1.441,0.010519
2018-08-10,1.432,-0.006246
2018-08-13,1.39,-0.02933
2018-08-14,1.378,-0.008633
2018-08-15,1.339,-0.028302
2018-08-16,1.333,-0.004481
2018-08-17,1.318,-0.011253
2018-08-20,1.331,0.009863
2018-08-21,1.357,0.019534
2018-08-22,1.355,-0.001474
2018-08-23,1.36,0.00369
2018-08-24,1.361,0.000735
2018-08-27,1.385,0.017634
2018-08-28,1.373,-0.008664
2018-08-29,1.378,0.003642
2018-08-30,1.367,-0.007983
2018-08-31,1.357,-0.007315
2018-09-03,1.336,-0.015475
2018-09-04,1.343,0.00524
2018-09-05,1.312,-0.023083
2018-09-06,1.294,-0.01372
2018-09-07,1.297,0.002318
2018-09-10,1.275,-0.016962
2018-09-11,1.265,-0.007843
2018-09-12,1.249,-0.012648
2018-09-13,1.272,0.018415
2018-09-14,1.282,0.007862
2018-09-17,1.272,-0.0078
2018-09-18,1.285,0.01022
2018-09-19,1.308,0.017899
2018-09-20,1.313,0.003823
2018-09-21,1.343,0.022848
2018-09-25,1.326,-0.012658
2018-09-26,1.338,0.00905
2018-09-27,1.335,-0.002242
2018-09-28,1.353,0.013483
2018-10-08,1.281,-0.053215
2018-10-09,1.28,-0.000781
2018-10-10,1.278,-0.001563
2018-10-11,1.224,-0.042254
2018-10-12,1.25,0.021242
2018-10-15,1.24,-0.008
2018-10-16,1.237,-0.002419
2018-10-17,1.237,0.0
2018-10-18,1.238,0.000808
2018-10-19,1.248,0.008078
2018-10-22,1.277,0.023237
2018-10-23,1.246,-0.024276
2018-10-24,1.239,-0.005618
2018-10-25,1.225,-0.011299
2018-10-26,1.213,-0.009796
2018-10-29,1.196,-0.014015
2018-10-30,1.195,-0.000836
2018-10-31,1.22,0.020921
2018-11-01,1.235,0.012295
2018-11-02,1.282,0.038057
2018-11-05,1.263,-0.014821
2018-11-06,1.272,0.007126
2018-11-07,1.275,0.002358
2018-11-08,1.28,0.003922
2018-11-09,1.259,-0.016406
2018-11-12,1.27,0.008737
2018-11-13,1.281,0.008661
2018-11-14,1.271,-0.007806
2018-11-15,1.28,0.007081
2018-11-16,1.272,-0.00625
2018-11-19,1.27,-0.001572
2018-11-20,1.248,-0.017323
2018-11-21,1.259,0.008814
2018-11-22,1.256,-0.002383
2018-11-23,1.244,-0.009554
2018-11-26,1.251,0.005627
2018-11-27,1.249,-0.001599
2018-11-28,1.261,0.009608
2018-11-29,1.252,-0.007137
2018-11-30,1.256,0.003195
2018-12-03,1.288,0.025478
2018-12-04,1.291,0.002329
2018-12-05,1.27,-0.016266
2018-12-06,1.24,-0.023622
2018-12-07,1.233,-0.005645
2018-12-10,1.22,-0.010543
2018-12-11,1.228,0.006557
2018-12-12,1.238,0.008143
2018-12-13,1.254,0.012924
2018-12-14,1.238,-0.012759
2018-12-17,1.234,-0.003231
2018-12-18,1.217,-0.013776
2018-12-19,1.216,-0.000822
2018-12-20,1.205,-0.009046
2018-12-21,1.197,-0.006639
2018-12-24,1.199,0.001671
2018-12-25,1.198,-0.000834
2018-12-26,1.196,-0.001669
2018-12-27,1.191,-0.004181
2018-12-28,1.191,0.0
2018-12-31,1.207,0.013434
2019-01-02,1.179,-0.023198
2019-01-03,1.173,-0.005089
2019-01-04,1.187,0.011935
2019-01-07,1.201,0.011794
2019-01-08,1.206,0.004163
2019-01-09,1.217,0.009121
2019-01-10,1.222,0.004108
2019-01-11,1.225,0.002455
2019-01-14,1.205,-0.016327
2019-01-15,1.224,0.015768
2019-01-16,1.239,0.012255
2019-01-17,1.231,-0.006457
2019-01-18,1.242,0.008936
2019-01-21,1.25,0.006441
2019-01-22,1.236,-0.0112
2019-01-23,1.237,0.000809
2019-01-24,1.253,0.012935
2019-01-25,1.268,0.011971
2019-01-28,1.25,-0.014196
2019-01-29,1.249,-0.0008
2019-01-30,1.252,0.002402
2019-01-31,1.265,0.010383
2019-02-01,1.279,0.011067
2019-02-11,1.301,0.017201
2019-02-12,1.311,0.007686
2019-02-13,1.327,0.012204
2019-02-14,1.33,0.002261
2019-02-15,1.297,-0.024812
2019-02-18,1.329,0.024672
2019-02-19,1.319,-0.007524
2019-02-20,1.332,0.009856
2019-02-21,1.34,0.006006
2019-02-22,1.36,0.014925
2019-02-25,1.384,0.017647
2019-02-26,1.373,-0.007948
2019-02-27,1.349,-0.01748
2019-02-28,1.344,-0.003706
2019-03-01,1.376,0.02381
2019-03-04,1.392,0.011628
2019-03-05,1.394,0.001437
2019-03-06,1.401,0.005022
2019-03-07,1.382,-0.013562
2019-03-08,1.342,-0.028944
2019-03-11,1.371,0.02161
2019-03-12,1.389,0.013129
2019-03-13,1.378,-0.007919
2019-03-14,1.369,-0.006531
2019-03-15,1.388,0.013879
2019-03-18,1.402,0.010086
2019-03-19,1.397,-0.003566
2019-03-20,1.394,-0.002147
2019-03-21,1.386,-0.005739
2019-03-22,1.391,0.003608
2019-03-25,1.375,-0.011503
2019-03-26,1.369,-0.004364
2019-03-27,1.39,0.01534
2019-03-28,1.404,0.010072
2019-03-29,1.409,0.003561
2019-04-01,1.418,0.006388
2019-04-02,1.427,0.006347
2019-04-03,1.44,0.00911
2019-04-04,1.438,-0.001389
2019-04-08,1.451,0.00904
2019-04-09,1.46,0.006203
2019-04-10,1.458,-0.00137
2019-04-11,1.433,-0.017147
2019-04-12,1.436,0.002094
2019-04-15,1.427,-0.006267
2019-04-16,1.432,0.003504
2019-04-17,1.444,0.00838
2019-04-18,1.436,-0.00554
2019-04-19,1.439,0.002089
2019-04-22,1.439,0.0
2019-04-23,1.42,-0.013204
2019-04-24,1.423,0.002113
2019-04-25,1.39,-0.02319
2019-04-26,1.388,-0.001439
2019-04-29,1.388,0.0
2019-04-30,1.389,0.00072
2019-05-06,1.344,-0.032397
2019-05-07,1.354,0.00744
2019-05-08,1.33,-0.017725
2019-05-09,1.298,-0.02406
2019-05-10,1.327,0.022342
2019-05-13,1.325,-0.001507
2019-05-14,1.308,-0.01283
2019-05-15,1.338,0.022936
2019-05-16,1.336,-0.001495
2019-05-17,1.307,-0.021707
2019-05-20,1.285,-0.016832
2019-05-21,1.291,0.004669
2019-05-22,1.299,0.006197
2019-05-23,1.271,-0.021555
2019-05-24,1.273,0.001574
2019-05-27,1.278,0.003928
2019-05-28,1.292,0.010955
2019-05-29,1.29,-0.001548
2019-05-30,1.291,0.000775
2019-05-31,1.298,0.005422
2019-06-03,1.293,-0.003852
2019-06-04,1.272,-0.016241
2019-06-05,1.279,0.005503
2019-06-06,1.268,-0.0086
2019-06-10,1.291,0.018139
2019-06-11,1.31,0.014717
2019-06-12,1.293,-0.012977
2019-06-13,1.301,0.006187
2019-06-14,1.287,-0.010761
2019-06-17,1.283,-0.003108
2019-06-18,1.282,-0.000779
2019-06-19,1.307,0.019501
2019-06-20,1.326,0.014537
2019-06-21,1.315,-0.008296
2019-06-24,1.317,0.001521
2019-06-25,1.305,-0.009112
2019-06-26,1.31,0.003831
2019-06-27,1.335,0.019084
2019-06-28,1.333,-0.001498
2019-06-30,1.333,0.0
2019-07-01,1.34,0.005251
2019-07-02,1.355,0.011194
2019-07-03,1.342,-0.009594
2019-07-04,1.341,-0.000745
2019-07-05,1.336,-0.003729
2019-07-08,1.321,-0.011228
2019-07-09,1.309,-0.009084
2019-07-10,1.32,0.008403
2019-07-11,1.321,0.000758
2019-07-12,1.32,-0.000757
2019-07-15,1.326,0.004545
2019-07-16,1.334,0.006033
2019-07-17,1.339,0.003748
2019-07-18,1.327,-0.008962
2019-07-19,1.334,0.005275
2019-07-22,1.331,-0.002249
2019-07-23,1.335,0.003005
2019-07-24,1.341,0.004494
2019-07-25,1.353,0.008949
2019-07-26,1.345,-0.005913
2019-07-29,1.34,-0.003717
2019-07-30,1.345,0.003731
2019-07-31,1.332,-0.009665
2019-08-01,1.325,-0.005255
2019-08-02,1.288,-0.027925
2019-08-05,1.258,-0.023292
2019-08-06,1.251,-0.005564
2019-08-07,1.261,0.007994
2019-08-08,1.276,0.011895
2019-08-09,1.267,-0.007053
2019-08-12,1.275,0.006314
2019-08-13,1.248,-0.021176
2019-08-14,1.254,0.004808
2019-08-15,1.252,-0.001595
2019-08-16,1.257,0.003994
2019-08-19,1.288,0.024662
2019-08-20,1.293,0.003882
2019-08-21,1.311,0.013921
2019-08-22,1.307,-0.003051
2019-08-23,1.315,0.006121
2019-08-26,1.292,-0.01749
2019-08-27,1.303,0.008514
2019-08-28,1.296,-0.005372
2019-08-29,1.296,0.0
2019-08-30,1.302,0.00463
2019-09-02,1.31,0.006144
2019-09-03,1.298,-0.00916
2019-09-04,1.321,0.01772
2019-09-05,1.338,0.012869
2019-09-06,1.348,0.007474
2019-09-09,1.357,0.006677
2019-09-10,1.349,-0.005895
2019-09-11,1.349,0.0
2019-09-12,1.367,0.013343
2019-09-16,1.374,0.005121
2019-09-17,1.36,-0.010189
2019-09-18,1.368,0.005882
2019-09-19,1.366,-0.001462
2019-09-20,1.37,0.002928
2019-09-23,1.351,-0.013869
2019-09-24,1.343,-0.005922
2019-09-25,1.327,-0.011914
2019-09-26,1.329,0.001507
2019-09-27,1.323,-0.004515
2019-09-30,1.314,-0.006803
2019-10-08,1.333,0.01446
2019-10-09,1.323,-0.007502
2019-10-10,1.333,0.007559
2019-10-11,1.349,0.012003
2019-10-14,1.356,0.005189
2019-10-15,1.352,-0.00295
2019-10-16,1.35,-0.001479
2019-10-17,1.362,0.008889
2019-10-18,1.357,-0.003671
2019-10-21,1.359,0.001474
2019-10-22,1.35,-0.006623
2019-10-23,1.345,-0.003704
2019-10-24,1.352,0.005204
2019-10-25,1.356,0.002959
2019-10-28,1.368,0.00885
2019-10-29,1.364,-0.002924
2019-10-30,1.359,-0.003666
2019-10-31,1.368,0.006623
2019-11-01,1.372,0.002924
2019-11-04,1.395,0.016764
2019-11-05,1.4,0.003584
2019-11-06,1.395,-0.003571
2019-11-07,1.393,-0.001434
2019-11-08,1.386,-0.005025
2019-11-11,1.353,-0.02381
2019-11-12,1.364,0.00813
2019-11-13,1.353,-0.008065
2019-11-14,1.354,0.000739
2019-11-15,1.352,-0.001477
2019-11-18,1.357,0.003698
2019-11-19,1.369,0.008843
2019-11-20,1.363,-0.004383
2019-11-21,1.349,-0.010271
2019-11-22,1.35,0.000741
2019-11-25,1.358,0.005926
2019-11-26,1.353,-0.003682
2019-11-27,1.35,-0.002217
2019-11-28,1.344,-0.004444
2019-11-29,1.326,-0.013393
2019-12-02,1.336,0.007541
2019-12-03,1.339,0.002246
2019-12-04,1.332,-0.005228
2019-12-05,1.354,0.016517
2019-12-06,1.358,0.002954
2019-12-09,1.365,0.005155
2019-12-10,1.358,-0.005128
2019-12-11,1.369,0.0081
2019-12-12,1.375,0.004383
2019-12-13,1.389,0.010182
2019-12-16,1.387,-0.00144
2019-12-17,1.402,0.010815
2019-12-18,1.404,0.001427
2019-12-19,1.392,-0.008547
2019-12-20,1.393,0.000718
2019-12-23,1.393,0.0
2019-12-24,1.401,0.005743
2019-12-25,1.401,0.0
2019-12-26,1.396,-0.003569
2019-12-27,1.417,0.015043
2019-12-30,1.426,0.006351
2019-12-31,1.437,0.007714
2020-01-02,1.466,0.020181
2020-01-03,1.463,-0.002046
2020-01-06,1.451,-0.008202
2020-01-07,1.453,0.001378
2020-01-08,1.44,-0.008947
2020-01-09,1.47,0.020833
2020-01-10,1.476,0.004082
2020-01-13,1.49,0.009485
2020-01-14,1.48,-0.006711
2020-01-15,1.492,0.008108
2020-01-16,1.513,0.014075
2020-01-17,1.527,0.009253
2020-01-20,1.525,-0.00131
2020-01-21,1.481,-0.028852
2020-01-22,1.518,0.024983
2020-01-23,1.476,-0.027668
2020-02-03,1.403,-0.049458
2020-02-04,1.459,0.039914
2020-02-05,1.48,0.014393
2020-02-06,1.511,0.020946
2020-02-07,1.515,0.002647
2020-02-10,1.52,0.0033
2020-02-11,1.527,0.004605
2020-02-12,1.548,0.013752
2020-02-13,1.561,0.008398
2020-02-14,1.559,-0.001281
2020-02-17,1.574,0.009622
2020-02-18,1.556,-0.011436
2020-02-19,1.573,0.010925
2020-02-20,1.583,0.006357
2020-02-21,1.573,-0.006317
2020-02-24,1.558,-0.009536
2020-02-25,1.564,0.003851
2020-02-26,1.536,-0.017903
2020-02-27,1.541,0.003255
2020-02-28,1.487,-0.035042
2020-03-02,1.504,0.011432
2020-03-03,1.515,0.007314
2020-03-04,1.515,0.0
2020-03-05,1.539,0.015842
2020-03-06,1.512,-0.017544
2020-03-09,1.426,-0.056878
2020-03-10,1.445,0.013324
2020-03-11,1.453,0.005536
2020-03-12,1.385,-0.0468
2020-03-13,1.381,-0.002888
2020-03-16,1.281,-0.072411
2020-03-17,1.273,-0.006245
2020-03-18,1.225,-0.037706
2020-03-19,1.182,-0.035102
2020-03-20,1.267,0.071912
2020-03-23,1.216,-0.040253
2020-03-24,1.282,0.054276
2020-03-25,1.333,0.039782
2020-03-26,1.326,-0.005251
2020-03-27,1.321,-0.003771
2020-03-30,1.303,-0.013626
2020-03-31,1.348,0.034536
2020-04-01,1.325,-0.017062
2020-04-02,1.356,0.023396
2020-04-03,1.351,-0.003687
2020-04-07,1.401,0.03701
2020-04-08,1.383,-0.012848
2020-04-09,1.402,0.013738
2020-04-10,1.399,-0.00214
2020-04-13,1.397,-0.00143
2020-04-14,1.425,0.020043
2020-04-15,1.406,-0.013333
2020-04-16,1.43,0.01707
2020-04-17,1.435,0.003497
2020-04-20,1.465,0.020906
2020-04-21,1.434,-0.02116
2020-04-22,1.467,0.023013
2020-04-23,1.474,0.004772
2020-04-24,1.445,-0.019674
2020-04-27,1.463,0.012457
2020-04-28,1.474,0.007519
2020-04-29,1.489,0.010176
2020-04-30,1.487,-0.001343
2020-05-06,1.48,-0.004707
2020-05-07,1.497,0.011486
2020-05-08,1.52,0.015364
2020-05-11,1.514,-0.003947
2020-05-12,1.523,0.005945
2020-05-13,1.533,0.006566
2020-05-14,1.528,-0.003262
2020-05-15,1.535,0.004581
2020-05-18,1.554,0.012378
2020-05-19,1.57,0.010296
2020-05-20,1.569,-0.000637
2020-05-21,1.546,-0.014659
2020-05-22,1.483,-0.04075
2020-05-25,1.517,0.022927
2020-05-26,1.54,0.015162
2020-05-27,1.506,-0.022078
2020-05-28,1.501,-0.00332
2020-05-29,1.532,0.020653
2020-06-01,1.588,0.036554
2020-06-02,1.607,0.011965
2020-06-03,1.615,0.004978
2020-06-04,1.606,-0.005573
2020-06-05,1.605,-0.000623
2020-06-08,1.593,-0.007477
2020-06-09,1.597,0.002511
2020-06-10,1.617,0.012523
2020-06-11,1.584,-0.020408
2020-06-12,1.599,0.00947
2020-06-15,1.565,-0.021263
2020-06-16,1.62,0.035144
2020-06-17,1.64,0.012346
2020-06-18,1.655,0.009146
2020-06-19,1.67,0.009063
2020-06-22,1.652,-0.010778
2020-06-23,1.671,0.011501
2020-06-24,1.673,0.001197
2020-06-29,1.667,-0.003586
2020-06-30,1.67,0.0018
2020-07-01,1.668,-0.001198
2020-07-02,1.727,0.035372
2020-07-03,1.753,0.015055
2020-07-06,1.797,0.0251
2020-07-07,1.768,-0.016138
2020-07-08,1.81,0.023756
2020-07-09,1.833,0.012707
2020-07-10,1.808,-0.013639
2020-07-13,1.853,0.024889
2020-07-14,1.797,-0.030221
2020-07-15,1.823,0.014469
2020-07-16,1.719,-0.057049
2020-07-17,1.777,0.033741
2020-07-20,1.84,0.035453
2020-07-21,1.892,0.028261
2020-07-22,1.845,-0.024841
2020-07-23,1.906,0.033062
2020-07-24,1.815,-0.047744
2020-07-27,1.842,0.014876
2020-07-28,1.875,0.017915
2020-07-29,1.904,0.015467
2020-07-30,1.915,0.005777
2020-07-31,1.91,-0.002611
2020-08-03,1.923,0.006806
2020-08-04,1.955,0.016641
2020-08-05,1.992,0.018926
2020-08-06,1.999,0.003514
2020-08-07,1.992,-0.003502
2020-08-10,1.968,-0.012048
2020-08-11,1.952,-0.00813
2020-08-12,1.895,-0.029201
2020-08-13,1.891,-0.002111
2020-08-14,1.898,0.003702
2020-08-17,1.915,0.008957
2020-08-18,1.93,0.007833
2020-08-19,1.913,-0.008808
2020-08-20,1.897,-0.008364
2020-08-21,1.904,0.00369
2020-08-24,1.94,0.018908
2020-08-25,1.931,-0.004639
2020-08-26,1.898,-0.01709
2020-08-27,1.921,0.012118
2020-08-28,1.925,0.002082
2020-08-31,1.907,-0.009351
2020-09-01,1.942,0.018353
2020-09-02,1.973,0.015963
2020-09-03,1.953,-0.010137
2020-09-04,1.936,-0.008705
2020-09-07,1.901,-0.018079
2020-09-08,1.873,-0.014729
2020-09-09,1.853,-0.010678
2020-09-10,1.821,-0.017269
2020-09-11,1.878,0.031301
2020-09-14,1.911,0.017572
2020-09-15,1.919,0.004186
2020-09-16,1.939,0.010422
2020-09-17,1.927,-0.006189
2020-09-18,1.959,0.016606
2020-09-21,1.899,-0.030628
2020-09-22,1.882,-0.008952
2020-09-23,1.909,0.014346
2020-09-24,1.871,-0.019906
2020-09-25,1.851,-0.010689
2020-09-28,1.885,0.018368
2020-09-29,1.898,0.006897
2020-09-30,1.946,0.02529
2020-10-09,2.05,0.053443
2020-10-12,2.04,-0.004878
2020-10-13,2.045,0.002451
2020-10-14,2.046,0.000489
2020-10-15,1.997,-0.023949
2020-10-16,1.982,-0.007511
2020-10-19,1.933,-0.024723
2020-10-20,1.975,0.021728
2020-10-21,1.963,-0.006076
2020-10-22,1.95,-0.006623
2020-10-23,1.935,-0.007692
2020-10-26,1.935,0.0
2020-10-27,1.947,0.006202
2020-10-28,1.96,0.006677
2020-10-29,1.998,0.019388
2020-10-30,1.941,-0.028529
2020-11-02,1.958,0.008758
2020-11-03,1.941,-0.008682
2020-11-04,1.942,0.000515
2020-11-05,2.024,0.042225
2020-11-06,2.012,-0.005929
2020-11-09,2.035,0.011431
2020-11-10,1.98,-0.027027
2020-11-11,1.919,-0.030808
2020-11-12,1.973,0.02814
2020-11-13,1.984,0.005575
2020-11-16,2.004,0.010081
2020-11-17,1.976,-0.013972
2020-11-18,1.983,0.003543
2020-11-19,1.98,-0.001513
2020-11-20,2.004,0.012121
2020-11-23,2.047,0.021457
2020-11-24,2.052,0.002443
2020-11-25,2.007,-0.02193
2020-11-26,2.02,0.006477
2020-11-27,2.013,-0.003465
2020-11-30,2.005,-0.003974
2020-12-01,2.041,0.017955
2020-12-02,2.014,-0.013229
2020-12-03,2.022,0.003972
2020-12-04,2.03,0.003956
2020-12-07,2.013,-0.008374
2020-12-08,2.031,0.008942
2020-12-09,2.011,-0.009847
2020-12-10,2.004,-0.003481
2020-12-11,2.006,0.000998
2020-12-14,2.027,0.010469
2020-12-15,2.03,0.00148
2020-12-16,2.036,0.002956
2020-12-17,2.069,0.016208
2020-12-18,2.09,0.01015
2020-12-21,2.13,0.019139
2020-12-22,2.087,-0.020188
2020-12-23,2.156,0.033062
2020-12-24,2.151,-0.002319
2020-12-25,2.15,-0.000465
2020-12-28,2.163,0.006047
2020-12-29,2.165,0.000925
2020-12-30,2.204,0.018014
2020-12-31,2.23,0.011797
2021-01-04,2.306,0.034081
2021-01-05,2.285,-0.009107
2021-01-06,2.286,0.000438
2021-01-07,2.304,0.007874
2021-01-08,2.344,0.017361
2021-01-11,2.309,-0.014932
2021-01-12,2.316,0.003032
2021-01-13,2.322,0.002591
2021-01-14,2.303,-0.008183
2021-01-15,2.27,-0.014329
2021-01-18,2.348,0.034361
2021-01-19,2.393,0.019165
2021-01-20,2.454,0.025491
2021-01-21,2.453,-0.000407
2021-01-22,2.453,0.0
2021-01-25,2.513,0.02446
2021-01-26,2.453,-0.023876
2021-01-27,2.405,-0.019568
2021-01-28,2.314,-0.037838
2021-01-29,2.307,-0.003025
2021-02-01,2.364,0.024707
2021-02-02,2.444,0.033841
2021-02-03,2.467,0.009411
2021-02-04,2.442,-0.010134
2021-02-05,2.442,0.0
2021-02-08,2.463,0.0086
2021-02-09,2.494,0.012586
2021-02-10,2.538,0.017642
2021-02-18,2.579,0.016154
2021-02-19,2.586,0.002714
2021-02-22,2.506,-0.030936
2021-02-23,2.496,-0.00399
2021-02-24,2.39,-0.042468
2021-02-25,2.421,0.012971
2021-02-26,2.316,-0.043371
2021-03-01,2.412,0.041451
2021-03-02,2.377,-0.014511
2021-03-03,2.411,0.014304
2021-03-04,2.284,-0.052675
2021-03-05,2.262,-0.009632
2021-03-08,2.163,-0.043767
2021-03-09,2.179,0.007397
2021-03-10,2.203,0.011014
2021-03-11,2.298,0.043123
2021-03-12,2.269,-0.01262
2021-03-15,2.258,-0.004848
2021-03-16,2.3,0.018601
2021-03-17,2.318,0.007826
2021-03-18,2.313,-0.002157
2021-03-19,2.279,-0.0147
2021-03-22,2.284,0.002194
2021-03-23,2.204,-0.035026
2021-03-24,2.146,-0.026316
2021-03-25,2.149,0.001398
2021-03-26,2.203,0.025128
2021-03-29,2.204,0.000454
2021-03-30,2.24,0.016334
2021-03-31,2.232,-0.003571
2021-04-01,2.303,0.03181
2021-04-02,2.305,0.000868
2021-04-06,2.303,-0.000868
2021-04-07,2.312,0.003908
2021-04-08,2.341,0.012543
2021-04-09,2.303,-0.016232
2021-04-12,2.263,-0.017369
2021-04-13,2.259,-0.001768
2021-04-14,2.285,0.01151
2021-04-15,2.284,-0.000438
2021-04-16,2.302,0.007881
2021-04-19,2.343,0.017811
2021-04-20,2.346,0.00128
2021-04-21,2.316,-0.012788
2021-04-22,2.341,0.010794
2021-04-23,2.368,0.011534
2021-04-26,2.364,-0.001689
2021-04-27,2.377,0.005499
2021-04-28,2.393,0.006731
2021-04-29,2.385,-0.003343
2021-04-30,2.344,-0.017191
2021-05-06,2.316,-0.011945
2021-05-07,2.261,-0.023748
2021-05-10,2.287,0.011499
2021-05-11,2.245,-0.018365
2021-05-12,2.249,0.001782
2021-05-13,2.199,-0.022232
2021-05-14,2.203,0.001819
2021-05-17,2.234,0.014072
2021-05-18,2.276,0.0188
2021-05-19,2.273,-0.001318
2021-05-20,2.277,0.00176
2021-05-21,2.306,0.012736
2021-05-24,2.297,-0.003903
2021-05-25,2.331,0.014802
2021-05-26,2.329,-0.000858
2021-05-27,2.354,0.010734
2021-05-28,2.319,-0.014868
2021-05-31,2.355,0.015524
2021-06-01,2.361,0.002548
2021-06-02,2.354,-0.002965
2021-06-03,2.336,-0.007647
2021-06-04,2.322,-0.005993
2021-06-07,2.33,0.003445
2021-06-08,2.312,-0.007725
2021-06-09,2.315,0.001298
2021-06-10,2.343,0.012095
2021-06-11,2.338,-0.002134
2021-06-15,2.345,0.002994
2021-06-16,2.274,-0.030277
2021-06-17,2.315,0.01803
2021-06-18,2.362,0.020302
2021-06-21,2.355,-0.002964
2021-06-22,2.378,0.009766
2021-06-23,2.429,0.021447
2021-06-24,2.446,0.006999
2021-06-25,2.466,0.008177
2021-06-28,2.486,0.00811
2021-06-29,2.474,-0.004827
2021-06-30,2.468,-0.002425
2021-07-01,2.47,0.00081
2021-07-02,2.43,-0.016194
2021-07-05,2.476,0.01893
2021-07-06,2.447,-0.011712
2021-07-07,2.513,0.026972
2021-07-08,2.44,-0.029049
2021-07-09,2.446,0.002459
2021-07-12,2.496,0.020442
2021-07-13,2.513,0.006811
2021-07-14,2.499,-0.005571
2021-07-15,2.512,0.005202
2021-07-16,2.493,-0.007564
2021-07-19,2.47,-0.009226
2021-07-20,2.428,-0.017004
2021-07-21,2.467,0.016063
2021-07-22,2.472,0.002027
2021-07-23,2.407,-0.026294
2021-07-26,2.33,-0.03199
2021-07-27,2.207,-0.05279
2021-07-28,2.287,0.036248
2021-07-29,2.394,0.046786
2021-07-30,2.415,0.008772
2021-08-02,2.457,0.017391
2021-08-03,2.424,-0.013431
2021-08-04,2.481,0.023515
2021-08-05,2.442,-0.015719
2021-08-06,2.422,-0.00819
2021-08-09,2.418,-0.001652
2021-08-10,2.447,0.011993
2021-08-11,2.442,-0.002043
2021-08-12,2.429,-0.005324
2021-08-13,2.424,-0.002058
2021-08-16,2.395,-0.011964
2021-08-17,2.327,-0.028392
2021-08-18,2.345,0.007735
2021-08-19,2.323,-0.009382
2021-08-20,2.288,-0.015067
2021-08-23,2.401,0.049388
2021-08-24,2.436,0.014577
2021-08-25,2.466,0.012315
2021-08-26,2.44,-0.010543
2021-08-27,2.433,-0.002869
2021-08-30,2.469,0.014797
2021-08-31,2.501,0.012961
2021-09-01,2.463,-0.015194
2021-09-02,2.534,0.028827
2021-09-03,2.553,0.007498
2021-09-06,2.544,-0.003525
2021-09-07,2.571,0.010613
2021-09-08,2.585,0.005445
2021-09-09,2.568,-0.006576
2021-09-10,2.539,-0.011293
2021-09-13,2.521,-0.007089
2021-09-14,2.478,-0.017057
2021-09-15,2.466,-0.004843
2021-09-16,2.376,-0.036496
2021-09-17,2.431,0.023148
2021-09-22,2.423,-0.003291
2021-09-23,2.482,0.02435
2021-09-24,2.422,-0.024174
2021-09-27,2.366,-0.023121
2021-09-28,2.421,0.023246
2021-09-29,2.372,-0.02024
2021-09-30,2.427,0.023187
2021-10-08,2.294,-0.0548
2021-10-11,2.25,-0.01918
2021-10-12,2.242,-0.003556
2021-10-13,2.248,0.002676
2021-10-14,2.242,-0.002669
2021-10-15,2.294,0.023194
2021-10-18,2.304,0.004359
2021-10-19,2.363,0.025608
2021-10-20,2.378,0.006348
2021-10-21,2.339,-0.0164
2021-10-22,2.337,-0.000855
2021-10-25,2.373,0.015404
2021-10-26,2.333,-0.016856
2021-10-27,2.311,-0.00943
2021-10-28,2.296,-0.006491
2021-10-29,2.308,0.005226
2021-11-01,2.268,-0.017331
2021-11-02,2.24,-0.012346
2021-11-03,2.238,-0.000893
2021-11-04,2.275,0.016533
2021-11-05,2.217,-0.025495
2021-11-08,2.204,-0.005864
2021-11-09,2.239,0.01588
2021-11-10,2.229,-0.004466
2021-11-11,2.263,0.015253
2021-11-12,2.289,0.011489
2021-11-15,2.276,-0.005679
2021-11-16,2.309,0.014499
2021-11-17,2.318,0.003898
2021-11-18,2.298,-0.008628
2021-11-19,2.303,0.002176
2021-11-22,2.315,0.005211
2021-11-23,2.302,-0.005616
2021-11-24,2.315,0.005647
2021-11-25,2.343,0.012095
2021-11-26,2.304,-0.016645
2021-11-29,2.324,0.008681
2021-11-30,2.294,-0.012909
2021-12-01,2.29,-0.001744
2021-12-02,2.281,-0.00393
2021-12-03,2.297,0.007014
2021-12-06,2.227,-0.030475
2021-12-07,2.254,0.012124
2021-12-08,2.283,0.012866
2021-12-09,2.331,0.021025
2021-12-10,2.298,-0.014157
2021-12-13,2.293,-0.002176
2021-12-14,2.264,-0.012647
2021-12-15,2.243,-0.009276
2021-12-16,2.277,0.015158
2021-12-17,2.239,-0.016689
2021-12-20,2.174,-0.029031
2021-12-21,2.202,0.012879
2021-12-22,2.215,0.005904
2021-12-23,2.265,0.022573
2021-12-24,2.26,-0.002208
2021-12-27,2.26,0.0
2021-12-28,2.229,-0.013717
2021-12-29,2.203,-0.011664
2021-12-30,2.213,0.004539
2021-12-31,2.241,0.012653
2022-01-04,2.238,-0.001339
2022-01-05,2.171,-0.029937
2022-01-06,2.166,-0.002303
2022-01-07,2.151,-0.006925
2022-01-10,2.162,0.005114
2022-01-11,2.158,-0.00185
2022-01-12,2.187,0.013438
2022-01-13,2.167,-0.009145
2022-01-14,2.16,-0.00323
2022-01-17,2.14,-0.009259
2022-01-18,2.152,0.005607
2022-01-19,2.161,0.004182
2022-01-20,2.178,0.007867
2022-01-21,2.157,-0.009642
2022-01-24,2.118,-0.018081
2022-01-25,2.078,-0.018886
2022-01-26,2.075,-0.001444
2022-01-27,2.026,-0.023614
2022-01-28,2.013,-0.006417
2022-02-07,2.086,0.036264
2022-02-08,2.07,-0.00767
2022-02-09,2.113,0.020773
2022-02-10,2.136,0.010885
2022-02-11,2.12,-0.007491
2022-02-14,2.08,-0.018868
2022-02-15,2.065,-0.007212
2022-02-16,2.083,0.008717
2022-02-17,2.092,0.004321
2022-02-18,2.068,-0.011472
2022-02-21,2.056,-0.005803
2022-02-22,2.026,-0.014591
2022-02-23,2.021,-0.002468
2022-02-24,1.981,-0.019792
2022-02-25,1.999,0.009086
2022-02-28,1.994,-0.002501
2022-03-01,2.001,0.003511
2022-03-02,1.991,-0.004998
2022-03-03,2.0,0.00452
2022-03-04,1.967,-0.0165
2022-03-07,1.927,-0.020336
2022-03-08,1.864,-0.032693
2022-03-09,1.857,-0.003755
2022-03-10,1.881,0.012924
2022-03-11,1.85,-0.016481
2022-03-14,1.729,-0.065405
2022-03-15,1.616,-0.065356
2022-03-16,1.743,0.078589
2022-03-17,1.834,0.052209
2022-03-18,1.854,0.010905
2022-03-21,1.834,-0.010787
2022-03-22,1.872,0.02072
2022-03-23,1.887,0.008013
2022-03-24,1.902,0.007949
2022-03-25,1.846,-0.029443
2022-03-28,1.867,0.011376
2022-03-29,1.871,0.002142
2022-03-30,1.917,0.024586
2022-03-31,1.883,-0.017736
2022-04-01,1.904,0.011152
2022-04-06,1.926,0.011555
2022-04-07,1.873,-0.027518
2022-04-08,1.901,0.014949
2022-04-11,1.832,-0.036297
2022-04-12,1.845,0.007096
2022-04-13,1.853,0.004336
2022-04-14,1.889,0.019428
2022-04-15,1.898,0.004764
2022-04-18,1.893,-0.002634
2022-04-19,1.871,-0.011622
2022-04-20,1.846,-0.013362
2022-04-21,1.808,-0.020585
2022-04-22,1.833,0.013827
2022-04-25,1.767,-0.036007
2022-04-26,1.788,0.011885
2022-04-27,1.811,0.012864
2022-04-28,1.831,0.011044
2022-04-29,1.888,0.031131
2022-05-05,1.854,-0.018008
2022-05-06,1.804,-0.026969
2022-05-09,1.817,0.007206
2022-05-10,1.8,-0.009356
2022-05-11,1.829,0.016111
2022-05-12,1.799,-0.016402
2022-05-13,1.852,0.029461
2022-05-16,1.843,-0.00486
2022-05-17,1.868,0.013565
2022-05-18,1.873,0.002677
2022-05-19,1.855,-0.00961
2022-05-20,1.89,0.018868
2022-05-23,1.857,-0.01746
2022-05-24,1.805,-0.028002
2022-05-25,1.816,0.006094
2022-05-26,1.82,0.002203
2022-05-27,1.849,0.015934
2022-05-30,1.863,0.007572
2022-05-31,1.908,0.024155
2022-06-01,1.903,-0.002621
2022-06-02,1.91,0.003678
2022-06-06,1.936,0.013613
2022-06-07,1.933,-0.00155
2022-06-08,1.96,0.013968
2022-06-09,1.939,-0.010714
2022-06-10,1.953,0.00722
2022-06-13,1.91,-0.022017
2022-06-14,1.93,0.010471
2022-06-15,1.935,0.002591
2022-06-16,1.882,-0.02739
2022-06-17,1.904,0.01169
2022-06-20,1.9,-0.002101
2022-06-21,1.929,0.015263
2022-06-22,1.903,-0.013478
2022-06-23,1.936,0.017341
2022-06-24,1.988,0.02686
2022-06-27,2.024,0.018109
2022-06-28,2.048,0.011858
2022-06-29,2.0,-0.023438
2022-06-30,2.012,0.006
2022-07-01,2.004,-0.003976
2022-07-04,2.023,0.009481
2022-07-05,2.028,0.002472
2022-07-06,2.015,-0.00641
2022-07-07,2.028,0.006452
2022-07-08,2.022,-0.002959
2022-07-11,1.971,-0.025223
2022-07-12,1.942,-0.014713
2022-07-13,1.954,0.006179
2022-07-14,1.966,0.006141
2022-07-15,1.929,-0.01882
2022-07-18,1.957,0.014515
2022-07-19,1.924,-0.016863
2022-07-20,1.951,0.014033
2022-07-21,1.943,-0.0041
2022-07-22,1.934,-0.004632
2022-07-25,1.912,-0.011375
2022-07-26,1.924,0.006276
2022-07-27,1.905,-0.009875
2022-07-28,1.903,-0.00105
2022-07-29,1.854,-0.025749
2022-08-01,1.852,-0.001079
2022-08-02,1.813,-0.021058
2022-08-03,1.827,0.007722
2022-08-04,1.867,0.021894
2022-08-05,1.885,0.009641
2022-08-08,1.882,-0.001592
2022-08-09,1.879,-0.001594
2022-08-10,1.838,-0.02182
2022-08-11,1.878,0.021763
2022-08-12,1.891,0.006922
2022-08-15,1.889,-0.001058
2022-08-16,1.894,0.002647
2022-08-17,1.904,0.00528
2022-08-18,1.906,0.00105
2022-08-19,1.908,0.001049
2022-08-22,1.912,0.002096
2022-08-23,1.904,-0.004184
2022-08-24,1.86,-0.023109
2022-08-25,1.911,0.027419
2022-08-26,1.92,0.00471
2022-08-29,1.91,-0.005208
2022-08-30,1.898,-0.006283
2022-08-31,1.89,-0.004215
2022-09-01,1.864,-0.013757
2022-09-02,1.861,-0.001609
2022-09-05,1.855,-0.003224
2022-09-06,1.87,0.008086
2022-09-07,1.866,-0.002139
2022-09-08,1.864,-0.001072
2022-09-09,1.891,0.014485
2022-09-13,1.864,-0.014278
2022-09-14,1.854,-0.005365
2022-09-15,1.842,-0.006472
2022-09-16,1.815,-0.014658
2022-09-19,1.791,-0.013223
2022-09-20,1.81,0.010609
2022-09-21,1.797,-0.007182
2022-09-22,1.79,-0.003895
2022-09-23,1.743,-0.026257
2022-09-26,1.752,0.005164
2022-09-27,1.785,0.018836
2022-09-28,1.737,-0.026891
2022-09-29,1.709,-0.01612
2022-09-30,1.705,-0.002341
2022-10-10,1.669,-0.021114
2022-10-11,1.658,-0.006591
2022-10-12,1.65,-0.004825
2022-10-13,1.639,-0.006667
2022-10-14,1.674,0.021354
2022-10-17,1.682,0.004779
2022-10-18,1.729,0.027943
2022-10-19,1.7,-0.016773
2022-10-20,1.671,-0.017059
2022-10-21,1.702,0.018552
2022-10-24,1.614,-0.051704
2022-10-25,1.638,0.01487
2022-10-26,1.67,0.019536
2022-10-27,1.649,-0.012575
2022-10-28,1.595,-0.032747
2022-10-31,1.586,-0.005643
2022-11-01,1.654,0.042875
2022-11-02,1.705,0.030834
2022-11-03,1.689,-0.009384
2022-11-04,1.747,0.03434
2022-11-07,1.77,0.013165
2022-11-08,1.757,-0.007345
2022-11-09,1.735,-0.012521
2022-11-10,1.718,-0.009798
2022-11-11,1.786,0.039581
2022-11-14,1.782,-0.00224
2022-11-15,1.819,0.020763
2022-11-16,1.817,-0.0011
2022-11-17,1.81,-0.003853
2022-11-18,1.811,0.000552
2022-11-21,1.796,-0.008283
2022-11-22,1.77,-0.014477
2022-11-23,1.754,-0.00904
2022-11-24,1.764,0.005701
2022-11-25,1.732,-0.018141
2022-11-28,1.738,0.003464
2022-11-29,1.803,0.037399
2022-11-30,1.835,0.017748
2022-12-01,1.823,-0.00654
2022-12-02,1.806,-0.009325
2022-12-05,1.879,0.040421
2022-12-06,1.853,-0.013837
2022-12-07,1.811,-0.022666
2022-12-08,1.871,0.033131
2022-12-09,1.892,0.011224
2022-12-12,1.853,-0.020613
2022-12-13,1.863,0.005397
2022-12-14,1.866,0.00161
2022-12-15,1.838,-0.015005
2022-12-16,1.846,0.004353
2022-12-19,1.821,-0.013543
2022-12-20,1.796,-0.013729
2022-12-21,1.807,0.006125
2022-12-22,1.843,0.019923
2022-12-23,1.839,-0.00217
2022-12-26,1.837,-0.001088
2022-12-27,1.831,-0.003266
2022-12-28,1.872,0.022392
2022-12-29,1.872,0.0
2022-12-30,1.868,-0.002137
2022-12-31,1.868,0.0
2023-01-03,1.905,0.019807
2023-01-04,1.939,0.017848
2023-01-05,1.956,0.008767
2023-01-06,1.937,-0.009714
2023-01-09,1.964,0.013939
2023-01-10,1.933,-0.015784
2023-01-11,1.929,-0.002069
2023-01-12,1.923,-0.00311
2023-01-13,1.953,0.015601
2023-01-16,1.948,-0.00256
2023-01-17,1.925,-0.011807
2023-01-18,1.934,0.004675
2023-01-19,1.939,0.002585
2023-01-20,1.97,0.015988
2023-01-30,1.966,-0.00203
2023-01-31,1.945,-0.010682
2023-02-01,1.985,0.020566
2023-02-02,1.981,-0.002015
2023-02-03,1.965,-0.008077
2023-02-06,1.907,-0.029517
2023-02-07,1.921,0.007341
2023-02-08,1.915,-0.003123
2023-02-09,1.957,0.021932
2023-02-10,1.912,-0.022994
2023-02-13,1.927,0.007845
2023-02-14,1.914,-0.006746
2023-02-15,1.894,-0.010449
2023-02-16,1.891,-0.001584
2023-02-17,1.873,-0.009519
2023-02-20,1.9,0.014415
2023-02-21,1.872,-0.014737
2023-02-22,1.863,-0.004808
2023-02-23,1.871,0.004294
2023-02-24,1.84,-0.016569
2023-02-27,1.844,0.002174
2023-02-28,1.832,-0.006508
2023-03-01,1.908,0.041485
2023-03-02,1.89,-0.009434
2023-03-03,1.912,0.01164
2023-03-06,1.909,-0.001569
2023-03-07,1.885,-0.012572
2023-03-08,1.862,-0.012202
2023-03-09,1.845,-0.00913
2023-03-10,1.806,-0.021138
2023-03-13,1.84,0.018826
2023-03-14,1.808,-0.017391
2023-03-15,1.828,0.011062
2023-03-16,1.815,-0.007112
2023-03-17,1.849,0.018733
2023-03-20,1.783,-0.035695
2023-03-21,1.822,0.021873
2023-03-22,1.815,-0.003842
2023-03-23,1.849,0.018733
2023-03-24,1.839,-0.005408
2023-03-27,1.817,-0.011963
2023-03-28,1.824,0.003853
2023-03-29,1.841,0.00932
2023-03-30,1.834,-0.003802
2023-03-31,1.823,-0.005998
2023-04-03,1.829,0.003291
2023-04-04,1.827,-0.001093
2023-04-06,1.837,0.005473
2023-04-07,1.84,0.001633
2023-04-10,1.837,-0.00163
2023-04-11,1.858,0.011432
2023-04-12,1.852,-0.003229
2023-04-13,1.856,0.00216
2023-04-14,1.867,0.005927
2023-04-17,1.878,0.005892
2023-04-18,1.868,-0.005325
2023-04-19,1.852,-0.008565
2023-04-20,1.855,0.00162
2023-04-21,1.811,-0.02372
2023-04-24,1.808,-0.001657
2023-04-25,1.765,-0.023783
2023-04-26,1.793,0.015864
2023-04-27,1.798,0.002789
2023-04-28,1.8,0.001112
2023-05-04,1.783,-0.009444
2023-05-05,1.79,0.003926
2023-05-08,1.799,0.005028
2023-05-09,1.76,-0.021679
2023-05-10,1.757,-0.001705
2023-05-11,1.75,-0.003984
2023-05-12,1.737,-0.007429
2023-05-15,1.76,0.013241
2023-05-16,1.765,0.002841
2023-05-17,1.739,-0.014731
2023-05-18,1.75,0.006325
2023-05-19,1.741,-0.005143
2023-05-22,1.752,0.006318
2023-05-23,1.73,-0.012557
2023-05-24,1.713,-0.009827
2023-05-25,1.672,-0.023935
2023-05-26,1.676,0.002392
2023-05-29,1.664,-0.00716
2023-05-30,1.675,0.006611
2023-05-31,1.651,-0.014328
2023-06-01,1.655,0.002423
2023-06-02,1.696,0.024773
2023-06-05,1.688,-0.004717
2023-06-06,1.678,-0.005924
2023-06-07,1.688,0.005959
2023-06-08,1.686,-0.001185
2023-06-09,1.703,0.010083
2023-06-12,1.698,-0.002936
2023-06-13,1.719,0.012367
2023-06-14,1.72,0.000582
2023-06-15,1.743,0.013372
2023-06-16,1.759,0.00918
2023-06-19,1.746,-0.007391
2023-06-20,1.729,-0.009737
2023-06-21,1.694,-0.020243
2023-06-26,1.669,-0.014758
2023-06-27,1.692,0.013781
2023-06-28,1.686,-0.003546
2023-06-29,1.673,-0.007711
2023-06-30,1.681,0.004782
2023-07-03,1.707,0.015467
2023-07-04,1.712,0.002929
2023-07-05,1.683,-0.016939
2023-07-06,1.663,-0.011884
2023-07-07,1.642,-0.012628
2023-07-10,1.643,0.000609
2023-07-11,1.666,0.013999
2023-07-12,1.667,0.0006
2023-07-13,1.697,0.017996
2023-07-14,1.701,0.002357
2023-07-17,1.702,0.000588
2023-07-18,1.685,-0.009988
2023-07-19,1.677,-0.004748
2023-07-20,1.662,-0.008945
2023-07-21,1.668,0.00361
2023-07-24,1.656,-0.007194
2023-07-25,1.706,0.030193
2023-07-26,1.707,0.000586
2023-07-27,1.717,0.005858
2023-07-28,1.744,0.015725
2023-07-31,1.756,0.006881
2023-08-01,1.745,-0.006264
2023-08-02,1.709,-0.02063
2023-08-03,1.717,0.004681
2023-08-04,1.735,0.010483
2023-08-07,1.719,-0.009222
2023-08-08,1.697,-0.012798
2023-08-09,1.696,-0.000589
2023-08-10,1.689,-0.004127
2023-08-11,1.662,-0.015986
2023-08-14,1.653,-0.005415
2023-08-15,1.648,-0.003025
2023-08-16,1.636,-0.007282
2023-08-17,1.646,0.006112
2023-08-18,1.622,-0.014581
2023-08-21,1.591,-0.019112
2023-08-22,1.614,0.014456
2023-08-23,1.618,0.002478
2023-08-24,1.649,0.019159
2023-08-25,1.634,-0.009096
2023-08-28,1.633,-0.000612
2023-08-29,1.662,0.017759
2023-08-30,1.657,-0.003008
2023-08-31,1.653,-0.002414
2023-09-01,1.653,0.0
2023-09-04,1.697,0.026618
2023-09-05,1.677,-0.011786
2023-09-06,1.672,-0.002982
2023-09-07,1.65,-0.013158
2023-09-08,1.653,0.001818
2023-09-11,1.663,0.00605
2023-09-12,1.659,-0.002405
2023-09-13,1.651,-0.004822
2023-09-14,1.66,0.005451
2023-09-15,1.678,0.010843
2023-09-18,1.666,-0.007151
2023-09-19,1.663,-0.001801
2023-09-20,1.641,-0.013229
2023-09-21,1.621,-0.012188
2023-09-22,1.65,0.01789
2023-09-25,1.629,-0.012727
2023-09-26,1.615,-0.008594
2023-09-27,1.627,0.00743
2023-09-28,1.615,-0.007376
2023-10-09,1.625,0.006192
2023-10-10,1.632,0.004308
2023-10-11,1.658,0.015931
2023-10-12,1.675,0.010253
2023-10-13,1.655,-0.01194
2023-10-16,1.639,-0.009668
2023-10-17,1.644,0.003051
2023-10-18,1.615,-0.01764
2023-10-19,1.595,-0.012384
2023-10-20,1.583,-0.007524
2023-10-23,1.582,-0.000632
2023-10-24,1.588,0.003793
2023-10-25,1.592,0.002519
2023-10-26,1.584,-0.005025
2023-10-27,1.62,0.022727
2023-10-30,1.642,0.01358
2023-10-31,1.611,-0.018879
2023-11-01,1.607,-0.002483
2023-11-02,1.613,0.003734
2023-11-03,1.636,0.014259
2023-11-06,1.675,0.023839
2023-11-07,1.658,-0.010149
2023-11-08,1.657,-0.000603
2023-11-09,1.644,-0.007846
2023-11-10,1.624,-0.012165
2023-11-13,1.639,0.009236
2023-11-14,1.637,-0.00122
2023-11-15,1.67,0.020159
2023-11-16,1.646,-0.014371
2023-11-17,1.649,0.001823
2023-11-20,1.67,0.012735
2023-11-21,1.658,-0.007186
2023-11-22,1.633,-0.015078
2023-11-23,1.65,0.01041
2023-11-24,1.631,-0.011515
2023-11-27,1.639,0.004905
2023-11-28,1.657,0.010982
2023-11-29,1.643,-0.008449
2023-11-30,1.654,0.006695
2023-12-01,1.642,-0.007255
2023-12-04,1.602,-0.024361
2023-12-05,1.568,-0.021223
2023-12-06,1.576,0.005102
2023-12-07,1.564,-0.007614
2023-12-08,1.557,-0.004476
2023-12-11,1.562,0.003211
2023-12-12,1.584,0.014085
2023-12-13,1.577,-0.004419
2023-12-14,1.585,0.005073
2023-12-15,1.589,0.002524
2023-12-18,1.569,-0.012587
2023-12-19,1.566,-0.001912
2023-12-20,1.56,-0.003831
2023-12-21,1.556,-0.002564
2023-12-22,1.526,-0.01928
2023-12-25,1.525,-0.000655
2023-12-26,1.527,0.001311
2023-12-27,1.543,0.010478
2023-12-28,1.563,0.012962
2023-12-29,1.571,0.005118
2023-12-31,1.571,0.0
2024-01-02,1.557,-0.008912
2024-01-03,1.551,-0.003854
2024-01-04,1.554,0.001934
2024-01-05,1.543,-0.007079
2024-01-08,1.52,-0.014906
2024-01-09,1.526,0.003947
2024-01-10,1.525,-0.000655
2024-01-11,1.54,0.009836
2024-01-12,1.545,0.003247
2024-01-15,1.548,0.001942
2024-01-16,1.532,-0.010336
2024-01-17,1.482,-0.032637
2024-01-18,1.489,0.004723
2024-01-19,1.474,-0.010074
2024-01-22,1.431,-0.029172
2024-01-23,1.457,0.018169
2024-01-24,1.493,0.024708
2024-01-25,1.526,0.022103
2024-01-26,1.499,-0.017693
2024-01-29,1.502,0.002001
2024-01-30,1.467,-0.023302
2024-01-31,1.452,-0.010225
2024-02-01,1.456,0.002755
2024-02-02,1.455,-0.000687
2024-02-05,1.454,-0.000687
2024-02-06,1.495,0.028198
2024-02-07,1.498,0.002007
2024-02-08,1.512,0.009346
2024-02-19,1.539,0.017857
2024-02-20,1.558,0.012346
2024-02-21,1.564,0.003851
2024-02-22,1.598,0.021739
2024-02-23,1.605,0.00438
2024-02-26,1.599,-0.003738
2024-02-27,1.602,0.001876
2024-02-28,1.584,-0.011236
2024-02-29,1.598,0.008838
2024-03-01,1.61,0.007509
2024-03-04,1.638,0.017391
2024-03-05,1.616,-0.013431
2024-03-06,1.633,0.01052
2024-03-07,1.642,0.005511
2024-03-08,1.655,0.007917
2024-03-11,1.643,-0.007251
2024-03-12,1.646,0.001826
2024-03-13,1.654,0.00486
2024-03-14,1.653,-0.000605
2024-03-15,1.646,-0.004235
2024-03-18,1.657,0.006683
2024-03-19,1.645,-0.007242
2024-03-20,1.652,0.004255
2024-03-21,1.669,0.010291
2024-03-22,1.654,-0.008987
2024-03-25,1.652,-0.001209
2024-03-26,1.637,-0.00908
2024-03-27,1.629,-0.004887
2024-03-28,1.635,0.003683
2024-03-29,1.635,0.0
2024-04-01,1.638,0.001835
2024-04-02,1.672,0.020757
2024-04-03,1.677,0.00299
2024-04-08,1.679,0.001193
2024-04-09,1.682,0.001787
2024-04-10,1.696,0.008323
2024-04-11,1.696,0.0
2024-04-12,1.683,-0.007665
2024-04-15,1.678,-0.002971
2024-04-16,1.645,-0.019666
2024-04-17,1.658,0.007903
2024-04-18,1.659,0.000603
2024-04-19,1.647,-0.007233
2024-04-22,1.641,-0.003643
2024-04-23,1.648,0.004266
2024-04-24,1.676,0.01699
2024-04-25,1.676,0.0
2024-04-26,1.702,0.015513
2024-04-29,1.691,-0.006463
2024-04-30,1.69,-0.000591
2024-05-06,1.746,0.033136
2024-05-07,1.745,-0.000573
2024-05-08,1.734,-0.006304
2024-05-09,1.767,0.019031
2024-05-10,1.792,0.014148
2024-05-13,1.81,0.010045
2024-05-14,1.818,0.00442
2024-05-15,1.821,0.00165
2024-05-16,1.815,-0.003295
2024-05-17,1.809,-0.003306
2024-05-20,1.82,0.006081
2024-05-21,1.792,-0.015385
2024-05-22,1.797,0.00279
2024-05-23,1.78,-0.00946
2024-05-24,1.762,-0.010112
2024-05-27,1.796,0.019296
2024-05-28,1.802,0.003341
2024-05-29,1.788,-0.007769
2024-05-30,1.779,-0.005034
2024-05-31,1.761,-0.010118
2024-06-03,1.788,0.015332
2024-06-04,1.794,0.003356
2024-06-05,1.784,-0.005574
2024-06-06,1.802,0.01009
2024-06-07,1.802,0.0
2024-06-11,1.765,-0.020533
2024-06-12,1.773,0.004533
2024-06-13,1.799,0.014664
2024-06-14,1.798,-0.000556
2024-06-17,1.788,-0.005562
2024-06-18,1.802,0.00783
2024-06-19,1.826,0.013319
2024-06-20,1.83,0.002191
2024-06-21,1.81,-0.010929
2024-06-24,1.785,-0.013812
2024-06-25,1.784,-0.00056
2024-06-26,1.788,0.002242
2024-06-27,1.764,-0.013423
2024-06-28,1.797,0.018707
2024-06-30,1.797,0.0
2024-07-01,1.795,-0.001113
2024-07-02,1.788,-0.0039
2024-07-03,1.797,0.005034
2024-07-04,1.804,0.003895
2024-07-05,1.798,-0.003326
2024-07-08,1.791,-0.003893
2024-07-09,1.81,0.010609
2024-07-10,1.788,-0.012155
2024-07-11,1.807,0.010626
2024-07-12,1.806,-0.000553
2024-07-15,1.796,-0.005537
2024-07-16,1.78,-0.008909
2024-07-17,1.74,-0.022472
2024-07-18,1.738,-0.001149
2024-07-19,1.713,-0.014384
2024-07-22,1.726,0.007589
2024-07-23,1.716,-0.005794
2024-07-24,1.701,-0.008741
2024-07-25,1.67,-0.018225
2024-07-26,1.662,-0.00479
2024-07-29,1.668,0.00361
2024-07-30,1.645,-0.013789
2024-07-31,1.677,0.019453
2024-08-01,1.676,-0.000596
2024-08-02,1.639,-0.022076
2024-08-05,1.591,-0.029286
2024-08-06,1.614,0.014456
2024-08-07,1.644,0.018587
2024-08-08,1.647,0.001825
2024-08-09,1.658,0.006679
2024-08-12,1.67,0.007238
2024-08-13,1.686,0.009581
2024-08-14,1.674,-0.007117
2024-08-15,1.681,0.004182
2024-08-16,1.698,0.010113
2024-08-19,1.709,0.006478
2024-08-20,1.701,-0.004681
2024-08-21,1.703,0.001176
2024-08-22,1.704,0.000587
2024-08-23,1.697,-0.004108
2024-08-26,1.694,-0.001768
2024-08-27,1.693,-0.00059
2024-08-28,1.681,-0.007088
2024-08-29,1.69,0.005354
2024-08-30,1.688,-0.001183
2024-09-02,1.675,-0.007701
2024-09-03,1.664,-0.006567
2024-09-04,1.642,-0.013221
2024-09-05,1.641,-0.000609
2024-09-06,1.636,-0.003047
2024-09-09,1.619,-0.010391
2024-09-10,1.62,0.000618
2024-09-11,1.618,-0.001235
2024-09-12,1.625,0.004326
2024-09-13,1.638,0.008
2024-09-18,1.641,0.001832
2024-09-19,1.669,0.017063
2024-09-20,1.672,0.001797
2024-09-23,1.664,-0.004785
2024-09-24,1.695,0.01863
2024-09-25,1.688,-0.00413
2024-09-26,1.756,0.040284
2024-09-27,1.814,0.03303
2024-09-30,1.859,0.024807
2024-10-08,1.868,0.004841
2024-10-09,1.841,-0.014454
2024-10-10,1.874,0.017925
2024-10-11,1.88,0.003202
2024-10-14,1.855,-0.013298
2024-10-15,1.81,-0.024259
2024-10-16,1.81,0.0
2024-10-17,1.809,-0.000552
2024-10-18,1.87,0.03372
2024-10-21,1.847,-0.012299
2024-10-22,1.861,0.00758
2024-10-23,1.892,0.016658
2024-10-24,1.857,-0.018499
2024-10-25,1.868,0.005924
2024-10-28,1.869,0.000535
2024-10-29,1.865,-0.00214
2024-10-30,1.839,-0.013941
2024-10-31,1.823,-0.0087
2024-11-01,1.823,0.0
2024-11-04,1.841,0.009874
2024-11-05,1.874,0.017925
2024-11-06,1.842,-0.017076
2024-11-07,1.884,0.022801
2024-11-08,1.873,-0.005839
2024-11-11,1.874,0.000534
2024-11-12,1.832,-0.022412
2024-11-13,1.826,-0.003275
2024-11-14,1.786,-0.021906
2024-11-15,1.78,-0.003359
2024-11-18,1.779,-0.000562
2024-11-19,1.802,0.012929
2024-11-20,1.82,0.009989
2024-11-21,1.81,-0.005495
2024-11-22,1.789,-0.011602
2024-11-25,1.798,0.005031
2024-11-26,1.772,-0.014461
2024-11-27,1.81,0.021445
2024-11-28,1.798,-0.00663
2024-11-29,1.821,0.012792
2024-12-02,1.861,0.021966
2024-12-03,1.875,0.007523
2024-12-04,1.87,-0.002667
2024-12-05,1.87,0.0
2024-12-06,1.872,0.00107
2024-12-09,1.915,0.02297
2024-12-10,1.892,-0.01201
2024-12-11,1.892,0.0
2024-12-12,1.92,0.014799
2024-12-13,1.899,-0.010937
2024-12-16,1.876,-0.012112
2024-12-17,1.876,0.0
2024-12-18,1.904,0.014925
2024-12-19,1.894,-0.005252
2024-12-20,1.893,-0.000528
2024-12-23,1.9,0.003698
2024-12-24,1.907,0.003684
2024-12-25,1.909,0.001049
2024-12-26,1.909,0.0
2024-12-27,1.925,0.008381
2024-12-30,1.923,-0.001039
2024-12-31,1.919,-0.00208
2025-01-02,1.874,-0.02345
2025-01-03,1.892,0.009605
2025-01-06,1.902,0.005285
2025-01-07,1.887,-0.007886
2025-01-08,1.842,-0.023847
2025-01-09,1.841,-0.000543
2025-01-10,1.821,-0.010864
2025-01-13,1.789,-0.017573
2025-01-14,1.819,0.016769
2025-01-15,1.81,-0.004948
2025-01-16,1.838,0.01547
2025-01-17,1.852,0.007617
2025-01-20,1.878,0.014039
2025-01-21,1.908,0.015974
2025-01-22,1.91,0.001048
2025-01-23,1.881,-0.015183
2025-01-24,1.92,0.020734
2025-01-27,1.886,-0.017708
2025-02-05,1.949,0.033404
2025-02-06,2.001,0.02668
2025-02-07,2.006,0.002499
2025-02-10,2.029,0.011466
2025-02-11,2.0,-0.014293
2025-02-12,2.035,0.0175
2025-02-13,1.99,-0.022113
2025-02-14,2.041,0.025628
2025-02-17,2.055,0.006859
2025-02-18,2.096,0.019951
2025-02-19,2.129,0.015744
2025-02-20,2.113,-0.007515
2025-02-21,2.198,0.040227
2025-02-24,2.175,-0.010464
2025-02-25,2.145,-0.013793
2025-02-26,2.19,0.020979
2025-02-27,2.17,-0.009132
2025-02-28,2.075,-0.043779
2025-03-03,2.09,0.007229
2025-03-04,2.072,-0.008612
2025-03-05,2.149,0.037162
2025-03-06,2.208,0.027455
2025-03-07,2.197,-0.004982
2025-03-10,2.176,-0.009558
2025-03-11,2.226,0.022978
2025-03-12,2.233,0.003145
2025-03-13,2.21,-0.0103
2025-03-14,2.259,0.022172
2025-03-17,2.262,0.001328
2025-03-18,2.326,0.028294
2025-03-19,2.328,0.00086
2025-03-20,2.324,-0.001718
2025-03-21,2.233,-0.039157
2025-03-24,2.27,0.01657
2025-03-25,2.199,-0.031278
2025-03-26,2.236,0.016826
2025-03-27,2.28,0.019678
2025-03-28,2.259,-0.009211
2025-03-31,2.228,-0.013723
2025-04-01,2.268,0.017953
2025-04-02,2.267,-0.000441
2025-04-03,2.196,-0.031319
2025-04-07,1.88,-0.143898
2025-04-08,1.932,0.02766
2025-04-09,1.964,0.016563
2025-04-10,2.013,0.024949
2025-04-11,2.072,0.029309
2025-04-14,2.125,0.025579
2025-04-15,2.119,-0.002824
2025-04-16,2.059,-0.028315
2025-04-17,2.069,0.004857
2025-04-18,2.068,-0.000483
2025-04-21,2.067,-0.000484
2025-04-22,2.13,0.030479
2025-04-23,2.167,0.017371
2025-04-24,2.184,0.007845
2025-04-25,2.165,-0.0087
2025-04-28,2.165,0.0
2025-04-29,2.194,0.013395
2025-04-30,2.186,-0.003646
2025-05-06,2.231,0.020586
2025-05-07,2.194,-0.016584
2025-05-08,2.195,0.000456
2025-05-09,2.201,0.002733
2025-05-12,2.21,0.004089
2025-05-13,2.192,-0.008145
2025-05-14,2.214,0.010036
2025-05-15,2.213,-0.000452
2025-05-16,2.219,0.002711
2025-05-19,2.217,-0.000901
2025-05-20,2.26,0.019396
2025-05-21,2.286,0.011504
2025-05-22,2.277,-0.003937
2025-05-23,2.265,-0.00527
2025-05-26,2.233,-0.014128
2025-05-27,2.264,0.013883
2025-05-28,2.238,-0.011484
2025-05-29,2.266,0.012511
2025-05-30,2.257,-0.003972
2025-06-03,2.287,0.013292
2025-06-04,2.337,0.021863
2025-06-05,2.298,-0.016688
2025-06-06,2.293,-0.002176
2025-06-09,2.35,0.024858
2025-06-10,2.373,0.009787
2025-06-11,2.393,0.008428
2025-06-12,2.403,0.004179
2025-06-13,2.372,-0.012901
2025-06-16,2.395,0.009696
2025-06-17,2.343,-0.021712
2025-06-18,2.343,0.0
2025-06-19,2.274,-0.029449
2025-06-20,2.273,-0.00044
2025-06-23,2.294,0.009239
2025-06-24,2.345,0.022232
2025-06-25,2.363,0.007676
2025-06-26,2.358,-0.002116
2025-06-27,2.351,-0.002969
2025-06-30,2.361,0.004254
2025-07-01,2.362,0.000424
2025-07-02,2.363,0.000423
2025-07-03,2.375,0.005078
2025-07-04,2.395,0.008421
2025-07-07,2.395,0.0
2025-07-08,2.424,0.012109
2025-07-09,2.417,-0.002888
2025-07-10,2.433,0.00662
2025-07-11,2.437,0.001644
2025-07-14,2.475,0.015593
2025-07-15,2.52,0.018182
2025-07-16,2.523,0.00119
2025-07-17,2.542,0.007531
2025-07-18,2.573,0.012195
2025-07-21,2.586,0.005052
2025-07-22,2.567,-0.007347
2025-07-23,2.574,0.002727
2025-07-24,2.621,0.01826
2025-07-25,2.601,-0.007631
2025-07-28,2.629,0.010765
2025-07-29,2.666,0.014074
2025-07-30,2.621,-0.016879
2025-07-31,2.608,-0.00496
2025-08-01,2.543,-0.024923
2025-08-04,2.566,0.009044
2025-08-05,2.619,0.020655
2025-08-06,2.627,0.003055
2025-08-07,2.617,-0.003807
2025-08-08,2.62,0.001146
2025-08-11,2.627,0.002672
2025-08-12,2.622,-0.001903
2025-08-13,2.693,0.027079
2025-08-14,2.691,-0.000743
2025-08-15,2.767,0.028242
2025-08-18,2.797,0.010842
2025-08-19,2.777,-0.007151
2025-08-20,2.734,-0.015484
2025-08-21,2.739,0.001829
2025-08-22,2.797,0.021176
2025-08-25,2.812,0.005363
2025-08-26,2.802,-0.003556
2025-08-27,2.754,-0.017131
2025-08-28,2.773,0.006899
2025-08-29,2.781,0.002885
2025-09-01,2.787,0.002157
2025-09-02,2.738,-0.017582
2025-09-03,2.77,0.011687
2025-09-04,2.694,-0.027437
2025-09-05,2.782,0.032665
2025-09-08,2.813,0.011143
2025-09-09,2.811,-0.000711
2025-09-10,2.819,0.002846
2025-09-11,2.824,0.001774
2025-09-12,2.862,0.013456
2025-09-15,2.857,-0.001747
2025-09-16,2.864,0.00245
2025-09-17,2.892,0.009777
2025-09-18,2.917,0.008645
2025-09-19,2.924,0.0024
2025-09-22,2.97,0.015732
2025-09-23,2.941,-0.009764
2025-09-24,2.956,0.0051
2025-09-25,2.954,-0.000677
2025-09-26,2.904,-0.016926
2025-09-29,2.962,0.019972
2025-09-30,3.039,0.025996
2025-10-09,3.118,0.025995
2025-10-10,3.011,-0.034317
2025-10-13,2.991,-0.006642
2025-10-14,2.848,-0.04781
2025-10-15,2.92,0.025281
2025-10-16,2.929,0.003082
2025-10-17,2.828,-0.034483
2025-10-20,2.891,0.022277
2025-10-21,2.922,0.010723
2025-10-22,2.895,-0.00924
2025-10-23,2.858,-0.012781
2025-10-24,2.923,0.022743
2025-10-27,3.003,0.027369
2025-10-28,2.974,-0.009657
2025-10-29,2.978,0.001345
2025-10-30,2.997,0.00638
2025-10-31,2.937,-0.02002
2025-11-03,2.933,-0.001362
2025-11-04,2.855,-0.026594
2025-11-05,2.859,0.001401
2025-11-06,2.936,0.026932
2025-11-07,2.896,-0.013624
2025-11-10,2.931,0.012086
2025-11-11,2.927,-0.001365
2025-11-12,2.923,-0.001367
2025-11-13,2.963,0.013685
2025-11-14,2.895,-0.02295
2025-11-17,2.878,-0.005872
2025-11-18,2.802,-0.026407
2025-11-19,2.798,-0.001428
2025-11-20,2.802,0.00143
2025-11-21,2.69,-0.039971
2025-11-24,2.736,0.0171
2025-11-25,2.764,0.010234
2025-11-26,2.78,0.005789
2025-11-27,2.799,0.006835
2025-11-28,2.803,0.001429
2025-12-01,2.834,0.01106
2025-12-02,2.815,-0.006704
2025-12-03,2.805,-0.003552
2025-12-04,2.828,0.0082
2025-12-05,2.861,0.011669
2025-12-08,2.849,-0.004194
2025-12-09,2.812,-0.012987
2025-12-10,2.821,0.003201
2025-12-11,2.78,-0.014534
2025-12-12,2.838,0.020863
2025-12-15,2.8,-0.01339
2025-12-16,2.747,-0.018929
2025-12-17,2.762,0.005461
2025-12-18,2.753,-0.003259
2025-12-19,2.8,0.017072
2025-12-22,2.837,0.013214
2025-12-23,2.836,-0.000352
2025-12-24,2.861,0.008815
2025-12-25,2.858,-0.001049
2025-12-26,2.861,0.00105
2025-12-29,2.84,-0.00734
2025-12-30,2.844,0.001408
2025-12-31,2.845,0.000352
2026-01-05,2.927,0.028822
2026-01-06,2.99,0.021524
2026-01-07,3.018,0.009365
2026-01-08,3.001,-0.005633
2026-01-09,3.02,0.006331
2026-01-12,3.073,0.01755
2026-01-13,3.082,0.002929
2026-01-14,3.098,0.005191
2026-01-15,3.094,-0.001291
2026-01-16,3.131,0.011959
2026-01-19,3.115,-0.00511
2026-01-20,3.089,-0.008347
2026-01-21,3.131,0.013597
2026-01-22,3.143,0.003833
2026-01-23,3.205,0.019726
2026-01-26,3.193,-0.003744
2026-01-27,3.237,0.01378
2026-01-28,3.309,0.022243
2026-01-29,3.276,-0.009973
2026-01-30,3.205,-0.021673
2026-02-02,3.096,-0.034009
2026-02-03,3.192,0.031008
2026-02-04,3.211,0.005952
2026-02-05,3.146,-0.020243
2026-02-06,3.129,-0.005404
2026-02-09,3.223,0.030042
2026-02-10,3.261,0.01179
2026-02-11,3.286,0.007666
2026-02-12,3.322,0.010956
2026-02-13,3.273,-0.01475
2026-02-24,3.365,0.028109
2026-02-25,3.367,0.000594
2026-02-26,3.342,-0.007425
2026-02-27,3.371,0.008677
2026-03-02,3.34,-0.009196
2026-03-03,3.191,-0.044611
2026-03-04,3.111,-0.025071
2026-03-05,3.134,0.007393
2026-03-06,3.147,0.004148
2026-03-09,3.054,-0.029552
2026-03-10,3.151,0.031762
2026-03-11,3.166,0.00476
2026-03-12,3.131,-0.011055
2026-03-13,3.091,-0.012775
2026-03-16,3.105,0.004529
2026-03-17,3.085,-0.006441
2026-03-18,3.16,0.024311
2026-03-19,3.06,-0.031646
2026-03-20,3.037,-0.007516
2026-03-23,2.905,-0.043464
2026-03-24,2.956,0.017556
2026-03-25,3.031,0.025372
2026-03-26,2.98,-0.016826
2026-03-27,3.013,0.011074
2026-03-30,3.001,-0.003983
2026-03-31,2.909,-0.030656
2026-04-01,3.043,0.046064
2026-04-02,3.009,-0.011173
2026-04-03,3.011,0.000665
2026-04-07,3.033,0.007307
2026-04-08,3.179,0.048137
2026-04-09,3.187,0.002517
2026-04-10,3.228,0.012865
2026-04-13,3.224,-0.001239
2026-04-14,3.24,0.004963
2026-04-15,3.255,0.00463
2026-04-16,3.336,0.024885
2026-04-17,3.327,-0.002698
2026-04-20,3.352,0.007514
2026-04-21,3.381,0.008652
2026-04-22,3.391,0.002958
2026-04-23,3.358,-0.009732
2026-04-24,3.383,0.007445
2026-04-27,3.418,0.010346
2026-04-28,3.372,-0.013458
2026-04-29,3.403,0.009193
2026-04-30,3.384,-0.005583
2026-05-06,3.535,0.044622
2026-05-07,3.618,0.023479
2026-05-08,3.559,-0.016307
2026-05-11,3.668,0.030627
2026-05-12,3.647,-0.005725
2026-05-13,3.697,0.01371
2026-05-14,3.656,-0.01109
2026-05-15,3.539,-0.032002
2026-05-18,3.513,-0.007347
2026-05-19,3.443,-0.019926
2026-05-20,3.46,0.004938
2026-05-21,3.484,0.006936
2026-05-22,3.619,0.038749
2026-05-25,3.663,0.012158
2026-05-26,3.682,0.005187
2026-05-27,3.685,0.000815
2026-05-28,3.649,-0.009769
2026-05-29,3.62,-0.007947
2026-06-01,3.617,-0.000829
2026-06-02,3.61,-0.001935
2026-06-03,3.647,0.010249
2026-06-04,3.613,-0.009323
2026-06-05,3.485,-0.035428
2026-06-08,3.391,-0.026973
2026-06-09,3.495,0.030669
2026-06-10,3.35,-0.041488
2026-06-11,3.374,0.007164
2026-06-12,3.41,0.01067
2026-06-15,3.612,0.059238
2026-06-16,3.628,0.00443
2026-06-17,3.676,0.01323
2026-06-18,3.68,0.001088
2026-06-22,3.78,0.027174
2026-06-23,3.661,-0.031481
2026-06-24,3.682,0.005736
2026-06-25,3.719,0.010049
2026-06-26,3.571,-0.039796
2026-06-29,3.591,0.005601
2026-06-30,3.714,0.034252
2026-07-01,3.708,-0.001616
2026-07-02,3.511,-0.053128
2026-07-03,3.544,0.009399
2026-07-06,3.453,-0.025677
2026-07-07,3.327,-0.03649
2026-07-08,3.307,-0.006011
2026-07-09,3.375,0.020562
2026-07-10,3.301,-0.021926
2026-07-13,3.221,-0.024235
2026-07-14,3.24,0.005899
2026-07-15,3.313,0.022531
2026-07-16,3.211,-0.030788
2026-07-17,2.986,-0.070072
2026-07-20,3.006,0.006698
2026-07-21,3.129,0.040918
2026-07-22,3.145,0.005113
2026-07-23,3.14,-0.00159
2026-07-24,3.078,-0.019745
2026-07-27,3.08,0.00065
2026-07-28,2.938,-0.046104
2026-07-29,2.892,-0.015657
2026-07-30,2.818,-0.025588
2026-07-31,2.916,0.034776
2026-08-03,2.938,0.007545
2026-08-04,3.022,0.028591
2026-08-05,3.081,0.019523
2026-08-06,3.063,-0.005842
2026-08-07,3.115,0.016977
2026-08-10,3.149,0.010915
2026-08-11,3.151,0.000635
2026-08-12,3.184,0.010473
2026-08-13,3.191,0.002198
2026-08-14,3.173,-0.005641
2026-08-17,3.241,0.021431
2026-08-18,3.215,-0.008022
2026-08-19,3.113,-0.031726
2026-08-20,3.155,0.013492
2026-08-21,3.172,0.005388
2026-08-24,3.094,-0.02459
2026-08-25,3.174,0.025856
2026-08-26,3.208,0.010712
2026-08-27,3.248,0.012469
2026-08-28,3.238,-0.003079
2026-08-31,3.191,-0.014515
2026-09-01,3.186,-0.001567
2026-09-02,3.16,-0.008161
2026-09-03,3.177,0.00538
2026-09-04,3.174,-0.000944
2026-09-07,3.192,0.005671
2026-09-08,3.198,0.00188
2026-09-09,3.228,0.009381
2026-09-10,3.165,-0.019517
2026-09-11,3.1,-0.020537
2026-09-14,3.104,0.00129
2026-09-15,3.055,-0.015786
2026-09-16,3.073,0.005892
2026-09-17,3.086,0.00423
2026-09-18,3.17,0.02722
2026-09-21,3.224,0.017035
2026-09-22,3.241,0.005273
2026-09-23,3.254,0.004011
2026-09-24,3.204,-0.015366
2026-09-28,3.151,-0.016542
2026-09-29,3.154,0.000952
