净值日期,累计净值,daily_return
2004-08-24,1.0,
2004-08-27,1.002,0.002
2004-09-03,1.003,0.000998
2004-09-06,1.002,-0.000997
2004-09-07,1.004,0.001996
2004-09-08,1.005,0.000996
2004-09-09,1.004,-0.000995
2004-09-10,1.004,0.0
2004-09-13,1.004,0.0
2004-09-14,1.005,0.000996
2004-09-15,1.005,0.0
2004-09-16,1.005,0.0
2004-09-17,1.006,0.000995
2004-09-20,1.009,0.002982
2004-09-21,1.009,0.0
2004-09-22,1.009,0.0
2004-09-23,1.013,0.003964
2004-09-24,1.012,-0.000987
2004-09-27,1.012,0.0
2004-09-28,1.012,0.0
2004-09-29,1.011,-0.000988
2004-09-30,1.011,0.0
2004-10-08,1.014,0.002967
2004-10-11,1.013,-0.000986
2004-10-12,1.008,-0.004936
2004-10-13,1.008,0.0
2004-10-14,1.002,-0.005952
2004-10-15,1.003,0.000998
2004-10-18,1.005,0.001994
2004-10-19,1.004,-0.000995
2004-10-20,1.005,0.000996
2004-10-21,1.009,0.00398
2004-10-22,1.014,0.004955
2004-10-25,1.014,0.0
2004-10-26,1.016,0.001972
2004-10-27,1.019,0.002953
2004-10-28,1.016,-0.002944
2004-10-29,1.013,-0.002953
2004-11-01,1.011,-0.001974
2004-11-02,1.01,-0.000989
2004-11-03,1.017,0.006931
2004-11-04,1.009,-0.007866
2004-11-05,1.006,-0.002973
2004-11-08,1.007,0.000994
2004-11-09,1.009,0.001986
2004-11-10,1.022,0.012884
2004-11-11,1.019,-0.002935
2004-11-12,1.022,0.002944
2004-11-15,1.023,0.000978
2004-11-16,1.023,0.0
2004-11-17,1.022,-0.000978
2004-11-18,1.027,0.004892
2004-11-19,1.029,0.001947
2004-11-22,1.026,-0.002915
2004-11-23,1.018,-0.007797
2004-11-24,1.018,0.0
2004-11-25,1.019,0.000982
2004-11-26,1.017,-0.001963
2004-11-29,1.012,-0.004916
2004-11-30,1.012,0.0
2004-12-01,1.009,-0.002964
2004-12-02,1.006,-0.002973
2004-12-03,1.007,0.000994
2004-12-06,1.007,0.0
2004-12-07,1.004,-0.002979
2004-12-08,1.006,0.001992
2004-12-09,1.009,0.002982
2004-12-10,1.007,-0.001982
2004-12-13,1.006,-0.000993
2004-12-14,1.005,-0.000994
2004-12-15,1.006,0.000995
2004-12-16,1.004,-0.001988
2004-12-17,1.001,-0.002988
2004-12-20,0.993,-0.007992
2004-12-21,0.99,-0.003021
2004-12-22,0.999,0.009091
2004-12-23,0.993,-0.006006
2004-12-24,0.995,0.002014
2004-12-27,0.995,0.0
2004-12-28,0.996,0.001005
2004-12-29,0.996,0.0
2004-12-30,0.999,0.003012
2004-12-31,1.002,0.003003
2005-01-04,0.995,-0.006986
2005-01-05,0.996,0.001005
2005-01-06,0.995,-0.001004
2005-01-07,0.997,0.00201
2005-01-10,0.998,0.001003
2005-01-11,1.0,0.002004
2005-01-12,1.0,0.0
2005-01-13,0.999,-0.001
2005-01-14,0.999,0.0
2005-01-17,0.991,-0.008008
2005-01-18,0.991,0.0
2005-01-19,0.986,-0.005045
2005-01-20,0.98,-0.006085
2005-01-21,0.991,0.011224
2005-01-24,1.0,0.009082
2005-01-25,1.002,0.002
2005-01-26,1.001,-0.000998
2005-01-27,0.998,-0.002997
2005-01-28,0.997,-0.001002
2005-01-31,0.997,0.0
2005-02-01,0.997,0.0
2005-02-02,1.014,0.017051
2005-02-03,1.011,-0.002959
2005-02-04,1.021,0.009891
2005-02-16,1.025,0.003918
2005-02-17,1.02,-0.004878
2005-02-18,1.015,-0.004902
2005-02-21,1.022,0.006897
2005-02-22,1.032,0.009785
2005-02-23,1.031,-0.000969
2005-02-24,1.027,-0.00388
2005-02-25,1.032,0.004869
2005-02-28,1.029,-0.002907
2005-03-01,1.028,-0.000972
2005-03-02,1.023,-0.004864
2005-03-03,1.027,0.00391
2005-03-04,1.027,0.0
2005-03-07,1.035,0.00779
2005-03-08,1.047,0.011594
2005-03-09,1.052,0.004776
2005-03-10,1.042,-0.009506
2005-03-11,1.053,0.010557
2005-03-14,1.066,0.012346
2005-03-15,1.056,-0.009381
2005-03-16,1.048,-0.007576
2005-03-17,1.048,0.0
2005-03-18,1.04,-0.007634
2005-03-21,1.051,0.010577
2005-03-22,1.056,0.004757
2005-03-23,1.053,-0.002841
2005-03-24,1.05,-0.002849
2005-03-25,1.049,-0.000952
2005-03-28,1.053,0.003813
2005-03-29,1.048,-0.004748
2005-03-30,1.038,-0.009542
2005-03-31,1.042,0.003854
2005-04-01,1.072,0.028791
2005-04-04,1.072,0.0
2005-04-05,1.075,0.002799
2005-04-06,1.095,0.018605
2005-04-07,1.095,0.0
2005-04-08,1.106,0.010046
2005-04-11,1.094,-0.01085
2005-04-12,1.091,-0.002742
2005-04-13,1.099,0.007333
2005-04-14,1.096,-0.00273
2005-04-15,1.094,-0.001825
2005-04-18,1.093,-0.000914
2005-04-19,1.087,-0.005489
2005-04-20,1.081,-0.00552
2005-04-21,1.094,0.012026
2005-04-22,1.094,0.0
2005-04-25,1.095,0.000914
2005-04-26,1.099,0.003653
2005-04-27,1.098,-0.00091
2005-04-28,1.105,0.006375
2005-04-29,1.097,-0.00724
2005-05-09,1.077,-0.018232
2005-05-10,1.076,-0.000929
2005-05-11,1.06,-0.01487
2005-05-12,1.048,-0.011321
2005-05-13,1.044,-0.003817
2005-05-16,1.036,-0.007663
2005-05-17,1.042,0.005792
2005-05-18,1.033,-0.008637
2005-05-19,1.029,-0.003872
2005-05-20,1.033,0.003887
2005-05-23,1.024,-0.008712
2005-05-24,1.02,-0.003906
2005-05-25,1.015,-0.004902
2005-05-26,1.004,-0.010837
2005-05-27,0.99,-0.013944
2005-05-30,0.993,0.00303
2005-05-31,0.995,0.002014
2005-06-01,0.979,-0.01608
2005-06-02,0.96,-0.019408
2005-06-03,0.961,0.001042
2005-06-06,0.985,0.024974
2005-06-07,0.984,-0.001015
2005-06-08,1.032,0.04878
2005-06-09,1.034,0.001938
2005-06-10,1.021,-0.012573
2005-06-13,1.013,-0.007835
2005-06-14,1.006,-0.00691
2005-06-15,0.998,-0.007952
2005-06-16,1.009,0.011022
2005-06-17,1.008,-0.000991
2005-06-20,1.035,0.026786
2005-06-21,1.035,0.0
2005-06-22,1.04,0.004831
2005-06-23,1.039,-0.000962
2005-06-24,1.041,0.001925
2005-06-27,1.052,0.010567
2005-06-28,1.043,-0.008555
2005-06-29,1.044,0.000959
2005-06-30,1.036,-0.007663
2005-07-01,1.028,-0.007722
2005-07-04,1.033,0.004864
2005-07-05,1.029,-0.003872
2005-07-06,1.02,-0.008746
2005-07-07,1.018,-0.001961
2005-07-08,1.017,-0.000982
2005-07-11,1.013,-0.003933
2005-07-12,1.029,0.015795
2005-07-13,1.027,-0.001944
2005-07-14,1.029,0.001947
2005-07-15,1.028,-0.000972
2005-07-18,1.025,-0.002918
2005-07-19,1.025,0.0
2005-07-20,1.03,0.004878
2005-07-21,1.031,0.000971
2005-07-22,1.038,0.00679
2005-07-25,1.037,-0.000963
2005-07-26,1.047,0.009643
2005-07-27,1.055,0.007641
2005-07-28,1.053,-0.001896
2005-07-29,1.049,-0.003799
2005-08-01,1.053,0.003813
2005-08-02,1.057,0.003799
2005-08-03,1.062,0.00473
2005-08-04,1.058,-0.003766
2005-08-05,1.071,0.012287
2005-08-08,1.071,0.0
2005-08-09,1.071,0.0
2005-08-10,1.075,0.003735
2005-08-11,1.085,0.009302
2005-08-12,1.076,-0.008295
2005-08-15,1.09,0.013011
2005-08-16,1.084,-0.005505
2005-08-17,1.088,0.00369
2005-08-18,1.071,-0.015625
2005-08-19,1.071,0.0
2005-08-22,1.082,0.010271
2005-08-23,1.079,-0.002773
2005-08-24,1.084,0.004634
2005-08-25,1.08,-0.00369
2005-08-26,1.077,-0.002778
2005-08-29,1.07,-0.0065
2005-08-30,1.068,-0.001869
2005-08-31,1.078,0.009363
2005-09-01,1.092,0.012987
2005-09-02,1.096,0.003663
2005-09-05,1.096,0.0
2005-09-06,1.087,-0.008212
2005-09-07,1.101,0.012879
2005-09-08,1.103,0.001817
2005-09-09,1.099,-0.003626
2005-09-12,1.1,0.00091
2005-09-13,1.111,0.01
2005-09-14,1.117,0.005401
2005-09-15,1.116,-0.000895
2005-09-16,1.115,-0.000896
2005-09-19,1.114,-0.000897
2005-09-20,1.109,-0.004488
2005-09-21,1.099,-0.009017
2005-09-22,1.086,-0.011829
2005-09-23,1.082,-0.003683
2005-09-26,1.084,0.001848
2005-09-27,1.081,-0.002768
2005-09-28,1.082,0.000925
2005-09-29,1.089,0.00647
2005-09-30,1.095,0.00551
2005-10-10,1.091,-0.003653
2005-10-11,1.096,0.004583
2005-10-12,1.103,0.006387
2005-10-13,1.099,-0.003626
2005-10-14,1.091,-0.007279
2005-10-17,1.093,0.001833
2005-10-18,1.102,0.008234
2005-10-19,1.098,-0.00363
2005-10-20,1.097,-0.000911
2005-10-21,1.102,0.004558
2005-10-24,1.102,0.0
2005-10-25,1.091,-0.009982
2005-10-26,1.081,-0.009166
2005-10-27,1.084,0.002775
2005-10-28,1.077,-0.006458
2005-10-31,1.079,0.001857
2005-11-01,1.071,-0.007414
2005-11-02,1.077,0.005602
2005-11-03,1.07,-0.0065
2005-11-04,1.073,0.002804
2005-11-07,1.07,-0.002796
2005-11-08,1.075,0.004673
2005-11-09,1.08,0.004651
2005-11-10,1.073,-0.006481
2005-11-11,1.075,0.001864
2005-11-14,1.071,-0.003721
2005-11-15,1.062,-0.008403
2005-11-16,1.063,0.000942
2005-11-17,1.062,-0.000941
2005-11-18,1.074,0.011299
2005-11-21,1.075,0.000931
2005-11-22,1.07,-0.004651
2005-11-23,1.074,0.003738
2005-11-24,1.075,0.000931
2005-11-25,1.076,0.00093
2005-11-28,1.072,-0.003717
2005-11-29,1.065,-0.00653
2005-11-30,1.066,0.000939
2005-12-01,1.062,-0.003752
2005-12-02,1.063,0.000942
2005-12-05,1.054,-0.008467
2005-12-06,1.057,0.002846
2005-12-07,1.065,0.007569
2005-12-08,1.065,0.0
2005-12-09,1.076,0.010329
2005-12-12,1.076,0.0
2005-12-13,1.074,-0.001859
2005-12-14,1.081,0.006518
2005-12-15,1.082,0.000925
2005-12-16,1.089,0.00647
2005-12-19,1.089,0.0
2005-12-20,1.091,0.001837
2005-12-21,1.092,0.000917
2005-12-22,1.098,0.005495
2005-12-23,1.108,0.009107
2005-12-26,1.114,0.005415
2005-12-27,1.115,0.000898
2005-12-28,1.119,0.003587
2005-12-29,1.131,0.010724
2005-12-30,1.128,-0.002653
2005-12-31,1.128,0.0
2006-01-04,1.137,0.007979
2006-01-05,1.147,0.008795
2006-01-06,1.165,0.015693
2006-01-09,1.167,0.001717
2006-01-10,1.172,0.004284
2006-01-11,1.171,-0.000853
2006-01-12,1.178,0.005978
2006-01-13,1.174,-0.003396
2006-01-16,1.163,-0.00937
2006-01-17,1.166,0.00258
2006-01-18,1.181,0.012864
2006-01-19,1.186,0.004234
2006-01-20,1.189,0.00253
2006-01-23,1.186,-0.002523
2006-01-24,1.191,0.004216
2006-01-25,1.207,0.013434
2006-02-06,1.222,0.012428
2006-02-07,1.213,-0.007365
2006-02-08,1.208,-0.004122
2006-02-09,1.197,-0.009106
2006-02-10,1.207,0.008354
2006-02-13,1.213,0.004971
2006-02-14,1.226,0.010717
2006-02-15,1.224,-0.001631
2006-02-16,1.201,-0.018791
2006-02-17,1.191,-0.008326
2006-02-20,1.19,-0.00084
2006-02-21,1.201,0.009244
2006-02-22,1.196,-0.004163
2006-02-23,1.194,-0.001672
2006-02-24,1.206,0.01005
2006-02-27,1.214,0.006633
2006-02-28,1.221,0.005766
2006-03-01,1.23,0.007371
2006-03-02,1.219,-0.008943
2006-03-03,1.221,0.001641
2006-03-06,1.219,-0.001638
2006-03-07,1.2,-0.015587
2006-03-08,1.201,0.000833
2006-03-09,1.2,-0.000833
2006-03-10,1.209,0.0075
2006-03-13,1.219,0.008271
2006-03-14,1.224,0.004102
2006-03-15,1.236,0.009804
2006-03-16,1.239,0.002427
2006-03-17,1.233,-0.004843
2006-03-20,1.24,0.005677
2006-03-21,1.245,0.004032
2006-03-22,1.258,0.010442
2006-03-23,1.264,0.004769
2006-03-24,1.259,-0.003956
2006-03-27,1.266,0.00556
2006-03-28,1.276,0.007899
2006-03-29,1.288,0.009404
2006-03-30,1.288,0.0
2006-03-31,1.303,0.011646
2006-04-03,1.323,0.015349
2006-04-04,1.335,0.00907
2006-04-05,1.361,0.019476
2006-04-06,1.372,0.008082
2006-04-07,1.369,-0.002187
2006-04-10,1.384,0.010957
2006-04-11,1.389,0.003613
2006-04-12,1.389,0.0
2006-04-13,1.366,-0.016559
2006-04-14,1.382,0.011713
2006-04-17,1.388,0.004342
2006-04-18,1.395,0.005043
2006-04-19,1.419,0.017204
2006-04-20,1.415,-0.002819
2006-04-21,1.442,0.019081
2006-04-24,1.465,0.01595
2006-04-25,1.484,0.012969
2006-04-26,1.488,0.002695
2006-04-27,1.495,0.004704
2006-04-28,1.51,0.010033
2006-05-08,1.548,0.025166
2006-05-09,1.582,0.021964
2006-05-10,1.603,0.013274
2006-05-11,1.605,0.001248
2006-05-12,1.649,0.027414
2006-05-15,1.717,0.041237
2006-05-16,1.675,-0.024461
2006-05-17,1.657,-0.010746
2006-05-18,1.679,0.013277
2006-05-19,1.708,0.017272
2006-05-22,1.702,-0.003513
2006-05-23,1.662,-0.023502
2006-05-24,1.666,0.002407
2006-05-25,1.666,0.0
2006-05-26,1.684,0.010804
2006-05-29,1.717,0.019596
2006-05-30,1.746,0.01689
2006-05-31,1.733,-0.007446
2006-06-01,1.755,0.012695
2006-06-02,1.734,-0.011966
2006-06-05,1.732,-0.001153
2006-06-06,1.715,-0.009815
2006-06-07,1.649,-0.038484
2006-06-08,1.654,0.003032
2006-06-09,1.646,-0.004837
2006-06-12,1.657,0.006683
2006-06-13,1.658,0.000604
2006-06-14,1.647,-0.006634
2006-06-15,1.659,0.007286
2006-06-16,1.693,0.020494
2006-06-19,1.719,0.015357
2006-06-20,1.726,0.004072
2006-06-21,1.715,-0.006373
2006-06-22,1.71,-0.002915
2006-06-23,1.712,0.00117
2006-06-26,1.722,0.005841
2006-06-27,1.718,-0.002323
2006-06-28,1.716,-0.001164
2006-06-29,1.756,0.02331
2006-06-30,1.766,0.005695
2006-07-03,1.78,0.007928
2006-07-04,1.782,0.001124
2006-07-05,1.776,-0.003367
2006-07-06,1.803,0.015203
2006-07-07,1.801,-0.001109
2006-07-10,1.795,-0.003331
2006-07-11,1.798,0.001671
2006-07-12,1.806,0.004449
2006-07-13,1.743,-0.034884
2006-07-14,1.75,0.004016
2006-07-17,1.767,0.009714
2006-07-18,1.759,-0.004527
2006-07-19,1.723,-0.020466
2006-07-20,1.732,0.005223
2006-07-21,1.741,0.005196
2006-07-24,1.743,0.001149
2006-07-25,1.761,0.010327
2006-07-26,1.758,-0.001704
2006-07-27,1.743,-0.008532
2006-07-28,1.73,-0.007458
2006-07-31,1.688,-0.024277
2006-08-01,1.681,-0.004147
2006-08-02,1.672,-0.005354
2006-08-03,1.659,-0.007775
2006-08-04,1.633,-0.015672
2006-08-07,1.617,-0.009798
2006-08-08,1.64,0.014224
2006-08-09,1.638,-0.00122
2006-08-10,1.657,0.0116
2006-08-11,1.665,0.004828
2006-08-14,1.641,-0.014414
2006-08-15,1.657,0.00975
2006-08-16,1.675,0.010863
2006-08-17,1.666,-0.005373
2006-08-18,1.664,-0.0012
2006-08-21,1.67,0.003606
2006-08-22,1.694,0.014371
2006-08-23,1.694,0.0
2006-08-24,1.703,0.005313
2006-08-25,1.706,0.001762
2006-08-28,1.729,0.013482
2006-08-29,1.737,0.004627
2006-08-30,1.739,0.001151
2006-08-31,1.734,-0.002875
2006-09-01,1.722,-0.00692
2006-09-04,1.743,0.012195
2006-09-05,1.739,-0.002295
2006-09-06,1.739,0.0
2006-09-07,1.726,-0.007476
2006-09-08,1.728,0.001159
2006-09-11,1.734,0.003472
2006-09-12,1.741,0.004037
2006-09-13,1.736,-0.002872
2006-09-14,1.731,-0.00288
2006-09-15,1.75,0.010976
2006-09-18,1.761,0.006286
2006-09-19,1.769,0.004543
2006-09-20,1.771,0.001131
2006-09-21,1.776,0.002823
2006-09-22,1.774,-0.001126
2006-09-25,1.774,0.0
2006-09-26,1.768,-0.003382
2006-09-27,1.772,0.002262
2006-09-28,1.797,0.014108
2006-09-29,1.812,0.008347
2006-09-30,1.812,0.0
2006-10-09,1.839,0.014901
2006-10-10,1.845,0.003263
2006-10-11,1.838,-0.003794
2006-10-12,1.815,-0.012514
2006-10-13,1.819,0.002204
2006-10-16,1.788,-0.017042
2006-10-17,1.797,0.005034
2006-10-18,1.814,0.00946
2006-10-19,1.828,0.007718
2006-10-20,1.824,-0.002188
2006-10-23,1.804,-0.010965
2006-10-24,1.833,0.016075
2006-10-25,1.847,0.007638
2006-10-26,1.855,0.004331
2006-10-27,1.839,-0.008625
2006-10-30,1.84,0.000544
2006-10-31,1.858,0.009783
2006-11-01,1.861,0.001615
2006-11-02,1.856,-0.002687
2006-11-03,1.861,0.002694
2006-11-06,1.865,0.002149
2006-11-07,1.864,-0.000536
2006-11-08,1.857,-0.003755
2006-11-09,1.866,0.004847
2006-11-10,1.851,-0.008039
2006-11-13,1.824,-0.014587
2006-11-14,1.835,0.006031
2006-11-15,1.87,0.019074
2006-11-16,1.877,0.003743
2006-11-17,1.907,0.015983
2006-11-20,1.918,0.005768
2006-11-21,1.945,0.014077
2006-11-22,1.97,0.012853
2006-11-23,1.969,-0.000508
2006-11-24,1.984,0.007618
2006-11-27,2.008,0.012097
2006-11-28,2.009,0.000498
2006-11-29,2.037,0.013937
2006-11-30,2.079,0.020619
2006-12-01,2.122,0.020683
2006-12-04,2.15,0.013195
2006-12-05,2.155,0.002326
2006-12-06,2.131,-0.011137
2006-12-07,2.115,-0.007508
2006-12-08,2.076,-0.01844
2006-12-11,2.127,0.024566
2006-12-12,2.139,0.005642
2006-12-13,2.149,0.004675
2006-12-14,2.172,0.010703
2006-12-15,2.212,0.018416
2006-12-18,2.26,0.0217
2006-12-19,2.258,-0.000885
2006-12-20,2.267,0.003986
2006-12-21,2.256,-0.004852
2006-12-22,2.246,-0.004433
2006-12-25,2.259,0.005788
2006-12-26,2.258,-0.000443
2006-12-27,2.273,0.006643
2006-12-28,2.273,0.0
2006-12-29,2.293,0.008799
2006-12-31,2.293,0.0
2007-01-04,2.3,0.003053
2007-01-05,2.307,0.003043
2007-01-08,2.327,0.008669
2007-01-09,2.368,0.017619
2007-01-10,2.393,0.010557
2007-01-11,2.388,-0.002089
2007-01-12,2.377,-0.004606
2007-01-15,2.422,0.018931
2007-01-16,2.455,0.013625
2007-01-17,2.453,-0.000815
2007-01-18,2.459,0.002446
2007-01-19,2.493,0.013827
2007-01-22,2.536,0.017248
2007-01-23,2.539,0.001183
2007-01-24,2.541,0.000788
2007-01-25,2.499,-0.016529
2007-01-26,2.526,0.010804
2007-01-29,2.546,0.007918
2007-01-30,2.542,-0.001571
2007-01-31,2.478,-0.025177
2007-02-01,2.487,0.003632
2007-02-02,2.45,-0.014877
2007-02-05,2.432,-0.007347
2007-02-06,2.444,0.004934
2007-02-07,2.46,0.006547
2007-02-08,2.474,0.005691
2007-02-09,2.467,-0.002829
2007-02-12,2.508,0.016619
2007-02-13,2.532,0.009569
2007-02-14,2.558,0.010269
2007-02-15,2.584,0.010164
2007-02-16,2.581,-0.001161
2007-02-26,2.59,0.003487
2007-02-27,2.482,-0.041699
2007-02-28,2.502,0.008058
2007-03-01,2.463,-0.015588
2007-03-02,2.48,0.006902
2007-03-05,2.467,-0.005242
2007-03-06,2.49,0.009323
2007-03-07,2.522,0.012851
2007-03-08,2.537,0.005948
2007-03-09,2.527,-0.003942
2007-03-12,2.524,-0.001187
2007-03-13,2.527,0.001189
2007-03-14,2.512,-0.005936
2007-03-15,2.535,0.009156
2007-03-16,2.525,-0.003945
2007-03-19,2.542,0.006733
2007-03-20,2.54,-0.000787
2007-03-21,2.551,0.004331
2007-03-22,2.557,0.002352
2007-03-23,2.557,0.0
2007-03-26,2.569,0.004693
2007-03-27,2.574,0.001946
2007-03-28,2.574,0.0
2007-03-29,2.566,-0.003108
2007-03-30,2.563,-0.001169
2007-03-31,2.563,0.0
2007-04-02,2.586,0.008974
2007-04-03,2.601,0.0058
2007-04-04,2.611,0.003845
2007-04-05,2.624,0.004979
2007-04-06,2.623,-0.000381
2007-04-09,2.643,0.007625
2007-04-10,2.66,0.006432
2007-04-11,2.676,0.006015
2007-04-12,2.695,0.0071
2007-04-13,2.693,-0.000742
2007-04-16,2.725,0.011883
2007-04-17,2.731,0.002202
2007-04-18,2.733,0.000732
2007-04-19,2.677,-0.02049
2007-04-20,2.722,0.01681
2007-04-23,2.769,0.017267
2007-04-24,2.78,0.003973
2007-04-25,2.777,-0.001079
2007-04-26,2.788,0.003961
2007-04-27,2.773,-0.00538
2007-04-30,2.783,0.003606
2007-05-08,2.829,0.016529
2007-05-09,2.823,-0.002121
2007-05-10,2.829,0.002125
2007-05-11,2.825,-0.001414
2007-05-14,2.847,0.007788
2007-05-15,2.812,-0.012294
2007-05-16,2.851,0.013869
2007-05-17,2.877,0.00912
2007-05-18,2.879,0.000695
2007-05-21,2.904,0.008684
2007-05-22,2.913,0.003099
2007-05-23,2.934,0.007209
2007-05-24,2.92,-0.004772
2007-05-25,2.927,0.002397
2007-05-28,2.961,0.011616
2007-05-29,3.01,0.016548
2007-05-30,2.932,-0.025914
2007-05-31,2.982,0.017053
2007-06-01,2.943,-0.013078
2007-06-04,2.847,-0.03262
2007-06-05,2.871,0.00843
2007-06-06,2.889,0.00627
2007-06-07,2.941,0.017999
2007-06-08,2.952,0.00374
2007-06-11,2.986,0.011518
2007-06-12,3.023,0.012391
2007-06-13,3.048,0.00827
2007-06-14,3.035,-0.004265
2007-06-15,3.048,0.004283
2007-06-18,3.082,0.011155
2007-06-19,3.079,-0.000973
2007-06-20,3.051,-0.009094
2007-06-21,3.048,-0.000983
2007-06-22,3.013,-0.011483
2007-06-25,2.982,-0.010289
2007-06-26,2.998,0.005366
2007-06-27,3.033,0.011674
2007-06-28,2.988,-0.014837
2007-06-29,2.961,-0.009036
2007-06-30,2.961,0.0
2007-07-02,2.951,-0.003377
2007-07-03,2.977,0.008811
2007-07-04,2.949,-0.009405
2007-07-05,2.894,-0.01865
2007-07-06,2.929,0.012094
2007-07-09,2.958,0.009901
2007-07-10,2.94,-0.006085
2007-07-11,2.939,-0.00034
2007-07-12,2.943,0.001361
2007-07-13,2.941,-0.00068
2007-07-16,2.917,-0.00816
2007-07-17,2.94,0.007885
2007-07-18,2.951,0.003741
2007-07-19,2.952,0.000339
2007-07-20,2.987,0.011856
2007-07-23,3.023,0.012052
2007-07-24,3.022,-0.000331
2007-07-25,3.036,0.004633
2007-07-26,3.043,0.002306
2007-07-27,3.052,0.002958
2007-07-30,3.073,0.006881
2007-07-31,3.086,0.00423
2007-08-01,3.043,-0.013934
2007-08-02,3.077,0.011173
2007-08-03,3.106,0.009425
2007-08-06,3.128,0.007083
2007-08-07,3.132,0.001279
2007-08-08,3.124,-0.002554
2007-08-09,3.134,0.003201
2007-08-10,3.117,-0.005424
2007-08-13,3.124,0.002246
2007-08-14,3.145,0.006722
2007-08-15,3.153,0.002544
2007-08-16,3.137,-0.005075
2007-08-17,3.11,-0.008607
2007-08-20,3.164,0.017363
2007-08-21,3.195,0.009798
2007-08-22,3.218,0.007199
2007-08-23,3.244,0.00808
2007-08-24,3.269,0.007707
2007-08-27,3.273,0.001224
2007-08-28,3.265,-0.002444
2007-08-29,3.249,-0.0049
2007-08-30,3.272,0.007079
2007-08-31,3.288,0.00489
2007-09-03,3.323,0.010645
2007-09-04,3.316,-0.002107
2007-09-05,3.315,-0.000302
2007-09-06,3.334,0.005732
2007-09-07,3.321,-0.003899
2007-09-10,3.337,0.004818
2007-09-11,3.29,-0.014085
2007-09-12,3.3,0.00304
2007-09-13,3.319,0.005758
2007-09-14,3.324,0.001506
2007-09-17,3.352,0.008424
2007-09-18,3.348,-0.001193
2007-09-19,3.337,-0.003286
2007-09-20,3.343,0.001798
2007-09-21,3.34,-0.000897
2007-09-24,3.339,-0.000299
2007-09-25,3.331,-0.002396
2007-09-26,3.325,-0.001801
2007-09-27,3.331,0.001805
2007-09-28,3.347,0.004803
2007-09-30,3.347,0.0
2007-10-08,3.357,0.002988
2007-10-09,3.362,0.001489
2007-10-10,3.367,0.001487
2007-10-11,3.373,0.001782
2007-10-12,3.365,-0.002372
2007-10-15,3.367,0.000594
2007-10-16,3.369,0.000594
2007-10-17,3.37,0.000297
2007-10-18,3.355,-0.004451
2007-10-19,3.356,0.000298
2007-10-22,3.345,-0.003278
2007-10-23,3.35,0.001495
2007-10-24,3.352,0.000597
2007-10-25,3.325,-0.008055
2007-10-26,3.325,0.0
2007-10-29,3.334,0.002707
2007-10-30,3.347,0.003899
2007-10-31,3.36,0.003884
2007-11-01,3.349,-0.003274
2007-11-02,3.33,-0.005673
2007-11-05,3.338,0.002402
2007-11-06,3.337,-0.0003
2007-11-07,3.341,0.001199
2007-11-08,3.321,-0.005986
2007-11-09,3.314,-0.002108
2007-11-12,3.309,-0.001509
2007-11-13,3.306,-0.000907
2007-11-14,3.331,0.007562
2007-11-15,3.32,-0.003302
2007-11-16,3.315,-0.001506
2007-11-19,3.319,0.001207
2007-11-20,3.327,0.00241
2007-11-21,3.318,-0.002705
2007-11-22,3.293,-0.007535
2007-11-23,3.304,0.00334
2007-11-26,3.3,-0.001211
2007-11-27,3.293,-0.002121
2007-11-28,3.288,-0.001518
2007-11-29,3.306,0.005474
2007-11-30,3.294,-0.00363
2007-12-03,3.305,0.003339
2007-12-04,3.31,0.001513
2007-12-05,3.326,0.004834
2007-12-06,3.329,0.000902
2007-12-07,3.335,0.001802
2007-12-10,3.354,0.005697
2007-12-11,3.355,0.000298
2007-12-12,3.346,-0.002683
2007-12-13,3.323,-0.006874
2007-12-14,3.334,0.00331
2007-12-17,3.325,-0.002699
2007-12-18,3.322,-0.000902
2007-12-19,3.337,0.004515
2007-12-20,3.347,0.002997
2007-12-21,3.355,0.00239
2007-12-24,3.367,0.003577
2007-12-25,3.368,0.000297
2007-12-26,3.377,0.002672
2007-12-27,3.393,0.004738
2007-12-28,3.389,-0.001179
2007-12-29,3.389,0.0
2007-12-31,3.389,0.0
2008-01-02,3.404,0.004426
2008-01-03,3.414,0.002938
2008-01-04,3.419,0.001465
2008-01-07,3.432,0.003802
2008-01-08,3.427,-0.001457
2008-01-09,3.446,0.005544
2008-01-10,3.452,0.001741
2008-01-11,3.457,0.001448
2008-01-14,3.458,0.000289
2008-01-15,3.454,-0.001157
2008-01-16,3.438,-0.004632
2008-01-17,3.427,-0.0032
2008-01-18,3.43,0.000875
2008-01-21,3.403,-0.007872
2008-01-22,3.358,-0.013224
2008-01-23,3.385,0.008041
2008-01-24,3.398,0.00384
2008-01-25,3.405,0.00206
2008-01-28,3.362,-0.012628
2008-01-29,3.369,0.002082
2008-01-30,3.37,0.000297
2008-01-31,3.358,-0.003561
2008-02-01,3.346,-0.003574
2008-02-04,3.398,0.015541
2008-02-05,3.392,-0.001766
2008-02-13,3.381,-0.003243
2008-02-14,3.39,0.002662
2008-02-15,3.38,-0.00295
2008-02-18,3.395,0.004438
2008-02-19,3.409,0.004124
2008-02-20,3.397,-0.00352
2008-02-21,3.396,-0.000294
2008-02-22,3.373,-0.006773
2008-02-25,3.352,-0.006226
2008-02-26,3.348,-0.001193
2008-02-27,3.364,0.004779
2008-02-28,3.364,0.0
2008-02-29,3.369,0.001486
2008-03-03,3.384,0.004452
2008-03-04,3.369,-0.004433
2008-03-05,3.364,-0.001484
2008-03-06,3.373,0.002675
2008-03-07,3.364,-0.002668
2008-03-10,3.335,-0.008621
2008-03-11,3.336,0.0003
2008-03-12,3.315,-0.006295
2008-03-13,3.301,-0.004223
2008-03-14,3.296,-0.001515
2008-03-17,3.27,-0.007888
2008-03-18,3.243,-0.008257
2008-03-19,3.26,0.005242
2008-03-20,3.279,0.005828
2008-03-21,3.282,0.000915
2008-03-24,3.254,-0.008531
2008-03-25,3.263,0.002766
2008-03-26,3.264,0.000306
2008-03-27,3.239,-0.007659
2008-03-28,3.259,0.006175
2008-03-31,3.238,-0.006444
2008-04-01,3.205,-0.010191
2008-04-02,3.191,-0.004368
2008-04-03,3.207,0.005014
2008-04-07,3.238,0.009666
2008-04-08,3.249,0.003397
2008-04-09,3.212,-0.011388
2008-04-10,3.22,0.002491
2008-04-11,3.225,0.001553
2008-04-14,3.19,-0.010853
2008-04-15,3.196,0.001881
2008-04-16,3.182,-0.00438
2008-04-17,3.161,-0.0066
2008-04-18,3.144,-0.005378
2008-04-21,3.144,0.0
2008-04-22,3.15,0.001908
2008-04-23,3.174,0.007619
2008-04-24,3.222,0.015123
2008-04-25,3.22,-0.000621
2008-04-28,3.209,-0.003416
2008-04-29,3.215,0.00187
2008-04-30,3.24,0.007776
2008-05-05,3.254,0.004321
2008-05-06,3.25,-0.001229
2008-05-07,3.227,-0.007077
2008-05-08,3.244,0.005268
2008-05-09,3.243,-0.000308
2008-05-12,3.244,0.000308
2008-05-13,3.24,-0.001233
2008-05-14,3.256,0.004938
2008-05-15,3.249,-0.00215
2008-05-16,3.245,-0.001231
2008-05-19,3.242,-0.000924
2008-05-20,3.21,-0.00987
2008-05-21,3.222,0.003738
2008-05-22,3.212,-0.003104
2008-05-23,3.209,-0.000934
2008-05-26,3.19,-0.005921
2008-05-27,3.192,0.000627
2008-05-28,3.205,0.004073
2008-05-29,3.196,-0.002808
2008-05-30,3.195,-0.000313
2008-06-02,3.198,0.000939
2008-06-03,3.196,-0.000625
2008-06-04,3.183,-0.004068
2008-06-05,3.177,-0.001885
2008-06-06,3.175,-0.00063
2008-06-10,3.14,-0.011024
2008-06-11,3.135,-0.001592
2008-06-12,3.13,-0.001595
2008-06-13,3.118,-0.003834
2008-06-16,3.117,-0.000321
2008-06-17,3.102,-0.004812
2008-06-18,3.126,0.007737
2008-06-19,3.093,-0.010557
2008-06-20,3.101,0.002586
2008-06-23,3.09,-0.003547
2008-06-24,3.101,0.00356
2008-06-25,3.12,0.006127
2008-06-26,3.123,0.000962
2008-06-27,3.102,-0.006724
2008-06-30,3.1,-0.000645
2008-07-01,3.091,-0.002903
2008-07-02,3.089,-0.000647
2008-07-03,3.099,0.003237
2008-07-04,3.095,-0.001291
2008-07-07,3.117,0.007108
2008-07-08,3.119,0.000642
2008-07-09,3.131,0.003847
2008-07-10,3.127,-0.001278
2008-07-11,3.124,-0.000959
2008-07-14,3.13,0.001921
2008-07-15,3.115,-0.004792
2008-07-16,3.101,-0.004494
2008-07-17,3.099,-0.000645
2008-07-18,3.113,0.004518
2008-07-21,3.128,0.004819
2008-07-22,3.128,0.0
2008-07-23,3.125,-0.000959
2008-07-24,3.139,0.00448
2008-07-25,3.135,-0.001274
2008-07-28,3.138,0.000957
2008-07-29,3.128,-0.003187
2008-07-30,3.125,-0.000959
2008-07-31,3.112,-0.00416
2008-08-01,3.116,0.001285
2008-08-04,3.106,-0.003209
2008-08-05,3.094,-0.003863
2008-08-06,3.095,0.000323
2008-08-07,3.095,0.0
2008-08-08,3.074,-0.006785
2008-08-11,3.053,-0.006831
2008-08-12,3.055,0.000655
2008-08-13,3.056,0.000327
2008-08-14,3.055,-0.000327
2008-08-15,3.055,0.0
2008-08-18,3.033,-0.007201
2008-08-19,3.038,0.001649
2008-08-20,3.07,0.010533
2008-08-21,3.052,-0.005863
2008-08-22,3.046,-0.001966
2008-08-25,3.045,-0.000328
2008-08-26,3.031,-0.004598
2008-08-27,3.025,-0.00198
2008-08-28,3.027,0.000661
2008-08-29,3.037,0.003304
2008-09-01,3.024,-0.004281
2008-09-02,3.02,-0.001323
2008-09-03,3.013,-0.002318
2008-09-04,3.012,-0.000332
2008-09-05,3.0,-0.003984
2008-09-08,2.987,-0.004333
2008-09-09,2.989,0.00067
2008-09-10,2.99,0.000335
2008-09-11,2.98,-0.003344
2008-09-12,2.982,0.000671
2008-09-16,2.974,-0.002683
2008-09-17,2.965,-0.003026
2008-09-18,2.959,-0.002024
2008-09-19,2.998,0.01318
2008-09-22,3.021,0.007672
2008-09-23,2.999,-0.007282
2008-09-24,3.001,0.000667
2008-09-25,3.017,0.005332
2008-09-26,3.023,0.001989
2008-09-30,3.022,-0.000331
2008-10-06,2.993,-0.009596
2008-10-07,2.989,-0.001336
2008-10-08,2.976,-0.004349
2008-10-09,2.97,-0.002016
2008-10-10,2.948,-0.007407
2008-10-13,2.956,0.002714
2008-10-14,2.946,-0.003383
2008-10-15,2.939,-0.002376
2008-10-16,2.919,-0.006805
2008-10-17,2.923,0.00137
2008-10-20,2.933,0.003421
2008-10-21,2.933,0.0
2008-10-22,2.923,-0.003409
2008-10-23,2.923,0.0
2008-10-24,2.916,-0.002395
2008-10-27,2.893,-0.007888
2008-10-28,2.899,0.002074
2008-10-29,2.893,-0.00207
2008-10-30,2.898,0.001728
2008-10-31,2.894,-0.00138
2008-11-03,2.892,-0.000691
2008-11-04,2.886,-0.002075
2008-11-05,2.896,0.003465
2008-11-06,2.889,-0.002417
2008-11-07,2.892,0.001038
2008-11-10,2.915,0.007953
2008-11-11,2.912,-0.001029
2008-11-12,2.917,0.001717
2008-11-13,2.933,0.005485
2008-11-14,2.946,0.004432
2008-11-17,2.957,0.003734
2008-11-18,2.933,-0.008116
2008-11-19,2.954,0.00716
2008-11-20,2.951,-0.001016
2008-11-21,2.947,-0.001355
2008-11-24,2.934,-0.004411
2008-11-25,2.933,-0.000341
2008-11-26,2.934,0.000341
2008-11-27,2.94,0.002045
2008-11-28,2.937,-0.00102
2008-12-01,2.946,0.003064
2008-12-02,2.951,0.001697
2008-12-03,2.965,0.004744
2008-12-04,2.966,0.000337
2008-12-05,2.975,0.003034
2008-12-08,2.988,0.00437
2008-12-09,2.979,-0.003012
2008-12-10,2.988,0.003021
2008-12-11,2.98,-0.002677
2008-12-12,2.967,-0.004362
2008-12-15,2.973,0.002022
2008-12-16,2.979,0.002018
2008-12-17,2.983,0.001343
2008-12-18,2.99,0.002347
2008-12-19,2.994,0.001338
2008-12-22,2.993,-0.000334
2008-12-23,2.975,-0.006014
2008-12-24,2.968,-0.002353
2008-12-25,2.969,0.000337
2008-12-26,2.967,-0.000674
2008-12-29,2.967,0.0
2008-12-30,2.968,0.000337
2008-12-31,2.966,-0.000674
2009-01-05,2.978,0.004046
2009-01-06,2.989,0.003694
2009-01-07,2.989,0.0
2009-01-08,2.984,-0.001673
2009-01-09,2.992,0.002681
2009-01-12,2.993,0.000334
2009-01-13,2.983,-0.003341
2009-01-14,3.0,0.005699
2009-01-15,3.0,0.0
2009-01-16,3.004,0.001333
2009-01-19,3.006,0.000666
2009-01-20,3.01,0.001331
2009-01-21,3.007,-0.000997
2009-01-22,3.014,0.002328
2009-01-23,3.009,-0.001659
2009-02-02,3.019,0.003323
2009-02-03,3.029,0.003312
2009-02-04,3.039,0.003301
2009-02-05,3.032,-0.002303
2009-02-06,3.051,0.006266
2009-02-09,3.068,0.005572
2009-02-10,3.076,0.002608
2009-02-11,3.073,-0.000975
2009-02-12,3.071,-0.000651
2009-02-13,3.091,0.006513
2009-02-16,3.105,0.004529
2009-02-17,3.088,-0.005475
2009-02-18,3.064,-0.007772
2009-02-19,3.068,0.001305
2009-02-20,3.079,0.003585
2009-02-23,3.094,0.004872
2009-02-24,3.071,-0.007434
2009-02-25,3.071,0.0
2009-02-26,3.048,-0.007489
2009-02-27,3.037,-0.003609
2009-03-02,3.043,0.001976
2009-03-03,3.041,-0.000657
2009-03-04,3.067,0.00855
2009-03-05,3.069,0.000652
2009-03-06,3.069,0.0
2009-03-09,3.056,-0.004236
2009-03-10,3.061,0.001636
2009-03-11,3.058,-0.00098
2009-03-12,3.057,-0.000327
2009-03-13,3.055,-0.000654
2009-03-16,3.061,0.001964
2009-03-17,3.074,0.004247
2009-03-18,3.077,0.000976
2009-03-19,3.084,0.002275
2009-03-20,3.082,-0.000649
2009-03-23,3.093,0.003569
2009-03-24,3.095,0.000647
2009-03-25,3.086,-0.002908
2009-03-26,3.098,0.003889
2009-03-27,3.101,0.000968
2009-03-30,3.1,-0.000322
2009-03-31,3.106,0.001935
2009-04-01,3.113,0.002254
2009-04-02,3.117,0.001285
2009-04-03,3.115,-0.000642
2009-04-07,3.116,0.000321
2009-04-08,3.097,-0.006098
2009-04-09,3.108,0.003552
2009-04-10,3.126,0.005792
2009-04-13,3.136,0.003199
2009-04-14,3.142,0.001913
2009-04-15,3.147,0.001591
2009-04-16,3.146,-0.000318
2009-04-17,3.142,-0.001271
2009-04-20,3.154,0.003819
2009-04-21,3.151,-0.000951
2009-04-22,3.131,-0.006347
2009-04-23,3.134,0.000958
2009-04-24,3.13,-0.001276
2009-04-27,3.114,-0.005112
2009-04-28,3.116,0.000642
2009-04-29,3.136,0.006418
2009-04-30,3.142,0.001913
2009-05-04,3.158,0.005092
2009-05-05,3.164,0.0019
2009-05-06,3.171,0.002212
2009-05-07,3.171,0.0
2009-05-08,3.173,0.000631
2009-05-11,3.157,-0.005043
2009-05-12,3.17,0.004118
2009-05-13,3.174,0.001262
2009-05-14,3.171,-0.000945
2009-05-15,3.172,0.000315
2009-05-18,3.172,0.0
2009-05-19,3.18,0.002522
2009-05-20,3.176,-0.001258
2009-05-21,3.164,-0.003778
2009-05-22,3.165,0.000316
2009-05-25,3.171,0.001896
2009-05-26,3.168,-0.000946
2009-05-27,3.171,0.000947
2009-06-01,3.185,0.004415
2009-06-02,3.188,0.000942
2009-06-03,3.196,0.002509
2009-06-04,3.195,-0.000313
2009-06-05,3.191,-0.001252
2009-06-08,3.191,0.0
2009-06-09,3.196,0.001567
2009-06-10,3.202,0.001877
2009-06-11,3.202,0.0
2009-06-12,3.19,-0.003748
2009-06-15,3.201,0.003448
2009-06-16,3.199,-0.000625
2009-06-17,3.207,0.002501
2009-06-18,3.214,0.002183
2009-06-19,3.219,0.001556
2009-06-22,3.216,-0.000932
2009-06-23,3.213,-0.000933
2009-06-24,3.218,0.001556
2009-06-25,3.219,0.000311
2009-06-26,3.22,0.000311
2009-06-29,3.228,0.002484
2009-06-30,3.226,-0.00062
2009-07-01,3.238,0.00372
2009-07-02,3.249,0.003397
2009-07-03,3.258,0.00277
2009-07-06,3.263,0.001535
2009-07-07,3.259,-0.001226
2009-07-08,3.261,0.000614
2009-07-09,3.272,0.003373
2009-07-10,3.273,0.000306
2009-07-13,3.271,-0.000611
2009-07-14,3.293,0.006726
2009-07-15,3.298,0.001518
2009-07-16,3.299,0.000303
2009-07-17,3.3,0.000303
2009-07-20,3.313,0.003939
2009-07-21,3.303,-0.003018
2009-07-22,3.312,0.002725
2009-07-23,3.319,0.002114
2009-07-24,3.314,-0.001506
2009-07-27,3.333,0.005733
2009-07-28,3.338,0.0015
2009-07-29,3.297,-0.012283
2009-07-30,3.308,0.003336
2009-07-31,3.332,0.007255
2009-08-03,3.351,0.005702
2009-08-04,3.355,0.001194
2009-08-05,3.347,-0.002385
2009-08-06,3.331,-0.00478
2009-08-07,3.31,-0.006304
2009-08-10,3.311,0.000302
2009-08-11,3.311,0.0
2009-08-12,3.275,-0.010873
2009-08-13,3.279,0.001221
2009-08-14,3.253,-0.007929
2009-08-17,3.207,-0.014141
2009-08-18,3.215,0.002495
2009-08-19,3.186,-0.00902
2009-08-20,3.212,0.008161
2009-08-21,3.228,0.004981
2009-08-24,3.238,0.003098
2009-08-25,3.222,-0.004941
2009-08-26,3.234,0.003724
2009-08-27,3.231,-0.000928
2009-08-28,3.208,-0.007119
2009-08-31,3.16,-0.014963
2009-09-01,3.162,0.000633
2009-09-02,3.171,0.002846
2009-09-03,3.207,0.011353
2009-09-04,3.213,0.001871
2009-09-07,3.219,0.001867
2009-09-08,3.232,0.004039
2009-09-09,3.241,0.002785
2009-09-10,3.234,-0.00216
2009-09-11,3.247,0.00402
2009-09-14,3.26,0.004004
2009-09-15,3.262,0.000613
2009-09-16,3.255,-0.002146
2009-09-17,3.271,0.004916
2009-09-18,3.248,-0.007031
2009-09-21,3.253,0.001539
2009-09-22,3.238,-0.004611
2009-09-23,3.221,-0.00525
2009-09-24,3.224,0.000931
2009-09-25,3.219,-0.001551
2009-09-28,3.204,-0.00466
2009-09-29,3.2,-0.001248
2009-09-30,3.208,0.0025
2009-10-09,3.242,0.010599
2009-10-12,3.241,-0.000308
2009-10-13,3.253,0.003703
2009-10-14,3.26,0.002152
2009-10-15,3.262,0.000613
2009-10-16,3.261,-0.000307
2009-10-19,3.279,0.00552
2009-10-20,3.293,0.00427
2009-10-21,3.289,-0.001215
2009-10-22,3.289,0.0
2009-10-23,3.3,0.003344
2009-10-26,3.305,0.001515
2009-10-27,3.291,-0.004236
2009-10-28,3.294,0.000912
2009-10-29,3.282,-0.003643
2009-10-30,3.294,0.003656
2009-11-02,3.321,0.008197
2009-11-03,3.331,0.003011
2009-11-04,3.333,0.0006
2009-11-05,3.339,0.0018
2009-11-06,3.343,0.001198
2009-11-09,3.343,0.0
2009-11-10,3.345,0.000598
2009-11-11,3.342,-0.000897
2009-11-12,3.347,0.001496
2009-11-13,3.352,0.001494
2009-11-16,3.374,0.006563
2009-11-17,3.375,0.000296
2009-11-18,3.375,0.0
2009-11-19,3.38,0.001481
2009-11-20,3.379,-0.000296
2009-11-23,3.39,0.003255
2009-11-24,3.358,-0.00944
2009-11-25,3.377,0.005658
2009-11-26,3.345,-0.009476
2009-11-27,3.318,-0.008072
2009-11-30,3.35,0.009644
2009-12-01,3.367,0.005075
2009-12-02,3.379,0.003564
2009-12-03,3.379,0.0
2009-12-04,3.381,0.000592
2009-12-07,3.394,0.003845
2009-12-08,3.387,-0.002062
2009-12-09,3.371,-0.004724
2009-12-10,3.377,0.00178
2009-12-11,3.377,0.0
2009-12-14,3.386,0.002665
2009-12-15,3.381,-0.001477
2009-12-16,3.376,-0.001479
2009-12-17,3.354,-0.006517
2009-12-18,3.336,-0.005367
2009-12-21,3.337,0.0003
2009-12-22,3.318,-0.005694
2009-12-23,3.326,0.002411
2009-12-24,3.348,0.006615
2009-12-25,3.346,-0.000597
2009-12-28,3.362,0.004782
2009-12-29,3.366,0.00119
2009-12-30,3.376,0.002971
2009-12-31,3.382,0.001777
2010-01-04,3.371,-0.003253
2010-01-05,3.381,0.002966
2010-01-06,3.376,-0.001479
2010-01-07,3.36,-0.004739
2010-01-08,3.362,0.000595
2010-01-11,3.361,-0.000297
2010-01-12,3.377,0.00476
2010-01-13,3.358,-0.005626
2010-01-14,3.374,0.004765
2010-01-15,3.379,0.001482
2010-01-18,3.388,0.002664
2010-01-19,3.388,0.0
2010-01-20,3.361,-0.007969
2010-01-21,3.366,0.001488
2010-01-22,3.353,-0.003862
2010-01-25,3.342,-0.003281
2010-01-26,3.317,-0.007481
2010-01-27,3.306,-0.003316
2010-01-28,3.312,0.001815
2010-01-29,3.315,0.000906
2010-02-01,3.307,-0.002413
2010-02-02,3.301,-0.001814
2010-02-03,3.316,0.004544
2010-02-04,3.317,0.000302
2010-02-05,3.301,-0.004824
2010-02-08,3.299,-0.000606
2010-02-09,3.301,0.000606
2010-02-10,3.314,0.003938
2010-02-11,3.316,0.000604
2010-02-12,3.325,0.002714
2010-02-22,3.321,-0.001203
2010-02-23,3.319,-0.000602
2010-02-24,3.333,0.004218
2010-02-25,3.343,0.003
2010-02-26,3.341,-0.000598
2010-03-01,3.351,0.002993
2010-03-02,3.351,0.0
2010-03-03,3.36,0.002686
2010-03-04,3.34,-0.005952
2010-03-05,3.343,0.000898
2010-03-08,3.351,0.002393
2010-03-09,3.355,0.001194
2010-03-10,3.348,-0.002086
2010-03-11,3.342,-0.001792
2010-03-12,3.33,-0.003591
2010-03-15,3.317,-0.003904
2010-03-16,3.322,0.001507
2010-03-17,3.342,0.00602
2010-03-18,3.34,-0.000598
2010-03-19,3.344,0.001198
2010-03-22,3.347,0.000897
2010-03-23,3.345,-0.000598
2010-03-24,3.349,0.001196
2010-03-25,3.336,-0.003882
2010-03-26,3.347,0.003297
2010-03-29,3.364,0.005079
2010-03-30,3.365,0.000297
2010-03-31,3.364,-0.000297
2010-04-01,3.376,0.003567
2010-04-02,3.378,0.000592
2010-04-06,3.375,-0.000888
2010-04-07,3.372,-0.000889
2010-04-08,3.365,-0.002076
2010-04-09,3.378,0.003863
2010-04-12,3.372,-0.001776
2010-04-13,3.379,0.002076
2010-04-14,3.383,0.001184
2010-04-15,3.378,-0.001478
2010-04-16,3.37,-0.002368
2010-04-19,3.335,-0.010386
2010-04-20,3.338,0.0009
2010-04-21,3.36,0.006591
2010-04-22,3.355,-0.001488
2010-04-23,3.352,-0.000894
2010-04-26,3.35,-0.000597
2010-04-27,3.334,-0.004776
2010-04-28,3.331,-0.0009
2010-04-29,3.313,-0.005404
2010-04-30,3.304,-0.002717
2010-05-04,3.3,-0.001211
2010-05-05,3.311,0.003333
2010-05-06,3.285,-0.007853
2010-05-07,3.271,-0.004262
2010-05-10,3.268,-0.000917
2010-05-11,3.254,-0.004284
2010-05-12,3.248,-0.001844
2010-05-13,3.264,0.004926
2010-05-14,3.266,0.000613
2010-05-17,3.239,-0.008267
2010-05-18,3.248,0.002779
2010-05-19,3.249,0.000308
2010-05-20,3.241,-0.002462
2010-05-21,3.249,0.002468
2010-05-24,3.267,0.00554
2010-05-25,3.26,-0.002143
2010-05-26,3.26,0.0
2010-05-27,3.266,0.00184
2010-05-28,3.269,0.000919
2010-05-31,3.263,-0.001835
2010-06-01,3.255,-0.002452
2010-06-02,3.256,0.000307
2010-06-03,3.255,-0.000307
2010-06-04,3.258,0.000922
2010-06-07,3.258,0.0
2010-06-08,3.259,0.000307
2010-06-09,3.268,0.002762
2010-06-10,3.269,0.000306
2010-06-11,3.269,0.0
2010-06-17,3.257,-0.003671
2010-06-18,3.24,-0.00522
2010-06-21,3.251,0.003395
2010-06-22,3.252,0.000308
2010-06-23,3.25,-0.000615
2010-06-24,3.25,0.0
2010-06-25,3.242,-0.002462
2010-06-28,3.237,-0.001542
2010-06-29,3.213,-0.007414
2010-06-30,3.209,-0.001245
2010-07-01,3.199,-0.003116
2010-07-02,3.193,-0.001876
2010-07-05,3.188,-0.001566
2010-07-06,3.202,0.004391
2010-07-07,3.208,0.001874
2010-07-08,3.207,-0.000312
2010-07-09,3.225,0.005613
2010-07-12,3.231,0.00186
2010-07-13,3.223,-0.002476
2010-07-14,3.226,0.000931
2010-07-15,3.217,-0.00279
2010-07-16,3.219,0.000622
2010-07-19,3.234,0.00466
2010-07-20,3.25,0.004947
2010-07-21,3.251,0.000308
2010-07-22,3.259,0.002461
2010-07-23,3.266,0.002148
2010-07-26,3.271,0.001531
2010-07-27,3.268,-0.000917
2010-07-28,3.283,0.00459
2010-07-29,3.284,0.000305
2010-07-30,3.282,-0.000609
2010-08-02,3.299,0.00518
2010-08-03,3.286,-0.003941
2010-08-04,3.29,0.001217
2010-08-05,3.294,0.001216
2010-08-06,3.307,0.003947
2010-08-09,3.314,0.002117
2010-08-10,3.291,-0.00694
2010-08-11,3.299,0.002431
2010-08-12,3.293,-0.001819
2010-08-13,3.305,0.003644
2010-08-16,3.324,0.005749
2010-08-17,3.328,0.001203
2010-08-18,3.327,-0.0003
2010-08-19,3.326,-0.000301
2010-08-20,3.304,-0.006615
2010-08-23,3.308,0.001211
2010-08-24,3.316,0.002418
2010-08-25,3.3,-0.004825
2010-08-26,3.302,0.000606
2010-08-27,3.31,0.002423
2010-08-30,3.33,0.006042
2010-08-31,3.332,0.000601
2010-09-01,3.324,-0.002401
2010-09-02,3.341,0.005114
2010-09-03,3.345,0.001197
2010-09-06,3.35,0.001495
2010-09-07,3.352,0.000597
2010-09-08,3.356,0.001193
2010-09-09,3.348,-0.002384
2010-09-10,3.359,0.003286
2010-09-13,3.368,0.002679
2010-09-14,3.37,0.000594
2010-09-15,3.357,-0.003858
2010-09-16,3.335,-0.006553
2010-09-17,3.338,0.0009
2010-09-20,3.331,-0.002097
2010-09-21,3.331,0.0
2010-09-27,3.35,0.005704
2010-09-28,3.351,0.000299
2010-09-29,3.341,-0.002984
2010-09-30,3.357,0.004789
2010-10-08,3.383,0.007745
2010-10-11,3.386,0.000887
2010-10-12,3.39,0.001181
2010-10-13,3.392,0.00059
2010-10-14,3.375,-0.005012
2010-10-15,3.386,0.003259
2010-10-18,3.373,-0.003839
2010-10-19,3.401,0.008301
2010-10-20,3.416,0.00441
2010-10-21,3.413,-0.000878
2010-10-22,3.419,0.001758
2010-10-25,3.449,0.008774
2010-10-26,3.447,-0.00058
2010-10-27,3.43,-0.004932
2010-10-28,3.431,0.000292
2010-10-29,3.436,0.001457
2010-11-01,3.46,0.006985
2010-11-02,3.451,-0.002601
2010-11-03,3.44,-0.003187
2010-11-04,3.463,0.006686
2010-11-05,3.475,0.003465
2010-11-08,3.488,0.003741
2010-11-09,3.492,0.001147
2010-11-10,3.498,0.001718
2010-11-11,3.495,-0.000858
2010-11-12,3.436,-0.016881
2010-11-15,3.46,0.006985
2010-11-16,3.426,-0.009827
2010-11-17,3.392,-0.009924
2010-11-18,3.404,0.003538
2010-11-19,3.432,0.008226
2010-11-22,3.443,0.003205
2010-11-23,3.43,-0.003776
2010-11-24,3.458,0.008163
2010-11-25,3.466,0.002313
2010-11-26,3.467,0.000289
2010-11-29,3.473,0.001731
2010-11-30,3.461,-0.003455
2010-12-01,3.456,-0.001445
2010-12-02,3.459,0.000868
2010-12-03,3.453,-0.001735
2010-12-06,3.443,-0.002896
2010-12-07,3.46,0.004938
2010-12-08,3.456,-0.001156
2010-12-09,3.444,-0.003472
2010-12-10,3.463,0.005517
2010-12-13,3.496,0.009529
2010-12-14,3.502,0.001716
2010-12-15,3.492,-0.002856
2010-12-16,3.488,-0.001145
2010-12-17,3.487,-0.000287
2010-12-20,3.475,-0.003441
2010-12-21,3.49,0.004317
2010-12-22,3.482,-0.002292
2010-12-23,3.466,-0.004595
2010-12-24,3.449,-0.004905
2010-12-27,3.428,-0.006089
2010-12-28,3.415,-0.003792
2010-12-29,3.43,0.004392
2010-12-30,3.434,0.001166
2010-12-31,3.465,0.009027
2011-01-04,3.476,0.003175
2011-01-05,3.481,0.001438
2011-01-06,3.474,-0.002011
2011-01-07,3.468,-0.001727
2011-01-10,3.446,-0.006344
2011-01-11,3.441,-0.001451
2011-01-12,3.444,0.000872
2011-01-13,3.446,0.000581
2011-01-14,3.436,-0.002902
2011-01-17,3.398,-0.011059
2011-01-18,3.401,0.000883
2011-01-19,3.427,0.007645
2011-01-20,3.395,-0.009338
2011-01-21,3.403,0.002356
2011-01-24,3.383,-0.005877
2011-01-25,3.364,-0.005616
2011-01-26,3.382,0.005351
2011-01-27,3.402,0.005914
2011-01-28,3.414,0.003527
2011-01-31,3.432,0.005272
2011-02-01,3.428,-0.001166
2011-02-09,3.427,-0.000292
2011-02-10,3.445,0.005252
2011-02-11,3.46,0.004354
2011-02-14,3.478,0.005202
2011-02-15,3.476,-0.000575
2011-02-16,3.49,0.004028
2011-02-17,3.501,0.003152
2011-02-18,3.49,-0.003142
2011-02-21,3.506,0.004585
2011-02-22,3.477,-0.008272
2011-02-23,3.485,0.002301
2011-02-24,3.491,0.001722
2011-02-25,3.492,0.000286
2011-02-28,3.513,0.006014
2011-03-01,3.512,-0.000285
2011-03-02,3.503,-0.002563
2011-03-03,3.484,-0.005424
2011-03-04,3.495,0.003157
2011-03-07,3.51,0.004292
2011-03-08,3.51,0.0
2011-03-09,3.52,0.002849
2011-03-10,3.516,-0.001136
2011-03-11,3.507,-0.00256
2011-03-14,3.51,0.000855
2011-03-15,3.499,-0.003134
2011-03-16,3.519,0.005716
2011-03-17,3.499,-0.005683
2011-03-18,3.501,0.000572
2011-03-21,3.495,-0.001714
2011-03-22,3.503,0.002289
2011-03-23,3.511,0.002284
2011-03-24,3.519,0.002279
2011-03-25,3.527,0.002273
2011-03-28,3.523,-0.001134
2011-03-29,3.508,-0.004258
2011-03-30,3.497,-0.003136
2011-03-31,3.485,-0.003432
2011-04-01,3.503,0.005165
2011-04-06,3.504,0.000285
2011-04-07,3.51,0.001712
2011-04-08,3.527,0.004843
2011-04-11,3.526,-0.000284
2011-04-12,3.533,0.001985
2011-04-13,3.541,0.002264
2011-04-14,3.547,0.001694
2011-04-15,3.555,0.002255
2011-04-18,3.553,-0.000563
2011-04-19,3.533,-0.005629
2011-04-20,3.54,0.001981
2011-04-21,3.54,0.0
2011-04-22,3.534,-0.001695
2011-04-25,3.52,-0.003962
2011-04-26,3.516,-0.001136
2011-04-27,3.504,-0.003413
2011-04-28,3.48,-0.006849
2011-04-29,3.502,0.006322
2011-05-03,3.518,0.004569
2011-05-04,3.498,-0.005685
2011-05-05,3.497,-0.000286
2011-05-06,3.507,0.00286
2011-05-09,3.507,0.0
2011-05-10,3.515,0.002281
2011-05-11,3.512,-0.000853
2011-05-12,3.502,-0.002847
2011-05-13,3.502,0.0
2011-05-16,3.499,-0.000857
2011-05-17,3.491,-0.002286
2011-05-18,3.497,0.001719
2011-05-19,3.494,-0.000858
2011-05-20,3.49,-0.001145
2011-05-23,3.466,-0.006877
2011-05-24,3.468,0.000577
2011-05-25,3.461,-0.002018
2011-05-26,3.459,-0.000578
2011-05-27,3.449,-0.002891
2011-05-30,3.444,-0.00145
2011-05-31,3.459,0.004355
2011-06-01,3.463,0.001156
2011-06-02,3.454,-0.002599
2011-06-03,3.463,0.002606
2011-06-07,3.468,0.001444
2011-06-08,3.471,0.000865
2011-06-09,3.454,-0.004898
2011-06-10,3.457,0.000869
2011-06-13,3.456,-0.000289
2011-06-14,3.467,0.003183
2011-06-15,3.459,-0.002307
2011-06-16,3.446,-0.003758
2011-06-17,3.44,-0.001741
2011-06-20,3.438,-0.000581
2011-06-21,3.445,0.002036
2011-06-22,3.446,0.00029
2011-06-23,3.464,0.005223
2011-06-24,3.48,0.004619
2011-06-27,3.482,0.000575
2011-06-28,3.482,0.0
2011-06-29,3.474,-0.002298
2011-06-30,3.488,0.00403
2011-07-01,3.489,0.000287
2011-07-04,3.512,0.006592
2011-07-05,3.519,0.001993
2011-07-06,3.523,0.001137
2011-07-07,3.523,0.0
2011-07-08,3.519,-0.001135
2011-07-11,3.525,0.001705
2011-07-12,3.514,-0.003121
2011-07-13,3.527,0.003699
2011-07-14,3.53,0.000851
2011-07-15,3.537,0.001983
2011-07-18,3.532,-0.001414
2011-07-19,3.525,-0.001982
2011-07-20,3.52,-0.001418
2011-07-21,3.512,-0.002273
2011-07-22,3.512,0.0
2011-07-25,3.483,-0.008257
2011-07-26,3.486,0.000861
2011-07-27,3.497,0.003155
2011-07-28,3.493,-0.001144
2011-07-29,3.487,-0.001718
2011-08-01,3.488,0.000287
2011-08-02,3.484,-0.001147
2011-08-03,3.484,0.0
2011-08-04,3.489,0.001435
2011-08-05,3.474,-0.004299
2011-08-08,3.448,-0.007484
2011-08-09,3.451,0.00087
2011-08-10,3.462,0.003187
2011-08-11,3.473,0.003177
2011-08-12,3.475,0.000576
2011-08-15,3.485,0.002878
2011-08-16,3.481,-0.001148
2011-08-17,3.476,-0.001436
2011-08-18,3.462,-0.004028
2011-08-19,3.456,-0.001733
2011-08-22,3.448,-0.002315
2011-08-23,3.46,0.00348
2011-08-24,3.459,-0.000289
2011-08-25,3.476,0.004915
2011-08-26,3.479,0.000863
2011-08-29,3.468,-0.003162
2011-08-30,3.461,-0.002018
2011-08-31,3.459,-0.000578
2011-09-01,3.454,-0.001446
2011-09-02,3.446,-0.002316
2011-09-05,3.43,-0.004643
2011-09-06,3.423,-0.002041
2011-09-07,3.439,0.004674
2011-09-08,3.433,-0.001745
2011-09-09,3.428,-0.001456
2011-09-13,3.417,-0.003209
2011-09-14,3.421,0.001171
2011-09-15,3.423,0.000585
2011-09-16,3.423,0.0
2011-09-19,3.41,-0.003798
2011-09-20,3.412,0.000587
2011-09-21,3.431,0.005569
2011-09-22,3.409,-0.006412
2011-09-23,3.402,-0.002053
2011-09-26,3.391,-0.003233
2011-09-27,3.395,0.00118
2011-09-28,3.385,-0.002946
2011-09-29,3.373,-0.003545
2011-09-30,3.37,-0.000889
2011-10-10,3.363,-0.002077
2011-10-11,3.36,-0.000892
2011-10-12,3.381,0.00625
2011-10-13,3.388,0.00207
2011-10-14,3.385,-0.000885
2011-10-17,3.389,0.001182
2011-10-18,3.372,-0.005016
2011-10-19,3.367,-0.001483
2011-10-20,3.349,-0.005346
2011-10-21,3.343,-0.001792
2011-10-24,3.353,0.002991
2011-10-25,3.368,0.004474
2011-10-26,3.374,0.001781
2011-10-27,3.372,-0.000593
2011-10-28,3.386,0.004152
2011-10-31,3.387,0.000295
2011-11-01,3.388,0.000295
2011-11-02,3.398,0.002952
2011-11-03,3.401,0.000883
2011-11-04,3.405,0.001176
2011-11-07,3.4,-0.001468
2011-11-08,3.393,-0.002059
2011-11-09,3.403,0.002947
2011-11-10,3.394,-0.002645
2011-11-11,3.392,-0.000589
2011-11-14,3.406,0.004127
2011-11-15,3.406,0.0
2011-11-16,3.389,-0.004991
2011-11-17,3.388,-0.000295
2011-11-18,3.372,-0.004723
2011-11-21,3.37,-0.000593
2011-11-22,3.37,0.0
2011-11-23,3.367,-0.00089
2011-11-24,3.366,-0.000297
2011-11-25,3.364,-0.000594
2011-11-28,3.365,0.000297
2011-11-29,3.375,0.002972
2011-11-30,3.349,-0.007704
2011-12-01,3.365,0.004778
2011-12-02,3.353,-0.003566
2011-12-05,3.334,-0.005667
2011-12-06,3.335,0.0003
2011-12-07,3.338,0.0009
2011-12-08,3.339,0.0003
2011-12-09,3.333,-0.001797
2011-12-12,3.325,-0.0024
2011-12-13,3.307,-0.005414
2011-12-14,3.297,-0.003024
2011-12-15,3.283,-0.004246
2011-12-16,3.302,0.005787
2011-12-19,3.302,0.0
2011-12-20,3.3,-0.000606
2011-12-21,3.287,-0.003939
2011-12-22,3.288,0.000304
2011-12-23,3.294,0.001825
2011-12-26,3.286,-0.002429
2011-12-27,3.276,-0.003043
2011-12-28,3.277,0.000305
2011-12-29,3.279,0.00061
2011-12-30,3.292,0.003965
2011-12-31,3.292,0.0
2012-01-04,3.275,-0.005164
2012-01-05,3.261,-0.004275
2012-01-06,3.264,0.00092
2012-01-09,3.284,0.006127
2012-01-10,3.307,0.007004
2012-01-11,3.303,-0.00121
2012-01-12,3.302,-0.000303
2012-01-13,3.285,-0.005148
2012-01-16,3.268,-0.005175
2012-01-17,3.297,0.008874
2012-01-18,3.285,-0.00364
2012-01-19,3.295,0.003044
2012-01-20,3.311,0.004856
2012-01-30,3.303,-0.002416
2012-01-31,3.302,-0.000303
2012-02-01,3.296,-0.001817
2012-02-02,3.311,0.004551
2012-02-03,3.319,0.002416
2012-02-06,3.32,0.000301
2012-02-07,3.308,-0.003614
2012-02-08,3.325,0.005139
2012-02-09,3.327,0.000602
2012-02-10,3.328,0.000301
2012-02-13,3.329,0.0003
2012-02-14,3.328,-0.0003
2012-02-15,3.335,0.002103
2012-02-16,3.334,-0.0003
2012-02-17,3.331,-0.0009
2012-02-20,3.332,0.0003
2012-02-21,3.339,0.002101
2012-02-22,3.351,0.003594
2012-02-23,3.352,0.000298
2012-02-24,3.361,0.002685
2012-02-27,3.36,-0.000298
2012-02-28,3.359,-0.000298
2012-02-29,3.351,-0.002382
2012-03-01,3.353,0.000597
2012-03-02,3.362,0.002684
2012-03-05,3.357,-0.001487
2012-03-06,3.347,-0.002979
2012-03-07,3.342,-0.001494
2012-03-08,3.35,0.002394
2012-03-09,3.358,0.002388
2012-03-12,3.36,0.000596
2012-03-13,3.369,0.002679
2012-03-14,3.348,-0.006233
2012-03-15,3.347,-0.000299
2012-03-16,3.359,0.003585
2012-03-19,3.359,0.0
2012-03-20,3.346,-0.00387
2012-03-21,3.345,-0.000299
2012-03-22,3.345,0.0
2012-03-23,3.337,-0.002392
2012-03-26,3.34,0.000899
2012-03-27,3.335,-0.001497
2012-03-28,3.314,-0.006297
2012-03-29,3.306,-0.002414
2012-03-30,3.31,0.00121
2012-03-31,3.31,0.0
2012-04-05,3.325,0.004532
2012-04-06,3.329,0.001203
2012-04-09,3.324,-0.001502
2012-04-10,3.33,0.001805
2012-04-11,3.331,0.0003
2012-04-12,3.343,0.003603
2012-04-13,3.346,0.000897
2012-04-16,3.343,-0.000897
2012-04-17,3.332,-0.00329
2012-04-18,3.347,0.004502
2012-04-19,3.348,0.000299
2012-04-20,3.358,0.002987
2012-04-23,3.354,-0.001191
2012-04-24,3.356,0.000596
2012-04-25,3.361,0.00149
2012-04-26,3.358,-0.000893
2012-04-27,3.356,-0.000596
2012-05-02,3.369,0.003874
2012-05-03,3.369,0.0
2012-05-04,3.375,0.001781
2012-05-07,3.374,-0.000296
2012-05-08,3.372,-0.000593
2012-05-09,3.357,-0.004448
2012-05-10,3.356,-0.000298
2012-05-11,3.353,-0.000894
2012-05-14,3.349,-0.001193
2012-05-15,3.349,0.0
2012-05-16,3.339,-0.002986
2012-05-17,3.348,0.002695
2012-05-18,3.337,-0.003286
2012-05-21,3.339,0.000599
2012-05-22,3.351,0.003594
2012-05-23,3.348,-0.000895
2012-05-24,3.341,-0.002091
2012-05-25,3.333,-0.002394
2012-05-28,3.345,0.0036
2012-05-29,3.354,0.002691
2012-05-30,3.354,0.0
2012-05-31,3.352,-0.000596
2012-06-01,3.351,-0.000298
2012-06-04,3.331,-0.005968
2012-06-05,3.331,0.0
2012-06-06,3.328,-0.000901
2012-06-07,3.324,-0.001202
2012-06-08,3.322,-0.000602
2012-06-11,3.329,0.002107
2012-06-12,3.326,-0.000901
2012-06-13,3.339,0.003909
2012-06-14,3.338,-0.000299
2012-06-15,3.342,0.001198
2012-06-18,3.345,0.000898
2012-06-19,3.339,-0.001794
2012-06-20,3.338,-0.000299
2012-06-21,3.329,-0.002696
2012-06-25,3.319,-0.003004
2012-06-26,3.319,0.0
2012-06-27,3.321,0.000603
2012-06-28,3.319,-0.000602
2012-06-29,3.328,0.002712
2012-06-30,3.328,0.0
2012-07-02,3.327,-0.0003
2012-07-03,3.329,0.000601
2012-07-04,3.326,-0.000901
2012-07-05,3.322,-0.001203
2012-07-06,3.338,0.004816
2012-07-09,3.33,-0.002397
2012-07-10,3.327,-0.000901
2012-07-11,3.331,0.001202
2012-07-12,3.335,0.001201
2012-07-13,3.334,-0.0003
2012-07-16,3.322,-0.003599
2012-07-17,3.322,0.0
2012-07-18,3.321,-0.000301
2012-07-19,3.324,0.000903
2012-07-20,3.32,-0.001203
2012-07-23,3.314,-0.001807
2012-07-24,3.317,0.000905
2012-07-25,3.314,-0.000904
2012-07-26,3.311,-0.000905
2012-07-27,3.311,0.0
2012-07-30,3.308,-0.000906
2012-07-31,3.306,-0.000605
2012-08-01,3.312,0.001815
2012-08-02,3.307,-0.00151
2012-08-03,3.309,0.000605
2012-08-06,3.316,0.002115
2012-08-07,3.316,0.0
2012-08-08,3.315,-0.000302
2012-08-09,3.323,0.002413
2012-08-10,3.319,-0.001204
2012-08-13,3.31,-0.002712
2012-08-14,3.313,0.000906
2012-08-15,3.308,-0.001509
2012-08-16,3.304,-0.001209
2012-08-17,3.3,-0.001211
2012-08-20,3.299,-0.000303
2012-08-21,3.304,0.001516
2012-08-22,3.298,-0.001816
2012-08-23,3.298,0.0
2012-08-24,3.294,-0.001213
2012-08-27,3.288,-0.001821
2012-08-28,3.288,0.0
2012-08-29,3.285,-0.000912
2012-08-30,3.278,-0.002131
2012-08-31,3.279,0.000305
2012-09-03,3.291,0.00366
2012-09-04,3.287,-0.001215
2012-09-05,3.289,0.000608
2012-09-06,3.292,0.000912
2012-09-07,3.311,0.005772
2012-09-10,3.311,0.0
2012-09-11,3.307,-0.001208
2012-09-12,3.309,0.000605
2012-09-13,3.304,-0.001511
2012-09-14,3.307,0.000908
2012-09-17,3.292,-0.004536
2012-09-18,3.289,-0.000911
2012-09-19,3.29,0.000304
2012-09-20,3.278,-0.003647
2012-09-21,3.278,0.0
2012-09-24,3.281,0.000915
2012-09-25,3.281,0.0
2012-09-26,3.274,-0.002133
2012-09-27,3.29,0.004887
2012-09-28,3.302,0.003647
2012-09-30,3.302,0.0
2012-10-08,3.296,-0.001817
2012-10-09,3.309,0.003944
2012-10-10,3.31,0.000302
2012-10-11,3.302,-0.002417
2012-10-12,3.301,-0.000303
2012-10-15,3.302,0.000303
2012-10-16,3.303,0.000303
2012-10-17,3.302,-0.000303
2012-10-18,3.315,0.003937
2012-10-19,3.315,0.0
2012-10-22,3.316,0.000302
2012-10-23,3.307,-0.002714
2012-10-24,3.307,0.0
2012-10-25,3.301,-0.001814
2012-10-26,3.287,-0.004241
2012-10-29,3.283,-0.001217
2012-10-30,3.285,0.000609
2012-10-31,3.288,0.000913
2012-11-01,3.302,0.004258
2012-11-02,3.303,0.000303
2012-11-05,3.298,-0.001514
2012-11-06,3.294,-0.001213
2012-11-07,3.293,-0.000304
2012-11-08,3.28,-0.003948
2012-11-09,3.278,-0.00061
2012-11-12,3.279,0.000305
2012-11-13,3.267,-0.00366
2012-11-14,3.27,0.000918
2012-11-15,3.261,-0.002752
2012-11-16,3.254,-0.002147
2012-11-19,3.249,-0.001537
2012-11-20,3.245,-0.001231
2012-11-21,3.252,0.002157
2012-11-22,3.245,-0.002153
2012-11-23,3.251,0.001849
2012-11-26,3.246,-0.001538
2012-11-27,3.237,-0.002773
2012-11-28,3.23,-0.002162
2012-11-29,3.228,-0.000619
2012-11-30,3.236,0.002478
2012-12-03,3.225,-0.003399
2012-12-04,3.231,0.00186
2012-12-05,3.249,0.005571
2012-12-06,3.249,0.0
2012-12-07,3.263,0.004309
2012-12-10,3.271,0.002452
2012-12-11,3.269,-0.000611
2012-12-12,3.269,0.0
2012-12-13,3.261,-0.002447
2012-12-14,3.287,0.007973
2012-12-17,3.288,0.000304
2012-12-18,3.288,0.0
2012-12-19,3.289,0.000304
2012-12-20,3.291,0.000608
2012-12-21,3.29,-0.000304
2012-12-24,3.29,0.0
2012-12-25,3.306,0.004863
2012-12-26,3.31,0.00121
2012-12-27,3.308,-0.000604
2012-12-28,3.317,0.002721
2012-12-31,3.331,0.004221
2013-01-04,3.331,0.0
2013-01-07,3.333,0.0006
2013-01-08,3.335,0.0006
2013-01-09,3.338,0.0009
2013-01-10,3.337,-0.0003
2013-01-11,3.328,-0.002697
2013-01-14,3.35,0.006611
2013-01-15,3.355,0.001493
2013-01-16,3.353,-0.000596
2013-01-17,3.348,-0.001491
2013-01-18,3.361,0.003883
2013-01-21,3.36,-0.000298
2013-01-22,3.353,-0.002083
2013-01-23,3.354,0.000298
2013-01-24,3.346,-0.002385
2013-01-25,3.344,-0.000598
2013-01-28,3.359,0.004486
2013-01-29,3.362,0.000893
2013-01-30,3.367,0.001487
2013-01-31,3.363,-0.001188
2013-02-01,3.375,0.003568
2013-02-04,3.374,-0.000296
2013-02-05,3.385,0.00326
2013-02-06,3.389,0.001182
2013-02-07,3.39,0.000295
2013-02-08,3.4,0.00295
2013-02-18,3.394,-0.001765
2013-02-19,3.375,-0.005598
2013-02-20,3.385,0.002963
2013-02-21,3.367,-0.005318
2013-02-22,3.365,-0.000594
2013-02-25,3.369,0.001189
2013-02-26,3.359,-0.002968
2013-02-27,3.361,0.000595
2013-02-28,3.379,0.005356
2013-03-01,3.379,0.0
2013-03-04,3.345,-0.010062
2013-03-05,3.366,0.006278
2013-03-06,3.379,0.003862
2013-03-07,3.367,-0.003551
2013-03-08,3.363,-0.001188
2013-03-11,3.363,0.0
2013-03-12,3.35,-0.003866
2013-03-13,3.341,-0.002687
2013-03-14,3.344,0.000898
2013-03-15,3.344,0.0
2013-03-18,3.331,-0.003888
2013-03-19,3.333,0.0006
2013-03-20,3.357,0.007201
2013-03-21,3.366,0.002681
2013-03-22,3.37,0.001188
2013-03-25,3.367,-0.00089
2013-03-26,3.364,-0.000891
2013-03-27,3.366,0.000595
2013-03-28,3.344,-0.006536
2013-03-29,3.343,-0.000299
2013-04-01,3.344,0.000299
2013-04-02,3.333,-0.003289
2013-04-03,3.33,-0.0009
2013-04-08,3.333,0.000901
2013-04-09,3.339,0.0018
2013-04-10,3.34,0.000299
2013-04-11,3.34,0.0
2013-04-12,3.336,-0.001198
2013-04-15,3.324,-0.003597
2013-04-16,3.337,0.003911
2013-04-17,3.342,0.001498
2013-04-18,3.345,0.000898
2013-04-19,3.36,0.004484
2013-04-22,3.356,-0.00119
2013-04-23,3.331,-0.007449
2013-04-24,3.344,0.003903
2013-04-25,3.336,-0.002392
2013-04-26,3.329,-0.002098
2013-05-02,3.333,0.001202
2013-05-03,3.346,0.0039
2013-05-06,3.356,0.002989
2013-05-07,3.357,0.000298
2013-05-08,3.368,0.003277
2013-05-09,3.362,-0.001781
2013-05-10,3.363,0.000297
2013-05-13,3.362,-0.000297
2013-05-14,3.351,-0.003272
2013-05-15,3.365,0.004178
2013-05-16,3.378,0.003863
2013-05-17,3.392,0.004144
2013-05-20,3.4,0.002358
2013-05-21,3.403,0.000882
2013-05-22,3.393,-0.002939
2013-05-23,3.391,-0.000589
2013-05-24,3.399,0.002359
2013-05-27,3.403,0.001177
2013-05-28,3.408,0.001469
2013-05-29,3.415,0.002054
2013-05-30,3.416,0.000293
2013-05-31,3.407,-0.002635
2013-06-03,3.406,-0.000294
2013-06-04,3.393,-0.003817
2013-06-05,3.394,0.000295
2013-06-06,3.383,-0.003241
2013-06-07,3.37,-0.003843
2013-06-13,3.349,-0.006231
2013-06-14,3.367,0.005375
2013-06-17,3.372,0.001485
2013-06-18,3.374,0.000593
2013-06-19,3.367,-0.002075
2013-06-20,3.342,-0.007425
2013-06-21,3.345,0.000898
2013-06-24,3.305,-0.011958
2013-06-25,3.309,0.00121
2013-06-26,3.33,0.006346
2013-06-27,3.322,-0.002402
2013-06-28,3.326,0.001204
2013-06-30,3.326,0.0
2013-07-01,3.341,0.00451
2013-07-02,3.351,0.002993
2013-07-03,3.357,0.001791
2013-07-04,3.356,-0.000298
2013-07-05,3.35,-0.001788
2013-07-08,3.33,-0.00597
2013-07-09,3.329,-0.0003
2013-07-10,3.344,0.004506
2013-07-11,3.365,0.00628
2013-07-12,3.36,-0.001486
2013-07-15,3.374,0.004167
2013-07-16,3.385,0.00326
2013-07-17,3.372,-0.00384
2013-07-18,3.367,-0.001483
2013-07-19,3.357,-0.00297
2013-07-22,3.369,0.003575
2013-07-23,3.393,0.007124
2013-07-24,3.394,0.000295
2013-07-25,3.38,-0.004125
2013-07-26,3.378,-0.000592
2013-07-29,3.363,-0.00444
2013-07-30,3.358,-0.001487
2013-07-31,3.361,0.000893
2013-08-01,3.385,0.007141
2013-08-02,3.393,0.002363
2013-08-05,3.407,0.004126
2013-08-06,3.416,0.002642
2013-08-07,3.408,-0.002342
2013-08-08,3.412,0.001174
2013-08-09,3.412,0.0
2013-08-12,3.421,0.002638
2013-08-13,3.422,0.000292
2013-08-14,3.42,-0.000584
2013-08-15,3.407,-0.003801
2013-08-16,3.388,-0.005577
2013-08-19,3.404,0.004723
2013-08-20,3.397,-0.002056
2013-08-21,3.401,0.001178
2013-08-22,3.404,0.000882
2013-08-23,3.404,0.0
2013-08-26,3.422,0.005288
2013-08-27,3.424,0.000584
2013-08-28,3.411,-0.003797
2013-08-29,3.405,-0.001759
2013-08-30,3.394,-0.003231
2013-09-02,3.405,0.003241
2013-09-03,3.418,0.003818
2013-09-04,3.414,-0.00117
2013-09-05,3.414,0.0
2013-09-06,3.42,0.001757
2013-09-09,3.428,0.002339
2013-09-10,3.425,-0.000875
2013-09-11,3.419,-0.001752
2013-09-12,3.422,0.000877
2013-09-13,3.43,0.002338
2013-09-16,3.434,0.001166
2013-09-17,3.423,-0.003203
2013-09-18,3.424,0.000292
2013-09-23,3.442,0.005257
2013-09-24,3.445,0.000872
2013-09-25,3.441,-0.001161
2013-09-26,3.434,-0.002034
2013-09-27,3.433,-0.000291
2013-09-30,3.442,0.002622
2013-10-08,3.459,0.004939
2013-10-09,3.469,0.002891
2013-10-10,3.46,-0.002594
2013-10-11,3.465,0.001445
2013-10-14,3.47,0.001443
2013-10-15,3.471,0.000288
2013-10-16,3.444,-0.007779
2013-10-17,3.441,-0.000871
2013-10-18,3.45,0.002616
2013-10-21,3.47,0.005797
2013-10-22,3.461,-0.002594
2013-10-23,3.44,-0.006068
2013-10-24,3.436,-0.001163
2013-10-25,3.414,-0.006403
2013-10-28,3.412,-0.000586
2013-10-29,3.4,-0.003517
2013-10-30,3.416,0.004706
2013-10-31,3.404,-0.003513
2013-11-01,3.404,0.0
2013-11-04,3.409,0.001469
2013-11-05,3.417,0.002347
2013-11-06,3.405,-0.003512
2013-11-07,3.391,-0.004112
2013-11-08,3.379,-0.003539
2013-11-11,3.393,0.004143
2013-11-12,3.397,0.001179
2013-11-13,3.389,-0.002355
2013-11-14,3.405,0.004721
2013-11-15,3.418,0.003818
2013-11-18,3.434,0.004681
2013-11-19,3.429,-0.001456
2013-11-20,3.436,0.002041
2013-11-21,3.43,-0.001746
2013-11-22,3.427,-0.000875
2013-11-25,3.425,-0.000584
2013-11-26,3.425,0.0
2013-11-27,3.437,0.003504
2013-11-28,3.446,0.002619
2013-11-29,3.453,0.002031
2013-12-02,3.413,-0.011584
2013-12-03,3.426,0.003809
2013-12-04,3.441,0.004378
2013-12-05,3.437,-0.001162
2013-12-06,3.432,-0.001455
2013-12-09,3.443,0.003205
2013-12-10,3.438,-0.001452
2013-12-11,3.43,-0.002327
2013-12-12,3.436,0.001749
2013-12-13,3.437,0.000291
2013-12-16,3.423,-0.004073
2013-12-17,3.42,-0.000876
2013-12-18,3.421,0.000292
2013-12-19,3.41,-0.003215
2013-12-20,3.4,-0.002933
2013-12-23,3.406,0.001765
2013-12-24,3.41,0.001174
2013-12-25,3.42,0.002933
2013-12-26,3.408,-0.003509
2013-12-27,3.425,0.004988
2013-12-30,3.424,-0.000292
2013-12-31,3.431,0.002044
2014-01-02,3.438,0.00204
2014-01-03,3.434,-0.001163
2014-01-06,3.411,-0.006698
2014-01-07,3.416,0.001466
2014-01-08,3.421,0.001464
2014-01-09,3.407,-0.004092
2014-01-10,3.392,-0.004403
2014-01-13,3.383,-0.002653
2014-01-14,3.398,0.004434
2014-01-15,3.408,0.002943
2014-01-16,3.407,-0.000293
2014-01-17,3.395,-0.003522
2014-01-20,3.391,-0.001178
2014-01-21,3.403,0.003539
2014-01-22,3.42,0.004996
2014-01-23,3.424,0.00117
2014-01-24,3.435,0.003213
2014-01-27,3.436,0.000291
2014-01-28,3.428,-0.002328
2014-01-29,3.437,0.002625
2014-01-30,3.429,-0.002328
2014-02-07,3.441,0.0035
2014-02-10,3.465,0.006975
2014-02-11,3.46,-0.001443
2014-02-12,3.464,0.001156
2014-02-13,3.448,-0.004619
2014-02-14,3.462,0.00406
2014-02-17,3.476,0.004044
2014-02-18,3.477,0.000288
2014-02-19,3.475,-0.000575
2014-02-20,3.464,-0.003165
2014-02-21,3.463,-0.000289
2014-02-24,3.456,-0.002021
2014-02-25,3.43,-0.007523
2014-02-26,3.429,-0.000292
2014-02-27,3.419,-0.002916
2014-02-28,3.423,0.00117
2014-03-03,3.438,0.004382
2014-03-04,3.434,-0.001163
2014-03-05,3.426,-0.00233
2014-03-06,3.426,0.0
2014-03-07,3.426,0.0
2014-03-10,3.401,-0.007297
2014-03-11,3.401,0.0
2014-03-12,3.404,0.000882
2014-03-13,3.413,0.002644
2014-03-14,3.406,-0.002051
2014-03-17,3.42,0.00411
2014-03-18,3.418,-0.000585
2014-03-19,3.41,-0.002341
2014-03-20,3.391,-0.005572
2014-03-21,3.407,0.004718
2014-03-24,3.407,0.0
2014-03-25,3.409,0.000587
2014-03-26,3.416,0.002053
2014-03-27,3.403,-0.003806
2014-03-28,3.395,-0.002351
2014-03-31,3.395,0.0
2014-04-01,3.404,0.002651
2014-04-02,3.406,0.000588
2014-04-03,3.409,0.000881
2014-04-04,3.416,0.002053
2014-04-08,3.424,0.002342
2014-04-09,3.429,0.00146
2014-04-10,3.431,0.000583
2014-04-11,3.429,-0.000583
2014-04-14,3.434,0.001458
2014-04-15,3.428,-0.001747
2014-04-16,3.426,-0.000583
2014-04-17,3.427,0.000292
2014-04-18,3.428,0.000292
2014-04-21,3.422,-0.00175
2014-04-22,3.418,-0.001169
2014-04-23,3.415,-0.000878
2014-04-24,3.413,-0.000586
2014-04-25,3.4,-0.003809
2014-04-28,3.388,-0.003529
2014-04-29,3.393,0.001476
2014-04-30,3.401,0.002358
2014-05-05,3.403,0.000588
2014-05-06,3.406,0.000882
2014-05-07,3.396,-0.002936
2014-05-08,3.395,-0.000294
2014-05-09,3.39,-0.001473
2014-05-12,3.403,0.003835
2014-05-13,3.405,0.000588
2014-05-14,3.407,0.000587
2014-05-15,3.395,-0.003522
2014-05-16,3.39,-0.001473
2014-05-19,3.386,-0.00118
2014-05-20,3.387,0.000295
2014-05-21,3.394,0.002067
2014-05-22,3.393,-0.000295
2014-05-23,3.4,0.002063
2014-05-26,3.408,0.002353
2014-05-27,3.409,0.000293
2014-05-28,3.415,0.00176
2014-05-29,3.406,-0.002635
2014-05-30,3.406,0.0
2014-06-03,3.404,-0.000587
2014-06-04,3.399,-0.001469
2014-06-05,3.408,0.002648
2014-06-06,3.406,-0.000587
2014-06-09,3.404,-0.000587
2014-06-10,3.415,0.003231
2014-06-11,3.418,0.000878
2014-06-12,3.417,-0.000293
2014-06-13,3.426,0.002634
2014-06-16,3.43,0.001168
2014-06-17,3.42,-0.002915
2014-06-18,3.416,-0.00117
2014-06-19,3.403,-0.003806
2014-06-20,3.412,0.002645
2014-06-23,3.415,0.000879
2014-06-24,3.42,0.001464
2014-06-25,3.422,0.000585
2014-06-26,3.43,0.002338
2014-06-27,3.432,0.000583
2014-06-30,3.44,0.002331
2014-07-01,3.44,0.0
2014-07-02,3.442,0.000581
2014-07-03,3.446,0.001162
2014-07-04,3.443,-0.000871
2014-07-07,3.439,-0.001162
2014-07-08,3.442,0.000872
2014-07-09,3.429,-0.003777
2014-07-10,3.424,-0.001458
2014-07-11,3.431,0.002044
2014-07-14,3.44,0.002623
2014-07-15,3.438,-0.000581
2014-07-16,3.432,-0.001745
2014-07-17,3.426,-0.001748
2014-07-18,3.428,0.000584
2014-07-21,3.434,0.00175
2014-07-22,3.445,0.003203
2014-07-23,3.44,-0.001451
2014-07-24,3.441,0.000291
2014-07-25,3.444,0.000872
2014-07-28,3.464,0.005807
2014-07-29,3.473,0.002598
2014-07-30,3.473,0.0
2014-07-31,3.48,0.002016
2014-08-01,3.471,-0.002586
2014-08-04,3.48,0.002593
2014-08-05,3.485,0.001437
2014-08-06,3.486,0.000287
2014-08-07,3.48,-0.001721
2014-08-08,3.484,0.001149
2014-08-11,3.497,0.003731
2014-08-12,3.499,0.000572
2014-08-13,3.495,-0.001143
2014-08-14,3.492,-0.000858
2014-08-15,3.5,0.002291
2014-08-18,3.509,0.002571
2014-08-19,3.509,0.0
2014-08-20,3.508,-0.000285
2014-08-21,3.509,0.000285
2014-08-22,3.517,0.00228
2014-08-25,3.511,-0.001706
2014-08-26,3.497,-0.003987
2014-08-27,3.496,-0.000286
2014-08-28,3.488,-0.002288
2014-08-29,3.501,0.003727
2014-09-01,3.511,0.002856
2014-09-02,3.523,0.003418
2014-09-03,3.533,0.002838
2014-09-04,3.54,0.001981
2014-09-05,3.548,0.00226
2014-09-09,3.551,0.000846
2014-09-10,3.552,0.000282
2014-09-11,3.55,-0.000563
2014-09-12,3.558,0.002254
2014-09-15,3.56,0.000562
2014-09-16,3.525,-0.009831
2014-09-17,3.529,0.001135
2014-09-18,3.535,0.0017
2014-09-19,3.544,0.002546
2014-09-22,3.53,-0.00395
2014-09-23,3.542,0.003399
2014-09-24,3.559,0.0048
2014-09-25,3.555,-0.001124
2014-09-26,3.558,0.000844
2014-09-29,3.575,0.004778
2014-09-30,3.579,0.001119
2014-10-08,3.59,0.003073
2014-10-09,3.588,-0.000557
2014-10-10,3.58,-0.00223
2014-10-13,3.575,-0.001397
2014-10-14,3.572,-0.000839
2014-10-15,3.581,0.00252
2014-10-16,3.568,-0.00363
2014-10-17,3.562,-0.001682
2014-10-20,3.573,0.003088
2014-10-21,3.565,-0.002239
2014-10-22,3.556,-0.002525
2014-10-23,3.54,-0.004499
2014-10-24,3.545,0.001412
2014-10-27,3.545,0.0
2014-10-28,3.566,0.005924
2014-10-29,3.577,0.003085
2014-10-30,3.58,0.000839
2014-10-31,3.585,0.001397
2014-11-03,3.592,0.001953
2014-11-04,3.589,-0.000835
2014-11-05,3.584,-0.001393
2014-11-06,3.592,0.002232
2014-11-07,3.586,-0.00167
2014-11-10,3.605,0.005298
2014-11-11,3.597,-0.002219
2014-11-12,3.606,0.002502
2014-11-13,3.596,-0.002773
2014-11-14,3.593,-0.000834
2014-11-17,3.597,0.001113
2014-11-18,3.596,-0.000278
2014-11-19,3.596,0.0
2014-11-20,3.6,0.001112
2014-11-21,3.61,0.002778
2014-11-24,3.626,0.004432
2014-11-25,3.647,0.005792
2014-11-26,3.657,0.002742
2014-11-27,3.665,0.002188
2014-11-28,3.682,0.004638
2014-12-01,3.679,-0.000815
2014-12-02,3.707,0.007611
2014-12-03,3.719,0.003237
2014-12-04,3.755,0.00968
2014-12-05,3.743,-0.003196
2014-12-08,3.764,0.00561
2014-12-09,3.702,-0.016472
2014-12-10,3.75,0.012966
2014-12-11,3.739,-0.002933
2014-12-12,3.744,0.001337
2014-12-15,3.755,0.002938
2014-12-16,3.771,0.004261
2014-12-17,3.777,0.001591
2014-12-18,3.78,0.000794
2014-12-19,3.779,-0.000265
2014-12-22,3.769,-0.002646
2014-12-23,3.742,-0.007164
2014-12-24,3.725,-0.004543
2014-12-25,3.756,0.008322
2014-12-26,3.788,0.00852
2014-12-29,3.796,0.002112
2014-12-30,3.786,-0.002634
2014-12-31,3.816,0.007924
2015-01-05,3.858,0.011006
2015-01-06,3.881,0.005962
2015-01-07,3.882,0.000258
2015-01-08,3.868,-0.003606
2015-01-09,3.864,-0.001034
2015-01-12,3.868,0.001035
2015-01-13,3.891,0.005946
2015-01-14,3.89,-0.000257
2015-01-15,3.912,0.005656
2015-01-16,3.931,0.004857
2015-01-19,3.862,-0.017553
2015-01-20,3.895,0.008545
2015-01-21,3.933,0.009756
2015-01-22,3.937,0.001017
2015-01-23,3.924,-0.003302
2015-01-26,3.939,0.003823
2015-01-27,3.923,-0.004062
2015-01-28,3.905,-0.004588
2015-01-29,3.888,-0.004353
2015-01-30,3.874,-0.003601
2015-02-02,3.858,-0.00413
2015-02-03,3.889,0.008035
2015-02-04,3.876,-0.003343
2015-02-05,3.871,-0.00129
2015-02-06,3.852,-0.004908
2015-02-09,3.846,-0.001558
2015-02-10,3.866,0.0052
2015-02-11,3.884,0.004656
2015-02-12,3.894,0.002575
2015-02-13,3.913,0.004879
2015-02-16,3.935,0.005622
2015-02-17,3.939,0.001017
2015-02-25,3.923,-0.004062
2015-02-26,3.935,0.003059
2015-02-27,3.946,0.002795
2015-03-02,3.966,0.005068
2015-03-03,3.946,-0.005043
2015-03-04,3.962,0.004055
2015-03-05,3.959,-0.000757
2015-03-06,3.939,-0.005052
2015-03-09,3.969,0.007616
2015-03-10,3.978,0.002268
2015-03-11,3.981,0.000754
2015-03-12,3.991,0.002512
2015-03-13,4.007,0.004009
2015-03-16,4.041,0.008485
2015-03-17,4.045,0.00099
2015-03-18,4.067,0.005439
2015-03-19,4.073,0.001475
2015-03-20,4.088,0.003683
2015-03-23,4.128,0.009785
2015-03-24,4.141,0.003149
2015-03-25,4.148,0.00169
2015-03-26,4.132,-0.003857
2015-03-27,4.142,0.00242
2015-03-30,4.168,0.006277
2015-03-31,4.174,0.00144
2015-04-01,4.201,0.006469
2015-04-02,4.23,0.006903
2015-04-03,4.253,0.005437
2015-04-07,4.285,0.007524
2015-04-08,4.28,-0.001167
2015-04-09,4.266,-0.003271
2015-04-10,4.294,0.006564
2015-04-13,4.307,0.003027
2015-04-14,4.292,-0.003483
2015-04-15,4.24,-0.012116
2015-04-16,4.263,0.005425
2015-04-17,4.264,0.000235
2015-04-20,4.234,-0.007036
2015-04-21,4.28,0.010864
2015-04-22,4.317,0.008645
2015-04-23,4.309,-0.001853
2015-04-24,4.317,0.001857
2015-04-27,4.331,0.003243
2015-04-28,4.296,-0.008081
2015-04-29,4.329,0.007682
2015-04-30,4.332,0.000693
2015-05-04,4.333,0.000231
2015-05-05,4.292,-0.009462
2015-05-06,4.297,0.001165
2015-05-07,4.28,-0.003956
2015-05-08,4.321,0.009579
2015-05-11,4.377,0.01296
2015-05-12,4.399,0.005026
2015-05-13,4.415,0.003637
2015-05-14,4.411,-0.000906
2015-05-15,4.396,-0.003401
2015-05-18,4.422,0.005914
2015-05-19,4.461,0.00882
2015-05-20,4.492,0.006949
2015-05-21,4.572,0.017809
2015-05-22,4.589,0.003718
2015-05-25,4.595,0.001307
2015-05-26,4.646,0.011099
2015-05-27,4.661,0.003229
2015-05-28,4.542,-0.025531
2015-05-29,4.561,0.004183
2015-06-01,4.66,0.021706
2015-06-02,4.725,0.013948
2015-06-03,4.726,0.000212
2015-06-04,4.706,-0.004232
2015-06-05,4.707,0.000212
2015-06-08,4.686,-0.004461
2015-06-09,4.676,-0.002134
2015-06-10,4.734,0.012404
2015-06-11,4.741,0.001479
2015-06-12,4.776,0.007382
2015-06-15,4.725,-0.010678
2015-06-16,4.657,-0.014392
2015-06-17,4.683,0.005583
2015-06-18,4.596,-0.018578
2015-06-19,4.504,-0.020017
2015-06-23,4.529,0.005551
2015-06-24,4.544,0.003312
2015-06-25,4.475,-0.015185
2015-06-26,4.331,-0.032179
2015-06-29,4.229,-0.023551
2015-06-30,4.328,0.02341
2015-07-01,4.27,-0.013401
2015-07-02,4.196,-0.01733
2015-07-03,4.143,-0.012631
2015-07-06,4.16,0.004103
2015-07-07,4.068,-0.022115
2015-07-08,4.011,-0.014012
2015-07-09,4.057,0.011468
2015-07-10,4.13,0.017994
2015-07-13,4.228,0.023729
2015-07-14,4.252,0.005676
2015-07-15,4.175,-0.018109
2015-07-16,4.214,0.009341
2015-07-17,4.274,0.014238
2015-07-20,4.284,0.00234
2015-07-21,4.307,0.005369
2015-07-22,4.316,0.00209
2015-07-23,4.361,0.010426
2015-07-24,4.334,-0.006191
2015-07-27,4.222,-0.025842
2015-07-28,4.214,-0.001895
2015-07-29,4.279,0.015425
2015-07-30,4.22,-0.013788
2015-07-31,4.207,-0.003081
2015-08-03,4.195,-0.002852
2015-08-04,4.256,0.014541
2015-08-05,4.212,-0.010338
2015-08-06,4.192,-0.004748
2015-08-07,4.235,0.010258
2015-08-10,4.307,0.017001
2015-08-11,4.31,0.000697
2015-08-12,4.283,-0.006265
2015-08-13,4.317,0.007938
2015-08-14,4.336,0.004401
2015-08-17,4.376,0.009225
2015-08-18,4.253,-0.028108
2015-08-19,4.28,0.006348
2015-08-20,4.235,-0.010514
2015-08-21,4.148,-0.020543
2015-08-24,4.014,-0.032305
2015-08-25,3.92,-0.023418
2015-08-26,3.883,-0.009439
2015-08-27,3.926,0.011074
2015-08-28,3.999,0.018594
2015-08-31,3.964,-0.008752
2015-09-01,3.907,-0.014379
2015-09-02,3.897,-0.00256
2015-09-07,3.895,-0.000513
2015-09-08,3.943,0.012323
2015-09-09,3.987,0.011159
2015-09-10,3.956,-0.007775
2015-09-11,3.96,0.001011
2015-09-14,3.886,-0.018687
2015-09-15,3.821,-0.016727
2015-09-16,3.902,0.021199
2015-09-17,3.878,-0.006151
2015-09-18,3.903,0.006447
2015-09-21,3.952,0.012554
2015-09-22,3.968,0.004049
2015-09-23,3.959,-0.002268
2015-09-24,3.969,0.002526
2015-09-25,3.921,-0.012094
2015-09-28,3.957,0.009181
2015-09-29,3.953,-0.001011
2015-09-30,3.959,0.001518
2015-10-08,4.0,0.010356
2015-10-09,4.024,0.006
2015-10-12,4.079,0.013668
2015-10-13,4.095,0.003923
2015-10-14,4.074,-0.005128
2015-10-15,4.119,0.011046
2015-10-16,4.141,0.005341
2015-10-19,4.155,0.003381
2015-10-20,4.186,0.007461
2015-10-21,4.098,-0.021022
2015-10-22,4.155,0.013909
2015-10-23,4.195,0.009627
2015-10-26,4.223,0.006675
2015-10-27,4.233,0.002368
2015-10-28,4.187,-0.010867
2015-10-29,4.188,0.000239
2015-10-30,4.205,0.004059
2015-11-02,4.161,-0.010464
2015-11-03,4.164,0.000721
2015-11-04,4.255,0.021854
2015-11-05,4.274,0.004465
2015-11-06,4.332,0.01357
2015-11-09,4.348,0.003693
2015-11-10,4.355,0.00161
2015-11-11,4.378,0.005281
2015-11-12,4.365,-0.002969
2015-11-13,4.339,-0.005956
2015-11-16,4.368,0.006684
2015-11-17,4.364,-0.000916
2015-11-18,4.323,-0.009395
2015-11-19,4.371,0.011103
2015-11-20,4.395,0.005491
2015-11-23,4.384,-0.002503
2015-11-24,4.398,0.003193
2015-11-25,4.437,0.008868
2015-11-26,4.424,-0.00293
2015-11-27,4.318,-0.02396
2015-11-30,4.329,0.002547
2015-12-01,4.326,-0.000693
2015-12-02,4.323,-0.000693
2015-12-03,4.37,0.010872
2015-12-04,4.352,-0.004119
2015-12-07,4.363,0.002528
2015-12-08,4.344,-0.004355
2015-12-09,4.34,-0.000921
2015-12-10,4.338,-0.000461
2015-12-11,4.314,-0.005533
2015-12-14,4.339,0.005795
2015-12-15,4.37,0.007145
2015-12-16,4.383,0.002975
2015-12-17,4.436,0.012092
2015-12-18,4.423,-0.002931
2015-12-21,4.45,0.006104
2015-12-22,4.465,0.003371
2015-12-23,4.444,-0.004703
2015-12-24,4.434,-0.00225
2015-12-25,4.45,0.003608
2015-12-28,4.408,-0.009438
2015-12-29,4.428,0.004537
2015-12-30,4.441,0.002936
2015-12-31,4.431,-0.002252
2016-01-04,4.283,-0.033401
2016-01-05,4.244,-0.009106
2016-01-06,4.285,0.009661
2016-01-07,4.154,-0.030572
2016-01-08,4.159,0.001204
2016-01-11,4.062,-0.023323
2016-01-12,4.065,0.000739
2016-01-13,4.015,-0.0123
2016-01-14,4.055,0.009963
2016-01-15,4.009,-0.011344
2016-01-18,4.036,0.006735
2016-01-19,4.082,0.011397
2016-01-20,4.061,-0.005145
2016-01-21,3.989,-0.01773
2016-01-22,4.003,0.00351
2016-01-25,4.012,0.002248
2016-01-26,3.964,-0.011964
2016-01-27,3.962,-0.000505
2016-01-28,3.915,-0.011863
2016-01-29,3.945,0.007663
2016-02-01,3.942,-0.00076
2016-02-02,3.983,0.010401
2016-02-03,3.992,0.00226
2016-02-04,4.015,0.005762
2016-02-05,4.005,-0.002491
2016-02-15,4.018,0.003246
2016-02-16,4.056,0.009457
2016-02-17,4.068,0.002959
2016-02-18,4.064,-0.000983
2016-02-19,4.067,0.000738
2016-02-22,4.086,0.004672
2016-02-23,4.073,-0.003182
2016-02-24,4.056,-0.004174
2016-02-25,3.982,-0.018245
2016-02-26,3.97,-0.003014
2016-02-29,3.918,-0.013098
2016-03-01,3.935,0.004339
2016-03-02,3.971,0.009149
2016-03-03,3.97,-0.000252
2016-03-04,3.936,-0.008564
2016-03-07,3.952,0.004065
2016-03-08,3.957,0.001265
2016-03-09,3.94,-0.004296
2016-03-10,3.925,-0.003807
2016-03-11,3.92,-0.001274
2016-03-14,3.954,0.008673
2016-03-15,3.948,-0.001517
2016-03-16,3.937,-0.002786
2016-03-17,3.976,0.009906
2016-03-18,4.02,0.011066
2016-03-21,4.046,0.006468
2016-03-22,4.041,-0.001236
2016-03-23,4.051,0.002475
2016-03-24,4.047,-0.000987
2016-03-25,4.056,0.002224
2016-03-28,4.05,-0.001479
2016-03-29,4.029,-0.005185
2016-03-30,4.064,0.008687
2016-03-31,4.068,0.000984
2016-04-01,4.06,-0.001967
2016-04-05,4.084,0.005911
2016-04-06,4.088,0.000979
2016-04-07,4.069,-0.004648
2016-04-08,4.056,-0.003195
2016-04-11,4.078,0.005424
2016-04-12,4.075,-0.000736
2016-04-13,4.095,0.004908
2016-04-14,4.101,0.001465
2016-04-15,4.103,0.000488
2016-04-18,4.086,-0.004143
2016-04-19,4.089,0.000734
2016-04-20,4.049,-0.009782
2016-04-21,4.039,-0.00247
2016-04-22,4.047,0.001981
2016-04-25,4.04,-0.00173
2016-04-26,4.051,0.002723
2016-04-27,4.052,0.000247
2016-04-28,4.051,-0.000247
2016-04-29,4.046,-0.001234
2016-05-03,4.071,0.006179
2016-05-04,4.076,0.001228
2016-05-05,4.088,0.002944
2016-05-06,4.059,-0.007094
2016-05-09,4.024,-0.008623
2016-05-10,4.017,-0.00174
2016-05-11,4.008,-0.00224
2016-05-12,4.022,0.003493
2016-05-13,4.019,-0.000746
2016-05-16,4.036,0.00423
2016-05-17,4.029,-0.001734
2016-05-18,4.011,-0.004468
2016-05-19,4.019,0.001995
2016-05-20,4.03,0.002737
2016-05-23,4.05,0.004963
2016-05-24,4.046,-0.000988
2016-05-25,4.041,-0.001236
2016-05-26,4.043,0.000495
2016-05-27,4.044,0.000247
2016-05-30,4.046,0.000495
2016-05-31,4.083,0.009145
2016-06-01,4.097,0.003429
2016-06-02,4.109,0.002929
2016-06-03,4.117,0.001947
2016-06-06,4.125,0.001943
2016-06-07,4.123,-0.000485
2016-06-08,4.112,-0.002668
2016-06-13,4.069,-0.010457
2016-06-14,4.071,0.000492
2016-06-15,4.109,0.009334
2016-06-16,4.101,-0.001947
2016-06-17,4.101,0.0
2016-06-20,4.113,0.002926
2016-06-21,4.113,0.0
2016-06-22,4.124,0.002674
2016-06-23,4.118,-0.001455
2016-06-24,4.111,-0.0017
2016-06-27,4.134,0.005595
2016-06-28,4.15,0.00387
2016-06-29,4.154,0.000964
2016-06-30,4.15,-0.000963
2016-07-01,4.144,-0.001446
2016-07-04,4.162,0.004344
2016-07-05,4.161,-0.00024
2016-07-06,4.157,-0.000961
2016-07-07,4.164,0.001684
2016-07-08,4.167,0.00072
2016-07-11,4.173,0.00144
2016-07-12,4.177,0.000959
2016-07-13,4.19,0.003112
2016-07-14,4.197,0.001671
2016-07-15,4.185,-0.002859
2016-07-18,4.175,-0.002389
2016-07-19,4.187,0.002874
2016-07-20,4.189,0.000478
2016-07-21,4.193,0.000955
2016-07-22,4.184,-0.002146
2016-07-25,4.183,-0.000239
2016-07-26,4.197,0.003347
2016-07-27,4.152,-0.010722
2016-07-28,4.144,-0.001927
2016-07-29,4.138,-0.001448
2016-08-01,4.128,-0.002417
2016-08-02,4.136,0.001938
2016-08-03,4.134,-0.000484
2016-08-04,4.146,0.002903
2016-08-05,4.137,-0.002171
2016-08-08,4.147,0.002417
2016-08-09,4.157,0.002411
2016-08-10,4.158,0.000241
2016-08-11,4.138,-0.00481
2016-08-12,4.146,0.001933
2016-08-15,4.173,0.006512
2016-08-16,4.178,0.001198
2016-08-17,4.188,0.002393
2016-08-18,4.183,-0.001194
2016-08-19,4.18,-0.000717
2016-08-22,4.168,-0.002871
2016-08-23,4.17,0.00048
2016-08-24,4.176,0.001439
2016-08-25,4.165,-0.002634
2016-08-26,4.165,0.0
2016-08-29,4.166,0.00024
2016-08-30,4.168,0.00048
2016-08-31,4.163,-0.0012
2016-09-01,4.151,-0.002883
2016-09-02,4.145,-0.001445
2016-09-05,4.151,0.001448
2016-09-06,4.162,0.00265
2016-09-07,4.16,-0.000481
2016-09-08,4.165,0.001202
2016-09-09,4.154,-0.002641
2016-09-12,4.125,-0.006981
2016-09-13,4.128,0.000727
2016-09-14,4.13,0.000484
2016-09-19,4.139,0.002179
2016-09-20,4.136,-0.000725
2016-09-21,4.141,0.001209
2016-09-22,4.141,0.0
2016-09-23,4.142,0.000241
2016-09-26,4.125,-0.004104
2016-09-27,4.13,0.001212
2016-09-28,4.134,0.000969
2016-09-29,4.135,0.000242
2016-09-30,4.136,0.000242
2016-10-10,4.149,0.003143
2016-10-11,4.153,0.000964
2016-10-12,4.152,-0.000241
2016-10-13,4.152,0.0
2016-10-14,4.151,-0.000241
2016-10-17,4.143,-0.001927
2016-10-18,4.156,0.003138
2016-10-19,4.161,0.001203
2016-10-20,4.164,0.000721
2016-10-21,4.16,-0.000961
2016-10-24,4.17,0.002404
2016-10-25,4.169,-0.00024
2016-10-26,4.166,-0.00072
2016-10-27,4.169,0.00072
2016-10-28,4.159,-0.002399
2016-10-31,4.166,0.001683
2016-11-01,4.171,0.0012
2016-11-02,4.165,-0.001439
2016-11-03,4.172,0.001681
2016-11-04,4.173,0.00024
2016-11-07,4.177,0.000959
2016-11-08,4.175,-0.000479
2016-11-09,4.173,-0.000479
2016-11-10,4.184,0.002636
2016-11-11,4.198,0.003346
2016-11-14,4.2,0.000476
2016-11-15,4.2,0.0
2016-11-16,4.203,0.000714
2016-11-17,4.199,-0.000952
2016-11-18,4.194,-0.001191
2016-11-21,4.198,0.000954
2016-11-22,4.206,0.001906
2016-11-23,4.203,-0.000713
2016-11-24,4.199,-0.000952
2016-11-25,4.201,0.000476
2016-11-28,4.204,0.000714
2016-11-29,4.19,-0.00333
2016-11-30,4.179,-0.002625
2016-12-01,4.19,0.002632
2016-12-02,4.17,-0.004773
2016-12-05,4.166,-0.000959
2016-12-06,4.168,0.00048
2016-12-07,4.178,0.002399
2016-12-08,4.178,0.0
2016-12-09,4.173,-0.001197
2016-12-12,4.129,-0.010544
2016-12-13,4.12,-0.00218
2016-12-14,4.113,-0.001699
2016-12-15,4.123,0.002431
2016-12-16,4.134,0.002668
2016-12-19,4.13,-0.000968
2016-12-20,4.133,0.000726
2016-12-21,4.137,0.000968
2016-12-22,4.129,-0.001934
2016-12-23,4.121,-0.001938
2016-12-26,4.124,0.000728
2016-12-27,4.125,0.000242
2016-12-28,4.122,-0.000727
2016-12-29,4.118,-0.00097
2016-12-30,4.119,0.000243
2016-12-31,4.119,0.0
2017-01-03,4.127,0.001942
2017-01-04,4.136,0.002181
2017-01-05,4.132,-0.000967
2017-01-06,4.122,-0.00242
2017-01-09,4.126,0.00097
2017-01-10,4.123,-0.000727
2017-01-11,4.118,-0.001213
2017-01-12,4.118,0.0
2017-01-13,4.11,-0.001943
2017-01-16,4.081,-0.007056
2017-01-17,4.091,0.00245
2017-01-18,4.086,-0.001222
2017-01-19,4.078,-0.001958
2017-01-20,4.09,0.002943
2017-01-23,4.095,0.001222
2017-01-24,4.091,-0.000977
2017-01-25,4.095,0.000978
2017-01-26,4.107,0.00293
2017-02-03,4.103,-0.000974
2017-02-06,4.11,0.001706
2017-02-07,4.111,0.000243
2017-02-08,4.118,0.001703
2017-02-09,4.124,0.001457
2017-02-10,4.122,-0.000485
2017-02-13,4.129,0.001698
2017-02-14,4.129,0.0
2017-02-15,4.117,-0.002906
2017-02-16,4.125,0.001943
2017-02-17,4.115,-0.002424
2017-02-20,4.119,0.000972
2017-02-21,4.129,0.002428
2017-02-22,4.133,0.000969
2017-02-23,4.136,0.000726
2017-02-24,4.138,0.000484
2017-02-27,4.131,-0.001692
2017-02-28,4.131,0.0
2017-03-01,4.136,0.00121
2017-03-02,4.134,-0.000484
2017-03-03,4.137,0.000726
2017-03-06,4.146,0.002175
2017-03-07,4.149,0.000724
2017-03-08,4.14,-0.002169
2017-03-09,4.132,-0.001932
2017-03-10,4.136,0.000968
2017-03-13,4.144,0.001934
2017-03-14,4.142,-0.000483
2017-03-15,4.142,0.0
2017-03-16,4.15,0.001931
2017-03-17,4.144,-0.001446
2017-03-20,4.147,0.000724
2017-03-21,4.141,-0.001447
2017-03-22,4.138,-0.000724
2017-03-23,4.141,0.000725
2017-03-24,4.143,0.000483
2017-03-27,4.141,-0.000483
2017-03-28,4.138,-0.000724
2017-03-29,4.137,-0.000242
2017-03-30,4.119,-0.004351
2017-03-31,4.119,0.0
2017-04-05,4.147,0.006798
2017-04-06,4.152,0.001206
2017-04-07,4.151,-0.000241
2017-04-10,4.141,-0.002409
2017-04-11,4.144,0.000724
2017-04-12,4.144,0.0
2017-04-13,4.148,0.000965
2017-04-14,4.136,-0.002893
2017-04-17,4.125,-0.00266
2017-04-18,4.117,-0.001939
2017-04-19,4.11,-0.0017
2017-04-20,4.107,-0.00073
2017-04-21,4.1,-0.001704
2017-04-24,4.082,-0.00439
2017-04-25,4.08,-0.00049
2017-04-26,4.08,0.0
2017-04-27,4.09,0.002451
2017-04-28,4.094,0.000978
2017-05-02,4.096,0.000489
2017-05-03,4.093,-0.000732
2017-05-04,4.089,-0.000977
2017-05-05,4.076,-0.003179
2017-05-08,4.066,-0.002453
2017-05-09,4.073,0.001722
2017-05-10,4.059,-0.003437
2017-05-11,4.059,0.0
2017-05-12,4.06,0.000246
2017-05-15,4.064,0.000985
2017-05-16,4.086,0.005413
2017-05-17,4.081,-0.001224
2017-05-18,4.076,-0.001225
2017-05-19,4.07,-0.001472
2017-05-22,4.059,-0.002703
2017-05-23,4.043,-0.003942
2017-05-24,4.048,0.001237
2017-05-25,4.052,0.000988
2017-05-26,4.052,0.0
2017-05-31,4.049,-0.00074
2017-06-01,4.03,-0.004693
2017-06-02,4.038,0.001985
2017-06-05,4.047,0.002229
2017-06-06,4.052,0.001235
2017-06-07,4.077,0.00617
2017-06-08,4.077,0.0
2017-06-09,4.082,0.001226
2017-06-12,4.074,-0.00196
2017-06-13,4.091,0.004173
2017-06-14,4.086,-0.001222
2017-06-15,4.095,0.002203
2017-06-16,4.091,-0.000977
2017-06-19,4.1,0.0022
2017-06-20,4.108,0.001951
2017-06-21,4.111,0.00073
2017-06-22,4.096,-0.003649
2017-06-23,4.1,0.000977
2017-06-26,4.115,0.003659
2017-06-27,4.113,-0.000486
2017-06-28,4.107,-0.001459
2017-06-29,4.111,0.000974
2017-06-30,4.115,0.000973
2017-07-03,4.12,0.001215
2017-07-04,4.12,0.0
2017-07-05,4.126,0.001456
2017-07-06,4.128,0.000485
2017-07-07,4.129,0.000242
2017-07-10,4.115,-0.003391
2017-07-11,4.105,-0.00243
2017-07-12,4.104,-0.000244
2017-07-13,4.103,-0.000244
2017-07-14,4.101,-0.000487
2017-07-17,4.07,-0.007559
2017-07-18,4.073,0.000737
2017-07-19,4.088,0.003683
2017-07-20,4.103,0.003669
2017-07-21,4.111,0.00195
2017-07-24,4.107,-0.000973
2017-07-25,4.098,-0.002191
2017-07-26,4.093,-0.00122
2017-07-27,4.094,0.000244
2017-07-28,4.106,0.002931
2017-07-31,4.116,0.002435
2017-08-01,4.124,0.001944
2017-08-02,4.121,-0.000727
2017-08-03,4.118,-0.000728
2017-08-04,4.109,-0.002186
2017-08-07,4.121,0.00292
2017-08-08,4.122,0.000243
2017-08-09,4.127,0.001213
2017-08-10,4.114,-0.00315
2017-08-11,4.084,-0.007292
2017-08-14,4.102,0.004407
2017-08-15,4.107,0.001219
2017-08-16,4.105,-0.000487
2017-08-17,4.11,0.001218
2017-08-18,4.101,-0.00219
2017-08-21,4.109,0.001951
2017-08-22,4.113,0.000973
2017-08-23,4.108,-0.001216
2017-08-24,4.101,-0.001704
2017-08-25,4.119,0.004389
2017-08-28,4.135,0.003884
2017-08-29,4.135,0.0
2017-08-30,4.141,0.001451
2017-08-31,4.145,0.000966
2017-09-01,4.164,0.004584
2017-09-04,4.166,0.00048
2017-09-05,4.178,0.00288
2017-09-06,4.184,0.001436
2017-09-07,4.173,-0.002629
2017-09-08,4.171,-0.000479
2017-09-11,4.189,0.004316
2017-09-12,4.182,-0.001671
2017-09-13,4.183,0.000239
2017-09-14,4.17,-0.003108
2017-09-15,4.166,-0.000959
2017-09-18,4.169,0.00072
2017-09-19,4.159,-0.002399
2017-09-20,4.161,0.000481
2017-09-21,4.151,-0.002403
2017-09-22,4.14,-0.00265
2017-09-25,4.137,-0.000725
2017-09-26,4.14,0.000725
2017-09-27,4.151,0.002657
2017-09-28,4.154,0.000723
2017-09-29,4.155,0.000241
2017-10-09,4.16,0.001203
2017-10-10,4.153,-0.001683
2017-10-11,4.148,-0.001204
2017-10-12,4.149,0.000241
2017-10-13,4.161,0.002892
2017-10-16,4.156,-0.001202
2017-10-17,4.152,-0.000962
2017-10-18,4.149,-0.000723
2017-10-19,4.145,-0.000964
2017-10-20,4.146,0.000241
2017-10-23,4.153,0.001688
2017-10-24,4.156,0.000722
2017-10-25,4.162,0.001444
2017-10-26,4.161,-0.00024
2017-10-27,4.16,-0.00024
2017-10-30,4.159,-0.00024
2017-10-31,4.161,0.000481
2017-11-01,4.156,-0.001202
2017-11-02,4.151,-0.001203
2017-11-03,4.141,-0.002409
2017-11-06,4.141,0.0
2017-11-07,4.157,0.003864
2017-11-08,4.155,-0.000481
2017-11-09,4.161,0.001444
2017-11-10,4.177,0.003845
2017-11-13,4.186,0.002155
2017-11-14,4.179,-0.001672
2017-11-15,4.166,-0.003111
2017-11-16,4.183,0.004081
2017-11-17,4.175,-0.001913
2017-11-20,4.193,0.004311
2017-11-21,4.2,0.001669
2017-11-22,4.194,-0.001429
2017-11-23,4.161,-0.007868
2017-11-24,4.156,-0.001202
2017-11-27,4.148,-0.001925
2017-11-28,4.172,0.005786
2017-11-29,4.183,0.002637
2017-11-30,4.174,-0.002152
2017-12-01,4.167,-0.001677
2017-12-04,4.175,0.00192
2017-12-05,4.162,-0.003114
2017-12-06,4.158,-0.000961
2017-12-07,4.146,-0.002886
2017-12-08,4.163,0.0041
2017-12-11,4.179,0.003843
2017-12-12,4.165,-0.00335
2017-12-13,4.175,0.002401
2017-12-14,4.173,-0.000479
2017-12-15,4.165,-0.001917
2017-12-18,4.161,-0.00096
2017-12-19,4.182,0.005047
2017-12-20,4.178,-0.000956
2017-12-21,4.195,0.004069
2017-12-22,4.191,-0.000954
2017-12-25,4.186,-0.001193
2017-12-26,4.187,0.000239
2017-12-27,4.172,-0.003583
2017-12-28,4.181,0.002157
2017-12-29,4.184,0.000718
2017-12-31,4.184,0.0
2018-01-02,4.211,0.006453
2018-01-03,4.216,0.001187
2018-01-04,4.221,0.001186
2018-01-05,4.213,-0.001895
2018-01-08,4.221,0.001899
2018-01-09,4.22,-0.000237
2018-01-10,4.209,-0.002607
2018-01-11,4.197,-0.002851
2018-01-12,4.203,0.00143
2018-01-15,4.192,-0.002617
2018-01-16,4.2,0.001908
2018-01-17,4.177,-0.005476
2018-01-18,4.187,0.002394
2018-01-19,4.182,-0.001194
2018-01-22,4.193,0.00263
2018-01-23,4.193,0.0
2018-01-24,4.19,-0.000715
2018-01-25,4.19,0.0
2018-01-26,4.192,0.000477
2018-01-29,4.178,-0.00334
2018-01-30,4.169,-0.002154
2018-01-31,4.171,0.00048
2018-02-01,4.166,-0.001199
2018-02-02,4.182,0.003841
2018-02-05,4.181,-0.000239
2018-02-06,4.148,-0.007893
2018-02-07,4.129,-0.004581
2018-02-08,4.129,0.0
2018-02-09,4.088,-0.00993
2018-02-12,4.113,0.006115
2018-02-13,4.124,0.002674
2018-02-14,4.134,0.002425
2018-02-22,4.164,0.007257
2018-02-23,4.174,0.002402
2018-02-26,4.192,0.004312
2018-02-27,4.178,-0.00334
2018-02-28,4.177,-0.000239
2018-03-01,4.182,0.001197
2018-03-02,4.171,-0.00263
2018-03-05,4.168,-0.000719
2018-03-06,4.181,0.003119
2018-03-07,4.172,-0.002153
2018-03-08,4.178,0.001438
2018-03-09,4.189,0.002633
2018-03-12,4.194,0.001194
2018-03-13,4.186,-0.001907
2018-03-14,4.186,0.0
2018-03-15,4.193,0.001672
2018-03-16,4.184,-0.002146
2018-03-19,4.183,-0.000239
2018-03-20,4.181,-0.000478
2018-03-21,4.173,-0.001913
2018-03-22,4.16,-0.003115
2018-03-23,4.118,-0.010096
2018-03-26,4.127,0.002186
2018-03-27,4.144,0.004119
2018-03-28,4.135,-0.002172
2018-03-29,4.141,0.001451
2018-03-30,4.153,0.002898
2018-04-02,4.15,-0.000722
2018-04-03,4.144,-0.001446
2018-04-04,4.134,-0.002413
2018-04-09,4.138,0.000968
2018-04-10,4.15,0.0029
2018-04-11,4.155,0.001205
2018-04-12,4.143,-0.002888
2018-04-13,4.144,0.000241
2018-04-16,4.145,0.000241
2018-04-17,4.125,-0.004825
2018-04-18,4.145,0.004848
2018-04-19,4.147,0.000483
2018-04-20,4.134,-0.003135
2018-04-23,4.112,-0.005322
2018-04-24,4.14,0.006809
2018-04-25,4.144,0.000966
2018-04-26,4.131,-0.003137
2018-04-27,4.128,-0.000726
2018-05-02,4.128,0.0
2018-05-03,4.136,0.001938
2018-05-04,4.132,-0.000967
2018-05-07,4.145,0.003146
2018-05-08,4.147,0.000483
2018-05-09,4.145,-0.000482
2018-05-10,4.142,-0.000724
2018-05-11,4.137,-0.001207
2018-05-14,4.135,-0.000483
2018-05-15,4.145,0.002418
2018-05-16,4.14,-0.001206
2018-05-17,4.137,-0.000725
2018-05-18,4.143,0.00145
2018-05-21,4.15,0.00169
2018-05-22,4.151,0.000241
2018-05-23,4.138,-0.003132
2018-05-24,4.13,-0.001933
2018-05-25,4.123,-0.001695
2018-05-28,4.118,-0.001213
2018-05-29,4.114,-0.000971
2018-05-30,4.093,-0.005105
2018-05-31,4.106,0.003176
2018-06-01,4.103,-0.000731
2018-06-04,4.115,0.002925
2018-06-05,4.134,0.004617
2018-06-06,4.139,0.001209
2018-06-07,4.143,0.000966
2018-06-08,4.134,-0.002172
2018-06-11,4.135,0.000242
2018-06-12,4.139,0.000967
2018-06-13,4.132,-0.001691
2018-06-14,4.125,-0.001694
2018-06-15,4.117,-0.001939
2018-06-19,4.089,-0.006801
2018-06-20,4.094,0.001223
2018-06-21,4.086,-0.001954
2018-06-22,4.094,0.001958
2018-06-25,4.083,-0.002687
2018-06-26,4.076,-0.001714
2018-06-27,4.059,-0.004171
2018-06-28,4.05,-0.002217
2018-06-29,4.078,0.006914
2018-06-30,4.078,0.0
2018-07-02,4.063,-0.003678
2018-07-03,4.068,0.001231
2018-07-04,4.059,-0.002212
2018-07-05,4.047,-0.002956
2018-07-06,4.048,0.000247
2018-07-09,4.068,0.004941
2018-07-10,4.073,0.001229
2018-07-11,4.062,-0.002701
2018-07-12,4.074,0.002954
2018-07-13,4.081,0.001718
2018-07-16,4.079,-0.00049
2018-07-17,4.08,0.000245
2018-07-18,4.074,-0.001471
2018-07-19,4.069,-0.001227
2018-07-20,4.08,0.002703
2018-07-23,4.094,0.003431
2018-07-24,4.104,0.002443
2018-07-25,4.104,0.0
2018-07-26,4.097,-0.001706
2018-07-27,4.091,-0.001464
2018-07-30,4.088,-0.000733
2018-07-31,4.089,0.000245
2018-08-01,4.072,-0.004157
2018-08-02,4.06,-0.002947
2018-08-03,4.047,-0.003202
2018-08-06,4.033,-0.003459
2018-08-07,4.052,0.004711
2018-08-08,4.041,-0.002715
2018-08-09,4.058,0.004207
2018-08-10,4.06,0.000493
2018-08-13,4.065,0.001232
2018-08-14,4.06,-0.00123
2018-08-15,4.045,-0.003695
2018-08-16,4.039,-0.001483
2018-08-17,4.028,-0.002723
2018-08-20,4.036,0.001986
2018-08-21,4.044,0.001982
2018-08-22,4.039,-0.001236
2018-08-23,4.045,0.001486
2018-08-24,4.042,-0.000742
2018-08-27,4.067,0.006185
2018-08-28,4.068,0.000246
2018-08-29,4.064,-0.000983
2018-08-30,4.052,-0.002953
2018-08-31,4.047,-0.001234
2018-09-03,4.048,0.000247
2018-09-04,4.056,0.001976
2018-09-05,4.044,-0.002959
2018-09-06,4.038,-0.001484
2018-09-07,4.038,0.0
2018-09-10,4.023,-0.003715
2018-09-11,4.017,-0.001491
2018-09-12,4.012,-0.001245
2018-09-13,4.023,0.002742
2018-09-14,4.013,-0.002486
2018-09-17,4.003,-0.002492
2018-09-18,4.019,0.003997
2018-09-19,4.027,0.001991
2018-09-20,4.028,0.000248
2018-09-21,4.049,0.005214
2018-09-25,4.039,-0.00247
2018-09-26,4.046,0.001733
2018-09-27,4.038,-0.001977
2018-09-28,4.041,0.000743
2018-10-08,4.009,-0.007919
2018-10-09,4.008,-0.000249
2018-10-10,4.006,-0.000499
2018-10-11,3.968,-0.009486
2018-10-12,3.977,0.002268
2018-10-15,3.969,-0.002012
2018-10-16,3.954,-0.003779
2018-10-17,3.958,0.001012
2018-10-18,3.943,-0.00379
2018-10-19,3.959,0.004058
2018-10-22,3.986,0.00682
2018-10-23,3.97,-0.004014
2018-10-24,3.971,0.000252
2018-10-25,3.971,0.0
2018-10-26,3.971,0.0
2018-10-29,3.958,-0.003274
2018-10-30,3.962,0.001011
2018-10-31,3.974,0.003029
2018-11-01,3.981,0.001761
2018-11-02,4.007,0.006531
2018-11-05,4.004,-0.000749
2018-11-06,4.005,0.00025
2018-11-07,4.001,-0.000999
2018-11-08,3.991,-0.002499
2018-11-09,3.988,-0.000752
2018-11-12,4.001,0.00326
2018-11-13,4.006,0.00125
2018-11-14,4.0,-0.001498
2018-11-15,4.014,0.0035
2018-11-16,4.022,0.001993
2018-11-19,4.028,0.001492
2018-11-20,4.007,-0.005214
2018-11-21,4.006,-0.00025
2018-11-22,4.004,-0.000499
2018-11-23,3.987,-0.004246
2018-11-26,3.988,0.000251
2018-11-27,3.992,0.001003
2018-11-28,4.0,0.002004
2018-11-29,3.99,-0.0025
2018-11-30,3.997,0.001754
2018-12-03,4.019,0.005504
2018-12-04,4.02,0.000249
2018-12-05,4.017,-0.000746
2018-12-06,3.999,-0.004481
2018-12-07,3.997,-0.0005
2018-12-10,3.992,-0.001251
2018-12-11,3.995,0.000752
2018-12-12,3.996,0.00025
2018-12-13,4.008,0.003003
2018-12-14,3.995,-0.003244
2018-12-17,3.988,-0.001752
2018-12-18,3.983,-0.001254
2018-12-19,3.973,-0.002511
2018-12-20,3.973,0.0
2018-12-21,3.966,-0.001762
2018-12-24,3.974,0.002017
2018-12-25,3.972,-0.000503
2018-12-26,3.969,-0.000755
2018-12-27,3.964,-0.00126
2018-12-28,3.966,0.000505
2018-12-31,3.966,0.0
2019-01-02,3.961,-0.001261
2019-01-03,3.957,-0.00101
2019-01-04,3.975,0.004549
2019-01-07,3.991,0.004025
2019-01-08,3.99,-0.000251
2019-01-09,3.993,0.000752
2019-01-10,3.991,-0.000501
2019-01-11,3.998,0.001754
2019-01-14,3.993,-0.001251
2019-01-15,4.008,0.003757
2019-01-16,4.006,-0.000499
2019-01-17,4.003,-0.000749
2019-01-18,4.012,0.002248
2019-01-21,4.015,0.000748
2019-01-22,4.003,-0.002989
2019-01-23,4.008,0.001249
2019-01-24,4.009,0.00025
2019-01-25,4.015,0.001497
2019-01-28,4.018,0.000747
2019-01-29,4.021,0.000747
2019-01-30,4.013,-0.00199
2019-01-31,4.018,0.001246
2019-02-01,4.031,0.003235
2019-02-11,4.05,0.004713
2019-02-12,4.055,0.001235
2019-02-13,4.073,0.004439
2019-02-14,4.075,0.000491
2019-02-15,4.068,-0.001718
2019-02-18,4.096,0.006883
2019-02-19,4.096,0.0
2019-02-20,4.1,0.000977
2019-02-21,4.104,0.000976
2019-02-22,4.132,0.006823
2019-02-25,4.174,0.010165
2019-02-26,4.169,-0.001198
2019-02-27,4.157,-0.002878
2019-02-28,4.157,0.0
2019-03-01,4.177,0.004811
2019-03-04,4.199,0.005267
2019-03-05,4.216,0.004049
2019-03-06,4.226,0.002372
2019-03-07,4.215,-0.002603
2019-03-08,4.187,-0.006643
2019-03-11,4.211,0.005732
2019-03-12,4.234,0.005462
2019-03-13,4.196,-0.008975
2019-03-14,4.177,-0.004528
2019-03-15,4.194,0.00407
2019-03-18,4.228,0.008107
2019-03-19,4.231,0.00071
2019-03-20,4.22,-0.0026
2019-03-21,4.222,0.000474
2019-03-22,4.217,-0.001184
2019-03-25,4.197,-0.004743
2019-03-26,4.184,-0.003097
2019-03-27,4.197,0.003107
2019-03-28,4.211,0.003336
2019-03-29,4.253,0.009974
2019-04-01,4.295,0.009875
2019-04-02,4.288,-0.00163
2019-04-03,4.305,0.003965
2019-04-04,4.318,0.00302
2019-04-08,4.315,-0.000695
2019-04-09,4.312,-0.000695
2019-04-10,4.313,0.000232
2019-04-11,4.292,-0.004869
2019-04-12,4.292,0.0
2019-04-15,4.285,-0.001631
2019-04-16,4.306,0.004901
2019-04-17,4.316,0.002322
2019-04-18,4.312,-0.000927
2019-04-19,4.328,0.003711
2019-04-22,4.326,-0.000462
2019-04-23,4.327,0.000231
2019-04-24,4.341,0.003235
2019-04-25,4.328,-0.002995
2019-04-26,4.317,-0.002542
2019-04-29,4.32,0.000695
2019-04-30,4.331,0.002546
2019-05-06,4.26,-0.016393
2019-05-07,4.269,0.002113
2019-05-08,4.24,-0.006793
2019-05-09,4.231,-0.002123
2019-05-10,4.286,0.012999
2019-05-13,4.272,-0.003266
2019-05-14,4.265,-0.001639
2019-05-15,4.294,0.0068
2019-05-16,4.303,0.002096
2019-05-17,4.274,-0.006739
2019-05-20,4.247,-0.006317
2019-05-21,4.271,0.005651
2019-05-22,4.269,-0.000468
2019-05-23,4.243,-0.00609
2019-05-24,4.236,-0.00165
2019-05-27,4.262,0.006138
2019-05-28,4.285,0.005397
2019-05-29,4.285,0.0
2019-05-30,4.288,0.0007
2019-05-31,4.291,0.0007
2019-06-03,4.288,-0.000699
2019-06-04,4.273,-0.003498
2019-06-05,4.262,-0.002574
2019-06-06,4.239,-0.005397
2019-06-10,4.257,0.004246
2019-06-11,4.299,0.009866
2019-06-12,4.285,-0.003257
2019-06-13,4.292,0.001634
2019-06-14,4.276,-0.003728
2019-06-17,4.274,-0.000468
2019-06-18,4.29,0.003744
2019-06-19,4.302,0.002797
2019-06-20,4.328,0.006044
2019-06-21,4.32,-0.001848
2019-06-24,4.325,0.001157
2019-06-25,4.314,-0.002543
2019-06-26,4.319,0.001159
2019-06-27,4.334,0.003473
2019-06-28,4.336,0.000461
2019-06-30,4.336,0.0
2019-07-01,4.373,0.008533
2019-07-02,4.381,0.001829
2019-07-03,4.354,-0.006163
2019-07-04,4.336,-0.004134
2019-07-05,4.355,0.004382
2019-07-08,4.339,-0.003674
2019-07-09,4.345,0.001383
2019-07-10,4.341,-0.000921
2019-07-11,4.341,0.0
2019-07-12,4.351,0.002304
2019-07-15,4.36,0.002068
2019-07-16,4.349,-0.002523
2019-07-17,4.355,0.00138
2019-07-18,4.342,-0.002985
2019-07-19,4.353,0.002533
2019-07-22,4.355,0.000459
2019-07-23,4.356,0.00023
2019-07-24,4.364,0.001837
2019-07-25,4.376,0.00275
2019-07-26,4.378,0.000457
2019-07-29,4.384,0.00137
2019-07-30,4.386,0.000456
2019-07-31,4.375,-0.002508
2019-08-01,4.372,-0.000686
2019-08-02,4.365,-0.001601
2019-08-05,4.35,-0.003436
2019-08-06,4.344,-0.001379
2019-08-07,4.342,-0.00046
2019-08-08,4.36,0.004146
2019-08-09,4.345,-0.00344
2019-08-12,4.365,0.004603
2019-08-13,4.355,-0.002291
2019-08-14,4.361,0.001378
2019-08-15,4.363,0.000459
2019-08-16,4.371,0.001834
2019-08-19,4.387,0.00366
2019-08-20,4.382,-0.00114
2019-08-21,4.38,-0.000456
2019-08-22,4.388,0.001826
2019-08-23,4.397,0.002051
2019-08-26,4.387,-0.002274
2019-08-27,4.409,0.005015
2019-08-28,4.415,0.001361
2019-08-29,4.41,-0.001133
2019-08-30,4.406,-0.000907
2019-09-02,4.412,0.001362
2019-09-03,4.412,0.0
2019-09-04,4.411,-0.000227
2019-09-05,4.423,0.00272
2019-09-06,4.42,-0.000678
2019-09-09,4.424,0.000905
2019-09-10,4.42,-0.000904
2019-09-11,4.401,-0.004299
2019-09-12,4.411,0.002272
2019-09-16,4.408,-0.00068
2019-09-17,4.396,-0.002722
2019-09-18,4.404,0.00182
2019-09-19,4.41,0.001362
2019-09-20,4.413,0.00068
2019-09-23,4.404,-0.002039
2019-09-24,4.406,0.000454
2019-09-25,4.405,-0.000227
2019-09-26,4.394,-0.002497
2019-09-27,4.404,0.002276
2019-09-30,4.4,-0.000908
2019-10-08,4.408,0.001818
2019-10-09,4.41,0.000454
2019-10-10,4.428,0.004082
2019-10-11,4.433,0.001129
2019-10-14,4.439,0.001353
2019-10-15,4.438,-0.000225
2019-10-16,4.435,-0.000676
2019-10-17,4.442,0.001578
2019-10-18,4.436,-0.001351
2019-10-21,4.437,0.000225
2019-10-22,4.447,0.002254
2019-10-23,4.44,-0.001574
2019-10-24,4.44,0.0
2019-10-25,4.454,0.003153
2019-10-28,4.46,0.001347
2019-10-29,4.464,0.000897
2019-10-30,4.465,0.000224
2019-10-31,4.456,-0.002016
2019-11-01,4.465,0.00202
2019-11-04,4.472,0.001568
2019-11-05,4.485,0.002907
2019-11-06,4.475,-0.00223
2019-11-07,4.477,0.000447
2019-11-08,4.473,-0.000893
2019-11-11,4.462,-0.002459
2019-11-12,4.468,0.001345
2019-11-13,4.47,0.000448
2019-11-14,4.475,0.001119
2019-11-15,4.464,-0.002458
2019-11-18,4.472,0.001792
2019-11-19,4.485,0.002907
2019-11-20,4.478,-0.001561
2019-11-21,4.472,-0.00134
2019-11-22,4.45,-0.004919
2019-11-25,4.44,-0.002247
2019-11-26,4.445,0.001126
2019-11-27,4.441,-0.0009
2019-11-28,4.44,-0.000225
2019-11-29,4.43,-0.002252
2019-12-02,4.429,-0.000226
2019-12-03,4.43,0.000226
2019-12-04,4.431,0.000226
2019-12-05,4.443,0.002708
2019-12-06,4.455,0.002701
2019-12-09,4.444,-0.002469
2019-12-10,4.445,0.000225
2019-12-11,4.442,-0.000675
2019-12-12,4.436,-0.001351
2019-12-13,4.454,0.004058
2019-12-16,4.453,-0.000225
2019-12-17,4.456,0.000674
2019-12-18,4.448,-0.001795
2019-12-19,4.447,-0.000225
2019-12-20,4.449,0.00045
2019-12-23,4.441,-0.001798
2019-12-24,4.444,0.000676
2019-12-25,4.441,-0.000675
2019-12-26,4.448,0.001576
2019-12-27,4.453,0.001124
2019-12-30,4.459,0.001347
2019-12-31,4.468,0.002018
2020-01-02,4.474,0.001343
2020-01-03,4.468,-0.001341
2020-01-06,4.467,-0.000224
2020-01-07,4.484,0.003806
2020-01-08,4.475,-0.002007
2020-01-09,4.487,0.002682
2020-01-10,4.492,0.001114
2020-01-13,4.502,0.002226
2020-01-14,4.492,-0.002221
2020-01-15,4.491,-0.000223
2020-01-16,4.488,-0.000668
2020-01-17,4.485,-0.000668
2020-01-20,4.487,0.000446
2020-01-21,4.471,-0.003566
2020-01-22,4.476,0.001118
2020-01-23,4.446,-0.006702
2020-02-03,4.38,-0.014845
2020-02-04,4.415,0.007991
2020-02-05,4.42,0.001133
2020-02-06,4.44,0.004525
2020-02-07,4.446,0.001351
2020-02-10,4.459,0.002924
2020-02-11,4.473,0.00314
2020-02-12,4.477,0.000894
2020-02-13,4.465,-0.00268
2020-02-14,4.481,0.003583
2020-02-17,4.5,0.00424
2020-02-18,4.498,-0.000444
2020-02-19,4.502,0.000889
2020-02-20,4.516,0.00311
2020-02-21,4.517,0.000221
2020-02-24,4.523,0.001328
2020-02-25,4.534,0.002432
2020-02-26,4.516,-0.00397
2020-02-27,4.537,0.00465
2020-02-28,4.511,-0.005731
2020-03-02,4.529,0.00399
2020-03-03,4.536,0.001546
2020-03-04,4.548,0.002646
2020-03-05,4.574,0.005717
2020-03-06,4.566,-0.001749
2020-03-09,4.55,-0.003504
2020-03-10,4.555,0.001099
2020-03-11,4.547,-0.001756
2020-03-12,4.522,-0.005498
2020-03-13,4.519,-0.000663
2020-03-16,4.482,-0.008188
2020-03-17,4.475,-0.001562
2020-03-18,4.472,-0.00067
2020-03-19,4.464,-0.001789
2020-03-20,4.481,0.003808
2020-03-23,4.454,-0.006025
2020-03-24,4.485,0.00696
2020-03-25,4.511,0.005797
2020-03-26,4.516,0.001108
2020-03-27,4.513,-0.000664
2020-03-30,4.506,-0.001551
2020-03-31,4.535,0.006436
2020-04-01,4.534,-0.000221
2020-04-02,4.544,0.002206
2020-04-03,4.545,0.00022
2020-04-07,4.568,0.005061
2020-04-08,4.562,-0.001313
2020-04-09,4.574,0.00263
2020-04-10,4.563,-0.002405
2020-04-13,4.56,-0.000657
2020-04-14,4.577,0.003728
2020-04-15,4.573,-0.000874
2020-04-16,4.572,-0.000219
2020-04-17,4.581,0.001969
2020-04-20,4.594,0.002838
2020-04-21,4.582,-0.002612
2020-04-22,4.611,0.006329
2020-04-23,4.613,0.000434
2020-04-24,4.605,-0.001734
2020-04-27,4.619,0.00304
2020-04-28,4.632,0.002814
2020-04-29,4.625,-0.001511
2020-04-30,4.607,-0.003892
2020-05-06,4.62,0.002822
2020-05-07,4.63,0.002165
2020-05-08,4.64,0.00216
2020-05-11,4.623,-0.003664
2020-05-12,4.634,0.002379
2020-05-13,4.653,0.0041
2020-05-14,4.642,-0.002364
2020-05-15,4.644,0.000431
2020-05-18,4.653,0.001938
2020-05-19,4.661,0.001719
2020-05-20,4.648,-0.002789
2020-05-21,4.651,0.000645
2020-05-22,4.634,-0.003655
2020-05-25,4.647,0.002805
2020-05-26,4.661,0.003013
2020-05-27,4.651,-0.002145
2020-05-28,4.651,0.0
2020-05-29,4.671,0.0043
2020-06-01,4.691,0.004282
2020-06-02,4.682,-0.001919
2020-06-03,4.677,-0.001068
2020-06-04,4.682,0.001069
2020-06-05,4.68,-0.000427
2020-06-08,4.676,-0.000855
2020-06-09,4.685,0.001925
2020-06-10,4.692,0.001494
2020-06-11,4.676,-0.00341
2020-06-12,4.689,0.00278
2020-06-15,4.681,-0.001706
2020-06-16,4.702,0.004486
2020-06-17,4.703,0.000213
2020-06-18,4.706,0.000638
2020-06-19,4.728,0.004675
2020-06-22,4.721,-0.001481
2020-06-23,4.733,0.002542
2020-06-24,4.735,0.000423
2020-06-29,4.744,0.001901
2020-06-30,4.765,0.004427
2020-07-01,4.791,0.005456
2020-07-02,4.789,-0.000417
2020-07-03,4.795,0.001253
2020-07-06,4.82,0.005214
2020-07-07,4.836,0.00332
2020-07-08,4.84,0.000827
2020-07-09,4.849,0.00186
2020-07-10,4.859,0.002062
2020-07-13,4.878,0.00391
2020-07-14,4.876,-0.00041
2020-07-15,4.883,0.001436
2020-07-16,4.827,-0.011468
2020-07-17,4.856,0.006008
2020-07-20,4.863,0.001442
2020-07-21,4.873,0.002056
2020-07-22,4.884,0.002257
2020-07-23,4.899,0.003071
2020-07-24,4.848,-0.01041
2020-07-27,4.846,-0.000413
2020-07-28,4.876,0.006191
2020-07-29,4.902,0.005332
2020-07-30,4.904,0.000408
2020-07-31,4.918,0.002855
2020-08-03,4.927,0.00183
2020-08-04,4.911,-0.003247
2020-08-05,4.92,0.001833
2020-08-06,4.901,-0.003862
2020-08-07,4.893,-0.001632
2020-08-10,4.897,0.000817
2020-08-11,4.897,0.0
2020-08-12,4.874,-0.004697
2020-08-13,4.874,0.0
2020-08-14,4.893,0.003898
2020-08-17,4.901,0.001635
2020-08-18,4.918,0.003469
2020-08-19,4.904,-0.002847
2020-08-20,4.893,-0.002243
2020-08-21,4.912,0.003883
2020-08-24,4.922,0.002036
2020-08-25,4.934,0.002438
2020-08-26,4.919,-0.00304
2020-08-27,4.931,0.00244
2020-08-28,4.963,0.00649
2020-08-31,4.958,-0.001007
2020-09-01,4.968,0.002017
2020-09-02,4.981,0.002617
2020-09-03,4.97,-0.002208
2020-09-04,4.948,-0.004427
2020-09-07,4.899,-0.009903
2020-09-08,4.887,-0.002449
2020-09-09,4.848,-0.00798
2020-09-10,4.866,0.003713
2020-09-11,4.882,0.003288
2020-09-14,4.88,-0.00041
2020-09-15,4.899,0.003893
2020-09-16,4.885,-0.002858
2020-09-17,4.874,-0.002252
2020-09-18,4.886,0.002462
2020-09-21,4.867,-0.003889
2020-09-22,4.862,-0.001027
2020-09-23,4.883,0.004319
2020-09-24,4.858,-0.00512
2020-09-25,4.865,0.001441
2020-09-28,4.871,0.001233
2020-09-29,4.879,0.001642
2020-09-30,4.874,-0.001025
2020-10-09,4.884,0.002052
2020-10-12,4.916,0.006552
2020-10-13,4.929,0.002644
2020-10-14,4.92,-0.001826
2020-10-15,4.916,-0.000813
2020-10-16,4.912,-0.000814
2020-10-19,4.894,-0.003664
2020-10-20,4.911,0.003474
2020-10-21,4.907,-0.000814
2020-10-22,4.903,-0.000815
2020-10-23,4.866,-0.007546
2020-10-26,4.857,-0.00185
2020-10-27,4.867,0.002059
2020-10-28,4.887,0.004109
2020-10-29,4.907,0.004092
2020-10-30,4.89,-0.003464
2020-11-02,4.895,0.001022
2020-11-03,4.902,0.00143
2020-11-04,4.909,0.001428
2020-11-05,4.915,0.001222
2020-11-06,4.902,-0.002645
2020-11-09,4.919,0.003468
2020-11-10,4.914,-0.001016
2020-11-11,4.909,-0.001018
2020-11-12,4.917,0.00163
2020-11-13,4.903,-0.002847
2020-11-16,4.905,0.000408
2020-11-17,4.894,-0.002243
2020-11-18,4.879,-0.003065
2020-11-19,4.894,0.003074
2020-11-20,4.9,0.001226
2020-11-23,4.905,0.00102
2020-11-24,4.896,-0.001835
2020-11-25,4.876,-0.004085
2020-11-26,4.873,-0.000615
2020-11-27,4.882,0.001847
2020-11-30,4.868,-0.002868
2020-12-01,4.882,0.002876
2020-12-02,4.886,0.000819
2020-12-03,4.889,0.000614
2020-12-04,4.899,0.002045
2020-12-07,4.911,0.002449
2020-12-08,4.908,-0.000611
2020-12-09,4.896,-0.002445
2020-12-10,4.9,0.000817
2020-12-11,4.891,-0.001837
2020-12-14,4.906,0.003067
2020-12-15,4.906,0.0
2020-12-16,4.919,0.00265
2020-12-17,4.928,0.00183
2020-12-18,4.915,-0.002638
2020-12-21,4.929,0.002848
2020-12-22,4.926,-0.000609
2020-12-23,4.939,0.002639
2020-12-24,4.938,-0.000202
2020-12-25,4.947,0.001823
2020-12-28,4.957,0.002021
2020-12-29,4.948,-0.001816
2020-12-30,4.964,0.003234
2020-12-31,4.991,0.005439
2021-01-04,5.005,0.002805
2021-01-05,5.035,0.005994
2021-01-06,5.041,0.001192
2021-01-07,5.063,0.004364
2021-01-08,5.041,-0.004345
2021-01-11,5.027,-0.002777
2021-01-12,5.064,0.00736
2021-01-13,5.049,-0.002962
2021-01-14,5.019,-0.005942
2021-01-15,5.014,-0.000996
2021-01-18,5.018,0.000798
2021-01-19,4.996,-0.004384
2021-01-20,5.005,0.001801
2021-01-21,5.04,0.006993
2021-01-22,5.056,0.003175
2021-01-25,5.081,0.004945
2021-01-26,5.059,-0.00433
2021-01-27,5.06,0.000198
2021-01-28,5.029,-0.006126
2021-01-29,5.04,0.002187
2021-02-01,5.056,0.003175
2021-02-02,5.089,0.006527
2021-02-03,5.091,0.000393
2021-02-04,5.094,0.000589
2021-02-05,5.108,0.002748
2021-02-08,5.12,0.002349
2021-02-09,5.158,0.007422
2021-02-10,5.2,0.008143
2021-02-18,5.16,-0.007692
2021-02-19,5.147,-0.002519
2021-02-22,5.069,-0.015154
2021-02-23,5.078,0.001775
2021-02-24,5.032,-0.009059
2021-02-25,5.019,-0.002583
2021-02-26,4.987,-0.006376
2021-03-01,5.009,0.004411
2021-03-02,4.995,-0.002795
2021-03-03,5.013,0.003604
2021-03-04,4.966,-0.009376
2021-03-05,4.967,0.000201
2021-03-08,4.916,-0.010268
2021-03-09,4.896,-0.004068
2021-03-10,4.915,0.003881
2021-03-11,4.94,0.005086
2021-03-12,4.941,0.000202
2021-03-15,4.912,-0.005869
2021-03-16,4.923,0.002239
2021-03-17,4.932,0.001828
2021-03-18,4.945,0.002636
2021-03-19,4.923,-0.004449
2021-03-22,4.922,-0.000203
2021-03-23,4.913,-0.001829
2021-03-24,4.899,-0.00285
2021-03-25,4.901,0.000408
2021-03-26,4.928,0.005509
2021-03-29,4.931,0.000609
2021-03-30,4.942,0.002231
2021-03-31,4.932,-0.002023
2021-04-01,4.951,0.003852
2021-04-02,4.972,0.004242
2021-04-06,4.959,-0.002615
2021-04-07,4.946,-0.002621
2021-04-08,4.956,0.002022
2021-04-09,4.94,-0.003228
2021-04-12,4.923,-0.003441
2021-04-13,4.917,-0.001219
2021-04-14,4.937,0.004068
2021-04-15,4.93,-0.001418
2021-04-16,4.937,0.00142
2021-04-19,4.956,0.003848
2021-04-20,4.963,0.001412
2021-04-21,4.977,0.002821
2021-04-22,4.974,-0.000603
2021-04-23,4.984,0.00201
2021-04-26,4.979,-0.001003
2021-04-27,4.99,0.002209
2021-04-28,5.003,0.002605
2021-04-29,5.009,0.001199
2021-04-30,5.005,-0.000799
2021-05-06,4.977,-0.005594
2021-05-07,4.957,-0.004018
2021-05-10,4.948,-0.001816
2021-05-11,4.96,0.002425
2021-05-12,4.971,0.002218
2021-05-13,4.962,-0.001811
2021-05-14,4.982,0.004031
2021-05-17,5.006,0.004817
2021-05-18,5.009,0.000599
2021-05-19,5.019,0.001996
2021-05-20,5.026,0.001395
2021-05-21,5.009,-0.003382
2021-05-24,5.014,0.000998
2021-05-25,5.054,0.007978
2021-05-26,5.05,-0.000791
2021-05-27,5.059,0.001782
2021-05-28,5.052,-0.001384
2021-05-31,5.05,-0.000396
2021-06-01,5.047,-0.000594
2021-06-02,5.031,-0.00317
2021-06-03,5.031,0.0
2021-06-04,5.036,0.000994
2021-06-07,5.032,-0.000794
2021-06-08,5.018,-0.002782
2021-06-09,5.01,-0.001594
2021-06-10,5.016,0.001198
2021-06-11,5.01,-0.001196
2021-06-15,5.004,-0.001198
2021-06-16,4.983,-0.004197
2021-06-17,4.991,0.001605
2021-06-18,4.987,-0.000801
2021-06-21,4.99,0.000602
2021-06-22,4.999,0.001804
2021-06-23,4.993,-0.0012
2021-06-24,4.998,0.001001
2021-06-25,5.024,0.005202
2021-06-28,5.024,0.0
2021-06-29,5.016,-0.001592
2021-06-30,5.023,0.001396
2021-07-01,5.022,-0.000199
2021-07-02,4.988,-0.00677
2021-07-05,4.977,-0.002205
2021-07-06,4.968,-0.001808
2021-07-07,4.979,0.002214
2021-07-08,4.956,-0.004619
2021-07-09,4.952,-0.000807
2021-07-12,4.964,0.002423
2021-07-13,4.976,0.002417
2021-07-14,4.974,-0.000402
2021-07-15,4.983,0.001809
2021-07-16,4.965,-0.003612
2021-07-19,4.968,0.000604
2021-07-20,4.966,-0.000403
2021-07-21,4.975,0.001812
2021-07-22,4.965,-0.00201
2021-07-23,4.943,-0.004431
2021-07-26,4.901,-0.008497
2021-07-27,4.873,-0.005713
2021-07-28,4.882,0.001847
2021-07-29,4.892,0.002048
2021-07-30,4.871,-0.004293
2021-08-02,4.897,0.005338
2021-08-03,4.907,0.002042
2021-08-04,4.905,-0.000408
2021-08-05,4.899,-0.001223
2021-08-06,4.883,-0.003266
2021-08-09,4.902,0.003891
2021-08-10,4.927,0.0051
2021-08-11,4.915,-0.002436
2021-08-12,4.9,-0.003052
2021-08-13,4.903,0.000612
2021-08-16,4.909,0.001224
2021-08-17,4.882,-0.0055
2021-08-18,4.88,-0.00041
2021-08-19,4.876,-0.00082
2021-08-20,4.851,-0.005127
2021-08-23,4.864,0.00268
2021-08-24,4.871,0.001439
2021-08-25,4.879,0.001642
2021-08-26,4.857,-0.004509
2021-08-27,4.857,0.0
2021-08-30,4.855,-0.000412
2021-08-31,4.85,-0.00103
2021-09-01,4.86,0.002062
2021-09-02,4.851,-0.001852
2021-09-03,4.849,-0.000412
2021-09-06,4.868,0.003918
2021-09-07,4.884,0.003287
2021-09-08,4.88,-0.000819
2021-09-09,4.876,-0.00082
2021-09-10,4.885,0.001846
2021-09-13,4.879,-0.001228
2021-09-14,4.87,-0.001845
2021-09-15,4.863,-0.001437
2021-09-16,4.85,-0.002673
2021-09-17,4.864,0.002887
2021-09-22,4.843,-0.004317
2021-09-23,4.839,-0.000826
2021-09-24,4.847,0.001653
2021-09-27,4.856,0.001857
2021-09-28,4.86,0.000824
2021-09-29,4.852,-0.001646
2021-09-30,4.863,0.002267
2021-10-08,4.871,0.001645
2021-10-11,4.865,-0.001232
2021-10-12,4.856,-0.00185
2021-10-13,4.868,0.002471
2021-10-14,4.864,-0.000822
2021-10-15,4.866,0.000411
2021-10-18,4.854,-0.002466
2021-10-19,4.858,0.000824
2021-10-20,4.861,0.000618
2021-10-21,4.861,0.0
2021-10-22,4.869,0.001646
2021-10-25,4.87,0.000205
2021-10-26,4.869,-0.000205
2021-10-27,4.861,-0.001643
2021-10-28,4.856,-0.001029
2021-10-29,4.867,0.002265
2021-11-01,4.851,-0.003287
2021-11-02,4.843,-0.001649
2021-11-03,4.837,-0.001239
2021-11-04,4.853,0.003308
2021-11-05,4.846,-0.001442
2021-11-08,4.846,0.0
2021-11-09,4.846,0.0
2021-11-10,4.839,-0.001444
2021-11-11,4.85,0.002273
2021-11-12,4.853,0.000619
2021-11-15,4.854,0.000206
2021-11-16,4.857,0.000618
2021-11-17,4.857,0.0
2021-11-18,4.851,-0.001235
2021-11-19,4.863,0.002474
2021-11-22,4.866,0.000617
2021-11-23,4.865,-0.000206
2021-11-24,4.869,0.000822
2021-11-25,4.864,-0.001027
2021-11-26,4.864,0.0
2021-11-29,4.865,0.000206
2021-11-30,4.858,-0.001439
2021-12-01,4.856,-0.000412
2021-12-02,4.859,0.000618
2021-12-03,4.872,0.002675
2021-12-06,4.872,0.0
2021-12-07,4.872,0.0
2021-12-08,4.885,0.002668
2021-12-09,4.9,0.003071
2021-12-10,4.9,0.0
2021-12-13,4.906,0.001224
2021-12-14,4.906,0.0
2021-12-15,4.897,-0.001834
2021-12-16,4.898,0.000204
2021-12-17,4.883,-0.003062
2021-12-20,4.874,-0.001843
2021-12-21,4.875,0.000205
2021-12-22,4.877,0.00041
2021-12-23,4.88,0.000615
2021-12-24,4.882,0.00041
2021-12-27,4.874,-0.001639
2021-12-28,4.879,0.001026
2021-12-29,4.862,-0.003484
2021-12-30,4.869,0.00144
2021-12-31,4.871,0.000411
2022-01-04,4.865,-0.001232
2022-01-05,4.856,-0.00185
2022-01-06,4.846,-0.002059
2022-01-07,4.838,-0.001651
2022-01-10,4.837,-0.000207
2022-01-11,4.823,-0.002894
2022-01-12,4.835,0.002488
2022-01-13,4.812,-0.004757
2022-01-14,4.805,-0.001455
2022-01-17,4.805,0.0
2022-01-18,4.816,0.002289
2022-01-19,4.812,-0.000831
2022-01-20,4.823,0.002286
2022-01-21,4.82,-0.000622
2022-01-24,4.821,0.000207
2022-01-25,4.803,-0.003734
2022-01-26,4.808,0.001041
2022-01-27,4.796,-0.002496
2022-01-28,4.787,-0.001877
2022-02-07,4.795,0.001671
2022-02-08,4.792,-0.000626
2022-02-09,4.805,0.002713
2022-02-10,4.807,0.000416
2022-02-11,4.797,-0.00208
2022-02-14,4.784,-0.00271
2022-02-15,4.791,0.001463
2022-02-16,4.787,-0.000835
2022-02-17,4.789,0.000418
2022-02-18,4.795,0.001253
2022-02-21,4.792,-0.000626
2022-02-22,4.776,-0.003339
2022-02-23,4.78,0.000838
2022-02-24,4.761,-0.003975
2022-02-25,4.77,0.00189
2022-02-28,4.768,-0.000419
2022-03-01,4.784,0.003356
2022-03-02,4.774,-0.00209
2022-03-03,4.767,-0.001466
2022-03-04,4.762,-0.001049
2022-03-07,4.739,-0.00483
2022-03-08,4.723,-0.003376
2022-03-09,4.72,-0.000635
2022-03-10,4.73,0.002119
2022-03-11,4.731,0.000211
2022-03-14,4.694,-0.007821
2022-03-15,4.658,-0.007669
2022-03-16,4.685,0.005796
2022-03-17,4.707,0.004696
2022-03-18,4.714,0.001487
2022-03-21,4.719,0.001061
2022-03-22,4.718,-0.000212
2022-03-23,4.725,0.001484
2022-03-24,4.719,-0.00127
2022-03-25,4.707,-0.002543
2022-03-28,4.701,-0.001275
2022-03-29,4.707,0.001276
2022-03-30,4.73,0.004886
2022-03-31,4.723,-0.00148
2022-04-01,4.743,0.004235
2022-04-06,4.733,-0.002108
2022-04-07,4.724,-0.001902
2022-04-08,4.724,0.0
2022-04-11,4.708,-0.003387
2022-04-12,4.731,0.004885
2022-04-13,4.723,-0.001691
2022-04-14,4.736,0.002752
2022-04-15,4.735,-0.000211
2022-04-18,4.739,0.000845
2022-04-19,4.732,-0.001477
2022-04-20,4.726,-0.001268
2022-04-21,4.711,-0.003174
2022-04-22,4.707,-0.000849
2022-04-25,4.671,-0.007648
2022-04-26,4.672,0.000214
2022-04-27,4.695,0.004923
2022-04-28,4.701,0.001278
2022-04-29,4.709,0.001702
2022-05-05,4.714,0.001062
2022-05-06,4.69,-0.005091
2022-05-09,4.682,-0.001706
2022-05-10,4.692,0.002136
2022-05-11,4.699,0.001492
2022-05-12,4.698,-0.000213
2022-05-13,4.696,-0.000426
2022-05-16,4.698,0.000426
2022-05-17,4.7,0.000426
2022-05-18,4.692,-0.001702
2022-05-19,4.688,-0.000853
2022-05-20,4.705,0.003626
2022-05-23,4.699,-0.001275
2022-05-24,4.681,-0.003831
2022-05-25,4.688,0.001495
2022-05-26,4.692,0.000853
2022-05-27,4.697,0.001066
2022-05-30,4.707,0.002129
2022-05-31,4.721,0.002974
2022-06-01,4.713,-0.001695
2022-06-02,4.711,-0.000424
2022-06-06,4.721,0.002123
2022-06-07,4.729,0.001695
2022-06-08,4.736,0.00148
2022-06-09,4.729,-0.001478
2022-06-10,4.737,0.001692
2022-06-13,4.732,-0.001056
2022-06-14,4.74,0.001691
2022-06-15,4.739,-0.000211
2022-06-16,4.744,0.001055
2022-06-17,4.755,0.002319
2022-06-20,4.767,0.002524
2022-06-21,4.763,-0.000839
2022-06-22,4.76,-0.00063
2022-06-23,4.773,0.002731
2022-06-24,4.782,0.001886
2022-06-27,4.8,0.003764
2022-06-28,4.802,0.000417
2022-06-29,4.792,-0.002082
2022-06-30,4.81,0.003756
2022-07-01,4.802,-0.001663
2022-07-04,4.817,0.003124
2022-07-05,4.808,-0.001868
2022-07-06,4.791,-0.003536
2022-07-07,4.802,0.002296
2022-07-08,4.806,0.000833
2022-07-11,4.798,-0.001665
2022-07-12,4.79,-0.001667
2022-07-13,4.794,0.000835
2022-07-14,4.798,0.000834
2022-07-15,4.795,-0.000625
2022-07-18,4.8,0.001043
2022-07-19,4.797,-0.000625
2022-07-20,4.807,0.002085
2022-07-21,4.799,-0.001664
2022-07-22,4.794,-0.001042
2022-07-25,4.789,-0.001043
2022-07-26,4.795,0.001253
2022-07-27,4.791,-0.000834
2022-07-28,4.788,-0.000626
2022-07-29,4.781,-0.001462
2022-08-01,4.79,0.001882
2022-08-02,4.778,-0.002505
2022-08-03,4.768,-0.002093
2022-08-04,4.771,0.000629
2022-08-05,4.774,0.000629
2022-08-08,4.769,-0.001047
2022-08-09,4.77,0.00021
2022-08-10,4.757,-0.002725
2022-08-11,4.771,0.002943
2022-08-12,4.767,-0.000838
2022-08-15,4.764,-0.000629
2022-08-16,4.765,0.00021
2022-08-17,4.775,0.002099
2022-08-18,4.761,-0.002932
2022-08-19,4.76,-0.00021
2022-08-22,4.768,0.001681
2022-08-23,4.768,0.0
2022-08-24,4.755,-0.002727
2022-08-25,4.764,0.001893
2022-08-26,4.769,0.00105
2022-08-29,4.765,-0.000839
2022-08-30,4.76,-0.001049
2022-08-31,4.757,-0.00063
2022-09-01,4.745,-0.002523
2022-09-02,4.741,-0.000843
2022-09-05,4.733,-0.001687
2022-09-06,4.734,0.000211
2022-09-07,4.734,0.0
2022-09-08,4.733,-0.000211
2022-09-09,4.74,0.001479
2022-09-13,4.753,0.002743
2022-09-14,4.747,-0.001262
2022-09-15,4.739,-0.001685
2022-09-16,4.729,-0.00211
2022-09-19,4.726,-0.000634
2022-09-20,4.732,0.00127
2022-09-21,4.72,-0.002536
2022-09-22,4.716,-0.000847
2022-09-23,4.714,-0.000424
2022-09-26,4.719,0.001061
2022-09-27,4.736,0.003602
2022-09-28,4.726,-0.002111
2022-09-29,4.722,-0.000846
2022-09-30,4.715,-0.001482
2022-10-10,4.7,-0.003181
2022-10-11,4.7,0.0
2022-10-12,4.706,0.001277
2022-10-13,4.701,-0.001062
2022-10-14,4.714,0.002765
2022-10-17,4.713,-0.000212
2022-10-18,4.71,-0.000637
2022-10-19,4.692,-0.003822
2022-10-20,4.69,-0.000426
2022-10-21,4.686,-0.000853
2022-10-24,4.659,-0.005762
2022-10-25,4.659,0.0
2022-10-26,4.663,0.000859
2022-10-27,4.647,-0.003431
2022-10-28,4.632,-0.003228
2022-10-31,4.627,-0.001079
2022-11-01,4.656,0.006268
2022-11-02,4.669,0.002792
2022-11-03,4.668,-0.000214
2022-11-04,4.693,0.005356
2022-11-07,4.689,-0.000852
2022-11-08,4.684,-0.001066
2022-11-09,4.676,-0.001708
2022-11-10,4.672,-0.000855
2022-11-11,4.684,0.002568
2022-11-14,4.672,-0.002562
2022-11-15,4.685,0.002783
2022-11-16,4.682,-0.00064
2022-11-17,4.679,-0.000641
2022-11-18,4.677,-0.000427
2022-11-21,4.667,-0.002138
2022-11-22,4.664,-0.000643
2022-11-23,4.662,-0.000429
2022-11-24,4.659,-0.000644
2022-11-25,4.655,-0.000859
2022-11-28,4.662,0.001504
2022-11-29,4.684,0.004719
2022-11-30,4.685,0.000213
2022-12-01,4.695,0.002134
2022-12-02,4.69,-0.001065
2022-12-05,4.696,0.001279
2022-12-06,4.706,0.002129
2022-12-07,4.707,0.000212
2022-12-08,4.707,0.0
2022-12-09,4.711,0.00085
2022-12-12,4.709,-0.000425
2022-12-13,4.708,-0.000212
2022-12-14,4.714,0.001274
2022-12-15,4.712,-0.000424
2022-12-16,4.712,0.0
2022-12-19,4.702,-0.002122
2022-12-20,4.687,-0.00319
2022-12-21,4.689,0.000427
2022-12-22,4.698,0.001919
2022-12-23,4.7,0.000426
2022-12-26,4.699,-0.000213
2022-12-27,4.708,0.001915
2022-12-28,4.705,-0.000637
2022-12-29,4.704,-0.000213
2022-12-30,4.705,0.000213
2022-12-31,4.705,0.0
2023-01-03,4.704,-0.000213
2023-01-04,4.702,-0.000425
2023-01-05,4.721,0.004041
2023-01-06,4.714,-0.001483
2023-01-09,4.719,0.001061
2023-01-10,4.722,0.000636
2023-01-11,4.716,-0.001271
2023-01-12,4.712,-0.000848
2023-01-13,4.728,0.003396
2023-01-16,4.739,0.002327
2023-01-17,4.736,-0.000633
2023-01-18,4.73,-0.001267
2023-01-19,4.731,0.000211
2023-01-20,4.729,-0.000423
2023-01-30,4.728,-0.000211
2023-01-31,4.715,-0.00275
2023-02-01,4.72,0.00106
2023-02-02,4.723,0.000636
2023-02-03,4.718,-0.001059
2023-02-06,4.709,-0.001908
2023-02-07,4.707,-0.000425
2023-02-08,4.704,-0.000637
2023-02-09,4.717,0.002764
2023-02-10,4.722,0.00106
2023-02-13,4.743,0.004447
2023-02-14,4.741,-0.000422
2023-02-15,4.738,-0.000633
2023-02-16,4.739,0.000211
2023-02-17,4.735,-0.000844
2023-02-20,4.745,0.002112
2023-02-21,4.739,-0.001264
2023-02-22,4.735,-0.000844
2023-02-23,4.73,-0.001056
2023-02-24,4.723,-0.00148
2023-02-27,4.725,0.000423
2023-02-28,4.728,0.000635
2023-03-01,4.733,0.001058
2023-03-02,4.734,0.000211
2023-03-03,4.734,0.0
2023-03-06,4.736,0.000422
2023-03-07,4.723,-0.002745
2023-03-08,4.721,-0.000423
2023-03-09,4.716,-0.001059
2023-03-10,4.705,-0.002332
2023-03-13,4.715,0.002125
2023-03-14,4.708,-0.001485
2023-03-15,4.7,-0.001699
2023-03-16,4.699,-0.000213
2023-03-17,4.693,-0.001277
2023-03-20,4.681,-0.002557
2023-03-21,4.696,0.003204
2023-03-22,4.693,-0.000639
2023-03-23,4.695,0.000426
2023-03-24,4.694,-0.000213
2023-03-27,4.692,-0.000426
2023-03-28,4.698,0.001279
2023-03-29,4.704,0.001277
2023-03-30,4.713,0.001913
2023-03-31,4.711,-0.000424
2023-04-03,4.711,0.0
2023-04-04,4.712,0.000212
2023-04-06,4.708,-0.000849
2023-04-07,4.709,0.000212
2023-04-10,4.71,0.000212
2023-04-11,4.701,-0.001911
2023-04-12,4.686,-0.003191
2023-04-13,4.692,0.00128
2023-04-14,4.686,-0.001279
2023-04-17,4.696,0.002134
2023-04-18,4.697,0.000213
2023-04-19,4.691,-0.001277
2023-04-20,4.682,-0.001919
2023-04-21,4.677,-0.001068
2023-04-24,4.669,-0.00171
2023-04-25,4.678,0.001928
2023-04-26,4.681,0.000641
2023-04-27,4.689,0.001709
2023-04-28,4.692,0.00064
2023-05-04,4.682,-0.002131
2023-05-05,4.678,-0.000854
2023-05-08,4.674,-0.000855
2023-05-09,4.667,-0.001498
2023-05-10,4.666,-0.000214
2023-05-11,4.664,-0.000429
2023-05-12,4.659,-0.001072
2023-05-15,4.67,0.002361
2023-05-16,4.667,-0.000642
2023-05-17,4.661,-0.001286
2023-05-18,4.66,-0.000215
2023-05-19,4.666,0.001288
2023-05-22,4.678,0.002572
2023-05-23,4.665,-0.002779
2023-05-24,4.652,-0.002787
2023-05-25,4.648,-0.00086
2023-05-26,4.645,-0.000645
2023-05-29,4.644,-0.000215
2023-05-30,4.639,-0.001077
2023-05-31,4.632,-0.001509
2023-06-01,4.633,0.000216
2023-06-02,4.641,0.001727
2023-06-05,4.637,-0.000862
2023-06-06,4.635,-0.000431
2023-06-07,4.63,-0.001079
2023-06-08,4.633,0.000648
2023-06-09,4.63,-0.000648
2023-06-12,4.637,0.001512
2023-06-13,4.637,0.0
2023-06-14,4.646,0.001941
2023-06-15,4.655,0.001937
2023-06-16,4.658,0.000644
2023-06-19,4.647,-0.002362
2023-06-20,4.644,-0.000646
2023-06-21,4.637,-0.001507
2023-06-26,4.628,-0.001941
2023-06-27,4.637,0.001945
2023-06-28,4.639,0.000431
2023-06-29,4.633,-0.001293
2023-06-30,4.634,0.000216
2023-07-03,4.647,0.002805
2023-07-04,4.644,-0.000646
2023-07-05,4.635,-0.001938
2023-07-06,4.632,-0.000647
2023-07-07,4.63,-0.000432
2023-07-10,4.63,0.0
2023-07-11,4.632,0.000432
2023-07-12,4.63,-0.000432
2023-07-13,4.646,0.003456
2023-07-14,4.645,-0.000215
2023-07-17,4.637,-0.001722
2023-07-18,4.635,-0.000431
2023-07-19,4.632,-0.000647
2023-07-20,4.63,-0.000432
2023-07-21,4.635,0.00108
2023-07-24,4.633,-0.000431
2023-07-25,4.656,0.004964
2023-07-26,4.656,0.0
2023-07-27,4.658,0.00043
2023-07-28,4.675,0.00365
2023-07-31,4.672,-0.000642
2023-08-01,4.664,-0.001712
2023-08-02,4.657,-0.001501
2023-08-03,4.662,0.001074
2023-08-04,4.666,0.000858
2023-08-07,4.657,-0.001929
2023-08-08,4.656,-0.000215
2023-08-09,4.655,-0.000215
2023-08-10,4.655,0.0
2023-08-11,4.642,-0.002793
2023-08-14,4.639,-0.000646
2023-08-15,4.637,-0.000431
2023-08-16,4.633,-0.000863
2023-08-17,4.638,0.001079
2023-08-18,4.628,-0.002156
2023-08-21,4.618,-0.002161
2023-08-22,4.618,0.0
2023-08-23,4.609,-0.001949
2023-08-24,4.62,0.002387
2023-08-25,4.616,-0.000866
2023-08-28,4.617,0.000217
2023-08-29,4.622,0.001083
2023-08-30,4.625,0.000649
2023-08-31,4.623,-0.000432
2023-09-01,4.63,0.001514
2023-09-04,4.642,0.002592
2023-09-05,4.637,-0.001077
2023-09-06,4.635,-0.000431
2023-09-07,4.625,-0.002157
2023-09-08,4.622,-0.000649
2023-09-11,4.629,0.001514
2023-09-12,4.626,-0.000648
2023-09-13,4.624,-0.000432
2023-09-14,4.622,-0.000433
2023-09-15,4.615,-0.001514
2023-09-18,4.619,0.000867
2023-09-19,4.615,-0.000866
2023-09-20,4.612,-0.00065
2023-09-21,4.605,-0.001518
2023-09-22,4.616,0.002389
2023-09-25,4.613,-0.00065
2023-09-26,4.61,-0.00065
2023-09-27,4.609,-0.000217
2023-09-28,4.601,-0.001736
2023-10-09,4.599,-0.000435
2023-10-10,4.593,-0.001305
2023-10-11,4.595,0.000435
2023-10-12,4.598,0.000653
2023-10-13,4.591,-0.001522
2023-10-16,4.585,-0.001307
2023-10-17,4.588,0.000654
2023-10-18,4.585,-0.000654
2023-10-19,4.571,-0.003053
2023-10-20,4.566,-0.001094
2023-10-23,4.56,-0.001314
2023-10-24,4.565,0.001096
2023-10-25,4.567,0.000438
2023-10-26,4.569,0.000438
2023-10-27,4.578,0.00197
2023-10-30,4.58,0.000437
2023-10-31,4.582,0.000437
2023-11-01,4.589,0.001528
2023-11-02,4.583,-0.001307
2023-11-03,4.588,0.001091
2023-11-06,4.593,0.00109
2023-11-07,4.589,-0.000871
2023-11-08,4.588,-0.000218
2023-11-09,4.586,-0.000436
2023-11-10,4.579,-0.001526
2023-11-13,4.574,-0.001092
2023-11-14,4.575,0.000219
2023-11-15,4.578,0.000656
2023-11-16,4.574,-0.000874
2023-11-17,4.571,-0.000656
2023-11-20,4.573,0.000438
2023-11-21,4.576,0.000656
2023-11-22,4.571,-0.001093
2023-11-23,4.572,0.000219
2023-11-24,4.569,-0.000656
2023-11-27,4.563,-0.001313
2023-11-28,4.564,0.000219
2023-11-29,4.562,-0.000438
2023-11-30,4.564,0.000438
2023-12-01,4.556,-0.001753
2023-12-04,4.549,-0.001536
2023-12-05,4.539,-0.002198
2023-12-06,4.539,0.0
2023-12-07,4.539,0.0
2023-12-08,4.542,0.000661
2023-12-11,4.54,-0.00044
2023-12-12,4.543,0.000661
2023-12-13,4.528,-0.003302
2023-12-14,4.524,-0.000883
2023-12-15,4.524,0.0
2023-12-18,4.525,0.000221
2023-12-19,4.524,-0.000221
2023-12-20,4.517,-0.001547
2023-12-21,4.522,0.001107
2023-12-22,4.52,-0.000442
2023-12-25,4.523,0.000664
2023-12-26,4.519,-0.000884
2023-12-27,4.52,0.000221
2023-12-28,4.536,0.00354
2023-12-29,4.537,0.00022
2023-12-31,4.537,0.0
2024-01-02,4.528,-0.001984
2024-01-03,4.527,-0.000221
2024-01-04,4.52,-0.001546
2024-01-05,4.514,-0.001327
2024-01-08,4.509,-0.001108
2024-01-09,4.51,0.000222
2024-01-10,4.514,0.000887
2024-01-11,4.514,0.0
2024-01-12,4.512,-0.000443
2024-01-15,4.512,0.0
2024-01-16,4.514,0.000443
2024-01-17,4.502,-0.002658
2024-01-18,4.507,0.001111
2024-01-19,4.507,0.0
2024-01-22,4.495,-0.002663
2024-01-23,4.496,0.000222
2024-01-24,4.503,0.001557
2024-01-25,4.511,0.001777
2024-01-26,4.511,0.0
2024-01-29,4.509,-0.000443
2024-01-30,4.5,-0.001996
2024-01-31,4.498,-0.000444
2024-02-01,4.499,0.000222
2024-02-02,4.495,-0.000889
2024-02-05,4.502,0.001557
2024-02-06,4.52,0.003998
2024-02-07,4.528,0.00177
2024-02-08,4.526,-0.000442
2024-02-19,4.534,0.001768
2024-02-20,4.54,0.001323
2024-02-21,4.544,0.000881
2024-02-22,4.549,0.0011
2024-02-23,4.55,0.00022
2024-02-26,4.544,-0.001319
2024-02-27,4.549,0.0011
2024-02-28,4.544,-0.001099
2024-02-29,4.556,0.002641
2024-03-01,4.557,0.000219
2024-03-04,4.562,0.001097
2024-03-05,4.567,0.001096
2024-03-06,4.562,-0.001095
2024-03-07,4.561,-0.000219
2024-03-08,4.564,0.000658
2024-03-11,4.569,0.001096
2024-03-12,4.567,-0.000438
2024-03-13,4.563,-0.000876
2024-03-14,4.563,0.0
2024-03-15,4.563,0.0
2024-03-18,4.566,0.000657
2024-03-19,4.565,-0.000219
2024-03-20,4.565,0.0
2024-03-21,4.563,-0.000438
2024-03-22,4.56,-0.000657
2024-03-25,4.558,-0.000439
2024-03-26,4.561,0.000658
2024-03-27,4.554,-0.001535
2024-03-28,4.558,0.000878
2024-03-29,4.564,0.001316
2024-04-01,4.569,0.001096
2024-04-02,4.567,-0.000438
2024-04-03,4.566,-0.000219
2024-04-08,4.559,-0.001533
2024-04-09,4.556,-0.000658
2024-04-10,4.554,-0.000439
2024-04-11,4.556,0.000439
2024-04-12,4.554,-0.000439
2024-04-15,4.568,0.003074
2024-04-16,4.564,-0.000876
2024-04-17,4.569,0.001096
2024-04-18,4.571,0.000438
2024-04-19,4.568,-0.000656
2024-04-22,4.567,-0.000219
2024-04-23,4.564,-0.000657
2024-04-24,4.567,0.000657
2024-04-25,4.566,-0.000219
2024-04-26,4.572,0.001314
2024-04-29,4.571,-0.000219
2024-04-30,4.577,0.001313
2024-05-06,4.589,0.002622
2024-05-07,4.587,-0.000436
2024-05-08,4.587,0.0
2024-05-09,4.591,0.000872
2024-05-10,4.591,0.0
2024-05-13,4.592,0.000218
2024-05-14,4.591,-0.000218
2024-05-15,4.587,-0.000871
2024-05-16,4.584,-0.000654
2024-05-17,4.585,0.000218
2024-05-20,4.588,0.000654
2024-05-21,4.588,0.0
2024-05-22,4.582,-0.001308
2024-05-23,4.577,-0.001091
2024-05-24,4.574,-0.000655
2024-05-27,4.579,0.001093
2024-05-28,4.574,-0.001092
2024-05-29,4.573,-0.000219
2024-05-30,4.567,-0.001312
2024-05-31,4.565,-0.000438
2024-06-03,4.569,0.000876
2024-06-04,4.574,0.001094
2024-06-05,4.568,-0.001312
2024-06-06,4.569,0.000219
2024-06-07,4.567,-0.000438
2024-06-11,4.559,-0.001752
2024-06-12,4.559,0.0
2024-06-13,4.555,-0.000877
2024-06-14,4.557,0.000439
2024-06-17,4.554,-0.000658
2024-06-18,4.553,-0.00022
2024-06-19,4.548,-0.001098
2024-06-20,4.546,-0.00044
2024-06-21,4.541,-0.0011
2024-06-24,4.54,-0.00022
2024-06-25,4.539,-0.00022
2024-06-26,4.54,0.00022
2024-06-27,4.536,-0.000881
2024-06-28,4.538,0.000441
2024-06-30,4.538,0.0
2024-07-01,4.542,0.000881
2024-07-02,4.538,-0.000881
2024-07-03,4.532,-0.001322
2024-07-04,4.527,-0.001103
2024-07-05,4.524,-0.000663
2024-07-08,4.521,-0.000663
2024-07-09,4.525,0.000885
2024-07-10,4.524,-0.000221
2024-07-11,4.53,0.001326
2024-07-12,4.53,0.0
2024-07-15,4.529,-0.000221
2024-07-16,4.53,0.000221
2024-07-17,4.528,-0.000442
2024-07-18,4.53,0.000442
2024-07-19,4.531,0.000221
2024-07-22,4.525,-0.001324
2024-07-23,4.512,-0.002873
2024-07-24,4.507,-0.001108
2024-07-25,4.502,-0.001109
2024-07-26,4.51,0.001777
2024-07-29,4.509,-0.000222
2024-07-30,4.5,-0.001996
2024-07-31,4.511,0.002444
2024-08-01,4.507,-0.000887
2024-08-02,4.503,-0.000888
2024-08-05,4.495,-0.001777
2024-08-06,4.495,0.0
2024-08-07,4.496,0.000222
2024-08-08,4.499,0.000667
2024-08-09,4.496,-0.000667
2024-08-12,4.498,0.000445
2024-08-13,4.499,0.000222
2024-08-14,4.495,-0.000889
2024-08-15,4.497,0.000445
2024-08-16,4.499,0.000445
2024-08-19,4.501,0.000445
2024-08-20,4.498,-0.000667
2024-08-21,4.499,0.000222
2024-08-22,4.501,0.000445
2024-08-23,4.505,0.000889
2024-08-26,4.504,-0.000222
2024-08-27,4.501,-0.000666
2024-08-28,4.496,-0.001111
2024-08-29,4.495,-0.000222
2024-08-30,4.504,0.002002
2024-09-02,4.494,-0.00222
2024-09-03,4.494,0.0
2024-09-04,4.492,-0.000445
2024-09-05,4.49,-0.000445
2024-09-06,4.484,-0.001336
2024-09-09,4.477,-0.001561
2024-09-10,4.478,0.000223
2024-09-11,4.475,-0.00067
2024-09-12,4.472,-0.00067
2024-09-13,4.469,-0.000671
2024-09-18,4.474,0.001119
2024-09-19,4.478,0.000894
2024-09-20,4.478,0.0
2024-09-23,4.481,0.00067
2024-09-24,4.501,0.004463
2024-09-25,4.509,0.001777
2024-09-26,4.532,0.005101
2024-09-27,4.549,0.003751
2024-09-30,4.59,0.009013
2024-10-08,4.608,0.003922
2024-10-09,4.564,-0.009549
2024-10-10,4.579,0.003287
2024-10-11,4.565,-0.003057
2024-10-14,4.575,0.002191
2024-10-15,4.558,-0.003716
2024-10-16,4.552,-0.001316
2024-10-17,4.547,-0.001098
2024-10-18,4.565,0.003959
2024-10-21,4.563,-0.000438
2024-10-22,4.569,0.001315
2024-10-23,4.568,-0.000219
2024-10-24,4.561,-0.001532
2024-10-25,4.56,-0.000219
2024-10-28,4.563,0.000658
2024-10-29,4.559,-0.000877
2024-10-30,4.555,-0.000877
2024-10-31,4.549,-0.001317
2024-11-01,4.546,-0.000659
2024-11-04,4.553,0.00154
2024-11-05,4.563,0.002196
2024-11-06,4.557,-0.001315
2024-11-07,4.579,0.004828
2024-11-08,4.568,-0.002402
2024-11-11,4.568,0.0
2024-11-12,4.567,-0.000219
2024-11-13,4.571,0.000876
2024-11-14,4.56,-0.002406
2024-11-15,4.548,-0.002632
2024-11-18,4.537,-0.002419
2024-11-19,4.542,0.001102
2024-11-20,4.546,0.000881
2024-11-21,4.548,0.00044
2024-11-22,4.531,-0.003738
2024-11-25,4.528,-0.000662
2024-11-26,4.529,0.000221
2024-11-27,4.544,0.003312
2024-11-28,4.539,-0.0011
2024-11-29,4.549,0.002203
2024-12-02,4.555,0.001319
2024-12-03,4.554,-0.00022
2024-12-04,4.549,-0.001098
2024-12-05,4.549,0.0
2024-12-06,4.555,0.001319
2024-12-09,4.554,-0.00022
2024-12-10,4.562,0.001757
2024-12-11,4.567,0.001096
2024-12-12,4.574,0.001533
2024-12-13,4.557,-0.003717
2024-12-16,4.551,-0.001317
2024-12-17,4.549,-0.000439
2024-12-18,4.552,0.000659
2024-12-19,4.554,0.000439
2024-12-20,4.558,0.000878
2024-12-23,4.551,-0.001536
2024-12-24,4.56,0.001978
2024-12-25,4.556,-0.000877
2024-12-26,4.559,0.000658
2024-12-27,4.556,-0.000658
2024-12-30,4.557,0.000219
2024-12-31,4.549,-0.001756
2025-01-02,4.534,-0.003297
2025-01-03,4.522,-0.002647
2025-01-06,4.519,-0.000663
2025-01-07,4.53,0.002434
2025-01-08,4.531,0.000221
2025-01-09,4.53,-0.000221
2025-01-10,4.52,-0.002208
2025-01-13,4.515,-0.001106
2025-01-14,4.53,0.003322
2025-01-15,4.527,-0.000662
2025-01-16,4.526,-0.000221
2025-01-17,4.528,0.000442
2025-01-20,4.532,0.000883
2025-01-21,4.533,0.000221
2025-01-22,4.526,-0.001544
2025-01-23,4.526,0.0
2025-01-24,4.53,0.000884
2025-01-27,4.528,-0.000442
2025-02-05,4.521,-0.001546
2025-02-06,4.527,0.001327
2025-02-07,4.535,0.001767
2025-02-10,4.536,0.000221
2025-02-11,4.535,-0.00022
2025-02-12,4.541,0.001323
2025-02-13,4.533,-0.001762
2025-02-14,4.538,0.001103
2025-02-17,4.542,0.000881
2025-02-18,4.53,-0.002642
2025-02-19,4.542,0.002649
2025-02-20,4.546,0.000881
2025-02-21,4.563,0.00374
2025-02-24,4.563,0.0
2025-02-25,4.556,-0.001534
2025-02-26,4.558,0.000439
2025-02-27,4.552,-0.001316
2025-02-28,4.528,-0.005272
2025-03-03,4.53,0.000442
2025-03-04,4.531,0.000221
2025-03-05,4.542,0.002428
2025-03-06,4.555,0.002862
2025-03-07,4.553,-0.000439
2025-03-10,4.545,-0.001757
2025-03-11,4.55,0.0011
2025-03-12,4.552,0.00044
2025-03-13,4.544,-0.001757
2025-03-14,4.557,0.002861
2025-03-17,4.554,-0.000658
2025-03-18,4.558,0.000878
2025-03-19,4.552,-0.001316
2025-03-20,4.545,-0.001538
2025-03-21,4.53,-0.0033
2025-03-24,4.533,0.000662
2025-03-25,4.525,-0.001765
2025-03-26,4.525,0.0
2025-03-27,4.534,0.001989
2025-03-28,4.532,-0.000441
2025-03-31,4.532,0.0
2025-04-01,4.529,-0.000662
2025-04-02,4.53,0.000221
2025-04-03,4.523,-0.001545
2025-04-07,4.478,-0.009949
2025-04-08,4.482,0.000893
2025-04-09,4.491,0.002008
2025-04-10,4.5,0.002004
2025-04-11,4.5,0.0
2025-04-14,4.508,0.001778
2025-04-15,4.51,0.000444
2025-04-16,4.509,-0.000222
2025-04-17,4.509,0.0
2025-04-18,4.504,-0.001109
2025-04-21,4.512,0.001776
2025-04-22,4.511,-0.000222
2025-04-23,4.508,-0.000665
2025-04-24,4.509,0.000222
2025-04-25,4.509,0.0
2025-04-28,4.506,-0.000665
2025-04-29,4.508,0.000444
2025-04-30,4.507,-0.000222
2025-05-06,4.511,0.000888
2025-05-07,4.509,-0.000443
2025-05-08,4.506,-0.000665
2025-05-09,4.507,0.000222
2025-05-12,4.51,0.000666
2025-05-13,4.515,0.001109
2025-05-14,4.519,0.000886
2025-05-15,4.519,0.0
2025-05-16,4.519,0.0
2025-05-19,4.52,0.000221
2025-05-20,4.53,0.002212
2025-05-21,4.531,0.000221
2025-05-22,4.53,-0.000221
2025-05-23,4.522,-0.001766
2025-05-26,4.526,0.000885
2025-05-27,4.527,0.000221
2025-05-28,4.53,0.000663
2025-05-29,4.531,0.000221
2025-05-30,4.53,-0.000221
2025-06-03,4.545,0.003311
2025-06-04,4.555,0.0022
2025-06-05,4.549,-0.001317
2025-06-06,4.544,-0.001099
2025-06-09,4.546,0.00044
2025-06-10,4.546,0.0
2025-06-11,4.55,0.00088
2025-06-12,4.557,0.001538
2025-06-13,4.555,-0.000439
2025-06-16,4.56,0.001098
2025-06-17,4.559,-0.000219
2025-06-18,4.561,0.000439
2025-06-19,4.557,-0.000877
2025-06-20,4.553,-0.000878
2025-06-23,4.557,0.000879
2025-06-24,4.564,0.001536
2025-06-25,4.574,0.002191
2025-06-26,4.576,0.000437
2025-06-27,4.567,-0.001967
2025-06-30,4.578,0.002409
2025-07-01,4.582,0.000874
2025-07-02,4.575,-0.001528
2025-07-03,4.578,0.000656
2025-07-04,4.582,0.000874
2025-07-07,4.58,-0.000436
2025-07-08,4.586,0.00131
2025-07-09,4.585,-0.000218
2025-07-10,4.581,-0.000872
2025-07-11,4.578,-0.000655
2025-07-14,4.578,0.0
2025-07-15,4.584,0.001311
2025-07-16,4.582,-0.000436
2025-07-17,4.588,0.001309
2025-07-18,4.587,-0.000218
2025-07-21,4.587,0.0
2025-07-22,4.583,-0.000872
2025-07-23,4.585,0.000436
2025-07-24,4.586,0.000218
2025-07-25,4.589,0.000654
2025-07-28,4.592,0.000654
2025-07-29,4.596,0.000871
2025-07-30,4.595,-0.000218
2025-07-31,4.588,-0.001523
2025-08-01,4.585,-0.000654
2025-08-04,4.592,0.001527
2025-08-05,4.595,0.000653
2025-08-06,4.598,0.000653
2025-08-07,4.597,-0.000217
2025-08-08,4.59,-0.001523
2025-08-11,4.593,0.000654
2025-08-12,4.598,0.001089
2025-08-13,4.61,0.00261
2025-08-14,4.603,-0.001518
2025-08-15,4.607,0.000869
2025-08-18,4.618,0.002388
2025-08-19,4.618,0.0
2025-08-20,4.622,0.000866
2025-08-21,4.619,-0.000649
2025-08-22,4.637,0.003897
2025-08-25,4.653,0.003451
2025-08-26,4.647,-0.001289
2025-08-27,4.638,-0.001937
2025-08-28,4.662,0.005175
2025-08-29,4.661,-0.000215
2025-09-01,4.664,0.000644
2025-09-02,4.652,-0.002573
2025-09-03,4.65,-0.00043
2025-09-04,4.623,-0.005806
2025-09-05,4.642,0.00411
2025-09-08,4.641,-0.000215
2025-09-09,4.636,-0.001077
2025-09-10,4.645,0.001941
2025-09-11,4.669,0.005167
2025-09-12,4.666,-0.000643
2025-09-15,4.667,0.000214
2025-09-16,4.671,0.000857
2025-09-17,4.676,0.00107
2025-09-18,4.669,-0.001497
2025-09-19,4.659,-0.002142
2025-09-22,4.67,0.002361
2025-09-23,4.666,-0.000857
2025-09-24,4.676,0.002143
2025-09-25,4.683,0.001497
2025-09-26,4.662,-0.004484
2025-09-29,4.673,0.00236
2025-09-30,4.673,0.0
2025-10-09,4.676,0.000642
2025-10-10,4.653,-0.004919
2025-10-13,4.647,-0.001289
2025-10-14,4.625,-0.004734
2025-10-15,4.637,0.002595
2025-10-16,4.641,0.000863
2025-10-17,4.613,-0.006033
2025-10-20,4.622,0.001951
2025-10-21,4.641,0.004111
2025-10-22,4.639,-0.000431
2025-10-23,4.634,-0.001078
2025-10-24,4.659,0.005395
2025-10-27,4.668,0.001932
2025-10-28,4.661,-0.0015
2025-10-29,4.671,0.002145
2025-10-30,4.657,-0.002997
2025-10-31,4.638,-0.00408
2025-11-03,4.643,0.001078
2025-11-04,4.632,-0.002369
2025-11-05,4.632,0.0
2025-11-06,4.647,0.003238
2025-11-07,4.639,-0.001722
2025-11-10,4.634,-0.001078
2025-11-11,4.624,-0.002158
2025-11-12,4.624,0.0
2025-11-13,4.632,0.00173
2025-11-14,4.613,-0.004102
2025-11-17,4.607,-0.001301
2025-11-18,4.602,-0.001085
2025-11-19,4.602,0.0
2025-11-20,4.599,-0.000652
2025-11-21,4.577,-0.004784
2025-11-24,4.578,0.000218
2025-11-25,4.591,0.00284
2025-11-26,4.601,0.002178
2025-11-27,4.604,0.000652
2025-11-28,4.609,0.001086
2025-12-01,4.614,0.001085
2025-12-02,4.609,-0.001084
2025-12-03,4.601,-0.001736
2025-12-04,4.602,0.000217
2025-12-05,4.607,0.001086
2025-12-08,4.616,0.001954
2025-12-09,4.618,0.000433
2025-12-10,4.619,0.000217
2025-12-11,4.61,-0.001948
2025-12-12,4.614,0.000868
2025-12-15,4.607,-0.001517
2025-12-16,4.597,-0.002171
2025-12-17,4.617,0.004351
2025-12-18,4.608,-0.001949
2025-12-19,4.611,0.000651
2025-12-22,4.618,0.001518
2025-12-23,4.622,0.000866
2025-12-24,4.626,0.000865
2025-12-25,4.631,0.001081
2025-12-26,4.631,0.0
2025-12-29,4.628,-0.000648
2025-12-30,4.631,0.000648
2025-12-31,4.621,-0.002159
2026-01-05,4.64,0.004112
2026-01-06,4.648,0.001724
2026-01-07,4.652,0.000861
2026-01-08,4.647,-0.001075
2026-01-09,4.654,0.001506
2026-01-12,4.66,0.001289
2026-01-13,4.649,-0.002361
2026-01-14,4.645,-0.00086
2026-01-15,4.65,0.001076
2026-01-16,4.652,0.00043
2026-01-19,4.653,0.000215
2026-01-20,4.646,-0.001504
2026-01-21,4.648,0.00043
2026-01-22,4.647,-0.000215
2026-01-23,4.642,-0.001076
2026-01-26,4.635,-0.001508
2026-01-27,4.643,0.001726
2026-01-28,4.642,-0.000215
2026-01-29,4.639,-0.000646
2026-01-30,4.641,0.000431
2026-02-02,4.621,-0.004309
2026-02-03,4.638,0.003679
2026-02-04,4.64,0.000431
2026-02-05,4.637,-0.000647
2026-02-06,4.637,0.0
2026-02-09,4.652,0.003235
2026-02-10,4.651,-0.000215
2026-02-11,4.647,-0.00086
2026-02-12,4.649,0.00043
2026-02-13,4.638,-0.002366
2026-02-24,4.634,-0.000862
2026-02-25,4.642,0.001726
2026-02-26,4.64,-0.000431
2026-02-27,4.643,0.000647
2026-03-02,4.639,-0.000862
2026-03-03,4.618,-0.004527
2026-03-04,4.614,-0.000866
2026-03-05,4.619,0.001084
2026-03-06,4.618,-0.000216
2026-03-09,4.607,-0.002382
2026-03-10,4.622,0.003256
2026-03-11,4.629,0.001514
2026-03-12,4.622,-0.001512
2026-03-13,4.62,-0.000433
2026-03-16,4.609,-0.002381
2026-03-17,4.588,-0.004556
2026-03-18,4.593,0.00109
2026-03-19,4.573,-0.004354
2026-03-20,4.577,0.000875
2026-03-23,4.556,-0.004588
2026-03-24,4.572,0.003512
2026-03-25,4.581,0.001969
2026-03-26,4.577,-0.000873
2026-03-27,4.582,0.001092
2026-03-30,4.583,0.000218
2026-03-31,4.568,-0.003273
2026-04-01,4.58,0.002627
2026-04-02,4.575,-0.001092
2026-04-03,4.572,-0.000656
2026-04-07,4.572,0.0
2026-04-08,4.597,0.005468
2026-04-09,4.6,0.000653
2026-04-10,4.605,0.001087
2026-04-13,4.608,0.000651
2026-04-14,4.612,0.000868
2026-04-15,4.605,-0.001518
2026-04-16,4.624,0.004126
2026-04-17,4.636,0.002595
2026-04-20,4.638,0.000431
2026-04-21,4.641,0.000647
2026-04-22,4.651,0.002155
2026-04-23,4.645,-0.00129
2026-04-24,4.648,0.000646
2026-04-27,4.647,-0.000215
2026-04-28,4.638,-0.001937
2026-04-29,4.65,0.002587
2026-04-30,4.659,0.001935
2026-05-06,4.687,0.00601
2026-05-07,4.693,0.00128
2026-05-08,4.687,-0.001278
2026-05-11,4.708,0.00448
2026-05-12,4.717,0.001912
2026-05-13,4.739,0.004664
2026-05-14,4.714,-0.005275
2026-05-15,4.696,-0.003818
2026-05-18,4.695,-0.000213
2026-05-19,4.699,0.000852
2026-05-20,4.712,0.002767
2026-05-21,4.685,-0.00573
2026-05-22,4.711,0.00555
2026-05-25,4.729,0.003821
2026-05-26,4.72,-0.001903
2026-05-27,4.713,-0.001483
2026-05-28,4.735,0.004668
2026-05-29,4.717,-0.003801
2026-06-01,4.688,-0.006148
2026-06-02,4.707,0.004053
2026-06-03,4.72,0.002762
2026-06-04,4.73,0.002119
2026-06-05,4.708,-0.004651
2026-06-08,4.682,-0.005523
2026-06-09,4.714,0.006835
2026-06-10,4.698,-0.003394
2026-06-11,4.698,0.0
2026-06-12,4.7,0.000426
2026-06-15,4.746,0.009787
2026-06-16,4.755,0.001896
2026-06-17,4.777,0.004627
2026-06-18,4.795,0.003768
2026-06-22,4.806,0.002294
2026-06-23,4.776,-0.006242
2026-06-24,4.804,0.005863
2026-06-25,4.826,0.00458
2026-06-26,4.809,-0.003523
2026-06-29,4.796,-0.002703
2026-06-30,4.808,0.002502
2026-07-01,4.798,-0.00208
2026-07-02,4.75,-0.010004
2026-07-03,4.751,0.000211
2026-07-06,4.732,-0.003999
2026-07-07,4.725,-0.001479
2026-07-08,4.719,-0.00127
2026-07-09,4.753,0.007205
2026-07-10,4.714,-0.008205
2026-07-13,4.685,-0.006152
2026-07-14,4.707,0.004696
2026-07-15,4.679,-0.005949
2026-07-16,4.652,-0.00577
2026-07-17,4.612,-0.008598
2026-07-20,4.602,-0.002168
2026-07-21,4.64,0.008257
2026-07-22,4.627,-0.002802
2026-07-23,4.626,-0.000216
2026-07-24,4.621,-0.001081
2026-07-27,4.643,0.004761
2026-07-28,4.61,-0.007107
2026-07-29,4.614,0.000868
2026-07-30,4.59,-0.005202
2026-07-31,4.602,0.002614
2026-08-03,4.588,-0.003042
2026-08-04,4.608,0.004359
2026-08-05,4.62,0.002604
2026-08-06,4.623,0.000649
2026-08-07,4.628,0.001082
2026-08-10,4.625,-0.000648
2026-08-11,4.619,-0.001297
2026-08-12,4.621,0.000433
2026-08-13,4.62,-0.000216
2026-08-14,4.622,0.000433
2026-08-17,4.643,0.004543
2026-08-18,4.638,-0.001077
2026-08-19,4.612,-0.005606
2026-08-20,4.616,0.000867
2026-08-21,4.619,0.00065
2026-08-24,4.604,-0.003247
2026-08-25,4.603,-0.000217
2026-08-26,4.608,0.001086
2026-08-27,4.617,0.001953
2026-08-28,4.609,-0.001733
2026-08-31,4.612,0.000651
2026-09-01,4.602,-0.002168
2026-09-02,4.596,-0.001304
2026-09-03,4.595,-0.000218
2026-09-04,4.587,-0.001741
2026-09-07,4.599,0.002616
2026-09-08,4.595,-0.00087
2026-09-09,4.594,-0.000218
2026-09-10,4.588,-0.001306
2026-09-11,4.586,-0.000436
2026-09-14,4.583,-0.000654
2026-09-15,4.582,-0.000218
2026-09-16,4.589,0.001528
2026-09-17,4.587,-0.000436
2026-09-18,4.597,0.00218
2026-09-21,4.6,0.000653
2026-09-22,4.598,-0.000435
2026-09-23,4.594,-0.00087
2026-09-24,4.584,-0.002177
2026-09-28,4.571,-0.002836
2026-09-29,4.572,0.000219
2026-09-30,4.574,0.000437
