净值日期,累计净值,daily_return
2001-09-21,1.0,
2001-09-28,1.0,0.0
2001-10-12,1.0,0.0
2001-10-19,1.001,0.001
2001-10-26,1.001,0.0
2001-11-02,1.001,0.0
2001-11-09,1.002,0.000999
2001-11-16,1.008,0.005988
2001-11-23,1.009,0.000992
2001-11-30,1.008,-0.000991
2001-12-07,1.009,0.000992
2001-12-14,1.004,-0.004955
2001-12-20,1.002,-0.001992
2001-12-21,1.002,0.0
2001-12-24,1.001,-0.000998
2001-12-25,1.006,0.004995
2001-12-26,1.008,0.001988
2001-12-27,1.009,0.000992
2001-12-28,1.011,0.001982
2001-12-31,1.012,0.000989
2002-01-04,1.008,-0.003953
2002-01-07,1.007,-0.000992
2002-01-08,1.007,0.0
2002-01-09,1.006,-0.000993
2002-01-10,1.007,0.000994
2002-01-11,1.003,-0.003972
2002-01-14,0.999,-0.003988
2002-01-15,0.998,-0.001001
2002-01-16,1.001,0.003006
2002-01-17,0.997,-0.003996
2002-01-18,0.999,0.002006
2002-01-21,0.996,-0.003003
2002-01-22,0.996,0.0
2002-01-23,1.007,0.011044
2002-01-24,1.008,0.000993
2002-01-25,1.008,0.0
2002-01-28,0.998,-0.009921
2002-01-29,1.002,0.004008
2002-01-30,1.003,0.000998
2002-01-31,1.013,0.00997
2002-02-01,1.012,-0.000987
2002-02-04,1.015,0.002964
2002-02-05,1.015,0.0
2002-02-06,1.014,-0.000985
2002-02-07,1.017,0.002959
2002-02-08,1.018,0.000983
2002-02-25,1.022,0.003929
2002-02-26,1.022,0.0
2002-02-27,1.022,0.0
2002-02-28,1.021,-0.000978
2002-03-01,1.017,-0.003918
2002-03-04,1.021,0.003933
2002-03-05,1.025,0.003918
2002-03-06,1.025,0.0
2002-03-07,1.029,0.003902
2002-03-08,1.03,0.000972
2002-03-11,1.032,0.001942
2002-03-12,1.028,-0.003876
2002-03-13,1.026,-0.001946
2002-03-14,1.031,0.004873
2002-03-15,1.027,-0.00388
2002-03-18,1.028,0.000974
2002-03-19,1.035,0.006809
2002-03-20,1.037,0.001932
2002-03-21,1.038,0.000964
2002-03-22,1.036,-0.001927
2002-03-25,1.036,0.0
2002-03-26,1.032,-0.003861
2002-03-27,1.033,0.000969
2002-03-28,1.033,0.0
2002-03-29,1.027,-0.005808
2002-03-31,1.027,0.0
2002-04-01,1.027,0.0
2002-04-02,1.025,-0.001947
2002-04-03,1.027,0.001951
2002-04-04,1.033,0.005842
2002-04-05,1.032,-0.000968
2002-04-08,1.033,0.000969
2002-04-09,1.043,0.009681
2002-04-10,1.047,0.003835
2002-04-11,1.043,-0.00382
2002-04-12,1.044,0.000959
2002-04-15,1.042,-0.001916
2002-04-16,1.04,-0.001919
2002-04-17,1.041,0.000962
2002-04-18,1.039,-0.001921
2002-04-19,1.04,0.000962
2002-04-22,1.038,-0.001923
2002-04-23,1.037,-0.000963
2002-04-24,1.035,-0.001929
2002-04-25,1.035,0.0
2002-04-26,1.038,0.002899
2002-04-29,1.042,0.003854
2002-04-30,1.043,0.00096
2002-05-08,1.041,-0.001918
2002-05-09,1.04,-0.000961
2002-05-10,1.038,-0.001923
2002-05-13,1.033,-0.004817
2002-05-14,1.032,-0.000968
2002-05-15,1.031,-0.000969
2002-05-16,1.023,-0.007759
2002-05-17,1.028,0.004888
2002-05-20,1.024,-0.003891
2002-05-21,1.031,0.006836
2002-05-22,1.027,-0.00388
2002-05-23,1.028,0.000974
2002-05-24,1.026,-0.001946
2002-05-27,1.026,0.0
2002-05-28,1.028,0.001949
2002-05-29,1.022,-0.005837
2002-05-30,1.022,0.0
2002-05-31,1.019,-0.002935
2002-06-03,1.013,-0.005888
2002-06-04,1.014,0.000987
2002-06-05,1.012,-0.001972
2002-06-06,1.024,0.011858
2002-06-07,1.025,0.000977
2002-06-10,1.024,-0.000976
2002-06-11,1.026,0.001953
2002-06-12,1.024,-0.001949
2002-06-13,1.023,-0.000977
2002-06-14,1.023,0.0
2002-06-17,1.022,-0.000978
2002-06-18,1.026,0.003914
2002-06-19,1.022,-0.003899
2002-06-20,1.023,0.000978
2002-06-21,1.032,0.008798
2002-06-24,1.058,0.025194
2002-06-25,1.06,0.00189
2002-06-26,1.061,0.000943
2002-06-27,1.066,0.004713
2002-06-28,1.072,0.005629
2002-06-30,1.072,0.0
2002-07-01,1.065,-0.00653
2002-07-02,1.069,0.003756
2002-07-03,1.07,0.000935
2002-07-04,1.066,-0.003738
2002-07-05,1.068,0.001876
2002-07-08,1.073,0.004682
2002-07-09,1.07,-0.002796
2002-07-10,1.059,-0.01028
2002-07-11,1.059,0.0
2002-07-12,1.06,0.000944
2002-07-15,1.053,-0.006604
2002-07-16,1.052,-0.00095
2002-07-17,1.055,0.002852
2002-07-18,1.057,0.001896
2002-07-19,1.062,0.00473
2002-07-22,1.053,-0.008475
2002-07-23,1.049,-0.003799
2002-07-24,1.05,0.000953
2002-07-25,1.047,-0.002857
2002-07-26,1.044,-0.002865
2002-07-29,1.046,0.001916
2002-07-30,1.046,0.0
2002-07-31,1.044,-0.001912
2002-08-01,1.043,-0.000958
2002-08-02,1.045,0.001918
2002-08-05,1.041,-0.003828
2002-08-06,1.047,0.005764
2002-08-07,1.046,-0.000955
2002-08-08,1.042,-0.003824
2002-08-09,1.037,-0.004798
2002-08-12,1.033,-0.003857
2002-08-13,1.033,0.0
2002-08-14,1.037,0.003872
2002-08-15,1.033,-0.003857
2002-08-16,1.037,0.003872
2002-08-19,1.037,0.0
2002-08-20,1.045,0.007715
2002-08-21,1.046,0.000957
2002-08-22,1.051,0.00478
2002-08-23,1.05,-0.000951
2002-08-26,1.046,-0.00381
2002-08-27,1.047,0.000956
2002-08-28,1.045,-0.00191
2002-08-29,1.043,-0.001914
2002-08-30,1.043,0.0
2002-09-02,1.043,0.0
2002-09-03,1.045,0.001918
2002-09-04,1.04,-0.004785
2002-09-05,1.032,-0.007692
2002-09-06,1.028,-0.003876
2002-09-09,1.024,-0.003891
2002-09-10,1.026,0.001953
2002-09-11,1.023,-0.002924
2002-09-12,1.025,0.001955
2002-09-13,1.026,0.000976
2002-09-16,1.018,-0.007797
2002-09-17,1.02,0.001965
2002-09-18,1.015,-0.004902
2002-09-19,1.025,0.009852
2002-09-20,1.021,-0.003902
2002-09-23,1.021,0.0
2002-09-24,1.019,-0.001959
2002-09-25,1.02,0.000981
2002-09-26,1.016,-0.003922
2002-09-27,1.015,-0.000984
2002-09-30,1.015,0.0
2002-10-08,1.006,-0.008867
2002-10-09,0.997,-0.008946
2002-10-10,0.997,0.0
2002-10-11,0.99,-0.007021
2002-10-14,0.991,0.00101
2002-10-15,0.989,-0.002018
2002-10-16,0.994,0.005056
2002-10-17,0.985,-0.009054
2002-10-18,0.985,0.0
2002-10-21,0.985,0.0
2002-10-22,0.992,0.007107
2002-10-23,0.992,0.0
2002-10-24,0.988,-0.004032
2002-10-25,0.984,-0.004049
2002-10-28,0.978,-0.006098
2002-10-29,0.98,0.002045
2002-10-30,0.981,0.00102
2002-10-31,0.982,0.001019
2002-11-01,0.984,0.002037
2002-11-04,0.99,0.006098
2002-11-05,0.998,0.008081
2002-11-06,0.996,-0.002004
2002-11-07,0.996,0.0
2002-11-08,0.985,-0.011044
2002-11-11,0.98,-0.005076
2002-11-12,0.976,-0.004082
2002-11-13,0.977,0.001025
2002-11-14,0.97,-0.007165
2002-11-15,0.97,0.0
2002-11-18,0.964,-0.006186
2002-11-19,0.967,0.003112
2002-11-20,0.957,-0.010341
2002-11-21,0.946,-0.011494
2002-11-22,0.948,0.002114
2002-11-25,0.949,0.001055
2002-11-26,0.939,-0.010537
2002-11-27,0.942,0.003195
2002-11-28,0.953,0.011677
2002-11-29,0.959,0.006296
2002-12-02,0.945,-0.014599
2002-12-03,0.95,0.005291
2002-12-04,0.953,0.003158
2002-12-05,0.949,-0.004197
2002-12-06,0.95,0.001054
2002-12-09,0.949,-0.001053
2002-12-10,0.944,-0.005269
2002-12-11,0.943,-0.001059
2002-12-12,0.944,0.00106
2002-12-13,0.948,0.004237
2002-12-16,0.952,0.004219
2002-12-17,0.953,0.00105
2002-12-18,0.952,-0.001049
2002-12-19,0.952,0.0
2002-12-20,0.957,0.005252
2002-12-23,0.957,0.0
2002-12-24,0.958,0.001045
2002-12-25,0.955,-0.003132
2002-12-26,0.944,-0.011518
2002-12-27,0.946,0.002119
2002-12-30,0.941,-0.005285
2002-12-31,0.938,-0.003188
2003-01-02,0.917,-0.022388
2003-01-03,0.914,-0.003272
2003-01-06,0.919,0.00547
2003-01-07,0.918,-0.001088
2003-01-08,0.932,0.015251
2003-01-09,0.941,0.009657
2003-01-10,0.938,-0.003188
2003-01-13,0.94,0.002132
2003-01-14,0.964,0.025532
2003-01-15,0.963,-0.001037
2003-01-16,0.971,0.008307
2003-01-17,0.969,-0.00206
2003-01-20,0.971,0.002064
2003-01-21,0.962,-0.009269
2003-01-22,0.963,0.00104
2003-01-23,0.961,-0.002077
2003-01-24,0.968,0.007284
2003-01-27,0.974,0.006198
2003-01-28,0.976,0.002053
2003-01-29,0.978,0.002049
2003-02-10,0.971,-0.007157
2003-02-11,0.975,0.004119
2003-02-12,0.98,0.005128
2003-02-13,0.979,-0.00102
2003-02-14,0.981,0.002043
2003-02-17,0.976,-0.005097
2003-02-18,0.976,0.0
2003-02-19,0.98,0.004098
2003-02-20,0.983,0.003061
2003-02-21,0.974,-0.009156
2003-02-24,0.976,0.002053
2003-02-25,0.986,0.010246
2003-02-26,0.986,0.0
2003-02-27,0.986,0.0
2003-02-28,0.987,0.001014
2003-03-03,0.993,0.006079
2003-03-04,0.993,0.0
2003-03-05,0.992,-0.001007
2003-03-06,0.987,-0.00504
2003-03-07,0.986,-0.001013
2003-03-10,0.977,-0.009128
2003-03-11,0.977,0.0
2003-03-12,0.979,0.002047
2003-03-13,0.978,-0.001021
2003-03-14,0.979,0.001022
2003-03-17,0.984,0.005107
2003-03-18,0.981,-0.003049
2003-03-19,0.983,0.002039
2003-03-20,0.981,-0.002035
2003-03-21,0.983,0.002039
2003-03-24,0.984,0.001017
2003-03-25,0.981,-0.003049
2003-03-26,0.979,-0.002039
2003-03-27,0.993,0.0143
2003-03-28,0.993,0.0
2003-03-31,1.003,0.01007
2003-04-01,1.005,0.001994
2003-04-02,1.004,-0.000995
2003-04-03,1.0,-0.003984
2003-04-04,1.004,0.004
2003-04-07,1.006,0.001992
2003-04-08,1.009,0.002982
2003-04-09,1.021,0.011893
2003-04-10,1.028,0.006856
2003-04-11,1.039,0.0107
2003-04-14,1.054,0.014437
2003-04-15,1.066,0.011385
2003-04-16,1.058,-0.007505
2003-04-17,1.06,0.00189
2003-04-18,1.055,-0.004717
2003-04-21,1.036,-0.018009
2003-04-22,1.036,0.0
2003-04-23,1.025,-0.010618
2003-04-24,1.005,-0.019512
2003-04-25,0.998,-0.006965
2003-04-28,1.033,0.03507
2003-04-29,1.019,-0.013553
2003-04-30,1.026,0.006869
2003-05-12,1.033,0.006823
2003-05-13,1.014,-0.018393
2003-05-14,1.026,0.011834
2003-05-15,1.04,0.013645
2003-05-16,1.044,0.003846
2003-05-19,1.047,0.002874
2003-05-20,1.037,-0.009551
2003-05-21,1.034,-0.002893
2003-05-22,1.041,0.00677
2003-05-23,1.05,0.008646
2003-05-26,1.052,0.001905
2003-05-27,1.051,-0.000951
2003-05-28,1.039,-0.011418
2003-05-29,1.043,0.00385
2003-05-30,1.046,0.002876
2003-06-02,1.045,-0.000956
2003-06-03,1.041,-0.003828
2003-06-04,1.043,0.001921
2003-06-05,1.035,-0.00767
2003-06-06,1.029,-0.005797
2003-06-09,1.026,-0.002915
2003-06-10,1.03,0.003899
2003-06-11,1.039,0.008738
2003-06-12,1.038,-0.000962
2003-06-13,1.041,0.00289
2003-06-16,1.036,-0.004803
2003-06-17,1.035,-0.000965
2003-06-18,1.035,0.0
2003-06-19,1.03,-0.004831
2003-06-20,1.025,-0.004854
2003-06-23,1.018,-0.006829
2003-06-24,1.019,0.000982
2003-06-25,1.018,-0.000981
2003-06-26,1.024,0.005894
2003-06-27,1.017,-0.006836
2003-06-30,1.017,0.0
2003-07-01,1.017,0.0
2003-07-02,1.025,0.007866
2003-07-03,1.025,0.0
2003-07-04,1.026,0.000976
2003-07-07,1.027,0.000975
2003-07-08,1.029,0.001947
2003-07-09,1.027,-0.001944
2003-07-10,1.042,0.014606
2003-07-11,1.04,-0.001919
2003-07-14,1.04,0.0
2003-07-15,1.043,0.002885
2003-07-16,1.046,0.002876
2003-07-17,1.053,0.006692
2003-07-18,1.038,-0.014245
2003-07-21,1.036,-0.001927
2003-07-22,1.036,0.0
2003-07-23,1.038,0.001931
2003-07-24,1.036,-0.001927
2003-07-25,1.028,-0.007722
2003-07-28,1.028,0.0
2003-07-29,1.032,0.003891
2003-07-30,1.036,0.003876
2003-07-31,1.036,0.0
2003-08-01,1.036,0.0
2003-08-04,1.044,0.007722
2003-08-05,1.044,0.0
2003-08-06,1.039,-0.004789
2003-08-07,1.038,-0.000962
2003-08-08,1.031,-0.006744
2003-08-11,1.032,0.00097
2003-08-12,1.035,0.002907
2003-08-13,1.027,-0.007729
2003-08-14,1.019,-0.00779
2003-08-15,1.0171,-0.001865
2003-08-18,1.016,-0.001082
2003-08-19,1.019,0.002953
2003-08-20,1.016,-0.002944
2003-08-21,1.015,-0.000984
2003-08-22,1.015,0.0
2003-08-25,1.008,-0.006897
2003-08-26,1.009,0.000992
2003-08-27,1.009,0.0
2003-08-28,1.005,-0.003964
2003-08-29,1.011,0.00597
2003-09-01,1.026,0.014837
2003-09-02,1.024,-0.001949
2003-09-03,1.022,-0.001953
2003-09-04,1.021,-0.000978
2003-09-05,1.013,-0.007835
2003-09-08,1.01,-0.002962
2003-09-09,1.005,-0.00495
2003-09-10,1.006,0.000995
2003-09-11,1.008,0.001988
2003-09-12,1.003,-0.00496
2003-09-15,0.997,-0.005982
2003-09-16,0.997,0.0
2003-09-17,0.988,-0.009027
2003-09-18,0.989,0.001012
2003-09-19,0.99,0.001011
2003-09-22,0.98,-0.010101
2003-09-23,0.982,0.002041
2003-09-24,0.982,0.0
2003-09-25,0.975,-0.007128
2003-09-26,0.976,0.001026
2003-09-29,0.972,-0.004098
2003-09-30,0.979,0.007202
2003-10-08,0.98,0.001021
2003-10-09,0.979,-0.00102
2003-10-10,0.995,0.016343
2003-10-13,0.992,-0.003015
2003-10-14,0.988,-0.004032
2003-10-15,0.985,-0.003036
2003-10-16,0.978,-0.007107
2003-10-17,0.983,0.005112
2003-10-20,0.978,-0.005086
2003-10-21,0.981,0.003067
2003-10-22,1.004,0.023445
2003-10-23,1.0,-0.003984
2003-10-24,1.0,0.0
2003-10-27,0.999,-0.001
2003-10-28,1.007,0.008008
2003-10-29,1.013,0.005958
2003-10-30,1.009,-0.003949
2003-10-31,1.006,-0.002973
2003-11-03,1.016,0.00994
2003-11-04,1.035,0.018701
2003-11-05,1.035,0.0
2003-11-06,1.031,-0.003865
2003-11-07,1.017,-0.013579
2003-11-10,1.022,0.004916
2003-11-11,1.022,0.0
2003-11-12,1.012,-0.009785
2003-11-13,1.011,-0.000988
2003-11-14,1.015,0.003956
2003-11-17,1.011,-0.003941
2003-11-18,1.004,-0.006924
2003-11-19,1.01,0.005976
2003-11-20,1.021,0.010891
2003-11-21,1.017,-0.003918
2003-11-24,1.032,0.014749
2003-11-25,1.032,0.0
2003-11-26,1.034,0.001938
2003-11-27,1.025,-0.008704
2003-11-28,1.03,0.004878
2003-12-01,1.048,0.017476
2003-12-02,1.052,0.003817
2003-12-03,1.055,0.002852
2003-12-04,1.057,0.001896
2003-12-05,1.056,-0.000946
2003-12-08,1.046,-0.00947
2003-12-09,1.049,0.002868
2003-12-10,1.06,0.010486
2003-12-11,1.06,0.0
2003-12-12,1.061,0.000943
2003-12-15,1.063,0.001885
2003-12-16,1.063,0.0
2003-12-17,1.057,-0.005644
2003-12-18,1.068,0.010407
2003-12-19,1.076,0.007491
2003-12-22,1.097,0.019517
2003-12-23,1.1,0.002735
2003-12-24,1.112,0.010909
2003-12-25,1.111,-0.000899
2003-12-26,1.107,-0.0036
2003-12-29,1.099,-0.007227
2003-12-30,1.107,0.007279
2003-12-31,1.1,-0.006323
2004-01-02,1.107,0.006364
2004-01-05,1.142,0.031617
2004-01-06,1.151,0.007881
2004-01-07,1.159,0.00695
2004-01-08,1.169,0.008628
2004-01-09,1.155,-0.011976
2004-01-12,1.186,0.02684
2004-01-13,1.184,-0.001686
2004-01-14,1.171,-0.01098
2004-01-15,1.168,-0.002562
2004-01-16,1.17,0.001712
2004-01-29,1.174,0.003419
2004-01-30,1.148,-0.022147
2004-02-02,1.161,0.011324
2004-02-03,1.17,0.007752
2004-02-04,1.183,0.011111
2004-02-05,1.179,-0.003381
2004-02-06,1.178,-0.000848
2004-02-09,1.185,0.005942
2004-02-10,1.175,-0.008439
2004-02-11,1.163,-0.010213
2004-02-12,1.155,-0.006879
2004-02-13,1.163,0.006926
2004-02-16,1.181,0.015477
2004-02-17,1.185,0.003387
2004-02-18,1.193,0.006751
2004-02-19,1.19,-0.002515
2004-02-20,1.193,0.002521
2004-02-23,1.164,-0.024308
2004-02-24,1.177,0.011168
2004-02-25,1.165,-0.010195
2004-02-26,1.182,0.014592
2004-02-27,1.188,0.005076
2004-03-01,1.195,0.005892
2004-03-02,1.187,-0.006695
2004-03-03,1.174,-0.010952
2004-03-04,1.175,0.000852
2004-03-05,1.173,-0.001702
2004-03-08,1.169,-0.00341
2004-03-09,1.175,0.005133
2004-03-10,1.195,0.017021
2004-03-11,1.202,0.005858
2004-03-12,1.211,0.007488
2004-03-15,1.234,0.018993
2004-03-16,1.235,0.00081
2004-03-17,1.236,0.00081
2004-03-18,1.22,-0.012945
2004-03-19,1.237,0.013934
2004-03-22,1.231,-0.00485
2004-03-23,1.219,-0.009748
2004-03-24,1.219,0.0
2004-03-25,1.218,-0.00082
2004-03-26,1.217,-0.000821
2004-03-29,1.206,-0.009039
2004-03-30,1.204,-0.001658
2004-03-31,1.211,0.005814
2004-04-01,1.22,0.007432
2004-04-02,1.231,0.009016
2004-04-05,1.229,-0.001625
2004-04-06,1.231,0.001627
2004-04-07,1.232,0.000812
2004-04-08,1.231,-0.000812
2004-04-09,1.208,-0.018684
2004-04-12,1.202,-0.004967
2004-04-13,1.197,-0.00416
2004-04-14,1.185,-0.010025
2004-04-15,1.179,-0.005063
2004-04-16,1.194,0.012723
2004-04-19,1.189,-0.004188
2004-04-20,1.181,-0.006728
2004-04-21,1.167,-0.011854
2004-04-22,1.172,0.004284
2004-04-23,1.167,-0.004266
2004-04-26,1.173,0.005141
2004-04-27,1.161,-0.01023
2004-04-28,1.148,-0.011197
2004-04-29,1.128,-0.017422
2004-04-30,1.144,0.014184
2004-05-10,1.121,-0.020105
2004-05-11,1.125,0.003568
2004-05-12,1.141,0.014222
2004-05-13,1.137,-0.003506
2004-05-14,1.117,-0.01759
2004-05-17,1.103,-0.012534
2004-05-18,1.104,0.000907
2004-05-19,1.103,-0.000906
2004-05-20,1.099,-0.003626
2004-05-21,1.106,0.006369
2004-05-24,1.104,-0.001808
2004-05-25,1.094,-0.009058
2004-05-26,1.102,0.007313
2004-05-27,1.119,0.015426
2004-05-28,1.117,-0.001787
2004-05-31,1.12,0.002686
2004-06-01,1.131,0.009821
2004-06-02,1.124,-0.006189
2004-06-03,1.116,-0.007117
2004-06-04,1.113,-0.002688
2004-06-07,1.105,-0.007188
2004-06-08,1.095,-0.00905
2004-06-09,1.09,-0.004566
2004-06-10,1.092,0.001835
2004-06-11,1.09,-0.001832
2004-06-14,1.078,-0.011009
2004-06-15,1.088,0.009276
2004-06-16,1.093,0.004596
2004-06-17,1.076,-0.015554
2004-06-18,1.064,-0.011152
2004-06-21,1.064,0.0
2004-06-22,1.071,0.006579
2004-06-23,1.065,-0.005602
2004-06-24,1.061,-0.003756
2004-06-25,1.052,-0.008483
2004-06-28,1.047,-0.004753
2004-06-29,1.06,0.012416
2004-06-30,1.061,0.000943
2004-07-01,1.08,0.017908
2004-07-02,1.081,0.000926
2004-07-05,1.084,0.002775
2004-07-06,1.088,0.00369
2004-07-07,1.085,-0.002757
2004-07-08,1.085,0.0
2004-07-09,1.082,-0.002765
2004-07-12,1.072,-0.009242
2004-07-13,1.073,0.000933
2004-07-14,1.08,0.006524
2004-07-15,1.09,0.009259
2004-07-16,1.103,0.011927
2004-07-19,1.106,0.00272
2004-07-20,1.101,-0.004521
2004-07-21,1.102,0.000908
2004-07-22,1.082,-0.018149
2004-07-23,1.081,-0.000924
2004-07-26,1.077,-0.0037
2004-07-27,1.072,-0.004643
2004-07-28,1.075,0.002799
2004-07-29,1.082,0.006512
2004-07-30,1.075,-0.00647
2004-08-02,1.067,-0.007442
2004-08-03,1.057,-0.009372
2004-08-04,1.08,0.02176
2004-08-05,1.07,-0.009259
2004-08-06,1.072,0.001869
2004-08-09,1.078,0.005597
2004-08-10,1.083,0.004638
2004-08-11,1.077,-0.00554
2004-08-12,1.072,-0.004643
2004-08-13,1.075,0.002799
2004-08-16,1.072,-0.002791
2004-08-17,1.077,0.004664
2004-08-18,1.078,0.000929
2004-08-19,1.075,-0.002783
2004-08-20,1.077,0.00186
2004-08-23,1.067,-0.009285
2004-08-24,1.069,0.001874
2004-08-25,1.068,-0.000935
2004-08-26,1.069,0.000936
2004-08-27,1.061,-0.007484
2004-08-30,1.056,-0.004713
2004-08-31,1.066,0.00947
2004-09-01,1.055,-0.010319
2004-09-02,1.056,0.000948
2004-09-03,1.055,-0.000947
2004-09-06,1.05,-0.004739
2004-09-07,1.053,0.002857
2004-09-08,1.046,-0.006648
2004-09-09,1.036,-0.00956
2004-09-10,1.039,0.002896
2004-09-13,1.028,-0.010587
2004-09-14,1.046,0.01751
2004-09-15,1.069,0.021989
2004-09-16,1.077,0.007484
2004-09-17,1.096,0.017642
2004-09-20,1.116,0.018248
2004-09-21,1.111,-0.00448
2004-09-22,1.1,-0.009901
2004-09-23,1.125,0.022727
2004-09-24,1.117,-0.007111
2004-09-27,1.122,0.004476
2004-09-28,1.126,0.003565
2004-09-29,1.12,-0.005329
2004-09-30,1.116,-0.003571
2004-10-08,1.129,0.011649
2004-10-11,1.124,-0.004429
2004-10-12,1.104,-0.017794
2004-10-13,1.1,-0.003623
2004-10-14,1.084,-0.014545
2004-10-15,1.086,0.001845
2004-10-18,1.089,0.002762
2004-10-19,1.09,0.000918
2004-10-20,1.091,0.000917
2004-10-21,1.085,-0.0055
2004-10-22,1.097,0.01106
2004-10-25,1.084,-0.011851
2004-10-26,1.085,0.000923
2004-10-27,1.092,0.006452
2004-10-28,1.091,-0.000916
2004-10-29,1.08,-0.010082
2004-11-01,1.08,0.0
2004-11-02,1.079,-0.000926
2004-11-03,1.088,0.008341
2004-11-04,1.077,-0.01011
2004-11-05,1.077,0.0
2004-11-08,1.079,0.001857
2004-11-09,1.079,0.0
2004-11-10,1.101,0.020389
2004-11-11,1.097,-0.003633
2004-11-12,1.1,0.002735
2004-11-15,1.107,0.006364
2004-11-16,1.112,0.004517
2004-11-17,1.109,-0.002698
2004-11-18,1.114,0.004509
2004-11-19,1.116,0.001795
2004-11-22,1.113,-0.002688
2004-11-23,1.1,-0.01168
2004-11-24,1.1,0.0
2004-11-25,1.101,0.000909
2004-11-26,1.1,-0.000908
2004-11-29,1.093,-0.006364
2004-11-30,1.091,-0.00183
2004-12-01,1.087,-0.003666
2004-12-02,1.084,-0.00276
2004-12-03,1.084,0.0
2004-12-06,1.083,-0.000923
2004-12-07,1.08,-0.00277
2004-12-08,1.084,0.003704
2004-12-09,1.091,0.006458
2004-12-10,1.087,-0.003666
2004-12-13,1.086,-0.00092
2004-12-14,1.085,-0.000921
2004-12-15,1.09,0.004608
2004-12-16,1.087,-0.002752
2004-12-17,1.081,-0.00552
2004-12-20,1.067,-0.012951
2004-12-21,1.065,-0.001874
2004-12-22,1.081,0.015023
2004-12-23,1.071,-0.009251
2004-12-24,1.073,0.001867
2004-12-27,1.073,0.0
2004-12-28,1.077,0.003728
2004-12-29,1.074,-0.002786
2004-12-30,1.077,0.002793
2004-12-31,1.081,0.003714
2005-01-04,1.062,-0.017576
2005-01-05,1.065,0.002825
2005-01-06,1.056,-0.008451
2005-01-07,1.051,-0.004735
2005-01-10,1.054,0.002854
2005-01-11,1.057,0.002846
2005-01-12,1.06,0.002838
2005-01-13,1.062,0.001887
2005-01-14,1.059,-0.002825
2005-01-17,1.045,-0.01322
2005-01-18,1.046,0.000957
2005-01-19,1.034,-0.011472
2005-01-20,1.028,-0.005803
2005-01-21,1.05,0.021401
2005-01-24,1.062,0.011429
2005-01-25,1.065,0.002825
2005-01-26,1.061,-0.003756
2005-01-27,1.054,-0.006598
2005-01-28,1.053,-0.000949
2005-01-31,1.052,-0.00095
2005-02-01,1.055,0.002852
2005-02-02,1.089,0.032227
2005-02-03,1.082,-0.006428
2005-02-04,1.098,0.014787
2005-02-16,1.102,0.003643
2005-02-17,1.094,-0.00726
2005-02-18,1.088,-0.005484
2005-02-21,1.101,0.011949
2005-02-22,1.113,0.010899
2005-02-23,1.108,-0.004492
2005-02-24,1.105,-0.002708
2005-02-25,1.109,0.00362
2005-02-28,1.105,-0.003607
2005-03-01,1.102,-0.002715
2005-03-02,1.096,-0.005445
2005-03-03,1.1,0.00365
2005-03-04,1.1,0.0
2005-03-07,1.106,0.005455
2005-03-08,1.116,0.009042
2005-03-09,1.118,0.001792
2005-03-10,1.108,-0.008945
2005-03-11,1.117,0.008123
2005-03-14,1.135,0.016115
2005-03-15,1.122,-0.011454
2005-03-16,1.114,-0.00713
2005-03-17,1.113,-0.000898
2005-03-18,1.104,-0.008086
2005-03-21,1.113,0.008152
2005-03-22,1.122,0.008086
2005-03-23,1.115,-0.006239
2005-03-24,1.107,-0.007175
2005-03-25,1.106,-0.000903
2005-03-28,1.115,0.008137
2005-03-29,1.11,-0.004484
2005-03-30,1.1,-0.009009
2005-03-31,1.104,0.003636
2005-04-01,1.135,0.02808
2005-04-04,1.139,0.003524
2005-04-05,1.14,0.000878
2005-04-06,1.163,0.020175
2005-04-07,1.159,-0.003439
2005-04-08,1.168,0.007765
2005-04-11,1.155,-0.01113
2005-04-12,1.15,-0.004329
2005-04-13,1.159,0.007826
2005-04-14,1.157,-0.001726
2005-04-15,1.156,-0.000864
2005-04-18,1.15,-0.00519
2005-04-19,1.14,-0.008696
2005-04-20,1.137,-0.002632
2005-04-21,1.149,0.010554
2005-04-22,1.149,0.0
2005-04-25,1.151,0.001741
2005-04-26,1.154,0.002606
2005-04-27,1.153,-0.000867
2005-04-28,1.16,0.006071
2005-04-29,1.151,-0.007759
2005-05-09,1.131,-0.017376
2005-05-10,1.123,-0.007073
2005-05-11,1.102,-0.0187
2005-05-12,1.092,-0.009074
2005-05-13,1.089,-0.002747
2005-05-16,1.077,-0.011019
2005-05-17,1.08,0.002786
2005-05-18,1.072,-0.007407
2005-05-19,1.068,-0.003731
2005-05-20,1.072,0.003745
2005-05-23,1.061,-0.010261
2005-05-24,1.051,-0.009425
2005-05-25,1.049,-0.001903
2005-05-26,1.039,-0.009533
2005-05-27,1.022,-0.016362
2005-05-30,1.024,0.001957
2005-05-31,1.026,0.001953
2005-06-01,1.008,-0.017544
2005-06-02,0.978,-0.029762
2005-06-03,0.986,0.00818
2005-06-06,1.016,0.030426
2005-06-07,1.013,-0.002953
2005-06-08,1.07,0.056269
2005-06-09,1.075,0.004673
2005-06-10,1.059,-0.014884
2005-06-13,1.047,-0.011331
2005-06-14,1.038,-0.008596
2005-06-15,1.031,-0.006744
2005-06-16,1.041,0.009699
2005-06-17,1.036,-0.004803
2005-06-20,1.065,0.027992
2005-06-21,1.065,0.0
2005-06-22,1.075,0.00939
2005-06-23,1.069,-0.005581
2005-06-24,1.069,0.0
2005-06-27,1.085,0.014967
2005-06-28,1.075,-0.009217
2005-06-29,1.074,-0.00093
2005-06-30,1.069,-0.004655
2005-07-01,1.058,-0.01029
2005-07-04,1.062,0.003781
2005-07-05,1.057,-0.004708
2005-07-06,1.043,-0.013245
2005-07-07,1.041,-0.001918
2005-07-08,1.041,0.0
2005-07-11,1.039,-0.001921
2005-07-12,1.057,0.017324
2005-07-13,1.056,-0.000946
2005-07-14,1.06,0.003788
2005-07-15,1.059,-0.000943
2005-07-18,1.057,-0.001889
2005-07-19,1.06,0.002838
2005-07-20,1.063,0.00283
2005-07-21,1.061,-0.001881
2005-07-22,1.069,0.00754
2005-07-25,1.065,-0.003742
2005-07-26,1.077,0.011268
2005-07-27,1.089,0.011142
2005-07-28,1.088,-0.000918
2005-07-29,1.082,-0.005515
2005-08-01,1.083,0.000924
2005-08-02,1.087,0.003693
2005-08-03,1.093,0.00552
2005-08-04,1.093,0.0
2005-08-05,1.107,0.012809
2005-08-08,1.101,-0.00542
2005-08-09,1.097,-0.003633
2005-08-10,1.102,0.004558
2005-08-11,1.114,0.010889
2005-08-12,1.104,-0.008977
2005-08-15,1.115,0.009964
2005-08-16,1.108,-0.006278
2005-08-17,1.111,0.002708
2005-08-18,1.09,-0.018902
2005-08-19,1.09,0.0
2005-08-22,1.097,0.006422
2005-08-23,1.095,-0.001823
2005-08-24,1.098,0.00274
2005-08-25,1.093,-0.004554
2005-08-26,1.091,-0.00183
2005-08-29,1.087,-0.003666
2005-08-30,1.087,0.0
2005-08-31,1.096,0.00828
2005-09-01,1.107,0.010036
2005-09-02,1.109,0.001807
2005-09-05,1.108,-0.000902
2005-09-06,1.101,-0.006318
2005-09-07,1.111,0.009083
2005-09-08,1.118,0.006301
2005-09-09,1.113,-0.004472
2005-09-12,1.113,0.0
2005-09-13,1.125,0.010782
2005-09-14,1.131,0.005333
2005-09-15,1.13,-0.000884
2005-09-16,1.127,-0.002655
2005-09-19,1.127,0.0
2005-09-20,1.124,-0.002662
2005-09-21,1.11,-0.012456
2005-09-22,1.097,-0.011712
2005-09-23,1.098,0.000912
2005-09-26,1.102,0.003643
2005-09-27,1.099,-0.002722
2005-09-28,1.102,0.00273
2005-09-29,1.109,0.006352
2005-09-30,1.111,0.001803
2005-10-10,1.103,-0.007201
2005-10-11,1.111,0.007253
2005-10-12,1.114,0.0027
2005-10-13,1.109,-0.004488
2005-10-14,1.1,-0.008115
2005-10-17,1.102,0.001818
2005-10-18,1.112,0.009074
2005-10-19,1.11,-0.001799
2005-10-20,1.113,0.002703
2005-10-21,1.116,0.002695
2005-10-24,1.118,0.001792
2005-10-25,1.108,-0.008945
2005-10-26,1.1,-0.00722
2005-10-27,1.102,0.001818
2005-10-28,1.093,-0.008167
2005-10-31,1.099,0.005489
2005-11-01,1.093,-0.00546
2005-11-02,1.097,0.00366
2005-11-03,1.086,-0.010027
2005-11-04,1.09,0.003683
2005-11-07,1.085,-0.004587
2005-11-08,1.088,0.002765
2005-11-09,1.094,0.005515
2005-11-10,1.087,-0.006399
2005-11-11,1.089,0.00184
2005-11-14,1.082,-0.006428
2005-11-15,1.072,-0.009242
2005-11-16,1.07,-0.001866
2005-11-17,1.068,-0.001869
2005-11-18,1.084,0.014981
2005-11-21,1.086,0.001845
2005-11-22,1.08,-0.005525
2005-11-23,1.088,0.007407
2005-11-24,1.089,0.000919
2005-11-25,1.091,0.001837
2005-11-28,1.087,-0.003666
2005-11-29,1.08,-0.00644
2005-11-30,1.08,0.0
2005-12-01,1.077,-0.002778
2005-12-02,1.079,0.001857
2005-12-05,1.076,-0.00278
2005-12-06,1.079,0.002788
2005-12-07,1.086,0.006487
2005-12-08,1.085,-0.000921
2005-12-09,1.095,0.009217
2005-12-12,1.093,-0.001826
2005-12-13,1.09,-0.002745
2005-12-14,1.099,0.008257
2005-12-15,1.1,0.00091
2005-12-16,1.106,0.005455
2005-12-19,1.108,0.001808
2005-12-20,1.109,0.000903
2005-12-21,1.109,0.0
2005-12-22,1.115,0.00541
2005-12-23,1.126,0.009865
2005-12-26,1.131,0.00444
2005-12-27,1.133,0.001768
2005-12-28,1.139,0.005296
2005-12-29,1.15,0.009658
2005-12-30,1.143,-0.006087
2005-12-31,1.143,0.0
2006-01-04,1.15,0.006124
2006-01-05,1.164,0.012174
2006-01-06,1.182,0.015464
2006-01-09,1.183,0.000846
2006-01-10,1.187,0.003381
2006-01-11,1.181,-0.005055
2006-01-12,1.184,0.00254
2006-01-13,1.177,-0.005912
2006-01-16,1.163,-0.011895
2006-01-17,1.167,0.003439
2006-01-18,1.182,0.012853
2006-01-19,1.186,0.003384
2006-01-20,1.189,0.00253
2006-01-23,1.182,-0.005887
2006-01-24,1.191,0.007614
2006-01-25,1.21,0.015953
2006-02-06,1.224,0.01157
2006-02-07,1.218,-0.004902
2006-02-08,1.211,-0.005747
2006-02-09,1.198,-0.010735
2006-02-10,1.216,0.015025
2006-02-13,1.235,0.015625
2006-02-14,1.24,0.004049
2006-02-15,1.243,0.002419
2006-02-16,1.227,-0.012872
2006-02-17,1.219,-0.00652
2006-02-20,1.221,0.001641
2006-02-21,1.233,0.009828
2006-02-22,1.231,-0.001622
2006-02-23,1.233,0.001625
2006-02-24,1.242,0.007299
2006-02-27,1.251,0.007246
2006-02-28,1.255,0.003197
2006-03-01,1.261,0.004781
2006-03-02,1.251,-0.00793
2006-03-03,1.253,0.001599
2006-03-06,1.248,-0.00399
2006-03-07,1.23,-0.014423
2006-03-08,1.226,-0.003252
2006-03-09,1.222,-0.003263
2006-03-10,1.224,0.001637
2006-03-13,1.237,0.010621
2006-03-14,1.236,-0.000808
2006-03-15,1.246,0.008091
2006-03-16,1.247,0.000803
2006-03-17,1.244,-0.002406
2006-03-20,1.252,0.006431
2006-03-21,1.262,0.007987
2006-03-22,1.276,0.011094
2006-03-23,1.277,0.000784
2006-03-24,1.274,-0.002349
2006-03-27,1.282,0.006279
2006-03-28,1.288,0.00468
2006-03-29,1.297,0.006988
2006-03-30,1.298,0.000771
2006-03-31,1.305,0.005393
2006-04-03,1.324,0.014559
2006-04-04,1.33,0.004532
2006-04-05,1.354,0.018045
2006-04-06,1.358,0.002954
2006-04-07,1.349,-0.006627
2006-04-10,1.362,0.009637
2006-04-11,1.373,0.008076
2006-04-12,1.364,-0.006555
2006-04-13,1.344,-0.014663
2006-04-14,1.367,0.017113
2006-04-17,1.376,0.006584
2006-04-18,1.385,0.006541
2006-04-19,1.417,0.023105
2006-04-20,1.408,-0.006351
2006-04-21,1.435,0.019176
2006-04-24,1.451,0.01115
2006-04-25,1.476,0.017229
2006-04-26,1.477,0.000678
2006-04-27,1.48,0.002031
2006-04-28,1.499,0.012838
2006-05-08,1.539,0.026684
2006-05-09,1.562,0.014945
2006-05-10,1.564,0.00128
2006-05-11,1.549,-0.009591
2006-05-12,1.578,0.018722
2006-05-15,1.632,0.034221
2006-05-16,1.599,-0.020221
2006-05-17,1.585,-0.008755
2006-05-18,1.616,0.019558
2006-05-19,1.644,0.017327
2006-05-22,1.645,0.000608
2006-05-23,1.607,-0.0231
2006-05-24,1.6,-0.004356
2006-05-25,1.609,0.005625
2006-05-26,1.63,0.013052
2006-05-29,1.68,0.030675
2006-05-30,1.731,0.030357
2006-05-31,1.718,-0.00751
2006-06-01,1.756,0.022119
2006-06-02,1.71,-0.026196
2006-06-05,1.694,-0.009357
2006-06-06,1.674,-0.011806
2006-06-07,1.605,-0.041219
2006-06-08,1.612,0.004361
2006-06-09,1.611,-0.00062
2006-06-12,1.631,0.012415
2006-06-13,1.625,-0.003679
2006-06-14,1.61,-0.009231
2006-06-15,1.611,0.000621
2006-06-16,1.645,0.021105
2006-06-19,1.684,0.023708
2006-06-20,1.692,0.004751
2006-06-21,1.673,-0.011229
2006-06-22,1.663,-0.005977
2006-06-23,1.666,0.001804
2006-06-26,1.677,0.006603
2006-06-27,1.678,0.000596
2006-06-28,1.673,-0.00298
2006-06-29,1.694,0.012552
2006-06-30,1.685,-0.005313
2006-07-03,1.691,0.003561
2006-07-04,1.69,-0.000591
2006-07-05,1.68,-0.005917
2006-07-06,1.701,0.0125
2006-07-07,1.691,-0.005879
2006-07-10,1.686,-0.002957
2006-07-11,1.691,0.002966
2006-07-12,1.698,0.00414
2006-07-13,1.649,-0.028857
2006-07-14,1.662,0.007884
2006-07-17,1.677,0.009025
2006-07-18,1.675,-0.001193
2006-07-19,1.646,-0.017313
2006-07-20,1.655,0.005468
2006-07-21,1.664,0.005438
2006-07-24,1.674,0.00601
2006-07-25,1.689,0.008961
2006-07-26,1.684,-0.00296
2006-07-27,1.666,-0.010689
2006-07-28,1.656,-0.006002
2006-07-31,1.61,-0.027778
2006-08-01,1.598,-0.007453
2006-08-02,1.595,-0.001877
2006-08-03,1.591,-0.002508
2006-08-04,1.565,-0.016342
2006-08-07,1.548,-0.010863
2006-08-08,1.577,0.018734
2006-08-09,1.576,-0.000634
2006-08-10,1.594,0.011421
2006-08-11,1.605,0.006901
2006-08-14,1.585,-0.012461
2006-08-15,1.599,0.008833
2006-08-16,1.613,0.008755
2006-08-17,1.603,-0.0062
2006-08-18,1.601,-0.001248
2006-08-21,1.605,0.002498
2006-08-22,1.623,0.011215
2006-08-23,1.623,0.0
2006-08-24,1.634,0.006778
2006-08-25,1.635,0.000612
2006-08-28,1.661,0.015902
2006-08-29,1.669,0.004816
2006-08-30,1.675,0.003595
2006-08-31,1.672,-0.001791
2006-09-01,1.659,-0.007775
2006-09-04,1.676,0.010247
2006-09-05,1.676,0.0
2006-09-06,1.679,0.00179
2006-09-07,1.667,-0.007147
2006-09-08,1.667,0.0
2006-09-11,1.68,0.007798
2006-09-12,1.687,0.004167
2006-09-13,1.676,-0.00652
2006-09-14,1.676,0.0
2006-09-15,1.685,0.00537
2006-09-18,1.697,0.007122
2006-09-19,1.705,0.004714
2006-09-20,1.708,0.00176
2006-09-21,1.716,0.004684
2006-09-22,1.714,-0.001166
2006-09-25,1.717,0.00175
2006-09-26,1.709,-0.004659
2006-09-27,1.721,0.007022
2006-09-28,1.734,0.007554
2006-09-29,1.744,0.005767
2006-09-30,1.744,0.0
2006-10-09,1.775,0.017775
2006-10-10,1.781,0.00338
2006-10-11,1.775,-0.003369
2006-10-12,1.755,-0.011268
2006-10-13,1.757,0.00114
2006-10-16,1.721,-0.020489
2006-10-17,1.727,0.003486
2006-10-18,1.745,0.010423
2006-10-19,1.76,0.008596
2006-10-20,1.76,0.0
2006-10-23,1.747,-0.007386
2006-10-24,1.774,0.015455
2006-10-25,1.782,0.00451
2006-10-26,1.789,0.003928
2006-10-27,1.773,-0.008944
2006-10-30,1.759,-0.007896
2006-10-31,1.774,0.008528
2006-11-01,1.774,0.0
2006-11-02,1.766,-0.00451
2006-11-03,1.782,0.00906
2006-11-06,1.786,0.002245
2006-11-07,1.78,-0.003359
2006-11-08,1.775,-0.002809
2006-11-09,1.79,0.008451
2006-11-10,1.776,-0.007821
2006-11-13,1.754,-0.012387
2006-11-14,1.767,0.007412
2006-11-15,1.808,0.023203
2006-11-16,1.809,0.000553
2006-11-17,1.836,0.014925
2006-11-20,1.856,0.010893
2006-11-21,1.859,0.001616
2006-11-22,1.894,0.018827
2006-11-23,1.896,0.001056
2006-11-24,1.896,0.0
2006-11-27,1.91,0.007384
2006-11-28,1.91,0.0
2006-11-29,1.925,0.007853
2006-11-30,1.971,0.023896
2006-12-01,1.988,0.008625
2006-12-04,2.016,0.014085
2006-12-05,2.032,0.007937
2006-12-06,1.999,-0.01624
2006-12-07,1.998,-0.0005
2006-12-08,1.961,-0.018519
2006-12-11,2.018,0.029067
2006-12-12,2.042,0.011893
2006-12-13,2.05,0.003918
2006-12-14,2.084,0.016585
2006-12-15,2.114,0.014395
2006-12-18,2.163,0.023179
2006-12-19,2.157,-0.002774
2006-12-20,2.176,0.008809
2006-12-21,2.167,-0.004136
2006-12-22,2.149,-0.008306
2006-12-25,2.185,0.016752
2006-12-26,2.189,0.001831
2006-12-27,2.217,0.012791
2006-12-28,2.215,-0.000902
2006-12-29,2.241,0.011738
2006-12-31,2.241,0.0
2007-01-04,2.231,-0.004462
2007-01-05,2.228,-0.001345
2007-01-08,2.266,0.017056
2007-01-09,2.33,0.028244
2007-01-10,2.371,0.017597
2007-01-11,2.37,-0.000422
2007-01-12,2.361,-0.003797
2007-01-15,2.439,0.033037
2007-01-16,2.513,0.03034
2007-01-17,2.524,0.004377
2007-01-18,2.547,0.009113
2007-01-19,2.594,0.018453
2007-01-22,2.65,0.021588
2007-01-23,2.619,-0.011698
2007-01-24,2.623,0.001527
2007-01-25,2.555,-0.025925
2007-01-26,2.612,0.022309
2007-01-29,2.646,0.013017
2007-01-30,2.643,-0.001134
2007-01-31,2.54,-0.038971
2007-02-01,2.593,0.020866
2007-02-02,2.519,-0.028538
2007-02-05,2.512,-0.002779
2007-02-06,2.52,0.003185
2007-02-07,2.561,0.01627
2007-02-08,2.596,0.013667
2007-02-09,2.593,-0.001156
2007-02-12,2.64,0.018126
2007-02-13,2.685,0.017045
2007-02-14,2.71,0.009311
2007-02-15,2.748,0.014022
2007-02-16,2.756,0.002911
2007-02-26,2.746,-0.003628
2007-02-27,2.568,-0.064822
2007-02-28,2.589,0.008178
2007-03-01,2.564,-0.009656
2007-03-02,2.584,0.0078
2007-03-05,2.551,-0.012771
2007-03-06,2.584,0.012936
2007-03-07,2.626,0.016254
2007-03-08,2.648,0.008378
2007-03-09,2.631,-0.00642
2007-03-12,2.619,-0.004561
2007-03-13,2.633,0.005346
2007-03-14,2.614,-0.007216
2007-03-15,2.629,0.005738
2007-03-16,2.623,-0.002282
2007-03-19,2.648,0.009531
2007-03-20,2.647,-0.000378
2007-03-21,2.647,0.0
2007-03-22,2.662,0.005667
2007-03-23,2.654,-0.003005
2007-03-26,2.678,0.009043
2007-03-27,2.677,-0.000373
2007-03-28,2.673,-0.001494
2007-03-29,2.652,-0.007856
2007-03-30,2.642,-0.003771
2007-03-31,2.642,0.0
2007-04-02,2.668,0.009841
2007-04-03,2.7,0.011994
2007-04-04,2.727,0.01
2007-04-05,2.755,0.010268
2007-04-06,2.764,0.003267
2007-04-09,2.778,0.005065
2007-04-10,2.819,0.014759
2007-04-11,2.844,0.008868
2007-04-12,2.885,0.014416
2007-04-13,2.908,0.007972
2007-04-16,2.963,0.018913
2007-04-17,3.007,0.01485
2007-04-18,3.035,0.009312
2007-04-19,2.961,-0.024382
2007-04-20,3.048,0.029382
2007-04-23,3.106,0.019029
2007-04-24,3.09,-0.005151
2007-04-25,3.071,-0.006149
2007-04-26,3.084,0.004233
2007-04-27,3.052,-0.010376
2007-04-30,3.103,0.01671
2007-05-08,3.207,0.033516
2007-05-09,3.218,0.00343
2007-05-10,3.21,-0.002486
2007-05-11,3.182,-0.008723
2007-05-14,3.193,0.003457
2007-05-15,3.135,-0.018165
2007-05-16,3.206,0.022648
2007-05-17,3.273,0.020898
2007-05-18,3.261,-0.003666
2007-05-21,3.272,0.003373
2007-05-22,3.311,0.011919
2007-05-23,3.352,0.012383
2007-05-24,3.344,-0.002387
2007-05-25,3.377,0.009868
2007-05-28,3.45,0.021617
2007-05-29,3.562,0.032464
2007-05-30,3.421,-0.039585
2007-05-31,3.516,0.02777
2007-06-01,3.411,-0.029863
2007-06-04,3.221,-0.055702
2007-06-05,3.279,0.018007
2007-06-06,3.352,0.022263
2007-06-07,3.431,0.023568
2007-06-08,3.49,0.017196
2007-06-11,3.565,0.02149
2007-06-12,3.618,0.014867
2007-06-13,3.68,0.017137
2007-06-14,3.628,-0.01413
2007-06-15,3.63,0.000551
2007-06-18,3.72,0.024793
2007-06-19,3.737,0.00457
2007-06-20,3.684,-0.014182
2007-06-21,3.689,0.001357
2007-06-22,3.608,-0.021957
2007-06-25,3.513,-0.02633
2007-06-26,3.577,0.018218
2007-06-27,3.66,0.023204
2007-06-28,3.553,-0.029235
2007-06-29,3.521,-0.009006
2007-06-30,3.521,0.0
2007-07-02,3.505,-0.004544
2007-07-03,3.563,0.016548
2007-07-04,3.502,-0.01712
2007-07-05,3.37,-0.037693
2007-07-06,3.46,0.026706
2007-07-09,3.538,0.022543
2007-07-10,3.508,-0.008479
2007-07-11,3.536,0.007982
2007-07-12,3.566,0.008484
2007-07-13,3.562,-0.001122
2007-07-16,3.492,-0.019652
2007-07-17,3.585,0.026632
2007-07-18,3.623,0.0106
2007-07-19,3.654,0.008556
2007-07-20,3.761,0.029283
2007-07-23,3.863,0.02712
2007-07-24,3.89,0.006989
2007-07-25,3.921,0.007969
2007-07-26,3.936,0.003826
2007-07-27,3.972,0.009146
2007-07-30,4.042,0.017623
2007-07-31,4.083,0.010143
2007-08-01,4.008,-0.018369
2007-08-02,4.143,0.033683
2007-08-03,4.231,0.021241
2007-08-06,4.297,0.015599
2007-08-07,4.292,-0.001164
2007-08-08,4.23,-0.014445
2007-08-09,4.318,0.020804
2007-08-10,4.254,-0.014822
2007-08-13,4.198,-0.013164
2007-08-14,4.236,0.009052
2007-08-15,4.23,-0.001416
2007-08-16,4.185,-0.010638
2007-08-17,4.138,-0.011231
2007-08-20,4.287,0.036008
2007-08-21,4.322,0.008164
2007-08-22,4.379,0.013188
2007-08-23,4.473,0.021466
2007-08-24,4.484,0.002459
2007-08-27,4.471,-0.002899
2007-08-28,4.458,-0.002908
2007-08-29,4.394,-0.014356
2007-08-30,4.444,0.011379
2007-08-31,4.461,0.003825
2007-09-03,4.515,0.012105
2007-09-04,4.51,-0.001107
2007-09-05,4.504,-0.00133
2007-09-06,4.524,0.00444
2007-09-07,4.471,-0.011715
2007-09-10,4.494,0.005144
2007-09-11,4.371,-0.02737
2007-09-12,4.41,0.008922
2007-09-13,4.505,0.021542
2007-09-14,4.513,0.001776
2007-09-17,4.537,0.005318
2007-09-18,4.507,-0.006612
2007-09-19,4.53,0.005103
2007-09-20,4.552,0.004857
2007-09-21,4.547,-0.001098
2007-09-24,4.571,0.005278
2007-09-25,4.57,-0.000219
2007-09-26,4.524,-0.010066
2007-09-27,4.544,0.004421
2007-09-28,4.627,0.018266
2007-09-30,4.626,-0.000216
2007-10-08,4.656,0.006485
2007-10-09,4.682,0.005584
2007-10-10,4.652,-0.006408
2007-10-11,4.672,0.004299
2007-10-12,4.639,-0.007063
2007-10-15,4.608,-0.006682
2007-10-16,4.64,0.006944
2007-10-17,4.647,0.001509
2007-10-18,4.578,-0.014848
2007-10-19,4.602,0.005242
2007-10-22,4.575,-0.005867
2007-10-23,4.577,0.000437
2007-10-24,4.582,0.001092
2007-10-25,4.515,-0.014622
2007-10-26,4.527,0.002658
2007-10-29,4.545,0.003976
2007-10-30,4.566,0.00462
2007-10-31,4.596,0.00657
2007-11-01,4.579,-0.003699
2007-11-02,4.536,-0.009391
2007-11-05,4.536,0.0
2007-11-06,4.536,0.0
2007-11-07,4.545,0.001984
2007-11-08,4.489,-0.012321
2007-11-09,4.48,-0.002005
2007-11-12,4.484,0.000893
2007-11-13,4.45,-0.007583
2007-11-14,4.506,0.012584
2007-11-15,4.484,-0.004882
2007-11-16,4.459,-0.005575
2007-11-19,4.437,-0.004934
2007-11-20,4.463,0.00586
2007-11-21,4.437,-0.005826
2007-11-22,4.351,-0.019382
2007-11-23,4.368,0.003907
2007-11-26,4.355,-0.002976
2007-11-27,4.304,-0.011711
2007-11-28,4.282,-0.005112
2007-11-29,4.347,0.01518
2007-11-30,4.321,-0.005981
2007-12-03,4.364,0.009951
2007-12-04,4.398,0.007791
2007-12-05,4.441,0.009777
2007-12-06,4.446,0.001126
2007-12-07,4.454,0.001799
2007-12-10,4.48,0.005837
2007-12-11,4.463,-0.003795
2007-12-12,4.42,-0.009635
2007-12-13,4.351,-0.015611
2007-12-14,4.386,0.008044
2007-12-17,4.304,-0.018696
2007-12-18,4.295,-0.002091
2007-12-19,4.343,0.011176
2007-12-20,4.386,0.009901
2007-12-21,4.394,0.001824
2007-12-24,4.446,0.011834
2007-12-25,4.429,-0.003824
2007-12-26,4.437,0.001806
2007-12-27,4.514,0.017354
2007-12-28,4.514,0.0
2007-12-29,4.514,0.0
2007-12-31,4.514,0.0
2008-01-02,4.545,0.006868
2008-01-03,4.545,0.0
2008-01-04,4.583,0.008361
2008-01-07,4.613,0.006546
2008-01-08,4.588,-0.005419
2008-01-09,4.643,0.011988
2008-01-10,4.691,0.010338
2008-01-11,4.716,0.005329
2008-01-14,4.721,0.00106
2008-01-15,4.682,-0.008261
2008-01-16,4.583,-0.021145
2008-01-17,4.54,-0.009383
2008-01-18,4.553,0.002863
2008-01-21,4.433,-0.026356
2008-01-22,4.239,-0.043763
2008-01-23,4.364,0.029488
2008-01-24,4.437,0.016728
2008-01-25,4.497,0.013523
2008-01-28,4.338,-0.035357
2008-01-29,4.368,0.006916
2008-01-30,4.347,-0.004808
2008-01-31,4.282,-0.014953
2008-02-01,4.252,-0.007006
2008-02-04,4.459,0.048683
2008-02-05,4.433,-0.005831
2008-02-13,4.39,-0.0097
2008-02-14,4.411,0.004784
2008-02-15,4.373,-0.008615
2008-02-18,4.454,0.018523
2008-02-19,4.506,0.011675
2008-02-20,4.437,-0.015313
2008-02-21,4.429,-0.001803
2008-02-22,4.33,-0.022353
2008-02-25,4.235,-0.02194
2008-02-26,4.192,-0.010153
2008-02-27,4.257,0.015506
2008-02-28,4.244,-0.003054
2008-02-29,4.287,0.010132
2008-03-03,4.36,0.017028
2008-03-04,4.291,-0.015826
2008-03-05,4.274,-0.003962
2008-03-06,4.287,0.003042
2008-03-07,4.274,-0.003032
2008-03-10,4.158,-0.027141
2008-03-11,4.162,0.000962
2008-03-12,4.059,-0.024748
2008-03-13,3.986,-0.017985
2008-03-14,3.973,-0.003261
2008-03-17,3.887,-0.021646
2008-03-18,3.78,-0.027528
2008-03-19,3.883,0.027249
2008-03-20,3.969,0.022148
2008-03-21,3.977,0.002016
2008-03-24,3.874,-0.025899
2008-03-25,3.926,0.013423
2008-03-26,3.921,-0.001274
2008-03-27,3.857,-0.016322
2008-03-28,3.956,0.025668
2008-03-31,3.878,-0.019717
2008-04-01,3.732,-0.037648
2008-04-02,3.694,-0.010182
2008-04-03,3.732,0.010287
2008-04-07,3.857,0.033494
2008-04-08,3.909,0.013482
2008-04-09,3.771,-0.035303
2008-04-10,3.793,0.005834
2008-04-11,3.805,0.003164
2008-04-14,3.646,-0.041787
2008-04-15,3.646,0.0
2008-04-16,3.595,-0.013988
2008-04-17,3.526,-0.019193
2008-04-18,3.466,-0.017016
2008-04-21,3.414,-0.015003
2008-04-22,3.419,0.001465
2008-04-23,3.505,0.025154
2008-04-24,3.681,0.050214
2008-04-25,3.676,-0.001358
2008-04-28,3.612,-0.01741
2008-04-29,3.621,0.002492
2008-04-30,3.719,0.027064
2008-05-05,3.784,0.017478
2008-05-06,3.767,-0.004493
2008-05-07,3.668,-0.026281
2008-05-08,3.724,0.015267
2008-05-09,3.694,-0.008056
2008-05-12,3.711,0.004602
2008-05-13,3.694,-0.004581
2008-05-14,3.758,0.017325
2008-05-15,3.745,-0.003459
2008-05-16,3.732,-0.003471
2008-05-19,3.715,-0.004555
2008-05-20,3.599,-0.031225
2008-05-21,3.642,0.011948
2008-05-22,3.612,-0.008237
2008-05-23,3.595,-0.004707
2008-05-26,3.526,-0.019193
2008-05-27,3.53,0.001134
2008-05-28,3.578,0.013598
2008-05-29,3.535,-0.012018
2008-05-30,3.522,-0.003678
2008-06-02,3.526,0.001136
2008-06-03,3.53,0.001134
2008-06-04,3.5,-0.008499
2008-06-05,3.466,-0.009714
2008-06-06,3.462,-0.001154
2008-06-10,3.328,-0.038706
2008-06-11,3.311,-0.005108
2008-06-12,3.281,-0.009061
2008-06-13,3.212,-0.02103
2008-06-16,3.178,-0.010585
2008-06-17,3.122,-0.017621
2008-06-18,3.217,0.030429
2008-06-19,3.105,-0.034815
2008-06-20,3.144,0.01256
2008-06-23,3.096,-0.015267
2008-06-24,3.144,0.015504
2008-06-25,3.217,0.023219
2008-06-26,3.225,0.002487
2008-06-27,3.139,-0.026667
2008-06-30,3.135,-0.001274
2008-07-01,3.096,-0.01244
2008-07-02,3.092,-0.001292
2008-07-03,3.126,0.010996
2008-07-04,3.101,-0.007997
2008-07-07,3.165,0.020639
2008-07-08,3.174,0.002844
2008-07-09,3.217,0.013548
2008-07-10,3.204,-0.004041
2008-07-11,3.191,-0.004057
2008-07-14,3.208,0.005327
2008-07-15,3.169,-0.012157
2008-07-16,3.131,-0.011991
2008-07-17,3.131,0.0
2008-07-18,3.157,0.008304
2008-07-21,3.199,0.013304
2008-07-22,3.191,-0.002501
2008-07-23,3.169,-0.006894
2008-07-24,3.208,0.012307
2008-07-25,3.195,-0.004052
2008-07-28,3.208,0.004069
2008-07-29,3.182,-0.008105
2008-07-30,3.165,-0.005343
2008-07-31,3.122,-0.013586
2008-08-01,3.139,0.005445
2008-08-04,3.105,-0.010831
2008-08-05,3.066,-0.01256
2008-08-06,3.066,0.0
2008-08-07,3.058,-0.002609
2008-08-08,3.0061,-0.016972
2008-08-11,2.942,-0.021323
2008-08-12,2.942,0.0
2008-08-13,2.95,0.002719
2008-08-14,2.95,0.0
2008-08-15,2.95,0.0
2008-08-18,2.881,-0.02339
2008-08-19,2.894,0.004512
2008-08-20,3.002,0.037319
2008-08-21,2.942,-0.019987
2008-08-22,2.92,-0.007478
2008-08-25,2.924,0.00137
2008-08-26,2.89,-0.011628
2008-08-27,2.873,-0.005882
2008-08-28,2.869,-0.001392
2008-08-29,2.894,0.008714
2008-09-01,2.847,-0.01624
2008-09-02,2.821,-0.009132
2008-09-03,2.791,-0.010635
2008-09-04,2.787,-0.001433
2008-09-05,2.748,-0.013994
2008-09-08,2.714,-0.012373
2008-09-09,2.718,0.001474
2008-09-10,2.718,0.0
2008-09-11,2.68,-0.013981
2008-09-12,2.688,0.002985
2008-09-16,2.649,-0.014509
2008-09-17,2.611,-0.014345
2008-09-18,2.581,-0.01149
2008-09-19,2.701,0.046494
2008-09-22,2.77,0.025546
2008-09-23,2.688,-0.029603
2008-09-24,2.697,0.003348
2008-09-25,2.761,0.02373
2008-09-26,2.783,0.007968
2008-09-30,2.783,0.0
2008-10-06,2.697,-0.030902
2008-10-07,2.68,-0.006303
2008-10-08,2.628,-0.019403
2008-10-09,2.606,-0.008371
2008-10-10,2.538,-0.026094
2008-10-13,2.589,0.020095
2008-10-14,2.551,-0.014677
2008-10-15,2.529,-0.008624
2008-10-16,2.469,-0.023725
2008-10-17,2.473,0.00162
2008-10-20,2.516,0.017388
2008-10-21,2.503,-0.005167
2008-10-22,2.465,-0.015182
2008-10-23,2.473,0.003245
2008-10-24,2.435,-0.015366
2008-10-27,2.344,-0.037372
2008-10-28,2.374,0.012799
2008-10-29,2.357,-0.007161
2008-10-30,2.383,0.011031
2008-10-31,2.37,-0.005455
2008-11-03,2.37,0.0
2008-11-04,2.349,-0.008861
2008-11-05,2.392,0.018306
2008-11-06,2.357,-0.014632
2008-11-07,2.366,0.003818
2008-11-10,2.443,0.032544
2008-11-11,2.426,-0.006959
2008-11-12,2.435,0.00371
2008-11-13,2.478,0.017659
2008-11-14,2.52,0.016949
2008-11-17,2.551,0.012302
2008-11-18,2.473,-0.030576
2008-11-19,2.538,0.026284
2008-11-20,2.52,-0.007092
2008-11-21,2.512,-0.003175
2008-11-24,2.473,-0.015525
2008-11-25,2.465,-0.003235
2008-11-26,2.469,0.001623
2008-11-27,2.495,0.010531
2008-11-28,2.473,-0.008818
2008-12-01,2.495,0.008896
2008-12-02,2.512,0.006814
2008-12-03,2.559,0.01871
2008-12-04,2.576,0.006643
2008-12-05,2.602,0.010093
2008-12-08,2.645,0.016526
2008-12-09,2.611,-0.012854
2008-12-10,2.645,0.013022
2008-12-11,2.624,-0.00794
2008-12-12,2.581,-0.016387
2008-12-15,2.589,0.0031
2008-12-16,2.606,0.006566
2008-12-17,2.615,0.003454
2008-12-18,2.641,0.009943
2008-12-19,2.654,0.004922
2008-12-22,2.637,-0.006405
2008-12-23,2.589,-0.018203
2008-12-24,2.576,-0.005021
2008-12-25,2.572,-0.001553
2008-12-26,2.568,-0.001555
2008-12-29,2.568,0.0
2008-12-30,2.568,0.0
2008-12-31,2.568,0.0
2009-01-05,2.594,0.010125
2009-01-06,2.619,0.009638
2009-01-07,2.611,-0.003055
2009-01-08,2.594,-0.006511
2009-01-09,2.606,0.004626
2009-01-12,2.606,0.0
2009-01-13,2.576,-0.011512
2009-01-14,2.628,0.020186
2009-01-15,2.619,-0.003425
2009-01-16,2.637,0.006873
2009-01-19,2.645,0.003034
2009-01-20,2.649,0.001512
2009-01-21,2.645,-0.00151
2009-01-22,2.667,0.008318
2009-01-23,2.658,-0.003375
2009-02-02,2.671,0.004891
2009-02-03,2.701,0.011232
2009-02-04,2.735,0.012588
2009-02-05,2.714,-0.007678
2009-02-06,2.778,0.023581
2009-02-09,2.826,0.017279
2009-02-10,2.851,0.008846
2009-02-11,2.847,-0.001403
2009-02-12,2.839,-0.00281
2009-02-13,2.894,0.019373
2009-02-16,2.933,0.013476
2009-02-17,2.877,-0.019093
2009-02-18,2.804,-0.025374
2009-02-19,2.817,0.004636
2009-02-20,2.847,0.01065
2009-02-23,2.894,0.016509
2009-02-24,2.821,-0.025225
2009-02-25,2.817,-0.001418
2009-02-26,2.731,-0.030529
2009-02-27,2.705,-0.00952
2009-03-02,2.727,0.008133
2009-03-03,2.71,-0.006234
2009-03-04,2.804,0.034686
2009-03-05,2.817,0.004636
2009-03-06,2.821,0.00142
2009-03-09,2.778,-0.015243
2009-03-10,2.8,0.007919
2009-03-11,2.783,-0.006071
2009-03-12,2.778,-0.001797
2009-03-13,2.774,-0.00144
2009-03-16,2.796,0.007931
2009-03-17,2.843,0.01681
2009-03-18,2.843,0.0
2009-03-19,2.869,0.009145
2009-03-20,2.86,-0.003137
2009-03-23,2.894,0.011888
2009-03-24,2.903,0.00311
2009-03-25,2.881,-0.007578
2009-03-26,2.916,0.012149
2009-03-27,2.924,0.002743
2009-03-30,2.92,-0.001368
2009-03-31,2.946,0.008904
2009-04-01,2.963,0.005771
2009-04-02,2.98,0.005737
2009-04-03,2.98,0.0
2009-04-07,2.976,-0.001342
2009-04-08,2.907,-0.023185
2009-04-09,2.946,0.013416
2009-04-10,3.01,0.021724
2009-04-13,3.04,0.009967
2009-04-14,3.058,0.005921
2009-04-15,3.062,0.001308
2009-04-16,3.053,-0.002939
2009-04-17,3.04,-0.004258
2009-04-20,3.088,0.015789
2009-04-21,3.075,-0.00421
2009-04-22,2.985,-0.029268
2009-04-23,3.002,0.005695
2009-04-24,2.993,-0.002998
2009-04-27,2.937,-0.01871
2009-04-28,2.942,0.001702
2009-04-29,3.01,0.023114
2009-04-30,3.036,0.008638
2009-05-04,3.088,0.017128
2009-05-05,3.105,0.005505
2009-05-06,3.131,0.008374
2009-05-07,3.131,0.0
2009-05-08,3.131,0.0
2009-05-11,3.083,-0.015331
2009-05-12,3.122,0.01265
2009-05-13,3.126,0.001281
2009-05-14,3.118,-0.002559
2009-05-15,3.122,0.001283
2009-05-18,3.122,0.0
2009-05-19,3.135,0.004164
2009-05-20,3.122,-0.004147
2009-05-21,3.083,-0.012492
2009-05-22,3.083,0.0
2009-05-25,3.101,0.005838
2009-05-26,3.092,-0.002902
2009-05-27,3.118,0.008409
2009-06-01,3.169,0.016357
2009-06-02,3.174,0.001578
2009-06-03,3.212,0.011972
2009-06-04,3.204,-0.002491
2009-06-05,3.195,-0.002809
2009-06-08,3.191,-0.001252
2009-06-09,3.191,0.0
2009-06-10,3.195,0.001254
2009-06-11,3.187,-0.002504
2009-06-12,3.139,-0.015061
2009-06-15,3.187,0.015291
2009-06-16,3.174,-0.004079
2009-06-17,3.204,0.009452
2009-06-18,3.225,0.006554
2009-06-19,3.23,0.00155
2009-06-22,3.23,0.0
2009-06-23,3.23,0.0
2009-06-24,3.255,0.00774
2009-06-25,3.255,0.0
2009-06-26,3.264,0.002765
2009-06-29,3.285,0.006434
2009-06-30,3.281,-0.001218
2009-07-01,3.328,0.014325
2009-07-02,3.354,0.007812
2009-07-03,3.384,0.008945
2009-07-06,3.401,0.005024
2009-07-07,3.376,-0.007351
2009-07-08,3.393,0.005036
2009-07-09,3.423,0.008842
2009-07-10,3.436,0.003798
2009-07-13,3.401,-0.010186
2009-07-14,3.475,0.021758
2009-07-15,3.492,0.004892
2009-07-16,3.496,0.001145
2009-07-17,3.509,0.003719
2009-07-20,3.56,0.014534
2009-07-21,3.517,-0.012079
2009-07-22,3.56,0.012226
2009-07-23,3.586,0.007303
2009-07-24,3.582,-0.001115
2009-07-27,3.625,0.012004
2009-07-28,3.629,0.001103
2009-07-29,3.496,-0.036649
2009-07-30,3.543,0.013444
2009-07-31,3.612,0.019475
2009-08-03,3.651,0.010797
2009-08-04,3.659,0.002191
2009-08-05,3.608,-0.013938
2009-08-06,3.56,-0.013304
2009-08-07,3.492,-0.019101
2009-08-10,3.487,-0.001432
2009-08-11,3.496,0.002581
2009-08-12,3.389,-0.030606
2009-08-13,3.414,0.007377
2009-08-14,3.363,-0.014938
2009-08-17,3.217,-0.043414
2009-08-18,3.242,0.007771
2009-08-19,3.126,-0.03578
2009-08-20,3.217,0.029111
2009-08-21,3.264,0.01461
2009-08-24,3.29,0.007966
2009-08-25,3.212,-0.023708
2009-08-26,3.264,0.016189
2009-08-27,3.251,-0.003983
2009-08-28,3.161,-0.027684
2009-08-31,3.002,-0.050301
2009-09-01,3.01,0.002665
2009-09-02,3.04,0.009967
2009-09-03,3.161,0.039803
2009-09-04,3.191,0.009491
2009-09-07,3.204,0.004074
2009-09-08,3.251,0.014669
2009-09-09,3.273,0.006767
2009-09-10,3.247,-0.007944
2009-09-11,3.303,0.017247
2009-09-14,3.346,0.013018
2009-09-15,3.354,0.002391
2009-09-16,3.324,-0.008945
2009-09-17,3.371,0.01414
2009-09-18,3.29,-0.024028
2009-09-21,3.294,0.001216
2009-09-22,3.242,-0.015786
2009-09-23,3.199,-0.013263
2009-09-24,3.208,0.002813
2009-09-25,3.191,-0.005299
2009-09-28,3.139,-0.016296
2009-09-29,3.144,0.001593
2009-09-30,3.165,0.006679
2009-10-09,3.277,0.035387
2009-10-12,3.273,-0.001221
2009-10-13,3.307,0.010388
2009-10-14,3.324,0.005141
2009-10-15,3.341,0.005114
2009-10-16,3.354,0.003891
2009-10-19,3.427,0.021765
2009-10-20,3.453,0.007587
2009-10-21,3.444,-0.002606
2009-10-22,3.436,-0.002323
2009-10-23,3.47,0.009895
2009-10-26,3.483,0.003746
2009-10-27,3.436,-0.013494
2009-10-28,3.444,0.002328
2009-10-29,3.397,-0.013647
2009-10-30,3.427,0.008831
2009-11-02,3.522,0.027721
2009-11-03,3.552,0.008518
2009-11-04,3.56,0.002252
2009-11-05,3.565,0.001404
2009-11-06,3.578,0.003647
2009-11-09,3.573,-0.001397
2009-11-10,3.595,0.006157
2009-11-11,3.591,-0.001113
2009-11-12,3.595,0.001114
2009-11-13,3.603,0.002225
2009-11-16,3.676,0.020261
2009-11-17,3.676,0.0
2009-11-18,3.672,-0.001088
2009-11-19,3.681,0.002451
2009-11-20,3.676,-0.001358
2009-11-23,3.707,0.008433
2009-11-24,3.616,-0.024548
2009-11-25,3.676,0.016593
2009-11-26,3.569,-0.029108
2009-11-27,3.496,-0.020454
2009-11-30,3.586,0.025744
2009-12-01,3.634,0.013385
2009-12-02,3.672,0.010457
2009-12-03,3.664,-0.002179
2009-12-04,3.668,0.001092
2009-12-07,3.694,0.007088
2009-12-08,3.672,-0.005956
2009-12-09,3.629,-0.01171
2009-12-10,3.638,0.00248
2009-12-11,3.638,0.0
2009-12-14,3.642,0.0011
2009-12-15,3.621,-0.005766
2009-12-16,3.608,-0.00359
2009-12-17,3.539,-0.019124
2009-12-18,3.457,-0.02317
2009-12-21,3.466,0.002603
2009-12-22,3.397,-0.019908
2009-12-23,3.423,0.007654
2009-12-24,3.505,0.023956
2009-12-25,3.492,-0.003709
2009-12-28,3.53,0.010882
2009-12-29,3.543,0.003683
2009-12-30,3.573,0.008467
2009-12-31,3.578,0.001399
2010-01-04,3.552,-0.007267
2010-01-05,3.565,0.00366
2010-01-06,3.556,-0.002525
2010-01-07,3.505,-0.014342
2010-01-08,3.509,0.001141
2010-01-11,3.505,-0.00114
2010-01-12,3.539,0.0097
2010-01-13,3.475,-0.018084
2010-01-14,3.522,0.013525
2010-01-15,3.539,0.004827
2010-01-18,3.56,0.005934
2010-01-19,3.56,0.0
2010-01-20,3.47,-0.025281
2010-01-21,3.47,0.0
2010-01-22,3.432,-0.010951
2010-01-25,3.41,-0.00641
2010-01-26,3.341,-0.020235
2010-01-27,3.316,-0.007483
2010-01-28,3.333,0.005127
2010-01-29,3.346,0.0039
2010-02-01,3.324,-0.006575
2010-02-02,3.311,-0.003911
2010-02-03,3.35,0.011779
2010-02-04,3.346,-0.001194
2010-02-05,3.281,-0.019426
2010-02-08,3.281,0.0
2010-02-09,3.29,0.002743
2010-02-10,3.328,0.01155
2010-02-11,3.341,0.003906
2010-02-12,3.358,0.005088
2010-02-22,3.346,-0.003574
2010-02-23,3.341,-0.001494
2010-02-24,3.384,0.01287
2010-02-25,3.423,0.011525
2010-02-26,3.427,0.001169
2010-03-01,3.444,0.004961
2010-03-02,3.436,-0.002323
2010-03-03,3.457,0.006112
2010-03-04,3.406,-0.014753
2010-03-05,3.419,0.003817
2010-03-08,3.436,0.004972
2010-03-09,3.44,0.001164
2010-03-10,3.414,-0.007558
2010-03-11,3.397,-0.004979
2010-03-12,3.371,-0.007654
2010-03-15,3.337,-0.010086
2010-03-16,3.354,0.005094
2010-03-17,3.406,0.015504
2010-03-18,3.406,0.0
2010-03-19,3.419,0.003817
2010-03-22,3.432,0.003802
2010-03-23,3.423,-0.002622
2010-03-24,3.432,0.002629
2010-03-25,3.401,-0.009033
2010-03-26,3.427,0.007645
2010-03-29,3.462,0.010213
2010-03-30,3.475,0.003755
2010-03-31,3.47,-0.001439
2010-04-01,3.513,0.012392
2010-04-02,3.517,0.001139
2010-04-06,3.5,-0.004834
2010-04-07,3.496,-0.001143
2010-04-08,3.492,-0.001144
2010-04-09,3.53,0.010882
2010-04-12,3.535,0.001416
2010-04-13,3.53,-0.001414
2010-04-14,3.548,0.005099
2010-04-15,3.526,-0.006201
2010-04-16,3.509,-0.004821
2010-04-19,3.41,-0.028213
2010-04-20,3.427,0.004985
2010-04-21,3.479,0.015174
2010-04-22,3.475,-0.00115
2010-04-23,3.462,-0.003741
2010-04-26,3.457,-0.001444
2010-04-27,3.419,-0.010992
2010-04-28,3.401,-0.005265
2010-04-29,3.341,-0.017642
2010-04-30,3.311,-0.008979
2010-05-04,3.298,-0.003926
2010-05-05,3.337,0.011825
2010-05-06,3.268,-0.020677
2010-05-07,3.23,-0.011628
2010-05-10,3.204,-0.00805
2010-05-11,3.157,-0.014669
2010-05-12,3.126,-0.009819
2010-05-13,3.187,0.019514
2010-05-14,3.195,0.00251
2010-05-17,3.109,-0.026917
2010-05-18,3.139,0.009649
2010-05-19,3.144,0.001593
2010-05-20,3.122,-0.006997
2010-05-21,3.157,0.011211
2010-05-24,3.217,0.019005
2010-05-25,3.199,-0.005595
2010-05-26,3.199,0.0
2010-05-27,3.23,0.009691
2010-05-28,3.238,0.002477
2010-05-31,3.204,-0.0105
2010-06-01,3.174,-0.009363
2010-06-02,3.191,0.005356
2010-06-03,3.187,-0.001254
2010-06-04,3.191,0.001255
2010-06-07,3.204,0.004074
2010-06-08,3.217,0.004057
2010-06-09,3.255,0.011812
2010-06-10,3.26,0.001536
2010-06-11,3.251,-0.002761
2010-06-17,3.217,-0.010458
2010-06-18,3.148,-0.021449
2010-06-21,3.182,0.010801
2010-06-22,3.191,0.002828
2010-06-23,3.178,-0.004074
2010-06-24,3.174,-0.001259
2010-06-25,3.139,-0.011027
2010-06-28,3.118,-0.00669
2010-06-29,3.036,-0.026299
2010-06-30,3.023,-0.004282
2010-07-01,2.989,-0.011247
2010-07-02,2.963,-0.008699
2010-07-05,2.95,-0.004387
2010-07-06,2.993,0.014576
2010-07-07,3.01,0.00568
2010-07-08,3.006,-0.001329
2010-07-09,3.058,0.017299
2010-07-12,3.075,0.005559
2010-07-13,3.049,-0.008455
2010-07-14,3.062,0.004264
2010-07-15,3.032,-0.009798
2010-07-16,3.036,0.001319
2010-07-19,3.079,0.014163
2010-07-20,3.131,0.016889
2010-07-21,3.131,0.0
2010-07-22,3.157,0.008304
2010-07-23,3.174,0.005385
2010-07-26,3.195,0.006616
2010-07-27,3.191,-0.001252
2010-07-28,3.234,0.013475
2010-07-29,3.238,0.001237
2010-07-30,3.23,-0.002471
2010-08-02,3.264,0.010526
2010-08-03,3.225,-0.011949
2010-08-04,3.234,0.002791
2010-08-05,3.247,0.00402
2010-08-06,3.285,0.011703
2010-08-09,3.307,0.006697
2010-08-10,3.242,-0.019655
2010-08-11,3.268,0.00802
2010-08-12,3.26,-0.002448
2010-08-13,3.29,0.009202
2010-08-16,3.337,0.014286
2010-08-17,3.354,0.005094
2010-08-18,3.35,-0.001193
2010-08-19,3.346,-0.001194
2010-08-20,3.29,-0.016736
2010-08-23,3.294,0.001216
2010-08-24,3.32,0.007893
2010-08-25,3.277,-0.012952
2010-08-26,3.294,0.005188
2010-08-27,3.311,0.005161
2010-08-30,3.363,0.015705
2010-08-31,3.376,0.003866
2010-09-01,3.35,-0.007701
2010-09-02,3.397,0.01403
2010-09-03,3.414,0.005004
2010-09-06,3.414,0.0
2010-09-07,3.423,0.002636
2010-09-08,3.444,0.006135
2010-09-09,3.419,-0.007259
2010-09-10,3.436,0.004972
2010-09-13,3.483,0.013679
2010-09-14,3.492,0.002584
2010-09-15,3.457,-0.010023
2010-09-16,3.406,-0.014753
2010-09-17,3.419,0.003817
2010-09-20,3.397,-0.006435
2010-09-21,3.397,0.0
2010-09-27,3.462,0.019135
2010-09-28,3.457,-0.001444
2010-09-29,3.419,-0.010992
2010-09-30,3.466,0.013747
2010-10-08,3.535,0.019908
2010-10-11,3.535,0.0
2010-10-12,3.548,0.003678
2010-10-13,3.565,0.004791
2010-10-14,3.509,-0.015708
2010-10-15,3.517,0.00228
2010-10-18,3.479,-0.010805
2010-10-19,3.56,0.023283
2010-10-20,3.595,0.009831
2010-10-21,3.608,0.003616
2010-10-22,3.634,0.007206
2010-10-25,3.702,0.018712
2010-10-26,3.694,-0.002161
2010-10-27,3.668,-0.007038
2010-10-28,3.668,0.0
2010-10-29,3.689,0.005725
2010-11-01,3.775,0.023313
2010-11-02,3.75,-0.006623
2010-11-03,3.694,-0.014933
2010-11-04,3.762,0.018408
2010-11-05,3.797,0.009304
2010-11-08,3.835,0.010008
2010-11-09,3.857,0.005737
2010-11-10,3.853,-0.001037
2010-11-11,3.844,-0.002336
2010-11-12,3.676,-0.043704
2010-11-15,3.732,0.015234
2010-11-16,3.668,-0.017149
2010-11-17,3.556,-0.030534
2010-11-18,3.603,0.013217
2010-11-19,3.694,0.025257
2010-11-22,3.741,0.012723
2010-11-23,3.711,-0.008019
2010-11-24,3.793,0.022096
2010-11-25,3.81,0.004482
2010-11-26,3.793,-0.004462
2010-11-29,3.784,-0.002373
2010-11-30,3.737,-0.012421
2010-12-01,3.728,-0.002408
2010-12-02,3.732,0.001073
2010-12-03,3.719,-0.003483
2010-12-06,3.681,-0.010218
2010-12-07,3.728,0.012768
2010-12-08,3.737,0.002414
2010-12-09,3.694,-0.011507
2010-12-10,3.741,0.012723
2010-12-13,3.835,0.025127
2010-12-14,3.857,0.005737
2010-12-15,3.831,-0.006741
2010-12-16,3.827,-0.001044
2010-12-17,3.831,0.001045
2010-12-20,3.805,-0.006787
2010-12-21,3.848,0.011301
2010-12-22,3.818,-0.007796
2010-12-23,3.754,-0.016763
2010-12-24,3.698,-0.014917
2010-12-27,3.651,-0.01271
2010-12-28,3.608,-0.011778
2010-12-29,3.655,0.013027
2010-12-30,3.676,0.005746
2010-12-31,3.741,0.017682
2011-01-04,3.767,0.00695
2011-01-05,3.771,0.001062
2011-01-06,3.754,-0.004508
2011-01-07,3.741,-0.003463
2011-01-10,3.664,-0.020583
2011-01-11,3.638,-0.007096
2011-01-12,3.642,0.0011
2011-01-13,3.638,-0.001098
2011-01-14,3.586,-0.014294
2011-01-17,3.487,-0.027607
2011-01-18,3.509,0.006309
2011-01-19,3.573,0.018239
2011-01-20,3.492,-0.02267
2011-01-21,3.513,0.006014
2011-01-24,3.462,-0.014518
2011-01-25,3.444,-0.005199
2011-01-26,3.492,0.013937
2011-01-27,3.556,0.018328
2011-01-28,3.578,0.006187
2011-01-31,3.608,0.008385
2011-02-01,3.608,0.0
2011-02-09,3.591,-0.004712
2011-02-10,3.651,0.016708
2011-02-11,3.676,0.006847
2011-02-14,3.754,0.021219
2011-02-15,3.75,-0.001066
2011-02-16,3.81,0.016
2011-02-17,3.831,0.005512
2011-02-18,3.797,-0.008875
2011-02-21,3.853,0.014748
2011-02-22,3.762,-0.023618
2011-02-23,3.78,0.004785
2011-02-24,3.805,0.006614
2011-02-25,3.81,0.001314
2011-02-28,3.853,0.011286
2011-03-01,3.84,-0.003374
2011-03-02,3.801,-0.010156
2011-03-03,3.758,-0.011313
2011-03-04,3.788,0.007983
2011-03-07,3.831,0.011352
2011-03-08,3.831,0.0
2011-03-09,3.853,0.005743
2011-03-10,3.827,-0.006748
2011-03-11,3.81,-0.004442
2011-03-14,3.831,0.005512
2011-03-15,3.793,-0.009919
2011-03-16,3.814,0.005537
2011-03-17,3.771,-0.011274
2011-03-18,3.775,0.001061
2011-03-21,3.754,-0.005563
2011-03-22,3.767,0.003463
2011-03-23,3.805,0.010088
2011-03-24,3.818,0.003417
2011-03-25,3.84,0.005762
2011-03-28,3.818,-0.005729
2011-03-29,3.758,-0.015715
2011-03-30,3.732,-0.006919
2011-03-31,3.719,-0.003483
2011-04-01,3.754,0.009411
2011-04-06,3.724,-0.007991
2011-04-07,3.737,0.003491
2011-04-08,3.771,0.009098
2011-04-11,3.732,-0.010342
2011-04-12,3.728,-0.001072
2011-04-13,3.754,0.006974
2011-04-14,3.75,-0.001066
2011-04-15,3.754,0.001067
2011-04-18,3.754,0.0
2011-04-19,3.707,-0.01252
2011-04-20,3.711,0.001079
2011-04-21,3.732,0.005659
2011-04-22,3.724,-0.002144
2011-04-25,3.685,-0.010473
2011-04-26,3.638,-0.012754
2011-04-27,3.608,-0.008246
2011-04-28,3.543,-0.018016
2011-04-29,3.578,0.009879
2011-05-03,3.603,0.006987
2011-05-04,3.539,-0.017763
2011-05-05,3.53,-0.002543
2011-05-06,3.543,0.003683
2011-05-09,3.56,0.004798
2011-05-10,3.569,0.002528
2011-05-11,3.578,0.002522
2011-05-12,3.548,-0.008385
2011-05-13,3.543,-0.001409
2011-05-16,3.53,-0.003669
2011-05-17,3.535,0.001416
2011-05-18,3.543,0.002263
2011-05-19,3.526,-0.004798
2011-05-20,3.513,-0.003687
2011-05-23,3.436,-0.021919
2011-05-24,3.44,0.001164
2011-05-25,3.414,-0.007558
2011-05-26,3.38,-0.009959
2011-05-27,3.341,-0.011538
2011-05-30,3.324,-0.005088
2011-05-31,3.363,0.011733
2011-06-01,3.393,0.008921
2011-06-02,3.384,-0.002653
2011-06-03,3.414,0.008865
2011-06-07,3.423,0.002636
2011-06-08,3.432,0.002629
2011-06-09,3.384,-0.013986
2011-06-10,3.393,0.00266
2011-06-13,3.389,-0.001179
2011-06-14,3.436,0.013868
2011-06-15,3.414,-0.006403
2011-06-16,3.371,-0.012595
2011-06-17,3.35,-0.00623
2011-06-20,3.328,-0.006567
2011-06-21,3.367,0.011719
2011-06-22,3.363,-0.001188
2011-06-23,3.419,0.016652
2011-06-24,3.475,0.016379
2011-06-27,3.492,0.004892
2011-06-28,3.5,0.002291
2011-06-29,3.483,-0.004857
2011-06-30,3.517,0.009762
2011-07-01,3.522,0.001422
2011-07-04,3.578,0.0159
2011-07-05,3.582,0.001118
2011-07-06,3.586,0.001117
2011-07-07,3.573,-0.003625
2011-07-08,3.573,0.0
2011-07-11,3.591,0.005038
2011-07-12,3.548,-0.011974
2011-07-13,3.586,0.01071
2011-07-14,3.603,0.004741
2011-07-15,3.625,0.006106
2011-07-18,3.612,-0.003586
2011-07-19,3.578,-0.009413
2011-07-20,3.573,-0.001397
2011-07-21,3.543,-0.008396
2011-07-22,3.552,0.00254
2011-07-25,3.47,-0.023086
2011-07-26,3.479,0.002594
2011-07-27,3.509,0.008623
2011-07-28,3.496,-0.003705
2011-07-29,3.475,-0.006007
2011-08-01,3.483,0.002302
2011-08-02,3.47,-0.003732
2011-08-03,3.479,0.002594
2011-08-04,3.487,0.0023
2011-08-05,3.453,-0.009751
2011-08-08,3.376,-0.022299
2011-08-09,3.38,0.001185
2011-08-10,3.397,0.00503
2011-08-11,3.423,0.007654
2011-08-12,3.432,0.002629
2011-08-15,3.47,0.011072
2011-08-16,3.453,-0.004899
2011-08-17,3.444,-0.002606
2011-08-18,3.397,-0.013647
2011-08-19,3.367,-0.008831
2011-08-22,3.337,-0.00891
2011-08-23,3.363,0.007791
2011-08-24,3.371,0.002379
2011-08-25,3.427,0.016612
2011-08-26,3.436,0.002626
2011-08-29,3.401,-0.010186
2011-08-30,3.389,-0.003528
2011-08-31,3.38,-0.002656
2011-09-01,3.371,-0.002663
2011-09-02,3.35,-0.00623
2011-09-05,3.29,-0.01791
2011-09-06,3.251,-0.011854
2011-09-07,3.307,0.017225
2011-09-08,3.285,-0.006653
2011-09-09,3.268,-0.005175
2011-09-13,3.242,-0.007956
2011-09-14,3.255,0.00401
2011-09-15,3.264,0.002765
2011-09-16,3.273,0.002757
2011-09-19,3.23,-0.013138
2011-09-20,3.238,0.002477
2011-09-21,3.298,0.01853
2011-09-22,3.242,-0.01698
2011-09-23,3.217,-0.007711
2011-09-26,3.195,-0.006839
2011-09-27,3.212,0.005321
2011-09-28,3.187,-0.007783
2011-09-29,3.152,-0.010982
2011-09-30,3.148,-0.001269
2011-10-10,3.126,-0.006989
2011-10-11,3.109,-0.005438
2011-10-12,3.165,0.018012
2011-10-13,3.178,0.004107
2011-10-14,3.169,-0.002832
2011-10-17,3.174,0.001578
2011-10-18,3.122,-0.016383
2011-10-19,3.105,-0.005445
2011-10-20,3.058,-0.015137
2011-10-21,3.028,-0.00981
2011-10-24,3.053,0.008256
2011-10-25,3.096,0.014085
2011-10-26,3.109,0.004199
2011-10-27,3.105,-0.001287
2011-10-28,3.144,0.01256
2011-10-31,3.148,0.001272
2011-11-01,3.139,-0.002859
2011-11-02,3.165,0.008283
2011-11-03,3.178,0.004107
2011-11-04,3.187,0.002832
2011-11-07,3.178,-0.002824
2011-11-08,3.161,-0.005349
2011-11-09,3.191,0.009491
2011-11-10,3.169,-0.006894
2011-11-11,3.165,-0.001262
2011-11-14,3.208,0.013586
2011-11-15,3.208,0.0
2011-11-16,3.157,-0.015898
2011-11-17,3.148,-0.002851
2011-11-18,3.109,-0.012389
2011-11-21,3.105,-0.001287
2011-11-22,3.096,-0.002899
2011-11-23,3.083,-0.004199
2011-11-24,3.083,0.0
2011-11-25,3.071,-0.003892
2011-11-28,3.071,0.0
2011-11-29,3.105,0.011071
2011-11-30,3.032,-0.02351
2011-12-01,3.071,0.012863
2011-12-02,3.036,-0.011397
2011-12-05,2.989,-0.015481
2011-12-06,2.998,0.003011
2011-12-07,3.01,0.004003
2011-12-08,3.01,0.0
2011-12-09,2.985,-0.008306
2011-12-12,2.967,-0.00603
2011-12-13,2.907,-0.020222
2011-12-14,2.886,-0.007224
2011-12-15,2.847,-0.013514
2011-12-16,2.899,0.018265
2011-12-19,2.903,0.00138
2011-12-20,2.899,-0.001378
2011-12-21,2.873,-0.008969
2011-12-22,2.873,0.0
2011-12-23,2.886,0.004525
2011-12-26,2.864,-0.007623
2011-12-27,2.83,-0.011872
2011-12-28,2.834,0.001413
2011-12-29,2.843,0.003176
2011-12-30,2.877,0.011959
2011-12-31,2.877,0.0
2012-01-04,2.83,-0.016336
2012-01-05,2.787,-0.015194
2012-01-06,2.787,0.0
2012-01-09,2.851,0.022964
2012-01-10,2.912,0.021396
2012-01-11,2.907,-0.001717
2012-01-12,2.912,0.00172
2012-01-13,2.86,-0.017857
2012-01-16,2.817,-0.015035
2012-01-17,2.903,0.030529
2012-01-18,2.877,-0.008956
2012-01-19,2.903,0.009037
2012-01-20,2.937,0.011712
2012-01-30,2.916,-0.00715
2012-01-31,2.912,-0.001372
2012-02-01,2.899,-0.004464
2012-02-02,2.933,0.011728
2012-02-03,2.95,0.005796
2012-02-06,2.963,0.004407
2012-02-07,2.942,-0.007087
2012-02-08,2.976,0.011557
2012-02-09,2.98,0.001344
2012-02-10,2.989,0.00302
2012-02-13,2.989,0.0
2012-02-14,2.989,0.0
2012-02-15,3.002,0.004349
2012-02-16,2.993,-0.002998
2012-02-17,2.985,-0.002673
2012-02-20,2.985,0.0
2012-02-21,3.006,0.007035
2012-02-22,3.032,0.008649
2012-02-23,3.036,0.001319
2012-02-24,3.053,0.005599
2012-02-27,3.058,0.001638
2012-02-28,3.053,-0.001635
2012-02-29,3.036,-0.005568
2012-03-01,3.04,0.001318
2012-03-02,3.075,0.011513
2012-03-05,3.071,-0.001301
2012-03-06,3.045,-0.008466
2012-03-07,3.032,-0.004269
2012-03-08,3.058,0.008575
2012-03-09,3.079,0.006867
2012-03-12,3.071,-0.002598
2012-03-13,3.083,0.003908
2012-03-14,3.019,-0.020759
2012-03-15,3.006,-0.004306
2012-03-16,3.04,0.011311
2012-03-19,3.045,0.001645
2012-03-20,3.01,-0.011494
2012-03-21,3.006,-0.001329
2012-03-22,3.002,-0.001331
2012-03-23,2.972,-0.009993
2012-03-26,2.972,0.0
2012-03-27,2.967,-0.001682
2012-03-28,2.916,-0.017189
2012-03-29,2.899,-0.00583
2012-03-30,2.916,0.005864
2012-03-31,2.916,0.0
2012-04-05,2.963,0.016118
2012-04-06,2.967,0.00135
2012-04-09,2.946,-0.007078
2012-04-10,2.967,0.007128
2012-04-11,2.967,0.0
2012-04-12,3.002,0.011796
2012-04-13,3.019,0.005663
2012-04-16,3.019,0.0
2012-04-17,2.998,-0.006956
2012-04-18,3.036,0.012675
2012-04-19,3.04,0.001318
2012-04-20,3.049,0.002961
2012-04-23,3.036,-0.004264
2012-04-24,3.028,-0.002635
2012-04-25,3.045,0.005614
2012-04-26,3.045,0.0
2012-04-27,3.045,0.0
2012-05-02,3.075,0.009852
2012-05-03,3.083,0.002602
2012-05-04,3.096,0.004217
2012-05-07,3.101,0.001615
2012-05-08,3.088,-0.004192
2012-05-09,3.053,-0.011334
2012-05-10,3.053,0.0
2012-05-11,3.045,-0.00262
2012-05-14,3.036,-0.002956
2012-05-15,3.04,0.001318
2012-05-16,3.015,-0.008224
2012-05-17,3.04,0.008292
2012-05-18,3.01,-0.009868
2012-05-21,3.023,0.004319
2012-05-22,3.058,0.011578
2012-05-23,3.045,-0.004251
2012-05-24,3.032,-0.004269
2012-05-25,3.01,-0.007256
2012-05-28,3.045,0.011628
2012-05-29,3.071,0.008539
2012-05-30,3.066,-0.001628
2012-05-31,3.062,-0.001305
2012-06-01,3.062,0.0
2012-06-04,3.01,-0.016982
2012-06-05,3.01,0.0
2012-06-06,3.002,-0.002658
2012-06-07,2.989,-0.00433
2012-06-08,2.989,0.0
2012-06-11,3.019,0.010037
2012-06-12,3.01,-0.002981
2012-06-13,3.053,0.014286
2012-06-14,3.045,-0.00262
2012-06-15,3.04,-0.001642
2012-06-18,3.049,0.002961
2012-06-19,3.028,-0.006888
2012-06-20,3.019,-0.002972
2012-06-21,2.98,-0.012918
2012-06-25,2.929,-0.017114
2012-06-26,2.929,0.0
2012-06-27,2.933,0.001366
2012-06-28,2.912,-0.00716
2012-06-29,2.946,0.011676
2012-06-30,2.946,0.0
2012-07-02,2.946,0.0
2012-07-03,2.95,0.001358
2012-07-04,2.937,-0.004407
2012-07-05,2.916,-0.00715
2012-07-06,2.963,0.016118
2012-07-09,2.924,-0.013162
2012-07-10,2.916,-0.002736
2012-07-11,2.933,0.00583
2012-07-12,2.959,0.008865
2012-07-13,2.955,-0.001352
2012-07-16,2.916,-0.013198
2012-07-17,2.933,0.00583
2012-07-18,2.937,0.001364
2012-07-19,2.95,0.004426
2012-07-20,2.937,-0.004407
2012-07-23,2.916,-0.00715
2012-07-24,2.929,0.004458
2012-07-25,2.912,-0.005804
2012-07-26,2.894,-0.006181
2012-07-27,2.89,-0.001382
2012-07-30,2.881,-0.003114
2012-07-31,2.881,0.0
2012-08-01,2.903,0.007636
2012-08-02,2.873,-0.010334
2012-08-03,2.881,0.002785
2012-08-06,2.912,0.01076
2012-08-07,2.907,-0.001717
2012-08-08,2.907,0.0
2012-08-09,2.929,0.007568
2012-08-10,2.912,-0.005804
2012-08-13,2.873,-0.013393
2012-08-14,2.881,0.002785
2012-08-15,2.869,-0.004165
2012-08-16,2.86,-0.003137
2012-08-17,2.856,-0.001399
2012-08-20,2.847,-0.003151
2012-08-21,2.856,0.003161
2012-08-22,2.847,-0.003151
2012-08-23,2.851,0.001405
2012-08-24,2.839,-0.004209
2012-08-27,2.808,-0.010919
2012-08-28,2.804,-0.001425
2012-08-29,2.791,-0.004636
2012-08-30,2.783,-0.002866
2012-08-31,2.787,0.001437
2012-09-03,2.817,0.010764
2012-09-04,2.804,-0.004615
2012-09-05,2.8,-0.001427
2012-09-06,2.813,0.004643
2012-09-07,2.873,0.02133
2012-09-10,2.877,0.001392
2012-09-11,2.869,-0.002781
2012-09-12,2.869,0.0
2012-09-13,2.86,-0.003137
2012-09-14,2.869,0.003147
2012-09-17,2.83,-0.013594
2012-09-18,2.821,-0.00318
2012-09-19,2.826,0.001772
2012-09-20,2.796,-0.010616
2012-09-21,2.804,0.002861
2012-09-24,2.813,0.00321
2012-09-25,2.817,0.001422
2012-09-26,2.8,-0.006035
2012-09-27,2.839,0.013929
2012-09-28,2.869,0.010567
2012-09-30,2.869,0.0
2012-10-08,2.86,-0.003137
2012-10-09,2.89,0.01049
2012-10-10,2.89,0.0
2012-10-11,2.873,-0.005882
2012-10-12,2.873,0.0
2012-10-15,2.877,0.001392
2012-10-16,2.873,-0.00139
2012-10-17,2.869,-0.001392
2012-10-18,2.899,0.010457
2012-10-19,2.894,-0.001725
2012-10-22,2.903,0.00311
2012-10-23,2.881,-0.007578
2012-10-24,2.877,-0.001388
2012-10-25,2.86,-0.005909
2012-10-26,2.834,-0.009091
2012-10-29,2.834,0.0
2012-10-30,2.834,0.0
2012-10-31,2.843,0.003176
2012-11-01,2.877,0.011959
2012-11-02,2.877,0.0
2012-11-05,2.869,-0.002781
2012-11-06,2.86,-0.003137
2012-11-07,2.856,-0.001399
2012-11-08,2.826,-0.010504
2012-11-09,2.817,-0.003185
2012-11-12,2.821,0.00142
2012-11-13,2.796,-0.008862
2012-11-14,2.8,0.001431
2012-11-15,2.774,-0.009286
2012-11-16,2.765,-0.003244
2012-11-19,2.757,-0.002893
2012-11-20,2.753,-0.001451
2012-11-21,2.77,0.006175
2012-11-22,2.753,-0.006137
2012-11-23,2.765,0.004359
2012-11-26,2.753,-0.00434
2012-11-27,2.722,-0.01126
2012-11-28,2.705,-0.006245
2012-11-29,2.705,0.0
2012-11-30,2.722,0.006285
2012-12-03,2.692,-0.011021
2012-12-04,2.714,0.008172
2012-12-05,2.757,0.015844
2012-12-06,2.753,-0.001451
2012-12-07,2.778,0.009081
2012-12-10,2.804,0.009359
2012-12-11,2.796,-0.002853
2012-12-12,2.796,0.0
2012-12-13,2.778,-0.006438
2012-12-14,2.843,0.023398
2012-12-17,2.856,0.004573
2012-12-18,2.851,-0.001751
2012-12-19,2.86,0.003157
2012-12-20,2.869,0.003147
2012-12-21,2.869,0.0
2012-12-24,2.869,0.0
2012-12-25,2.903,0.011851
2012-12-26,2.916,0.004478
2012-12-27,2.912,-0.001372
2012-12-28,2.937,0.008585
2012-12-31,2.963,0.008853
2013-01-04,2.955,-0.0027
2013-01-07,2.963,0.002707
2013-01-08,2.972,0.003037
2013-01-09,2.98,0.002692
2013-01-10,2.98,0.0
2013-01-11,2.946,-0.011409
2013-01-14,2.998,0.017651
2013-01-15,3.015,0.00567
2013-01-16,2.993,-0.007297
2013-01-17,2.976,-0.00568
2013-01-18,3.002,0.008737
2013-01-21,3.01,0.002665
2013-01-22,2.976,-0.011296
2013-01-23,2.976,0.0
2013-01-24,2.937,-0.013105
2013-01-25,2.942,0.001702
2013-01-28,2.993,0.017335
2013-01-29,2.998,0.001671
2013-01-30,3.006,0.002668
2013-01-31,2.993,-0.004325
2013-02-01,3.006,0.004343
2013-02-04,2.998,-0.002661
2013-02-05,3.036,0.012675
2013-02-06,3.04,0.001318
2013-02-07,3.04,0.0
2013-02-08,3.071,0.010197
2013-02-18,3.058,-0.004233
2013-02-19,3.023,-0.011445
2013-02-20,3.053,0.009924
2013-02-21,3.015,-0.012447
2013-02-22,3.006,-0.002985
2013-02-25,3.015,0.002994
2013-02-26,2.993,-0.007297
2013-02-27,3.002,0.003007
2013-02-28,3.036,0.011326
2013-03-01,3.045,0.002964
2013-03-04,2.959,-0.028243
2013-03-05,3.006,0.015884
2013-03-06,3.036,0.00998
2013-03-07,3.019,-0.005599
2013-03-08,3.006,-0.004306
2013-03-11,3.01,0.001331
2013-03-12,2.976,-0.011296
2013-03-13,2.946,-0.010081
2013-03-14,2.955,0.003055
2013-03-15,2.963,0.002707
2013-03-18,2.946,-0.005737
2013-03-19,2.963,0.005771
2013-03-20,3.002,0.013162
2013-03-21,3.019,0.005663
2013-03-22,3.023,0.001325
2013-03-25,3.015,-0.002646
2013-03-26,3.019,0.001327
2013-03-27,3.036,0.005631
2013-03-28,3.006,-0.009881
2013-03-29,2.998,-0.002661
2013-04-01,3.002,0.001334
2013-04-02,2.976,-0.008661
2013-04-03,2.972,-0.001344
2013-04-08,2.98,0.002692
2013-04-09,2.993,0.004362
2013-04-10,2.993,0.0
2013-04-11,2.989,-0.001336
2013-04-12,2.98,-0.003011
2013-04-15,2.959,-0.007047
2013-04-16,2.98,0.007097
2013-04-17,3.002,0.007383
2013-04-18,2.998,-0.001332
2013-04-19,3.045,0.015677
2013-04-22,3.053,0.002627
2013-04-23,2.998,-0.018015
2013-04-24,3.036,0.012675
2013-04-25,3.006,-0.009881
2013-04-26,2.985,-0.006986
2013-05-02,2.998,0.004355
2013-05-03,3.036,0.012675
2013-05-06,3.062,0.008564
2013-05-07,3.058,-0.001306
2013-05-08,3.079,0.006867
2013-05-09,3.066,-0.004222
2013-05-10,3.071,0.001631
2013-05-13,3.071,0.0
2013-05-14,3.045,-0.008466
2013-05-15,3.075,0.009852
2013-05-16,3.101,0.008455
2013-05-17,3.135,0.010964
2013-05-20,3.148,0.004147
2013-05-21,3.157,0.002859
2013-05-22,3.131,-0.008236
2013-05-23,3.114,-0.00543
2013-05-24,3.135,0.006744
2013-05-27,3.148,0.004147
2013-05-28,3.165,0.0054
2013-05-29,3.169,0.001264
2013-05-30,3.169,0.0
2013-05-31,3.152,-0.005364
2013-06-03,3.139,-0.004124
2013-06-04,3.092,-0.014973
2013-06-05,3.101,0.002911
2013-06-06,3.071,-0.009674
2013-06-07,3.045,-0.008466
2013-06-13,3.015,-0.009852
2013-06-14,3.049,0.011277
2013-06-17,3.053,0.001312
2013-06-18,3.058,0.001638
2013-06-19,3.04,-0.005886
2013-06-20,2.98,-0.019737
2013-06-21,2.98,0.0
2013-06-24,2.886,-0.031544
2013-06-25,2.89,0.001386
2013-06-26,2.937,0.016263
2013-06-27,2.92,-0.005788
2013-06-28,2.924,0.00137
2013-06-30,2.924,0.0
2013-07-01,2.967,0.014706
2013-07-02,3.006,0.013145
2013-07-03,3.019,0.004325
2013-07-04,3.01,-0.002981
2013-07-05,2.989,-0.006977
2013-07-08,2.924,-0.021746
2013-07-09,2.92,-0.001368
2013-07-10,2.963,0.014726
2013-07-11,3.01,0.015862
2013-07-12,2.998,-0.003987
2013-07-15,3.053,0.018346
2013-07-16,3.083,0.009826
2013-07-17,3.053,-0.009731
2013-07-18,3.053,0.0
2013-07-19,3.015,-0.012447
2013-07-22,3.049,0.011277
2013-07-23,3.088,0.012791
2013-07-24,3.101,0.00421
2013-07-25,3.062,-0.012577
2013-07-26,3.062,0.0
2013-07-29,3.045,-0.005552
2013-07-30,3.028,-0.005583
2013-07-31,3.028,0.0
2013-08-01,3.083,0.018164
2013-08-02,3.092,0.002919
2013-08-05,3.122,0.009702
2013-08-06,3.131,0.002883
2013-08-07,3.105,-0.008304
2013-08-08,3.118,0.004187
2013-08-09,3.114,-0.001283
2013-08-12,3.126,0.003854
2013-08-13,3.122,-0.00128
2013-08-14,3.114,-0.002562
2013-08-15,3.083,-0.009955
2013-08-16,3.04,-0.013947
2013-08-19,3.083,0.014145
2013-08-20,3.075,-0.002595
2013-08-21,3.088,0.004228
2013-08-22,3.096,0.002591
2013-08-23,3.105,0.002907
2013-08-26,3.144,0.01256
2013-08-27,3.148,0.001272
2013-08-28,3.109,-0.012389
2013-08-29,3.109,0.0
2013-08-30,3.062,-0.015117
2013-09-02,3.083,0.006858
2013-09-03,3.114,0.010055
2013-09-04,3.114,0.0
2013-09-05,3.131,0.005459
2013-09-06,3.139,0.002555
2013-09-09,3.139,0.0
2013-09-10,3.122,-0.005416
2013-09-11,3.079,-0.013773
2013-09-12,3.088,0.002923
2013-09-13,3.109,0.006801
2013-09-16,3.114,0.001608
2013-09-17,3.079,-0.01124
2013-09-18,3.101,0.007145
2013-09-23,3.148,0.015156
2013-09-24,3.148,0.0
2013-09-25,3.139,-0.002859
2013-09-26,3.122,-0.005416
2013-09-27,3.148,0.008328
2013-09-30,3.165,0.0054
2013-10-08,3.195,0.009479
2013-10-09,3.204,0.002817
2013-10-10,3.178,-0.008115
2013-10-11,3.199,0.006608
2013-10-14,3.195,-0.00125
2013-10-15,3.182,-0.004069
2013-10-16,3.135,-0.014771
2013-10-17,3.126,-0.002871
2013-10-18,3.135,0.002879
2013-10-21,3.182,0.014992
2013-10-22,3.161,-0.0066
2013-10-23,3.126,-0.011072
2013-10-24,3.114,-0.003839
2013-10-25,3.075,-0.012524
2013-10-28,3.075,0.0
2013-10-29,3.049,-0.008455
2013-10-30,3.071,0.007215
2013-10-31,3.036,-0.011397
2013-11-01,3.036,0.0
2013-11-04,3.045,0.002964
2013-11-05,3.058,0.004269
2013-11-06,3.032,-0.008502
2013-11-07,2.985,-0.015501
2013-11-08,2.946,-0.013065
2013-11-11,2.972,0.008826
2013-11-12,2.993,0.007066
2013-11-13,2.967,-0.008687
2013-11-14,3.01,0.014493
2013-11-15,3.04,0.009967
2013-11-18,3.083,0.014145
2013-11-19,3.079,-0.001297
2013-11-20,3.092,0.004222
2013-11-21,3.071,-0.006792
2013-11-22,3.053,-0.005861
2013-11-25,3.045,-0.00262
2013-11-26,3.053,0.002627
2013-11-27,3.083,0.009826
2013-11-28,3.118,0.011353
2013-11-29,3.131,0.004169
2013-12-02,3.049,-0.02619
2013-12-03,3.088,0.012791
2013-12-04,3.105,0.005505
2013-12-05,3.088,-0.005475
2013-12-06,3.071,-0.005505
2013-12-09,3.088,0.005536
2013-12-10,3.096,0.002591
2013-12-11,3.088,-0.002584
2013-12-12,3.109,0.006801
2013-12-13,3.109,0.0
2013-12-16,3.088,-0.006755
2013-12-17,3.075,-0.00421
2013-12-18,3.079,0.001301
2013-12-19,3.062,-0.005521
2013-12-20,3.045,-0.005552
2013-12-23,3.04,-0.001642
2013-12-24,3.053,0.004276
2013-12-25,3.088,0.011464
2013-12-26,3.045,-0.013925
2013-12-27,3.083,0.012479
2013-12-30,3.088,0.001622
2013-12-31,3.096,0.002591
2014-01-02,3.109,0.004199
2014-01-03,3.118,0.002895
2014-01-06,3.079,-0.012508
2014-01-07,3.096,0.005521
2014-01-08,3.118,0.007106
2014-01-09,3.096,-0.007056
2014-01-10,3.071,-0.008075
2014-01-13,3.058,-0.004233
2014-01-14,3.083,0.008175
2014-01-15,3.105,0.007136
2014-01-16,3.096,-0.002899
2014-01-17,3.075,-0.006783
2014-01-20,3.045,-0.009756
2014-01-21,3.079,0.011166
2014-01-22,3.135,0.018188
2014-01-23,3.157,0.007018
2014-01-24,3.178,0.006652
2014-01-27,3.182,0.001259
2014-01-28,3.169,-0.004085
2014-01-29,3.199,0.009467
2014-01-30,3.195,-0.00125
2014-02-07,3.221,0.008138
2014-02-10,3.298,0.023906
2014-02-11,3.294,-0.001213
2014-02-12,3.311,0.005161
2014-02-13,3.26,-0.015403
2014-02-14,3.29,0.009202
2014-02-17,3.346,0.017021
2014-02-18,3.341,-0.001494
2014-02-19,3.333,-0.002394
2014-02-20,3.311,-0.006601
2014-02-21,3.32,0.002718
2014-02-24,3.333,0.003916
2014-02-25,3.255,-0.023402
2014-02-26,3.268,0.003994
2014-02-27,3.208,-0.01836
2014-02-28,3.217,0.002805
2014-03-03,3.251,0.010569
2014-03-04,3.234,-0.005229
2014-03-05,3.225,-0.002783
2014-03-06,3.208,-0.005271
2014-03-07,3.204,-0.001247
2014-03-10,3.148,-0.017478
2014-03-11,3.161,0.00413
2014-03-12,3.178,0.005378
2014-03-13,3.208,0.00944
2014-03-14,3.191,-0.005299
2014-03-17,3.221,0.009401
2014-03-18,3.221,0.0
2014-03-19,3.187,-0.010556
2014-03-20,3.126,-0.01914
2014-03-21,3.144,0.005758
2014-03-24,3.139,-0.00159
2014-03-25,3.148,0.002867
2014-03-26,3.165,0.0054
2014-03-27,3.122,-0.013586
2014-03-28,3.075,-0.015054
2014-03-31,3.071,-0.001301
2014-04-01,3.105,0.011071
2014-04-02,3.092,-0.004187
2014-04-03,3.088,-0.001294
2014-04-04,3.109,0.006801
2014-04-08,3.122,0.004181
2014-04-09,3.139,0.005445
2014-04-10,3.148,0.002867
2014-04-11,3.144,-0.001271
2014-04-14,3.148,0.001272
2014-04-15,3.135,-0.00413
2014-04-16,3.135,0.0
2014-04-17,3.139,0.001276
2014-04-18,3.144,0.001593
2014-04-21,3.126,-0.005725
2014-04-22,3.114,-0.003839
2014-04-23,3.092,-0.007065
2014-04-24,3.079,-0.004204
2014-04-25,3.049,-0.009743
2014-04-28,2.998,-0.016727
2014-04-29,3.015,0.00567
2014-04-30,3.036,0.006965
2014-05-05,3.053,0.005599
2014-05-06,3.071,0.005896
2014-05-07,3.045,-0.008466
2014-05-08,3.032,-0.004269
2014-05-09,3.006,-0.008575
2014-05-12,3.036,0.00998
2014-05-13,3.04,0.001318
2014-05-14,3.045,0.001645
2014-05-15,3.015,-0.009852
2014-05-16,2.989,-0.008624
2014-05-19,2.972,-0.005688
2014-05-20,2.98,0.002692
2014-05-21,2.993,0.004362
2014-05-22,3.006,0.004343
2014-05-23,3.028,0.007319
2014-05-26,3.058,0.009908
2014-05-27,3.049,-0.002943
2014-05-28,3.083,0.011151
2014-05-29,3.062,-0.006812
2014-05-30,3.062,0.0
2014-06-03,3.062,0.0
2014-06-04,3.049,-0.004246
2014-06-05,3.066,0.005576
2014-06-06,3.066,0.0
2014-06-09,3.045,-0.006849
2014-06-10,3.071,0.008539
2014-06-11,3.079,0.002605
2014-06-12,3.071,-0.002598
2014-06-13,3.096,0.008141
2014-06-16,3.101,0.001615
2014-06-17,3.075,-0.008384
2014-06-18,3.062,-0.004228
2014-06-19,3.019,-0.014043
2014-06-20,3.04,0.006956
2014-06-23,3.062,0.007237
2014-06-24,3.066,0.001306
2014-06-25,3.058,-0.002609
2014-06-26,3.083,0.008175
2014-06-27,3.092,0.002919
2014-06-30,3.114,0.007115
2014-07-01,3.118,0.001285
2014-07-02,3.126,0.002566
2014-07-03,3.148,0.007038
2014-07-04,3.144,-0.001271
2014-07-07,3.135,-0.002863
2014-07-08,3.157,0.007018
2014-07-09,3.114,-0.013621
2014-07-10,3.096,-0.00578
2014-07-11,3.109,0.004199
2014-07-14,3.122,0.004181
2014-07-15,3.101,-0.006726
2014-07-16,3.079,-0.007094
2014-07-17,3.071,-0.002598
2014-07-18,3.066,-0.001628
2014-07-21,3.075,0.002935
2014-07-22,3.096,0.006829
2014-07-23,3.071,-0.008075
2014-07-24,3.075,0.001303
2014-07-25,3.096,0.006829
2014-07-28,3.126,0.00969
2014-07-29,3.152,0.008317
2014-07-30,3.161,0.002855
2014-07-31,3.169,0.002531
2014-08-01,3.157,-0.003787
2014-08-04,3.187,0.009503
2014-08-05,3.195,0.00251
2014-08-06,3.195,0.0
2014-08-07,3.187,-0.002504
2014-08-08,3.199,0.003765
2014-08-11,3.225,0.008128
2014-08-12,3.225,0.0
2014-08-13,3.221,-0.00124
2014-08-14,3.208,-0.004036
2014-08-15,3.221,0.004052
2014-08-18,3.255,0.010556
2014-08-19,3.255,0.0
2014-08-20,3.255,0.0
2014-08-21,3.255,0.0
2014-08-22,3.264,0.002765
2014-08-25,3.251,-0.003983
2014-08-26,3.225,-0.007998
2014-08-27,3.234,0.002791
2014-08-28,3.208,-0.00804
2014-08-29,3.225,0.005299
2014-09-01,3.251,0.008062
2014-09-02,3.268,0.005229
2014-09-03,3.285,0.005202
2014-09-04,3.298,0.003957
2014-09-05,3.303,0.001516
2014-09-09,3.324,0.006358
2014-09-10,3.337,0.003911
2014-09-11,3.341,0.001199
2014-09-12,3.358,0.005088
2014-09-15,3.363,0.001489
2014-09-16,3.294,-0.020517
2014-09-17,3.307,0.003947
2014-09-18,3.333,0.007862
2014-09-19,3.35,0.005101
2014-09-22,3.333,-0.005075
2014-09-23,3.35,0.005101
2014-09-24,3.371,0.006269
2014-09-25,3.363,-0.002373
2014-09-26,3.367,0.001189
2014-09-29,3.389,0.006534
2014-09-30,3.401,0.003541
2014-10-08,3.44,0.011467
2014-10-09,3.457,0.004942
2014-10-10,3.449,-0.002314
2014-10-13,3.444,-0.00145
2014-10-14,3.423,-0.006098
2014-10-15,3.436,0.003798
2014-10-16,3.427,-0.002619
2014-10-17,3.393,-0.009921
2014-10-20,3.423,0.008842
2014-10-21,3.414,-0.002629
2014-10-22,3.393,-0.006151
2014-10-23,3.363,-0.008842
2014-10-24,3.367,0.001189
2014-10-27,3.384,0.005049
2014-10-28,3.432,0.014184
2014-10-29,3.449,0.004953
2014-10-30,3.449,0.0
2014-10-31,3.436,-0.003769
2014-11-03,3.457,0.006112
2014-11-04,3.44,-0.004918
2014-11-05,3.436,-0.001163
2014-11-06,3.466,0.008731
2014-11-07,3.457,-0.002597
2014-11-10,3.47,0.00376
2014-11-11,3.406,-0.018444
2014-11-12,3.444,0.011157
2014-11-13,3.414,-0.008711
2014-11-14,3.41,-0.001172
2014-11-17,3.457,0.013783
2014-11-18,3.47,0.00376
2014-11-19,3.496,0.007493
2014-11-20,3.492,-0.001144
2014-11-21,3.5,0.002291
2014-11-24,3.509,0.002571
2014-11-25,3.543,0.009689
2014-11-26,3.548,0.001411
2014-11-27,3.548,0.0
2014-11-28,3.556,0.002255
2014-12-01,3.548,-0.00225
2014-12-02,3.56,0.003382
2014-12-03,3.582,0.00618
2014-12-04,3.646,0.017867
2014-12-05,3.603,-0.011794
2014-12-08,3.591,-0.003331
2014-12-09,3.483,-0.030075
2014-12-10,3.556,0.020959
2014-12-11,3.573,0.004781
2014-12-12,3.608,0.009796
2014-12-15,3.659,0.014135
2014-12-16,3.664,0.001366
2014-12-17,3.672,0.002183
2014-12-18,3.655,-0.00463
2014-12-19,3.629,-0.007114
2014-12-22,3.53,-0.02728
2014-12-23,3.483,-0.013314
2014-12-24,3.496,0.003732
2014-12-25,3.513,0.004863
2014-12-26,3.522,0.002562
2014-12-29,3.475,-0.013345
2014-12-30,3.449,-0.007482
2014-12-31,3.483,0.009858
2015-01-05,3.53,0.013494
2015-01-06,3.565,0.009915
2015-01-07,3.552,-0.003647
2015-01-08,3.526,-0.00732
2015-01-09,3.517,-0.002552
2015-01-12,3.505,-0.003412
2015-01-13,3.517,0.003424
2015-01-14,3.513,-0.001137
2015-01-15,3.543,0.00854
2015-01-16,3.556,0.003669
2015-01-19,3.462,-0.026434
2015-01-20,3.513,0.014731
2015-01-21,3.569,0.015941
2015-01-22,3.582,0.003642
2015-01-23,3.565,-0.004746
2015-01-26,3.599,0.009537
2015-01-27,3.603,0.001111
2015-01-28,3.578,-0.006939
2015-01-29,3.552,-0.007267
2015-01-30,3.543,-0.002534
2015-02-02,3.53,-0.003669
2015-02-03,3.56,0.008499
2015-02-04,3.552,-0.002247
2015-02-05,3.543,-0.002534
2015-02-06,3.509,-0.009596
2015-02-09,3.5,-0.002565
2015-02-10,3.522,0.006286
2015-02-11,3.53,0.002271
2015-02-12,3.543,0.003683
2015-02-13,3.565,0.006209
2015-02-16,3.599,0.009537
2015-02-17,3.616,0.004724
2015-02-25,3.629,0.003595
2015-02-26,3.651,0.006062
2015-02-27,3.664,0.003561
2015-03-02,3.685,0.005731
2015-03-03,3.655,-0.008141
2015-03-04,3.676,0.005746
2015-03-05,3.668,-0.002176
2015-03-06,3.646,-0.005998
2015-03-09,3.685,0.010697
2015-03-10,3.689,0.001085
2015-03-11,3.694,0.001355
2015-03-12,3.711,0.004602
2015-03-13,3.728,0.004581
2015-03-16,3.78,0.013948
2015-03-17,3.801,0.005556
2015-03-18,3.835,0.008945
2015-03-19,3.84,0.001304
2015-03-20,3.835,-0.001302
2015-03-23,3.904,0.017992
2015-03-24,3.921,0.004355
2015-03-25,3.93,0.002295
2015-03-26,3.926,-0.001018
2015-03-27,3.943,0.00433
2015-03-30,4.007,0.016231
2015-03-31,3.982,-0.006239
2015-04-01,4.033,0.012808
2015-04-02,4.068,0.008678
2015-04-03,4.093,0.006146
2015-04-07,4.166,0.017835
2015-04-08,4.192,0.006241
2015-04-09,4.162,-0.007156
2015-04-10,4.231,0.016579
2015-04-13,4.287,0.013236
2015-04-14,4.3,0.003032
2015-04-15,4.227,-0.016977
2015-04-16,4.295,0.016087
2015-04-17,4.343,0.011176
2015-04-20,4.308,-0.008059
2015-04-21,4.368,0.013928
2015-04-22,4.424,0.012821
2015-04-23,4.424,0.0
2015-04-24,4.386,-0.00859
2015-04-27,4.454,0.015504
2015-04-28,4.411,-0.009654
2015-04-29,4.429,0.004081
2015-04-30,4.411,-0.004064
2015-05-04,4.424,0.002947
2015-05-05,4.295,-0.029159
2015-05-06,4.248,-0.010943
2015-05-07,4.227,-0.004944
2015-05-08,4.287,0.014194
2015-05-11,4.377,0.020994
2015-05-12,4.394,0.003884
2015-05-13,4.394,0.0
2015-05-14,4.377,-0.003869
2015-05-15,4.334,-0.009824
2015-05-18,4.325,-0.002077
2015-05-19,4.403,0.018035
2015-05-20,4.424,0.004769
2015-05-21,4.489,0.014693
2015-05-22,4.553,0.014257
2015-05-25,4.635,0.01801
2015-05-26,4.704,0.014887
2015-05-27,4.768,0.013605
2015-05-28,4.592,-0.036913
2015-05-29,4.609,0.003702
2015-06-01,4.768,0.034498
2015-06-02,4.837,0.014471
2015-06-03,4.832,-0.001034
2015-06-04,4.832,0.0
2015-06-05,4.875,0.008899
2015-06-08,4.91,0.007179
2015-06-09,4.88,-0.00611
2015-06-10,4.961,0.016598
2015-06-11,4.987,0.005241
2015-06-12,5.043,0.011229
2015-06-15,5.056,0.002578
2015-06-16,4.931,-0.024723
2015-06-17,4.974,0.00872
2015-06-18,4.854,-0.024125
2015-06-19,4.652,-0.041615
2015-06-23,4.721,0.014832
2015-06-24,4.781,0.012709
2015-06-25,4.682,-0.020707
2015-06-26,4.437,-0.052328
2015-06-29,4.334,-0.023214
2015-06-30,4.493,0.036687
2015-07-01,4.364,-0.028711
2015-07-02,4.175,-0.043309
2015-07-03,4.033,-0.034012
2015-07-06,3.964,-0.017109
2015-07-07,3.818,-0.036831
2015-07-08,3.668,-0.039288
2015-07-09,3.75,0.022356
2015-07-10,3.848,0.026133
2015-07-13,3.999,0.039241
2015-07-14,4.033,0.008502
2015-07-15,3.9,-0.032978
2015-07-16,3.96,0.015385
2015-07-17,4.106,0.036869
2015-07-20,4.192,0.020945
2015-07-21,4.265,0.017414
2015-07-22,4.3,0.008206
2015-07-23,4.407,0.024884
2015-07-24,4.338,-0.015657
2015-07-27,4.106,-0.053481
2015-07-28,4.007,-0.024111
2015-07-29,4.123,0.028949
2015-07-30,4.042,-0.019646
2015-07-31,3.964,-0.019297
2015-08-03,3.861,-0.025984
2015-08-04,3.973,0.029008
2015-08-05,3.952,-0.005286
2015-08-06,3.947,-0.001265
2015-08-07,4.046,0.025082
2015-08-10,4.205,0.039298
2015-08-11,4.222,0.004043
2015-08-12,4.184,-0.009
2015-08-13,4.265,0.019359
2015-08-14,4.295,0.007034
2015-08-17,4.347,0.012107
2015-08-18,4.119,-0.05245
2015-08-19,4.153,0.008254
2015-08-20,4.076,-0.018541
2015-08-21,3.939,-0.033611
2015-08-24,3.758,-0.045951
2015-08-25,3.608,-0.039915
2015-08-26,3.578,-0.008315
2015-08-27,3.668,0.025154
2015-08-28,3.788,0.032715
2015-08-31,3.711,-0.020327
2015-09-01,3.578,-0.035839
2015-09-02,3.556,-0.006149
2015-09-07,3.56,0.001125
2015-09-08,3.659,0.027809
2015-09-09,3.724,0.017764
2015-09-10,3.694,-0.008056
2015-09-11,3.702,0.002166
2015-09-14,3.552,-0.040519
2015-09-15,3.457,-0.026745
2015-09-16,3.582,0.036159
2015-09-17,3.543,-0.010888
2015-09-18,3.582,0.011008
2015-09-21,3.668,0.024009
2015-09-22,3.685,0.004635
2015-09-23,3.646,-0.010583
2015-09-24,3.668,0.006034
2015-09-25,3.612,-0.015267
2015-09-28,3.651,0.010797
2015-09-29,3.625,-0.007121
2015-09-30,3.625,0.0
2015-10-08,3.711,0.023724
2015-10-09,3.75,0.010509
2015-10-12,3.853,0.027467
2015-10-13,3.891,0.009862
2015-10-14,3.853,-0.009766
2015-10-15,3.93,0.019984
2015-10-16,3.96,0.007634
2015-10-19,3.952,-0.00202
2015-10-20,4.003,0.012905
2015-10-21,3.818,-0.046215
2015-10-22,3.909,0.023834
2015-10-23,3.99,0.020721
2015-10-26,4.037,0.011779
2015-10-27,4.046,0.002229
2015-10-28,3.982,-0.015818
2015-10-29,3.994,0.003014
2015-10-30,3.99,-0.001002
2015-11-02,3.934,-0.014035
2015-11-03,3.926,-0.002034
2015-11-04,4.046,0.030565
2015-11-05,4.037,-0.002224
2015-11-06,4.106,0.017092
2015-11-09,4.149,0.010472
2015-11-10,4.171,0.005302
2015-11-11,4.196,0.005994
2015-11-12,4.201,0.001192
2015-11-13,4.119,-0.019519
2015-11-16,4.188,0.016752
2015-11-17,4.184,-0.000955
2015-11-18,4.141,-0.010277
2015-11-19,4.239,0.023666
2015-11-20,4.295,0.013211
2015-11-23,4.278,-0.003958
2015-11-24,4.3,0.005143
2015-11-25,4.36,0.013953
2015-11-26,4.347,-0.002982
2015-11-27,4.184,-0.037497
2015-11-30,4.205,0.005019
2015-12-01,4.175,-0.007134
2015-12-02,4.128,-0.011257
2015-12-03,4.201,0.017684
2015-12-04,4.175,-0.006189
2015-12-07,4.201,0.006228
2015-12-08,4.166,-0.008331
2015-12-09,4.158,-0.00192
2015-12-10,4.166,0.001924
2015-12-11,4.136,-0.007201
2015-12-14,4.166,0.007253
2015-12-15,4.218,0.012482
2015-12-16,4.248,0.007112
2015-12-17,4.325,0.018126
2015-12-18,4.343,0.004162
2015-12-21,4.368,0.005756
2015-12-22,4.398,0.006868
2015-12-23,4.36,-0.00864
2015-12-24,4.334,-0.005963
2015-12-25,4.368,0.007845
2015-12-28,4.308,-0.013736
2015-12-29,4.347,0.009053
2015-12-30,4.373,0.005981
2015-12-31,4.321,-0.011891
2016-01-04,4.089,-0.053691
2016-01-05,4.046,-0.010516
2016-01-06,4.089,0.010628
2016-01-07,3.874,-0.05258
2016-01-08,3.9,0.006711
2016-01-11,3.75,-0.038462
2016-01-12,3.737,-0.003467
2016-01-13,3.668,-0.018464
2016-01-14,3.741,0.019902
2016-01-15,3.668,-0.019513
2016-01-18,3.689,0.005725
2016-01-19,3.78,0.024668
2016-01-20,3.758,-0.00582
2016-01-21,3.676,-0.02182
2016-01-22,3.702,0.007073
2016-01-25,3.728,0.007023
2016-01-26,3.582,-0.039163
2016-01-27,3.548,-0.009492
2016-01-28,3.462,-0.024239
2016-01-29,3.539,0.022241
2016-02-01,3.535,-0.00113
2016-02-02,3.608,0.020651
2016-02-03,3.612,0.001109
2016-02-04,3.659,0.013012
2016-02-05,3.646,-0.003553
2016-02-15,3.659,0.003566
2016-02-16,3.741,0.02241
2016-02-17,3.771,0.008019
2016-02-18,3.758,-0.003447
2016-02-19,3.767,0.002395
2016-02-22,3.814,0.012477
2016-02-23,3.784,-0.007866
2016-02-24,3.784,0.0
2016-02-25,3.603,-0.047833
2016-02-26,3.621,0.004996
2016-02-29,3.505,-0.032035
2016-03-01,3.539,0.0097
2016-03-02,3.638,0.027974
2016-03-03,3.634,-0.0011
2016-03-04,3.578,-0.01541
2016-03-07,3.616,0.01062
2016-03-08,3.603,-0.003595
2016-03-09,3.543,-0.016653
2016-03-10,3.513,-0.008467
2016-03-11,3.509,-0.001139
2016-03-14,3.569,0.017099
2016-03-15,3.552,-0.004763
2016-03-16,3.535,-0.004786
2016-03-17,3.603,0.019236
2016-03-18,3.668,0.018041
2016-03-21,3.728,0.016358
2016-03-22,3.719,-0.002414
2016-03-23,3.728,0.00242
2016-03-24,3.689,-0.010461
2016-03-25,3.711,0.005964
2016-03-28,3.689,-0.005928
2016-03-29,3.629,-0.016265
2016-03-30,3.711,0.022596
2016-03-31,3.728,0.004581
2016-04-01,3.711,-0.00456
2016-04-05,3.784,0.019671
2016-04-06,3.793,0.002378
2016-04-07,3.75,-0.011337
2016-04-08,3.732,-0.0048
2016-04-11,3.78,0.012862
2016-04-12,3.762,-0.004762
2016-04-13,3.788,0.006911
2016-04-14,3.805,0.004488
2016-04-15,3.801,-0.001051
2016-04-18,3.767,-0.008945
2016-04-19,3.762,-0.001327
2016-04-20,3.664,-0.02605
2016-04-21,3.655,-0.002456
2016-04-22,3.655,0.0
2016-04-25,3.638,-0.004651
2016-04-26,3.655,0.004673
2016-04-27,3.659,0.001094
2016-04-28,3.651,-0.002186
2016-04-29,3.655,0.001096
2016-05-03,3.702,0.012859
2016-05-04,3.698,-0.00108
2016-05-05,3.711,0.003515
2016-05-06,3.642,-0.018593
2016-05-09,3.573,-0.018946
2016-05-10,3.573,0.0
2016-05-11,3.578,0.001399
2016-05-12,3.578,0.0
2016-05-13,3.578,0.0
2016-05-16,3.625,0.013136
2016-05-17,3.591,-0.009379
2016-05-18,3.539,-0.014481
2016-05-19,3.552,0.003673
2016-05-20,3.569,0.004786
2016-05-23,3.612,0.012048
2016-05-24,3.586,-0.007198
2016-05-25,3.565,-0.005856
2016-05-26,3.586,0.005891
2016-05-27,3.573,-0.003625
2016-05-30,3.569,-0.00112
2016-05-31,3.646,0.021575
2016-06-01,3.681,0.0096
2016-06-02,3.715,0.009237
2016-06-03,3.707,-0.002153
2016-06-06,3.715,0.002158
2016-06-07,3.732,0.004576
2016-06-08,3.719,-0.003483
2016-06-13,3.608,-0.029847
2016-06-14,3.625,0.004712
2016-06-15,3.724,0.02731
2016-06-16,3.745,0.005639
2016-06-17,3.741,-0.001068
2016-06-20,3.767,0.00695
2016-06-21,3.741,-0.006902
2016-06-22,3.767,0.00695
2016-06-23,3.762,-0.001327
2016-06-24,3.728,-0.009038
2016-06-27,3.788,0.016094
2016-06-28,3.805,0.004488
2016-06-29,3.793,-0.003154
2016-06-30,3.788,-0.001318
2016-07-01,3.771,-0.004488
2016-07-04,3.805,0.009016
2016-07-05,3.793,-0.003154
2016-07-06,3.814,0.005537
2016-07-07,3.818,0.001049
2016-07-08,3.818,0.0
2016-07-11,3.818,0.0
2016-07-12,3.84,0.005762
2016-07-13,3.84,0.0
2016-07-14,3.84,0.0
2016-07-15,3.835,-0.001302
2016-07-18,3.835,0.0
2016-07-19,3.827,-0.002086
2016-07-20,3.818,-0.002352
2016-07-21,3.831,0.003405
2016-07-22,3.81,-0.005482
2016-07-25,3.81,0.0
2016-07-26,3.84,0.007874
2016-07-27,3.767,-0.01901
2016-07-28,3.767,0.0
2016-07-29,3.758,-0.002389
2016-08-01,3.724,-0.009047
2016-08-02,3.737,0.003491
2016-08-03,3.745,0.002141
2016-08-04,3.745,0.0
2016-08-05,3.732,-0.003471
2016-08-08,3.75,0.004823
2016-08-09,3.767,0.004533
2016-08-10,3.754,-0.003451
2016-08-11,3.715,-0.010389
2016-08-12,3.737,0.005922
2016-08-15,3.788,0.013647
2016-08-16,3.78,-0.002112
2016-08-17,3.78,0.0
2016-08-18,3.78,0.0
2016-08-19,3.775,-0.001323
2016-08-22,3.75,-0.006623
2016-08-23,3.754,0.001067
2016-08-24,3.75,-0.001066
2016-08-25,3.732,-0.0048
2016-08-26,3.741,0.002412
2016-08-29,3.745,0.001069
2016-08-30,3.741,-0.001068
2016-08-31,3.737,-0.001069
2016-09-01,3.724,-0.003479
2016-09-02,3.715,-0.002417
2016-09-05,3.732,0.004576
2016-09-06,3.767,0.009378
2016-09-07,3.767,0.0
2016-09-08,3.771,0.001062
2016-09-09,3.758,-0.003447
2016-09-12,3.702,-0.014902
2016-09-13,3.711,0.002431
2016-09-14,3.702,-0.002425
2016-09-19,3.728,0.007023
2016-09-20,3.732,0.001073
2016-09-21,3.732,0.0
2016-09-22,3.754,0.005895
2016-09-23,3.754,0.0
2016-09-26,3.711,-0.011454
2016-09-27,3.715,0.001078
2016-09-28,3.715,0.0
2016-09-29,3.719,0.001077
2016-09-30,3.724,0.001344
2016-10-10,3.775,0.013695
2016-10-11,3.788,0.003444
2016-10-12,3.78,-0.002112
2016-10-13,3.784,0.001058
2016-10-14,3.767,-0.004493
2016-10-17,3.754,-0.003451
2016-10-18,3.784,0.007991
2016-10-19,3.78,-0.001057
2016-10-20,3.775,-0.001323
2016-10-21,3.771,-0.00106
2016-10-24,3.78,0.002387
2016-10-25,3.767,-0.003439
2016-10-26,3.758,-0.002389
2016-10-27,3.75,-0.002129
2016-10-28,3.724,-0.006933
2016-10-31,3.728,0.001074
2016-11-01,3.754,0.006974
2016-11-02,3.741,-0.003463
2016-11-03,3.745,0.001069
2016-11-04,3.745,0.0
2016-11-07,3.741,-0.001068
2016-11-08,3.75,0.002406
2016-11-09,3.732,-0.0048
2016-11-10,3.767,0.009378
2016-11-11,3.784,0.004513
2016-11-14,3.788,0.001057
2016-11-15,3.775,-0.003432
2016-11-16,3.771,-0.00106
2016-11-17,3.767,-0.001061
2016-11-18,3.754,-0.003451
2016-11-21,3.771,0.004529
2016-11-22,3.788,0.004508
2016-11-23,3.767,-0.005544
2016-11-24,3.78,0.003451
2016-11-25,3.788,0.002116
2016-11-28,3.797,0.002376
2016-11-29,3.775,-0.005794
2016-11-30,3.741,-0.009007
2016-12-01,3.762,0.005613
2016-12-02,3.728,-0.009038
2016-12-05,3.685,-0.011534
2016-12-06,3.681,-0.001085
2016-12-07,3.702,0.005705
2016-12-08,3.698,-0.00108
2016-12-09,3.702,0.001082
2016-12-12,3.634,-0.018368
2016-12-13,3.655,0.005779
2016-12-14,3.634,-0.005746
2016-12-15,3.621,-0.003577
2016-12-16,3.625,0.001105
2016-12-19,3.638,0.003586
2016-12-20,3.612,-0.007147
2016-12-21,3.638,0.007198
2016-12-22,3.629,-0.002474
2016-12-23,3.612,-0.004684
2016-12-26,3.621,0.002492
2016-12-27,3.616,-0.001381
2016-12-28,3.603,-0.003595
2016-12-29,3.599,-0.00111
2016-12-30,3.599,0.0
2016-12-31,3.599,0.0
2017-01-03,3.625,0.007224
2017-01-04,3.642,0.00469
2017-01-05,3.651,0.002471
2017-01-06,3.638,-0.003561
2017-01-09,3.655,0.004673
2017-01-10,3.634,-0.005746
2017-01-11,3.616,-0.004953
2017-01-12,3.591,-0.006914
2017-01-13,3.573,-0.005013
2017-01-16,3.556,-0.004758
2017-01-17,3.565,0.002531
2017-01-18,3.569,0.001122
2017-01-19,3.56,-0.002522
2017-01-20,3.578,0.005056
2017-01-23,3.595,0.004751
2017-01-24,3.586,-0.002503
2017-01-25,3.586,0.0
2017-01-26,3.608,0.006135
2017-02-03,3.582,-0.007206
2017-02-06,3.591,0.002513
2017-02-07,3.586,-0.001392
2017-02-08,3.603,0.004741
2017-02-09,3.612,0.002498
2017-02-10,3.629,0.004707
2017-02-13,3.642,0.003582
2017-02-14,3.646,0.001098
2017-02-15,3.625,-0.00576
2017-02-16,3.638,0.003586
2017-02-17,3.608,-0.008246
2017-02-20,3.646,0.010532
2017-02-21,3.651,0.001371
2017-02-22,3.676,0.006847
2017-02-23,3.655,-0.005713
2017-02-24,3.646,-0.002462
2017-02-27,3.625,-0.00576
2017-02-28,3.629,0.001103
2017-03-01,3.634,0.001378
2017-03-02,3.625,-0.002477
2017-03-03,3.621,-0.001103
2017-03-06,3.638,0.004695
2017-03-07,3.642,0.0011
2017-03-08,3.634,-0.002197
2017-03-09,3.612,-0.006054
2017-03-10,3.621,0.002492
2017-03-13,3.646,0.006904
2017-03-14,3.638,-0.002194
2017-03-15,3.638,0.0
2017-03-16,3.646,0.002199
2017-03-17,3.616,-0.008228
2017-03-20,3.621,0.001383
2017-03-21,3.651,0.008285
2017-03-22,3.664,0.003561
2017-03-23,3.672,0.002183
2017-03-24,3.689,0.00463
2017-03-27,3.659,-0.008132
2017-03-28,3.655,-0.001093
2017-03-29,3.659,0.001094
2017-03-30,3.625,-0.009292
2017-03-31,3.638,0.003586
2017-04-05,3.676,0.010445
2017-04-06,3.698,0.005985
2017-04-07,3.694,-0.001082
2017-04-10,3.694,0.0
2017-04-11,3.707,0.003519
2017-04-12,3.668,-0.010521
2017-04-13,3.676,0.002181
2017-04-14,3.646,-0.008161
2017-04-17,3.642,-0.001097
2017-04-18,3.651,0.002471
2017-04-19,3.638,-0.003561
2017-04-20,3.668,0.008246
2017-04-21,3.646,-0.005998
2017-04-24,3.586,-0.016456
2017-04-25,3.599,0.003625
2017-04-26,3.608,0.002501
2017-04-27,3.621,0.003603
2017-04-28,3.612,-0.002486
2017-05-02,3.599,-0.003599
2017-05-03,3.591,-0.002223
2017-05-04,3.582,-0.002506
2017-05-05,3.56,-0.006142
2017-05-08,3.526,-0.009551
2017-05-09,3.53,0.001134
2017-05-10,3.53,0.0
2017-05-11,3.539,0.00255
2017-05-12,3.543,0.00113
2017-05-15,3.565,0.006209
2017-05-16,3.599,0.009537
2017-05-17,3.578,-0.005835
2017-05-18,3.565,-0.003633
2017-05-19,3.552,-0.003647
2017-05-22,3.548,-0.001126
2017-05-23,3.535,-0.003664
2017-05-24,3.535,0.0
2017-05-25,3.556,0.005941
2017-05-26,3.548,-0.00225
2017-05-31,3.548,0.0
2017-06-01,3.539,-0.002537
2017-06-02,3.535,-0.00113
2017-06-05,3.517,-0.005092
2017-06-06,3.539,0.006255
2017-06-07,3.582,0.01215
2017-06-08,3.599,0.004746
2017-06-09,3.612,0.003612
2017-06-12,3.616,0.001107
2017-06-13,3.625,0.002489
2017-06-14,3.582,-0.011862
2017-06-15,3.582,0.0
2017-06-16,3.578,-0.001117
2017-06-19,3.599,0.005869
2017-06-20,3.599,0.0
2017-06-21,3.608,0.002501
2017-06-22,3.586,-0.006098
2017-06-23,3.612,0.00725
2017-06-26,3.646,0.009413
2017-06-27,3.651,0.001371
2017-06-28,3.629,-0.006026
2017-06-29,3.651,0.006062
2017-06-30,3.651,0.0
2017-07-03,3.646,-0.001369
2017-07-04,3.616,-0.008228
2017-07-05,3.664,0.013274
2017-07-06,3.681,0.00464
2017-07-07,3.702,0.005705
2017-07-10,3.698,-0.00108
2017-07-11,3.694,-0.001082
2017-07-12,3.689,-0.001354
2017-07-13,3.689,0.0
2017-07-14,3.702,0.003524
2017-07-17,3.676,-0.007023
2017-07-18,3.685,0.002448
2017-07-19,3.732,0.012754
2017-07-20,3.737,0.00134
2017-07-21,3.741,0.00107
2017-07-24,3.724,-0.004544
2017-07-25,3.707,-0.004565
2017-07-26,3.707,0.0
2017-07-27,3.694,-0.003507
2017-07-28,3.719,0.006768
2017-07-31,3.75,0.008336
2017-08-01,3.758,0.002133
2017-08-02,3.75,-0.002129
2017-08-03,3.75,0.0
2017-08-04,3.737,-0.003467
2017-08-07,3.78,0.011507
2017-08-08,3.78,0.0
2017-08-09,3.788,0.002116
2017-08-10,3.754,-0.008976
2017-08-11,3.689,-0.017315
2017-08-14,3.737,0.013012
2017-08-15,3.754,0.004549
2017-08-16,3.754,0.0
2017-08-17,3.758,0.001066
2017-08-18,3.75,-0.002129
2017-08-21,3.767,0.004533
2017-08-22,3.758,-0.002389
2017-08-23,3.737,-0.005588
2017-08-24,3.724,-0.003479
2017-08-25,3.762,0.010204
2017-08-28,3.784,0.005848
2017-08-29,3.771,-0.003436
2017-08-30,3.784,0.003447
2017-08-31,3.793,0.002378
2017-09-01,3.818,0.006591
2017-09-04,3.831,0.003405
2017-09-05,3.844,0.003393
2017-09-06,3.848,0.001041
2017-09-07,3.814,-0.008836
2017-09-08,3.814,0.0
2017-09-11,3.84,0.006817
2017-09-12,3.823,-0.004427
2017-09-13,3.835,0.003139
2017-09-14,3.801,-0.008866
2017-09-15,3.771,-0.007893
2017-09-18,3.78,0.002387
2017-09-19,3.758,-0.00582
2017-09-20,3.78,0.005854
2017-09-21,3.754,-0.006878
2017-09-22,3.754,0.0
2017-09-25,3.737,-0.004529
2017-09-26,3.728,-0.002408
2017-09-27,3.737,0.002414
2017-09-28,3.741,0.00107
2017-09-29,3.754,0.003475
2017-10-09,3.784,0.007991
2017-10-10,3.788,0.001057
2017-10-11,3.793,0.00132
2017-10-12,3.801,0.002109
2017-10-13,3.805,0.001052
2017-10-16,3.788,-0.004468
2017-10-17,3.788,0.0
2017-10-18,3.818,0.00792
2017-10-19,3.818,0.0
2017-10-20,3.801,-0.004453
2017-10-23,3.81,0.002368
2017-10-24,3.827,0.004462
2017-10-25,3.844,0.004442
2017-10-26,3.848,0.001041
2017-10-27,3.874,0.006757
2017-10-30,3.87,-0.001033
2017-10-31,3.878,0.002067
2017-11-01,3.857,-0.005415
2017-11-02,3.853,-0.001037
2017-11-03,3.853,0.0
2017-11-06,3.9,0.012198
2017-11-07,3.9,0.0
2017-11-08,3.87,-0.007692
2017-11-09,3.909,0.010078
2017-11-10,3.973,0.016372
2017-11-13,4.003,0.007551
2017-11-14,3.943,-0.014989
2017-11-15,3.917,-0.006594
2017-11-16,3.96,0.010978
2017-11-17,3.952,-0.00202
2017-11-20,3.982,0.007591
2017-11-21,4.025,0.010799
2017-11-22,3.982,-0.010683
2017-11-23,3.878,-0.026118
2017-11-24,3.878,0.0
2017-11-27,3.823,-0.014183
2017-11-28,3.84,0.004447
2017-11-29,3.848,0.002083
2017-11-30,3.805,-0.011175
2017-12-01,3.797,-0.002102
2017-12-04,3.788,-0.00237
2017-12-05,3.758,-0.00792
2017-12-06,3.732,-0.006919
2017-12-07,3.694,-0.010182
2017-12-08,3.724,0.008121
2017-12-11,3.771,0.012621
2017-12-12,3.737,-0.009016
2017-12-13,3.762,0.00669
2017-12-14,3.754,-0.002127
2017-12-15,3.715,-0.010389
2017-12-18,3.724,0.002423
2017-12-19,3.758,0.00913
2017-12-20,3.758,0.0
2017-12-21,3.784,0.006919
2017-12-22,3.771,-0.003436
2017-12-25,3.745,-0.006895
2017-12-26,3.758,0.003471
2017-12-27,3.711,-0.012507
2017-12-28,3.724,0.003503
2017-12-29,3.737,0.003491
2017-12-31,3.737,0.0
2018-01-02,3.793,0.014985
2018-01-03,3.797,0.001055
2018-01-04,3.814,0.004477
2018-01-05,3.81,-0.001049
2018-01-08,3.84,0.007874
2018-01-09,3.853,0.003385
2018-01-10,3.861,0.002076
2018-01-11,3.831,-0.00777
2018-01-12,3.844,0.003393
2018-01-15,3.853,0.002341
2018-01-16,3.887,0.008824
2018-01-17,3.844,-0.011063
2018-01-18,3.848,0.001041
2018-01-19,3.831,-0.004418
2018-01-22,3.874,0.011224
2018-01-23,3.9,0.006711
2018-01-24,3.878,-0.005641
2018-01-25,3.857,-0.005415
2018-01-26,3.87,0.00337
2018-01-29,3.818,-0.013437
2018-01-30,3.788,-0.007858
2018-01-31,3.827,0.010296
2018-02-01,3.823,-0.001045
2018-02-02,3.848,0.006539
2018-02-05,3.853,0.001299
2018-02-06,3.775,-0.020244
2018-02-07,3.681,-0.024901
2018-02-08,3.629,-0.014127
2018-02-09,3.53,-0.02728
2018-02-12,3.565,0.009915
2018-02-13,3.603,0.010659
2018-02-14,3.625,0.006106
2018-02-22,3.689,0.017655
2018-02-23,3.689,0.0
2018-02-26,3.707,0.004879
2018-02-27,3.655,-0.014028
2018-02-28,3.625,-0.008208
2018-03-01,3.668,0.011862
2018-03-02,3.634,-0.009269
2018-03-05,3.642,0.002201
2018-03-06,3.659,0.004668
2018-03-07,3.642,-0.004646
2018-03-08,3.655,0.003569
2018-03-09,3.685,0.008208
2018-03-12,3.707,0.00597
2018-03-13,3.672,-0.009442
2018-03-14,3.634,-0.010349
2018-03-15,3.655,0.005779
2018-03-16,3.625,-0.008208
2018-03-19,3.651,0.007172
2018-03-20,3.655,0.001096
2018-03-21,3.625,-0.008208
2018-03-22,3.612,-0.003586
2018-03-23,3.539,-0.02021
2018-03-26,3.578,0.01102
2018-03-27,3.638,0.016769
2018-03-28,3.608,-0.008246
2018-03-29,3.599,-0.002494
2018-03-30,3.655,0.01556
2018-04-02,3.651,-0.001094
2018-04-03,3.629,-0.006026
2018-04-04,3.595,-0.009369
2018-04-09,3.612,0.004729
2018-04-10,3.603,-0.002492
2018-04-11,3.612,0.002498
2018-04-12,3.595,-0.004707
2018-04-13,3.595,0.0
2018-04-16,3.616,0.005841
2018-04-17,3.565,-0.014104
2018-04-18,3.638,0.020477
2018-04-19,3.634,-0.0011
2018-04-20,3.603,-0.008531
2018-04-23,3.526,-0.021371
2018-04-24,3.595,0.019569
2018-04-25,3.591,-0.001113
2018-04-26,3.565,-0.00724
2018-04-27,3.548,-0.004769
2018-05-02,3.535,-0.003664
2018-05-03,3.548,0.003678
2018-05-04,3.539,-0.002537
2018-05-07,3.582,0.01215
2018-05-08,3.595,0.003629
2018-05-09,3.586,-0.002503
2018-05-10,3.582,-0.001115
2018-05-11,3.556,-0.007259
2018-05-14,3.56,0.001125
2018-05-15,3.578,0.005056
2018-05-16,3.569,-0.002515
2018-05-17,3.543,-0.007285
2018-05-18,3.56,0.004798
2018-05-21,3.569,0.002528
2018-05-22,3.565,-0.001121
2018-05-23,3.53,-0.009818
2018-05-24,3.517,-0.003683
2018-05-25,3.505,-0.003412
2018-05-28,3.522,0.00485
2018-05-29,3.492,-0.008518
2018-05-30,3.475,-0.004868
2018-05-31,3.526,0.014676
2018-06-01,3.483,-0.012195
2018-06-04,3.475,-0.002297
2018-06-05,3.509,0.009784
2018-06-06,3.5,-0.002565
2018-06-07,3.483,-0.004857
2018-06-08,3.462,-0.006029
2018-06-11,3.453,-0.0026
2018-06-12,3.475,0.006371
2018-06-13,3.453,-0.006331
2018-06-14,3.444,-0.002606
2018-06-15,3.423,-0.006098
2018-06-19,3.363,-0.017528
2018-06-20,3.393,0.008921
2018-06-21,3.371,-0.006484
2018-06-22,3.384,0.003856
2018-06-25,3.35,-0.010047
2018-06-26,3.328,-0.006567
2018-06-27,3.273,-0.016526
2018-06-28,3.247,-0.007944
2018-06-29,3.324,0.023714
2018-06-30,3.324,0.0
2018-07-02,3.281,-0.012936
2018-07-03,3.29,0.002743
2018-07-04,3.247,-0.01307
2018-07-05,3.221,-0.008007
2018-07-06,3.234,0.004036
2018-07-09,3.29,0.017316
2018-07-10,3.285,-0.00152
2018-07-11,3.247,-0.011568
2018-07-12,3.303,0.017247
2018-07-13,3.311,0.002422
2018-07-16,3.303,-0.002416
2018-07-17,3.29,-0.003936
2018-07-18,3.268,-0.006687
2018-07-19,3.255,-0.003978
2018-07-20,3.285,0.009217
2018-07-23,3.294,0.00274
2018-07-24,3.298,0.001214
2018-07-25,3.277,-0.006367
2018-07-26,3.242,-0.010681
2018-07-27,3.23,-0.003701
2018-07-30,3.225,-0.001548
2018-07-31,3.225,0.0
2018-08-01,3.182,-0.013333
2018-08-02,3.152,-0.009428
2018-08-03,3.118,-0.010787
2018-08-06,3.101,-0.005452
2018-08-07,3.161,0.019349
2018-08-08,3.135,-0.008225
2018-08-09,3.165,0.009569
2018-08-10,3.161,-0.001264
2018-08-13,3.165,0.001265
2018-08-14,3.152,-0.004107
2018-08-15,3.109,-0.013642
2018-08-16,3.096,-0.004181
2018-08-17,3.066,-0.00969
2018-08-20,3.092,0.00848
2018-08-21,3.118,0.008409
2018-08-22,3.105,-0.004169
2018-08-23,3.126,0.006763
2018-08-24,3.118,-0.002559
2018-08-27,3.169,0.016357
2018-08-28,3.165,-0.001262
2018-08-29,3.165,0.0
2018-08-30,3.139,-0.008215
2018-08-31,3.131,-0.002549
2018-09-03,3.131,0.0
2018-09-04,3.161,0.009582
2018-09-05,3.126,-0.011072
2018-09-06,3.114,-0.003839
2018-09-07,3.101,-0.004175
2018-09-10,3.075,-0.008384
2018-09-11,3.075,0.0
2018-09-12,3.062,-0.004228
2018-09-13,3.092,0.009798
2018-09-14,3.075,-0.005498
2018-09-17,3.062,-0.004228
2018-09-18,3.092,0.009798
2018-09-19,3.118,0.008409
2018-09-20,3.114,-0.001283
2018-09-21,3.178,0.020552
2018-09-25,3.152,-0.008181
2018-09-26,3.174,0.00698
2018-09-27,3.161,-0.004096
2018-09-28,3.178,0.005378
2018-10-08,3.092,-0.027061
2018-10-09,3.092,0.0
2018-10-10,3.083,-0.002911
2018-10-11,3.019,-0.020759
2018-10-12,3.062,0.014243
2018-10-15,3.04,-0.007185
2018-10-16,3.036,-0.001316
2018-10-17,3.028,-0.002635
2018-10-18,2.98,-0.015852
2018-10-19,3.04,0.020134
2018-10-22,3.109,0.022697
2018-10-23,3.053,-0.018012
2018-10-24,3.058,0.001638
2018-10-25,3.066,0.002616
2018-10-26,3.045,-0.006849
2018-10-29,2.993,-0.017077
2018-10-30,3.006,0.004343
2018-10-31,3.019,0.004325
2018-11-01,3.023,0.001325
2018-11-02,3.092,0.022825
2018-11-05,3.079,-0.004204
2018-11-06,3.071,-0.002598
2018-11-07,3.066,-0.001628
2018-11-08,3.058,-0.002609
2018-11-09,3.036,-0.007194
2018-11-12,3.053,0.005599
2018-11-13,3.062,0.002948
2018-11-14,3.045,-0.005552
2018-11-15,3.075,0.009852
2018-11-16,3.088,0.004228
2018-11-19,3.096,0.002591
2018-11-20,3.049,-0.015181
2018-11-21,3.049,0.0
2018-11-22,3.04,-0.002952
2018-11-23,2.998,-0.013816
2018-11-26,3.015,0.00567
2018-11-27,3.015,0.0
2018-11-28,3.032,0.005638
2018-11-29,3.002,-0.009894
2018-11-30,3.019,0.005663
2018-12-03,3.066,0.015568
2018-12-04,3.071,0.001631
2018-12-05,3.066,-0.001628
2018-12-06,3.028,-0.012394
2018-12-07,3.028,0.0
2018-12-10,3.006,-0.007266
2018-12-11,3.015,0.002994
2018-12-12,3.019,0.001327
2018-12-13,3.045,0.008612
2018-12-14,3.01,-0.011494
2018-12-17,2.993,-0.005648
2018-12-18,2.976,-0.00568
2018-12-19,2.95,-0.008737
2018-12-20,2.942,-0.002712
2018-12-21,2.92,-0.007478
2018-12-24,2.937,0.005822
2018-12-25,2.937,0.0
2018-12-26,2.924,-0.004426
2018-12-27,2.916,-0.002736
2018-12-28,2.92,0.001372
2018-12-31,2.92,0.0
2019-01-02,2.903,-0.005822
2019-01-03,2.886,-0.005856
2019-01-04,2.924,0.013167
2019-01-07,2.929,0.00171
2019-01-08,2.92,-0.003073
2019-01-09,2.937,0.005822
2019-01-10,2.942,0.001702
2019-01-11,2.955,0.004419
2019-01-14,2.942,-0.004399
2019-01-15,2.976,0.011557
2019-01-16,2.98,0.001344
2019-01-17,2.967,-0.004362
2019-01-18,3.002,0.011796
2019-01-21,3.015,0.00433
2019-01-22,2.993,-0.007297
2019-01-23,2.993,0.0
2019-01-24,3.002,0.003007
2019-01-25,3.032,0.009993
2019-01-28,3.04,0.002639
2019-01-29,3.049,0.002961
2019-01-30,3.04,-0.002952
2019-01-31,3.062,0.007237
2019-02-01,3.088,0.008491
2019-02-11,3.118,0.009715
2019-02-12,3.126,0.002566
2019-02-13,3.157,0.009917
2019-02-14,3.157,0.0
2019-02-15,3.118,-0.012354
2019-02-18,3.182,0.020526
2019-02-19,3.174,-0.002514
2019-02-20,3.195,0.006616
2019-02-21,3.191,-0.001252
2019-02-22,3.225,0.010655
2019-02-25,3.324,0.030698
2019-02-26,3.285,-0.011733
2019-02-27,3.264,-0.006393
2019-02-28,3.277,0.003983
2019-03-01,3.32,0.013122
2019-03-04,3.367,0.014157
2019-03-05,3.384,0.005049
2019-03-06,3.38,-0.001182
2019-03-07,3.324,-0.016568
2019-03-08,3.268,-0.016847
2019-03-11,3.316,0.014688
2019-03-12,3.346,0.009047
2019-03-13,3.341,-0.001494
2019-03-14,3.337,-0.001197
2019-03-15,3.389,0.015583
2019-03-18,3.457,0.020065
2019-03-19,3.449,-0.002314
2019-03-20,3.457,0.00232
2019-03-21,3.449,-0.002314
2019-03-22,3.44,-0.002609
2019-03-25,3.384,-0.016279
2019-03-26,3.371,-0.003842
2019-03-27,3.414,0.012756
2019-03-28,3.397,-0.004979
2019-03-29,3.487,0.026494
2019-04-01,3.56,0.020935
2019-04-02,3.543,-0.004775
2019-04-03,3.556,0.003669
2019-04-04,3.591,0.009843
2019-04-08,3.616,0.006962
2019-04-09,3.629,0.003595
2019-04-10,3.638,0.00248
2019-04-11,3.582,-0.015393
2019-04-12,3.56,-0.006142
2019-04-15,3.552,-0.002247
2019-04-16,3.599,0.013232
2019-04-17,3.612,0.003612
2019-04-18,3.595,-0.004707
2019-04-19,3.629,0.009458
2019-04-22,3.569,-0.016533
2019-04-23,3.578,0.002522
2019-04-24,3.578,0.0
2019-04-25,3.543,-0.009782
2019-04-26,3.505,-0.010725
2019-04-29,3.535,0.008559
2019-04-30,3.552,0.004809
2019-05-06,3.401,-0.042511
2019-05-07,3.427,0.007645
2019-05-08,3.384,-0.012547
2019-05-09,3.333,-0.015071
2019-05-10,3.423,0.027003
2019-05-13,3.384,-0.011394
2019-05-14,3.38,-0.001182
2019-05-15,3.432,0.015385
2019-05-16,3.44,0.002331
2019-05-17,3.393,-0.013663
2019-05-20,3.35,-0.012673
2019-05-21,3.384,0.010149
2019-05-22,3.384,0.0
2019-05-23,3.341,-0.012707
2019-05-24,3.354,0.003891
2019-05-27,3.38,0.007752
2019-05-28,3.414,0.010059
2019-05-29,3.41,-0.001172
2019-05-30,3.406,-0.001173
2019-05-31,3.406,0.0
2019-06-03,3.384,-0.006459
2019-06-04,3.35,-0.010047
2019-06-05,3.346,-0.001194
2019-06-06,3.333,-0.003885
2019-06-10,3.367,0.010201
2019-06-11,3.432,0.019305
2019-06-12,3.414,-0.005245
2019-06-13,3.41,-0.001172
2019-06-14,3.397,-0.003812
2019-06-17,3.393,-0.001178
2019-06-18,3.406,0.003831
2019-06-19,3.449,0.012625
2019-06-20,3.517,0.019716
2019-06-21,3.522,0.001422
2019-06-24,3.53,0.002271
2019-06-25,3.509,-0.005949
2019-06-26,3.517,0.00228
2019-06-27,3.565,0.013648
2019-06-28,3.569,0.001122
2019-06-30,3.569,0.0
2019-07-01,3.634,0.018212
2019-07-02,3.629,-0.001376
2019-07-03,3.591,-0.010471
2019-07-04,3.578,-0.00362
2019-07-05,3.586,0.002236
2019-07-08,3.535,-0.014222
2019-07-09,3.53,-0.001414
2019-07-10,3.526,-0.001133
2019-07-11,3.535,0.002552
2019-07-12,3.552,0.004809
2019-07-15,3.548,-0.001126
2019-07-16,3.543,-0.001409
2019-07-17,3.543,0.0
2019-07-18,3.522,-0.005927
2019-07-19,3.56,0.010789
2019-07-22,3.569,0.002528
2019-07-23,3.565,-0.001121
2019-07-24,3.591,0.007293
2019-07-25,3.616,0.006962
2019-07-26,3.625,0.002489
2019-07-29,3.621,-0.001103
2019-07-30,3.625,0.001105
2019-07-31,3.599,-0.007172
2019-08-01,3.578,-0.005835
2019-08-02,3.548,-0.008385
2019-08-05,3.5,-0.013529
2019-08-06,3.492,-0.002286
2019-08-07,3.492,0.0
2019-08-08,3.535,0.012314
2019-08-09,3.522,-0.003678
2019-08-12,3.565,0.012209
2019-08-13,3.543,-0.006171
2019-08-14,3.548,0.001411
2019-08-15,3.565,0.004791
2019-08-16,3.565,0.0
2019-08-19,3.603,0.010659
2019-08-20,3.591,-0.003331
2019-08-21,3.595,0.001114
2019-08-22,3.591,-0.001113
2019-08-23,3.621,0.008354
2019-08-26,3.582,-0.010771
2019-08-27,3.616,0.009492
2019-08-28,3.608,-0.002212
2019-08-29,3.603,-0.001386
2019-08-30,3.608,0.001388
2019-09-02,3.629,0.00582
2019-09-03,3.634,0.001378
2019-09-04,3.638,0.001101
2019-09-05,3.651,0.003573
2019-09-06,3.655,0.001096
2019-09-09,3.664,0.002462
2019-09-10,3.651,-0.003548
2019-09-11,3.621,-0.008217
2019-09-12,3.659,0.010494
2019-09-16,3.651,-0.002186
2019-09-17,3.621,-0.008217
2019-09-18,3.642,0.0058
2019-09-19,3.646,0.001098
2019-09-20,3.659,0.003566
2019-09-23,3.625,-0.009292
2019-09-24,3.638,0.003586
2019-09-25,3.629,-0.002474
2019-09-26,3.625,-0.001102
2019-09-27,3.625,0.0
2019-09-30,3.608,-0.00469
2019-10-08,3.638,0.008315
2019-10-09,3.642,0.0011
2019-10-10,3.659,0.004668
2019-10-11,3.685,0.007106
2019-10-14,3.698,0.003528
2019-10-15,3.694,-0.001082
2019-10-16,3.689,-0.001354
2019-10-17,3.702,0.003524
2019-10-18,3.668,-0.009184
2019-10-21,3.676,0.002181
2019-10-22,3.685,0.002448
2019-10-23,3.659,-0.007056
2019-10-24,3.659,0.0
2019-10-25,3.676,0.004646
2019-10-28,3.702,0.007073
2019-10-29,3.698,-0.00108
2019-10-30,3.685,-0.003515
2019-10-31,3.694,0.002442
2019-11-01,3.745,0.013806
2019-11-04,3.762,0.004539
2019-11-05,3.775,0.003456
2019-11-06,3.771,-0.00106
2019-11-07,3.771,0.0
2019-11-08,3.775,0.001061
2019-11-11,3.737,-0.010066
2019-11-12,3.75,0.003479
2019-11-13,3.771,0.0056
2019-11-14,3.767,-0.001061
2019-11-15,3.75,-0.004513
2019-11-18,3.775,0.006667
2019-11-19,3.805,0.007947
2019-11-20,3.788,-0.004468
2019-11-21,3.767,-0.005544
2019-11-22,3.715,-0.013804
2019-11-25,3.741,0.006999
2019-11-26,3.737,-0.001069
2019-11-27,3.724,-0.003479
2019-11-28,3.715,-0.002417
2019-11-29,3.681,-0.009152
2019-12-02,3.685,0.001087
2019-12-03,3.685,0.0
2019-12-04,3.685,0.0
2019-12-05,3.707,0.00597
2019-12-06,3.724,0.004586
2019-12-09,3.707,-0.004565
2019-12-10,3.715,0.002158
2019-12-11,3.719,0.001077
2019-12-12,3.724,0.001344
2019-12-13,3.758,0.00913
2019-12-16,3.775,0.004524
2019-12-17,3.788,0.003444
2019-12-18,3.775,-0.003432
2019-12-19,3.78,0.001325
2019-12-20,3.775,-0.001323
2019-12-23,3.762,-0.003444
2019-12-24,3.784,0.005848
2019-12-25,3.797,0.003436
2019-12-26,3.814,0.004477
2019-12-27,3.814,0.0
2019-12-30,3.848,0.008915
2019-12-31,3.866,0.004678
2020-01-02,3.913,0.012157
2020-01-03,3.904,-0.0023
2020-01-06,3.883,-0.005379
2020-01-07,3.9,0.004378
2020-01-08,3.883,-0.004359
2020-01-09,3.909,0.006696
2020-01-10,3.891,-0.004605
2020-01-13,3.904,0.003341
2020-01-14,3.896,-0.002049
2020-01-15,3.883,-0.003337
2020-01-16,3.891,0.00206
2020-01-17,3.887,-0.001028
2020-01-20,3.904,0.004374
2020-01-21,3.861,-0.011014
2020-01-22,3.883,0.005698
2020-01-23,3.805,-0.020088
2020-02-03,3.638,-0.04389
2020-02-04,3.728,0.024739
2020-02-05,3.758,0.008047
2020-02-06,3.784,0.006919
2020-02-07,3.767,-0.004493
2020-02-10,3.797,0.007964
2020-02-11,3.827,0.007901
2020-02-12,3.835,0.00209
2020-02-13,3.827,-0.002086
2020-02-14,3.84,0.003397
2020-02-17,3.878,0.009896
2020-02-18,3.87,-0.002063
2020-02-19,3.861,-0.002326
2020-02-20,3.896,0.009065
2020-02-21,3.904,0.002053
2020-02-24,3.9,-0.001025
2020-02-25,3.9,0.0
2020-02-26,3.831,-0.017692
2020-02-27,3.857,0.006787
2020-02-28,3.754,-0.026705
2020-03-02,3.814,0.015983
2020-03-03,3.835,0.005506
2020-03-04,3.857,0.005737
2020-03-05,3.9,0.011149
2020-03-06,3.874,-0.006667
2020-03-09,3.775,-0.025555
2020-03-10,3.827,0.013775
2020-03-11,3.784,-0.011236
2020-03-12,3.715,-0.018235
2020-03-13,3.685,-0.008075
2020-03-16,3.56,-0.033921
2020-03-17,3.552,-0.002247
2020-03-18,3.526,-0.00732
2020-03-19,3.539,0.003687
2020-03-20,3.586,0.013281
2020-03-23,3.487,-0.027607
2020-03-24,3.513,0.007456
2020-03-25,3.578,0.018503
2020-03-26,3.569,-0.002515
2020-03-27,3.573,0.001121
2020-03-30,3.556,-0.004758
2020-03-31,3.591,0.009843
2020-04-01,3.573,-0.005013
2020-04-02,3.603,0.008396
2020-04-03,3.591,-0.003331
2020-04-07,3.655,0.017822
2020-04-08,3.646,-0.002462
2020-04-09,3.668,0.006034
2020-04-10,3.616,-0.014177
2020-04-13,3.595,-0.005808
2020-04-14,3.651,0.015577
2020-04-15,3.634,-0.004656
2020-04-16,3.638,0.001101
2020-04-17,3.651,0.003573
2020-04-20,3.676,0.006847
2020-04-21,3.668,-0.002176
2020-04-22,3.689,0.005725
2020-04-23,3.668,-0.005693
2020-04-24,3.642,-0.007088
2020-04-27,3.668,0.007139
2020-04-28,3.685,0.004635
2020-04-29,3.664,-0.005699
2020-04-30,3.685,0.005731
2020-05-06,3.702,0.004613
2020-05-07,3.694,-0.002161
2020-05-08,3.724,0.008121
2020-05-11,3.732,0.002148
2020-05-12,3.75,0.004823
2020-05-13,3.775,0.006667
2020-05-14,3.75,-0.006623
2020-05-15,3.741,-0.0024
2020-05-18,3.741,0.0
2020-05-19,3.754,0.003475
2020-05-20,3.715,-0.010389
2020-05-21,3.702,-0.003499
2020-05-22,3.664,-0.010265
2020-05-25,3.676,0.003275
2020-05-26,3.711,0.009521
2020-05-27,3.676,-0.009431
2020-05-28,3.676,0.0
2020-05-29,3.707,0.008433
2020-06-01,3.784,0.020772
2020-06-02,3.78,-0.001057
2020-06-03,3.771,-0.002381
2020-06-04,3.771,0.0
2020-06-05,3.797,0.006895
2020-06-08,3.801,0.001053
2020-06-09,3.835,0.008945
2020-06-10,3.866,0.008083
2020-06-11,3.87,0.001035
2020-06-12,3.878,0.002067
2020-06-15,3.857,-0.005415
2020-06-16,3.896,0.010111
2020-06-17,3.891,-0.001283
2020-06-18,3.926,0.008995
2020-06-19,3.943,0.00433
2020-06-22,3.956,0.003297
2020-06-23,3.99,0.008595
2020-06-24,3.99,0.0
2020-06-29,3.994,0.001003
2020-06-30,4.046,0.01302
2020-07-01,4.042,-0.000989
2020-07-02,4.08,0.009401
2020-07-03,4.08,0.0
2020-07-06,4.158,0.019118
2020-07-07,4.205,0.011304
2020-07-08,4.27,0.015458
2020-07-09,4.321,0.011944
2020-07-10,4.334,0.003009
2020-07-13,4.437,0.023766
2020-07-14,4.42,-0.003831
2020-07-15,4.386,-0.007692
2020-07-16,4.244,-0.032376
2020-07-17,4.291,0.011074
2020-07-20,4.351,0.013983
2020-07-21,4.373,0.005056
2020-07-22,4.39,0.003887
2020-07-23,4.429,0.008884
2020-07-24,4.291,-0.031158
2020-07-27,4.334,0.010021
2020-07-28,4.373,0.008999
2020-07-29,4.467,0.021496
2020-07-30,4.502,0.007835
2020-07-31,4.519,0.003776
2020-08-03,4.575,0.012392
2020-08-04,4.57,-0.001093
2020-08-05,4.605,0.007659
2020-08-06,4.588,-0.003692
2020-08-07,4.566,-0.004795
2020-08-10,4.579,0.002847
2020-08-11,4.523,-0.01223
2020-08-12,4.467,-0.012381
2020-08-13,4.463,-0.000895
2020-08-14,4.493,0.006722
2020-08-17,4.54,0.010461
2020-08-18,4.583,0.009471
2020-08-19,4.523,-0.013092
2020-08-20,4.484,-0.008623
2020-08-21,4.523,0.008698
2020-08-24,4.618,0.021004
2020-08-25,4.613,-0.001083
2020-08-26,4.549,-0.013874
2020-08-27,4.596,0.010332
2020-08-28,4.673,0.016754
2020-08-31,4.678,0.00107
2020-09-01,4.721,0.009192
2020-09-02,4.716,-0.001059
2020-09-03,4.673,-0.009118
2020-09-04,4.639,-0.007276
2020-09-07,4.532,-0.023065
2020-09-08,4.536,0.000883
2020-09-09,4.454,-0.018078
2020-09-10,4.446,-0.001796
2020-09-11,4.575,0.029015
2020-09-14,4.618,0.009399
2020-09-15,4.622,0.000866
2020-09-16,4.613,-0.001947
2020-09-17,4.631,0.003902
2020-09-18,4.656,0.005398
2020-09-21,4.626,-0.006443
2020-09-22,4.596,-0.006485
2020-09-23,4.682,0.018712
2020-09-24,4.57,-0.023921
2020-09-25,4.575,0.001094
2020-09-28,4.592,0.003716
2020-09-29,4.631,0.008493
2020-09-30,4.631,0.0
2020-10-09,4.759,0.02764
2020-10-12,4.841,0.017231
2020-10-13,4.858,0.003512
2020-10-14,4.841,-0.003499
2020-10-15,4.794,-0.009709
2020-10-16,4.755,-0.008135
2020-10-19,4.691,-0.01346
2020-10-20,4.734,0.009166
2020-10-21,4.695,-0.008238
2020-10-22,4.661,-0.007242
2020-10-23,4.588,-0.015662
2020-10-26,4.613,0.005449
2020-10-27,4.622,0.001951
2020-10-28,4.661,0.008438
2020-10-29,4.695,0.007295
2020-10-30,4.669,-0.005538
2020-11-02,4.716,0.010066
2020-11-03,4.747,0.006573
2020-11-04,4.751,0.000843
2020-11-05,4.82,0.014523
2020-11-06,4.798,-0.004564
2020-11-09,4.854,0.011672
2020-11-10,4.85,-0.000824
2020-11-11,4.807,-0.008866
2020-11-12,4.815,0.001664
2020-11-13,4.772,-0.00893
2020-11-16,4.811,0.008173
2020-11-17,4.781,-0.006236
2020-11-18,4.755,-0.005438
2020-11-19,4.798,0.009043
2020-11-20,4.824,0.005419
2020-11-23,4.867,0.008914
2020-11-24,4.845,-0.00452
2020-11-25,4.785,-0.012384
2020-11-26,4.781,-0.000836
2020-11-27,4.82,0.008157
2020-11-30,4.781,-0.008091
2020-12-01,4.863,0.017151
2020-12-02,4.854,-0.001851
2020-12-03,4.845,-0.001854
2020-12-04,4.854,0.001858
2020-12-07,4.863,0.001854
2020-12-08,4.871,0.001645
2020-12-09,4.811,-0.012318
2020-12-10,4.832,0.004365
2020-12-11,4.781,-0.010555
2020-12-14,4.828,0.009831
2020-12-15,4.858,0.006214
2020-12-16,4.871,0.002676
2020-12-17,4.897,0.005338
2020-12-18,4.91,0.002655
2020-12-21,5.004,0.019145
2020-12-22,4.974,-0.005995
2020-12-23,5.047,0.014676
2020-12-24,5.047,0.0
2020-12-25,5.112,0.012879
2020-12-28,5.138,0.005086
2020-12-29,5.095,-0.008369
2020-12-30,5.155,0.011776
2020-12-31,5.245,0.017459
2021-01-04,5.348,0.019638
2021-01-05,5.417,0.012902
2021-01-06,5.434,0.003138
2021-01-07,5.576,0.026132
2021-01-08,5.516,-0.01076
2021-01-11,5.468,-0.008702
2021-01-12,5.615,0.026884
2021-01-13,5.627,0.002137
2021-01-14,5.486,-0.025058
2021-01-15,5.447,-0.007109
2021-01-18,5.542,0.017441
2021-01-19,5.434,-0.019488
2021-01-20,5.49,0.010305
2021-01-21,5.585,0.017304
2021-01-22,5.606,0.00376
2021-01-25,5.64,0.006065
2021-01-26,5.503,-0.024291
2021-01-27,5.524,0.003816
2021-01-28,5.365,-0.028783
2021-01-29,5.361,-0.000746
2021-02-01,5.43,0.012871
2021-02-02,5.537,0.019705
2021-02-03,5.52,-0.00307
2021-02-04,5.464,-0.010145
2021-02-05,5.443,-0.003843
2021-02-08,5.529,0.0158
2021-02-09,5.675,0.026406
2021-02-10,5.769,0.016564
2021-02-18,5.705,-0.011094
2021-02-19,5.658,-0.008238
2021-02-22,5.516,-0.025097
2021-02-23,5.533,0.003082
2021-02-24,5.4,-0.024038
2021-02-25,5.421,0.003889
2021-02-26,5.305,-0.021398
2021-03-01,5.426,0.022809
2021-03-02,5.374,-0.009583
2021-03-03,5.413,0.007257
2021-03-04,5.254,-0.029374
2021-03-05,5.232,-0.004187
2021-03-08,5.146,-0.016437
2021-03-09,5.034,-0.021764
2021-03-10,5.06,0.005165
2021-03-11,5.133,0.014427
2021-03-12,5.168,0.006819
2021-03-15,5.082,-0.016641
2021-03-16,5.103,0.004132
2021-03-17,5.15,0.00921
2021-03-18,5.211,0.011845
2021-03-19,5.12,-0.017463
2021-03-22,5.138,0.003516
2021-03-23,5.034,-0.020241
2021-03-24,4.918,-0.023043
2021-03-25,4.923,0.001017
2021-03-26,5.022,0.02011
2021-03-29,5.034,0.002389
2021-03-30,5.056,0.00437
2021-03-31,5.043,-0.002571
2021-04-01,5.082,0.007733
2021-04-02,5.09,0.001574
2021-04-06,5.108,0.003536
2021-04-07,5.073,-0.006852
2021-04-08,5.112,0.007688
2021-04-09,5.082,-0.005869
2021-04-12,4.979,-0.020268
2021-04-13,4.979,0.0
2021-04-14,5.039,0.012051
2021-04-15,5.026,-0.00258
2021-04-16,5.026,0.0
2021-04-19,5.146,0.023876
2021-04-20,5.142,-0.000777
2021-04-21,5.155,0.002528
2021-04-22,5.172,0.003298
2021-04-23,5.198,0.005027
2021-04-26,5.189,-0.001731
2021-04-27,5.185,-0.000771
2021-04-28,5.262,0.014851
2021-04-29,5.245,-0.003231
2021-04-30,5.228,-0.003241
2021-05-06,5.219,-0.001721
2021-05-07,5.133,-0.016478
2021-05-10,5.099,-0.006624
2021-05-11,5.086,-0.00255
2021-05-12,5.103,0.003343
2021-05-13,5.06,-0.008426
2021-05-14,5.172,0.022134
2021-05-17,5.236,0.012374
2021-05-18,5.236,0.0
2021-05-19,5.241,0.000955
2021-05-20,5.262,0.004007
2021-05-21,5.211,-0.009692
2021-05-24,5.236,0.004798
2021-05-25,5.335,0.018908
2021-05-26,5.292,-0.00806
2021-05-27,5.314,0.004157
2021-05-28,5.327,0.002446
2021-05-31,5.408,0.015206
2021-06-01,5.404,-0.00074
2021-06-02,5.357,-0.008697
2021-06-03,5.314,-0.008027
2021-06-04,5.361,0.008845
2021-06-07,5.357,-0.000746
2021-06-08,5.322,-0.006534
2021-06-09,5.318,-0.000752
2021-06-10,5.365,0.008838
2021-06-11,5.322,-0.008015
2021-06-15,5.288,-0.006389
2021-06-16,5.193,-0.017965
2021-06-17,5.249,0.010784
2021-06-18,5.297,0.009145
2021-06-21,5.387,0.016991
2021-06-22,5.387,0.0
2021-06-23,5.43,0.007982
2021-06-24,5.413,-0.003131
2021-06-25,5.451,0.00702
2021-06-28,5.511,0.011007
2021-06-29,5.507,-0.000726
2021-06-30,5.589,0.01489
2021-07-01,5.516,-0.013061
2021-07-02,5.447,-0.012509
2021-07-05,5.494,0.008629
2021-07-06,5.481,-0.002366
2021-07-07,5.597,0.021164
2021-07-08,5.649,0.009291
2021-07-09,5.623,-0.004603
2021-07-12,5.761,0.024542
2021-07-13,5.756,-0.000868
2021-07-14,5.692,-0.011119
2021-07-15,5.752,0.010541
2021-07-16,5.683,-0.011996
2021-07-19,5.649,-0.005983
2021-07-20,5.709,0.010621
2021-07-21,5.864,0.02715
2021-07-22,5.915,0.008697
2021-07-23,5.928,0.002198
2021-07-26,5.898,-0.005061
2021-07-27,5.739,-0.026958
2021-07-28,5.713,-0.00453
2021-07-29,5.924,0.036933
2021-07-30,5.885,-0.006583
2021-08-02,5.993,0.018352
2021-08-03,5.885,-0.018021
2021-08-04,6.07,0.031436
2021-08-05,6.057,-0.002142
2021-08-06,6.096,0.006439
2021-08-09,6.044,-0.00853
2021-08-10,6.074,0.004964
2021-08-11,6.13,0.00922
2021-08-12,6.178,0.00783
2021-08-13,6.139,-0.006313
2021-08-16,6.014,-0.020362
2021-08-17,5.903,-0.018457
2021-08-18,5.924,0.003558
2021-08-19,6.019,0.016036
2021-08-20,5.997,-0.003655
2021-08-23,6.143,0.024346
2021-08-24,6.186,0.007
2021-08-25,6.242,0.009053
2021-08-26,6.173,-0.011054
2021-08-27,6.281,0.017496
2021-08-30,6.388,0.017036
2021-08-31,6.341,-0.007358
2021-09-01,6.182,-0.025075
2021-09-02,6.328,0.023617
2021-09-03,6.264,-0.010114
2021-09-06,6.298,0.005428
2021-09-07,6.423,0.019848
2021-09-08,6.41,-0.002024
2021-09-09,6.392,-0.002808
2021-09-10,6.41,0.002816
2021-09-13,6.405,-0.00078
2021-09-14,6.444,0.006089
2021-09-15,6.513,0.010708
2021-09-16,6.362,-0.023184
2021-09-17,6.38,0.002829
2021-09-22,6.453,0.011442
2021-09-23,6.392,-0.009453
2021-09-24,6.306,-0.013454
2021-09-27,6.143,-0.025848
2021-09-28,6.126,-0.002767
2021-09-29,5.958,-0.027424
2021-09-30,6.109,0.025344
2021-10-08,6.031,-0.012768
2021-10-11,6.014,-0.002819
2021-10-12,5.881,-0.022115
2021-10-13,5.971,0.015304
2021-10-14,6.044,0.012226
2021-10-15,6.122,0.012905
2021-10-18,6.199,0.012578
2021-10-19,6.272,0.011776
2021-10-20,6.324,0.008291
2021-10-21,6.285,-0.006167
2021-10-22,6.212,-0.011615
2021-10-25,6.349,0.022054
2021-10-26,6.367,0.002835
2021-10-27,6.44,0.011465
2021-10-28,6.358,-0.012733
2021-10-29,6.453,0.014942
2021-11-01,6.465,0.00186
2021-11-02,6.41,-0.008507
2021-11-03,6.38,-0.00468
2021-11-04,6.474,0.014734
2021-11-05,6.397,-0.011894
2021-11-08,6.457,0.009379
2021-11-09,6.508,0.007898
2021-11-10,6.508,0.0
2021-11-11,6.556,0.007376
2021-11-12,6.65,0.014338
2021-11-15,6.577,-0.010977
2021-11-16,6.491,-0.013076
2021-11-17,6.624,0.02049
2021-11-18,6.616,-0.001208
2021-11-19,6.637,0.003174
2021-11-22,6.762,0.018834
2021-11-23,6.715,-0.006951
2021-11-24,6.65,-0.00968
2021-11-25,6.62,-0.004511
2021-11-26,6.637,0.002568
2021-11-29,6.775,0.020793
2021-11-30,6.826,0.007528
2021-12-01,6.788,-0.005567
2021-12-02,6.732,-0.00825
2021-12-03,6.749,0.002525
2021-12-06,6.663,-0.012743
2021-12-07,6.521,-0.021312
2021-12-08,6.633,0.017175
2021-12-09,6.624,-0.001357
2021-12-10,6.655,0.00468
2021-12-13,6.676,0.003156
2021-12-14,6.663,-0.001947
2021-12-15,6.693,0.004502
2021-12-16,6.715,0.003287
2021-12-17,6.655,-0.008935
2021-12-20,6.513,-0.021337
2021-12-21,6.547,0.00522
2021-12-22,6.594,0.007179
2021-12-23,6.68,0.013042
2021-12-24,6.577,-0.015419
2021-12-27,6.564,-0.001977
2021-12-28,6.577,0.00198
2021-12-29,6.534,-0.006538
2021-12-30,6.569,0.005357
2021-12-31,6.582,0.001979
2022-01-04,6.483,-0.015041
2022-01-05,6.345,-0.021286
2022-01-06,6.337,-0.001261
2022-01-07,6.233,-0.016412
2022-01-10,6.242,0.001444
2022-01-11,6.178,-0.010253
2022-01-12,6.264,0.01392
2022-01-13,6.178,-0.013729
2022-01-14,6.229,0.008255
2022-01-17,6.371,0.022797
2022-01-18,6.38,0.001413
2022-01-19,6.298,-0.012853
2022-01-20,6.221,-0.012226
2022-01-21,6.147,-0.011895
2022-01-24,6.212,0.010574
2022-01-25,6.079,-0.02141
2022-01-26,6.126,0.007732
2022-01-27,6.006,-0.019589
2022-01-28,5.997,-0.001499
2022-02-07,5.976,-0.003502
2022-02-08,5.907,-0.011546
2022-02-09,5.976,0.011681
2022-02-10,5.928,-0.008032
2022-02-11,5.791,-0.023111
2022-02-14,5.774,-0.002936
2022-02-15,5.872,0.016973
2022-02-16,5.903,0.005279
2022-02-17,5.933,0.005082
2022-02-18,5.937,0.000674
2022-02-21,5.971,0.005727
2022-02-22,5.933,-0.006364
2022-02-23,6.062,0.021743
2022-02-24,5.98,-0.013527
2022-02-25,6.019,0.006522
2022-02-28,6.044,0.004154
2022-03-01,6.066,0.00364
2022-03-02,6.014,-0.008572
2022-03-03,5.946,-0.011307
2022-03-04,5.877,-0.011604
2022-03-07,5.761,-0.019738
2022-03-08,5.666,-0.01649
2022-03-09,5.627,-0.006883
2022-03-10,5.731,0.018482
2022-03-11,5.718,-0.002268
2022-03-14,5.585,-0.02326
2022-03-15,5.408,-0.031692
2022-03-16,5.546,0.025518
2022-03-17,5.632,0.015507
2022-03-18,5.619,-0.002308
2022-03-21,5.67,0.009076
2022-03-22,5.619,-0.008995
2022-03-23,5.675,0.009966
2022-03-24,5.627,-0.008458
2022-03-25,5.55,-0.013684
2022-03-28,5.499,-0.009189
2022-03-29,5.477,-0.004001
2022-03-30,5.567,0.016432
2022-03-31,5.477,-0.016167
2022-04-01,5.46,-0.003104
2022-04-06,5.395,-0.011905
2022-04-07,5.335,-0.011121
2022-04-08,5.292,-0.00806
2022-04-11,5.129,-0.030801
2022-04-12,5.189,0.011698
2022-04-13,5.116,-0.014068
2022-04-14,5.133,0.003323
2022-04-15,5.12,-0.002533
2022-04-18,5.189,0.013477
2022-04-19,5.168,-0.004047
2022-04-20,5.099,-0.013351
2022-04-21,4.97,-0.025299
2022-04-22,4.918,-0.010463
2022-04-25,4.678,-0.0488
2022-04-26,4.562,-0.024797
2022-04-27,4.747,0.040552
2022-04-28,4.729,-0.003792
2022-04-29,4.884,0.032776
2022-05-05,4.97,0.017609
2022-05-06,4.918,-0.010463
2022-05-09,4.944,0.005287
2022-05-10,5.0,0.011327
2022-05-11,5.082,0.0164
2022-05-12,5.086,0.000787
2022-05-13,5.116,0.005899
2022-05-16,5.112,-0.000782
2022-05-17,5.181,0.013498
2022-05-18,5.198,0.003281
2022-05-19,5.236,0.007311
2022-05-20,5.279,0.008212
2022-05-23,5.318,0.007388
2022-05-24,5.176,-0.026702
2022-05-25,5.211,0.006762
2022-05-26,5.249,0.007292
2022-05-27,5.228,-0.004001
2022-05-30,5.279,0.009755
2022-05-31,5.344,0.012313
2022-06-01,5.357,0.002433
2022-06-02,5.464,0.019974
2022-06-06,5.593,0.023609
2022-06-07,5.58,-0.002324
2022-06-08,5.597,0.003047
2022-06-09,5.511,-0.015365
2022-06-10,5.649,0.025041
2022-06-13,5.683,0.006019
2022-06-14,5.653,-0.005279
2022-06-15,5.615,-0.006722
2022-06-16,5.67,0.009795
2022-06-17,5.726,0.009877
2022-06-20,5.808,0.014321
2022-06-21,5.739,-0.01188
2022-06-22,5.696,-0.007493
2022-06-23,5.851,0.027212
2022-06-24,5.967,0.019826
2022-06-27,5.993,0.004357
2022-06-28,6.079,0.01435
2022-06-29,5.954,-0.020563
2022-06-30,6.006,0.008734
2022-07-01,6.006,0.0
2022-07-04,6.074,0.011322
2022-07-05,6.036,-0.006256
2022-07-06,5.988,-0.007952
2022-07-07,6.087,0.016533
2022-07-08,6.001,-0.014128
2022-07-11,5.941,-0.009998
2022-07-12,5.877,-0.010773
2022-07-13,5.877,0.0
2022-07-14,5.937,0.010209
2022-07-15,5.928,-0.001516
2022-07-18,5.928,0.0
2022-07-19,5.903,-0.004217
2022-07-20,5.997,0.015924
2022-07-21,5.911,-0.014341
2022-07-22,5.903,-0.001353
2022-07-25,5.86,-0.007284
2022-07-26,5.924,0.010922
2022-07-27,5.937,0.002194
2022-07-28,5.958,0.003537
2022-07-29,5.885,-0.012252
2022-08-01,5.933,0.008156
2022-08-02,5.817,-0.019552
2022-08-03,5.851,0.005845
2022-08-04,5.855,0.000684
2022-08-05,5.928,0.012468
2022-08-08,5.993,0.010965
2022-08-09,6.019,0.004338
2022-08-10,5.984,-0.005815
2022-08-11,6.006,0.003676
2022-08-12,5.937,-0.011489
2022-08-15,5.98,0.007243
2022-08-16,5.976,-0.000669
2022-08-17,5.954,-0.003681
2022-08-18,5.933,-0.003527
2022-08-19,5.855,-0.013147
2022-08-22,5.95,0.016225
2022-08-23,5.933,-0.002857
2022-08-24,5.769,-0.027642
2022-08-25,5.735,-0.005894
2022-08-26,5.748,0.002267
2022-08-29,5.748,0.0
2022-08-30,5.731,-0.002958
2022-08-31,5.619,-0.019543
2022-09-01,5.563,-0.009966
2022-09-02,5.576,0.002337
2022-09-05,5.585,0.001614
2022-09-06,5.679,0.016831
2022-09-07,5.744,0.011446
2022-09-08,5.735,-0.001567
2022-09-09,5.769,0.005929
2022-09-13,5.821,0.009014
2022-09-14,5.829,0.001374
2022-09-15,5.705,-0.021273
2022-09-16,5.658,-0.008238
2022-09-19,5.636,-0.003888
2022-09-20,5.675,0.00692
2022-09-21,5.645,-0.005286
2022-09-22,5.666,0.00372
2022-09-23,5.585,-0.014296
2022-09-26,5.542,-0.007699
2022-09-27,5.597,0.009924
2022-09-28,5.43,-0.029837
2022-09-29,5.477,0.008656
2022-09-30,5.361,-0.021179
2022-10-10,5.254,-0.019959
2022-10-11,5.275,0.003997
2022-10-12,5.37,0.018009
2022-10-13,5.352,-0.003352
2022-10-14,5.434,0.015321
2022-10-17,5.49,0.010305
2022-10-18,5.477,-0.002368
2022-10-19,5.473,-0.00073
2022-10-20,5.464,-0.001644
2022-10-21,5.421,-0.00787
2022-10-24,5.481,0.011068
2022-10-25,5.516,0.006386
2022-10-26,5.559,0.007796
2022-10-27,5.52,-0.007016
2022-10-28,5.383,-0.024819
2022-10-31,5.46,0.014304
2022-11-01,5.554,0.017216
2022-11-02,5.585,0.005582
2022-11-03,5.662,0.013787
2022-11-04,5.774,0.019781
2022-11-07,5.765,-0.001559
2022-11-08,5.778,0.002255
2022-11-09,5.744,-0.005884
2022-11-10,5.64,-0.018106
2022-11-11,5.675,0.006206
2022-11-14,5.58,-0.01674
2022-11-15,5.675,0.017025
2022-11-16,5.615,-0.010573
2022-11-17,5.602,-0.002315
2022-11-18,5.511,-0.016244
2022-11-21,5.55,0.007077
2022-11-22,5.477,-0.013153
2022-11-23,5.473,-0.00073
2022-11-24,5.46,-0.002375
2022-11-25,5.378,-0.015018
2022-11-28,5.374,-0.000744
2022-11-29,5.387,0.002419
2022-11-30,5.438,0.009467
2022-12-01,5.447,0.001655
2022-12-02,5.413,-0.006242
2022-12-05,5.387,-0.004803
2022-12-06,5.443,0.010395
2022-12-07,5.468,0.004593
2022-12-08,5.426,-0.007681
2022-12-09,5.421,-0.000921
2022-12-12,5.417,-0.000738
2022-12-13,5.357,-0.011076
2022-12-14,5.344,-0.002427
2022-12-15,5.383,0.007298
2022-12-16,5.305,-0.01449
2022-12-19,5.284,-0.003959
2022-12-20,5.245,-0.007381
2022-12-21,5.198,-0.008961
2022-12-22,5.155,-0.008272
2022-12-23,5.133,-0.004268
2022-12-26,5.232,0.019287
2022-12-27,5.254,0.004205
2022-12-28,5.198,-0.010659
2022-12-29,5.228,0.005771
2022-12-30,5.211,-0.003252
2022-12-31,5.211,0.0
2023-01-03,5.279,0.013049
2023-01-04,5.241,-0.007198
2023-01-05,5.301,0.011448
2023-01-06,5.322,0.003962
2023-01-09,5.314,-0.001503
2023-01-10,5.314,0.0
2023-01-11,5.262,-0.009785
2023-01-12,5.292,0.005701
2023-01-13,5.301,0.001701
2023-01-16,5.352,0.009621
2023-01-17,5.395,0.008034
2023-01-18,5.421,0.004819
2023-01-19,5.46,0.007194
2023-01-20,5.507,0.008608
2023-01-30,5.593,0.015616
2023-01-31,5.567,-0.004649
2023-02-01,5.61,0.007724
2023-02-02,5.567,-0.007665
2023-02-03,5.572,0.000898
2023-02-06,5.524,-0.008615
2023-02-07,5.507,-0.003077
2023-02-08,5.507,0.0
2023-02-09,5.576,0.01253
2023-02-10,5.516,-0.01076
2023-02-13,5.55,0.006164
2023-02-14,5.511,-0.007027
2023-02-15,5.516,0.000907
2023-02-16,5.421,-0.017223
2023-02-17,5.361,-0.011068
2023-02-20,5.37,0.001679
2023-02-21,5.4,0.005587
2023-02-22,5.374,-0.004815
2023-02-23,5.37,-0.000744
2023-02-24,5.357,-0.002421
2023-02-27,5.327,-0.0056
2023-02-28,5.327,0.0
2023-03-01,5.344,0.003191
2023-03-02,5.314,-0.005614
2023-03-03,5.34,0.004893
2023-03-06,5.378,0.007116
2023-03-07,5.271,-0.019896
2023-03-08,5.292,0.003984
2023-03-09,5.292,0.0
2023-03-10,5.236,-0.010582
2023-03-13,5.228,-0.001528
2023-03-14,5.236,0.00153
2023-03-15,5.215,-0.004011
2023-03-16,5.129,-0.016491
2023-03-17,5.138,0.001755
2023-03-20,5.129,-0.001752
2023-03-21,5.215,0.016767
2023-03-22,5.176,-0.007478
2023-03-23,5.193,0.003284
2023-03-24,5.172,-0.004044
2023-03-27,5.159,-0.002514
2023-03-28,5.077,-0.015895
2023-03-29,5.103,0.005121
2023-03-30,5.112,0.001764
2023-03-31,5.116,0.000782
2023-04-03,5.193,0.015051
2023-04-04,5.176,-0.003274
2023-04-06,5.258,0.015842
2023-04-07,5.271,0.002472
2023-04-10,5.288,0.003225
2023-04-11,5.279,-0.001702
2023-04-12,5.241,-0.007198
2023-04-13,5.198,-0.008205
2023-04-14,5.271,0.014044
2023-04-17,5.305,0.00645
2023-04-18,5.284,-0.003959
2023-04-19,5.262,-0.004164
2023-04-20,5.219,-0.008172
2023-04-21,5.181,-0.007281
2023-04-24,5.116,-0.012546
2023-04-25,4.996,-0.023456
2023-04-26,5.043,0.009408
2023-04-27,5.069,0.005156
2023-04-28,5.095,0.005129
2023-05-04,5.039,-0.010991
2023-05-05,5.0,-0.00774
2023-05-08,5.017,0.0034
2023-05-09,4.961,-0.011162
2023-05-10,4.979,0.003628
2023-05-11,4.987,0.001607
2023-05-12,4.927,-0.012031
2023-05-15,5.022,0.019282
2023-05-16,5.013,-0.001792
2023-05-17,5.026,0.002593
2023-05-18,5.0,-0.005173
2023-05-19,5.043,0.0086
2023-05-22,5.043,0.0
2023-05-23,4.996,-0.00932
2023-05-24,4.983,-0.002602
2023-05-25,4.97,-0.002609
2023-05-26,4.957,-0.002616
2023-05-29,4.953,-0.000807
2023-05-30,4.927,-0.005249
2023-05-31,4.931,0.000812
2023-06-01,4.91,-0.004259
2023-06-02,4.949,0.007943
2023-06-05,4.931,-0.003637
2023-06-06,4.845,-0.017441
2023-06-07,4.828,-0.003509
2023-06-08,4.807,-0.00435
2023-06-09,4.832,0.005201
2023-06-12,4.828,-0.000828
2023-06-13,4.841,0.002693
2023-06-14,4.828,-0.002685
2023-06-15,4.906,0.016156
2023-06-16,4.918,0.002446
2023-06-19,4.901,-0.003457
2023-06-20,4.927,0.005305
2023-06-21,4.867,-0.012178
2023-06-26,4.832,-0.007191
2023-06-27,4.841,0.001863
2023-06-28,4.845,0.000826
2023-06-29,4.832,-0.002683
2023-06-30,4.897,0.013452
2023-07-03,4.949,0.010619
2023-07-04,4.953,0.000808
2023-07-05,4.931,-0.004442
2023-07-06,4.918,-0.002636
2023-07-07,4.88,-0.007727
2023-07-10,4.906,0.005328
2023-07-11,4.944,0.007746
2023-07-12,4.91,-0.006877
2023-07-13,4.974,0.013035
2023-07-14,4.953,-0.004222
2023-07-17,4.944,-0.001817
2023-07-18,4.931,-0.002629
2023-07-19,4.901,-0.006084
2023-07-20,4.863,-0.007754
2023-07-21,4.854,-0.001851
2023-07-24,4.841,-0.002678
2023-07-25,4.893,0.010742
2023-07-26,4.893,0.0
2023-07-27,4.871,-0.004496
2023-07-28,4.871,0.0
2023-07-31,4.923,0.010675
2023-08-01,4.931,0.001625
2023-08-02,4.914,-0.003448
2023-08-03,4.923,0.001832
2023-08-04,4.923,0.0
2023-08-07,4.906,-0.003453
2023-08-08,4.888,-0.003669
2023-08-09,4.875,-0.00266
2023-08-10,4.893,0.003692
2023-08-11,4.837,-0.011445
2023-08-14,4.82,-0.003515
2023-08-15,4.764,-0.011618
2023-08-16,4.729,-0.007347
2023-08-17,4.798,0.014591
2023-08-18,4.755,-0.008962
2023-08-21,4.695,-0.012618
2023-08-22,4.704,0.001917
2023-08-23,4.626,-0.016582
2023-08-24,4.652,0.00562
2023-08-25,4.588,-0.013758
2023-08-28,4.6,0.002616
2023-08-29,4.691,0.019783
2023-08-30,4.678,-0.002771
2023-08-31,4.656,-0.004703
2023-09-01,4.648,-0.001718
2023-09-04,4.691,0.009251
2023-09-05,4.686,-0.001066
2023-09-06,4.708,0.004695
2023-09-07,4.648,-0.012744
2023-09-08,4.673,0.005379
2023-09-11,4.665,-0.001712
2023-09-12,4.656,-0.001929
2023-09-13,4.618,-0.008162
2023-09-14,4.6,-0.003898
2023-09-15,4.6,0.0
2023-09-18,4.618,0.003913
2023-09-19,4.562,-0.012126
2023-09-20,4.523,-0.008549
2023-09-21,4.497,-0.005748
2023-09-22,4.54,0.009562
2023-09-25,4.514,-0.005727
2023-09-26,4.484,-0.006646
2023-09-27,4.514,0.00669
2023-09-28,4.549,0.007754
2023-10-09,4.493,-0.01231
2023-10-10,4.472,-0.004674
2023-10-11,4.463,-0.002013
2023-10-12,4.502,0.008739
2023-10-13,4.459,-0.009551
2023-10-16,4.394,-0.014577
2023-10-17,4.407,0.002959
2023-10-18,4.36,-0.010665
2023-10-19,4.334,-0.005963
2023-10-20,4.308,-0.005999
2023-10-23,4.252,-0.012999
2023-10-24,4.287,0.008231
2023-10-25,4.291,0.000933
2023-10-26,4.291,0.0
2023-10-27,4.373,0.01911
2023-10-30,4.411,0.00869
2023-10-31,4.411,0.0
2023-11-01,4.394,-0.003854
2023-11-02,4.343,-0.011607
2023-11-03,4.386,0.009901
2023-11-06,4.463,0.017556
2023-11-07,4.437,-0.005826
2023-11-08,4.441,0.000902
2023-11-09,4.441,0.0
2023-11-10,4.42,-0.004729
2023-11-13,4.459,0.008824
2023-11-14,4.45,-0.002018
2023-11-15,4.463,0.002921
2023-11-16,4.42,-0.009635
2023-11-17,4.433,0.002941
2023-11-20,4.48,0.010602
2023-11-21,4.463,-0.003795
2023-11-22,4.407,-0.012548
2023-11-23,4.433,0.0059
2023-11-24,4.377,-0.012633
2023-11-27,4.36,-0.003884
2023-11-28,4.381,0.004817
2023-11-29,4.355,-0.005935
2023-11-30,4.347,-0.001837
2023-12-01,4.334,-0.002991
2023-12-04,4.321,-0.003
2023-12-05,4.257,-0.014811
2023-12-06,4.287,0.007047
2023-12-07,4.257,-0.006998
2023-12-08,4.244,-0.003054
2023-12-11,4.252,0.001885
2023-12-12,4.257,0.001176
2023-12-13,4.209,-0.011276
2023-12-14,4.201,-0.001901
2023-12-15,4.188,-0.003095
2023-12-18,4.123,-0.015521
2023-12-19,4.132,0.002183
2023-12-20,4.08,-0.012585
2023-12-21,4.111,0.007598
2023-12-22,4.141,0.007297
2023-12-25,4.166,0.006037
2023-12-26,4.132,-0.008161
2023-12-27,4.106,-0.006292
2023-12-28,4.227,0.029469
2023-12-29,4.252,0.005914
2023-12-31,4.252,0.0
2024-01-02,4.231,-0.004939
2024-01-03,4.214,-0.004018
2024-01-04,4.175,-0.009255
2024-01-05,4.111,-0.015329
2024-01-08,4.037,-0.018
2024-01-09,4.063,0.00644
2024-01-10,4.063,0.0
2024-01-11,4.123,0.014767
2024-01-12,4.106,-0.004123
2024-01-15,4.068,-0.009255
2024-01-16,4.08,0.00295
2024-01-17,3.973,-0.026225
2024-01-18,3.986,0.003272
2024-01-19,3.964,-0.005519
2024-01-22,3.835,-0.032543
2024-01-23,3.853,0.004694
2024-01-24,3.87,0.004412
2024-01-25,3.952,0.021189
2024-01-26,3.9,-0.013158
2024-01-29,3.823,-0.019744
2024-01-30,3.745,-0.020403
2024-01-31,3.659,-0.022964
2024-02-01,3.651,-0.002186
2024-02-02,3.56,-0.024925
2024-02-05,3.457,-0.028933
2024-02-06,3.612,0.044837
2024-02-07,3.707,0.026301
2024-02-08,3.793,0.023199
2024-02-19,3.805,0.003164
2024-02-20,3.818,0.003417
2024-02-21,3.84,0.005762
2024-02-22,3.857,0.004427
2024-02-23,3.878,0.005445
2024-02-26,3.896,0.004642
2024-02-27,3.947,0.01309
2024-02-28,3.874,-0.018495
2024-02-29,3.96,0.022199
2024-03-01,3.969,0.002273
2024-03-04,3.986,0.004283
2024-03-05,3.964,-0.005519
2024-03-06,3.952,-0.003027
2024-03-07,3.887,-0.016447
2024-03-08,3.891,0.001029
2024-03-11,3.999,0.027756
2024-03-12,4.068,0.017254
2024-03-13,4.085,0.004179
2024-03-14,4.072,-0.003182
2024-03-15,4.08,0.001965
2024-03-18,4.171,0.022304
2024-03-19,4.132,-0.00935
2024-03-20,4.141,0.002178
2024-03-21,4.141,0.0
2024-03-22,4.076,-0.015697
2024-03-25,4.016,-0.01472
2024-03-26,4.02,0.000996
2024-03-27,3.939,-0.020149
2024-03-28,4.033,0.023864
2024-03-29,4.012,-0.005207
2024-04-01,4.072,0.014955
2024-04-02,4.059,-0.003193
2024-04-03,4.025,-0.008376
2024-04-08,3.96,-0.016149
2024-04-09,4.012,0.013131
2024-04-10,3.986,-0.006481
2024-04-11,3.973,-0.003261
2024-04-12,3.952,-0.005286
2024-04-15,3.943,-0.002277
2024-04-16,3.818,-0.031702
2024-04-17,3.9,0.021477
2024-04-18,3.926,0.006667
2024-04-19,3.93,0.001019
2024-04-22,3.939,0.00229
2024-04-23,3.93,-0.002285
2024-04-24,3.969,0.009924
2024-04-25,3.969,0.0
2024-04-26,3.999,0.007559
2024-04-29,4.063,0.016004
2024-04-30,4.033,-0.007384
2024-05-06,4.102,0.017109
2024-05-07,4.145,0.010483
2024-05-08,4.085,-0.014475
2024-05-09,4.196,0.027173
2024-05-10,4.192,-0.000953
2024-05-13,4.158,-0.008111
2024-05-14,4.145,-0.003127
2024-05-15,4.141,-0.000965
2024-05-16,4.141,0.0
2024-05-17,4.222,0.01956
2024-05-20,4.27,0.011369
2024-05-21,4.222,-0.011241
2024-05-22,4.222,0.0
2024-05-23,4.166,-0.013264
2024-05-24,4.08,-0.020643
2024-05-27,4.089,0.002206
2024-05-28,4.068,-0.005136
2024-05-29,4.063,-0.001229
2024-05-30,4.076,0.0032
2024-05-31,4.098,0.005397
2024-06-03,4.076,-0.005368
2024-06-04,4.111,0.008587
2024-06-05,4.111,0.0
2024-06-06,4.037,-0.018
2024-06-07,4.025,-0.002973
2024-06-11,4.037,0.002981
2024-06-12,4.046,0.002229
2024-06-13,4.033,-0.003213
2024-06-14,4.02,-0.003223
2024-06-17,4.02,0.0
2024-06-18,4.029,0.002239
2024-06-19,3.977,-0.012906
2024-06-20,3.93,-0.011818
2024-06-21,3.93,0.0
2024-06-24,3.874,-0.014249
2024-06-25,3.857,-0.004388
2024-06-26,3.917,0.015556
2024-06-27,3.87,-0.011999
2024-06-28,3.887,0.004393
2024-06-30,3.887,0.0
2024-07-01,3.891,0.001029
2024-07-02,3.857,-0.008738
2024-07-03,3.848,-0.002333
2024-07-04,3.801,-0.012214
2024-07-05,3.827,0.00684
2024-07-08,3.754,-0.019075
2024-07-09,3.784,0.007991
2024-07-10,3.771,-0.003436
2024-07-11,3.848,0.020419
2024-07-12,3.848,0.0
2024-07-15,3.84,-0.002079
2024-07-16,3.84,0.0
2024-07-17,3.823,-0.004427
2024-07-18,3.87,0.012294
2024-07-19,3.87,0.0
2024-07-22,3.891,0.005426
2024-07-23,3.814,-0.019789
2024-07-24,3.81,-0.001049
2024-07-25,3.823,0.003412
2024-07-26,3.883,0.015694
2024-07-29,3.874,-0.002318
2024-07-30,3.874,0.0
2024-07-31,3.964,0.023232
2024-08-01,3.939,-0.006307
2024-08-02,3.926,-0.0033
2024-08-05,3.87,-0.014264
2024-08-06,3.926,0.01447
2024-08-07,3.909,-0.00433
2024-08-08,3.853,-0.014326
2024-08-09,3.823,-0.007786
2024-08-12,3.81,-0.0034
2024-08-13,3.827,0.004462
2024-08-14,3.78,-0.012281
2024-08-15,3.788,0.002116
2024-08-16,3.775,-0.003432
2024-08-19,3.775,0.0
2024-08-20,3.741,-0.009007
2024-08-21,3.737,-0.001069
2024-08-22,3.707,-0.008028
2024-08-23,3.707,0.0
2024-08-26,3.659,-0.012948
2024-08-27,3.621,-0.010385
2024-08-28,3.621,0.0
2024-08-29,3.668,0.01298
2024-08-30,3.715,0.012814
2024-09-02,3.655,-0.016151
2024-09-03,3.689,0.009302
2024-09-04,3.681,-0.002169
2024-09-05,3.707,0.007063
2024-09-06,3.655,-0.014028
2024-09-09,3.655,0.0
2024-09-10,3.634,-0.005746
2024-09-11,3.651,0.004678
2024-09-12,3.634,-0.004656
2024-09-13,3.603,-0.008531
2024-09-18,3.595,-0.00222
2024-09-19,3.621,0.007232
2024-09-20,3.608,-0.00359
2024-09-23,3.608,0.0
2024-09-24,3.698,0.024945
2024-09-25,3.728,0.008112
2024-09-26,3.84,0.030043
2024-09-27,4.025,0.048177
2024-09-30,4.355,0.081988
2024-10-08,4.652,0.068197
2024-10-09,4.317,-0.072012
2024-10-10,4.343,0.006023
2024-10-11,4.179,-0.037762
2024-10-14,4.33,0.036133
2024-10-15,4.287,-0.009931
2024-10-16,4.27,-0.003965
2024-10-17,4.27,0.0
2024-10-18,4.394,0.02904
2024-10-21,4.489,0.02162
2024-10-22,4.476,-0.002896
2024-10-23,4.514,0.00849
2024-10-24,4.463,-0.011298
2024-10-25,4.532,0.01546
2024-10-28,4.566,0.007502
2024-10-29,4.527,-0.008541
2024-10-30,4.553,0.005743
2024-10-31,4.536,-0.003734
2024-11-01,4.463,-0.016093
2024-11-04,4.497,0.007618
2024-11-05,4.618,0.026907
2024-11-06,4.618,0.0
2024-11-07,4.639,0.004547
2024-11-08,4.639,0.0
2024-11-11,4.721,0.017676
2024-11-12,4.699,-0.00466
2024-11-13,4.695,-0.000851
2024-11-14,4.583,-0.023855
2024-11-15,4.472,-0.02422
2024-11-18,4.42,-0.011628
2024-11-19,4.497,0.017421
2024-11-20,4.54,0.009562
2024-11-21,4.549,0.001982
2024-11-22,4.441,-0.023741
2024-11-25,4.429,-0.002702
2024-11-26,4.407,-0.004967
2024-11-27,4.472,0.014749
2024-11-28,4.429,-0.009615
2024-11-29,4.45,0.004741
2024-12-02,4.489,0.008764
2024-12-03,4.472,-0.003787
2024-12-04,4.42,-0.011628
2024-12-05,4.433,0.002941
2024-12-06,4.467,0.00767
2024-12-09,4.429,-0.008507
2024-12-10,4.484,0.012418
2024-12-11,4.519,0.007806
2024-12-12,4.562,0.009515
2024-12-13,4.489,-0.016002
2024-12-16,4.446,-0.009579
2024-12-17,4.39,-0.012596
2024-12-18,4.403,0.002961
2024-12-19,4.39,-0.002953
2024-12-20,4.429,0.008884
2024-12-23,4.377,-0.011741
2024-12-24,4.394,0.003884
2024-12-25,4.394,0.0
2024-12-26,4.416,0.005007
2024-12-27,4.433,0.00385
2024-12-30,4.42,-0.002933
2024-12-31,4.343,-0.017421
2025-01-02,4.265,-0.01796
2025-01-03,4.171,-0.02204
2025-01-06,4.166,-0.001199
2025-01-07,4.214,0.011522
2025-01-08,4.188,-0.00617
2025-01-09,4.201,0.003104
2025-01-10,4.153,-0.011426
2025-01-13,4.166,0.00313
2025-01-14,4.27,0.024964
2025-01-15,4.244,-0.006089
2025-01-16,4.244,0.0
2025-01-17,4.27,0.006126
2025-01-20,4.295,0.005855
2025-01-21,4.282,-0.003027
2025-01-22,4.265,-0.00397
2025-01-23,4.252,-0.003048
2025-01-24,4.261,0.002117
2025-01-27,4.222,-0.009153
2025-02-05,4.227,0.001184
2025-02-06,4.304,0.018216
2025-02-07,4.334,0.00697
2025-02-10,4.364,0.006922
2025-02-11,4.334,-0.006874
2025-02-12,4.398,0.014767
2025-02-13,4.39,-0.001819
2025-02-14,4.398,0.001822
2025-02-17,4.381,-0.003865
2025-02-18,4.304,-0.017576
2025-02-19,4.377,0.016961
2025-02-20,4.403,0.00594
2025-02-21,4.429,0.005905
2025-02-24,4.459,0.006774
2025-02-25,4.476,0.003813
2025-02-26,4.502,0.005809
2025-02-27,4.489,-0.002888
2025-02-28,4.398,-0.020272
2025-03-03,4.433,0.007958
2025-03-04,4.484,0.011505
2025-03-05,4.472,-0.002676
2025-03-06,4.527,0.012299
2025-03-07,4.553,0.005743
2025-03-10,4.575,0.004832
2025-03-11,4.6,0.005464
2025-03-12,4.575,-0.005435
2025-03-13,4.536,-0.008525
2025-03-14,4.588,0.011464
2025-03-17,4.605,0.003705
2025-03-18,4.626,0.00456
2025-03-19,4.592,-0.00735
2025-03-20,4.6,0.001742
2025-03-21,4.532,-0.014783
2025-03-24,4.519,-0.002868
2025-03-25,4.519,0.0
2025-03-26,4.527,0.00177
2025-03-27,4.536,0.001988
2025-03-28,4.506,-0.006614
2025-03-31,4.484,-0.004882
2025-04-01,4.553,0.015388
2025-04-02,4.519,-0.007468
2025-04-03,4.489,-0.006639
2025-04-07,4.162,-0.072845
2025-04-08,4.218,0.013455
2025-04-09,4.347,0.030583
2025-04-10,4.386,0.008972
2025-04-11,4.403,0.003876
2025-04-14,4.416,0.002953
2025-04-15,4.394,-0.004982
2025-04-16,4.398,0.00091
2025-04-17,4.411,0.002956
2025-04-18,4.36,-0.011562
2025-04-21,4.424,0.014679
2025-04-22,4.416,-0.001808
2025-04-23,4.437,0.004755
2025-04-24,4.424,-0.00293
2025-04-25,4.446,0.004973
2025-04-28,4.411,-0.007872
2025-04-29,4.433,0.004988
2025-04-30,4.437,0.000902
2025-05-06,4.51,0.016453
2025-05-07,4.566,0.012417
2025-05-08,4.643,0.016864
2025-05-09,4.6,-0.009261
2025-05-12,4.678,0.016957
2025-05-13,4.691,0.002779
2025-05-14,4.665,-0.005543
2025-05-15,4.613,-0.011147
2025-05-16,4.6,-0.002818
2025-05-19,4.596,-0.00087
2025-05-20,4.622,0.005657
2025-05-21,4.618,-0.000865
2025-05-22,4.579,-0.008445
2025-05-23,4.562,-0.003713
2025-05-26,4.575,0.00285
2025-05-27,4.536,-0.008525
2025-05-28,4.51,-0.005732
2025-05-29,4.588,0.017295
2025-05-30,4.579,-0.001962
2025-06-03,4.596,0.003713
2025-06-04,4.6,0.00087
2025-06-05,4.618,0.003913
2025-06-06,4.592,-0.00563
2025-06-09,4.631,0.008493
2025-06-10,4.583,-0.010365
2025-06-11,4.605,0.0048
2025-06-12,4.605,0.0
2025-06-13,4.557,-0.010423
2025-06-16,4.566,0.001975
2025-06-17,4.562,-0.000876
2025-06-18,4.557,-0.001096
2025-06-19,4.527,-0.006583
2025-06-20,4.502,-0.005522
2025-06-23,4.523,0.004665
2025-06-24,4.592,0.015255
2025-06-25,4.673,0.017639
2025-06-26,4.661,-0.002568
2025-06-27,4.656,-0.001073
2025-06-30,4.716,0.012887
2025-07-01,4.708,-0.001696
2025-07-02,4.669,-0.008284
2025-07-03,4.686,0.003641
2025-07-04,4.661,-0.005335
2025-07-07,4.665,0.000858
2025-07-08,4.708,0.009218
2025-07-09,4.682,-0.005523
2025-07-10,4.669,-0.002777
2025-07-11,4.704,0.007496
2025-07-14,4.695,-0.001913
2025-07-15,4.682,-0.002769
2025-07-16,4.729,0.010038
2025-07-17,4.798,0.014591
2025-07-18,4.785,-0.002709
2025-07-21,4.798,0.002717
2025-07-22,4.802,0.000834
2025-07-23,4.764,-0.007913
2025-07-24,4.815,0.010705
2025-07-25,4.807,-0.001661
2025-07-28,4.828,0.004369
2025-07-29,4.888,0.012428
2025-07-30,4.858,-0.006137
2025-07-31,4.841,-0.003499
2025-08-01,4.837,-0.000826
2025-08-04,4.906,0.014265
2025-08-05,4.94,0.00693
2025-08-06,4.949,0.001822
2025-08-07,4.931,-0.003637
2025-08-08,4.914,-0.003448
2025-08-11,4.979,0.013228
2025-08-12,4.979,0.0
2025-08-13,5.0,0.004218
2025-08-14,4.927,-0.0146
2025-08-15,5.017,0.018267
2025-08-18,5.065,0.009567
2025-08-19,5.069,0.00079
2025-08-20,5.077,0.001578
2025-08-21,5.052,-0.004924
2025-08-22,5.099,0.009303
2025-08-25,5.172,0.014317
2025-08-26,5.198,0.005027
2025-08-27,5.168,-0.005771
2025-08-28,5.206,0.007353
2025-08-29,5.236,0.005763
2025-09-01,5.206,-0.00573
2025-09-02,5.138,-0.013062
2025-09-03,5.077,-0.011872
2025-09-04,5.009,-0.013394
2025-09-05,5.108,0.019764
2025-09-08,5.193,0.016641
2025-09-09,5.206,0.002503
2025-09-10,5.206,0.0
2025-09-11,5.249,0.00826
2025-09-12,5.232,-0.003239
2025-09-15,5.249,0.003249
2025-09-16,5.318,0.013145
2025-09-17,5.348,0.005641
2025-09-18,5.322,-0.004862
2025-09-19,5.309,-0.002443
2025-09-22,5.305,-0.000753
2025-09-23,5.284,-0.003959
2025-09-24,5.344,0.011355
2025-09-25,5.322,-0.004117
2025-09-26,5.267,-0.010334
2025-09-29,5.305,0.007215
2025-09-30,5.322,0.003205
2025-10-09,5.301,-0.003946
2025-10-10,5.301,0.0
2025-10-13,5.292,-0.001698
2025-10-14,5.245,-0.008881
2025-10-15,5.305,0.011439
2025-10-16,5.258,-0.00886
2025-10-17,5.112,-0.027767
2025-10-20,5.181,0.013498
2025-10-21,5.262,0.015634
2025-10-22,5.219,-0.008172
2025-10-23,5.163,-0.01073
2025-10-24,5.232,0.013364
2025-10-27,5.271,0.007454
2025-10-28,5.288,0.003225
2025-10-29,5.357,0.013048
2025-10-30,5.288,-0.01288
2025-10-31,5.275,-0.002458
2025-11-03,5.267,-0.001517
2025-11-04,5.189,-0.014809
2025-11-05,5.215,0.005011
2025-11-06,5.327,0.021477
2025-11-07,5.327,0.0
2025-11-10,5.352,0.004693
2025-11-11,5.391,0.007287
2025-11-12,5.327,-0.011872
2025-11-13,5.408,0.015206
2025-11-14,5.335,-0.013499
2025-11-17,5.335,0.0
2025-11-18,5.327,-0.0015
2025-11-19,5.279,-0.009011
2025-11-20,5.258,-0.003978
2025-11-21,5.095,-0.031
2025-11-24,5.129,0.006673
2025-11-25,5.211,0.015988
2025-11-26,5.224,0.002495
2025-11-27,5.228,0.000766
2025-11-28,5.249,0.004017
2025-12-01,5.279,0.005715
2025-12-02,5.262,-0.00322
2025-12-03,5.245,-0.003231
2025-12-04,5.245,0.0
2025-12-05,5.297,0.009914
2025-12-08,5.374,0.014537
2025-12-09,5.348,-0.004838
2025-12-10,5.361,0.002431
2025-12-11,5.288,-0.013617
2025-12-12,5.292,0.000756
2025-12-15,5.309,0.003212
2025-12-16,5.297,-0.00226
2025-12-17,5.413,0.021899
2025-12-18,5.4,-0.002402
2025-12-19,5.421,0.003889
2025-12-22,5.503,0.015126
2025-12-23,5.529,0.004725
2025-12-24,5.619,0.016278
2025-12-25,5.623,0.000712
2025-12-26,5.602,-0.003735
2025-12-29,5.585,-0.003035
2025-12-30,5.554,-0.005551
2025-12-31,5.563,0.00162
2026-01-05,5.632,0.012403
2026-01-06,5.658,0.004616
2026-01-07,5.713,0.009721
2026-01-08,5.709,-0.0007
2026-01-09,5.808,0.017341
2026-01-12,5.774,-0.005854
2026-01-13,5.636,-0.0239
2026-01-14,5.688,0.009226
2026-01-15,5.778,0.015823
2026-01-16,5.877,0.017134
2026-01-19,5.842,-0.005955
2026-01-20,5.705,-0.023451
2026-01-21,5.855,0.026293
2026-01-22,5.877,0.003757
2026-01-23,5.825,-0.008848
2026-01-26,5.748,-0.013219
2026-01-27,5.92,0.029923
2026-01-28,6.01,0.015203
2026-01-29,5.829,-0.030116
2026-01-30,6.014,0.031738
2026-02-02,5.834,-0.02993
2026-02-03,6.109,0.047137
2026-02-04,6.126,0.002783
2026-02-05,5.903,-0.036402
2026-02-06,5.915,0.002033
2026-02-09,6.246,0.055959
2026-02-10,6.221,-0.004003
2026-02-11,6.238,0.002733
2026-02-12,6.521,0.045367
2026-02-13,6.337,-0.028217
2026-02-24,6.526,0.029825
2026-02-25,6.414,-0.017162
2026-02-26,6.573,0.02479
2026-02-27,6.526,-0.00715
2026-03-02,6.534,0.001226
2026-03-03,6.384,-0.022957
2026-03-04,6.345,-0.006109
2026-03-05,6.337,-0.001261
2026-03-06,6.251,-0.013571
2026-03-09,6.126,-0.019997
2026-03-10,6.414,0.047013
2026-03-11,6.423,0.001403
2026-03-12,6.306,-0.018216
2026-03-13,6.212,-0.014906
2026-03-16,6.246,0.005473
2026-03-17,5.958,-0.04611
2026-03-18,6.139,0.030379
2026-03-19,6.062,-0.012543
2026-03-20,6.165,0.016991
2026-03-23,5.92,-0.03974
2026-03-24,6.049,0.021791
2026-03-25,6.238,0.031245
2026-03-26,6.165,-0.011702
2026-03-27,6.16,-0.000811
2026-03-30,6.203,0.006981
2026-03-31,6.044,-0.025633
2026-04-01,6.251,0.034249
2026-04-02,6.186,-0.010398
2026-04-03,6.337,0.02441
2026-04-07,6.332,-0.000789
2026-04-08,6.59,0.040745
2026-04-09,6.728,0.020941
2026-04-10,6.736,0.001189
2026-04-13,6.771,0.005196
2026-04-14,6.749,-0.003249
2026-04-15,6.732,-0.002519
2026-04-16,6.895,0.024213
2026-04-17,7.037,0.020595
2026-04-20,7.08,0.006111
2026-04-21,7.05,-0.004237
2026-04-22,7.286,0.033475
2026-04-23,7.213,-0.010019
2026-04-24,7.14,-0.010121
2026-04-27,7.175,0.004902
2026-04-28,7.106,-0.009617
2026-04-29,7.119,0.001829
2026-04-30,7.226,0.01503
2026-05-06,7.441,0.029754
2026-05-07,7.75,0.041527
2026-05-08,7.776,0.003355
2026-05-11,7.909,0.017104
2026-05-12,7.965,0.007081
2026-05-13,8.111,0.01833
2026-05-14,7.987,-0.015288
2026-05-15,7.763,-0.028046
2026-05-18,7.828,0.008373
2026-05-19,7.987,0.020312
2026-05-20,8.133,0.01828
2026-05-21,7.823,-0.038116
2026-05-22,8.116,0.037454
2026-05-25,8.442,0.040168
2026-05-26,8.361,-0.009595
2026-05-27,8.266,-0.011362
2026-05-28,8.524,0.031212
2026-05-29,8.288,-0.027687
2026-06-01,7.978,-0.037403
2026-06-02,8.335,0.044748
2026-06-03,8.571,0.028314
2026-06-04,8.636,0.007584
2026-06-05,8.434,-0.02339
2026-06-08,8.275,-0.018852
2026-06-09,8.653,0.04568
2026-06-10,8.459,-0.02242
2026-06-11,8.606,0.017378
2026-06-12,8.541,-0.007553
2026-06-15,9.117,0.067439
2026-06-16,9.413,0.032467
2026-06-17,9.637,0.023797
2026-06-18,9.951,0.032583
2026-06-22,10.196,0.024621
2026-06-23,9.813,-0.037564
2026-06-24,10.213,0.040762
2026-06-25,10.41,0.019289
2026-06-26,10.157,-0.024304
2026-06-29,10.105,-0.00512
2026-06-30,10.363,0.025532
2026-07-01,10.166,-0.01901
2026-07-02,9.572,-0.05843
2026-07-03,9.693,0.012641
2026-07-06,9.521,-0.017745
2026-07-07,9.418,-0.010818
2026-07-08,9.34,-0.008282
2026-07-09,9.719,0.040578
2026-07-10,9.22,-0.051343
2026-07-13,8.851,-0.040022
2026-07-14,9.104,0.028584
2026-07-15,8.842,-0.028779
2026-07-16,8.627,-0.024316
2026-07-17,8.107,-0.060276
2026-07-20,7.879,-0.028124
2026-07-21,8.361,0.061175
2026-07-22,8.21,-0.01806
2026-07-23,8.081,-0.015713
2026-07-24,7.995,-0.010642
2026-07-27,8.167,0.021513
2026-07-28,7.613,-0.067834
2026-07-29,7.523,-0.011822
2026-07-30,7.123,-0.05317
2026-07-31,7.394,0.038046
2026-08-03,7.299,-0.012848
2026-08-04,7.763,0.06357
2026-08-05,7.858,0.012238
2026-08-06,7.905,0.005981
2026-08-07,8.025,0.01518
2026-08-10,7.888,-0.017072
2026-08-11,7.914,0.003296
2026-08-12,8.111,0.024893
2026-08-13,8.103,-0.000986
2026-08-14,8.245,0.017524
2026-08-17,8.459,0.025955
2026-08-18,8.399,-0.007093
2026-08-19,7.935,-0.055245
2026-08-20,8.017,0.010334
2026-08-21,8.111,0.011725
2026-08-24,7.935,-0.021699
2026-08-25,7.918,-0.002142
2026-08-26,7.957,0.004925
2026-08-27,8.206,0.031293
2026-08-28,8.098,-0.013161
2026-08-31,8.172,0.009138
2026-09-01,8.025,-0.017988
2026-09-02,7.914,-0.013832
2026-09-03,7.948,0.004296
2026-09-04,7.836,-0.014092
2026-09-07,8.172,0.042879
2026-09-08,8.12,-0.006363
2026-09-09,8.09,-0.003695
2026-09-10,8.038,-0.006428
2026-09-11,8.081,0.00535
2026-09-14,7.995,-0.010642
2026-09-15,7.995,0.0
2026-09-16,8.167,0.021513
2026-09-17,8.124,-0.005265
2026-09-18,8.236,0.013786
2026-09-21,8.257,0.00255
2026-09-22,8.223,-0.004118
2026-09-23,8.223,0.0
2026-09-24,8.025,-0.024079
2026-09-28,7.656,-0.045981
2026-09-29,7.664,0.001045
2026-09-30,7.609,-0.007176
