净值日期,累计净值,daily_return
2007-04-18,2.3149,
2007-04-19,2.3077,-0.00311
2007-04-20,2.3181,0.004507
2007-04-23,2.3308,0.005479
2007-04-24,2.3304,-0.000172
2007-04-25,2.33,-0.000172
2007-04-26,2.3344,0.001888
2007-04-27,2.335,0.000257
2007-04-30,2.3406,0.002398
2007-05-08,2.359,0.007861
2007-05-09,2.3551,-0.001653
2007-05-10,2.3595,0.001868
2007-05-11,2.3529,-0.002797
2007-05-14,2.356,0.001318
2007-05-15,2.3471,-0.003778
2007-05-16,2.363,0.006774
2007-05-17,2.3768,0.00584
2007-05-18,2.3779,0.000463
2007-05-21,2.3922,0.006014
2007-05-22,2.399,0.002843
2007-05-23,2.4101,0.004627
2007-05-24,2.4004,-0.004025
2007-05-25,2.4092,0.003666
2007-05-28,2.4295,0.008426
2007-05-29,2.4563,0.011031
2007-05-30,2.3993,-0.023206
2007-05-31,2.4283,0.012087
2007-06-01,2.4057,-0.009307
2007-06-04,2.3423,-0.026354
2007-06-05,2.3703,0.011954
2007-06-06,2.3911,0.008775
2007-06-07,2.4192,0.011752
2007-06-08,2.4314,0.005043
2007-06-11,2.4594,0.011516
2007-06-12,2.4872,0.011304
2007-06-13,2.5019,0.00591
2007-06-14,2.4963,-0.002238
2007-06-15,2.5045,0.003285
2007-06-18,2.5309,0.010541
2007-06-19,2.5372,0.002489
2007-06-20,2.5131,-0.009499
2007-06-21,2.5188,0.002268
2007-06-22,2.4979,-0.008298
2007-06-25,2.4724,-0.010209
2007-06-26,2.49,0.007119
2007-06-27,2.5181,0.011285
2007-06-28,2.4814,-0.014574
2007-06-29,2.4619,-0.007858
2007-06-30,2.4619,0.0
2007-07-02,2.4594,-0.001015
2007-07-03,2.4799,0.008335
2007-07-04,2.4581,-0.008791
2007-07-05,2.4056,-0.021358
2007-07-06,2.4462,0.016877
2007-07-09,2.4751,0.011814
2007-07-10,2.4616,-0.005454
2007-07-11,2.4684,0.002762
2007-07-12,2.4753,0.002795
2007-07-13,2.4737,-0.000646
2007-07-16,2.4468,-0.010874
2007-07-17,2.4695,0.009277
2007-07-18,2.4739,0.001782
2007-07-19,2.4715,-0.00097
2007-07-20,2.5058,0.013878
2007-07-23,2.552,0.018437
2007-07-24,2.5511,-0.000353
2007-07-25,2.5733,0.008702
2007-07-26,2.5813,0.003109
2007-07-27,2.5853,0.00155
2007-07-30,2.6118,0.01025
2007-07-31,2.6256,0.005284
2007-08-01,2.5844,-0.015692
2007-08-02,2.6181,0.01304
2007-08-03,2.6527,0.013216
2007-08-06,2.6843,0.011912
2007-08-07,2.6902,0.002198
2007-08-08,2.676,-0.005278
2007-08-09,2.6939,0.006689
2007-08-10,2.6776,-0.006051
2007-08-13,2.6738,-0.001419
2007-08-14,2.6896,0.005909
2007-08-15,2.6966,0.002603
2007-08-16,2.6795,-0.006341
2007-08-17,2.6552,-0.009069
2007-08-20,2.7149,0.022484
2007-08-21,2.7349,0.007367
2007-08-22,2.7528,0.006545
2007-08-23,2.7695,0.006067
2007-08-24,2.7944,0.008991
2007-08-27,2.801,0.002362
2007-08-28,2.8024,0.0005
2007-08-29,2.7805,-0.007815
2007-08-30,2.7997,0.006905
2007-08-31,2.8177,0.006429
2007-09-03,2.8515,0.011996
2007-09-04,2.8515,0.0
2007-09-05,2.86,0.002981
2007-09-06,2.8767,0.005839
2007-09-07,2.8457,-0.010776
2007-09-10,2.8668,0.007415
2007-09-11,2.7976,-0.024138
2007-09-12,2.8185,0.007471
2007-09-13,2.8504,0.011318
2007-09-14,2.8688,0.006455
2007-09-17,2.8899,0.007355
2007-09-18,2.8833,-0.002284
2007-09-19,2.8721,-0.003884
2007-09-20,2.8927,0.007172
2007-09-21,2.8755,-0.005946
2007-09-24,2.8811,0.001947
2007-09-25,2.8616,-0.006768
2007-09-26,2.8381,-0.008212
2007-09-27,2.8633,0.008879
2007-09-28,2.9067,0.015157
2007-09-30,2.9066,-3.4e-05
2007-10-08,2.9229,0.005608
2007-10-09,2.9294,0.002224
2007-10-10,2.9353,0.002014
2007-10-11,2.9484,0.004463
2007-10-12,2.9372,-0.003799
2007-10-15,2.9512,0.004766
2007-10-16,2.9699,0.006336
2007-10-17,2.9579,-0.004041
2007-10-18,2.908,-0.01687
2007-10-19,2.9115,0.001204
2007-10-22,2.8854,-0.008964
2007-10-23,2.9049,0.006758
2007-10-24,2.9138,0.003064
2007-10-25,2.8453,-0.023509
2007-10-26,2.8525,0.00253
2007-10-29,2.884,0.011043
2007-10-30,2.9003,0.005652
2007-10-31,2.9234,0.007965
2007-11-01,2.8917,-0.010844
2007-11-02,2.8387,-0.018328
2007-11-05,2.8345,-0.00148
2007-11-06,2.83,-0.001588
2007-11-07,2.8367,0.002367
2007-11-08,2.7778,-0.020764
2007-11-09,2.7676,-0.003672
2007-11-12,2.746,-0.007805
2007-11-13,2.7266,-0.007065
2007-11-14,2.7767,0.018375
2007-11-15,2.7553,-0.007707
2007-11-16,2.7386,-0.006061
2007-11-19,2.748,0.003432
2007-11-20,2.7788,0.011208
2007-11-21,2.7692,-0.003455
2007-11-22,2.7162,-0.019139
2007-11-23,2.7361,0.007326
2007-11-26,2.7225,-0.004971
2007-11-27,2.7058,-0.006134
2007-11-28,2.6894,-0.006061
2007-11-29,2.7278,0.014278
2007-11-30,2.7012,-0.009751
2007-12-03,2.7141,0.004776
2007-12-04,2.7289,0.005453
2007-12-05,2.7641,0.012899
2007-12-06,2.7627,-0.000506
2007-12-07,2.7846,0.007927
2007-12-10,2.8115,0.00966
2007-12-11,2.8118,0.000107
2007-12-12,2.8013,-0.003734
2007-12-13,2.7507,-0.018063
2007-12-14,2.7759,0.009161
2007-12-17,2.7565,-0.006989
2007-12-18,2.7566,3.6e-05
2007-12-19,2.7896,0.011971
2007-12-20,2.8133,0.008496
2007-12-21,2.8309,0.006256
2007-12-24,2.8571,0.009255
2007-12-25,2.8618,0.001645
2007-12-26,2.8746,0.004473
2007-12-27,2.9052,0.010645
2007-12-28,2.9005,-0.001618
2007-12-29,2.9004,-3.4e-05
2007-12-31,2.9003,-3.4e-05
2008-01-02,2.9281,0.009585
2008-01-03,2.9346,0.00222
2008-01-04,2.9487,0.004805
2008-01-07,2.9772,0.009665
2008-01-08,2.9686,-0.002889
2008-01-09,2.9958,0.009163
2008-01-10,3.0211,0.008445
2008-01-11,3.034,0.00427
2008-01-14,3.0468,0.004219
2008-01-15,3.038,-0.002888
2008-01-16,2.9852,-0.01738
2008-01-17,2.9506,-0.011591
2008-01-18,2.9575,0.002339
2008-01-21,2.8885,-0.023331
2008-01-22,2.7872,-0.03507
2008-01-23,2.8571,0.025079
2008-01-24,2.8826,0.008925
2008-01-25,2.9009,0.006348
2008-01-28,2.8105,-0.031163
2008-01-29,2.8124,0.000676
2008-01-30,2.8034,-0.0032
2008-01-31,2.7882,-0.005422
2008-02-01,2.7798,-0.003013
2008-02-04,2.8837,0.037377
2008-02-05,2.8769,-0.002358
2008-02-13,2.8533,-0.008203
2008-02-14,2.874,0.007255
2008-02-15,2.8575,-0.005741
2008-02-18,2.8866,0.010184
2008-02-19,2.9133,0.00925
2008-02-20,2.8789,-0.011808
2008-02-21,2.873,-0.002049
2008-02-22,2.8234,-0.017264
2008-02-25,2.7782,-0.016009
2008-02-26,2.7694,-0.003168
2008-02-27,2.8064,0.01336
2008-02-28,2.805,-0.000499
2008-02-29,2.8308,0.009198
2008-03-03,2.8627,0.011269
2008-03-04,2.8272,-0.012401
2008-03-05,2.8102,-0.006013
2008-03-06,2.8213,0.00395
2008-03-07,2.8,-0.00755
2008-03-10,2.7373,-0.022393
2008-03-11,2.7266,-0.003909
2008-03-12,2.6835,-0.015807
2008-03-13,2.6447,-0.014459
2008-03-14,2.6306,-0.005331
2008-03-17,2.5781,-0.019957
2008-03-18,2.5271,-0.019782
2008-03-19,2.5653,0.015116
2008-03-20,2.6052,0.015554
2008-03-21,2.6117,0.002495
2008-03-24,2.5487,-0.024122
2008-03-25,2.5693,0.008083
2008-03-26,2.5761,0.002647
2008-03-27,2.5407,-0.013742
2008-03-28,2.5954,0.021529
2008-03-31,2.5607,-0.01337
2008-04-01,2.5009,-0.023353
2008-04-02,2.4964,-0.001799
2008-04-03,2.5286,0.012899
2008-04-07,2.5909,0.024638
2008-04-08,2.5969,0.002316
2008-04-09,2.5325,-0.024799
2008-04-10,2.5487,0.006397
2008-04-11,2.5548,0.002393
2008-04-14,2.4795,-0.029474
2008-04-15,2.4826,0.00125
2008-04-16,2.4525,-0.012124
2008-04-17,2.4173,-0.014353
2008-04-18,2.3842,-0.013693
2008-04-21,2.3821,-0.000881
2008-04-22,2.4036,0.009026
2008-04-23,2.4508,0.019637
2008-04-24,2.5406,0.036641
2008-04-25,2.5484,0.00307
2008-04-28,2.5253,-0.009065
2008-04-29,2.5328,0.00297
2008-04-30,2.578,0.017846
2008-05-05,2.6024,0.009465
2008-05-06,2.5887,-0.005264
2008-05-07,2.5435,-0.017461
2008-05-08,2.5655,0.008649
2008-05-09,2.5558,-0.003781
2008-05-12,2.5625,0.002621
2008-05-13,2.5522,-0.00402
2008-05-14,2.5823,0.011794
2008-05-15,2.576,-0.00244
2008-05-16,2.5775,0.000582
2008-05-19,2.5684,-0.003531
2008-05-20,2.5142,-0.021103
2008-05-21,2.5267,0.004972
2008-05-22,2.5028,-0.009459
2008-05-23,2.4869,-0.006353
2008-05-26,2.4595,-0.011018
2008-05-27,2.4619,0.000976
2008-05-28,2.489,0.011008
2008-05-29,2.465,-0.009642
2008-05-30,2.4701,0.002069
2008-06-02,2.4693,-0.000324
2008-06-03,2.4666,-0.001093
2008-06-04,2.4497,-0.006852
2008-06-05,2.4401,-0.003919
2008-06-06,2.4377,-0.000984
2008-06-10,2.3668,-0.029085
2008-06-11,2.3432,-0.009971
2008-06-12,2.3314,-0.005036
2008-06-13,2.3082,-0.009951
2008-06-16,2.3037,-0.00195
2008-06-17,2.2762,-0.011937
2008-06-18,2.3123,0.01586
2008-06-19,2.2556,-0.024521
2008-06-20,2.2669,0.00501
2008-06-23,2.2514,-0.006838
2008-06-24,2.2716,0.008972
2008-06-25,2.2991,0.012106
2008-06-26,2.3012,0.000913
2008-06-27,2.2548,-0.020163
2008-06-30,2.2485,-0.002794
2008-07-01,2.228,-0.009117
2008-07-02,2.2279,-4.5e-05
2008-07-03,2.2447,0.007541
2008-07-04,2.2367,-0.003564
2008-07-07,2.2755,0.017347
2008-07-08,2.2841,0.003779
2008-07-09,2.3178,0.014754
2008-07-10,2.3116,-0.002675
2008-07-11,2.3072,-0.001903
2008-07-14,2.31,0.001214
2008-07-15,2.2805,-0.012771
2008-07-16,2.2533,-0.011927
2008-07-17,2.2503,-0.001331
2008-07-18,2.2728,0.009999
2008-07-21,2.2955,0.009988
2008-07-22,2.2932,-0.001002
2008-07-23,2.2859,-0.003183
2008-07-24,2.3086,0.00993
2008-07-25,2.3012,-0.003205
2008-07-28,2.3087,0.003259
2008-07-29,2.2949,-0.005977
2008-07-30,2.2911,-0.001656
2008-07-31,2.2704,-0.009035
2008-08-01,2.277,0.002907
2008-08-04,2.2576,-0.00852
2008-08-05,2.2343,-0.010321
2008-08-06,2.2375,0.001432
2008-08-07,2.2364,-0.000492
2008-08-08,2.2015,-0.015605
2008-08-11,2.1699,-0.014354
2008-08-12,2.1745,0.00212
2008-08-13,2.1777,0.001472
2008-08-14,2.1796,0.000872
2008-08-15,2.1786,-0.000459
2008-08-18,2.1424,-0.016616
2008-08-19,2.151,0.004014
2008-08-20,2.1979,0.021804
2008-08-21,2.1692,-0.013058
2008-08-22,2.1561,-0.006039
2008-08-25,2.1542,-0.000881
2008-08-26,2.1351,-0.008866
2008-08-27,2.1336,-0.000703
2008-08-28,2.1381,0.002109
2008-08-29,2.1541,0.007483
2008-09-01,2.1317,-0.010399
2008-09-02,2.126,-0.002674
2008-09-03,2.114,-0.005644
2008-09-04,2.1132,-0.000378
2008-09-05,2.0953,-0.008471
2008-09-08,2.0784,-0.008066
2008-09-09,2.0821,0.00178
2008-09-10,2.081,-0.000528
2008-09-11,2.0617,-0.009274
2008-09-12,2.0636,0.000922
2008-09-16,2.0348,-0.013956
2008-09-17,2.0183,-0.008109
2008-09-18,2.0088,-0.004707
2008-09-19,2.0621,0.026533
2008-09-22,2.0998,0.018282
2008-09-23,2.07,-0.014192
2008-09-24,2.0697,-0.000145
2008-09-25,2.0942,0.011837
2008-09-26,2.1044,0.004871
2008-09-30,2.1043,-4.8e-05
2008-10-06,2.0629,-0.019674
2008-10-07,2.0568,-0.002957
2008-10-08,2.0337,-0.011231
2008-10-09,2.0212,-0.006146
2008-10-10,1.9894,-0.015733
2008-10-13,2.0092,0.009953
2008-10-14,1.9942,-0.007466
2008-10-15,1.9883,-0.002959
2008-10-16,1.9602,-0.014133
2008-10-17,1.967,0.003469
2008-10-20,1.9872,0.010269
2008-10-21,1.9829,-0.002164
2008-10-22,1.9703,-0.006354
2008-10-23,1.9715,0.000609
2008-10-24,1.9521,-0.00984
2008-10-27,1.9129,-0.020081
2008-10-28,1.9296,0.00873
2008-10-29,1.913,-0.008603
2008-10-30,1.9252,0.006377
2008-10-31,1.915,-0.005298
2008-11-03,1.9129,-0.001097
2008-11-04,1.9035,-0.004914
2008-11-05,1.9234,0.010454
2008-11-06,1.9098,-0.007071
2008-11-07,1.9171,0.003822
2008-11-10,1.9555,0.02003
2008-11-11,1.9532,-0.001176
2008-11-12,1.9608,0.003891
2008-11-13,1.9854,0.012546
2008-11-14,2.0107,0.012743
2008-11-17,2.0238,0.006515
2008-11-18,1.9782,-0.022532
2008-11-19,2.0133,0.017743
2008-11-20,2.0091,-0.002086
2008-11-21,2.0064,-0.001344
2008-11-24,1.9844,-0.010965
2008-11-25,1.9822,-0.001109
2008-11-26,1.9858,0.001816
2008-11-27,1.9953,0.004784
2008-11-28,1.9829,-0.006215
2008-12-01,1.9929,0.005043
2008-12-02,1.9976,0.002358
2008-12-03,2.0239,0.013166
2008-12-04,2.0327,0.004348
2008-12-05,2.0422,0.004674
2008-12-08,2.0656,0.011458
2008-12-09,2.0534,-0.005906
2008-12-10,2.0678,0.007013
2008-12-11,2.0528,-0.007254
2008-12-12,2.0249,-0.013591
2008-12-15,2.0287,0.001877
2008-12-16,2.0373,0.004239
2008-12-17,2.0407,0.001669
2008-12-18,2.0542,0.006615
2008-12-19,2.0561,0.000925
2008-12-22,2.0456,-0.005107
2008-12-23,2.0134,-0.015741
2008-12-24,2.0028,-0.005265
2008-12-25,1.9966,-0.003096
2008-12-26,1.9961,-0.00025
2008-12-29,1.9954,-0.000351
2008-12-30,1.9899,-0.002756
2008-12-31,1.9859,-0.00201
2009-01-05,2.0059,0.010071
2009-01-06,2.0267,0.010369
2009-01-07,2.0253,-0.000691
2009-01-08,2.0123,-0.006419
2009-01-09,2.0229,0.005268
2009-01-12,2.0251,0.001088
2009-01-13,2.0105,-0.00721
2009-01-14,2.0351,0.012236
2009-01-15,2.0359,0.000393
2009-01-16,2.0468,0.005354
2009-01-19,2.0536,0.003322
2009-01-20,2.0581,0.002191
2009-01-21,2.0563,-0.000875
2009-01-22,2.065,0.004231
2009-01-23,2.0607,-0.002082
2009-02-02,2.0683,0.003688
2009-02-03,2.0869,0.008993
2009-02-04,2.1044,0.008386
2009-02-05,2.0971,-0.003469
2009-02-06,2.1234,0.012541
2009-02-09,2.1432,0.009325
2009-02-10,2.1532,0.004666
2009-02-11,2.1495,-0.001718
2009-02-12,2.1436,-0.002745
2009-02-13,2.1654,0.01017
2009-02-16,2.1836,0.008405
2009-02-17,2.1603,-0.01067
2009-02-18,2.1333,-0.012498
2009-02-19,2.1389,0.002625
2009-02-20,2.1505,0.005423
2009-02-23,2.1666,0.007487
2009-02-24,2.1398,-0.01237
2009-02-25,2.1395,-0.00014
2009-02-26,2.1085,-0.014489
2009-02-27,2.0941,-0.006829
2009-03-02,2.1002,0.002913
2009-03-03,2.0978,-0.001143
2009-03-04,2.1317,0.01616
2009-03-05,2.1334,0.000797
2009-03-06,2.1304,-0.001406
2009-03-09,2.1106,-0.009294
2009-03-10,2.1187,0.003838
2009-03-11,2.1139,-0.002266
2009-03-12,2.1122,-0.000804
2009-03-13,2.1106,-0.000758
2009-03-16,2.12,0.004454
2009-03-17,2.1394,0.009151
2009-03-18,2.1423,0.001356
2009-03-19,2.1553,0.006068
2009-03-20,2.1542,-0.00051
2009-03-23,2.1709,0.007752
2009-03-24,2.1762,0.002441
2009-03-25,2.1626,-0.006249
2009-03-26,2.1783,0.00726
2009-03-27,2.1826,0.001974
2009-03-30,2.1775,-0.002337
2009-03-31,2.1856,0.00372
2009-04-01,2.195,0.004301
2009-04-02,2.2036,0.003918
2009-04-03,2.201,-0.00118
2009-04-07,2.2013,0.000136
2009-04-08,2.1744,-0.01222
2009-04-09,2.1865,0.005565
2009-04-10,2.2093,0.010428
2009-04-13,2.2238,0.006563
2009-04-14,2.2321,0.003732
2009-04-15,2.2384,0.002822
2009-04-16,2.2392,0.000357
2009-04-17,2.2305,-0.003885
2009-04-20,2.2475,0.007622
2009-04-21,2.2372,-0.004583
2009-04-22,2.2071,-0.013454
2009-04-23,2.2135,0.0029
2009-04-24,2.2101,-0.001536
2009-04-27,2.1869,-0.010497
2009-04-28,2.1904,0.0016
2009-04-29,2.2154,0.011413
2009-04-30,2.2269,0.005191
2009-05-04,2.2516,0.011092
2009-05-05,2.2555,0.001732
2009-05-06,2.2689,0.005941
2009-05-07,2.2683,-0.000264
2009-05-08,2.2694,0.000485
2009-05-11,2.247,-0.00987
2009-05-12,2.267,0.008901
2009-05-13,2.274,0.003088
2009-05-14,2.2734,-0.000264
2009-05-15,2.2792,0.002551
2009-05-18,2.2924,0.005792
2009-05-19,2.2998,0.003228
2009-05-20,2.2951,-0.002044
2009-05-21,2.2773,-0.007756
2009-05-22,2.2737,-0.001581
2009-05-25,2.2752,0.00066
2009-05-26,2.2667,-0.003736
2009-05-27,2.2744,0.003397
2009-06-01,2.2982,0.010464
2009-06-02,2.3034,0.002263
2009-06-03,2.3196,0.007033
2009-06-04,2.3208,0.000517
2009-06-05,2.3184,-0.001034
2009-06-08,2.3157,-0.001165
2009-06-09,2.3192,0.001511
2009-06-10,2.3261,0.002975
2009-06-11,2.3153,-0.004643
2009-06-12,2.3003,-0.006479
2009-06-15,2.3128,0.005434
2009-06-16,2.3088,-0.00173
2009-06-17,2.3253,0.007147
2009-06-18,2.3376,0.00529
2009-06-19,2.3434,0.002481
2009-06-22,2.3378,-0.00239
2009-06-23,2.3358,-0.000856
2009-06-24,2.3488,0.005566
2009-06-25,2.349,8.5e-05
2009-06-26,2.3532,0.001788
2009-06-29,2.3682,0.006374
2009-06-30,2.3667,-0.000633
2009-07-01,2.3858,0.00807
2009-07-02,2.3995,0.005742
2009-07-03,2.414,0.006043
2009-07-06,2.4206,0.002734
2009-07-07,2.4101,-0.004338
2009-07-08,2.4218,0.004855
2009-07-09,2.4378,0.006607
2009-07-10,2.4403,0.001026
2009-07-13,2.4337,-0.002705
2009-07-14,2.4622,0.011711
2009-07-15,2.47,0.003168
2009-07-16,2.4685,-0.000607
2009-07-17,2.4697,0.000486
2009-07-20,2.4924,0.009191
2009-07-21,2.4789,-0.005416
2009-07-22,2.4971,0.007342
2009-07-23,2.5109,0.005526
2009-07-24,2.512,0.000438
2009-07-27,2.5284,0.006529
2009-07-28,2.5263,-0.000831
2009-07-29,2.4621,-0.025413
2009-07-30,2.4721,0.004062
2009-07-31,2.5038,0.012823
2009-08-03,2.5238,0.007988
2009-08-04,2.5399,0.006379
2009-08-05,2.5199,-0.007874
2009-08-06,2.4965,-0.009286
2009-08-07,2.4679,-0.011456
2009-08-10,2.4705,0.001054
2009-08-11,2.4722,0.000688
2009-08-12,2.4292,-0.017393
2009-08-13,2.438,0.003623
2009-08-14,2.4124,-0.0105
2009-08-17,2.3638,-0.020146
2009-08-18,2.374,0.004315
2009-08-19,2.3384,-0.014996
2009-08-20,2.371,0.013941
2009-08-21,2.3883,0.007296
2009-08-24,2.4019,0.005694
2009-08-25,2.3755,-0.010991
2009-08-26,2.394,0.007788
2009-08-27,2.3886,-0.002256
2009-08-28,2.3571,-0.013188
2009-08-31,2.3012,-0.023716
2009-09-01,2.3051,0.001695
2009-09-02,2.3122,0.00308
2009-09-03,2.3545,0.018294
2009-09-04,2.3642,0.00412
2009-09-07,2.3722,0.003384
2009-09-08,2.3925,0.008557
2009-09-09,2.4089,0.006855
2009-09-10,2.4004,-0.003529
2009-09-11,2.4155,0.006291
2009-09-14,2.4297,0.005879
2009-09-15,2.4303,0.000247
2009-09-16,2.4199,-0.004279
2009-09-17,2.4342,0.005909
2009-09-18,2.4083,-0.01064
2009-09-21,2.4179,0.003986
2009-09-22,2.4062,-0.004839
2009-09-23,2.3921,-0.00586
2009-09-24,2.3859,-0.002592
2009-09-25,2.3796,-0.002641
2009-09-28,2.3601,-0.008195
2009-09-29,2.3566,-0.001483
2009-09-30,2.3679,0.004795
2009-10-09,2.4088,0.017273
2009-10-12,2.4092,0.000166
2009-10-13,2.4192,0.004151
2009-10-14,2.4236,0.001819
2009-10-15,2.4278,0.001733
2009-10-16,2.4304,0.001071
2009-10-19,2.4546,0.009957
2009-10-20,2.4642,0.003911
2009-10-21,2.4581,-0.002475
2009-10-22,2.4544,-0.001505
2009-10-23,2.4763,0.008923
2009-10-26,2.4831,0.002746
2009-10-27,2.4612,-0.00882
2009-10-28,2.4686,0.003007
2009-10-29,2.4477,-0.008466
2009-10-30,2.462,0.005842
2009-11-02,2.5003,0.015556
2009-11-03,2.5112,0.004359
2009-11-04,2.5123,0.000438
2009-11-05,2.5127,0.000159
2009-11-06,2.5162,0.001393
2009-11-09,2.5176,0.000556
2009-11-10,2.523,0.002145
2009-11-11,2.5198,-0.001268
2009-11-12,2.5255,0.002262
2009-11-13,2.5268,0.000515
2009-11-16,2.5587,0.012625
2009-11-17,2.5583,-0.000156
2009-11-18,2.5575,-0.000313
2009-11-19,2.5613,0.001486
2009-11-20,2.561,-0.000117
2009-11-23,2.5787,0.006911
2009-11-24,2.5366,-0.016326
2009-11-25,2.5664,0.011748
2009-11-26,2.5218,-0.017378
2009-11-27,2.4955,-0.010429
2009-11-30,2.5366,0.01647
2009-12-01,2.557,0.008042
2009-12-02,2.5659,0.003481
2009-12-03,2.5698,0.00152
2009-12-04,2.5672,-0.001012
2009-12-07,2.5766,0.003662
2009-12-08,2.5651,-0.004463
2009-12-09,2.547,-0.007056
2009-12-10,2.5495,0.000982
2009-12-11,2.5527,0.001255
2009-12-14,2.5578,0.001998
2009-12-15,2.5588,0.000391
2009-12-16,2.5535,-0.002071
2009-12-17,2.5208,-0.012806
2009-12-18,2.4883,-0.012893
2009-12-21,2.4884,4e-05
2009-12-22,2.4619,-0.010649
2009-12-23,2.476,0.005727
2009-12-24,2.5115,0.014338
2009-12-25,2.5138,0.000916
2009-12-28,2.5263,0.004973
2009-12-29,2.5369,0.004196
2009-12-30,2.5471,0.004021
2009-12-31,2.5516,0.001767
2010-01-04,2.5404,-0.004389
2010-01-05,2.5425,0.000827
2010-01-06,2.5394,-0.001219
2010-01-07,2.5164,-0.009057
2010-01-08,2.5149,-0.000596
2010-01-11,2.5045,-0.004135
2010-01-12,2.5259,0.008545
2010-01-13,2.5053,-0.008156
2010-01-14,2.5256,0.008103
2010-01-15,2.5314,0.002296
2010-01-18,2.5402,0.003476
2010-01-19,2.5376,-0.001024
2010-01-20,2.4996,-0.014975
2010-01-21,2.5024,0.00112
2010-01-22,2.486,-0.006554
2010-01-25,2.4762,-0.003942
2010-01-26,2.4503,-0.01046
2010-01-27,2.4407,-0.003918
2010-01-28,2.4525,0.004835
2010-01-29,2.4603,0.00318
2010-02-01,2.4499,-0.004227
2010-02-02,2.4414,-0.00347
2010-02-03,2.4527,0.004628
2010-02-04,2.4547,0.000815
2010-02-05,2.4362,-0.007537
2010-02-08,2.4334,-0.001149
2010-02-09,2.4348,0.000575
2010-02-10,2.4504,0.006407
2010-02-11,2.4541,0.00151
2010-02-12,2.4653,0.004564
2010-02-22,2.4615,-0.001541
2010-02-23,2.4635,0.000813
2010-02-24,2.4828,0.007834
2010-02-25,2.4944,0.004672
2010-02-26,2.4923,-0.000842
2010-03-01,2.4978,0.002207
2010-03-02,2.4948,-0.001201
2010-03-03,2.5024,0.003046
2010-03-04,2.4762,-0.01047
2010-03-05,2.4779,0.000687
2010-03-08,2.4859,0.003229
2010-03-09,2.4892,0.001327
2010-03-10,2.4792,-0.004017
2010-03-11,2.4745,-0.001896
2010-03-12,2.4613,-0.005334
2010-03-15,2.4458,-0.006297
2010-03-16,2.4504,0.001881
2010-03-17,2.4738,0.009549
2010-03-18,2.4696,-0.001698
2010-03-19,2.4737,0.00166
2010-03-22,2.4781,0.001779
2010-03-23,2.4756,-0.001009
2010-03-24,2.4802,0.001858
2010-03-25,2.4661,-0.005685
2010-03-26,2.475,0.003609
2010-03-29,2.4916,0.006707
2010-03-30,2.4952,0.001445
2010-03-31,2.4933,-0.000761
2010-04-01,2.5072,0.005575
2010-04-02,2.5109,0.001476
2010-04-06,2.5062,-0.001872
2010-04-07,2.5081,0.000758
2010-04-08,2.503,-0.002033
2010-04-09,2.5204,0.006952
2010-04-12,2.5169,-0.001389
2010-04-13,2.5171,7.9e-05
2010-04-14,2.5262,0.003615
2010-04-15,2.5159,-0.004077
2010-04-16,2.5097,-0.002464
2010-04-19,2.4688,-0.016297
2010-04-20,2.4789,0.004091
2010-04-21,2.5025,0.00952
2010-04-22,2.4975,-0.001998
2010-04-23,2.4904,-0.002843
2010-04-26,2.4857,-0.001887
2010-04-27,2.4638,-0.00881
2010-04-28,2.4585,-0.002151
2010-04-29,2.4331,-0.010332
2010-04-30,2.4192,-0.005713
2010-05-04,2.4147,-0.00186
2010-05-05,2.4281,0.005549
2010-05-06,2.3953,-0.013509
2010-05-07,2.3769,-0.007682
2010-05-10,2.3709,-0.002524
2010-05-11,2.3526,-0.007719
2010-05-12,2.3497,-0.001233
2010-05-13,2.3698,0.008554
2010-05-14,2.3721,0.000971
2010-05-17,2.3323,-0.016778
2010-05-18,2.3434,0.004759
2010-05-19,2.3459,0.001067
2010-05-20,2.3369,-0.003836
2010-05-21,2.3494,0.005349
2010-05-24,2.3774,0.011918
2010-05-25,2.3699,-0.003155
2010-05-26,2.3672,-0.001139
2010-05-27,2.3796,0.005238
2010-05-28,2.3824,0.001177
2010-05-31,2.3666,-0.006632
2010-06-01,2.3581,-0.003592
2010-06-02,2.3595,0.000594
2010-06-03,2.3564,-0.001314
2010-06-04,2.3617,0.002249
2010-06-07,2.3596,-0.000889
2010-06-08,2.3635,0.001653
2010-06-09,2.3808,0.00732
2010-06-10,2.3781,-0.001134
2010-06-11,2.3767,-0.000589
2010-06-17,2.3594,-0.007279
2010-06-18,2.3386,-0.008816
2010-06-21,2.3559,0.007398
2010-06-22,2.3567,0.00034
2010-06-23,2.3503,-0.002716
2010-06-24,2.3498,-0.000213
2010-06-25,2.3391,-0.004554
2010-06-28,2.3294,-0.004147
2010-06-29,2.2998,-0.012707
2010-06-30,2.2968,-0.001304
2010-07-01,2.2833,-0.005878
2010-07-02,2.2785,-0.002102
2010-07-05,2.2745,-0.001756
2010-07-06,2.2918,0.007606
2010-07-07,2.3004,0.003753
2010-07-08,2.2977,-0.001174
2010-07-09,2.3189,0.009227
2010-07-12,2.3237,0.00207
2010-07-13,2.3148,-0.00383
2010-07-14,2.3174,0.001123
2010-07-15,2.3078,-0.004143
2010-07-16,2.3112,0.001473
2010-07-19,2.3283,0.007399
2010-07-20,2.3457,0.007473
2010-07-21,2.3458,4.3e-05
2010-07-22,2.3557,0.00422
2010-07-23,2.3606,0.00208
2010-07-26,2.368,0.003135
2010-07-27,2.3664,-0.000676
2010-07-28,2.3818,0.006508
2010-07-29,2.3791,-0.001134
2010-07-30,2.3768,-0.000967
2010-08-02,2.3937,0.00711
2010-08-03,2.3818,-0.004971
2010-08-04,2.3865,0.001973
2010-08-05,2.3887,0.000922
2010-08-06,2.4009,0.005107
2010-08-09,2.4107,0.004082
2010-08-10,2.3855,-0.010453
2010-08-11,2.3924,0.002892
2010-08-12,2.3841,-0.003469
2010-08-13,2.3966,0.005243
2010-08-16,2.4145,0.007469
2010-08-17,2.4211,0.002733
2010-08-18,2.4188,-0.00095
2010-08-19,2.4187,-4.1e-05
2010-08-20,2.3976,-0.008724
2010-08-23,2.4,0.001001
2010-08-24,2.4073,0.003042
2010-08-25,2.392,-0.006356
2010-08-26,2.3948,0.001171
2010-08-27,2.3998,0.002088
2010-08-30,2.4227,0.009542
2010-08-31,2.4252,0.001032
2010-09-01,2.4159,-0.003835
2010-09-02,2.4331,0.007119
2010-09-03,2.4417,0.003535
2010-09-06,2.4495,0.003194
2010-09-07,2.4506,0.000449
2010-09-08,2.4563,0.002326
2010-09-09,2.4421,-0.005781
2010-09-10,2.4548,0.0052
2010-09-13,2.4675,0.005174
2010-09-14,2.4728,0.002148
2010-09-15,2.4518,-0.008492
2010-09-16,2.428,-0.009707
2010-09-17,2.4343,0.002595
2010-09-20,2.4283,-0.002465
2010-09-21,2.4314,0.001277
2010-09-27,2.4536,0.009131
2010-09-28,2.455,0.000571
2010-09-29,2.4428,-0.004969
2010-09-30,2.4602,0.007123
2010-10-08,2.4901,0.012153
2010-10-11,2.4858,-0.001727
2010-10-12,2.4873,0.000603
2010-10-13,2.4963,0.003618
2010-10-14,2.4748,-0.008613
2010-10-15,2.4821,0.00295
2010-10-18,2.4673,-0.005963
2010-10-19,2.5009,0.013618
2010-10-20,2.5144,0.005398
2010-10-21,2.5121,-0.000915
2010-10-22,2.5266,0.005772
2010-10-25,2.5574,0.01219
2010-10-26,2.5536,-0.001486
2010-10-27,2.5335,-0.007871
2010-10-28,2.5332,-0.000118
2010-10-29,2.5505,0.006829
2010-11-01,2.5859,0.01388
2010-11-02,2.5801,-0.002243
2010-11-03,2.5614,-0.007248
2010-11-04,2.5884,0.010541
2010-11-05,2.6013,0.004984
2010-11-08,2.6142,0.004959
2010-11-09,2.6221,0.003022
2010-11-10,2.6253,0.00122
2010-11-11,2.6196,-0.002171
2010-11-12,2.5543,-0.024927
2010-11-15,2.5911,0.014407
2010-11-16,2.5513,-0.01536
2010-11-17,2.5078,-0.01705
2010-11-18,2.5267,0.007536
2010-11-19,2.5637,0.014644
2010-11-22,2.5753,0.004525
2010-11-23,2.5611,-0.005514
2010-11-24,2.5963,0.013744
2010-11-25,2.5954,-0.000347
2010-11-26,2.5867,-0.003352
2010-11-29,2.5903,0.001392
2010-11-30,2.5651,-0.009729
2010-12-01,2.5574,-0.003002
2010-12-02,2.5623,0.001916
2010-12-03,2.5556,-0.002615
2010-12-06,2.5493,-0.002465
2010-12-07,2.5785,0.011454
2010-12-08,2.5821,0.001396
2010-12-09,2.5651,-0.006584
2010-12-10,2.5832,0.007056
2010-12-13,2.6174,0.013239
2010-12-14,2.6212,0.001452
2010-12-15,2.6146,-0.002518
2010-12-16,2.6113,-0.001262
2010-12-17,2.6121,0.000306
2010-12-20,2.5961,-0.006125
2010-12-21,2.6001,0.001541
2010-12-22,2.5909,-0.003538
2010-12-23,2.5698,-0.008144
2010-12-24,2.5525,-0.006732
2010-12-27,2.5267,-0.010108
2010-12-28,2.5066,-0.007955
2010-12-29,2.5298,0.009256
2010-12-30,2.5435,0.005415
2010-12-31,2.5725,0.011402
2011-01-04,2.5829,0.004043
2011-01-05,2.5781,-0.001858
2011-01-06,2.5702,-0.003064
2011-01-07,2.5628,-0.002879
2011-01-10,2.5261,-0.01432
2011-01-11,2.5128,-0.005265
2011-01-12,2.5123,-0.000199
2011-01-13,2.5147,0.000955
2011-01-14,2.4984,-0.006482
2011-01-17,2.4562,-0.016891
2011-01-18,2.4589,0.001099
2011-01-19,2.4888,0.01216
2011-01-20,2.4492,-0.015911
2011-01-21,2.4478,-0.000572
2011-01-24,2.4188,-0.011847
2011-01-25,2.4108,-0.003307
2011-01-26,2.4263,0.006429
2011-01-27,2.4498,0.009686
2011-01-28,2.4608,0.00449
2011-01-31,2.4751,0.005811
2011-02-01,2.4779,0.001131
2011-02-09,2.4655,-0.005004
2011-02-10,2.4923,0.01087
2011-02-11,2.5031,0.004333
2011-02-14,2.5229,0.00791
2011-02-15,2.5247,0.000713
2011-02-16,2.5394,0.005822
2011-02-17,2.5444,0.001969
2011-02-18,2.5319,-0.004913
2011-02-21,2.5507,0.007425
2011-02-22,2.522,-0.011252
2011-02-23,2.5289,0.002736
2011-02-24,2.5321,0.001265
2011-02-25,2.5373,0.002054
2011-02-28,2.5493,0.004729
2011-03-01,2.5517,0.000941
2011-03-02,2.5433,-0.003292
2011-03-03,2.5188,-0.009633
2011-03-04,2.5276,0.003494
2011-03-07,2.5391,0.00455
2011-03-08,2.5393,7.9e-05
2011-03-09,2.5445,0.002048
2011-03-10,2.5376,-0.002712
2011-03-11,2.5343,-0.0013
2011-03-14,2.5471,0.005051
2011-03-15,2.5272,-0.007813
2011-03-16,2.5428,0.006173
2011-03-17,2.5201,-0.008927
2011-03-18,2.5234,0.001309
2011-03-21,2.5057,-0.007014
2011-03-22,2.5078,0.000838
2011-03-23,2.5222,0.005742
2011-03-24,2.5216,-0.000238
2011-03-25,2.5294,0.003093
2011-03-28,2.517,-0.004902
2011-03-29,2.4959,-0.008383
2011-03-30,2.4878,-0.003245
2011-03-31,2.4805,-0.002934
2011-04-01,2.493,0.005039
2011-04-06,2.4911,-0.000762
2011-04-07,2.4979,0.00273
2011-04-08,2.5115,0.005445
2011-04-11,2.5022,-0.003703
2011-04-12,2.4992,-0.001199
2011-04-13,2.5115,0.004922
2011-04-14,2.5092,-0.000916
2011-04-15,2.5129,0.001475
2011-04-18,2.5128,-4e-05
2011-04-19,2.4959,-0.006726
2011-04-20,2.5024,0.002604
2011-04-21,2.5034,0.0004
2011-04-22,2.4976,-0.002317
2011-04-25,2.4781,-0.007807
2011-04-26,2.4668,-0.00456
2011-04-27,2.4539,-0.005229
2011-04-28,2.43,-0.00974
2011-04-29,2.4472,0.007078
2011-05-03,2.4683,0.008622
2011-05-04,2.4472,-0.008548
2011-05-05,2.4489,0.000695
2011-05-06,2.4601,0.004573
2011-05-09,2.4618,0.000691
2011-05-10,2.4732,0.004631
2011-05-11,2.4705,-0.001092
2011-05-12,2.4569,-0.005505
2011-05-13,2.4586,0.000692
2011-05-16,2.452,-0.002684
2011-05-17,2.447,-0.002039
2011-05-18,2.4576,0.004332
2011-05-19,2.4551,-0.001017
2011-05-20,2.4513,-0.001548
2011-05-23,2.4178,-0.013666
2011-05-24,2.4172,-0.000248
2011-05-25,2.4058,-0.004716
2011-05-26,2.3971,-0.003616
2011-05-27,2.3869,-0.004255
2011-05-30,2.3812,-0.002388
2011-05-31,2.3997,0.007769
2011-06-01,2.406,0.002625
2011-06-02,2.3987,-0.003034
2011-06-03,2.4091,0.004336
2011-06-07,2.4141,0.002075
2011-06-08,2.4148,0.00029
2011-06-09,2.3938,-0.008696
2011-06-10,2.4001,0.002632
2011-06-13,2.4001,0.0
2011-06-14,2.4144,0.005958
2011-06-15,2.4056,-0.003645
2011-06-16,2.3906,-0.006235
2011-06-17,2.3817,-0.003723
2011-06-20,2.373,-0.003653
2011-06-21,2.3818,0.003708
2011-06-22,2.3823,0.00021
2011-06-23,2.4014,0.008017
2011-06-24,2.418,0.006913
2011-06-27,2.4236,0.002316
2011-06-28,2.4239,0.000124
2011-06-29,2.4127,-0.004621
2011-06-30,2.4273,0.006051
2011-07-01,2.4284,0.000453
2011-07-04,2.4509,0.009265
2011-07-05,2.4621,0.00457
2011-07-06,2.4636,0.000609
2011-07-07,2.4609,-0.001096
2011-07-08,2.4526,-0.003373
2011-07-11,2.4618,0.003751
2011-07-12,2.4498,-0.004874
2011-07-13,2.4669,0.00698
2011-07-14,2.4727,0.002351
2011-07-15,2.4783,0.002265
2011-07-18,2.4719,-0.002582
2011-07-19,2.4606,-0.004571
2011-07-20,2.4578,-0.001138
2011-07-21,2.4497,-0.003296
2011-07-22,2.4542,0.001837
2011-07-25,2.4204,-0.013772
2011-07-26,2.4216,0.000496
2011-07-27,2.4346,0.005368
2011-07-28,2.4222,-0.005093
2011-07-29,2.4124,-0.004046
2011-08-01,2.4127,0.000124
2011-08-02,2.4065,-0.00257
2011-08-03,2.4116,0.002119
2011-08-04,2.4226,0.004561
2011-08-05,2.4111,-0.004747
2011-08-08,2.373,-0.015802
2011-08-09,2.3756,0.001096
2011-08-10,2.3911,0.006525
2011-08-11,2.405,0.005813
2011-08-12,2.4097,0.001954
2011-08-15,2.4236,0.005768
2011-08-16,2.4148,-0.003631
2011-08-17,2.4062,-0.003561
2011-08-18,2.3854,-0.008644
2011-08-19,2.3718,-0.005701
2011-08-22,2.3526,-0.008095
2011-08-23,2.3679,0.006503
2011-08-24,2.3647,-0.001351
2011-08-25,2.3841,0.008204
2011-08-26,2.385,0.000378
2011-08-29,2.3715,-0.00566
2011-08-30,2.3632,-0.0035
2011-08-31,2.3568,-0.002708
2011-09-01,2.3504,-0.002716
2011-09-02,2.3427,-0.003276
2011-09-05,2.318,-0.010543
2011-09-06,2.3077,-0.004443
2011-09-07,2.3261,0.007973
2011-09-08,2.3176,-0.003654
2011-09-09,2.3085,-0.003926
2011-09-13,2.297,-0.004982
2011-09-14,2.2994,0.001045
2011-09-15,2.2994,0.0
2011-09-16,2.2992,-8.7e-05
2011-09-19,2.2858,-0.005828
2011-09-20,2.2871,0.000569
2011-09-21,2.306,0.008264
2011-09-22,2.2859,-0.008716
2011-09-23,2.2812,-0.002056
2011-09-26,2.2716,-0.004208
2011-09-27,2.2755,0.001717
2011-09-28,2.2669,-0.003779
2011-09-29,2.2522,-0.006485
2011-09-30,2.251,-0.000533
2011-10-10,2.2478,-0.001422
2011-10-11,2.2442,-0.001602
2011-10-12,2.2651,0.009313
2011-10-13,2.2756,0.004636
2011-10-14,2.272,-0.001582
2011-10-17,2.2745,0.0011
2011-10-18,2.2576,-0.00743
2011-10-19,2.2536,-0.001772
2011-10-20,2.2356,-0.007987
2011-10-21,2.2281,-0.003355
2011-10-24,2.2408,0.0057
2011-10-25,2.2574,0.007408
2011-10-26,2.2655,0.003588
2011-10-27,2.2627,-0.001236
2011-10-28,2.2723,0.004243
2011-10-31,2.2734,0.000484
2011-11-01,2.2746,0.000528
2011-11-02,2.292,0.00765
2011-11-03,2.2972,0.002269
2011-11-04,2.2994,0.000958
2011-11-07,2.297,-0.001044
2011-11-08,2.2913,-0.002481
2011-11-09,2.3,0.003797
2011-11-10,2.2956,-0.001913
2011-11-11,2.2937,-0.000828
2011-11-14,2.3079,0.006191
2011-11-15,2.3074,-0.000217
2011-11-16,2.288,-0.008408
2011-11-17,2.2867,-0.000568
2011-11-18,2.27,-0.007303
2011-11-21,2.2707,0.000308
2011-11-22,2.2698,-0.000396
2011-11-23,2.2678,-0.000881
2011-11-24,2.2714,0.001587
2011-11-25,2.2676,-0.001673
2011-11-28,2.2721,0.001984
2011-11-29,2.2798,0.003389
2011-11-30,2.2594,-0.008948
2011-12-01,2.272,0.005577
2011-12-02,2.2613,-0.00471
2011-12-05,2.246,-0.006766
2011-12-06,2.2454,-0.000267
2011-12-07,2.248,0.001158
2011-12-08,2.2469,-0.000489
2011-12-09,2.242,-0.002181
2011-12-12,2.2366,-0.002409
2011-12-13,2.2215,-0.006751
2011-12-14,2.215,-0.002926
2011-12-15,2.2067,-0.003747
2011-12-16,2.2204,0.006208
2011-12-19,2.2232,0.001261
2011-12-20,2.2206,-0.001169
2011-12-21,2.2104,-0.004593
2011-12-22,2.2089,-0.000679
2011-12-23,2.2111,0.000996
2011-12-26,2.2028,-0.003754
2011-12-27,2.188,-0.006719
2011-12-28,2.184,-0.001828
2011-12-29,2.1851,0.000504
2011-12-30,2.1973,0.005583
2011-12-31,2.1972,-4.6e-05
2012-01-04,2.18,-0.007828
2012-01-05,2.1605,-0.008945
2012-01-06,2.1594,-0.000509
2012-01-09,2.1782,0.008706
2012-01-10,2.1971,0.008677
2012-01-11,2.1948,-0.001047
2012-01-12,2.1923,-0.001139
2012-01-13,2.1725,-0.009032
2012-01-16,2.1519,-0.009482
2012-01-17,2.1761,0.011246
2012-01-18,2.1541,-0.01011
2012-01-19,2.1654,0.005246
2012-01-20,2.1825,0.007897
2012-01-30,2.1715,-0.00504
2012-01-31,2.1723,0.000368
2012-02-01,2.1677,-0.002118
2012-02-02,2.18,0.005674
2012-02-03,2.1893,0.004266
2012-02-06,2.1894,4.6e-05
2012-02-07,2.1766,-0.005846
2012-02-08,2.1921,0.007121
2012-02-09,2.1959,0.001733
2012-02-10,2.1982,0.001047
2012-02-13,2.1982,0.0
2012-02-14,2.1979,-0.000136
2012-02-15,2.2046,0.003048
2012-02-16,2.202,-0.001179
2012-02-17,2.2003,-0.000772
2012-02-20,2.2035,0.001454
2012-02-21,2.2087,0.00236
2012-02-22,2.2218,0.005931
2012-02-23,2.2225,0.000315
2012-02-24,2.2338,0.005084
2012-02-27,2.2365,0.001209
2012-02-28,2.231,-0.002459
2012-02-29,2.2173,-0.006141
2012-03-01,2.2202,0.001308
2012-03-02,2.2348,0.006576
2012-03-05,2.2284,-0.002864
2012-03-06,2.2187,-0.004353
2012-03-07,2.2169,-0.000811
2012-03-08,2.2249,0.003609
2012-03-09,2.2312,0.002832
2012-03-12,2.2332,0.000896
2012-03-13,2.243,0.004388
2012-03-14,2.2192,-0.010611
2012-03-15,2.2192,0.0
2012-03-16,2.2329,0.006173
2012-03-19,2.234,0.000493
2012-03-20,2.2187,-0.006849
2012-03-21,2.2141,-0.002073
2012-03-22,2.2162,0.000948
2012-03-23,2.2062,-0.004512
2012-03-26,2.207,0.000363
2012-03-27,2.2005,-0.002945
2012-03-28,2.1818,-0.008498
2012-03-29,2.1807,-0.000504
2012-03-30,2.1828,0.000963
2012-03-31,2.1828,0.0
2012-04-05,2.1974,0.006689
2012-04-06,2.2012,0.001729
2012-04-09,2.1931,-0.00368
2012-04-10,2.2001,0.003192
2012-04-11,2.2022,0.000955
2012-04-12,2.2165,0.006494
2012-04-13,2.2176,0.000496
2012-04-16,2.2175,-4.5e-05
2012-04-17,2.2051,-0.005592
2012-04-18,2.2223,0.0078
2012-04-19,2.2211,-0.00054
2012-04-20,2.2272,0.002746
2012-04-23,2.2227,-0.00202
2012-04-24,2.2214,-0.000585
2012-04-25,2.2279,0.002926
2012-04-26,2.2262,-0.000763
2012-04-27,2.2228,-0.001527
2012-05-02,2.2364,0.006118
2012-05-03,2.2395,0.001386
2012-05-04,2.2494,0.004421
2012-05-07,2.2516,0.000978
2012-05-08,2.2478,-0.001688
2012-05-09,2.239,-0.003915
2012-05-10,2.2406,0.000715
2012-05-11,2.2345,-0.002722
2012-05-14,2.2316,-0.001298
2012-05-15,2.2344,0.001255
2012-05-16,2.2227,-0.005236
2012-05-17,2.2308,0.003644
2012-05-18,2.2206,-0.004572
2012-05-21,2.2225,0.000856
2012-05-22,2.2341,0.005219
2012-05-23,2.2318,-0.001029
2012-05-24,2.2248,-0.003136
2012-05-25,2.2167,-0.003641
2012-05-28,2.2267,0.004511
2012-05-29,2.2369,0.004581
2012-05-30,2.2371,8.9e-05
2012-05-31,2.2374,0.000134
2012-06-01,2.2368,-0.000268
2012-06-04,2.2232,-0.00608
2012-06-05,2.2235,0.000135
2012-06-06,2.2251,0.00072
2012-06-07,2.2208,-0.001932
2012-06-08,2.2188,-0.000901
2012-06-11,2.2343,0.006986
2012-06-12,2.2362,0.00085
2012-06-13,2.2532,0.007602
2012-06-14,2.2516,-0.00071
2012-06-15,2.2493,-0.001021
2012-06-18,2.2566,0.003245
2012-06-19,2.2533,-0.001462
2012-06-20,2.2483,-0.002219
2012-06-21,2.2415,-0.003025
2012-06-25,2.2276,-0.006201
2012-06-26,2.2278,9e-05
2012-06-27,2.2384,0.004758
2012-06-28,2.2372,-0.000536
2012-06-29,2.2496,0.005543
2012-06-30,2.2495,-4.4e-05
2012-07-02,2.259,0.004223
2012-07-03,2.2588,-8.9e-05
2012-07-04,2.2514,-0.003276
2012-07-05,2.2428,-0.00382
2012-07-06,2.2574,0.00651
2012-07-09,2.2478,-0.004253
2012-07-10,2.2369,-0.004849
2012-07-11,2.2421,0.002325
2012-07-12,2.2533,0.004995
2012-07-13,2.248,-0.002352
2012-07-16,2.2239,-0.010721
2012-07-17,2.229,0.002293
2012-07-18,2.227,-0.000897
2012-07-19,2.2334,0.002874
2012-07-20,2.2262,-0.003224
2012-07-23,2.219,-0.003234
2012-07-24,2.2251,0.002749
2012-07-25,2.2218,-0.001483
2012-07-26,2.2158,-0.002701
2012-07-27,2.209,-0.003069
2012-07-30,2.1971,-0.005387
2012-07-31,2.1936,-0.001593
2012-08-01,2.2052,0.005288
2012-08-02,2.2033,-0.000862
2012-08-03,2.2126,0.004221
2012-08-06,2.2258,0.005966
2012-08-07,2.2276,0.000809
2012-08-08,2.2264,-0.000539
2012-08-09,2.2363,0.004447
2012-08-10,2.2344,-0.00085
2012-08-13,2.2168,-0.007877
2012-08-14,2.2176,0.000361
2012-08-15,2.2148,-0.001263
2012-08-16,2.2093,-0.002483
2012-08-17,2.2059,-0.001539
2012-08-20,2.2064,0.000227
2012-08-21,2.2153,0.004034
2012-08-22,2.2099,-0.002438
2012-08-23,2.2113,0.000634
2012-08-24,2.2017,-0.004341
2012-08-27,2.1869,-0.006722
2012-08-28,2.1883,0.00064
2012-08-29,2.1855,-0.00128
2012-08-30,2.1745,-0.005033
2012-08-31,2.1765,0.00092
2012-09-03,2.192,0.007122
2012-09-04,2.1873,-0.002144
2012-09-05,2.1911,0.001737
2012-09-06,2.1976,0.002967
2012-09-07,2.2191,0.009783
2012-09-10,2.2204,0.000586
2012-09-11,2.22,-0.00018
2012-09-12,2.2235,0.001577
2012-09-13,2.2164,-0.003193
2012-09-14,2.2142,-0.000993
2012-09-17,2.1981,-0.007271
2012-09-18,2.1975,-0.000273
2012-09-19,2.2028,0.002412
2012-09-20,2.1849,-0.008126
2012-09-21,2.1815,-0.001556
2012-09-24,2.188,0.00298
2012-09-25,2.1849,-0.001417
2012-09-26,2.1719,-0.00595
2012-09-27,2.1908,0.008702
2012-09-28,2.2049,0.006436
2012-09-30,2.2048,-4.5e-05
2012-10-08,2.1967,-0.003674
2012-10-09,2.2159,0.00874
2012-10-10,2.2198,0.00176
2012-10-11,2.2099,-0.00446
2012-10-12,2.2078,-0.00095
2012-10-15,2.2045,-0.001495
2012-10-16,2.2074,0.001315
2012-10-17,2.2056,-0.000815
2012-10-18,2.2178,0.005531
2012-10-19,2.2165,-0.000586
2012-10-22,2.2204,0.00176
2012-10-23,2.2087,-0.005269
2012-10-24,2.2045,-0.001902
2012-10-25,2.1965,-0.003629
2012-10-26,2.1853,-0.005099
2012-10-29,2.1845,-0.000366
2012-10-30,2.1876,0.001419
2012-10-31,2.1913,0.001691
2012-11-01,2.2029,0.005294
2012-11-02,2.2044,0.000681
2012-11-05,2.1988,-0.00254
2012-11-06,2.1938,-0.002274
2012-11-07,2.1926,-0.000547
2012-11-08,2.1792,-0.006111
2012-11-09,2.1762,-0.001377
2012-11-12,2.1793,0.001425
2012-11-13,2.1695,-0.004497
2012-11-14,2.1693,-9.2e-05
2012-11-15,2.1613,-0.003688
2012-11-16,2.1597,-0.00074
2012-11-19,2.1557,-0.001852
2012-11-20,2.1534,-0.001067
2012-11-21,2.1601,0.003111
2012-11-22,2.1536,-0.003009
2012-11-23,2.1569,0.001532
2012-11-26,2.1498,-0.003292
2012-11-27,2.1385,-0.005256
2012-11-28,2.1266,-0.005565
2012-11-29,2.1245,-0.000987
2012-11-30,2.134,0.004472
2012-12-03,2.1229,-0.005201
2012-12-04,2.1322,0.004381
2012-12-05,2.1507,0.008676
2012-12-06,2.15,-0.000325
2012-12-07,2.1601,0.004698
2012-12-10,2.1682,0.00375
2012-12-11,2.1626,-0.002583
2012-12-12,2.1633,0.000324
2012-12-13,2.1579,-0.002496
2012-12-14,2.1849,0.012512
2012-12-17,2.1814,-0.001602
2012-12-18,2.1756,-0.002659
2012-12-19,2.1779,0.001057
2012-12-20,2.181,0.001423
2012-12-21,2.1828,0.000825
2012-12-24,2.1866,0.001741
2012-12-25,2.2079,0.009741
2012-12-26,2.2151,0.003261
2012-12-27,2.2094,-0.002573
2012-12-28,2.2172,0.00353
2012-12-31,2.2274,0.0046
2013-01-04,2.2287,0.000584
2013-01-07,2.2309,0.000987
2013-01-08,2.2352,0.001927
2013-01-09,2.2386,0.001521
2013-01-10,2.2372,-0.000625
2013-01-11,2.2216,-0.006973
2013-01-14,2.2483,0.012018
2013-01-15,2.258,0.004314
2013-01-16,2.2514,-0.002923
2013-01-17,2.2442,-0.003198
2013-01-18,2.255,0.004812
2013-01-21,2.2563,0.000576
2013-01-22,2.2479,-0.003723
2013-01-23,2.2521,0.001868
2013-01-24,2.2397,-0.005506
2013-01-25,2.2375,-0.000982
2013-01-28,2.2583,0.009296
2013-01-29,2.2643,0.002657
2013-01-30,2.2654,0.000486
2013-01-31,2.2572,-0.00362
2013-02-01,2.2678,0.004696
2013-02-04,2.2595,-0.00366
2013-02-05,2.2731,0.006019
2013-02-06,2.2778,0.002068
2013-02-07,2.2788,0.000439
2013-02-08,2.2907,0.005222
2013-02-18,2.2871,-0.001572
2013-02-19,2.2644,-0.009925
2013-02-20,2.2774,0.005741
2013-02-21,2.2646,-0.00562
2013-02-22,2.2589,-0.002517
2013-02-25,2.2627,0.001682
2013-02-26,2.2487,-0.006187
2013-02-27,2.2546,0.002624
2013-02-28,2.2743,0.008738
2013-03-01,2.2747,0.000176
2013-03-04,2.2297,-0.019783
2013-03-05,2.2446,0.006683
2013-03-06,2.2552,0.004722
2013-03-07,2.2458,-0.004168
2013-03-08,2.2381,-0.003429
2013-03-11,2.2377,-0.000179
2013-03-12,2.2245,-0.005899
2013-03-13,2.2165,-0.003596
2013-03-14,2.2171,0.000271
2013-03-15,2.2136,-0.001579
2013-03-18,2.1984,-0.006867
2013-03-19,2.2042,0.002638
2013-03-20,2.2278,0.010707
2013-03-21,2.2298,0.000898
2013-03-22,2.2341,0.001928
2013-03-25,2.2309,-0.001432
2013-03-26,2.2273,-0.001614
2013-03-27,2.2289,0.000718
2013-03-28,2.2098,-0.008569
2013-03-29,2.2071,-0.001222
2013-04-01,2.2117,0.002084
2013-04-02,2.2097,-0.000904
2013-04-03,2.2046,-0.002308
2013-04-08,2.1994,-0.002359
2013-04-09,2.2084,0.004092
2013-04-10,2.2098,0.000634
2013-04-11,2.2097,-4.5e-05
2013-04-12,2.2048,-0.002217
2013-04-15,2.2005,-0.00195
2013-04-16,2.2178,0.007862
2013-04-17,2.2219,0.001849
2013-04-18,2.2232,0.000585
2013-04-19,2.241,0.008006
2013-04-22,2.2375,-0.001562
2013-04-23,2.2087,-0.012872
2013-04-24,2.225,0.00738
2013-04-25,2.2139,-0.004989
2013-04-26,2.2038,-0.004562
2013-05-02,2.2035,-0.000136
2013-05-03,2.2157,0.005537
2013-05-06,2.2272,0.00519
2013-05-07,2.2322,0.002245
2013-05-08,2.2377,0.002464
2013-05-09,2.2307,-0.003128
2013-05-10,2.2325,0.000807
2013-05-13,2.2327,9e-05
2013-05-14,2.2163,-0.007345
2013-05-15,2.2253,0.004061
2013-05-16,2.24,0.006606
2013-05-17,2.2578,0.007946
2013-05-20,2.2621,0.001905
2013-05-21,2.2695,0.003271
2013-05-22,2.2682,-0.000573
2013-05-23,2.2603,-0.003483
2013-05-24,2.2643,0.00177
2013-05-27,2.2703,0.00265
2013-05-28,2.2819,0.005109
2013-05-29,2.2855,0.001578
2013-05-30,2.2823,-0.0014
2013-05-31,2.2698,-0.005477
2013-06-03,2.2705,0.000308
2013-06-04,2.2541,-0.007223
2013-06-05,2.2553,0.000532
2013-06-06,2.2392,-0.007139
2013-06-07,2.223,-0.007235
2013-06-13,2.1935,-0.01327
2013-06-14,2.2032,0.004422
2013-06-17,2.1997,-0.001589
2013-06-18,2.2038,0.001864
2013-06-19,2.1968,-0.003176
2013-06-20,2.1728,-0.010925
2013-06-21,2.173,9.2e-05
2013-06-24,2.1238,-0.022642
2013-06-25,2.1205,-0.001554
2013-06-26,2.129,0.004008
2013-06-27,2.127,-0.000939
2013-06-28,2.1387,0.005501
2013-06-30,2.1386,-4.7e-05
2013-07-01,2.1431,0.002104
2013-07-02,2.1468,0.001726
2013-07-03,2.1419,-0.002282
2013-07-04,2.1498,0.003688
2013-07-05,2.1559,0.002837
2013-07-08,2.1356,-0.009416
2013-07-09,2.1289,-0.003137
2013-07-10,2.1502,0.010005
2013-07-11,2.1794,0.01358
2013-07-12,2.1642,-0.006974
2013-07-15,2.1765,0.005683
2013-07-16,2.1824,0.002711
2013-07-17,2.1725,-0.004536
2013-07-18,2.1645,-0.003682
2013-07-19,2.1427,-0.010072
2013-07-22,2.1462,0.001633
2013-07-23,2.168,0.010157
2013-07-24,2.1625,-0.002537
2013-07-25,2.1552,-0.003376
2013-07-26,2.1556,0.000186
2013-07-29,2.1417,-0.006448
2013-07-30,2.1419,9.3e-05
2013-07-31,2.1459,0.001868
2013-08-01,2.1684,0.010485
2013-08-02,2.1771,0.004012
2013-08-05,2.1917,0.006706
2013-08-06,2.1958,0.001871
2013-08-07,2.1943,-0.000683
2013-08-08,2.1906,-0.001686
2013-08-09,2.193,0.001096
2013-08-12,2.2127,0.008983
2013-08-13,2.2169,0.001898
2013-08-14,2.22,0.001398
2013-08-15,2.2089,-0.005
2013-08-16,2.1985,-0.004708
2013-08-19,2.2111,0.005731
2013-08-20,2.2014,-0.004387
2013-08-21,2.1986,-0.001272
2013-08-22,2.1966,-0.00091
2013-08-23,2.1949,-0.000774
2013-08-26,2.2115,0.007563
2013-08-27,2.2159,0.00199
2013-08-28,2.2036,-0.005551
2013-08-29,2.2003,-0.001498
2013-08-30,2.1951,-0.002363
2013-09-02,2.1937,-0.000638
2013-09-03,2.2091,0.00702
2013-09-04,2.2055,-0.00163
2013-09-05,2.2027,-0.00127
2013-09-06,2.2031,0.000182
2013-09-09,2.2173,0.006445
2013-09-10,2.2236,0.002841
2013-09-11,2.2284,0.002159
2013-09-12,2.2277,-0.000314
2013-09-13,2.2261,-0.000718
2013-09-16,2.225,-0.000494
2013-09-17,2.2082,-0.007551
2013-09-18,2.2081,-4.5e-05
2013-09-23,2.219,0.004936
2013-09-24,2.2115,-0.00338
2013-09-25,2.2072,-0.001944
2013-09-26,2.1913,-0.007204
2013-09-27,2.195,0.001688
2013-09-30,2.1973,0.001048
2013-10-08,2.2148,0.007964
2013-10-09,2.2214,0.00298
2013-10-10,2.2171,-0.001936
2013-10-11,2.2296,0.005638
2013-10-14,2.2371,0.003364
2013-10-15,2.2395,0.001073
2013-10-16,2.2154,-0.010761
2013-10-17,2.215,-0.000181
2013-10-18,2.218,0.001354
2013-10-21,2.2321,0.006357
2013-10-22,2.2231,-0.004032
2013-10-23,2.2098,-0.005983
2013-10-24,2.21,9.1e-05
2013-10-25,2.1941,-0.007195
2013-10-28,2.187,-0.003236
2013-10-29,2.1769,-0.004618
2013-10-30,2.1923,0.007074
2013-10-31,2.1873,-0.002281
2013-11-01,2.1912,0.001783
2013-11-04,2.1948,0.001643
2013-11-05,2.1976,0.001276
2013-11-06,2.1859,-0.005324
2013-11-07,2.175,-0.004987
2013-11-08,2.1618,-0.006069
2013-11-11,2.167,0.002405
2013-11-12,2.1732,0.002861
2013-11-13,2.1603,-0.005936
2013-11-14,2.1693,0.004166
2013-11-15,2.1843,0.006915
2013-11-18,2.2059,0.009889
2013-11-19,2.2052,-0.000317
2013-11-20,2.2088,0.001633
2013-11-21,2.1975,-0.005116
2013-11-22,2.1918,-0.002594
2013-11-25,2.1913,-0.000228
2013-11-26,2.191,-0.000137
2013-11-27,2.1981,0.003241
2013-11-28,2.2125,0.006551
2013-11-29,2.216,0.001582
2013-12-02,2.1931,-0.010334
2013-12-03,2.2065,0.00611
2013-12-04,2.224,0.007931
2013-12-05,2.2193,-0.002113
2013-12-06,2.2184,-0.000406
2013-12-09,2.2227,0.001938
2013-12-10,2.2251,0.00108
2013-12-11,2.2162,-0.004
2013-12-12,2.2208,0.002076
2013-12-13,2.2229,0.000946
2013-12-16,2.2125,-0.004679
2013-12-17,2.2091,-0.001537
2013-12-18,2.2093,9.1e-05
2013-12-19,2.2008,-0.003847
2013-12-20,2.1857,-0.006861
2013-12-23,2.1889,0.001464
2013-12-24,2.1944,0.002513
2013-12-25,2.2058,0.005195
2013-12-26,2.1902,-0.007072
2013-12-27,2.2081,0.008173
2013-12-30,2.2085,0.000181
2013-12-31,2.2168,0.003758
2014-01-02,2.2168,0.0
2014-01-03,2.209,-0.003519
2014-01-06,2.1858,-0.010502
2014-01-07,2.1884,0.001189
2014-01-08,2.1918,0.001554
2014-01-09,2.1794,-0.005657
2014-01-10,2.1672,-0.005598
2014-01-13,2.1617,-0.002538
2014-01-14,2.177,0.007078
2014-01-15,2.1835,0.002986
2014-01-16,2.1782,-0.002427
2014-01-17,2.1668,-0.005234
2014-01-20,2.1631,-0.001708
2014-01-21,2.1773,0.006565
2014-01-22,2.1949,0.008083
2014-01-23,2.2018,0.003144
2014-01-24,2.2104,0.003906
2014-01-27,2.2006,-0.004434
2014-01-28,2.1935,-0.003226
2014-01-29,2.204,0.004787
2014-01-30,2.1973,-0.00304
2014-02-07,2.2127,0.007009
2014-02-10,2.2372,0.011072
2014-02-11,2.2269,-0.004604
2014-02-12,2.2298,0.001302
2014-02-13,2.215,-0.006637
2014-02-14,2.2271,0.005463
2014-02-17,2.2408,0.006151
2014-02-18,2.2364,-0.001964
2014-02-19,2.2341,-0.001028
2014-02-20,2.2208,-0.005953
2014-02-21,2.2183,-0.001126
2014-02-24,2.2203,0.000902
2014-02-25,2.1905,-0.013422
2014-02-26,2.1898,-0.00032
2014-02-27,2.1741,-0.00717
2014-02-28,2.1828,0.004002
2014-03-03,2.2003,0.008017
2014-03-04,2.1958,-0.002045
2014-03-05,2.1837,-0.005511
2014-03-06,2.1806,-0.00142
2014-03-07,2.1827,0.000963
2014-03-10,2.1558,-0.012324
2014-03-11,2.1541,-0.000789
2014-03-12,2.1592,0.002368
2014-03-13,2.1703,0.005141
2014-03-14,2.1624,-0.00364
2014-03-17,2.184,0.009989
2014-03-18,2.1812,-0.001282
2014-03-19,2.163,-0.008344
2014-03-20,2.1376,-0.011743
2014-03-21,2.1455,0.003696
2014-03-24,2.1438,-0.000792
2014-03-25,2.1491,0.002472
2014-03-26,2.1564,0.003397
2014-03-27,2.1437,-0.005889
2014-03-28,2.1364,-0.003405
2014-03-31,2.1372,0.000374
2014-04-01,2.1458,0.004024
2014-04-02,2.1506,0.002237
2014-04-03,2.1519,0.000604
2014-04-04,2.1623,0.004833
2014-04-08,2.1701,0.003607
2014-04-09,2.1739,0.001751
2014-04-10,2.1818,0.003634
2014-04-11,2.1773,-0.002063
2014-04-14,2.1842,0.003169
2014-04-15,2.1773,-0.003159
2014-04-16,2.1762,-0.000505
2014-04-17,2.1784,0.001011
2014-04-18,2.18,0.000734
2014-04-21,2.1721,-0.003624
2014-04-22,2.162,-0.00465
2014-04-23,2.1517,-0.004764
2014-04-24,2.1449,-0.00316
2014-04-25,2.1327,-0.005688
2014-04-28,2.1184,-0.006705
2014-04-29,2.1293,0.005145
2014-04-30,2.1372,0.00371
2014-05-05,2.1405,0.001544
2014-05-06,2.1451,0.002149
2014-05-07,2.1297,-0.007179
2014-05-08,2.1229,-0.003193
2014-05-09,2.1115,-0.00537
2014-05-12,2.127,0.007341
2014-05-13,2.1264,-0.000282
2014-05-14,2.1316,0.002445
2014-05-15,2.1189,-0.005958
2014-05-16,2.1108,-0.003823
2014-05-19,2.1052,-0.002653
2014-05-20,2.1071,0.000903
2014-05-21,2.114,0.003275
2014-05-22,2.1182,0.001987
2014-05-23,2.1313,0.006184
2014-05-26,2.1429,0.005443
2014-05-27,2.143,4.7e-05
2014-05-28,2.1539,0.005086
2014-05-29,2.1456,-0.003853
2014-05-30,2.1457,4.7e-05
2014-06-03,2.1434,-0.001072
2014-06-04,2.136,-0.003452
2014-06-05,2.1484,0.005805
2014-06-06,2.1463,-0.000977
2014-06-09,2.14,-0.002935
2014-06-10,2.1551,0.007056
2014-06-11,2.1554,0.000139
2014-06-12,2.1514,-0.001856
2014-06-13,2.1619,0.004881
2014-06-16,2.1642,0.001064
2014-06-17,2.152,-0.005637
2014-06-18,2.1472,-0.00223
2014-06-19,2.1292,-0.008383
2014-06-20,2.1349,0.002677
2014-06-23,2.142,0.003326
2014-06-24,2.1462,0.001961
2014-06-25,2.1434,-0.001305
2014-06-26,2.1545,0.005179
2014-06-27,2.1593,0.002228
2014-06-30,2.1681,0.004075
2014-07-01,2.1632,-0.00226
2014-07-02,2.1679,0.002173
2014-07-03,2.1711,0.001476
2014-07-04,2.1691,-0.000921
2014-07-07,2.1648,-0.001982
2014-07-08,2.1726,0.003603
2014-07-09,2.1602,-0.005707
2014-07-10,2.1527,-0.003472
2014-07-11,2.164,0.005249
2014-07-14,2.1728,0.004067
2014-07-15,2.1641,-0.004004
2014-07-16,2.1587,-0.002495
2014-07-17,2.1538,-0.00227
2014-07-18,2.1575,0.001718
2014-07-21,2.1606,0.001437
2014-07-22,2.1688,0.003795
2014-07-23,2.1564,-0.005717
2014-07-24,2.1622,0.00269
2014-07-25,2.1653,0.001434
2014-07-28,2.1774,0.005588
2014-07-29,2.1848,0.003399
2014-07-30,2.1835,-0.000595
2014-07-31,2.1889,0.002473
2014-08-01,2.1793,-0.004386
2014-08-04,2.1886,0.004267
2014-08-05,2.1927,0.001873
2014-08-06,2.2005,0.003557
2014-08-07,2.1919,-0.003908
2014-08-08,2.1991,0.003285
2014-08-11,2.2118,0.005775
2014-08-12,2.2196,0.003527
2014-08-13,2.2174,-0.000991
2014-08-14,2.2112,-0.002796
2014-08-15,2.2202,0.00407
2014-08-18,2.2243,0.001847
2014-08-19,2.2251,0.00036
2014-08-20,2.2163,-0.003955
2014-08-21,2.2186,0.001038
2014-08-22,2.223,0.001983
2014-08-25,2.2171,-0.002654
2014-08-26,2.203,-0.00636
2014-08-27,2.2034,0.000182
2014-08-28,2.1991,-0.001952
2014-08-29,2.209,0.004502
2014-09-01,2.2183,0.00421
2014-09-02,2.2241,0.002615
2014-09-03,2.234,0.004451
2014-09-04,2.2372,0.001432
2014-09-05,2.2428,0.002503
2014-09-09,2.2436,0.000357
2014-09-10,2.2433,-0.000134
2014-09-11,2.2421,-0.000535
2014-09-12,2.2503,0.003657
2014-09-15,2.2531,0.001244
2014-09-16,2.2276,-0.011318
2014-09-17,2.2309,0.001481
2014-09-18,2.2354,0.002017
2014-09-19,2.2431,0.003445
2014-09-22,2.2391,-0.001783
2014-09-23,2.2467,0.003394
2014-09-24,2.2529,0.00276
2014-09-25,2.2533,0.000178
2014-09-26,2.2534,4.4e-05
2014-09-29,2.2554,0.000888
2014-09-30,2.2569,0.000665
2014-10-08,2.2644,0.003323
2014-10-09,2.2675,0.001369
2014-10-10,2.2596,-0.003484
2014-10-13,2.2519,-0.003408
2014-10-14,2.2505,-0.000622
2014-10-15,2.2521,0.000711
2014-10-16,2.2403,-0.00524
2014-10-17,2.2374,-0.001294
2014-10-20,2.2477,0.004604
2014-10-21,2.2433,-0.001958
2014-10-22,2.2355,-0.003477
2014-10-23,2.2214,-0.006307
2014-10-24,2.2285,0.003196
2014-10-27,2.2354,0.003096
2014-10-28,2.2499,0.006487
2014-10-29,2.2588,0.003956
2014-10-30,2.2574,-0.00062
2014-10-31,2.2516,-0.002569
2014-11-03,2.2535,0.000844
2014-11-04,2.2553,0.000799
2014-11-05,2.2522,-0.001375
2014-11-06,2.2607,0.003774
2014-11-07,2.2604,-0.000133
2014-11-10,2.2688,0.003716
2014-11-11,2.2505,-0.008066
2014-11-12,2.2597,0.004088
2014-11-13,2.2463,-0.00593
2014-11-14,2.2465,8.9e-05
2014-11-17,2.2533,0.003027
2014-11-18,2.2497,-0.001598
2014-11-19,2.2499,8.9e-05
2014-11-20,2.2511,0.000533
2014-11-21,2.2653,0.006308
2014-11-24,2.2835,0.008034
2014-11-25,2.291,0.003284
2014-11-26,2.3043,0.005805
2014-11-27,2.3164,0.005251
2014-11-28,2.3263,0.004274
2014-12-01,2.3179,-0.003611
2014-12-02,2.3434,0.011001
2014-12-03,2.3583,0.006358
2014-12-04,2.3902,0.013527
2014-12-05,2.3985,0.003473
2014-12-08,2.4325,0.014176
2014-12-09,2.3802,-0.021501
2014-12-10,2.41,0.01252
2014-12-11,2.4165,0.002697
2014-12-12,2.4214,0.002028
2014-12-15,2.4337,0.00508
2014-12-16,2.4574,0.009738
2014-12-17,2.4617,0.00175
2014-12-18,2.4439,-0.007231
2014-12-19,2.4345,-0.003846
2014-12-22,2.4037,-0.012651
2014-12-23,2.3896,-0.005866
2014-12-24,2.3842,-0.00226
2014-12-25,2.4088,0.010318
2014-12-26,2.4399,0.012911
2014-12-29,2.4329,-0.002869
2014-12-30,2.4168,-0.006618
2014-12-31,2.4395,0.009393
2015-01-05,2.4542,0.006026
2015-01-06,2.4569,0.0011
2015-01-07,2.4607,0.001547
2015-01-08,2.4422,-0.007518
2015-01-09,2.4409,-0.000532
2015-01-12,2.4446,0.001516
2015-01-13,2.457,0.005072
2015-01-14,2.4595,0.001018
2015-01-15,2.4769,0.007075
2015-01-16,2.4899,0.005248
2015-01-19,2.432,-0.023254
2015-01-20,2.4543,0.009169
2015-01-21,2.494,0.016176
2015-01-22,2.5071,0.005253
2015-01-23,2.5038,-0.001316
2015-01-26,2.5163,0.004992
2015-01-27,2.5127,-0.001431
2015-01-28,2.5053,-0.002945
2015-01-29,2.4964,-0.003552
2015-01-30,2.4846,-0.004727
2015-02-02,2.4806,-0.00161
2015-02-03,2.5037,0.009312
2015-02-04,2.5071,0.001358
2015-02-05,2.5046,-0.000997
2015-02-06,2.4723,-0.012896
2015-02-09,2.4617,-0.004288
2015-02-10,2.4851,0.009506
2015-02-11,2.5089,0.009577
2015-02-12,2.5129,0.001594
2015-02-13,2.5307,0.007083
2015-02-16,2.5451,0.00569
2015-02-17,2.5557,0.004165
2015-02-25,2.5421,-0.005321
2015-02-26,2.546,0.001534
2015-02-27,2.5521,0.002396
2015-03-02,2.572,0.007798
2015-03-03,2.553,-0.007387
2015-03-04,2.5563,0.001293
2015-03-05,2.5528,-0.001369
2015-03-06,2.5362,-0.006503
2015-03-09,2.5447,0.003351
2015-03-10,2.5516,0.002712
2015-03-11,2.5565,0.00192
2015-03-12,2.5522,-0.001682
2015-03-13,2.5717,0.00764
2015-03-16,2.6072,0.013804
2015-03-17,2.6178,0.004066
2015-03-18,2.6404,0.008633
2015-03-19,2.6514,0.004166
2015-03-20,2.6762,0.009354
2015-03-23,2.7315,0.020664
2015-03-24,2.7675,0.01318
2015-03-25,2.7801,0.004553
2015-03-26,2.7463,-0.012158
2015-03-27,2.7595,0.004806
2015-03-30,2.7642,0.001703
2015-03-31,2.7689,0.0017
2015-04-01,2.8005,0.011412
2015-04-02,2.8442,0.015604
2015-04-03,2.8678,0.008298
2015-04-07,2.9038,0.012553
2015-04-08,2.9101,0.00217
2015-04-09,2.9058,-0.001478
2015-04-10,2.9312,0.008741
2015-04-13,2.9601,0.009859
2015-04-14,2.9448,-0.005169
2015-04-15,2.8891,-0.018915
2015-04-16,2.9099,0.007199
2015-04-17,2.9264,0.00567
2015-04-20,2.8789,-0.016232
2015-04-21,2.9253,0.016117
2015-04-22,2.9632,0.012956
2015-04-23,2.9719,0.002936
2015-04-24,2.9686,-0.00111
2015-04-27,2.9839,0.005154
2015-04-28,2.9517,-0.010791
2015-04-29,2.9737,0.007453
2015-04-30,2.9791,0.001816
2015-05-04,2.9755,-0.001208
2015-05-05,2.9043,-0.023929
2015-05-06,2.9024,-0.000654
2015-05-07,2.904,0.000551
2015-05-08,2.9646,0.020868
2015-05-11,3.0204,0.018822
2015-05-12,3.0518,0.010396
2015-05-13,3.0666,0.00485
2015-05-14,3.0599,-0.002185
2015-05-15,3.0558,-0.00134
2015-05-18,3.0765,0.006774
2015-05-19,3.1242,0.015505
2015-05-20,3.1742,0.016004
2015-05-21,3.23,0.017579
2015-05-22,3.2546,0.007616
2015-05-25,3.2921,0.011522
2015-05-26,3.3497,0.017496
2015-05-27,3.359,0.002776
2015-05-28,3.262,-0.028878
2015-05-29,3.2677,0.001747
2015-06-01,3.3494,0.025002
2015-06-02,3.4118,0.01863
2015-06-03,3.4078,-0.001172
2015-06-04,3.3929,-0.004372
2015-06-05,3.404,0.003272
2015-06-08,3.4221,0.005317
2015-06-09,3.4163,-0.001695
2015-06-10,3.495,0.023037
2015-06-11,3.5094,0.00412
2015-06-12,3.5222,0.003647
2015-06-15,3.4718,-0.014309
2015-06-16,3.3947,-0.022208
2015-06-17,3.4276,0.009692
2015-06-18,3.3646,-0.01838
2015-06-19,3.2503,-0.033971
2015-06-23,3.2999,0.01526
2015-06-24,3.3338,0.010273
2015-06-25,3.2617,-0.021627
2015-06-26,3.1165,-0.044517
2015-06-29,3.0549,-0.019766
2015-06-30,3.1456,0.02969
2015-07-01,3.0678,-0.024733
2015-07-02,2.9834,-0.027512
2015-07-03,2.9062,-0.025877
2015-07-06,2.9103,0.001411
2015-07-07,2.8204,-0.03089
2015-07-08,2.6938,-0.044887
2015-07-09,2.7618,0.025243
2015-07-10,2.8242,0.022594
2015-07-13,2.9099,0.030345
2015-07-14,2.9264,0.00567
2015-07-15,2.8367,-0.030652
2015-07-16,2.8618,0.008848
2015-07-17,2.9425,0.028199
2015-07-20,2.9829,0.01373
2015-07-21,3.0336,0.016997
2015-07-22,3.0303,-0.001088
2015-07-23,3.0895,0.019536
2015-07-24,3.0616,-0.009031
2015-07-27,2.9361,-0.040992
2015-07-28,2.8859,-0.017098
2015-07-29,2.9628,0.026647
2015-07-30,2.9097,-0.017922
2015-07-31,2.8854,-0.008351
2015-08-03,2.8404,-0.015596
2015-08-04,2.9237,0.029327
2015-08-05,2.8982,-0.008722
2015-08-06,2.8858,-0.004279
2015-08-07,2.9444,0.020306
2015-08-10,3.031,0.029412
2015-08-11,3.0465,0.005114
2015-08-12,3.0065,-0.01313
2015-08-13,3.0402,0.011209
2015-08-14,3.0463,0.002006
2015-08-17,3.0697,0.007681
2015-08-18,2.9298,-0.045574
2015-08-19,2.9461,0.005564
2015-08-20,2.8845,-0.020909
2015-08-21,2.7944,-0.031236
2015-08-24,2.6761,-0.042335
2015-08-25,2.5716,-0.039049
2015-08-26,2.5429,-0.01116
2015-08-27,2.6086,0.025837
2015-08-28,2.6823,0.028253
2015-08-31,2.6351,-0.017597
2015-09-01,2.5632,-0.027285
2015-09-02,2.5489,-0.005579
2015-09-07,2.5584,0.003727
2015-09-08,2.6225,0.025055
2015-09-09,2.6777,0.021049
2015-09-10,2.6543,-0.008739
2015-09-11,2.6637,0.003541
2015-09-14,2.5711,-0.034764
2015-09-15,2.497,-0.02882
2015-09-16,2.593,0.038446
2015-09-17,2.5752,-0.006865
2015-09-18,2.603,0.010795
2015-09-21,2.6656,0.024049
2015-09-22,2.6663,0.000263
2015-09-23,2.6484,-0.006713
2015-09-24,2.6656,0.006494
2015-09-25,2.6138,-0.019433
2015-09-28,2.646,0.012319
2015-09-29,2.6132,-0.012396
2015-09-30,2.6174,0.001607
2015-10-08,2.6761,0.022427
2015-10-09,2.7071,0.011584
2015-10-12,2.7752,0.025156
2015-10-13,2.8073,0.011567
2015-10-14,2.7863,-0.00748
2015-10-15,2.8326,0.016617
2015-10-16,2.8562,0.008332
2015-10-19,2.855,-0.00042
2015-10-20,2.8936,0.01352
2015-10-21,2.793,-0.034766
2015-10-22,2.8464,0.019119
2015-10-23,2.8883,0.01472
2015-10-26,2.9094,0.007305
2015-10-27,2.9145,0.001753
2015-10-28,2.8715,-0.014754
2015-10-29,2.8794,0.002751
2015-10-30,2.8763,-0.001077
2015-11-02,2.8458,-0.010604
2015-11-03,2.8346,-0.003936
2015-11-04,2.9239,0.031504
2015-11-05,2.9403,0.005609
2015-11-06,2.9892,0.016631
2015-11-09,3.0137,0.008196
2015-11-10,3.0143,0.000199
2015-11-11,3.038,0.007863
2015-11-12,3.033,-0.001646
2015-11-13,2.9944,-0.012727
2015-11-16,3.0238,0.009818
2015-11-17,3.0015,-0.007375
2015-11-18,2.9758,-0.008562
2015-11-19,3.0113,0.01193
2015-11-20,3.031,0.006542
2015-11-23,3.007,-0.007918
2015-11-24,3.025,0.005986
2015-11-25,3.0738,0.016132
2015-11-26,3.0808,0.002277
2015-11-27,2.982,-0.03207
2015-11-30,2.9873,0.001777
2015-12-01,2.9953,0.002678
2015-12-02,2.9987,0.001135
2015-12-03,3.0385,0.013272
2015-12-04,3.0268,-0.003851
2015-12-07,3.0447,0.005914
2015-12-08,3.0179,-0.008802
2015-12-09,3.0287,0.003579
2015-12-10,3.0326,0.001288
2015-12-11,3.0081,-0.008079
2015-12-14,3.0439,0.011901
2015-12-15,3.0617,0.005848
2015-12-16,3.0637,0.000653
2015-12-17,3.1048,0.013415
2015-12-18,3.1034,-0.000451
2015-12-21,3.1436,0.012954
2015-12-22,3.1535,0.003149
2015-12-23,3.1408,-0.004027
2015-12-24,3.125,-0.005031
2015-12-25,3.1376,0.004032
2015-12-28,3.0967,-0.013035
2015-12-29,3.1225,0.008331
2015-12-30,3.1297,0.002306
2015-12-31,3.1017,-0.008947
2016-01-04,2.9539,-0.047651
2016-01-05,2.9326,-0.007211
2016-01-06,2.9737,0.014015
2016-01-07,2.8376,-0.045768
2016-01-08,2.8532,0.005498
2016-01-11,2.7547,-0.034523
2016-01-12,2.7613,0.002396
2016-01-13,2.7224,-0.014088
2016-01-14,2.7715,0.018036
2016-01-15,2.7167,-0.019773
2016-01-18,2.7344,0.006515
2016-01-19,2.7854,0.018651
2016-01-20,2.7644,-0.007539
2016-01-21,2.7148,-0.017942
2016-01-22,2.7256,0.003978
2016-01-25,2.7402,0.005357
2016-01-26,2.6384,-0.037151
2016-01-27,2.6095,-0.010954
2016-01-28,2.5673,-0.016172
2016-01-29,2.6176,0.019593
2016-02-01,2.5977,-0.007602
2016-02-02,2.6436,0.017669
2016-02-03,2.65,0.002421
2016-02-04,2.6737,0.008943
2016-02-05,2.6568,-0.006321
2016-02-15,2.6572,0.000151
2016-02-16,2.7121,0.020661
2016-02-17,2.7224,0.003798
2016-02-18,2.7126,-0.0036
2016-02-19,2.7095,-0.001143
2016-02-22,2.7445,0.012918
2016-02-23,2.7348,-0.003534
2016-02-24,2.7424,0.002779
2016-02-25,2.6273,-0.041971
2016-02-26,2.6366,0.00354
2016-02-29,2.5736,-0.023894
2016-03-01,2.6076,0.013211
2016-03-02,2.6782,0.027075
2016-03-03,2.6846,0.00239
2016-03-04,2.6611,-0.008754
2016-03-07,2.6916,0.011461
2016-03-08,2.6968,0.001932
2016-03-09,2.6611,-0.013238
2016-03-10,2.6407,-0.007666
2016-03-11,2.6337,-0.002651
2016-03-14,2.6729,0.014884
2016-03-15,2.6706,-0.00086
2016-03-16,2.6561,-0.005429
2016-03-17,2.6958,0.014947
2016-03-18,2.7457,0.01851
2016-03-21,2.7804,0.012638
2016-03-22,2.7667,-0.004927
2016-03-23,2.7769,0.003687
2016-03-24,2.7578,-0.006878
2016-03-25,2.769,0.004061
2016-03-28,2.7639,-0.001842
2016-03-29,2.7384,-0.009226
2016-03-30,2.7871,0.017784
2016-03-31,2.7876,0.000179
2016-04-01,2.7832,-0.001578
2016-04-05,2.8231,0.014336
2016-04-06,2.8306,0.002657
2016-04-07,2.8053,-0.008938
2016-04-08,2.7917,-0.004848
2016-04-11,2.8316,0.014292
2016-04-12,2.8306,-0.000353
2016-04-13,2.857,0.009327
2016-04-14,2.8622,0.00182
2016-04-15,2.8539,-0.0029
2016-04-18,2.8228,-0.010897
2016-04-19,2.8262,0.001204
2016-04-20,2.7619,-0.022751
2016-04-21,2.7471,-0.005359
2016-04-22,2.7544,0.002657
2016-04-25,2.7485,-0.002142
2016-04-26,2.7588,0.003747
2016-04-27,2.7495,-0.003371
2016-04-28,2.7423,-0.002619
2016-04-29,2.7414,-0.000328
2016-05-03,2.7835,0.015357
2016-05-04,2.7891,0.002012
2016-05-05,2.7957,0.002366
2016-05-06,2.7448,-0.018207
2016-05-09,2.6903,-0.019856
2016-05-10,2.6941,0.001412
2016-05-11,2.7003,0.002301
2016-05-12,2.6978,-0.000926
2016-05-13,2.6971,-0.000259
2016-05-16,2.7206,0.008713
2016-05-17,2.7218,0.000441
2016-05-18,2.6906,-0.011463
2016-05-19,2.6949,0.001598
2016-05-20,2.7031,0.003043
2016-05-23,2.7189,0.005845
2016-05-24,2.7083,-0.003899
2016-05-25,2.7024,-0.002178
2016-05-26,2.7053,0.001073
2016-05-27,2.6993,-0.002218
2016-05-30,2.6988,-0.000185
2016-05-31,2.7529,0.020046
2016-06-01,2.7606,0.002797
2016-06-02,2.7642,0.001304
2016-06-03,2.7721,0.002858
2016-06-06,2.7756,0.001263
2016-06-07,2.7765,0.000324
2016-06-08,2.7707,-0.002089
2016-06-13,2.7272,-0.0157
2016-06-14,2.7249,-0.000843
2016-06-15,2.7672,0.015524
2016-06-16,2.7655,-0.000614
2016-06-17,2.7801,0.005279
2016-06-20,2.7863,0.00223
2016-06-21,2.7646,-0.007788
2016-06-22,2.7849,0.007343
2016-06-23,2.7786,-0.002262
2016-06-24,2.7555,-0.008314
2016-06-27,2.7814,0.009399
2016-06-28,2.7944,0.004674
2016-06-29,2.7937,-0.000251
2016-06-30,2.7896,-0.001468
2016-07-01,2.7874,-0.000789
2016-07-04,2.8143,0.009651
2016-07-05,2.8282,0.004939
2016-07-06,2.8336,0.001909
2016-07-07,2.8522,0.006564
2016-07-08,2.8442,-0.002805
2016-07-11,2.8435,-0.000246
2016-07-12,2.8861,0.014982
2016-07-13,2.8901,0.001386
2016-07-14,2.8883,-0.000623
2016-07-15,2.889,0.000242
2016-07-18,2.8787,-0.003565
2016-07-19,2.8732,-0.001911
2016-07-20,2.8731,-3.5e-05
2016-07-21,2.8764,0.001149
2016-07-22,2.8595,-0.005875
2016-07-25,2.8612,0.000595
2016-07-26,2.8799,0.006536
2016-07-27,2.8426,-0.012952
2016-07-28,2.8544,0.004151
2016-07-29,2.8518,-0.000911
2016-08-01,2.828,-0.008346
2016-08-02,2.8352,0.002546
2016-08-03,2.8469,0.004127
2016-08-04,2.8472,0.000105
2016-08-05,2.8442,-0.001054
2016-08-08,2.8576,0.004711
2016-08-09,2.8654,0.00273
2016-08-10,2.8536,-0.004118
2016-08-11,2.8374,-0.005677
2016-08-12,2.8603,0.008071
2016-08-15,2.8998,0.01381
2016-08-16,2.905,0.001793
2016-08-17,2.9008,-0.001446
2016-08-18,2.9049,0.001413
2016-08-19,2.8979,-0.00241
2016-08-22,2.8773,-0.007109
2016-08-23,2.8873,0.003475
2016-08-24,2.885,-0.000797
2016-08-25,2.8726,-0.004298
2016-08-26,2.8763,0.001288
2016-08-29,2.8762,-3.5e-05
2016-08-30,2.8724,-0.001321
2016-08-31,2.8731,0.000244
2016-09-01,2.859,-0.004908
2016-09-02,2.8575,-0.000525
2016-09-05,2.8554,-0.000735
2016-09-06,2.8712,0.005533
2016-09-07,2.8762,0.001741
2016-09-08,2.8754,-0.000278
2016-09-09,2.8669,-0.002956
2016-09-12,2.8359,-0.010813
2016-09-13,2.8428,0.002433
2016-09-14,2.8338,-0.003166
2016-09-19,2.8455,0.004129
2016-09-20,2.8423,-0.001125
2016-09-21,2.8459,0.001267
2016-09-22,2.8556,0.003408
2016-09-23,2.8493,-0.002206
2016-09-26,2.8188,-0.010704
2016-09-27,2.8265,0.002732
2016-09-28,2.823,-0.001238
2016-09-29,2.828,0.001771
2016-09-30,2.8299,0.000672
2016-10-10,2.848,0.006396
2016-10-11,2.8567,0.003055
2016-10-12,2.8611,0.00154
2016-10-13,2.8663,0.001817
2016-10-14,2.8629,-0.001186
2016-10-17,2.8546,-0.002899
2016-10-18,2.8782,0.008267
2016-10-19,2.881,0.000973
2016-10-20,2.8787,-0.000798
2016-10-21,2.8709,-0.00271
2016-10-24,2.8791,0.002856
2016-10-25,2.8815,0.000834
2016-10-26,2.8807,-0.000278
2016-10-27,2.8762,-0.001562
2016-10-28,2.8611,-0.00525
2016-10-31,2.8649,0.001328
2016-11-01,2.8788,0.004852
2016-11-02,2.863,-0.005488
2016-11-03,2.8707,0.002689
2016-11-04,2.8666,-0.001428
2016-11-07,2.8693,0.000942
2016-11-08,2.8773,0.002788
2016-11-09,2.8681,-0.003197
2016-11-10,2.8892,0.007357
2016-11-11,2.905,0.005469
2016-11-14,2.9158,0.003718
2016-11-15,2.9229,0.002435
2016-11-16,2.9223,-0.000205
2016-11-17,2.9253,0.001027
2016-11-18,2.9134,-0.004068
2016-11-21,2.9185,0.001751
2016-11-22,2.9304,0.004077
2016-11-23,2.9244,-0.002048
2016-11-24,2.9295,0.001744
2016-11-25,2.937,0.00256
2016-11-28,2.9457,0.002962
2016-11-29,2.938,-0.002614
2016-11-30,2.9262,-0.004016
2016-12-01,2.9357,0.003247
2016-12-02,2.912,-0.008073
2016-12-05,2.897,-0.005151
2016-12-06,2.9004,0.001174
2016-12-07,2.9202,0.006827
2016-12-08,2.914,-0.002123
2016-12-09,2.9171,0.001064
2016-12-12,2.8534,-0.021837
2016-12-13,2.8586,0.001822
2016-12-14,2.8508,-0.002729
2016-12-15,2.857,0.002175
2016-12-16,2.8624,0.00189
2016-12-19,2.8665,0.001432
2016-12-20,2.8631,-0.001186
2016-12-21,2.877,0.004855
2016-12-22,2.8739,-0.001078
2016-12-23,2.8603,-0.004732
2016-12-26,2.8667,0.002238
2016-12-27,2.8637,-0.001046
2016-12-28,2.8535,-0.003562
2016-12-29,2.8496,-0.001367
2016-12-30,2.8558,0.002176
2016-12-31,2.8557,-3.5e-05
2017-01-03,2.8708,0.005288
2017-01-04,2.8837,0.004494
2017-01-05,2.8861,0.000832
2017-01-06,2.8893,0.001109
2017-01-09,2.8951,0.002007
2017-01-10,2.8906,-0.001554
2017-01-11,2.8737,-0.005847
2017-01-12,2.8619,-0.004106
2017-01-13,2.8423,-0.006849
2017-01-16,2.8118,-0.010731
2017-01-17,2.8269,0.00537
2017-01-18,2.8267,-7.1e-05
2017-01-19,2.8214,-0.001875
2017-01-20,2.8325,0.003934
2017-01-23,2.8432,0.003778
2017-01-24,2.8373,-0.002075
2017-01-25,2.8407,0.001198
2017-01-26,2.8558,0.005316
2017-02-03,2.8477,-0.002836
2017-02-06,2.8572,0.003336
2017-02-07,2.8614,0.00147
2017-02-08,2.8663,0.001712
2017-02-09,2.8733,0.002442
2017-02-10,2.8819,0.002993
2017-02-13,2.8937,0.004095
2017-02-14,2.8931,-0.000207
2017-02-15,2.8768,-0.005634
2017-02-16,2.8905,0.004762
2017-02-17,2.8731,-0.00602
2017-02-20,2.9006,0.009572
2017-02-21,2.9165,0.005482
2017-02-22,2.9278,0.003875
2017-02-23,2.9223,-0.001879
2017-02-24,2.9263,0.001369
2017-02-27,2.9131,-0.004511
2017-02-28,2.9175,0.00151
2017-03-01,2.9213,0.001302
2017-03-02,2.9167,-0.001575
2017-03-03,2.9175,0.000274
2017-03-06,2.9273,0.003359
2017-03-07,2.9295,0.000752
2017-03-08,2.9285,-0.000341
2017-03-09,2.9091,-0.006625
2017-03-10,2.9047,-0.001512
2017-03-13,2.9168,0.004166
2017-03-14,2.91,-0.002331
2017-03-15,2.9126,0.000893
2017-03-16,2.9263,0.004704
2017-03-17,2.9174,-0.003041
2017-03-20,2.9222,0.001645
2017-03-21,2.931,0.003011
2017-03-22,2.9312,6.8e-05
2017-03-23,2.9378,0.002252
2017-03-24,2.9525,0.005004
2017-03-27,2.9447,-0.002642
2017-03-28,2.9395,-0.001766
2017-03-29,2.9464,0.002347
2017-03-30,2.9166,-0.010114
2017-03-31,2.9171,0.000171
2017-04-05,2.9413,0.008296
2017-04-06,2.9437,0.000816
2017-04-07,2.9406,-0.001053
2017-04-10,2.9311,-0.003231
2017-04-11,2.9423,0.003821
2017-04-12,2.9355,-0.002311
2017-04-13,2.9421,0.002248
2017-04-14,2.9131,-0.009857
2017-04-17,2.9009,-0.004188
2017-04-18,2.8888,-0.004171
2017-04-19,2.8701,-0.006473
2017-04-20,2.8713,0.000418
2017-04-21,2.8664,-0.001707
2017-04-24,2.8324,-0.011862
2017-04-25,2.8329,0.000177
2017-04-26,2.8206,-0.004342
2017-04-27,2.8247,0.001454
2017-04-28,2.8239,-0.000283
2017-05-02,2.8149,-0.003187
2017-05-03,2.8185,0.001279
2017-05-04,2.8115,-0.002484
2017-05-05,2.7884,-0.008216
2017-05-08,2.765,-0.008392
2017-05-09,2.7714,0.002315
2017-05-10,2.7429,-0.010284
2017-05-11,2.7394,-0.001276
2017-05-12,2.7462,0.002482
2017-05-15,2.7532,0.002549
2017-05-16,2.7758,0.008209
2017-05-17,2.7764,0.000216
2017-05-18,2.7728,-0.001297
2017-05-19,2.7702,-0.000938
2017-05-22,2.7517,-0.006678
2017-05-23,2.716,-0.012974
2017-05-24,2.7209,0.001804
2017-05-25,2.7346,0.005035
2017-05-26,2.7323,-0.000841
2017-05-31,2.7339,0.000586
2017-06-01,2.7087,-0.009218
2017-06-02,2.724,0.005648
2017-06-05,2.7322,0.00301
2017-06-06,2.7437,0.004209
2017-06-07,2.7685,0.009039
2017-06-08,2.7721,0.0013
2017-06-09,2.7689,-0.001154
2017-06-12,2.7542,-0.005309
2017-06-13,2.7755,0.007734
2017-06-14,2.7708,-0.001693
2017-06-15,2.7818,0.00397
2017-06-16,2.7797,-0.000755
2017-06-19,2.7882,0.003058
2017-06-20,2.7871,-0.000395
2017-06-21,2.7941,0.002512
2017-06-22,2.7742,-0.007122
2017-06-23,2.7803,0.002199
2017-06-26,2.8053,0.008992
2017-06-27,2.8055,7.1e-05
2017-06-28,2.7978,-0.002745
2017-06-29,2.8072,0.00336
2017-06-30,2.8087,0.000534
2017-07-03,2.8179,0.003276
2017-07-04,2.8112,-0.002378
2017-07-05,2.8222,0.003913
2017-07-06,2.8223,3.5e-05
2017-07-07,2.8279,0.001984
2017-07-10,2.8262,-0.000601
2017-07-11,2.8101,-0.005697
2017-07-12,2.8069,-0.001139
2017-07-13,2.8123,0.001924
2017-07-14,2.8058,-0.002311
2017-07-17,2.749,-0.020244
2017-07-18,2.7638,0.005384
2017-07-19,2.7949,0.011253
2017-07-20,2.8061,0.004007
2017-07-21,2.8071,0.000356
2017-07-24,2.8113,0.001496
2017-07-25,2.8037,-0.002703
2017-07-26,2.8061,0.000856
2017-07-27,2.8162,0.003599
2017-07-28,2.8224,0.002202
2017-07-31,2.8385,0.005704
2017-08-01,2.8345,-0.001409
2017-08-02,2.8222,-0.004339
2017-08-03,2.8292,0.00248
2017-08-04,2.8162,-0.004595
2017-08-07,2.8319,0.005575
2017-08-08,2.8343,0.000847
2017-08-09,2.8419,0.002681
2017-08-10,2.8333,-0.003026
2017-08-11,2.7991,-0.012071
2017-08-14,2.8247,0.009146
2017-08-15,2.8266,0.000673
2017-08-16,2.8267,3.5e-05
2017-08-17,2.8429,0.005731
2017-08-18,2.8396,-0.001161
2017-08-21,2.8485,0.003134
2017-08-22,2.8446,-0.001369
2017-08-23,2.8265,-0.006363
2017-08-24,2.8163,-0.003609
2017-08-25,2.8319,0.005539
2017-08-28,2.8398,0.00279
2017-08-29,2.8306,-0.00324
2017-08-30,2.8361,0.001943
2017-08-31,2.8329,-0.001128
2017-09-01,2.8408,0.002789
2017-09-04,2.8555,0.005175
2017-09-05,2.8487,-0.002381
2017-09-06,2.8583,0.00337
2017-09-07,2.845,-0.004653
2017-09-08,2.8543,0.003269
2017-09-11,2.8659,0.004064
2017-09-12,2.869,0.001082
2017-09-13,2.8812,0.004252
2017-09-14,2.8887,0.002603
2017-09-15,2.8826,-0.002112
2017-09-18,2.8891,0.002255
2017-09-19,2.8798,-0.003219
2017-09-20,2.8991,0.006702
2017-09-21,2.8841,-0.005174
2017-09-22,2.8749,-0.00319
2017-09-25,2.8606,-0.004974
2017-09-26,2.8698,0.003216
2017-09-27,2.8687,-0.000383
2017-09-28,2.8637,-0.001743
2017-09-29,2.867,0.001152
2017-10-09,2.8834,0.00572
2017-10-10,2.8995,0.005584
2017-10-11,2.903,0.001207
2017-10-12,2.8997,-0.001137
2017-10-13,2.9033,0.001242
2017-10-16,2.8796,-0.008163
2017-10-17,2.882,0.000833
2017-10-18,2.8822,6.9e-05
2017-10-19,2.8773,-0.0017
2017-10-20,2.8889,0.004032
2017-10-23,2.9037,0.005123
2017-10-24,2.903,-0.000241
2017-10-25,2.9123,0.003204
2017-10-26,2.9154,0.001064
2017-10-27,2.9095,-0.002024
2017-10-30,2.8841,-0.00873
2017-10-31,2.8975,0.004646
2017-11-01,2.8947,-0.000966
2017-11-02,2.8797,-0.005182
2017-11-03,2.8722,-0.002604
2017-11-06,2.8931,0.007277
2017-11-07,2.8966,0.00121
2017-11-08,2.8939,-0.000932
2017-11-09,2.8993,0.001866
2017-11-10,2.9033,0.00138
2017-11-13,2.9102,0.002377
2017-11-14,2.8882,-0.00756
2017-11-15,2.8752,-0.004501
2017-11-16,2.8832,0.002782
2017-11-17,2.8509,-0.011203
2017-11-20,2.8635,0.00442
2017-11-21,2.8741,0.003702
2017-11-22,2.8679,-0.002157
2017-11-23,2.8342,-0.011751
2017-11-24,2.8327,-0.000529
2017-11-27,2.8183,-0.005083
2017-11-28,2.8254,0.002519
2017-11-29,2.8337,0.002938
2017-11-30,2.8227,-0.003882
2017-12-01,2.8335,0.003826
2017-12-04,2.8246,-0.003141
2017-12-05,2.804,-0.007293
2017-12-06,2.8142,0.003638
2017-12-07,2.8107,-0.001244
2017-12-08,2.8163,0.001992
2017-12-11,2.8341,0.00632
2017-12-12,2.8209,-0.004658
2017-12-13,2.8295,0.003049
2017-12-14,2.829,-0.000177
2017-12-15,2.8264,-0.000919
2017-12-18,2.8187,-0.002724
2017-12-19,2.8363,0.006244
2017-12-20,2.8312,-0.001798
2017-12-21,2.8365,0.001872
2017-12-22,2.8347,-0.000635
2017-12-25,2.8249,-0.003457
2017-12-26,2.84,0.005345
2017-12-27,2.8334,-0.002324
2017-12-28,2.8474,0.004941
2017-12-29,2.8542,0.002388
2017-12-31,2.8541,-3.5e-05
2018-01-02,2.8724,0.006412
2018-01-03,2.8782,0.002019
2018-01-04,2.8868,0.002988
2018-01-05,2.8923,0.001905
2018-01-08,2.8979,0.001936
2018-01-09,2.8941,-0.001311
2018-01-10,2.8958,0.000587
2018-01-11,2.9041,0.002866
2018-01-12,2.8936,-0.003616
2018-01-15,2.8602,-0.011543
2018-01-16,2.8769,0.005839
2018-01-17,2.8609,-0.005562
2018-01-18,2.8613,0.00014
2018-01-19,2.8623,0.000349
2018-01-22,2.8782,0.005555
2018-01-23,2.8875,0.003231
2018-01-24,2.8985,0.00381
2018-01-25,2.9004,0.000656
2018-01-26,2.9037,0.001138
2018-01-29,2.8918,-0.004098
2018-01-30,2.8806,-0.003873
2018-01-31,2.8683,-0.00427
2018-02-01,2.8275,-0.014224
2018-02-02,2.8426,0.00534
2018-02-05,2.8384,-0.001478
2018-02-06,2.7709,-0.023781
2018-02-07,2.7681,-0.001011
2018-02-08,2.7568,-0.004082
2018-02-09,2.6971,-0.021656
2018-02-12,2.7248,0.01027
2018-02-13,2.7361,0.004147
2018-02-14,2.7437,0.002778
2018-02-22,2.7684,0.009002
2018-02-23,2.7693,0.000325
2018-02-26,2.7939,0.008883
2018-02-27,2.7924,-0.000537
2018-02-28,2.794,0.000573
2018-03-01,2.8087,0.005261
2018-03-02,2.8047,-0.001424
2018-03-05,2.8094,0.001676
2018-03-06,2.8255,0.005731
2018-03-07,2.8133,-0.004318
2018-03-08,2.834,0.007358
2018-03-09,2.8488,0.005222
2018-03-12,2.8614,0.004423
2018-03-13,2.8512,-0.003565
2018-03-14,2.8352,-0.005612
2018-03-15,2.8329,-0.000811
2018-03-16,2.826,-0.002436
2018-03-19,2.8336,0.002689
2018-03-20,2.8407,0.002506
2018-03-21,2.8338,-0.002429
2018-03-22,2.8256,-0.002894
2018-03-23,2.7719,-0.019005
2018-03-26,2.7859,0.005051
2018-03-27,2.8088,0.00822
2018-03-28,2.7923,-0.005874
2018-03-29,2.7991,0.002435
2018-03-30,2.8228,0.008467
2018-04-02,2.8208,-0.000709
2018-04-03,2.8114,-0.003332
2018-04-04,2.8109,-0.000178
2018-04-09,2.8126,0.000605
2018-04-10,2.8249,0.004373
2018-04-11,2.8389,0.004956
2018-04-12,2.8431,0.001479
2018-04-13,2.834,-0.003201
2018-04-16,2.8399,0.002082
2018-04-17,2.8159,-0.008451
2018-04-18,2.8269,0.003906
2018-04-19,2.8317,0.001698
2018-04-20,2.8016,-0.01063
2018-04-23,2.7891,-0.004462
2018-04-24,2.8179,0.010326
2018-04-25,2.8226,0.001668
2018-04-26,2.7983,-0.008609
2018-04-27,2.8013,0.001072
2018-05-02,2.7958,-0.001963
2018-05-03,2.8058,0.003577
2018-05-04,2.8108,0.001782
2018-05-07,2.8349,0.008574
2018-05-08,2.8386,0.001305
2018-05-09,2.8467,0.002854
2018-05-10,2.8512,0.001581
2018-05-11,2.8407,-0.003683
2018-05-14,2.8368,-0.001373
2018-05-15,2.8637,0.009483
2018-05-16,2.8706,0.002409
2018-05-17,2.8653,-0.001846
2018-05-18,2.8708,0.00192
2018-05-21,2.8766,0.00202
2018-05-22,2.8855,0.003094
2018-05-23,2.8693,-0.005614
2018-05-24,2.8684,-0.000314
2018-05-25,2.8585,-0.003451
2018-05-28,2.8706,0.004233
2018-05-29,2.853,-0.006131
2018-05-30,2.8368,-0.005678
2018-05-31,2.8708,0.011985
2018-06-01,2.8468,-0.00836
2018-06-04,2.8335,-0.004672
2018-06-05,2.8528,0.006811
2018-06-06,2.8628,0.003505
2018-06-07,2.844,-0.006567
2018-06-08,2.8313,-0.004466
2018-06-11,2.805,-0.009289
2018-06-12,2.8227,0.00631
2018-06-13,2.8106,-0.004287
2018-06-14,2.8008,-0.003487
2018-06-15,2.7769,-0.008533
2018-06-19,2.7201,-0.020454
2018-06-20,2.7412,0.007757
2018-06-21,2.7156,-0.009339
2018-06-22,2.7262,0.003903
2018-06-25,2.7313,0.001871
2018-06-26,2.7295,-0.000659
2018-06-27,2.698,-0.011541
2018-06-28,2.6906,-0.002743
2018-06-29,2.7239,0.012376
2018-06-30,2.7238,-3.7e-05
2018-07-02,2.6995,-0.008921
2018-07-03,2.6954,-0.001519
2018-07-04,2.6815,-0.005157
2018-07-05,2.6562,-0.009435
2018-07-06,2.6607,0.001694
2018-07-09,2.6882,0.010336
2018-07-10,2.6976,0.003497
2018-07-11,2.6809,-0.006191
2018-07-12,2.6999,0.007087
2018-07-13,2.7091,0.003408
2018-07-16,2.711,0.000701
2018-07-17,2.7077,-0.001217
2018-07-18,2.7003,-0.002733
2018-07-19,2.695,-0.001963
2018-07-20,2.6999,0.001818
2018-07-23,2.6956,-0.001593
2018-07-24,2.7085,0.004786
2018-07-25,2.7139,0.001994
2018-07-26,2.7011,-0.004716
2018-07-27,2.7032,0.000777
2018-07-30,2.6883,-0.005512
2018-07-31,2.6918,0.001302
2018-08-01,2.676,-0.00587
2018-08-02,2.6587,-0.006465
2018-08-03,2.6349,-0.008952
2018-08-06,2.613,-0.008312
2018-08-07,2.6463,0.012744
2018-08-08,2.6277,-0.007029
2018-08-09,2.6491,0.008144
2018-08-10,2.6514,0.000868
2018-08-13,2.6546,0.001207
2018-08-14,2.6493,-0.001997
2018-08-15,2.6198,-0.011135
2018-08-16,2.6128,-0.002672
2018-08-17,2.5924,-0.007808
2018-08-20,2.6073,0.005748
2018-08-21,2.6284,0.008093
2018-08-22,2.6229,-0.002093
2018-08-23,2.6259,0.001144
2018-08-24,2.626,3.8e-05
2018-08-27,2.6628,0.014014
2018-08-28,2.6673,0.00169
2018-08-29,2.661,-0.002362
2018-08-30,2.6445,-0.006201
2018-08-31,2.6312,-0.005029
2018-09-03,2.6272,-0.00152
2018-09-04,2.6418,0.005557
2018-09-05,2.6168,-0.009463
2018-09-06,2.6054,-0.004356
2018-09-07,2.6063,0.000345
2018-09-10,2.581,-0.009707
2018-09-11,2.5715,-0.003681
2018-09-12,2.5606,-0.004239
2018-09-13,2.5728,0.004765
2018-09-14,2.5648,-0.003109
2018-09-17,2.5491,-0.006121
2018-09-18,2.5677,0.007297
2018-09-19,2.579,0.004401
2018-09-20,2.5783,-0.000271
2018-09-21,2.598,0.007641
2018-09-25,2.5884,-0.003695
2018-09-26,2.6004,0.004636
2018-09-27,2.592,-0.00323
2018-09-28,2.5964,0.001698
2018-10-08,2.557,-0.015175
2018-10-09,2.5551,-0.000743
2018-10-10,2.5575,0.000939
2018-10-11,2.5171,-0.015797
2018-10-12,2.5331,0.006357
2018-10-15,2.524,-0.003592
2018-10-16,2.5086,-0.006101
2018-10-17,2.5055,-0.001236
2018-10-18,2.482,-0.009379
2018-10-19,2.5044,0.009025
2018-10-22,2.5502,0.018288
2018-10-23,2.5257,-0.009607
2018-10-24,2.5213,-0.001742
2018-10-25,2.5285,0.002856
2018-10-26,2.5162,-0.004865
2018-10-29,2.4995,-0.006637
2018-10-30,2.5067,0.002881
2018-10-31,2.5208,0.005625
2018-11-01,2.5221,0.000516
2018-11-02,2.5496,0.010904
2018-11-05,2.5392,-0.004079
2018-11-06,2.5316,-0.002993
2018-11-07,2.5246,-0.002765
2018-11-08,2.5149,-0.003842
2018-11-09,2.5047,-0.004056
2018-11-12,2.531,0.0105
2018-11-13,2.5426,0.004583
2018-11-14,2.534,-0.003382
2018-11-15,2.5517,0.006985
2018-11-16,2.5545,0.001097
2018-11-19,2.5582,0.001448
2018-11-20,2.5231,-0.013721
2018-11-21,2.5301,0.002774
2018-11-22,2.5282,-0.000751
2018-11-23,2.5005,-0.010956
2018-11-26,2.4991,-0.00056
2018-11-27,2.4995,0.00016
2018-11-28,2.5165,0.006801
2018-11-29,2.5029,-0.005404
2018-11-30,2.5129,0.003995
2018-12-03,2.5428,0.011899
2018-12-04,2.5443,0.00059
2018-12-05,2.5388,-0.002162
2018-12-06,2.5178,-0.008272
2018-12-07,2.5201,0.000913
2018-12-10,2.5132,-0.002738
2018-12-11,2.5181,0.00195
2018-12-12,2.5223,0.001668
2018-12-13,2.5335,0.00444
2018-12-14,2.5142,-0.007618
2018-12-17,2.5066,-0.003023
2018-12-18,2.5014,-0.002075
2018-12-19,2.4915,-0.003958
2018-12-20,2.4925,0.000401
2018-12-21,2.4885,-0.001605
2018-12-24,2.4926,0.001648
2018-12-25,2.4903,-0.000923
2018-12-26,2.4857,-0.001847
2018-12-27,2.4786,-0.002856
2018-12-28,2.4833,0.001896
2018-12-31,2.4831,-8.1e-05
2019-01-02,2.4717,-0.004591
2019-01-03,2.4606,-0.004491
2019-01-04,2.4767,0.006543
2019-01-07,2.4917,0.006056
2019-01-08,2.4908,-0.000361
2019-01-09,2.4933,0.001004
2019-01-10,2.4911,-0.000882
2019-01-11,2.4965,0.002168
2019-01-14,2.486,-0.004206
2019-01-15,2.5007,0.005913
2019-01-16,2.4992,-0.0006
2019-01-17,2.4869,-0.004922
2019-01-18,2.4959,0.003619
2019-01-21,2.5077,0.004728
2019-01-22,2.4955,-0.004865
2019-01-23,2.4964,0.000361
2019-01-24,2.5074,0.004406
2019-01-25,2.5059,-0.000598
2019-01-28,2.5088,0.001157
2019-01-29,2.5029,-0.002352
2019-01-30,2.4967,-0.002477
2019-01-31,2.4972,0.0002
2019-02-01,2.5269,0.011893
2019-02-11,2.5609,0.013455
2019-02-12,2.5728,0.004647
2019-02-13,2.5912,0.007152
2019-02-14,2.598,0.002624
2019-02-15,2.5829,-0.005812
2019-02-18,2.632,0.01901
2019-02-19,2.6248,-0.002736
2019-02-20,2.6223,-0.000952
2019-02-21,2.6273,0.001907
2019-02-22,2.6707,0.016519
2019-02-25,2.735,0.024076
2019-02-26,2.7266,-0.003071
2019-02-27,2.7087,-0.006565
2019-02-28,2.7162,0.002769
2019-03-01,2.7248,0.003166
2019-03-04,2.7535,0.010533
2019-03-05,2.7889,0.012856
2019-03-06,2.8061,0.006167
2019-03-07,2.8067,0.000214
2019-03-08,2.7774,-0.010439
2019-03-11,2.8333,0.020127
2019-03-12,2.8715,0.013483
2019-03-13,2.8202,-0.017865
2019-03-14,2.797,-0.008226
2019-03-15,2.8121,0.005399
2019-03-18,2.8384,0.009352
2019-03-19,2.8405,0.00074
2019-03-20,2.8349,-0.001971
2019-03-21,2.8527,0.006279
2019-03-22,2.8524,-0.000105
2019-03-25,2.8383,-0.004943
2019-03-26,2.8095,-0.010147
2019-03-27,2.8227,0.004698
2019-03-28,2.8228,3.5e-05
2019-03-29,2.8599,0.013143
2019-04-01,2.9097,0.017413
2019-04-02,2.9061,-0.001237
2019-04-03,2.9124,0.002168
2019-04-04,2.9182,0.001991
2019-04-08,2.9112,-0.002399
2019-04-09,2.9103,-0.000309
2019-04-10,2.9051,-0.001787
2019-04-11,2.8606,-0.015318
2019-04-12,2.8566,-0.001398
2019-04-15,2.8485,-0.002836
2019-04-16,2.8928,0.015552
2019-04-17,2.9019,0.003146
2019-04-18,2.8917,-0.003515
2019-04-19,2.9003,0.002974
2019-04-22,2.8749,-0.008758
2019-04-23,2.8636,-0.003931
2019-04-24,2.8829,0.00674
2019-04-25,2.8463,-0.012696
2019-04-26,2.835,-0.00397
2019-04-29,2.8113,-0.00836
2019-04-30,2.8087,-0.000925
2019-05-06,2.7058,-0.036636
2019-05-07,2.7223,0.006098
2019-05-08,2.708,-0.005253
2019-05-09,2.6897,-0.006758
2019-05-10,2.7452,0.020634
2019-05-13,2.7199,-0.009216
2019-05-14,2.715,-0.001802
2019-05-15,2.7406,0.009429
2019-05-16,2.7381,-0.000912
2019-05-17,2.7016,-0.01333
2019-05-20,2.6881,-0.004997
2019-05-21,2.7106,0.00837
2019-05-22,2.7102,-0.000148
2019-05-23,2.6814,-0.010627
2019-05-24,2.6801,-0.000485
2019-05-27,2.7034,0.008694
2019-05-28,2.7126,0.003403
2019-05-29,2.7092,-0.001253
2019-05-30,2.7016,-0.002805
2019-05-31,2.7041,0.000925
2019-06-03,2.7022,-0.000703
2019-06-04,2.6849,-0.006402
2019-06-05,2.6878,0.00108
2019-06-06,2.6692,-0.00692
2019-06-10,2.6838,0.00547
2019-06-11,2.7174,0.01252
2019-06-12,2.7096,-0.00287
2019-06-13,2.7081,-0.000554
2019-06-14,2.6926,-0.005724
2019-06-17,2.6881,-0.001671
2019-06-18,2.6926,0.001674
2019-06-19,2.7189,0.009768
2019-06-20,2.7456,0.00982
2019-06-21,2.7615,0.005791
2019-06-24,2.759,-0.000905
2019-06-25,2.7501,-0.003226
2019-06-26,2.7547,0.001673
2019-06-27,2.7799,0.009148
2019-06-28,2.7726,-0.002626
2019-06-30,2.7724,-7.2e-05
2019-07-01,2.8163,0.015835
2019-07-02,2.8181,0.000639
2019-07-03,2.799,-0.006778
2019-07-04,2.7947,-0.001536
2019-07-05,2.8032,0.003041
2019-07-08,2.7627,-0.014448
2019-07-09,2.7683,0.002027
2019-07-10,2.7733,0.001806
2019-07-11,2.7692,-0.001478
2019-07-12,2.7676,-0.000578
2019-07-15,2.7927,0.009069
2019-07-16,2.7914,-0.000465
2019-07-17,2.8007,0.003332
2019-07-18,2.7668,-0.012104
2019-07-19,2.7828,0.005783
2019-07-22,2.775,-0.002803
2019-07-23,2.7935,0.006667
2019-07-24,2.817,0.008412
2019-07-25,2.8325,0.005502
2019-07-26,2.8377,0.001836
2019-07-29,2.8443,0.002326
2019-07-30,2.841,-0.00116
2019-07-31,2.8433,0.00081
2019-08-01,2.8418,-0.000528
2019-08-02,2.8158,-0.009149
2019-08-05,2.7916,-0.008594
2019-08-06,2.7748,-0.006018
2019-08-07,2.769,-0.00209
2019-08-08,2.7937,0.00892
2019-08-09,2.7756,-0.006479
2019-08-12,2.8204,0.016141
2019-08-13,2.8138,-0.00234
2019-08-14,2.8229,0.003234
2019-08-15,2.8483,0.008998
2019-08-16,2.8588,0.003686
2019-08-19,2.9106,0.018119
2019-08-20,2.9134,0.000962
2019-08-21,2.9186,0.001785
2019-08-22,2.9106,-0.002741
2019-08-23,2.9139,0.001134
2019-08-26,2.8917,-0.007619
2019-08-27,2.9232,0.010893
2019-08-28,2.9123,-0.003729
2019-08-29,2.9118,-0.000172
2019-08-30,2.8984,-0.004602
2019-09-02,2.9334,0.012076
2019-09-03,2.9593,0.008829
2019-09-04,2.9699,0.003582
2019-09-05,2.9821,0.004108
2019-09-06,2.9949,0.004292
2019-09-09,3.0534,0.019533
2019-09-10,3.0395,-0.004552
2019-09-11,3.0167,-0.007501
2019-09-12,3.0153,-0.000464
2019-09-16,3.0215,0.002056
2019-09-17,2.988,-0.011087
2019-09-18,2.9961,0.002711
2019-09-19,3.0171,0.007009
2019-09-20,3.0394,0.007391
2019-09-23,3.0436,0.001382
2019-09-24,3.0696,0.008543
2019-09-25,3.0383,-0.010197
2019-09-26,2.9962,-0.013856
2019-09-27,3.0161,0.006642
2019-09-30,2.9829,-0.011008
2019-10-08,2.9788,-0.001375
2019-10-09,2.9711,-0.002585
2019-10-10,2.994,0.007708
2019-10-11,2.9855,-0.002839
2019-10-14,3.0035,0.006029
2019-10-15,2.9912,-0.004095
2019-10-16,2.9835,-0.002574
2019-10-17,2.9935,0.003352
2019-10-18,2.9774,-0.005378
2019-10-21,2.9769,-0.000168
2019-10-22,3.0021,0.008465
2019-10-23,2.9861,-0.00533
2019-10-24,2.985,-0.000368
2019-10-25,3.0013,0.005461
2019-10-28,3.0283,0.008996
2019-10-29,3.0154,-0.00426
2019-10-30,3.0146,-0.000265
2019-10-31,3.0099,-0.001559
2019-11-01,3.0285,0.00618
2019-11-04,3.0475,0.006274
2019-11-05,3.0647,0.005644
2019-11-06,3.0525,-0.003981
2019-11-07,3.0609,0.002752
2019-11-08,3.0616,0.000229
2019-11-11,3.0415,-0.006565
2019-11-12,3.0377,-0.001249
2019-11-13,3.0599,0.007308
2019-11-14,3.0727,0.004183
2019-11-15,3.059,-0.004459
2019-11-18,3.0611,0.000686
2019-11-19,3.0887,0.009016
2019-11-20,3.069,-0.006378
2019-11-21,3.0651,-0.001271
2019-11-22,3.0348,-0.009885
2019-11-25,3.016,-0.006195
2019-11-26,3.0263,0.003415
2019-11-27,3.0381,0.003899
2019-11-28,3.034,-0.00135
2019-11-29,3.0354,0.000461
2019-12-02,3.0446,0.003031
2019-12-03,3.0548,0.00335
2019-12-04,3.058,0.001048
2019-12-05,3.0852,0.008895
2019-12-06,3.0975,0.003987
2019-12-09,3.1025,0.001614
2019-12-10,3.1202,0.005705
2019-12-11,3.1038,-0.005256
2019-12-12,3.1096,0.001869
2019-12-13,3.1263,0.00537
2019-12-16,3.1615,0.011259
2019-12-17,3.1736,0.003827
2019-12-18,3.1686,-0.001575
2019-12-19,3.156,-0.003977
2019-12-20,3.1334,-0.007161
2019-12-23,3.1029,-0.009734
2019-12-24,3.1317,0.009282
2019-12-25,3.1564,0.007887
2019-12-26,3.1587,0.000729
2019-12-27,3.1375,-0.006712
2019-12-30,3.1431,0.001785
2019-12-31,3.1552,0.00385
2020-01-02,3.2056,0.015974
2020-01-03,3.2352,0.009234
2020-01-06,3.2484,0.00408
2020-01-07,3.2525,0.001262
2020-01-08,3.2361,-0.005042
2020-01-09,3.2701,0.010506
2020-01-10,3.2593,-0.003303
2020-01-13,3.2987,0.012088
2020-01-14,3.2992,0.000152
2020-01-15,3.3038,0.001394
2020-01-16,3.3049,0.000333
2020-01-17,3.2894,-0.00469
2020-01-20,3.3351,0.013893
2020-01-21,3.3252,-0.002968
2020-01-22,3.3709,0.013744
2020-01-23,3.2904,-0.023881
2020-02-03,3.148,-0.043277
2020-02-04,3.2,0.016518
2020-02-05,3.2411,0.012844
2020-02-06,3.2883,0.014563
2020-02-07,3.3103,0.00669
2020-02-10,3.3153,0.00151
2020-02-11,3.3282,0.003891
2020-02-12,3.3814,0.015985
2020-02-13,3.3695,-0.003519
2020-02-14,3.3702,0.000208
2020-02-17,3.4389,0.020385
2020-02-18,3.4776,0.011254
2020-02-19,3.448,-0.008512
2020-02-20,3.4899,0.012152
2020-02-21,3.5387,0.013983
2020-02-24,3.6091,0.019894
2020-02-25,3.6304,0.005902
2020-02-26,3.5169,-0.031264
2020-02-27,3.5164,-0.000142
2020-02-28,3.404,-0.031965
2020-03-02,3.4536,0.014571
2020-03-03,3.4631,0.002751
2020-03-04,3.4323,-0.008894
2020-03-05,3.4535,0.006177
2020-03-06,3.4381,-0.004459
2020-03-09,3.3416,-0.028068
2020-03-10,3.3942,0.015741
2020-03-11,3.3607,-0.00987
2020-03-12,3.325,-0.010623
2020-03-13,3.3147,-0.003098
2020-03-16,3.2268,-0.026518
2020-03-17,3.2186,-0.002541
2020-03-18,3.1934,-0.007829
2020-03-19,3.2129,0.006106
2020-03-20,3.231,0.005634
2020-03-23,3.1546,-0.023646
2020-03-24,3.1847,0.009542
2020-03-25,3.2255,0.012811
2020-03-26,3.2086,-0.005239
2020-03-27,3.2017,-0.00215
2020-03-30,3.1678,-0.010588
2020-03-31,3.1799,0.00382
2020-04-01,3.1728,-0.002233
2020-04-02,3.218,0.014246
2020-04-03,3.2096,-0.00261
2020-04-07,3.2545,0.013989
2020-04-08,3.2604,0.001813
2020-04-09,3.2774,0.005214
2020-04-10,3.2407,-0.011198
2020-04-13,3.2196,-0.006511
2020-04-14,3.259,0.012238
2020-04-15,3.2559,-0.000951
2020-04-16,3.262,0.001874
2020-04-17,3.2601,-0.000582
2020-04-20,3.2818,0.006656
2020-04-21,3.2691,-0.00387
2020-04-22,3.3031,0.0104
2020-04-23,3.2873,-0.004783
2020-04-24,3.2653,-0.006692
2020-04-27,3.2705,0.001593
2020-04-28,3.2843,0.00422
2020-04-29,3.2785,-0.001766
2020-04-30,3.3132,0.010584
2020-05-06,3.3507,0.011318
2020-05-07,3.3505,-6e-05
2020-05-08,3.3748,0.007253
2020-05-11,3.3619,-0.003822
2020-05-12,3.3795,0.005235
2020-05-13,3.4064,0.00796
2020-05-14,3.3948,-0.003405
2020-05-15,3.4002,0.001591
2020-05-18,3.4007,0.000147
2020-05-19,3.4232,0.006616
2020-05-20,3.387,-0.010575
2020-05-21,3.3702,-0.00496
2020-05-22,3.3325,-0.011186
2020-05-25,3.3341,0.00048
2020-05-26,3.3815,0.014217
2020-05-27,3.3562,-0.007482
2020-05-28,3.3546,-0.000477
2020-05-29,3.3829,0.008436
2020-06-01,3.4392,0.016643
2020-06-02,3.4163,-0.006659
2020-06-03,3.4116,-0.001376
2020-06-04,3.4111,-0.000147
2020-06-05,3.4265,0.004515
2020-06-08,3.4219,-0.001342
2020-06-09,3.4411,0.005611
2020-06-10,3.4649,0.006916
2020-06-11,3.4515,-0.003867
2020-06-12,3.4639,0.003593
2020-06-15,3.4512,-0.003666
2020-06-16,3.5106,0.017211
2020-06-17,3.52,0.002678
2020-06-18,3.5237,0.001051
2020-06-19,3.5579,0.009706
2020-06-22,3.5631,0.001462
2020-06-23,3.5915,0.007971
2020-06-24,3.5897,-0.000501
2020-06-29,3.578,-0.003259
2020-06-30,3.6362,0.016266
2020-07-01,3.6499,0.003768
2020-07-02,3.6638,0.003808
2020-07-03,3.6847,0.005704
2020-07-06,3.7594,0.020273
2020-07-07,3.8199,0.016093
2020-07-08,3.874,0.014163
2020-07-09,3.9257,0.013345
2020-07-10,3.9413,0.003974
2020-07-13,3.9939,0.013346
2020-07-14,3.9524,-0.010391
2020-07-15,3.9195,-0.008324
2020-07-16,3.7846,-0.034418
2020-07-17,3.8233,0.010226
2020-07-20,3.8601,0.009625
2020-07-21,3.8885,0.007357
2020-07-22,3.926,0.009644
2020-07-23,3.9389,0.003286
2020-07-24,3.783,-0.03958
2020-07-27,3.7643,-0.004943
2020-07-28,3.8262,0.016444
2020-07-29,3.9015,0.01968
2020-07-30,3.8838,-0.004537
2020-07-31,3.9358,0.013389
2020-08-03,3.9886,0.013415
2020-08-04,3.9591,-0.007396
2020-08-05,3.971,0.003006
2020-08-06,3.9431,-0.007026
2020-08-07,3.9107,-0.008217
2020-08-10,3.9042,-0.001662
2020-08-11,3.8809,-0.005968
2020-08-12,3.8474,-0.008632
2020-08-13,3.8396,-0.002027
2020-08-14,3.871,0.008178
2020-08-17,3.8974,0.00682
2020-08-18,3.9342,0.009442
2020-08-19,3.8772,-0.014488
2020-08-20,3.8568,-0.005262
2020-08-21,3.8804,0.006119
2020-08-24,3.9093,0.007448
2020-08-25,3.9141,0.001228
2020-08-26,3.8593,-0.014001
2020-08-27,3.8912,0.008266
2020-08-28,3.9361,0.011539
2020-08-31,3.9285,-0.001931
2020-09-01,3.9529,0.006211
2020-09-02,3.9868,0.008576
2020-09-03,3.9486,-0.009582
2020-09-04,3.9039,-0.01132
2020-09-07,3.815,-0.022772
2020-09-08,3.8044,-0.002779
2020-09-09,3.7235,-0.021265
2020-09-10,3.7189,-0.001235
2020-09-11,3.7621,0.011616
2020-09-14,3.7796,0.004652
2020-09-15,3.8008,0.005609
2020-09-16,3.7739,-0.007077
2020-09-17,3.7758,0.000503
2020-09-18,3.8046,0.007628
2020-09-21,3.7841,-0.005388
2020-09-22,3.7631,-0.00555
2020-09-23,3.811,0.012729
2020-09-24,3.7445,-0.017449
2020-09-25,3.7385,-0.001602
2020-09-28,3.7428,0.00115
2020-09-29,3.7646,0.005825
2020-09-30,3.772,0.001966
2020-10-09,3.8465,0.019751
2020-10-12,3.9193,0.018926
2020-10-13,3.924,0.001199
2020-10-14,3.904,-0.005097
2020-10-15,3.8685,-0.009093
2020-10-16,3.8564,-0.003128
2020-10-19,3.8303,-0.006768
2020-10-20,3.8678,0.00979
2020-10-21,3.8257,-0.010885
2020-10-22,3.8063,-0.005071
2020-10-23,3.7397,-0.017497
2020-10-26,3.7667,0.00722
2020-10-27,3.8025,0.009504
2020-10-28,3.8424,0.010493
2020-10-29,3.8575,0.00393
2020-10-30,3.8286,-0.007492
2020-11-02,3.8621,0.00875
2020-11-03,3.8873,0.006525
2020-11-04,3.888,0.00018
2020-11-05,3.9444,0.014506
2020-11-06,3.9215,-0.005806
2020-11-09,3.9993,0.019839
2020-11-10,3.9445,-0.013702
2020-11-11,3.8664,-0.0198
2020-11-12,3.8803,0.003595
2020-11-13,3.8855,0.00134
2020-11-16,3.8758,-0.002496
2020-11-17,3.8574,-0.004747
2020-11-18,3.839,-0.00477
2020-11-19,3.8679,0.007528
2020-11-20,3.8719,0.001034
2020-11-23,3.8696,-0.000594
2020-11-24,3.8715,0.000491
2020-11-25,3.8338,-0.009738
2020-11-26,3.8212,-0.003287
2020-11-27,3.8387,0.00458
2020-11-30,3.8432,0.001172
2020-12-01,3.8842,0.010668
2020-12-02,3.896,0.003038
2020-12-03,3.8854,-0.002721
2020-12-04,3.8986,0.003397
2020-12-07,3.918,0.004976
2020-12-08,3.942,0.006126
2020-12-09,3.9088,-0.008422
2020-12-10,3.9336,0.006345
2020-12-11,3.9254,-0.002085
2020-12-14,3.9763,0.012967
2020-12-15,3.9659,-0.002615
2020-12-16,3.9682,0.00058
2020-12-17,3.9787,0.002646
2020-12-18,3.9648,-0.003494
2020-12-21,4.03,0.016445
2020-12-22,3.9744,-0.013797
2020-12-23,4.046,0.018015
2020-12-24,4.0303,-0.00388
2020-12-25,4.0677,0.00928
2020-12-28,4.0595,-0.002016
2020-12-29,4.0318,-0.006824
2020-12-30,4.0734,0.010318
2020-12-31,4.1236,0.012324
2021-01-04,4.21,0.020953
2021-01-05,4.2638,0.012779
2021-01-06,4.2526,-0.002627
2021-01-07,4.3065,0.012675
2021-01-08,4.2721,-0.007988
2021-01-11,4.2519,-0.004728
2021-01-12,4.337,0.020015
2021-01-13,4.3109,-0.006018
2021-01-14,4.2434,-0.015658
2021-01-15,4.2408,-0.000613
2021-01-18,4.3084,0.01594
2021-01-19,4.234,-0.017269
2021-01-20,4.2893,0.013061
2021-01-21,4.3301,0.009512
2021-01-22,4.3663,0.00836
2021-01-25,4.4077,0.009482
2021-01-26,4.3298,-0.017674
2021-01-27,4.3468,0.003926
2021-01-28,4.2269,-0.027584
2021-01-29,4.2067,-0.004779
2021-02-01,4.2381,0.007464
2021-02-02,4.3155,0.018263
2021-02-03,4.2729,-0.009871
2021-02-04,4.2811,0.001919
2021-02-05,4.2493,-0.007428
2021-02-08,4.2999,0.011908
2021-02-09,4.3816,0.019
2021-02-10,4.4402,0.013374
2021-02-18,4.375,-0.014684
2021-02-19,4.3463,-0.00656
2021-02-22,4.2183,-0.02945
2021-02-23,4.202,-0.003864
2021-02-24,4.1127,-0.021252
2021-02-25,4.1046,-0.00197
2021-02-26,4.0479,-0.013814
2021-03-01,4.1294,0.020134
2021-03-02,4.1109,-0.00448
2021-03-03,4.1518,0.009949
2021-03-04,4.0259,-0.030324
2021-03-05,4.0331,0.001788
2021-03-08,3.9245,-0.026927
2021-03-09,3.8891,-0.00902
2021-03-10,3.9129,0.00612
2021-03-11,3.9512,0.009788
2021-03-12,3.9358,-0.003898
2021-03-15,3.8749,-0.015473
2021-03-16,3.8712,-0.000955
2021-03-17,3.9062,0.009041
2021-03-18,3.9391,0.008423
2021-03-19,3.8904,-0.012363
2021-03-22,3.9139,0.006041
2021-03-23,3.8735,-0.010322
2021-03-24,3.8411,-0.008365
2021-03-25,3.8456,0.001172
2021-03-26,3.9122,0.017318
2021-03-29,3.9152,0.000767
2021-03-30,3.9218,0.001686
2021-03-31,3.9164,-0.001377
2021-04-01,3.9577,0.010545
2021-04-02,4.0007,0.010865
2021-04-06,4.0041,0.00085
2021-04-07,3.9903,-0.003446
2021-04-08,3.9841,-0.001554
2021-04-09,3.9501,-0.008534
2021-04-12,3.8991,-0.012911
2021-04-13,3.8944,-0.001205
2021-04-14,3.9453,0.01307
2021-04-15,3.9277,-0.004461
2021-04-16,3.9333,0.001426
2021-04-19,4.0051,0.018254
2021-04-20,4.0035,-0.000399
2021-04-21,4.0145,0.002748
2021-04-22,4.0605,0.011458
2021-04-23,4.0791,0.004581
2021-04-26,4.0868,0.001888
2021-04-27,4.0791,-0.001884
2021-04-28,4.1104,0.007673
2021-04-29,4.1059,-0.001095
2021-04-30,4.1148,0.002168
2021-05-06,4.0615,-0.012953
2021-05-07,3.9492,-0.02765
2021-05-10,3.9469,-0.000582
2021-05-11,3.9454,-0.00038
2021-05-12,3.9729,0.00697
2021-05-13,3.9487,-0.006091
2021-05-14,4.0039,0.013979
2021-05-17,4.0579,0.013487
2021-05-18,4.0477,-0.002514
2021-05-19,4.0788,0.007683
2021-05-20,4.1094,0.007502
2021-05-21,4.0793,-0.007325
2021-05-24,4.1041,0.006079
2021-05-25,4.165,0.014839
2021-05-26,4.1453,-0.00473
2021-05-27,4.214,0.016573
2021-05-28,4.2076,-0.001519
2021-05-31,4.2672,0.014165
2021-06-01,4.2704,0.00075
2021-06-02,4.2234,-0.011006
2021-06-03,4.1933,-0.007127
2021-06-04,4.2243,0.007393
2021-06-07,4.2319,0.001799
2021-06-08,4.1752,-0.013398
2021-06-09,4.1819,0.001605
2021-06-10,4.2428,0.014563
2021-06-11,4.2272,-0.003677
2021-06-15,4.2558,0.006766
2021-06-16,4.1821,-0.017318
2021-06-17,4.315,0.031778
2021-06-18,4.3284,0.003105
2021-06-21,4.3674,0.00901
2021-06-22,4.3541,-0.003045
2021-06-23,4.4275,0.016858
2021-06-24,4.378,-0.01118
2021-06-25,4.4303,0.011946
2021-06-28,4.4607,0.006862
2021-06-29,4.4338,-0.00603
2021-06-30,4.5568,0.027741
2021-07-01,4.538,-0.004126
2021-07-02,4.5137,-0.005355
2021-07-05,4.5608,0.010435
2021-07-06,4.5221,-0.008485
2021-07-07,4.5856,0.014042
2021-07-08,4.6261,0.008832
2021-07-09,4.5935,-0.007047
2021-07-12,4.6665,0.015892
2021-07-13,4.6099,-0.012129
2021-07-14,4.555,-0.011909
2021-07-15,4.592,0.008123
2021-07-16,4.5574,-0.007535
2021-07-19,4.555,-0.000527
2021-07-20,4.6254,0.015456
2021-07-21,4.7286,0.022312
2021-07-22,4.7485,0.004208
2021-07-23,4.7594,0.002295
2021-07-26,4.748,-0.002395
2021-07-27,4.6574,-0.019082
2021-07-28,4.6334,-0.005153
2021-07-29,4.7626,0.027884
2021-07-30,4.7464,-0.003402
2021-08-02,4.717,-0.006194
2021-08-03,4.6025,-0.024274
2021-08-04,4.7115,0.023683
2021-08-05,4.7395,0.005943
2021-08-06,4.7385,-0.000211
2021-08-09,4.7074,-0.006563
2021-08-10,4.6961,-0.0024
2021-08-11,4.7246,0.006069
2021-08-12,4.7481,0.004974
2021-08-13,4.6906,-0.01211
2021-08-16,4.6671,-0.00501
2021-08-17,4.5621,-0.022498
2021-08-18,4.5623,4.4e-05
2021-08-19,4.6293,0.014686
2021-08-20,4.6402,0.002355
2021-08-23,4.7333,0.020064
2021-08-24,4.77,0.007754
2021-08-25,4.7725,0.000524
2021-08-26,4.7288,-0.009157
2021-08-27,4.766,0.007867
2021-08-30,4.765,-0.00021
2021-08-31,4.7328,-0.006758
2021-09-01,4.6772,-0.011748
2021-09-02,4.6834,0.001326
2021-09-03,4.6076,-0.016185
2021-09-06,4.6498,0.009159
2021-09-07,4.7038,0.011613
2021-09-08,4.6847,-0.004061
2021-09-09,4.6504,-0.007322
2021-09-10,4.7369,0.018601
2021-09-13,4.716,-0.004412
2021-09-14,4.7343,0.00388
2021-09-15,4.7688,0.007287
2021-09-16,4.641,-0.026799
2021-09-17,4.6671,0.005624
2021-09-22,4.6868,0.004221
2021-09-23,4.6778,-0.00192
2021-09-24,4.6342,-0.009321
2021-09-27,4.5428,-0.019723
2021-09-28,4.5149,-0.006142
2021-09-29,4.411,-0.023013
2021-09-30,4.507,0.021764
2021-10-08,4.4332,-0.016375
2021-10-11,4.4233,-0.002233
2021-10-12,4.3227,-0.022743
2021-10-13,4.3637,0.009485
2021-10-14,4.3838,0.004606
2021-10-15,4.4133,0.006729
2021-10-18,4.4653,0.011783
2021-10-19,4.4772,0.002665
2021-10-20,4.4976,0.004556
2021-10-21,4.4874,-0.002268
2021-10-22,4.4842,-0.000713
2021-10-25,4.5569,0.016212
2021-10-26,4.5475,-0.002063
2021-10-27,4.5595,0.002639
2021-10-28,4.5072,-0.011471
2021-10-29,4.5346,0.006079
2021-11-01,4.5584,0.005249
2021-11-02,4.5543,-0.000899
2021-11-03,4.5073,-0.01032
2021-11-04,4.6087,0.022497
2021-11-05,4.5937,-0.003255
2021-11-08,4.6011,0.001611
2021-11-09,4.6384,0.008107
2021-11-10,4.632,-0.00138
2021-11-11,4.6798,0.01032
2021-11-12,4.7112,0.00671
2021-11-15,4.6417,-0.014752
2021-11-16,4.6204,-0.004589
2021-11-17,4.6884,0.014717
2021-11-18,4.6838,-0.000981
2021-11-19,4.7099,0.005572
2021-11-22,4.8463,0.02896
2021-11-23,4.8331,-0.002724
2021-11-24,4.7994,-0.006973
2021-11-25,4.8098,0.002167
2021-11-26,4.7944,-0.003202
2021-11-29,4.8566,0.012973
2021-11-30,4.8534,-0.000659
2021-12-01,4.798,-0.011415
2021-12-02,4.7685,-0.006148
2021-12-03,4.7807,0.002558
2021-12-06,4.6899,-0.018993
2021-12-07,4.5932,-0.020619
2021-12-08,4.6908,0.021249
2021-12-09,4.6574,-0.00712
2021-12-10,4.6495,-0.001696
2021-12-13,4.668,0.003979
2021-12-14,4.6658,-0.000471
2021-12-15,4.6353,-0.006537
2021-12-16,4.6389,0.000777
2021-12-17,4.5594,-0.017138
2021-12-20,4.4831,-0.016735
2021-12-21,4.518,0.007785
2021-12-22,4.5577,0.008787
2021-12-23,4.5894,0.006955
2021-12-24,4.5537,-0.007779
2021-12-27,4.5459,-0.001713
2021-12-28,4.5502,0.000946
2021-12-29,4.5173,-0.00723
2021-12-30,4.5655,0.01067
2021-12-31,4.562,-0.000767
2022-01-04,4.4994,-0.013722
2022-01-05,4.3875,-0.02487
2022-01-06,4.3756,-0.002712
2022-01-07,4.3097,-0.015061
2022-01-10,4.3133,0.000835
2022-01-11,4.2453,-0.015765
2022-01-12,4.296,0.011943
2022-01-13,4.218,-0.018156
2022-01-14,4.2629,0.010645
2022-01-17,4.3059,0.010087
2022-01-18,4.3008,-0.001184
2022-01-19,4.2202,-0.018741
2022-01-20,4.1669,-0.01263
2022-01-21,4.1412,-0.006168
2022-01-24,4.1814,0.009707
2022-01-25,4.111,-0.016836
2022-01-26,4.142,0.007541
2022-01-27,4.072,-0.0169
2022-01-28,4.0533,-0.004592
2022-02-07,4.0429,-0.002566
2022-02-08,3.9546,-0.021841
2022-02-09,3.9741,0.004931
2022-02-10,3.9111,-0.015853
2022-02-11,3.8598,-0.013117
2022-02-14,3.8712,0.002954
2022-02-15,3.954,0.021389
2022-02-16,3.9704,0.004148
2022-02-17,4.0081,0.009495
2022-02-18,3.9827,-0.006337
2022-02-21,3.9761,-0.001657
2022-02-22,3.9665,-0.002414
2022-02-23,4.0606,0.023724
2022-02-24,4.013,-0.011722
2022-02-25,4.0521,0.009743
2022-02-28,4.0704,0.004516
2022-03-01,4.0585,-0.002924
2022-03-02,4.0292,-0.007219
2022-03-03,3.9814,-0.011863
2022-03-04,3.956,-0.00638
2022-03-07,3.88,-0.019211
2022-03-08,3.8369,-0.011108
2022-03-09,3.8352,-0.000443
2022-03-10,3.9005,0.017026
2022-03-11,3.9002,-7.7e-05
2022-03-14,3.8328,-0.017281
2022-03-15,3.7588,-0.019307
2022-03-16,3.8636,0.027881
2022-03-17,3.9111,0.012294
2022-03-18,3.9155,0.001125
2022-03-21,3.9416,0.006666
2022-03-22,3.9327,-0.002258
2022-03-23,3.9369,0.001068
2022-03-24,3.9394,0.000635
2022-03-25,3.8931,-0.011753
2022-03-28,3.8694,-0.006088
2022-03-29,3.8544,-0.003877
2022-03-30,3.9062,0.013439
2022-03-31,3.8533,-0.013543
2022-04-01,3.8629,0.002491
2022-04-06,3.8252,-0.00976
2022-04-07,3.8057,-0.005098
2022-04-08,3.7969,-0.002312
2022-04-11,3.7028,-0.024783
2022-04-12,3.725,0.005995
2022-04-13,3.6991,-0.006953
2022-04-14,3.7301,0.00838
2022-04-15,3.7182,-0.00319
2022-04-18,3.7512,0.008875
2022-04-19,3.7273,-0.006371
2022-04-20,3.6705,-0.015239
2022-04-21,3.6119,-0.015965
2022-04-22,3.6025,-0.002603
2022-04-25,3.4881,-0.031756
2022-04-26,3.4448,-0.012414
2022-04-27,3.5435,0.028652
2022-04-28,3.5382,-0.001496
2022-04-29,3.5926,0.015375
2022-05-05,3.5696,-0.006402
2022-05-06,3.5266,-0.012046
2022-05-09,3.5138,-0.00363
2022-05-10,3.5539,0.011412
2022-05-11,3.6126,0.016517
2022-05-12,3.6106,-0.000554
2022-05-13,3.6182,0.002105
2022-05-16,3.6078,-0.002874
2022-05-17,3.6593,0.014275
2022-05-18,3.6643,0.001366
2022-05-19,3.6929,0.007805
2022-05-20,3.7169,0.006499
2022-05-23,3.7364,0.005246
2022-05-24,3.6532,-0.022267
2022-05-25,3.6644,0.003066
2022-05-26,3.6717,0.001992
2022-05-27,3.6621,-0.002615
2022-05-30,3.6887,0.007264
2022-05-31,3.7303,0.011278
2022-06-01,3.7473,0.004557
2022-06-02,3.7987,0.013717
2022-06-06,3.8662,0.017769
2022-06-07,3.8515,-0.003802
2022-06-08,3.8594,0.002051
2022-06-09,3.797,-0.016168
2022-06-10,3.8469,0.013142
2022-06-13,3.8395,-0.001924
2022-06-14,3.8225,-0.004428
2022-06-15,3.8282,0.001491
2022-06-16,3.8402,0.003135
2022-06-17,3.8762,0.009375
2022-06-20,3.9107,0.0089
2022-06-21,3.8964,-0.003657
2022-06-22,3.8712,-0.006468
2022-06-23,3.948,0.019839
2022-06-24,3.9888,0.010334
2022-06-27,4.015,0.006568
2022-06-28,4.0373,0.005554
2022-06-29,3.9582,-0.019592
2022-06-30,4.0004,0.010661
2022-07-01,3.997,-0.00085
2022-07-04,4.0233,0.00658
2022-07-05,4.0137,-0.002386
2022-07-06,4.0202,0.001619
2022-07-07,4.1049,0.021069
2022-07-08,4.0451,-0.014568
2022-07-11,4.0059,-0.009691
2022-07-12,3.9405,-0.016326
2022-07-13,3.9653,0.006294
2022-07-14,4.039,0.018586
2022-07-15,4.0431,0.001015
2022-07-18,4.0375,-0.001385
2022-07-19,4.0057,-0.007876
2022-07-20,4.0174,0.002921
2022-07-21,3.9878,-0.007368
2022-07-22,3.9763,-0.002884
2022-07-25,3.9327,-0.010965
2022-07-26,3.948,0.00389
2022-07-27,3.9847,0.009296
2022-07-28,3.9888,0.001029
2022-07-29,3.9578,-0.007772
2022-08-01,4.0016,0.011067
2022-08-02,3.9718,-0.007447
2022-08-03,3.9355,-0.009139
2022-08-04,3.9499,0.003659
2022-08-05,4.0132,0.016026
2022-08-08,4.0405,0.006803
2022-08-09,4.0617,0.005247
2022-08-10,4.0394,-0.00549
2022-08-11,4.0851,0.011314
2022-08-12,4.025,-0.014712
2022-08-15,4.0573,0.008025
2022-08-16,4.0522,-0.001257
2022-08-17,4.1002,0.011845
2022-08-18,4.134,0.008244
2022-08-19,4.0646,-0.016788
2022-08-22,4.084,0.004773
2022-08-23,4.0987,0.003599
2022-08-24,3.9775,-0.02957
2022-08-25,3.9353,-0.01061
2022-08-26,3.9154,-0.005057
2022-08-29,3.926,0.002707
2022-08-30,3.9014,-0.006266
2022-08-31,3.7838,-0.030143
2022-09-01,3.7597,-0.006369
2022-09-02,3.7739,0.003777
2022-09-05,3.7774,0.000927
2022-09-06,3.833,0.014719
2022-09-07,3.8716,0.01007
2022-09-08,3.8555,-0.004158
2022-09-09,3.8327,-0.005914
2022-09-13,3.8303,-0.000626
2022-09-14,3.8229,-0.001932
2022-09-15,3.7175,-0.027571
2022-09-16,3.7147,-0.000753
2022-09-19,3.6897,-0.00673
2022-09-20,3.7182,0.007724
2022-09-21,3.6812,-0.009951
2022-09-22,3.7039,0.006166
2022-09-23,3.6559,-0.012959
2022-09-26,3.6786,0.006209
2022-09-27,3.6952,0.004513
2022-09-28,3.6284,-0.018078
2022-09-29,3.644,0.004299
2022-09-30,3.5756,-0.018771
2022-10-10,3.5057,-0.019549
2022-10-11,3.508,0.000656
2022-10-12,3.5921,0.023974
2022-10-13,3.6025,0.002895
2022-10-14,3.6545,0.014434
2022-10-17,3.6631,0.002353
2022-10-18,3.6749,0.003221
2022-10-19,3.6633,-0.003157
2022-10-20,3.6526,-0.002921
2022-10-21,3.6697,0.004682
2022-10-24,3.6734,0.001008
2022-10-25,3.6657,-0.002096
2022-10-26,3.7269,0.016695
2022-10-27,3.6903,-0.00982
2022-10-28,3.6304,-0.016232
2022-10-31,3.6645,0.009393
2022-11-01,3.71,0.012416
2022-11-02,3.7311,0.005687
2022-11-03,3.7286,-0.00067
2022-11-04,3.7775,0.013115
2022-11-07,3.7619,-0.00413
2022-11-08,3.7483,-0.003615
2022-11-09,3.7196,-0.007657
2022-11-10,3.6745,-0.012125
2022-11-11,3.679,0.001225
2022-11-14,3.653,-0.007067
2022-11-15,3.7342,0.022228
2022-11-16,3.6986,-0.009534
2022-11-17,3.7319,0.009003
2022-11-18,3.6717,-0.016131
2022-11-21,3.6722,0.000136
2022-11-22,3.6339,-0.01043
2022-11-23,3.6527,0.005174
2022-11-24,3.6478,-0.001341
2022-11-25,3.6063,-0.011377
2022-11-28,3.599,-0.002024
2022-11-29,3.6114,0.003445
2022-11-30,3.6051,-0.001744
2022-12-01,3.6512,0.012787
2022-12-02,3.6446,-0.001808
2022-12-05,3.6251,-0.00535
2022-12-06,3.6411,0.004414
2022-12-07,3.6272,-0.003818
2022-12-08,3.6096,-0.004852
2022-12-09,3.6122,0.00072
2022-12-12,3.6318,0.005426
2022-12-13,3.5799,-0.01429
2022-12-14,3.5742,-0.001592
2022-12-15,3.6023,0.007862
2022-12-16,3.5503,-0.014435
2022-12-19,3.5215,-0.008112
2022-12-20,3.4967,-0.007042
2022-12-21,3.4754,-0.006091
2022-12-22,3.4453,-0.008661
2022-12-23,3.4305,-0.004296
2022-12-26,3.4963,0.019181
2022-12-27,3.5191,0.006521
2022-12-28,3.498,-0.005996
2022-12-29,3.5089,0.003116
2022-12-30,3.5066,-0.000655
2022-12-31,3.5065,-2.9e-05
2023-01-03,3.5765,0.019963
2023-01-04,3.55,-0.007409
2023-01-05,3.5709,0.005887
2023-01-06,3.5881,0.004817
2023-01-09,3.5928,0.00131
2023-01-10,3.6046,0.003284
2023-01-11,3.5817,-0.006353
2023-01-12,3.5944,0.003546
2023-01-13,3.5785,-0.004424
2023-01-16,3.6197,0.011513
2023-01-17,3.6384,0.005166
2023-01-18,3.6486,0.002803
2023-01-19,3.6916,0.011785
2023-01-20,3.7066,0.004063
2023-01-30,3.7203,0.003696
2023-01-31,3.696,-0.006532
2023-02-01,3.7214,0.006872
2023-02-02,3.7324,0.002956
2023-02-03,3.7537,0.005707
2023-02-06,3.7429,-0.002877
2023-02-07,3.7321,-0.002885
2023-02-08,3.7002,-0.008547
2023-02-09,3.7693,0.018675
2023-02-10,3.7272,-0.011169
2023-02-13,3.7583,0.008344
2023-02-14,3.7554,-0.000772
2023-02-15,3.7745,0.005086
2023-02-16,3.7205,-0.014307
2023-02-17,3.6501,-0.018922
2023-02-20,3.6921,0.011507
2023-02-21,3.6899,-0.000596
2023-02-22,3.6921,0.000596
2023-02-23,3.686,-0.001652
2023-02-24,3.6836,-0.000651
2023-02-27,3.6703,-0.003611
2023-02-28,3.6784,0.002207
2023-03-01,3.7142,0.009732
2023-03-02,3.6945,-0.005304
2023-03-03,3.7047,0.002761
2023-03-06,3.7136,0.002402
2023-03-07,3.6499,-0.017153
2023-03-08,3.6724,0.006165
2023-03-09,3.6896,0.004684
2023-03-10,3.6661,-0.006369
2023-03-13,3.7066,0.011047
2023-03-14,3.7164,0.002644
2023-03-15,3.6983,-0.00487
2023-03-16,3.6569,-0.011194
2023-03-17,3.7444,0.023927
2023-03-20,3.7622,0.004754
2023-03-21,3.7682,0.001595
2023-03-22,3.8179,0.013189
2023-03-23,3.8811,0.016554
2023-03-24,3.9267,0.011749
2023-03-27,3.9202,-0.001655
2023-03-28,3.8566,-0.016224
2023-03-29,3.9026,0.011928
2023-03-30,3.8891,-0.003459
2023-03-31,3.9536,0.016585
2023-04-03,4.0732,0.030251
2023-04-04,4.0882,0.003683
2023-04-06,4.1083,0.004917
2023-04-07,4.1561,0.011635
2023-04-10,4.0658,-0.021727
2023-04-11,4.0559,-0.002435
2023-04-12,4.1377,0.020168
2023-04-13,4.0515,-0.020833
2023-04-14,4.1004,0.01207
2023-04-17,4.0664,-0.008292
2023-04-18,4.0668,9.8e-05
2023-04-19,4.0973,0.0075
2023-04-20,4.2115,0.027872
2023-04-21,4.0594,-0.036115
2023-04-24,4.0146,-0.011036
2023-04-25,3.9891,-0.006352
2023-04-26,3.8889,-0.025118
2023-04-27,3.8555,-0.008589
2023-04-28,3.913,0.014914
2023-05-04,3.85,-0.0161
2023-05-05,3.8106,-0.010234
2023-05-08,3.8321,0.005642
2023-05-09,3.8086,-0.006132
2023-05-10,3.7872,-0.005619
2023-05-11,3.7833,-0.00103
2023-05-12,3.7553,-0.007401
2023-05-15,3.7727,0.004633
2023-05-16,3.7606,-0.003207
2023-05-17,3.7824,0.005797
2023-05-18,3.8249,0.011236
2023-05-19,3.8549,0.007843
2023-05-22,3.8252,-0.007704
2023-05-23,3.7766,-0.012705
2023-05-24,3.7733,-0.000874
2023-05-25,3.8007,0.007262
2023-05-26,3.8687,0.017891
2023-05-29,3.876,0.001887
2023-05-30,3.95,0.019092
2023-05-31,3.9979,0.012127
2023-06-01,3.9864,-0.002877
2023-06-02,3.9769,-0.002383
2023-06-05,3.9878,0.002741
2023-06-06,3.9076,-0.020111
2023-06-07,3.9235,0.004069
2023-06-08,3.882,-0.010577
2023-06-09,3.9473,0.016821
2023-06-12,3.9621,0.003749
2023-06-13,4.0429,0.020393
2023-06-14,4.0689,0.006431
2023-06-15,4.0342,-0.008528
2023-06-16,4.1009,0.016534
2023-06-19,4.1918,0.022166
2023-06-20,4.2201,0.006751
2023-06-21,4.0804,-0.033103
2023-06-26,3.965,-0.028282
2023-06-27,3.9707,0.001438
2023-06-28,3.9245,-0.011635
2023-06-29,3.9377,0.003363
2023-06-30,3.97,0.008203
2023-07-03,3.9655,-0.001134
2023-07-04,4.03,0.016265
2023-07-05,3.9654,-0.01603
2023-07-06,3.9808,0.003884
2023-07-07,3.9395,-0.010375
2023-07-10,3.92,-0.00495
2023-07-11,3.9808,0.01551
2023-07-12,3.883,-0.024568
2023-07-13,3.9407,0.01486
2023-07-14,3.9707,0.007613
2023-07-17,3.9565,-0.003576
2023-07-18,3.9285,-0.007077
2023-07-19,3.9035,-0.006364
2023-07-20,3.8173,-0.022083
2023-07-21,3.7908,-0.006942
2023-07-24,3.7976,0.001794
2023-07-25,3.8175,0.00524
2023-07-26,3.7861,-0.008225
2023-07-27,3.7554,-0.008109
2023-07-28,3.7455,-0.002636
2023-07-31,3.7606,0.004032
2023-08-01,3.7917,0.00827
2023-08-02,3.8104,0.004932
2023-08-03,3.8065,-0.001024
2023-08-04,3.8367,0.007934
2023-08-07,3.8351,-0.000417
2023-08-08,3.8156,-0.005085
2023-08-09,3.7712,-0.011636
2023-08-10,3.7753,0.001087
2023-08-11,3.7252,-0.01327
2023-08-14,3.7259,0.000188
2023-08-15,3.6879,-0.010199
2023-08-16,3.633,-0.014887
2023-08-17,3.6532,0.00556
2023-08-18,3.6208,-0.008869
2023-08-21,3.6009,-0.005496
2023-08-22,3.6419,0.011386
2023-08-23,3.5765,-0.017958
2023-08-24,3.5891,0.003523
2023-08-25,3.5247,-0.017943
2023-08-28,3.5308,0.001731
2023-08-29,3.6202,0.02532
2023-08-30,3.6755,0.015275
2023-08-31,3.6946,0.005197
2023-09-01,3.6738,-0.00563
2023-09-04,3.686,0.003321
2023-09-05,3.6657,-0.005507
2023-09-06,3.6991,0.009111
2023-09-07,3.6373,-0.016707
2023-09-08,3.642,0.001292
2023-09-11,3.6504,0.002306
2023-09-12,3.64,-0.002849
2023-09-13,3.607,-0.009066
2023-09-14,3.5785,-0.007901
2023-09-15,3.5744,-0.001146
2023-09-18,3.5536,-0.005819
2023-09-19,3.5326,-0.00591
2023-09-20,3.5094,-0.006567
2023-09-21,3.509,-0.000114
2023-09-22,3.5586,0.014135
2023-09-25,3.5428,-0.00444
2023-09-26,3.5572,0.004065
2023-09-27,3.5537,-0.000984
2023-09-28,3.579,0.007119
2023-10-09,3.5811,0.000587
2023-10-10,3.5794,-0.000475
2023-10-11,3.6116,0.008996
2023-10-12,3.6157,0.001135
2023-10-13,3.5929,-0.006306
2023-10-16,3.5538,-0.010883
2023-10-17,3.5666,0.003602
2023-10-18,3.5292,-0.010486
2023-10-19,3.5546,0.007197
2023-10-20,3.5042,-0.014179
2023-10-23,3.4354,-0.019634
2023-10-24,3.4473,0.003464
2023-10-25,3.4523,0.00145
2023-10-26,3.4548,0.000724
2023-10-27,3.4776,0.0066
2023-10-30,3.5467,0.01987
2023-10-31,3.5502,0.000987
2023-11-01,3.5396,-0.002986
2023-11-02,3.5063,-0.009408
2023-11-03,3.5597,0.01523
2023-11-06,3.597,0.010478
2023-11-07,3.6105,0.003753
2023-11-08,3.6407,0.008364
2023-11-09,3.6245,-0.00445
2023-11-10,3.6241,-0.00011
2023-11-13,3.6312,0.001959
2023-11-14,3.6711,0.010988
2023-11-15,3.6637,-0.002016
2023-11-16,3.6347,-0.007915
2023-11-17,3.6469,0.003357
2023-11-20,3.67,0.006334
2023-11-21,3.6327,-0.010163
2023-11-22,3.6062,-0.007295
2023-11-23,3.6251,0.005241
2023-11-24,3.5734,-0.014262
2023-11-27,3.6061,0.009151
2023-11-28,3.6192,0.003633
2023-11-29,3.6124,-0.001879
2023-11-30,3.6116,-0.000221
2023-12-01,3.6258,0.003932
2023-12-04,3.6227,-0.000855
2023-12-05,3.5717,-0.014078
2023-12-06,3.5878,0.004508
2023-12-07,3.5766,-0.003122
2023-12-08,3.6595,0.023178
2023-12-11,3.6876,0.007679
2023-12-12,3.6646,-0.006237
2023-12-13,3.6319,-0.008923
2023-12-14,3.6149,-0.004681
2023-12-15,3.5995,-0.00426
2023-12-18,3.5756,-0.00664
2023-12-19,3.5969,0.005957
2023-12-20,3.5613,-0.009897
2023-12-21,3.5867,0.007132
2023-12-22,3.5549,-0.008866
2023-12-25,3.5419,-0.003657
2023-12-26,3.495,-0.013241
2023-12-27,3.5223,0.007811
2023-12-28,3.555,0.009284
2023-12-29,3.5882,0.009339
2023-12-31,3.5881,-2.8e-05
2024-01-02,3.5505,-0.010479
2024-01-03,3.5144,-0.010168
2024-01-04,3.4963,-0.00515
2024-01-05,3.4474,-0.013986
2024-01-08,3.3937,-0.015577
2024-01-09,3.3906,-0.000913
2024-01-10,3.3725,-0.005338
2024-01-11,3.4102,0.011179
2024-01-12,3.3807,-0.008651
2024-01-15,3.3853,0.001361
2024-01-16,3.3876,0.000679
2024-01-17,3.3459,-0.01231
2024-01-18,3.3881,0.012612
2024-01-19,3.3733,-0.004368
2024-01-22,3.3231,-0.014882
2024-01-23,3.3545,0.009449
2024-01-24,3.3486,-0.001759
2024-01-25,3.3889,0.012035
2024-01-26,3.3297,-0.017469
2024-01-29,3.2481,-0.024507
2024-01-30,3.2029,-0.013916
2024-01-31,3.1723,-0.009554
2024-02-01,3.232,0.018819
2024-02-02,3.1956,-0.011262
2024-02-05,3.1905,-0.001596
2024-02-06,3.3097,0.037361
2024-02-07,3.3286,0.00571
2024-02-08,3.3812,0.015802
2024-02-19,3.5111,0.038418
2024-02-20,3.5077,-0.000968
2024-02-21,3.4703,-0.010662
2024-02-22,3.5159,0.01314
2024-02-23,3.5091,-0.001934
2024-02-26,3.5316,0.006412
2024-02-27,3.6433,0.031629
2024-02-28,3.5332,-0.03022
2024-02-29,3.6265,0.026407
2024-03-01,3.6905,0.017648
2024-03-04,3.7432,0.01428
2024-03-05,3.7325,-0.002859
2024-03-06,3.7131,-0.005198
2024-03-07,3.6759,-0.010019
2024-03-08,3.7641,0.023994
2024-03-11,3.7963,0.008555
2024-03-12,3.7496,-0.012301
2024-03-13,3.7458,-0.001013
2024-03-14,3.7294,-0.004378
2024-03-15,3.7723,0.011503
2024-03-18,3.8572,0.022506
2024-03-19,3.8224,-0.009022
2024-03-20,3.8168,-0.001465
2024-03-21,3.7949,-0.005738
2024-03-22,3.78,-0.003926
2024-03-25,3.7381,-0.011085
2024-03-26,3.7172,-0.005591
2024-03-27,3.659,-0.015657
2024-03-28,3.7123,0.014567
2024-03-29,3.7063,-0.001616
2024-04-01,3.7459,0.010685
2024-04-02,3.7094,-0.009744
2024-04-03,3.6605,-0.013183
2024-04-08,3.6477,-0.003497
2024-04-09,3.644,-0.001014
2024-04-10,3.5938,-0.013776
2024-04-11,3.6074,0.003784
2024-04-12,3.6134,0.001663
2024-04-15,3.6442,0.008524
2024-04-16,3.5973,-0.01287
2024-04-17,3.6508,0.014872
2024-04-18,3.6353,-0.004246
2024-04-19,3.5823,-0.014579
2024-04-22,3.5666,-0.004383
2024-04-23,3.5576,-0.002523
2024-04-24,3.6063,0.013689
2024-04-25,3.5875,-0.005213
2024-04-26,3.6604,0.020321
2024-04-29,3.7129,0.014343
2024-04-30,3.705,-0.002128
2024-05-06,3.7111,0.001646
2024-05-07,3.6839,-0.007329
2024-05-08,3.6651,-0.005103
2024-05-09,3.7028,0.010286
2024-05-10,3.6698,-0.008912
2024-05-13,3.6589,-0.00297
2024-05-14,3.6438,-0.004127
2024-05-15,3.6388,-0.001372
2024-05-16,3.6525,0.003765
2024-05-17,3.659,0.00178
2024-05-20,3.6897,0.00839
2024-05-21,3.6835,-0.00168
2024-05-22,3.692,0.002308
2024-05-23,3.6657,-0.007124
2024-05-24,3.6123,-0.014567
2024-05-27,3.6537,0.011461
2024-05-28,3.6252,-0.0078
2024-05-29,3.6189,-0.001738
2024-05-30,3.6174,-0.000414
2024-05-31,3.607,-0.002875
2024-06-03,3.6579,0.014111
2024-06-04,3.664,0.001668
2024-06-05,3.6323,-0.008652
2024-06-06,3.632,-8.3e-05
2024-06-07,3.5958,-0.009967
2024-06-11,3.6249,0.008093
2024-06-12,3.6349,0.002759
2024-06-13,3.6725,0.010344
2024-06-14,3.7265,0.014704
2024-06-17,3.7616,0.009419
2024-06-18,3.7852,0.006274
2024-06-19,3.7789,-0.001664
2024-06-20,3.767,-0.003149
2024-06-21,3.7652,-0.000478
2024-06-24,3.7127,-0.013943
2024-06-25,3.6466,-0.017804
2024-06-26,3.6997,0.014562
2024-06-27,3.6577,-0.011352
2024-06-28,3.6642,0.001777
2024-06-30,3.664,-5.5e-05
2024-07-01,3.6882,0.006605
2024-07-02,3.6524,-0.009707
2024-07-03,3.6434,-0.002464
2024-07-04,3.6267,-0.004584
2024-07-05,3.6323,0.001544
2024-07-08,3.6325,5.5e-05
2024-07-09,3.7093,0.021142
2024-07-10,3.7216,0.003316
2024-07-11,3.7344,0.003439
2024-07-12,3.718,-0.004392
2024-07-15,3.7066,-0.003066
2024-07-16,3.7725,0.017779
2024-07-17,3.7307,-0.01108
2024-07-18,3.739,0.002225
2024-07-19,3.7489,0.002648
2024-07-22,3.7439,-0.001334
2024-07-23,3.6615,-0.022009
2024-07-24,3.6479,-0.003714
2024-07-25,3.6163,-0.008663
2024-07-26,3.628,0.003235
2024-07-29,3.6272,-0.000221
2024-07-30,3.6087,-0.0051
2024-07-31,3.6802,0.019813
2024-08-01,3.674,-0.001685
2024-08-02,3.5958,-0.021285
2024-08-05,3.5063,-0.02489
2024-08-06,3.5421,0.01021
2024-08-07,3.5309,-0.003162
2024-08-08,3.5259,-0.001416
2024-08-09,3.5395,0.003857
2024-08-12,3.544,0.001271
2024-08-13,3.5577,0.003866
2024-08-14,3.5343,-0.006577
2024-08-15,3.5361,0.000509
2024-08-16,3.5584,0.006306
2024-08-19,3.561,0.000731
2024-08-20,3.5407,-0.005701
2024-08-21,3.5554,0.004152
2024-08-22,3.5415,-0.00391
2024-08-23,3.5313,-0.00288
2024-08-26,3.5175,-0.003908
2024-08-27,3.4986,-0.005373
2024-08-28,3.4882,-0.002973
2024-08-29,3.4837,-0.00129
2024-08-30,3.5436,0.017194
2024-09-02,3.4855,-0.016396
2024-09-03,3.4953,0.002812
2024-09-04,3.4802,-0.00432
2024-09-05,3.4711,-0.002615
2024-09-06,3.438,-0.009536
2024-09-09,3.4247,-0.003869
2024-09-10,3.4461,0.006249
2024-09-11,3.4619,0.004585
2024-09-12,3.4524,-0.002744
2024-09-13,3.4619,0.002752
2024-09-18,3.4512,-0.003091
2024-09-19,3.4435,-0.002231
2024-09-20,3.4443,0.000232
2024-09-23,3.4419,-0.000697
2024-09-24,3.5377,0.027833
2024-09-25,3.5321,-0.001583
2024-09-26,3.5881,0.015855
2024-09-27,3.7047,0.032496
2024-09-30,4.0047,0.080978
2024-10-08,4.3393,0.083552
2024-10-09,4.172,-0.038555
2024-10-10,4.1219,-0.012009
2024-10-11,4.0214,-0.024382
2024-10-14,4.0893,0.016885
2024-10-15,4.017,-0.01768
2024-10-16,3.9234,-0.023301
2024-10-17,3.9398,0.00418
2024-10-18,4.174,0.059445
2024-10-21,4.1912,0.004121
2024-10-22,4.1917,0.000119
2024-10-23,4.1557,-0.008588
2024-10-24,4.1528,-0.000698
2024-10-25,4.1882,0.008524
2024-10-28,4.1503,-0.009049
2024-10-29,4.1156,-0.008361
2024-10-30,4.1101,-0.001336
2024-10-31,4.1522,0.010243
2024-11-01,4.0555,-0.023289
2024-11-04,4.1046,0.012107
2024-11-05,4.1925,0.021415
2024-11-06,4.1708,-0.005176
2024-11-07,4.2267,0.013403
2024-11-08,4.2282,0.000355
2024-11-11,4.3344,0.025117
2024-11-12,4.2874,-0.010843
2024-11-13,4.3464,0.013761
2024-11-14,4.2311,-0.026528
2024-11-15,4.1018,-0.030559
2024-11-18,4.0114,-0.022039
2024-11-19,4.0988,0.021788
2024-11-20,4.1379,0.009539
2024-11-21,4.1451,0.00174
2024-11-22,4.0538,-0.022026
2024-11-25,4.0088,-0.011101
2024-11-26,3.9945,-0.003567
2024-11-27,4.0698,0.018851
2024-11-28,4.0558,-0.00344
2024-11-29,4.1047,0.012057
2024-12-02,4.1555,0.012376
2024-12-03,4.1214,-0.008206
2024-12-04,4.0794,-0.010191
2024-12-05,4.1051,0.0063
2024-12-06,4.1135,0.002046
2024-12-09,4.0713,-0.010259
2024-12-10,4.0793,0.001965
2024-12-11,4.1197,0.009904
2024-12-12,4.1342,0.00352
2024-12-13,4.0883,-0.011103
2024-12-16,4.0613,-0.006604
2024-12-17,4.0351,-0.006451
2024-12-18,4.0883,0.013184
2024-12-19,4.1439,0.0136
2024-12-20,4.2183,0.017954
2024-12-23,4.1564,-0.014674
2024-12-24,4.1844,0.006737
2024-12-25,4.1918,0.001768
2024-12-26,4.2834,0.021852
2024-12-27,4.2276,-0.013027
2024-12-30,4.2209,-0.001585
2024-12-31,4.1248,-0.022768
2025-01-02,4.0423,-0.020001
2025-01-03,3.9751,-0.016624
2025-01-06,3.9795,0.001107
2025-01-07,4.108,0.03229
2025-01-08,4.1018,-0.001509
2025-01-09,4.1152,0.003267
2025-01-10,4.0751,-0.009744
2025-01-13,4.0714,-0.000908
2025-01-14,4.1612,0.022056
2025-01-15,4.1252,-0.008651
2025-01-16,4.1055,-0.004776
2025-01-17,4.1255,0.004872
2025-01-20,4.1577,0.007805
2025-01-21,4.1933,0.008562
2025-01-22,4.2212,0.006653
2025-01-23,4.1803,-0.009689
2025-01-24,4.2283,0.011482
2025-01-27,4.1005,-0.030225
2025-02-05,4.08,-0.004999
2025-02-06,4.1735,0.022917
2025-02-07,4.2204,0.011238
2025-02-10,4.2657,0.010734
2025-02-11,4.2516,-0.003305
2025-02-12,4.2941,0.009996
2025-02-13,4.2035,-0.021099
2025-02-14,4.2023,-0.000285
2025-02-17,4.2689,0.015848
2025-02-18,4.1991,-0.016351
2025-02-19,4.2769,0.018528
2025-02-20,4.2778,0.00021
2025-02-21,4.413,0.031605
2025-02-24,4.4086,-0.000997
2025-02-25,4.4139,0.001202
2025-02-26,4.4308,0.003829
2025-02-27,4.3871,-0.009863
2025-02-28,4.2144,-0.039365
2025-03-03,4.1959,-0.00439
2025-03-04,4.2374,0.009891
2025-03-05,4.2563,0.00446
2025-03-06,4.3304,0.017409
2025-03-07,4.3023,-0.006489
2025-03-10,4.333,0.007136
2025-03-11,4.3228,-0.002354
2025-03-12,4.3278,0.001157
2025-03-13,4.2594,-0.015805
2025-03-14,4.302,0.010001
2025-03-17,4.3295,0.006392
2025-03-18,4.3589,0.006791
2025-03-19,4.2905,-0.015692
2025-03-20,4.2844,-0.001422
2025-03-21,4.2191,-0.015241
2025-03-24,4.2324,0.003152
2025-03-25,4.1695,-0.014862
2025-03-26,4.1693,-4.8e-05
2025-03-27,4.1758,0.001559
2025-03-28,4.1371,-0.009268
2025-03-31,4.1326,-0.001088
2025-04-01,4.1445,0.00288
2025-04-02,4.1522,0.001858
2025-04-03,4.0905,-0.01486
2025-04-07,3.795,-0.072241
2025-04-08,3.7828,-0.003215
2025-04-09,3.8558,0.019298
2025-04-10,3.9126,0.014731
2025-04-11,3.995,0.02106
2025-04-14,4.0274,0.00811
2025-04-15,3.9971,-0.007523
2025-04-16,3.974,-0.005779
2025-04-17,4.0081,0.008581
2025-04-18,3.9875,-0.00514
2025-04-21,4.0486,0.015323
2025-04-22,4.0276,-0.005187
2025-04-23,4.0381,0.002607
2025-04-24,3.9955,-0.01055
2025-04-25,4.0174,0.005481
2025-04-28,4.0196,0.000548
2025-04-29,4.0317,0.00301
2025-04-30,4.0656,0.008408
2025-05-06,4.1092,0.010724
2025-05-07,4.067,-0.01027
2025-05-08,4.0532,-0.003393
2025-05-09,3.9806,-0.017912
2025-05-12,4.0036,0.005778
2025-05-13,3.9904,-0.003297
2025-05-14,3.984,-0.001604
2025-05-15,3.9046,-0.01993
2025-05-16,3.8958,-0.002254
2025-05-19,3.9076,0.003029
2025-05-20,3.9093,0.000435
2025-05-21,3.8793,-0.007674
2025-05-22,3.8769,-0.000619
2025-05-23,3.8441,-0.00846
2025-05-26,3.8677,0.006139
2025-05-27,3.8284,-0.010161
2025-05-28,3.8198,-0.002246
2025-05-29,3.8865,0.017462
2025-05-30,3.8505,-0.009263
2025-06-03,3.8551,0.001195
2025-06-04,3.8785,0.00607
2025-06-05,3.9439,0.016862
2025-06-06,3.9346,-0.002358
2025-06-09,3.9727,0.009683
2025-06-10,3.9345,-0.009616
2025-06-11,3.9311,-0.000864
2025-06-12,3.9349,0.000967
2025-06-13,3.8801,-0.013927
2025-06-16,3.9212,0.010593
2025-06-17,3.8932,-0.007141
2025-06-18,3.899,0.00149
2025-06-19,3.8748,-0.006207
2025-06-20,3.8186,-0.014504
2025-06-23,3.8372,0.004871
2025-06-24,3.8905,0.01389
2025-06-25,3.9418,0.013186
2025-06-26,3.9563,0.003679
2025-06-27,3.956,-7.6e-05
2025-06-30,4.0238,0.017139
2025-07-01,3.9978,-0.006462
2025-07-02,3.9512,-0.011656
2025-07-03,3.9518,0.000152
2025-07-04,3.9542,0.000607
2025-07-07,3.9393,-0.003768
2025-07-08,3.981,0.010586
2025-07-09,4.0063,0.006355
2025-07-10,3.9893,-0.004243
2025-07-11,4.0304,0.010303
2025-07-14,4.0336,0.000794
2025-07-15,4.132,0.024395
2025-07-16,4.1267,-0.001283
2025-07-17,4.1375,0.002617
2025-07-18,4.1512,0.003311
2025-07-21,4.1713,0.004842
2025-07-22,4.1619,-0.002253
2025-07-23,4.1849,0.005526
2025-07-24,4.2213,0.008698
2025-07-25,4.2781,0.013456
2025-07-28,4.2548,-0.005446
2025-07-29,4.2857,0.007262
2025-07-30,4.2654,-0.004737
2025-07-31,4.2741,0.00204
2025-08-01,4.3372,0.014763
2025-08-04,4.3882,0.011759
2025-08-05,4.3692,-0.00433
2025-08-06,4.4013,0.007347
2025-08-07,4.4091,0.001772
2025-08-08,4.2573,-0.034429
2025-08-11,4.2975,0.009443
2025-08-12,4.289,-0.001978
2025-08-13,4.3231,0.007951
2025-08-14,4.2786,-0.010294
2025-08-15,4.3294,0.011873
2025-08-18,4.4199,0.020904
2025-08-19,4.4451,0.005701
2025-08-20,4.4264,-0.004207
2025-08-21,4.4395,0.00296
2025-08-22,4.5306,0.02052
2025-08-25,4.5755,0.00991
2025-08-26,4.5733,-0.000481
2025-08-27,4.5198,-0.011698
2025-08-28,4.5193,-0.000111
2025-08-29,4.4585,-0.013453
2025-09-01,4.4487,-0.002198
2025-09-02,4.3218,-0.028525
2025-09-03,4.2618,-0.013883
2025-09-04,4.1676,-0.022103
2025-09-05,4.2211,0.012837
2025-09-08,4.2579,0.008718
2025-09-09,4.2131,-0.010522
2025-09-10,4.2279,0.003513
2025-09-11,4.3209,0.021997
2025-09-12,4.3313,0.002407
2025-09-15,4.3131,-0.004202
2025-09-16,4.3653,0.012103
2025-09-17,4.3846,0.004421
2025-09-18,4.3316,-0.012088
2025-09-19,4.2973,-0.007919
2025-09-22,4.3389,0.00968
2025-09-23,4.2696,-0.015972
2025-09-24,4.3408,0.016676
2025-09-25,4.4182,0.017831
2025-09-26,4.3304,-0.019872
2025-09-29,4.3757,0.010461
2025-09-30,4.4741,0.022488
2025-10-09,4.5939,0.026776
2025-10-10,4.4545,-0.030345
2025-10-13,4.4652,0.002402
2025-10-14,4.335,-0.029159
2025-10-15,4.3652,0.006967
2025-10-16,4.3274,-0.008659
2025-10-17,4.2228,-0.024172
2025-10-20,4.2268,0.000947
2025-10-21,4.2716,0.010599
2025-10-22,4.2513,-0.004752
2025-10-23,4.2492,-0.000494
2025-10-24,4.327,0.018309
2025-10-27,4.3553,0.00654
2025-10-28,4.3626,0.001676
2025-10-29,4.3903,0.006349
2025-10-30,4.3529,-0.008519
2025-10-31,4.3814,0.006547
2025-11-03,4.4152,0.007714
2025-11-04,4.3674,-0.010826
2025-11-05,4.3573,-0.002313
2025-11-06,4.3894,0.007367
2025-11-07,4.3579,-0.007176
2025-11-10,4.3429,-0.003442
2025-11-11,4.3139,-0.006678
2025-11-12,4.2981,-0.003663
2025-11-13,4.3235,0.00591
2025-11-14,4.2873,-0.008373
2025-11-17,4.2858,-0.00035
2025-11-18,4.2818,-0.000933
2025-11-19,4.274,-0.001822
2025-11-20,4.2441,-0.006996
2025-11-21,4.1818,-0.014679
2025-11-24,4.2256,0.010474
2025-11-25,4.2535,0.006603
2025-11-26,4.2409,-0.002962
2025-11-27,4.2196,-0.005023
2025-11-28,4.2373,0.004195
2025-12-01,4.2581,0.004909
2025-12-02,4.2352,-0.005378
2025-12-03,4.2226,-0.002975
2025-12-04,4.2113,-0.002676
2025-12-05,4.2552,0.010424
2025-12-08,4.2922,0.008695
2025-12-09,4.2494,-0.009972
2025-12-10,4.2386,-0.002542
2025-12-11,4.2029,-0.008423
2025-12-12,4.2232,0.00483
2025-12-15,4.1792,-0.010419
2025-12-16,4.1267,-0.012562
2025-12-17,4.1959,0.016769
2025-12-18,4.1702,-0.006125
2025-12-19,4.1823,0.002902
2025-12-22,4.2048,0.00538
2025-12-23,4.2172,0.002949
2025-12-24,4.242,0.005881
2025-12-25,4.2469,0.001155
2025-12-26,4.2789,0.007535
2025-12-29,4.2715,-0.001729
2025-12-30,4.2981,0.006227
2025-12-31,4.3074,0.002164
2026-01-05,4.4733,0.038515
2026-01-06,4.5614,0.019695
2026-01-07,4.5801,0.0041
2026-01-08,4.5749,-0.001135
2026-01-09,4.651,0.016634
2026-01-12,4.7498,0.021243
2026-01-13,4.7925,0.00899
2026-01-14,4.8588,0.013834
2026-01-15,4.8518,-0.001441
2026-01-16,4.8141,-0.00777
2026-01-19,4.856,0.008704
2026-01-20,4.8431,-0.002657
2026-01-21,4.8556,0.002581
2026-01-22,4.8584,0.000577
2026-01-23,4.9569,0.020274
2026-01-26,4.9112,-0.009219
2026-01-27,4.9372,0.005294
2026-01-28,4.8778,-0.012031
2026-01-29,4.8588,-0.003895
2026-01-30,4.7527,-0.021837
2026-02-02,4.6348,-0.024807
2026-02-03,4.7343,0.021468
2026-02-04,4.6751,-0.012504
2026-02-05,4.6335,-0.008898
2026-02-06,4.6158,-0.00382
2026-02-09,4.678,0.013475
2026-02-10,4.6776,-8.6e-05
2026-02-11,4.6869,0.001988
2026-02-12,4.7056,0.00399
2026-02-13,4.6814,-0.005143
2026-02-24,4.6924,0.00235
2026-02-25,4.7138,0.004561
2026-02-26,4.7679,0.011477
2026-02-27,4.8028,0.00732
2026-03-02,4.7733,-0.006142
2026-03-03,4.5911,-0.038171
2026-03-04,4.5716,-0.004247
2026-03-05,4.6011,0.006453
2026-03-06,4.6302,0.006325
2026-03-09,4.6053,-0.005378
2026-03-10,4.6243,0.004126
2026-03-11,4.633,0.001881
2026-03-12,4.6133,-0.004252
2026-03-13,4.5636,-0.010773
2026-03-16,4.5319,-0.006946
2026-03-17,4.4725,-0.013107
2026-03-18,4.467,-0.00123
2026-03-19,4.4015,-0.014663
2026-03-20,4.3821,-0.004408
2026-03-23,4.3243,-0.01319
2026-03-24,4.3725,0.011146
2026-03-25,4.394,0.004917
2026-03-26,4.3969,0.00066
2026-03-27,4.4385,0.009461
2026-03-30,4.439,0.000113
2026-03-31,4.388,-0.011489
2026-04-01,4.4008,0.002917
2026-04-02,4.3856,-0.003454
2026-04-03,4.3498,-0.008163
2026-04-07,4.3615,0.00269
2026-04-08,4.406,0.010203
2026-04-09,4.4015,-0.001021
2026-04-10,4.4111,0.002181
2026-04-13,4.4485,0.008479
2026-04-14,4.4754,0.006047
2026-04-15,4.4398,-0.007955
2026-04-16,4.4801,0.009077
2026-04-17,4.4695,-0.002366
2026-04-20,4.4639,-0.001253
2026-04-21,4.4735,0.002151
2026-04-22,4.4823,0.001967
2026-04-23,4.468,-0.00319
2026-04-24,4.5169,0.010944
2026-04-27,4.5415,0.005446
2026-04-28,4.5191,-0.004932
2026-04-29,4.5734,0.012016
2026-04-30,4.585,0.002536
2026-05-06,4.597,0.002617
2026-05-07,4.5529,-0.009593
2026-05-08,4.5461,-0.001494
2026-05-11,4.5724,0.005785
2026-05-12,4.5508,-0.004724
2026-05-13,4.548,-0.000615
2026-05-14,4.496,-0.011434
2026-05-15,4.4902,-0.00129
2026-05-18,4.4846,-0.001247
2026-05-19,4.4758,-0.001962
2026-05-20,4.4722,-0.000804
2026-05-21,4.4012,-0.015876
2026-05-22,4.4067,0.00125
2026-05-25,4.4222,0.003517
2026-05-26,4.3945,-0.006264
2026-05-27,4.3468,-0.010854
2026-05-28,4.399,0.012009
2026-05-29,4.3386,-0.01373
2026-06-01,4.3531,0.003342
2026-06-02,4.3686,0.003561
2026-06-03,4.4046,0.008241
2026-06-04,4.4128,0.001862
2026-06-05,4.3342,-0.017812
2026-06-08,4.2454,-0.020488
2026-06-09,4.2991,0.012649
2026-06-10,4.2394,-0.013887
2026-06-11,4.2441,0.001109
2026-06-12,4.2789,0.0082
2026-06-15,4.3282,0.011522
2026-06-16,4.3477,0.004505
2026-06-17,4.4047,0.01311
2026-06-18,4.3859,-0.004268
2026-06-22,4.4206,0.007912
2026-06-23,4.3271,-0.021151
2026-06-24,4.405,0.018003
2026-06-25,4.4722,0.015255
2026-06-26,4.3694,-0.022986
2026-06-29,4.3556,-0.003158
2026-06-30,4.4757,0.027574
2026-07-01,4.449,-0.005966
2026-07-02,4.3384,-0.02486
2026-07-03,4.2745,-0.014729
2026-07-06,4.1948,-0.018645
2026-07-07,4.1422,-0.012539
2026-07-08,4.0921,-0.012095
2026-07-09,4.2354,0.035019
2026-07-10,4.1209,-0.027034
2026-07-13,3.98,-0.034192
2026-07-14,4.0504,0.017688
2026-07-15,3.9801,-0.017356
2026-07-16,3.8921,-0.02211
2026-07-17,3.6461,-0.063205
2026-07-20,3.4983,-0.040536
2026-07-21,3.6491,0.043107
2026-07-22,3.6166,-0.008906
2026-07-23,3.5814,-0.009733
2026-07-24,3.5296,-0.014464
2026-07-27,3.5988,0.019606
2026-07-28,3.4433,-0.043209
2026-07-29,3.4085,-0.010107
2026-07-30,3.2556,-0.044858
2026-07-31,3.3137,0.017846
2026-08-03,3.2751,-0.011649
2026-08-04,3.408,0.040579
2026-08-05,3.4841,0.02233
2026-08-06,3.5395,0.015901
2026-08-07,3.6261,0.024467
2026-08-10,3.5948,-0.008632
2026-08-11,3.5967,0.000529
2026-08-12,3.6559,0.01646
2026-08-13,3.6629,0.001915
2026-08-14,3.7416,0.021486
2026-08-17,3.8593,0.031457
2026-08-18,3.8629,0.000933
2026-08-19,3.6584,-0.05294
2026-08-20,3.7502,0.025093
2026-08-21,3.7752,0.006666
2026-08-24,3.725,-0.013297
2026-08-25,3.7533,0.007597
2026-08-26,3.7554,0.00056
2026-08-27,3.871,0.030782
2026-08-28,3.8297,-0.010669
2026-08-31,3.8841,0.014205
2026-09-01,3.8276,-0.014546
2026-09-02,3.7766,-0.013324
2026-09-03,3.8239,0.012524
2026-09-04,3.7479,-0.019875
2026-09-07,3.9013,0.04093
2026-09-08,3.8876,-0.003512
2026-09-09,3.8554,-0.008283
2026-09-10,3.8266,-0.00747
2026-09-11,3.7681,-0.015288
2026-09-14,3.779,0.002893
2026-09-15,3.7968,0.00471
2026-09-16,3.9325,0.035741
2026-09-17,3.9349,0.00061
2026-09-18,4.0432,0.027523
2026-09-21,4.0677,0.00606
2026-09-22,4.068,7.4e-05
2026-09-23,4.1039,0.008825
2026-09-24,4.0318,-0.017569
2026-09-28,3.8615,-0.042239
2026-09-29,3.8717,0.002641
2026-09-30,3.8332,-0.009944
