净值日期,累计净值,daily_return
2002-11-08,1.0,
2002-12-19,0.994,-0.006
2002-12-20,0.997,0.003018
2002-12-23,0.997,0.0
2002-12-24,0.997,0.0
2002-12-25,0.995,-0.002006
2002-12-26,0.987,-0.00804
2002-12-27,0.987,0.0
2002-12-30,0.984,-0.00304
2002-12-31,0.983,-0.001016
2003-01-02,0.973,-0.010173
2003-01-03,0.972,-0.001028
2003-01-06,0.975,0.003086
2003-01-07,0.974,-0.001026
2003-01-08,0.985,0.011294
2003-01-09,0.992,0.007107
2003-01-10,0.99,-0.002016
2003-01-13,0.991,0.00101
2003-01-14,1.013,0.0222
2003-01-15,1.011,-0.001974
2003-01-16,1.019,0.007913
2003-01-17,1.016,-0.002944
2003-01-20,1.017,0.000984
2003-01-21,1.009,-0.007866
2003-01-22,1.009,0.0
2003-01-23,1.007,-0.001982
2003-01-24,1.015,0.007944
2003-01-27,1.022,0.006897
2003-01-28,1.024,0.001957
2003-01-29,1.024,0.0
2003-02-10,1.014,-0.009766
2003-02-11,1.019,0.004931
2003-02-12,1.027,0.007851
2003-02-13,1.023,-0.003895
2003-02-14,1.027,0.00391
2003-02-17,1.02,-0.006816
2003-02-18,1.019,-0.00098
2003-02-19,1.026,0.006869
2003-02-20,1.026,0.0
2003-02-21,1.012,-0.013645
2003-02-24,1.013,0.000988
2003-02-25,1.026,0.012833
2003-02-26,1.027,0.000975
2003-02-27,1.027,0.0
2003-02-28,1.026,-0.000974
2003-03-03,1.034,0.007797
2003-03-04,1.034,0.0
2003-03-05,1.031,-0.002901
2003-03-06,1.021,-0.009699
2003-03-07,1.019,-0.001959
2003-03-10,1.005,-0.013739
2003-03-11,1.004,-0.000995
2003-03-12,1.008,0.003984
2003-03-13,1.003,-0.00496
2003-03-14,1.004,0.000997
2003-03-17,1.006,0.001992
2003-03-18,1.003,-0.002982
2003-03-19,1.008,0.004985
2003-03-20,1.007,-0.000992
2003-03-21,1.013,0.005958
2003-03-24,1.015,0.001974
2003-03-25,1.007,-0.007882
2003-03-26,1.006,-0.000993
2003-03-27,1.027,0.020875
2003-03-28,1.026,-0.000974
2003-03-31,1.039,0.012671
2003-04-01,1.044,0.004812
2003-04-02,1.044,0.0
2003-04-03,1.038,-0.005747
2003-04-04,1.044,0.00578
2003-04-07,1.041,-0.002874
2003-04-08,1.046,0.004803
2003-04-09,1.063,0.016252
2003-04-10,1.071,0.007526
2003-04-11,1.088,0.015873
2003-04-14,1.111,0.02114
2003-04-15,1.122,0.009901
2003-04-16,1.108,-0.012478
2003-04-17,1.111,0.002708
2003-04-18,1.106,-0.0045
2003-04-21,1.086,-0.018083
2003-04-22,1.084,-0.001842
2003-04-23,1.069,-0.013838
2003-04-24,1.046,-0.021515
2003-04-25,1.039,-0.006692
2003-04-28,1.075,0.034649
2003-04-29,1.061,-0.013023
2003-04-30,1.07,0.008483
2003-05-12,1.08,0.009346
2003-05-13,1.055,-0.023148
2003-05-14,1.072,0.016114
2003-05-15,1.093,0.01959
2003-05-16,1.093,0.0
2003-05-19,1.092,-0.000915
2003-05-20,1.081,-0.010073
2003-05-21,1.079,-0.00185
2003-05-22,1.087,0.007414
2003-05-23,1.096,0.00828
2003-05-26,1.101,0.004562
2003-05-27,1.101,0.0
2003-05-28,1.09,-0.009991
2003-05-29,1.101,0.010092
2003-05-30,1.107,0.00545
2003-06-02,1.107,0.0
2003-06-03,1.098,-0.00813
2003-06-04,1.106,0.007286
2003-06-05,1.095,-0.009946
2003-06-06,1.086,-0.008219
2003-06-09,1.077,-0.008287
2003-06-10,1.082,0.004643
2003-06-11,1.097,0.013863
2003-06-12,1.094,-0.002735
2003-06-13,1.097,0.002742
2003-06-16,1.093,-0.003646
2003-06-17,1.089,-0.00366
2003-06-18,1.089,0.0
2003-06-19,1.08,-0.008264
2003-06-20,1.074,-0.005556
2003-06-23,1.066,-0.007449
2003-06-24,1.067,0.000938
2003-06-25,1.061,-0.005623
2003-06-26,1.07,0.008483
2003-06-27,1.059,-0.01028
2003-06-30,1.058,-0.000944
2003-07-01,1.06,0.00189
2003-07-02,1.07,0.009434
2003-07-03,1.073,0.002804
2003-07-04,1.073,0.0
2003-07-07,1.076,0.002796
2003-07-08,1.08,0.003717
2003-07-09,1.075,-0.00463
2003-07-10,1.096,0.019535
2003-07-11,1.095,-0.000912
2003-07-14,1.093,-0.001826
2003-07-15,1.094,0.000915
2003-07-16,1.1,0.005484
2003-07-17,1.109,0.008182
2003-07-18,1.09,-0.017133
2003-07-21,1.087,-0.002752
2003-07-22,1.087,0.0
2003-07-23,1.089,0.00184
2003-07-24,1.084,-0.004591
2003-07-25,1.076,-0.00738
2003-07-28,1.074,-0.001859
2003-07-29,1.078,0.003724
2003-07-30,1.08,0.001855
2003-07-31,1.08,0.0
2003-08-01,1.082,0.001852
2003-08-04,1.091,0.008318
2003-08-05,1.09,-0.000917
2003-08-06,1.083,-0.006422
2003-08-07,1.083,0.0
2003-08-08,1.073,-0.009234
2003-08-11,1.075,0.001864
2003-08-12,1.077,0.00186
2003-08-13,1.066,-0.010214
2003-08-14,1.06,-0.005629
2003-08-15,1.058,-0.001887
2003-08-18,1.056,-0.00189
2003-08-19,1.059,0.002841
2003-08-20,1.055,-0.003777
2003-08-21,1.054,-0.000948
2003-08-22,1.052,-0.001898
2003-08-25,1.042,-0.009506
2003-08-26,1.043,0.00096
2003-08-27,1.042,-0.000959
2003-08-28,1.037,-0.004798
2003-08-29,1.043,0.005786
2003-09-01,1.057,0.013423
2003-09-02,1.055,-0.001892
2003-09-03,1.053,-0.001896
2003-09-04,1.052,-0.00095
2003-09-05,1.043,-0.008555
2003-09-08,1.039,-0.003835
2003-09-09,1.034,-0.004812
2003-09-10,1.037,0.002901
2003-09-11,1.038,0.000964
2003-09-12,1.031,-0.006744
2003-09-15,1.023,-0.007759
2003-09-16,1.027,0.00391
2003-09-17,1.018,-0.008763
2003-09-18,1.019,0.000982
2003-09-19,1.02,0.000981
2003-09-22,1.014,-0.005882
2003-09-23,1.018,0.003945
2003-09-24,1.019,0.000982
2003-09-25,1.009,-0.009814
2003-09-26,1.007,-0.001982
2003-09-29,0.998,-0.008937
2003-09-30,1.006,0.008016
2003-10-08,1.007,0.000994
2003-10-09,1.005,-0.001986
2003-10-10,1.023,0.01791
2003-10-13,1.019,-0.00391
2003-10-14,1.014,-0.004907
2003-10-15,1.01,-0.003945
2003-10-16,1.001,-0.008911
2003-10-17,1.004,0.002997
2003-10-20,0.999,-0.00498
2003-10-21,1.002,0.003003
2003-10-22,1.023,0.020958
2003-10-23,1.017,-0.005865
2003-10-24,1.015,-0.001967
2003-10-27,1.01,-0.004926
2003-10-28,1.013,0.00297
2003-10-29,1.012,-0.000987
2003-10-30,1.006,-0.005929
2003-10-31,1.005,-0.000994
2003-11-03,1.014,0.008955
2003-11-04,1.031,0.016765
2003-11-05,1.029,-0.00194
2003-11-06,1.017,-0.011662
2003-11-07,1.007,-0.009833
2003-11-10,1.01,0.002979
2003-11-11,1.01,0.0
2003-11-12,0.996,-0.013861
2003-11-13,0.997,0.001004
2003-11-14,1.002,0.005015
2003-11-17,1.0,-0.001996
2003-11-18,0.992,-0.008
2003-11-19,1.004,0.012097
2003-11-20,1.023,0.018924
2003-11-21,1.015,-0.00782
2003-11-24,1.038,0.02266
2003-11-25,1.038,0.0
2003-11-26,1.041,0.00289
2003-11-27,1.029,-0.011527
2003-11-28,1.034,0.004859
2003-12-01,1.053,0.018375
2003-12-02,1.055,0.001899
2003-12-03,1.059,0.003791
2003-12-04,1.063,0.003777
2003-12-05,1.062,-0.000941
2003-12-08,1.054,-0.007533
2003-12-09,1.057,0.002846
2003-12-10,1.07,0.012299
2003-12-11,1.071,0.000935
2003-12-12,1.071,0.0
2003-12-15,1.072,0.000934
2003-12-16,1.07,-0.001866
2003-12-17,1.064,-0.005607
2003-12-18,1.07,0.005639
2003-12-19,1.07,0.0
2003-12-22,1.093,0.021495
2003-12-23,1.097,0.00366
2003-12-24,1.106,0.008204
2003-12-25,1.104,-0.001808
2003-12-26,1.103,-0.000906
2003-12-29,1.095,-0.007253
2003-12-30,1.103,0.007306
2003-12-31,1.095,-0.007253
2004-01-02,1.104,0.008219
2004-01-05,1.138,0.030797
2004-01-06,1.148,0.008787
2004-01-07,1.156,0.006969
2004-01-08,1.168,0.010381
2004-01-09,1.152,-0.013699
2004-01-12,1.177,0.021701
2004-01-13,1.174,-0.002549
2004-01-14,1.161,-0.011073
2004-01-15,1.157,-0.003445
2004-01-16,1.164,0.00605
2004-01-29,1.177,0.011168
2004-01-30,1.154,-0.019541
2004-02-02,1.172,0.015598
2004-02-03,1.181,0.007679
2004-02-04,1.198,0.014395
2004-02-05,1.197,-0.000835
2004-02-06,1.196,-0.000835
2004-02-09,1.207,0.009197
2004-02-10,1.198,-0.007457
2004-02-11,1.19,-0.006678
2004-02-12,1.183,-0.005882
2004-02-13,1.184,0.000845
2004-02-16,1.205,0.017736
2004-02-17,1.208,0.00249
2004-02-18,1.215,0.005795
2004-02-19,1.211,-0.003292
2004-02-20,1.215,0.003303
2004-02-23,1.186,-0.023868
2004-02-24,1.188,0.001686
2004-02-25,1.171,-0.01431
2004-02-26,1.177,0.005124
2004-02-27,1.186,0.007647
2004-03-01,1.192,0.005059
2004-03-02,1.19,-0.001678
2004-03-03,1.175,-0.012605
2004-03-04,1.178,0.002553
2004-03-05,1.174,-0.003396
2004-03-08,1.161,-0.011073
2004-03-09,1.161,0.0
2004-03-10,1.183,0.018949
2004-03-11,1.19,0.005917
2004-03-12,1.192,0.001681
2004-03-15,1.214,0.018456
2004-03-16,1.218,0.003295
2004-03-17,1.219,0.000821
2004-03-18,1.204,-0.012305
2004-03-19,1.217,0.010797
2004-03-22,1.218,0.000822
2004-03-23,1.21,-0.006568
2004-03-24,1.207,-0.002479
2004-03-25,1.208,0.000829
2004-03-26,1.208,0.0
2004-03-29,1.2,-0.006623
2004-03-30,1.2,0.0
2004-03-31,1.207,0.005833
2004-04-01,1.217,0.008285
2004-04-02,1.222,0.004108
2004-04-05,1.218,-0.003273
2004-04-06,1.223,0.004105
2004-04-07,1.221,-0.001635
2004-04-08,1.219,-0.001638
2004-04-09,1.199,-0.016407
2004-04-12,1.193,-0.005004
2004-04-13,1.188,-0.004191
2004-04-14,1.18,-0.006734
2004-04-15,1.171,-0.007627
2004-04-16,1.181,0.00854
2004-04-19,1.169,-0.010161
2004-04-20,1.165,-0.003422
2004-04-21,1.158,-0.006009
2004-04-22,1.163,0.004318
2004-04-23,1.152,-0.009458
2004-04-26,1.154,0.001736
2004-04-27,1.146,-0.006932
2004-04-28,1.143,-0.002618
2004-04-29,1.128,-0.013123
2004-04-30,1.136,0.007092
2004-05-10,1.114,-0.019366
2004-05-11,1.118,0.003591
2004-05-12,1.135,0.015206
2004-05-13,1.132,-0.002643
2004-05-14,1.114,-0.015901
2004-05-17,1.103,-0.009874
2004-05-18,1.111,0.007253
2004-05-19,1.111,0.0
2004-05-20,1.108,-0.0027
2004-05-21,1.114,0.005415
2004-05-24,1.11,-0.003591
2004-05-25,1.098,-0.010811
2004-05-26,1.102,0.003643
2004-05-27,1.118,0.014519
2004-05-28,1.113,-0.004472
2004-05-31,1.117,0.003594
2004-06-01,1.129,0.010743
2004-06-02,1.121,-0.007086
2004-06-03,1.109,-0.010705
2004-06-04,1.109,0.0
2004-06-07,1.099,-0.009017
2004-06-08,1.088,-0.010009
2004-06-09,1.076,-0.011029
2004-06-10,1.078,0.001859
2004-06-11,1.077,-0.000928
2004-06-14,1.062,-0.013928
2004-06-15,1.073,0.010358
2004-06-16,1.079,0.005592
2004-06-17,1.062,-0.015755
2004-06-18,1.051,-0.010358
2004-06-21,1.053,0.001903
2004-06-22,1.06,0.006648
2004-06-23,1.055,-0.004717
2004-06-24,1.049,-0.005687
2004-06-25,1.039,-0.009533
2004-06-28,1.034,-0.004812
2004-06-29,1.045,0.010638
2004-06-30,1.043,-0.001914
2004-07-01,1.065,0.021093
2004-07-02,1.066,0.000939
2004-07-05,1.068,0.001876
2004-07-06,1.07,0.001873
2004-07-07,1.064,-0.005607
2004-07-08,1.066,0.00188
2004-07-09,1.063,-0.002814
2004-07-12,1.049,-0.01317
2004-07-13,1.051,0.001907
2004-07-14,1.053,0.001903
2004-07-15,1.064,0.010446
2004-07-16,1.081,0.015977
2004-07-19,1.083,0.00185
2004-07-20,1.077,-0.00554
2004-07-21,1.077,0.0
2004-07-22,1.057,-0.01857
2004-07-23,1.059,0.001892
2004-07-26,1.05,-0.008499
2004-07-27,1.048,-0.001905
2004-07-28,1.051,0.002863
2004-07-29,1.06,0.008563
2004-07-30,1.051,-0.008491
2004-08-02,1.045,-0.005709
2004-08-03,1.04,-0.004785
2004-08-04,1.061,0.020192
2004-08-05,1.051,-0.009425
2004-08-06,1.052,0.000951
2004-08-09,1.056,0.003802
2004-08-10,1.06,0.003788
2004-08-11,1.052,-0.007547
2004-08-12,1.046,-0.005703
2004-08-13,1.047,0.000956
2004-08-16,1.042,-0.004776
2004-08-17,1.046,0.003839
2004-08-18,1.046,0.0
2004-08-19,1.039,-0.006692
2004-08-20,1.04,0.000962
2004-08-23,1.029,-0.010577
2004-08-24,1.036,0.006803
2004-08-25,1.033,-0.002896
2004-08-26,1.031,-0.001936
2004-08-27,1.025,-0.00582
2004-08-30,1.023,-0.001951
2004-08-31,1.033,0.009775
2004-09-01,1.022,-0.010649
2004-09-02,1.025,0.002935
2004-09-03,1.024,-0.000976
2004-09-06,1.021,-0.00293
2004-09-07,1.022,0.000979
2004-09-08,1.015,-0.006849
2004-09-09,1.003,-0.011823
2004-09-10,1.005,0.001994
2004-09-13,0.991,-0.01393
2004-09-14,1.01,0.019173
2004-09-15,1.037,0.026733
2004-09-16,1.045,0.007715
2004-09-17,1.067,0.021053
2004-09-20,1.092,0.02343
2004-09-21,1.085,-0.00641
2004-09-22,1.07,-0.013825
2004-09-23,1.098,0.026168
2004-09-24,1.084,-0.01275
2004-09-27,1.081,-0.002768
2004-09-28,1.086,0.004625
2004-09-29,1.078,-0.007366
2004-09-30,1.068,-0.009276
2004-10-08,1.081,0.012172
2004-10-11,1.075,-0.00555
2004-10-12,1.058,-0.015814
2004-10-13,1.058,0.0
2004-10-14,1.033,-0.023629
2004-10-15,1.035,0.001936
2004-10-18,1.037,0.001932
2004-10-19,1.039,0.001929
2004-10-20,1.037,-0.001925
2004-10-21,1.03,-0.00675
2004-10-22,1.042,0.01165
2004-10-25,1.033,-0.008637
2004-10-26,1.04,0.006776
2004-10-27,1.047,0.006731
2004-10-28,1.044,-0.002865
2004-10-29,1.033,-0.010536
2004-11-01,1.027,-0.005808
2004-11-02,1.024,-0.002921
2004-11-03,1.036,0.011719
2004-11-04,1.023,-0.012548
2004-11-05,1.023,0.0
2004-11-08,1.024,0.000978
2004-11-09,1.026,0.001953
2004-11-10,1.052,0.025341
2004-11-11,1.049,-0.002852
2004-11-12,1.051,0.001907
2004-11-15,1.059,0.007612
2004-11-16,1.059,0.0
2004-11-17,1.052,-0.00661
2004-11-18,1.057,0.004753
2004-11-19,1.061,0.003784
2004-11-22,1.059,-0.001885
2004-11-23,1.05,-0.008499
2004-11-24,1.048,-0.001905
2004-11-25,1.049,0.000954
2004-11-26,1.047,-0.001907
2004-11-29,1.039,-0.007641
2004-11-30,1.039,0.0
2004-12-01,1.036,-0.002887
2004-12-02,1.033,-0.002896
2004-12-03,1.033,0.0
2004-12-06,1.034,0.000968
2004-12-07,1.028,-0.005803
2004-12-08,1.03,0.001946
2004-12-09,1.037,0.006796
2004-12-10,1.029,-0.007715
2004-12-13,1.027,-0.001944
2004-12-14,1.026,-0.000974
2004-12-15,1.03,0.003899
2004-12-16,1.027,-0.002913
2004-12-17,1.019,-0.00779
2004-12-20,1.008,-0.010795
2004-12-21,1.007,-0.000992
2004-12-22,1.023,0.015889
2004-12-23,1.012,-0.010753
2004-12-24,1.014,0.001976
2004-12-27,1.011,-0.002959
2004-12-28,1.012,0.000989
2004-12-29,1.009,-0.002964
2004-12-30,1.011,0.001982
2004-12-31,1.011,0.0
2005-01-04,0.998,-0.012859
2005-01-05,1.001,0.003006
2005-01-06,0.994,-0.006993
2005-01-07,0.995,0.001006
2005-01-10,1.001,0.00603
2005-01-11,1.004,0.002997
2005-01-12,1.004,0.0
2005-01-13,1.004,0.0
2005-01-14,1.0,-0.003984
2005-01-17,0.986,-0.014
2005-01-18,0.99,0.004057
2005-01-19,0.984,-0.006061
2005-01-20,0.978,-0.006098
2005-01-21,0.996,0.018405
2005-01-24,1.006,0.01004
2005-01-25,1.007,0.000994
2005-01-26,1.002,-0.004965
2005-01-27,0.993,-0.008982
2005-01-28,0.991,-0.002014
2005-01-31,0.985,-0.006054
2005-02-01,0.986,0.001015
2005-02-02,1.019,0.033469
2005-02-03,1.011,-0.007851
2005-02-04,1.028,0.016815
2005-02-16,1.032,0.003891
2005-02-17,1.027,-0.004845
2005-02-18,1.017,-0.009737
2005-02-21,1.031,0.013766
2005-02-22,1.044,0.012609
2005-02-23,1.04,-0.003831
2005-02-24,1.04,0.0
2005-02-25,1.042,0.001923
2005-02-28,1.036,-0.005758
2005-03-01,1.033,-0.002896
2005-03-02,1.024,-0.008712
2005-03-03,1.028,0.003906
2005-03-04,1.027,-0.000973
2005-03-07,1.032,0.004869
2005-03-08,1.044,0.011628
2005-03-09,1.042,-0.001916
2005-03-10,1.027,-0.014395
2005-03-11,1.031,0.003895
2005-03-14,1.037,0.00582
2005-03-15,1.024,-0.012536
2005-03-16,1.017,-0.006836
2005-03-17,1.012,-0.004916
2005-03-18,1.005,-0.006917
2005-03-21,1.009,0.00398
2005-03-22,1.001,-0.007929
2005-03-23,0.997,-0.003996
2005-03-24,0.999,0.002006
2005-03-25,0.998,-0.001001
2005-03-28,0.999,0.001002
2005-03-29,0.995,-0.004004
2005-03-30,0.984,-0.011055
2005-03-31,0.988,0.004065
2005-04-01,1.013,0.025304
2005-04-04,1.004,-0.008885
2005-04-05,1.0,-0.003984
2005-04-06,1.014,0.014
2005-04-07,1.02,0.005917
2005-04-08,1.031,0.010784
2005-04-11,1.023,-0.007759
2005-04-12,1.013,-0.009775
2005-04-13,1.028,0.014808
2005-04-14,1.021,-0.006809
2005-04-15,1.014,-0.006856
2005-04-18,1.007,-0.006903
2005-04-19,1.007,0.0
2005-04-20,1.0,-0.006951
2005-04-21,1.0,0.0
2005-04-22,1.001,0.001
2005-04-25,0.997,-0.003996
2005-04-26,1.004,0.007021
2005-04-27,0.995,-0.008964
2005-04-28,1.004,0.009045
2005-04-29,0.999,-0.00498
2005-05-09,0.983,-0.016016
2005-05-10,0.984,0.001017
2005-05-11,0.973,-0.011179
2005-05-12,0.96,-0.013361
2005-05-13,0.961,0.001042
2005-05-16,0.952,-0.009365
2005-05-17,0.955,0.003151
2005-05-18,0.954,-0.001047
2005-05-19,0.954,0.0
2005-05-20,0.954,0.0
2005-05-23,0.941,-0.013627
2005-05-24,0.94,-0.001063
2005-05-25,0.938,-0.002128
2005-05-26,0.929,-0.009595
2005-05-27,0.922,-0.007535
2005-05-30,0.926,0.004338
2005-05-31,0.927,0.00108
2005-06-01,0.913,-0.015102
2005-06-02,0.895,-0.019715
2005-06-03,0.896,0.001117
2005-06-06,0.916,0.022321
2005-06-07,0.913,-0.003275
2005-06-08,0.968,0.060241
2005-06-09,0.975,0.007231
2005-06-10,0.96,-0.015385
2005-06-13,0.956,-0.004167
2005-06-14,0.948,-0.008368
2005-06-15,0.937,-0.011603
2005-06-16,0.948,0.01174
2005-06-17,0.948,0.0
2005-06-20,0.972,0.025316
2005-06-21,0.965,-0.007202
2005-06-22,0.969,0.004145
2005-06-23,0.965,-0.004128
2005-06-24,0.969,0.004145
2005-06-27,0.983,0.014448
2005-06-28,0.975,-0.008138
2005-06-29,0.973,-0.002051
2005-06-30,0.958,-0.015416
2005-07-01,0.947,-0.011482
2005-07-04,0.947,0.0
2005-07-05,0.942,-0.00528
2005-07-06,0.934,-0.008493
2005-07-07,0.935,0.001071
2005-07-08,0.927,-0.008556
2005-07-11,0.922,-0.005394
2005-07-12,0.946,0.02603
2005-07-13,0.943,-0.003171
2005-07-14,0.947,0.004242
2005-07-15,0.941,-0.006336
2005-07-18,0.937,-0.004251
2005-07-19,0.939,0.002134
2005-07-20,0.944,0.005325
2005-07-21,0.945,0.001059
2005-07-22,0.955,0.010582
2005-07-25,0.952,-0.003141
2005-07-26,0.969,0.017857
2005-07-27,0.985,0.016512
2005-07-28,0.983,-0.00203
2005-07-29,0.98,-0.003052
2005-08-01,0.983,0.003061
2005-08-02,0.991,0.008138
2005-08-03,0.994,0.003027
2005-08-04,0.99,-0.004024
2005-08-05,1.008,0.018182
2005-08-08,1.009,0.000992
2005-08-09,1.011,0.001982
2005-08-10,1.018,0.006924
2005-08-11,1.031,0.01277
2005-08-12,1.022,-0.008729
2005-08-15,1.038,0.015656
2005-08-16,1.029,-0.008671
2005-08-17,1.034,0.004859
2005-08-18,1.014,-0.019342
2005-08-19,1.015,0.000986
2005-08-22,1.023,0.007882
2005-08-23,1.018,-0.004888
2005-08-24,1.025,0.006876
2005-08-25,1.021,-0.003902
2005-08-26,1.018,-0.002938
2005-08-29,1.007,-0.010806
2005-08-30,1.005,-0.001986
2005-08-31,1.016,0.010945
2005-09-01,1.029,0.012795
2005-09-02,1.031,0.001944
2005-09-05,1.031,0.0
2005-09-06,1.019,-0.011639
2005-09-07,1.03,0.010795
2005-09-08,1.034,0.003883
2005-09-09,1.03,-0.003868
2005-09-12,1.029,-0.000971
2005-09-13,1.039,0.009718
2005-09-14,1.043,0.00385
2005-09-15,1.042,-0.000959
2005-09-16,1.039,-0.002879
2005-09-19,1.041,0.001925
2005-09-20,1.035,-0.005764
2005-09-21,1.019,-0.015459
2005-09-22,1.004,-0.01472
2005-09-23,0.999,-0.00498
2005-09-26,0.998,-0.001001
2005-09-27,0.988,-0.01002
2005-09-28,0.988,0.0
2005-09-29,0.998,0.010121
2005-09-30,1.0,0.002004
2005-10-10,0.991,-0.009
2005-10-11,1.0,0.009082
2005-10-12,1.001,0.001
2005-10-13,0.994,-0.006993
2005-10-14,0.982,-0.012072
2005-10-17,0.973,-0.009165
2005-10-18,0.977,0.004111
2005-10-19,0.973,-0.004094
2005-10-20,0.975,0.002055
2005-10-21,0.977,0.002051
2005-10-24,0.976,-0.001024
2005-10-25,0.967,-0.009221
2005-10-26,0.952,-0.015512
2005-10-27,0.953,0.00105
2005-10-28,0.949,-0.004197
2005-10-31,0.958,0.009484
2005-11-01,0.954,-0.004175
2005-11-02,0.961,0.007338
2005-11-03,0.954,-0.007284
2005-11-04,0.957,0.003145
2005-11-07,0.954,-0.003135
2005-11-08,0.958,0.004193
2005-11-09,0.956,-0.002088
2005-11-10,0.944,-0.012552
2005-11-11,0.945,0.001059
2005-11-14,0.941,-0.004233
2005-11-15,0.937,-0.004251
2005-11-16,0.941,0.004269
2005-11-17,0.941,0.0
2005-11-18,0.959,0.019129
2005-11-21,0.959,0.0
2005-11-22,0.948,-0.01147
2005-11-23,0.955,0.007384
2005-11-24,0.962,0.00733
2005-11-25,0.965,0.003119
2005-11-28,0.961,-0.004145
2005-11-29,0.952,-0.009365
2005-11-30,0.955,0.003151
2005-12-01,0.954,-0.001047
2005-12-02,0.952,-0.002096
2005-12-05,0.945,-0.007353
2005-12-06,0.951,0.006349
2005-12-07,0.959,0.008412
2005-12-08,0.959,0.0
2005-12-09,0.971,0.012513
2005-12-12,0.969,-0.00206
2005-12-13,0.969,0.0
2005-12-14,0.974,0.00516
2005-12-15,0.975,0.001027
2005-12-16,0.98,0.005128
2005-12-19,0.981,0.00102
2005-12-20,0.985,0.004077
2005-12-21,0.983,-0.00203
2005-12-22,0.988,0.005086
2005-12-23,0.995,0.007085
2005-12-26,1.0,0.005025
2005-12-27,0.997,-0.003
2005-12-28,1.0,0.003009
2005-12-29,1.013,0.013
2005-12-30,1.006,-0.00691
2005-12-31,1.006,0.0
2006-01-04,1.019,0.012922
2006-01-05,1.035,0.015702
2006-01-06,1.048,0.01256
2006-01-09,1.05,0.001908
2006-01-10,1.051,0.000952
2006-01-11,1.046,-0.004757
2006-01-12,1.053,0.006692
2006-01-13,1.049,-0.003799
2006-01-16,1.033,-0.015253
2006-01-17,1.036,0.002904
2006-01-18,1.053,0.016409
2006-01-19,1.058,0.004748
2006-01-20,1.058,0.0
2006-01-23,1.059,0.000945
2006-01-24,1.06,0.000944
2006-01-25,1.069,0.008491
2006-02-06,1.085,0.014967
2006-02-07,1.081,-0.003687
2006-02-08,1.085,0.0037
2006-02-09,1.073,-0.01106
2006-02-10,1.083,0.00932
2006-02-13,1.084,0.000923
2006-02-14,1.089,0.004613
2006-02-15,1.093,0.003673
2006-02-16,1.075,-0.016468
2006-02-17,1.075,0.0
2006-02-20,1.076,0.00093
2006-02-21,1.091,0.013941
2006-02-22,1.09,-0.000917
2006-02-23,1.093,0.002752
2006-02-24,1.1,0.006404
2006-02-27,1.104,0.003636
2006-02-28,1.108,0.003623
2006-03-01,1.113,0.004513
2006-03-02,1.1,-0.01168
2006-03-03,1.103,0.002727
2006-03-06,1.101,-0.001813
2006-03-07,1.08,-0.019074
2006-03-08,1.074,-0.005556
2006-03-09,1.07,-0.003724
2006-03-10,1.074,0.003738
2006-03-13,1.084,0.009311
2006-03-14,1.083,-0.000923
2006-03-15,1.093,0.009234
2006-03-16,1.091,-0.00183
2006-03-17,1.089,-0.001833
2006-03-20,1.101,0.011019
2006-03-21,1.103,0.001817
2006-03-22,1.109,0.00544
2006-03-23,1.109,0.0
2006-03-24,1.103,-0.00541
2006-03-27,1.11,0.006346
2006-03-28,1.115,0.004505
2006-03-29,1.124,0.008072
2006-03-30,1.119,-0.004448
2006-03-31,1.124,0.004468
2006-04-03,1.139,0.013345
2006-04-04,1.148,0.007902
2006-04-05,1.16,0.010453
2006-04-06,1.161,0.000862
2006-04-07,1.157,-0.003445
2006-04-10,1.172,0.012965
2006-04-11,1.18,0.006826
2006-04-12,1.174,-0.005085
2006-04-13,1.156,-0.015332
2006-04-14,1.178,0.019031
2006-04-17,1.185,0.005942
2006-04-18,1.191,0.005063
2006-04-19,1.2,0.007557
2006-04-20,1.197,-0.0025
2006-04-21,1.21,0.01086
2006-04-24,1.208,-0.001653
2006-04-25,1.21,0.001656
2006-04-26,1.225,0.012397
2006-04-27,1.225,0.0
2006-04-28,1.239,0.011429
2006-05-08,1.28,0.033091
2006-05-09,1.306,0.020312
2006-05-10,1.317,0.008423
2006-05-11,1.306,-0.008352
2006-05-12,1.345,0.029862
2006-05-15,1.391,0.034201
2006-05-16,1.374,-0.012221
2006-05-17,1.378,0.002911
2006-05-18,1.376,-0.001451
2006-05-19,1.41,0.024709
2006-05-22,1.42,0.007092
2006-05-23,1.373,-0.033099
2006-05-24,1.367,-0.00437
2006-05-25,1.372,0.003658
2006-05-26,1.394,0.016035
2006-05-29,1.428,0.02439
2006-05-30,1.441,0.009104
2006-05-31,1.429,-0.008328
2006-06-01,1.461,0.022393
2006-06-02,1.449,-0.008214
2006-06-05,1.459,0.006901
2006-06-06,1.455,-0.002742
2006-06-07,1.387,-0.046735
2006-06-08,1.393,0.004326
2006-06-09,1.37,-0.016511
2006-06-12,1.378,0.005839
2006-06-13,1.381,0.002177
2006-06-14,1.367,-0.010138
2006-06-15,1.368,0.000732
2006-06-16,1.398,0.02193
2006-06-19,1.413,0.01073
2006-06-20,1.417,0.002831
2006-06-21,1.413,-0.002823
2006-06-22,1.411,-0.001415
2006-06-23,1.419,0.00567
2006-06-26,1.44,0.014799
2006-06-27,1.441,0.000694
2006-06-28,1.439,-0.001388
2006-06-29,1.468,0.020153
2006-06-30,1.47,0.001362
2006-07-03,1.493,0.015646
2006-07-04,1.483,-0.006698
2006-07-05,1.468,-0.010115
2006-07-06,1.488,0.013624
2006-07-07,1.481,-0.004704
2006-07-10,1.484,0.002026
2006-07-11,1.489,0.003369
2006-07-12,1.492,0.002015
2006-07-13,1.429,-0.042225
2006-07-14,1.44,0.007698
2006-07-17,1.452,0.008333
2006-07-18,1.452,0.0
2006-07-19,1.421,-0.02135
2006-07-20,1.428,0.004926
2006-07-21,1.437,0.006303
2006-07-24,1.438,0.000696
2006-07-25,1.453,0.010431
2006-07-26,1.452,-0.000688
2006-07-27,1.438,-0.009642
2006-07-28,1.426,-0.008345
2006-07-31,1.384,-0.029453
2006-08-01,1.376,-0.00578
2006-08-02,1.369,-0.005087
2006-08-03,1.366,-0.002191
2006-08-04,1.338,-0.020498
2006-08-07,1.322,-0.011958
2006-08-08,1.346,0.018154
2006-08-09,1.344,-0.001486
2006-08-10,1.363,0.014137
2006-08-11,1.366,0.002201
2006-08-14,1.34,-0.019034
2006-08-15,1.358,0.013433
2006-08-16,1.375,0.012518
2006-08-17,1.364,-0.008
2006-08-18,1.361,-0.002199
2006-08-21,1.362,0.000735
2006-08-22,1.376,0.010279
2006-08-23,1.374,-0.001453
2006-08-24,1.379,0.003639
2006-08-25,1.383,0.002901
2006-08-28,1.41,0.019523
2006-08-29,1.415,0.003546
2006-08-30,1.419,0.002827
2006-08-31,1.424,0.003524
2006-09-01,1.407,-0.011938
2006-09-04,1.424,0.012082
2006-09-05,1.424,0.0
2006-09-06,1.429,0.003511
2006-09-07,1.415,-0.009797
2006-09-08,1.417,0.001413
2006-09-11,1.422,0.003529
2006-09-12,1.43,0.005626
2006-09-13,1.423,-0.004895
2006-09-14,1.422,-0.000703
2006-09-15,1.443,0.014768
2006-09-18,1.454,0.007623
2006-09-19,1.456,0.001376
2006-09-20,1.456,0.0
2006-09-21,1.465,0.006181
2006-09-22,1.454,-0.007509
2006-09-25,1.451,-0.002063
2006-09-26,1.438,-0.008959
2006-09-27,1.449,0.00765
2006-09-28,1.464,0.010352
2006-09-29,1.478,0.009563
2006-09-30,1.478,0.0
2006-10-09,1.507,0.019621
2006-10-10,1.507,0.0
2006-10-11,1.506,-0.000664
2006-10-12,1.499,-0.004648
2006-10-13,1.503,0.002668
2006-10-16,1.491,-0.007984
2006-10-17,1.49,-0.000671
2006-10-18,1.507,0.011409
2006-10-19,1.509,0.001327
2006-10-20,1.512,0.001988
2006-10-23,1.488,-0.015873
2006-10-24,1.519,0.020833
2006-10-25,1.525,0.00395
2006-10-26,1.532,0.00459
2006-10-27,1.517,-0.009791
2006-10-30,1.522,0.003296
2006-10-31,1.541,0.012484
2006-11-01,1.554,0.008436
2006-11-02,1.554,0.0
2006-11-03,1.563,0.005792
2006-11-06,1.579,0.010237
2006-11-07,1.587,0.005066
2006-11-08,1.573,-0.008822
2006-11-09,1.596,0.014622
2006-11-10,1.577,-0.011905
2006-11-13,1.55,-0.017121
2006-11-14,1.563,0.008387
2006-11-15,1.597,0.021753
2006-11-16,1.596,-0.000626
2006-11-17,1.621,0.015664
2006-11-20,1.645,0.014806
2006-11-21,1.665,0.012158
2006-11-22,1.674,0.005405
2006-11-23,1.683,0.005376
2006-11-24,1.686,0.001783
2006-11-27,1.702,0.00949
2006-11-28,1.696,-0.003525
2006-11-29,1.718,0.012972
2006-11-30,1.761,0.025029
2006-12-01,1.777,0.009086
2006-12-04,1.82,0.024198
2006-12-05,1.827,0.003846
2006-12-06,1.811,-0.008758
2006-12-07,1.808,-0.001657
2006-12-08,1.756,-0.028761
2006-12-11,1.822,0.037585
2006-12-12,1.834,0.006586
2006-12-13,1.84,0.003272
2006-12-14,1.868,0.015217
2006-12-15,1.896,0.014989
2006-12-18,1.943,0.024789
2006-12-19,1.945,0.001029
2006-12-20,1.961,0.008226
2006-12-21,1.939,-0.011219
2006-12-22,1.928,-0.005673
2006-12-25,1.965,0.019191
2006-12-26,1.965,0.0
2006-12-27,2.004,0.019847
2006-12-28,2.001,-0.001497
2006-12-29,2.052,0.025487
2006-12-31,2.052,0.0
2007-01-04,2.075,0.011209
2007-01-05,2.084,0.004337
2007-01-08,2.134,0.023992
2007-01-09,2.195,0.028585
2007-01-10,2.244,0.022323
2007-01-11,2.219,-0.011141
2007-01-12,2.173,-0.02073
2007-01-15,2.27,0.044639
2007-01-16,2.326,0.02467
2007-01-17,2.294,-0.013758
2007-01-18,2.296,0.000872
2007-01-19,2.367,0.030923
2007-01-22,2.453,0.036333
2007-01-23,2.472,0.007746
2007-01-24,2.491,0.007686
2007-01-25,2.416,-0.030108
2007-01-26,2.475,0.024421
2007-01-29,2.528,0.021414
2007-01-30,2.509,-0.007516
2007-01-31,2.359,-0.059785
2007-02-01,2.362,0.001272
2007-02-02,2.276,-0.03641
2007-02-05,2.251,-0.010984
2007-02-06,2.288,0.016437
2007-02-07,2.336,0.020979
2007-02-08,2.37,0.014555
2007-02-09,2.356,-0.005907
2007-02-12,2.433,0.032683
2007-02-13,2.471,0.015619
2007-02-14,2.528,0.023068
2007-02-15,2.592,0.025316
2007-02-16,2.6,0.003086
2007-02-26,2.623,0.008846
2007-02-27,2.409,-0.081586
2007-02-28,2.479,0.029058
2007-03-01,2.404,-0.030254
2007-03-02,2.435,0.012895
2007-03-05,2.403,-0.013142
2007-03-06,2.442,0.01623
2007-03-07,2.5,0.023751
2007-03-08,2.53,0.012
2007-03-09,2.514,-0.006324
2007-03-12,2.514,0.0
2007-03-13,2.533,0.007558
2007-03-14,2.494,-0.015397
2007-03-15,2.536,0.01684
2007-03-16,2.495,-0.016167
2007-03-19,2.543,0.019238
2007-03-20,2.551,0.003146
2007-03-21,2.583,0.012544
2007-03-22,2.597,0.00542
2007-03-23,2.604,0.002695
2007-03-26,2.643,0.014977
2007-03-27,2.655,0.00454
2007-03-28,2.662,0.002637
2007-03-29,2.652,-0.003757
2007-03-30,2.647,-0.001885
2007-03-31,2.647,0.0
2007-04-02,2.702,0.020778
2007-04-03,2.733,0.011473
2007-04-04,2.755,0.00805
2007-04-05,2.782,0.0098
2007-04-06,2.803,0.007549
2007-04-09,2.848,0.016054
2007-04-10,2.89,0.014747
2007-04-11,2.927,0.012803
2007-04-12,2.975,0.016399
2007-04-13,2.968,-0.002353
2007-04-16,3.038,0.023585
2007-04-17,3.055,0.005596
2007-04-18,3.072,0.005565
2007-04-19,2.941,-0.042643
2007-04-20,3.05,0.037062
2007-04-23,3.163,0.037049
2007-04-24,3.175,0.003794
2007-04-25,3.181,0.00189
2007-04-26,3.216,0.011003
2007-04-27,3.191,-0.007774
2007-04-30,3.244,0.016609
2007-05-08,3.349,0.032367
2007-05-09,3.357,0.002389
2007-05-10,3.38,0.006851
2007-05-11,3.361,-0.005621
2007-05-14,3.389,0.008331
2007-05-15,3.296,-0.027442
2007-05-16,3.37,0.022451
2007-05-17,3.437,0.019881
2007-05-18,3.44,0.000873
2007-05-21,3.493,0.015407
2007-05-22,3.521,0.008016
2007-05-23,3.572,0.014485
2007-05-24,3.55,-0.006159
2007-05-25,3.593,0.012113
2007-05-28,3.666,0.020317
2007-05-29,3.753,0.023732
2007-05-30,3.525,-0.060751
2007-05-31,3.594,0.019574
2007-06-01,3.503,-0.02532
2007-06-04,3.268,-0.067085
2007-06-05,3.374,0.032436
2007-06-06,3.422,0.014226
2007-06-07,3.527,0.030684
2007-06-08,3.559,0.009073
2007-06-11,3.652,0.026131
2007-06-12,3.748,0.026287
2007-06-13,3.811,0.016809
2007-06-14,3.781,-0.007872
2007-06-15,3.804,0.006083
2007-06-18,3.908,0.02734
2007-06-19,3.93,0.005629
2007-06-20,3.855,-0.019084
2007-06-21,3.889,0.00882
2007-06-22,3.787,-0.026228
2007-06-25,3.673,-0.030103
2007-06-26,3.719,0.012524
2007-06-27,3.817,0.026351
2007-06-28,3.679,-0.036154
2007-06-29,3.622,-0.015493
2007-06-30,3.622,0.0
2007-07-02,3.619,-0.000828
2007-07-03,3.678,0.016303
2007-07-04,3.608,-0.019032
2007-07-05,3.439,-0.04684
2007-07-06,3.574,0.039256
2007-07-09,3.671,0.02714
2007-07-10,3.632,-0.010624
2007-07-11,3.648,0.004405
2007-07-12,3.666,0.004934
2007-07-13,3.665,-0.000273
2007-07-16,3.567,-0.026739
2007-07-17,3.636,0.019344
2007-07-18,3.652,0.0044
2007-07-19,3.644,-0.002191
2007-07-20,3.771,0.034852
2007-07-23,3.925,0.040838
2007-07-24,3.925,0.0
2007-07-25,3.994,0.01758
2007-07-26,4.029,0.008763
2007-07-27,4.038,0.002234
2007-07-30,4.123,0.02105
2007-07-31,4.166,0.010429
2007-08-01,4.036,-0.031205
2007-08-02,4.143,0.026511
2007-08-03,4.266,0.029689
2007-08-06,4.354,0.020628
2007-08-07,4.373,0.004364
2007-08-08,4.328,-0.01029
2007-08-09,4.409,0.018715
2007-08-10,4.362,-0.01066
2007-08-13,4.365,0.000688
2007-08-14,4.418,0.012142
2007-08-15,4.429,0.00249
2007-08-16,4.36,-0.015579
2007-08-17,4.273,-0.019954
2007-08-20,4.474,0.04704
2007-08-21,4.539,0.014528
2007-08-22,4.599,0.013219
2007-08-23,4.661,0.013481
2007-08-24,4.722,0.013087
2007-08-27,4.749,0.005718
2007-08-28,4.748,-0.000211
2007-08-29,4.673,-0.015796
2007-08-30,4.737,0.013696
2007-08-31,4.785,0.010133
2007-09-03,4.888,0.021526
2007-09-04,4.864,-0.00491
2007-09-05,4.87,0.001234
2007-09-06,4.922,0.010678
2007-09-07,4.835,-0.017676
2007-09-10,4.9,0.013444
2007-09-11,4.691,-0.042653
2007-09-12,4.745,0.011511
2007-09-13,4.857,0.023604
2007-09-14,4.909,0.010706
2007-09-17,4.984,0.015278
2007-09-18,4.96,-0.004815
2007-09-19,4.929,-0.00625
2007-09-20,4.984,0.011158
2007-09-21,4.956,-0.005618
2007-09-24,4.986,0.006053
2007-09-25,4.935,-0.010229
2007-09-26,4.863,-0.01459
2007-09-27,4.915,0.010693
2007-09-28,5.04,0.025432
2007-09-30,5.04,0.0
2007-10-08,5.087,0.009325
2007-10-09,5.098,0.002162
2007-10-10,5.106,0.001569
2007-10-11,5.164,0.011359
2007-10-12,5.139,-0.004841
2007-10-15,5.2,0.01187
2007-10-16,5.254,0.010385
2007-10-17,5.213,-0.007804
2007-10-18,5.051,-0.031076
2007-10-19,5.049,-0.000396
2007-10-22,4.952,-0.019212
2007-10-23,5.007,0.011107
2007-10-24,5.033,0.005193
2007-10-25,4.835,-0.03934
2007-10-26,4.877,0.008687
2007-10-29,4.965,0.018044
2007-10-30,5.028,0.012689
2007-10-31,5.108,0.015911
2007-11-01,5.03,-0.01527
2007-11-02,4.901,-0.025646
2007-11-05,4.835,-0.013467
2007-11-06,4.81,-0.005171
2007-11-07,4.839,0.006029
2007-11-08,4.645,-0.040091
2007-11-09,4.602,-0.009257
2007-11-12,4.554,-0.01043
2007-11-13,4.517,-0.008125
2007-11-14,4.681,0.036307
2007-11-15,4.626,-0.01175
2007-11-16,4.571,-0.011889
2007-11-19,4.573,0.000438
2007-11-20,4.643,0.015307
2007-11-21,4.593,-0.010769
2007-11-22,4.419,-0.037884
2007-11-23,4.485,0.014936
2007-11-26,4.445,-0.008919
2007-11-27,4.377,-0.015298
2007-11-28,4.328,-0.011195
2007-11-29,4.468,0.032348
2007-11-30,4.384,-0.0188
2007-12-03,4.414,0.006843
2007-12-04,4.456,0.009515
2007-12-05,4.567,0.02491
2007-12-06,4.571,0.000876
2007-12-07,4.632,0.013345
2007-12-10,4.709,0.016623
2007-12-11,4.71,0.000212
2007-12-12,4.664,-0.009766
2007-12-13,4.512,-0.03259
2007-12-14,4.593,0.017952
2007-12-17,4.498,-0.020684
2007-12-18,4.487,-0.002446
2007-12-19,4.579,0.020504
2007-12-20,4.648,0.015069
2007-12-21,4.698,0.010757
2007-12-24,4.785,0.018519
2007-12-25,4.789,0.000836
2007-12-26,4.823,0.0071
2007-12-27,4.91,0.018039
2007-12-28,4.89,-0.004073
2007-12-29,4.89,0.0
2007-12-31,4.889,-0.000204
2008-01-02,4.932,0.008795
2008-01-03,4.954,0.004461
2008-01-04,5.005,0.010295
2008-01-07,5.075,0.013986
2008-01-08,5.053,-0.004335
2008-01-09,5.129,0.015041
2008-01-10,5.185,0.010918
2008-01-11,5.214,0.005593
2008-01-14,5.245,0.005946
2008-01-15,5.217,-0.005338
2008-01-16,5.069,-0.028369
2008-01-17,4.968,-0.019925
2008-01-18,4.998,0.006039
2008-01-21,4.786,-0.042417
2008-01-22,4.482,-0.063519
2008-01-23,4.66,0.039714
2008-01-24,4.705,0.009657
2008-01-25,4.753,0.010202
2008-01-28,4.476,-0.058279
2008-01-29,4.492,0.003575
2008-01-30,4.451,-0.009127
2008-01-31,4.384,-0.015053
2008-02-01,4.347,-0.00844
2008-02-04,4.643,0.068093
2008-02-05,4.614,-0.006246
2008-02-13,4.529,-0.018422
2008-02-14,4.584,0.012144
2008-02-15,4.53,-0.01178
2008-02-18,4.608,0.017219
2008-02-19,4.693,0.018446
2008-02-20,4.608,-0.018112
2008-02-21,4.585,-0.004991
2008-02-22,4.451,-0.029226
2008-02-25,4.308,-0.032128
2008-02-26,4.295,-0.003018
2008-02-27,4.394,0.02305
2008-02-28,4.377,-0.003869
2008-02-29,4.42,0.009824
2008-03-03,4.515,0.021493
2008-03-04,4.42,-0.021041
2008-03-05,4.386,-0.007692
2008-03-06,4.433,0.010716
2008-03-07,4.383,-0.011279
2008-03-10,4.218,-0.037645
2008-03-11,4.216,-0.000474
2008-03-12,4.098,-0.027989
2008-03-13,4.011,-0.02123
2008-03-14,3.976,-0.008726
2008-03-17,3.823,-0.038481
2008-03-18,3.665,-0.041329
2008-03-19,3.767,0.027831
2008-03-20,3.866,0.026281
2008-03-21,3.89,0.006208
2008-03-24,3.737,-0.039332
2008-03-25,3.775,0.010169
2008-03-26,3.785,0.002649
2008-03-27,3.661,-0.032761
2008-03-28,3.796,0.036875
2008-03-31,3.692,-0.027397
2008-04-01,3.523,-0.045775
2008-04-02,3.494,-0.008232
2008-04-03,3.576,0.023469
2008-04-07,3.742,0.046421
2008-04-08,3.783,0.010957
2008-04-09,3.618,-0.043616
2008-04-10,3.664,0.012714
2008-04-11,3.686,0.006004
2008-04-14,3.483,-0.055073
2008-04-15,3.513,0.008613
2008-04-16,3.439,-0.021065
2008-04-17,3.352,-0.025298
2008-04-18,3.26,-0.027446
2008-04-21,3.248,-0.003681
2008-04-22,3.28,0.009852
2008-04-23,3.411,0.039939
2008-04-24,3.663,0.073879
2008-04-25,3.682,0.005187
2008-04-28,3.619,-0.01711
2008-04-29,3.652,0.009119
2008-04-30,3.806,0.042169
2008-05-05,3.885,0.020757
2008-05-06,3.849,-0.009266
2008-05-07,3.694,-0.04027
2008-05-08,3.773,0.021386
2008-05-09,3.74,-0.008746
2008-05-12,3.763,0.00615
2008-05-13,3.734,-0.007707
2008-05-14,3.832,0.026245
2008-05-15,3.803,-0.007568
2008-05-16,3.799,-0.001052
2008-05-19,3.773,-0.006844
2008-05-20,3.609,-0.043467
2008-05-21,3.658,0.013577
2008-05-22,3.589,-0.018863
2008-05-23,3.563,-0.007244
2008-05-26,3.475,-0.024698
2008-05-27,3.488,0.003741
2008-05-28,3.566,0.022362
2008-05-29,3.498,-0.019069
2008-05-30,3.517,0.005432
2008-06-02,3.527,0.002843
2008-06-03,3.514,-0.003686
2008-06-04,3.458,-0.015936
2008-06-05,3.435,-0.006651
2008-06-06,3.412,-0.006696
2008-06-10,3.189,-0.065358
2008-06-11,3.137,-0.016306
2008-06-12,3.094,-0.013707
2008-06-13,3.018,-0.024564
2008-06-16,3.002,-0.005302
2008-06-17,2.927,-0.024983
2008-06-18,3.045,0.040314
2008-06-19,2.864,-0.059442
2008-06-20,2.923,0.020601
2008-06-23,2.874,-0.016764
2008-06-24,2.927,0.018441
2008-06-25,3.025,0.033481
2008-06-26,3.035,0.003306
2008-06-27,2.904,-0.043163
2008-06-30,2.89,-0.004821
2008-07-01,2.815,-0.025952
2008-07-02,2.825,0.003552
2008-07-03,2.884,0.020885
2008-07-04,2.881,-0.00104
2008-07-07,2.995,0.03957
2008-07-08,3.005,0.003339
2008-07-09,3.091,0.028619
2008-07-10,3.061,-0.009706
2008-07-11,3.045,-0.005227
2008-07-14,3.064,0.00624
2008-07-15,2.972,-0.030026
2008-07-16,2.894,-0.026245
2008-07-17,2.874,-0.006911
2008-07-18,2.956,0.028532
2008-07-21,3.032,0.02571
2008-07-22,3.028,-0.001319
2008-07-23,3.009,-0.006275
2008-07-24,3.081,0.023928
2008-07-25,3.058,-0.007465
2008-07-28,3.077,0.006213
2008-07-29,3.028,-0.015925
2008-07-30,3.012,-0.005284
2008-07-31,2.946,-0.021912
2008-08-01,2.972,0.008826
2008-08-04,2.917,-0.018506
2008-08-05,2.858,-0.020226
2008-08-06,2.864,0.002099
2008-08-07,2.861,-0.001047
2008-08-08,2.7559,-0.036735
2008-08-11,2.648,-0.039152
2008-08-12,2.648,0.0
2008-08-13,2.654,0.002266
2008-08-14,2.654,0.0
2008-08-15,2.648,-0.002261
2008-08-18,2.533,-0.043429
2008-08-19,2.559,0.010265
2008-08-20,2.713,0.06018
2008-08-21,2.631,-0.030225
2008-08-22,2.592,-0.014823
2008-08-25,2.585,-0.002701
2008-08-26,2.523,-0.023985
2008-08-27,2.506,-0.006738
2008-08-28,2.513,0.002793
2008-08-29,2.562,0.019499
2008-09-01,2.497,-0.025371
2008-09-02,2.474,-0.009211
2008-09-03,2.438,-0.014551
2008-09-04,2.438,0.0
2008-09-05,2.382,-0.02297
2008-09-08,2.329,-0.02225
2008-09-09,2.336,0.003006
2008-09-10,2.339,0.001284
2008-09-11,2.283,-0.023942
2008-09-12,2.29,0.003066
2008-09-16,2.211,-0.034498
2008-09-17,2.159,-0.023519
2008-09-18,2.129,-0.013895
2008-09-19,2.29,0.075622
2008-09-22,2.372,0.035808
2008-09-23,2.31,-0.026138
2008-09-24,2.323,0.005628
2008-09-25,2.392,0.029703
2008-09-26,2.408,0.006689
2008-09-30,2.408,0.0
2008-10-06,2.306,-0.042359
2008-10-07,2.283,-0.009974
2008-10-08,2.214,-0.030223
2008-10-09,2.188,-0.011743
2008-10-10,2.106,-0.037477
2008-10-13,2.168,0.02944
2008-10-14,2.126,-0.019373
2008-10-15,2.103,-0.010818
2008-10-16,2.021,-0.038992
2008-10-17,2.031,0.004948
2008-10-20,2.083,0.025603
2008-10-21,2.073,-0.004801
2008-10-22,2.031,-0.02026
2008-10-23,2.031,0.0
2008-10-24,1.985,-0.022649
2008-10-27,1.873,-0.056423
2008-10-28,1.916,0.022958
2008-10-29,1.876,-0.020877
2008-10-30,1.912,0.01919
2008-10-31,1.88,-0.016736
2008-11-03,1.87,-0.005319
2008-11-04,1.847,-0.012299
2008-11-05,1.903,0.030319
2008-11-06,1.87,-0.017341
2008-11-07,1.893,0.012299
2008-11-10,2.001,0.057052
2008-11-11,1.985,-0.007996
2008-11-12,2.001,0.00806
2008-11-13,2.063,0.030985
2008-11-14,2.126,0.030538
2008-11-17,2.162,0.016933
2008-11-18,2.04,-0.056429
2008-11-19,2.142,0.05
2008-11-20,2.126,-0.00747
2008-11-21,2.116,-0.004704
2008-11-24,2.05,-0.031191
2008-11-25,2.05,0.0
2008-11-26,2.057,0.003415
2008-11-27,2.086,0.014098
2008-11-28,2.05,-0.017258
2008-12-01,2.08,0.014634
2008-12-02,2.086,0.002885
2008-12-03,2.162,0.036433
2008-12-04,2.188,0.012026
2008-12-05,2.214,0.011883
2008-12-08,2.283,0.031165
2008-12-09,2.237,-0.020149
2008-12-10,2.283,0.020563
2008-12-11,2.244,-0.017083
2008-12-12,2.168,-0.033868
2008-12-15,2.182,0.006458
2008-12-16,2.205,0.010541
2008-12-17,2.211,0.002721
2008-12-18,2.25,0.017639
2008-12-19,2.26,0.004444
2008-12-22,2.231,-0.012832
2008-12-23,2.142,-0.039892
2008-12-24,2.109,-0.015406
2008-12-25,2.096,-0.006164
2008-12-26,2.09,-0.002863
2008-12-29,2.086,-0.001914
2008-12-30,2.073,-0.006232
2008-12-31,2.067,-0.002894
2009-01-05,2.122,0.026609
2009-01-06,2.178,0.02639
2009-01-07,2.165,-0.005969
2009-01-08,2.129,-0.016628
2009-01-09,2.155,0.012212
2009-01-12,2.159,0.001856
2009-01-13,2.119,-0.018527
2009-01-14,2.188,0.032563
2009-01-15,2.188,0.0
2009-01-16,2.221,0.015082
2009-01-19,2.241,0.009005
2009-01-20,2.254,0.005801
2009-01-21,2.25,-0.001775
2009-01-22,2.267,0.007556
2009-01-23,2.257,-0.004411
2009-02-02,2.28,0.010191
2009-02-03,2.319,0.017105
2009-02-04,2.362,0.018542
2009-02-05,2.349,-0.005504
2009-02-06,2.424,0.031928
2009-02-09,2.47,0.018977
2009-02-10,2.49,0.008097
2009-02-11,2.497,0.002811
2009-02-12,2.493,-0.001602
2009-02-13,2.566,0.029282
2009-02-16,2.605,0.015199
2009-02-17,2.543,-0.0238
2009-02-18,2.454,-0.034998
2009-02-19,2.48,0.010595
2009-02-20,2.52,0.016129
2009-02-23,2.575,0.021825
2009-02-24,2.477,-0.038058
2009-02-25,2.477,0.0
2009-02-26,2.378,-0.039968
2009-02-27,2.346,-0.013457
2009-03-02,2.365,0.008099
2009-03-03,2.352,-0.005497
2009-03-04,2.474,0.051871
2009-03-05,2.483,0.003638
2009-03-06,2.467,-0.006444
2009-03-09,2.395,-0.029185
2009-03-10,2.424,0.012109
2009-03-11,2.411,-0.005363
2009-03-12,2.408,-0.001244
2009-03-13,2.398,-0.004153
2009-03-16,2.428,0.01251
2009-03-17,2.497,0.028418
2009-03-18,2.506,0.003604
2009-03-19,2.546,0.015962
2009-03-20,2.539,-0.002749
2009-03-23,2.585,0.018117
2009-03-24,2.598,0.005029
2009-03-25,2.552,-0.017706
2009-03-26,2.611,0.023119
2009-03-27,2.634,0.008809
2009-03-30,2.625,-0.003417
2009-03-31,2.651,0.009905
2009-04-01,2.677,0.009808
2009-04-02,2.7,0.008592
2009-04-03,2.697,-0.001111
2009-04-07,2.7,0.001112
2009-04-08,2.618,-0.03037
2009-04-09,2.654,0.013751
2009-04-10,2.72,0.024868
2009-04-13,2.766,0.016912
2009-04-14,2.785,0.006869
2009-04-15,2.799,0.005027
2009-04-16,2.795,-0.001429
2009-04-17,2.769,-0.009302
2009-04-20,2.818,0.017696
2009-04-21,2.799,-0.006742
2009-04-22,2.716,-0.029653
2009-04-23,2.726,0.003682
2009-04-24,2.71,-0.005869
2009-04-27,2.657,-0.019557
2009-04-28,2.667,0.003764
2009-04-29,2.736,0.025872
2009-04-30,2.759,0.008406
2009-05-04,2.831,0.026096
2009-05-05,2.841,0.003532
2009-05-06,2.871,0.01056
2009-05-07,2.871,0.0
2009-05-08,2.881,0.003483
2009-05-11,2.825,-0.019438
2009-05-12,2.877,0.018407
2009-05-13,2.894,0.005909
2009-05-14,2.877,-0.005874
2009-05-15,2.884,0.002433
2009-05-18,2.897,0.004508
2009-05-19,2.92,0.007939
2009-05-20,2.897,-0.007877
2009-05-21,2.848,-0.016914
2009-05-22,2.844,-0.001404
2009-05-25,2.854,0.003516
2009-05-26,2.831,-0.008059
2009-05-27,2.861,0.010597
2009-06-01,2.933,0.025166
2009-06-02,2.94,0.002387
2009-06-03,2.989,0.016667
2009-06-04,2.992,0.001004
2009-06-05,2.986,-0.002005
2009-06-08,2.986,0.0
2009-06-09,3.002,0.005358
2009-06-10,3.028,0.008661
2009-06-11,3.009,-0.006275
2009-06-12,2.963,-0.015287
2009-06-15,3.012,0.016537
2009-06-16,3.009,-0.000996
2009-06-17,3.045,0.011964
2009-06-18,3.081,0.011823
2009-06-19,3.1,0.006167
2009-06-22,3.097,-0.000968
2009-06-23,3.097,0.0
2009-06-24,3.13,0.010655
2009-06-25,3.127,-0.000958
2009-06-26,3.133,0.001919
2009-06-29,3.169,0.011491
2009-06-30,3.156,-0.004102
2009-07-01,3.209,0.016793
2009-07-02,3.238,0.009037
2009-07-03,3.271,0.010191
2009-07-06,3.31,0.011923
2009-07-07,3.291,-0.00574
2009-07-08,3.297,0.001823
2009-07-09,3.337,0.012132
2009-07-10,3.34,0.000899
2009-07-13,3.327,-0.003892
2009-07-14,3.396,0.020739
2009-07-15,3.422,0.007656
2009-07-16,3.422,0.0
2009-07-17,3.432,0.002922
2009-07-20,3.484,0.015152
2009-07-21,3.438,-0.013203
2009-07-22,3.484,0.01338
2009-07-23,3.521,0.01062
2009-07-24,3.524,0.000852
2009-07-27,3.58,0.015891
2009-07-28,3.603,0.006425
2009-07-29,3.445,-0.043852
2009-07-30,3.501,0.016255
2009-07-31,3.58,0.022565
2009-08-03,3.619,0.010894
2009-08-04,3.629,0.002763
2009-08-05,3.603,-0.007165
2009-08-06,3.553,-0.013877
2009-08-07,3.468,-0.023923
2009-08-10,3.461,-0.002018
2009-08-11,3.475,0.004045
2009-08-12,3.343,-0.037986
2009-08-13,3.37,0.008077
2009-08-14,3.288,-0.024332
2009-08-17,3.12,-0.051095
2009-08-18,3.153,0.010577
2009-08-19,3.035,-0.037425
2009-08-20,3.137,0.033608
2009-08-21,3.186,0.01562
2009-08-24,3.212,0.008161
2009-08-25,3.127,-0.026463
2009-08-26,3.186,0.018868
2009-08-27,3.173,-0.00408
2009-08-28,3.084,-0.028049
2009-08-31,2.904,-0.058366
2009-09-01,2.917,0.004477
2009-09-02,2.949,0.01097
2009-09-03,3.081,0.044761
2009-09-04,3.104,0.007465
2009-09-07,3.13,0.008376
2009-09-08,3.186,0.017891
2009-09-09,3.205,0.005964
2009-09-10,3.176,-0.009048
2009-09-11,3.238,0.019521
2009-09-14,3.284,0.014206
2009-09-15,3.291,0.002132
2009-09-16,3.258,-0.010027
2009-09-17,3.31,0.015961
2009-09-18,3.212,-0.029607
2009-09-21,3.232,0.006227
2009-09-22,3.173,-0.018255
2009-09-23,3.114,-0.018594
2009-09-24,3.12,0.001927
2009-09-25,3.104,-0.005128
2009-09-28,3.035,-0.022229
2009-09-29,3.028,-0.002306
2009-09-30,3.055,0.008917
2009-10-09,3.183,0.041899
2009-10-12,3.176,-0.002199
2009-10-13,3.212,0.011335
2009-10-14,3.235,0.007161
2009-10-15,3.242,0.002164
2009-10-16,3.245,0.000925
2009-10-19,3.317,0.022188
2009-10-20,3.356,0.011758
2009-10-21,3.347,-0.002682
2009-10-22,3.33,-0.005079
2009-10-23,3.379,0.014715
2009-10-26,3.383,0.001184
2009-10-27,3.307,-0.022465
2009-10-28,3.32,0.003931
2009-10-29,3.251,-0.020783
2009-10-30,3.284,0.010151
2009-11-02,3.376,0.028015
2009-11-03,3.409,0.009775
2009-11-04,3.425,0.004693
2009-11-05,3.435,0.00292
2009-11-06,3.452,0.004949
2009-11-09,3.461,0.002607
2009-11-10,3.468,0.002023
2009-11-11,3.461,-0.002018
2009-11-12,3.471,0.002889
2009-11-13,3.491,0.005762
2009-11-16,3.576,0.024348
2009-11-17,3.576,0.0
2009-11-18,3.576,0.0
2009-11-19,3.593,0.004754
2009-11-20,3.583,-0.002783
2009-11-23,3.612,0.008094
2009-11-24,3.507,-0.02907
2009-11-25,3.576,0.019675
2009-11-26,3.455,-0.033837
2009-11-27,3.376,-0.022865
2009-11-30,3.481,0.031102
2009-12-01,3.527,0.013215
2009-12-02,3.553,0.007372
2009-12-03,3.547,-0.001689
2009-12-04,3.576,0.008176
2009-12-07,3.603,0.00755
2009-12-08,3.566,-0.010269
2009-12-09,3.514,-0.014582
2009-12-10,3.53,0.004553
2009-12-11,3.527,-0.00085
2009-12-14,3.55,0.006521
2009-12-15,3.527,-0.006479
2009-12-16,3.511,-0.004536
2009-12-17,3.442,-0.019653
2009-12-18,3.366,-0.02208
2009-12-21,3.37,0.001188
2009-12-22,3.297,-0.021662
2009-12-23,3.327,0.009099
2009-12-24,3.406,0.023745
2009-12-25,3.399,-0.002055
2009-12-28,3.438,0.011474
2009-12-29,3.455,0.004945
2009-12-30,3.494,0.011288
2009-12-31,3.511,0.004865
2010-01-04,3.481,-0.008545
2010-01-05,3.501,0.005745
2010-01-06,3.484,-0.004856
2010-01-07,3.425,-0.016935
2010-01-08,3.438,0.003796
2010-01-11,3.438,0.0
2010-01-12,3.488,0.014543
2010-01-13,3.406,-0.023509
2010-01-14,3.452,0.013506
2010-01-15,3.465,0.003766
2010-01-18,3.484,0.005483
2010-01-19,3.488,0.001148
2010-01-20,3.393,-0.027236
2010-01-21,3.402,0.002653
2010-01-22,3.363,-0.011464
2010-01-25,3.327,-0.010705
2010-01-26,3.255,-0.021641
2010-01-27,3.222,-0.010138
2010-01-28,3.238,0.004966
2010-01-29,3.238,0.0
2010-02-01,3.199,-0.012044
2010-02-02,3.189,-0.003126
2010-02-03,3.251,0.019442
2010-02-04,3.245,-0.001846
2010-02-05,3.192,-0.016333
2010-02-08,3.189,-0.00094
2010-02-09,3.202,0.004077
2010-02-10,3.238,0.011243
2010-02-11,3.245,0.002162
2010-02-12,3.271,0.008012
2010-02-22,3.258,-0.003974
2010-02-23,3.235,-0.00706
2010-02-24,3.278,0.013292
2010-02-25,3.317,0.011897
2010-02-26,3.31,-0.00211
2010-03-01,3.343,0.00997
2010-03-02,3.333,-0.002991
2010-03-03,3.356,0.006901
2010-03-04,3.281,-0.022348
2010-03-05,3.288,0.002133
2010-03-08,3.31,0.006691
2010-03-09,3.327,0.005136
2010-03-10,3.304,-0.006913
2010-03-11,3.297,-0.002119
2010-03-12,3.261,-0.010919
2010-03-15,3.222,-0.01196
2010-03-16,3.238,0.004966
2010-03-17,3.297,0.018221
2010-03-18,3.294,-0.00091
2010-03-19,3.314,0.006072
2010-03-22,3.324,0.003018
2010-03-23,3.301,-0.006919
2010-03-24,3.304,0.000909
2010-03-25,3.265,-0.011804
2010-03-26,3.304,0.011945
2010-03-29,3.366,0.018765
2010-03-30,3.376,0.002971
2010-03-31,3.36,-0.004739
2010-04-01,3.399,0.011607
2010-04-02,3.412,0.003825
2010-04-06,3.409,-0.000879
2010-04-07,3.396,-0.003813
2010-04-08,3.366,-0.008834
2010-04-09,3.396,0.008913
2010-04-12,3.379,-0.005006
2010-04-13,3.406,0.007991
2010-04-14,3.416,0.002936
2010-04-15,3.402,-0.004098
2010-04-16,3.376,-0.007643
2010-04-19,3.235,-0.041765
2010-04-20,3.238,0.000927
2010-04-21,3.294,0.017295
2010-04-22,3.271,-0.006982
2010-04-23,3.258,-0.003974
2010-04-26,3.238,-0.006139
2010-04-27,3.186,-0.016059
2010-04-28,3.176,-0.003139
2010-04-29,3.14,-0.011335
2010-04-30,3.137,-0.000955
2010-05-04,3.107,-0.009563
2010-05-05,3.123,0.00515
2010-05-06,3.015,-0.034582
2010-05-07,2.966,-0.016252
2010-05-10,2.976,0.003372
2010-05-11,2.923,-0.017809
2010-05-12,2.93,0.002395
2010-05-13,2.986,0.019113
2010-05-14,2.976,-0.003349
2010-05-17,2.851,-0.042003
2010-05-18,2.9,0.017187
2010-05-19,2.894,-0.002069
2010-05-20,2.864,-0.010366
2010-05-21,2.904,0.013966
2010-05-24,2.992,0.030303
2010-05-25,2.946,-0.015374
2010-05-26,2.946,0.0
2010-05-27,2.989,0.014596
2010-05-28,2.982,-0.002342
2010-05-31,2.92,-0.020791
2010-06-01,2.894,-0.008904
2010-06-02,2.907,0.004492
2010-06-03,2.89,-0.005848
2010-06-04,2.9,0.00346
2010-06-07,2.864,-0.012414
2010-06-08,2.871,0.002444
2010-06-09,2.936,0.02264
2010-06-10,2.913,-0.007834
2010-06-11,2.92,0.002403
2010-06-17,2.9,-0.006849
2010-06-18,2.848,-0.017931
2010-06-21,2.92,0.025281
2010-06-22,2.923,0.001027
2010-06-23,2.904,-0.0065
2010-06-24,2.904,0.0
2010-06-25,2.881,-0.00792
2010-06-28,2.861,-0.006942
2010-06-29,2.759,-0.035652
2010-06-30,2.733,-0.009424
2010-07-01,2.697,-0.013172
2010-07-02,2.7,0.001112
2010-07-05,2.684,-0.005926
2010-07-06,2.73,0.017139
2010-07-07,2.753,0.008425
2010-07-08,2.746,-0.002543
2010-07-09,2.812,0.024035
2010-07-12,2.835,0.008179
2010-07-13,2.802,-0.01164
2010-07-14,2.815,0.00464
2010-07-15,2.776,-0.013854
2010-07-16,2.782,0.002161
2010-07-19,2.841,0.021208
2010-07-20,2.894,0.018655
2010-07-21,2.9,0.002073
2010-07-22,2.93,0.010345
2010-07-23,2.94,0.003413
2010-07-26,2.956,0.005442
2010-07-27,2.946,-0.003383
2010-07-28,3.005,0.020027
2010-07-29,3.015,0.003328
2010-07-30,3.009,-0.00199
2010-08-02,3.055,0.015287
2010-08-03,3.012,-0.014075
2010-08-04,3.022,0.00332
2010-08-05,3.009,-0.004302
2010-08-06,3.051,0.013958
2010-08-09,3.071,0.006555
2010-08-10,2.995,-0.024748
2010-08-11,3.012,0.005676
2010-08-12,2.986,-0.008632
2010-08-13,3.022,0.012056
2010-08-16,3.077,0.0182
2010-08-17,3.1,0.007475
2010-08-18,3.094,-0.001935
2010-08-19,3.107,0.004202
2010-08-20,3.055,-0.016736
2010-08-23,3.058,0.000982
2010-08-24,3.074,0.005232
2010-08-25,3.018,-0.018217
2010-08-26,3.025,0.002319
2010-08-27,3.035,0.003306
2010-08-30,3.091,0.018451
2010-08-31,3.091,0.0
2010-09-01,3.068,-0.007441
2010-09-02,3.107,0.012712
2010-09-03,3.11,0.000966
2010-09-06,3.146,0.011576
2010-09-07,3.153,0.002225
2010-09-08,3.156,0.000951
2010-09-09,3.114,-0.013308
2010-09-10,3.127,0.004175
2010-09-13,3.16,0.010553
2010-09-14,3.166,0.001899
2010-09-15,3.12,-0.014529
2010-09-16,3.071,-0.015705
2010-09-17,3.074,0.000977
2010-09-20,3.061,-0.004229
2010-09-21,3.068,0.002287
2010-09-27,3.117,0.015971
2010-09-28,3.104,-0.004171
2010-09-29,3.091,-0.004188
2010-09-30,3.137,0.014882
2010-10-08,3.215,0.024865
2010-10-11,3.265,0.015552
2010-10-12,3.294,0.008882
2010-10-13,3.324,0.009107
2010-10-14,3.304,-0.006017
2010-10-15,3.373,0.020884
2010-10-18,3.347,-0.007708
2010-10-19,3.412,0.01942
2010-10-20,3.438,0.00762
2010-10-21,3.429,-0.002618
2010-10-22,3.438,0.002625
2010-10-25,3.521,0.024142
2010-10-26,3.514,-0.001988
2010-10-27,3.468,-0.01309
2010-10-28,3.461,-0.002018
2010-10-29,3.458,-0.000867
2010-11-01,3.54,0.023713
2010-11-02,3.524,-0.00452
2010-11-03,3.484,-0.011351
2010-11-04,3.54,0.016073
2010-11-05,3.573,0.009322
2010-11-08,3.606,0.009236
2010-11-09,3.599,-0.001941
2010-11-10,3.589,-0.002779
2010-11-11,3.589,0.0
2010-11-12,3.409,-0.050153
2010-11-15,3.448,0.01144
2010-11-16,3.33,-0.034223
2010-11-17,3.255,-0.022523
2010-11-18,3.294,0.011982
2010-11-19,3.34,0.013965
2010-11-22,3.347,0.002096
2010-11-23,3.291,-0.016731
2010-11-24,3.363,0.021878
2010-11-25,3.396,0.009813
2010-11-26,3.376,-0.005889
2010-11-29,3.376,0.0
2010-11-30,3.327,-0.014514
2010-12-01,3.32,-0.002104
2010-12-02,3.33,0.003012
2010-12-03,3.327,-0.000901
2010-12-06,3.32,-0.002104
2010-12-07,3.356,0.010843
2010-12-08,3.34,-0.004768
2010-12-09,3.294,-0.013772
2010-12-10,3.33,0.010929
2010-12-13,3.416,0.025826
2010-12-14,3.429,0.003806
2010-12-15,3.409,-0.005833
2010-12-16,3.396,-0.003813
2010-12-17,3.396,0.0
2010-12-20,3.356,-0.011779
2010-12-21,3.406,0.014899
2010-12-22,3.376,-0.008808
2010-12-23,3.343,-0.009775
2010-12-24,3.317,-0.007777
2010-12-27,3.258,-0.017787
2010-12-28,3.209,-0.01504
2010-12-29,3.235,0.008102
2010-12-30,3.242,0.002164
2010-12-31,3.304,0.019124
2011-01-04,3.347,0.013015
2011-01-05,3.34,-0.002091
2011-01-06,3.32,-0.005988
2011-01-07,3.317,-0.000904
2011-01-10,3.258,-0.017787
2011-01-11,3.265,0.002149
2011-01-12,3.274,0.002757
2011-01-13,3.274,0.0
2011-01-14,3.228,-0.01405
2011-01-17,3.127,-0.031289
2011-01-18,3.13,0.000959
2011-01-19,3.192,0.019808
2011-01-20,3.104,-0.027569
2011-01-21,3.13,0.008376
2011-01-24,3.094,-0.011502
2011-01-25,3.077,-0.005495
2011-01-26,3.117,0.013
2011-01-27,3.163,0.014758
2011-01-28,3.179,0.005058
2011-01-31,3.212,0.010381
2011-02-01,3.212,0.0
2011-02-09,3.183,-0.009029
2011-02-10,3.245,0.019478
2011-02-11,3.261,0.004931
2011-02-14,3.337,0.023306
2011-02-15,3.337,0.0
2011-02-16,3.366,0.00869
2011-02-17,3.373,0.00208
2011-02-18,3.343,-0.008894
2011-02-21,3.386,0.012863
2011-02-22,3.307,-0.023331
2011-02-23,3.32,0.003931
2011-02-24,3.333,0.003916
2011-02-25,3.34,0.0021
2011-02-28,3.376,0.010778
2011-03-01,3.389,0.003851
2011-03-02,3.376,-0.003836
2011-03-03,3.35,-0.007701
2011-03-04,3.389,0.011642
2011-03-07,3.438,0.014459
2011-03-08,3.438,0.0
2011-03-09,3.442,0.001163
2011-03-10,3.396,-0.013364
2011-03-11,3.373,-0.006773
2011-03-14,3.393,0.005929
2011-03-15,3.343,-0.014736
2011-03-16,3.379,0.010769
2011-03-17,3.333,-0.013613
2011-03-18,3.35,0.005101
2011-03-21,3.333,-0.005075
2011-03-22,3.343,0.003
2011-03-23,3.383,0.011965
2011-03-24,3.373,-0.002956
2011-03-25,3.406,0.009784
2011-03-28,3.396,-0.002936
2011-03-29,3.36,-0.010601
2011-03-30,3.353,-0.002083
2011-03-31,3.327,-0.007754
2011-04-01,3.366,0.011722
2011-04-06,3.386,0.005942
2011-04-07,3.399,0.003839
2011-04-08,3.429,0.008826
2011-04-11,3.409,-0.005833
2011-04-12,3.402,-0.002053
2011-04-13,3.438,0.010582
2011-04-14,3.422,-0.004654
2011-04-15,3.425,0.000877
2011-04-18,3.425,0.0
2011-04-19,3.376,-0.014307
2011-04-20,3.383,0.002073
2011-04-21,3.399,0.00473
2011-04-22,3.386,-0.003825
2011-04-25,3.343,-0.012699
2011-04-26,3.324,-0.005684
2011-04-27,3.301,-0.006919
2011-04-28,3.248,-0.016056
2011-04-29,3.281,0.01016
2011-05-03,3.304,0.00701
2011-05-04,3.238,-0.019976
2011-05-05,3.238,0.0
2011-05-06,3.242,0.001235
2011-05-09,3.251,0.002776
2011-05-10,3.268,0.005229
2011-05-11,3.265,-0.000918
2011-05-12,3.232,-0.010107
2011-05-13,3.248,0.00495
2011-05-16,3.228,-0.006158
2011-05-17,3.232,0.001239
2011-05-18,3.251,0.005879
2011-05-19,3.235,-0.004922
2011-05-20,3.235,0.0
2011-05-23,3.15,-0.026275
2011-05-24,3.153,0.000952
2011-05-25,3.123,-0.009515
2011-05-26,3.107,-0.005123
2011-05-27,3.087,-0.006437
2011-05-30,3.074,-0.004211
2011-05-31,3.117,0.013988
2011-06-01,3.123,0.001925
2011-06-02,3.087,-0.011527
2011-06-03,3.117,0.009718
2011-06-07,3.133,0.005133
2011-06-08,3.137,0.001277
2011-06-09,3.087,-0.015939
2011-06-10,3.097,0.003239
2011-06-13,3.091,-0.001937
2011-06-14,3.127,0.011647
2011-06-15,3.104,-0.007355
2011-06-16,3.064,-0.012887
2011-06-17,3.041,-0.007507
2011-06-20,3.025,-0.005261
2011-06-21,3.055,0.009917
2011-06-22,3.055,0.0
2011-06-23,3.097,0.013748
2011-06-24,3.156,0.019051
2011-06-27,3.169,0.004119
2011-06-28,3.176,0.002209
2011-06-29,3.143,-0.01039
2011-06-30,3.179,0.011454
2011-07-01,3.189,0.003146
2011-07-04,3.248,0.018501
2011-07-05,3.255,0.002155
2011-07-06,3.251,-0.001229
2011-07-07,3.245,-0.001846
2011-07-08,3.248,0.000924
2011-07-11,3.258,0.003079
2011-07-12,3.215,-0.013198
2011-07-13,3.258,0.013375
2011-07-14,3.265,0.002149
2011-07-15,3.278,0.003982
2011-07-18,3.274,-0.00122
2011-07-19,3.248,-0.007941
2011-07-20,3.245,-0.000924
2011-07-21,3.219,-0.008012
2011-07-22,3.228,0.002796
2011-07-25,3.14,-0.027261
2011-07-26,3.146,0.001911
2011-07-27,3.173,0.008582
2011-07-28,3.156,-0.005358
2011-07-29,3.143,-0.004119
2011-08-01,3.15,0.002227
2011-08-02,3.13,-0.006349
2011-08-03,3.133,0.000958
2011-08-04,3.14,0.002234
2011-08-05,3.094,-0.01465
2011-08-08,3.005,-0.028765
2011-08-09,3.012,0.002329
2011-08-10,3.035,0.007636
2011-08-11,3.074,0.01285
2011-08-12,3.084,0.003253
2011-08-15,3.117,0.0107
2011-08-16,3.1,-0.005454
2011-08-17,3.087,-0.004194
2011-08-18,3.045,-0.013605
2011-08-19,3.022,-0.007553
2011-08-22,2.992,-0.009927
2011-08-23,3.028,0.012032
2011-08-24,3.022,-0.001982
2011-08-25,3.094,0.023825
2011-08-26,3.094,0.0
2011-08-29,3.058,-0.011635
2011-08-30,3.045,-0.004251
2011-08-31,3.045,0.0
2011-09-01,3.032,-0.004269
2011-09-02,3.002,-0.009894
2011-09-05,2.949,-0.017655
2011-09-06,2.93,-0.006443
2011-09-07,2.979,0.016724
2011-09-08,2.959,-0.006714
2011-09-09,2.949,-0.00338
2011-09-13,2.92,-0.009834
2011-09-14,2.933,0.004452
2011-09-15,2.93,-0.001023
2011-09-16,2.936,0.002048
2011-09-19,2.887,-0.016689
2011-09-20,2.897,0.003464
2011-09-21,2.966,0.023818
2011-09-22,2.894,-0.024275
2011-09-23,2.877,-0.005874
2011-09-26,2.828,-0.017032
2011-09-27,2.848,0.007072
2011-09-28,2.822,-0.009129
2011-09-29,2.789,-0.011694
2011-09-30,2.785,-0.001434
2011-10-10,2.762,-0.008259
2011-10-11,2.753,-0.003259
2011-10-12,2.828,0.027243
2011-10-13,2.848,0.007072
2011-10-14,2.838,-0.003511
2011-10-17,2.848,0.003524
2011-10-18,2.785,-0.022121
2011-10-19,2.776,-0.003232
2011-10-20,2.72,-0.020173
2011-10-21,2.7,-0.007353
2011-10-24,2.753,0.01963
2011-10-25,2.799,0.016709
2011-10-26,2.825,0.009289
2011-10-27,2.828,0.001062
2011-10-28,2.874,0.016266
2011-10-31,2.867,-0.002436
2011-11-01,2.867,0.0
2011-11-02,2.91,0.014998
2011-11-03,2.913,0.001031
2011-11-04,2.93,0.005836
2011-11-07,2.91,-0.006826
2011-11-08,2.897,-0.004467
2011-11-09,2.923,0.008975
2011-11-10,2.884,-0.013342
2011-11-11,2.877,-0.002427
2011-11-14,2.927,0.017379
2011-11-15,2.927,0.0
2011-11-16,2.864,-0.021524
2011-11-17,2.858,-0.002095
2011-11-18,2.805,-0.018544
2011-11-21,2.805,0.0
2011-11-22,2.808,0.00107
2011-11-23,2.792,-0.005698
2011-11-24,2.795,0.001074
2011-11-25,2.782,-0.004651
2011-11-28,2.785,0.001078
2011-11-29,2.818,0.011849
2011-11-30,2.743,-0.026615
2011-12-01,2.795,0.018957
2011-12-02,2.769,-0.009302
2011-12-05,2.726,-0.015529
2011-12-06,2.723,-0.001101
2011-12-07,2.733,0.003672
2011-12-08,2.733,0.0
2011-12-09,2.713,-0.007318
2011-12-12,2.694,-0.007003
2011-12-13,2.641,-0.019673
2011-12-14,2.621,-0.007573
2011-12-15,2.575,-0.017551
2011-12-16,2.621,0.017864
2011-12-19,2.621,0.0
2011-12-20,2.618,-0.001145
2011-12-21,2.582,-0.013751
2011-12-22,2.579,-0.001162
2011-12-23,2.595,0.006204
2011-12-26,2.572,-0.008863
2011-12-27,2.539,-0.01283
2011-12-28,2.539,0.0
2011-12-29,2.543,0.001575
2011-12-30,2.575,0.012584
2011-12-31,2.575,0.0
2012-01-04,2.529,-0.017864
2012-01-05,2.497,-0.012653
2012-01-06,2.506,0.003604
2012-01-09,2.572,0.026337
2012-01-10,2.641,0.026827
2012-01-11,2.634,-0.002651
2012-01-12,2.631,-0.001139
2012-01-13,2.589,-0.015964
2012-01-16,2.539,-0.019312
2012-01-17,2.634,0.037416
2012-01-18,2.598,-0.013667
2012-01-19,2.638,0.015396
2012-01-20,2.674,0.013647
2012-01-30,2.638,-0.013463
2012-01-31,2.641,0.001137
2012-02-01,2.615,-0.009845
2012-02-02,2.661,0.017591
2012-02-03,2.68,0.00714
2012-02-06,2.68,0.0
2012-02-07,2.644,-0.013433
2012-02-08,2.703,0.022315
2012-02-09,2.707,0.00148
2012-02-10,2.71,0.001108
2012-02-13,2.71,0.0
2012-02-14,2.703,-0.002583
2012-02-15,2.726,0.008509
2012-02-16,2.716,-0.003668
2012-02-17,2.713,-0.001105
2012-02-20,2.716,0.001106
2012-02-21,2.736,0.007364
2012-02-22,2.772,0.013158
2012-02-23,2.779,0.002525
2012-02-24,2.815,0.012954
2012-02-27,2.822,0.002487
2012-02-28,2.822,0.0
2012-02-29,2.799,-0.00815
2012-03-01,2.799,0.0
2012-03-02,2.841,0.015005
2012-03-05,2.828,-0.004576
2012-03-06,2.795,-0.011669
2012-03-07,2.779,-0.005725
2012-03-08,2.808,0.010435
2012-03-09,2.835,0.009615
2012-03-12,2.831,-0.001411
2012-03-13,2.854,0.008124
2012-03-14,2.782,-0.025228
2012-03-15,2.766,-0.005751
2012-03-16,2.805,0.0141
2012-03-19,2.812,0.002496
2012-03-20,2.772,-0.014225
2012-03-21,2.772,0.0
2012-03-22,2.769,-0.001082
2012-03-23,2.739,-0.010834
2012-03-26,2.739,0.0
2012-03-27,2.733,-0.002191
2012-03-28,2.667,-0.024149
2012-03-29,2.644,-0.008624
2012-03-30,2.651,0.002648
2012-03-31,2.651,0.0
2012-04-05,2.707,0.021124
2012-04-06,2.713,0.002216
2012-04-09,2.69,-0.008478
2012-04-10,2.71,0.007435
2012-04-11,2.71,0.0
2012-04-12,2.753,0.015867
2012-04-13,2.762,0.003269
2012-04-16,2.759,-0.001086
2012-04-17,2.73,-0.010511
2012-04-18,2.776,0.01685
2012-04-19,2.776,0.0
2012-04-20,2.795,0.006844
2012-04-23,2.779,-0.005725
2012-04-24,2.772,-0.002519
2012-04-25,2.795,0.008297
2012-04-26,2.795,0.0
2012-04-27,2.792,-0.001073
2012-05-02,2.841,0.01755
2012-05-03,2.848,0.002464
2012-05-04,2.871,0.008076
2012-05-07,2.874,0.001045
2012-05-08,2.867,-0.002436
2012-05-09,2.825,-0.014649
2012-05-10,2.825,0.0
2012-05-11,2.808,-0.006018
2012-05-14,2.795,-0.00463
2012-05-15,2.799,0.001431
2012-05-16,2.762,-0.013219
2012-05-17,2.792,0.010862
2012-05-18,2.759,-0.011819
2012-05-21,2.769,0.003625
2012-05-22,2.805,0.013001
2012-05-23,2.799,-0.002139
2012-05-24,2.779,-0.007145
2012-05-25,2.759,-0.007197
2012-05-28,2.795,0.013048
2012-05-29,2.825,0.010733
2012-05-30,2.818,-0.002478
2012-05-31,2.815,-0.001065
2012-06-01,2.815,0.0
2012-06-04,2.753,-0.022025
2012-06-05,2.753,0.0
2012-06-06,2.749,-0.001453
2012-06-07,2.739,-0.003638
2012-06-08,2.723,-0.005842
2012-06-11,2.759,0.013221
2012-06-12,2.746,-0.004712
2012-06-13,2.785,0.014202
2012-06-14,2.769,-0.005745
2012-06-15,2.772,0.001083
2012-06-18,2.785,0.00469
2012-06-19,2.766,-0.006822
2012-06-20,2.759,-0.002531
2012-06-21,2.726,-0.011961
2012-06-25,2.674,-0.019076
2012-06-26,2.68,0.002244
2012-06-27,2.677,-0.001119
2012-06-28,2.657,-0.007471
2012-06-29,2.69,0.01242
2012-06-30,2.69,0.0
2012-07-02,2.7,0.003717
2012-07-03,2.703,0.001111
2012-07-04,2.7,-0.00111
2012-07-05,2.671,-0.010741
2012-07-06,2.713,0.015724
2012-07-09,2.664,-0.018061
2012-07-10,2.654,-0.003754
2012-07-11,2.674,0.007536
2012-07-12,2.697,0.008601
2012-07-13,2.7,0.001112
2012-07-16,2.651,-0.018148
2012-07-17,2.664,0.004904
2012-07-18,2.664,0.0
2012-07-19,2.674,0.003754
2012-07-20,2.651,-0.008601
2012-07-23,2.625,-0.009808
2012-07-24,2.634,0.003429
2012-07-25,2.621,-0.004935
2012-07-26,2.608,-0.00496
2012-07-27,2.605,-0.00115
2012-07-30,2.592,-0.00499
2012-07-31,2.589,-0.001157
2012-08-01,2.611,0.008497
2012-08-02,2.589,-0.008426
2012-08-03,2.608,0.007339
2012-08-06,2.638,0.011503
2012-08-07,2.641,0.001137
2012-08-08,2.641,0.0
2012-08-09,2.664,0.008709
2012-08-10,2.651,-0.00488
2012-08-13,2.608,-0.01622
2012-08-14,2.615,0.002684
2012-08-15,2.592,-0.008795
2012-08-16,2.579,-0.005015
2012-08-17,2.572,-0.002714
2012-08-20,2.562,-0.003888
2012-08-21,2.575,0.005074
2012-08-22,2.559,-0.006214
2012-08-23,2.562,0.001172
2012-08-24,2.539,-0.008977
2012-08-27,2.497,-0.016542
2012-08-28,2.503,0.002403
2012-08-29,2.483,-0.00799
2012-08-30,2.474,-0.003625
2012-08-31,2.474,0.0
2012-09-03,2.506,0.012935
2012-09-04,2.487,-0.007582
2012-09-05,2.483,-0.001608
2012-09-06,2.5,0.006847
2012-09-07,2.585,0.034
2012-09-10,2.592,0.002708
2012-09-11,2.579,-0.005015
2012-09-12,2.589,0.003877
2012-09-13,2.569,-0.007725
2012-09-14,2.582,0.00506
2012-09-17,2.526,-0.021689
2012-09-18,2.513,-0.005146
2012-09-19,2.523,0.003979
2012-09-20,2.477,-0.018232
2012-09-21,2.48,0.001211
2012-09-24,2.497,0.006855
2012-09-25,2.493,-0.001602
2012-09-26,2.467,-0.010429
2012-09-27,2.523,0.0227
2012-09-28,2.562,0.015458
2012-09-30,2.561,-0.00039
2012-10-08,2.543,-0.007029
2012-10-09,2.582,0.015336
2012-10-10,2.589,0.002711
2012-10-11,2.566,-0.008884
2012-10-12,2.566,0.0
2012-10-15,2.559,-0.002728
2012-10-16,2.562,0.001172
2012-10-17,2.562,0.0
2012-10-18,2.598,0.014052
2012-10-19,2.595,-0.001155
2012-10-22,2.602,0.002697
2012-10-23,2.572,-0.01153
2012-10-24,2.569,-0.001166
2012-10-25,2.552,-0.006617
2012-10-26,2.513,-0.015282
2012-10-29,2.503,-0.003979
2012-10-30,2.503,0.0
2012-10-31,2.513,0.003995
2012-11-01,2.552,0.015519
2012-11-02,2.559,0.002743
2012-11-05,2.556,-0.001172
2012-11-06,2.552,-0.001565
2012-11-07,2.546,-0.002351
2012-11-08,2.52,-0.010212
2012-11-09,2.516,-0.001587
2012-11-12,2.526,0.003975
2012-11-13,2.503,-0.009105
2012-11-14,2.506,0.001199
2012-11-15,2.487,-0.007582
2012-11-16,2.477,-0.004021
2012-11-19,2.474,-0.001211
2012-11-20,2.467,-0.002829
2012-11-21,2.487,0.008107
2012-11-22,2.477,-0.004021
2012-11-23,2.487,0.004037
2012-11-26,2.474,-0.005227
2012-11-27,2.454,-0.008084
2012-11-28,2.438,-0.00652
2012-11-29,2.431,-0.002871
2012-11-30,2.451,0.008227
2012-12-03,2.428,-0.009384
2012-12-04,2.444,0.00659
2012-12-05,2.493,0.020049
2012-12-06,2.49,-0.001203
2012-12-07,2.52,0.012048
2012-12-10,2.536,0.006349
2012-12-11,2.526,-0.003943
2012-12-12,2.533,0.002771
2012-12-13,2.516,-0.006711
2012-12-14,2.589,0.029014
2012-12-17,2.595,0.002317
2012-12-18,2.592,-0.001156
2012-12-19,2.598,0.002315
2012-12-20,2.605,0.002694
2012-12-21,2.598,-0.002687
2012-12-24,2.602,0.00154
2012-12-25,2.648,0.017679
2012-12-26,2.654,0.002266
2012-12-27,2.648,-0.002261
2012-12-28,2.671,0.008686
2012-12-31,2.7,0.010857
2013-01-04,2.697,-0.001111
2013-01-07,2.707,0.003708
2013-01-08,2.707,0.0
2013-01-09,2.71,0.001108
2013-01-10,2.71,0.0
2013-01-11,2.677,-0.012177
2013-01-14,2.736,0.02204
2013-01-15,2.753,0.006213
2013-01-16,2.739,-0.005085
2013-01-17,2.723,-0.005842
2013-01-18,2.753,0.011017
2013-01-21,2.762,0.003269
2013-01-22,2.749,-0.004707
2013-01-23,2.756,0.002546
2013-01-24,2.736,-0.007257
2013-01-25,2.73,-0.002193
2013-01-28,2.776,0.01685
2013-01-29,2.795,0.006844
2013-01-30,2.802,0.002504
2013-01-31,2.795,-0.002498
2013-02-01,2.828,0.011807
2013-02-04,2.825,-0.001061
2013-02-05,2.848,0.008142
2013-02-06,2.854,0.002107
2013-02-07,2.848,-0.002102
2013-02-08,2.858,0.003511
2013-02-18,2.835,-0.008048
2013-02-19,2.799,-0.012698
2013-02-20,2.815,0.005716
2013-02-21,2.762,-0.018828
2013-02-22,2.756,-0.002172
2013-02-25,2.759,0.001089
2013-02-26,2.736,-0.008336
2013-02-27,2.753,0.006213
2013-02-28,2.799,0.016709
2013-03-01,2.799,0.0
2013-03-04,2.716,-0.029653
2013-03-05,2.762,0.016937
2013-03-06,2.782,0.007241
2013-03-07,2.766,-0.005751
2013-03-08,2.756,-0.003615
2013-03-11,2.749,-0.00254
2013-03-12,2.723,-0.009458
2013-03-13,2.707,-0.005876
2013-03-14,2.71,0.001108
2013-03-15,2.71,0.0
2013-03-18,2.684,-0.009594
2013-03-19,2.697,0.004844
2013-03-20,2.749,0.019281
2013-03-21,2.756,0.002546
2013-03-22,2.759,0.001089
2013-03-25,2.753,-0.002175
2013-03-26,2.733,-0.007265
2013-03-27,2.739,0.002195
2013-03-28,2.687,-0.018985
2013-03-29,2.684,-0.001116
2013-04-01,2.684,0.0
2013-04-02,2.674,-0.003726
2013-04-03,2.671,-0.001122
2013-04-08,2.661,-0.003744
2013-04-09,2.674,0.004885
2013-04-10,2.674,0.0
2013-04-11,2.667,-0.002618
2013-04-12,2.657,-0.00375
2013-04-15,2.644,-0.004893
2013-04-16,2.661,0.00643
2013-04-17,2.667,0.002255
2013-04-18,2.671,0.0015
2013-04-19,2.71,0.014601
2013-04-22,2.71,0.0
2013-04-23,2.661,-0.018081
2013-04-24,2.69,0.010898
2013-04-25,2.667,-0.00855
2013-04-26,2.654,-0.004874
2013-05-02,2.654,0.0
2013-05-03,2.684,0.011304
2013-05-06,2.707,0.008569
2013-05-07,2.71,0.001108
2013-05-08,2.716,0.002214
2013-05-09,2.707,-0.003314
2013-05-10,2.713,0.002216
2013-05-13,2.707,-0.002212
2013-05-14,2.684,-0.008496
2013-05-15,2.694,0.003726
2013-05-16,2.723,0.010765
2013-05-17,2.749,0.009548
2013-05-20,2.756,0.002546
2013-05-21,2.762,0.002177
2013-05-22,2.762,0.0
2013-05-23,2.743,-0.006879
2013-05-24,2.753,0.003646
2013-05-27,2.759,0.002179
2013-05-28,2.785,0.009424
2013-05-29,2.789,0.001436
2013-05-30,2.785,-0.001434
2013-05-31,2.769,-0.005745
2013-06-03,2.766,-0.001083
2013-06-04,2.739,-0.009761
2013-06-05,2.736,-0.001095
2013-06-06,2.716,-0.00731
2013-06-07,2.687,-0.010677
2013-06-13,2.638,-0.018236
2013-06-14,2.654,0.006065
2013-06-17,2.648,-0.002261
2013-06-18,2.657,0.003399
2013-06-19,2.644,-0.004893
2013-06-20,2.595,-0.018533
2013-06-21,2.592,-0.001156
2013-06-24,2.5,-0.035494
2013-06-25,2.497,-0.0012
2013-06-26,2.506,0.003604
2013-06-27,2.5,-0.002394
2013-06-28,2.523,0.0092
2013-06-30,2.523,0.0
2013-07-01,2.533,0.003964
2013-07-02,2.543,0.003948
2013-07-03,2.536,-0.002753
2013-07-04,2.546,0.003943
2013-07-05,2.549,0.001178
2013-07-08,2.51,-0.0153
2013-07-09,2.51,0.0
2013-07-10,2.552,0.016733
2013-07-11,2.618,0.025862
2013-07-12,2.589,-0.011077
2013-07-15,2.615,0.010042
2013-07-16,2.621,0.002294
2013-07-17,2.598,-0.008775
2013-07-18,2.575,-0.008853
2013-07-19,2.539,-0.013981
2013-07-22,2.552,0.00512
2013-07-23,2.598,0.018025
2013-07-24,2.592,-0.002309
2013-07-25,2.582,-0.003858
2013-07-26,2.575,-0.002711
2013-07-29,2.546,-0.011262
2013-07-30,2.549,0.001178
2013-07-31,2.552,0.001177
2013-08-01,2.592,0.015674
2013-08-02,2.598,0.002315
2013-08-05,2.621,0.008853
2013-08-06,2.631,0.003815
2013-08-07,2.621,-0.003801
2013-08-08,2.618,-0.001145
2013-08-09,2.625,0.002674
2013-08-12,2.664,0.014857
2013-08-13,2.671,0.002628
2013-08-14,2.664,-0.002621
2013-08-15,2.641,-0.008634
2013-08-16,2.621,-0.007573
2013-08-19,2.644,0.008775
2013-08-20,2.631,-0.004917
2013-08-21,2.631,0.0
2013-08-22,2.628,-0.00114
2013-08-23,2.621,-0.002664
2013-08-26,2.654,0.012591
2013-08-27,2.657,0.00113
2013-08-28,2.644,-0.004893
2013-08-29,2.638,-0.002269
2013-08-30,2.628,-0.003791
2013-09-02,2.638,0.003805
2013-09-03,2.664,0.009856
2013-09-04,2.657,-0.002628
2013-09-05,2.651,-0.002258
2013-09-06,2.661,0.003772
2013-09-09,2.703,0.015784
2013-09-10,2.72,0.006289
2013-09-11,2.723,0.001103
2013-09-12,2.73,0.002571
2013-09-13,2.723,-0.002564
2013-09-16,2.716,-0.002571
2013-09-17,2.687,-0.010677
2013-09-18,2.694,0.002605
2013-09-23,2.72,0.009651
2013-09-24,2.707,-0.004779
2013-09-25,2.694,-0.004802
2013-09-26,2.667,-0.010022
2013-09-27,2.674,0.002625
2013-09-30,2.684,0.00374
2013-10-08,2.71,0.009687
2013-10-09,2.716,0.002214
2013-10-10,2.697,-0.006996
2013-10-11,2.723,0.00964
2013-10-14,2.726,0.001102
2013-10-15,2.723,-0.001101
2013-10-16,2.69,-0.012119
2013-10-17,2.684,-0.00223
2013-10-18,2.69,0.002235
2013-10-21,2.72,0.011152
2013-10-22,2.703,-0.00625
2013-10-23,2.684,-0.007029
2013-10-24,2.674,-0.003726
2013-10-25,2.648,-0.009723
2013-10-28,2.644,-0.001511
2013-10-29,2.641,-0.001135
2013-10-30,2.664,0.008709
2013-10-31,2.638,-0.00976
2013-11-01,2.648,0.003791
2013-11-04,2.644,-0.001511
2013-11-05,2.648,0.001513
2013-11-06,2.628,-0.007553
2013-11-07,2.615,-0.004947
2013-11-08,2.592,-0.008795
2013-11-11,2.602,0.003858
2013-11-12,2.615,0.004996
2013-11-13,2.585,-0.011472
2013-11-14,2.598,0.005029
2013-11-15,2.628,0.011547
2013-11-18,2.674,0.017504
2013-11-19,2.667,-0.002618
2013-11-20,2.674,0.002625
2013-11-21,2.664,-0.00374
2013-11-22,2.654,-0.003754
2013-11-25,2.648,-0.002261
2013-11-26,2.648,0.0
2013-11-27,2.667,0.007175
2013-11-28,2.687,0.007499
2013-11-29,2.69,0.001116
2013-12-02,2.661,-0.010781
2013-12-03,2.684,0.008643
2013-12-04,2.707,0.008569
2013-12-05,2.7,-0.002586
2013-12-06,2.69,-0.003704
2013-12-09,2.694,0.001487
2013-12-10,2.694,0.0
2013-12-11,2.671,-0.008537
2013-12-12,2.671,0.0
2013-12-13,2.671,0.0
2013-12-16,2.644,-0.010109
2013-12-17,2.638,-0.002269
2013-12-18,2.638,0.0
2013-12-19,2.621,-0.006444
2013-12-20,2.589,-0.012209
2013-12-23,2.595,0.002317
2013-12-24,2.602,0.002697
2013-12-25,2.615,0.004996
2013-12-26,2.589,-0.009943
2013-12-27,2.615,0.010042
2013-12-30,2.611,-0.00153
2013-12-31,2.631,0.00766
2014-01-02,2.631,0.0
2014-01-03,2.611,-0.007602
2014-01-06,2.575,-0.013788
2014-01-07,2.579,0.001553
2014-01-08,2.582,0.001163
2014-01-09,2.569,-0.005035
2014-01-10,2.549,-0.007785
2014-01-13,2.539,-0.003923
2014-01-14,2.556,0.006696
2014-01-15,2.559,0.001174
2014-01-16,2.559,0.0
2014-01-17,2.536,-0.008988
2014-01-20,2.526,-0.003943
2014-01-21,2.539,0.005146
2014-01-22,2.579,0.015754
2014-01-23,2.575,-0.001551
2014-01-24,2.589,0.005437
2014-01-27,2.569,-0.007725
2014-01-28,2.569,0.0
2014-01-29,2.575,0.002336
2014-01-30,2.559,-0.006214
2014-02-07,2.572,0.00508
2014-02-10,2.611,0.015163
2014-02-11,2.618,0.002681
2014-02-12,2.625,0.002674
2014-02-13,2.611,-0.005333
2014-02-14,2.625,0.005362
2014-02-17,2.638,0.004952
2014-02-18,2.621,-0.006444
2014-02-19,2.638,0.006486
2014-02-20,2.621,-0.006444
2014-02-21,2.605,-0.006105
2014-02-24,2.579,-0.009981
2014-02-25,2.533,-0.017836
2014-02-26,2.536,0.001184
2014-02-27,2.526,-0.003943
2014-02-28,2.546,0.007918
2014-03-03,2.559,0.005106
2014-03-04,2.549,-0.003908
2014-03-05,2.533,-0.006277
2014-03-06,2.539,0.002369
2014-03-07,2.543,0.001575
2014-03-10,2.497,-0.018089
2014-03-11,2.506,0.003604
2014-03-12,2.51,0.001596
2014-03-13,2.526,0.006375
2014-03-14,2.513,-0.005146
2014-03-17,2.533,0.007959
2014-03-18,2.529,-0.001579
2014-03-19,2.513,-0.006327
2014-03-20,2.483,-0.011938
2014-03-21,2.526,0.017318
2014-03-24,2.536,0.003959
2014-03-25,2.536,0.0
2014-03-26,2.536,0.0
2014-03-27,2.523,-0.005126
2014-03-28,2.52,-0.001189
2014-03-31,2.516,-0.001587
2014-04-01,2.529,0.005167
2014-04-02,2.536,0.002768
2014-04-03,2.526,-0.003943
2014-04-04,2.539,0.005146
2014-04-08,2.575,0.014179
2014-04-09,2.579,0.001553
2014-04-10,2.602,0.008918
2014-04-11,2.598,-0.001537
2014-04-14,2.602,0.00154
2014-04-15,2.575,-0.010377
2014-04-16,2.575,0.0
2014-04-17,2.572,-0.001165
2014-04-18,2.572,0.0
2014-04-21,2.549,-0.008942
2014-04-22,2.549,0.0
2014-04-23,2.546,-0.001177
2014-04-24,2.543,-0.001178
2014-04-25,2.523,-0.007865
2014-04-28,2.493,-0.011891
2014-04-29,2.51,0.006819
2014-04-30,2.516,0.00239
2014-05-05,2.52,0.00159
2014-05-06,2.523,0.00119
2014-05-07,2.506,-0.006738
2014-05-08,2.503,-0.001197
2014-05-09,2.497,-0.002397
2014-05-12,2.526,0.011614
2014-05-13,2.523,-0.001188
2014-05-14,2.523,0.0
2014-05-15,2.503,-0.007927
2014-05-16,2.503,0.0
2014-05-19,2.483,-0.00799
2014-05-20,2.483,0.0
2014-05-21,2.497,0.005638
2014-05-22,2.497,0.0
2014-05-23,2.51,0.005206
2014-05-26,2.516,0.00239
2014-05-27,2.513,-0.001192
2014-05-28,2.529,0.006367
2014-05-29,2.52,-0.003559
2014-05-30,2.52,0.0
2014-06-03,2.516,-0.001587
2014-06-04,2.5,-0.006359
2014-06-05,2.516,0.0064
2014-06-06,2.51,-0.002385
2014-06-09,2.506,-0.001594
2014-06-10,2.526,0.007981
2014-06-11,2.529,0.001188
2014-06-12,2.526,-0.001186
2014-06-13,2.543,0.00673
2014-06-16,2.549,0.002359
2014-06-17,2.536,-0.0051
2014-06-18,2.529,-0.00276
2014-06-19,2.506,-0.009095
2014-06-20,2.52,0.005587
2014-06-23,2.52,0.0
2014-06-24,2.529,0.003571
2014-06-25,2.526,-0.001186
2014-06-26,2.536,0.003959
2014-06-27,2.539,0.001183
2014-06-30,2.552,0.00512
2014-07-01,2.552,0.0
2014-07-02,2.559,0.002743
2014-07-03,2.569,0.003908
2014-07-04,2.566,-0.001168
2014-07-07,2.559,-0.002728
2014-07-08,2.566,0.002735
2014-07-09,2.543,-0.008963
2014-07-10,2.539,-0.001573
2014-07-11,2.549,0.003939
2014-07-14,2.569,0.007846
2014-07-15,2.572,0.001168
2014-07-16,2.569,-0.001166
2014-07-17,2.559,-0.003893
2014-07-18,2.566,0.002735
2014-07-21,2.566,0.0
2014-07-22,2.585,0.007405
2014-07-23,2.585,0.0
2014-07-24,2.608,0.008897
2014-07-25,2.625,0.006518
2014-07-28,2.661,0.013714
2014-07-29,2.667,0.002255
2014-07-30,2.661,-0.00225
2014-07-31,2.68,0.00714
2014-08-01,2.667,-0.004851
2014-08-04,2.7,0.012373
2014-08-05,2.697,-0.001111
2014-08-06,2.694,-0.001112
2014-08-07,2.671,-0.008537
2014-08-08,2.674,0.001123
2014-08-11,2.7,0.009723
2014-08-12,2.697,-0.001111
2014-08-13,2.697,0.0
2014-08-14,2.68,-0.006303
2014-08-15,2.697,0.006343
2014-08-18,2.707,0.003708
2014-08-19,2.703,-0.001478
2014-08-20,2.697,-0.00222
2014-08-21,2.69,-0.002595
2014-08-22,2.697,0.002602
2014-08-25,2.684,-0.00482
2014-08-26,2.671,-0.004844
2014-08-27,2.674,0.001123
2014-08-28,2.661,-0.004862
2014-08-29,2.68,0.00714
2014-09-01,2.69,0.003731
2014-09-02,2.71,0.007435
2014-09-03,2.723,0.004797
2014-09-04,2.733,0.003672
2014-09-05,2.743,0.003659
2014-09-09,2.743,0.0
2014-09-10,2.739,-0.001458
2014-09-11,2.736,-0.001095
2014-09-12,2.746,0.003655
2014-09-15,2.753,0.002549
2014-09-16,2.713,-0.01453
2014-09-17,2.72,0.00258
2014-09-18,2.73,0.003676
2014-09-19,2.739,0.003297
2014-09-22,2.71,-0.010588
2014-09-23,2.726,0.005904
2014-09-24,2.749,0.008437
2014-09-25,2.746,-0.001091
2014-09-26,2.749,0.001092
2014-09-29,2.756,0.002546
2014-09-30,2.759,0.001089
2014-10-08,2.782,0.008336
2014-10-09,2.785,0.001078
2014-10-10,2.772,-0.004668
2014-10-13,2.766,-0.002165
2014-10-14,2.759,-0.002531
2014-10-15,2.769,0.003625
2014-10-16,2.753,-0.005778
2014-10-17,2.749,-0.001453
2014-10-20,2.762,0.004729
2014-10-21,2.746,-0.005793
2014-10-22,2.736,-0.003642
2014-10-23,2.72,-0.005848
2014-10-24,2.72,0.0
2014-10-27,2.716,-0.001471
2014-10-28,2.749,0.01215
2014-10-29,2.769,0.007275
2014-10-30,2.779,0.003611
2014-10-31,2.795,0.005757
2014-11-03,2.799,0.001431
2014-11-04,2.799,0.0
2014-11-05,2.795,-0.001429
2014-11-06,2.799,0.001431
2014-11-07,2.799,0.0
2014-11-10,2.835,0.012862
2014-11-11,2.822,-0.004586
2014-11-12,2.851,0.010276
2014-11-13,2.841,-0.003508
2014-11-14,2.838,-0.001056
2014-11-17,2.838,0.0
2014-11-18,2.825,-0.004581
2014-11-19,2.822,-0.001062
2014-11-20,2.818,-0.001417
2014-11-21,2.848,0.010646
2014-11-24,2.884,0.01264
2014-11-25,2.913,0.010055
2014-11-26,2.94,0.009269
2014-11-27,2.959,0.006463
2014-11-28,2.992,0.011152
2014-12-01,2.999,0.00234
2014-12-02,3.068,0.023008
2014-12-03,3.077,0.002934
2014-12-04,3.143,0.021449
2014-12-05,3.156,0.004136
2014-12-08,3.228,0.022814
2014-12-09,3.14,-0.027261
2014-12-10,3.205,0.020701
2014-12-11,3.196,-0.002808
2014-12-12,3.202,0.001877
2014-12-15,3.222,0.006246
2014-12-16,3.271,0.015208
2014-12-17,3.304,0.010089
2014-12-18,3.297,-0.002119
2014-12-19,3.333,0.010919
2014-12-22,3.333,0.0
2014-12-23,3.268,-0.019502
2014-12-24,3.215,-0.016218
2014-12-25,3.294,0.024572
2014-12-26,3.363,0.020947
2014-12-29,3.379,0.004758
2014-12-30,3.383,0.001184
2014-12-31,3.429,0.013597
2015-01-05,3.494,0.018956
2015-01-06,3.491,-0.000859
2015-01-07,3.491,0.0
2015-01-08,3.435,-0.016041
2015-01-09,3.435,0.0
2015-01-12,3.412,-0.006696
2015-01-13,3.416,0.001172
2015-01-14,3.409,-0.002049
2015-01-15,3.478,0.020241
2015-01-16,3.501,0.006613
2015-01-19,3.324,-0.050557
2015-01-20,3.356,0.009627
2015-01-21,3.455,0.029499
2015-01-22,3.465,0.002894
2015-01-23,3.461,-0.001154
2015-01-26,3.475,0.004045
2015-01-27,3.452,-0.006619
2015-01-28,3.425,-0.007822
2015-01-29,3.393,-0.009343
2015-01-30,3.366,-0.007958
2015-02-02,3.317,-0.014557
2015-02-03,3.366,0.014772
2015-02-04,3.34,-0.007724
2015-02-05,3.32,-0.005988
2015-02-06,3.284,-0.010843
2015-02-09,3.294,0.003045
2015-02-10,3.333,0.01184
2015-02-11,3.343,0.003
2015-02-12,3.343,0.0
2015-02-13,3.363,0.005983
2015-02-16,3.376,0.003866
2015-02-17,3.393,0.005036
2015-02-25,3.376,-0.00501
2015-02-26,3.422,0.013626
2015-02-27,3.422,0.0
2015-03-02,3.435,0.003799
2015-03-03,3.379,-0.016303
2015-03-04,3.396,0.005031
2015-03-05,3.379,-0.005006
2015-03-06,3.366,-0.003847
2015-03-09,3.412,0.013666
2015-03-10,3.409,-0.000879
2015-03-11,3.409,0.0
2015-03-12,3.452,0.012614
2015-03-13,3.468,0.004635
2015-03-16,3.524,0.016148
2015-03-17,3.55,0.007378
2015-03-18,3.593,0.012113
2015-03-19,3.593,0.0
2015-03-20,3.619,0.007236
2015-03-23,3.678,0.016303
2015-03-24,3.678,0.0
2015-03-25,3.658,-0.005438
2015-03-26,3.662,0.001093
2015-03-27,3.678,0.004369
2015-03-30,3.75,0.019576
2015-03-31,3.731,-0.005067
2015-04-01,3.78,0.013133
2015-04-02,3.793,0.003439
2015-04-03,3.826,0.0087
2015-04-07,3.878,0.013591
2015-04-08,3.885,0.001805
2015-04-09,3.855,-0.007722
2015-04-10,3.911,0.014527
2015-04-13,3.964,0.013552
2015-04-14,3.973,0.00227
2015-04-15,3.908,-0.01636
2015-04-16,3.98,0.018424
2015-04-17,4.019,0.009799
2015-04-20,3.97,-0.012192
2015-04-21,4.039,0.01738
2015-04-22,4.121,0.020302
2015-04-23,4.124,0.000728
2015-04-24,4.095,-0.007032
2015-04-27,4.147,0.012698
2015-04-28,4.105,-0.010128
2015-04-29,4.131,0.006334
2015-04-30,4.115,-0.003873
2015-05-04,4.144,0.007047
2015-05-05,4.019,-0.030164
2015-05-06,3.98,-0.009704
2015-05-07,3.934,-0.011558
2015-05-08,4.0,0.016777
2015-05-11,4.098,0.0245
2015-05-12,4.134,0.008785
2015-05-13,4.118,-0.00387
2015-05-14,4.118,0.0
2015-05-15,4.082,-0.008742
2015-05-18,4.082,0.0
2015-05-19,4.17,0.021558
2015-05-20,4.2,0.007194
2015-05-21,4.266,0.015714
2015-05-22,4.315,0.011486
2015-05-25,4.387,0.016686
2015-05-26,4.446,0.013449
2015-05-27,4.426,-0.004498
2015-05-28,4.226,-0.045188
2015-05-29,4.239,0.003076
2015-06-01,4.397,0.037273
2015-06-02,4.462,0.014783
2015-06-03,4.456,-0.001345
2015-06-04,4.466,0.002244
2015-06-05,4.502,0.008061
2015-06-08,4.551,0.010884
2015-06-09,4.528,-0.005054
2015-06-10,4.544,0.003534
2015-06-11,4.558,0.003081
2015-06-12,4.581,0.005046
2015-06-15,4.531,-0.010915
2015-06-16,4.433,-0.021629
2015-06-17,4.469,0.008121
2015-06-18,4.354,-0.025733
2015-06-19,4.164,-0.043638
2015-06-23,4.226,0.01489
2015-06-24,4.288,0.014671
2015-06-25,4.18,-0.025187
2015-06-26,3.95,-0.055024
2015-06-29,3.852,-0.02481
2015-06-30,4.006,0.039979
2015-07-01,3.872,-0.03345
2015-07-02,3.75,-0.031508
2015-07-03,3.626,-0.033067
2015-07-06,3.658,0.008825
2015-07-07,3.514,-0.039366
2015-07-08,3.34,-0.049516
2015-07-09,3.484,0.043114
2015-07-10,3.635,0.043341
2015-07-13,3.78,0.03989
2015-07-14,3.75,-0.007937
2015-07-15,3.603,-0.0392
2015-07-16,3.658,0.015265
2015-07-17,3.783,0.034172
2015-07-20,3.799,0.004229
2015-07-21,3.826,0.007107
2015-07-22,3.845,0.004966
2015-07-23,3.944,0.025748
2015-07-24,3.905,-0.009888
2015-07-27,3.668,-0.060691
2015-07-28,3.645,-0.00627
2015-07-29,3.763,0.032373
2015-07-30,3.681,-0.021791
2015-07-31,3.662,-0.005162
2015-08-03,3.622,-0.010923
2015-08-04,3.744,0.033683
2015-08-05,3.711,-0.008814
2015-08-06,3.691,-0.005389
2015-08-07,3.757,0.017881
2015-08-10,3.882,0.033271
2015-08-11,3.875,-0.001803
2015-08-12,3.839,-0.00929
2015-08-13,3.898,0.015369
2015-08-14,3.901,0.00077
2015-08-17,3.934,0.008459
2015-08-18,3.724,-0.053381
2015-08-19,3.77,0.012352
2015-08-20,3.678,-0.024403
2015-08-21,3.54,-0.03752
2015-08-24,3.327,-0.060169
2015-08-25,3.16,-0.050195
2015-08-26,3.123,-0.011709
2015-08-27,3.235,0.035863
2015-08-28,3.347,0.034621
2015-08-31,3.33,-0.005079
2015-09-01,3.268,-0.018619
2015-09-02,3.251,-0.005202
2015-09-07,3.209,-0.012919
2015-09-08,3.281,0.022437
2015-09-09,3.333,0.015849
2015-09-10,3.301,-0.009601
2015-09-11,3.301,0.0
2015-09-14,3.209,-0.02787
2015-09-15,3.11,-0.030851
2015-09-16,3.242,0.042444
2015-09-17,3.199,-0.013263
2015-09-18,3.212,0.004064
2015-09-21,3.278,0.020548
2015-09-22,3.294,0.004881
2015-09-23,3.258,-0.010929
2015-09-24,3.278,0.006139
2015-09-25,3.232,-0.014033
2015-09-28,3.251,0.005879
2015-09-29,3.205,-0.014149
2015-09-30,3.219,0.004368
2015-10-08,3.294,0.023299
2015-10-09,3.33,0.010929
2015-10-12,3.412,0.024625
2015-10-13,3.422,0.002931
2015-10-14,3.393,-0.008475
2015-10-15,3.455,0.018273
2015-10-16,3.488,0.009551
2015-10-19,3.488,0.0
2015-10-20,3.517,0.008314
2015-10-21,3.402,-0.032698
2015-10-22,3.465,0.018519
2015-10-23,3.507,0.012121
2015-10-26,3.527,0.005703
2015-10-27,3.537,0.002835
2015-10-28,3.481,-0.015833
2015-10-29,3.494,0.003735
2015-10-30,3.494,0.0
2015-11-02,3.458,-0.010303
2015-11-03,3.445,-0.003759
2015-11-04,3.566,0.035123
2015-11-05,3.603,0.010376
2015-11-06,3.665,0.017208
2015-11-09,3.691,0.007094
2015-11-10,3.698,0.001897
2015-11-11,3.708,0.002704
2015-11-12,3.694,-0.003776
2015-11-13,3.658,-0.009746
2015-11-16,3.694,0.009841
2015-11-17,3.691,-0.000812
2015-11-18,3.652,-0.010566
2015-11-19,3.698,0.012596
2015-11-20,3.711,0.003515
2015-11-23,3.688,-0.006198
2015-11-24,3.694,0.001627
2015-11-25,3.731,0.010016
2015-11-26,3.714,-0.004556
2015-11-27,3.56,-0.041465
2015-11-30,3.57,0.002809
2015-12-01,3.586,0.004482
2015-12-02,3.642,0.015616
2015-12-03,3.675,0.009061
2015-12-04,3.635,-0.010884
2015-12-07,3.655,0.005502
2015-12-08,3.606,-0.013406
2015-12-09,3.612,0.001664
2015-12-10,3.599,-0.003599
2015-12-11,3.586,-0.003612
2015-12-14,3.649,0.017568
2015-12-15,3.642,-0.001918
2015-12-16,3.649,0.001922
2015-12-17,3.698,0.013428
2015-12-18,3.691,-0.001893
2015-12-21,3.75,0.015985
2015-12-22,3.767,0.004533
2015-12-23,3.754,-0.003451
2015-12-24,3.737,-0.004529
2015-12-25,3.747,0.002676
2015-12-28,3.668,-0.021084
2015-12-29,3.698,0.008179
2015-12-30,3.704,0.001622
2015-12-31,3.668,-0.009719
2016-01-04,3.481,-0.050981
2016-01-05,3.488,0.002011
2016-01-06,3.534,0.013188
2016-01-07,3.347,-0.052915
2016-01-08,3.393,0.013744
2016-01-11,3.265,-0.037725
2016-01-12,3.271,0.001838
2016-01-13,3.219,-0.015897
2016-01-14,3.274,0.017086
2016-01-15,3.202,-0.021991
2016-01-18,3.219,0.005309
2016-01-19,3.291,0.022367
2016-01-20,3.255,-0.010939
2016-01-21,3.183,-0.02212
2016-01-22,3.205,0.006912
2016-01-25,3.222,0.005304
2016-01-26,3.077,-0.045003
2016-01-27,3.064,-0.004225
2016-01-28,2.995,-0.02252
2016-01-29,3.068,0.024374
2016-02-01,3.045,-0.007497
2016-02-02,3.097,0.017077
2016-02-03,3.097,0.0
2016-02-04,3.13,0.010655
2016-02-05,3.114,-0.005112
2016-02-15,3.107,-0.002248
2016-02-16,3.176,0.022208
2016-02-17,3.199,0.007242
2016-02-18,3.192,-0.002188
2016-02-19,3.192,0.0
2016-02-22,3.245,0.016604
2016-02-23,3.232,-0.004006
2016-02-24,3.245,0.004022
2016-02-25,3.094,-0.046533
2016-02-26,3.117,0.007434
2016-02-29,3.045,-0.023099
2016-03-01,3.087,0.013793
2016-03-02,3.186,0.03207
2016-03-03,3.186,0.0
2016-03-04,3.169,-0.005336
2016-03-07,3.199,0.009467
2016-03-08,3.196,-0.000938
2016-03-09,3.146,-0.015645
2016-03-10,3.107,-0.012397
2016-03-11,3.11,0.000966
2016-03-14,3.163,0.017042
2016-03-15,3.16,-0.000948
2016-03-16,3.15,-0.003165
2016-03-17,3.196,0.014603
2016-03-18,3.245,0.015332
2016-03-21,3.304,0.018182
2016-03-22,3.288,-0.004843
2016-03-23,3.301,0.003954
2016-03-24,3.261,-0.012118
2016-03-25,3.274,0.003987
2016-03-28,3.258,-0.004887
2016-03-29,3.228,-0.009208
2016-03-30,3.291,0.019517
2016-03-31,3.291,0.0
2016-04-01,3.291,0.0
2016-04-05,3.327,0.010939
2016-04-06,3.33,0.000902
2016-04-07,3.294,-0.010811
2016-04-08,3.281,-0.003947
2016-04-11,3.324,0.013106
2016-04-12,3.314,-0.003008
2016-04-13,3.353,0.011768
2016-04-14,3.366,0.003877
2016-04-15,3.363,-0.000891
2016-04-18,3.324,-0.011597
2016-04-19,3.33,0.001805
2016-04-20,3.274,-0.016817
2016-04-21,3.265,-0.002749
2016-04-22,3.268,0.000919
2016-04-25,3.265,-0.000918
2016-04-26,3.278,0.003982
2016-04-27,3.268,-0.003051
2016-04-28,3.265,-0.000918
2016-04-29,3.265,0.0
2016-05-03,3.307,0.012864
2016-05-04,3.31,0.000907
2016-05-05,3.314,0.001208
2016-05-06,3.245,-0.020821
2016-05-09,3.183,-0.019106
2016-05-10,3.179,-0.001257
2016-05-11,3.189,0.003146
2016-05-12,3.196,0.002195
2016-05-13,3.189,-0.00219
2016-05-16,3.215,0.008153
2016-05-17,3.209,-0.001866
2016-05-18,3.179,-0.009349
2016-05-19,3.183,0.001258
2016-05-20,3.196,0.004084
2016-05-23,3.212,0.005006
2016-05-24,3.196,-0.004981
2016-05-25,3.186,-0.003129
2016-05-26,3.192,0.001883
2016-05-27,3.189,-0.00094
2016-05-30,3.183,-0.001881
2016-05-31,3.261,0.024505
2016-06-01,3.268,0.002147
2016-06-02,3.274,0.001836
2016-06-03,3.288,0.004276
2016-06-06,3.291,0.000912
2016-06-07,3.291,0.0
2016-06-08,3.278,-0.00395
2016-06-13,3.202,-0.023185
2016-06-14,3.205,0.000937
2016-06-15,3.258,0.016537
2016-06-16,3.251,-0.002149
2016-06-17,3.265,0.004306
2016-06-20,3.261,-0.001225
2016-06-21,3.258,-0.00092
2016-06-22,3.281,0.00706
2016-06-23,3.268,-0.003962
2016-06-24,3.242,-0.007956
2016-06-27,3.281,0.01203
2016-06-28,3.297,0.004877
2016-06-29,3.304,0.002123
2016-06-30,3.304,0.0
2016-07-01,3.304,0.0
2016-07-04,3.353,0.014831
2016-07-05,3.363,0.002982
2016-07-06,3.376,0.003866
2016-07-07,3.383,0.002073
2016-07-08,3.373,-0.002956
2016-07-11,3.389,0.004744
2016-07-12,3.435,0.013573
2016-07-13,3.448,0.003785
2016-07-14,3.438,-0.0029
2016-07-15,3.438,0.0
2016-07-18,3.422,-0.004654
2016-07-19,3.416,-0.001753
2016-07-20,3.406,-0.002927
2016-07-21,3.416,0.002936
2016-07-22,3.393,-0.006733
2016-07-25,3.393,0.0
2016-07-26,3.429,0.01061
2016-07-27,3.366,-0.018373
2016-07-28,3.379,0.003862
2016-07-29,3.37,-0.002664
2016-08-01,3.343,-0.008012
2016-08-02,3.356,0.003889
2016-08-03,3.363,0.002086
2016-08-04,3.366,0.000892
2016-08-05,3.363,-0.000891
2016-08-08,3.389,0.007731
2016-08-09,3.406,0.005016
2016-08-10,3.402,-0.001174
2016-08-11,3.386,-0.004703
2016-08-12,3.416,0.00886
2016-08-15,3.475,0.017272
2016-08-16,3.468,-0.002014
2016-08-17,3.471,0.000865
2016-08-18,3.465,-0.001729
2016-08-19,3.465,0.0
2016-08-22,3.438,-0.007792
2016-08-23,3.445,0.002036
2016-08-24,3.438,-0.002032
2016-08-25,3.425,-0.003781
2016-08-26,3.429,0.001168
2016-08-29,3.432,0.000875
2016-08-30,3.435,0.000874
2016-08-31,3.438,0.000873
2016-09-01,3.416,-0.006399
2016-09-02,3.416,0.0
2016-09-05,3.422,0.001756
2016-09-06,3.445,0.006721
2016-09-07,3.445,0.0
2016-09-08,3.445,0.0
2016-09-09,3.429,-0.004644
2016-09-12,3.376,-0.015456
2016-09-13,3.376,0.0
2016-09-14,3.36,-0.004739
2016-09-19,3.383,0.006845
2016-09-20,3.383,0.0
2016-09-21,3.386,0.000887
2016-09-22,3.399,0.003839
2016-09-23,3.393,-0.001765
2016-09-26,3.35,-0.012673
2016-09-27,3.363,0.003881
2016-09-28,3.356,-0.002081
2016-09-29,3.366,0.00298
2016-09-30,3.376,0.002971
2016-10-10,3.409,0.009775
2016-10-11,3.416,0.002053
2016-10-12,3.409,-0.002049
2016-10-13,3.409,0.0
2016-10-14,3.409,0.0
2016-10-17,3.389,-0.005867
2016-10-18,3.422,0.009737
2016-10-19,3.419,-0.000877
2016-10-20,3.422,0.000877
2016-10-21,3.422,0.0
2016-10-24,3.448,0.007598
2016-10-25,3.448,0.0
2016-10-26,3.438,-0.0029
2016-10-27,3.438,0.0
2016-10-28,3.429,-0.002618
2016-10-31,3.429,0.0
2016-11-01,3.445,0.004666
2016-11-02,3.425,-0.005806
2016-11-03,3.445,0.005839
2016-11-04,3.435,-0.002903
2016-11-07,3.442,0.002038
2016-11-08,3.448,0.001743
2016-11-09,3.435,-0.00377
2016-11-10,3.465,0.008734
2016-11-11,3.494,0.008369
2016-11-14,3.504,0.002862
2016-11-15,3.501,-0.000856
2016-11-16,3.498,-0.000857
2016-11-17,3.504,0.001715
2016-11-18,3.491,-0.00371
2016-11-21,3.501,0.002865
2016-11-22,3.521,0.005713
2016-11-23,3.521,0.0
2016-11-24,3.53,0.002556
2016-11-25,3.55,0.005666
2016-11-28,3.563,0.003662
2016-11-29,3.566,0.000842
2016-11-30,3.534,-0.008974
2016-12-01,3.553,0.005376
2016-12-02,3.524,-0.008162
2016-12-05,3.488,-0.010216
2016-12-06,3.484,-0.001147
2016-12-07,3.507,0.006602
2016-12-08,3.501,-0.001711
2016-12-09,3.511,0.002856
2016-12-12,3.445,-0.018798
2016-12-13,3.452,0.002032
2016-12-14,3.435,-0.004925
2016-12-15,3.416,-0.005531
2016-12-16,3.419,0.000878
2016-12-19,3.412,-0.002047
2016-12-20,3.396,-0.004689
2016-12-21,3.419,0.006773
2016-12-22,3.419,0.0
2016-12-23,3.399,-0.00585
2016-12-26,3.406,0.002059
2016-12-27,3.406,0.0
2016-12-28,3.396,-0.002936
2016-12-29,3.389,-0.002061
2016-12-30,3.399,0.002951
2016-12-31,3.399,0.0
2017-01-03,3.422,0.006767
2017-01-04,3.445,0.006721
2017-01-05,3.448,0.000871
2017-01-06,3.438,-0.0029
2017-01-09,3.455,0.004945
2017-01-10,3.448,-0.002026
2017-01-11,3.429,-0.00551
2017-01-12,3.412,-0.004958
2017-01-13,3.402,-0.002931
2017-01-16,3.389,-0.003821
2017-01-17,3.399,0.002951
2017-01-18,3.409,0.002942
2017-01-19,3.402,-0.002053
2017-01-20,3.422,0.005879
2017-01-23,3.432,0.002922
2017-01-24,3.432,0.0
2017-01-25,3.438,0.001748
2017-01-26,3.452,0.004072
2017-02-03,3.438,-0.004056
2017-02-06,3.448,0.002909
2017-02-07,3.445,-0.00087
2017-02-08,3.458,0.003774
2017-02-09,3.468,0.002892
2017-02-10,3.484,0.004614
2017-02-13,3.498,0.004018
2017-02-14,3.501,0.000858
2017-02-15,3.481,-0.005713
2017-02-16,3.498,0.004884
2017-02-17,3.481,-0.00486
2017-02-20,3.524,0.012353
2017-02-21,3.53,0.001703
2017-02-22,3.537,0.001983
2017-02-23,3.524,-0.003675
2017-02-24,3.517,-0.001986
2017-02-27,3.498,-0.005402
2017-02-28,3.504,0.001715
2017-03-01,3.507,0.000856
2017-03-02,3.494,-0.003707
2017-03-03,3.491,-0.000859
2017-03-06,3.514,0.006588
2017-03-07,3.521,0.001992
2017-03-08,3.511,-0.00284
2017-03-09,3.494,-0.004842
2017-03-10,3.494,0.0
2017-03-13,3.524,0.008586
2017-03-14,3.514,-0.002838
2017-03-15,3.521,0.001992
2017-03-16,3.534,0.003692
2017-03-17,3.504,-0.008489
2017-03-20,3.507,0.000856
2017-03-21,3.524,0.004847
2017-03-22,3.521,-0.000851
2017-03-23,3.527,0.001704
2017-03-24,3.537,0.002835
2017-03-27,3.527,-0.002827
2017-03-28,3.514,-0.003686
2017-03-29,3.511,-0.000854
2017-03-30,3.488,-0.006551
2017-03-31,3.501,0.003727
2017-04-05,3.547,0.013139
2017-04-06,3.557,0.002819
2017-04-07,3.563,0.001687
2017-04-10,3.557,-0.001684
2017-04-11,3.57,0.003655
2017-04-12,3.55,-0.005602
2017-04-13,3.566,0.004507
2017-04-14,3.54,-0.007291
2017-04-17,3.53,-0.002825
2017-04-18,3.53,0.0
2017-04-19,3.521,-0.00255
2017-04-20,3.537,0.004544
2017-04-21,3.527,-0.002827
2017-04-24,3.484,-0.012192
2017-04-25,3.507,0.006602
2017-04-26,3.507,0.0
2017-04-27,3.511,0.001141
2017-04-28,3.511,0.0
2017-05-02,3.507,-0.001139
2017-05-03,3.494,-0.003707
2017-05-04,3.491,-0.000859
2017-05-05,3.471,-0.005729
2017-05-08,3.429,-0.0121
2017-05-09,3.435,0.00175
2017-05-10,3.416,-0.005531
2017-05-11,3.432,0.004684
2017-05-12,3.445,0.003788
2017-05-15,3.455,0.002903
2017-05-16,3.491,0.01042
2017-05-17,3.481,-0.002865
2017-05-18,3.468,-0.003735
2017-05-19,3.465,-0.000865
2017-05-22,3.455,-0.002886
2017-05-23,3.445,-0.002894
2017-05-24,3.445,0.0
2017-05-25,3.475,0.008708
2017-05-26,3.468,-0.002014
2017-05-31,3.475,0.002018
2017-06-01,3.465,-0.002878
2017-06-02,3.468,0.000866
2017-06-05,3.465,-0.000865
2017-06-06,3.481,0.004618
2017-06-07,3.521,0.011491
2017-06-08,3.53,0.002556
2017-06-09,3.544,0.003966
2017-06-12,3.53,-0.00395
2017-06-13,3.544,0.003966
2017-06-14,3.521,-0.00649
2017-06-15,3.521,0.0
2017-06-16,3.521,0.0
2017-06-19,3.547,0.007384
2017-06-20,3.544,-0.000846
2017-06-21,3.563,0.005361
2017-06-22,3.547,-0.004491
2017-06-23,3.566,0.005357
2017-06-26,3.606,0.011217
2017-06-27,3.616,0.002773
2017-06-28,3.596,-0.005531
2017-06-29,3.612,0.004449
2017-06-30,3.619,0.001938
2017-07-03,3.619,0.0
2017-07-04,3.596,-0.006355
2017-07-05,3.639,0.011958
2017-07-06,3.645,0.001649
2017-07-07,3.658,0.003567
2017-07-10,3.658,0.0
2017-07-11,3.652,-0.00164
2017-07-12,3.652,0.0
2017-07-13,3.668,0.004381
2017-07-14,3.681,0.003544
2017-07-17,3.645,-0.00978
2017-07-18,3.671,0.007133
2017-07-19,3.727,0.015255
2017-07-20,3.747,0.005366
2017-07-21,3.731,-0.00427
2017-07-24,3.75,0.005092
2017-07-25,3.74,-0.002667
2017-07-26,3.737,-0.000802
2017-07-27,3.731,-0.001606
2017-07-28,3.763,0.008577
2017-07-31,3.793,0.007972
2017-08-01,3.809,0.004218
2017-08-02,3.819,0.002625
2017-08-03,3.809,-0.002618
2017-08-04,3.783,-0.006826
2017-08-07,3.822,0.010309
2017-08-08,3.822,0.0
2017-08-09,3.836,0.003663
2017-08-10,3.816,-0.005214
2017-08-11,3.75,-0.017296
2017-08-14,3.79,0.010667
2017-08-15,3.799,0.002375
2017-08-16,3.79,-0.002369
2017-08-17,3.803,0.00343
2017-08-18,3.796,-0.001841
2017-08-21,3.819,0.006059
2017-08-22,3.819,0.0
2017-08-23,3.803,-0.00419
2017-08-24,3.786,-0.00447
2017-08-25,3.829,0.011358
2017-08-28,3.859,0.007835
2017-08-29,3.852,-0.001814
2017-08-30,3.868,0.004154
2017-08-31,3.868,0.0
2017-09-01,3.888,0.005171
2017-09-04,3.891,0.000772
2017-09-05,3.898,0.001799
2017-09-06,3.901,0.00077
2017-09-07,3.875,-0.006665
2017-09-08,3.872,-0.000774
2017-09-11,3.885,0.003357
2017-09-12,3.898,0.003346
2017-09-13,3.908,0.002565
2017-09-14,3.891,-0.00435
2017-09-15,3.862,-0.007453
2017-09-18,3.865,0.000777
2017-09-19,3.855,-0.002587
2017-09-20,3.875,0.005188
2017-09-21,3.852,-0.005935
2017-09-22,3.845,-0.001817
2017-09-25,3.826,-0.004941
2017-09-26,3.832,0.001568
2017-09-27,3.845,0.003392
2017-09-28,3.832,-0.003381
2017-09-29,3.839,0.001827
2017-10-09,3.868,0.007554
2017-10-10,3.865,-0.000776
2017-10-11,3.862,-0.000776
2017-10-12,3.865,0.000777
2017-10-13,3.878,0.003364
2017-10-16,3.862,-0.004126
2017-10-17,3.859,-0.000777
2017-10-18,3.865,0.001555
2017-10-19,3.862,-0.000776
2017-10-20,3.868,0.001554
2017-10-23,3.872,0.001034
2017-10-24,3.885,0.003357
2017-10-25,3.891,0.001544
2017-10-26,3.911,0.00514
2017-10-27,3.924,0.003324
2017-10-30,3.905,-0.004842
2017-10-31,3.905,0.0
2017-11-01,3.898,-0.001793
2017-11-02,3.895,-0.00077
2017-11-03,3.885,-0.002567
2017-11-06,3.911,0.006692
2017-11-07,3.934,0.005881
2017-11-08,3.921,-0.003305
2017-11-09,3.941,0.005101
2017-11-10,3.98,0.009896
2017-11-13,3.996,0.00402
2017-11-14,3.973,-0.005756
2017-11-15,3.96,-0.003272
2017-11-16,3.993,0.008333
2017-11-17,3.98,-0.003256
2017-11-20,3.996,0.00402
2017-11-21,4.036,0.01001
2017-11-22,4.029,-0.001734
2017-11-23,3.937,-0.022834
2017-11-24,3.941,0.001016
2017-11-27,3.901,-0.01015
2017-11-28,3.918,0.004358
2017-11-29,3.914,-0.001021
2017-11-30,3.882,-0.008176
2017-12-01,3.875,-0.001803
2017-12-04,3.895,0.005161
2017-12-05,3.898,0.00077
2017-12-06,3.882,-0.004105
2017-12-07,3.849,-0.008501
2017-12-08,3.878,0.007534
2017-12-11,3.927,0.012635
2017-12-12,3.898,-0.007385
2017-12-13,3.924,0.00667
2017-12-14,3.911,-0.003313
2017-12-15,3.878,-0.008438
2017-12-18,3.888,0.002579
2017-12-19,3.924,0.009259
2017-12-20,3.921,-0.000765
2017-12-21,3.947,0.006631
2017-12-22,3.937,-0.002534
2017-12-25,3.927,-0.00254
2017-12-26,3.934,0.001783
2017-12-27,3.891,-0.01093
2017-12-28,3.914,0.005911
2017-12-29,3.924,0.002555
2017-12-31,3.924,0.0
2018-01-02,3.964,0.010194
2018-01-03,3.98,0.004036
2018-01-04,3.99,0.002513
2018-01-05,4.0,0.002506
2018-01-08,4.013,0.00325
2018-01-09,4.019,0.001495
2018-01-10,4.026,0.001742
2018-01-11,4.026,0.0
2018-01-12,4.026,0.0
2018-01-15,4.003,-0.005713
2018-01-16,4.016,0.003248
2018-01-17,4.013,-0.000747
2018-01-18,4.026,0.003239
2018-01-19,4.032,0.00149
2018-01-22,4.059,0.006696
2018-01-23,4.085,0.006406
2018-01-24,4.088,0.000734
2018-01-25,4.085,-0.000734
2018-01-26,4.095,0.002448
2018-01-29,4.062,-0.008059
2018-01-30,4.032,-0.007386
2018-01-31,4.036,0.000992
2018-02-01,4.003,-0.008176
2018-02-02,4.026,0.005746
2018-02-05,4.026,0.0
2018-02-06,3.934,-0.022851
2018-02-07,3.882,-0.013218
2018-02-08,3.868,-0.003606
2018-02-09,3.763,-0.027146
2018-02-12,3.803,0.01063
2018-02-13,3.826,0.006048
2018-02-14,3.845,0.004966
2018-02-22,3.901,0.014564
2018-02-23,3.911,0.002563
2018-02-26,3.944,0.008438
2018-02-27,3.918,-0.006592
2018-02-28,3.901,-0.004339
2018-03-01,3.921,0.005127
2018-03-02,3.898,-0.005866
2018-03-05,3.898,0.0
2018-03-06,3.931,0.008466
2018-03-07,3.911,-0.005088
2018-03-08,3.934,0.005881
2018-03-09,3.96,0.006609
2018-03-12,3.98,0.005051
2018-03-13,3.954,-0.006533
2018-03-14,3.941,-0.003288
2018-03-15,3.95,0.002284
2018-03-16,3.927,-0.005823
2018-03-19,3.934,0.001783
2018-03-20,3.944,0.002542
2018-03-21,3.927,-0.00431
2018-03-22,3.901,-0.006621
2018-03-23,3.819,-0.02102
2018-03-26,3.816,-0.000786
2018-03-27,3.842,0.006813
2018-03-28,3.803,-0.010151
2018-03-29,3.829,0.006837
2018-03-30,3.839,0.002612
2018-04-02,3.826,-0.003386
2018-04-03,3.813,-0.003398
2018-04-04,3.809,-0.001049
2018-04-09,3.803,-0.001575
2018-04-10,3.849,0.012096
2018-04-11,3.859,0.002598
2018-04-12,3.826,-0.008551
2018-04-13,3.809,-0.004443
2018-04-16,3.777,-0.008401
2018-04-17,3.734,-0.011385
2018-04-18,3.744,0.002678
2018-04-19,3.763,0.005075
2018-04-20,3.727,-0.009567
2018-04-23,3.717,-0.002683
2018-04-24,3.777,0.016142
2018-04-25,3.773,-0.001059
2018-04-26,3.727,-0.012192
2018-04-27,3.721,-0.00161
2018-05-02,3.727,0.001612
2018-05-03,3.747,0.005366
2018-05-04,3.737,-0.002669
2018-05-07,3.78,0.011507
2018-05-08,3.803,0.006085
2018-05-09,3.803,0.0
2018-05-10,3.813,0.00263
2018-05-11,3.803,-0.002623
2018-05-14,3.822,0.004996
2018-05-15,3.836,0.003663
2018-05-16,3.816,-0.005214
2018-05-17,3.793,-0.006027
2018-05-18,3.813,0.005273
2018-05-21,3.832,0.004983
2018-05-22,3.819,-0.003392
2018-05-23,3.786,-0.008641
2018-05-24,3.767,-0.005018
2018-05-25,3.754,-0.003451
2018-05-28,3.76,0.001598
2018-05-29,3.747,-0.003457
2018-05-30,3.691,-0.014945
2018-05-31,3.737,0.012463
2018-06-01,3.717,-0.005352
2018-06-04,3.74,0.006188
2018-06-05,3.78,0.010695
2018-06-06,3.78,0.0
2018-06-07,3.777,-0.000794
2018-06-08,3.754,-0.006089
2018-06-11,3.754,0.0
2018-06-12,3.78,0.006926
2018-06-13,3.757,-0.006085
2018-06-14,3.74,-0.004525
2018-06-15,3.727,-0.003476
2018-06-19,3.632,-0.02549
2018-06-20,3.642,0.002753
2018-06-21,3.606,-0.009885
2018-06-22,3.622,0.004437
2018-06-25,3.583,-0.010768
2018-06-26,3.563,-0.005582
2018-06-27,3.521,-0.011788
2018-06-28,3.491,-0.00852
2018-06-29,3.563,0.020624
2018-06-30,3.563,0.0
2018-07-02,3.494,-0.019366
2018-07-03,3.498,0.001145
2018-07-04,3.465,-0.009434
2018-07-05,3.438,-0.007792
2018-07-06,3.448,0.002909
2018-07-09,3.514,0.019142
2018-07-10,3.53,0.004553
2018-07-11,3.494,-0.010198
2018-07-12,3.544,0.01431
2018-07-13,3.557,0.003668
2018-07-16,3.547,-0.002811
2018-07-17,3.537,-0.002819
2018-07-18,3.521,-0.004524
2018-07-19,3.521,0.0
2018-07-20,3.56,0.011076
2018-07-23,3.583,0.006461
2018-07-24,3.622,0.010885
2018-07-25,3.626,0.001104
2018-07-26,3.596,-0.008274
2018-07-27,3.583,-0.003615
2018-07-30,3.57,-0.003628
2018-07-31,3.57,0.0
2018-08-01,3.524,-0.012885
2018-08-02,3.481,-0.012202
2018-08-03,3.438,-0.012353
2018-08-06,3.399,-0.011344
2018-08-07,3.461,0.018241
2018-08-08,3.422,-0.011268
2018-08-09,3.484,0.018118
2018-08-10,3.491,0.002009
2018-08-13,3.491,0.0
2018-08-14,3.475,-0.004583
2018-08-15,3.422,-0.015252
2018-08-16,3.409,-0.003799
2018-08-17,3.376,-0.00968
2018-08-20,3.389,0.003851
2018-08-21,3.432,0.012688
2018-08-22,3.419,-0.003788
2018-08-23,3.429,0.002925
2018-08-24,3.432,0.000875
2018-08-27,3.491,0.017191
2018-08-28,3.491,0.0
2018-08-29,3.478,-0.003724
2018-08-30,3.448,-0.008626
2018-08-31,3.429,-0.00551
2018-09-03,3.419,-0.002916
2018-09-04,3.448,0.008482
2018-09-05,3.406,-0.012181
2018-09-06,3.383,-0.006753
2018-09-07,3.393,0.002956
2018-09-10,3.356,-0.010905
2018-09-11,3.353,-0.000894
2018-09-12,3.337,-0.004772
2018-09-13,3.36,0.006892
2018-09-14,3.356,-0.00119
2018-09-17,3.33,-0.007747
2018-09-18,3.363,0.00991
2018-09-19,3.393,0.008921
2018-09-20,3.389,-0.001179
2018-09-21,3.448,0.017409
2018-09-25,3.432,-0.00464
2018-09-26,3.458,0.007576
2018-09-27,3.442,-0.004627
2018-09-28,3.461,0.00552
2018-10-08,3.363,-0.028316
2018-10-09,3.356,-0.002081
2018-10-10,3.347,-0.002682
2018-10-11,3.242,-0.031371
2018-10-12,3.265,0.007094
2018-10-15,3.235,-0.009188
2018-10-16,3.209,-0.008037
2018-10-17,3.219,0.003116
2018-10-18,3.173,-0.01429
2018-10-19,3.232,0.018594
2018-10-22,3.327,0.029394
2018-10-23,3.271,-0.016832
2018-10-24,3.265,-0.001834
2018-10-25,3.265,0.0
2018-10-26,3.251,-0.004288
2018-10-29,3.189,-0.019071
2018-10-30,3.215,0.008153
2018-10-31,3.251,0.011198
2018-11-01,3.268,0.005229
2018-11-02,3.347,0.024174
2018-11-05,3.337,-0.002988
2018-11-06,3.327,-0.002997
2018-11-07,3.317,-0.003006
2018-11-08,3.307,-0.003015
2018-11-09,3.288,-0.005745
2018-11-12,3.317,0.00882
2018-11-13,3.337,0.00603
2018-11-14,3.317,-0.005993
2018-11-15,3.34,0.006934
2018-11-16,3.36,0.005988
2018-11-19,3.376,0.004762
2018-11-20,3.327,-0.014514
2018-11-21,3.333,0.001803
2018-11-22,3.33,-0.0009
2018-11-23,3.278,-0.015616
2018-11-26,3.274,-0.00122
2018-11-27,3.274,0.0
2018-11-28,3.304,0.009163
2018-11-29,3.274,-0.00908
2018-11-30,3.297,0.007025
2018-12-03,3.356,0.017895
2018-12-04,3.36,0.001192
2018-12-05,3.353,-0.002083
2018-12-06,3.307,-0.013719
2018-12-07,3.307,0.0
2018-12-10,3.291,-0.004838
2018-12-11,3.304,0.00395
2018-12-12,3.307,0.000908
2018-12-13,3.34,0.009979
2018-12-14,3.304,-0.010778
2018-12-17,3.294,-0.003027
2018-12-18,3.274,-0.006072
2018-12-19,3.242,-0.009774
2018-12-20,3.232,-0.003085
2018-12-21,3.209,-0.007116
2018-12-24,3.219,0.003116
2018-12-25,3.205,-0.004349
2018-12-26,3.196,-0.002808
2018-12-27,3.186,-0.003129
2018-12-28,3.192,0.001883
2018-12-31,3.192,0.0
2019-01-02,3.169,-0.007206
2019-01-03,3.16,-0.00284
2019-01-04,3.202,0.013291
2019-01-07,3.222,0.006246
2019-01-08,3.215,-0.002173
2019-01-09,3.238,0.007154
2019-01-10,3.238,0.0
2019-01-11,3.251,0.004015
2019-01-14,3.235,-0.004922
2019-01-15,3.271,0.011128
2019-01-16,3.274,0.000917
2019-01-17,3.261,-0.003971
2019-01-18,3.297,0.01104
2019-01-21,3.31,0.003943
2019-01-22,3.281,-0.008761
2019-01-23,3.284,0.000914
2019-01-24,3.297,0.003959
2019-01-25,3.32,0.006976
2019-01-28,3.324,0.001205
2019-01-29,3.324,0.0
2019-01-30,3.314,-0.003008
2019-01-31,3.327,0.003923
2019-02-01,3.363,0.010821
2019-02-11,3.402,0.011597
2019-02-12,3.416,0.004115
2019-02-13,3.455,0.011417
2019-02-14,3.461,0.001737
2019-02-15,3.425,-0.010402
2019-02-18,3.494,0.020146
2019-02-19,3.488,-0.001717
2019-02-20,3.494,0.00172
2019-02-21,3.488,-0.001717
2019-02-22,3.537,0.014048
2019-02-25,3.662,0.035341
2019-02-26,3.632,-0.008192
2019-02-27,3.629,-0.000826
2019-02-28,3.626,-0.000827
2019-03-01,3.668,0.011583
2019-03-04,3.698,0.008179
2019-03-05,3.717,0.005138
2019-03-06,3.737,0.005381
2019-03-07,3.714,-0.006155
2019-03-08,3.632,-0.022079
2019-03-11,3.681,0.013491
2019-03-12,3.701,0.005433
2019-03-13,3.675,-0.007025
2019-03-14,3.652,-0.006259
2019-03-15,3.685,0.009036
2019-03-18,3.75,0.017639
2019-03-19,3.744,-0.0016
2019-03-20,3.74,-0.001068
2019-03-21,3.744,0.00107
2019-03-22,3.754,0.002671
2019-03-25,3.701,-0.014118
2019-03-26,3.665,-0.009727
2019-03-27,3.691,0.007094
2019-03-28,3.678,-0.003522
2019-03-29,3.77,0.025014
2019-04-01,3.836,0.017507
2019-04-02,3.839,0.000782
2019-04-03,3.865,0.006773
2019-04-04,3.891,0.006727
2019-04-08,3.888,-0.000771
2019-04-09,3.891,0.000772
2019-04-10,3.898,0.001799
2019-04-11,3.845,-0.013597
2019-04-12,3.836,-0.002341
2019-04-15,3.826,-0.002607
2019-04-16,3.888,0.016205
2019-04-17,3.895,0.0018
2019-04-18,3.882,-0.003338
2019-04-19,3.908,0.006698
2019-04-22,3.849,-0.015097
2019-04-23,3.839,-0.002598
2019-04-24,3.849,0.002605
2019-04-25,3.79,-0.015329
2019-04-26,3.76,-0.007916
2019-04-29,3.76,0.0
2019-04-30,3.77,0.00266
2019-05-06,3.616,-0.040849
2019-05-07,3.635,0.005254
2019-05-08,3.609,-0.007153
2019-05-09,3.573,-0.009975
2019-05-10,3.649,0.021271
2019-05-13,3.612,-0.01014
2019-05-14,3.599,-0.003599
2019-05-15,3.649,0.013893
2019-05-16,3.658,0.002466
2019-05-17,3.593,-0.017769
2019-05-20,3.573,-0.005566
2019-05-21,3.603,0.008396
2019-05-22,3.593,-0.002775
2019-05-23,3.55,-0.011968
2019-05-24,3.553,0.000845
2019-05-27,3.593,0.011258
2019-05-28,3.609,0.004453
2019-05-29,3.609,0.0
2019-05-30,3.596,-0.003602
2019-05-31,3.589,-0.001947
2019-06-03,3.583,-0.001672
2019-06-04,3.566,-0.004745
2019-06-05,3.57,0.001122
2019-06-06,3.544,-0.007283
2019-06-10,3.57,0.007336
2019-06-11,3.642,0.020168
2019-06-12,3.622,-0.005491
2019-06-13,3.622,0.0
2019-06-14,3.599,-0.00635
2019-06-17,3.596,-0.000834
2019-06-18,3.606,0.002781
2019-06-19,3.642,0.009983
2019-06-20,3.711,0.018946
2019-06-21,3.721,0.002695
2019-06-24,3.727,0.001612
2019-06-25,3.701,-0.006976
2019-06-26,3.701,0.0
2019-06-27,3.731,0.008106
2019-06-28,3.721,-0.00268
2019-06-30,3.721,0.0
2019-07-01,3.79,0.018543
2019-07-02,3.793,0.000792
2019-07-03,3.767,-0.006855
2019-07-04,3.76,-0.001858
2019-07-05,3.773,0.003457
2019-07-08,3.714,-0.015637
2019-07-09,3.714,0.0
2019-07-10,3.708,-0.001616
2019-07-11,3.708,0.0
2019-07-12,3.727,0.005124
2019-07-15,3.737,0.002683
2019-07-16,3.731,-0.001606
2019-07-17,3.727,-0.001072
2019-07-18,3.701,-0.006976
2019-07-19,3.727,0.007025
2019-07-22,3.717,-0.002683
2019-07-23,3.727,0.00269
2019-07-24,3.747,0.005366
2019-07-25,3.767,0.005338
2019-07-26,3.77,0.000796
2019-07-29,3.77,0.0
2019-07-30,3.783,0.003448
2019-07-31,3.763,-0.005287
2019-08-01,3.747,-0.004252
2019-08-02,3.711,-0.009608
2019-08-05,3.671,-0.010779
2019-08-06,3.639,-0.008717
2019-08-07,3.632,-0.001924
2019-08-08,3.658,0.007159
2019-08-09,3.635,-0.006288
2019-08-12,3.681,0.012655
2019-08-13,3.662,-0.005162
2019-08-14,3.671,0.002458
2019-08-15,3.685,0.003814
2019-08-16,3.691,0.001628
2019-08-19,3.75,0.015985
2019-08-20,3.747,-0.0008
2019-08-21,3.75,0.000801
2019-08-22,3.754,0.001067
2019-08-23,3.767,0.003463
2019-08-26,3.734,-0.00876
2019-08-27,3.77,0.009641
2019-08-28,3.763,-0.001857
2019-08-29,3.754,-0.002392
2019-08-30,3.754,0.0
2019-09-02,3.79,0.00959
2019-09-03,3.793,0.000792
2019-09-04,3.819,0.006855
2019-09-05,3.842,0.006023
2019-09-06,3.862,0.005206
2019-09-09,3.891,0.007509
2019-09-10,3.885,-0.001542
2019-09-11,3.865,-0.005148
2019-09-12,3.891,0.006727
2019-09-16,3.882,-0.002313
2019-09-17,3.836,-0.01185
2019-09-18,3.842,0.001564
2019-09-19,3.855,0.003384
2019-09-20,3.862,0.001816
2019-09-23,3.832,-0.007768
2019-09-24,3.842,0.00261
2019-09-25,3.819,-0.005986
2019-09-26,3.796,-0.006023
2019-09-27,3.803,0.001844
2019-09-30,3.78,-0.006048
2019-10-08,3.79,0.002646
2019-10-09,3.796,0.001583
2019-10-10,3.819,0.006059
2019-10-11,3.839,0.005237
2019-10-14,3.868,0.007554
2019-10-15,3.849,-0.004912
2019-10-16,3.842,-0.001819
2019-10-17,3.845,0.000781
2019-10-18,3.813,-0.008322
2019-10-21,3.816,0.000787
2019-10-22,3.832,0.004193
2019-10-23,3.816,-0.004175
2019-10-24,3.813,-0.000786
2019-10-25,3.826,0.003409
2019-10-28,3.849,0.006012
2019-10-29,3.836,-0.003378
2019-10-30,3.822,-0.00365
2019-10-31,3.819,-0.000785
2019-11-01,3.855,0.009427
2019-11-04,3.875,0.005188
2019-11-05,3.891,0.004129
2019-11-06,3.882,-0.002313
2019-11-07,3.885,0.000773
2019-11-08,3.875,-0.002574
2019-11-11,3.829,-0.011871
2019-11-12,3.832,0.000783
2019-11-13,3.832,0.0
2019-11-14,3.836,0.001044
2019-11-15,3.816,-0.005214
2019-11-18,3.836,0.005241
2019-11-19,3.862,0.006778
2019-11-20,3.839,-0.005955
2019-11-21,3.832,-0.001823
2019-11-22,3.806,-0.006785
2019-11-25,3.819,0.003416
2019-11-26,3.826,0.001833
2019-11-27,3.819,-0.00183
2019-11-28,3.809,-0.002618
2019-11-29,3.79,-0.004988
2019-12-02,3.796,0.001583
2019-12-03,3.806,0.002634
2019-12-04,3.803,-0.000788
2019-12-05,3.822,0.004996
2019-12-06,3.836,0.003663
2019-12-09,3.836,0.0
2019-12-10,3.839,0.000782
2019-12-11,3.842,0.000781
2019-12-12,3.836,-0.001562
2019-12-13,3.885,0.012774
2019-12-16,3.901,0.004118
2019-12-17,3.934,0.008459
2019-12-18,3.931,-0.000763
2019-12-19,3.927,-0.001018
2019-12-20,3.918,-0.002292
2019-12-23,3.888,-0.007657
2019-12-24,3.905,0.004372
2019-12-25,3.905,0.0
2019-12-26,3.924,0.004866
2019-12-27,3.924,0.0
2019-12-30,3.96,0.009174
2019-12-31,3.97,0.002525
2020-01-02,4.006,0.009068
2020-01-03,4.0,-0.001498
2020-01-06,3.996,-0.001
2020-01-07,4.016,0.005005
2020-01-08,3.987,-0.007221
2020-01-09,4.026,0.009782
2020-01-10,4.026,0.0
2020-01-13,4.052,0.006458
2020-01-14,4.042,-0.002468
2020-01-15,4.029,-0.003216
2020-01-16,4.023,-0.001489
2020-01-17,4.026,0.000746
2020-01-20,4.049,0.005713
2020-01-21,4.003,-0.011361
2020-01-22,4.019,0.003997
2020-01-23,3.934,-0.02115
2020-02-03,3.731,-0.051601
2020-02-04,3.796,0.017422
2020-02-05,3.829,0.008693
2020-02-06,3.878,0.012797
2020-02-07,3.882,0.001031
2020-02-10,3.898,0.004122
2020-02-11,3.921,0.0059
2020-02-12,3.947,0.006631
2020-02-13,3.931,-0.004054
2020-02-14,3.947,0.00407
2020-02-17,4.006,0.014948
2020-02-18,4.003,-0.000749
2020-02-19,3.996,-0.001749
2020-02-20,4.049,0.013263
2020-02-21,4.059,0.00247
2020-02-24,4.055,-0.000985
2020-02-25,4.052,-0.00074
2020-02-26,4.006,-0.011352
2020-02-27,4.023,0.004244
2020-02-28,3.914,-0.027094
2020-03-02,4.0,0.021972
2020-03-03,4.019,0.00475
2020-03-04,4.036,0.00423
2020-03-05,4.095,0.014618
2020-03-06,4.049,-0.011233
2020-03-09,3.947,-0.025191
2020-03-10,4.01,0.015961
2020-03-11,3.973,-0.009227
2020-03-12,3.918,-0.013843
2020-03-13,3.882,-0.009188
2020-03-16,3.763,-0.030654
2020-03-17,3.754,-0.002392
2020-03-18,3.704,-0.013319
2020-03-19,3.678,-0.007019
2020-03-20,3.721,0.011691
2020-03-23,3.632,-0.023918
2020-03-24,3.694,0.01707
2020-03-25,3.767,0.019762
2020-03-26,3.75,-0.004513
2020-03-27,3.75,0.0
2020-03-30,3.721,-0.007733
2020-03-31,3.731,0.002687
2020-04-01,3.727,-0.001072
2020-04-02,3.77,0.011537
2020-04-03,3.757,-0.003448
2020-04-07,3.819,0.016503
2020-04-08,3.806,-0.003404
2020-04-09,3.819,0.003416
2020-04-10,3.796,-0.006023
2020-04-13,3.78,-0.004215
2020-04-14,3.836,0.014815
2020-04-15,3.819,-0.004432
2020-04-16,3.829,0.002618
2020-04-17,3.855,0.00679
2020-04-20,3.875,0.005188
2020-04-21,3.842,-0.008516
2020-04-22,3.865,0.005986
2020-04-23,3.855,-0.002587
2020-04-24,3.832,-0.005966
2020-04-27,3.852,0.005219
2020-04-28,3.872,0.005192
2020-04-29,3.888,0.004132
2020-04-30,3.924,0.009259
2020-05-06,3.95,0.006626
2020-05-07,3.944,-0.001519
2020-05-08,3.977,0.008367
2020-05-11,3.973,-0.001006
2020-05-12,3.973,0.0
2020-05-13,3.98,0.001762
2020-05-14,3.947,-0.008291
2020-05-15,3.944,-0.00076
2020-05-18,3.941,-0.000761
2020-05-19,3.97,0.007359
2020-05-20,3.954,-0.00403
2020-05-21,3.934,-0.005058
2020-05-22,3.872,-0.01576
2020-05-25,3.872,0.0
2020-05-26,3.914,0.010847
2020-05-27,3.898,-0.004088
2020-05-28,3.898,0.0
2020-05-29,3.911,0.003335
2020-06-01,3.99,0.020199
2020-06-02,3.996,0.001504
2020-06-03,3.996,0.0
2020-06-04,4.0,0.001001
2020-06-05,4.01,0.0025
2020-06-08,4.023,0.003242
2020-06-09,4.046,0.005717
2020-06-10,4.052,0.001483
2020-06-11,4.026,-0.006417
2020-06-12,4.026,0.0
2020-06-15,3.993,-0.008197
2020-06-16,4.042,0.012271
2020-06-17,4.042,0.0
2020-06-18,4.055,0.003216
2020-06-19,4.101,0.011344
2020-06-22,4.111,0.002438
2020-06-23,4.124,0.003162
2020-06-24,4.141,0.004122
2020-06-29,4.121,-0.00483
2020-06-30,4.17,0.01189
2020-07-01,4.216,0.011031
2020-07-02,4.279,0.014943
2020-07-03,4.321,0.009815
2020-07-06,4.469,0.034251
2020-07-07,4.495,0.005818
2020-07-08,4.551,0.012458
2020-07-09,4.61,0.012964
2020-07-10,4.558,-0.01128
2020-07-13,4.643,0.018649
2020-07-14,4.604,-0.0084
2020-07-15,4.561,-0.00934
2020-07-16,4.403,-0.034642
2020-07-17,4.443,0.009085
2020-07-20,4.531,0.019806
2020-07-21,4.551,0.004414
2020-07-22,4.574,0.005054
2020-07-23,4.581,0.00153
2020-07-24,4.42,-0.035145
2020-07-27,4.426,0.001357
2020-07-28,4.459,0.007456
2020-07-29,4.548,0.01996
2020-07-30,4.525,-0.005057
2020-07-31,4.554,0.006409
2020-08-03,4.627,0.01603
2020-08-04,4.627,0.0
2020-08-05,4.636,0.001945
2020-08-06,4.63,-0.001294
2020-08-07,4.594,-0.007775
2020-08-10,4.607,0.00283
2020-08-11,4.561,-0.009985
2020-08-12,4.531,-0.006578
2020-08-13,4.525,-0.001324
2020-08-14,4.574,0.010829
2020-08-17,4.646,0.015741
2020-08-18,4.659,0.002798
2020-08-19,4.6,-0.012664
2020-08-20,4.558,-0.00913
2020-08-21,4.594,0.007898
2020-08-24,4.643,0.010666
2020-08-25,4.643,0.0
2020-08-26,4.584,-0.012707
2020-08-27,4.604,0.004363
2020-08-28,4.686,0.017811
2020-08-31,4.669,-0.003628
2020-09-01,4.689,0.004284
2020-09-02,4.692,0.00064
2020-09-03,4.659,-0.007033
2020-09-04,4.633,-0.005581
2020-09-07,4.554,-0.017052
2020-09-08,4.564,0.002196
2020-09-09,4.462,-0.022349
2020-09-10,4.443,-0.004258
2020-09-11,4.489,0.010353
2020-09-14,4.518,0.00646
2020-09-15,4.541,0.005091
2020-09-16,4.521,-0.004404
2020-09-17,4.525,0.000885
2020-09-18,4.594,0.015249
2020-09-21,4.561,-0.007183
2020-09-22,4.525,-0.007893
2020-09-23,4.548,0.005083
2020-09-24,4.476,-0.015831
2020-09-25,4.479,0.00067
2020-09-28,4.476,-0.00067
2020-09-29,4.492,0.003575
2020-09-30,4.492,0.0
2020-10-09,4.577,0.018923
2020-10-12,4.676,0.02163
2020-10-13,4.699,0.004919
2020-10-14,4.682,-0.003618
2020-10-15,4.666,-0.003417
2020-10-16,4.656,-0.002143
2020-10-19,4.63,-0.005584
2020-10-20,4.656,0.005616
2020-10-21,4.64,-0.003436
2020-10-22,4.623,-0.003664
2020-10-23,4.577,-0.00995
2020-10-26,4.571,-0.001311
2020-10-27,4.581,0.002188
2020-10-28,4.604,0.005021
2020-10-29,4.623,0.004127
2020-10-30,4.558,-0.01406
2020-11-02,4.584,0.005704
2020-11-03,4.63,0.010035
2020-11-04,4.656,0.005616
2020-11-05,4.705,0.010524
2020-11-06,4.689,-0.003401
2020-11-09,4.768,0.016848
2020-11-10,4.751,-0.003565
2020-11-11,4.702,-0.010314
2020-11-12,4.712,0.002127
2020-11-13,4.676,-0.00764
2020-11-16,4.709,0.007057
2020-11-17,4.699,-0.002124
2020-11-18,4.705,0.001277
2020-11-19,4.738,0.007014
2020-11-20,4.751,0.002744
2020-11-23,4.784,0.006946
2020-11-24,4.771,-0.002717
2020-11-25,4.722,-0.01027
2020-11-26,4.712,-0.002118
2020-11-27,4.738,0.005518
2020-11-30,4.728,-0.002111
2020-12-01,4.804,0.016074
2020-12-02,4.81,0.001249
2020-12-03,4.8,-0.002079
2020-12-04,4.804,0.000833
2020-12-07,4.787,-0.003539
2020-12-08,4.787,0.0
2020-12-09,4.735,-0.010863
2020-12-10,4.732,-0.000634
2020-12-11,4.689,-0.009087
2020-12-14,4.738,0.01045
2020-12-15,4.758,0.004221
2020-12-16,4.758,0.0
2020-12-17,4.791,0.006936
2020-12-18,4.781,-0.002087
2020-12-21,4.819,0.007948
2020-12-22,4.757,-0.012866
2020-12-23,4.78,0.004835
2020-12-24,4.767,-0.00272
2020-12-25,4.79,0.004825
2020-12-28,4.8,0.002088
2020-12-29,4.787,-0.002708
2020-12-30,4.833,0.009609
2020-12-31,4.892,0.012208
2021-01-04,4.938,0.009403
2021-01-05,4.977,0.007898
2021-01-06,4.987,0.002009
2021-01-07,5.023,0.007219
2021-01-08,5.003,-0.003982
2021-01-11,4.997,-0.001199
2021-01-12,5.085,0.017611
2021-01-13,5.082,-0.00059
2021-01-14,5.013,-0.013577
2021-01-15,5.013,0.0
2021-01-18,5.092,0.015759
2021-01-19,5.033,-0.011587
2021-01-20,5.072,0.007749
2021-01-21,5.112,0.007886
2021-01-22,5.125,0.002543
2021-01-25,5.131,0.001171
2021-01-26,5.046,-0.016566
2021-01-27,5.069,0.004558
2021-01-28,4.954,-0.022687
2021-01-29,4.934,-0.004037
2021-02-01,4.977,0.008715
2021-02-02,5.03,0.010649
2021-02-03,5.01,-0.003976
2021-02-04,4.977,-0.006587
2021-02-05,4.967,-0.002009
2021-02-08,5.026,0.011878
2021-02-09,5.115,0.017708
2021-02-10,5.174,0.011535
2021-02-18,5.167,-0.001353
2021-02-19,5.157,-0.001935
2021-02-22,5.075,-0.015901
2021-02-23,5.098,0.004532
2021-02-24,5.026,-0.014123
2021-02-25,5.043,0.003382
2021-02-26,4.964,-0.015665
2021-03-01,5.056,0.018533
2021-03-02,5.023,-0.006527
2021-03-03,5.075,0.010352
2021-03-04,4.954,-0.023842
2021-03-05,4.944,-0.002019
2021-03-08,4.823,-0.024474
2021-03-09,4.731,-0.019075
2021-03-10,4.757,0.005496
2021-03-11,4.826,0.014505
2021-03-12,4.846,0.004144
2021-03-15,4.774,-0.014858
2021-03-16,4.8,0.005446
2021-03-17,4.823,0.004792
2021-03-18,4.859,0.007464
2021-03-19,4.777,-0.016876
2021-03-22,4.823,0.009629
2021-03-23,4.783,-0.008294
2021-03-24,4.718,-0.01359
2021-03-25,4.718,0.0
2021-03-26,4.8,0.01738
2021-03-29,4.8,0.0
2021-03-30,4.833,0.006875
2021-03-31,4.806,-0.005587
2021-04-01,4.842,0.007491
2021-04-02,4.872,0.006196
2021-04-06,4.875,0.000616
2021-04-07,4.852,-0.004718
2021-04-08,4.862,0.002061
2021-04-09,4.829,-0.006787
2021-04-12,4.751,-0.016152
2021-04-13,4.744,-0.001473
2021-04-14,4.797,0.011172
2021-04-15,4.79,-0.001459
2021-04-16,4.8,0.002088
2021-04-19,4.892,0.019167
2021-04-20,4.885,-0.001431
2021-04-21,4.908,0.004708
2021-04-22,4.908,0.0
2021-04-23,4.934,0.005297
2021-04-26,4.908,-0.00527
2021-04-27,4.921,0.002649
2021-04-28,4.944,0.004674
2021-04-29,4.957,0.002629
2021-04-30,4.957,0.0
2021-05-06,4.934,-0.00464
2021-05-07,4.882,-0.010539
2021-05-10,4.872,-0.002048
2021-05-11,4.885,0.002668
2021-05-12,4.902,0.00348
2021-05-13,4.856,-0.009384
2021-05-14,4.931,0.015445
2021-05-17,4.977,0.009329
2021-05-18,4.98,0.000603
2021-05-19,4.977,-0.000602
2021-05-20,4.977,0.0
2021-05-21,4.954,-0.004621
2021-05-24,4.977,0.004643
2021-05-25,5.069,0.018485
2021-05-26,5.066,-0.000592
2021-05-27,5.089,0.00454
2021-05-28,5.079,-0.001965
2021-05-31,5.112,0.006497
2021-06-01,5.118,0.001174
2021-06-02,5.079,-0.00762
2021-06-03,5.056,-0.004528
2021-06-04,5.085,0.005736
2021-06-07,5.102,0.003343
2021-06-08,5.079,-0.004508
2021-06-09,5.082,0.000591
2021-06-10,5.102,0.003935
2021-06-11,5.072,-0.00588
2021-06-15,5.033,-0.007689
2021-06-16,4.964,-0.01371
2021-06-17,4.98,0.003223
2021-06-18,5.0,0.004016
2021-06-21,5.02,0.004
2021-06-22,5.046,0.005179
2021-06-23,5.072,0.005153
2021-06-24,5.062,-0.001972
2021-06-25,5.108,0.009087
2021-06-28,5.128,0.003915
2021-06-29,5.102,-0.00507
2021-06-30,5.138,0.007056
2021-07-01,5.138,0.0
2021-07-02,5.049,-0.017322
2021-07-05,5.062,0.002575
2021-07-06,5.052,-0.001976
2021-07-07,5.095,0.008511
2021-07-08,5.069,-0.005103
2021-07-09,5.059,-0.001973
2021-07-12,5.112,0.010476
2021-07-13,5.135,0.004499
2021-07-14,5.102,-0.006426
2021-07-15,5.131,0.005684
2021-07-16,5.095,-0.007016
2021-07-19,5.102,0.001374
2021-07-20,5.102,0.0
2021-07-21,5.138,0.007056
2021-07-22,5.138,0.0
2021-07-23,5.075,-0.012262
2021-07-26,4.993,-0.016158
2021-07-27,4.875,-0.023633
2021-07-28,4.879,0.000821
2021-07-29,4.947,0.013937
2021-07-30,4.908,-0.007884
2021-08-02,4.974,0.013447
2021-08-03,4.987,0.002614
2021-08-04,5.026,0.00782
2021-08-05,4.997,-0.00577
2021-08-06,4.97,-0.005403
2021-08-09,5.003,0.00664
2021-08-10,5.043,0.007995
2021-08-11,5.03,-0.002578
2021-08-12,5.013,-0.00338
2021-08-13,5.003,-0.001995
2021-08-16,5.0,-0.0006
2021-08-17,4.915,-0.017
2021-08-18,4.931,0.003255
2021-08-19,4.934,0.000608
2021-08-20,4.879,-0.011147
2021-08-23,4.941,0.012708
2021-08-24,4.97,0.005869
2021-08-25,4.98,0.002012
2021-08-26,4.911,-0.013855
2021-08-27,4.908,-0.000611
2021-08-30,4.902,-0.001222
2021-08-31,4.869,-0.006732
2021-09-01,4.872,0.000616
2021-09-02,4.869,-0.000616
2021-09-03,4.856,-0.00267
2021-09-06,4.921,0.013386
2021-09-07,4.951,0.006096
2021-09-08,4.924,-0.005453
2021-09-09,4.908,-0.003249
2021-09-10,4.938,0.006112
2021-09-13,4.918,-0.00405
2021-09-14,4.902,-0.003253
2021-09-15,4.879,-0.004692
2021-09-16,4.819,-0.012298
2021-09-17,4.856,0.007678
2021-09-22,4.833,-0.004736
2021-09-23,4.836,0.000621
2021-09-24,4.836,0.0
2021-09-27,4.869,0.006824
2021-09-28,4.869,0.0
2021-09-29,4.829,-0.008215
2021-09-30,4.885,0.011597
2021-10-08,4.908,0.004708
2021-10-11,4.911,0.000611
2021-10-12,4.872,-0.007941
2021-10-13,4.941,0.014163
2021-10-14,4.941,0.0
2021-10-15,4.97,0.005869
2021-10-18,4.941,-0.005835
2021-10-19,4.977,0.007286
2021-10-20,4.964,-0.002612
2021-10-21,4.961,-0.000604
2021-10-22,4.977,0.003225
2021-10-25,4.99,0.002612
2021-10-26,4.99,0.0
2021-10-27,4.947,-0.008617
2021-10-28,4.934,-0.002628
2021-10-29,4.987,0.010742
2021-11-01,4.98,-0.001404
2021-11-02,4.97,-0.002008
2021-11-03,4.947,-0.004628
2021-11-04,4.987,0.008086
2021-11-05,4.97,-0.003409
2021-11-08,4.98,0.002012
2021-11-09,4.997,0.003414
2021-11-10,4.98,-0.003402
2021-11-11,5.026,0.009237
2021-11-12,5.033,0.001393
2021-11-15,5.023,-0.001987
2021-11-16,5.02,-0.000597
2021-11-17,5.036,0.003187
2021-11-18,5.0,-0.007149
2021-11-19,5.036,0.0072
2021-11-22,5.079,0.008539
2021-11-23,5.072,-0.001378
2021-11-24,5.079,0.00138
2021-11-25,5.059,-0.003938
2021-11-26,5.043,-0.003163
2021-11-29,5.059,0.003173
2021-11-30,5.052,-0.001384
2021-12-01,5.039,-0.002573
2021-12-02,5.033,-0.001191
2021-12-03,5.062,0.005762
2021-12-06,5.039,-0.004544
2021-12-07,5.033,-0.001191
2021-12-08,5.098,0.012915
2021-12-09,5.154,0.010985
2021-12-10,5.151,-0.000582
2021-12-13,5.157,0.001165
2021-12-14,5.148,-0.001745
2021-12-15,5.108,-0.00777
2021-12-16,5.128,0.003915
2021-12-17,5.066,-0.01209
2021-12-20,5.0,-0.013028
2021-12-21,5.026,0.0052
2021-12-22,5.036,0.00199
2021-12-23,5.062,0.005163
2021-12-24,5.036,-0.005136
2021-12-27,5.033,-0.000596
2021-12-28,5.072,0.007749
2021-12-29,5.026,-0.009069
2021-12-30,5.066,0.007959
2021-12-31,5.075,0.001777
2022-01-04,5.036,-0.007685
2022-01-05,4.97,-0.013106
2022-01-06,4.934,-0.007243
2022-01-07,4.905,-0.005878
2022-01-10,4.918,0.00265
2022-01-11,4.879,-0.00793
2022-01-12,4.941,0.012708
2022-01-13,4.879,-0.012548
2022-01-14,4.869,-0.00205
2022-01-17,4.905,0.007394
2022-01-18,4.931,0.005301
2022-01-19,4.895,-0.007301
2022-01-20,4.918,0.004699
2022-01-21,4.898,-0.004067
2022-01-24,4.921,0.004696
2022-01-25,4.856,-0.013209
2022-01-26,4.875,0.003913
2022-01-27,4.813,-0.012718
2022-01-28,4.78,-0.006856
2022-02-07,4.806,0.005439
2022-02-08,4.76,-0.009571
2022-02-09,4.8,0.008403
2022-02-10,4.767,-0.006875
2022-02-11,4.724,-0.00902
2022-02-14,4.698,-0.005504
2022-02-15,4.757,0.012559
2022-02-16,4.76,0.000631
2022-02-17,4.783,0.004832
2022-02-18,4.783,0.0
2022-02-21,4.764,-0.003972
2022-02-22,4.724,-0.008396
2022-02-23,4.783,0.012489
2022-02-24,4.728,-0.011499
2022-02-25,4.78,0.010998
2022-02-28,4.79,0.002092
2022-03-01,4.81,0.004175
2022-03-02,4.767,-0.00894
2022-03-03,4.731,-0.007552
2022-03-04,4.691,-0.008455
2022-03-07,4.577,-0.024302
2022-03-08,4.527,-0.010924
2022-03-09,4.521,-0.001325
2022-03-10,4.573,0.011502
2022-03-11,4.567,-0.001312
2022-03-14,4.465,-0.022334
2022-03-15,4.363,-0.022844
2022-03-16,4.508,0.033234
2022-03-17,4.57,0.013753
2022-03-18,4.57,0.0
2022-03-21,4.573,0.000656
2022-03-22,4.554,-0.004155
2022-03-23,4.577,0.005051
2022-03-24,4.55,-0.005899
2022-03-25,4.495,-0.012088
2022-03-28,4.465,-0.006674
2022-03-29,4.449,-0.003583
2022-03-30,4.541,0.020679
2022-03-31,4.491,-0.011011
2022-04-01,4.524,0.007348
2022-04-06,4.485,-0.008621
2022-04-07,4.449,-0.008027
2022-04-08,4.452,0.000674
2022-04-11,4.35,-0.022911
2022-04-12,4.413,0.014483
2022-04-13,4.376,-0.008384
2022-04-14,4.409,0.007541
2022-04-15,4.399,-0.002268
2022-04-18,4.406,0.001591
2022-04-19,4.383,-0.00522
2022-04-20,4.33,-0.012092
2022-04-21,4.275,-0.012702
2022-04-22,4.278,0.000702
2022-04-25,4.14,-0.032258
2022-04-26,4.111,-0.007005
2022-04-27,4.219,0.026271
2022-04-28,4.225,0.001422
2022-04-29,4.304,0.018698
2022-05-05,4.301,-0.000697
2022-05-06,4.232,-0.016043
2022-05-09,4.206,-0.006144
2022-05-10,4.248,0.009986
2022-05-11,4.298,0.01177
2022-05-12,4.291,-0.001629
2022-05-13,4.304,0.00303
2022-05-16,4.288,-0.003717
2022-05-17,4.334,0.010728
2022-05-18,4.324,-0.002307
2022-05-19,4.33,0.001388
2022-05-20,4.38,0.011547
2022-05-23,4.363,-0.003881
2022-05-24,4.288,-0.01719
2022-05-25,4.304,0.003731
2022-05-26,4.311,0.001626
2022-05-27,4.314,0.000696
2022-05-30,4.347,0.00765
2022-05-31,4.396,0.011272
2022-06-01,4.39,-0.001365
2022-06-02,4.416,0.005923
2022-06-06,4.481,0.014719
2022-06-07,4.481,0.0
2022-06-08,4.508,0.006025
2022-06-09,4.468,-0.008873
2022-06-10,4.514,0.010295
2022-06-13,4.472,-0.009304
2022-06-14,4.472,0.0
2022-06-15,4.495,0.005143
2022-06-16,4.498,0.000667
2022-06-17,4.541,0.00956
2022-06-20,4.567,0.005726
2022-06-21,4.56,-0.001533
2022-06-22,4.518,-0.009211
2022-06-23,4.58,0.013723
2022-06-24,4.629,0.010699
2022-06-27,4.659,0.006481
2022-06-28,4.705,0.009873
2022-06-29,4.649,-0.011902
2022-06-30,4.705,0.012046
2022-07-01,4.682,-0.004888
2022-07-04,4.701,0.004058
2022-07-05,4.688,-0.002765
2022-07-06,4.652,-0.007679
2022-07-07,4.669,0.003654
2022-07-08,4.652,-0.003641
2022-07-11,4.606,-0.009888
2022-07-12,4.563,-0.009336
2022-07-13,4.573,0.002192
2022-07-14,4.6,0.005904
2022-07-15,4.567,-0.007174
2022-07-18,4.583,0.003503
2022-07-19,4.567,-0.003491
2022-07-20,4.59,0.005036
2022-07-21,4.567,-0.005011
2022-07-22,4.567,0.0
2022-07-25,4.544,-0.005036
2022-07-26,4.573,0.006382
2022-07-27,4.563,-0.002187
2022-07-28,4.56,-0.000657
2022-07-29,4.521,-0.008553
2022-08-01,4.55,0.006415
2022-08-02,4.508,-0.009231
2022-08-03,4.481,-0.005989
2022-08-04,4.495,0.003124
2022-08-05,4.544,0.010901
2022-08-08,4.537,-0.00154
2022-08-09,4.554,0.003747
2022-08-10,4.524,-0.006588
2022-08-11,4.58,0.012378
2022-08-12,4.567,-0.002838
2022-08-15,4.58,0.002847
2022-08-16,4.573,-0.001528
2022-08-17,4.596,0.00503
2022-08-18,4.577,-0.004134
2022-08-19,4.541,-0.007865
2022-08-22,4.577,0.007928
2022-08-23,4.573,-0.000874
2022-08-24,4.504,-0.015089
2022-08-25,4.521,0.003774
2022-08-26,4.518,-0.000664
2022-08-29,4.508,-0.002213
2022-08-30,4.491,-0.003771
2022-08-31,4.472,-0.004231
2022-09-01,4.445,-0.006038
2022-09-02,4.436,-0.002025
2022-09-05,4.436,0.0
2022-09-06,4.465,0.006537
2022-09-07,4.475,0.00224
2022-09-08,4.465,-0.002235
2022-09-09,4.498,0.007391
2022-09-13,4.518,0.004446
2022-09-14,4.495,-0.005091
2022-09-15,4.445,-0.011123
2022-09-16,4.393,-0.011699
2022-09-19,4.383,-0.002276
2022-09-20,4.393,0.002282
2022-09-21,4.36,-0.007512
2022-09-22,4.347,-0.002982
2022-09-23,4.324,-0.005291
2022-09-26,4.344,0.004625
2022-09-27,4.39,0.010589
2022-09-28,4.337,-0.012073
2022-09-29,4.34,0.000692
2022-09-30,4.298,-0.009677
2022-10-10,4.229,-0.016054
2022-10-11,4.242,0.003074
2022-10-12,4.285,0.010137
2022-10-13,4.278,-0.001634
2022-10-14,4.344,0.015428
2022-10-17,4.35,0.001381
2022-10-18,4.35,0.0
2022-10-19,4.308,-0.009655
2022-10-20,4.294,-0.00325
2022-10-21,4.291,-0.000699
2022-10-24,4.225,-0.015381
2022-10-25,4.219,-0.00142
2022-10-26,4.252,0.007822
2022-10-27,4.212,-0.009407
2022-10-28,4.163,-0.011633
2022-10-31,4.15,-0.003123
2022-11-01,4.232,0.019759
2022-11-02,4.252,0.004726
2022-11-03,4.239,-0.003057
2022-11-04,4.317,0.018401
2022-11-07,4.311,-0.00139
2022-11-08,4.294,-0.003943
2022-11-09,4.268,-0.006055
2022-11-10,4.245,-0.005389
2022-11-11,4.291,0.010836
2022-11-14,4.281,-0.00233
2022-11-15,4.324,0.010044
2022-11-16,4.304,-0.004625
2022-11-17,4.301,-0.000697
2022-11-18,4.288,-0.003023
2022-11-21,4.271,-0.003965
2022-11-22,4.255,-0.003746
2022-11-23,4.255,0.0
2022-11-24,4.245,-0.00235
2022-11-25,4.235,-0.002356
2022-11-28,4.216,-0.004486
2022-11-29,4.271,0.013046
2022-11-30,4.271,0.0
2022-12-01,4.308,0.008663
2022-12-02,4.285,-0.005339
2022-12-05,4.304,0.004434
2022-12-06,4.317,0.00302
2022-12-07,4.314,-0.000695
2022-12-08,4.311,-0.000695
2022-12-09,4.327,0.003711
2022-12-12,4.317,-0.002311
2022-12-13,4.301,-0.003706
2022-12-14,4.304,0.000698
2022-12-15,4.304,0.0
2022-12-16,4.294,-0.002323
2022-12-19,4.262,-0.007452
2022-12-20,4.232,-0.007039
2022-12-21,4.229,-0.000709
2022-12-22,4.225,-0.000946
2022-12-23,4.222,-0.00071
2022-12-26,4.252,0.007106
2022-12-27,4.281,0.00682
2022-12-28,4.278,-0.000701
2022-12-29,4.278,0.0
2022-12-30,4.285,0.001636
2022-12-31,4.281,-0.000933
2023-01-03,4.311,0.007008
2023-01-04,4.311,0.0
2023-01-05,4.363,0.012062
2023-01-06,4.363,0.0
2023-01-09,4.38,0.003896
2023-01-10,4.39,0.002283
2023-01-11,4.376,-0.003189
2023-01-12,4.383,0.0016
2023-01-13,4.413,0.006845
2023-01-16,4.462,0.011104
2023-01-17,4.458,-0.000896
2023-01-18,4.458,0.0
2023-01-19,4.485,0.006057
2023-01-20,4.498,0.002899
2023-01-30,4.508,0.002223
2023-01-31,4.478,-0.006655
2023-02-01,4.501,0.005136
2023-02-02,4.501,0.0
2023-02-03,4.481,-0.004443
2023-02-06,4.442,-0.008703
2023-02-07,4.449,0.001576
2023-02-08,4.436,-0.002922
2023-02-09,4.478,0.009468
2023-02-10,4.462,-0.003573
2023-02-13,4.495,0.007396
2023-02-14,4.498,0.000667
2023-02-15,4.478,-0.004446
2023-02-16,4.452,-0.005806
2023-02-17,4.406,-0.010332
2023-02-20,4.468,0.014072
2023-02-21,4.465,-0.000671
2023-02-22,4.445,-0.004479
2023-02-23,4.442,-0.000675
2023-02-24,4.416,-0.005853
2023-02-27,4.399,-0.00385
2023-02-28,4.419,0.004546
2023-03-01,4.442,0.005205
2023-03-02,4.432,-0.002251
2023-03-03,4.436,0.000903
2023-03-06,4.429,-0.001578
2023-03-07,4.383,-0.010386
2023-03-08,4.376,-0.001597
2023-03-09,4.37,-0.001371
2023-03-10,4.34,-0.006865
2023-03-13,4.36,0.004608
2023-03-14,4.344,-0.00367
2023-03-15,4.344,0.0
2023-03-16,4.308,-0.008287
2023-03-17,4.304,-0.000929
2023-03-20,4.288,-0.003717
2023-03-21,4.327,0.009095
2023-03-22,4.334,0.001618
2023-03-23,4.357,0.005307
2023-03-24,4.35,-0.001607
2023-03-27,4.35,0.0
2023-03-28,4.334,-0.003678
2023-03-29,4.344,0.002307
2023-03-30,4.367,0.005295
2023-03-31,4.373,0.001374
2023-04-03,4.393,0.004574
2023-04-04,4.39,-0.000683
2023-04-06,4.393,0.000683
2023-04-07,4.422,0.006601
2023-04-10,4.413,-0.002035
2023-04-11,4.406,-0.001586
2023-04-12,4.396,-0.00227
2023-04-13,4.38,-0.00364
2023-04-14,4.403,0.005251
2023-04-17,4.429,0.005905
2023-04-18,4.429,0.0
2023-04-19,4.403,-0.00587
2023-04-20,4.393,-0.002271
2023-04-21,4.337,-0.012748
2023-04-24,4.288,-0.011298
2023-04-25,4.255,-0.007696
2023-04-26,4.265,0.00235
2023-04-27,4.278,0.003048
2023-04-28,4.294,0.00374
2023-05-04,4.271,-0.005356
2023-05-05,4.255,-0.003746
2023-05-08,4.258,0.000705
2023-05-09,4.232,-0.006106
2023-05-10,4.225,-0.001654
2023-05-11,4.229,0.000947
2023-05-12,4.196,-0.007803
2023-05-15,4.239,0.010248
2023-05-16,4.229,-0.002359
2023-05-17,4.222,-0.001655
2023-05-18,4.216,-0.001421
2023-05-19,4.219,0.000712
2023-05-22,4.232,0.003081
2023-05-23,4.199,-0.007798
2023-05-24,4.173,-0.006192
2023-05-25,4.166,-0.001677
2023-05-26,4.17,0.00096
2023-05-29,4.153,-0.004077
2023-05-30,4.157,0.000963
2023-05-31,4.134,-0.005533
2023-06-01,4.143,0.002177
2023-06-02,4.176,0.007965
2023-06-05,4.17,-0.001437
2023-06-06,4.14,-0.007194
2023-06-07,4.134,-0.001449
2023-06-08,4.14,0.001451
2023-06-09,4.15,0.002415
2023-06-12,4.163,0.003133
2023-06-13,4.17,0.001681
2023-06-14,4.173,0.000719
2023-06-15,4.206,0.007908
2023-06-16,4.229,0.005468
2023-06-19,4.212,-0.00402
2023-06-20,4.212,0.0
2023-06-21,4.173,-0.009259
2023-06-26,4.134,-0.009346
2023-06-27,4.166,0.007741
2023-06-28,4.163,-0.00072
2023-06-29,4.157,-0.001441
2023-06-30,4.173,0.003849
2023-07-03,4.199,0.006231
2023-07-04,4.206,0.001667
2023-07-05,4.183,-0.005468
2023-07-06,4.17,-0.003108
2023-07-07,4.153,-0.004077
2023-07-10,4.16,0.001686
2023-07-11,4.18,0.004808
2023-07-12,4.157,-0.005502
2023-07-13,4.189,0.007698
2023-07-14,4.193,0.000955
2023-07-17,4.176,-0.004054
2023-07-18,4.173,-0.000718
2023-07-19,4.173,0.0
2023-07-20,4.15,-0.005512
2023-07-21,4.143,-0.001687
2023-07-24,4.14,-0.000724
2023-07-25,4.206,0.015942
2023-07-26,4.193,-0.003091
2023-07-27,4.183,-0.002385
2023-07-28,4.235,0.012431
2023-07-31,4.258,0.005431
2023-08-01,4.248,-0.002349
2023-08-02,4.239,-0.002119
2023-08-03,4.252,0.003067
2023-08-04,4.262,0.002352
2023-08-07,4.245,-0.003989
2023-08-08,4.235,-0.002356
2023-08-09,4.222,-0.00307
2023-08-10,4.225,0.000711
2023-08-11,4.173,-0.012308
2023-08-14,4.163,-0.002396
2023-08-15,4.157,-0.001441
2023-08-16,4.13,-0.006495
2023-08-17,4.147,0.004116
2023-08-18,4.114,-0.007958
2023-08-21,4.081,-0.008021
2023-08-22,4.107,0.006371
2023-08-23,4.061,-0.0112
2023-08-24,4.078,0.004186
2023-08-25,4.058,-0.004904
2023-08-28,4.081,0.005668
2023-08-29,4.127,0.011272
2023-08-30,4.134,0.001696
2023-08-31,4.124,-0.002419
2023-09-01,4.137,0.003152
2023-09-04,4.166,0.00701
2023-09-05,4.15,-0.003841
2023-09-06,4.147,-0.000723
2023-09-07,4.111,-0.008681
2023-09-08,4.111,0.0
2023-09-11,4.127,0.003892
2023-09-12,4.124,-0.000727
2023-09-13,4.104,-0.00485
2023-09-14,4.094,-0.002437
2023-09-15,4.084,-0.002443
2023-09-18,4.097,0.003183
2023-09-19,4.088,-0.002197
2023-09-20,4.075,-0.00318
2023-09-21,4.055,-0.004908
2023-09-22,4.097,0.010358
2023-09-25,4.081,-0.003905
2023-09-26,4.068,-0.003185
2023-09-27,4.081,0.003196
2023-09-28,4.081,0.0
2023-10-09,4.075,-0.00147
2023-10-10,4.052,-0.005644
2023-10-11,4.058,0.001481
2023-10-12,4.068,0.002464
2023-10-13,4.045,-0.005654
2023-10-16,4.019,-0.006428
2023-10-17,4.025,0.001493
2023-10-18,3.999,-0.00646
2023-10-19,3.96,-0.009752
2023-10-20,3.94,-0.005051
2023-10-23,3.904,-0.009137
2023-10-24,3.917,0.00333
2023-10-25,3.927,0.002553
2023-10-26,3.933,0.001528
2023-10-27,3.969,0.009153
2023-10-30,3.989,0.005039
2023-10-31,3.976,-0.003259
2023-11-01,3.973,-0.000755
2023-11-02,3.96,-0.003272
2023-11-03,3.986,0.006566
2023-11-06,4.035,0.012293
2023-11-07,4.029,-0.001487
2023-11-08,4.029,0.0
2023-11-09,4.022,-0.001737
2023-11-10,4.006,-0.003978
2023-11-13,4.009,0.000749
2023-11-14,4.012,0.000748
2023-11-15,4.029,0.004237
2023-11-16,4.006,-0.005709
2023-11-17,4.009,0.000749
2023-11-20,4.019,0.002494
2023-11-21,4.019,0.0
2023-11-22,3.989,-0.007465
2023-11-23,4.006,0.004262
2023-11-24,3.979,-0.00674
2023-11-27,3.966,-0.003267
2023-11-28,3.973,0.001765
2023-11-29,3.956,-0.004279
2023-11-30,3.953,-0.000758
2023-12-01,3.95,-0.000759
2023-12-04,3.94,-0.002532
2023-12-05,3.897,-0.010914
2023-12-06,3.904,0.001796
2023-12-07,3.901,-0.000768
2023-12-08,3.904,0.000769
2023-12-11,3.924,0.005123
2023-12-12,3.927,0.000765
2023-12-13,3.897,-0.007639
2023-12-14,3.887,-0.002566
2023-12-15,3.881,-0.001544
2023-12-18,3.861,-0.005153
2023-12-19,3.861,0.0
2023-12-20,3.838,-0.005957
2023-12-21,3.855,0.004429
2023-12-22,3.851,-0.001038
2023-12-25,3.855,0.001039
2023-12-26,3.835,-0.005188
2023-12-27,3.845,0.002608
2023-12-28,3.891,0.011964
2023-12-29,3.904,0.003341
2023-12-31,3.904,0.0
2024-01-02,3.891,-0.00333
2024-01-03,3.891,0.0
2024-01-04,3.871,-0.00514
2024-01-05,3.848,-0.005942
2024-01-08,3.809,-0.010135
2024-01-09,3.809,0.0
2024-01-10,3.799,-0.002625
2024-01-11,3.819,0.005265
2024-01-12,3.812,-0.001833
2024-01-15,3.802,-0.002623
2024-01-16,3.802,0.0
2024-01-17,3.75,-0.013677
2024-01-18,3.756,0.0016
2024-01-19,3.743,-0.003461
2024-01-22,3.664,-0.021106
2024-01-23,3.684,0.005459
2024-01-24,3.714,0.008143
2024-01-25,3.769,0.014809
2024-01-26,3.756,-0.003449
2024-01-29,3.72,-0.009585
2024-01-30,3.674,-0.012366
2024-01-31,3.625,-0.013337
2024-02-01,3.612,-0.003586
2024-02-02,3.556,-0.015504
2024-02-05,3.507,-0.01378
2024-02-06,3.628,0.034502
2024-02-07,3.72,0.025358
2024-02-08,3.763,0.011559
2024-02-19,3.756,-0.00186
2024-02-20,3.756,0.0
2024-02-21,3.776,0.005325
2024-02-22,3.796,0.005297
2024-02-23,3.812,0.004215
2024-02-26,3.812,0.0
2024-02-27,3.861,0.012854
2024-02-28,3.799,-0.016058
2024-02-29,3.868,0.018163
2024-03-01,3.891,0.005946
2024-03-04,3.887,-0.001028
2024-03-05,3.871,-0.004116
2024-03-06,3.864,-0.001808
2024-03-07,3.825,-0.010093
2024-03-08,3.845,0.005229
2024-03-11,3.891,0.011964
2024-03-12,3.901,0.00257
2024-03-13,3.897,-0.001025
2024-03-14,3.884,-0.003336
2024-03-15,3.897,0.003347
2024-03-18,3.927,0.007698
2024-03-19,3.91,-0.004329
2024-03-20,3.914,0.001023
2024-03-21,3.907,-0.001788
2024-03-22,3.874,-0.008446
2024-03-25,3.845,-0.007486
2024-03-26,3.851,0.00156
2024-03-27,3.805,-0.011945
2024-03-28,3.825,0.005256
2024-03-29,3.841,0.004183
2024-04-01,3.887,0.011976
2024-04-02,3.881,-0.001544
2024-04-03,3.874,-0.001804
2024-04-08,3.845,-0.007486
2024-04-09,3.851,0.00156
2024-04-10,3.832,-0.004934
2024-04-11,3.832,0.0
2024-04-12,3.819,-0.003392
2024-04-15,3.851,0.008379
2024-04-16,3.815,-0.009348
2024-04-17,3.855,0.010485
2024-04-18,3.858,0.000778
2024-04-19,3.848,-0.002592
2024-04-22,3.838,-0.002599
2024-04-23,3.819,-0.00495
2024-04-24,3.832,0.003404
2024-04-25,3.838,0.001566
2024-04-26,3.858,0.005211
2024-04-29,3.881,0.005962
2024-04-30,3.874,-0.001804
2024-05-06,3.907,0.008518
2024-05-07,3.901,-0.001536
2024-05-08,3.881,-0.005127
2024-05-09,3.907,0.006699
2024-05-10,3.907,0.0
2024-05-13,3.901,-0.001536
2024-05-14,3.897,-0.001025
2024-05-15,3.881,-0.004106
2024-05-16,3.884,0.000773
2024-05-17,3.907,0.005922
2024-05-20,3.914,0.001792
2024-05-21,3.904,-0.002555
2024-05-22,3.904,0.0
2024-05-23,3.874,-0.007684
2024-05-24,3.855,-0.004904
2024-05-27,3.871,0.00415
2024-05-28,3.851,-0.005167
2024-05-29,3.851,0.0
2024-05-30,3.841,-0.002597
2024-05-31,3.832,-0.002343
2024-06-03,3.825,-0.001827
2024-06-04,3.845,0.005229
2024-06-05,3.828,-0.004421
2024-06-06,3.822,-0.001567
2024-06-07,3.822,0.0
2024-06-11,3.802,-0.005233
2024-06-12,3.805,0.000789
2024-06-13,3.789,-0.004205
2024-06-14,3.796,0.001847
2024-06-17,3.782,-0.003688
2024-06-18,3.792,0.002644
2024-06-19,3.786,-0.001582
2024-06-20,3.773,-0.003434
2024-06-21,3.769,-0.00106
2024-06-24,3.756,-0.003449
2024-06-25,3.75,-0.001597
2024-06-26,3.763,0.003467
2024-06-27,3.746,-0.004518
2024-06-28,3.756,0.00267
2024-06-30,3.756,0.0
2024-07-01,3.773,0.004526
2024-07-02,3.766,-0.001855
2024-07-03,3.759,-0.001859
2024-07-04,3.743,-0.004256
2024-07-05,3.74,-0.000801
2024-07-08,3.717,-0.00615
2024-07-09,3.736,0.005112
2024-07-10,3.727,-0.002409
2024-07-11,3.753,0.006976
2024-07-12,3.759,0.001599
2024-07-15,3.759,0.0
2024-07-16,3.759,0.0
2024-07-17,3.756,-0.000798
2024-07-18,3.769,0.003461
2024-07-19,3.776,0.001857
2024-07-22,3.759,-0.004502
2024-07-23,3.723,-0.009577
2024-07-24,3.714,-0.002417
2024-07-25,3.704,-0.002693
2024-07-26,3.717,0.00351
2024-07-29,3.714,-0.000807
2024-07-30,3.7,-0.00377
2024-07-31,3.746,0.012432
2024-08-01,3.736,-0.00267
2024-08-02,3.714,-0.005889
2024-08-05,3.687,-0.00727
2024-08-06,3.691,0.001085
2024-08-07,3.691,0.0
2024-08-08,3.697,0.001626
2024-08-09,3.691,-0.001623
2024-08-12,3.687,-0.001084
2024-08-13,3.691,0.001085
2024-08-14,3.671,-0.005419
2024-08-15,3.691,0.005448
2024-08-16,3.687,-0.001084
2024-08-19,3.697,0.002712
2024-08-20,3.677,-0.00541
2024-08-21,3.668,-0.002448
2024-08-22,3.661,-0.001908
2024-08-23,3.668,0.001912
2024-08-26,3.671,0.000818
2024-08-27,3.658,-0.003541
2024-08-28,3.651,-0.001914
2024-08-29,3.645,-0.001643
2024-08-30,3.661,0.00439
2024-09-02,3.635,-0.007102
2024-09-03,3.638,0.000825
2024-09-04,3.628,-0.002749
2024-09-05,3.628,0.0
2024-09-06,3.608,-0.005513
2024-09-09,3.586,-0.006098
2024-09-10,3.586,0.0
2024-09-11,3.576,-0.002789
2024-09-12,3.569,-0.001957
2024-09-13,3.559,-0.002802
2024-09-18,3.569,0.00281
2024-09-19,3.582,0.003642
2024-09-20,3.586,0.001117
2024-09-23,3.595,0.00251
2024-09-24,3.677,0.022809
2024-09-25,3.7056,0.007778
2024-09-26,3.7854,0.021535
2024-09-27,3.8618,0.020183
2024-09-30,4.0417,0.046584
2024-10-08,4.1523,0.027365
2024-10-09,3.981,-0.041254
2024-10-10,4.0184,0.009395
2024-10-11,3.9537,-0.016101
2024-10-14,3.998,0.011205
2024-10-15,3.9403,-0.014432
2024-10-16,3.9396,-0.000178
2024-10-17,3.9088,-0.007818
2024-10-18,3.9754,0.017038
2024-10-21,3.9813,0.001484
2024-10-22,3.9948,0.003391
2024-10-23,4.0082,0.003354
2024-10-24,3.9882,-0.00499
2024-10-25,4.0066,0.004614
2024-10-28,4.0181,0.00287
2024-10-29,3.9895,-0.007118
2024-10-30,3.9787,-0.002707
2024-10-31,3.9882,0.002388
2024-11-01,3.9823,-0.001479
2024-11-04,4.0141,0.007985
2024-11-05,4.0679,0.013403
2024-11-06,4.0627,-0.001278
2024-11-07,4.1264,0.015679
2024-11-08,4.1017,-0.005986
2024-11-11,4.1073,0.001365
2024-11-12,4.084,-0.005673
2024-11-13,4.0949,0.002669
2024-11-14,4.0571,-0.009231
2024-11-15,4.0233,-0.008331
2024-11-18,4.0171,-0.001541
2024-11-19,4.0341,0.004232
2024-11-20,4.0433,0.002281
2024-11-21,4.0404,-0.000717
2024-11-22,3.9642,-0.01886
2024-11-25,3.956,-0.002069
2024-11-26,3.9511,-0.001239
2024-11-27,3.9879,0.009314
2024-11-28,3.9734,-0.003636
2024-11-29,3.999,0.006443
2024-12-02,4.023,0.006002
2024-12-03,4.0246,0.000398
2024-12-04,4.0092,-0.003826
2024-12-05,4.0082,-0.000249
2024-12-06,4.0391,0.007709
2024-12-09,4.0345,-0.001139
2024-12-10,4.0496,0.003743
2024-12-11,4.0551,0.001358
2024-12-12,4.0781,0.005672
2024-12-13,4.0253,-0.012947
2024-12-16,4.0158,-0.00236
2024-12-17,4.0164,0.000149
2024-12-18,4.0276,0.002789
2024-12-19,4.0256,-0.000497
2024-12-20,4.0161,-0.00236
2024-12-23,4.0167,0.000149
2024-12-24,4.046,0.007295
2024-12-25,4.0437,-0.000568
2024-12-26,4.0427,-0.000247
2024-12-27,4.0446,0.00047
2024-12-30,4.0558,0.002769
2024-12-31,4.019,-0.009073
2025-01-02,3.9541,-0.016148
2025-01-03,3.9285,-0.006474
2025-01-06,3.9268,-0.000433
2025-01-07,3.9399,0.003336
2025-01-08,3.9347,-0.00132
2025-01-09,3.9285,-0.001576
2025-01-10,3.8993,-0.007433
2025-01-13,3.8953,-0.001026
2025-01-14,3.9534,0.014915
2025-01-15,3.9399,-0.003415
2025-01-16,3.9432,0.000838
2025-01-17,3.9514,0.00208
2025-01-20,3.9616,0.002581
2025-01-21,3.9632,0.000404
2025-01-22,3.9439,-0.00487
2025-01-23,3.9491,0.001318
2025-01-24,3.9678,0.004735
2025-01-27,3.959,-0.002218
2025-02-05,3.9465,-0.003157
2025-02-06,3.9764,0.007576
2025-02-07,4.0076,0.007846
2025-02-10,4.0115,0.000973
2025-02-11,4.0013,-0.002543
2025-02-12,4.0213,0.004998
2025-02-13,4.0112,-0.002512
2025-02-14,4.0272,0.003989
2025-02-17,4.0325,0.001316
2025-02-18,4.0115,-0.005208
2025-02-19,4.0266,0.003764
2025-02-20,4.0213,-0.001316
2025-02-21,4.0492,0.006938
2025-02-24,4.045,-0.001037
2025-02-25,4.0187,-0.006502
2025-02-26,4.0414,0.005649
2025-02-27,4.045,0.000891
2025-02-28,3.9997,-0.011199
2025-03-03,3.9997,0.0
2025-03-04,4.002,0.000575
2025-03-05,4.0121,0.002524
2025-03-06,4.045,0.0082
2025-03-07,4.0368,-0.002027
2025-03-10,4.0279,-0.002205
2025-03-11,4.0358,0.001961
2025-03-12,4.0292,-0.001635
2025-03-13,4.0204,-0.002184
2025-03-14,4.0702,0.012387
2025-03-17,4.0666,-0.000884
2025-03-18,4.0725,0.001451
2025-03-19,4.0729,9.8e-05
2025-03-20,4.0545,-0.004518
2025-03-21,4.0243,-0.007449
2025-03-24,4.0358,0.002858
2025-03-25,4.0354,-9.9e-05
2025-03-26,4.0266,-0.002181
2025-03-27,4.0315,0.001217
2025-03-28,4.0197,-0.002927
2025-03-31,4.0046,-0.003756
2025-04-01,4.0076,0.000749
2025-04-02,4.0062,-0.000349
2025-04-03,3.9921,-0.00352
2025-04-07,3.8271,-0.041332
2025-04-08,3.8595,0.008466
2025-04-09,3.8786,0.004949
2025-04-10,3.9098,0.008044
2025-04-11,3.9219,0.003095
2025-04-14,3.9294,0.001912
2025-04-15,3.9268,-0.000662
2025-04-16,3.9216,-0.001324
2025-04-17,3.9222,0.000153
2025-04-18,3.9265,0.001096
2025-04-21,3.9445,0.004584
2025-04-22,3.9399,-0.001166
2025-04-23,3.9501,0.002589
2025-04-24,3.9419,-0.002076
2025-04-25,3.9465,0.001167
2025-04-28,3.9406,-0.001495
2025-04-29,3.9386,-0.000508
2025-04-30,3.9393,0.000178
2025-05-06,3.9642,0.006321
2025-05-07,3.977,0.003229
2025-05-08,3.9885,0.002892
2025-05-09,3.9793,-0.002307
2025-05-12,4.0079,0.007187
2025-05-13,4.0102,0.000574
2025-05-14,4.0348,0.006134
2025-05-15,4.0131,-0.005378
2025-05-16,4.0033,-0.002442
2025-05-19,3.9997,-0.000899
2025-05-20,4.0115,0.00295
2025-05-21,4.0217,0.002543
2025-05-22,4.0177,-0.000995
2025-05-23,3.9987,-0.004729
2025-05-26,3.9885,-0.002551
2025-05-27,3.9797,-0.002206
2025-05-28,3.9777,-0.000503
2025-05-29,3.9895,0.002967
2025-05-30,3.9783,-0.002807
2025-06-03,3.9826,0.001081
2025-06-04,3.9915,0.002235
2025-06-05,3.9951,0.000902
2025-06-06,3.9954,7.5e-05
2025-06-09,4.0003,0.001226
2025-06-10,3.9895,-0.0027
2025-06-11,4.0062,0.004186
2025-06-12,4.0069,0.000175
2025-06-13,3.9895,-0.004343
2025-06-16,3.9951,0.001404
2025-06-17,3.9928,-0.000576
2025-06-18,3.9934,0.00015
2025-06-19,3.9751,-0.004583
2025-06-20,3.9783,0.000805
2025-06-23,3.9846,0.001584
2025-06-24,4.0112,0.006676
2025-06-25,4.0433,0.008003
2025-06-26,4.0364,-0.001707
2025-06-27,4.0263,-0.002502
2025-06-30,4.0354,0.00226
2025-07-01,4.0394,0.000991
2025-07-02,4.0394,0.0
2025-07-03,4.0512,0.002921
2025-07-04,4.0581,0.001703
2025-07-07,4.0519,-0.001528
2025-07-08,4.0758,0.005898
2025-07-09,4.0719,-0.000957
2025-07-10,4.085,0.003217
2025-07-11,4.0893,0.001053
2025-07-14,4.0912,0.000465
2025-07-15,4.087,-0.001027
2025-07-16,4.0811,-0.001444
2025-07-17,4.0945,0.003283
2025-07-18,4.1093,0.003615
2025-07-21,4.1316,0.005427
2025-07-22,4.1493,0.004284
2025-07-23,4.1477,-0.000386
2025-07-24,4.1707,0.005545
2025-07-25,4.1621,-0.002062
2025-07-28,4.1713,0.00221
2025-07-29,4.1848,0.003236
2025-07-30,4.1821,-0.000645
2025-07-31,4.1424,-0.009493
2025-08-01,4.131,-0.002752
2025-08-04,4.1418,0.002614
2025-08-05,4.1641,0.005384
2025-08-06,4.1749,0.002594
2025-08-07,4.1684,-0.001557
2025-08-08,4.1707,0.000552
2025-08-11,4.1808,0.002422
2025-08-12,4.1969,0.003851
2025-08-13,4.2255,0.006815
2025-08-14,4.2163,-0.002177
2025-08-15,4.2452,0.006854
2025-08-18,4.2662,0.004947
2025-08-19,4.256,-0.002391
2025-08-20,4.2891,0.007777
2025-08-21,4.2937,0.001072
2025-08-22,4.3479,0.012623
2025-08-25,4.3984,0.011615
2025-08-26,4.3961,-0.000523
2025-08-27,4.3541,-0.009554
2025-08-28,4.4079,0.012356
2025-08-29,4.4332,0.00574
2025-09-01,4.4457,0.00282
2025-09-02,4.4171,-0.006433
2025-09-03,4.3978,-0.004369
2025-09-04,4.3351,-0.014257
2025-09-05,4.4076,0.016724
2025-09-08,4.4175,0.002246
2025-09-09,4.4053,-0.002762
2025-09-10,4.4083,0.000681
2025-09-11,4.4726,0.014586
2025-09-12,4.4598,-0.002862
2025-09-15,4.4611,0.000291
2025-09-16,4.4581,-0.000672
2025-09-17,4.4752,0.003836
2025-09-18,4.4427,-0.007262
2025-09-19,4.4427,0.0
2025-09-22,4.4506,0.001778
2025-09-23,4.4352,-0.00346
2025-09-24,4.4654,0.006809
2025-09-25,4.488,0.005061
2025-09-26,4.4562,-0.007086
2025-09-29,4.5018,0.010233
2025-09-30,4.5152,0.002977
2025-10-09,4.5566,0.009169
2025-10-10,4.5005,-0.012312
2025-10-13,4.487,-0.003
2025-10-14,4.445,-0.00936
2025-10-15,4.486,0.009224
2025-10-16,4.4903,0.000959
2025-10-17,4.4217,-0.015277
2025-10-20,4.4358,0.003189
2025-10-21,4.4841,0.010889
2025-10-22,4.4723,-0.002632
2025-10-23,4.4775,0.001163
2025-10-24,4.5169,0.0088
2025-10-27,4.555,0.008435
2025-10-28,4.5353,-0.004325
2025-10-29,4.573,0.008313
2025-10-30,4.5464,-0.005817
2025-10-31,4.5044,-0.009238
2025-11-03,4.5116,0.001598
2025-11-04,4.4814,-0.006694
2025-11-05,4.4837,0.000513
2025-11-06,4.5297,0.010259
2025-11-07,4.5169,-0.002826
2025-11-10,4.5254,0.001882
2025-11-11,4.4982,-0.006011
2025-11-12,4.4965,-0.000378
2025-11-13,4.5307,0.007606
2025-11-14,4.4874,-0.009557
2025-11-17,4.47,-0.003878
2025-11-18,4.4476,-0.005011
2025-11-19,4.4578,0.002293
2025-11-20,4.4417,-0.003612
2025-11-21,4.3731,-0.015445
2025-11-24,4.3738,0.00016
2025-11-25,4.4027,0.006608
2025-11-26,4.4217,0.004316
2025-11-27,4.4204,-0.000294
2025-11-28,4.4299,0.002149
2025-12-01,4.4624,0.007337
2025-12-02,4.4453,-0.003832
2025-12-03,4.4352,-0.002272
2025-12-04,4.4421,0.001556
2025-12-05,4.4693,0.006123
2025-12-08,4.4874,0.00405
2025-12-09,4.4746,-0.002852
2025-12-10,4.4775,0.000648
2025-12-11,4.4578,-0.0044
2025-12-12,4.4801,0.005002
2025-12-15,4.4647,-0.003437
2025-12-16,4.4293,-0.007929
2025-12-17,4.4857,0.012733
2025-12-18,4.4716,-0.003143
2025-12-19,4.4877,0.003601
2025-12-22,4.5126,0.005548
2025-12-23,4.5198,0.001596
2025-12-24,4.53,0.002257
2025-12-25,4.5372,0.001589
2025-12-26,4.5448,0.001675
2025-12-29,4.5297,-0.003322
2025-12-30,4.5402,0.002318
2025-12-31,4.5287,-0.002533
2026-01-05,4.5829,0.011968
2026-01-06,4.6304,0.010365
2026-01-07,4.6314,0.000216
2026-01-08,4.6111,-0.004383
2026-01-09,4.6314,0.004402
2026-01-12,4.6554,0.005182
2026-01-13,4.6298,-0.005499
2026-01-14,4.6298,0.0
2026-01-15,4.6403,0.002268
2026-01-16,4.6432,0.000625
2026-01-19,4.6521,0.001917
2026-01-20,4.6347,-0.00374
2026-01-21,4.6498,0.003258
2026-01-22,4.6495,-6.5e-05
2026-01-23,4.657,0.001613
2026-01-26,4.6518,-0.001117
2026-01-27,4.6541,0.000494
2026-01-28,4.6688,0.003159
2026-01-29,4.6728,0.000857
2026-01-30,4.6416,-0.006677
2026-02-02,4.5559,-0.018463
2026-02-03,4.6058,0.010953
2026-02-04,4.6262,0.004429
2026-02-05,4.595,-0.006744
2026-02-06,4.5852,-0.002133
2026-02-09,4.637,0.011297
2026-02-10,4.6423,0.001143
2026-02-11,4.6406,-0.000366
2026-02-12,4.6524,0.002543
2026-02-13,4.6111,-0.008877
2026-02-24,4.6416,0.006614
2026-02-25,4.6734,0.006851
2026-02-26,4.6718,-0.000342
2026-02-27,4.6718,0.0
2026-03-02,4.6744,0.000557
2026-03-03,4.6055,-0.01474
2026-03-04,4.5799,-0.005559
2026-03-05,4.6098,0.006529
2026-03-06,4.6229,0.002842
2026-03-09,4.5901,-0.007095
2026-03-10,4.6298,0.008649
2026-03-11,4.6439,0.003045
2026-03-12,4.6308,-0.002821
2026-03-13,4.6144,-0.003542
2026-03-16,4.6141,-6.5e-05
2026-03-17,4.5829,-0.006762
2026-03-18,4.6026,0.004299
2026-03-19,4.5451,-0.012493
2026-03-20,4.5297,-0.003388
2026-03-23,4.4365,-0.020575
2026-03-24,4.4759,0.008881
2026-03-25,4.5225,0.010411
2026-03-26,4.4864,-0.007982
2026-03-27,4.5087,0.004971
2026-03-30,4.5041,-0.00102
2026-03-31,4.4723,-0.00706
2026-04-01,4.5205,0.010777
2026-04-02,4.4857,-0.007698
2026-04-03,4.4611,-0.005484
2026-04-07,4.4601,-0.000224
2026-04-08,4.5668,0.023923
2026-04-09,4.5488,-0.003941
2026-04-10,4.5885,0.008728
2026-04-13,4.5904,0.000414
2026-04-14,4.6315,0.008953
2026-04-15,4.619,-0.002699
2026-04-16,4.6594,0.008746
2026-04-17,4.6603,0.000193
2026-04-20,4.681,0.004442
2026-04-21,4.6843,0.000705
2026-04-22,4.7119,0.005892
2026-04-23,4.6886,-0.004945
2026-04-24,4.6817,-0.001472
2026-04-27,4.6912,0.002029
2026-04-28,4.6731,-0.003858
2026-04-29,4.7112,0.008153
2026-04-30,4.7151,0.000828
2026-05-06,4.7775,0.013234
2026-05-07,4.8008,0.004877
2026-05-08,4.7867,-0.002937
2026-05-11,4.8379,0.010696
2026-05-12,4.829,-0.00184
2026-05-13,4.8723,0.008967
2026-05-14,4.8061,-0.013587
2026-05-15,4.7696,-0.007595
2026-05-18,4.7683,-0.000273
2026-05-19,4.7837,0.00323
2026-05-20,4.7933,0.002007
2026-05-21,4.7391,-0.011307
2026-05-22,4.7896,0.010656
2026-05-25,4.8441,0.011379
2026-05-26,4.8569,0.002642
2026-05-27,4.8271,-0.006136
2026-05-28,4.8359,0.001823
2026-05-29,4.8011,-0.007196
2026-06-01,4.7585,-0.008873
2026-06-02,4.7995,0.008616
2026-06-03,4.8159,0.003417
2026-06-04,4.8061,-0.002035
2026-06-05,4.7496,-0.011756
2026-06-08,4.6741,-0.015896
2026-06-09,4.7368,0.013414
2026-06-10,4.6997,-0.007832
2026-06-11,4.6856,-0.003
2026-06-12,4.7158,0.006445
2026-06-15,4.8008,0.018025
2026-06-16,4.8087,0.001646
2026-06-17,4.8484,0.008256
2026-06-18,4.8599,0.002372
2026-06-22,4.9429,0.017079
2026-06-23,4.8576,-0.017257
2026-06-24,4.8917,0.00702
2026-06-25,4.9409,0.010058
2026-06-26,4.8481,-0.018782
2026-06-29,4.8861,0.007838
2026-06-30,4.9298,0.008944
2026-07-01,4.9088,-0.00426
2026-07-02,4.8038,-0.02139
2026-07-03,4.8211,0.003601
2026-07-06,4.8166,-0.000933
2026-07-07,4.7762,-0.008388
2026-07-08,4.7417,-0.007223
2026-07-09,4.8313,0.018896
2026-07-10,4.7709,-0.012502
2026-07-13,4.6909,-0.016768
2026-07-14,4.7549,0.013643
2026-07-15,4.7381,-0.003533
2026-07-16,4.6767,-0.012959
2026-07-17,4.552,-0.026664
2026-07-20,4.5744,0.004921
2026-07-21,4.679,0.022866
2026-07-22,4.6626,-0.003505
2026-07-23,4.6731,0.002252
2026-07-24,4.6187,-0.011641
2026-07-27,4.6774,0.012709
2026-07-28,4.5855,-0.019648
2026-07-29,4.6101,0.005365
2026-07-30,4.5645,-0.009891
2026-07-31,4.6023,0.008281
2026-08-03,4.5776,-0.005367
2026-08-04,4.6295,0.011338
2026-08-05,4.6804,0.010995
2026-08-06,4.6761,-0.000919
2026-08-07,4.7171,0.008768
2026-08-10,4.7224,0.001124
2026-08-11,4.6964,-0.005506
2026-08-12,4.7237,0.005813
2026-08-13,4.7023,-0.00453
2026-08-14,4.7099,0.001616
2026-08-17,4.7706,0.012888
2026-08-18,4.7617,-0.001866
2026-08-19,4.658,-0.021778
2026-08-20,4.6643,0.001353
2026-08-21,4.681,0.00358
2026-08-24,4.639,-0.008972
2026-08-25,4.6344,-0.000992
2026-08-26,4.6577,0.005028
2026-08-27,4.7007,0.009232
2026-08-28,4.6836,-0.003638
2026-08-31,4.6991,0.003309
2026-09-01,4.6774,-0.004618
2026-09-02,4.6351,-0.009043
2026-09-03,4.6393,0.000906
2026-09-04,4.621,-0.003945
2026-09-07,4.6515,0.0066
2026-09-08,4.6443,-0.001548
2026-09-09,4.6515,0.00155
2026-09-10,4.6406,-0.002343
2026-09-11,4.6118,-0.006206
2026-09-14,4.5934,-0.00399
2026-09-15,4.5812,-0.002656
2026-09-16,4.6141,0.007182
2026-09-17,4.6006,-0.002926
2026-09-18,4.6403,0.008629
2026-09-21,4.6607,0.004396
2026-09-22,4.6594,-0.000279
2026-09-23,4.6456,-0.002962
2026-09-24,4.5895,-0.012076
2026-09-28,4.5133,-0.016603
2026-09-29,4.5255,0.002703
2026-09-30,4.5241,-0.000309
