净值日期,累计净值,daily_return
2007-12-08,1.897,
2007-12-10,1.899,0.001054
2007-12-11,1.9,0.000527
2007-12-12,1.885,-0.007895
2007-12-13,1.858,-0.014324
2007-12-14,1.872,0.007535
2007-12-17,1.854,-0.009615
2007-12-18,1.853,-0.000539
2007-12-19,1.868,0.008095
2007-12-20,1.883,0.00803
2007-12-21,1.889,0.003186
2007-12-24,1.908,0.010058
2007-12-25,1.906,-0.001048
2007-12-26,1.911,0.002623
2007-12-27,1.932,0.010989
2007-12-28,1.926,-0.003106
2007-12-29,1.926,0.0
2007-12-31,1.926,0.0
2008-01-02,1.932,0.003115
2008-01-03,1.929,-0.001553
2008-01-04,1.939,0.005184
2008-01-07,1.95,0.005673
2008-01-08,1.947,-0.001538
2008-01-09,1.96,0.006677
2008-01-10,1.97,0.005102
2008-01-11,1.984,0.007107
2008-01-14,1.993,0.004536
2008-01-15,1.983,-0.005018
2008-01-16,1.948,-0.01765
2008-01-17,1.935,-0.006674
2008-01-18,1.94,0.002584
2008-01-21,1.909,-0.015979
2008-01-22,1.858,-0.026716
2008-01-23,1.905,0.025296
2008-01-24,1.92,0.007874
2008-01-25,1.924,0.002083
2008-01-28,1.888,-0.018711
2008-01-29,1.888,0.0
2008-01-30,1.884,-0.002119
2008-01-31,1.869,-0.007962
2008-02-01,1.866,-0.001605
2008-02-04,1.925,0.031618
2008-02-05,1.915,-0.005195
2008-02-13,1.901,-0.007311
2008-02-14,1.909,0.004208
2008-02-15,1.897,-0.006286
2008-02-18,1.917,0.010543
2008-02-19,1.932,0.007825
2008-02-20,1.912,-0.010352
2008-02-21,1.906,-0.003138
2008-02-22,1.878,-0.01469
2008-02-25,1.844,-0.018104
2008-02-26,1.829,-0.008134
2008-02-27,1.85,0.011482
2008-02-28,1.853,0.001622
2008-02-29,1.863,0.005397
2008-03-03,1.889,0.013956
2008-03-04,1.871,-0.009529
2008-03-05,1.861,-0.005345
2008-03-06,1.868,0.003761
2008-03-07,1.851,-0.009101
2008-03-10,1.814,-0.019989
2008-03-11,1.806,-0.00441
2008-03-12,1.777,-0.016058
2008-03-13,1.76,-0.009567
2008-03-14,1.748,-0.006818
2008-03-17,1.708,-0.022883
2008-03-18,1.68,-0.016393
2008-03-19,1.703,0.01369
2008-03-20,1.726,0.013506
2008-03-21,1.735,0.005214
2008-03-24,1.704,-0.017867
2008-03-25,1.716,0.007042
2008-03-26,1.719,0.001748
2008-03-27,1.706,-0.007563
2008-03-28,1.735,0.016999
2008-03-31,1.724,-0.00634
2008-04-01,1.689,-0.020302
2008-04-02,1.684,-0.00296
2008-04-03,1.701,0.010095
2008-04-07,1.731,0.017637
2008-04-08,1.74,0.005199
2008-04-09,1.708,-0.018391
2008-04-10,1.709,0.000585
2008-04-11,1.716,0.004096
2008-04-14,1.68,-0.020979
2008-04-15,1.678,-0.00119
2008-04-16,1.665,-0.007747
2008-04-17,1.646,-0.011411
2008-04-18,1.636,-0.006075
2008-04-21,1.636,0.0
2008-04-22,1.64,0.002445
2008-04-23,1.677,0.022561
2008-04-24,1.731,0.0322
2008-04-25,1.726,-0.002889
2008-04-28,1.711,-0.008691
2008-04-29,1.717,0.003507
2008-04-30,1.747,0.017472
2008-05-05,1.759,0.006869
2008-05-06,1.755,-0.002274
2008-05-07,1.731,-0.013675
2008-05-08,1.748,0.009821
2008-05-09,1.747,-0.000572
2008-05-12,1.755,0.004579
2008-05-13,1.756,0.00057
2008-05-14,1.766,0.005695
2008-05-15,1.758,-0.00453
2008-05-16,1.758,0.0
2008-05-19,1.756,-0.001138
2008-05-20,1.728,-0.015945
2008-05-21,1.737,0.005208
2008-05-22,1.714,-0.013241
2008-05-23,1.703,-0.006418
2008-05-26,1.69,-0.007634
2008-05-27,1.685,-0.002959
2008-05-28,1.7,0.008902
2008-05-29,1.685,-0.008824
2008-05-30,1.686,0.000593
2008-06-02,1.688,0.001186
2008-06-03,1.684,-0.00237
2008-06-04,1.673,-0.006532
2008-06-05,1.66,-0.00777
2008-06-06,1.66,0.0
2008-06-10,1.612,-0.028916
2008-06-11,1.605,-0.004342
2008-06-12,1.59,-0.009346
2008-06-13,1.578,-0.007547
2008-06-16,1.576,-0.001267
2008-06-17,1.561,-0.009518
2008-06-18,1.584,0.014734
2008-06-19,1.549,-0.022096
2008-06-20,1.557,0.005165
2008-06-23,1.542,-0.009634
2008-06-24,1.555,0.008431
2008-06-25,1.577,0.014148
2008-06-26,1.58,0.001902
2008-06-27,1.557,-0.014557
2008-06-30,1.551,-0.003854
2008-07-01,1.537,-0.009026
2008-07-02,1.537,0.0
2008-07-03,1.548,0.007157
2008-07-04,1.544,-0.002584
2008-07-07,1.57,0.016839
2008-07-08,1.573,0.001911
2008-07-09,1.591,0.011443
2008-07-10,1.594,0.001886
2008-07-11,1.591,-0.001882
2008-07-14,1.588,-0.001886
2008-07-15,1.568,-0.012594
2008-07-16,1.564,-0.002551
2008-07-17,1.564,0.0
2008-07-18,1.575,0.007033
2008-07-21,1.587,0.007619
2008-07-22,1.586,-0.00063
2008-07-23,1.582,-0.002522
2008-07-24,1.595,0.008217
2008-07-25,1.589,-0.003762
2008-07-28,1.591,0.001259
2008-07-29,1.585,-0.003771
2008-07-30,1.58,-0.003155
2008-07-31,1.568,-0.007595
2008-08-01,1.568,0.0
2008-08-04,1.558,-0.006378
2008-08-05,1.541,-0.010911
2008-08-06,1.541,0.0
2008-08-07,1.538,-0.001947
2008-08-08,1.523,-0.009753
2008-08-11,1.506,-0.011162
2008-08-12,1.509,0.001992
2008-08-13,1.513,0.002651
2008-08-14,1.516,0.001983
2008-08-15,1.517,0.00066
2008-08-18,1.497,-0.013184
2008-08-19,1.499,0.001336
2008-08-20,1.528,0.019346
2008-08-21,1.509,-0.012435
2008-08-22,1.5,-0.005964
2008-08-25,1.499,-0.000667
2008-08-26,1.489,-0.006671
2008-08-27,1.484,-0.003358
2008-08-28,1.488,0.002695
2008-08-29,1.496,0.005376
2008-09-01,1.482,-0.009358
2008-09-02,1.473,-0.006073
2008-09-03,1.46,-0.008826
2008-09-04,1.461,0.000685
2008-09-05,1.453,-0.005476
2008-09-08,1.445,-0.005506
2008-09-09,1.448,0.002076
2008-09-10,1.447,-0.000691
2008-09-11,1.434,-0.008984
2008-09-12,1.434,0.0
2008-09-16,1.422,-0.008368
2008-09-17,1.411,-0.007736
2008-09-18,1.403,-0.00567
2008-09-19,1.436,0.023521
2008-09-22,1.454,0.012535
2008-09-23,1.44,-0.009629
2008-09-24,1.44,0.0
2008-09-25,1.456,0.011111
2008-09-26,1.462,0.004121
2008-09-30,1.462,0.0
2008-10-06,1.44,-0.015048
2008-10-07,1.433,-0.004861
2008-10-08,1.42,-0.009072
2008-10-09,1.414,-0.004225
2008-10-10,1.397,-0.012023
2008-10-13,1.404,0.005011
2008-10-14,1.397,-0.004986
2008-10-15,1.39,-0.005011
2008-10-16,1.377,-0.009353
2008-10-17,1.374,-0.002179
2008-10-20,1.383,0.00655
2008-10-21,1.384,0.000723
2008-10-22,1.383,-0.000723
2008-10-23,1.387,0.002892
2008-10-24,1.379,-0.005768
2008-10-27,1.357,-0.015954
2008-10-28,1.365,0.005895
2008-10-29,1.362,-0.002198
2008-10-30,1.369,0.00514
2008-10-31,1.368,-0.00073
2008-11-03,1.368,0.0
2008-11-04,1.363,-0.003655
2008-11-05,1.375,0.008804
2008-11-06,1.366,-0.006545
2008-11-07,1.365,-0.000732
2008-11-10,1.387,0.016117
2008-11-11,1.385,-0.001442
2008-11-12,1.384,-0.000722
2008-11-13,1.397,0.009393
2008-11-14,1.413,0.011453
2008-11-17,1.421,0.005662
2008-11-18,1.398,-0.016186
2008-11-19,1.417,0.013591
2008-11-20,1.414,-0.002117
2008-11-21,1.411,-0.002122
2008-11-24,1.401,-0.007087
2008-11-25,1.4,-0.000714
2008-11-26,1.401,0.000714
2008-11-27,1.409,0.00571
2008-11-28,1.406,-0.002129
2008-12-01,1.413,0.004979
2008-12-02,1.418,0.003539
2008-12-03,1.432,0.009873
2008-12-04,1.435,0.002095
2008-12-05,1.442,0.004878
2008-12-08,1.454,0.008322
2008-12-09,1.449,-0.003439
2008-12-10,1.453,0.002761
2008-12-11,1.447,-0.004129
2008-12-12,1.434,-0.008984
2008-12-15,1.437,0.002092
2008-12-16,1.441,0.002784
2008-12-17,1.445,0.002776
2008-12-18,1.453,0.005536
2008-12-19,1.461,0.005506
2008-12-22,1.457,-0.002738
2008-12-23,1.439,-0.012354
2008-12-24,1.434,-0.003475
2008-12-25,1.432,-0.001395
2008-12-26,1.432,0.0
2008-12-29,1.432,0.0
2008-12-30,1.433,0.000698
2008-12-31,1.434,0.000698
2009-01-05,1.439,0.003487
2009-01-06,1.444,0.003475
2009-01-07,1.442,-0.001385
2009-01-08,1.436,-0.004161
2009-01-09,1.441,0.003482
2009-01-12,1.441,0.0
2009-01-13,1.43,-0.007634
2009-01-14,1.439,0.006294
2009-01-15,1.436,-0.002085
2009-01-16,1.44,0.002786
2009-01-19,1.442,0.001389
2009-01-20,1.442,0.0
2009-01-21,1.436,-0.004161
2009-01-22,1.44,0.002786
2009-01-23,1.438,-0.001389
2009-02-02,1.442,0.002782
2009-02-03,1.453,0.007628
2009-02-04,1.46,0.004818
2009-02-05,1.453,-0.004795
2009-02-06,1.467,0.009635
2009-02-09,1.486,0.012952
2009-02-10,1.487,0.000673
2009-02-11,1.491,0.00269
2009-02-12,1.494,0.002012
2009-02-13,1.507,0.008701
2009-02-16,1.515,0.005309
2009-02-17,1.502,-0.008581
2009-02-18,1.488,-0.009321
2009-02-19,1.495,0.004704
2009-02-20,1.501,0.004013
2009-02-23,1.51,0.005996
2009-02-24,1.49,-0.013245
2009-02-25,1.485,-0.003356
2009-02-26,1.459,-0.017508
2009-02-27,1.453,-0.004112
2009-03-02,1.459,0.004129
2009-03-03,1.458,-0.000685
2009-03-04,1.485,0.018519
2009-03-05,1.481,-0.002694
2009-03-06,1.476,-0.003376
2009-03-09,1.466,-0.006775
2009-03-10,1.473,0.004775
2009-03-11,1.469,-0.002716
2009-03-12,1.463,-0.004084
2009-03-13,1.459,-0.002734
2009-03-16,1.467,0.005483
2009-03-17,1.481,0.009543
2009-03-18,1.483,0.00135
2009-03-19,1.49,0.00472
2009-03-20,1.487,-0.002013
2009-03-23,1.496,0.006052
2009-03-24,1.5,0.002674
2009-03-25,1.491,-0.006
2009-03-26,1.495,0.002683
2009-03-27,1.496,0.000669
2009-03-30,1.494,-0.001337
2009-03-31,1.501,0.004685
2009-04-01,1.506,0.003331
2009-04-02,1.512,0.003984
2009-04-03,1.51,-0.001323
2009-04-07,1.51,0.0
2009-04-08,1.497,-0.008609
2009-04-09,1.505,0.005344
2009-04-10,1.524,0.012625
2009-04-13,1.532,0.005249
2009-04-14,1.543,0.00718
2009-04-15,1.546,0.001944
2009-04-16,1.543,-0.00194
2009-04-17,1.544,0.000648
2009-04-20,1.553,0.005829
2009-04-21,1.547,-0.003863
2009-04-22,1.524,-0.014867
2009-04-23,1.529,0.003281
2009-04-24,1.535,0.003924
2009-04-27,1.523,-0.007818
2009-04-28,1.518,-0.003283
2009-04-29,1.53,0.007905
2009-04-30,1.538,0.005229
2009-05-04,1.554,0.010403
2009-05-05,1.556,0.001287
2009-05-06,1.57,0.008997
2009-05-07,1.564,-0.003822
2009-05-08,1.561,-0.001918
2009-05-11,1.541,-0.012812
2009-05-12,1.555,0.009085
2009-05-13,1.559,0.002572
2009-05-14,1.558,-0.000641
2009-05-15,1.562,0.002567
2009-05-18,1.565,0.001921
2009-05-19,1.568,0.001917
2009-05-20,1.569,0.000638
2009-05-21,1.556,-0.008286
2009-05-22,1.553,-0.001928
2009-05-25,1.557,0.002576
2009-05-26,1.556,-0.000642
2009-05-27,1.558,0.001285
2009-06-01,1.573,0.009628
2009-06-02,1.573,0.0
2009-06-03,1.576,0.001907
2009-06-04,1.569,-0.004442
2009-06-05,1.566,-0.001912
2009-06-08,1.563,-0.001916
2009-06-09,1.571,0.005118
2009-06-10,1.574,0.00191
2009-06-11,1.569,-0.003177
2009-06-12,1.556,-0.008286
2009-06-15,1.567,0.007069
2009-06-16,1.564,-0.001914
2009-06-17,1.574,0.006394
2009-06-18,1.582,0.005083
2009-06-19,1.584,0.001264
2009-06-22,1.581,-0.001894
2009-06-23,1.582,0.000633
2009-06-24,1.594,0.007585
2009-06-25,1.6,0.003764
2009-06-26,1.603,0.001875
2009-06-29,1.613,0.006238
2009-06-30,1.606,-0.00434
2009-07-01,1.619,0.008095
2009-07-02,1.625,0.003706
2009-07-03,1.628,0.001846
2009-07-06,1.636,0.004914
2009-07-07,1.629,-0.004279
2009-07-08,1.636,0.004297
2009-07-09,1.649,0.007946
2009-07-10,1.653,0.002426
2009-07-13,1.643,-0.00605
2009-07-14,1.669,0.015825
2009-07-15,1.674,0.002996
2009-07-16,1.676,0.001195
2009-07-17,1.679,0.00179
2009-07-20,1.694,0.008934
2009-07-21,1.684,-0.005903
2009-07-22,1.698,0.008314
2009-07-23,1.705,0.004122
2009-07-24,1.708,0.00176
2009-07-27,1.716,0.004684
2009-07-28,1.711,-0.002914
2009-07-29,1.674,-0.021625
2009-07-30,1.686,0.007168
2009-07-31,1.703,0.010083
2009-08-03,1.707,0.002349
2009-08-04,1.712,0.002929
2009-08-05,1.698,-0.008178
2009-08-06,1.684,-0.008245
2009-08-07,1.665,-0.011283
2009-08-10,1.661,-0.002402
2009-08-11,1.665,0.002408
2009-08-12,1.635,-0.018018
2009-08-13,1.645,0.006116
2009-08-14,1.626,-0.01155
2009-08-17,1.585,-0.025215
2009-08-18,1.593,0.005047
2009-08-19,1.568,-0.015694
2009-08-20,1.596,0.017857
2009-08-21,1.611,0.009398
2009-08-24,1.616,0.003104
2009-08-25,1.598,-0.011139
2009-08-26,1.61,0.007509
2009-08-27,1.604,-0.003727
2009-08-28,1.584,-0.012469
2009-08-31,1.542,-0.026515
2009-09-01,1.547,0.003243
2009-09-02,1.558,0.007111
2009-09-03,1.586,0.017972
2009-09-04,1.591,0.003153
2009-09-07,1.598,0.0044
2009-09-08,1.61,0.007509
2009-09-09,1.613,0.001863
2009-09-10,1.608,-0.0031
2009-09-11,1.62,0.007463
2009-09-14,1.633,0.008025
2009-09-15,1.632,-0.000612
2009-09-16,1.624,-0.004902
2009-09-17,1.634,0.006158
2009-09-18,1.615,-0.011628
2009-09-21,1.623,0.004954
2009-09-22,1.619,-0.002465
2009-09-23,1.608,-0.006794
2009-09-24,1.605,-0.001866
2009-09-25,1.604,-0.000623
2009-09-28,1.591,-0.008105
2009-09-29,1.59,-0.000629
2009-09-30,1.597,0.004403
2009-10-09,1.623,0.016281
2009-10-12,1.624,0.000616
2009-10-13,1.63,0.003695
2009-10-14,1.632,0.001227
2009-10-15,1.635,0.001838
2009-10-16,1.635,0.0
2009-10-19,1.649,0.008563
2009-10-20,1.658,0.005458
2009-10-21,1.65,-0.004825
2009-10-22,1.647,-0.001818
2009-10-23,1.656,0.005464
2009-10-26,1.658,0.001208
2009-10-27,1.651,-0.004222
2009-10-28,1.656,0.003028
2009-10-29,1.646,-0.006039
2009-10-30,1.655,0.005468
2009-11-02,1.673,0.010876
2009-11-03,1.68,0.004184
2009-11-04,1.679,-0.000595
2009-11-05,1.68,0.000596
2009-11-06,1.681,0.000595
2009-11-09,1.682,0.000595
2009-11-10,1.687,0.002973
2009-11-11,1.687,0.0
2009-11-12,1.692,0.002964
2009-11-13,1.698,0.003546
2009-11-16,1.718,0.011779
2009-11-17,1.718,0.0
2009-11-18,1.715,-0.001746
2009-11-19,1.715,0.0
2009-11-20,1.714,-0.000583
2009-11-23,1.726,0.007001
2009-11-24,1.703,-0.013326
2009-11-25,1.722,0.011157
2009-11-26,1.689,-0.019164
2009-11-27,1.676,-0.007697
2009-11-30,1.707,0.018496
2009-12-01,1.718,0.006444
2009-12-02,1.725,0.004075
2009-12-03,1.722,-0.001739
2009-12-04,1.719,-0.001742
2009-12-07,1.724,0.002909
2009-12-08,1.717,-0.00406
2009-12-09,1.708,-0.005242
2009-12-10,1.712,0.002342
2009-12-11,1.712,0.0
2009-12-14,1.714,0.001168
2009-12-15,1.718,0.002334
2009-12-16,1.714,-0.002328
2009-12-17,1.697,-0.009918
2009-12-18,1.677,-0.011786
2009-12-21,1.678,0.000596
2009-12-22,1.661,-0.010131
2009-12-23,1.672,0.006623
2009-12-24,1.701,0.017344
2009-12-25,1.704,0.001764
2009-12-28,1.712,0.004695
2009-12-29,1.715,0.001752
2009-12-30,1.716,0.000583
2009-12-31,1.718,0.001166
2010-01-04,1.713,-0.00291
2010-01-05,1.713,0.0
2010-01-06,1.711,-0.001168
2010-01-07,1.694,-0.009936
2010-01-08,1.695,0.00059
2010-01-11,1.691,-0.00236
2010-01-12,1.705,0.008279
2010-01-13,1.694,-0.006452
2010-01-14,1.712,0.010626
2010-01-15,1.713,0.000584
2010-01-18,1.719,0.003503
2010-01-19,1.715,-0.002327
2010-01-20,1.687,-0.016327
2010-01-21,1.685,-0.001186
2010-01-22,1.67,-0.008902
2010-01-25,1.665,-0.002994
2010-01-26,1.646,-0.011411
2010-01-27,1.642,-0.00243
2010-01-28,1.653,0.006699
2010-01-29,1.655,0.00121
2010-02-01,1.651,-0.002417
2010-02-02,1.646,-0.003028
2010-02-03,1.657,0.006683
2010-02-04,1.653,-0.002414
2010-02-05,1.64,-0.007864
2010-02-08,1.641,0.00061
2010-02-09,1.639,-0.001219
2010-02-10,1.65,0.006711
2010-02-11,1.651,0.000606
2010-02-12,1.659,0.004846
2010-02-22,1.655,-0.002411
2010-02-23,1.657,0.001208
2010-02-24,1.674,0.01026
2010-02-25,1.685,0.006571
2010-02-26,1.684,-0.000593
2010-03-01,1.687,0.001781
2010-03-02,1.683,-0.002371
2010-03-03,1.688,0.002971
2010-03-04,1.669,-0.011256
2010-03-05,1.672,0.001797
2010-03-08,1.679,0.004187
2010-03-09,1.678,-0.000596
2010-03-10,1.669,-0.005364
2010-03-11,1.667,-0.001198
2010-03-12,1.66,-0.004199
2010-03-15,1.65,-0.006024
2010-03-16,1.652,0.001212
2010-03-17,1.669,0.010291
2010-03-18,1.667,-0.001198
2010-03-19,1.671,0.0024
2010-03-22,1.675,0.002394
2010-03-23,1.674,-0.000597
2010-03-24,1.68,0.003584
2010-03-25,1.674,-0.003571
2010-03-26,1.679,0.002987
2010-03-29,1.69,0.006552
2010-03-30,1.691,0.000592
2010-03-31,1.693,0.001183
2010-04-01,1.702,0.005316
2010-04-02,1.704,0.001175
2010-04-06,1.702,-0.001174
2010-04-07,1.706,0.00235
2010-04-08,1.708,0.001172
2010-04-09,1.721,0.007611
2010-04-12,1.729,0.004648
2010-04-13,1.723,-0.00347
2010-04-14,1.726,0.001741
2010-04-15,1.715,-0.006373
2010-04-16,1.716,0.000583
2010-04-19,1.698,-0.01049
2010-04-20,1.709,0.006478
2010-04-21,1.729,0.011703
2010-04-22,1.732,0.001735
2010-04-23,1.729,-0.001732
2010-04-26,1.732,0.001735
2010-04-27,1.72,-0.006928
2010-04-28,1.719,-0.000581
2010-04-29,1.697,-0.012798
2010-04-30,1.684,-0.007661
2010-05-04,1.687,0.001781
2010-05-05,1.7,0.007706
2010-05-06,1.681,-0.011176
2010-05-07,1.664,-0.010113
2010-05-10,1.654,-0.00601
2010-05-11,1.643,-0.006651
2010-05-12,1.641,-0.001217
2010-05-13,1.663,0.013406
2010-05-14,1.67,0.004209
2010-05-17,1.644,-0.015569
2010-05-18,1.651,0.004258
2010-05-19,1.659,0.004846
2010-05-20,1.656,-0.001808
2010-05-21,1.67,0.008454
2010-05-24,1.691,0.012575
2010-05-25,1.68,-0.006505
2010-05-26,1.676,-0.002381
2010-05-27,1.687,0.006563
2010-05-28,1.69,0.001778
2010-05-31,1.683,-0.004142
2010-06-01,1.672,-0.006536
2010-06-02,1.678,0.003589
2010-06-03,1.678,0.0
2010-06-04,1.681,0.001788
2010-06-07,1.683,0.00119
2010-06-08,1.685,0.001188
2010-06-09,1.698,0.007715
2010-06-10,1.7,0.001178
2010-06-11,1.698,-0.001176
2010-06-17,1.679,-0.01119
2010-06-18,1.656,-0.013699
2010-06-21,1.672,0.009662
2010-06-22,1.674,0.001196
2010-06-23,1.676,0.001195
2010-06-24,1.676,0.0
2010-06-25,1.666,-0.005967
2010-06-28,1.658,-0.004802
2010-06-29,1.633,-0.015078
2010-06-30,1.637,0.002449
2010-07-01,1.625,-0.00733
2010-07-02,1.615,-0.006154
2010-07-05,1.617,0.001238
2010-07-06,1.634,0.010513
2010-07-07,1.645,0.006732
2010-07-08,1.644,-0.000608
2010-07-09,1.66,0.009732
2010-07-12,1.664,0.00241
2010-07-13,1.657,-0.004207
2010-07-14,1.657,0.0
2010-07-15,1.652,-0.003018
2010-07-16,1.653,0.000605
2010-07-19,1.666,0.007864
2010-07-20,1.681,0.009004
2010-07-21,1.681,0.0
2010-07-22,1.688,0.004164
2010-07-23,1.692,0.00237
2010-07-26,1.699,0.004137
2010-07-27,1.7,0.000589
2010-07-28,1.713,0.007647
2010-07-29,1.711,-0.001168
2010-07-30,1.71,-0.000584
2010-08-02,1.723,0.007602
2010-08-03,1.715,-0.004643
2010-08-04,1.719,0.002332
2010-08-05,1.725,0.00349
2010-08-06,1.736,0.006377
2010-08-09,1.739,0.001728
2010-08-10,1.72,-0.010926
2010-08-11,1.726,0.003488
2010-08-12,1.722,-0.002317
2010-08-13,1.731,0.005226
2010-08-16,1.75,0.010976
2010-08-17,1.758,0.004571
2010-08-18,1.759,0.000569
2010-08-19,1.759,0.0
2010-08-20,1.742,-0.009665
2010-08-23,1.747,0.00287
2010-08-24,1.752,0.002862
2010-08-25,1.742,-0.005708
2010-08-26,1.747,0.00287
2010-08-27,1.755,0.004579
2010-08-30,1.774,0.010826
2010-08-31,1.778,0.002255
2010-09-01,1.77,-0.004499
2010-09-02,1.781,0.006215
2010-09-03,1.786,0.002807
2010-09-06,1.784,-0.00112
2010-09-07,1.785,0.000561
2010-09-08,1.791,0.003361
2010-09-09,1.783,-0.004467
2010-09-10,1.799,0.008974
2010-09-13,1.815,0.008894
2010-09-14,1.816,0.000551
2010-09-15,1.805,-0.006057
2010-09-16,1.794,-0.006094
2010-09-17,1.805,0.006132
2010-09-20,1.804,-0.000554
2010-09-21,1.805,0.000554
2010-09-27,1.823,0.009972
2010-09-28,1.825,0.001097
2010-09-29,1.814,-0.006027
2010-09-30,1.823,0.004961
2010-10-08,1.841,0.009874
2010-10-11,1.826,-0.008148
2010-10-12,1.821,-0.002738
2010-10-13,1.821,0.0
2010-10-14,1.799,-0.012081
2010-10-15,1.795,-0.002223
2010-10-18,1.8,0.002786
2010-10-19,1.829,0.016111
2010-10-20,1.845,0.008748
2010-10-21,1.845,0.0
2010-10-22,1.858,0.007046
2010-10-25,1.88,0.011841
2010-10-26,1.874,-0.003191
2010-10-27,1.863,-0.00587
2010-10-28,1.862,-0.000537
2010-10-29,1.877,0.008056
2010-11-01,1.903,0.013852
2010-11-02,1.897,-0.003153
2010-11-03,1.887,-0.005271
2010-11-04,1.906,0.010069
2010-11-05,1.911,0.002623
2010-11-08,1.92,0.00471
2010-11-09,1.927,0.003646
2010-11-10,1.94,0.006746
2010-11-11,1.934,-0.003093
2010-11-12,1.89,-0.022751
2010-11-15,1.924,0.017989
2010-11-16,1.893,-0.016112
2010-11-17,1.856,-0.019546
2010-11-18,1.873,0.009159
2010-11-19,1.902,0.015483
2010-11-22,1.911,0.004732
2010-11-23,1.904,-0.003663
2010-11-24,1.929,0.01313
2010-11-25,1.931,0.001037
2010-11-26,1.929,-0.001036
2010-11-29,1.944,0.007776
2010-11-30,1.925,-0.009774
2010-12-01,1.918,-0.003636
2010-12-02,1.912,-0.003128
2010-12-03,1.909,-0.001569
2010-12-06,1.899,-0.005238
2010-12-07,1.919,0.010532
2010-12-08,1.922,0.001563
2010-12-09,1.91,-0.006243
2010-12-10,1.923,0.006806
2010-12-13,1.944,0.01092
2010-12-14,1.947,0.001543
2010-12-15,1.943,-0.002054
2010-12-16,1.946,0.001544
2010-12-17,1.942,-0.002055
2010-12-20,1.926,-0.008239
2010-12-21,1.925,-0.000519
2010-12-22,1.917,-0.004156
2010-12-23,1.906,-0.005738
2010-12-24,1.898,-0.004197
2010-12-27,1.875,-0.012118
2010-12-28,1.863,-0.0064
2010-12-29,1.882,0.010199
2010-12-30,1.892,0.005313
2010-12-31,1.91,0.009514
2011-01-04,1.917,0.003665
2011-01-05,1.908,-0.004695
2011-01-06,1.9,-0.004193
2011-01-07,1.895,-0.002632
2011-01-10,1.868,-0.014248
2011-01-11,1.859,-0.004818
2011-01-12,1.855,-0.002152
2011-01-13,1.867,0.006469
2011-01-14,1.854,-0.006963
2011-01-17,1.824,-0.016181
2011-01-18,1.833,0.004934
2011-01-19,1.85,0.009274
2011-01-20,1.823,-0.014595
2011-01-21,1.819,-0.002194
2011-01-24,1.79,-0.015943
2011-01-25,1.787,-0.001676
2011-01-26,1.8,0.007275
2011-01-27,1.817,0.009444
2011-01-28,1.827,0.005504
2011-01-31,1.834,0.003831
2011-02-01,1.835,0.000545
2011-02-09,1.825,-0.00545
2011-02-10,1.852,0.014795
2011-02-11,1.861,0.00486
2011-02-14,1.877,0.008598
2011-02-15,1.878,0.000533
2011-02-16,1.886,0.00426
2011-02-17,1.883,-0.001591
2011-02-18,1.875,-0.004249
2011-02-21,1.883,0.004267
2011-02-22,1.864,-0.01009
2011-02-23,1.87,0.003219
2011-02-24,1.87,0.0
2011-02-25,1.871,0.000535
2011-02-28,1.884,0.006948
2011-03-01,1.886,0.001062
2011-03-02,1.884,-0.00106
2011-03-03,1.868,-0.008493
2011-03-04,1.875,0.003747
2011-03-07,1.885,0.005333
2011-03-08,1.884,-0.000531
2011-03-09,1.887,0.001592
2011-03-10,1.886,-0.00053
2011-03-11,1.883,-0.001591
2011-03-14,1.894,0.005842
2011-03-15,1.876,-0.009504
2011-03-16,1.882,0.003198
2011-03-17,1.869,-0.006908
2011-03-18,1.873,0.00214
2011-03-21,1.865,-0.004271
2011-03-22,1.863,-0.001072
2011-03-23,1.876,0.006978
2011-03-24,1.875,-0.000533
2011-03-25,1.883,0.004267
2011-03-28,1.87,-0.006904
2011-03-29,1.85,-0.010695
2011-03-30,1.85,0.0
2011-03-31,1.85,0.0
2011-04-01,1.853,0.001622
2011-04-06,1.845,-0.004317
2011-04-07,1.852,0.003794
2011-04-08,1.866,0.007559
2011-04-11,1.858,-0.004287
2011-04-12,1.856,-0.001076
2011-04-13,1.869,0.007004
2011-04-14,1.862,-0.003745
2011-04-15,1.855,-0.003759
2011-04-18,1.851,-0.002156
2011-04-19,1.849,-0.00108
2011-04-20,1.857,0.004327
2011-04-21,1.862,0.002693
2011-04-22,1.865,0.001611
2011-04-25,1.858,-0.003753
2011-04-26,1.849,-0.004844
2011-04-27,1.846,-0.001622
2011-04-28,1.829,-0.009209
2011-04-29,1.839,0.005467
2011-05-03,1.849,0.005438
2011-05-04,1.833,-0.008653
2011-05-05,1.835,0.001091
2011-05-06,1.838,0.001635
2011-05-09,1.845,0.003808
2011-05-10,1.845,0.0
2011-05-11,1.847,0.001084
2011-05-12,1.842,-0.002707
2011-05-13,1.841,-0.000543
2011-05-16,1.833,-0.004345
2011-05-17,1.835,0.001091
2011-05-18,1.842,0.003815
2011-05-19,1.839,-0.001629
2011-05-20,1.839,0.0
2011-05-23,1.816,-0.012507
2011-05-24,1.812,-0.002203
2011-05-25,1.803,-0.004967
2011-05-26,1.795,-0.004437
2011-05-27,1.787,-0.004457
2011-05-30,1.79,0.001679
2011-05-31,1.804,0.007821
2011-06-01,1.812,0.004435
2011-06-02,1.805,-0.003863
2011-06-03,1.823,0.009972
2011-06-07,1.824,0.000549
2011-06-08,1.826,0.001096
2011-06-09,1.809,-0.00931
2011-06-10,1.809,0.0
2011-06-13,1.807,-0.001106
2011-06-14,1.824,0.009408
2011-06-15,1.816,-0.004386
2011-06-16,1.805,-0.006057
2011-06-17,1.801,-0.002216
2011-06-20,1.793,-0.004442
2011-06-21,1.808,0.008366
2011-06-22,1.811,0.001659
2011-06-23,1.83,0.010491
2011-06-24,1.844,0.00765
2011-06-27,1.849,0.002711
2011-06-28,1.855,0.003245
2011-06-29,1.848,-0.003774
2011-06-30,1.859,0.005952
2011-07-01,1.865,0.003228
2011-07-04,1.879,0.007507
2011-07-05,1.876,-0.001597
2011-07-06,1.877,0.000533
2011-07-07,1.877,0.0
2011-07-08,1.879,0.001066
2011-07-11,1.893,0.007451
2011-07-12,1.885,-0.004226
2011-07-13,1.899,0.007427
2011-07-14,1.897,-0.001053
2011-07-15,1.9,0.001581
2011-07-18,1.902,0.001053
2011-07-19,1.889,-0.006835
2011-07-20,1.892,0.001588
2011-07-21,1.888,-0.002114
2011-07-22,1.896,0.004237
2011-07-25,1.873,-0.012131
2011-07-26,1.875,0.001068
2011-07-27,1.887,0.0064
2011-07-28,1.885,-0.00106
2011-07-29,1.876,-0.004775
2011-08-01,1.875,-0.000533
2011-08-02,1.871,-0.002133
2011-08-03,1.873,0.001069
2011-08-04,1.877,0.002136
2011-08-05,1.87,-0.003729
2011-08-08,1.849,-0.01123
2011-08-09,1.852,0.001622
2011-08-10,1.865,0.007019
2011-08-11,1.88,0.008043
2011-08-12,1.883,0.001596
2011-08-15,1.889,0.003186
2011-08-16,1.882,-0.003706
2011-08-17,1.877,-0.002657
2011-08-18,1.861,-0.008524
2011-08-19,1.856,-0.002687
2011-08-22,1.837,-0.010237
2011-08-23,1.845,0.004355
2011-08-24,1.847,0.001084
2011-08-25,1.865,0.009746
2011-08-26,1.864,-0.000536
2011-08-29,1.854,-0.005365
2011-08-30,1.85,-0.002157
2011-08-31,1.853,0.001622
2011-09-01,1.847,-0.003238
2011-09-02,1.84,-0.00379
2011-09-05,1.818,-0.011957
2011-09-06,1.803,-0.008251
2011-09-07,1.82,0.009429
2011-09-08,1.814,-0.003297
2011-09-09,1.806,-0.00441
2011-09-13,1.797,-0.004983
2011-09-14,1.796,-0.000556
2011-09-15,1.797,0.000557
2011-09-16,1.801,0.002226
2011-09-19,1.789,-0.006663
2011-09-20,1.793,0.002236
2011-09-21,1.816,0.012828
2011-09-22,1.794,-0.012115
2011-09-23,1.787,-0.003902
2011-09-26,1.774,-0.007275
2011-09-27,1.782,0.00451
2011-09-28,1.776,-0.003367
2011-09-29,1.768,-0.004505
2011-09-30,1.769,0.000566
2011-10-10,1.762,-0.003957
2011-10-11,1.75,-0.00681
2011-10-12,1.771,0.012
2011-10-13,1.779,0.004517
2011-10-14,1.774,-0.002811
2011-10-17,1.783,0.005073
2011-10-18,1.767,-0.008974
2011-10-19,1.759,-0.004527
2011-10-20,1.736,-0.013076
2011-10-21,1.731,-0.00288
2011-10-24,1.749,0.010399
2011-10-25,1.765,0.009148
2011-10-26,1.775,0.005666
2011-10-27,1.777,0.001127
2011-10-28,1.791,0.007878
2011-10-31,1.788,-0.001675
2011-11-01,1.789,0.000559
2011-11-02,1.799,0.00559
2011-11-03,1.802,0.001668
2011-11-04,1.803,0.000555
2011-11-07,1.795,-0.004437
2011-11-08,1.792,-0.001671
2011-11-09,1.799,0.003906
2011-11-10,1.789,-0.005559
2011-11-11,1.785,-0.002236
2011-11-14,1.798,0.007283
2011-11-15,1.792,-0.003337
2011-11-16,1.777,-0.008371
2011-11-17,1.775,-0.001125
2011-11-18,1.762,-0.007324
2011-11-21,1.761,-0.000568
2011-11-22,1.763,0.001136
2011-11-23,1.76,-0.001702
2011-11-24,1.762,0.001136
2011-11-25,1.759,-0.001703
2011-11-28,1.76,0.000569
2011-11-29,1.768,0.004545
2011-11-30,1.749,-0.010747
2011-12-01,1.761,0.006861
2011-12-02,1.751,-0.005679
2011-12-05,1.734,-0.009709
2011-12-06,1.735,0.000577
2011-12-07,1.736,0.000576
2011-12-08,1.735,-0.000576
2011-12-09,1.727,-0.004611
2011-12-12,1.719,-0.004632
2011-12-13,1.706,-0.007563
2011-12-14,1.702,-0.002345
2011-12-15,1.695,-0.004113
2011-12-16,1.713,0.010619
2011-12-19,1.712,-0.000584
2011-12-20,1.711,-0.000584
2011-12-21,1.702,-0.00526
2011-12-22,1.703,0.000588
2011-12-23,1.71,0.00411
2011-12-26,1.699,-0.006433
2011-12-27,1.685,-0.00824
2011-12-28,1.683,-0.001187
2011-12-29,1.688,0.002971
2011-12-30,1.7,0.007109
2011-12-31,1.7,0.0
2012-01-04,1.684,-0.009412
2012-01-05,1.672,-0.007126
2012-01-06,1.674,0.001196
2012-01-09,1.694,0.011947
2012-01-10,1.717,0.013577
2012-01-11,1.71,-0.004077
2012-01-12,1.708,-0.00117
2012-01-13,1.693,-0.008782
2012-01-16,1.672,-0.012404
2012-01-17,1.697,0.014952
2012-01-18,1.68,-0.010018
2012-01-19,1.693,0.007738
2012-01-20,1.712,0.011223
2012-01-30,1.703,-0.005257
2012-01-31,1.705,0.001174
2012-02-01,1.701,-0.002346
2012-02-02,1.711,0.005879
2012-02-03,1.715,0.002338
2012-02-06,1.721,0.003499
2012-02-07,1.71,-0.006392
2012-02-08,1.725,0.008772
2012-02-09,1.728,0.001739
2012-02-10,1.731,0.001736
2012-02-13,1.732,0.000578
2012-02-14,1.73,-0.001155
2012-02-15,1.736,0.003468
2012-02-16,1.731,-0.00288
2012-02-17,1.729,-0.001155
2012-02-20,1.73,0.000578
2012-02-21,1.737,0.004046
2012-02-22,1.746,0.005181
2012-02-23,1.75,0.002291
2012-02-24,1.762,0.006857
2012-02-27,1.764,0.001135
2012-02-28,1.763,-0.000567
2012-02-29,1.761,-0.001134
2012-03-01,1.762,0.000568
2012-03-02,1.773,0.006243
2012-03-05,1.768,-0.00282
2012-03-06,1.76,-0.004525
2012-03-07,1.754,-0.003409
2012-03-08,1.761,0.003991
2012-03-09,1.774,0.007382
2012-03-12,1.774,0.0
2012-03-13,1.779,0.002818
2012-03-14,1.761,-0.010118
2012-03-15,1.761,0.0
2012-03-16,1.777,0.009086
2012-03-19,1.776,-0.000563
2012-03-20,1.761,-0.008446
2012-03-21,1.757,-0.002271
2012-03-22,1.756,-0.000569
2012-03-23,1.748,-0.004556
2012-03-26,1.754,0.003432
2012-03-27,1.743,-0.006271
2012-03-28,1.723,-0.011474
2012-03-29,1.718,-0.002902
2012-03-30,1.72,0.001164
2012-03-31,1.72,0.0
2012-04-05,1.744,0.013953
2012-04-06,1.746,0.001147
2012-04-09,1.742,-0.002291
2012-04-10,1.745,0.001722
2012-04-11,1.746,0.000573
2012-04-12,1.756,0.005727
2012-04-13,1.76,0.002278
2012-04-16,1.758,-0.001136
2012-04-17,1.747,-0.006257
2012-04-18,1.76,0.007441
2012-04-19,1.755,-0.002841
2012-04-20,1.76,0.002849
2012-04-23,1.758,-0.001136
2012-04-24,1.755,-0.001706
2012-04-25,1.759,0.002279
2012-04-26,1.763,0.002274
2012-04-27,1.767,0.002269
2012-05-02,1.78,0.007357
2012-05-03,1.786,0.003371
2012-05-04,1.797,0.006159
2012-05-07,1.803,0.003339
2012-05-08,1.798,-0.002773
2012-05-09,1.785,-0.00723
2012-05-10,1.787,0.00112
2012-05-11,1.784,-0.001679
2012-05-14,1.775,-0.005045
2012-05-15,1.78,0.002817
2012-05-16,1.769,-0.00618
2012-05-17,1.775,0.003392
2012-05-18,1.766,-0.00507
2012-05-21,1.774,0.00453
2012-05-22,1.789,0.008455
2012-05-23,1.79,0.000559
2012-05-24,1.777,-0.007263
2012-05-25,1.768,-0.005065
2012-05-28,1.782,0.007919
2012-05-29,1.789,0.003928
2012-05-30,1.786,-0.001677
2012-05-31,1.79,0.00224
2012-06-01,1.795,0.002793
2012-06-04,1.781,-0.007799
2012-06-05,1.784,0.001684
2012-06-06,1.782,-0.001121
2012-06-07,1.779,-0.001684
2012-06-08,1.776,-0.001686
2012-06-11,1.786,0.005631
2012-06-12,1.784,-0.00112
2012-06-13,1.801,0.009529
2012-06-14,1.803,0.00111
2012-06-15,1.801,-0.001109
2012-06-18,1.806,0.002776
2012-06-19,1.798,-0.00443
2012-06-20,1.791,-0.003893
2012-06-21,1.784,-0.003908
2012-06-25,1.773,-0.006166
2012-06-26,1.772,-0.000564
2012-06-27,1.776,0.002257
2012-06-28,1.776,0.0
2012-06-29,1.788,0.006757
2012-06-30,1.788,0.0
2012-07-02,1.791,0.001678
2012-07-03,1.797,0.00335
2012-07-04,1.789,-0.004452
2012-07-05,1.782,-0.003913
2012-07-06,1.81,0.015713
2012-07-09,1.803,-0.003867
2012-07-10,1.794,-0.004992
2012-07-11,1.808,0.007804
2012-07-12,1.815,0.003872
2012-07-13,1.818,0.001653
2012-07-16,1.799,-0.010451
2012-07-17,1.793,-0.003335
2012-07-18,1.786,-0.003904
2012-07-19,1.787,0.00056
2012-07-20,1.778,-0.005036
2012-07-23,1.769,-0.005062
2012-07-24,1.778,0.005088
2012-07-25,1.777,-0.000562
2012-07-26,1.772,-0.002814
2012-07-27,1.769,-0.001693
2012-07-30,1.769,0.0
2012-07-31,1.765,-0.002261
2012-08-01,1.773,0.004533
2012-08-02,1.768,-0.00282
2012-08-03,1.776,0.004525
2012-08-06,1.787,0.006194
2012-08-07,1.788,0.00056
2012-08-08,1.78,-0.004474
2012-08-09,1.8,0.011236
2012-08-10,1.792,-0.004444
2012-08-13,1.784,-0.004464
2012-08-14,1.786,0.001121
2012-08-15,1.782,-0.00224
2012-08-16,1.775,-0.003928
2012-08-17,1.763,-0.006761
2012-08-20,1.763,0.0
2012-08-21,1.773,0.005672
2012-08-22,1.765,-0.004512
2012-08-23,1.762,-0.0017
2012-08-24,1.756,-0.003405
2012-08-27,1.747,-0.005125
2012-08-28,1.743,-0.00229
2012-08-29,1.736,-0.004016
2012-08-30,1.722,-0.008065
2012-08-31,1.724,0.001161
2012-09-03,1.742,0.010441
2012-09-04,1.736,-0.003444
2012-09-05,1.736,0.0
2012-09-06,1.739,0.001728
2012-09-07,1.768,0.016676
2012-09-10,1.768,0.0
2012-09-11,1.765,-0.001697
2012-09-12,1.768,0.0017
2012-09-13,1.761,-0.003959
2012-09-14,1.762,0.000568
2012-09-17,1.748,-0.007946
2012-09-18,1.746,-0.001144
2012-09-19,1.745,-0.000573
2012-09-20,1.732,-0.00745
2012-09-21,1.732,0.0
2012-09-24,1.741,0.005196
2012-09-25,1.741,0.0
2012-09-26,1.731,-0.005744
2012-09-27,1.749,0.010399
2012-09-28,1.764,0.008576
2012-09-30,1.764,0.0
2012-10-08,1.757,-0.003968
2012-10-09,1.774,0.009676
2012-10-10,1.777,0.001691
2012-10-11,1.771,-0.003376
2012-10-12,1.77,-0.000565
2012-10-15,1.774,0.00226
2012-10-16,1.781,0.003946
2012-10-17,1.78,-0.000561
2012-10-18,1.792,0.006742
2012-10-19,1.792,0.0
2012-10-22,1.794,0.001116
2012-10-23,1.779,-0.008361
2012-10-24,1.778,-0.000562
2012-10-25,1.772,-0.003375
2012-10-26,1.764,-0.004515
2012-10-29,1.765,0.000567
2012-10-30,1.769,0.002266
2012-10-31,1.781,0.006783
2012-11-01,1.793,0.006738
2012-11-02,1.793,0.0
2012-11-05,1.786,-0.003904
2012-11-06,1.779,-0.003919
2012-11-07,1.777,-0.001124
2012-11-08,1.769,-0.004502
2012-11-09,1.764,-0.002826
2012-11-12,1.757,-0.003968
2012-11-13,1.748,-0.005122
2012-11-14,1.755,0.004005
2012-11-15,1.75,-0.002849
2012-11-16,1.743,-0.004
2012-11-19,1.732,-0.006311
2012-11-20,1.733,0.000577
2012-11-21,1.737,0.002308
2012-11-22,1.725,-0.006908
2012-11-23,1.729,0.002319
2012-11-26,1.717,-0.00694
2012-11-27,1.712,-0.002912
2012-11-28,1.708,-0.002336
2012-11-29,1.711,0.001756
2012-11-30,1.722,0.006429
2012-12-03,1.703,-0.011034
2012-12-04,1.707,0.002349
2012-12-05,1.728,0.012302
2012-12-06,1.722,-0.003472
2012-12-07,1.73,0.004646
2012-12-10,1.733,0.001734
2012-12-11,1.732,-0.000577
2012-12-12,1.735,0.001732
2012-12-13,1.731,-0.002305
2012-12-14,1.755,0.013865
2012-12-17,1.748,-0.003989
2012-12-18,1.748,0.0
2012-12-19,1.755,0.004005
2012-12-20,1.759,0.002279
2012-12-21,1.763,0.002274
2012-12-24,1.761,-0.001134
2012-12-25,1.775,0.00795
2012-12-26,1.778,0.00169
2012-12-27,1.78,0.001125
2012-12-28,1.79,0.005618
2012-12-31,1.798,0.004469
2013-01-04,1.787,-0.006118
2013-01-07,1.792,0.002798
2013-01-08,1.799,0.003906
2013-01-09,1.805,0.003335
2013-01-10,1.805,0.0
2013-01-11,1.798,-0.003878
2013-01-14,1.826,0.015573
2013-01-15,1.832,0.003286
2013-01-16,1.83,-0.001092
2013-01-17,1.829,-0.000546
2013-01-18,1.843,0.007654
2013-01-21,1.843,0.0
2013-01-22,1.831,-0.006511
2013-01-23,1.838,0.003823
2013-01-24,1.83,-0.004353
2013-01-25,1.828,-0.001093
2013-01-28,1.841,0.007112
2013-01-29,1.844,0.00163
2013-01-30,1.846,0.001085
2013-01-31,1.837,-0.004875
2013-02-01,1.843,0.003266
2013-02-04,1.835,-0.004341
2013-02-05,1.854,0.010354
2013-02-06,1.853,-0.000539
2013-02-07,1.858,0.002698
2013-02-08,1.871,0.006997
2013-02-18,1.862,-0.00481
2013-02-19,1.843,-0.010204
2013-02-20,1.86,0.009224
2013-02-21,1.846,-0.007527
2013-02-22,1.84,-0.00325
2013-02-25,1.841,0.000543
2013-02-26,1.831,-0.005432
2013-02-27,1.834,0.001638
2013-02-28,1.855,0.01145
2013-03-01,1.862,0.003774
2013-03-04,1.829,-0.017723
2013-03-05,1.851,0.012028
2013-03-06,1.862,0.005943
2013-03-07,1.854,-0.004296
2013-03-08,1.848,-0.003236
2013-03-11,1.85,0.001082
2013-03-12,1.839,-0.005946
2013-03-13,1.828,-0.005982
2013-03-14,1.84,0.006565
2013-03-15,1.841,0.000543
2013-03-18,1.836,-0.002716
2013-03-19,1.834,-0.001089
2013-03-20,1.864,0.016358
2013-03-21,1.874,0.005365
2013-03-22,1.877,0.001601
2013-03-25,1.878,0.000533
2013-03-26,1.878,0.0
2013-03-27,1.881,0.001597
2013-03-28,1.865,-0.008506
2013-03-29,1.86,-0.002681
2013-04-01,1.857,-0.001613
2013-04-02,1.844,-0.007001
2013-04-03,1.841,-0.001627
2013-04-08,1.851,0.005432
2013-04-09,1.854,0.001621
2013-04-10,1.843,-0.005933
2013-04-11,1.84,-0.001628
2013-04-12,1.835,-0.002717
2013-04-15,1.832,-0.001635
2013-04-16,1.845,0.007096
2013-04-17,1.862,0.009214
2013-04-18,1.859,-0.001611
2013-04-19,1.877,0.009683
2013-04-22,1.883,0.003197
2013-04-23,1.866,-0.009028
2013-04-24,1.885,0.010182
2013-04-25,1.875,-0.005305
2013-04-26,1.864,-0.005867
2013-05-02,1.874,0.005365
2013-05-03,1.894,0.010672
2013-05-06,1.903,0.004752
2013-05-07,1.902,-0.000525
2013-05-08,1.919,0.008938
2013-05-09,1.909,-0.005211
2013-05-10,1.909,0.0
2013-05-13,1.901,-0.004191
2013-05-14,1.885,-0.008417
2013-05-15,1.902,0.009019
2013-05-16,1.915,0.006835
2013-05-17,1.93,0.007833
2013-05-20,1.93,0.0
2013-05-21,1.945,0.007772
2013-05-22,1.942,-0.001542
2013-05-23,1.935,-0.003605
2013-05-24,1.943,0.004134
2013-05-27,1.943,0.0
2013-05-28,1.946,0.001544
2013-05-29,1.946,0.0
2013-05-30,1.942,-0.002055
2013-05-31,1.928,-0.007209
2013-06-03,1.92,-0.004149
2013-06-04,1.907,-0.006771
2013-06-05,1.909,0.001049
2013-06-06,1.899,-0.005238
2013-06-07,1.892,-0.003686
2013-06-13,1.875,-0.008985
2013-06-14,1.887,0.0064
2013-06-17,1.886,-0.00053
2013-06-18,1.9,0.007423
2013-06-19,1.901,0.000526
2013-06-20,1.875,-0.013677
2013-06-21,1.879,0.002133
2013-06-24,1.841,-0.020224
2013-06-25,1.846,0.002716
2013-06-26,1.878,0.017335
2013-06-27,1.874,-0.00213
2013-06-28,1.882,0.004269
2013-06-30,1.881,-0.000531
2013-07-01,1.912,0.016481
2013-07-02,1.927,0.007845
2013-07-03,1.935,0.004152
2013-07-04,1.926,-0.004651
2013-07-05,1.916,-0.005192
2013-07-08,1.892,-0.012526
2013-07-09,1.885,-0.0037
2013-07-10,1.899,0.007427
2013-07-11,1.922,0.012112
2013-07-12,1.918,-0.002081
2013-07-15,1.934,0.008342
2013-07-16,1.944,0.005171
2013-07-17,1.924,-0.010288
2013-07-18,1.913,-0.005717
2013-07-19,1.894,-0.009932
2013-07-22,1.908,0.007392
2013-07-23,1.934,0.013627
2013-07-24,1.952,0.009307
2013-07-25,1.929,-0.011783
2013-07-26,1.923,-0.00311
2013-07-29,1.907,-0.00832
2013-07-30,1.893,-0.007341
2013-07-31,1.888,-0.002641
2013-08-01,1.923,0.018538
2013-08-02,1.924,0.00052
2013-08-05,1.94,0.008316
2013-08-06,1.959,0.009794
2013-08-07,1.947,-0.006126
2013-08-08,1.959,0.006163
2013-08-09,1.964,0.002552
2013-08-12,1.963,-0.000509
2013-08-13,1.965,0.001019
2013-08-14,1.966,0.000509
2013-08-15,1.953,-0.006612
2013-08-16,1.936,-0.008705
2013-08-19,1.958,0.011364
2013-08-20,1.956,-0.001021
2013-08-21,1.951,-0.002556
2013-08-22,1.965,0.007176
2013-08-23,1.974,0.00458
2013-08-26,1.995,0.010638
2013-08-27,1.99,-0.002506
2013-08-28,1.967,-0.011558
2013-08-29,1.959,-0.004067
2013-08-30,1.944,-0.007657
2013-09-02,1.958,0.007202
2013-09-03,1.973,0.007661
2013-09-04,1.972,-0.000507
2013-09-05,1.975,0.001521
2013-09-06,1.978,0.001519
2013-09-09,1.983,0.002528
2013-09-10,1.974,-0.004539
2013-09-11,1.951,-0.011651
2013-09-12,1.947,-0.00205
2013-09-13,1.963,0.008218
2013-09-16,1.967,0.002038
2013-09-17,1.962,-0.002542
2013-09-18,1.956,-0.003058
2013-09-23,1.988,0.01636
2013-09-24,1.996,0.004024
2013-09-25,1.985,-0.005511
2013-09-26,1.981,-0.002015
2013-09-27,1.983,0.00101
2013-09-30,1.992,0.004539
2013-10-08,2.005,0.006526
2013-10-09,2.013,0.00399
2013-10-10,2.008,-0.002484
2013-10-11,2.007,-0.000498
2013-10-14,2.01,0.001495
2013-10-15,2.015,0.002488
2013-10-16,2.004,-0.005459
2013-10-17,2.002,-0.000998
2013-10-18,2.011,0.004496
2013-10-21,2.043,0.015912
2013-10-22,2.027,-0.007832
2013-10-23,2.005,-0.010853
2013-10-24,1.991,-0.006983
2013-10-25,1.958,-0.016575
2013-10-28,1.955,-0.001532
2013-10-29,1.956,0.000512
2013-10-30,1.962,0.003067
2013-10-31,1.935,-0.013761
2013-11-01,1.932,-0.00155
2013-11-04,1.936,0.00207
2013-11-05,1.945,0.004649
2013-11-06,1.93,-0.007712
2013-11-07,1.917,-0.006736
2013-11-08,1.915,-0.001043
2013-11-11,1.928,0.006789
2013-11-12,1.933,0.002593
2013-11-13,1.92,-0.006725
2013-11-14,1.939,0.009896
2013-11-15,1.955,0.008252
2013-11-18,1.97,0.007673
2013-11-19,1.963,-0.003553
2013-11-20,1.964,0.000509
2013-11-21,1.955,-0.004582
2013-11-22,1.946,-0.004604
2013-11-25,1.942,-0.002055
2013-11-26,1.942,0.0
2013-11-27,1.959,0.008754
2013-11-28,1.97,0.005615
2013-11-29,1.978,0.004061
2013-12-02,1.937,-0.020728
2013-12-03,1.946,0.004646
2013-12-04,1.954,0.004111
2013-12-05,1.939,-0.007677
2013-12-06,1.934,-0.002579
2013-12-09,1.941,0.003619
2013-12-10,1.937,-0.002061
2013-12-11,1.938,0.000516
2013-12-12,1.951,0.006708
2013-12-13,1.951,0.0
2013-12-16,1.937,-0.007176
2013-12-17,1.925,-0.006195
2013-12-18,1.924,-0.000519
2013-12-19,1.915,-0.004678
2013-12-20,1.901,-0.007311
2013-12-23,1.913,0.006312
2013-12-24,1.922,0.004705
2013-12-25,1.93,0.004162
2013-12-26,1.917,-0.006736
2013-12-27,1.93,0.006781
2013-12-30,1.928,-0.001036
2013-12-31,1.938,0.005187
2014-01-02,1.952,0.007224
2014-01-03,1.948,-0.002049
2014-01-06,1.92,-0.014374
2014-01-07,1.921,0.000521
2014-01-08,1.933,0.006247
2014-01-09,1.912,-0.010864
2014-01-10,1.901,-0.005753
2014-01-13,1.89,-0.005786
2014-01-14,1.899,0.004762
2014-01-15,1.907,0.004213
2014-01-16,1.892,-0.007866
2014-01-17,1.876,-0.008457
2014-01-20,1.864,-0.006397
2014-01-21,1.874,0.005365
2014-01-22,1.896,0.01174
2014-01-23,1.908,0.006329
2014-01-24,1.915,0.003669
2014-01-27,1.908,-0.003655
2014-01-28,1.902,-0.003145
2014-01-29,1.904,0.001052
2014-01-30,1.9,-0.002101
2014-02-07,1.916,0.008421
2014-02-10,1.948,0.016701
2014-02-11,1.942,-0.00308
2014-02-12,1.944,0.00103
2014-02-13,1.927,-0.008745
2014-02-14,1.945,0.009341
2014-02-17,1.959,0.007198
2014-02-18,1.955,-0.002042
2014-02-19,1.944,-0.005627
2014-02-20,1.923,-0.010802
2014-02-21,1.924,0.00052
2014-02-24,1.93,0.003119
2014-02-25,1.889,-0.021244
2014-02-26,1.897,0.004235
2014-02-27,1.877,-0.010543
2014-02-28,1.893,0.008524
2014-03-03,1.905,0.006339
2014-03-04,1.897,-0.004199
2014-03-05,1.894,-0.001581
2014-03-06,1.892,-0.001056
2014-03-07,1.885,-0.0037
2014-03-10,1.852,-0.017507
2014-03-11,1.847,-0.0027
2014-03-12,1.85,0.001624
2014-03-13,1.869,0.01027
2014-03-14,1.866,-0.001605
2014-03-17,1.891,0.013398
2014-03-18,1.9,0.004759
2014-03-19,1.895,-0.002632
2014-03-20,1.873,-0.011609
2014-03-21,1.88,0.003737
2014-03-24,1.86,-0.010638
2014-03-25,1.857,-0.001613
2014-03-26,1.865,0.004308
2014-03-27,1.842,-0.012332
2014-03-28,1.82,-0.011944
2014-03-31,1.819,-0.000549
2014-04-01,1.838,0.010445
2014-04-02,1.827,-0.005985
2014-04-03,1.825,-0.001095
2014-04-04,1.834,0.004932
2014-04-08,1.839,0.002726
2014-04-09,1.851,0.006525
2014-04-10,1.866,0.008104
2014-04-11,1.858,-0.004287
2014-04-14,1.857,-0.000538
2014-04-15,1.855,-0.001077
2014-04-16,1.848,-0.003774
2014-04-17,1.851,0.001623
2014-04-18,1.854,0.001621
2014-04-21,1.848,-0.003236
2014-04-22,1.827,-0.011364
2014-04-23,1.816,-0.006021
2014-04-24,1.809,-0.003855
2014-04-25,1.798,-0.006081
2014-04-28,1.771,-0.015017
2014-04-29,1.782,0.006211
2014-04-30,1.79,0.004489
2014-05-05,1.801,0.006145
2014-05-06,1.807,0.003331
2014-05-07,1.789,-0.009961
2014-05-08,1.777,-0.006708
2014-05-09,1.762,-0.008441
2014-05-12,1.776,0.007946
2014-05-13,1.773,-0.001689
2014-05-14,1.776,0.001692
2014-05-15,1.764,-0.006757
2014-05-16,1.753,-0.006236
2014-05-19,1.75,-0.001711
2014-05-20,1.754,0.002286
2014-05-21,1.763,0.005131
2014-05-22,1.772,0.005105
2014-05-23,1.782,0.005643
2014-05-26,1.793,0.006173
2014-05-27,1.787,-0.003346
2014-05-28,1.805,0.010073
2014-05-29,1.796,-0.004986
2014-05-30,1.796,0.0
2014-06-03,1.795,-0.000557
2014-06-04,1.792,-0.001671
2014-06-05,1.802,0.00558
2014-06-06,1.802,0.0
2014-06-09,1.793,-0.004994
2014-06-10,1.805,0.006693
2014-06-11,1.81,0.00277
2014-06-12,1.808,-0.001105
2014-06-13,1.819,0.006084
2014-06-16,1.822,0.001649
2014-06-17,1.814,-0.004391
2014-06-18,1.81,-0.002205
2014-06-19,1.791,-0.010497
2014-06-20,1.803,0.0067
2014-06-23,1.814,0.006101
2014-06-24,1.816,0.001103
2014-06-25,1.81,-0.003304
2014-06-26,1.822,0.00663
2014-06-27,1.825,0.001647
2014-06-30,1.837,0.006575
2014-07-01,1.842,0.002722
2014-07-02,1.848,0.003257
2014-07-03,1.847,-0.000541
2014-07-04,1.841,-0.003249
2014-07-07,1.833,-0.004345
2014-07-08,1.842,0.00491
2014-07-09,1.824,-0.009772
2014-07-10,1.809,-0.008224
2014-07-11,1.809,0.0
2014-07-14,1.819,0.005528
2014-07-15,1.809,-0.005498
2014-07-16,1.797,-0.006633
2014-07-17,1.791,-0.003339
2014-07-18,1.792,0.000558
2014-07-21,1.798,0.003348
2014-07-22,1.812,0.007786
2014-07-23,1.799,-0.007174
2014-07-24,1.786,-0.007226
2014-07-25,1.79,0.00224
2014-07-28,1.805,0.00838
2014-07-29,1.816,0.006094
2014-07-30,1.822,0.003304
2014-07-31,1.824,0.001098
2014-08-01,1.818,-0.003289
2014-08-04,1.824,0.0033
2014-08-05,1.828,0.002193
2014-08-06,1.834,0.003282
2014-08-07,1.828,-0.003272
2014-08-08,1.836,0.004376
2014-08-11,1.85,0.007625
2014-08-12,1.852,0.001081
2014-08-13,1.847,-0.0027
2014-08-14,1.838,-0.004873
2014-08-15,1.851,0.007073
2014-08-18,1.867,0.008644
2014-08-19,1.873,0.003214
2014-08-20,1.867,-0.003203
2014-08-21,1.872,0.002678
2014-08-22,1.879,0.003739
2014-08-25,1.873,-0.003193
2014-08-26,1.858,-0.008009
2014-08-27,1.86,0.001076
2014-08-28,1.853,-0.003763
2014-08-29,1.866,0.007016
2014-09-01,1.883,0.00911
2014-09-02,1.891,0.004249
2014-09-03,1.899,0.004231
2014-09-04,1.905,0.00316
2014-09-05,1.905,0.0
2014-09-09,1.904,-0.000525
2014-09-10,1.909,0.002626
2014-09-11,1.909,0.0
2014-09-12,1.914,0.002619
2014-09-15,1.917,0.001567
2014-09-16,1.887,-0.015649
2014-09-17,1.892,0.00265
2014-09-18,1.897,0.002643
2014-09-19,1.902,0.002636
2014-09-22,1.891,-0.005783
2014-09-23,1.902,0.005817
2014-09-24,1.91,0.004206
2014-09-25,1.907,-0.001571
2014-09-26,1.911,0.002098
2014-09-29,1.916,0.002616
2014-09-30,1.927,0.005741
2014-10-08,1.936,0.00467
2014-10-09,1.933,-0.00155
2014-10-10,1.924,-0.004656
2014-10-13,1.916,-0.004158
2014-10-14,1.911,-0.00261
2014-10-15,1.918,0.003663
2014-10-16,1.906,-0.006257
2014-10-17,1.903,-0.001574
2014-10-20,1.915,0.006306
2014-10-21,1.912,-0.001567
2014-10-22,1.906,-0.003138
2014-10-23,1.897,-0.004722
2014-10-24,1.902,0.002636
2014-10-27,1.905,0.001577
2014-10-28,1.923,0.009449
2014-10-29,1.931,0.00416
2014-10-30,1.93,-0.000518
2014-10-31,1.928,-0.001036
2014-11-03,1.935,0.003631
2014-11-04,1.928,-0.003618
2014-11-05,1.926,-0.001037
2014-11-06,1.934,0.004154
2014-11-07,1.929,-0.002585
2014-11-10,1.937,0.004147
2014-11-11,1.912,-0.012907
2014-11-12,1.925,0.006799
2014-11-13,1.911,-0.007273
2014-11-14,1.911,0.0
2014-11-17,1.92,0.00471
2014-11-18,1.915,-0.002604
2014-11-19,1.918,0.001567
2014-11-20,1.914,-0.002086
2014-11-21,1.923,0.004702
2014-11-24,1.931,0.00416
2014-11-25,1.949,0.009322
2014-11-26,1.966,0.008722
2014-11-27,1.968,0.001017
2014-11-28,1.967,-0.000508
2014-12-01,1.964,-0.001525
2014-12-02,1.983,0.009674
2014-12-03,1.993,0.005043
2014-12-04,2.017,0.012042
2014-12-05,2.003,-0.006941
2014-12-08,1.998,-0.002496
2014-12-09,1.952,-0.023023
2014-12-10,1.979,0.013832
2014-12-11,1.977,-0.001011
2014-12-12,1.998,0.010622
2014-12-15,2.024,0.013013
2014-12-16,2.032,0.003953
2014-12-17,2.028,-0.001969
2014-12-18,2.026,-0.000986
2014-12-19,2.008,-0.008885
2014-12-22,1.968,-0.01992
2014-12-23,1.954,-0.007114
2014-12-24,1.961,0.003582
2014-12-25,1.98,0.009689
2014-12-26,1.991,0.005556
2014-12-29,1.962,-0.014566
2014-12-30,1.95,-0.006116
2014-12-31,1.96,0.005128
2015-01-05,1.964,0.002041
2015-01-06,1.986,0.011202
2015-01-07,1.986,0.0
2015-01-08,1.99,0.002014
2015-01-09,1.997,0.003518
2015-01-12,2.01,0.00651
2015-01-13,2.031,0.010448
2015-01-14,2.025,-0.002954
2015-01-15,2.03,0.002469
2015-01-16,2.06,0.014778
2015-01-19,2.027,-0.016019
2015-01-20,2.075,0.02368
2015-01-21,2.096,0.01012
2015-01-22,2.103,0.00334
2015-01-23,2.083,-0.00951
2015-01-26,2.106,0.011042
2015-01-27,2.106,0.0
2015-01-28,2.093,-0.006173
2015-01-29,2.083,-0.004778
2015-01-30,2.063,-0.009602
2015-02-02,2.067,0.001939
2015-02-03,2.092,0.012095
2015-02-04,2.087,-0.00239
2015-02-05,2.089,0.000958
2015-02-06,2.061,-0.013404
2015-02-09,2.049,-0.005822
2015-02-10,2.082,0.016105
2015-02-11,2.107,0.012008
2015-02-12,2.106,-0.000475
2015-02-13,2.119,0.006173
2015-02-16,2.169,0.023596
2015-02-17,2.167,-0.000922
2015-02-25,2.144,-0.010614
2015-02-26,2.151,0.003265
2015-02-27,2.175,0.011158
2015-03-02,2.199,0.011034
2015-03-03,2.173,-0.011824
2015-03-04,2.196,0.010584
2015-03-05,2.198,0.000911
2015-03-06,2.17,-0.012739
2015-03-09,2.192,0.010138
2015-03-10,2.21,0.008212
2015-03-11,2.202,-0.00362
2015-03-12,2.204,0.000908
2015-03-13,2.23,0.011797
2015-03-16,2.285,0.024664
2015-03-17,2.286,0.000438
2015-03-18,2.325,0.01706
2015-03-19,2.326,0.00043
2015-03-20,2.352,0.011178
2015-03-23,2.411,0.025085
2015-03-24,2.438,0.011199
2015-03-25,2.442,0.001641
2015-03-26,2.392,-0.020475
2015-03-27,2.418,0.01087
2015-03-30,2.407,-0.004549
2015-03-31,2.424,0.007063
2015-04-01,2.471,0.019389
2015-04-02,2.524,0.021449
2015-04-03,2.565,0.016244
2015-04-07,2.596,0.012086
2015-04-08,2.574,-0.008475
2015-04-09,2.58,0.002331
2015-04-10,2.642,0.024031
2015-04-13,2.652,0.003785
2015-04-14,2.623,-0.010935
2015-04-15,2.545,-0.029737
2015-04-16,2.563,0.007073
2015-04-17,2.545,-0.007023
2015-04-20,2.495,-0.019646
2015-04-21,2.573,0.031263
2015-04-22,2.603,0.01166
2015-04-23,2.633,0.011525
2015-04-24,2.634,0.00038
2015-04-27,2.626,-0.003037
2015-04-28,2.571,-0.020944
2015-04-29,2.633,0.024115
2015-04-30,2.66,0.010254
2015-05-04,2.645,-0.005639
2015-05-05,2.6,-0.017013
2015-05-06,2.615,0.005769
2015-05-07,2.593,-0.008413
2015-05-08,2.691,0.037794
2015-05-11,2.79,0.036789
2015-05-12,2.843,0.018996
2015-05-13,2.829,-0.004924
2015-05-14,2.815,-0.004949
2015-05-15,2.814,-0.000355
2015-05-18,2.886,0.025586
2015-05-19,2.939,0.018365
2015-05-20,3.001,0.021096
2015-05-21,3.097,0.031989
2015-05-22,3.081,-0.005166
2015-05-25,3.082,0.000325
2015-05-26,3.203,0.03926
2015-05-27,3.243,0.012488
2015-05-28,3.106,-0.042245
2015-05-29,3.185,0.025435
2015-06-01,3.295,0.034537
2015-06-02,3.38,0.025797
2015-06-03,3.404,0.007101
2015-06-04,3.351,-0.01557
2015-06-05,3.328,-0.006864
2015-06-08,3.201,-0.038161
2015-06-09,3.199,-0.000625
2015-06-10,3.274,0.023445
2015-06-11,3.293,0.005803
2015-06-12,3.316,0.006985
2015-06-15,3.19,-0.037998
2015-06-16,3.102,-0.027586
2015-06-17,3.153,0.016441
2015-06-18,3.03,-0.03901
2015-06-19,2.93,-0.033003
2015-06-23,2.991,0.020819
2015-06-24,3.029,0.012705
2015-06-25,2.934,-0.031363
2015-06-26,2.752,-0.062031
2015-06-29,2.614,-0.050145
2015-06-30,2.719,0.040168
2015-07-01,2.65,-0.025377
2015-07-02,2.571,-0.029811
2015-07-03,2.524,-0.018281
2015-07-06,2.474,-0.01981
2015-07-07,2.361,-0.045675
2015-07-08,2.317,-0.018636
2015-07-09,2.382,0.028054
2015-07-10,2.464,0.034425
2015-07-13,2.597,0.053977
2015-07-14,2.62,0.008856
2015-07-15,2.512,-0.041221
2015-07-16,2.559,0.01871
2015-07-17,2.677,0.046112
2015-07-20,2.722,0.01681
2015-07-21,2.749,0.009919
2015-07-22,2.765,0.00582
2015-07-23,2.811,0.016637
2015-07-24,2.778,-0.01174
2015-07-27,2.642,-0.048956
2015-07-28,2.613,-0.010977
2015-07-29,2.677,0.024493
2015-07-30,2.617,-0.022413
2015-07-31,2.593,-0.009171
2015-08-03,2.541,-0.020054
2015-08-04,2.642,0.039748
2015-08-05,2.614,-0.010598
2015-08-06,2.61,-0.00153
2015-08-07,2.664,0.02069
2015-08-10,2.75,0.032282
2015-08-11,2.737,-0.004727
2015-08-12,2.694,-0.015711
2015-08-13,2.72,0.009651
2015-08-14,2.709,-0.004044
2015-08-17,2.713,0.001477
2015-08-18,2.582,-0.048286
2015-08-19,2.62,0.014717
2015-08-20,2.578,-0.016031
2015-08-21,2.475,-0.039953
2015-08-24,2.339,-0.054949
2015-08-25,2.23,-0.046601
2015-08-26,2.209,-0.009417
2015-08-27,2.281,0.032594
2015-08-28,2.369,0.03858
2015-08-31,2.334,-0.014774
2015-09-01,2.259,-0.032134
2015-09-02,2.252,-0.003099
2015-09-07,2.237,-0.006661
2015-09-08,2.299,0.027716
2015-09-09,2.345,0.020009
2015-09-10,2.317,-0.01194
2015-09-11,2.325,0.003453
2015-09-14,2.221,-0.044731
2015-09-15,2.168,-0.023863
2015-09-16,2.269,0.046587
2015-09-17,2.26,-0.003967
2015-09-18,2.287,0.011947
2015-09-21,2.35,0.027547
2015-09-22,2.35,0.0
2015-09-23,2.345,-0.002128
2015-09-24,2.373,0.01194
2015-09-25,2.326,-0.019806
2015-09-28,2.377,0.021926
2015-09-29,2.376,-0.000421
2015-09-30,2.38,0.001684
2015-10-08,2.436,0.023529
2015-10-09,2.449,0.005337
2015-10-12,2.501,0.021233
2015-10-13,2.51,0.003599
2015-10-14,2.489,-0.008367
2015-10-15,2.551,0.02491
2015-10-16,2.572,0.008232
2015-10-19,2.564,-0.00311
2015-10-20,2.599,0.013651
2015-10-21,2.485,-0.043863
2015-10-22,2.538,0.021328
2015-10-23,2.574,0.014184
2015-10-26,2.607,0.012821
2015-10-27,2.618,0.004219
2015-10-28,2.58,-0.014515
2015-10-29,2.585,0.001938
2015-10-30,2.588,0.001161
2015-11-02,2.562,-0.010046
2015-11-03,2.548,-0.005464
2015-11-04,2.632,0.032967
2015-11-05,2.61,-0.008359
2015-11-06,2.65,0.015326
2015-11-09,2.681,0.011698
2015-11-10,2.701,0.00746
2015-11-11,2.737,0.013328
2015-11-12,2.736,-0.000365
2015-11-13,2.691,-0.016447
2015-11-16,2.739,0.017837
2015-11-17,2.721,-0.006572
2015-11-18,2.7,-0.007718
2015-11-19,2.755,0.02037
2015-11-20,2.761,0.002178
2015-11-23,2.742,-0.006882
2015-11-24,2.748,0.002188
2015-11-25,2.781,0.012009
2015-11-26,2.776,-0.001798
2015-11-27,2.676,-0.036023
2015-11-30,2.703,0.01009
2015-12-01,2.687,-0.005919
2015-12-02,2.669,-0.006699
2015-12-03,2.709,0.014987
2015-12-04,2.693,-0.005906
2015-12-07,2.721,0.010397
2015-12-08,2.721,0.0
2015-12-09,2.721,0.0
2015-12-10,2.72,-0.000368
2015-12-11,2.713,-0.002574
2015-12-14,2.72,0.00258
2015-12-15,2.736,0.005882
2015-12-16,2.744,0.002924
2015-12-17,2.79,0.016764
2015-12-18,2.777,-0.004659
2015-12-21,2.784,0.002521
2015-12-22,2.801,0.006106
2015-12-23,2.774,-0.009639
2015-12-24,2.773,-0.00036
2015-12-25,2.793,0.007212
2015-12-28,2.769,-0.008593
2015-12-29,2.777,0.002889
2015-12-30,2.793,0.005762
2015-12-31,2.768,-0.008951
2016-01-04,2.619,-0.053829
2016-01-05,2.599,-0.007637
2016-01-06,2.623,0.009234
2016-01-07,2.475,-0.056424
2016-01-08,2.484,0.003636
2016-01-11,2.387,-0.03905
2016-01-12,2.411,0.010054
2016-01-13,2.368,-0.017835
2016-01-14,2.431,0.026605
2016-01-15,2.399,-0.013163
2016-01-18,2.416,0.007086
2016-01-19,2.454,0.015728
2016-01-20,2.433,-0.008557
2016-01-21,2.379,-0.022195
2016-01-22,2.396,0.007146
2016-01-25,2.415,0.00793
2016-01-26,2.333,-0.033954
2016-01-27,2.326,-0.003
2016-01-28,2.282,-0.018917
2016-01-29,2.327,0.01972
2016-02-01,2.328,0.00043
2016-02-02,2.375,0.020189
2016-02-03,2.389,0.005895
2016-02-04,2.41,0.00879
2016-02-05,2.395,-0.006224
2016-02-15,2.405,0.004175
2016-02-16,2.456,0.021206
2016-02-17,2.467,0.004479
2016-02-18,2.45,-0.006891
2016-02-19,2.452,0.000816
2016-02-22,2.485,0.013458
2016-02-23,2.478,-0.002817
2016-02-24,2.463,-0.006053
2016-02-25,2.374,-0.036135
2016-02-26,2.379,0.002106
2016-02-29,2.326,-0.022278
2016-03-01,2.351,0.010748
2016-03-02,2.406,0.023394
2016-03-03,2.396,-0.004156
2016-03-04,2.349,-0.019616
2016-03-07,2.365,0.006811
2016-03-08,2.383,0.007611
2016-03-09,2.359,-0.010071
2016-03-10,2.337,-0.009326
2016-03-11,2.338,0.000428
2016-03-14,2.392,0.023097
2016-03-15,2.394,0.000836
2016-03-16,2.379,-0.006266
2016-03-17,2.439,0.025221
2016-03-18,2.482,0.01763
2016-03-21,2.507,0.010073
2016-03-22,2.499,-0.003191
2016-03-23,2.52,0.008403
2016-03-24,2.492,-0.011111
2016-03-25,2.492,0.0
2016-03-28,2.483,-0.003612
2016-03-29,2.459,-0.009666
2016-03-30,2.517,0.023587
2016-03-31,2.51,-0.002781
2016-04-01,2.493,-0.006773
2016-04-05,2.538,0.018051
2016-04-06,2.542,0.001576
2016-04-07,2.522,-0.007868
2016-04-08,2.511,-0.004362
2016-04-11,2.542,0.012346
2016-04-12,2.528,-0.005507
2016-04-13,2.55,0.008703
2016-04-14,2.559,0.003529
2016-04-15,2.553,-0.002345
2016-04-18,2.541,-0.0047
2016-04-19,2.545,0.001574
2016-04-20,2.488,-0.022397
2016-04-21,2.468,-0.008039
2016-04-22,2.496,0.011345
2016-04-25,2.493,-0.001202
2016-04-26,2.508,0.006017
2016-04-27,2.522,0.005582
2016-04-28,2.524,0.000793
2016-04-29,2.531,0.002773
2016-05-03,2.585,0.021335
2016-05-04,2.582,-0.001161
2016-05-05,2.586,0.001549
2016-05-06,2.531,-0.021268
2016-05-09,2.509,-0.008692
2016-05-10,2.514,0.001993
2016-05-11,2.509,-0.001989
2016-05-12,2.529,0.007971
2016-05-13,2.526,-0.001186
2016-05-16,2.57,0.017419
2016-05-17,2.557,-0.005058
2016-05-18,2.52,-0.01447
2016-05-19,2.534,0.005556
2016-05-20,2.536,0.000789
2016-05-23,2.558,0.008675
2016-05-24,2.532,-0.010164
2016-05-25,2.518,-0.005529
2016-05-26,2.529,0.004369
2016-05-27,2.526,-0.001186
2016-05-30,2.511,-0.005938
2016-05-31,2.572,0.024293
2016-06-01,2.585,0.005054
2016-06-02,2.597,0.004642
2016-06-03,2.611,0.005391
2016-06-06,2.626,0.005745
2016-06-07,2.619,-0.002666
2016-06-08,2.614,-0.001909
2016-06-13,2.558,-0.021423
2016-06-14,2.564,0.002346
2016-06-15,2.619,0.021451
2016-06-16,2.604,-0.005727
2016-06-17,2.606,0.000768
2016-06-20,2.622,0.00614
2016-06-21,2.601,-0.008009
2016-06-22,2.621,0.007689
2016-06-23,2.608,-0.00496
2016-06-24,2.603,-0.001917
2016-06-27,2.635,0.012294
2016-06-28,2.632,-0.001139
2016-06-29,2.632,0.0
2016-06-30,2.619,-0.004939
2016-07-01,2.613,-0.002291
2016-07-04,2.632,0.007271
2016-07-05,2.631,-0.00038
2016-07-06,2.631,0.0
2016-07-07,2.629,-0.00076
2016-07-08,2.624,-0.001902
2016-07-11,2.617,-0.002668
2016-07-12,2.633,0.006114
2016-07-13,2.652,0.007216
2016-07-14,2.649,-0.001131
2016-07-15,2.647,-0.000755
2016-07-18,2.65,0.001133
2016-07-19,2.645,-0.001887
2016-07-20,2.633,-0.004537
2016-07-21,2.627,-0.002279
2016-07-22,2.613,-0.005329
2016-07-25,2.623,0.003827
2016-07-26,2.644,0.008006
2016-07-27,2.589,-0.020802
2016-07-28,2.612,0.008884
2016-07-29,2.604,-0.003063
2016-08-01,2.592,-0.004608
2016-08-02,2.599,0.002701
2016-08-03,2.604,0.001924
2016-08-04,2.61,0.002304
2016-08-05,2.593,-0.006513
2016-08-08,2.608,0.005785
2016-08-09,2.62,0.004601
2016-08-10,2.619,-0.000382
2016-08-11,2.596,-0.008782
2016-08-12,2.604,0.003082
2016-08-15,2.631,0.010369
2016-08-16,2.626,-0.0019
2016-08-17,2.627,0.000381
2016-08-18,2.614,-0.004949
2016-08-19,2.612,-0.000765
2016-08-22,2.607,-0.001914
2016-08-23,2.608,0.000384
2016-08-24,2.606,-0.000767
2016-08-25,2.605,-0.000384
2016-08-26,2.605,0.0
2016-08-29,2.599,-0.002303
2016-08-30,2.603,0.001539
2016-08-31,2.598,-0.001921
2016-09-01,2.591,-0.002694
2016-09-02,2.57,-0.008105
2016-09-05,2.58,0.003891
2016-09-06,2.605,0.00969
2016-09-07,2.6,-0.001919
2016-09-08,2.606,0.002308
2016-09-09,2.601,-0.001919
2016-09-12,2.576,-0.009612
2016-09-13,2.591,0.005823
2016-09-14,2.574,-0.006561
2016-09-19,2.584,0.003885
2016-09-20,2.586,0.000774
2016-09-21,2.59,0.001547
2016-09-22,2.596,0.002317
2016-09-23,2.581,-0.005778
2016-09-26,2.564,-0.006587
2016-09-27,2.571,0.00273
2016-09-28,2.578,0.002723
2016-09-29,2.586,0.003103
2016-09-30,2.595,0.00348
2016-10-10,2.625,0.011561
2016-10-11,2.623,-0.000762
2016-10-12,2.624,0.000381
2016-10-13,2.616,-0.003049
2016-10-14,2.596,-0.007645
2016-10-17,2.577,-0.007319
2016-10-18,2.597,0.007761
2016-10-19,2.585,-0.004621
2016-10-20,2.588,0.001161
2016-10-21,2.578,-0.003864
2016-10-24,2.592,0.005431
2016-10-25,2.593,0.000386
2016-10-26,2.583,-0.003857
2016-10-27,2.584,0.000387
2016-10-28,2.572,-0.004644
2016-10-31,2.56,-0.004666
2016-11-01,2.568,0.003125
2016-11-02,2.556,-0.004673
2016-11-03,2.557,0.000391
2016-11-04,2.548,-0.00352
2016-11-07,2.541,-0.002747
2016-11-08,2.551,0.003935
2016-11-09,2.539,-0.004704
2016-11-10,2.547,0.003151
2016-11-11,2.539,-0.003141
2016-11-14,2.538,-0.000394
2016-11-15,2.551,0.005122
2016-11-16,2.56,0.003528
2016-11-17,2.548,-0.004687
2016-11-18,2.546,-0.000785
2016-11-21,2.544,-0.000786
2016-11-22,2.554,0.003931
2016-11-23,2.538,-0.006265
2016-11-24,2.527,-0.004334
2016-11-25,2.532,0.001979
2016-11-28,2.534,0.00079
2016-11-29,2.53,-0.001579
2016-11-30,2.527,-0.001186
2016-12-01,2.527,0.0
2016-12-02,2.523,-0.001583
2016-12-05,2.527,0.001585
2016-12-06,2.535,0.003166
2016-12-07,2.543,0.003156
2016-12-08,2.539,-0.001573
2016-12-09,2.521,-0.007089
2016-12-12,2.462,-0.023403
2016-12-13,2.473,0.004468
2016-12-14,2.461,-0.004852
2016-12-15,2.464,0.001219
2016-12-16,2.479,0.006088
2016-12-19,2.47,-0.00363
2016-12-20,2.464,-0.002429
2016-12-21,2.475,0.004464
2016-12-22,2.47,-0.00202
2016-12-23,2.465,-0.002024
2016-12-26,2.468,0.001217
2016-12-27,2.467,-0.000405
2016-12-28,2.462,-0.002027
2016-12-29,2.463,0.000406
2016-12-30,2.465,0.000812
2016-12-31,2.464,-0.000406
2017-01-03,2.471,0.002841
2017-01-04,2.491,0.008094
2017-01-05,2.488,-0.001204
2017-01-06,2.468,-0.008039
2017-01-09,2.476,0.003241
2017-01-10,2.474,-0.000808
2017-01-11,2.461,-0.005255
2017-01-12,2.448,-0.005282
2017-01-13,2.433,-0.006127
2017-01-16,2.39,-0.017674
2017-01-17,2.407,0.007113
2017-01-18,2.398,-0.003739
2017-01-19,2.397,-0.000417
2017-01-20,2.421,0.010013
2017-01-23,2.43,0.003717
2017-01-24,2.431,0.000412
2017-01-25,2.443,0.004936
2017-01-26,2.456,0.005321
2017-02-03,2.452,-0.001629
2017-02-06,2.47,0.007341
2017-02-07,2.464,-0.002429
2017-02-08,2.471,0.002841
2017-02-09,2.475,0.001619
2017-02-10,2.471,-0.001616
2017-02-13,2.48,0.003642
2017-02-14,2.478,-0.000806
2017-02-15,2.465,-0.005246
2017-02-16,2.479,0.00568
2017-02-17,2.475,-0.001614
2017-02-20,2.49,0.006061
2017-02-21,2.502,0.004819
2017-02-22,2.498,-0.001599
2017-02-23,2.503,0.002002
2017-02-24,2.508,0.001998
2017-02-27,2.502,-0.002392
2017-02-28,2.505,0.001199
2017-03-01,2.509,0.001597
2017-03-02,2.507,-0.000797
2017-03-03,2.527,0.007978
2017-03-06,2.544,0.006727
2017-03-07,2.555,0.004324
2017-03-08,2.543,-0.004697
2017-03-09,2.532,-0.004326
2017-03-10,2.544,0.004739
2017-03-13,2.563,0.007469
2017-03-14,2.546,-0.006633
2017-03-15,2.541,-0.001964
2017-03-16,2.548,0.002755
2017-03-17,2.535,-0.005102
2017-03-20,2.531,-0.001578
2017-03-21,2.539,0.003161
2017-03-22,2.544,0.001969
2017-03-23,2.548,0.001572
2017-03-24,2.56,0.00471
2017-03-27,2.553,-0.002734
2017-03-28,2.554,0.000392
2017-03-29,2.552,-0.000783
2017-03-30,2.529,-0.009013
2017-03-31,2.545,0.006327
2017-04-05,2.561,0.006287
2017-04-06,2.563,0.000781
2017-04-07,2.564,0.00039
2017-04-10,2.554,-0.0039
2017-04-11,2.565,0.004307
2017-04-12,2.559,-0.002339
2017-04-13,2.567,0.003126
2017-04-14,2.551,-0.006233
2017-04-17,2.551,0.0
2017-04-18,2.567,0.006272
2017-04-19,2.569,0.000779
2017-04-20,2.59,0.008174
2017-04-21,2.576,-0.005405
2017-04-24,2.554,-0.00854
2017-04-25,2.574,0.007831
2017-04-26,2.576,0.000777
2017-04-27,2.573,-0.001165
2017-04-28,2.565,-0.003109
2017-05-02,2.557,-0.003119
2017-05-03,2.556,-0.000391
2017-05-04,2.553,-0.001174
2017-05-05,2.546,-0.002742
2017-05-08,2.524,-0.008641
2017-05-09,2.536,0.004754
2017-05-10,2.529,-0.00276
2017-05-11,2.543,0.005536
2017-05-12,2.544,0.000393
2017-05-15,2.543,-0.000393
2017-05-16,2.578,0.013763
2017-05-17,2.568,-0.003879
2017-05-18,2.553,-0.005841
2017-05-19,2.55,-0.001175
2017-05-22,2.544,-0.002353
2017-05-23,2.542,-0.000786
2017-05-24,2.537,-0.001967
2017-05-25,2.533,-0.001577
2017-05-26,2.519,-0.005527
2017-05-31,2.52,0.000397
2017-06-01,2.516,-0.001587
2017-06-02,2.508,-0.00318
2017-06-05,2.528,0.007974
2017-06-06,2.543,0.005934
2017-06-07,2.571,0.011011
2017-06-08,2.577,0.002334
2017-06-09,2.587,0.00388
2017-06-12,2.56,-0.010437
2017-06-13,2.571,0.004297
2017-06-14,2.555,-0.006223
2017-06-15,2.567,0.004697
2017-06-16,2.559,-0.003116
2017-06-19,2.572,0.00508
2017-06-20,2.575,0.001166
2017-06-21,2.595,0.007767
2017-06-22,2.58,-0.00578
2017-06-23,2.594,0.005426
2017-06-26,2.61,0.006168
2017-06-27,2.61,0.0
2017-06-28,2.597,-0.004981
2017-06-29,2.604,0.002695
2017-06-30,2.615,0.004224
2017-07-03,2.61,-0.001912
2017-07-04,2.598,-0.004598
2017-07-05,2.603,0.001925
2017-07-06,2.599,-0.001537
2017-07-07,2.584,-0.005771
2017-07-10,2.57,-0.005418
2017-07-11,2.572,0.000778
2017-07-12,2.565,-0.002722
2017-07-13,2.564,-0.00039
2017-07-14,2.564,0.0
2017-07-17,2.536,-0.01092
2017-07-18,2.535,-0.000394
2017-07-19,2.558,0.009073
2017-07-20,2.563,0.001955
2017-07-21,2.56,-0.001171
2017-07-24,2.576,0.00625
2017-07-25,2.566,-0.003882
2017-07-26,2.546,-0.007794
2017-07-27,2.552,0.002357
2017-07-28,2.56,0.003135
2017-07-31,2.56,0.0
2017-08-01,2.552,-0.003125
2017-08-02,2.536,-0.00627
2017-08-03,2.526,-0.003943
2017-08-04,2.514,-0.004751
2017-08-07,2.52,0.002387
2017-08-08,2.52,0.0
2017-08-09,2.53,0.003968
2017-08-10,2.528,-0.000791
2017-08-11,2.52,-0.003165
2017-08-14,2.55,0.011905
2017-08-15,2.566,0.006275
2017-08-16,2.571,0.001949
2017-08-17,2.562,-0.003501
2017-08-18,2.555,-0.002732
2017-08-21,2.562,0.00274
2017-08-22,2.566,0.001561
2017-08-23,2.559,-0.002728
2017-08-24,2.552,-0.002735
2017-08-25,2.554,0.000784
2017-08-28,2.563,0.003524
2017-08-29,2.557,-0.002341
2017-08-30,2.566,0.00352
2017-08-31,2.565,-0.00039
2017-09-01,2.572,0.002729
2017-09-04,2.583,0.004277
2017-09-05,2.586,0.001161
2017-09-06,2.58,-0.00232
2017-09-07,2.582,0.000775
2017-09-08,2.577,-0.001936
2017-09-11,2.589,0.004657
2017-09-12,2.58,-0.003476
2017-09-13,2.587,0.002713
2017-09-14,2.579,-0.003092
2017-09-15,2.595,0.006204
2017-09-18,2.611,0.006166
2017-09-19,2.598,-0.004979
2017-09-20,2.605,0.002694
2017-09-21,2.601,-0.001536
2017-09-22,2.596,-0.001922
2017-09-25,2.592,-0.001541
2017-09-26,2.584,-0.003086
2017-09-27,2.595,0.004257
2017-09-28,2.601,0.002312
2017-09-29,2.615,0.005383
2017-10-09,2.637,0.008413
2017-10-10,2.644,0.002655
2017-10-11,2.667,0.008699
2017-10-12,2.675,0.003
2017-10-13,2.692,0.006355
2017-10-16,2.684,-0.002972
2017-10-17,2.684,0.0
2017-10-18,2.696,0.004471
2017-10-19,2.694,-0.000742
2017-10-20,2.688,-0.002227
2017-10-23,2.704,0.005952
2017-10-24,2.714,0.003698
2017-10-25,2.73,0.005895
2017-10-26,2.721,-0.003297
2017-10-27,2.724,0.001103
2017-10-30,2.731,0.00257
2017-10-31,2.74,0.003295
2017-11-01,2.733,-0.002555
2017-11-02,2.729,-0.001464
2017-11-03,2.72,-0.003298
2017-11-06,2.758,0.013971
2017-11-07,2.775,0.006164
2017-11-08,2.763,-0.004324
2017-11-09,2.79,0.009772
2017-11-10,2.816,0.009319
2017-11-13,2.826,0.003551
2017-11-14,2.806,-0.007077
2017-11-15,2.782,-0.008553
2017-11-16,2.809,0.009705
2017-11-17,2.773,-0.012816
2017-11-20,2.813,0.014425
2017-11-21,2.839,0.009243
2017-11-22,2.821,-0.00634
2017-11-23,2.739,-0.029068
2017-11-24,2.737,-0.00073
2017-11-27,2.709,-0.01023
2017-11-28,2.73,0.007752
2017-11-29,2.726,-0.001465
2017-11-30,2.702,-0.008804
2017-12-01,2.715,0.004811
2017-12-04,2.72,0.001842
2017-12-05,2.698,-0.008088
2017-12-06,2.71,0.004448
2017-12-07,2.689,-0.007749
2017-12-08,2.716,0.010041
2017-12-11,2.737,0.007732
2017-12-12,2.725,-0.004384
2017-12-13,2.736,0.004037
2017-12-14,2.726,-0.003655
2017-12-15,2.714,-0.004402
2017-12-18,2.699,-0.005527
2017-12-19,2.72,0.007781
2017-12-20,2.722,0.000735
2017-12-21,2.747,0.009184
2017-12-22,2.744,-0.001092
2017-12-25,2.728,-0.005831
2017-12-26,2.715,-0.004765
2017-12-27,2.691,-0.00884
2017-12-28,2.693,0.000743
2017-12-29,2.708,0.00557
2017-12-31,2.708,0.0
2018-01-02,2.726,0.006647
2018-01-03,2.752,0.009538
2018-01-04,2.758,0.00218
2018-01-05,2.753,-0.001813
2018-01-08,2.744,-0.003269
2018-01-09,2.75,0.002187
2018-01-10,2.747,-0.001091
2018-01-11,2.736,-0.004004
2018-01-12,2.74,0.001462
2018-01-15,2.728,-0.00438
2018-01-16,2.744,0.005865
2018-01-17,2.723,-0.007653
2018-01-18,2.722,-0.000367
2018-01-19,2.713,-0.003306
2018-01-22,2.739,0.009583
2018-01-23,2.748,0.003286
2018-01-24,2.734,-0.005095
2018-01-25,2.719,-0.005486
2018-01-26,2.724,0.001839
2018-01-29,2.686,-0.01395
2018-01-30,2.681,-0.001862
2018-01-31,2.694,0.004849
2018-02-01,2.677,-0.00631
2018-02-02,2.685,0.002988
2018-02-05,2.661,-0.008939
2018-02-06,2.61,-0.019166
2018-02-07,2.574,-0.013793
2018-02-08,2.59,0.006216
2018-02-09,2.553,-0.014286
2018-02-12,2.594,0.01606
2018-02-13,2.611,0.006554
2018-02-14,2.628,0.006511
2018-02-22,2.664,0.013699
2018-02-23,2.664,0.0
2018-02-26,2.679,0.005631
2018-02-27,2.65,-0.010825
2018-02-28,2.639,-0.004151
2018-03-01,2.65,0.004168
2018-03-02,2.639,-0.004151
2018-03-05,2.63,-0.00341
2018-03-06,2.659,0.011027
2018-03-07,2.643,-0.006017
2018-03-08,2.668,0.009459
2018-03-09,2.689,0.007871
2018-03-12,2.691,0.000744
2018-03-13,2.682,-0.003344
2018-03-14,2.675,-0.00261
2018-03-15,2.687,0.004486
2018-03-16,2.667,-0.007443
2018-03-19,2.68,0.004874
2018-03-20,2.69,0.003731
2018-03-21,2.685,-0.001859
2018-03-22,2.665,-0.007449
2018-03-23,2.638,-0.010131
2018-03-26,2.647,0.003412
2018-03-27,2.662,0.005667
2018-03-28,2.628,-0.012772
2018-03-29,2.649,0.007991
2018-03-30,2.672,0.008683
2018-04-02,2.671,-0.000374
2018-04-03,2.683,0.004493
2018-04-04,2.677,-0.002236
2018-04-09,2.676,-0.000374
2018-04-10,2.704,0.010463
2018-04-11,2.72,0.005917
2018-04-12,2.716,-0.001471
2018-04-13,2.69,-0.009573
2018-04-16,2.673,-0.00632
2018-04-17,2.631,-0.015713
2018-04-18,2.643,0.004561
2018-04-19,2.669,0.009837
2018-04-20,2.657,-0.004496
2018-04-23,2.651,-0.002258
2018-04-24,2.681,0.011316
2018-04-25,2.686,0.001865
2018-04-26,2.661,-0.009308
2018-04-27,2.67,0.003382
2018-05-02,2.684,0.005243
2018-05-03,2.684,0.0
2018-05-04,2.694,0.003726
2018-05-07,2.724,0.011136
2018-05-08,2.732,0.002937
2018-05-09,2.732,0.0
2018-05-10,2.75,0.006589
2018-05-11,2.737,-0.004727
2018-05-14,2.757,0.007307
2018-05-15,2.775,0.006529
2018-05-16,2.779,0.001441
2018-05-17,2.748,-0.011155
2018-05-18,2.756,0.002911
2018-05-21,2.763,0.00254
2018-05-22,2.771,0.002895
2018-05-23,2.751,-0.007218
2018-05-24,2.735,-0.005816
2018-05-25,2.735,0.0
2018-05-28,2.751,0.00585
2018-05-29,2.733,-0.006543
2018-05-30,2.729,-0.001464
2018-05-31,2.783,0.019787
2018-06-01,2.748,-0.012576
2018-06-04,2.77,0.008006
2018-06-05,2.797,0.009747
2018-06-06,2.799,0.000715
2018-06-07,2.787,-0.004287
2018-06-08,2.775,-0.004306
2018-06-11,2.748,-0.00973
2018-06-12,2.782,0.012373
2018-06-13,2.77,-0.004313
2018-06-14,2.749,-0.007581
2018-06-15,2.733,-0.00582
2018-06-19,2.684,-0.017929
2018-06-20,2.719,0.01304
2018-06-21,2.711,-0.002942
2018-06-22,2.719,0.002951
2018-06-25,2.727,0.002942
2018-06-26,2.717,-0.003667
2018-06-27,2.676,-0.01509
2018-06-28,2.651,-0.009342
2018-06-29,2.694,0.01622
2018-06-30,2.694,0.0
2018-07-02,2.68,-0.005197
2018-07-03,2.653,-0.010075
2018-07-04,2.632,-0.007916
2018-07-05,2.605,-0.010258
2018-07-06,2.613,0.003071
2018-07-09,2.668,0.021049
2018-07-10,2.677,0.003373
2018-07-11,2.671,-0.002241
2018-07-12,2.71,0.014601
2018-07-13,2.738,0.010332
2018-07-16,2.745,0.002557
2018-07-17,2.721,-0.008743
2018-07-18,2.72,-0.000368
2018-07-19,2.707,-0.004779
2018-07-20,2.713,0.002216
2018-07-23,2.683,-0.011058
2018-07-24,2.695,0.004473
2018-07-25,2.708,0.004824
2018-07-26,2.689,-0.007016
2018-07-27,2.688,-0.000372
2018-07-30,2.662,-0.009673
2018-07-31,2.669,0.00263
2018-08-01,2.643,-0.009741
2018-08-02,2.623,-0.007567
2018-08-03,2.579,-0.016775
2018-08-06,2.527,-0.020163
2018-08-07,2.553,0.010289
2018-08-08,2.521,-0.012534
2018-08-09,2.566,0.01785
2018-08-10,2.575,0.003507
2018-08-13,2.581,0.00233
2018-08-14,2.572,-0.003487
2018-08-15,2.529,-0.016719
2018-08-16,2.52,-0.003559
2018-08-17,2.484,-0.014286
2018-08-20,2.479,-0.002013
2018-08-21,2.53,0.020573
2018-08-22,2.527,-0.001186
2018-08-23,2.534,0.00277
2018-08-24,2.534,0.0
2018-08-27,2.578,0.017364
2018-08-28,2.57,-0.003103
2018-08-29,2.564,-0.002335
2018-08-30,2.551,-0.00507
2018-08-31,2.524,-0.010584
2018-09-03,2.528,0.001585
2018-09-04,2.539,0.004351
2018-09-05,2.521,-0.007089
2018-09-06,2.5,-0.00833
2018-09-07,2.515,0.006
2018-09-10,2.495,-0.007952
2018-09-11,2.496,0.000401
2018-09-12,2.459,-0.014824
2018-09-13,2.452,-0.002847
2018-09-14,2.454,0.000816
2018-09-17,2.432,-0.008965
2018-09-18,2.453,0.008635
2018-09-19,2.48,0.011007
2018-09-20,2.478,-0.000806
2018-09-21,2.513,0.014124
2018-09-25,2.513,0.0
2018-09-26,2.546,0.013132
2018-09-27,2.543,-0.001178
2018-09-28,2.551,0.003146
2018-10-08,2.484,-0.026264
2018-10-09,2.485,0.000403
2018-10-10,2.472,-0.005231
2018-10-11,2.426,-0.018608
2018-10-12,2.461,0.014427
2018-10-15,2.447,-0.005689
2018-10-16,2.428,-0.007765
2018-10-17,2.415,-0.005354
2018-10-18,2.38,-0.014493
2018-10-19,2.417,0.015546
2018-10-22,2.486,0.028548
2018-10-23,2.45,-0.014481
2018-10-24,2.426,-0.009796
2018-10-25,2.41,-0.006595
2018-10-26,2.373,-0.015353
2018-10-29,2.313,-0.025284
2018-10-30,2.322,0.003891
2018-10-31,2.359,0.015935
2018-11-01,2.374,0.006359
2018-11-02,2.44,0.027801
2018-11-05,2.425,-0.006148
2018-11-06,2.422,-0.001237
2018-11-07,2.415,-0.00289
2018-11-08,2.407,-0.003313
2018-11-09,2.4,-0.002908
2018-11-12,2.409,0.00375
2018-11-13,2.429,0.008302
2018-11-14,2.416,-0.005352
2018-11-15,2.422,0.002483
2018-11-16,2.416,-0.002477
2018-11-19,2.426,0.004139
2018-11-20,2.4,-0.010717
2018-11-21,2.41,0.004167
2018-11-22,2.402,-0.00332
2018-11-23,2.385,-0.007077
2018-11-26,2.381,-0.001677
2018-11-27,2.382,0.00042
2018-11-28,2.396,0.005877
2018-11-29,2.388,-0.003339
2018-11-30,2.403,0.006281
2018-12-03,2.445,0.017478
2018-12-04,2.456,0.004499
2018-12-05,2.464,0.003257
2018-12-06,2.419,-0.018263
2018-12-07,2.396,-0.009508
2018-12-10,2.374,-0.009182
2018-12-11,2.389,0.006318
2018-12-12,2.394,0.002093
2018-12-13,2.412,0.007519
2018-12-14,2.391,-0.008706
2018-12-17,2.383,-0.003346
2018-12-18,2.37,-0.005455
2018-12-19,2.35,-0.008439
2018-12-20,2.349,-0.000426
2018-12-21,2.332,-0.007237
2018-12-24,2.349,0.00729
2018-12-25,2.349,0.0
2018-12-26,2.343,-0.002554
2018-12-27,2.341,-0.000854
2018-12-28,2.352,0.004699
2018-12-31,2.352,0.0
2019-01-02,2.329,-0.009779
2019-01-03,2.308,-0.009017
2019-01-04,2.331,0.009965
2019-01-07,2.341,0.00429
2019-01-08,2.34,-0.000427
2019-01-09,2.352,0.005128
2019-01-10,2.349,-0.001276
2019-01-11,2.352,0.001277
2019-01-14,2.335,-0.007228
2019-01-15,2.37,0.014989
2019-01-16,2.374,0.001688
2019-01-17,2.374,0.0
2019-01-18,2.397,0.009688
2019-01-21,2.404,0.00292
2019-01-22,2.385,-0.007903
2019-01-23,2.391,0.002516
2019-01-24,2.393,0.000836
2019-01-25,2.396,0.001254
2019-01-28,2.39,-0.002504
2019-01-29,2.401,0.004603
2019-01-30,2.389,-0.004998
2019-01-31,2.399,0.004186
2019-02-01,2.419,0.008337
2019-02-11,2.452,0.013642
2019-02-12,2.467,0.006117
2019-02-13,2.479,0.004864
2019-02-14,2.487,0.003227
2019-02-15,2.46,-0.010856
2019-02-18,2.5,0.01626
2019-02-19,2.488,-0.0048
2019-02-20,2.485,-0.001206
2019-02-21,2.484,-0.000402
2019-02-22,2.495,0.004428
2019-02-25,2.527,0.012826
2019-02-26,2.505,-0.008706
2019-02-27,2.509,0.001597
2019-02-28,2.525,0.006377
2019-03-01,2.547,0.008713
2019-03-04,2.558,0.004319
2019-03-05,2.556,-0.000782
2019-03-06,2.549,-0.002739
2019-03-07,2.527,-0.008631
2019-03-08,2.5,-0.010685
2019-03-11,2.53,0.012
2019-03-12,2.543,0.005138
2019-03-13,2.526,-0.006685
2019-03-14,2.525,-0.000396
2019-03-15,2.554,0.011485
2019-03-18,2.596,0.016445
2019-03-19,2.588,-0.003082
2019-03-20,2.583,-0.001932
2019-03-21,2.581,-0.000774
2019-03-22,2.591,0.003874
2019-03-25,2.564,-0.010421
2019-03-26,2.558,-0.00234
2019-03-27,2.582,0.009382
2019-03-28,2.596,0.005422
2019-03-29,2.637,0.015794
2019-04-01,2.661,0.009101
2019-04-02,2.646,-0.005637
2019-04-03,2.643,-0.001134
2019-04-04,2.648,0.001892
2019-04-08,2.638,-0.003776
2019-04-09,2.645,0.002654
2019-04-10,2.664,0.007183
2019-04-11,2.625,-0.01464
2019-04-12,2.619,-0.002286
2019-04-15,2.609,-0.003818
2019-04-16,2.633,0.009199
2019-04-17,2.645,0.004558
2019-04-18,2.652,0.002647
2019-04-19,2.668,0.006033
2019-04-22,2.648,-0.007496
2019-04-23,2.647,-0.000378
2019-04-24,2.652,0.001889
2019-04-25,2.64,-0.004525
2019-04-26,2.629,-0.004167
2019-04-29,2.652,0.008749
2019-04-30,2.656,0.001508
2019-05-06,2.592,-0.024096
2019-05-07,2.628,0.013889
2019-05-08,2.607,-0.007991
2019-05-09,2.576,-0.011891
2019-05-10,2.629,0.020575
2019-05-13,2.622,-0.002663
2019-05-14,2.61,-0.004577
2019-05-15,2.653,0.016475
2019-05-16,2.664,0.004146
2019-05-17,2.635,-0.010886
2019-05-20,2.613,-0.008349
2019-05-21,2.626,0.004975
2019-05-22,2.625,-0.000381
2019-05-23,2.6,-0.009524
2019-05-24,2.601,0.000385
2019-05-27,2.614,0.004998
2019-05-28,2.636,0.008416
2019-05-29,2.633,-0.001138
2019-05-30,2.639,0.002279
2019-05-31,2.642,0.001137
2019-06-03,2.633,-0.003407
2019-06-04,2.614,-0.007216
2019-06-05,2.607,-0.002678
2019-06-06,2.592,-0.005754
2019-06-10,2.623,0.01196
2019-06-11,2.67,0.017918
2019-06-12,2.657,-0.004869
2019-06-13,2.655,-0.000753
2019-06-14,2.649,-0.00226
2019-06-17,2.645,-0.00151
2019-06-18,2.653,0.003025
2019-06-19,2.669,0.006031
2019-06-20,2.703,0.012739
2019-06-21,2.701,-0.00074
2019-06-24,2.718,0.006294
2019-06-25,2.718,0.0
2019-06-26,2.728,0.003679
2019-06-27,2.758,0.010997
2019-06-28,2.761,0.001088
2019-06-30,2.761,0.0
2019-07-01,2.802,0.01485
2019-07-02,2.796,-0.002141
2019-07-03,2.766,-0.01073
2019-07-04,2.728,-0.013738
2019-07-05,2.756,0.010264
2019-07-08,2.725,-0.011248
2019-07-09,2.725,0.0
2019-07-10,2.729,0.001468
2019-07-11,2.723,-0.002199
2019-07-12,2.727,0.001469
2019-07-15,2.723,-0.001467
2019-07-16,2.704,-0.006978
2019-07-17,2.703,-0.00037
2019-07-18,2.689,-0.005179
2019-07-19,2.697,0.002975
2019-07-22,2.703,0.002225
2019-07-23,2.704,0.00037
2019-07-24,2.714,0.003698
2019-07-25,2.731,0.006264
2019-07-26,2.744,0.00476
2019-07-29,2.75,0.002187
2019-07-30,2.751,0.000364
2019-07-31,2.736,-0.005453
2019-08-01,2.72,-0.005848
2019-08-02,2.718,-0.000735
2019-08-05,2.69,-0.010302
2019-08-06,2.694,0.001487
2019-08-07,2.693,-0.000371
2019-08-08,2.721,0.010397
2019-08-09,2.717,-0.00147
2019-08-12,2.746,0.010674
2019-08-13,2.741,-0.001821
2019-08-14,2.758,0.006202
2019-08-15,2.759,0.000363
2019-08-16,2.781,0.007974
2019-08-19,2.807,0.009349
2019-08-20,2.803,-0.001425
2019-08-21,2.804,0.000357
2019-08-22,2.818,0.004993
2019-08-23,2.851,0.01171
2019-08-26,2.844,-0.002455
2019-08-27,2.862,0.006329
2019-08-28,2.857,-0.001747
2019-08-29,2.862,0.00175
2019-08-30,2.877,0.005241
2019-09-02,2.895,0.006257
2019-09-03,2.895,0.0
2019-09-04,2.873,-0.007599
2019-09-05,2.869,-0.001392
2019-09-06,2.869,0.0
2019-09-09,2.88,0.003834
2019-09-10,2.874,-0.002083
2019-09-11,2.838,-0.012526
2019-09-12,2.858,0.007047
2019-09-16,2.864,0.002099
2019-09-17,2.856,-0.002793
2019-09-18,2.89,0.011905
2019-09-19,2.896,0.002076
2019-09-20,2.902,0.002072
2019-09-23,2.897,-0.001723
2019-09-24,2.921,0.008284
2019-09-25,2.913,-0.002739
2019-09-26,2.889,-0.008239
2019-09-27,2.894,0.001731
2019-09-30,2.887,-0.002419
2019-10-08,2.889,0.000693
2019-10-09,2.881,-0.002769
2019-10-10,2.922,0.014231
2019-10-11,2.931,0.00308
2019-10-14,2.934,0.001024
2019-10-15,2.936,0.000682
2019-10-16,2.932,-0.001362
2019-10-17,2.942,0.003411
2019-10-18,2.921,-0.007138
2019-10-21,2.902,-0.006505
2019-10-22,2.919,0.005858
2019-10-23,2.898,-0.007194
2019-10-24,2.883,-0.005176
2019-10-25,2.907,0.008325
2019-10-28,2.936,0.009976
2019-10-29,2.942,0.002044
2019-10-30,2.931,-0.003739
2019-10-31,2.93,-0.000341
2019-11-01,2.952,0.007509
2019-11-04,2.979,0.009146
2019-11-05,2.984,0.001678
2019-11-06,2.97,-0.004692
2019-11-07,2.976,0.00202
2019-11-08,2.971,-0.00168
2019-11-11,2.943,-0.009424
2019-11-12,2.957,0.004757
2019-11-13,2.992,0.011836
2019-11-14,3.018,0.00869
2019-11-15,3.014,-0.001325
2019-11-18,3.014,0.0
2019-11-19,3.051,0.012276
2019-11-20,3.049,-0.000656
2019-11-21,3.033,-0.005248
2019-11-22,2.96,-0.024069
2019-11-25,2.931,-0.009797
2019-11-26,2.945,0.004777
2019-11-27,2.934,-0.003735
2019-11-28,2.931,-0.001022
2019-11-29,2.895,-0.012282
2019-12-02,2.885,-0.003454
2019-12-03,2.889,0.001386
2019-12-04,2.889,0.0
2019-12-05,2.911,0.007615
2019-12-06,2.932,0.007214
2019-12-09,2.903,-0.009891
2019-12-10,2.919,0.005512
2019-12-11,2.921,0.000685
2019-12-12,2.916,-0.001712
2019-12-13,2.939,0.007888
2019-12-16,2.939,0.0
2019-12-17,2.943,0.001361
2019-12-18,2.927,-0.005437
2019-12-19,2.909,-0.00615
2019-12-20,2.893,-0.0055
2019-12-23,2.87,-0.00795
2019-12-24,2.887,0.005923
2019-12-25,2.89,0.001039
2019-12-26,2.889,-0.000346
2019-12-27,2.881,-0.002769
2019-12-30,2.897,0.005554
2019-12-31,2.909,0.004142
2020-01-02,2.914,0.001719
2020-01-03,2.888,-0.008922
2020-01-06,2.877,-0.003809
2020-01-07,2.897,0.006952
2020-01-08,2.892,-0.001726
2020-01-09,2.945,0.018326
2020-01-10,2.971,0.008829
2020-01-13,3.008,0.012454
2020-01-14,2.985,-0.007646
2020-01-15,3.005,0.0067
2020-01-16,3.017,0.003993
2020-01-17,3.024,0.00232
2020-01-20,3.05,0.008598
2020-01-21,3.048,-0.000656
2020-01-22,3.065,0.005577
2020-01-23,3.019,-0.015008
2020-02-03,2.914,-0.03478
2020-02-04,2.963,0.016815
2020-02-05,2.98,0.005737
2020-02-06,3.019,0.013087
2020-02-07,3.034,0.004969
2020-02-10,3.028,-0.001978
2020-02-11,3.052,0.007926
2020-02-12,3.074,0.007208
2020-02-13,3.078,0.001301
2020-02-14,3.08,0.00065
2020-02-17,3.126,0.014935
2020-02-18,3.139,0.004159
2020-02-19,3.129,-0.003186
2020-02-20,3.174,0.014382
2020-02-21,3.208,0.010712
2020-02-24,3.247,0.012157
2020-02-25,3.264,0.005236
2020-02-26,3.176,-0.026961
2020-02-27,3.183,0.002204
2020-02-28,3.125,-0.018222
2020-03-02,3.167,0.01344
2020-03-03,3.192,0.007894
2020-03-04,3.169,-0.007206
2020-03-05,3.194,0.007889
2020-03-06,3.186,-0.002505
2020-03-09,3.106,-0.02511
2020-03-10,3.148,0.013522
2020-03-11,3.104,-0.013977
2020-03-12,3.068,-0.011598
2020-03-13,3.063,-0.00163
2020-03-16,2.96,-0.033627
2020-03-17,2.953,-0.002365
2020-03-18,2.939,-0.004741
2020-03-19,2.936,-0.001021
2020-03-20,2.953,0.00579
2020-03-23,2.891,-0.020996
2020-03-24,2.938,0.016257
2020-03-25,2.991,0.018039
2020-03-26,2.999,0.002675
2020-03-27,2.994,-0.001667
2020-03-30,2.964,-0.01002
2020-03-31,2.984,0.006748
2020-04-01,2.978,-0.002011
2020-04-02,3.029,0.017126
2020-04-03,3.026,-0.00099
2020-04-07,3.076,0.016523
2020-04-08,3.076,0.0
2020-04-09,3.11,0.011053
2020-04-10,3.076,-0.010932
2020-04-13,3.065,-0.003576
2020-04-14,3.113,0.015661
2020-04-15,3.116,0.000964
2020-04-16,3.131,0.004814
2020-04-17,3.133,0.000639
2020-04-20,3.161,0.008937
2020-04-21,3.141,-0.006327
2020-04-22,3.162,0.006686
2020-04-23,3.157,-0.001581
2020-04-24,3.137,-0.006335
2020-04-27,3.151,0.004463
2020-04-28,3.196,0.014281
2020-04-29,3.179,-0.005319
2020-04-30,3.208,0.009122
2020-05-06,3.261,0.016521
2020-05-07,3.28,0.005826
2020-05-08,3.302,0.006707
2020-05-11,3.277,-0.007571
2020-05-12,3.306,0.00885
2020-05-13,3.337,0.009377
2020-05-14,3.326,-0.003296
2020-05-15,3.333,0.002105
2020-05-18,3.325,-0.0024
2020-05-19,3.354,0.008722
2020-05-20,3.305,-0.014609
2020-05-21,3.296,-0.002723
2020-05-22,3.263,-0.010012
2020-05-25,3.27,0.002145
2020-05-26,3.321,0.015596
2020-05-27,3.265,-0.016862
2020-05-28,3.256,-0.002757
2020-05-29,3.299,0.013206
2020-06-01,3.345,0.013944
2020-06-02,3.313,-0.009567
2020-06-03,3.314,0.000302
2020-06-04,3.328,0.004225
2020-06-05,3.356,0.008413
2020-06-08,3.326,-0.008939
2020-06-09,3.358,0.009621
2020-06-10,3.381,0.006849
2020-06-11,3.377,-0.001183
2020-06-12,3.388,0.003257
2020-06-15,3.377,-0.003247
2020-06-16,3.416,0.011549
2020-06-17,3.43,0.004098
2020-06-18,3.424,-0.001749
2020-06-19,3.475,0.014895
2020-06-22,3.481,0.001727
2020-06-23,3.529,0.013789
2020-06-24,3.546,0.004817
2020-06-29,3.558,0.003384
2020-06-30,3.614,0.015739
2020-07-01,3.591,-0.006364
2020-07-02,3.563,-0.007797
2020-07-03,3.564,0.000281
2020-07-06,3.599,0.00982
2020-07-07,3.659,0.016671
2020-07-08,3.672,0.003553
2020-07-09,3.754,0.022331
2020-07-10,3.782,0.007459
2020-07-13,3.836,0.014278
2020-07-14,3.829,-0.001825
2020-07-15,3.836,0.001828
2020-07-16,3.693,-0.037278
2020-07-17,3.714,0.005686
2020-07-20,3.717,0.000808
2020-07-21,3.784,0.018025
2020-07-22,3.815,0.008192
2020-07-23,3.848,0.00865
2020-07-24,3.708,-0.036383
2020-07-27,3.728,0.005394
2020-07-28,3.762,0.00912
2020-07-29,3.828,0.017544
2020-07-30,3.817,-0.002874
2020-07-31,3.841,0.006288
2020-08-03,3.872,0.008071
2020-08-04,3.867,-0.001291
2020-08-05,3.9,0.008534
2020-08-06,3.876,-0.006154
2020-08-07,3.847,-0.007482
2020-08-10,3.83,-0.004419
2020-08-11,3.802,-0.007311
2020-08-12,3.746,-0.014729
2020-08-13,3.727,-0.005072
2020-08-14,3.754,0.007244
2020-08-17,3.77,0.004262
2020-08-18,3.798,0.007427
2020-08-19,3.75,-0.012638
2020-08-20,3.73,-0.005333
2020-08-21,3.754,0.006434
2020-08-24,3.775,0.005594
2020-08-25,3.785,0.002649
2020-08-26,3.766,-0.00502
2020-08-27,3.816,0.013277
2020-08-28,3.863,0.012317
2020-08-31,3.848,-0.003883
2020-09-01,3.873,0.006497
2020-09-02,3.889,0.004131
2020-09-03,3.861,-0.0072
2020-09-04,3.822,-0.010101
2020-09-07,3.725,-0.025379
2020-09-08,3.706,-0.005101
2020-09-09,3.622,-0.022666
2020-09-10,3.626,0.001104
2020-09-11,3.669,0.011859
2020-09-14,3.677,0.00218
2020-09-15,3.714,0.010063
2020-09-16,3.677,-0.009962
2020-09-17,3.677,0.0
2020-09-18,3.696,0.005167
2020-09-21,3.673,-0.006223
2020-09-22,3.68,0.001906
2020-09-23,3.724,0.011957
2020-09-24,3.682,-0.011278
2020-09-25,3.678,-0.001086
2020-09-28,3.658,-0.005438
2020-09-29,3.686,0.007654
2020-09-30,3.713,0.007325
2020-10-09,3.777,0.017237
2020-10-12,3.847,0.018533
2020-10-13,3.858,0.002859
2020-10-14,3.85,-0.002074
2020-10-15,3.828,-0.005714
2020-10-16,3.828,0.0
2020-10-19,3.78,-0.012539
2020-10-20,3.805,0.006614
2020-10-21,3.789,-0.004205
2020-10-22,3.765,-0.006334
2020-10-23,3.675,-0.023904
2020-10-26,3.697,0.005986
2020-10-27,3.758,0.0165
2020-10-28,3.792,0.009047
2020-10-29,3.82,0.007384
2020-10-30,3.782,-0.009948
2020-11-02,3.818,0.009519
2020-11-03,3.848,0.007858
2020-11-04,3.871,0.005977
2020-11-05,3.885,0.003617
2020-11-06,3.845,-0.010296
2020-11-09,3.916,0.018466
2020-11-10,3.879,-0.009448
2020-11-11,3.82,-0.01521
2020-11-12,3.845,0.006545
2020-11-13,3.858,0.003381
2020-11-16,3.855,-0.000778
2020-11-17,3.819,-0.009339
2020-11-18,3.771,-0.012569
2020-11-19,3.79,0.005038
2020-11-20,3.81,0.005277
2020-11-23,3.804,-0.001575
2020-11-24,3.797,-0.00184
2020-11-25,3.729,-0.017909
2020-11-26,3.731,0.000536
2020-11-27,3.746,0.00402
2020-11-30,3.765,0.005072
2020-12-01,3.827,0.016467
2020-12-02,3.829,0.000523
2020-12-03,3.85,0.005484
2020-12-04,3.886,0.009351
2020-12-07,3.905,0.004889
2020-12-08,3.903,-0.000512
2020-12-09,3.878,-0.006405
2020-12-10,3.924,0.011862
2020-12-11,3.915,-0.002294
2020-12-14,3.97,0.014049
2020-12-15,3.983,0.003275
2020-12-16,4.0,0.004268
2020-12-17,4.027,0.00675
2020-12-18,3.994,-0.008195
2020-12-21,4.028,0.008513
2020-12-22,3.995,-0.008193
2020-12-23,4.019,0.006008
2020-12-24,4.041,0.005474
2020-12-25,4.087,0.011383
2020-12-28,4.073,-0.003425
2020-12-29,4.068,-0.001228
2020-12-30,4.108,0.009833
2020-12-31,4.14,0.00779
2021-01-04,4.16,0.004831
2021-01-05,4.233,0.017548
2021-01-06,4.243,0.002362
2021-01-07,4.314,0.016733
2021-01-08,4.277,-0.008577
2021-01-11,4.228,-0.011457
2021-01-12,4.27,0.009934
2021-01-13,4.231,-0.009133
2021-01-14,4.198,-0.0078
2021-01-15,4.2,0.000476
2021-01-18,4.248,0.011429
2021-01-19,4.186,-0.014595
2021-01-20,4.279,0.022217
2021-01-21,4.345,0.015424
2021-01-22,4.422,0.017722
2021-01-25,4.463,0.009272
2021-01-26,4.401,-0.013892
2021-01-27,4.383,-0.00409
2021-01-28,4.311,-0.016427
2021-01-29,4.306,-0.00116
2021-02-01,4.328,0.005109
2021-02-02,4.38,0.012015
2021-02-03,4.362,-0.00411
2021-02-04,4.334,-0.006419
2021-02-05,4.38,0.010614
2021-02-08,4.43,0.011416
2021-02-09,4.479,0.011061
2021-02-10,4.533,0.012056
2021-02-18,4.443,-0.019854
2021-02-19,4.414,-0.006527
2021-02-22,4.26,-0.034889
2021-02-23,4.245,-0.003521
2021-02-24,4.154,-0.021437
2021-02-25,4.153,-0.000241
2021-02-26,4.062,-0.021912
2021-03-01,4.065,0.000739
2021-03-02,4.037,-0.006888
2021-03-03,4.066,0.007184
2021-03-04,3.944,-0.030005
2021-03-05,3.948,0.001014
2021-03-08,3.805,-0.036221
2021-03-09,3.722,-0.021813
2021-03-10,3.795,0.019613
2021-03-11,3.858,0.016601
2021-03-12,3.861,0.000778
2021-03-15,3.761,-0.0259
2021-03-16,3.788,0.007179
2021-03-17,3.826,0.010032
2021-03-18,3.869,0.011239
2021-03-19,3.821,-0.012406
2021-03-22,3.816,-0.001309
2021-03-23,3.812,-0.001048
2021-03-24,3.8,-0.003148
2021-03-25,3.838,0.01
2021-03-26,3.906,0.017718
2021-03-29,3.916,0.00256
2021-03-30,3.949,0.008427
2021-03-31,3.927,-0.005571
2021-04-01,3.99,0.016043
2021-04-02,4.029,0.009774
2021-04-06,4.004,-0.006205
2021-04-07,3.973,-0.007742
2021-04-08,4.029,0.014095
2021-04-09,3.993,-0.008935
2021-04-12,3.938,-0.013774
2021-04-13,3.968,0.007618
2021-04-14,3.992,0.006048
2021-04-15,3.986,-0.001503
2021-04-16,3.981,-0.001254
2021-04-19,4.024,0.010801
2021-04-20,4.055,0.007704
2021-04-21,4.073,0.004439
2021-04-22,4.08,0.001719
2021-04-23,4.124,0.010784
2021-04-26,4.083,-0.009942
2021-04-27,4.147,0.015675
2021-04-28,4.195,0.011575
2021-04-29,4.172,-0.005483
2021-04-30,4.176,0.000959
2021-05-06,4.112,-0.015326
2021-05-07,4.02,-0.022374
2021-05-10,4.001,-0.004726
2021-05-11,4.043,0.010497
2021-05-12,4.092,0.01212
2021-05-13,4.097,0.001222
2021-05-14,4.146,0.01196
2021-05-17,4.216,0.016884
2021-05-18,4.202,-0.003321
2021-05-19,4.206,0.000952
2021-05-20,4.259,0.012601
2021-05-21,4.239,-0.004696
2021-05-24,4.236,-0.000708
2021-05-25,4.302,0.015581
2021-05-26,4.272,-0.006974
2021-05-27,4.306,0.007959
2021-05-28,4.266,-0.009289
2021-05-31,4.294,0.006564
2021-06-01,4.324,0.006986
2021-06-02,4.28,-0.010176
2021-06-03,4.265,-0.003505
2021-06-04,4.282,0.003986
2021-06-07,4.302,0.004671
2021-06-08,4.28,-0.005114
2021-06-09,4.314,0.007944
2021-06-10,4.348,0.007881
2021-06-11,4.324,-0.00552
2021-06-15,4.317,-0.001619
2021-06-16,4.22,-0.022469
2021-06-17,4.284,0.015166
2021-06-18,4.316,0.00747
2021-06-21,4.335,0.004402
2021-06-22,4.38,0.010381
2021-06-23,4.359,-0.004795
2021-06-24,4.32,-0.008947
2021-06-25,4.39,0.016204
2021-06-28,4.442,0.011845
2021-06-29,4.431,-0.002476
2021-06-30,4.469,0.008576
2021-07-01,4.48,0.002461
2021-07-02,4.345,-0.030134
2021-07-05,4.351,0.001381
2021-07-06,4.256,-0.021834
2021-07-07,4.332,0.017857
2021-07-08,4.311,-0.004848
2021-07-09,4.273,-0.008815
2021-07-12,4.329,0.013106
2021-07-13,4.322,-0.001617
2021-07-14,4.348,0.006016
2021-07-15,4.373,0.00575
2021-07-16,4.306,-0.015321
2021-07-19,4.348,0.009754
2021-07-20,4.359,0.00253
2021-07-21,4.387,0.006423
2021-07-22,4.367,-0.004559
2021-07-23,4.301,-0.015113
2021-07-26,4.213,-0.02046
2021-07-27,4.158,-0.013055
2021-07-28,4.183,0.006013
2021-07-29,4.27,0.020798
2021-07-30,4.223,-0.011007
2021-08-02,4.286,0.014918
2021-08-03,4.303,0.003966
2021-08-04,4.34,0.008599
2021-08-05,4.33,-0.002304
2021-08-06,4.291,-0.009007
2021-08-09,4.31,0.004428
2021-08-10,4.326,0.003712
2021-08-11,4.288,-0.008784
2021-08-12,4.251,-0.008629
2021-08-13,4.217,-0.007998
2021-08-16,4.227,0.002371
2021-08-17,4.125,-0.024131
2021-08-18,4.126,0.000242
2021-08-19,4.146,0.004847
2021-08-20,4.035,-0.026773
2021-08-23,4.061,0.006444
2021-08-24,4.12,0.014528
2021-08-25,4.138,0.004369
2021-08-26,4.034,-0.025133
2021-08-27,4.016,-0.004462
2021-08-30,4.003,-0.003237
2021-08-31,3.96,-0.010742
2021-09-01,3.957,-0.000758
2021-09-02,3.89,-0.016932
2021-09-03,3.872,-0.004627
2021-09-06,3.988,0.029959
2021-09-07,3.983,-0.001254
2021-09-08,3.946,-0.009289
2021-09-09,3.949,0.00076
2021-09-10,3.987,0.009623
2021-09-13,3.953,-0.008528
2021-09-14,3.981,0.007083
2021-09-15,3.961,-0.005024
2021-09-16,3.96,-0.000252
2021-09-17,4.039,0.019949
2021-09-22,4.032,-0.001733
2021-09-23,4.035,0.000744
2021-09-24,4.059,0.005948
2021-09-27,4.089,0.007391
2021-09-28,4.077,-0.002935
2021-09-29,4.058,-0.00466
2021-09-30,4.086,0.0069
2021-10-08,4.071,-0.003671
2021-10-11,4.042,-0.007124
2021-10-12,4.014,-0.006927
2021-10-13,4.072,0.014449
2021-10-14,4.046,-0.006385
2021-10-15,4.043,-0.000741
2021-10-18,3.979,-0.01583
2021-10-19,4.018,0.009801
2021-10-20,3.987,-0.007715
2021-10-21,3.979,-0.002007
2021-10-22,3.992,0.003267
2021-10-25,4.014,0.005511
2021-10-26,4.013,-0.000249
2021-10-27,3.966,-0.011712
2021-10-28,3.959,-0.001765
2021-10-29,4.006,0.011872
2021-11-01,3.968,-0.009486
2021-11-02,3.969,0.000252
2021-11-03,3.951,-0.004535
2021-11-04,3.972,0.005315
2021-11-05,3.981,0.002266
2021-11-08,3.93,-0.012811
2021-11-09,3.962,0.008142
2021-11-10,3.958,-0.00101
2021-11-11,3.987,0.007327
2021-11-12,3.986,-0.000251
2021-11-15,3.989,0.000753
2021-11-16,4.018,0.00727
2021-11-17,4.012,-0.001493
2021-11-18,3.985,-0.00673
2021-11-19,3.986,0.000251
2021-11-22,4.017,0.007777
2021-11-23,4.02,0.000747
2021-11-24,4.019,-0.000249
2021-11-25,4.042,0.005723
2021-11-26,4.03,-0.002969
2021-11-29,4.028,-0.000496
2021-11-30,4.011,-0.00422
2021-12-01,3.987,-0.005984
2021-12-02,3.957,-0.007524
2021-12-03,3.988,0.007834
2021-12-06,3.951,-0.009278
2021-12-07,3.933,-0.004556
2021-12-08,3.981,0.012204
2021-12-09,4.027,0.011555
2021-12-10,4.006,-0.005215
2021-12-13,4.018,0.002996
2021-12-14,4.024,0.001493
2021-12-15,3.972,-0.012922
2021-12-16,3.972,0.0
2021-12-17,3.926,-0.011581
2021-12-20,3.877,-0.012481
2021-12-21,3.897,0.005159
2021-12-22,3.903,0.00154
2021-12-23,3.916,0.003331
2021-12-24,3.906,-0.002554
2021-12-27,3.909,0.000768
2021-12-28,3.931,0.005628
2021-12-29,3.901,-0.007632
2021-12-30,3.92,0.004871
2021-12-31,3.907,-0.003316
2022-01-04,3.835,-0.018428
2022-01-05,3.772,-0.016428
2022-01-06,3.748,-0.006363
2022-01-07,3.736,-0.003202
2022-01-10,3.744,0.002141
2022-01-11,3.707,-0.009882
2022-01-12,3.735,0.007553
2022-01-13,3.706,-0.007764
2022-01-14,3.713,0.001889
2022-01-17,3.731,0.004848
2022-01-18,3.744,0.003484
2022-01-19,3.709,-0.009348
2022-01-20,3.694,-0.004044
2022-01-21,3.668,-0.007038
2022-01-24,3.683,0.004089
2022-01-25,3.642,-0.011132
2022-01-26,3.643,0.000275
2022-01-27,3.593,-0.013725
2022-01-28,3.566,-0.007515
2022-02-07,3.578,0.003365
2022-02-08,3.527,-0.014254
2022-02-09,3.543,0.004536
2022-02-10,3.515,-0.007903
2022-02-11,3.489,-0.007397
2022-02-14,3.496,0.002006
2022-02-15,3.576,0.022883
2022-02-16,3.578,0.000559
2022-02-17,3.589,0.003074
2022-02-18,3.587,-0.000557
2022-02-21,3.569,-0.005018
2022-02-22,3.56,-0.002522
2022-02-23,3.621,0.017135
2022-02-24,3.593,-0.007733
2022-02-25,3.637,0.012246
2022-02-28,3.646,0.002475
2022-03-01,3.652,0.001646
2022-03-02,3.619,-0.009036
2022-03-03,3.567,-0.014369
2022-03-04,3.559,-0.002243
2022-03-07,3.486,-0.020511
2022-03-08,3.452,-0.009753
2022-03-09,3.432,-0.005794
2022-03-10,3.483,0.01486
2022-03-11,3.498,0.004307
2022-03-14,3.447,-0.01458
2022-03-15,3.39,-0.016536
2022-03-16,3.443,0.015634
2022-03-17,3.486,0.012489
2022-03-18,3.469,-0.004877
2022-03-21,3.483,0.004036
2022-03-22,3.456,-0.007752
2022-03-23,3.487,0.00897
2022-03-24,3.479,-0.002294
2022-03-25,3.434,-0.012935
2022-03-28,3.403,-0.009027
2022-03-29,3.404,0.000294
2022-03-30,3.463,0.017333
2022-03-31,3.442,-0.006064
2022-04-01,3.437,-0.001453
2022-04-06,3.389,-0.013966
2022-04-07,3.373,-0.004721
2022-04-08,3.369,-0.001186
2022-04-11,3.308,-0.018106
2022-04-12,3.339,0.009371
2022-04-13,3.307,-0.009584
2022-04-14,3.332,0.00756
2022-04-15,3.342,0.003001
2022-04-18,3.366,0.007181
2022-04-19,3.334,-0.009507
2022-04-20,3.313,-0.006299
2022-04-21,3.278,-0.010564
2022-04-22,3.269,-0.002746
2022-04-25,3.191,-0.023861
2022-04-26,3.186,-0.001567
2022-04-27,3.273,0.027307
2022-04-28,3.262,-0.003361
2022-04-29,3.316,0.016554
2022-05-05,3.335,0.00573
2022-05-06,3.303,-0.009595
2022-05-09,3.277,-0.007872
2022-05-10,3.315,0.011596
2022-05-11,3.359,0.013273
2022-05-12,3.366,0.002084
2022-05-13,3.367,0.000297
2022-05-16,3.34,-0.008019
2022-05-17,3.372,0.009581
2022-05-18,3.367,-0.001483
2022-05-19,3.376,0.002673
2022-05-20,3.396,0.005924
2022-05-23,3.392,-0.001178
2022-05-24,3.353,-0.011498
2022-05-25,3.357,0.001193
2022-05-26,3.363,0.001787
2022-05-27,3.371,0.002379
2022-05-30,3.404,0.009789
2022-05-31,3.448,0.012926
2022-06-01,3.44,-0.00232
2022-06-02,3.454,0.00407
2022-06-06,3.498,0.012739
2022-06-07,3.508,0.002859
2022-06-08,3.516,0.002281
2022-06-09,3.472,-0.012514
2022-06-10,3.496,0.006912
2022-06-13,3.476,-0.005721
2022-06-14,3.468,-0.002301
2022-06-15,3.468,0.0
2022-06-16,3.49,0.006344
2022-06-17,3.533,0.012321
2022-06-20,3.557,0.006793
2022-06-21,3.544,-0.003655
2022-06-22,3.527,-0.004797
2022-06-23,3.568,0.011625
2022-06-24,3.605,0.01037
2022-06-27,3.63,0.006935
2022-06-28,3.645,0.004132
2022-06-29,3.625,-0.005487
2022-06-30,3.678,0.014621
2022-07-01,3.663,-0.004078
2022-07-04,3.707,0.012012
2022-07-05,3.695,-0.003237
2022-07-06,3.683,-0.003248
2022-07-07,3.684,0.000272
2022-07-08,3.668,-0.004343
2022-07-11,3.634,-0.009269
2022-07-12,3.59,-0.012108
2022-07-13,3.583,-0.00195
2022-07-14,3.635,0.014513
2022-07-15,3.625,-0.002751
2022-07-18,3.642,0.00469
2022-07-19,3.63,-0.003295
2022-07-20,3.644,0.003857
2022-07-21,3.641,-0.000823
2022-07-22,3.622,-0.005218
2022-07-25,3.609,-0.003589
2022-07-26,3.615,0.001663
2022-07-27,3.605,-0.002766
2022-07-28,3.589,-0.004438
2022-07-29,3.556,-0.009195
2022-08-01,3.593,0.010405
2022-08-02,3.575,-0.00501
2022-08-03,3.568,-0.001958
2022-08-04,3.584,0.004484
2022-08-05,3.609,0.006975
2022-08-08,3.617,0.002217
2022-08-09,3.604,-0.003594
2022-08-10,3.573,-0.008602
2022-08-11,3.606,0.009236
2022-08-12,3.587,-0.005269
2022-08-15,3.574,-0.003624
2022-08-16,3.563,-0.003078
2022-08-17,3.575,0.003368
2022-08-18,3.584,0.002517
2022-08-19,3.562,-0.006138
2022-08-22,3.572,0.002807
2022-08-23,3.564,-0.00224
2022-08-24,3.516,-0.013468
2022-08-25,3.517,0.000284
2022-08-26,3.504,-0.003696
2022-08-29,3.508,0.001142
2022-08-30,3.498,-0.002851
2022-08-31,3.468,-0.008576
2022-09-01,3.45,-0.00519
2022-09-02,3.443,-0.002029
2022-09-05,3.433,-0.002904
2022-09-06,3.456,0.0067
2022-09-07,3.478,0.006366
2022-09-08,3.478,0.0
2022-09-09,3.486,0.0023
2022-09-13,3.48,-0.001721
2022-09-14,3.471,-0.002586
2022-09-15,3.404,-0.019303
2022-09-16,3.394,-0.002938
2022-09-19,3.377,-0.005009
2022-09-20,3.395,0.00533
2022-09-21,3.353,-0.012371
2022-09-22,3.353,0.0
2022-09-23,3.326,-0.008052
2022-09-26,3.361,0.010523
2022-09-27,3.403,0.012496
2022-09-28,3.372,-0.00911
2022-09-29,3.389,0.005042
2022-09-30,3.352,-0.010918
2022-10-10,3.274,-0.02327
2022-10-11,3.248,-0.007941
2022-10-12,3.278,0.009236
2022-10-13,3.285,0.002135
2022-10-14,3.357,0.021918
2022-10-17,3.354,-0.000894
2022-10-18,3.359,0.001491
2022-10-19,3.342,-0.005061
2022-10-20,3.343,0.000299
2022-10-21,3.34,-0.000897
2022-10-24,3.296,-0.013174
2022-10-25,3.287,-0.002731
2022-10-26,3.335,0.014603
2022-10-27,3.282,-0.015892
2022-10-28,3.251,-0.009445
2022-10-31,3.248,-0.000923
2022-11-01,3.292,0.013547
2022-11-02,3.324,0.009721
2022-11-03,3.347,0.006919
2022-11-04,3.381,0.010158
2022-11-07,3.37,-0.003253
2022-11-08,3.34,-0.008902
2022-11-09,3.32,-0.005988
2022-11-10,3.291,-0.008735
2022-11-11,3.327,0.010939
2022-11-14,3.317,-0.003006
2022-11-15,3.363,0.013868
2022-11-16,3.349,-0.004163
2022-11-17,3.341,-0.002389
2022-11-18,3.345,0.001197
2022-11-21,3.345,0.0
2022-11-22,3.311,-0.010164
2022-11-23,3.299,-0.003624
2022-11-24,3.299,0.0
2022-11-25,3.275,-0.007275
2022-11-28,3.26,-0.00458
2022-11-29,3.272,0.003681
2022-11-30,3.282,0.003056
2022-12-01,3.31,0.008531
2022-12-02,3.303,-0.002115
2022-12-05,3.288,-0.004541
2022-12-06,3.304,0.004866
2022-12-07,3.301,-0.000908
2022-12-08,3.288,-0.003938
2022-12-09,3.297,0.002737
2022-12-12,3.31,0.003943
2022-12-13,3.279,-0.009366
2022-12-14,3.283,0.00122
2022-12-15,3.298,0.004569
2022-12-16,3.275,-0.006974
2022-12-19,3.251,-0.007328
2022-12-20,3.229,-0.006767
2022-12-21,3.224,-0.001548
2022-12-22,3.222,-0.00062
2022-12-23,3.214,-0.002483
2022-12-26,3.248,0.010579
2022-12-27,3.287,0.012007
2022-12-28,3.286,-0.000304
2022-12-29,3.296,0.003043
2022-12-30,3.29,-0.00182
2022-12-31,3.29,0.0
2023-01-03,3.289,-0.000304
2023-01-04,3.279,-0.00304
2023-01-05,3.308,0.008844
2023-01-06,3.317,0.002721
2023-01-09,3.327,0.003015
2023-01-10,3.338,0.003306
2023-01-11,3.319,-0.005692
2023-01-12,3.322,0.000904
2023-01-13,3.34,0.005418
2023-01-16,3.372,0.009581
2023-01-17,3.38,0.002372
2023-01-18,3.375,-0.001479
2023-01-19,3.395,0.005926
2023-01-20,3.389,-0.001767
2023-01-30,3.405,0.004721
2023-01-31,3.374,-0.009104
2023-02-01,3.381,0.002075
2023-02-02,3.391,0.002958
2023-02-03,3.378,-0.003834
2023-02-06,3.35,-0.008289
2023-02-07,3.343,-0.00209
2023-02-08,3.329,-0.004188
2023-02-09,3.365,0.010814
2023-02-10,3.353,-0.003566
2023-02-13,3.359,0.001789
2023-02-14,3.359,0.0
2023-02-15,3.345,-0.004168
2023-02-16,3.33,-0.004484
2023-02-17,3.299,-0.009309
2023-02-20,3.317,0.005456
2023-02-21,3.304,-0.003919
2023-02-22,3.292,-0.003632
2023-02-23,3.3,0.00243
2023-02-24,3.281,-0.005758
2023-02-27,3.278,-0.000914
2023-02-28,3.291,0.003966
2023-03-01,3.288,-0.000912
2023-03-02,3.274,-0.004258
2023-03-03,3.279,0.001527
2023-03-06,3.29,0.003355
2023-03-07,3.259,-0.009422
2023-03-08,3.253,-0.001841
2023-03-09,3.25,-0.000922
2023-03-10,3.244,-0.001846
2023-03-13,3.244,0.0
2023-03-14,3.242,-0.000617
2023-03-15,3.232,-0.003085
2023-03-16,3.215,-0.00526
2023-03-17,3.188,-0.008398
2023-03-20,3.183,-0.001568
2023-03-21,3.209,0.008168
2023-03-22,3.204,-0.001558
2023-03-23,3.21,0.001873
2023-03-24,3.202,-0.002492
2023-03-27,3.204,0.000625
2023-03-28,3.184,-0.006242
2023-03-29,3.193,0.002827
2023-03-30,3.202,0.002819
2023-03-31,3.194,-0.002498
2023-04-03,3.197,0.000939
2023-04-04,3.188,-0.002815
2023-04-06,3.207,0.00596
2023-04-07,3.23,0.007172
2023-04-10,3.216,-0.004334
2023-04-11,3.212,-0.001244
2023-04-12,3.205,-0.002179
2023-04-13,3.212,0.002184
2023-04-14,3.231,0.005915
2023-04-17,3.233,0.000619
2023-04-18,3.224,-0.002784
2023-04-19,3.212,-0.003722
2023-04-20,3.193,-0.005915
2023-04-21,3.152,-0.012841
2023-04-24,3.115,-0.011739
2023-04-25,3.087,-0.008989
2023-04-26,3.105,0.005831
2023-04-27,3.123,0.005797
2023-04-28,3.121,-0.00064
2023-05-04,3.099,-0.007049
2023-05-05,3.084,-0.00484
2023-05-08,3.083,-0.000324
2023-05-09,3.061,-0.007136
2023-05-10,3.073,0.00392
2023-05-11,3.071,-0.000651
2023-05-12,3.057,-0.004559
2023-05-15,3.083,0.008505
2023-05-16,3.083,0.0
2023-05-17,3.074,-0.002919
2023-05-18,3.065,-0.002928
2023-05-19,3.076,0.003589
2023-05-22,3.08,0.0013
2023-05-23,3.065,-0.00487
2023-05-24,3.071,0.001958
2023-05-25,3.072,0.000326
2023-05-26,3.064,-0.002604
2023-05-29,3.062,-0.000653
2023-05-30,3.048,-0.004572
2023-05-31,3.029,-0.006234
2023-06-01,3.032,0.00099
2023-06-02,3.047,0.004947
2023-06-05,3.027,-0.006564
2023-06-06,2.999,-0.00925
2023-06-07,2.987,-0.004001
2023-06-08,2.975,-0.004017
2023-06-09,2.981,0.002017
2023-06-12,2.997,0.005367
2023-06-13,3.004,0.002336
2023-06-14,3.004,0.0
2023-06-15,3.04,0.011984
2023-06-16,3.049,0.002961
2023-06-19,3.035,-0.004592
2023-06-20,3.033,-0.000659
2023-06-21,3.0,-0.01088
2023-06-26,2.991,-0.003
2023-06-27,2.989,-0.000669
2023-06-28,2.989,0.0
2023-06-29,2.985,-0.001338
2023-06-30,3.002,0.005695
2023-07-03,3.019,0.005663
2023-07-04,3.032,0.004306
2023-07-05,3.011,-0.006926
2023-07-06,2.999,-0.003985
2023-07-07,2.982,-0.005669
2023-07-10,3.001,0.006372
2023-07-11,3.014,0.004332
2023-07-12,3.008,-0.001991
2023-07-13,3.029,0.006981
2023-07-14,3.016,-0.004292
2023-07-17,3.0,-0.005305
2023-07-18,2.998,-0.000667
2023-07-19,2.989,-0.003002
2023-07-20,2.98,-0.003011
2023-07-21,2.984,0.001342
2023-07-24,2.973,-0.003686
2023-07-25,3.002,0.009754
2023-07-26,3.008,0.001999
2023-07-27,3.002,-0.001995
2023-07-28,3.01,0.002665
2023-07-31,3.011,0.000332
2023-08-01,3.014,0.000996
2023-08-02,3.012,-0.000664
2023-08-03,3.02,0.002656
2023-08-04,3.021,0.000331
2023-08-07,2.993,-0.009268
2023-08-08,2.989,-0.001336
2023-08-09,2.997,0.002676
2023-08-10,2.997,0.0
2023-08-11,2.971,-0.008675
2023-08-14,2.963,-0.002693
2023-08-15,2.944,-0.006412
2023-08-16,2.929,-0.005095
2023-08-17,2.938,0.003073
2023-08-18,2.918,-0.006807
2023-08-21,2.9,-0.006169
2023-08-22,2.893,-0.002414
2023-08-23,2.867,-0.008987
2023-08-24,2.897,0.010464
2023-08-25,2.887,-0.003452
2023-08-28,2.891,0.001386
2023-08-29,2.928,0.012798
2023-08-30,2.938,0.003415
2023-08-31,2.935,-0.001021
2023-09-01,2.936,0.000341
2023-09-04,2.955,0.006471
2023-09-05,2.953,-0.000677
2023-09-06,2.95,-0.001016
2023-09-07,2.923,-0.009153
2023-09-08,2.924,0.000342
2023-09-11,2.932,0.002736
2023-09-12,2.924,-0.002729
2023-09-13,2.911,-0.004446
2023-09-14,2.901,-0.003435
2023-09-15,2.907,0.002068
2023-09-18,2.918,0.003784
2023-09-19,2.905,-0.004455
2023-09-20,2.893,-0.004131
2023-09-21,2.882,-0.003802
2023-09-22,2.898,0.005552
2023-09-25,2.894,-0.00138
2023-09-26,2.888,-0.002073
2023-09-27,2.9,0.004155
2023-09-28,2.901,0.000345
2023-10-09,2.904,0.001034
2023-10-10,2.894,-0.003444
2023-10-11,2.889,-0.001728
2023-10-12,2.892,0.001038
2023-10-13,2.879,-0.004495
2023-10-16,2.864,-0.00521
2023-10-17,2.869,0.001746
2023-10-18,2.856,-0.004531
2023-10-19,2.846,-0.003501
2023-10-20,2.836,-0.003514
2023-10-23,2.821,-0.005289
2023-10-24,2.831,0.003545
2023-10-25,2.836,0.001766
2023-10-26,2.836,0.0
2023-10-27,2.862,0.009168
2023-10-30,2.874,0.004193
2023-10-31,2.873,-0.000348
2023-11-01,2.87,-0.001044
2023-11-02,2.857,-0.00453
2023-11-03,2.869,0.0042
2023-11-06,2.897,0.009759
2023-11-07,2.888,-0.003107
2023-11-08,2.885,-0.001039
2023-11-09,2.884,-0.000347
2023-11-10,2.877,-0.002427
2023-11-13,2.89,0.004519
2023-11-14,2.895,0.00173
2023-11-15,2.899,0.001382
2023-11-16,2.882,-0.005864
2023-11-17,2.888,0.002082
2023-11-20,2.895,0.002424
2023-11-21,2.892,-0.001036
2023-11-22,2.879,-0.004495
2023-11-23,2.889,0.003473
2023-11-24,2.873,-0.005538
2023-11-27,2.868,-0.00174
2023-11-28,2.872,0.001395
2023-11-29,2.861,-0.00383
2023-11-30,2.859,-0.000699
2023-12-01,2.852,-0.002448
2023-12-04,2.847,-0.001753
2023-12-05,2.829,-0.006322
2023-12-06,2.834,0.001767
2023-12-07,2.829,-0.001764
2023-12-08,2.819,-0.003535
2023-12-11,2.837,0.006385
2023-12-12,2.84,0.001057
2023-12-13,2.827,-0.004577
2023-12-14,2.822,-0.001769
2023-12-15,2.814,-0.002835
2023-12-18,2.795,-0.006752
2023-12-19,2.788,-0.002504
2023-12-20,2.77,-0.006456
2023-12-21,2.781,0.003971
2023-12-22,2.793,0.004315
2023-12-25,2.804,0.003938
2023-12-26,2.794,-0.003566
2023-12-27,2.795,0.000358
2023-12-28,2.822,0.00966
2023-12-29,2.829,0.002481
2023-12-31,2.829,0.0
2024-01-02,2.814,-0.005302
2024-01-03,2.802,-0.004264
2024-01-04,2.79,-0.004283
2024-01-05,2.769,-0.007527
2024-01-08,2.745,-0.008667
2024-01-09,2.744,-0.000364
2024-01-10,2.742,-0.000729
2024-01-11,2.752,0.003647
2024-01-12,2.752,0.0
2024-01-15,2.739,-0.004724
2024-01-16,2.739,0.0
2024-01-17,2.708,-0.011318
2024-01-18,2.716,0.002954
2024-01-19,2.706,-0.003682
2024-01-22,2.669,-0.013673
2024-01-23,2.68,0.004121
2024-01-24,2.682,0.000746
2024-01-25,2.699,0.006339
2024-01-26,2.685,-0.005187
2024-01-29,2.667,-0.006704
2024-01-30,2.644,-0.008624
2024-01-31,2.625,-0.007186
2024-02-01,2.624,-0.000381
2024-02-02,2.601,-0.008765
2024-02-05,2.597,-0.001538
2024-02-06,2.649,0.020023
2024-02-07,2.68,0.011703
2024-02-08,2.697,0.006343
2024-02-19,2.686,-0.004079
2024-02-20,2.686,0.0
2024-02-21,2.693,0.002606
2024-02-22,2.696,0.001114
2024-02-23,2.701,0.001855
2024-02-26,2.703,0.00074
2024-02-27,2.718,0.005549
2024-02-28,2.69,-0.010302
2024-02-29,2.713,0.00855
2024-03-01,2.718,0.001843
2024-03-04,2.719,0.000368
2024-03-05,2.72,0.000368
2024-03-06,2.72,0.0
2024-03-07,2.703,-0.00625
2024-03-08,2.708,0.00185
2024-03-11,2.742,0.012555
2024-03-12,2.756,0.005106
2024-03-13,2.755,-0.000363
2024-03-14,2.749,-0.002178
2024-03-15,2.748,-0.000364
2024-03-18,2.771,0.00837
2024-03-19,2.765,-0.002165
2024-03-20,2.763,-0.000723
2024-03-21,2.758,-0.00181
2024-03-22,2.741,-0.006164
2024-03-25,2.726,-0.005472
2024-03-26,2.725,-0.000367
2024-03-27,2.701,-0.008807
2024-03-28,2.709,0.002962
2024-03-29,2.717,0.002953
2024-04-01,2.736,0.006993
2024-04-02,2.733,-0.001096
2024-04-03,2.729,-0.001464
2024-04-08,2.716,-0.004764
2024-04-09,2.725,0.003314
2024-04-10,2.713,-0.004404
2024-04-11,2.708,-0.001843
2024-04-12,2.701,-0.002585
2024-04-15,2.715,0.005183
2024-04-16,2.693,-0.008103
2024-04-17,2.711,0.006684
2024-04-18,2.706,-0.001844
2024-04-19,2.698,-0.002956
2024-04-22,2.708,0.003706
2024-04-23,2.699,-0.003323
2024-04-24,2.702,0.001112
2024-04-25,2.699,-0.00111
2024-04-26,2.711,0.004446
2024-04-29,2.74,0.010697
2024-04-30,2.74,0.0
2024-05-06,2.76,0.007299
2024-05-07,2.769,0.003261
2024-05-08,2.754,-0.005417
2024-05-09,2.78,0.009441
2024-05-10,2.769,-0.003957
2024-05-13,2.76,-0.00325
2024-05-14,2.756,-0.001449
2024-05-15,2.749,-0.00254
2024-05-16,2.749,0.0
2024-05-17,2.764,0.005457
2024-05-20,2.767,0.001085
2024-05-21,2.76,-0.00253
2024-05-22,2.767,0.002536
2024-05-23,2.753,-0.00506
2024-05-24,2.739,-0.005085
2024-05-27,2.749,0.003651
2024-05-28,2.74,-0.003274
2024-05-29,2.742,0.00073
2024-05-30,2.741,-0.000365
2024-05-31,2.747,0.002189
2024-06-03,2.744,-0.001092
2024-06-04,2.754,0.003644
2024-06-05,2.752,-0.000726
2024-06-06,2.737,-0.005451
2024-06-07,2.733,-0.001461
2024-06-11,2.742,0.003293
2024-06-12,2.741,-0.000365
2024-06-13,2.743,0.00073
2024-06-14,2.741,-0.000729
2024-06-17,2.74,-0.000365
2024-06-18,2.736,-0.00146
2024-06-19,2.723,-0.004751
2024-06-20,2.714,-0.003305
2024-06-21,2.712,-0.000737
2024-06-24,2.697,-0.005531
2024-06-25,2.686,-0.004079
2024-06-26,2.698,0.004468
2024-06-27,2.681,-0.006301
2024-06-28,2.687,0.002238
2024-06-30,2.687,0.0
2024-07-01,2.689,0.000744
2024-07-02,2.679,-0.003719
2024-07-03,2.671,-0.002986
2024-07-04,2.66,-0.004118
2024-07-05,2.663,0.001128
2024-07-08,2.643,-0.00751
2024-07-09,2.653,0.003784
2024-07-10,2.652,-0.000377
2024-07-11,2.669,0.00641
2024-07-12,2.667,-0.000749
2024-07-15,2.662,-0.001875
2024-07-16,2.665,0.001127
2024-07-17,2.667,0.00075
2024-07-18,2.683,0.005999
2024-07-19,2.691,0.002982
2024-07-22,2.694,0.001115
2024-07-23,2.667,-0.010022
2024-07-24,2.665,-0.00075
2024-07-25,2.663,-0.00075
2024-07-26,2.678,0.005633
2024-07-29,2.669,-0.003361
2024-07-30,2.669,0.0
2024-07-31,2.688,0.007119
2024-08-01,2.676,-0.004464
2024-08-02,2.665,-0.004111
2024-08-05,2.647,-0.006754
2024-08-06,2.661,0.005289
2024-08-07,2.666,0.001879
2024-08-08,2.653,-0.004876
2024-08-09,2.647,-0.002262
2024-08-12,2.646,-0.000378
2024-08-13,2.652,0.002268
2024-08-14,2.641,-0.004148
2024-08-15,2.641,0.0
2024-08-16,2.636,-0.001893
2024-08-19,2.633,-0.001138
2024-08-20,2.624,-0.003418
2024-08-21,2.621,-0.001143
2024-08-22,2.618,-0.001145
2024-08-23,2.616,-0.000764
2024-08-26,2.615,-0.000382
2024-08-27,2.61,-0.001912
2024-08-28,2.618,0.003065
2024-08-29,2.629,0.004202
2024-08-30,2.638,0.003423
2024-09-02,2.63,-0.003033
2024-09-03,2.639,0.003422
2024-09-04,2.638,-0.000379
2024-09-05,2.638,0.0
2024-09-06,2.626,-0.004549
2024-09-09,2.619,-0.002666
2024-09-10,2.62,0.000382
2024-09-11,2.622,0.000763
2024-09-12,2.616,-0.002288
2024-09-13,2.605,-0.004205
2024-09-18,2.607,0.000768
2024-09-19,2.609,0.000767
2024-09-20,2.607,-0.000767
2024-09-23,2.61,0.001151
2024-09-24,2.636,0.009962
2024-09-25,2.642,0.002276
2024-09-26,2.666,0.009084
2024-09-27,2.706,0.015004
2024-09-30,2.797,0.033629
2024-10-08,2.883,0.030747
2024-10-09,2.791,-0.031911
2024-10-10,2.791,0.0
2024-10-11,2.751,-0.014332
2024-10-14,2.779,0.010178
2024-10-15,2.768,-0.003958
2024-10-16,2.76,-0.00289
2024-10-17,2.762,0.000725
2024-10-18,2.798,0.013034
2024-10-21,2.817,0.006791
2024-10-22,2.814,-0.001065
2024-10-23,2.826,0.004264
2024-10-24,2.813,-0.0046
2024-10-25,2.821,0.002844
2024-10-28,2.824,0.001063
2024-10-29,2.819,-0.001771
2024-10-30,2.809,-0.003547
2024-10-31,2.805,-0.001424
2024-11-01,2.797,-0.002852
2024-11-04,2.815,0.006435
2024-11-05,2.847,0.011368
2024-11-06,2.852,0.001756
2024-11-07,2.845,-0.002454
2024-11-08,2.849,0.001406
2024-11-11,2.871,0.007722
2024-11-12,2.854,-0.005921
2024-11-13,2.856,0.000701
2024-11-14,2.834,-0.007703
2024-11-15,2.811,-0.008116
2024-11-18,2.808,-0.001067
2024-11-19,2.819,0.003917
2024-11-20,2.829,0.003547
2024-11-21,2.833,0.001414
2024-11-22,2.804,-0.010236
2024-11-25,2.797,-0.002496
2024-11-26,2.788,-0.003218
2024-11-27,2.803,0.00538
2024-11-28,2.794,-0.003211
2024-11-29,2.802,0.002863
2024-12-02,2.82,0.006424
2024-12-03,2.814,-0.002128
2024-12-04,2.819,0.001777
2024-12-05,2.824,0.001774
2024-12-06,2.827,0.001062
2024-12-09,2.828,0.000354
2024-12-10,2.837,0.003182
2024-12-11,2.84,0.001057
2024-12-12,2.855,0.005282
2024-12-13,2.834,-0.007356
2024-12-16,2.82,-0.00494
2024-12-17,2.811,-0.003191
2024-12-18,2.811,0.0
2024-12-19,2.809,-0.000711
2024-12-20,2.81,0.000356
2024-12-23,2.801,-0.003203
2024-12-24,2.812,0.003927
2024-12-25,2.806,-0.002134
2024-12-26,2.812,0.002138
2024-12-27,2.806,-0.002134
2024-12-30,2.808,0.000713
2024-12-31,2.795,-0.00463
2025-01-02,2.77,-0.008945
2025-01-03,2.756,-0.005054
2025-01-06,2.753,-0.001089
2025-01-07,2.755,0.000726
2025-01-08,2.755,0.0
2025-01-09,2.761,0.002178
2025-01-10,2.75,-0.003984
2025-01-13,2.746,-0.001455
2025-01-14,2.771,0.009104
2025-01-15,2.757,-0.005052
2025-01-16,2.759,0.000725
2025-01-17,2.764,0.001812
2025-01-20,2.771,0.002533
2025-01-21,2.768,-0.001083
2025-01-22,2.761,-0.002529
2025-01-23,2.763,0.000724
2025-01-24,2.769,0.002172
2025-01-27,2.765,-0.001445
2025-02-05,2.758,-0.002532
2025-02-06,2.775,0.006164
2025-02-07,2.789,0.005045
2025-02-10,2.801,0.004303
2025-02-11,2.795,-0.002142
2025-02-12,2.796,0.000358
2025-02-13,2.788,-0.002861
2025-02-14,2.789,0.000359
2025-02-17,2.787,-0.000717
2025-02-18,2.776,-0.003947
2025-02-19,2.785,0.003242
2025-02-20,2.783,-0.000718
2025-02-21,2.787,0.001437
2025-02-24,2.789,0.000718
2025-02-25,2.779,-0.003586
2025-02-26,2.794,0.005398
2025-02-27,2.796,0.000716
2025-02-28,2.783,-0.004649
2025-03-03,2.793,0.003593
2025-03-04,2.803,0.00358
2025-03-05,2.799,-0.001427
2025-03-06,2.804,0.001786
2025-03-07,2.808,0.001427
2025-03-10,2.814,0.002137
2025-03-11,2.82,0.002132
2025-03-12,2.815,-0.001773
2025-03-13,2.811,-0.001421
2025-03-14,2.826,0.005336
2025-03-17,2.824,-0.000708
2025-03-18,2.829,0.001771
2025-03-19,2.835,0.002121
2025-03-20,2.832,-0.001058
2025-03-21,2.819,-0.00459
2025-03-24,2.819,0.0
2025-03-25,2.828,0.003193
2025-03-26,2.826,-0.000707
2025-03-27,2.826,0.0
2025-03-28,2.821,-0.001769
2025-03-31,2.812,-0.00319
2025-04-01,2.825,0.004623
2025-04-02,2.822,-0.001062
2025-04-03,2.806,-0.00567
2025-04-07,2.715,-0.032431
2025-04-08,2.736,0.007735
2025-04-09,2.745,0.003289
2025-04-10,2.767,0.008015
2025-04-11,2.77,0.001084
2025-04-14,2.777,0.002527
2025-04-15,2.775,-0.00072
2025-04-16,2.773,-0.000721
2025-04-17,2.772,-0.000361
2025-04-18,2.77,-0.000722
2025-04-21,2.788,0.006498
2025-04-22,2.786,-0.000717
2025-04-23,2.785,-0.000359
2025-04-24,2.781,-0.001436
2025-04-25,2.78,-0.00036
2025-04-28,2.782,0.000719
2025-04-29,2.783,0.000359
2025-04-30,2.777,-0.002156
2025-05-06,2.792,0.005402
2025-05-07,2.801,0.003223
2025-05-08,2.814,0.004641
2025-05-09,2.807,-0.002488
2025-05-12,2.824,0.006056
2025-05-13,2.824,0.0
2025-05-14,2.819,-0.001771
2025-05-15,2.807,-0.004257
2025-05-16,2.807,0.0
2025-05-19,2.807,0.0
2025-05-20,2.814,0.002494
2025-05-21,2.822,0.002843
2025-05-22,2.814,-0.002835
2025-05-23,2.806,-0.002843
2025-05-26,2.8,-0.002138
2025-05-27,2.798,-0.000714
2025-05-28,2.797,-0.000357
2025-05-29,2.804,0.002503
2025-05-30,2.801,-0.00107
2025-06-03,2.804,0.001071
2025-06-04,2.808,0.001427
2025-06-05,2.808,0.0
2025-06-06,2.809,0.000356
2025-06-09,2.814,0.00178
2025-06-10,2.815,0.000355
2025-06-11,2.825,0.003552
2025-06-12,2.827,0.000708
2025-06-13,2.826,-0.000354
2025-06-16,2.822,-0.001415
2025-06-17,2.82,-0.000709
2025-06-18,2.823,0.001064
2025-06-19,2.812,-0.003897
2025-06-20,2.805,-0.002489
2025-06-23,2.813,0.002852
2025-06-24,2.824,0.00391
2025-06-25,2.84,0.005666
2025-06-26,2.837,-0.001056
2025-06-27,2.841,0.00141
2025-06-30,2.861,0.00704
2025-07-01,2.867,0.002097
2025-07-02,2.871,0.001395
2025-07-03,2.876,0.001742
2025-07-04,2.866,-0.003477
2025-07-07,2.868,0.000698
2025-07-08,2.877,0.003138
2025-07-09,2.877,0.0
2025-07-10,2.881,0.00139
2025-07-11,2.887,0.002083
2025-07-14,2.887,0.0
2025-07-15,2.883,-0.001386
2025-07-16,2.883,0.0
2025-07-17,2.893,0.003469
2025-07-18,2.897,0.001383
2025-07-21,2.909,0.004142
2025-07-22,2.923,0.004813
2025-07-23,2.922,-0.000342
2025-07-24,2.924,0.000684
2025-07-25,2.92,-0.001368
2025-07-28,2.912,-0.00274
2025-07-29,2.914,0.000687
2025-07-30,2.916,0.000686
2025-07-31,2.891,-0.008573
2025-08-01,2.893,0.000692
2025-08-04,2.909,0.005531
2025-08-05,2.913,0.001375
2025-08-06,2.919,0.00206
2025-08-07,2.92,0.000343
2025-08-08,2.92,0.0
2025-08-11,2.921,0.000342
2025-08-12,2.924,0.001027
2025-08-13,2.933,0.003078
2025-08-14,2.922,-0.00375
2025-08-15,2.939,0.005818
2025-08-18,2.94,0.00034
2025-08-19,2.934,-0.002041
2025-08-20,2.942,0.002727
2025-08-21,2.942,0.0
2025-08-22,2.957,0.005099
2025-08-25,2.975,0.006087
2025-08-26,2.975,0.0
2025-08-27,2.945,-0.010084
2025-08-28,2.953,0.002716
2025-08-29,2.96,0.00237
2025-09-01,2.973,0.004392
2025-09-02,2.964,-0.003027
2025-09-03,2.957,-0.002362
2025-09-04,2.941,-0.005411
2025-09-05,2.977,0.012241
2025-09-08,2.989,0.004031
2025-09-09,2.989,0.0
2025-09-10,2.985,-0.001338
2025-09-11,3.004,0.006365
2025-09-12,3.002,-0.000666
2025-09-15,2.998,-0.001332
2025-09-16,3.002,0.001334
2025-09-17,3.018,0.00533
2025-09-18,3.009,-0.002982
2025-09-19,3.015,0.001994
2025-09-22,3.014,-0.000332
2025-09-23,3.013,-0.000332
2025-09-24,3.032,0.006306
2025-09-25,3.033,0.00033
2025-09-26,3.028,-0.001649
2025-09-29,3.045,0.005614
2025-09-30,3.059,0.004598
2025-10-09,3.088,0.00948
2025-10-10,3.07,-0.005829
2025-10-13,3.076,0.001954
2025-10-14,3.049,-0.008778
2025-10-15,3.067,0.005904
2025-10-16,3.055,-0.003913
2025-10-17,3.025,-0.00982
2025-10-20,3.025,0.0
2025-10-21,3.04,0.004959
2025-10-22,3.03,-0.003289
2025-10-23,3.028,-0.00066
2025-10-24,3.034,0.001982
2025-10-27,3.04,0.001978
2025-10-28,3.038,-0.000658
2025-10-29,3.051,0.004279
2025-10-30,3.037,-0.004589
2025-10-31,3.04,0.000988
2025-11-03,3.048,0.002632
2025-11-04,3.028,-0.006562
2025-11-05,3.039,0.003633
2025-11-06,3.047,0.002632
2025-11-07,3.046,-0.000328
2025-11-10,3.055,0.002955
2025-11-11,3.05,-0.001637
2025-11-12,3.045,-0.001639
2025-11-13,3.057,0.003941
2025-11-14,3.046,-0.003598
2025-11-17,3.032,-0.004596
2025-11-18,3.023,-0.002968
2025-11-19,3.032,0.002977
2025-11-20,3.016,-0.005277
2025-11-21,2.987,-0.009615
2025-11-24,2.995,0.002678
2025-11-25,3.007,0.004007
2025-11-26,2.998,-0.002993
2025-11-27,3.001,0.001001
2025-11-28,3.008,0.002333
2025-12-01,3.027,0.006316
2025-12-02,3.016,-0.003634
2025-12-03,3.012,-0.001326
2025-12-04,3.015,0.000996
2025-12-05,3.032,0.005638
2025-12-08,3.028,-0.001319
2025-12-09,3.012,-0.005284
2025-12-10,3.021,0.002988
2025-12-11,3.021,0.0
2025-12-12,3.035,0.004634
2025-12-15,3.038,0.000988
2025-12-16,3.021,-0.005596
2025-12-17,3.04,0.006289
2025-12-18,3.038,-0.000658
2025-12-19,3.043,0.001646
2025-12-22,3.056,0.004272
2025-12-23,3.059,0.000982
2025-12-24,3.062,0.000981
2025-12-25,3.062,0.0
2025-12-26,3.066,0.001306
2025-12-29,3.062,-0.001305
2025-12-30,3.06,-0.000653
2025-12-31,3.061,0.000327
2026-01-05,3.085,0.007841
2026-01-06,3.109,0.00778
2026-01-07,3.108,-0.000322
2026-01-08,3.119,0.003539
2026-01-09,3.136,0.00545
2026-01-12,3.143,0.002232
2026-01-13,3.141,-0.000636
2026-01-14,3.143,0.000637
2026-01-15,3.156,0.004136
2026-01-16,3.152,-0.001267
2026-01-19,3.177,0.007931
2026-01-20,3.176,-0.000315
2026-01-21,3.197,0.006612
2026-01-22,3.196,-0.000313
2026-01-23,3.205,0.002816
2026-01-26,3.212,0.002184
2026-01-27,3.213,0.000311
2026-01-28,3.231,0.005602
2026-01-29,3.223,-0.002476
2026-01-30,3.183,-0.012411
2026-02-02,3.12,-0.019793
2026-02-03,3.154,0.010897
2026-02-04,3.162,0.002536
2026-02-05,3.146,-0.00506
2026-02-06,3.148,0.000636
2026-02-09,3.169,0.006671
2026-02-10,3.167,-0.000631
2026-02-11,3.177,0.003158
2026-02-12,3.183,0.001889
2026-02-13,3.164,-0.005969
2026-02-24,3.189,0.007901
2026-02-25,3.202,0.004077
2026-02-26,3.205,0.000937
2026-02-27,3.208,0.000936
2026-03-02,3.221,0.004052
2026-03-03,3.167,-0.016765
2026-03-04,3.148,-0.005999
2026-03-05,3.153,0.001588
2026-03-06,3.158,0.001586
2026-03-09,3.145,-0.004117
2026-03-10,3.181,0.011447
2026-03-11,3.194,0.004087
2026-03-12,3.182,-0.003757
2026-03-13,3.162,-0.006285
2026-03-16,3.155,-0.002214
2026-03-17,3.132,-0.00729
2026-03-18,3.135,0.000958
2026-03-19,3.087,-0.015311
2026-03-20,3.07,-0.005507
2026-03-23,3.005,-0.021173
2026-03-24,3.032,0.008985
2026-03-25,3.072,0.013193
2026-03-26,3.046,-0.008464
2026-03-27,3.063,0.005581
2026-03-30,3.071,0.002612
2026-03-31,3.055,-0.00521
2026-04-01,3.092,0.012111
2026-04-02,3.07,-0.007115
2026-04-03,3.059,-0.003583
2026-04-07,3.053,-0.001961
2026-04-08,3.118,0.021291
2026-04-09,3.102,-0.005131
2026-04-10,3.106,0.001289
2026-04-13,3.108,0.000644
2026-04-14,3.13,0.007079
2026-04-15,3.123,-0.002236
2026-04-16,3.14,0.005443
2026-04-17,3.135,-0.001592
2026-04-20,3.146,0.003509
2026-04-21,3.146,0.0
2026-04-22,3.163,0.005404
2026-04-23,3.132,-0.009801
2026-04-24,3.121,-0.003512
2026-04-27,3.143,0.007049
2026-04-28,3.122,-0.006682
2026-04-29,3.139,0.005445
2026-04-30,3.126,-0.004141
2026-05-06,3.157,0.009917
2026-05-07,3.173,0.005068
2026-05-08,3.183,0.003152
2026-05-11,3.201,0.005655
2026-05-12,3.211,0.003124
2026-05-13,3.234,0.007163
2026-05-14,3.198,-0.011132
2026-05-15,3.185,-0.004065
2026-05-18,3.18,-0.00157
2026-05-19,3.192,0.003774
2026-05-20,3.201,0.00282
2026-05-21,3.165,-0.011246
2026-05-22,3.191,0.008215
2026-05-25,3.207,0.005014
2026-05-26,3.202,-0.001559
2026-05-27,3.166,-0.011243
2026-05-28,3.153,-0.004106
2026-05-29,3.124,-0.009198
2026-06-01,3.119,-0.001601
2026-06-02,3.123,0.001282
2026-06-03,3.115,-0.002562
2026-06-04,3.104,-0.003531
2026-06-05,3.084,-0.006443
2026-06-08,3.04,-0.014267
2026-06-09,3.07,0.009868
2026-06-10,3.05,-0.006515
2026-06-11,3.054,0.001311
2026-06-12,3.084,0.009823
2026-06-15,3.117,0.0107
2026-06-16,3.108,-0.002887
2026-06-17,3.118,0.003218
2026-06-18,3.112,-0.001924
2026-06-22,3.122,0.003213
2026-06-23,3.079,-0.013773
2026-06-24,3.102,0.00747
2026-06-25,3.089,-0.004191
2026-06-26,3.058,-0.010036
2026-06-29,3.08,0.007194
2026-06-30,3.094,0.004545
2026-07-01,3.087,-0.002262
2026-07-02,3.072,-0.004859
2026-07-03,3.116,0.014323
2026-07-06,3.113,-0.000963
2026-07-07,3.082,-0.009958
2026-07-08,3.065,-0.005516
2026-07-09,3.087,0.007178
2026-07-10,3.093,0.001944
2026-07-13,3.043,-0.016166
2026-07-14,3.08,0.012159
2026-07-15,3.07,-0.003247
2026-07-16,3.067,-0.000977
2026-07-17,3.011,-0.018259
2026-07-20,3.022,0.003653
2026-07-21,3.065,0.014229
2026-07-22,3.078,0.004241
2026-07-23,3.093,0.004873
2026-07-24,3.065,-0.009053
2026-07-27,3.1,0.011419
2026-07-28,3.068,-0.010323
2026-07-29,3.097,0.009452
2026-07-30,3.076,-0.006781
2026-07-31,3.096,0.006502
2026-08-03,3.086,-0.00323
2026-08-04,3.094,0.002592
2026-08-05,3.121,0.008727
2026-08-06,3.126,0.001602
2026-08-07,3.152,0.008317
2026-08-10,3.174,0.00698
2026-08-11,3.151,-0.007246
2026-08-12,3.165,0.004443
2026-08-13,3.139,-0.008215
2026-08-14,3.138,-0.000319
2026-08-17,3.166,0.008923
2026-08-18,3.165,-0.000316
2026-08-19,3.127,-0.012006
2026-08-20,3.145,0.005756
2026-08-21,3.159,0.004452
2026-08-24,3.142,-0.005381
2026-08-25,3.133,-0.002864
2026-08-26,3.141,0.002553
2026-08-27,3.149,0.002547
2026-08-28,3.146,-0.000953
2026-08-31,3.148,0.000636
2026-09-01,3.138,-0.003177
2026-09-02,3.133,-0.001593
2026-09-03,3.138,0.001596
2026-09-04,3.14,0.000637
2026-09-07,3.149,0.002866
2026-09-08,3.15,0.000318
2026-09-09,3.161,0.003492
2026-09-10,3.152,-0.002847
2026-09-11,3.135,-0.005393
2026-09-14,3.125,-0.00319
2026-09-15,3.114,-0.00352
2026-09-16,3.124,0.003211
2026-09-17,3.114,-0.003201
2026-09-18,3.137,0.007386
2026-09-21,3.138,0.000319
2026-09-22,3.137,-0.000319
2026-09-23,3.133,-0.001275
2026-09-24,3.092,-0.013086
2026-09-28,3.057,-0.01132
2026-09-29,3.067,0.003271
2026-09-30,3.072,0.00163
