净值日期,累计净值,daily_return
2002-11-05,1.0,
2002-12-05,0.9887,-0.0113
2002-12-06,0.9888,0.000101
2002-12-09,0.9873,-0.001517
2002-12-10,0.9828,-0.004558
2002-12-11,0.9806,-0.002239
2002-12-12,0.9806,0.0
2002-12-13,0.9848,0.004283
2002-12-16,0.9863,0.001523
2002-12-17,0.9891,0.002839
2002-12-18,0.9887,-0.000404
2002-12-19,0.9894,0.000708
2002-12-20,0.9942,0.004851
2002-12-23,0.9947,0.000503
2002-12-24,0.9947,0.0
2002-12-25,0.9907,-0.004021
2002-12-26,0.9791,-0.011709
2002-12-27,0.9786,-0.000511
2002-12-30,0.9708,-0.007971
2002-12-31,0.9663,-0.004635
2003-01-02,0.951,-0.015834
2003-01-03,0.9505,-0.000526
2003-01-06,0.9541,0.003787
2003-01-07,0.9538,-0.000314
2003-01-08,0.9706,0.017614
2003-01-09,0.9782,0.00783
2003-01-10,0.9747,-0.003578
2003-01-13,0.9757,0.001026
2003-01-14,1.0058,0.03085
2003-01-15,1.0054,-0.000398
2003-01-16,1.0149,0.009449
2003-01-17,1.0118,-0.003054
2003-01-20,1.013,0.001186
2003-01-21,1.004,-0.008885
2003-01-22,1.0038,-0.000199
2003-01-23,1.0001,-0.003686
2003-01-24,1.0091,0.008999
2003-01-27,1.0182,0.009018
2003-01-28,1.0203,0.002062
2003-01-29,1.0209,0.000588
2003-02-10,1.0123,-0.008424
2003-02-11,1.0179,0.005532
2003-02-12,1.0234,0.005403
2003-02-13,1.0206,-0.002736
2003-02-14,1.0216,0.00098
2003-02-17,1.0166,-0.004894
2003-02-18,1.0167,9.8e-05
2003-02-19,1.0209,0.004131
2003-02-20,1.0206,-0.000294
2003-02-21,1.0103,-0.010092
2003-02-24,1.0127,0.002376
2003-02-25,1.0231,0.01027
2003-02-26,1.0245,0.001368
2003-02-27,1.0244,-9.8e-05
2003-02-28,1.0241,-0.000293
2003-03-03,1.0323,0.008007
2003-03-04,1.033,0.000678
2003-03-05,1.0299,-0.003001
2003-03-06,1.0219,-0.007768
2003-03-07,1.0205,-0.00137
2003-03-10,1.0113,-0.009015
2003-03-11,1.0104,-0.00089
2003-03-12,1.0145,0.004058
2003-03-13,1.012,-0.002464
2003-03-14,1.0126,0.000593
2003-03-17,1.0134,0.00079
2003-03-18,1.0103,-0.003059
2003-03-19,1.0139,0.003563
2003-03-20,1.0122,-0.001677
2003-03-21,1.0178,0.005533
2003-03-24,1.019,0.001179
2003-03-25,1.0122,-0.006673
2003-03-26,1.0106,-0.001581
2003-03-27,1.0273,0.016525
2003-03-28,1.0253,-0.001947
2003-03-31,1.0345,0.008973
2003-04-01,1.0385,0.003867
2003-04-02,1.0395,0.000963
2003-04-03,1.0349,-0.004425
2003-04-04,1.0392,0.004155
2003-04-07,1.035,-0.004042
2003-04-08,1.0378,0.002705
2003-04-09,1.0534,0.015032
2003-04-10,1.0582,0.004557
2003-04-11,1.0716,0.012663
2003-04-14,1.0876,0.014931
2003-04-15,1.0959,0.007631
2003-04-16,1.0865,-0.008577
2003-04-17,1.0912,0.004326
2003-04-18,1.078,-0.012097
2003-04-21,1.0585,-0.018089
2003-04-22,1.0592,0.000661
2003-04-23,1.0447,-0.01369
2003-04-24,1.0267,-0.01723
2003-04-25,1.0201,-0.006428
2003-04-28,1.0596,0.038722
2003-04-29,1.0445,-0.014251
2003-04-30,1.0531,0.008234
2003-05-12,1.0563,0.003039
2003-05-13,1.0354,-0.019786
2003-05-14,1.0524,0.016419
2003-05-15,1.0698,0.016534
2003-05-16,1.0719,0.001963
2003-05-19,1.0734,0.001399
2003-05-20,1.0656,-0.007267
2003-05-21,1.065,-0.000563
2003-05-22,1.0708,0.005446
2003-05-23,1.0775,0.006257
2003-05-26,1.081,0.003248
2003-05-27,1.0796,-0.001295
2003-05-28,1.0689,-0.009911
2003-05-29,1.0738,0.004584
2003-05-30,1.0764,0.002421
2003-06-02,1.0787,0.002137
2003-06-03,1.0751,-0.003337
2003-06-04,1.0784,0.003069
2003-06-05,1.0745,-0.003616
2003-06-06,1.0699,-0.004281
2003-06-09,1.066,-0.003645
2003-06-10,1.0689,0.00272
2003-06-11,1.0756,0.006268
2003-06-12,1.0745,-0.001023
2003-06-13,1.0769,0.002234
2003-06-16,1.0738,-0.002879
2003-06-17,1.0718,-0.001863
2003-06-18,1.0701,-0.001586
2003-06-19,1.0671,-0.002803
2003-06-20,1.065,-0.001968
2003-06-23,1.061,-0.003756
2003-06-24,1.06,-0.000943
2003-06-25,1.0573,-0.002547
2003-06-26,1.0608,0.00331
2003-06-27,1.0566,-0.003959
2003-06-30,1.0551,-0.00142
2003-07-01,1.0558,0.000663
2003-07-02,1.0616,0.005493
2003-07-03,1.0627,0.001036
2003-07-04,1.0655,0.002635
2003-07-07,1.0681,0.00244
2003-07-08,1.0702,0.001966
2003-07-09,1.0675,-0.002523
2003-07-10,1.0773,0.00918
2003-07-11,1.0759,-0.0013
2003-07-14,1.0729,-0.002788
2003-07-15,1.074,0.001025
2003-07-16,1.0785,0.00419
2003-07-17,1.0855,0.00649
2003-07-18,1.0723,-0.01216
2003-07-21,1.0707,-0.001492
2003-07-22,1.0702,-0.000467
2003-07-23,1.0721,0.001775
2003-07-24,1.0699,-0.002052
2003-07-25,1.0615,-0.007851
2003-07-28,1.0592,-0.002167
2003-07-29,1.0651,0.00557
2003-07-30,1.0669,0.00169
2003-07-31,1.0671,0.000187
2003-08-01,1.0661,-0.000937
2003-08-04,1.0719,0.00544
2003-08-05,1.0703,-0.001493
2003-08-06,1.0643,-0.005606
2003-08-07,1.0669,0.002443
2003-08-08,1.0579,-0.008436
2003-08-11,1.0612,0.003119
2003-08-12,1.0629,0.001602
2003-08-13,1.053,-0.009314
2003-08-14,1.0449,-0.007692
2003-08-15,1.0421,-0.00268
2003-08-18,1.0418,-0.000288
2003-08-19,1.0441,0.002208
2003-08-20,1.0393,-0.004597
2003-08-21,1.0393,0.0
2003-08-22,1.0419,0.002502
2003-08-25,1.0399,-0.00192
2003-08-26,1.0417,0.001731
2003-08-27,1.0411,-0.000576
2003-08-28,1.0377,-0.003266
2003-08-29,1.0418,0.003951
2003-09-01,1.0555,0.01315
2003-09-02,1.052,-0.003316
2003-09-03,1.0492,-0.002662
2003-09-04,1.0474,-0.001716
2003-09-05,1.0419,-0.005251
2003-09-08,1.0387,-0.003071
2003-09-09,1.0329,-0.005584
2003-09-10,1.0335,0.000581
2003-09-11,1.0369,0.00329
2003-09-12,1.0338,-0.00299
2003-09-15,1.0308,-0.002902
2003-09-16,1.0316,0.000776
2003-09-17,1.0231,-0.00824
2003-09-18,1.0227,-0.000391
2003-09-19,1.0249,0.002151
2003-09-22,1.0167,-0.008001
2003-09-23,1.0182,0.001475
2003-09-24,1.0195,0.001277
2003-09-25,1.0112,-0.008141
2003-09-26,1.0111,-9.9e-05
2003-09-29,1.0068,-0.004253
2003-09-30,1.0161,0.009237
2003-10-08,1.0225,0.006299
2003-10-09,1.0232,0.000685
2003-10-10,1.0414,0.017787
2003-10-13,1.0403,-0.001056
2003-10-14,1.0372,-0.00298
2003-10-15,1.0339,-0.003182
2003-10-16,1.0271,-0.006577
2003-10-17,1.0338,0.006523
2003-10-20,1.0321,-0.001644
2003-10-21,1.0336,0.001453
2003-10-22,1.0554,0.021091
2003-10-23,1.0488,-0.006254
2003-10-24,1.0503,0.00143
2003-10-27,1.0493,-0.000952
2003-10-28,1.0643,0.014295
2003-10-29,1.0703,0.005638
2003-10-30,1.0652,-0.004765
2003-10-31,1.065,-0.000188
2003-11-03,1.0801,0.014178
2003-11-04,1.0992,0.017684
2003-11-05,1.0987,-0.000455
2003-11-06,1.0946,-0.003732
2003-11-07,1.078,-0.015165
2003-11-10,1.0872,0.008534
2003-11-11,1.0835,-0.003403
2003-11-12,1.0688,-0.013567
2003-11-13,1.0696,0.000749
2003-11-14,1.0762,0.006171
2003-11-17,1.0723,-0.003624
2003-11-18,1.0621,-0.009512
2003-11-19,1.0664,0.004049
2003-11-20,1.0785,0.011347
2003-11-21,1.0778,-0.000649
2003-11-24,1.0939,0.014938
2003-11-25,1.0919,-0.001828
2003-11-26,1.0979,0.005495
2003-11-27,1.0914,-0.00592
2003-11-28,1.0963,0.00449
2003-12-01,1.1162,0.018152
2003-12-02,1.1187,0.00224
2003-12-03,1.1211,0.002145
2003-12-04,1.1202,-0.000803
2003-12-05,1.1188,-0.00125
2003-12-08,1.1134,-0.004827
2003-12-09,1.1184,0.004491
2003-12-10,1.1307,0.010998
2003-12-11,1.13,-0.000619
2003-12-12,1.1292,-0.000708
2003-12-15,1.1299,0.00062
2003-12-16,1.1277,-0.001947
2003-12-17,1.1245,-0.002838
2003-12-18,1.1346,0.008982
2003-12-19,1.1449,0.009078
2003-12-22,1.162,0.014936
2003-12-23,1.1681,0.00525
2003-12-24,1.1796,0.009845
2003-12-25,1.1781,-0.001272
2003-12-26,1.1741,-0.003395
2003-12-29,1.1679,-0.005281
2003-12-30,1.1725,0.003939
2003-12-31,1.1682,-0.003667
2004-01-02,1.1748,0.00565
2004-01-05,1.2073,0.027664
2004-01-06,1.2156,0.006875
2004-01-07,1.2248,0.007568
2004-01-08,1.2401,0.012492
2004-01-09,1.2278,-0.009919
2004-01-12,1.2503,0.018325
2004-01-13,1.2446,-0.004559
2004-01-14,1.2373,-0.005865
2004-01-15,1.2332,-0.003314
2004-01-16,1.233,-0.000162
2004-01-29,1.2413,0.006732
2004-01-30,1.2194,-0.017643
2004-02-02,1.2346,0.012465
2004-02-03,1.2451,0.008505
2004-02-04,1.2603,0.012208
2004-02-05,1.2567,-0.002856
2004-02-06,1.252,-0.00374
2004-02-09,1.2642,0.009744
2004-02-10,1.2549,-0.007356
2004-02-11,1.2479,-0.005578
2004-02-12,1.2375,-0.008334
2004-02-13,1.2398,0.001859
2004-02-16,1.261,0.0171
2004-02-17,1.2647,0.002934
2004-02-18,1.2791,0.011386
2004-02-19,1.2746,-0.003518
2004-02-20,1.2753,0.000549
2004-02-23,1.2525,-0.017878
2004-02-24,1.2658,0.010619
2004-02-25,1.2531,-0.010033
2004-02-26,1.2717,0.014843
2004-02-27,1.2803,0.006763
2004-03-01,1.29,0.007576
2004-03-02,1.2832,-0.005271
2004-03-03,1.2686,-0.011378
2004-03-04,1.2733,0.003705
2004-03-05,1.2681,-0.004084
2004-03-08,1.2633,-0.003785
2004-03-09,1.266,0.002137
2004-03-10,1.2857,0.015561
2004-03-11,1.2934,0.005989
2004-03-12,1.2961,0.002088
2004-03-15,1.3214,0.01952
2004-03-16,1.3259,0.003405
2004-03-17,1.3254,-0.000377
2004-03-18,1.3094,-0.012072
2004-03-19,1.3227,0.010157
2004-03-22,1.3233,0.000454
2004-03-23,1.3097,-0.010277
2004-03-24,1.3084,-0.000993
2004-03-25,1.3133,0.003745
2004-03-26,1.3142,0.000685
2004-03-29,1.3057,-0.006468
2004-03-30,1.3087,0.002298
2004-03-31,1.3129,0.003209
2004-04-01,1.323,0.007693
2004-04-02,1.3322,0.006954
2004-04-05,1.3342,0.001501
2004-04-06,1.3373,0.002323
2004-04-07,1.3329,-0.00329
2004-04-08,1.3315,-0.00105
2004-04-09,1.3106,-0.015697
2004-04-12,1.3026,-0.006104
2004-04-13,1.2976,-0.003838
2004-04-14,1.288,-0.007398
2004-04-15,1.2801,-0.006134
2004-04-16,1.2937,0.010624
2004-04-19,1.2925,-0.000928
2004-04-20,1.2837,-0.006809
2004-04-21,1.2628,-0.016281
2004-04-22,1.2685,0.004514
2004-04-23,1.2676,-0.000709
2004-04-26,1.273,0.00426
2004-04-27,1.263,-0.007855
2004-04-28,1.2532,-0.007759
2004-04-29,1.2313,-0.017475
2004-04-30,1.2412,0.00804
2004-05-10,1.2193,-0.017644
2004-05-11,1.2243,0.004101
2004-05-12,1.2438,0.015927
2004-05-13,1.2402,-0.002894
2004-05-14,1.2226,-0.014191
2004-05-17,1.2117,-0.008915
2004-05-18,1.2161,0.003631
2004-05-19,1.2156,-0.000411
2004-05-20,1.2122,-0.002797
2004-05-21,1.2213,0.007507
2004-05-24,1.2159,-0.004422
2004-05-25,1.2003,-0.01283
2004-05-26,1.2091,0.007332
2004-05-27,1.2279,0.015549
2004-05-28,1.228,8.1e-05
2004-05-31,1.231,0.002443
2004-06-01,1.2469,0.012916
2004-06-02,1.2401,-0.005454
2004-06-03,1.2221,-0.014515
2004-06-04,1.2212,-0.000736
2004-06-07,1.2071,-0.011546
2004-06-08,1.2001,-0.005799
2004-06-09,1.1921,-0.006666
2004-06-10,1.1915,-0.000503
2004-06-11,1.1876,-0.003273
2004-06-14,1.1721,-0.013052
2004-06-15,1.1845,0.010579
2004-06-16,1.1928,0.007007
2004-06-17,1.1792,-0.011402
2004-06-18,1.164,-0.01289
2004-06-21,1.1679,0.003351
2004-06-22,1.1798,0.010189
2004-06-23,1.1737,-0.00517
2004-06-24,1.1686,-0.004345
2004-06-25,1.1515,-0.014633
2004-06-28,1.1436,-0.006861
2004-06-29,1.1554,0.010318
2004-06-30,1.1563,0.000779
2004-07-01,1.1815,0.021794
2004-07-02,1.1804,-0.000931
2004-07-05,1.1797,-0.000593
2004-07-06,1.1864,0.005679
2004-07-07,1.182,-0.003709
2004-07-08,1.1824,0.000338
2004-07-09,1.1783,-0.003468
2004-07-12,1.163,-0.012985
2004-07-13,1.1669,0.003353
2004-07-14,1.1693,0.002057
2004-07-15,1.183,0.011716
2004-07-16,1.2058,0.019273
2004-07-19,1.2114,0.004644
2004-07-20,1.2015,-0.008172
2004-07-21,1.2031,0.001332
2004-07-22,1.1856,-0.014546
2004-07-23,1.1871,0.001265
2004-07-26,1.18,-0.005981
2004-07-27,1.1773,-0.002288
2004-07-28,1.1814,0.003483
2004-07-29,1.1854,0.003386
2004-07-30,1.1718,-0.011473
2004-08-02,1.1632,-0.007339
2004-08-03,1.1608,-0.002063
2004-08-04,1.1797,0.016282
2004-08-05,1.1682,-0.009748
2004-08-06,1.1684,0.000171
2004-08-09,1.1708,0.002054
2004-08-10,1.1713,0.000427
2004-08-11,1.1613,-0.008538
2004-08-12,1.157,-0.003703
2004-08-13,1.1507,-0.005445
2004-08-16,1.1428,-0.006865
2004-08-17,1.1503,0.006563
2004-08-18,1.1492,-0.000956
2004-08-19,1.1424,-0.005917
2004-08-20,1.1426,0.000175
2004-08-23,1.1324,-0.008927
2004-08-24,1.1401,0.0068
2004-08-25,1.1366,-0.00307
2004-08-26,1.1341,-0.0022
2004-08-27,1.1248,-0.0082
2004-08-30,1.1227,-0.001867
2004-08-31,1.1314,0.007749
2004-09-01,1.1184,-0.01149
2004-09-02,1.1211,0.002414
2004-09-03,1.1173,-0.00339
2004-09-06,1.117,-0.000269
2004-09-07,1.1193,0.002059
2004-09-08,1.1138,-0.004914
2004-09-09,1.1024,-0.010235
2004-09-10,1.1038,0.00127
2004-09-13,1.0899,-0.012593
2004-09-14,1.1101,0.018534
2004-09-15,1.1385,0.025583
2004-09-16,1.1429,0.003865
2004-09-17,1.1686,0.022487
2004-09-20,1.1974,0.024645
2004-09-21,1.1928,-0.003842
2004-09-22,1.1859,-0.005785
2004-09-23,1.2151,0.024623
2004-09-24,1.2144,-0.000576
2004-09-27,1.2245,0.008317
2004-09-28,1.232,0.006125
2004-09-29,1.2276,-0.003571
2004-09-30,1.2178,-0.007983
2004-10-08,1.2345,0.013713
2004-10-11,1.2303,-0.003402
2004-10-12,1.207,-0.018938
2004-10-13,1.21,0.002486
2004-10-14,1.1795,-0.025207
2004-10-15,1.1865,0.005935
2004-10-18,1.1939,0.006237
2004-10-19,1.1972,0.002764
2004-10-20,1.2092,0.010023
2004-10-21,1.2094,0.000165
2004-10-22,1.2216,0.010088
2004-10-25,1.2161,-0.004502
2004-10-26,1.228,0.009785
2004-10-27,1.2347,0.005456
2004-10-28,1.2301,-0.003726
2004-10-29,1.2204,-0.007886
2004-11-01,1.2157,-0.003851
2004-11-02,1.2169,0.000987
2004-11-03,1.2288,0.009779
2004-11-04,1.2091,-0.016032
2004-11-05,1.2086,-0.000414
2004-11-08,1.2103,0.001407
2004-11-09,1.2106,0.000248
2004-11-10,1.2333,0.018751
2004-11-11,1.2258,-0.006081
2004-11-12,1.2274,0.001305
2004-11-15,1.2346,0.005866
2004-11-16,1.2343,-0.000243
2004-11-17,1.2233,-0.008912
2004-11-18,1.2315,0.006703
2004-11-19,1.2333,0.001462
2004-11-22,1.2284,-0.003973
2004-11-23,1.215,-0.010908
2004-11-24,1.2134,-0.001317
2004-11-25,1.2171,0.003049
2004-11-26,1.2163,-0.000657
2004-11-29,1.2098,-0.005344
2004-11-30,1.2077,-0.001736
2004-12-01,1.1945,-0.01093
2004-12-02,1.1874,-0.005944
2004-12-03,1.1889,0.001263
2004-12-06,1.1872,-0.00143
2004-12-07,1.1808,-0.005391
2004-12-08,1.1834,0.002202
2004-12-09,1.1932,0.008281
2004-12-10,1.1917,-0.001257
2004-12-13,1.1903,-0.001175
2004-12-14,1.1913,0.00084
2004-12-15,1.1936,0.001931
2004-12-16,1.1931,-0.000419
2004-12-17,1.1836,-0.007962
2004-12-20,1.1721,-0.009716
2004-12-21,1.1704,-0.00145
2004-12-22,1.1856,0.012987
2004-12-23,1.1786,-0.005904
2004-12-24,1.1765,-0.001782
2004-12-27,1.1772,0.000595
2004-12-28,1.1831,0.005012
2004-12-29,1.1856,0.002113
2004-12-30,1.1844,-0.001012
2004-12-31,1.1908,0.005404
2005-01-04,1.179,-0.009909
2005-01-05,1.1796,0.000509
2005-01-06,1.1743,-0.004493
2005-01-07,1.1788,0.003832
2005-01-10,1.1816,0.002375
2005-01-11,1.1864,0.004062
2005-01-12,1.1878,0.00118
2005-01-13,1.1853,-0.002105
2005-01-14,1.1816,-0.003122
2005-01-17,1.1726,-0.007617
2005-01-18,1.1675,-0.004349
2005-01-19,1.1641,-0.002912
2005-01-20,1.1591,-0.004295
2005-01-21,1.1788,0.016996
2005-01-24,1.1849,0.005175
2005-01-25,1.1904,0.004642
2005-01-26,1.1907,0.000252
2005-01-27,1.1852,-0.004619
2005-01-28,1.1849,-0.000253
2005-01-31,1.1839,-0.000844
2005-02-01,1.1795,-0.003717
2005-02-02,1.2094,0.02535
2005-02-03,1.2104,0.000827
2005-02-04,1.225,0.012062
2005-02-16,1.2256,0.00049
2005-02-17,1.2158,-0.007996
2005-02-18,1.2091,-0.005511
2005-02-21,1.224,0.012323
2005-02-22,1.2345,0.008578
2005-02-23,1.2319,-0.002106
2005-02-24,1.2261,-0.004708
2005-02-25,1.2316,0.004486
2005-02-28,1.2262,-0.004385
2005-03-01,1.2281,0.00155
2005-03-02,1.2214,-0.005456
2005-03-03,1.226,0.003766
2005-03-04,1.2289,0.002365
2005-03-07,1.2306,0.001383
2005-03-08,1.2438,0.010726
2005-03-09,1.2455,0.001367
2005-03-10,1.239,-0.005219
2005-03-11,1.2541,0.012187
2005-03-14,1.2734,0.01539
2005-03-15,1.2608,-0.009895
2005-03-16,1.2514,-0.007456
2005-03-17,1.2481,-0.002637
2005-03-18,1.24,-0.00649
2005-03-21,1.241,0.000806
2005-03-22,1.2521,0.008944
2005-03-23,1.2469,-0.004153
2005-03-24,1.2458,-0.000882
2005-03-25,1.2455,-0.000241
2005-03-28,1.248,0.002007
2005-03-29,1.244,-0.003205
2005-03-30,1.2339,-0.008119
2005-03-31,1.2357,0.001459
2005-04-01,1.2639,0.022821
2005-04-04,1.2586,-0.004193
2005-04-05,1.2647,0.004847
2005-04-06,1.2907,0.020558
2005-04-07,1.2866,-0.003177
2005-04-08,1.2904,0.002954
2005-04-11,1.273,-0.013484
2005-04-12,1.2714,-0.001257
2005-04-13,1.2776,0.004877
2005-04-14,1.2721,-0.004305
2005-04-15,1.2688,-0.002594
2005-04-18,1.267,-0.001419
2005-04-19,1.265,-0.001579
2005-04-20,1.2595,-0.004348
2005-04-21,1.272,0.009925
2005-04-22,1.2744,0.001887
2005-04-25,1.2765,0.001648
2005-04-26,1.2851,0.006737
2005-04-27,1.2773,-0.00607
2005-04-28,1.2855,0.00642
2005-04-29,1.2767,-0.006846
2005-05-09,1.2577,-0.014882
2005-05-10,1.257,-0.000557
2005-05-11,1.2419,-0.012013
2005-05-12,1.2206,-0.017151
2005-05-13,1.2136,-0.005735
2005-05-16,1.2042,-0.007746
2005-05-17,1.2117,0.006228
2005-05-18,1.2088,-0.002393
2005-05-19,1.2095,0.000579
2005-05-20,1.2126,0.002563
2005-05-23,1.1982,-0.011875
2005-05-24,1.1987,0.000417
2005-05-25,1.1937,-0.004171
2005-05-26,1.1763,-0.014577
2005-05-27,1.1577,-0.015812
2005-05-30,1.1617,0.003455
2005-05-31,1.1567,-0.004304
2005-06-01,1.1376,-0.016512
2005-06-02,1.1057,-0.028041
2005-06-03,1.1159,0.009225
2005-06-06,1.1528,0.033067
2005-06-07,1.1431,-0.008414
2005-06-08,1.2056,0.054676
2005-06-09,1.212,0.005309
2005-06-10,1.1947,-0.014274
2005-06-13,1.1924,-0.001925
2005-06-14,1.1833,-0.007632
2005-06-15,1.17,-0.01124
2005-06-16,1.1838,0.011795
2005-06-17,1.1914,0.00642
2005-06-20,1.2244,0.027699
2005-06-21,1.2186,-0.004737
2005-06-22,1.2293,0.008781
2005-06-23,1.2271,-0.00179
2005-06-24,1.2291,0.00163
2005-06-27,1.243,0.011309
2005-06-28,1.2334,-0.007723
2005-06-29,1.2206,-0.010378
2005-06-30,1.2135,-0.005817
2005-07-01,1.2059,-0.006263
2005-07-04,1.2094,0.002902
2005-07-05,1.2072,-0.001819
2005-07-06,1.2019,-0.00439
2005-07-07,1.2011,-0.000666
2005-07-08,1.1897,-0.009491
2005-07-11,1.1894,-0.000252
2005-07-12,1.2119,0.018917
2005-07-13,1.206,-0.004868
2005-07-14,1.2076,0.001327
2005-07-15,1.2048,-0.002319
2005-07-18,1.2025,-0.001909
2005-07-19,1.1995,-0.002495
2005-07-20,1.208,0.007086
2005-07-21,1.21,0.001656
2005-07-22,1.2209,0.009008
2005-07-25,1.22,-0.000737
2005-07-26,1.2326,0.010328
2005-07-27,1.2483,0.012737
2005-07-28,1.2433,-0.004005
2005-07-29,1.239,-0.003459
2005-08-01,1.2404,0.00113
2005-08-02,1.2465,0.004918
2005-08-03,1.2486,0.001685
2005-08-04,1.2488,0.00016
2005-08-05,1.2651,0.013053
2005-08-08,1.2575,-0.006007
2005-08-09,1.2548,-0.002147
2005-08-10,1.2565,0.001355
2005-08-11,1.2807,0.01926
2005-08-12,1.2579,-0.017803
2005-08-15,1.2653,0.005883
2005-08-16,1.2613,-0.003161
2005-08-17,1.264,0.002141
2005-08-18,1.2456,-0.014557
2005-08-19,1.2426,-0.002408
2005-08-22,1.2461,0.002817
2005-08-23,1.2446,-0.001204
2005-08-24,1.2474,0.00225
2005-08-25,1.243,-0.003527
2005-08-26,1.2398,-0.002574
2005-08-29,1.2352,-0.00371
2005-08-30,1.2364,0.000972
2005-08-31,1.2504,0.011323
2005-09-01,1.2619,0.009197
2005-09-02,1.2593,-0.00206
2005-09-05,1.258,-0.001032
2005-09-06,1.2513,-0.005326
2005-09-07,1.2676,0.013026
2005-09-08,1.2824,0.011676
2005-09-09,1.2767,-0.004445
2005-09-12,1.2787,0.001567
2005-09-13,1.289,0.008055
2005-09-14,1.2931,0.003181
2005-09-15,1.2876,-0.004253
2005-09-16,1.2816,-0.00466
2005-09-19,1.2808,-0.000624
2005-09-20,1.276,-0.003748
2005-09-21,1.2605,-0.012147
2005-09-22,1.2508,-0.007695
2005-09-23,1.2487,-0.001679
2005-09-26,1.2475,-0.000961
2005-09-27,1.2445,-0.002405
2005-09-28,1.242,-0.002009
2005-09-29,1.2517,0.00781
2005-09-30,1.2513,-0.00032
2005-10-10,1.2441,-0.005754
2005-10-11,1.2486,0.003617
2005-10-12,1.2479,-0.000561
2005-10-13,1.2405,-0.00593
2005-10-14,1.2248,-0.012656
2005-10-17,1.2118,-0.010614
2005-10-18,1.2149,0.002558
2005-10-19,1.216,0.000905
2005-10-20,1.2165,0.000411
2005-10-21,1.218,0.001233
2005-10-24,1.2138,-0.003448
2005-10-25,1.2073,-0.005355
2005-10-26,1.2046,-0.002236
2005-10-27,1.2051,0.000415
2005-10-28,1.1948,-0.008547
2005-10-31,1.2012,0.005357
2005-11-01,1.2013,8.3e-05
2005-11-02,1.2027,0.001165
2005-11-03,1.1925,-0.008481
2005-11-04,1.1949,0.002013
2005-11-07,1.1896,-0.004436
2005-11-08,1.192,0.002017
2005-11-09,1.193,0.000839
2005-11-10,1.1857,-0.006119
2005-11-11,1.1863,0.000506
2005-11-14,1.1767,-0.008092
2005-11-15,1.1703,-0.005439
2005-11-16,1.1696,-0.000598
2005-11-17,1.1721,0.002137
2005-11-18,1.184,0.010153
2005-11-21,1.1855,0.001267
2005-11-22,1.1786,-0.00582
2005-11-23,1.1818,0.002715
2005-11-24,1.1824,0.000508
2005-11-25,1.1798,-0.002199
2005-11-28,1.1765,-0.002797
2005-11-29,1.1686,-0.006715
2005-11-30,1.1639,-0.004022
2005-12-01,1.1634,-0.00043
2005-12-02,1.1586,-0.004126
2005-12-05,1.1556,-0.002589
2005-12-06,1.1645,0.007702
2005-12-07,1.1695,0.004294
2005-12-08,1.1671,-0.002052
2005-12-09,1.1775,0.008911
2005-12-12,1.1775,0.0
2005-12-13,1.1759,-0.001359
2005-12-14,1.1868,0.009269
2005-12-15,1.1858,-0.000843
2005-12-16,1.1946,0.007421
2005-12-19,1.1949,0.000251
2005-12-20,1.1985,0.003013
2005-12-21,1.2,0.001252
2005-12-22,1.2046,0.003833
2005-12-23,1.208,0.002823
2005-12-26,1.2042,-0.003146
2005-12-27,1.2034,-0.000664
2005-12-28,1.2089,0.00457
2005-12-29,1.2206,0.009678
2005-12-30,1.2146,-0.004916
2005-12-31,1.2146,0.0
2006-01-04,1.2312,0.013667
2006-01-05,1.2574,0.02128
2006-01-06,1.2747,0.013759
2006-01-09,1.2708,-0.00306
2006-01-10,1.2692,-0.001259
2006-01-11,1.2653,-0.003073
2006-01-12,1.2669,0.001265
2006-01-13,1.2579,-0.007104
2006-01-16,1.2474,-0.008347
2006-01-17,1.2513,0.003127
2006-01-18,1.2616,0.008231
2006-01-19,1.2683,0.005311
2006-01-20,1.2684,7.9e-05
2006-01-23,1.2648,-0.002838
2006-01-24,1.2729,0.006404
2006-01-25,1.2884,0.012177
2006-02-06,1.302,0.010556
2006-02-07,1.296,-0.004608
2006-02-08,1.2924,-0.002778
2006-02-09,1.2857,-0.005184
2006-02-10,1.2916,0.004589
2006-02-13,1.2896,-0.001548
2006-02-14,1.2993,0.007522
2006-02-15,1.3015,0.001693
2006-02-16,1.2905,-0.008452
2006-02-17,1.2914,0.000697
2006-02-20,1.2871,-0.00333
2006-02-21,1.2896,0.001942
2006-02-22,1.2932,0.002792
2006-02-23,1.2886,-0.003557
2006-02-24,1.3047,0.012494
2006-02-27,1.3128,0.006208
2006-02-28,1.3135,0.000533
2006-03-01,1.32,0.004949
2006-03-02,1.3173,-0.002045
2006-03-03,1.3166,-0.000531
2006-03-06,1.31,-0.005013
2006-03-07,1.2915,-0.014122
2006-03-08,1.2884,-0.0024
2006-03-09,1.2813,-0.005511
2006-03-10,1.2849,0.00281
2006-03-13,1.2974,0.009728
2006-03-14,1.2917,-0.004393
2006-03-15,1.3,0.006426
2006-03-16,1.305,0.003846
2006-03-17,1.2968,-0.006284
2006-03-20,1.3065,0.00748
2006-03-21,1.3102,0.002832
2006-03-22,1.3203,0.007709
2006-03-23,1.3193,-0.000757
2006-03-24,1.3188,-0.000379
2006-03-27,1.3291,0.00781
2006-03-28,1.3337,0.003461
2006-03-29,1.3369,0.002399
2006-03-30,1.3314,-0.004114
2006-03-31,1.3332,0.001352
2006-04-03,1.3539,0.015527
2006-04-04,1.3635,0.007091
2006-04-05,1.3963,0.024056
2006-04-06,1.4108,0.010385
2006-04-07,1.4125,0.001205
2006-04-10,1.4162,0.002619
2006-04-11,1.4243,0.00572
2006-04-12,1.4157,-0.006038
2006-04-13,1.4021,-0.009607
2006-04-14,1.4157,0.0097
2006-04-17,1.4188,0.00219
2006-04-18,1.4206,0.001269
2006-04-19,1.4262,0.003942
2006-04-20,1.4172,-0.00631
2006-04-21,1.4314,0.01002
2006-04-24,1.4289,-0.001747
2006-04-25,1.4389,0.006998
2006-04-26,1.4603,0.014872
2006-04-27,1.466,0.003903
2006-04-28,1.4939,0.019031
2006-05-08,1.5363,0.028382
2006-05-09,1.5723,0.023433
2006-05-10,1.5642,-0.005152
2006-05-11,1.5425,-0.013873
2006-05-12,1.5771,0.022431
2006-05-15,1.6168,0.025173
2006-05-16,1.6084,-0.005195
2006-05-17,1.6159,0.004663
2006-05-18,1.6039,-0.007426
2006-05-19,1.6329,0.018081
2006-05-22,1.6374,0.002756
2006-05-23,1.5857,-0.031574
2006-05-24,1.5796,-0.003847
2006-05-25,1.5924,0.008103
2006-05-26,1.6144,0.013816
2006-05-29,1.6448,0.018831
2006-05-30,1.6666,0.013254
2006-05-31,1.652,-0.00876
2006-06-01,1.6844,0.019613
2006-06-02,1.6553,-0.017276
2006-06-05,1.6556,0.000181
2006-06-06,1.6507,-0.00296
2006-06-07,1.6012,-0.029987
2006-06-08,1.5968,-0.002748
2006-06-09,1.5964,-0.000251
2006-06-12,1.5942,-0.001378
2006-06-13,1.5898,-0.00276
2006-06-14,1.5906,0.000503
2006-06-15,1.5857,-0.003081
2006-06-16,1.6165,0.019424
2006-06-19,1.644,0.017012
2006-06-20,1.6507,0.004075
2006-06-21,1.6319,-0.011389
2006-06-22,1.64,0.004964
2006-06-23,1.6619,0.013354
2006-06-26,1.6885,0.016006
2006-06-27,1.6934,0.002902
2006-06-28,1.6855,-0.004665
2006-06-29,1.7121,0.015782
2006-06-30,1.695,-0.009988
2006-07-03,1.7233,0.016696
2006-07-04,1.7256,0.001335
2006-07-05,1.7116,-0.008113
2006-07-06,1.738,0.015424
2006-07-07,1.7377,-0.000173
2006-07-10,1.7683,0.017609
2006-07-11,1.7809,0.007125
2006-07-12,1.7974,0.009265
2006-07-13,1.7374,-0.033382
2006-07-14,1.7708,0.019224
2006-07-17,1.7961,0.014287
2006-07-18,1.8003,0.002338
2006-07-19,1.779,-0.011831
2006-07-20,1.7806,0.000899
2006-07-21,1.7891,0.004774
2006-07-24,1.7898,0.000391
2006-07-25,1.7947,0.002738
2006-07-26,1.803,0.004625
2006-07-27,1.7843,-0.010372
2006-07-28,1.7686,-0.008799
2006-07-31,1.7274,-0.023295
2006-08-01,1.7219,-0.003184
2006-08-02,1.7162,-0.00331
2006-08-03,1.7137,-0.001457
2006-08-04,1.6803,-0.01949
2006-08-07,1.6645,-0.009403
2006-08-08,1.6981,0.020186
2006-08-09,1.6922,-0.003474
2006-08-10,1.7134,0.012528
2006-08-11,1.7235,0.005895
2006-08-14,1.7011,-0.012997
2006-08-15,1.7247,0.013873
2006-08-16,1.7504,0.014901
2006-08-17,1.7453,-0.002914
2006-08-18,1.7429,-0.001375
2006-08-21,1.7528,0.00568
2006-08-22,1.7731,0.011581
2006-08-23,1.7763,0.001805
2006-08-24,1.786,0.005461
2006-08-25,1.792,0.003359
2006-08-28,1.8331,0.022935
2006-08-29,1.8299,-0.001746
2006-08-30,1.8419,0.006558
2006-08-31,1.8395,-0.001303
2006-09-01,1.8197,-0.010764
2006-09-04,1.8485,0.015827
2006-09-05,1.8482,-0.000162
2006-09-06,1.8456,-0.001407
2006-09-07,1.8328,-0.006935
2006-09-08,1.8286,-0.002292
2006-09-11,1.8338,0.002844
2006-09-12,1.8401,0.003435
2006-09-13,1.8261,-0.007608
2006-09-14,1.8226,-0.001917
2006-09-15,1.8459,0.012784
2006-09-18,1.8496,0.002004
2006-09-19,1.8572,0.004109
2006-09-20,1.8634,0.003338
2006-09-21,1.8675,0.0022
2006-09-22,1.8655,-0.001071
2006-09-25,1.8722,0.003592
2006-09-26,1.8623,-0.005288
2006-09-27,1.8722,0.005316
2006-09-28,1.8879,0.008386
2006-09-29,1.9048,0.008952
2006-09-30,1.9047,-5.2e-05
2006-10-09,1.9236,0.009923
2006-10-10,1.9299,0.003275
2006-10-11,1.9172,-0.006581
2006-10-12,1.8961,-0.011006
2006-10-13,1.9098,0.007225
2006-10-16,1.8931,-0.008744
2006-10-17,1.8833,-0.005177
2006-10-18,1.9133,0.015929
2006-10-19,1.9247,0.005958
2006-10-20,1.9247,0.0
2006-10-23,1.8859,-0.020159
2006-10-24,1.9195,0.017816
2006-10-25,1.9274,0.004116
2006-10-26,1.9455,0.009391
2006-10-27,1.9213,-0.012439
2006-10-30,1.9158,-0.002863
2006-10-31,1.9202,0.002297
2006-11-01,1.9288,0.004479
2006-11-02,1.926,-0.001452
2006-11-03,1.9396,0.007061
2006-11-06,1.9345,-0.002629
2006-11-07,1.9337,-0.000414
2006-11-08,1.9432,0.004913
2006-11-09,1.9798,0.018835
2006-11-10,1.9589,-0.010557
2006-11-13,1.93,-0.014753
2006-11-14,1.934,0.002073
2006-11-15,1.9815,0.02456
2006-11-16,1.9759,-0.002826
2006-11-17,1.9915,0.007895
2006-11-20,2.0065,0.007532
2006-11-21,2.0289,0.011164
2006-11-22,2.1036,0.036818
2006-11-23,2.0915,-0.005752
2006-11-24,2.0996,0.003873
2006-11-27,2.1074,0.003715
2006-11-28,2.1169,0.004508
2006-11-29,2.136,0.009023
2006-11-30,2.1858,0.023315
2006-12-01,2.1897,0.001784
2006-12-04,2.2201,0.013883
2006-12-05,2.2296,0.004279
2006-12-06,2.2015,-0.012603
2006-12-07,2.1755,-0.01181
2006-12-08,2.1359,-0.018203
2006-12-11,2.1914,0.025984
2006-12-12,2.2025,0.005065
2006-12-13,2.2174,0.006765
2006-12-14,2.235,0.007937
2006-12-15,2.2604,0.011365
2006-12-18,2.3898,0.057247
2006-12-19,2.377,-0.005356
2006-12-20,2.3882,0.004712
2006-12-21,2.3755,-0.005318
2006-12-22,2.3733,-0.000926
2006-12-25,2.4007,0.011545
2006-12-26,2.3963,-0.001833
2006-12-27,2.4335,0.015524
2006-12-28,2.4284,-0.002096
2006-12-29,2.4575,0.011983
2006-12-31,2.4574,-4.1e-05
2007-01-04,2.4506,-0.002767
2007-01-05,2.4435,-0.002897
2007-01-08,2.4861,0.017434
2007-01-09,2.5298,0.017578
2007-01-10,2.5547,0.009843
2007-01-11,2.5489,-0.00227
2007-01-12,2.5188,-0.011809
2007-01-15,2.5444,0.010164
2007-01-16,2.5624,0.007074
2007-01-17,2.5618,-0.000234
2007-01-18,2.5531,-0.003396
2007-01-19,2.5803,0.010654
2007-01-22,2.5995,0.007441
2007-01-23,2.6119,0.00477
2007-01-24,2.6137,0.000689
2007-01-25,2.6069,-0.002602
2007-01-26,2.6195,0.004833
2007-01-29,2.6315,0.004581
2007-01-30,2.6299,-0.000608
2007-01-31,2.604,-0.009848
2007-02-01,2.6004,-0.001382
2007-02-02,2.5835,-0.006499
2007-02-05,2.576,-0.002903
2007-02-06,2.5826,0.002562
2007-02-07,2.5941,0.004453
2007-02-08,2.6003,0.00239
2007-02-09,2.5974,-0.001115
2007-02-12,2.6141,0.00643
2007-02-13,2.6222,0.003099
2007-02-14,2.637,0.005644
2007-02-15,2.6484,0.004323
2007-02-16,2.6496,0.000453
2007-02-26,2.6607,0.004189
2007-02-27,2.6177,-0.016161
2007-02-28,2.6338,0.00615
2007-03-01,2.6209,-0.004898
2007-03-02,2.6272,0.002404
2007-03-05,2.6148,-0.00472
2007-03-06,2.6234,0.003289
2007-03-07,2.6359,0.004765
2007-03-08,2.6401,0.001593
2007-03-09,2.6395,-0.000227
2007-03-12,2.6383,-0.000455
2007-03-13,2.6401,0.000682
2007-03-14,2.6288,-0.00428
2007-03-15,2.6376,0.003348
2007-03-16,2.6314,-0.002351
2007-03-19,2.6431,0.004446
2007-03-20,2.6447,0.000605
2007-03-21,2.6455,0.000302
2007-03-22,2.6503,0.001814
2007-03-23,2.6529,0.000981
2007-03-26,2.6587,0.002186
2007-03-27,2.6581,-0.000226
2007-03-28,2.6655,0.002784
2007-03-29,2.6662,0.000263
2007-03-30,2.6671,0.000338
2007-03-31,2.667,-3.7e-05
2007-04-02,2.6818,0.005549
2007-04-03,2.6906,0.003281
2007-04-04,2.6953,0.001747
2007-04-05,2.6985,0.001187
2007-04-06,2.6953,-0.001186
2007-04-09,2.713,0.006567
2007-04-10,2.7258,0.004718
2007-04-11,2.7426,0.006163
2007-04-12,2.7554,0.004667
2007-04-13,2.7515,-0.001415
2007-04-16,2.7735,0.007996
2007-04-17,2.775,0.000541
2007-04-18,2.7722,-0.001009
2007-04-19,2.7344,-0.013635
2007-04-20,2.7652,0.011264
2007-04-23,2.7983,0.01197
2007-04-24,2.8026,0.001537
2007-04-25,2.8055,0.001035
2007-04-26,2.8123,0.002424
2007-04-27,2.8059,-0.002276
2007-04-30,2.8095,0.001283
2007-05-08,2.8353,0.009183
2007-05-09,2.841,0.00201
2007-05-10,2.8518,0.003801
2007-05-11,2.8474,-0.001543
2007-05-14,2.8583,0.003828
2007-05-15,2.8278,-0.010671
2007-05-16,2.8518,0.008487
2007-05-17,2.8728,0.007364
2007-05-18,2.8684,-0.001532
2007-05-21,2.8772,0.003068
2007-05-22,2.8786,0.000487
2007-05-23,2.8867,0.002814
2007-05-24,2.8711,-0.005404
2007-05-25,2.8881,0.005921
2007-05-28,2.9171,0.010041
2007-05-29,2.9403,0.007953
2007-05-30,2.8784,-0.021052
2007-05-31,2.9288,0.01751
2007-06-01,2.9186,-0.003483
2007-06-04,2.8457,-0.024978
2007-06-05,2.8752,0.010367
2007-06-06,2.886,0.003756
2007-06-07,2.9178,0.011019
2007-06-08,2.9324,0.005004
2007-06-11,2.9729,0.013811
2007-06-12,2.998,0.008443
2007-06-13,3.0109,0.004303
2007-06-14,3.0013,-0.003188
2007-06-15,3.0148,0.004498
2007-06-18,3.0478,0.010946
2007-06-19,3.0534,0.001837
2007-06-20,3.0279,-0.008351
2007-06-21,3.0452,0.005714
2007-06-22,3.0191,-0.008571
2007-06-25,2.9818,-0.012355
2007-06-26,2.9996,0.00597
2007-06-27,3.0299,0.010101
2007-06-28,2.9938,-0.011915
2007-06-29,2.9778,-0.005344
2007-06-30,2.9778,0.0
2007-07-02,2.9696,-0.002754
2007-07-03,2.9906,0.007072
2007-07-04,2.969,-0.007223
2007-07-05,2.9129,-0.018895
2007-07-06,2.9582,0.015552
2007-07-09,2.9894,0.010547
2007-07-10,2.9728,-0.005553
2007-07-11,2.9721,-0.000235
2007-07-12,2.9766,0.001514
2007-07-13,2.9792,0.000873
2007-07-16,2.9561,-0.007754
2007-07-17,2.9785,0.007578
2007-07-18,2.9803,0.000604
2007-07-19,2.9799,-0.000134
2007-07-20,3.0193,0.013222
2007-07-23,3.0608,0.013745
2007-07-24,3.0647,0.001274
2007-07-25,3.0806,0.005188
2007-07-26,3.0861,0.001785
2007-07-27,3.0892,0.001005
2007-07-30,3.1138,0.007963
2007-07-31,3.1292,0.004946
2007-08-01,3.0876,-0.013294
2007-08-02,3.1225,0.011303
2007-08-03,3.1714,0.015661
2007-08-06,3.1982,0.008451
2007-08-07,3.208,0.003064
2007-08-08,3.1945,-0.004208
2007-08-09,3.2132,0.005854
2007-08-10,3.1932,-0.006224
2007-08-13,3.198,0.001503
2007-08-14,3.2121,0.004409
2007-08-15,3.2115,-0.000187
2007-08-16,3.19,-0.006695
2007-08-17,3.1663,-0.007429
2007-08-20,3.2179,0.016297
2007-08-21,3.2434,0.007924
2007-08-22,3.2626,0.00592
2007-08-23,3.2835,0.006406
2007-08-24,3.2978,0.004355
2007-08-27,3.2913,-0.001971
2007-08-28,3.2874,-0.001185
2007-08-29,3.2696,-0.005415
2007-08-30,3.2848,0.004649
2007-08-31,3.3004,0.004749
2007-09-03,3.3259,0.007726
2007-09-04,3.3213,-0.001383
2007-09-05,3.3213,0.0
2007-09-06,3.3471,0.007768
2007-09-07,3.315,-0.00959
2007-09-10,3.3316,0.005008
2007-09-11,3.2915,-0.012036
2007-09-12,3.3063,0.004496
2007-09-13,3.3248,0.005595
2007-09-14,3.3335,0.002617
2007-09-17,3.3522,0.00561
2007-09-18,3.3429,-0.002774
2007-09-19,3.339,-0.001167
2007-09-20,3.3653,0.007877
2007-09-21,3.3608,-0.001337
2007-09-24,3.3653,0.001339
2007-09-25,3.3574,-0.002347
2007-09-26,3.3378,-0.005838
2007-09-27,3.356,0.005453
2007-09-28,3.3954,0.01174
2007-09-30,3.3952,-5.9e-05
2007-10-08,3.4023,0.002091
2007-10-09,3.4189,0.004879
2007-10-10,3.422,0.000907
2007-10-11,3.4426,0.00602
2007-10-12,3.4255,-0.004967
2007-10-15,3.425,-0.000146
2007-10-16,3.4328,0.002277
2007-10-17,3.4365,0.001078
2007-10-18,3.3877,-0.0142
2007-10-19,3.3819,-0.001712
2007-10-22,3.36,-0.006476
2007-10-23,3.3906,0.009107
2007-10-24,3.3951,0.001327
2007-10-25,3.3418,-0.015699
2007-10-26,3.3501,0.002484
2007-10-29,3.3721,0.006567
2007-10-30,3.3942,0.006554
2007-10-31,3.4245,0.008927
2007-11-01,3.4038,-0.006045
2007-11-02,3.3546,-0.014454
2007-11-05,3.345,-0.002862
2007-11-06,3.341,-0.001196
2007-11-07,3.3607,0.005896
2007-11-08,3.3136,-0.014015
2007-11-09,3.3063,-0.002203
2007-11-12,3.2983,-0.00242
2007-11-13,3.2789,-0.005882
2007-11-14,3.3195,0.012382
2007-11-15,3.3114,-0.00244
2007-11-16,3.2899,-0.006493
2007-11-19,3.2879,-0.000608
2007-11-20,3.3113,0.007117
2007-11-21,3.3029,-0.002537
2007-11-22,3.2558,-0.01426
2007-11-23,3.2803,0.007525
2007-11-26,3.273,-0.002225
2007-11-27,3.2519,-0.006447
2007-11-28,3.24,-0.003659
2007-11-29,3.2873,0.014599
2007-11-30,3.2644,-0.006966
2007-12-03,3.2726,0.002512
2007-12-04,3.2842,0.003545
2007-12-05,3.3139,0.009043
2007-12-06,3.3137,-6e-05
2007-12-07,3.3282,0.004376
2007-12-10,3.3508,0.00679
2007-12-11,3.3514,0.000179
2007-12-12,3.3376,-0.004118
2007-12-13,3.2989,-0.011595
2007-12-14,3.3176,0.005669
2007-12-17,3.289,-0.008621
2007-12-18,3.2804,-0.002615
2007-12-19,3.3053,0.007591
2007-12-20,3.3288,0.00711
2007-12-21,3.3406,0.003545
2007-12-24,3.3716,0.00928
2007-12-25,3.3673,-0.001275
2007-12-26,3.384,0.004959
2007-12-27,3.4168,0.009693
2007-12-28,3.4098,-0.002049
2007-12-29,3.4098,0.0
2007-12-31,3.4097,-2.9e-05
2008-01-02,3.4238,0.004135
2008-01-03,3.4288,0.00146
2008-01-04,3.442,0.00385
2008-01-07,3.4545,0.003632
2008-01-08,3.4407,-0.003995
2008-01-09,3.4609,0.005871
2008-01-10,3.4735,0.003641
2008-01-11,3.4893,0.004549
2008-01-14,3.5001,0.003095
2008-01-15,3.4835,-0.004743
2008-01-16,3.4322,-0.014727
2008-01-17,3.3963,-0.01046
2008-01-18,3.4149,0.005477
2008-01-21,3.3539,-0.017863
2008-01-22,3.255,-0.029488
2008-01-23,3.323,0.020891
2008-01-24,3.3435,0.006169
2008-01-25,3.3567,0.003948
2008-01-28,3.2762,-0.023982
2008-01-29,3.2833,0.002167
2008-01-30,3.2759,-0.002254
2008-01-31,3.2575,-0.005617
2008-02-01,3.2412,-0.005004
2008-02-04,3.3367,0.029464
2008-02-05,3.3216,-0.004525
2008-02-13,3.2976,-0.007225
2008-02-14,3.3088,0.003396
2008-02-15,3.2911,-0.005349
2008-02-18,3.3212,0.009146
2008-02-19,3.3447,0.007076
2008-02-20,3.3145,-0.009029
2008-02-21,3.3083,-0.001871
2008-02-22,3.2636,-0.013511
2008-02-25,3.2202,-0.013298
2008-02-26,3.2042,-0.004969
2008-02-27,3.2386,0.010736
2008-02-28,3.2391,0.000154
2008-02-29,3.2533,0.004384
2008-03-03,3.2874,0.010482
2008-03-04,3.2616,-0.007848
2008-03-05,3.2374,-0.00742
2008-03-06,3.2413,0.001205
2008-03-07,3.2246,-0.005152
2008-03-10,3.1675,-0.017708
2008-03-11,3.1646,-0.000916
2008-03-12,3.1266,-0.012008
2008-03-13,3.1045,-0.007068
2008-03-14,3.0849,-0.006313
2008-03-17,3.0292,-0.018056
2008-03-18,2.9802,-0.016176
2008-03-19,3.01,0.009999
2008-03-20,3.0409,0.010266
2008-03-21,3.0527,0.00388
2008-03-24,2.9946,-0.019032
2008-03-25,3.0049,0.00344
2008-03-26,3.0103,0.001797
2008-03-27,2.9787,-0.010497
2008-03-28,3.0177,0.013093
2008-03-31,2.9904,-0.009047
2008-04-01,2.9286,-0.020666
2008-04-02,2.9009,-0.009458
2008-04-03,2.9311,0.010411
2008-04-07,2.9873,0.019174
2008-04-08,2.9988,0.00385
2008-04-09,2.9436,-0.018407
2008-04-10,2.9573,0.004654
2008-04-11,2.9683,0.00372
2008-04-14,2.9066,-0.020786
2008-04-15,2.9141,0.00258
2008-04-16,2.8941,-0.006863
2008-04-17,2.8656,-0.009848
2008-04-18,2.8404,-0.008794
2008-04-21,2.8391,-0.000458
2008-04-22,2.8528,0.004825
2008-04-23,2.8997,0.01644
2008-04-24,2.9838,0.029003
2008-04-25,2.978,-0.001944
2008-04-28,2.9617,-0.005473
2008-04-29,2.9726,0.00368
2008-04-30,3.025,0.017628
2008-05-05,3.0557,0.010149
2008-05-06,3.0486,-0.002324
2008-05-07,2.9949,-0.017615
2008-05-08,3.022,0.009049
2008-05-09,3.012,-0.003309
2008-05-12,3.024,0.003984
2008-05-13,3.0184,-0.001852
2008-05-14,3.049,0.010138
2008-05-15,3.0356,-0.004395
2008-05-16,3.035,-0.000198
2008-05-19,3.0363,0.000428
2008-05-20,2.988,-0.015908
2008-05-21,3.0002,0.004083
2008-05-22,2.9772,-0.007666
2008-05-23,2.9622,-0.005038
2008-05-26,2.9352,-0.009115
2008-05-27,2.9367,0.000511
2008-05-28,2.9618,0.008547
2008-05-29,2.9434,-0.006212
2008-05-30,2.9465,0.001053
2008-06-02,2.9522,0.001934
2008-06-03,2.9475,-0.001592
2008-06-04,2.9325,-0.005089
2008-06-05,2.9157,-0.005729
2008-06-06,2.9122,-0.0012
2008-06-10,2.8408,-0.024518
2008-06-11,2.824,-0.005914
2008-06-12,2.8055,-0.006551
2008-06-13,2.7847,-0.007414
2008-06-16,2.7766,-0.002909
2008-06-17,2.7486,-0.010084
2008-06-18,2.783,0.012515
2008-06-19,2.7244,-0.021056
2008-06-20,2.7366,0.004478
2008-06-23,2.7146,-0.008039
2008-06-24,2.7389,0.008952
2008-06-25,2.772,0.012085
2008-06-26,2.7754,0.001227
2008-06-27,2.7354,-0.014412
2008-06-30,2.7369,0.000548
2008-07-01,2.7085,-0.010377
2008-07-02,2.7116,0.001145
2008-07-03,2.7303,0.006896
2008-07-04,2.7222,-0.002967
2008-07-07,2.7624,0.014767
2008-07-08,2.77,0.002751
2008-07-09,2.7999,0.010794
2008-07-10,2.795,-0.00175
2008-07-11,2.7911,-0.001395
2008-07-14,2.7965,0.001935
2008-07-15,2.7727,-0.008511
2008-07-16,2.7611,-0.004184
2008-07-17,2.7604,-0.000254
2008-07-18,2.7739,0.004891
2008-07-21,2.7923,0.006633
2008-07-22,2.7898,-0.000895
2008-07-23,2.7852,-0.001649
2008-07-24,2.8013,0.005781
2008-07-25,2.7945,-0.002427
2008-07-28,2.7984,0.001396
2008-07-29,2.7938,-0.001644
2008-07-30,2.7898,-0.001432
2008-07-31,2.7732,-0.00595
2008-08-01,2.7744,0.000433
2008-08-04,2.7651,-0.003352
2008-08-05,2.747,-0.006546
2008-08-06,2.7496,0.000946
2008-08-07,2.7509,0.000473
2008-08-08,2.7322,-0.006798
2008-08-11,2.7042,-0.010248
2008-08-12,2.7067,0.000924
2008-08-13,2.7133,0.002438
2008-08-14,2.7161,0.001032
2008-08-15,2.7202,0.00151
2008-08-18,2.6944,-0.009485
2008-08-19,2.6982,0.00141
2008-08-20,2.74,0.015492
2008-08-21,2.7143,-0.00938
2008-08-22,2.7058,-0.003132
2008-08-25,2.7057,-3.7e-05
2008-08-26,2.6927,-0.004805
2008-08-27,2.6849,-0.002897
2008-08-28,2.6871,0.000819
2008-08-29,2.6947,0.002828
2008-09-01,2.678,-0.006197
2008-09-02,2.664,-0.005228
2008-09-03,2.6488,-0.005706
2008-09-04,2.65,0.000453
2008-09-05,2.6391,-0.004113
2008-09-08,2.6265,-0.004774
2008-09-09,2.6273,0.000305
2008-09-10,2.6278,0.00019
2008-09-11,2.6081,-0.007497
2008-09-12,2.6094,0.000498
2008-09-16,2.5912,-0.006975
2008-09-17,2.5819,-0.003589
2008-09-18,2.5718,-0.003912
2008-09-19,2.6184,0.01812
2008-09-22,2.6424,0.009166
2008-09-23,2.6248,-0.006661
2008-09-24,2.6265,0.000648
2008-09-25,2.6496,0.008795
2008-09-26,2.6545,0.001849
2008-09-30,2.6545,0.0
2008-10-06,2.6216,-0.012394
2008-10-07,2.6142,-0.002823
2008-10-08,2.5981,-0.006159
2008-10-09,2.5937,-0.001694
2008-10-10,2.5738,-0.007672
2008-10-13,2.5807,0.002681
2008-10-14,2.5748,-0.002286
2008-10-15,2.5635,-0.004389
2008-10-16,2.5517,-0.004603
2008-10-17,2.5464,-0.002077
2008-10-20,2.5537,0.002867
2008-10-21,2.5551,0.000548
2008-10-22,2.5569,0.000704
2008-10-23,2.5615,0.001799
2008-10-24,2.5556,-0.002303
2008-10-27,2.5333,-0.008726
2008-10-28,2.5409,0.003
2008-10-29,2.5388,-0.000826
2008-10-30,2.5469,0.00319
2008-10-31,2.5469,0.0
2008-11-03,2.5459,-0.000393
2008-11-04,2.5412,-0.001846
2008-11-05,2.554,0.005037
2008-11-06,2.5448,-0.003602
2008-11-07,2.5404,-0.001729
2008-11-10,2.5628,0.008818
2008-11-11,2.5608,-0.00078
2008-11-12,2.5584,-0.000937
2008-11-13,2.5723,0.005433
2008-11-14,2.5897,0.006764
2008-11-17,2.6015,0.004557
2008-11-18,2.5792,-0.008572
2008-11-19,2.5985,0.007483
2008-11-20,2.5979,-0.000231
2008-11-21,2.5963,-0.000616
2008-11-24,2.5854,-0.004198
2008-11-25,2.5814,-0.001547
2008-11-26,2.5843,0.001123
2008-11-27,2.5957,0.004411
2008-11-28,2.5912,-0.001734
2008-12-01,2.6028,0.004477
2008-12-02,2.6103,0.002882
2008-12-03,2.6261,0.006053
2008-12-04,2.6297,0.001371
2008-12-05,2.6412,0.004373
2008-12-08,2.6542,0.004922
2008-12-09,2.6459,-0.003127
2008-12-10,2.6549,0.003401
2008-12-11,2.6473,-0.002863
2008-12-12,2.6302,-0.006459
2008-12-15,2.6364,0.002357
2008-12-16,2.6402,0.001441
2008-12-17,2.6473,0.002689
2008-12-18,2.6562,0.003362
2008-12-19,2.6709,0.005534
2008-12-22,2.6672,-0.001385
2008-12-23,2.6437,-0.008811
2008-12-24,2.6378,-0.002232
2008-12-25,2.6353,-0.000948
2008-12-26,2.6354,3.8e-05
2008-12-29,2.6364,0.000379
2008-12-30,2.6408,0.001669
2008-12-31,2.643,0.000833
2009-01-05,2.6474,0.001665
2009-01-06,2.6516,0.001586
2009-01-07,2.6484,-0.001207
2009-01-08,2.64,-0.003172
2009-01-09,2.6479,0.002992
2009-01-12,2.6467,-0.000453
2009-01-13,2.6299,-0.006348
2009-01-14,2.6403,0.003955
2009-01-15,2.6373,-0.001136
2009-01-16,2.6402,0.0011
2009-01-19,2.6435,0.00125
2009-01-20,2.6442,0.000265
2009-01-21,2.6344,-0.003706
2009-01-22,2.642,0.002885
2009-01-23,2.6407,-0.000492
2009-02-02,2.6491,0.003181
2009-02-03,2.665,0.006002
2009-02-04,2.6753,0.003865
2009-02-05,2.6623,-0.004859
2009-02-06,2.6849,0.008489
2009-02-09,2.7131,0.010503
2009-02-10,2.716,0.001069
2009-02-11,2.7207,0.00173
2009-02-12,2.7254,0.001727
2009-02-13,2.7489,0.008623
2009-02-16,2.7609,0.004365
2009-02-17,2.7408,-0.00728
2009-02-18,2.7177,-0.008428
2009-02-19,2.728,0.00379
2009-02-20,2.7379,0.003629
2009-02-23,2.7568,0.006903
2009-02-24,2.7187,-0.01382
2009-02-25,2.714,-0.001729
2009-02-26,2.6763,-0.013891
2009-02-27,2.6689,-0.002765
2009-03-02,2.6766,0.002885
2009-03-03,2.676,-0.000224
2009-03-04,2.7156,0.014798
2009-03-05,2.7114,-0.001547
2009-03-06,2.7067,-0.001733
2009-03-09,2.6934,-0.004914
2009-03-10,2.7008,0.002747
2009-03-11,2.695,-0.002148
2009-03-12,2.6881,-0.00256
2009-03-13,2.6824,-0.00212
2009-03-16,2.6966,0.005294
2009-03-17,2.7231,0.009827
2009-03-18,2.7258,0.000992
2009-03-19,2.7393,0.004953
2009-03-20,2.7317,-0.002774
2009-03-23,2.7526,0.007651
2009-03-24,2.7589,0.002289
2009-03-25,2.7487,-0.003697
2009-03-26,2.7585,0.003565
2009-03-27,2.7577,-0.00029
2009-03-30,2.7496,-0.002937
2009-03-31,2.7624,0.004655
2009-04-01,2.7692,0.002462
2009-04-02,2.7825,0.004803
2009-04-03,2.7786,-0.001402
2009-04-07,2.783,0.001584
2009-04-08,2.7607,-0.008013
2009-04-09,2.772,0.004093
2009-04-10,2.8083,0.013095
2009-04-13,2.8237,0.005484
2009-04-14,2.8391,0.005454
2009-04-15,2.8479,0.0031
2009-04-16,2.8426,-0.001861
2009-04-17,2.8343,-0.00292
2009-04-20,2.8497,0.005433
2009-04-21,2.8347,-0.005264
2009-04-22,2.8026,-0.011324
2009-04-23,2.8119,0.003318
2009-04-24,2.8185,0.002347
2009-04-27,2.7989,-0.006954
2009-04-28,2.7915,-0.002644
2009-04-29,2.8146,0.008275
2009-04-30,2.8251,0.003731
2009-05-04,2.8501,0.008849
2009-05-05,2.8511,0.000351
2009-05-06,2.8735,0.007857
2009-05-07,2.869,-0.001566
2009-05-08,2.8663,-0.000941
2009-05-11,2.8332,-0.011548
2009-05-12,2.86,0.009459
2009-05-13,2.8664,0.002238
2009-05-14,2.8641,-0.000802
2009-05-15,2.8725,0.002933
2009-05-18,2.8828,0.003586
2009-05-19,2.888,0.001804
2009-05-20,2.8877,-0.000104
2009-05-21,2.8629,-0.008588
2009-05-22,2.8543,-0.003004
2009-05-25,2.856,0.000596
2009-05-26,2.8492,-0.002381
2009-05-27,2.8555,0.002211
2009-06-01,2.8784,0.00802
2009-06-02,2.8757,-0.000938
2009-06-03,2.8877,0.004173
2009-06-04,2.887,-0.000242
2009-06-05,2.8813,-0.001974
2009-06-08,2.8771,-0.001458
2009-06-09,2.8859,0.003059
2009-06-10,2.8887,0.00097
2009-06-11,2.8804,-0.002873
2009-06-12,2.8622,-0.006319
2009-06-15,2.8742,0.004193
2009-06-16,2.8707,-0.001218
2009-06-17,2.8806,0.003449
2009-06-18,2.8907,0.003506
2009-06-19,2.8968,0.00211
2009-06-22,2.8962,-0.000207
2009-06-23,2.8999,0.001278
2009-06-24,2.9147,0.005104
2009-06-25,2.9254,0.003671
2009-06-26,2.934,0.00294
2009-06-29,2.947,0.004431
2009-06-30,2.9384,-0.002918
2009-07-01,2.9635,0.008542
2009-07-02,2.972,0.002868
2009-07-03,2.9816,0.00323
2009-07-06,2.9968,0.005098
2009-07-07,2.985,-0.003938
2009-07-08,2.9894,0.001474
2009-07-09,3.0089,0.006523
2009-07-10,3.0098,0.000299
2009-07-13,2.9958,-0.004651
2009-07-14,3.0323,0.012184
2009-07-15,3.0431,0.003562
2009-07-16,3.0515,0.00276
2009-07-17,3.0562,0.00154
2009-07-20,3.0822,0.008507
2009-07-21,3.0655,-0.005418
2009-07-22,3.0854,0.006492
2009-07-23,3.0925,0.002301
2009-07-24,3.093,0.000162
2009-07-27,3.1084,0.004979
2009-07-28,3.1001,-0.00267
2009-07-29,3.0513,-0.015741
2009-07-30,3.0746,0.007636
2009-07-31,3.102,0.008912
2009-08-03,3.1136,0.00374
2009-08-04,3.1258,0.003918
2009-08-05,3.1042,-0.00691
2009-08-06,3.0836,-0.006636
2009-08-07,3.0559,-0.008983
2009-08-10,3.0534,-0.000818
2009-08-11,3.0638,0.003406
2009-08-12,3.0181,-0.014916
2009-08-13,3.0255,0.002452
2009-08-14,3.0035,-0.007272
2009-08-17,2.945,-0.019477
2009-08-18,2.9529,0.002683
2009-08-19,2.9076,-0.015341
2009-08-20,2.9546,0.016165
2009-08-21,2.9777,0.007818
2009-08-24,2.9863,0.002888
2009-08-25,2.9583,-0.009376
2009-08-26,2.9782,0.006727
2009-08-27,2.9721,-0.002048
2009-08-28,2.9372,-0.011743
2009-08-31,2.8656,-0.024377
2009-09-01,2.8685,0.001012
2009-09-02,2.8872,0.006519
2009-09-03,2.9379,0.01756
2009-09-04,2.9471,0.003131
2009-09-07,2.9517,0.001561
2009-09-08,2.9723,0.006979
2009-09-09,2.9823,0.003364
2009-09-10,2.977,-0.001777
2009-09-11,2.9997,0.007625
2009-09-14,3.0179,0.006067
2009-09-15,3.0165,-0.000464
2009-09-16,3.0014,-0.005006
2009-09-17,3.0248,0.007796
2009-09-18,2.9878,-0.012232
2009-09-21,2.9978,0.003347
2009-09-22,2.9792,-0.006205
2009-09-23,2.9544,-0.008324
2009-09-24,2.9542,-6.8e-05
2009-09-25,2.9498,-0.001489
2009-09-28,2.9222,-0.009357
2009-09-29,2.9159,-0.002156
2009-09-30,2.9267,0.003704
2009-10-09,2.9745,0.016332
2009-10-12,2.9787,0.001412
2009-10-13,2.9965,0.005976
2009-10-14,3.0054,0.00297
2009-10-15,3.0089,0.001165
2009-10-16,3.0152,0.002094
2009-10-19,3.0383,0.007661
2009-10-20,3.0532,0.004904
2009-10-21,3.0446,-0.002817
2009-10-22,3.0331,-0.003777
2009-10-23,3.0517,0.006132
2009-10-26,3.0513,-0.000131
2009-10-27,3.0255,-0.008455
2009-10-28,3.0353,0.003239
2009-10-29,3.014,-0.007017
2009-10-30,3.0301,0.005342
2009-11-02,3.0669,0.012145
2009-11-03,3.0839,0.005543
2009-11-04,3.0827,-0.000389
2009-11-05,3.0866,0.001265
2009-11-06,3.0893,0.000875
2009-11-09,3.0927,0.001101
2009-11-10,3.0978,0.001649
2009-11-11,3.0946,-0.001033
2009-11-12,3.0981,0.001131
2009-11-13,3.1077,0.003099
2009-11-16,3.138,0.00975
2009-11-17,3.1408,0.000892
2009-11-18,3.1407,-3.2e-05
2009-11-19,3.1489,0.002611
2009-11-20,3.1574,0.002699
2009-11-23,3.1662,0.002787
2009-11-24,3.1182,-0.01516
2009-11-25,3.1459,0.008883
2009-11-26,3.103,-0.013637
2009-11-27,3.0784,-0.007928
2009-11-30,3.1158,0.012149
2009-12-01,3.1359,0.006451
2009-12-02,3.1528,0.005389
2009-12-03,3.1555,0.000856
2009-12-04,3.1505,-0.001585
2009-12-07,3.1624,0.003777
2009-12-08,3.1548,-0.002403
2009-12-09,3.1319,-0.007259
2009-12-10,3.1413,0.003001
2009-12-11,3.1423,0.000318
2009-12-14,3.1511,0.0028
2009-12-15,3.1461,-0.001587
2009-12-16,3.1403,-0.001844
2009-12-17,3.1123,-0.008916
2009-12-18,3.0849,-0.008804
2009-12-21,3.0871,0.000713
2009-12-22,3.0611,-0.008422
2009-12-23,3.0743,0.004312
2009-12-24,3.1098,0.011547
2009-12-25,3.1233,0.004341
2009-12-28,3.1336,0.003298
2009-12-29,3.1386,0.001596
2009-12-30,3.1396,0.000319
2009-12-31,3.1457,0.001943
2010-01-04,3.1378,-0.002511
2010-01-05,3.1469,0.0029
2010-01-06,3.138,-0.002828
2010-01-07,3.1162,-0.006947
2010-01-08,3.1273,0.003562
2010-01-11,3.126,-0.000416
2010-01-12,3.152,0.008317
2010-01-13,3.1305,-0.006821
2010-01-14,3.1554,0.007954
2010-01-15,3.1555,3.2e-05
2010-01-18,3.1657,0.003232
2010-01-19,3.1645,-0.000379
2010-01-20,3.129,-0.011218
2010-01-21,3.1346,0.00179
2010-01-22,3.1145,-0.006412
2010-01-25,3.0986,-0.005105
2010-01-26,3.0691,-0.00952
2010-01-27,3.0635,-0.001825
2010-01-28,3.0716,0.002644
2010-01-29,3.0797,0.002637
2010-02-01,3.0709,-0.002857
2010-02-02,3.0677,-0.001042
2010-02-03,3.0809,0.004303
2010-02-04,3.0816,0.000227
2010-02-05,3.0603,-0.006912
2010-02-08,3.0596,-0.000229
2010-02-09,3.0628,0.001046
2010-02-10,3.0787,0.005191
2010-02-11,3.078,-0.000227
2010-02-12,3.0868,0.002859
2010-02-22,3.0838,-0.000972
2010-02-23,3.0831,-0.000227
2010-02-24,3.1057,0.00733
2010-02-25,3.1236,0.005764
2010-02-26,3.1256,0.00064
2010-03-01,3.1376,0.003839
2010-03-02,3.1388,0.000382
2010-03-03,3.1415,0.00086
2010-03-04,3.1126,-0.009199
2010-03-05,3.1145,0.00061
2010-03-08,3.1282,0.004399
2010-03-09,3.1287,0.00016
2010-03-10,3.1165,-0.003899
2010-03-11,3.1157,-0.000257
2010-03-12,3.0979,-0.005713
2010-03-15,3.0848,-0.004229
2010-03-16,3.0937,0.002885
2010-03-17,3.1163,0.007305
2010-03-18,3.1167,0.000128
2010-03-19,3.1295,0.004107
2010-03-22,3.1324,0.000927
2010-03-23,3.125,-0.002362
2010-03-24,3.1278,0.000896
2010-03-25,3.1128,-0.004796
2010-03-26,3.13,0.005526
2010-03-29,3.1484,0.005879
2010-03-30,3.1501,0.00054
2010-03-31,3.1545,0.001397
2010-04-01,3.1657,0.00355
2010-04-02,3.168,0.000727
2010-04-06,3.1719,0.001231
2010-04-07,3.1684,-0.001103
2010-04-08,3.1657,-0.000852
2010-04-09,3.1798,0.004454
2010-04-12,3.1893,0.002988
2010-04-13,3.1898,0.000157
2010-04-14,3.1906,0.000251
2010-04-15,3.1861,-0.00141
2010-04-16,3.1817,-0.001381
2010-04-19,3.1273,-0.017098
2010-04-20,3.1337,0.002046
2010-04-21,3.1643,0.009765
2010-04-22,3.1567,-0.002402
2010-04-23,3.1494,-0.002313
2010-04-26,3.1467,-0.000857
2010-04-27,3.1324,-0.004544
2010-04-28,3.1305,-0.000607
2010-04-29,3.1128,-0.005654
2010-04-30,3.1005,-0.003951
2010-05-04,3.0919,-0.002774
2010-05-05,3.1128,0.00676
2010-05-06,3.0647,-0.015452
2010-05-07,3.0373,-0.008941
2010-05-10,3.0316,-0.001877
2010-05-11,3.01,-0.007125
2010-05-12,3.0196,0.003189
2010-05-13,3.0409,0.007054
2010-05-14,3.0339,-0.002302
2010-05-17,2.9809,-0.017469
2010-05-18,3.0047,0.007984
2010-05-19,3.0041,-0.0002
2010-05-20,2.9895,-0.00486
2010-05-21,3.0098,0.00679
2010-05-24,3.048,0.012692
2010-05-25,3.0218,-0.008596
2010-05-26,3.025,0.001059
2010-05-27,3.0382,0.004364
2010-05-28,3.0323,-0.001942
2010-05-31,2.9965,-0.011806
2010-06-01,2.9887,-0.002603
2010-06-02,2.9961,0.002476
2010-06-03,2.9897,-0.002136
2010-06-04,2.9976,0.002642
2010-06-07,2.986,-0.00387
2010-06-08,2.9835,-0.000837
2010-06-09,3.0159,0.01086
2010-06-10,3.0059,-0.003316
2010-06-11,3.0084,0.000832
2010-06-17,3.0142,0.001928
2010-06-18,3.0049,-0.003085
2010-06-21,3.0424,0.01248
2010-06-22,3.0453,0.000953
2010-06-23,3.041,-0.001412
2010-06-24,3.0407,-9.9e-05
2010-06-25,3.0388,-0.000625
2010-06-28,3.0302,-0.00283
2010-06-29,2.9833,-0.015478
2010-06-30,2.9772,-0.002045
2010-07-01,2.9667,-0.003527
2010-07-02,2.9721,0.00182
2010-07-05,2.9689,-0.001077
2010-07-06,2.9831,0.004783
2010-07-07,2.9892,0.002045
2010-07-08,2.9878,-0.000468
2010-07-09,3.011,0.007765
2010-07-12,3.0262,0.005048
2010-07-13,3.0122,-0.004626
2010-07-14,3.0206,0.002789
2010-07-15,3.0039,-0.005529
2010-07-16,3.0076,0.001232
2010-07-19,3.0344,0.008911
2010-07-20,3.0542,0.006525
2010-07-21,3.053,-0.000393
2010-07-22,3.0686,0.00511
2010-07-23,3.0691,0.000163
2010-07-26,3.0751,0.001955
2010-07-27,3.0672,-0.002569
2010-07-28,3.0878,0.006716
2010-07-29,3.0905,0.000874
2010-07-30,3.0934,0.000938
2010-08-02,3.1084,0.004849
2010-08-03,3.0932,-0.00489
2010-08-04,3.0983,0.001649
2010-08-05,3.0962,-0.000678
2010-08-06,3.1104,0.004586
2010-08-09,3.1135,0.000997
2010-08-10,3.0834,-0.009668
2010-08-11,3.0859,0.000811
2010-08-12,3.0784,-0.00243
2010-08-13,3.0941,0.0051
2010-08-16,3.1114,0.005591
2010-08-17,3.1163,0.001575
2010-08-18,3.1093,-0.002246
2010-08-19,3.1167,0.00238
2010-08-20,3.1064,-0.003305
2010-08-23,3.0966,-0.003155
2010-08-24,3.1,0.001098
2010-08-25,3.0753,-0.007968
2010-08-26,3.0767,0.000455
2010-08-27,3.0822,0.001788
2010-08-30,3.0934,0.003634
2010-08-31,3.0824,-0.003556
2010-09-01,3.0784,-0.001298
2010-09-02,3.0843,0.001917
2010-09-03,3.0775,-0.002205
2010-09-06,3.0973,0.006434
2010-09-07,3.0988,0.000484
2010-09-08,3.0914,-0.002388
2010-09-09,3.078,-0.004335
2010-09-10,3.0751,-0.000942
2010-09-13,3.0799,0.001561
2010-09-14,3.078,-0.000617
2010-09-15,3.0635,-0.004711
2010-09-16,3.0415,-0.007181
2010-09-17,3.0373,-0.001381
2010-09-20,3.0392,0.000626
2010-09-21,3.0453,0.002007
2010-09-27,3.0449,-0.000131
2010-09-28,3.0311,-0.004532
2010-09-29,3.0323,0.000396
2010-09-30,3.0493,0.005606
2010-10-08,3.0753,0.008527
2010-10-11,3.1018,0.008617
2010-10-12,3.1116,0.003159
2010-10-13,3.1265,0.004789
2010-10-14,3.1368,0.003294
2010-10-15,3.1793,0.013549
2010-10-18,3.181,0.000535
2010-10-19,3.1935,0.00393
2010-10-20,3.1781,-0.004822
2010-10-21,3.166,-0.003807
2010-10-22,3.165,-0.000316
2010-10-25,3.1778,0.004044
2010-10-26,3.1741,-0.001164
2010-10-27,3.1569,-0.005419
2010-10-28,3.1535,-0.001077
2010-10-29,3.1499,-0.001142
2010-11-01,3.1716,0.006889
2010-11-02,3.1618,-0.00309
2010-11-03,3.1538,-0.00253
2010-11-04,3.1746,0.006595
2010-11-05,3.1775,0.000914
2010-11-08,3.1881,0.003336
2010-11-09,3.1984,0.003231
2010-11-10,3.2205,0.00691
2010-11-11,3.2118,-0.002701
2010-11-12,3.1641,-0.014851
2010-11-15,3.2055,0.013084
2010-11-16,3.17,-0.011075
2010-11-17,3.1201,-0.015741
2010-11-18,3.1395,0.006218
2010-11-19,3.1761,0.011658
2010-11-22,3.1918,0.004943
2010-11-23,3.1841,-0.002412
2010-11-24,3.2165,0.010176
2010-11-25,3.2133,-0.000995
2010-11-26,3.2109,-0.000747
2010-11-29,3.2278,0.005263
2010-11-30,3.205,-0.007064
2010-12-01,3.1947,-0.003214
2010-12-02,3.1852,-0.002974
2010-12-03,3.1785,-0.002103
2010-12-06,3.1587,-0.006229
2010-12-07,3.1815,0.007218
2010-12-08,3.1837,0.000691
2010-12-09,3.1682,-0.004869
2010-12-10,3.1859,0.005587
2010-12-13,3.2129,0.008475
2010-12-14,3.2153,0.000747
2010-12-15,3.2097,-0.001742
2010-12-16,3.2138,0.001277
2010-12-17,3.2067,-0.002209
2010-12-20,3.1842,-0.007017
2010-12-21,3.1841,-3.1e-05
2010-12-22,3.1704,-0.004303
2010-12-23,3.1565,-0.004384
2010-12-24,3.1434,-0.00415
2010-12-27,3.1135,-0.009512
2010-12-28,3.0974,-0.005171
2010-12-29,3.1288,0.010138
2010-12-30,3.1417,0.004123
2010-12-31,3.1663,0.00783
2011-01-04,3.1724,0.001927
2011-01-05,3.1651,-0.002301
2011-01-06,3.1508,-0.004518
2011-01-07,3.1432,-0.002412
2011-01-10,3.1055,-0.011994
2011-01-11,3.088,-0.005635
2011-01-12,3.0827,-0.001716
2011-01-13,3.0976,0.004833
2011-01-14,3.0794,-0.005876
2011-01-17,3.0429,-0.011853
2011-01-18,3.0545,0.003812
2011-01-19,3.0777,0.007595
2011-01-20,3.0427,-0.011372
2011-01-21,3.0373,-0.001775
2011-01-24,2.9983,-0.01284
2011-01-25,2.9968,-0.0005
2011-01-26,3.0149,0.00604
2011-01-27,3.0348,0.006601
2011-01-28,3.0471,0.004053
2011-01-31,3.052,0.001608
2011-02-01,3.0525,0.000164
2011-02-09,3.0373,-0.00498
2011-02-10,3.0718,0.011359
2011-02-11,3.0853,0.004395
2011-02-14,3.1052,0.00645
2011-02-15,3.1091,0.001256
2011-02-16,3.1165,0.00238
2011-02-17,3.1123,-0.001348
2011-02-18,3.0998,-0.004016
2011-02-21,3.112,0.003936
2011-02-22,3.0917,-0.006523
2011-02-23,3.1027,0.003558
2011-02-24,3.1003,-0.000774
2011-02-25,3.1011,0.000258
2011-02-28,3.1143,0.004257
2011-03-01,3.1177,0.001092
2011-03-02,3.115,-0.000866
2011-03-03,3.0959,-0.006132
2011-03-04,3.1042,0.002681
2011-03-07,3.114,0.003157
2011-03-08,3.1131,-0.000289
2011-03-09,3.1157,0.000835
2011-03-10,3.118,0.000738
2011-03-11,3.1148,-0.001026
2011-03-14,3.127,0.003917
2011-03-15,3.1099,-0.005469
2011-03-16,3.1165,0.002122
2011-03-17,3.1011,-0.004941
2011-03-18,3.1035,0.000774
2011-03-21,3.0951,-0.002707
2011-03-22,3.092,-0.001002
2011-03-23,3.1059,0.004495
2011-03-24,3.1052,-0.000225
2011-03-25,3.1141,0.002866
2011-03-28,3.0995,-0.004688
2011-03-29,3.0802,-0.006227
2011-03-30,3.0792,-0.000325
2011-03-31,3.0821,0.000942
2011-04-01,3.0829,0.00026
2011-04-06,3.0748,-0.002627
2011-04-07,3.0836,0.002862
2011-04-08,3.1,0.005318
2011-04-11,3.0897,-0.003323
2011-04-12,3.0883,-0.000453
2011-04-13,3.1027,0.004663
2011-04-14,3.0971,-0.001805
2011-04-15,3.0878,-0.003003
2011-04-18,3.0817,-0.001976
2011-04-19,3.079,-0.000876
2011-04-20,3.0912,0.003962
2011-04-21,3.0983,0.002297
2011-04-22,3.1011,0.000904
2011-04-25,3.0925,-0.002773
2011-04-26,3.0809,-0.003751
2011-04-27,3.0782,-0.000876
2011-04-28,3.0576,-0.006692
2011-04-29,3.0706,0.004252
2011-05-03,3.0814,0.003517
2011-05-04,3.063,-0.005971
2011-05-05,3.0626,-0.000131
2011-05-06,3.0662,0.001175
2011-05-09,3.0743,0.002642
2011-05-10,3.0741,-6.5e-05
2011-05-11,3.0775,0.001106
2011-05-12,3.0721,-0.001755
2011-05-13,3.0706,-0.000488
2011-05-16,3.0586,-0.003908
2011-05-17,3.0593,0.000229
2011-05-18,3.0692,0.003236
2011-05-19,3.0633,-0.001922
2011-05-20,3.0616,-0.000555
2011-05-23,3.0333,-0.009244
2011-05-24,3.0285,-0.001582
2011-05-25,3.0142,-0.004722
2011-05-26,3.0046,-0.003185
2011-05-27,2.9963,-0.002762
2011-05-30,3.0014,0.001702
2011-05-31,3.0213,0.00663
2011-06-01,3.0314,0.003343
2011-06-02,3.0241,-0.002408
2011-06-03,3.0454,0.007043
2011-06-07,3.0471,0.000558
2011-06-08,3.048,0.000295
2011-06-09,3.026,-0.007218
2011-06-10,3.0267,0.000231
2011-06-13,3.025,-0.000562
2011-06-14,3.0476,0.007471
2011-06-15,3.0368,-0.003544
2011-06-16,3.0235,-0.00438
2011-06-17,3.0191,-0.001455
2011-06-20,3.0101,-0.002981
2011-06-21,3.0316,0.007143
2011-06-22,3.0366,0.001649
2011-06-23,3.0598,0.00764
2011-06-24,3.0782,0.006013
2011-06-27,3.0861,0.002566
2011-06-28,3.0951,0.002916
2011-06-29,3.0856,-0.003069
2011-06-30,3.0996,0.004537
2011-07-01,3.1072,0.002452
2011-07-04,3.1261,0.006083
2011-07-05,3.1209,-0.001663
2011-07-06,3.1223,0.000449
2011-07-07,3.1211,-0.000384
2011-07-08,3.1236,0.000801
2011-07-11,3.139,0.00493
2011-07-12,3.132,-0.00223
2011-07-13,3.1469,0.004757
2011-07-14,3.1445,-0.000763
2011-07-15,3.1483,0.001208
2011-07-18,3.1496,0.000413
2011-07-19,3.1385,-0.003524
2011-07-20,3.1381,-0.000127
2011-07-21,3.1366,-0.000478
2011-07-22,3.1464,0.003124
2011-07-25,3.1212,-0.008009
2011-07-26,3.1239,0.000865
2011-07-27,3.1408,0.00541
2011-07-28,3.1383,-0.000796
2011-07-29,3.1241,-0.004525
2011-08-01,3.1241,0.0
2011-08-02,3.1185,-0.001793
2011-08-03,3.1236,0.001635
2011-08-04,3.1292,0.001793
2011-08-05,3.1214,-0.002493
2011-08-08,3.0951,-0.008426
2011-08-09,3.1001,0.001615
2011-08-10,3.1174,0.00558
2011-08-11,3.1391,0.006961
2011-08-12,3.1432,0.001306
2011-08-15,3.1499,0.002132
2011-08-16,3.1407,-0.002921
2011-08-17,3.1356,-0.001624
2011-08-18,3.1148,-0.006633
2011-08-19,3.1076,-0.002312
2011-08-22,3.0838,-0.007659
2011-08-23,3.0935,0.003145
2011-08-24,3.0964,0.000937
2011-08-25,3.117,0.006653
2011-08-26,3.1147,-0.000738
2011-08-29,3.1022,-0.004013
2011-08-30,3.0944,-0.002514
2011-08-31,3.0981,0.001196
2011-09-01,3.0912,-0.002227
2011-09-02,3.0821,-0.002944
2011-09-05,3.0525,-0.009604
2011-09-06,3.0329,-0.006421
2011-09-07,3.055,0.007287
2011-09-08,3.0476,-0.002422
2011-09-09,3.0371,-0.003445
2011-09-13,3.0257,-0.003754
2011-09-14,3.024,-0.000562
2011-09-15,3.0241,3.3e-05
2011-09-16,3.0274,0.001091
2011-09-19,3.0118,-0.005153
2011-09-20,3.0176,0.001926
2011-09-21,3.0469,0.00971
2011-09-22,3.0204,-0.008697
2011-09-23,3.0127,-0.002549
2011-09-26,2.9981,-0.004846
2011-09-27,3.0062,0.002702
2011-09-28,2.9998,-0.002129
2011-09-29,2.9877,-0.004034
2011-09-30,2.9885,0.000268
2011-10-10,2.9818,-0.002242
2011-10-11,2.9667,-0.005064
2011-10-12,2.9943,0.009303
2011-10-13,3.0051,0.003607
2011-10-14,2.9995,-0.001863
2011-10-17,3.0122,0.004234
2011-10-18,2.9921,-0.006673
2011-10-19,2.9833,-0.002941
2011-10-20,2.9553,-0.009386
2011-10-21,2.9466,-0.002944
2011-10-24,2.9698,0.007873
2011-10-25,2.9912,0.007206
2011-10-26,3.0046,0.00448
2011-10-27,3.0074,0.000932
2011-10-28,3.0241,0.005553
2011-10-31,3.0218,-0.000761
2011-11-01,3.0226,0.000265
2011-11-02,3.0348,0.004036
2011-11-03,3.0375,0.00089
2011-11-04,3.0392,0.00056
2011-11-07,3.0314,-0.002566
2011-11-08,3.0272,-0.001385
2011-11-09,3.0356,0.002775
2011-11-10,3.025,-0.003492
2011-11-11,3.0204,-0.001521
2011-11-14,3.0366,0.005364
2011-11-15,3.0292,-0.002437
2011-11-16,3.0113,-0.005909
2011-11-17,3.0091,-0.000731
2011-11-18,2.9932,-0.005284
2011-11-21,2.9916,-0.000535
2011-11-22,2.9943,0.000903
2011-11-23,2.9914,-0.000969
2011-11-24,2.9936,0.000735
2011-11-25,2.9914,-0.000735
2011-11-28,2.9931,0.000568
2011-11-29,2.9978,0.00157
2011-11-30,2.984,-0.004603
2011-12-01,2.9931,0.00305
2011-12-02,2.9856,-0.002506
2011-12-05,2.9699,-0.005259
2011-12-06,2.9706,0.000236
2011-12-07,2.972,0.000471
2011-12-08,2.9701,-0.000639
2011-12-09,2.962,-0.002727
2011-12-12,2.9563,-0.001924
2011-12-13,2.9448,-0.00389
2011-12-14,2.9404,-0.001494
2011-12-15,2.9336,-0.002313
2011-12-16,2.9502,0.005659
2011-12-19,2.9504,6.8e-05
2011-12-20,2.9485,-0.000644
2011-12-21,2.9401,-0.002849
2011-12-22,2.9395,-0.000204
2011-12-23,2.9461,0.002245
2011-12-26,2.9357,-0.00353
2011-12-27,2.9201,-0.005314
2011-12-28,2.9179,-0.000753
2011-12-29,2.922,0.001405
2011-12-30,2.9345,0.004278
2011-12-31,2.9343,-6.8e-05
2012-01-04,2.9188,-0.005282
2012-01-05,2.9061,-0.004351
2012-01-06,2.9088,0.000929
2012-01-09,2.9287,0.006841
2012-01-10,2.951,0.007614
2012-01-11,2.945,-0.002033
2012-01-12,2.9429,-0.000713
2012-01-13,2.9282,-0.004995
2012-01-16,2.9073,-0.007137
2012-01-17,2.9309,0.008117
2012-01-18,2.9125,-0.006278
2012-01-19,2.9254,0.004429
2012-01-20,2.9446,0.006563
2012-01-30,2.9367,-0.002683
2012-01-31,2.9395,0.000953
2012-02-01,2.9357,-0.001293
2012-02-02,2.9466,0.003713
2012-02-03,2.9488,0.000747
2012-02-06,2.9559,0.002408
2012-02-07,2.946,-0.003349
2012-02-08,2.9596,0.004616
2012-02-09,2.9632,0.001216
2012-02-10,2.9664,0.00108
2012-02-13,2.9674,0.000337
2012-02-14,2.9652,-0.000741
2012-02-15,2.9704,0.001754
2012-02-16,2.9654,-0.001683
2012-02-17,2.964,-0.000472
2012-02-20,2.965,0.000337
2012-02-21,2.972,0.002361
2012-02-22,2.9809,0.002995
2012-02-23,2.985,0.001375
2012-02-24,2.9968,0.003953
2012-02-27,2.9992,0.000801
2012-02-28,2.9985,-0.000233
2012-02-29,2.9976,-0.0003
2012-03-01,2.998,0.000133
2012-03-02,3.0086,0.003536
2012-03-05,3.0039,-0.001562
2012-03-06,2.9953,-0.002863
2012-03-07,2.9895,-0.001936
2012-03-08,2.9958,0.002107
2012-03-09,3.0095,0.004573
2012-03-12,3.0101,0.000199
2012-03-13,3.0147,0.001528
2012-03-14,2.9976,-0.005672
2012-03-15,2.9983,0.000234
2012-03-16,3.0144,0.00537
2012-03-19,3.0138,-0.000199
2012-03-20,2.9986,-0.005043
2012-03-21,2.9941,-0.001501
2012-03-22,2.9926,-0.000501
2012-03-23,2.9848,-0.002606
2012-03-26,2.9917,0.002312
2012-03-27,2.9807,-0.003677
2012-03-28,2.9618,-0.006341
2012-03-29,2.9561,-0.001925
2012-03-30,2.9576,0.000507
2012-03-31,2.9576,0.0
2012-04-05,2.9841,0.00896
2012-04-06,2.987,0.000972
2012-04-09,2.9843,-0.000904
2012-04-10,2.9862,0.000637
2012-04-11,2.9875,0.000435
2012-04-12,2.997,0.00318
2012-04-13,3.0005,0.001168
2012-04-16,2.9988,-0.000567
2012-04-17,2.9868,-0.004002
2012-04-18,3.0,0.004419
2012-04-19,2.9944,-0.001867
2012-04-20,2.9993,0.001636
2012-04-23,2.9986,-0.000233
2012-04-24,2.9956,-0.001
2012-04-25,2.9992,0.001202
2012-04-26,3.0044,0.001734
2012-04-27,3.0089,0.001498
2012-05-02,3.0213,0.004121
2012-05-03,3.0274,0.002019
2012-05-04,3.0375,0.003336
2012-05-07,3.0434,0.001942
2012-05-08,3.0383,-0.001676
2012-05-09,3.0265,-0.003884
2012-05-10,3.0277,0.000396
2012-05-11,3.0255,-0.000727
2012-05-14,3.016,-0.00314
2012-05-15,3.0218,0.001923
2012-05-16,3.01,-0.003905
2012-05-17,3.0164,0.002126
2012-05-18,3.0071,-0.003083
2012-05-21,3.0149,0.002594
2012-05-22,3.0309,0.005307
2012-05-23,3.0334,0.000825
2012-05-24,3.0184,-0.004945
2012-05-25,3.0101,-0.00275
2012-05-28,3.0257,0.005183
2012-05-29,3.0312,0.001818
2012-05-30,3.0297,-0.000495
2012-05-31,3.0353,0.001848
2012-06-01,3.0404,0.00168
2012-06-04,3.0265,-0.004572
2012-06-05,3.0297,0.001057
2012-06-06,3.028,-0.000561
2012-06-07,3.024,-0.001321
2012-06-08,3.0221,-0.000628
2012-06-11,3.0321,0.003309
2012-06-12,3.0306,-0.000495
2012-06-13,3.049,0.006071
2012-06-14,3.0505,0.000492
2012-06-15,3.0485,-0.000656
2012-06-18,3.0534,0.001607
2012-06-19,3.0439,-0.003111
2012-06-20,3.0363,-0.002497
2012-06-21,3.0294,-0.002273
2012-06-25,3.0194,-0.003301
2012-06-26,3.0186,-0.000265
2012-06-27,3.0225,0.001292
2012-06-28,3.0225,0.0
2012-06-29,3.0346,0.004003
2012-06-30,3.0346,0.0
2012-07-02,3.0377,0.001022
2012-07-03,3.0442,0.00214
2012-07-04,3.0356,-0.002825
2012-07-05,3.0279,-0.002537
2012-07-06,3.0569,0.009578
2012-07-09,3.0481,-0.002879
2012-07-10,3.0392,-0.00292
2012-07-11,3.0529,0.004508
2012-07-12,3.0599,0.002293
2012-07-13,3.0635,0.001177
2012-07-16,3.0432,-0.006626
2012-07-17,3.037,-0.002037
2012-07-18,3.0302,-0.002239
2012-07-19,3.0307,0.000165
2012-07-20,3.0213,-0.003102
2012-07-23,3.0113,-0.00331
2012-07-24,3.0204,0.003022
2012-07-25,3.0201,-9.9e-05
2012-07-26,3.0152,-0.001622
2012-07-27,3.0115,-0.001227
2012-07-30,3.0122,0.000232
2012-07-31,3.0086,-0.001195
2012-08-01,3.0157,0.00236
2012-08-02,3.0108,-0.001625
2012-08-03,3.0192,0.00279
2012-08-06,3.0297,0.003478
2012-08-07,3.0307,0.00033
2012-08-08,3.0218,-0.002937
2012-08-09,3.0426,0.006883
2012-08-10,3.0351,-0.002465
2012-08-13,3.027,-0.002669
2012-08-14,3.0285,0.000496
2012-08-15,3.0258,-0.000892
2012-08-16,3.0189,-0.00228
2012-08-17,3.0069,-0.003975
2012-08-20,3.0061,-0.000266
2012-08-21,3.016,0.003293
2012-08-22,3.0079,-0.002686
2012-08-23,3.0046,-0.001097
2012-08-24,2.9988,-0.00193
2012-08-27,2.9902,-0.002868
2012-08-28,2.9867,-0.00117
2012-08-29,2.9786,-0.002712
2012-08-30,2.9654,-0.004432
2012-08-31,2.9671,0.000573
2012-09-03,2.9851,0.006067
2012-09-04,2.9801,-0.001675
2012-09-05,2.9806,0.000168
2012-09-06,2.9831,0.000839
2012-09-07,3.0103,0.009118
2012-09-10,3.011,0.000233
2012-09-11,3.0073,-0.001229
2012-09-12,3.0113,0.00133
2012-09-13,3.0039,-0.002457
2012-09-14,3.0051,0.000399
2012-09-17,2.9916,-0.004492
2012-09-18,2.9899,-0.000568
2012-09-19,2.9889,-0.000334
2012-09-20,2.976,-0.004316
2012-09-21,2.9759,-3.4e-05
2012-09-24,2.9841,0.002755
2012-09-25,2.9838,-0.000101
2012-09-26,2.9737,-0.003385
2012-09-27,2.9921,0.006188
2012-09-28,3.0074,0.005113
2012-09-30,3.0074,0.0
2012-10-08,2.9998,-0.002527
2012-10-09,3.0171,0.005767
2012-10-10,3.0203,0.001061
2012-10-11,3.0138,-0.002152
2012-10-12,3.013,-0.000265
2012-10-15,3.0179,0.001626
2012-10-16,3.0253,0.002452
2012-10-17,3.0247,-0.000198
2012-10-18,3.036,0.003736
2012-10-19,3.0351,-0.000296
2012-10-22,3.0366,0.000494
2012-10-23,3.0221,-0.004775
2012-10-24,3.0211,-0.000331
2012-10-25,3.0144,-0.002218
2012-10-26,3.0066,-0.002588
2012-10-29,3.0081,0.000499
2012-10-30,3.0127,0.001529
2012-10-31,3.0248,0.004016
2012-11-01,3.036,0.003703
2012-11-02,3.0351,-0.000296
2012-11-05,3.0284,-0.002208
2012-11-06,3.0214,-0.002311
2012-11-07,3.0201,-0.00043
2012-11-08,3.0125,-0.002516
2012-11-09,3.0071,-0.001793
2012-11-12,2.9998,-0.002428
2012-11-13,2.9907,-0.003034
2012-11-14,2.998,0.002441
2012-11-15,2.9948,-0.001067
2012-11-16,2.9878,-0.002337
2012-11-19,2.9767,-0.003715
2012-11-20,2.9796,0.000974
2012-11-21,2.9828,0.001074
2012-11-22,2.9713,-0.003855
2012-11-23,2.9735,0.00074
2012-11-26,2.962,-0.003867
2012-11-27,2.9581,-0.001317
2012-11-28,2.9556,-0.000845
2012-11-29,2.9588,0.001083
2012-11-30,2.9693,0.003549
2012-12-03,2.9527,-0.005591
2012-12-04,2.9573,0.001558
2012-12-05,2.9764,0.006459
2012-12-06,2.9713,-0.001713
2012-12-07,2.9767,0.001817
2012-12-10,2.9792,0.00084
2012-12-11,2.9787,-0.000168
2012-12-12,2.9806,0.000638
2012-12-13,2.9777,-0.000973
2012-12-14,2.9995,0.007321
2012-12-17,2.9887,-0.003601
2012-12-18,2.9875,-0.000402
2012-12-19,2.9954,0.002644
2012-12-20,3.0029,0.002504
2012-12-21,3.0093,0.002131
2012-12-24,3.0074,-0.000631
2012-12-25,3.0192,0.003924
2012-12-26,3.0225,0.001093
2012-12-27,3.024,0.000496
2012-12-28,3.0329,0.002943
2012-12-31,3.0378,0.001616
2013-01-04,3.0201,-0.005827
2013-01-07,3.0201,0.0
2013-01-08,3.0284,0.002748
2013-01-09,3.036,0.00251
2013-01-10,3.038,0.000659
2013-01-11,3.0333,-0.001547
2013-01-14,3.0608,0.009066
2013-01-15,3.0694,0.00281
2013-01-16,3.0696,6.5e-05
2013-01-17,3.0677,-0.000619
2013-01-18,3.0773,0.003129
2013-01-21,3.078,0.000227
2013-01-22,3.0659,-0.003931
2013-01-23,3.0719,0.001957
2013-01-24,3.0625,-0.00306
2013-01-25,3.0625,0.0
2013-01-28,3.0687,0.002024
2013-01-29,3.0697,0.000326
2013-01-30,3.0672,-0.000814
2013-01-31,3.0613,-0.001924
2013-02-01,3.0645,0.001045
2013-02-04,3.0562,-0.002708
2013-02-05,3.0728,0.005432
2013-02-06,3.0708,-0.000651
2013-02-07,3.079,0.00267
2013-02-08,3.0951,0.005229
2013-02-18,3.0866,-0.002746
2013-02-19,3.0719,-0.004763
2013-02-20,3.0885,0.005404
2013-02-21,3.078,-0.0034
2013-02-22,3.075,-0.000975
2013-02-25,3.0792,0.001366
2013-02-26,3.0704,-0.002858
2013-02-27,3.0655,-0.001596
2013-02-28,3.0794,0.004534
2013-03-01,3.0912,0.003832
2013-03-04,3.0767,-0.004691
2013-03-05,3.0966,0.006468
2013-03-06,3.1057,0.002939
2013-03-07,3.0952,-0.003381
2013-03-08,3.0907,-0.001454
2013-03-11,3.0969,0.002006
2013-03-12,3.0841,-0.004133
2013-03-13,3.0829,-0.000389
2013-03-14,3.1028,0.006455
2013-03-15,3.1086,0.001869
2013-03-18,3.1028,-0.001866
2013-03-19,3.0917,-0.003577
2013-03-20,3.1202,0.009218
2013-03-21,3.1396,0.006218
2013-03-22,3.1405,0.000287
2013-03-25,3.1403,-6.4e-05
2013-03-26,3.1417,0.000446
2013-03-27,3.1472,0.001751
2013-03-28,3.1403,-0.002192
2013-03-29,3.1423,0.000637
2013-04-01,3.1349,-0.002355
2013-04-02,3.113,-0.006986
2013-04-03,3.1052,-0.002506
2013-04-08,3.126,0.006698
2013-04-09,3.1302,0.001344
2013-04-10,3.1152,-0.004792
2013-04-11,3.1113,-0.001252
2013-04-12,3.1057,-0.0018
2013-04-15,3.099,-0.002157
2013-04-16,3.115,0.005163
2013-04-17,3.1366,0.006934
2013-04-18,3.1395,0.000925
2013-04-19,3.1533,0.004396
2013-04-22,3.1717,0.005835
2013-04-23,3.1606,-0.0035
2013-04-24,3.1874,0.008479
2013-04-25,3.1792,-0.002573
2013-04-26,3.1638,-0.004844
2013-05-02,3.1817,0.005658
2013-05-03,3.1986,0.005312
2013-05-06,3.2089,0.00322
2013-05-07,3.2084,-0.000156
2013-05-08,3.2291,0.006452
2013-05-09,3.2227,-0.001982
2013-05-10,3.2212,-0.000465
2013-05-13,3.2129,-0.002577
2013-05-14,3.1947,-0.005665
2013-05-15,3.2161,0.006699
2013-05-16,3.2212,0.001586
2013-05-17,3.2291,0.002453
2013-05-20,3.2288,-9.3e-05
2013-05-21,3.2518,0.007123
2013-05-22,3.2492,-0.0008
2013-05-23,3.2454,-0.00117
2013-05-24,3.2558,0.003205
2013-05-27,3.2611,0.001628
2013-05-28,3.2528,-0.002545
2013-05-29,3.2509,-0.000584
2013-05-30,3.245,-0.001815
2013-05-31,3.2332,-0.003636
2013-06-03,3.2222,-0.003402
2013-06-04,3.2028,-0.006021
2013-06-05,3.207,0.001311
2013-06-06,3.2067,-9.4e-05
2013-06-07,3.2062,-0.000156
2013-06-13,3.1964,-0.003057
2013-06-14,3.2094,0.004067
2013-06-17,3.2057,-0.001153
2013-06-18,3.2124,0.00209
2013-06-19,3.2126,6.2e-05
2013-06-20,3.1846,-0.008716
2013-06-21,3.1893,0.001476
2013-06-24,3.1577,-0.009908
2013-06-25,3.1697,0.0038
2013-06-26,3.1996,0.009433
2013-06-27,3.1945,-0.001594
2013-06-28,3.1957,0.000376
2013-06-30,3.1955,-6.3e-05
2013-07-01,3.2246,0.009107
2013-07-02,3.2452,0.006388
2013-07-03,3.2562,0.00339
2013-07-04,3.2526,-0.001106
2013-07-05,3.242,-0.003259
2013-07-08,3.23,-0.003701
2013-07-09,3.2303,9.3e-05
2013-07-10,3.2398,0.002941
2013-07-11,3.2575,0.005463
2013-07-12,3.2558,-0.000522
2013-07-15,3.2759,0.006174
2013-07-16,3.2849,0.002747
2013-07-17,3.2675,-0.005297
2013-07-18,3.2599,-0.002326
2013-07-19,3.2418,-0.005552
2013-07-22,3.2572,0.00475
2013-07-23,3.2784,0.006509
2013-07-24,3.2945,0.004911
2013-07-25,3.2712,-0.007072
2013-07-26,3.2695,-0.00052
2013-07-29,3.2649,-0.001407
2013-07-30,3.253,-0.003645
2013-07-31,3.2511,-0.000584
2013-08-01,3.2771,0.007997
2013-08-02,3.2756,-0.000458
2013-08-05,3.2916,0.004885
2013-08-06,3.3058,0.004314
2013-08-07,3.2953,-0.003176
2013-08-08,3.3061,0.003277
2013-08-09,3.3107,0.001391
2013-08-12,3.3031,-0.002296
2013-08-13,3.298,-0.001544
2013-08-14,3.3002,0.000667
2013-08-15,3.2877,-0.003788
2013-08-16,3.2739,-0.004197
2013-08-19,3.2989,0.007636
2013-08-20,3.2967,-0.000667
2013-08-21,3.2898,-0.002093
2013-08-22,3.3019,0.003678
2013-08-23,3.3109,0.002726
2013-08-26,3.3276,0.005044
2013-08-27,3.3266,-0.000301
2013-08-28,3.3149,-0.003517
2013-08-29,3.308,-0.002082
2013-08-30,3.2947,-0.004021
2013-09-02,3.3045,0.002974
2013-09-03,3.3178,0.004025
2013-09-04,3.322,0.001266
2013-09-05,3.3308,0.002649
2013-09-06,3.337,0.001861
2013-09-09,3.3352,-0.000539
2013-09-10,3.3296,-0.001679
2013-09-11,3.3112,-0.005526
2013-09-12,3.3095,-0.000513
2013-09-13,3.3251,0.004714
2013-09-16,3.3313,0.001865
2013-09-17,3.3262,-0.001531
2013-09-18,3.3273,0.000331
2013-09-23,3.3507,0.007033
2013-09-24,3.361,0.003074
2013-09-25,3.3556,-0.001607
2013-09-26,3.3522,-0.001013
2013-09-27,3.3622,0.002983
2013-09-30,3.3696,0.002201
2013-10-08,3.3725,0.000861
2013-10-09,3.3772,0.001394
2013-10-10,3.3656,-0.003435
2013-10-11,3.3678,0.000654
2013-10-14,3.374,0.001841
2013-10-15,3.3749,0.000267
2013-10-16,3.3614,-0.004
2013-10-17,3.3575,-0.00116
2013-10-18,3.3686,0.003306
2013-10-21,3.3909,0.00662
2013-10-22,3.3776,-0.003922
2013-10-23,3.3587,-0.005596
2013-10-24,3.3506,-0.002412
2013-10-25,3.3313,-0.00576
2013-10-28,3.3232,-0.002431
2013-10-29,3.3208,-0.000722
2013-10-30,3.3325,0.003523
2013-10-31,3.3124,-0.006032
2013-11-01,3.3115,-0.000272
2013-11-04,3.3129,0.000423
2013-11-05,3.319,0.001841
2013-11-06,3.3051,-0.004188
2013-11-07,3.2947,-0.003147
2013-11-08,3.2852,-0.002883
2013-11-11,3.296,0.003287
2013-11-12,3.3021,0.001851
2013-11-13,3.2928,-0.002816
2013-11-14,3.3112,0.005588
2013-11-15,3.3213,0.00305
2013-11-18,3.334,0.003824
2013-11-19,3.3259,-0.00243
2013-11-20,3.3271,0.000361
2013-11-21,3.3186,-0.002555
2013-11-22,3.3154,-0.000964
2013-11-25,3.3119,-0.001056
2013-11-26,3.3129,0.000302
2013-11-27,3.3244,0.003471
2013-11-28,3.3352,0.003249
2013-11-29,3.3404,0.001559
2013-12-02,3.3178,-0.006766
2013-12-03,3.3257,0.002381
2013-12-04,3.3316,0.001774
2013-12-05,3.3245,-0.002131
2013-12-06,3.3212,-0.000993
2013-12-09,3.3247,0.001054
2013-12-10,3.3266,0.000571
2013-12-11,3.324,-0.000782
2013-12-12,3.3303,0.001895
2013-12-13,3.3337,0.001021
2013-12-16,3.3188,-0.00447
2013-12-17,3.3181,-0.000211
2013-12-18,3.3183,6e-05
2013-12-19,3.3121,-0.001868
2013-12-20,3.3011,-0.003321
2013-12-23,3.3075,0.001939
2013-12-24,3.3139,0.001935
2013-12-25,3.3229,0.002716
2013-12-26,3.3115,-0.003431
2013-12-27,3.3217,0.00308
2013-12-30,3.3224,0.000211
2013-12-31,3.3303,0.002378
2014-01-02,3.3321,0.00054
2014-01-03,3.3267,-0.001621
2014-01-06,3.3094,-0.0052
2014-01-07,3.31,0.000181
2014-01-08,3.3261,0.004864
2014-01-09,3.3144,-0.003518
2014-01-10,3.3075,-0.002082
2014-01-13,3.3024,-0.001542
2014-01-14,3.3122,0.002968
2014-01-15,3.3191,0.002083
2014-01-16,3.3119,-0.002169
2014-01-17,3.2996,-0.003714
2014-01-20,3.2896,-0.003031
2014-01-21,3.3001,0.003192
2014-01-22,3.3185,0.005576
2014-01-23,3.3254,0.002079
2014-01-24,3.3325,0.002135
2014-01-27,3.3235,-0.002701
2014-01-28,3.323,-0.00015
2014-01-29,3.3267,0.001113
2014-01-30,3.3249,-0.000541
2014-02-07,3.3354,0.003158
2014-02-10,3.357,0.006476
2014-02-11,3.3502,-0.002026
2014-02-12,3.3549,0.001403
2014-02-13,3.3392,-0.00468
2014-02-14,3.3526,0.004013
2014-02-17,3.3642,0.00346
2014-02-18,3.3558,-0.002497
2014-02-19,3.3558,0.0
2014-02-20,3.3443,-0.003427
2014-02-21,3.3435,-0.000239
2014-02-24,3.3345,-0.002692
2014-02-25,3.3122,-0.006688
2014-02-26,3.3112,-0.000302
2014-02-27,3.2991,-0.003654
2014-02-28,3.3141,0.004547
2014-03-03,3.3181,0.001207
2014-03-04,3.3082,-0.002984
2014-03-05,3.2975,-0.003234
2014-03-06,3.2916,-0.001789
2014-03-07,3.3011,0.002886
2014-03-10,3.2884,-0.003847
2014-03-11,3.2874,-0.000304
2014-03-12,3.2884,0.000304
2014-03-13,3.3041,0.004774
2014-03-14,3.3019,-0.000666
2014-03-17,3.3132,0.003422
2014-03-18,3.3159,0.000815
2014-03-19,3.3029,-0.003921
2014-03-20,3.2761,-0.008114
2014-03-21,3.2889,0.003907
2014-03-24,3.2866,-0.000699
2014-03-25,3.2911,0.001369
2014-03-26,3.298,0.002097
2014-03-27,3.2869,-0.003366
2014-03-28,3.2725,-0.004381
2014-03-31,3.2705,-0.000611
2014-04-01,3.2859,0.004709
2014-04-02,3.281,-0.001491
2014-04-03,3.2769,-0.00125
2014-04-04,3.2864,0.002899
2014-04-08,3.2947,0.002526
2014-04-09,3.2991,0.001335
2014-04-10,3.3055,0.00194
2014-04-11,3.3046,-0.000272
2014-04-14,3.3102,0.001695
2014-04-15,3.3028,-0.002236
2014-04-16,3.3006,-0.000666
2014-04-17,3.3002,-0.000121
2014-04-18,3.3016,0.000424
2014-04-21,3.2938,-0.002362
2014-04-22,3.2864,-0.002247
2014-04-23,3.2844,-0.000609
2014-04-24,3.2781,-0.001918
2014-04-25,3.2646,-0.004118
2014-04-28,3.244,-0.00631
2014-04-29,3.2562,0.003761
2014-04-30,3.2661,0.00304
2014-05-05,3.2751,0.002756
2014-05-06,3.2781,0.000916
2014-05-07,3.2666,-0.003508
2014-05-08,3.2656,-0.000306
2014-05-09,3.257,-0.002634
2014-05-12,3.2663,0.002855
2014-05-13,3.2649,-0.000429
2014-05-14,3.2624,-0.000766
2014-05-15,3.2545,-0.002422
2014-05-16,3.2503,-0.001291
2014-05-19,3.2445,-0.001784
2014-05-20,3.2484,0.001202
2014-05-21,3.2594,0.003386
2014-05-22,3.2611,0.000522
2014-05-23,3.2739,0.003925
2014-05-26,3.2795,0.00171
2014-05-27,3.2756,-0.001189
2014-05-28,3.2894,0.004213
2014-05-29,3.2845,-0.00149
2014-05-30,3.2869,0.000731
2014-06-03,3.2813,-0.001704
2014-06-04,3.2828,0.000457
2014-06-05,3.2901,0.002224
2014-06-06,3.2844,-0.001732
2014-06-09,3.2779,-0.001979
2014-06-10,3.286,0.002471
2014-06-11,3.2881,0.000639
2014-06-12,3.2923,0.001277
2014-06-13,3.2999,0.002308
2014-06-16,3.3021,0.000667
2014-06-17,3.2926,-0.002877
2014-06-18,3.2936,0.000304
2014-06-19,3.2769,-0.00507
2014-06-20,3.2817,0.001465
2014-06-23,3.2886,0.002103
2014-06-24,3.2972,0.002615
2014-06-25,3.2916,-0.001698
2014-06-26,3.2997,0.002461
2014-06-27,3.3136,0.004213
2014-06-30,3.3197,0.001841
2014-07-01,3.3202,0.000151
2014-07-02,3.3227,0.000753
2014-07-03,3.322,-0.000211
2014-07-04,3.3213,-0.000211
2014-07-07,3.3186,-0.000813
2014-07-08,3.3262,0.00229
2014-07-09,3.3104,-0.00475
2014-07-10,3.3024,-0.002417
2014-07-11,3.3016,-0.000242
2014-07-14,3.308,0.001938
2014-07-15,3.3053,-0.000816
2014-07-16,3.2915,-0.004175
2014-07-17,3.2862,-0.00161
2014-07-18,3.2913,0.001552
2014-07-21,3.2987,0.002248
2014-07-22,3.3092,0.003183
2014-07-23,3.3021,-0.002146
2014-07-24,3.3085,0.001938
2014-07-25,3.3134,0.001481
2014-07-28,3.3325,0.005764
2014-07-29,3.3374,0.00147
2014-07-30,3.3384,0.0003
2014-07-31,3.3433,0.001468
2014-08-01,3.3381,-0.001555
2014-08-04,3.3489,0.003235
2014-08-05,3.3517,0.000836
2014-08-06,3.3548,0.000925
2014-08-07,3.3445,-0.00307
2014-08-08,3.3502,0.001704
2014-08-11,3.3602,0.002985
2014-08-12,3.3575,-0.000804
2014-08-13,3.3536,-0.001162
2014-08-14,3.3475,-0.001819
2014-08-15,3.3551,0.00227
2014-08-18,3.3658,0.003189
2014-08-19,3.3706,0.001426
2014-08-20,3.3627,-0.002344
2014-08-21,3.3624,-8.9e-05
2014-08-22,3.3649,0.000744
2014-08-25,3.361,-0.001159
2014-08-26,3.3517,-0.002767
2014-08-27,3.3517,0.0
2014-08-28,3.3455,-0.00185
2014-08-29,3.3529,0.002212
2014-09-01,3.3658,0.003847
2014-09-02,3.3769,0.003298
2014-09-03,3.3874,0.003109
2014-09-04,3.3902,0.000827
2014-09-05,3.3933,0.000914
2014-09-09,3.3889,-0.001297
2014-09-10,3.388,-0.000266
2014-09-11,3.3896,0.000472
2014-09-12,3.396,0.001888
2014-09-15,3.396,0.0
2014-09-16,3.375,-0.006184
2014-09-17,3.3804,0.0016
2014-09-18,3.3858,0.001597
2014-09-19,3.3948,0.002658
2014-09-22,3.3904,-0.001296
2014-09-23,3.4029,0.003687
2014-09-24,3.4108,0.002322
2014-09-25,3.409,-0.000528
2014-09-26,3.4071,-0.000557
2014-09-29,3.4081,0.000294
2014-09-30,3.4164,0.002435
2014-10-08,3.4287,0.0036
2014-10-09,3.4237,-0.001458
2014-10-10,3.4178,-0.001723
2014-10-13,3.4046,-0.003862
2014-10-14,3.4012,-0.000999
2014-10-15,3.4085,0.002146
2014-10-16,3.3958,-0.003726
2014-10-17,3.3924,-0.001001
2014-10-20,3.4037,0.003331
2014-10-21,3.3968,-0.002027
2014-10-22,3.3924,-0.001295
2014-10-23,3.384,-0.002476
2014-10-24,3.3867,0.000798
2014-10-27,3.3919,0.001535
2014-10-28,3.4103,0.005425
2014-10-29,3.4156,0.001554
2014-10-30,3.4179,0.000673
2014-10-31,3.4098,-0.00237
2014-11-03,3.4151,0.001554
2014-11-04,3.4113,-0.001113
2014-11-05,3.4044,-0.002023
2014-11-06,3.4103,0.001733
2014-11-07,3.4058,-0.00132
2014-11-10,3.412,0.00182
2014-11-11,3.3919,-0.005891
2014-11-12,3.397,0.001504
2014-11-13,3.3776,-0.005711
2014-11-14,3.3823,0.001392
2014-11-17,3.3904,0.002395
2014-11-18,3.3926,0.000649
2014-11-19,3.3968,0.001238
2014-11-20,3.3874,-0.002767
2014-11-21,3.397,0.002834
2014-11-24,3.4029,0.001737
2014-11-25,3.4171,0.004173
2014-11-26,3.4319,0.004331
2014-11-27,3.4308,-0.000321
2014-11-28,3.4441,0.003877
2014-12-01,3.44,-0.00119
2014-12-02,3.461,0.006105
2014-12-03,3.4733,0.003554
2014-12-04,3.5007,0.007889
2014-12-05,3.4937,-0.002
2014-12-08,3.5159,0.006354
2014-12-09,3.4684,-0.01351
2014-12-10,3.4993,0.008909
2014-12-11,3.4981,-0.000343
2014-12-12,3.5096,0.003287
2014-12-15,3.5301,0.005841
2014-12-16,3.5415,0.003229
2014-12-17,3.542,0.000141
2014-12-18,3.5439,0.000536
2014-12-19,3.5405,-0.000959
2014-12-22,3.5182,-0.006299
2014-12-23,3.501,-0.004889
2014-12-24,3.4964,-0.001314
2014-12-25,3.5206,0.006921
2014-12-26,3.5343,0.003891
2014-12-29,3.5322,-0.000594
2014-12-30,3.5272,-0.001416
2014-12-31,3.5402,0.003686
2015-01-05,3.5527,0.003531
2015-01-06,3.5655,0.003603
2015-01-07,3.5581,-0.002075
2015-01-08,3.5498,-0.002333
2015-01-09,3.552,0.00062
2015-01-12,3.5522,5.6e-05
2015-01-13,3.5606,0.002365
2015-01-14,3.5535,-0.001994
2015-01-15,3.5701,0.004671
2015-01-16,3.5814,0.003165
2015-01-19,3.5366,-0.012509
2015-01-20,3.5626,0.007352
2015-01-21,3.587,0.006849
2015-01-22,3.5961,0.002537
2015-01-23,3.5863,-0.002725
2015-01-26,3.6001,0.003848
2015-01-27,3.5984,-0.000472
2015-01-28,3.5878,-0.002946
2015-01-29,3.576,-0.003289
2015-01-30,3.5652,-0.00302
2015-02-02,3.5628,-0.000673
2015-02-03,3.581,0.005108
2015-02-04,3.574,-0.001955
2015-02-05,3.5756,0.000448
2015-02-06,3.5594,-0.004531
2015-02-09,3.5523,-0.001995
2015-02-10,3.5667,0.004054
2015-02-11,3.5851,0.005159
2015-02-12,3.5922,0.00198
2015-02-13,3.606,0.003842
2015-02-16,3.6342,0.00782
2015-02-17,3.6398,0.001541
2015-02-25,3.626,-0.003791
2015-02-26,3.6364,0.002868
2015-02-27,3.6501,0.003767
2015-03-02,3.6699,0.005425
2015-03-03,3.6526,-0.004714
2015-03-04,3.6751,0.00616
2015-03-05,3.671,-0.001116
2015-03-06,3.6425,-0.007764
2015-03-09,3.6596,0.004695
2015-03-10,3.6754,0.004317
2015-03-11,3.6773,0.000517
2015-03-12,3.6687,-0.002339
2015-03-13,3.6965,0.007578
2015-03-16,3.7423,0.01239
2015-03-17,3.7577,0.004115
2015-03-18,3.7933,0.009474
2015-03-19,3.7852,-0.002135
2015-03-20,3.8122,0.007133
2015-03-23,3.8732,0.016001
2015-03-24,3.9156,0.010947
2015-03-25,3.9451,0.007534
2015-03-26,3.9316,-0.003422
2015-03-27,3.9392,0.001933
2015-03-30,3.9164,-0.005788
2015-03-31,3.9394,0.005873
2015-04-01,3.9644,0.006346
2015-04-02,4.0052,0.010292
2015-04-03,4.0317,0.006616
2015-04-07,4.0496,0.00444
2015-04-08,4.0189,-0.007581
2015-04-09,4.0206,0.000423
2015-04-10,4.0576,0.009203
2015-04-13,4.0912,0.008281
2015-04-14,4.0978,0.001613
2015-04-15,4.0299,-0.01657
2015-04-16,4.0596,0.00737
2015-04-17,4.052,-0.001872
2015-04-20,4.0154,-0.009033
2015-04-21,4.092,0.019077
2015-04-22,4.1376,0.011144
2015-04-23,4.1488,0.002707
2015-04-24,4.1557,0.001663
2015-04-27,4.1749,0.00462
2015-04-28,4.1263,-0.011641
2015-04-29,4.1925,0.016043
2015-04-30,4.2158,0.005558
2015-05-04,4.2188,0.000712
2015-05-05,4.1842,-0.008201
2015-05-06,4.2128,0.006835
2015-05-07,4.209,-0.000902
2015-05-08,4.2867,0.01846
2015-05-11,4.3899,0.024074
2015-05-12,4.4659,0.017312
2015-05-13,4.474,0.001814
2015-05-14,4.4539,-0.004493
2015-05-15,4.4677,0.003098
2015-05-18,4.5403,0.01625
2015-05-19,4.5851,0.009867
2015-05-20,4.6582,0.015943
2015-05-21,4.7399,0.017539
2015-05-22,4.7043,-0.007511
2015-05-25,4.6996,-0.000999
2015-05-26,4.8095,0.023385
2015-05-27,4.8564,0.009752
2015-05-28,4.7217,-0.027737
2015-05-29,4.7718,0.010611
2015-06-01,4.8698,0.020537
2015-06-02,4.9515,0.016777
2015-06-03,4.9495,-0.000404
2015-06-04,4.8931,-0.011395
2015-06-05,4.8789,-0.002902
2015-06-08,4.793,-0.017606
2015-06-09,4.7852,-0.001627
2015-06-10,4.8499,0.013521
2015-06-11,4.8916,0.008598
2015-06-12,4.9242,0.006664
2015-06-15,4.8553,-0.013992
2015-06-16,4.7362,-0.02453
2015-06-17,4.7847,0.01024
2015-06-18,4.694,-0.018956
2015-06-19,4.6106,-0.017767
2015-06-23,4.6462,0.007721
2015-06-24,4.6785,0.006952
2015-06-25,4.5929,-0.018296
2015-06-26,4.4519,-0.0307
2015-06-29,4.3266,-0.028145
2015-06-30,4.3916,0.015023
2015-07-01,4.2972,-0.021496
2015-07-02,4.197,-0.023318
2015-07-03,4.119,-0.018585
2015-07-06,4.0736,-0.011022
2015-07-07,3.9218,-0.037264
2015-07-08,3.8737,-0.012265
2015-07-09,3.9105,0.0095
2015-07-10,3.9596,0.012556
2015-07-13,4.0522,0.023386
2015-07-14,4.0922,0.009871
2015-07-15,4.0331,-0.014442
2015-07-16,4.0696,0.00905
2015-07-17,4.1731,0.025432
2015-07-20,4.2408,0.016223
2015-07-21,4.2913,0.011908
2015-07-22,4.3504,0.013772
2015-07-23,4.4027,0.012022
2015-07-24,4.3922,-0.002385
2015-07-27,4.2646,-0.029052
2015-07-28,4.2219,-0.010013
2015-07-29,4.2894,0.015988
2015-07-30,4.2599,-0.006877
2015-07-31,4.2241,-0.008404
2015-08-03,4.1368,-0.020667
2015-08-04,4.2129,0.018396
2015-08-05,4.1984,-0.003442
2015-08-06,4.1835,-0.003549
2015-08-07,4.2388,0.013219
2015-08-10,4.3137,0.01767
2015-08-11,4.3112,-0.00058
2015-08-12,4.2827,-0.006611
2015-08-13,4.3141,0.007332
2015-08-14,4.3146,0.000116
2015-08-17,4.3321,0.004056
2015-08-18,4.229,-0.023799
2015-08-19,4.2661,0.008773
2015-08-20,4.2327,-0.007829
2015-08-21,4.1599,-0.017199
2015-08-24,4.0566,-0.024832
2015-08-25,3.9622,-0.023271
2015-08-26,3.9118,-0.01272
2015-08-27,3.9505,0.009893
2015-08-28,4.0253,0.018934
2015-08-31,3.99,-0.00877
2015-09-01,3.9201,-0.017519
2015-09-02,3.887,-0.008444
2015-09-07,3.8943,0.001878
2015-09-08,3.9405,0.011863
2015-09-09,3.9846,0.011191
2015-09-10,3.973,-0.002911
2015-09-11,3.9907,0.004455
2015-09-14,3.914,-0.01922
2015-09-15,3.8624,-0.013183
2015-09-16,3.9331,0.018305
2015-09-17,3.922,-0.002822
2015-09-18,3.9341,0.003085
2015-09-21,3.9816,0.012074
2015-09-22,3.9875,0.001482
2015-09-23,3.9792,-0.002082
2015-09-24,3.9897,0.002639
2015-09-25,3.9541,-0.008923
2015-09-28,3.9809,0.006778
2015-09-29,3.9593,-0.005426
2015-09-30,3.9687,0.002374
2015-10-08,4.027,0.01469
2015-10-09,4.0481,0.00524
2015-10-12,4.1033,0.013636
2015-10-13,4.1285,0.006141
2015-10-14,4.1152,-0.003222
2015-10-15,4.1489,0.008189
2015-10-16,4.1839,0.008436
2015-10-19,4.1754,-0.002032
2015-10-20,4.2156,0.009628
2015-10-21,4.1342,-0.019309
2015-10-22,4.171,0.008901
2015-10-23,4.1949,0.00573
2015-10-26,4.2516,0.013516
2015-10-27,4.28,0.00668
2015-10-28,4.2354,-0.010421
2015-10-29,4.2497,0.003376
2015-10-30,4.2649,0.003577
2015-11-02,4.2388,-0.00612
2015-11-03,4.2281,-0.002524
2015-11-04,4.2862,0.013741
2015-11-05,4.2857,-0.000117
2015-11-06,4.3252,0.009217
2015-11-09,4.3396,0.003329
2015-11-10,4.351,0.002627
2015-11-11,4.3833,0.007424
2015-11-12,4.3784,-0.001118
2015-11-13,4.3196,-0.01343
2015-11-16,4.3565,0.008542
2015-11-17,4.3627,0.001423
2015-11-18,4.3242,-0.008825
2015-11-19,4.3809,0.013112
2015-11-20,4.422,0.009382
2015-11-23,4.4189,-0.000701
2015-11-24,4.4383,0.00439
2015-11-25,4.4659,0.006219
2015-11-26,4.4399,-0.005822
2015-11-27,4.3531,-0.01955
2015-11-30,4.3534,6.9e-05
2015-12-01,4.3338,-0.004502
2015-12-02,4.3164,-0.004015
2015-12-03,4.3512,0.008062
2015-12-04,4.3421,-0.002091
2015-12-07,4.3691,0.006218
2015-12-08,4.3526,-0.003777
2015-12-09,4.3372,-0.003538
2015-12-10,4.3367,-0.000115
2015-12-11,4.3308,-0.00136
2015-12-14,4.3563,0.005888
2015-12-15,4.3733,0.003902
2015-12-16,4.3853,0.002744
2015-12-17,4.421,0.008141
2015-12-18,4.4159,-0.001154
2015-12-21,4.4264,0.002378
2015-12-22,4.4439,0.003954
2015-12-23,4.4115,-0.007291
2015-12-24,4.4101,-0.000317
2015-12-25,4.4172,0.00161
2015-12-28,4.3901,-0.006135
2015-12-29,4.4101,0.004556
2015-12-30,4.4233,0.002993
2015-12-31,4.4132,-0.002283
2016-01-04,4.2865,-0.028709
2016-01-05,4.2695,-0.003966
2016-01-06,4.3004,0.007237
2016-01-07,4.1751,-0.029137
2016-01-08,4.1771,0.000479
2016-01-11,4.0702,-0.025592
2016-01-12,4.0604,-0.002408
2016-01-13,4.0118,-0.011969
2016-01-14,4.0704,0.014607
2016-01-15,4.0436,-0.006584
2016-01-18,4.0741,0.007543
2016-01-19,4.1239,0.012224
2016-01-20,4.1236,-7.3e-05
2016-01-21,4.0712,-0.012707
2016-01-22,4.0876,0.004028
2016-01-25,4.1032,0.003816
2016-01-26,4.0128,-0.022032
2016-01-27,3.9931,-0.004909
2016-01-28,3.9429,-0.012572
2016-01-29,3.9883,0.011514
2016-02-01,3.9765,-0.002959
2016-02-02,4.0284,0.013052
2016-02-03,4.0468,0.004568
2016-02-04,4.0836,0.009094
2016-02-05,4.0768,-0.001665
2016-02-15,4.0827,0.001447
2016-02-16,4.1418,0.014476
2016-02-17,4.1744,0.007871
2016-02-18,4.1675,-0.001653
2016-02-19,4.1729,0.001296
2016-02-22,4.1851,0.002924
2016-02-23,4.1734,-0.002796
2016-02-24,4.1685,-0.001174
2016-02-25,4.0353,-0.031954
2016-02-26,4.0218,-0.003345
2016-02-29,3.9193,-0.025486
2016-03-01,3.95,0.007833
2016-03-02,4.0067,0.014354
2016-03-03,4.0118,0.001273
2016-03-04,3.961,-0.012663
2016-03-07,3.9831,0.005579
2016-03-08,3.9993,0.004067
2016-03-09,3.9792,-0.005026
2016-03-10,3.9566,-0.00568
2016-03-11,3.951,-0.001415
2016-03-14,4.0018,0.012858
2016-03-15,4.0118,0.002499
2016-03-16,4.0027,-0.002268
2016-03-17,4.0532,0.012616
2016-03-18,4.1015,0.011917
2016-03-21,4.127,0.006217
2016-03-22,4.1329,0.00143
2016-03-23,4.1471,0.003436
2016-03-24,4.1288,-0.004413
2016-03-25,4.1406,0.002858
2016-03-28,4.1374,-0.000773
2016-03-29,4.1124,-0.006042
2016-03-30,4.156,0.010602
2016-03-31,4.153,-0.000722
2016-04-01,4.1383,-0.00354
2016-04-05,4.1768,0.009303
2016-04-06,4.194,0.004118
2016-04-07,4.1672,-0.00639
2016-04-08,4.1521,-0.003624
2016-04-11,4.1824,0.007298
2016-04-12,4.164,-0.004399
2016-04-13,4.1822,0.004371
2016-04-14,4.1874,0.001243
2016-04-15,4.1861,-0.00031
2016-04-18,4.1623,-0.005685
2016-04-19,4.1702,0.001898
2016-04-20,4.1162,-0.012949
2016-04-21,4.0897,-0.006438
2016-04-22,4.1091,0.004744
2016-04-25,4.1086,-0.000122
2016-04-26,4.1214,0.003115
2016-04-27,4.1187,-0.000655
2016-04-28,4.1173,-0.00034
2016-04-29,4.1276,0.002502
2016-05-03,4.1802,0.012743
2016-05-04,4.1913,0.002655
2016-05-05,4.192,0.000167
2016-05-06,4.131,-0.014552
2016-05-09,4.089,-0.010167
2016-05-10,4.0925,0.000856
2016-05-11,4.0854,-0.001735
2016-05-12,4.0924,0.001713
2016-05-13,4.0915,-0.00022
2016-05-16,4.1167,0.006159
2016-05-17,4.1108,-0.001433
2016-05-18,4.0831,-0.006738
2016-05-19,4.0924,0.002278
2016-05-20,4.1214,0.007086
2016-05-23,4.1369,0.003761
2016-05-24,4.1253,-0.002804
2016-05-25,4.1182,-0.001721
2016-05-26,4.1385,0.004929
2016-05-27,4.1437,0.001256
2016-05-30,4.131,-0.003065
2016-05-31,4.1896,0.014185
2016-06-01,4.1996,0.002387
2016-06-02,4.2193,0.004691
2016-06-03,4.2182,-0.000261
2016-06-06,4.2244,0.00147
2016-06-07,4.2224,-0.000473
2016-06-08,4.2168,-0.001326
2016-06-13,4.145,-0.017027
2016-06-14,4.1569,0.002871
2016-06-15,4.2072,0.0121
2016-06-16,4.1976,-0.002282
2016-06-17,4.2045,0.001644
2016-06-20,4.2187,0.003377
2016-06-21,4.2075,-0.002655
2016-06-22,4.2403,0.007796
2016-06-23,4.2403,0.0
2016-06-24,4.2313,-0.002122
2016-06-27,4.2793,0.011344
2016-06-28,4.293,0.003201
2016-06-29,4.2906,-0.000559
2016-06-30,4.2906,0.0
2016-07-01,4.2843,-0.001468
2016-07-04,4.3281,0.010223
2016-07-05,4.3208,-0.001687
2016-07-06,4.3288,0.001852
2016-07-07,4.3147,-0.003257
2016-07-08,4.3083,-0.001483
2016-07-11,4.3088,0.000116
2016-07-12,4.3191,0.00239
2016-07-13,4.3301,0.002547
2016-07-14,4.333,0.00067
2016-07-15,4.319,-0.003231
2016-07-18,4.3033,-0.003635
2016-07-19,4.3031,-4.6e-05
2016-07-20,4.2977,-0.001255
2016-07-21,4.3078,0.00235
2016-07-22,4.3021,-0.001323
2016-07-25,4.3034,0.000302
2016-07-26,4.3195,0.003741
2016-07-27,4.2587,-0.014076
2016-07-28,4.2629,0.000986
2016-07-29,4.2561,-0.001595
2016-08-01,4.2361,-0.004699
2016-08-02,4.2506,0.003423
2016-08-03,4.2619,0.002658
2016-08-04,4.2661,0.000985
2016-08-05,4.2595,-0.001547
2016-08-08,4.2779,0.00432
2016-08-09,4.2889,0.002571
2016-08-10,4.2887,-4.7e-05
2016-08-11,4.2627,-0.006062
2016-08-12,4.2735,0.002534
2016-08-15,4.3048,0.007324
2016-08-16,4.308,0.000743
2016-08-17,4.3119,0.000905
2016-08-18,4.3006,-0.002621
2016-08-19,4.3002,-9.3e-05
2016-08-22,4.287,-0.00307
2016-08-23,4.2849,-0.00049
2016-08-24,4.2889,0.000934
2016-08-25,4.281,-0.001842
2016-08-26,4.2904,0.002196
2016-08-29,4.2946,0.000979
2016-08-30,4.2974,0.000652
2016-08-31,4.3012,0.000884
2016-09-01,4.2901,-0.002581
2016-09-02,4.2746,-0.003613
2016-09-05,4.2857,0.002597
2016-09-06,4.3198,0.007957
2016-09-07,4.32,4.6e-05
2016-09-08,4.337,0.003935
2016-09-09,4.3237,-0.003067
2016-09-12,4.2855,-0.008835
2016-09-13,4.2847,-0.000187
2016-09-14,4.2756,-0.002124
2016-09-19,4.298,0.005239
2016-09-20,4.2995,0.000349
2016-09-21,4.2995,0.0
2016-09-22,4.3125,0.003024
2016-09-23,4.2979,-0.003386
2016-09-26,4.2685,-0.006841
2016-09-27,4.282,0.003163
2016-09-28,4.281,-0.000234
2016-09-29,4.283,0.000467
2016-09-30,4.2972,0.003315
2016-10-10,4.3338,0.008517
2016-10-11,4.3389,0.001177
2016-10-12,4.3433,0.001014
2016-10-13,4.3426,-0.000161
2016-10-14,4.3355,-0.001635
2016-10-17,4.3139,-0.004982
2016-10-18,4.3472,0.007719
2016-10-19,4.3416,-0.001288
2016-10-20,4.3436,0.000461
2016-10-21,4.3404,-0.000737
2016-10-24,4.3549,0.003341
2016-10-25,4.3487,-0.001424
2016-10-26,4.3359,-0.002943
2016-10-27,4.3303,-0.001292
2016-10-28,4.3127,-0.004064
2016-10-31,4.318,0.001229
2016-11-01,4.3271,0.002107
2016-11-02,4.3095,-0.004067
2016-11-03,4.3139,0.001021
2016-11-04,4.3046,-0.002156
2016-11-07,4.307,0.000558
2016-11-08,4.3156,0.001997
2016-11-09,4.2995,-0.003731
2016-11-10,4.3222,0.00528
2016-11-11,4.3218,-9.3e-05
2016-11-14,4.3264,0.001064
2016-11-15,4.3266,4.6e-05
2016-11-16,4.3306,0.000925
2016-11-17,4.3264,-0.00097
2016-11-18,4.3308,0.001017
2016-11-21,4.3374,0.001524
2016-11-22,4.3418,0.001014
2016-11-23,4.3308,-0.002534
2016-11-24,4.321,-0.002263
2016-11-25,4.3227,0.000393
2016-11-28,4.3198,-0.000671
2016-11-29,4.3154,-0.001019
2016-11-30,4.3144,-0.000232
2016-12-01,4.3188,0.00102
2016-12-02,4.296,-0.005279
2016-12-05,4.2811,-0.003468
2016-12-06,4.2773,-0.000888
2016-12-07,4.2898,0.002922
2016-12-08,4.2781,-0.002727
2016-12-09,4.2612,-0.00395
2016-12-12,4.1957,-0.015371
2016-12-13,4.2013,0.001335
2016-12-14,4.1893,-0.002856
2016-12-15,4.1947,0.001289
2016-12-16,4.2058,0.002646
2016-12-19,4.2048,-0.000238
2016-12-20,4.2004,-0.001046
2016-12-21,4.2148,0.003428
2016-12-22,4.2158,0.000237
2016-12-23,4.2045,-0.00268
2016-12-26,4.2139,0.002236
2016-12-27,4.2151,0.000285
2016-12-28,4.2095,-0.001329
2016-12-29,4.2085,-0.000238
2016-12-30,4.2143,0.001378
2016-12-31,4.2143,0.0
2017-01-03,4.2195,0.001234
2017-01-04,4.2335,0.003318
2017-01-05,4.2347,0.000283
2017-01-06,4.2204,-0.003377
2017-01-09,4.229,0.002038
2017-01-10,4.2227,-0.00149
2017-01-11,4.2136,-0.002155
2017-01-12,4.1977,-0.003773
2017-01-13,4.1827,-0.003573
2017-01-16,4.156,-0.006383
2017-01-17,4.1736,0.004235
2017-01-18,4.1759,0.000551
2017-01-19,4.1715,-0.001054
2017-01-20,4.1888,0.004147
2017-01-23,4.1969,0.001934
2017-01-24,4.1935,-0.00081
2017-01-25,4.2023,0.002098
2017-01-26,4.2087,0.001523
2017-02-03,4.203,-0.001354
2017-02-06,4.2281,0.005972
2017-02-07,4.2229,-0.00123
2017-02-08,4.2362,0.003149
2017-02-09,4.2447,0.002007
2017-02-10,4.244,-0.000165
2017-02-13,4.2533,0.002191
2017-02-14,4.2555,0.000517
2017-02-15,4.2443,-0.002632
2017-02-16,4.2487,0.001037
2017-02-17,4.2367,-0.002824
2017-02-20,4.2548,0.004272
2017-02-21,4.2624,0.001786
2017-02-22,4.2692,0.001595
2017-02-23,4.2663,-0.000679
2017-02-24,4.2705,0.000984
2017-02-27,4.2594,-0.002599
2017-02-28,4.2658,0.001503
2017-03-01,4.2624,-0.000797
2017-03-02,4.258,-0.001032
2017-03-03,4.2656,0.001785
2017-03-06,4.2815,0.003727
2017-03-07,4.2849,0.000794
2017-03-08,4.2789,-0.0014
2017-03-09,4.2703,-0.00201
2017-03-10,4.2685,-0.000422
2017-03-13,4.2876,0.004475
2017-03-14,4.2881,0.000117
2017-03-15,4.2867,-0.000326
2017-03-16,4.2957,0.0021
2017-03-17,4.2776,-0.004214
2017-03-20,4.282,0.001029
2017-03-21,4.2953,0.003106
2017-03-22,4.2903,-0.001164
2017-03-23,4.2965,0.001445
2017-03-24,4.3039,0.001722
2017-03-27,4.293,-0.002533
2017-03-28,4.2941,0.000256
2017-03-29,4.2911,-0.000699
2017-03-30,4.27,-0.004917
2017-03-31,4.2847,0.003443
2017-04-05,4.3146,0.006978
2017-04-06,4.3191,0.001043
2017-04-07,4.3215,0.000556
2017-04-10,4.3066,-0.003448
2017-04-11,4.3093,0.000627
2017-04-12,4.2963,-0.003017
2017-04-13,4.3053,0.002095
2017-04-14,4.2916,-0.003182
2017-04-17,4.2808,-0.002517
2017-04-18,4.2886,0.001822
2017-04-19,4.2914,0.000653
2017-04-20,4.3087,0.004031
2017-04-21,4.2948,-0.003226
2017-04-24,4.2634,-0.007311
2017-04-25,4.2774,0.003284
2017-04-26,4.2818,0.001029
2017-04-27,4.2958,0.00327
2017-04-28,4.2909,-0.001141
2017-05-02,4.2904,-0.000117
2017-05-03,4.2862,-0.000979
2017-05-04,4.2756,-0.002473
2017-05-05,4.2513,-0.005683
2017-05-08,4.2202,-0.007315
2017-05-09,4.2232,0.000711
2017-05-10,4.2094,-0.003268
2017-05-11,4.2219,0.00297
2017-05-12,4.2175,-0.001042
2017-05-15,4.2328,0.003628
2017-05-16,4.2553,0.005316
2017-05-17,4.2543,-0.000235
2017-05-18,4.2529,-0.000329
2017-05-19,4.2489,-0.000941
2017-05-22,4.2285,-0.004801
2017-05-23,4.2185,-0.002365
2017-05-24,4.2209,0.000569
2017-05-25,4.221,2.4e-05
2017-05-26,4.2332,0.00289
2017-05-31,4.2335,7.1e-05
2017-06-01,4.2158,-0.004181
2017-06-02,4.2212,0.001281
2017-06-05,4.2274,0.001469
2017-06-06,4.2357,0.001963
2017-06-07,4.2648,0.00687
2017-06-08,4.2822,0.00408
2017-06-09,4.2936,0.002662
2017-06-12,4.2909,-0.000629
2017-06-13,4.2994,0.001981
2017-06-14,4.2855,-0.003233
2017-06-15,4.2898,0.001003
2017-06-16,4.2823,-0.001748
2017-06-19,4.2936,0.002639
2017-06-20,4.2918,-0.000419
2017-06-21,4.321,0.006804
2017-06-22,4.3028,-0.004212
2017-06-23,4.3156,0.002975
2017-06-26,4.3399,0.005631
2017-06-27,4.3413,0.000323
2017-06-28,4.3296,-0.002695
2017-06-29,4.3406,0.002541
2017-06-30,4.3462,0.00129
2017-07-03,4.3482,0.00046
2017-07-04,4.3296,-0.004278
2017-07-05,4.35,0.004712
2017-07-06,4.3463,-0.000851
2017-07-07,4.3418,-0.001035
2017-07-10,4.3237,-0.004169
2017-07-11,4.3166,-0.001642
2017-07-12,4.2999,-0.003869
2017-07-13,4.298,-0.000442
2017-07-14,4.3026,0.00107
2017-07-17,4.2597,-0.009971
2017-07-18,4.2632,0.000822
2017-07-19,4.287,0.005583
2017-07-20,4.3007,0.003196
2017-07-21,4.2968,-0.000907
2017-07-24,4.3063,0.002211
2017-07-25,4.296,-0.002392
2017-07-26,4.2837,-0.002863
2017-07-27,4.3016,0.004179
2017-07-28,4.307,0.001255
2017-07-31,4.3158,0.002043
2017-08-01,4.3107,-0.001182
2017-08-02,4.2906,-0.004663
2017-08-03,4.2779,-0.00296
2017-08-04,4.2734,-0.001052
2017-08-07,4.2854,0.002808
2017-08-08,4.2776,-0.00182
2017-08-09,4.283,0.001262
2017-08-10,4.2886,0.001307
2017-08-11,4.2685,-0.004687
2017-08-14,4.2918,0.005459
2017-08-15,4.295,0.000746
2017-08-16,4.2916,-0.000792
2017-08-17,4.2994,0.001818
2017-08-18,4.2958,-0.000837
2017-08-21,4.3036,0.001816
2017-08-22,4.2953,-0.001929
2017-08-23,4.2877,-0.001769
2017-08-24,4.2698,-0.004175
2017-08-25,4.2898,0.004684
2017-08-28,4.3017,0.002774
2017-08-29,4.2972,-0.001046
2017-08-30,4.3006,0.000791
2017-08-31,4.3022,0.000372
2017-09-01,4.3109,0.002022
2017-09-04,4.3176,0.001554
2017-09-05,4.3178,4.6e-05
2017-09-06,4.3272,0.002177
2017-09-07,4.3112,-0.003698
2017-09-08,4.3129,0.000394
2017-09-11,4.3161,0.000742
2017-09-12,4.3277,0.002688
2017-09-13,4.3365,0.002033
2017-09-14,4.3343,-0.000507
2017-09-15,4.3289,-0.001246
2017-09-18,4.349,0.004643
2017-09-19,4.3434,-0.001288
2017-09-20,4.3495,0.001404
2017-09-21,4.3387,-0.002483
2017-09-22,4.3353,-0.000784
2017-09-25,4.3377,0.000554
2017-09-26,4.3345,-0.000738
2017-09-27,4.3516,0.003945
2017-09-28,4.3565,0.001126
2017-09-29,4.3749,0.004224
2017-10-09,4.3943,0.004434
2017-10-10,4.4071,0.002913
2017-10-11,4.4159,0.001997
2017-10-12,4.4171,0.000272
2017-10-13,4.4216,0.001019
2017-10-16,4.3966,-0.005654
2017-10-17,4.4004,0.000864
2017-10-18,4.4183,0.004068
2017-10-19,4.4171,-0.000272
2017-10-20,4.4275,0.002354
2017-10-23,4.4527,0.005692
2017-10-24,4.4708,0.004065
2017-10-25,4.49,0.004295
2017-10-26,4.4953,0.00118
2017-10-27,4.4978,0.000556
2017-10-30,4.4953,-0.000556
2017-10-31,4.5111,0.003515
2017-11-01,4.511,-2.2e-05
2017-11-02,4.4944,-0.00368
2017-11-03,4.4922,-0.000489
2017-11-06,4.5419,0.011064
2017-11-07,4.5402,-0.000374
2017-11-08,4.5505,0.002269
2017-11-09,4.5643,0.003033
2017-11-10,4.5925,0.006178
2017-11-13,4.6148,0.004856
2017-11-14,4.5814,-0.007238
2017-11-15,4.555,-0.005762
2017-11-16,4.5773,0.004896
2017-11-17,4.5317,-0.009962
2017-11-20,4.5635,0.007017
2017-11-21,4.5716,0.001775
2017-11-22,4.5549,-0.003653
2017-11-23,4.4667,-0.019364
2017-11-24,4.4605,-0.001388
2017-11-27,4.4456,-0.00334
2017-11-28,4.4674,0.004904
2017-11-29,4.4488,-0.004163
2017-11-30,4.4301,-0.004203
2017-12-01,4.4502,0.004537
2017-12-04,4.4617,0.002584
2017-12-05,4.4454,-0.003653
2017-12-06,4.4453,-2.2e-05
2017-12-07,4.4287,-0.003734
2017-12-08,4.4576,0.006526
2017-12-11,4.503,0.010185
2017-12-12,4.4942,-0.001954
2017-12-13,4.517,0.005073
2017-12-14,4.525,0.001771
2017-12-15,4.5137,-0.002497
2017-12-18,4.5071,-0.001462
2017-12-19,4.5181,0.002441
2017-12-20,4.5192,0.000243
2017-12-21,4.553,0.007479
2017-12-22,4.5555,0.000549
2017-12-25,4.5457,-0.002151
2017-12-26,4.5385,-0.001584
2017-12-27,4.5118,-0.005883
2017-12-28,4.5182,0.001419
2017-12-29,4.5353,0.003785
2017-12-31,4.5353,0.0
2018-01-02,4.5528,0.003859
2018-01-03,4.579,0.005755
2018-01-04,4.5876,0.001878
2018-01-05,4.5734,-0.003095
2018-01-08,4.575,0.00035
2018-01-09,4.5831,0.00177
2018-01-10,4.5853,0.00048
2018-01-11,4.588,0.000589
2018-01-12,4.5932,0.001133
2018-01-15,4.5625,-0.006684
2018-01-16,4.5576,-0.001074
2018-01-17,4.53,-0.006056
2018-01-18,4.5378,0.001722
2018-01-19,4.5544,0.003658
2018-01-22,4.6023,0.010517
2018-01-23,4.6042,0.000413
2018-01-24,4.6145,0.002237
2018-01-25,4.5895,-0.005418
2018-01-26,4.5929,0.000741
2018-01-29,4.5361,-0.012367
2018-01-30,4.5461,0.002205
2018-01-31,4.5513,0.001144
2018-02-01,4.5172,-0.007492
2018-02-02,4.5365,0.004273
2018-02-05,4.4942,-0.009324
2018-02-06,4.4294,-0.014419
2018-02-07,4.3892,-0.009076
2018-02-08,4.3951,0.001344
2018-02-09,4.3456,-0.011263
2018-02-12,4.4074,0.014221
2018-02-13,4.4233,0.003608
2018-02-14,4.4411,0.004024
2018-02-22,4.4895,0.010898
2018-02-23,4.4858,-0.000824
2018-02-26,4.5148,0.006465
2018-02-27,4.5126,-0.000487
2018-02-28,4.5121,-0.000111
2018-03-01,4.5452,0.007336
2018-03-02,4.5179,-0.006006
2018-03-05,4.5353,0.003851
2018-03-06,4.5625,0.005997
2018-03-07,4.543,-0.004274
2018-03-08,4.5581,0.003324
2018-03-09,4.5875,0.00645
2018-03-12,4.6082,0.004512
2018-03-13,4.5775,-0.006662
2018-03-14,4.5714,-0.001333
2018-03-15,4.5819,0.002297
2018-03-16,4.5581,-0.005194
2018-03-19,4.5616,0.000768
2018-03-20,4.5657,0.000899
2018-03-21,4.5667,0.000219
2018-03-22,4.5544,-0.002693
2018-03-23,4.4909,-0.013943
2018-03-26,4.5302,0.008751
2018-03-27,4.5653,0.007748
2018-03-28,4.5157,-0.010865
2018-03-29,4.5245,0.001949
2018-03-30,4.5701,0.010078
2018-04-02,4.5576,-0.002735
2018-04-03,4.5559,-0.000373
2018-04-04,4.5393,-0.003644
2018-04-09,4.5327,-0.001454
2018-04-10,4.5348,0.000463
2018-04-11,4.5479,0.002889
2018-04-12,4.5356,-0.002705
2018-04-13,4.5361,0.00011
2018-04-16,4.5414,0.001168
2018-04-17,4.4856,-0.012287
2018-04-18,4.5189,0.007424
2018-04-19,4.5169,-0.000443
2018-04-20,4.4713,-0.010095
2018-04-23,4.4309,-0.009035
2018-04-24,4.4893,0.01318
2018-04-25,4.5045,0.003386
2018-04-26,4.4856,-0.004196
2018-04-27,4.4919,0.001404
2018-05-02,4.5018,0.002204
2018-05-03,4.5079,0.001355
2018-05-04,4.5223,0.003194
2018-05-07,4.564,0.009221
2018-05-08,4.5586,-0.001183
2018-05-09,4.5442,-0.003159
2018-05-10,4.5495,0.001166
2018-05-11,4.5424,-0.001561
2018-05-14,4.5515,0.002003
2018-05-15,4.5804,0.00635
2018-05-16,4.5736,-0.001485
2018-05-17,4.5493,-0.005313
2018-05-18,4.55,0.000154
2018-05-21,4.5741,0.005297
2018-05-22,4.5923,0.003979
2018-05-23,4.5672,-0.005466
2018-05-24,4.5638,-0.000744
2018-05-25,4.5415,-0.004886
2018-05-28,4.552,0.002312
2018-05-29,4.5125,-0.008678
2018-05-30,4.4971,-0.003413
2018-05-31,4.5344,0.008294
2018-06-01,4.4873,-0.010387
2018-06-04,4.4566,-0.006842
2018-06-05,4.4738,0.003859
2018-06-06,4.4515,-0.004985
2018-06-07,4.4329,-0.004178
2018-06-08,4.4265,-0.001444
2018-06-11,4.3953,-0.007048
2018-06-12,4.4255,0.006871
2018-06-13,4.3973,-0.006372
2018-06-14,4.3798,-0.00398
2018-06-15,4.3401,-0.009064
2018-06-19,4.281,-0.013617
2018-06-20,4.3156,0.008082
2018-06-21,4.2977,-0.004148
2018-06-22,4.324,0.00612
2018-06-25,4.3188,-0.001203
2018-06-26,4.3323,0.003126
2018-06-27,4.308,-0.005609
2018-06-28,4.2761,-0.007405
2018-06-29,4.3335,0.013423
2018-06-30,4.3335,0.0
2018-07-02,4.3213,-0.002815
2018-07-03,4.3352,0.003217
2018-07-04,4.3105,-0.005698
2018-07-05,4.2806,-0.006937
2018-07-06,4.2918,0.002616
2018-07-09,4.3438,0.012116
2018-07-10,4.3521,0.001911
2018-07-11,4.333,-0.004389
2018-07-12,4.3617,0.006624
2018-07-13,4.387,0.0058
2018-07-16,4.3919,0.001117
2018-07-17,4.3784,-0.003074
2018-07-18,4.372,-0.001462
2018-07-19,4.3556,-0.003751
2018-07-20,4.3679,0.002824
2018-07-23,4.3598,-0.001854
2018-07-24,4.3821,0.005115
2018-07-25,4.3858,0.000844
2018-07-26,4.3603,-0.005814
2018-07-27,4.3516,-0.001995
2018-07-30,4.322,-0.006802
2018-07-31,4.3102,-0.00273
2018-08-01,4.2729,-0.008654
2018-08-02,4.2207,-0.012217
2018-08-03,4.1623,-0.013837
2018-08-06,4.1165,-0.011004
2018-08-07,4.1499,0.008114
2018-08-08,4.1128,-0.00894
2018-08-09,4.1699,0.013883
2018-08-10,4.1805,0.002542
2018-08-13,4.1967,0.003875
2018-08-14,4.1908,-0.001406
2018-08-15,4.1553,-0.008471
2018-08-16,4.1427,-0.003032
2018-08-17,4.1153,-0.006614
2018-08-20,4.1168,0.000364
2018-08-21,4.1643,0.011538
2018-08-22,4.1417,-0.005427
2018-08-23,4.1506,0.002149
2018-08-24,4.1504,-4.8e-05
2018-08-27,4.2023,0.012505
2018-08-28,4.2058,0.000833
2018-08-29,4.1964,-0.002235
2018-08-30,4.1732,-0.005529
2018-08-31,4.1545,-0.004481
2018-09-03,4.1597,0.001252
2018-09-04,4.1758,0.00387
2018-09-05,4.1479,-0.006681
2018-09-06,4.1406,-0.00176
2018-09-07,4.1412,0.000145
2018-09-10,4.1033,-0.009152
2018-09-11,4.1035,4.9e-05
2018-09-12,4.0841,-0.004728
2018-09-13,4.0991,0.003673
2018-09-14,4.081,-0.004416
2018-09-17,4.0616,-0.004754
2018-09-18,4.0978,0.008913
2018-09-19,4.126,0.006882
2018-09-20,4.1148,-0.002714
2018-09-21,4.143,0.006853
2018-09-25,4.1423,-0.000169
2018-09-26,4.1629,0.004973
2018-09-27,4.1425,-0.0049
2018-09-28,4.1623,0.00478
2018-10-08,4.1016,-0.014583
2018-10-09,4.0897,-0.002901
2018-10-10,4.0755,-0.003472
2018-10-11,3.9939,-0.020022
2018-10-12,4.004,0.002529
2018-10-15,3.9912,-0.003197
2018-10-16,3.9537,-0.009396
2018-10-17,3.9689,0.003845
2018-10-18,3.9424,-0.006677
2018-10-19,3.9961,0.013621
2018-10-22,4.0638,0.016942
2018-10-23,4.0253,-0.009474
2018-10-24,4.0118,-0.003354
2018-10-25,3.9964,-0.003839
2018-10-26,3.9686,-0.006956
2018-10-29,3.9321,-0.009197
2018-10-30,3.9485,0.004171
2018-10-31,3.9731,0.00623
2018-11-01,3.9899,0.004228
2018-11-02,4.0542,0.016116
2018-11-05,4.0508,-0.000839
2018-11-06,4.0371,-0.003382
2018-11-07,4.042,0.001214
2018-11-08,4.0258,-0.004008
2018-11-09,4.0324,0.001639
2018-11-12,4.0652,0.008134
2018-11-13,4.0812,0.003936
2018-11-14,4.0658,-0.003773
2018-11-15,4.0925,0.006567
2018-11-16,4.0944,0.000464
2018-11-19,4.0878,-0.001612
2018-11-20,4.0486,-0.00959
2018-11-21,4.0495,0.000222
2018-11-22,4.0505,0.000247
2018-11-23,4.0125,-0.009382
2018-11-26,4.0091,-0.000847
2018-11-27,4.0238,0.003667
2018-11-28,4.0398,0.003976
2018-11-29,4.0145,-0.006263
2018-11-30,4.0322,0.004409
2018-12-03,4.0767,0.011036
2018-12-04,4.0765,-4.9e-05
2018-12-05,4.0753,-0.000294
2018-12-06,4.051,-0.005963
2018-12-07,4.0549,0.000963
2018-12-10,4.0422,-0.003132
2018-12-11,4.043,0.000198
2018-12-12,4.0444,0.000346
2018-12-13,4.0679,0.005811
2018-12-14,4.0314,-0.008973
2018-12-17,4.0121,-0.004787
2018-12-18,4.0093,-0.000698
2018-12-19,3.9733,-0.008979
2018-12-20,3.9755,0.000554
2018-12-21,3.9655,-0.002515
2018-12-24,3.9875,0.005548
2018-12-25,3.9853,-0.000552
2018-12-26,3.9865,0.000301
2018-12-27,3.9715,-0.003763
2018-12-28,3.9736,0.000529
2018-12-31,3.9735,-2.5e-05
2019-01-02,3.9576,-0.004002
2019-01-03,3.9448,-0.003234
2019-01-04,3.9711,0.006667
2019-01-07,4.003,0.008033
2019-01-08,3.9969,-0.001524
2019-01-09,4.0035,0.001651
2019-01-10,4.0022,-0.000325
2019-01-11,4.0007,-0.000375
2019-01-14,3.9831,-0.004399
2019-01-15,4.0022,0.004795
2019-01-16,4.0192,0.004248
2019-01-17,3.9932,-0.006469
2019-01-18,4.0135,0.005084
2019-01-21,4.025,0.002865
2019-01-22,4.0012,-0.005913
2019-01-23,4.0025,0.000325
2019-01-24,4.0123,0.002448
2019-01-25,4.0133,0.000249
2019-01-28,4.0204,0.001769
2019-01-29,4.0197,-0.000174
2019-01-30,3.9993,-0.005075
2019-01-31,3.9961,-0.0008
2019-02-01,4.036,0.009985
2019-02-11,4.0677,0.007854
2019-02-12,4.0738,0.0015
2019-02-13,4.0891,0.003756
2019-02-14,4.0957,0.001614
2019-02-15,4.0785,-0.0042
2019-02-18,4.1297,0.012554
2019-02-19,4.1243,-0.001308
2019-02-20,4.1214,-0.000703
2019-02-21,4.1099,-0.00279
2019-02-22,4.1423,0.007883
2019-02-25,4.1981,0.013471
2019-02-26,4.1906,-0.001787
2019-02-27,4.1553,-0.008424
2019-02-28,4.177,0.005222
2019-03-01,4.193,0.003831
2019-03-04,4.2241,0.007417
2019-03-05,4.2528,0.006794
2019-03-06,4.2786,0.006067
2019-03-07,4.2781,-0.000117
2019-03-08,4.2519,-0.006124
2019-03-11,4.3102,0.013712
2019-03-12,4.3519,0.009675
2019-03-13,4.2891,-0.01443
2019-03-14,4.2561,-0.007694
2019-03-15,4.273,0.003971
2019-03-18,4.321,0.011233
2019-03-19,4.3313,0.002384
2019-03-20,4.32,-0.002609
2019-03-21,4.3325,0.002894
2019-03-22,4.323,-0.002193
2019-03-25,4.3129,-0.002336
2019-03-26,4.2918,-0.004892
2019-03-27,4.3132,0.004986
2019-03-28,4.3142,0.000232
2019-03-29,4.3772,0.014603
2019-04-01,4.4282,0.011651
2019-04-02,4.4115,-0.003771
2019-04-03,4.4085,-0.00068
2019-04-04,4.4127,0.000953
2019-04-08,4.3733,-0.008929
2019-04-09,4.3811,0.001784
2019-04-10,4.3708,-0.002351
2019-04-11,4.3262,-0.010204
2019-04-12,4.3252,-0.000231
2019-04-15,4.3066,-0.0043
2019-04-16,4.3374,0.007152
2019-04-17,4.3326,-0.001107
2019-04-18,4.3228,-0.002262
2019-04-19,4.3291,0.001457
2019-04-22,4.3132,-0.003673
2019-04-23,4.3051,-0.001878
2019-04-24,4.3168,0.002718
2019-04-25,4.2849,-0.00739
2019-04-26,4.2859,0.000233
2019-04-29,4.2771,-0.002053
2019-04-30,4.2855,0.001964
2019-05-06,4.183,-0.023918
2019-05-07,4.2055,0.005379
2019-05-08,4.1957,-0.00233
2019-05-09,4.1712,-0.005839
2019-05-10,4.2396,0.016398
2019-05-13,4.2236,-0.003774
2019-05-14,4.2139,-0.002297
2019-05-15,4.2462,0.007665
2019-05-16,4.2501,0.000918
2019-05-17,4.2124,-0.00887
2019-05-20,4.2021,-0.002445
2019-05-21,4.2232,0.005021
2019-05-22,4.2342,0.002605
2019-05-23,4.1969,-0.008809
2019-05-24,4.1911,-0.001382
2019-05-27,4.2188,0.006609
2019-05-28,4.2246,0.001375
2019-05-29,4.2176,-0.001657
2019-05-30,4.2094,-0.001944
2019-05-31,4.2009,-0.002019
2019-06-03,4.1965,-0.001047
2019-06-04,4.171,-0.006076
2019-06-05,4.164,-0.001678
2019-06-06,4.1464,-0.004227
2019-06-10,4.1697,0.005619
2019-06-11,4.2195,0.011943
2019-06-12,4.2082,-0.002678
2019-06-13,4.2035,-0.001117
2019-06-14,4.1842,-0.004591
2019-06-17,4.181,-0.000765
2019-06-18,4.191,0.002392
2019-06-19,4.2092,0.004343
2019-06-20,4.2472,0.009028
2019-06-21,4.2624,0.003579
2019-06-24,4.2676,0.00122
2019-06-25,4.2546,-0.003046
2019-06-26,4.2648,0.002397
2019-06-27,4.2816,0.003939
2019-06-28,4.2803,-0.000304
2019-06-30,4.2801,-4.7e-05
2019-07-01,4.3318,0.012079
2019-07-02,4.3387,0.001593
2019-07-03,4.31,-0.006615
2019-07-04,4.2945,-0.003596
2019-07-05,4.3105,0.003726
2019-07-08,4.267,-0.010092
2019-07-09,4.2685,0.000352
2019-07-10,4.2661,-0.000562
2019-07-11,4.2617,-0.001031
2019-07-12,4.2609,-0.000188
2019-07-15,4.2688,0.001854
2019-07-16,4.2605,-0.001944
2019-07-17,4.2577,-0.000657
2019-07-18,4.2308,-0.006318
2019-07-19,4.2437,0.003049
2019-07-22,4.2377,-0.001414
2019-07-23,4.247,0.002195
2019-07-24,4.2632,0.003814
2019-07-25,4.2778,0.003425
2019-07-26,4.2823,0.001052
2019-07-29,4.2793,-0.000701
2019-07-30,4.2823,0.000701
2019-07-31,4.2737,-0.002008
2019-08-01,4.2632,-0.002457
2019-08-02,4.2447,-0.004339
2019-08-05,4.2251,-0.004618
2019-08-06,4.2073,-0.004213
2019-08-07,4.2023,-0.001188
2019-08-08,4.2256,0.005545
2019-08-09,4.2004,-0.005964
2019-08-12,4.2225,0.005261
2019-08-13,4.2085,-0.003316
2019-08-14,4.2202,0.00278
2019-08-15,4.2278,0.001801
2019-08-16,4.2342,0.001514
2019-08-19,4.2735,0.009282
2019-08-20,4.2735,0.0
2019-08-21,4.2746,0.000257
2019-08-22,4.2771,0.000585
2019-08-23,4.2914,0.003343
2019-08-26,4.2735,-0.004171
2019-08-27,4.2957,0.005195
2019-08-28,4.2855,-0.002374
2019-08-29,4.3006,0.003524
2019-08-30,4.2933,-0.001697
2019-09-02,4.3259,0.007593
2019-09-03,4.3293,0.000786
2019-09-04,4.3239,-0.001247
2019-09-05,4.3396,0.003631
2019-09-06,4.3462,0.001521
2019-09-09,4.3716,0.005844
2019-09-10,4.3543,-0.003957
2019-09-11,4.3343,-0.004593
2019-09-12,4.3387,0.001015
2019-09-16,4.3423,0.00083
2019-09-17,4.3152,-0.006241
2019-09-18,4.335,0.004588
2019-09-19,4.3472,0.002814
2019-09-20,4.3529,0.001311
2019-09-23,4.3429,-0.002297
2019-09-24,4.3544,0.002648
2019-09-25,4.333,-0.004915
2019-09-26,4.3024,-0.007062
2019-09-27,4.3132,0.00251
2019-09-30,4.2921,-0.004892
2019-10-08,4.2909,-0.00028
2019-10-09,4.2894,-0.00035
2019-10-10,4.3136,0.005642
2019-10-11,4.3149,0.000301
2019-10-14,4.3288,0.003221
2019-10-15,4.3222,-0.001525
2019-10-16,4.3117,-0.002429
2019-10-17,4.3212,0.002203
2019-10-18,4.2989,-0.005161
2019-10-21,4.2901,-0.002047
2019-10-22,4.3073,0.004009
2019-10-23,4.2994,-0.001834
2019-10-24,4.2882,-0.002605
2019-10-25,4.3051,0.003941
2019-10-28,4.3359,0.007154
2019-10-29,4.3267,-0.002122
2019-10-30,4.2968,-0.006911
2019-10-31,4.2862,-0.002467
2019-11-01,4.3078,0.005039
2019-11-04,4.325,0.003993
2019-11-05,4.3325,0.001734
2019-11-06,4.3119,-0.004755
2019-11-07,4.3208,0.002064
2019-11-08,4.32,-0.000185
2019-11-11,4.2926,-0.006343
2019-11-12,4.2946,0.000466
2019-11-13,4.3158,0.004936
2019-11-14,4.3313,0.003591
2019-11-15,4.3161,-0.003509
2019-11-18,4.3212,0.001182
2019-11-19,4.3379,0.003865
2019-11-20,4.3325,-0.001245
2019-11-21,4.3149,-0.004062
2019-11-22,4.2629,-0.012051
2019-11-25,4.2298,-0.007765
2019-11-26,4.2415,0.002766
2019-11-27,4.2367,-0.001132
2019-11-28,4.2337,-0.000708
2019-11-29,4.2063,-0.006472
2019-12-02,4.1992,-0.001688
2019-12-03,4.2036,0.001048
2019-12-04,4.204,9.5e-05
2019-12-05,4.2252,0.005043
2019-12-06,4.2455,0.004805
2019-12-09,4.2212,-0.005724
2019-12-10,4.2349,0.003246
2019-12-11,4.2325,-0.000567
2019-12-12,4.2283,-0.000992
2019-12-13,4.2479,0.004635
2019-12-16,4.2502,0.000541
2019-12-17,4.2567,0.001529
2019-12-18,4.241,-0.003688
2019-12-19,4.2234,-0.00415
2019-12-20,4.209,-0.00341
2019-12-23,4.1846,-0.005797
2019-12-24,4.2026,0.004301
2019-12-25,4.208,0.001285
2019-12-26,4.2041,-0.000927
2019-12-27,4.1928,-0.002688
2019-12-30,4.2063,0.00322
2019-12-31,4.2198,0.003209
2020-01-02,4.2269,0.001683
2020-01-03,4.2053,-0.00511
2020-01-06,4.1952,-0.002402
2020-01-07,4.2119,0.003981
2020-01-08,4.205,-0.001638
2020-01-09,4.2572,0.012414
2020-01-10,4.2808,0.005544
2020-01-13,4.3151,0.008013
2020-01-14,4.2945,-0.004774
2020-01-15,4.3129,0.004285
2020-01-16,4.3242,0.00262
2020-01-17,4.3316,0.001711
2020-01-20,4.3592,0.006372
2020-01-21,4.3519,-0.001675
2020-01-22,4.3725,0.004734
2020-01-23,4.3242,-0.011046
2020-02-03,4.2138,-0.025531
2020-02-04,4.2594,0.010822
2020-02-05,4.2759,0.003874
2020-02-06,4.3117,0.008373
2020-02-07,4.3284,0.003873
2020-02-10,4.3239,-0.00104
2020-02-11,4.3507,0.006198
2020-02-12,4.3698,0.00439
2020-02-13,4.376,0.001419
2020-02-14,4.3853,0.002125
2020-02-17,4.4296,0.010102
2020-02-18,4.438,0.001896
2020-02-19,4.4306,-0.001667
2020-02-20,4.4757,0.010179
2020-02-21,4.5008,0.005608
2020-02-24,4.5354,0.007688
2020-02-25,4.5457,0.002271
2020-02-26,4.465,-0.017753
2020-02-27,4.4721,0.00159
2020-02-28,4.4167,-0.012388
2020-03-02,4.4593,0.009645
2020-03-03,4.485,0.005763
2020-03-04,4.4654,-0.00437
2020-03-05,4.4995,0.007636
2020-03-06,4.491,-0.001889
2020-03-09,4.4221,-0.015342
2020-03-10,4.4655,0.009814
2020-03-11,4.4309,-0.007748
2020-03-12,4.3997,-0.007041
2020-03-13,4.3958,-0.000886
2020-03-16,4.2997,-0.021862
2020-03-17,4.2886,-0.002582
2020-03-18,4.2732,-0.003591
2020-03-19,4.2639,-0.002176
2020-03-20,4.2801,0.003799
2020-03-23,4.2274,-0.012313
2020-03-24,4.2737,0.010952
2020-03-25,4.3261,0.012261
2020-03-26,4.3347,0.001988
2020-03-27,4.3301,-0.001061
2020-03-30,4.3112,-0.004365
2020-03-31,4.3355,0.005636
2020-04-01,4.3257,-0.00226
2020-04-02,4.3757,0.011559
2020-04-03,4.3776,0.000434
2020-04-07,4.4253,0.010896
2020-04-08,4.4215,-0.000859
2020-04-09,4.4564,0.007893
2020-04-10,4.4297,-0.005991
2020-04-13,4.4193,-0.002348
2020-04-14,4.4638,0.010069
2020-04-15,4.462,-0.000403
2020-04-16,4.4775,0.003474
2020-04-17,4.4779,8.9e-05
2020-04-20,4.5,0.004935
2020-04-21,4.4836,-0.003644
2020-04-22,4.5049,0.004751
2020-04-23,4.4983,-0.001465
2020-04-24,4.4804,-0.003979
2020-04-27,4.4969,0.003683
2020-04-28,4.5424,0.010118
2020-04-29,4.5189,-0.005173
2020-04-30,4.5398,0.004625
2020-05-06,4.5863,0.010243
2020-05-07,4.6077,0.004666
2020-05-08,4.6246,0.003668
2020-05-11,4.5917,-0.007114
2020-05-12,4.6248,0.007209
2020-05-13,4.6526,0.006011
2020-05-14,4.6452,-0.001591
2020-05-15,4.6484,0.000689
2020-05-18,4.6428,-0.001205
2020-05-19,4.6675,0.00532
2020-05-20,4.6185,-0.010498
2020-05-21,4.6177,-0.000173
2020-05-22,4.5842,-0.007255
2020-05-25,4.5957,0.002509
2020-05-26,4.64,0.009639
2020-05-27,4.5849,-0.011875
2020-05-28,4.5746,-0.002247
2020-05-29,4.6146,0.008744
2020-06-01,4.6547,0.00869
2020-06-02,4.6205,-0.007347
2020-06-03,4.6177,-0.000606
2020-06-04,4.6315,0.002989
2020-06-05,4.6596,0.006067
2020-06-08,4.6288,-0.00661
2020-06-09,4.6658,0.007993
2020-06-10,4.6871,0.004565
2020-06-11,4.6812,-0.001259
2020-06-12,4.6954,0.003033
2020-06-15,4.6798,-0.003322
2020-06-16,4.7195,0.008483
2020-06-17,4.7281,0.001822
2020-06-18,4.7257,-0.000508
2020-06-19,4.7747,0.010369
2020-06-22,4.7771,0.000503
2020-06-23,4.8213,0.009252
2020-06-24,4.8336,0.002551
2020-06-29,4.8357,0.000434
2020-06-30,4.8841,0.010009
2020-07-01,4.8696,-0.002969
2020-07-02,4.834,-0.007311
2020-07-03,4.8385,0.000931
2020-07-06,4.8624,0.00494
2020-07-07,4.9117,0.010139
2020-07-08,4.9209,0.001873
2020-07-09,4.989,0.013839
2020-07-10,5.0172,0.005652
2020-07-13,5.0744,0.011401
2020-07-14,5.0741,-5.9e-05
2020-07-15,5.1003,0.005163
2020-07-16,4.9745,-0.024665
2020-07-17,4.9963,0.004382
2020-07-20,4.9936,-0.00054
2020-07-21,5.0525,0.011795
2020-07-22,5.0805,0.005542
2020-07-23,5.1057,0.00496
2020-07-24,4.9833,-0.023973
2020-07-27,5.0039,0.004134
2020-07-28,5.0388,0.006975
2020-07-29,5.0868,0.009526
2020-07-30,5.0797,-0.001396
2020-07-31,5.0989,0.00378
2020-08-03,5.1109,0.002353
2020-08-04,5.1178,0.00135
2020-08-05,5.1437,0.005061
2020-08-06,5.1129,-0.005988
2020-08-07,5.0795,-0.006532
2020-08-10,5.0795,0.0
2020-08-11,5.0614,-0.003563
2020-08-12,5.017,-0.008772
2020-08-13,5.0017,-0.00305
2020-08-14,5.0236,0.004379
2020-08-17,5.028,0.000876
2020-08-18,5.054,0.005171
2020-08-19,5.0228,-0.006173
2020-08-20,4.9976,-0.005017
2020-08-21,5.0267,0.005823
2020-08-24,5.0456,0.00376
2020-08-25,5.0638,0.003607
2020-08-26,5.0712,0.001461
2020-08-27,5.1209,0.0098
2020-08-28,5.1633,0.00828
2020-08-31,5.1538,-0.00184
2020-09-01,5.1675,0.002658
2020-09-02,5.1888,0.004122
2020-09-03,5.1619,-0.005184
2020-09-04,5.1107,-0.009919
2020-09-07,5.0201,-0.017728
2020-09-08,5.0108,-0.001853
2020-09-09,4.9497,-0.012194
2020-09-10,4.9552,0.001111
2020-09-11,5.001,0.009243
2020-09-14,5.0174,0.003279
2020-09-15,5.0451,0.005521
2020-09-16,5.0054,-0.007869
2020-09-17,4.9883,-0.003416
2020-09-18,5.004,0.003147
2020-09-21,4.9802,-0.004756
2020-09-22,4.9892,0.001807
2020-09-23,5.0361,0.0094
2020-09-24,5.0054,-0.006096
2020-09-25,5.0064,0.0002
2020-09-28,4.9996,-0.001358
2020-09-29,5.0206,0.0042
2020-09-30,5.0587,0.007589
2020-10-09,5.115,0.011129
2020-10-12,5.1967,0.015973
2020-10-13,5.1992,0.000481
2020-10-14,5.1943,-0.000942
2020-10-15,5.1758,-0.003562
2020-10-16,5.1773,0.00029
2020-10-19,5.1281,-0.009503
2020-10-20,5.156,0.005441
2020-10-21,5.1471,-0.001726
2020-10-22,5.1305,-0.003225
2020-10-23,5.0532,-0.015067
2020-10-26,5.0729,0.003899
2020-10-27,5.1368,0.012596
2020-10-28,5.1827,0.008936
2020-10-29,5.2139,0.00602
2020-10-30,5.184,-0.005735
2020-11-02,5.2278,0.008449
2020-11-03,5.2489,0.004036
2020-11-04,5.2702,0.004058
2020-11-05,5.2683,-0.000361
2020-11-06,5.2384,-0.005675
2020-11-09,5.3036,0.012447
2020-11-10,5.2718,-0.005996
2020-11-11,5.2262,-0.00865
2020-11-12,5.2484,0.004248
2020-11-13,5.2556,0.001372
2020-11-16,5.2546,-0.00019
2020-11-17,5.2173,-0.007099
2020-11-18,5.1685,-0.009353
2020-11-19,5.183,0.002805
2020-11-20,5.2021,0.003685
2020-11-23,5.204,0.000365
2020-11-24,5.1943,-0.001864
2020-11-25,5.1332,-0.011763
2020-11-26,5.1362,0.000584
2020-11-27,5.1486,0.002414
2020-11-30,5.1523,0.000719
2020-12-01,5.2181,0.012771
2020-12-02,5.2126,-0.001054
2020-12-03,5.2344,0.004182
2020-12-04,5.2838,0.009438
2020-12-07,5.2941,0.001949
2020-12-08,5.2935,-0.000113
2020-12-09,5.2737,-0.00374
2020-12-10,5.3255,0.009822
2020-12-11,5.3252,-5.6e-05
2020-12-14,5.3789,0.010084
2020-12-15,5.3907,0.002194
2020-12-16,5.409,0.003395
2020-12-17,5.451,0.007765
2020-12-18,5.4122,-0.007118
2020-12-21,5.4356,0.004324
2020-12-22,5.4093,-0.004838
2020-12-23,5.4255,0.002995
2020-12-24,5.4434,0.003299
2020-12-25,5.4861,0.007844
2020-12-28,5.4841,-0.000365
2020-12-29,5.4866,0.000456
2020-12-30,5.5229,0.006616
2020-12-31,5.5538,0.005595
2021-01-04,5.5559,0.000378
2021-01-05,5.6246,0.012365
2021-01-06,5.6506,0.004623
2021-01-07,5.7379,0.01545
2021-01-08,5.6952,-0.007442
2021-01-11,5.6418,-0.009376
2021-01-12,5.693,0.009075
2021-01-13,5.6531,-0.007009
2021-01-14,5.6175,-0.006297
2021-01-15,5.6322,0.002617
2021-01-18,5.659,0.004758
2021-01-19,5.5917,-0.011893
2021-01-20,5.6813,0.016024
2021-01-21,5.7403,0.010385
2021-01-22,5.8269,0.015086
2021-01-25,5.8723,0.007791
2021-01-26,5.8014,-0.012074
2021-01-27,5.7811,-0.003499
2021-01-28,5.7137,-0.011659
2021-01-29,5.7126,-0.000193
2021-02-01,5.7409,0.004954
2021-02-02,5.7872,0.008065
2021-02-03,5.7676,-0.003387
2021-02-04,5.7453,-0.003866
2021-02-05,5.821,0.013176
2021-02-08,5.8699,0.008401
2021-02-09,5.9186,0.008297
2021-02-10,5.9853,0.01127
2021-02-18,5.8848,-0.016791
2021-02-19,5.8588,-0.004418
2021-02-22,5.6921,-0.028453
2021-02-23,5.6693,-0.004006
2021-02-24,5.5658,-0.018256
2021-02-25,5.5716,0.001042
2021-02-26,5.4692,-0.018379
2021-03-01,5.4675,-0.000311
2021-03-02,5.4336,-0.0062
2021-03-03,5.4704,0.006773
2021-03-04,5.3394,-0.023947
2021-03-05,5.3441,0.00088
2021-03-08,5.1932,-0.028237
2021-03-09,5.1141,-0.015231
2021-03-10,5.1994,0.016679
2021-03-11,5.259,0.011463
2021-03-12,5.2612,0.000418
2021-03-15,5.1528,-0.020604
2021-03-16,5.1791,0.005104
2021-03-17,5.2132,0.006584
2021-03-18,5.2617,0.009303
2021-03-19,5.2004,-0.01165
2021-03-22,5.1984,-0.000385
2021-03-23,5.197,-0.000269
2021-03-24,5.1964,-0.000115
2021-03-25,5.2416,0.008698
2021-03-26,5.3075,0.012572
2021-03-29,5.3114,0.000735
2021-03-30,5.3571,0.008604
2021-03-31,5.3342,-0.004275
2021-04-01,5.4115,0.014491
2021-04-02,5.4613,0.009203
2021-04-06,5.4316,-0.005438
2021-04-07,5.3958,-0.006591
2021-04-08,5.4616,0.012195
2021-04-09,5.4302,-0.005749
2021-04-12,5.3826,-0.008766
2021-04-13,5.4167,0.006335
2021-04-14,5.4363,0.003618
2021-04-15,5.4307,-0.00103
2021-04-16,5.4226,-0.001492
2021-04-19,5.4615,0.007174
2021-04-20,5.4924,0.005658
2021-04-21,5.5191,0.004861
2021-04-22,5.5238,0.000852
2021-04-23,5.5825,0.010627
2021-04-26,5.5402,-0.007577
2021-04-27,5.6182,0.014079
2021-04-28,5.6673,0.008739
2021-04-29,5.646,-0.003758
2021-04-30,5.6519,0.001045
2021-05-06,5.5883,-0.011253
2021-05-07,5.4853,-0.018431
2021-05-10,5.4716,-0.002498
2021-05-11,5.5196,0.008773
2021-05-12,5.5706,0.00924
2021-05-13,5.5896,0.003411
2021-05-14,5.64,0.009017
2021-05-17,5.7026,0.011099
2021-05-18,5.6835,-0.003349
2021-05-19,5.6714,-0.002129
2021-05-20,5.7281,0.009998
2021-05-21,5.7137,-0.002514
2021-05-24,5.7095,-0.000735
2021-05-25,5.7796,0.012278
2021-05-26,5.7487,-0.005346
2021-05-27,5.7838,0.006106
2021-05-28,5.7392,-0.007711
2021-05-31,5.7538,0.002544
2021-06-01,5.7899,0.006274
2021-06-02,5.7512,-0.006684
2021-06-03,5.7423,-0.001548
2021-06-04,5.7597,0.00303
2021-06-07,5.7693,0.001667
2021-06-08,5.7409,-0.004923
2021-06-09,5.7906,0.008657
2021-06-10,5.8294,0.006701
2021-06-11,5.798,-0.005386
2021-06-15,5.7796,-0.003174
2021-06-16,5.6828,-0.016749
2021-06-17,5.7514,0.012072
2021-06-18,5.774,0.003929
2021-06-21,5.7658,-0.00142
2021-06-22,5.8282,0.010822
2021-06-23,5.7911,-0.006366
2021-06-24,5.757,-0.005888
2021-06-25,5.8417,0.014713
2021-06-28,5.8959,0.009278
2021-06-29,5.8922,-0.000628
2021-06-30,5.9285,0.006161
2021-07-01,5.9513,0.003846
2021-07-02,5.8159,-0.022751
2021-07-05,5.8372,0.003662
2021-07-06,5.7274,-0.01881
2021-07-07,5.81,0.014422
2021-07-08,5.7877,-0.003838
2021-07-09,5.7423,-0.007844
2021-07-12,5.7924,0.008725
2021-07-13,5.7723,-0.00347
2021-07-14,5.8125,0.006964
2021-07-15,5.8514,0.006692
2021-07-16,5.7781,-0.012527
2021-07-19,5.8438,0.011371
2021-07-20,5.8564,0.002156
2021-07-21,5.8764,0.003415
2021-07-22,5.8593,-0.00291
2021-07-23,5.7865,-0.012425
2021-07-26,5.6649,-0.021014
2021-07-27,5.5913,-0.012992
2021-07-28,5.6281,0.006582
2021-07-29,5.7284,0.017821
2021-07-30,5.6676,-0.010614
2021-08-02,5.7202,0.009281
2021-08-03,5.7369,0.002919
2021-08-04,5.7522,0.002667
2021-08-05,5.7337,-0.003216
2021-08-06,5.6996,-0.005947
2021-08-09,5.7264,0.004702
2021-08-10,5.7428,0.002864
2021-08-11,5.6958,-0.008184
2021-08-12,5.6668,-0.005091
2021-08-13,5.6322,-0.006106
2021-08-16,5.6459,0.002432
2021-08-17,5.5346,-0.019713
2021-08-18,5.5473,0.002295
2021-08-19,5.5552,0.001424
2021-08-20,5.4193,-0.024464
2021-08-23,5.4405,0.003912
2021-08-24,5.5091,0.012609
2021-08-25,5.5334,0.004411
2021-08-26,5.4137,-0.021632
2021-08-27,5.3973,-0.003029
2021-08-30,5.3833,-0.002594
2021-08-31,5.3293,-0.010031
2021-09-01,5.3406,0.00212
2021-09-02,5.2629,-0.014549
2021-09-03,5.2492,-0.002603
2021-09-06,5.3674,0.022518
2021-09-07,5.3559,-0.002143
2021-09-08,5.3193,-0.006834
2021-09-09,5.3272,0.001485
2021-09-10,5.3789,0.009705
2021-09-13,5.3551,-0.004425
2021-09-14,5.3769,0.004071
2021-09-15,5.3372,-0.007383
2021-09-16,5.3431,0.001105
2021-09-17,5.4356,0.017312
2021-09-22,5.4372,0.000294
2021-09-23,5.4375,5.5e-05
2021-09-24,5.4713,0.006216
2021-09-27,5.5165,0.008261
2021-09-28,5.5025,-0.002538
2021-09-29,5.4942,-0.001508
2021-09-30,5.5182,0.004368
2021-10-08,5.4996,-0.003371
2021-10-11,5.4647,-0.006346
2021-10-12,5.4366,-0.005142
2021-10-13,5.5025,0.012122
2021-10-14,5.4648,-0.006851
2021-10-15,5.4593,-0.001006
2021-10-18,5.3872,-0.013207
2021-10-19,5.4277,0.007518
2021-10-20,5.3992,-0.005251
2021-10-21,5.3929,-0.001167
2021-10-22,5.4117,0.003486
2021-10-25,5.4338,0.004084
2021-10-26,5.4304,-0.000626
2021-10-27,5.3816,-0.008986
2021-10-28,5.3718,-0.001821
2021-10-29,5.415,0.008042
2021-11-01,5.3738,-0.007608
2021-11-02,5.3789,0.000949
2021-11-03,5.3644,-0.002696
2021-11-04,5.3941,0.005536
2021-11-05,5.4093,0.002818
2021-11-08,5.35,-0.010963
2021-11-09,5.3777,0.005178
2021-11-10,5.3607,-0.003161
2021-11-11,5.4024,0.007779
2021-11-12,5.3907,-0.002166
2021-11-15,5.3934,0.000501
2021-11-16,5.4324,0.007231
2021-11-17,5.4236,-0.00162
2021-11-18,5.388,-0.006564
2021-11-19,5.3836,-0.000817
2021-11-22,5.4182,0.006427
2021-11-23,5.4196,0.000258
2021-11-24,5.4162,-0.000627
2021-11-25,5.4449,0.005299
2021-11-26,5.429,-0.00292
2021-11-29,5.4213,-0.001418
2021-11-30,5.4,-0.003929
2021-12-01,5.377,-0.004259
2021-12-02,5.3463,-0.00571
2021-12-03,5.3797,0.006247
2021-12-06,5.3411,-0.007175
2021-12-07,5.3298,-0.002116
2021-12-08,5.3828,0.009944
2021-12-09,5.4334,0.0094
2021-12-10,5.4155,-0.003294
2021-12-13,5.4306,0.002788
2021-12-14,5.4363,0.00105
2021-12-15,5.3845,-0.009529
2021-12-16,5.3809,-0.000669
2021-12-17,5.3369,-0.008177
2021-12-20,5.2956,-0.007739
2021-12-21,5.3134,0.003361
2021-12-22,5.3201,0.001261
2021-12-23,5.3331,0.002444
2021-12-24,5.3282,-0.000919
2021-12-27,5.3416,0.002515
2021-12-28,5.3595,0.003351
2021-12-29,5.3183,-0.007687
2021-12-30,5.3404,0.004155
2021-12-31,5.325,-0.002884
2022-01-04,5.2512,-0.013859
2022-01-05,5.1921,-0.011255
2022-01-06,5.1682,-0.004603
2022-01-07,5.1651,-0.0006
2022-01-10,5.1656,9.7e-05
2022-01-11,5.1271,-0.007453
2022-01-12,5.1533,0.00511
2022-01-13,5.1151,-0.007413
2022-01-14,5.1241,0.001759
2022-01-17,5.1428,0.003649
2022-01-18,5.1565,0.002664
2022-01-19,5.127,-0.005721
2022-01-20,5.121,-0.00117
2022-01-21,5.0923,-0.005604
2022-01-24,5.0939,0.000314
2022-01-25,5.0537,-0.007892
2022-01-26,5.0633,0.0019
2022-01-27,5.0155,-0.00944
2022-01-28,4.9828,-0.00652
2022-02-07,4.9963,0.002709
2022-02-08,4.9424,-0.010788
2022-02-09,4.9598,0.003521
2022-02-10,4.9282,-0.006371
2022-02-11,4.9095,-0.003794
2022-02-14,4.9117,0.000448
2022-02-15,4.999,0.017774
2022-02-16,4.9974,-0.00032
2022-02-17,5.0147,0.003462
2022-02-18,5.0145,-4e-05
2022-02-21,4.9937,-0.004148
2022-02-22,4.9888,-0.000981
2022-02-23,5.0513,0.012528
2022-02-24,5.0148,-0.007226
2022-02-25,5.0591,0.008834
2022-02-28,5.0712,0.002392
2022-03-01,5.0792,0.001578
2022-03-02,5.0388,-0.007954
2022-03-03,4.9828,-0.011114
2022-03-04,4.9775,-0.001064
2022-03-07,4.9042,-0.014726
2022-03-08,4.877,-0.005546
2022-03-09,4.8559,-0.004326
2022-03-10,4.9142,0.012006
2022-03-11,4.9267,0.002544
2022-03-14,4.8676,-0.011996
2022-03-15,4.8076,-0.012326
2022-03-16,4.8649,0.011919
2022-03-17,4.9171,0.01073
2022-03-18,4.8938,-0.004739
2022-03-21,4.9039,0.002064
2022-03-22,4.8727,-0.006362
2022-03-23,4.9015,0.00591
2022-03-24,4.8862,-0.003121
2022-03-25,4.8365,-0.010172
2022-03-28,4.8038,-0.006761
2022-03-29,4.8048,0.000208
2022-03-30,4.8755,0.014714
2022-03-31,4.8532,-0.004574
2022-04-01,4.8544,0.000247
2022-04-06,4.7987,-0.011474
2022-04-07,4.7859,-0.002667
2022-04-08,4.7881,0.00046
2022-04-11,4.7209,-0.014035
2022-04-12,4.7602,0.008325
2022-04-13,4.7266,-0.007059
2022-04-14,4.755,0.006009
2022-04-15,4.7698,0.003113
2022-04-18,4.7923,0.004717
2022-04-19,4.7609,-0.006552
2022-04-20,4.7364,-0.005146
2022-04-21,4.7006,-0.007558
2022-04-22,4.6938,-0.001447
2022-04-25,4.6163,-0.016511
2022-04-26,4.617,0.000152
2022-04-27,4.7129,0.020771
2022-04-28,4.6997,-0.002801
2022-04-29,4.7428,0.009171
2022-05-05,4.7575,0.003099
2022-05-06,4.7171,-0.008492
2022-05-09,4.678,-0.008289
2022-05-10,4.7256,0.010175
2022-05-11,4.7744,0.010327
2022-05-12,4.7815,0.001487
2022-05-13,4.7827,0.000251
2022-05-16,4.7514,-0.006544
2022-05-17,4.7901,0.008145
2022-05-18,4.7882,-0.000397
2022-05-19,4.796,0.001629
2022-05-20,4.8217,0.005359
2022-05-23,4.81,-0.002427
2022-05-24,4.7649,-0.009376
2022-05-25,4.7641,-0.000168
2022-05-26,4.7675,0.000714
2022-05-27,4.7786,0.002328
2022-05-30,4.8203,0.008726
2022-05-31,4.8772,0.011804
2022-06-01,4.8622,-0.003076
2022-06-02,4.8754,0.002715
2022-06-06,4.9135,0.007815
2022-06-07,4.9313,0.003623
2022-06-08,4.9367,0.001095
2022-06-09,4.8885,-0.009764
2022-06-10,4.9073,0.003846
2022-06-13,4.877,-0.006174
2022-06-14,4.8622,-0.003035
2022-06-15,4.8686,0.001316
2022-06-16,4.8906,0.004519
2022-06-17,4.9368,0.009447
2022-06-20,4.9834,0.009439
2022-06-21,4.9692,-0.002849
2022-06-22,4.9542,-0.003019
2022-06-23,4.9978,0.008801
2022-06-24,5.03,0.006443
2022-06-27,5.0618,0.006322
2022-06-28,5.0817,0.003931
2022-06-29,5.0623,-0.003818
2022-06-30,5.1315,0.01367
2022-07-01,5.1136,-0.003488
2022-07-04,5.1511,0.007333
2022-07-05,5.1346,-0.003203
2022-07-06,5.1131,-0.004187
2022-07-07,5.1155,0.000469
2022-07-08,5.0971,-0.003597
2022-07-11,5.0631,-0.00667
2022-07-12,5.0164,-0.009224
2022-07-13,5.0094,-0.001395
2022-07-14,5.0579,0.009682
2022-07-15,5.0429,-0.002966
2022-07-18,5.0625,0.003887
2022-07-19,5.0407,-0.004306
2022-07-20,5.0501,0.001865
2022-07-21,5.0491,-0.000198
2022-07-22,5.0305,-0.003684
2022-07-25,5.0207,-0.001948
2022-07-26,5.0305,0.001952
2022-07-27,5.0121,-0.003658
2022-07-28,4.9893,-0.004549
2022-07-29,4.9439,-0.009099
2022-08-01,4.9824,0.007787
2022-08-02,4.962,-0.004094
2022-08-03,4.9491,-0.0026
2022-08-04,4.9713,0.004486
2022-08-05,5.004,0.006578
2022-08-08,5.0037,-6e-05
2022-08-09,4.9929,-0.002158
2022-08-10,4.96,-0.006589
2022-08-11,4.9998,0.008024
2022-08-12,4.9871,-0.00254
2022-08-15,4.9708,-0.003268
2022-08-16,4.9486,-0.004466
2022-08-17,4.9647,0.003253
2022-08-18,4.9691,0.000886
2022-08-19,4.9434,-0.005172
2022-08-22,4.9502,0.001376
2022-08-23,4.9392,-0.002222
2022-08-24,4.8965,-0.008645
2022-08-25,4.8985,0.000408
2022-08-26,4.8922,-0.001286
2022-08-29,4.8823,-0.002024
2022-08-30,4.8737,-0.001761
2022-08-31,4.8475,-0.005376
2022-09-01,4.834,-0.002785
2022-09-02,4.8217,-0.002544
2022-09-05,4.8114,-0.002136
2022-09-06,4.8374,0.005404
2022-09-07,4.8593,0.004527
2022-09-08,4.8635,0.000864
2022-09-09,4.8757,0.002508
2022-09-13,4.8694,-0.001292
2022-09-14,4.8543,-0.003101
2022-09-15,4.7827,-0.01475
2022-09-16,4.7683,-0.003011
2022-09-19,4.7489,-0.004069
2022-09-20,4.7722,0.004906
2022-09-21,4.7266,-0.009555
2022-09-22,4.7232,-0.000719
2022-09-23,4.6959,-0.00578
2022-09-26,4.7384,0.00905
2022-09-27,4.7854,0.009919
2022-09-28,4.7555,-0.006248
2022-09-29,4.7712,0.003301
2022-09-30,4.736,-0.007378
2022-10-10,4.6511,-0.017927
2022-10-11,4.6192,-0.006859
2022-10-12,4.6589,0.008595
2022-10-13,4.6562,-0.00058
2022-10-14,4.7367,0.017289
2022-10-17,4.7271,-0.002027
2022-10-18,4.7315,0.000931
2022-10-19,4.7148,-0.00353
2022-10-20,4.7234,0.001824
2022-10-21,4.7192,-0.000889
2022-10-24,4.6579,-0.012989
2022-10-25,4.6528,-0.001095
2022-10-26,4.7038,0.010961
2022-10-27,4.6325,-0.015158
2022-10-28,4.5998,-0.007059
2022-10-31,4.5945,-0.001152
2022-11-01,4.6432,0.0106
2022-11-02,4.684,0.008787
2022-11-03,4.7089,0.005316
2022-11-04,4.7514,0.009025
2022-11-07,4.744,-0.001557
2022-11-08,4.7065,-0.007905
2022-11-09,4.6796,-0.005715
2022-11-10,4.6477,-0.006817
2022-11-11,4.6878,0.008628
2022-11-14,4.6732,-0.003114
2022-11-15,4.7306,0.012283
2022-11-16,4.7136,-0.003594
2022-11-17,4.7089,-0.000997
2022-11-18,4.7141,0.001104
2022-11-21,4.7082,-0.001252
2022-11-22,4.6736,-0.007349
2022-11-23,4.6621,-0.002461
2022-11-24,4.6646,0.000536
2022-11-25,4.6433,-0.004566
2022-11-28,4.6285,-0.003187
2022-11-29,4.6455,0.003673
2022-11-30,4.654,0.00183
2022-12-01,4.6864,0.006962
2022-12-02,4.6818,-0.000982
2022-12-05,4.6656,-0.00346
2022-12-06,4.6861,0.004394
2022-12-07,4.6817,-0.000939
2022-12-08,4.6704,-0.002414
2022-12-09,4.6817,0.002419
2022-12-12,4.6945,0.002734
2022-12-13,4.6624,-0.006838
2022-12-14,4.6693,0.00148
2022-12-15,4.6864,0.003662
2022-12-16,4.6606,-0.005505
2022-12-19,4.6352,-0.00545
2022-12-20,4.6087,-0.005717
2022-12-21,4.6057,-0.000651
2022-12-22,4.6067,0.000217
2022-12-23,4.6016,-0.001107
2022-12-26,4.6349,0.007237
2022-12-27,4.6764,0.008954
2022-12-28,4.6791,0.000577
2022-12-29,4.6834,0.000919
2022-12-30,4.6796,-0.000811
2022-12-31,4.6796,0.0
2023-01-03,4.6712,-0.001795
2023-01-04,4.6585,-0.002719
2023-01-05,4.6927,0.007341
2023-01-06,4.703,0.002195
2023-01-09,4.7198,0.003572
2023-01-10,4.7379,0.003835
2023-01-11,4.7187,-0.004052
2023-01-12,4.7197,0.000212
2023-01-13,4.748,0.005996
2023-01-16,4.7816,0.007077
2023-01-17,4.7943,0.002656
2023-01-18,4.7886,-0.001189
2023-01-19,4.8068,0.003801
2023-01-20,4.7984,-0.001748
2023-01-30,4.8144,0.003334
2023-01-31,4.7774,-0.007685
2023-02-01,4.7801,0.000565
2023-02-02,4.7904,0.002155
2023-02-03,4.773,-0.003632
2023-02-06,4.7398,-0.006956
2023-02-07,4.734,-0.001224
2023-02-08,4.7163,-0.003739
2023-02-09,4.761,0.009478
2023-02-10,4.746,-0.003151
2023-02-13,4.7539,0.001665
2023-02-14,4.7556,0.000358
2023-02-15,4.7452,-0.002187
2023-02-16,4.7279,-0.003646
2023-02-17,4.6908,-0.007847
2023-02-20,4.7131,0.004754
2023-02-21,4.6962,-0.003586
2023-02-22,4.6818,-0.003066
2023-02-23,4.6874,0.001196
2023-02-24,4.6643,-0.004928
2023-02-27,4.6592,-0.001093
2023-02-28,4.6704,0.002404
2023-03-01,4.6677,-0.000578
2023-03-02,4.6469,-0.004456
2023-03-03,4.6562,0.002001
2023-03-06,4.6643,0.00174
2023-03-07,4.6327,-0.006775
2023-03-08,4.6244,-0.001792
2023-03-09,4.6229,-0.000324
2023-03-10,4.6192,-0.0008
2023-03-13,4.6251,0.001277
2023-03-14,4.6253,4.3e-05
2023-03-15,4.6136,-0.00253
2023-03-16,4.6021,-0.002493
2023-03-17,4.5751,-0.005867
2023-03-20,4.5689,-0.001355
2023-03-21,4.5956,0.005844
2023-03-22,4.5905,-0.00111
2023-03-23,4.5974,0.001503
2023-03-24,4.5868,-0.002306
2023-03-27,4.5851,-0.000371
2023-03-28,4.5726,-0.002726
2023-03-29,4.5849,0.00269
2023-03-30,4.5991,0.003097
2023-03-31,4.5907,-0.001826
2023-04-03,4.5913,0.000131
2023-04-04,4.5817,-0.002091
2023-04-06,4.5945,0.002794
2023-04-07,4.6124,0.003896
2023-04-10,4.5991,-0.002884
2023-04-11,4.5971,-0.000435
2023-04-12,4.5883,-0.001914
2023-04-13,4.5984,0.002201
2023-04-14,4.615,0.00361
2023-04-17,4.6168,0.00039
2023-04-18,4.6102,-0.00143
2023-04-19,4.5979,-0.002668
2023-04-20,4.5716,-0.00572
2023-04-21,4.5275,-0.009647
2023-04-24,4.4807,-0.010337
2023-04-25,4.461,-0.004397
2023-04-26,4.4807,0.004416
2023-04-27,4.4993,0.004151
2023-04-28,4.4956,-0.000822
2023-05-04,4.4706,-0.005561
2023-05-05,4.4562,-0.003221
2023-05-08,4.4493,-0.001548
2023-05-09,4.4304,-0.004248
2023-05-10,4.4397,0.002099
2023-05-11,4.437,-0.000608
2023-05-12,4.4226,-0.003245
2023-05-15,4.4508,0.006376
2023-05-16,4.4529,0.000472
2023-05-17,4.4412,-0.002628
2023-05-18,4.4309,-0.002319
2023-05-19,4.4431,0.002753
2023-05-22,4.4448,0.000383
2023-05-23,4.4225,-0.005017
2023-05-24,4.4272,0.001063
2023-05-25,4.4307,0.000791
2023-05-26,4.4221,-0.001941
2023-05-29,4.4125,-0.002171
2023-05-30,4.3973,-0.003445
2023-05-31,4.376,-0.004844
2023-06-01,4.3811,0.001165
2023-06-02,4.397,0.003629
2023-06-05,4.3762,-0.00473
2023-06-06,4.3485,-0.00633
2023-06-07,4.3335,-0.003449
2023-06-08,4.3203,-0.003046
2023-06-09,4.3274,0.001643
2023-06-12,4.346,0.004298
2023-06-13,4.3543,0.00191
2023-06-14,4.3559,0.000367
2023-06-15,4.3965,0.009321
2023-06-16,4.4061,0.002184
2023-06-19,4.3892,-0.003836
2023-06-20,4.3816,-0.001732
2023-06-21,4.3467,-0.007965
2023-06-26,4.3352,-0.002646
2023-06-27,4.3318,-0.000784
2023-06-28,4.3326,0.000185
2023-06-29,4.323,-0.002216
2023-06-30,4.3396,0.00384
2023-07-03,4.3646,0.005761
2023-07-04,4.3772,0.002887
2023-07-05,4.3543,-0.005232
2023-07-06,4.3392,-0.003468
2023-07-07,4.3201,-0.004402
2023-07-10,4.3473,0.006296
2023-07-11,4.3635,0.003726
2023-07-12,4.3593,-0.000963
2023-07-13,4.3865,0.00624
2023-07-14,4.3705,-0.003648
2023-07-17,4.3553,-0.003478
2023-07-18,4.3499,-0.00124
2023-07-19,4.3397,-0.002345
2023-07-20,4.3328,-0.00159
2023-07-21,4.3397,0.001593
2023-07-24,4.3254,-0.003295
2023-07-25,4.3605,0.008115
2023-07-26,4.3688,0.001903
2023-07-27,4.3649,-0.000893
2023-07-28,4.3752,0.00236
2023-07-31,4.371,-0.00096
2023-08-01,4.3732,0.000503
2023-08-02,4.3661,-0.001624
2023-08-03,4.3781,0.002748
2023-08-04,4.3765,-0.000365
2023-08-07,4.3411,-0.008089
2023-08-08,4.3372,-0.000898
2023-08-09,4.3446,0.001706
2023-08-10,4.3462,0.000368
2023-08-11,4.3154,-0.007087
2023-08-14,4.306,-0.002178
2023-08-15,4.2832,-0.005295
2023-08-16,4.2636,-0.004576
2023-08-17,4.2719,0.001947
2023-08-18,4.248,-0.005595
2023-08-21,4.2291,-0.004449
2023-08-22,4.219,-0.002388
2023-08-23,4.1896,-0.006968
2023-08-24,4.2273,0.008998
2023-08-25,4.2146,-0.003004
2023-08-28,4.2202,0.001329
2023-08-29,4.2595,0.009312
2023-08-30,4.2692,0.002277
2023-08-31,4.2663,-0.000679
2023-09-01,4.2715,0.001219
2023-09-04,4.2965,0.005853
2023-09-05,4.2943,-0.000512
2023-09-06,4.2898,-0.001048
2023-09-07,4.2592,-0.007133
2023-09-08,4.2583,-0.000211
2023-09-11,4.2705,0.002865
2023-09-12,4.2605,-0.002342
2023-09-13,4.248,-0.002934
2023-09-14,4.2371,-0.002566
2023-09-15,4.2452,0.001912
2023-09-18,4.2567,0.002709
2023-09-19,4.2453,-0.002678
2023-09-20,4.23,-0.003604
2023-09-21,4.2158,-0.003357
2023-09-22,4.2359,0.004768
2023-09-25,4.2369,0.000236
2023-09-26,4.2249,-0.002832
2023-09-27,4.2372,0.002911
2023-09-28,4.2325,-0.001109
2023-10-09,4.2359,0.000803
2023-10-10,4.2198,-0.003801
2023-10-11,4.2469,0.006422
2023-10-12,4.2605,0.003202
2023-10-13,4.244,-0.003873
2023-10-16,4.2153,-0.006762
2023-10-17,4.2195,0.000996
2023-10-18,4.2028,-0.003958
2023-10-19,4.1891,-0.00326
2023-10-20,4.1832,-0.001408
2023-10-23,4.1705,-0.003036
2023-10-24,4.17,-0.00012
2023-10-25,4.1645,-0.001319
2023-10-26,4.1594,-0.001225
2023-10-27,4.1965,0.00892
2023-10-30,4.2518,0.013178
2023-10-31,4.2453,-0.001529
2023-11-01,4.2428,-0.000589
2023-11-02,4.2288,-0.0033
2023-11-03,4.2541,0.005983
2023-11-06,4.2892,0.008251
2023-11-07,4.2744,-0.003451
2023-11-08,4.2739,-0.000117
2023-11-09,4.2685,-0.001263
2023-11-10,4.26,-0.001991
2023-11-13,4.2541,-0.001385
2023-11-14,4.2575,0.000799
2023-11-15,4.2619,0.001033
2023-11-16,4.2357,-0.006147
2023-11-17,4.2389,0.000755
2023-11-20,4.2458,0.001628
2023-11-21,4.2455,-7.1e-05
2023-11-22,4.2242,-0.005017
2023-11-23,4.2317,0.001775
2023-11-24,4.2148,-0.003994
2023-11-27,4.2072,-0.001803
2023-11-28,4.2106,0.000808
2023-11-29,4.2229,0.002921
2023-11-30,4.2254,0.000592
2023-12-01,4.2214,-0.000947
2023-12-04,4.2023,-0.004525
2023-12-05,4.1685,-0.008043
2023-12-06,4.1688,7.2e-05
2023-12-07,4.1523,-0.003958
2023-12-08,4.1715,0.004624
2023-12-11,4.1808,0.002229
2023-12-12,4.1815,0.000167
2023-12-13,4.1602,-0.005094
2023-12-14,4.1506,-0.002308
2023-12-15,4.1479,-0.000651
2023-12-18,4.1371,-0.002604
2023-12-19,4.1434,0.001523
2023-12-20,4.1327,-0.002582
2023-12-21,4.1515,0.004549
2023-12-22,4.1496,-0.000458
2023-12-25,4.1481,-0.000361
2023-12-26,4.1283,-0.004773
2023-12-27,4.1396,0.002737
2023-12-28,4.1947,0.01331
2023-12-29,4.1965,0.000429
2023-12-31,4.1964,-2.4e-05
2024-01-02,4.1612,-0.008388
2024-01-03,4.1434,-0.004278
2024-01-04,4.1214,-0.00531
2024-01-05,4.0998,-0.005241
2024-01-08,4.0724,-0.006683
2024-01-09,4.0829,0.002578
2024-01-10,4.0949,0.002939
2024-01-11,4.1109,0.003907
2024-01-12,4.1011,-0.002384
2024-01-15,4.094,-0.001731
2024-01-16,4.0973,0.000806
2024-01-17,4.0584,-0.009494
2024-01-18,4.093,0.008526
2024-01-19,4.0782,-0.003616
2024-01-22,4.0442,-0.008337
2024-01-23,4.0576,0.003313
2024-01-24,4.0555,-0.000518
2024-01-25,4.0626,0.001751
2024-01-26,4.042,-0.005071
2024-01-29,3.9942,-0.011826
2024-01-30,3.9591,-0.008788
2024-01-31,3.9466,-0.003157
2024-02-01,3.9652,0.004713
2024-02-02,3.9384,-0.006759
2024-02-05,3.9649,0.006729
2024-02-06,4.0444,0.020051
2024-02-07,4.0897,0.011201
2024-02-08,4.0898,2.4e-05
2024-02-19,4.0834,-0.001565
2024-02-20,4.0773,-0.001494
2024-02-21,4.0939,0.004071
2024-02-22,4.0967,0.000684
2024-02-23,4.0942,-0.00061
2024-02-26,4.0935,-0.000171
2024-02-27,4.1179,0.005961
2024-02-28,4.0831,-0.008451
2024-02-29,4.1271,0.010776
2024-03-01,4.1349,0.00189
2024-03-04,4.1369,0.000484
2024-03-05,4.1388,0.000459
2024-03-06,4.1363,-0.000604
2024-03-07,4.1087,-0.006673
2024-03-08,4.1263,0.004284
2024-03-11,4.1646,0.009282
2024-03-12,4.1881,0.005643
2024-03-13,4.1781,-0.002388
2024-03-14,4.1722,-0.001412
2024-03-15,4.1694,-0.000671
2024-03-18,4.1837,0.00343
2024-03-19,4.1677,-0.003824
2024-03-20,4.1628,-0.001176
2024-03-21,4.1466,-0.003892
2024-03-22,4.1231,-0.005667
2024-03-25,4.1067,-0.003978
2024-03-26,4.1072,0.000122
2024-03-27,4.0836,-0.005746
2024-03-28,4.0918,0.002008
2024-03-29,4.0913,-0.000122
2024-04-01,4.1187,0.006697
2024-04-02,4.1148,-0.000947
2024-04-03,4.1001,-0.003572
2024-04-08,4.0733,-0.006536
2024-04-09,4.0888,0.003805
2024-04-10,4.0674,-0.005234
2024-04-11,4.0545,-0.003172
2024-04-12,4.0485,-0.00148
2024-04-15,4.0702,0.00536
2024-04-16,4.0398,-0.007469
2024-04-17,4.063,0.005743
2024-04-18,4.0618,-0.000295
2024-04-19,4.0422,-0.004825
2024-04-22,4.0528,0.002622
2024-04-23,4.063,0.002517
2024-04-24,4.0729,0.002437
2024-04-25,4.0714,-0.000368
2024-04-26,4.0993,0.006853
2024-04-29,4.1555,0.01371
2024-04-30,4.1479,-0.001829
2024-05-06,4.1817,0.008149
2024-05-07,4.177,-0.001124
2024-05-08,4.1555,-0.005147
2024-05-09,4.1741,0.004476
2024-05-10,4.1602,-0.00333
2024-05-13,4.1515,-0.002091
2024-05-14,4.1515,0.0
2024-05-15,4.1344,-0.004119
2024-05-16,4.1292,-0.001258
2024-05-17,4.1315,0.000557
2024-05-20,4.1324,0.000218
2024-05-21,4.1157,-0.004041
2024-05-22,4.1194,0.000899
2024-05-23,4.0976,-0.005292
2024-05-24,4.0718,-0.006296
2024-05-27,4.0822,0.002554
2024-05-28,4.0689,-0.003258
2024-05-29,4.0645,-0.001081
2024-05-30,4.0711,0.001624
2024-05-31,4.0667,-0.001081
2024-06-03,4.0701,0.000836
2024-06-04,4.0821,0.002948
2024-06-05,4.0917,0.002352
2024-06-06,4.081,-0.002615
2024-06-07,4.0741,-0.001691
2024-06-11,4.0782,0.001006
2024-06-12,4.0761,-0.000515
2024-06-13,4.0748,-0.000319
2024-06-14,4.0768,0.000491
2024-06-17,4.0871,0.002526
2024-06-18,4.078,-0.002227
2024-06-19,4.0539,-0.00591
2024-06-20,4.0517,-0.000543
2024-06-21,4.0434,-0.002049
2024-06-24,4.0317,-0.002894
2024-06-25,4.0091,-0.005606
2024-06-26,4.025,0.003966
2024-06-27,4.0054,-0.00487
2024-06-28,3.9936,-0.002946
2024-06-30,3.9934,-5e-05
2024-07-01,3.9883,-0.001277
2024-07-02,3.9758,-0.003134
2024-07-03,3.9672,-0.002163
2024-07-04,3.9514,-0.003983
2024-07-05,3.9579,0.001645
2024-07-08,3.9385,-0.004902
2024-07-09,3.952,0.003428
2024-07-10,3.9439,-0.00205
2024-07-11,3.9693,0.00644
2024-07-12,3.978,0.002192
2024-07-15,3.9769,-0.000277
2024-07-16,3.9927,0.003973
2024-07-17,4.0057,0.003256
2024-07-18,4.0169,0.002796
2024-07-19,4.0361,0.00478
2024-07-22,4.028,-0.002007
2024-07-23,3.9818,-0.01147
2024-07-24,3.9561,-0.006454
2024-07-25,3.9625,0.001618
2024-07-26,3.9655,0.000757
2024-07-29,3.9419,-0.005951
2024-07-30,3.9377,-0.001065
2024-07-31,3.9863,0.012342
2024-08-01,3.9725,-0.003462
2024-08-02,3.962,-0.002643
2024-08-05,3.9404,-0.005452
2024-08-06,3.9627,0.005659
2024-08-07,3.959,-0.000934
2024-08-08,3.9618,0.000707
2024-08-09,3.9514,-0.002625
2024-08-12,3.952,0.000152
2024-08-13,3.9505,-0.00038
2024-08-14,3.9221,-0.007189
2024-08-15,3.9255,0.000867
2024-08-16,3.9232,-0.000586
2024-08-19,3.9194,-0.000969
2024-08-20,3.896,-0.00597
2024-08-21,3.8831,-0.003311
2024-08-22,3.8706,-0.003219
2024-08-23,3.869,-0.000413
2024-08-26,3.8659,-0.000801
2024-08-27,3.8614,-0.001164
2024-08-28,3.8549,-0.001683
2024-08-29,3.8855,0.007938
2024-08-30,3.9265,0.010552
2024-09-02,3.8882,-0.009754
2024-09-03,3.8987,0.0027
2024-09-04,3.8992,0.000128
2024-09-05,3.9095,0.002642
2024-09-06,3.8848,-0.006318
2024-09-09,3.8818,-0.000772
2024-09-10,3.8931,0.002911
2024-09-11,3.9036,0.002697
2024-09-12,3.8877,-0.004073
2024-09-13,3.869,-0.00481
2024-09-18,3.8659,-0.000801
2024-09-19,3.8749,0.002328
2024-09-20,3.8693,-0.001445
2024-09-23,3.8541,-0.003928
2024-09-24,3.9007,0.012091
2024-09-25,3.9048,0.001051
2024-09-26,3.9644,0.015263
2024-09-27,4.0642,0.025174
2024-09-30,4.2418,0.043699
2024-10-08,4.415,0.040832
2024-10-09,4.2754,-0.031619
2024-10-10,4.2538,-0.005052
2024-10-11,4.1756,-0.018384
2024-10-14,4.193,0.004167
2024-10-15,4.1525,-0.009659
2024-10-16,4.1325,-0.004816
2024-10-17,4.1253,-0.001742
2024-10-18,4.2149,0.02172
2024-10-21,4.2271,0.002894
2024-10-22,4.2188,-0.001964
2024-10-23,4.222,0.000759
2024-10-24,4.2085,-0.003198
2024-10-25,4.2403,0.007556
2024-10-28,4.2318,-0.002005
2024-10-29,4.2129,-0.004466
2024-10-30,4.193,-0.004724
2024-10-31,4.2013,0.001979
2024-11-01,4.1997,-0.000381
2024-11-04,4.2307,0.007381
2024-11-05,4.2793,0.011487
2024-11-06,4.2692,-0.00236
2024-11-07,4.3039,0.008128
2024-11-08,4.307,0.00072
2024-11-11,4.3369,0.006942
2024-11-12,4.3291,-0.001799
2024-11-13,4.3218,-0.001686
2024-11-14,4.27,-0.011986
2024-11-15,4.2308,-0.00918
2024-11-18,4.2084,-0.005295
2024-11-19,4.2386,0.007176
2024-11-20,4.2479,0.002194
2024-11-21,4.2438,-0.000965
2024-11-22,4.1835,-0.014209
2024-11-25,4.1825,-0.000239
2024-11-26,4.182,-0.00012
2024-11-27,4.2111,0.006958
2024-11-28,4.1918,-0.004583
2024-11-29,4.2084,0.00396
2024-12-02,4.2209,0.00297
2024-12-03,4.2084,-0.002961
2024-12-04,4.1942,-0.003374
2024-12-05,4.1874,-0.001621
2024-12-06,4.2158,0.006782
2024-12-09,4.2048,-0.002609
2024-12-10,4.2072,0.000571
2024-12-11,4.2094,0.000523
2024-12-12,4.2219,0.00297
2024-12-13,4.1862,-0.008456
2024-12-16,4.1643,-0.005231
2024-12-17,4.1612,-0.000744
2024-12-18,4.164,0.000673
2024-12-19,4.1628,-0.000288
2024-12-20,4.1618,-0.00024
2024-12-23,4.1474,-0.00346
2024-12-24,4.1602,0.003086
2024-12-25,4.1491,-0.002668
2024-12-26,4.1537,0.001109
2024-12-27,4.1452,-0.002046
2024-12-30,4.1445,-0.000169
2024-12-31,4.1179,-0.006418
2025-01-02,4.0841,-0.008208
2025-01-03,4.0712,-0.003159
2025-01-06,4.0669,-0.001056
2025-01-07,4.0721,0.001279
2025-01-08,4.0743,0.00054
2025-01-09,4.0738,-0.000123
2025-01-10,4.0642,-0.002357
2025-01-13,4.063,-0.000295
2025-01-14,4.0973,0.008442
2025-01-15,4.0898,-0.00183
2025-01-16,4.0859,-0.000954
2025-01-17,4.1067,0.005091
2025-01-20,4.1094,0.000657
2025-01-21,4.1074,-0.000487
2025-01-22,4.0957,-0.002849
2025-01-23,4.0917,-0.000977
2025-01-24,4.1,0.002028
2025-01-27,4.0964,-0.000878
2025-02-05,4.0849,-0.002807
2025-02-06,4.107,0.00541
2025-02-07,4.1227,0.003823
2025-02-10,4.1273,0.001116
2025-02-11,4.1211,-0.001502
2025-02-12,4.1292,0.001965
2025-02-13,4.1248,-0.001066
2025-02-14,4.1332,0.002036
2025-02-17,4.1324,-0.000194
2025-02-18,4.1217,-0.002589
2025-02-19,4.1329,0.002717
2025-02-20,4.1346,0.000411
2025-02-21,4.1467,0.002927
2025-02-24,4.144,-0.000651
2025-02-25,4.1336,-0.00251
2025-02-26,4.143,0.002274
2025-02-27,4.1508,0.001883
2025-02-28,4.1327,-0.004361
2025-03-03,4.1472,0.003509
2025-03-04,4.1412,-0.001447
2025-03-05,4.1322,-0.002173
2025-03-06,4.1444,0.002952
2025-03-07,4.1422,-0.000531
2025-03-10,4.1361,-0.001473
2025-03-11,4.1385,0.00058
2025-03-12,4.1273,-0.002706
2025-03-13,4.1172,-0.002447
2025-03-14,4.142,0.006024
2025-03-17,4.1339,-0.001956
2025-03-18,4.1428,0.002153
2025-03-19,4.1393,-0.000845
2025-03-20,4.1408,0.000362
2025-03-21,4.1126,-0.00681
2025-03-24,4.1276,0.003647
2025-03-25,4.1234,-0.001018
2025-03-26,4.117,-0.001552
2025-03-27,4.1293,0.002988
2025-03-28,4.1175,-0.002858
2025-03-31,4.1065,-0.002672
2025-04-01,4.1123,0.001412
2025-04-02,4.119,0.001629
2025-04-03,4.1018,-0.004176
2025-04-07,3.9839,-0.028743
2025-04-08,4.0098,0.006501
2025-04-09,4.0263,0.004115
2025-04-10,4.053,0.006631
2025-04-11,4.0616,0.002122
2025-04-14,4.0706,0.002216
2025-04-15,4.0684,-0.00054
2025-04-16,4.0582,-0.002507
2025-04-17,4.0603,0.000517
2025-04-18,4.0571,-0.000788
2025-04-21,4.0866,0.007271
2025-04-22,4.0817,-0.001199
2025-04-23,4.0841,0.000588
2025-04-24,4.0897,0.001371
2025-04-25,4.0891,-0.000147
2025-04-28,4.0797,-0.002299
2025-04-29,4.0743,-0.001324
2025-04-30,4.0849,0.002602
2025-05-06,4.0978,0.003158
2025-05-07,4.1003,0.00061
2025-05-08,4.1054,0.001244
2025-05-09,4.1005,-0.001194
2025-05-12,4.1099,0.002292
2025-05-13,4.1054,-0.001095
2025-05-14,4.1113,0.001437
2025-05-15,4.0952,-0.003916
2025-05-16,4.1005,0.001294
2025-05-19,4.1049,0.001073
2025-05-20,4.1126,0.001876
2025-05-21,4.1173,0.001143
2025-05-22,4.1049,-0.003012
2025-05-23,4.0925,-0.003021
2025-05-26,4.081,-0.00281
2025-05-27,4.0773,-0.000907
2025-05-28,4.0777,9.8e-05
2025-05-29,4.09,0.003016
2025-05-30,4.0866,-0.000831
2025-06-03,4.0949,0.002031
2025-06-04,4.1032,0.002027
2025-06-05,4.1005,-0.000658
2025-06-06,4.0967,-0.000927
2025-06-09,4.1003,0.000879
2025-06-10,4.0945,-0.001415
2025-06-11,4.0976,0.000757
2025-06-12,4.0986,0.000244
2025-06-13,4.0839,-0.003587
2025-06-16,4.077,-0.00169
2025-06-17,4.0691,-0.001938
2025-06-18,4.0689,-4.9e-05
2025-06-19,4.0599,-0.002212
2025-06-20,4.0528,-0.001749
2025-06-23,4.0652,0.00306
2025-06-24,4.0922,0.006642
2025-06-25,4.1118,0.00479
2025-06-26,4.1006,-0.002724
2025-06-27,4.0993,-0.000317
2025-06-30,4.1108,0.002805
2025-07-01,4.1091,-0.000414
2025-07-02,4.0924,-0.004064
2025-07-03,4.1082,0.003861
2025-07-04,4.104,-0.001022
2025-07-07,4.0973,-0.001633
2025-07-08,4.1049,0.001855
2025-07-09,4.106,0.000268
2025-07-10,4.101,-0.001218
2025-07-11,4.1162,0.003706
2025-07-14,4.1128,-0.000826
2025-07-15,4.1119,-0.000219
2025-07-16,4.1076,-0.001046
2025-07-17,4.1238,0.003944
2025-07-18,4.1356,0.002861
2025-07-21,4.1417,0.001475
2025-07-22,4.1477,0.001449
2025-07-23,4.1466,-0.000265
2025-07-24,4.1602,0.00328
2025-07-25,4.1748,0.003509
2025-07-28,4.1741,-0.000168
2025-07-29,4.1884,0.003426
2025-07-30,4.1643,-0.005754
2025-07-31,4.1415,-0.005475
2025-08-01,4.1349,-0.001594
2025-08-04,4.1471,0.00295
2025-08-05,4.1506,0.000844
2025-08-06,4.1543,0.000891
2025-08-07,4.1434,-0.002624
2025-08-08,4.1322,-0.002703
2025-08-11,4.1548,0.005469
2025-08-12,4.1683,0.003249
2025-08-13,4.1867,0.004414
2025-08-14,4.1964,0.002317
2025-08-15,4.2188,0.005338
2025-08-18,4.2266,0.001849
2025-08-19,4.2165,-0.00239
2025-08-20,4.2442,0.006569
2025-08-21,4.2523,0.001908
2025-08-22,4.3235,0.016744
2025-08-25,4.3735,0.011565
2025-08-26,4.3605,-0.002972
2025-08-27,4.3384,-0.005068
2025-08-28,4.3821,0.010073
2025-08-29,4.402,0.004541
2025-09-01,4.4279,0.005884
2025-09-02,4.4074,-0.00463
2025-09-03,4.4058,-0.000363
2025-09-04,4.3495,-0.012779
2025-09-05,4.4248,0.017312
2025-09-08,4.4368,0.002712
2025-09-09,4.4166,-0.004553
2025-09-10,4.414,-0.000589
2025-09-11,4.4638,0.011282
2025-09-12,4.476,0.002733
2025-09-15,4.5081,0.007172
2025-09-16,4.5142,0.001353
2025-09-17,4.5246,0.002304
2025-09-18,4.5056,-0.004199
2025-09-19,4.4996,-0.001332
2025-09-22,4.5204,0.004623
2025-09-23,4.4988,-0.004778
2025-09-24,4.543,0.009825
2025-09-25,4.565,0.004843
2025-09-26,4.5429,-0.004841
2025-09-29,4.5907,0.010522
2025-09-30,4.6341,0.009454
2025-10-09,4.6523,0.003927
2025-10-10,4.575,-0.016615
2025-10-13,4.58,0.001093
2025-10-14,4.5284,-0.011266
2025-10-15,4.5552,0.005918
2025-10-16,4.5557,0.00011
2025-10-17,4.5216,-0.007485
2025-10-20,4.5268,0.00115
2025-10-21,4.552,0.005567
2025-10-22,4.5432,-0.001933
2025-10-23,4.5474,0.000924
2025-10-24,4.581,0.007389
2025-10-27,4.5952,0.0031
2025-10-28,4.5947,-0.000109
2025-10-29,4.6163,0.004701
2025-10-30,4.6084,-0.001711
2025-10-31,4.6141,0.001237
2025-11-03,4.6091,-0.001084
2025-11-04,4.5812,-0.006053
2025-11-05,4.5925,0.002467
2025-11-06,4.62,0.005988
2025-11-07,4.6162,-0.000823
2025-11-10,4.6205,0.000932
2025-11-11,4.6092,-0.002446
2025-11-12,4.6048,-0.000955
2025-11-13,4.6536,0.010598
2025-11-14,4.6172,-0.007822
2025-11-17,4.6224,0.001126
2025-11-18,4.6028,-0.00424
2025-11-19,4.6011,-0.000369
2025-11-20,4.5903,-0.002347
2025-11-21,4.5415,-0.010631
2025-11-24,4.539,-0.00055
2025-11-25,4.5469,0.00174
2025-11-26,4.5559,0.001979
2025-11-27,4.5576,0.000373
2025-11-28,4.5687,0.002435
2025-12-01,4.5807,0.002627
2025-12-02,4.5628,-0.003908
2025-12-03,4.5476,-0.003331
2025-12-04,4.5533,0.001253
2025-12-05,4.5609,0.001669
2025-12-08,4.5736,0.002785
2025-12-09,4.5581,-0.003389
2025-12-10,4.5581,0.0
2025-12-11,4.5505,-0.001667
2025-12-12,4.5544,0.000857
2025-12-15,4.5412,-0.002898
2025-12-16,4.5287,-0.002753
2025-12-17,4.5517,0.005079
2025-12-18,4.54,-0.00257
2025-12-19,4.551,0.002423
2025-12-22,4.5626,0.002549
2025-12-23,4.5706,0.001753
2025-12-24,4.5736,0.000656
2025-12-25,4.5755,0.000415
2025-12-26,4.582,0.001421
2025-12-29,4.5593,-0.004954
2025-12-30,4.5593,0.0
2025-12-31,4.5488,-0.002303
2026-01-05,4.5864,0.008266
2026-01-06,4.6067,0.004426
2026-01-07,4.6082,0.000326
2026-01-08,4.6089,0.000152
2026-01-09,4.6165,0.001649
2026-01-12,4.6243,0.00169
2026-01-13,4.6048,-0.004217
2026-01-14,4.6038,-0.000217
2026-01-15,4.6043,0.000109
2026-01-16,4.6123,0.001738
2026-01-19,4.6219,0.002081
2026-01-20,4.6075,-0.003116
2026-01-21,4.6378,0.006576
2026-01-22,4.6366,-0.000259
2026-01-23,4.6216,-0.003235
2026-01-26,4.6038,-0.003851
2026-01-27,4.6074,0.000782
2026-01-28,4.6101,0.000586
2026-01-29,4.6042,-0.00128
2026-01-30,4.5976,-0.001433
2026-02-02,4.541,-0.012311
2026-02-03,4.556,0.003303
2026-02-04,4.5647,0.00191
2026-02-05,4.5618,-0.000635
2026-02-06,4.5544,-0.001622
2026-02-09,4.5734,0.004172
2026-02-10,4.5733,-2.2e-05
2026-02-11,4.5603,-0.002843
2026-02-12,4.5731,0.002807
2026-02-13,4.5679,-0.001137
2026-02-24,4.5689,0.000219
2026-02-25,4.5728,0.000854
2026-02-26,4.5758,0.000656
2026-02-27,4.5755,-6.6e-05
2026-03-02,4.5697,-0.001268
2026-03-03,4.5265,-0.009454
2026-03-04,4.5152,-0.002496
2026-03-05,4.527,0.002613
2026-03-06,4.5351,0.001789
2026-03-09,4.5157,-0.004278
2026-03-10,4.5305,0.003277
2026-03-11,4.5262,-0.000949
2026-03-12,4.5191,-0.001569
2026-03-13,4.5148,-0.000952
2026-03-16,4.524,0.002038
2026-03-17,4.5181,-0.001304
2026-03-18,4.5162,-0.000421
2026-03-19,4.4944,-0.004827
2026-03-20,4.4838,-0.002358
2026-03-23,4.4373,-0.010371
2026-03-24,4.4544,0.003854
2026-03-25,4.4723,0.004018
2026-03-26,4.4527,-0.004383
2026-03-27,4.4662,0.003032
2026-03-30,4.4633,-0.000649
2026-03-31,4.4492,-0.003159
2026-04-01,4.486,0.008271
2026-04-02,4.4757,-0.002296
2026-04-03,4.4618,-0.003106
2026-04-07,4.4622,9e-05
2026-04-08,4.5023,0.008987
2026-04-09,4.4905,-0.002621
2026-04-10,4.5159,0.005656
2026-04-13,4.5206,0.001041
2026-04-14,4.537,0.003628
2026-04-15,4.5412,0.000926
2026-04-16,4.5669,0.005659
2026-04-17,4.5635,-0.000744
2026-04-20,4.5704,0.001512
2026-04-21,4.5699,-0.000109
2026-04-22,4.5949,0.005471
2026-04-23,4.5907,-0.000914
2026-04-24,4.5871,-0.000784
2026-04-27,4.5922,0.001112
2026-04-28,4.5819,-0.002243
2026-04-29,4.5934,0.00251
2026-04-30,4.602,0.001872
2026-05-06,4.631,0.006302
2026-05-07,4.6384,0.001598
2026-05-08,4.6224,-0.003449
2026-05-11,4.6606,0.008264
2026-05-12,4.6623,0.000365
2026-05-13,4.6734,0.002381
2026-05-14,4.6427,-0.006569
2026-05-15,4.6325,-0.002197
2026-05-18,4.628,-0.000971
2026-05-19,4.6482,0.004365
2026-05-20,4.6631,0.003206
2026-05-21,4.6464,-0.003581
2026-05-22,4.6592,0.002755
2026-05-25,4.691,0.006825
2026-05-26,4.692,0.000213
2026-05-27,4.6773,-0.003133
2026-05-28,4.6786,0.000278
2026-05-29,4.6562,-0.004788
2026-06-01,4.6344,-0.004682
2026-06-02,4.6462,0.002546
2026-06-03,4.6501,0.000839
2026-06-04,4.6352,-0.003204
2026-06-05,4.6055,-0.006407
2026-06-08,4.5721,-0.007252
2026-06-09,4.5913,0.004199
2026-06-10,4.5829,-0.00183
2026-06-11,4.582,-0.000196
2026-06-12,4.5966,0.003186
2026-06-15,4.6128,0.003524
2026-06-16,4.6111,-0.000369
2026-06-17,4.6236,0.002711
2026-06-18,4.6241,0.000108
2026-06-22,4.6545,0.006574
2026-06-23,4.6374,-0.003674
2026-06-24,4.6499,0.002695
2026-06-25,4.6636,0.002946
2026-06-26,4.6288,-0.007462
2026-06-29,4.6717,0.009268
2026-06-30,4.6859,0.00304
2026-07-01,4.6896,0.00079
2026-07-02,4.6555,-0.007271
2026-07-03,4.6607,0.001117
2026-07-06,4.6626,0.000408
2026-07-07,4.6303,-0.006927
2026-07-08,4.6091,-0.004579
2026-07-09,4.6417,0.007073
2026-07-10,4.6283,-0.002887
2026-07-13,4.5983,-0.006482
2026-07-14,4.6052,0.001501
2026-07-15,4.6084,0.000695
2026-07-16,4.5917,-0.003624
2026-07-17,4.5381,-0.011673
2026-07-20,4.5699,0.007007
2026-07-21,4.5957,0.005646
2026-07-22,4.6074,0.002546
2026-07-23,4.6187,0.002453
2026-07-24,4.5753,-0.009397
2026-07-27,4.6148,0.008633
2026-07-28,4.5886,-0.005677
2026-07-29,4.6023,0.002986
2026-07-30,4.5858,-0.003585
2026-07-31,4.5869,0.00024
2026-08-03,4.5662,-0.004513
2026-08-04,4.5758,0.002102
2026-08-05,4.603,0.005944
2026-08-06,4.6037,0.000152
2026-08-07,4.6319,0.006126
2026-08-10,4.6467,0.003195
2026-08-11,4.6184,-0.00609
2026-08-12,4.6217,0.000715
2026-08-13,4.6207,-0.000216
2026-08-14,4.6184,-0.000498
2026-08-17,4.6501,0.006864
2026-08-18,4.646,-0.000882
2026-08-19,4.6038,-0.009083
2026-08-20,4.6249,0.004583
2026-08-21,4.6246,-6.5e-05
2026-08-24,4.5949,-0.006422
2026-08-25,4.5966,0.00037
2026-08-26,4.6059,0.002023
2026-08-27,4.6253,0.004212
2026-08-28,4.6261,0.000173
2026-08-31,4.6425,0.003545
2026-09-01,4.6368,-0.001228
2026-09-02,4.6197,-0.003688
2026-09-03,4.6312,0.002489
2026-09-04,4.6187,-0.002699
2026-09-07,4.6141,-0.000996
2026-09-08,4.6234,0.002016
2026-09-09,4.632,0.00186
2026-09-10,4.6197,-0.002655
2026-09-11,4.5945,-0.005455
2026-09-14,4.5912,-0.000718
2026-09-15,4.5761,-0.003289
2026-09-16,4.5829,0.001486
2026-09-17,4.5829,0.0
2026-09-18,4.5994,0.0036
2026-09-21,4.6151,0.003413
2026-09-22,4.6131,-0.000433
2026-09-23,4.6129,-4.3e-05
2026-09-24,4.5793,-0.007284
2026-09-28,4.5501,-0.006377
2026-09-29,4.553,0.000637
2026-09-30,4.5626,0.002108
