净值日期,累计净值,daily_return
2003-07-09,1.0,
2003-07-14,1.0,0.0
2003-07-15,1.0,0.0
2003-07-16,1.0,0.0
2003-07-17,1.001,0.001
2003-07-18,1.0,-0.000999
2003-07-21,1.001,0.001
2003-07-22,1.0,-0.000999
2003-07-23,1.0,0.0
2003-07-24,0.999,-0.001
2003-07-25,0.996,-0.003003
2003-07-28,0.995,-0.001004
2003-07-29,0.997,0.00201
2003-07-30,0.999,0.002006
2003-07-31,0.999,0.0
2003-08-01,0.999,0.0
2003-08-04,1.003,0.004004
2003-08-05,1.002,-0.000997
2003-08-06,0.998,-0.003992
2003-08-07,0.998,0.0
2003-08-08,0.992,-0.006012
2003-08-11,0.993,0.001008
2003-08-12,0.995,0.002014
2003-08-13,0.99,-0.005025
2003-08-14,0.984,-0.006061
2003-08-15,0.982,-0.002033
2003-08-18,0.982,0.0
2003-08-19,0.984,0.002037
2003-08-20,0.982,-0.002033
2003-08-21,0.981,-0.001018
2003-08-22,0.982,0.001019
2003-08-25,0.978,-0.004073
2003-08-26,0.979,0.001022
2003-08-27,0.978,-0.001021
2003-08-28,0.976,-0.002045
2003-08-29,0.979,0.003074
2003-09-01,0.987,0.008172
2003-09-02,0.984,-0.00304
2003-09-03,0.982,-0.002033
2003-09-04,0.982,0.0
2003-09-05,0.976,-0.00611
2003-09-08,0.975,-0.001025
2003-09-09,0.971,-0.004103
2003-09-10,0.972,0.00103
2003-09-11,0.974,0.002058
2003-09-12,0.972,-0.002053
2003-09-15,0.969,-0.003086
2003-09-16,0.97,0.001032
2003-09-17,0.964,-0.006186
2003-09-18,0.964,0.0
2003-09-19,0.964,0.0
2003-09-22,0.959,-0.005187
2003-09-23,0.96,0.001043
2003-09-24,0.961,0.001042
2003-09-25,0.956,-0.005203
2003-09-26,0.957,0.001046
2003-09-29,0.954,-0.003135
2003-09-30,0.961,0.007338
2003-10-08,0.963,0.002081
2003-10-09,0.962,-0.001038
2003-10-10,0.975,0.013514
2003-10-13,0.974,-0.001026
2003-10-14,0.97,-0.004107
2003-10-15,0.968,-0.002062
2003-10-16,0.962,-0.006198
2003-10-17,0.966,0.004158
2003-10-20,0.964,-0.00207
2003-10-21,0.966,0.002075
2003-10-22,0.983,0.017598
2003-10-23,0.979,-0.004069
2003-10-24,0.98,0.001021
2003-10-27,0.979,-0.00102
2003-10-28,0.988,0.009193
2003-10-29,0.995,0.007085
2003-10-30,0.99,-0.005025
2003-10-31,0.989,-0.00101
2003-11-03,0.997,0.008089
2003-11-04,1.013,0.016048
2003-11-05,1.014,0.000987
2003-11-06,1.01,-0.003945
2003-11-07,0.997,-0.012871
2003-11-10,1.003,0.006018
2003-11-11,0.998,-0.004985
2003-11-12,0.987,-0.011022
2003-11-13,0.984,-0.00304
2003-11-14,0.989,0.005081
2003-11-17,0.985,-0.004044
2003-11-18,0.98,-0.005076
2003-11-19,0.986,0.006122
2003-11-20,0.996,0.010142
2003-11-21,0.993,-0.003012
2003-11-24,1.007,0.014099
2003-11-25,1.007,0.0
2003-11-26,1.01,0.002979
2003-11-27,1.003,-0.006931
2003-11-28,1.008,0.004985
2003-12-01,1.025,0.016865
2003-12-02,1.025,0.0
2003-12-03,1.028,0.002927
2003-12-04,1.029,0.000973
2003-12-05,1.027,-0.001944
2003-12-08,1.019,-0.00779
2003-12-09,1.023,0.003925
2003-12-10,1.034,0.010753
2003-12-11,1.033,-0.000967
2003-12-12,1.033,0.0
2003-12-15,1.034,0.000968
2003-12-16,1.034,0.0
2003-12-17,1.031,-0.002901
2003-12-18,1.039,0.007759
2003-12-19,1.047,0.0077
2003-12-22,1.062,0.014327
2003-12-23,1.067,0.004708
2003-12-24,1.08,0.012184
2003-12-25,1.077,-0.002778
2003-12-26,1.073,-0.003714
2003-12-29,1.065,-0.007456
2003-12-30,1.071,0.005634
2003-12-31,1.063,-0.00747
2004-01-02,1.072,0.008467
2004-01-05,1.109,0.034515
2004-01-06,1.117,0.007214
2004-01-07,1.123,0.005372
2004-01-08,1.138,0.013357
2004-01-09,1.123,-0.013181
2004-01-12,1.15,0.024043
2004-01-13,1.139,-0.009565
2004-01-14,1.126,-0.011414
2004-01-15,1.122,-0.003552
2004-01-16,1.125,0.002674
2004-01-29,1.135,0.008889
2004-01-30,1.113,-0.019383
2004-02-02,1.128,0.013477
2004-02-03,1.139,0.009752
2004-02-04,1.156,0.014925
2004-02-05,1.157,0.000865
2004-02-06,1.151,-0.005186
2004-02-09,1.16,0.007819
2004-02-10,1.149,-0.009483
2004-02-11,1.138,-0.009574
2004-02-12,1.127,-0.009666
2004-02-13,1.132,0.004437
2004-02-16,1.151,0.016784
2004-02-17,1.154,0.002606
2004-02-18,1.164,0.008666
2004-02-19,1.162,-0.001718
2004-02-20,1.163,0.000861
2004-02-23,1.14,-0.019776
2004-02-24,1.151,0.009649
2004-02-25,1.139,-0.010426
2004-02-26,1.157,0.015803
2004-02-27,1.162,0.004322
2004-03-01,1.17,0.006885
2004-03-02,1.166,-0.003419
2004-03-03,1.152,-0.012007
2004-03-04,1.154,0.001736
2004-03-05,1.151,-0.0026
2004-03-08,1.148,-0.002606
2004-03-09,1.155,0.006098
2004-03-10,1.174,0.01645
2004-03-11,1.179,0.004259
2004-03-12,1.185,0.005089
2004-03-15,1.21,0.021097
2004-03-16,1.214,0.003306
2004-03-17,1.214,0.0
2004-03-18,1.197,-0.014003
2004-03-19,1.213,0.013367
2004-03-22,1.213,0.0
2004-03-23,1.201,-0.009893
2004-03-24,1.203,0.001665
2004-03-25,1.204,0.000831
2004-03-26,1.202,-0.001661
2004-03-29,1.19,-0.009983
2004-03-30,1.189,-0.00084
2004-03-31,1.197,0.006728
2004-04-01,1.209,0.010025
2004-04-02,1.216,0.00579
2004-04-05,1.213,-0.002467
2004-04-06,1.214,0.000824
2004-04-07,1.212,-0.001647
2004-04-08,1.21,-0.00165
2004-04-09,1.19,-0.016529
2004-04-12,1.184,-0.005042
2004-04-13,1.177,-0.005912
2004-04-14,1.169,-0.006797
2004-04-15,1.164,-0.004277
2004-04-16,1.177,0.011168
2004-04-19,1.174,-0.002549
2004-04-20,1.167,-0.005963
2004-04-21,1.153,-0.011997
2004-04-22,1.154,0.000867
2004-04-23,1.147,-0.006066
2004-04-26,1.153,0.005231
2004-04-27,1.15,-0.002602
2004-04-28,1.138,-0.010435
2004-04-29,1.121,-0.014938
2004-04-30,1.132,0.009813
2004-05-10,1.114,-0.015901
2004-05-11,1.113,-0.000898
2004-05-12,1.13,0.015274
2004-05-13,1.129,-0.000885
2004-05-14,1.115,-0.0124
2004-05-17,1.108,-0.006278
2004-05-18,1.104,-0.00361
2004-05-19,1.108,0.003623
2004-05-20,1.105,-0.002708
2004-05-21,1.113,0.00724
2004-05-24,1.111,-0.001797
2004-05-25,1.102,-0.008101
2004-05-26,1.108,0.005445
2004-05-27,1.121,0.011733
2004-05-28,1.121,0.0
2004-05-31,1.123,0.001784
2004-06-01,1.135,0.010686
2004-06-02,1.127,-0.007048
2004-06-03,1.118,-0.007986
2004-06-04,1.116,-0.001789
2004-06-07,1.106,-0.008961
2004-06-08,1.099,-0.006329
2004-06-09,1.092,-0.006369
2004-06-10,1.093,0.000916
2004-06-11,1.095,0.00183
2004-06-14,1.085,-0.009132
2004-06-15,1.094,0.008295
2004-06-16,1.104,0.009141
2004-06-17,1.088,-0.014493
2004-06-18,1.073,-0.013787
2004-06-21,1.07,-0.002796
2004-06-22,1.078,0.007477
2004-06-23,1.071,-0.006494
2004-06-24,1.065,-0.005602
2004-06-25,1.057,-0.007512
2004-06-28,1.051,-0.005676
2004-06-29,1.063,0.011418
2004-06-30,1.067,0.003763
2004-07-01,1.087,0.018744
2004-07-02,1.089,0.00184
2004-07-05,1.091,0.001837
2004-07-06,1.095,0.003666
2004-07-07,1.092,-0.00274
2004-07-08,1.093,0.000916
2004-07-09,1.09,-0.002745
2004-07-12,1.081,-0.008257
2004-07-13,1.084,0.002775
2004-07-14,1.088,0.00369
2004-07-15,1.103,0.013787
2004-07-16,1.117,0.012693
2004-07-19,1.121,0.003581
2004-07-20,1.117,-0.003568
2004-07-21,1.116,-0.000895
2004-07-22,1.099,-0.015233
2004-07-23,1.102,0.00273
2004-07-26,1.098,-0.00363
2004-07-27,1.094,-0.003643
2004-07-28,1.095,0.000914
2004-07-29,1.1,0.004566
2004-07-30,1.094,-0.005455
2004-08-02,1.084,-0.009141
2004-08-03,1.075,-0.008303
2004-08-04,1.092,0.015814
2004-08-05,1.082,-0.009158
2004-08-06,1.083,0.000924
2004-08-09,1.089,0.00554
2004-08-10,1.091,0.001837
2004-08-11,1.084,-0.006416
2004-08-12,1.08,-0.00369
2004-08-13,1.083,0.002778
2004-08-16,1.081,-0.001847
2004-08-17,1.085,0.0037
2004-08-18,1.086,0.000922
2004-08-19,1.085,-0.000921
2004-08-20,1.086,0.000922
2004-08-23,1.076,-0.009208
2004-08-24,1.078,0.001859
2004-08-25,1.075,-0.002783
2004-08-26,1.075,0.0
2004-08-27,1.067,-0.007442
2004-08-30,1.063,-0.003749
2004-08-31,1.072,0.008467
2004-09-01,1.063,-0.008396
2004-09-02,1.062,-0.000941
2004-09-03,1.061,-0.000942
2004-09-06,1.058,-0.002828
2004-09-07,1.058,0.0
2004-09-08,1.053,-0.004726
2004-09-09,1.043,-0.009497
2004-09-10,1.046,0.002876
2004-09-13,1.038,-0.007648
2004-09-14,1.051,0.012524
2004-09-15,1.071,0.019029
2004-09-16,1.073,0.001867
2004-09-17,1.092,0.017707
2004-09-20,1.112,0.018315
2004-09-21,1.106,-0.005396
2004-09-22,1.095,-0.009946
2004-09-23,1.125,0.027397
2004-09-24,1.121,-0.003556
2004-09-27,1.123,0.001784
2004-09-28,1.132,0.008014
2004-09-29,1.125,-0.006184
2004-09-30,1.123,-0.001778
2004-10-08,1.14,0.015138
2004-10-11,1.131,-0.007895
2004-10-12,1.112,-0.016799
2004-10-13,1.113,0.000899
2004-10-14,1.096,-0.015274
2004-10-15,1.101,0.004562
2004-10-18,1.098,-0.002725
2004-10-19,1.103,0.004554
2004-10-20,1.108,0.004533
2004-10-21,1.108,0.0
2004-10-22,1.122,0.012635
2004-10-25,1.118,-0.003565
2004-10-26,1.125,0.006261
2004-10-27,1.128,0.002667
2004-10-28,1.125,-0.00266
2004-10-29,1.119,-0.005333
2004-11-01,1.114,-0.004468
2004-11-02,1.111,-0.002693
2004-11-03,1.121,0.009001
2004-11-04,1.103,-0.016057
2004-11-05,1.103,0.0
2004-11-08,1.105,0.001813
2004-11-09,1.109,0.00362
2004-11-10,1.132,0.020739
2004-11-11,1.125,-0.006184
2004-11-12,1.125,0.0
2004-11-15,1.132,0.006222
2004-11-16,1.131,-0.000883
2004-11-17,1.126,-0.004421
2004-11-18,1.134,0.007105
2004-11-19,1.135,0.000882
2004-11-22,1.129,-0.005286
2004-11-23,1.117,-0.010629
2004-11-24,1.116,-0.000895
2004-11-25,1.117,0.000896
2004-11-26,1.117,0.0
2004-11-29,1.112,-0.004476
2004-11-30,1.11,-0.001799
2004-12-01,1.105,-0.004505
2004-12-02,1.097,-0.00724
2004-12-03,1.098,0.000912
2004-12-06,1.096,-0.001821
2004-12-07,1.093,-0.002737
2004-12-08,1.096,0.002745
2004-12-09,1.102,0.005474
2004-12-10,1.099,-0.002722
2004-12-13,1.097,-0.00182
2004-12-14,1.096,-0.000912
2004-12-15,1.1,0.00365
2004-12-16,1.099,-0.000909
2004-12-17,1.092,-0.006369
2004-12-20,1.081,-0.010073
2004-12-21,1.078,-0.002775
2004-12-22,1.09,0.011132
2004-12-23,1.084,-0.005505
2004-12-24,1.083,-0.000923
2004-12-27,1.08,-0.00277
2004-12-28,1.084,0.003704
2004-12-29,1.086,0.001845
2004-12-30,1.086,0.0
2004-12-31,1.089,0.002762
2005-01-04,1.076,-0.011938
2005-01-05,1.076,0.0
2005-01-06,1.071,-0.004647
2005-01-07,1.07,-0.000934
2005-01-10,1.075,0.004673
2005-01-11,1.078,0.002791
2005-01-12,1.079,0.000928
2005-01-13,1.08,0.000927
2005-01-14,1.078,-0.001852
2005-01-17,1.068,-0.009276
2005-01-18,1.067,-0.000936
2005-01-19,1.062,-0.004686
2005-01-20,1.058,-0.003766
2005-01-21,1.074,0.015123
2005-01-24,1.081,0.006518
2005-01-25,1.086,0.004625
2005-01-26,1.084,-0.001842
2005-01-27,1.08,-0.00369
2005-01-28,1.077,-0.002778
2005-01-31,1.077,0.0
2005-02-01,1.078,0.000929
2005-02-02,1.104,0.024119
2005-02-03,1.102,-0.001812
2005-02-04,1.114,0.010889
2005-02-16,1.116,0.001795
2005-02-17,1.108,-0.007168
2005-02-18,1.101,-0.006318
2005-02-21,1.114,0.011807
2005-02-22,1.124,0.008977
2005-02-23,1.118,-0.005338
2005-02-24,1.114,-0.003578
2005-02-25,1.118,0.003591
2005-02-28,1.114,-0.003578
2005-03-01,1.11,-0.003591
2005-03-02,1.104,-0.005405
2005-03-03,1.107,0.002717
2005-03-04,1.109,0.001807
2005-03-07,1.115,0.00541
2005-03-08,1.126,0.009865
2005-03-09,1.127,0.000888
2005-03-10,1.117,-0.008873
2005-03-11,1.125,0.007162
2005-03-14,1.14,0.013333
2005-03-15,1.129,-0.009649
2005-03-16,1.121,-0.007086
2005-03-17,1.116,-0.00446
2005-03-18,1.109,-0.006272
2005-03-21,1.113,0.003607
2005-03-22,1.119,0.005391
2005-03-23,1.113,-0.005362
2005-03-24,1.107,-0.005391
2005-03-25,1.108,0.000903
2005-03-28,1.113,0.004513
2005-03-29,1.109,-0.003594
2005-03-30,1.1,-0.008115
2005-03-31,1.104,0.003636
2005-04-01,1.123,0.01721
2005-04-04,1.122,-0.00089
2005-04-05,1.125,0.002674
2005-04-06,1.141,0.014222
2005-04-07,1.139,-0.001753
2005-04-08,1.143,0.003512
2005-04-11,1.127,-0.013998
2005-04-12,1.124,-0.002662
2005-04-13,1.133,0.008007
2005-04-14,1.129,-0.00353
2005-04-15,1.126,-0.002657
2005-04-18,1.117,-0.007993
2005-04-19,1.116,-0.000895
2005-04-20,1.112,-0.003584
2005-04-21,1.123,0.009892
2005-04-22,1.124,0.00089
2005-04-25,1.132,0.007117
2005-04-26,1.139,0.006184
2005-04-27,1.134,-0.00439
2005-04-28,1.141,0.006173
2005-04-29,1.132,-0.007888
2005-05-09,1.116,-0.014134
2005-05-10,1.113,-0.002688
2005-05-11,1.097,-0.014376
2005-05-12,1.079,-0.016408
2005-05-13,1.075,-0.003707
2005-05-16,1.069,-0.005581
2005-05-17,1.074,0.004677
2005-05-18,1.069,-0.004655
2005-05-19,1.07,0.000935
2005-05-20,1.073,0.002804
2005-05-23,1.06,-0.012116
2005-05-24,1.055,-0.004717
2005-05-25,1.053,-0.001896
2005-05-26,1.041,-0.011396
2005-05-27,1.029,-0.011527
2005-05-30,1.031,0.001944
2005-05-31,1.033,0.00194
2005-06-01,1.021,-0.011617
2005-06-02,0.99,-0.030362
2005-06-03,0.996,0.006061
2005-06-06,1.027,0.031124
2005-06-07,1.02,-0.006816
2005-06-08,1.078,0.056863
2005-06-09,1.079,0.000928
2005-06-10,1.063,-0.014829
2005-06-13,1.058,-0.004704
2005-06-14,1.054,-0.003781
2005-06-15,1.047,-0.006641
2005-06-16,1.059,0.011461
2005-06-17,1.061,0.001889
2005-06-20,1.084,0.021678
2005-06-21,1.076,-0.00738
2005-06-22,1.085,0.008364
2005-06-23,1.081,-0.003687
2005-06-24,1.083,0.00185
2005-06-27,1.096,0.012004
2005-06-28,1.088,-0.007299
2005-06-29,1.083,-0.004596
2005-06-30,1.074,-0.00831
2005-07-01,1.067,-0.006518
2005-07-04,1.07,0.002812
2005-07-05,1.067,-0.002804
2005-07-06,1.058,-0.008435
2005-07-07,1.059,0.000945
2005-07-08,1.054,-0.004721
2005-07-11,1.054,0.0
2005-07-12,1.072,0.017078
2005-07-13,1.069,-0.002799
2005-07-14,1.074,0.004677
2005-07-15,1.072,-0.001862
2005-07-18,1.07,-0.001866
2005-07-19,1.068,-0.001869
2005-07-20,1.075,0.006554
2005-07-21,1.075,0.0
2005-07-22,1.085,0.009302
2005-07-25,1.085,0.0
2005-07-26,1.096,0.010138
2005-07-27,1.108,0.010949
2005-07-28,1.102,-0.005415
2005-07-29,1.099,-0.002722
2005-08-01,1.101,0.00182
2005-08-02,1.107,0.00545
2005-08-03,1.107,0.0
2005-08-04,1.105,-0.001807
2005-08-05,1.117,0.01086
2005-08-08,1.11,-0.006267
2005-08-09,1.107,-0.002703
2005-08-10,1.11,0.00271
2005-08-11,1.128,0.016216
2005-08-12,1.113,-0.013298
2005-08-15,1.123,0.008985
2005-08-16,1.115,-0.007124
2005-08-17,1.121,0.005381
2005-08-18,1.105,-0.014273
2005-08-19,1.106,0.000905
2005-08-22,1.11,0.003617
2005-08-23,1.11,0.0
2005-08-24,1.113,0.002703
2005-08-25,1.108,-0.004492
2005-08-26,1.106,-0.001805
2005-08-29,1.101,-0.004521
2005-08-30,1.101,0.0
2005-08-31,1.112,0.009991
2005-09-01,1.12,0.007194
2005-09-02,1.12,0.0
2005-09-05,1.116,-0.003571
2005-09-06,1.106,-0.008961
2005-09-07,1.115,0.008137
2005-09-08,1.121,0.005381
2005-09-09,1.119,-0.001784
2005-09-12,1.119,0.0
2005-09-13,1.129,0.008937
2005-09-14,1.132,0.002657
2005-09-15,1.129,-0.00265
2005-09-16,1.124,-0.004429
2005-09-19,1.123,-0.00089
2005-09-20,1.118,-0.004452
2005-09-21,1.105,-0.011628
2005-09-22,1.097,-0.00724
2005-09-23,1.098,0.000912
2005-09-26,1.099,0.000911
2005-09-27,1.094,-0.00455
2005-09-28,1.096,0.001828
2005-09-29,1.105,0.008212
2005-09-30,1.104,-0.000905
2005-10-10,1.097,-0.006341
2005-10-11,1.103,0.005469
2005-10-12,1.107,0.003626
2005-10-13,1.099,-0.007227
2005-10-14,1.089,-0.009099
2005-10-17,1.086,-0.002755
2005-10-18,1.082,-0.003683
2005-10-19,1.083,0.000924
2005-10-20,1.086,0.00277
2005-10-21,1.088,0.001842
2005-10-24,1.091,0.002757
2005-10-25,1.082,-0.008249
2005-10-26,1.073,-0.008318
2005-10-27,1.074,0.000932
2005-10-28,1.069,-0.004655
2005-10-31,1.078,0.008419
2005-11-01,1.076,-0.001855
2005-11-02,1.079,0.002788
2005-11-03,1.07,-0.008341
2005-11-04,1.074,0.003738
2005-11-07,1.068,-0.005587
2005-11-08,1.069,0.000936
2005-11-09,1.073,0.003742
2005-11-10,1.066,-0.006524
2005-11-11,1.066,0.0
2005-11-14,1.06,-0.005629
2005-11-15,1.056,-0.003774
2005-11-16,1.058,0.001894
2005-11-17,1.056,-0.00189
2005-11-18,1.065,0.008523
2005-11-21,1.068,0.002817
2005-11-22,1.064,-0.003745
2005-11-23,1.067,0.00282
2005-11-24,1.068,0.000937
2005-11-25,1.069,0.000936
2005-11-28,1.066,-0.002806
2005-11-29,1.06,-0.005629
2005-11-30,1.056,-0.003774
2005-12-01,1.053,-0.002841
2005-12-02,1.054,0.00095
2005-12-05,1.052,-0.001898
2005-12-06,1.057,0.004753
2005-12-07,1.063,0.005676
2005-12-08,1.064,0.000941
2005-12-09,1.074,0.009398
2005-12-12,1.072,-0.001862
2005-12-13,1.071,-0.000933
2005-12-14,1.083,0.011204
2005-12-15,1.082,-0.000923
2005-12-16,1.085,0.002773
2005-12-19,1.086,0.000922
2005-12-20,1.089,0.002762
2005-12-21,1.089,0.0
2005-12-22,1.095,0.00551
2005-12-23,1.101,0.005479
2005-12-26,1.104,0.002725
2005-12-27,1.101,-0.002717
2005-12-28,1.105,0.003633
2005-12-29,1.125,0.0181
2005-12-30,1.119,-0.005333
2005-12-31,1.119,0.0
2006-01-04,1.137,0.016086
2006-01-05,1.151,0.012313
2006-01-06,1.161,0.008688
2006-01-09,1.158,-0.002584
2006-01-10,1.161,0.002591
2006-01-11,1.159,-0.001723
2006-01-12,1.162,0.002588
2006-01-13,1.153,-0.007745
2006-01-16,1.14,-0.011275
2006-01-17,1.144,0.003509
2006-01-18,1.154,0.008741
2006-01-19,1.16,0.005199
2006-01-20,1.161,0.000862
2006-01-23,1.161,0.0
2006-01-24,1.168,0.006029
2006-01-25,1.183,0.012842
2006-02-06,1.205,0.018597
2006-02-07,1.199,-0.004979
2006-02-08,1.189,-0.00834
2006-02-09,1.184,-0.004205
2006-02-10,1.186,0.001689
2006-02-13,1.184,-0.001686
2006-02-14,1.193,0.007601
2006-02-15,1.195,0.001676
2006-02-16,1.181,-0.011715
2006-02-17,1.177,-0.003387
2006-02-20,1.175,-0.001699
2006-02-21,1.186,0.009362
2006-02-22,1.185,-0.000843
2006-02-23,1.183,-0.001688
2006-02-24,1.191,0.006762
2006-02-27,1.201,0.008396
2006-02-28,1.206,0.004163
2006-03-01,1.215,0.007463
2006-03-02,1.209,-0.004938
2006-03-03,1.211,0.001654
2006-03-06,1.206,-0.004129
2006-03-07,1.182,-0.0199
2006-03-08,1.177,-0.00423
2006-03-09,1.168,-0.007647
2006-03-10,1.176,0.006849
2006-03-13,1.192,0.013605
2006-03-14,1.192,0.0
2006-03-15,1.207,0.012584
2006-03-16,1.208,0.000829
2006-03-17,1.202,-0.004967
2006-03-20,1.213,0.009151
2006-03-21,1.22,0.005771
2006-03-22,1.231,0.009016
2006-03-23,1.236,0.004062
2006-03-24,1.234,-0.001618
2006-03-27,1.24,0.004862
2006-03-28,1.255,0.012097
2006-03-29,1.258,0.00239
2006-03-30,1.249,-0.007154
2006-03-31,1.255,0.004804
2006-04-03,1.277,0.01753
2006-04-04,1.276,-0.000783
2006-04-05,1.285,0.007053
2006-04-06,1.293,0.006226
2006-04-07,1.29,-0.00232
2006-04-10,1.298,0.006202
2006-04-11,1.307,0.006934
2006-04-12,1.299,-0.006121
2006-04-13,1.274,-0.019246
2006-04-14,1.297,0.018053
2006-04-17,1.301,0.003084
2006-04-18,1.313,0.009224
2006-04-19,1.332,0.014471
2006-04-20,1.339,0.005255
2006-04-21,1.358,0.01419
2006-04-24,1.376,0.013255
2006-04-25,1.378,0.001453
2006-04-26,1.381,0.002177
2006-04-27,1.386,0.003621
2006-04-28,1.4,0.010101
2006-05-08,1.443,0.030714
2006-05-09,1.46,0.011781
2006-05-10,1.469,0.006164
2006-05-11,1.471,0.001361
2006-05-12,1.512,0.027872
2006-05-15,1.545,0.021825
2006-05-16,1.528,-0.011003
2006-05-17,1.511,-0.011126
2006-05-18,1.515,0.002647
2006-05-19,1.558,0.028383
2006-05-22,1.538,-0.012837
2006-05-23,1.509,-0.018856
2006-05-24,1.492,-0.011266
2006-05-25,1.487,-0.003351
2006-05-26,1.511,0.01614
2006-05-29,1.541,0.019854
2006-05-30,1.544,0.001947
2006-05-31,1.528,-0.010363
2006-06-01,1.556,0.018325
2006-06-02,1.56,0.002571
2006-06-05,1.564,0.002564
2006-06-06,1.558,-0.003836
2006-06-07,1.519,-0.025032
2006-06-08,1.512,-0.004608
2006-06-09,1.508,-0.002646
2006-06-12,1.529,0.013926
2006-06-13,1.517,-0.007848
2006-06-14,1.509,-0.005274
2006-06-15,1.515,0.003976
2006-06-16,1.533,0.011881
2006-06-19,1.555,0.014351
2006-06-20,1.562,0.004502
2006-06-21,1.548,-0.008963
2006-06-22,1.551,0.001938
2006-06-23,1.557,0.003868
2006-06-26,1.583,0.016699
2006-06-27,1.588,0.003159
2006-06-28,1.586,-0.001259
2006-06-29,1.601,0.009458
2006-06-30,1.598,-0.001874
2006-07-03,1.606,0.005006
2006-07-04,1.598,-0.004981
2006-07-05,1.592,-0.003755
2006-07-06,1.613,0.013191
2006-07-07,1.614,0.00062
2006-07-10,1.613,-0.00062
2006-07-11,1.622,0.00558
2006-07-12,1.618,-0.002466
2006-07-13,1.564,-0.033375
2006-07-14,1.583,0.012148
2006-07-17,1.593,0.006317
2006-07-18,1.587,-0.003766
2006-07-19,1.562,-0.015753
2006-07-20,1.575,0.008323
2006-07-21,1.579,0.00254
2006-07-24,1.6,0.0133
2006-07-25,1.612,0.0075
2006-07-26,1.619,0.004342
2006-07-27,1.604,-0.009265
2006-07-28,1.585,-0.011845
2006-07-31,1.548,-0.023344
2006-08-01,1.54,-0.005168
2006-08-02,1.525,-0.00974
2006-08-03,1.521,-0.002623
2006-08-04,1.499,-0.014464
2006-08-07,1.494,-0.003336
2006-08-08,1.52,0.017403
2006-08-09,1.525,0.003289
2006-08-10,1.535,0.006557
2006-08-11,1.536,0.000651
2006-08-14,1.513,-0.014974
2006-08-15,1.524,0.00727
2006-08-16,1.536,0.007874
2006-08-17,1.533,-0.001953
2006-08-18,1.534,0.000652
2006-08-21,1.533,-0.000652
2006-08-22,1.545,0.007828
2006-08-23,1.547,0.001294
2006-08-24,1.549,0.001293
2006-08-25,1.551,0.001291
2006-08-28,1.571,0.012895
2006-08-29,1.574,0.00191
2006-08-30,1.58,0.003812
2006-08-31,1.584,0.002532
2006-09-01,1.566,-0.011364
2006-09-04,1.595,0.018519
2006-09-05,1.603,0.005016
2006-09-06,1.596,-0.004367
2006-09-07,1.584,-0.007519
2006-09-08,1.583,-0.000631
2006-09-11,1.584,0.000632
2006-09-12,1.591,0.004419
2006-09-13,1.58,-0.006914
2006-09-14,1.579,-0.000633
2006-09-15,1.596,0.010766
2006-09-18,1.605,0.005639
2006-09-19,1.601,-0.002492
2006-09-20,1.605,0.002498
2006-09-21,1.612,0.004361
2006-09-22,1.612,0.0
2006-09-25,1.618,0.003722
2006-09-26,1.61,-0.004944
2006-09-27,1.619,0.00559
2006-09-28,1.637,0.011118
2006-09-29,1.646,0.005498
2006-09-30,1.646,0.0
2006-10-09,1.662,0.009721
2006-10-10,1.673,0.006619
2006-10-11,1.668,-0.002989
2006-10-12,1.632,-0.021583
2006-10-13,1.65,0.011029
2006-10-16,1.635,-0.009091
2006-10-17,1.626,-0.005505
2006-10-18,1.646,0.0123
2006-10-19,1.647,0.000608
2006-10-20,1.646,-0.000607
2006-10-23,1.623,-0.013973
2006-10-24,1.643,0.012323
2006-10-25,1.646,0.001826
2006-10-26,1.66,0.008505
2006-10-27,1.649,-0.006627
2006-10-30,1.651,0.001213
2006-10-31,1.662,0.006663
2006-11-01,1.67,0.004813
2006-11-02,1.666,-0.002395
2006-11-03,1.673,0.004202
2006-11-06,1.681,0.004782
2006-11-07,1.683,0.00119
2006-11-08,1.682,-0.000594
2006-11-09,1.683,0.000595
2006-11-10,1.678,-0.002971
2006-11-13,1.676,-0.001192
2006-11-14,1.682,0.00358
2006-11-15,1.703,0.012485
2006-11-16,1.702,-0.000587
2006-11-17,1.718,0.009401
2006-11-20,1.747,0.01688
2006-11-21,1.754,0.004007
2006-11-22,1.753,-0.00057
2006-11-23,1.756,0.001711
2006-11-24,1.743,-0.007403
2006-11-27,1.742,-0.000574
2006-11-28,1.739,-0.001722
2006-11-29,1.746,0.004025
2006-11-30,1.773,0.015464
2006-12-01,1.774,0.000564
2006-12-04,1.801,0.01522
2006-12-05,1.807,0.003331
2006-12-06,1.806,-0.000553
2006-12-07,1.807,0.000554
2006-12-08,1.777,-0.016602
2006-12-11,1.822,0.025324
2006-12-12,1.828,0.003293
2006-12-13,1.828,0.0
2006-12-14,1.84,0.006565
2006-12-15,1.852,0.006522
2006-12-18,1.879,0.014579
2006-12-19,1.88,0.000532
2006-12-20,1.887,0.003723
2006-12-21,1.879,-0.00424
2006-12-22,1.882,0.001597
2006-12-25,1.914,0.017003
2006-12-26,1.926,0.00627
2006-12-27,1.947,0.010903
2006-12-28,1.943,-0.002054
2006-12-29,1.977,0.017499
2006-12-31,1.977,0.0
2007-01-04,2.002,0.012645
2007-01-05,1.998,-0.001998
2007-01-08,2.017,0.00951
2007-01-09,2.06,0.021319
2007-01-10,2.088,0.013592
2007-01-11,2.068,-0.009579
2007-01-12,2.039,-0.014023
2007-01-15,2.087,0.023541
2007-01-16,2.115,0.013416
2007-01-17,2.096,-0.008983
2007-01-18,2.083,-0.006202
2007-01-19,2.111,0.013442
2007-01-22,2.153,0.019896
2007-01-23,2.176,0.010683
2007-01-24,2.175,-0.00046
2007-01-25,2.13,-0.02069
2007-01-26,2.161,0.014554
2007-01-29,2.193,0.014808
2007-01-30,2.194,0.000456
2007-01-31,2.111,-0.03783
2007-02-01,2.099,-0.005685
2007-02-02,2.047,-0.024774
2007-02-05,2.017,-0.014656
2007-02-06,2.037,0.009916
2007-02-07,2.063,0.012764
2007-02-08,2.078,0.007271
2007-02-09,2.058,-0.009625
2007-02-12,2.102,0.02138
2007-02-13,2.112,0.004757
2007-02-14,2.145,0.015625
2007-02-15,2.182,0.017249
2007-02-16,2.19,0.003666
2007-02-26,2.196,0.00274
2007-02-27,2.091,-0.047814
2007-02-28,2.122,0.014825
2007-03-01,2.09,-0.01508
2007-03-02,2.1,0.004785
2007-03-05,2.073,-0.012857
2007-03-06,2.098,0.01206
2007-03-07,2.126,0.013346
2007-03-08,2.131,0.002352
2007-03-09,2.123,-0.003754
2007-03-12,2.126,0.001413
2007-03-13,2.127,0.00047
2007-03-14,2.103,-0.011283
2007-03-15,2.125,0.010461
2007-03-16,2.113,-0.005647
2007-03-19,2.131,0.008519
2007-03-20,2.134,0.001408
2007-03-21,2.141,0.00328
2007-03-22,2.143,0.000934
2007-03-23,2.144,0.000467
2007-03-26,2.162,0.008396
2007-03-27,2.171,0.004163
2007-03-28,2.181,0.004606
2007-03-29,2.173,-0.003668
2007-03-30,2.186,0.005983
2007-03-31,2.186,0.0
2007-04-02,2.212,0.011894
2007-04-03,2.23,0.008137
2007-04-04,2.244,0.006278
2007-04-05,2.247,0.001337
2007-04-06,2.253,0.00267
2007-04-09,2.3,0.020861
2007-04-10,2.322,0.009565
2007-04-11,2.343,0.009044
2007-04-12,2.357,0.005975
2007-04-13,2.345,-0.005091
2007-04-16,2.371,0.011087
2007-04-17,2.38,0.003796
2007-04-18,2.387,0.002941
2007-04-19,2.333,-0.022623
2007-04-20,2.39,0.024432
2007-04-23,2.437,0.019665
2007-04-24,2.431,-0.002462
2007-04-25,2.426,-0.002057
2007-04-26,2.448,0.009068
2007-04-27,2.425,-0.009395
2007-04-30,2.433,0.003299
2007-05-08,2.489,0.023017
2007-05-09,2.503,0.005625
2007-05-10,2.506,0.001199
2007-05-11,2.504,-0.000798
2007-05-14,2.52,0.00639
2007-05-15,2.479,-0.01627
2007-05-16,2.517,0.015329
2007-05-17,2.556,0.015495
2007-05-18,2.554,-0.000782
2007-05-21,2.588,0.013312
2007-05-22,2.605,0.006569
2007-05-23,2.625,0.007678
2007-05-24,2.595,-0.011429
2007-05-25,2.642,0.018112
2007-05-28,2.703,0.023089
2007-05-29,2.751,0.017758
2007-05-30,2.687,-0.023264
2007-05-31,2.713,0.009676
2007-06-01,2.693,-0.007372
2007-06-04,2.626,-0.024879
2007-06-05,2.691,0.024752
2007-06-06,2.725,0.012635
2007-06-07,2.762,0.013578
2007-06-08,2.786,0.008689
2007-06-11,2.8204,0.012347
2007-06-12,2.857,0.012977
2007-06-13,2.873,0.0056
2007-06-14,2.853,-0.006961
2007-06-15,2.865,0.004206
2007-06-18,2.922,0.019895
2007-06-19,2.926,0.001369
2007-06-20,2.883,-0.014696
2007-06-21,2.903,0.006937
2007-06-22,2.873,-0.010334
2007-06-25,2.808,-0.022624
2007-06-26,2.833,0.008903
2007-06-27,2.879,0.016237
2007-06-28,2.827,-0.018062
2007-06-29,2.808,-0.006721
2007-06-30,2.808,0.0
2007-07-02,2.806,-0.000712
2007-07-03,2.839,0.011761
2007-07-04,2.812,-0.00951
2007-07-05,2.758,-0.019203
2007-07-06,2.808,0.018129
2007-07-09,2.867,0.021011
2007-07-10,2.861,-0.002093
2007-07-11,2.877,0.005592
2007-07-12,2.881,0.00139
2007-07-13,2.877,-0.001388
2007-07-16,2.829,-0.016684
2007-07-17,2.883,0.019088
2007-07-18,2.891,0.002775
2007-07-19,2.891,0.0
2007-07-20,2.962,0.024559
2007-07-23,3.029,0.02262
2007-07-24,3.035,0.001981
2007-07-25,3.073,0.012521
2007-07-26,3.084,0.00358
2007-07-27,3.079,-0.001621
2007-07-30,3.124,0.014615
2007-07-31,3.167,0.013764
2007-08-01,3.106,-0.019261
2007-08-02,3.191,0.027366
2007-08-03,3.272,0.025384
2007-08-06,3.322,0.015281
2007-08-07,3.324,0.000602
2007-08-08,3.296,-0.008424
2007-08-09,3.347,0.015473
2007-08-10,3.308,-0.011652
2007-08-13,3.292,-0.004837
2007-08-14,3.312,0.006075
2007-08-15,3.32,0.002415
2007-08-16,3.282,-0.011446
2007-08-17,3.227,-0.016758
2007-08-20,3.326,0.030679
2007-08-21,3.373,0.014131
2007-08-22,3.415,0.012452
2007-08-23,3.444,0.008492
2007-08-24,3.484,0.011614
2007-08-27,3.517,0.009472
2007-08-28,3.521,0.001137
2007-08-29,3.478,-0.012212
2007-08-30,3.488,0.002875
2007-08-31,3.519,0.008888
2007-09-03,3.585,0.018755
2007-09-04,3.567,-0.005021
2007-09-05,3.602,0.009812
2007-09-06,3.622,0.005552
2007-09-07,3.585,-0.010215
2007-09-10,3.598,0.003626
2007-09-11,3.511,-0.02418
2007-09-12,3.551,0.011393
2007-09-13,3.638,0.0245
2007-09-14,3.664,0.007147
2007-09-17,3.697,0.009007
2007-09-18,3.677,-0.00541
2007-09-19,3.67,-0.001904
2007-09-20,3.693,0.006267
2007-09-21,3.693,0.0
2007-09-24,3.731,0.01029
2007-09-25,3.701,-0.008041
2007-09-26,3.644,-0.015401
2007-09-27,3.699,0.015093
2007-09-28,3.76,0.016491
2007-09-30,3.76,0.0
2007-10-08,3.774,0.003723
2007-10-09,3.776,0.00053
2007-10-10,3.762,-0.003708
2007-10-11,3.782,0.005316
2007-10-12,3.772,-0.002644
2007-10-15,3.772,0.0
2007-10-16,3.802,0.007953
2007-10-17,3.78,-0.005786
2007-10-18,3.693,-0.023016
2007-10-19,3.697,0.001083
2007-10-22,3.636,-0.0165
2007-10-23,3.658,0.006051
2007-10-24,3.677,0.005194
2007-10-25,3.579,-0.026652
2007-10-26,3.614,0.009779
2007-10-29,3.666,0.014388
2007-10-30,3.721,0.015003
2007-10-31,3.741,0.005375
2007-11-01,3.689,-0.0139
2007-11-02,3.587,-0.02765
2007-11-05,3.559,-0.007806
2007-11-06,3.543,-0.004496
2007-11-07,3.571,0.007903
2007-11-08,3.488,-0.023243
2007-11-09,3.46,-0.008028
2007-11-12,3.434,-0.007514
2007-11-13,3.397,-0.010775
2007-11-14,3.482,0.025022
2007-11-15,3.452,-0.008616
2007-11-16,3.413,-0.011298
2007-11-19,3.407,-0.001758
2007-11-20,3.438,0.009099
2007-11-21,3.422,-0.004654
2007-11-22,3.332,-0.0263
2007-11-23,3.363,0.009304
2007-11-26,3.349,-0.004163
2007-11-27,3.326,-0.006868
2007-11-28,3.306,-0.006013
2007-11-29,3.375,0.020871
2007-11-30,3.339,-0.010667
2007-12-03,3.347,0.002396
2007-12-04,3.371,0.007171
2007-12-05,3.438,0.019875
2007-12-06,3.434,-0.001163
2007-12-07,3.456,0.006407
2007-12-10,3.505,0.014178
2007-12-11,3.5,-0.001427
2007-12-12,3.476,-0.006857
2007-12-13,3.389,-0.025029
2007-12-14,3.428,0.011508
2007-12-17,3.369,-0.017211
2007-12-18,3.365,-0.001187
2007-12-19,3.409,0.013076
2007-12-20,3.446,0.010854
2007-12-21,3.468,0.006384
2007-12-24,3.498,0.008651
2007-12-25,3.5,0.000572
2007-12-26,3.523,0.006571
2007-12-27,3.577,0.015328
2007-12-28,3.569,-0.002237
2007-12-29,3.567,-0.00056
2007-12-31,3.567,0.0
2008-01-02,3.594,0.007569
2008-01-03,3.6,0.001669
2008-01-04,3.622,0.006111
2008-01-07,3.675,0.014633
2008-01-08,3.66,-0.004082
2008-01-09,3.707,0.012842
2008-01-10,3.747,0.01079
2008-01-11,3.745,-0.000534
2008-01-14,3.757,0.003204
2008-01-15,3.741,-0.004259
2008-01-16,3.67,-0.018979
2008-01-17,3.624,-0.012534
2008-01-18,3.646,0.006071
2008-01-21,3.565,-0.022216
2008-01-22,3.432,-0.037307
2008-01-23,3.527,0.027681
2008-01-24,3.571,0.012475
2008-01-25,3.594,0.006441
2008-01-28,3.482,-0.031163
2008-01-29,3.478,-0.001149
2008-01-30,3.446,-0.009201
2008-01-31,3.413,-0.009576
2008-02-01,3.403,-0.00293
2008-02-04,3.557,0.045254
2008-02-05,3.513,-0.01237
2008-02-13,3.476,-0.010532
2008-02-14,3.496,0.005754
2008-02-15,3.476,-0.005721
2008-02-18,3.511,0.010069
2008-02-19,3.547,0.010253
2008-02-20,3.519,-0.007894
2008-02-21,3.523,0.001137
2008-02-22,3.448,-0.021289
2008-02-25,3.363,-0.024652
2008-02-26,3.314,-0.01457
2008-02-27,3.369,0.016596
2008-02-28,3.363,-0.001781
2008-02-29,3.383,0.005947
2008-03-03,3.436,0.015667
2008-03-04,3.381,-0.016007
2008-03-05,3.355,-0.00769
2008-03-06,3.373,0.005365
2008-03-07,3.357,-0.004744
2008-03-10,3.262,-0.028299
2008-03-11,3.272,0.003066
2008-03-12,3.223,-0.014976
2008-03-13,3.191,-0.009929
2008-03-14,3.171,-0.006268
2008-03-17,3.094,-0.024283
2008-03-18,3.007,-0.028119
2008-03-19,3.077,0.023279
2008-03-20,3.13,0.017225
2008-03-21,3.142,0.003834
2008-03-24,3.059,-0.026416
2008-03-25,3.1,0.013403
2008-03-26,3.104,0.00129
2008-03-27,3.045,-0.019008
2008-03-28,3.106,0.020033
2008-03-31,3.053,-0.017064
2008-04-01,2.96,-0.030462
2008-04-02,2.944,-0.005405
2008-04-03,3.003,0.020041
2008-04-07,3.094,0.030303
2008-04-08,3.11,0.005171
2008-04-09,3.043,-0.021543
2008-04-10,3.086,0.014131
2008-04-11,3.09,0.001296
2008-04-14,2.982,-0.034951
2008-04-15,3.003,0.007042
2008-04-16,2.97,-0.010989
2008-04-17,2.92,-0.016835
2008-04-18,2.867,-0.018151
2008-04-21,2.833,-0.011859
2008-04-22,2.833,0.0
2008-04-23,2.905,0.025415
2008-04-24,3.045,0.048193
2008-04-25,3.055,0.003284
2008-04-28,3.019,-0.011784
2008-04-29,3.043,0.00795
2008-04-30,3.106,0.020703
2008-05-05,3.158,0.016742
2008-05-06,3.164,0.0019
2008-05-07,3.096,-0.021492
2008-05-08,3.154,0.018734
2008-05-09,3.144,-0.003171
2008-05-12,3.142,-0.000636
2008-05-13,3.158,0.005092
2008-05-14,3.209,0.016149
2008-05-15,3.203,-0.00187
2008-05-16,3.197,-0.001873
2008-05-19,3.203,0.001877
2008-05-20,3.11,-0.029035
2008-05-21,3.148,0.012219
2008-05-22,3.124,-0.007624
2008-05-23,3.094,-0.009603
2008-05-26,3.027,-0.021655
2008-05-27,3.033,0.001982
2008-05-28,3.065,0.010551
2008-05-29,3.027,-0.012398
2008-05-30,3.019,-0.002643
2008-06-02,3.017,-0.000662
2008-06-03,3.031,0.00464
2008-06-04,2.999,-0.010558
2008-06-05,2.948,-0.017006
2008-06-06,2.956,0.002714
2008-06-10,2.851,-0.035521
2008-06-11,2.831,-0.007015
2008-06-12,2.818,-0.004592
2008-06-13,2.78,-0.013485
2008-06-16,2.748,-0.011511
2008-06-17,2.705,-0.015648
2008-06-18,2.776,0.026248
2008-06-19,2.689,-0.03134
2008-06-20,2.711,0.008181
2008-06-23,2.681,-0.011066
2008-06-24,2.701,0.00746
2008-06-25,2.758,0.021103
2008-06-26,2.778,0.007252
2008-06-27,2.729,-0.017639
2008-06-30,2.719,-0.003664
2008-07-01,2.685,-0.012505
2008-07-02,2.685,0.0
2008-07-03,2.699,0.005214
2008-07-04,2.665,-0.012597
2008-07-07,2.715,0.018762
2008-07-08,2.735,0.007366
2008-07-09,2.776,0.014991
2008-07-10,2.774,-0.00072
2008-07-11,2.76,-0.005047
2008-07-14,2.77,0.003623
2008-07-15,2.719,-0.018412
2008-07-16,2.669,-0.018389
2008-07-17,2.648,-0.007868
2008-07-18,2.669,0.007931
2008-07-21,2.709,0.014987
2008-07-22,2.703,-0.002215
2008-07-23,2.681,-0.008139
2008-07-24,2.713,0.011936
2008-07-25,2.693,-0.007372
2008-07-28,2.699,0.002228
2008-07-29,2.687,-0.004446
2008-07-30,2.675,-0.004466
2008-07-31,2.638,-0.013832
2008-08-01,2.624,-0.005307
2008-08-04,2.596,-0.010671
2008-08-05,2.545,-0.019646
2008-08-06,2.547,0.000786
2008-08-07,2.549,0.000785
2008-08-08,2.511,-0.014908
2008-08-11,2.472,-0.015532
2008-08-12,2.489,0.006877
2008-08-13,2.501,0.004821
2008-08-14,2.503,0.0008
2008-08-15,2.499,-0.001598
2008-08-18,2.444,-0.022009
2008-08-19,2.454,0.004092
2008-08-20,2.517,0.025672
2008-08-21,2.478,-0.015495
2008-08-22,2.464,-0.00565
2008-08-25,2.458,-0.002435
2008-08-26,2.426,-0.013019
2008-08-27,2.418,-0.003298
2008-08-28,2.418,0.0
2008-08-29,2.44,0.009098
2008-09-01,2.418,-0.009016
2008-09-02,2.412,-0.002481
2008-09-03,2.389,-0.009536
2008-09-04,2.383,-0.002512
2008-09-05,2.353,-0.012589
2008-09-08,2.331,-0.00935
2008-09-09,2.333,0.000858
2008-09-10,2.327,-0.002572
2008-09-11,2.296,-0.013322
2008-09-12,2.292,-0.001742
2008-09-16,2.225,-0.029232
2008-09-17,2.211,-0.006292
2008-09-18,2.199,-0.005427
2008-09-19,2.276,0.035016
2008-09-22,2.323,0.02065
2008-09-23,2.278,-0.019372
2008-09-24,2.288,0.00439
2008-09-25,2.325,0.016171
2008-09-26,2.337,0.005161
2008-09-30,2.337,0.0
2008-10-06,2.282,-0.023534
2008-10-07,2.28,-0.000876
2008-10-08,2.252,-0.012281
2008-10-09,2.234,-0.007993
2008-10-10,2.191,-0.019248
2008-10-13,2.211,0.009128
2008-10-14,2.193,-0.008141
2008-10-15,2.179,-0.006384
2008-10-16,2.138,-0.018816
2008-10-17,2.136,-0.000935
2008-10-20,2.163,0.01264
2008-10-21,2.161,-0.000925
2008-10-22,2.14,-0.009718
2008-10-23,2.149,0.004206
2008-10-24,2.128,-0.009772
2008-10-27,2.078,-0.023496
2008-10-28,2.09,0.005775
2008-10-29,2.07,-0.009569
2008-10-30,2.082,0.005797
2008-10-31,2.066,-0.007685
2008-11-03,2.061,-0.00242
2008-11-04,2.045,-0.007763
2008-11-05,2.068,0.011247
2008-11-06,2.053,-0.007253
2008-11-07,2.061,0.003897
2008-11-10,2.106,0.021834
2008-11-11,2.106,0.0
2008-11-12,2.114,0.003799
2008-11-13,2.144,0.014191
2008-11-14,2.173,0.013526
2008-11-17,2.189,0.007363
2008-11-18,2.134,-0.025126
2008-11-19,2.175,0.019213
2008-11-20,2.167,-0.003678
2008-11-21,2.167,0.0
2008-11-24,2.138,-0.013383
2008-11-25,2.132,-0.002806
2008-11-26,2.138,0.002814
2008-11-27,2.153,0.007016
2008-11-28,2.142,-0.005109
2008-12-01,2.157,0.007003
2008-12-02,2.161,0.001854
2008-12-03,2.189,0.012957
2008-12-04,2.199,0.004568
2008-12-05,2.213,0.006367
2008-12-08,2.242,0.013104
2008-12-09,2.221,-0.009367
2008-12-10,2.242,0.009455
2008-12-11,2.223,-0.008475
2008-12-12,2.183,-0.017994
2008-12-15,2.189,0.002749
2008-12-16,2.203,0.006396
2008-12-17,2.209,0.002724
2008-12-18,2.236,0.012223
2008-12-19,2.246,0.004472
2008-12-22,2.231,-0.006679
2008-12-23,2.183,-0.021515
2008-12-24,2.169,-0.006413
2008-12-25,2.161,-0.003688
2008-12-26,2.151,-0.004627
2008-12-29,2.144,-0.003254
2008-12-30,2.138,-0.002799
2008-12-31,2.13,-0.003742
2009-01-05,2.144,0.006573
2009-01-06,2.161,0.007929
2009-01-07,2.144,-0.007867
2009-01-08,2.116,-0.01306
2009-01-09,2.126,0.004726
2009-01-12,2.118,-0.003763
2009-01-13,2.096,-0.010387
2009-01-14,2.134,0.01813
2009-01-15,2.13,-0.001874
2009-01-16,2.144,0.006573
2009-01-19,2.155,0.005131
2009-01-20,2.159,0.001856
2009-01-21,2.153,-0.002779
2009-01-22,2.163,0.004645
2009-01-23,2.155,-0.003699
2009-02-02,2.163,0.003712
2009-02-03,2.185,0.010171
2009-02-04,2.209,0.010984
2009-02-05,2.207,-0.000905
2009-02-06,2.244,0.016765
2009-02-09,2.266,0.009804
2009-02-10,2.276,0.004413
2009-02-11,2.276,0.0
2009-02-12,2.28,0.001757
2009-02-13,2.312,0.014035
2009-02-16,2.347,0.015138
2009-02-17,2.306,-0.017469
2009-02-18,2.264,-0.018213
2009-02-19,2.276,0.0053
2009-02-20,2.288,0.005272
2009-02-23,2.308,0.008741
2009-02-24,2.258,-0.021664
2009-02-25,2.258,0.0
2009-02-26,2.213,-0.019929
2009-02-27,2.201,-0.005423
2009-03-02,2.209,0.003635
2009-03-03,2.197,-0.005432
2009-03-04,2.262,0.029586
2009-03-05,2.268,0.002653
2009-03-06,2.25,-0.007937
2009-03-09,2.217,-0.014667
2009-03-10,2.236,0.00857
2009-03-11,2.229,-0.003131
2009-03-12,2.231,0.000897
2009-03-13,2.229,-0.000896
2009-03-16,2.24,0.004935
2009-03-17,2.266,0.011607
2009-03-18,2.266,0.0
2009-03-19,2.28,0.006178
2009-03-20,2.272,-0.003509
2009-03-23,2.292,0.008803
2009-03-24,2.306,0.006108
2009-03-25,2.286,-0.008673
2009-03-26,2.308,0.009624
2009-03-27,2.312,0.001733
2009-03-30,2.306,-0.002595
2009-03-31,2.319,0.005637
2009-04-01,2.325,0.002587
2009-04-02,2.335,0.004301
2009-04-03,2.335,0.0
2009-04-07,2.337,0.000857
2009-04-08,2.308,-0.012409
2009-04-09,2.325,0.007366
2009-04-10,2.347,0.009462
2009-04-13,2.365,0.007669
2009-04-14,2.375,0.004228
2009-04-15,2.383,0.003368
2009-04-16,2.381,-0.000839
2009-04-17,2.369,-0.00504
2009-04-20,2.393,0.010131
2009-04-21,2.391,-0.000836
2009-04-22,2.353,-0.015893
2009-04-23,2.367,0.00595
2009-04-24,2.365,-0.000845
2009-04-27,2.349,-0.006765
2009-04-28,2.347,-0.000851
2009-04-29,2.377,0.012782
2009-04-30,2.389,0.005048
2009-05-04,2.426,0.015488
2009-05-05,2.43,0.001649
2009-05-06,2.44,0.004115
2009-05-07,2.434,-0.002459
2009-05-08,2.448,0.005752
2009-05-11,2.424,-0.009804
2009-05-12,2.45,0.010726
2009-05-13,2.456,0.002449
2009-05-14,2.454,-0.000814
2009-05-15,2.458,0.00163
2009-05-18,2.456,-0.000814
2009-05-19,2.464,0.003257
2009-05-20,2.452,-0.00487
2009-05-21,2.424,-0.011419
2009-05-22,2.426,0.000825
2009-05-25,2.424,-0.000824
2009-05-26,2.416,-0.0033
2009-05-27,2.43,0.005795
2009-06-01,2.458,0.011523
2009-06-02,2.458,0.0
2009-06-03,2.468,0.004068
2009-06-04,2.47,0.00081
2009-06-05,2.474,0.001619
2009-06-08,2.48,0.002425
2009-06-09,2.489,0.003629
2009-06-10,2.497,0.003214
2009-06-11,2.491,-0.002403
2009-06-12,2.476,-0.006022
2009-06-15,2.501,0.010097
2009-06-16,2.499,-0.0008
2009-06-17,2.509,0.004002
2009-06-18,2.517,0.003189
2009-06-19,2.527,0.003973
2009-06-22,2.521,-0.002374
2009-06-23,2.523,0.000793
2009-06-24,2.527,0.001585
2009-06-25,2.529,0.000791
2009-06-26,2.529,0.0
2009-06-29,2.543,0.005536
2009-06-30,2.535,-0.003146
2009-07-01,2.547,0.004734
2009-07-02,2.551,0.00157
2009-07-03,2.559,0.003136
2009-07-06,2.569,0.003908
2009-07-07,2.574,0.001946
2009-07-08,2.574,0.0
2009-07-09,2.592,0.006993
2009-07-10,2.602,0.003858
2009-07-13,2.598,-0.001537
2009-07-14,2.628,0.011547
2009-07-15,2.636,0.003044
2009-07-16,2.624,-0.004552
2009-07-17,2.624,0.0
2009-07-20,2.65,0.009909
2009-07-21,2.634,-0.006038
2009-07-22,2.657,0.008732
2009-07-23,2.683,0.009785
2009-07-24,2.691,0.002982
2009-07-27,2.705,0.005203
2009-07-28,2.701,-0.001479
2009-07-29,2.648,-0.019622
2009-07-30,2.675,0.010196
2009-07-31,2.701,0.00972
2009-08-03,2.713,0.004443
2009-08-04,2.711,-0.000737
2009-08-05,2.703,-0.002951
2009-08-06,2.677,-0.009619
2009-08-07,2.64,-0.013821
2009-08-10,2.634,-0.002273
2009-08-11,2.642,0.003037
2009-08-12,2.588,-0.020439
2009-08-13,2.596,0.003091
2009-08-14,2.557,-0.015023
2009-08-17,2.489,-0.026594
2009-08-18,2.505,0.006428
2009-08-19,2.466,-0.015569
2009-08-20,2.513,0.019059
2009-08-21,2.531,0.007163
2009-08-24,2.541,0.003951
2009-08-25,2.511,-0.011806
2009-08-26,2.529,0.007168
2009-08-27,2.523,-0.002372
2009-08-28,2.484,-0.015458
2009-08-31,2.418,-0.02657
2009-09-01,2.432,0.00579
2009-09-02,2.446,0.005757
2009-09-03,2.493,0.019215
2009-09-04,2.499,0.002407
2009-09-07,2.515,0.006403
2009-09-08,2.533,0.007157
2009-09-09,2.533,0.0
2009-09-10,2.525,-0.003158
2009-09-11,2.547,0.008713
2009-09-14,2.567,0.007852
2009-09-15,2.567,0.0
2009-09-16,2.555,-0.004675
2009-09-17,2.584,0.01135
2009-09-18,2.539,-0.017415
2009-09-21,2.557,0.007089
2009-09-22,2.545,-0.004693
2009-09-23,2.529,-0.006287
2009-09-24,2.525,-0.001582
2009-09-25,2.523,-0.000792
2009-09-28,2.505,-0.007134
2009-09-29,2.501,-0.001597
2009-09-30,2.509,0.003199
2009-10-09,2.561,0.020725
2009-10-12,2.559,-0.000781
2009-10-13,2.569,0.003908
2009-10-14,2.574,0.001946
2009-10-15,2.569,-0.001943
2009-10-16,2.569,0.0
2009-10-19,2.592,0.008953
2009-10-20,2.612,0.007716
2009-10-21,2.6,-0.004594
2009-10-22,2.592,-0.003077
2009-10-23,2.612,0.007716
2009-10-26,2.622,0.003828
2009-10-27,2.596,-0.009916
2009-10-28,2.6,0.001541
2009-10-29,2.578,-0.008462
2009-10-30,2.596,0.006982
2009-11-02,2.646,0.01926
2009-11-03,2.663,0.006425
2009-11-04,2.667,0.001502
2009-11-05,2.667,0.0
2009-11-06,2.671,0.0015
2009-11-09,2.677,0.002246
2009-11-10,2.687,0.003736
2009-11-11,2.685,-0.000744
2009-11-12,2.691,0.002235
2009-11-13,2.705,0.005203
2009-11-16,2.739,0.012569
2009-11-17,2.742,0.001095
2009-11-18,2.733,-0.003282
2009-11-19,2.737,0.001464
2009-11-20,2.729,-0.002923
2009-11-23,2.746,0.006229
2009-11-24,2.699,-0.017116
2009-11-25,2.729,0.011115
2009-11-26,2.671,-0.021253
2009-11-27,2.646,-0.00936
2009-11-30,2.701,0.020786
2009-12-01,2.723,0.008145
2009-12-02,2.731,0.002938
2009-12-03,2.725,-0.002197
2009-12-04,2.733,0.002936
2009-12-07,2.746,0.004757
2009-12-08,2.733,-0.004734
2009-12-09,2.707,-0.009513
2009-12-10,2.713,0.002216
2009-12-11,2.717,0.001474
2009-12-14,2.727,0.003681
2009-12-15,2.717,-0.003667
2009-12-16,2.709,-0.002944
2009-12-17,2.675,-0.012551
2009-12-18,2.636,-0.014579
2009-12-21,2.636,0.0
2009-12-22,2.608,-0.010622
2009-12-23,2.624,0.006135
2009-12-24,2.661,0.014101
2009-12-25,2.667,0.002255
2009-12-28,2.677,0.00375
2009-12-29,2.683,0.002241
2009-12-30,2.697,0.005218
2009-12-31,2.705,0.002966
2010-01-04,2.695,-0.003697
2010-01-05,2.691,-0.001484
2010-01-06,2.683,-0.002973
2010-01-07,2.663,-0.007454
2010-01-08,2.671,0.003004
2010-01-11,2.661,-0.003744
2010-01-12,2.689,0.010522
2010-01-13,2.663,-0.009669
2010-01-14,2.683,0.00751
2010-01-15,2.687,0.001491
2010-01-18,2.697,0.003722
2010-01-19,2.689,-0.002966
2010-01-20,2.644,-0.016735
2010-01-21,2.65,0.002269
2010-01-22,2.628,-0.008302
2010-01-25,2.606,-0.008371
2010-01-26,2.572,-0.013047
2010-01-27,2.561,-0.004277
2010-01-28,2.578,0.006638
2010-01-29,2.582,0.001552
2010-02-01,2.565,-0.006584
2010-02-02,2.553,-0.004678
2010-02-03,2.574,0.008226
2010-02-04,2.574,0.0
2010-02-05,2.547,-0.01049
2010-02-08,2.543,-0.00157
2010-02-09,2.543,0.0
2010-02-10,2.567,0.009438
2010-02-11,2.574,0.002727
2010-02-12,2.586,0.004662
2010-02-22,2.578,-0.003094
2010-02-23,2.569,-0.003491
2010-02-24,2.598,0.011288
2010-02-25,2.618,0.007698
2010-02-26,2.618,0.0
2010-03-01,2.622,0.001528
2010-03-02,2.618,-0.001526
2010-03-03,2.63,0.004584
2010-03-04,2.592,-0.014449
2010-03-05,2.596,0.001543
2010-03-08,2.606,0.003852
2010-03-09,2.614,0.00307
2010-03-10,2.598,-0.006121
2010-03-11,2.594,-0.00154
2010-03-12,2.578,-0.006168
2010-03-15,2.563,-0.005818
2010-03-16,2.569,0.002341
2010-03-17,2.598,0.011288
2010-03-18,2.598,0.0
2010-03-19,2.604,0.002309
2010-03-22,2.604,0.0
2010-03-23,2.596,-0.003072
2010-03-24,2.598,0.00077
2010-03-25,2.584,-0.005389
2010-03-26,2.596,0.004644
2010-03-29,2.616,0.007704
2010-03-30,2.62,0.001529
2010-03-31,2.618,-0.000763
2010-04-01,2.634,0.006112
2010-04-02,2.63,-0.001519
2010-04-06,2.626,-0.001521
2010-04-07,2.622,-0.001523
2010-04-08,2.614,-0.003051
2010-04-09,2.624,0.003826
2010-04-12,2.62,-0.001524
2010-04-13,2.628,0.003053
2010-04-14,2.634,0.002283
2010-04-15,2.62,-0.005315
2010-04-16,2.614,-0.00229
2010-04-19,2.567,-0.01798
2010-04-20,2.572,0.001948
2010-04-21,2.594,0.008554
2010-04-22,2.592,-0.000771
2010-04-23,2.578,-0.005401
2010-04-26,2.567,-0.004267
2010-04-27,2.547,-0.007791
2010-04-28,2.547,0.0
2010-04-29,2.527,-0.007852
2010-04-30,2.509,-0.007123
2010-05-04,2.509,0.0
2010-05-05,2.521,0.004783
2010-05-06,2.495,-0.010313
2010-05-07,2.48,-0.006012
2010-05-10,2.474,-0.002419
2010-05-11,2.46,-0.005659
2010-05-12,2.452,-0.003252
2010-05-13,2.476,0.009788
2010-05-14,2.482,0.002423
2010-05-17,2.44,-0.016922
2010-05-18,2.438,-0.00082
2010-05-19,2.444,0.002461
2010-05-20,2.436,-0.003273
2010-05-21,2.448,0.004926
2010-05-24,2.478,0.012255
2010-05-25,2.464,-0.00565
2010-05-26,2.456,-0.003247
2010-05-27,2.47,0.0057
2010-05-28,2.474,0.001619
2010-05-31,2.456,-0.007276
2010-06-01,2.446,-0.004072
2010-06-02,2.45,0.001635
2010-06-03,2.452,0.000816
2010-06-04,2.452,0.0
2010-06-07,2.45,-0.000816
2010-06-08,2.456,0.002449
2010-06-09,2.478,0.008958
2010-06-10,2.478,0.0
2010-06-11,2.472,-0.002421
2010-06-17,2.46,-0.004854
2010-06-18,2.432,-0.011382
2010-06-21,2.454,0.009046
2010-06-22,2.456,0.000815
2010-06-23,2.45,-0.002443
2010-06-24,2.45,0.0
2010-06-25,2.446,-0.001633
2010-06-28,2.434,-0.004906
2010-06-29,2.395,-0.016023
2010-06-30,2.393,-0.000835
2010-07-01,2.375,-0.007522
2010-07-02,2.371,-0.001684
2010-07-05,2.367,-0.001687
2010-07-06,2.383,0.00676
2010-07-07,2.393,0.004196
2010-07-08,2.389,-0.001672
2010-07-09,2.414,0.010465
2010-07-12,2.424,0.004143
2010-07-13,2.41,-0.005776
2010-07-14,2.414,0.00166
2010-07-15,2.397,-0.007042
2010-07-16,2.399,0.000834
2010-07-19,2.42,0.008754
2010-07-20,2.444,0.009917
2010-07-21,2.446,0.000818
2010-07-22,2.462,0.006541
2010-07-23,2.466,0.001625
2010-07-26,2.474,0.003244
2010-07-27,2.474,0.0
2010-07-28,2.495,0.008488
2010-07-29,2.493,-0.000802
2010-07-30,2.491,-0.000802
2010-08-02,2.511,0.008029
2010-08-03,2.491,-0.007965
2010-08-04,2.497,0.002409
2010-08-05,2.497,0.0
2010-08-06,2.513,0.006408
2010-08-09,2.517,0.001592
2010-08-10,2.484,-0.013111
2010-08-11,2.491,0.002818
2010-08-12,2.482,-0.003613
2010-08-13,2.497,0.006044
2010-08-16,2.521,0.009612
2010-08-17,2.525,0.001587
2010-08-18,2.521,-0.001584
2010-08-19,2.525,0.001587
2010-08-20,2.507,-0.007129
2010-08-23,2.503,-0.001596
2010-08-24,2.511,0.003196
2010-08-25,2.491,-0.007965
2010-08-26,2.491,0.0
2010-08-27,2.499,0.003212
2010-08-30,2.523,0.009604
2010-08-31,2.521,-0.000793
2010-09-01,2.513,-0.003173
2010-09-02,2.529,0.006367
2010-09-03,2.529,0.0
2010-09-06,2.543,0.005536
2010-09-07,2.545,0.000786
2010-09-08,2.545,0.0
2010-09-09,2.529,-0.006287
2010-09-10,2.533,0.001582
2010-09-13,2.543,0.003948
2010-09-14,2.545,0.000786
2010-09-15,2.527,-0.007073
2010-09-16,2.505,-0.008706
2010-09-17,2.507,0.000798
2010-09-20,2.505,-0.000798
2010-09-21,2.509,0.001597
2010-09-27,2.521,0.004783
2010-09-28,2.515,-0.00238
2010-09-29,2.509,-0.002386
2010-09-30,2.525,0.006377
2010-10-08,2.553,0.011089
2010-10-11,2.563,0.003917
2010-10-12,2.574,0.004292
2010-10-13,2.582,0.003108
2010-10-14,2.576,-0.002324
2010-10-15,2.608,0.012422
2010-10-18,2.606,-0.000767
2010-10-19,2.63,0.00921
2010-10-20,2.628,-0.00076
2010-10-21,2.618,-0.003805
2010-10-22,2.622,0.001528
2010-10-25,2.65,0.010679
2010-10-26,2.648,-0.000755
2010-10-27,2.628,-0.007553
2010-10-28,2.63,0.000761
2010-10-29,2.628,-0.00076
2010-11-01,2.654,0.009893
2010-11-02,2.646,-0.003014
2010-11-03,2.626,-0.007559
2010-11-04,2.654,0.010663
2010-11-05,2.667,0.004898
2010-11-08,2.679,0.004499
2010-11-09,2.681,0.000747
2010-11-10,2.683,0.000746
2010-11-11,2.675,-0.002982
2010-11-12,2.602,-0.02729
2010-11-15,2.624,0.008455
2010-11-16,2.574,-0.019055
2010-11-17,2.527,-0.01826
2010-11-18,2.543,0.006332
2010-11-19,2.576,0.012977
2010-11-22,2.586,0.003882
2010-11-23,2.569,-0.006574
2010-11-24,2.604,0.013624
2010-11-25,2.612,0.003072
2010-11-26,2.608,-0.001531
2010-11-29,2.618,0.003834
2010-11-30,2.596,-0.008403
2010-12-01,2.59,-0.002311
2010-12-02,2.592,0.000772
2010-12-03,2.596,0.001543
2010-12-06,2.598,0.00077
2010-12-07,2.62,0.008468
2010-12-08,2.634,0.005344
2010-12-09,2.618,-0.006074
2010-12-10,2.62,0.000764
2010-12-13,2.654,0.012977
2010-12-14,2.665,0.004145
2010-12-15,2.65,-0.005629
2010-12-16,2.648,-0.000755
2010-12-17,2.652,0.001511
2010-12-20,2.636,-0.006033
2010-12-21,2.644,0.003035
2010-12-22,2.636,-0.003026
2010-12-23,2.614,-0.008346
2010-12-24,2.596,-0.006886
2010-12-27,2.565,-0.011941
2010-12-28,2.541,-0.009357
2010-12-29,2.557,0.006297
2010-12-30,2.569,0.004693
2010-12-31,2.598,0.011288
2011-01-04,2.618,0.007698
2011-01-05,2.612,-0.002292
2011-01-06,2.6,-0.004594
2011-01-07,2.59,-0.003846
2011-01-10,2.563,-0.010425
2011-01-11,2.559,-0.001561
2011-01-12,2.557,-0.000782
2011-01-13,2.563,0.002346
2011-01-14,2.545,-0.007023
2011-01-17,2.507,-0.014931
2011-01-18,2.511,0.001596
2011-01-19,2.545,0.01354
2011-01-20,2.511,-0.01336
2011-01-21,2.521,0.003982
2011-01-24,2.497,-0.00952
2011-01-25,2.476,-0.00841
2011-01-26,2.499,0.009289
2011-01-27,2.521,0.008804
2011-01-28,2.533,0.00476
2011-01-31,2.555,0.008685
2011-02-01,2.553,-0.000783
2011-02-09,2.549,-0.001567
2011-02-10,2.569,0.007846
2011-02-11,2.578,0.003503
2011-02-14,2.608,0.011637
2011-02-15,2.608,0.0
2011-02-16,2.63,0.008436
2011-02-17,2.632,0.00076
2011-02-18,2.614,-0.006839
2011-02-21,2.644,0.011477
2011-02-22,2.604,-0.015129
2011-02-23,2.608,0.001536
2011-02-24,2.614,0.002301
2011-02-25,2.616,0.000765
2011-02-28,2.642,0.009939
2011-03-01,2.64,-0.000757
2011-03-02,2.63,-0.003788
2011-03-03,2.612,-0.006844
2011-03-04,2.63,0.006891
2011-03-07,2.652,0.008365
2011-03-08,2.654,0.000754
2011-03-09,2.663,0.003391
2011-03-10,2.642,-0.007886
2011-03-11,2.634,-0.003028
2011-03-14,2.648,0.005315
2011-03-15,2.62,-0.010574
2011-03-16,2.642,0.008397
2011-03-17,2.62,-0.008327
2011-03-18,2.624,0.001527
2011-03-21,2.608,-0.006098
2011-03-22,2.616,0.003067
2011-03-23,2.634,0.006881
2011-03-24,2.632,-0.000759
2011-03-25,2.646,0.005319
2011-03-28,2.636,-0.003779
2011-03-29,2.61,-0.009863
2011-03-30,2.602,-0.003065
2011-03-31,2.59,-0.004612
2011-04-01,2.608,0.00695
2011-04-06,2.6,-0.003067
2011-04-07,2.612,0.004615
2011-04-08,2.628,0.006126
2011-04-11,2.608,-0.00761
2011-04-12,2.604,-0.001534
2011-04-13,2.618,0.005376
2011-04-14,2.612,-0.002292
2011-04-15,2.62,0.003063
2011-04-18,2.618,-0.000763
2011-04-19,2.598,-0.007639
2011-04-20,2.6,0.00077
2011-04-21,2.614,0.005385
2011-04-22,2.608,-0.002295
2011-04-25,2.58,-0.010736
2011-04-26,2.563,-0.006589
2011-04-27,2.553,-0.003902
2011-04-28,2.529,-0.009401
2011-04-29,2.545,0.006327
2011-05-03,2.557,0.004715
2011-05-04,2.531,-0.010168
2011-05-05,2.533,0.00079
2011-05-06,2.539,0.002369
2011-05-09,2.543,0.001575
2011-05-10,2.547,0.001573
2011-05-11,2.547,0.0
2011-05-12,2.537,-0.003926
2011-05-13,2.539,0.000788
2011-05-16,2.533,-0.002363
2011-05-17,2.529,-0.001579
2011-05-18,2.535,0.002372
2011-05-19,2.535,0.0
2011-05-20,2.531,-0.001578
2011-05-23,2.501,-0.011853
2011-05-24,2.503,0.0008
2011-05-25,2.495,-0.003196
2011-05-26,2.484,-0.004409
2011-05-27,2.472,-0.004831
2011-05-30,2.47,-0.000809
2011-05-31,2.482,0.004858
2011-06-01,2.491,0.003626
2011-06-02,2.476,-0.006022
2011-06-03,2.493,0.006866
2011-06-07,2.497,0.001604
2011-06-08,2.499,0.000801
2011-06-09,2.48,-0.007603
2011-06-10,2.48,0.0
2011-06-13,2.474,-0.002419
2011-06-14,2.487,0.005255
2011-06-15,2.476,-0.004423
2011-06-16,2.458,-0.00727
2011-06-17,2.454,-0.001627
2011-06-20,2.442,-0.00489
2011-06-21,2.454,0.004914
2011-06-22,2.454,0.0
2011-06-23,2.476,0.008965
2011-06-24,2.501,0.010097
2011-06-27,2.505,0.001599
2011-06-28,2.509,0.001597
2011-06-29,2.497,-0.004783
2011-06-30,2.513,0.006408
2011-07-01,2.519,0.002388
2011-07-04,2.545,0.010322
2011-07-05,2.547,0.000786
2011-07-06,2.549,0.000785
2011-07-07,2.545,-0.001569
2011-07-08,2.549,0.001572
2011-07-11,2.555,0.002354
2011-07-12,2.535,-0.007828
2011-07-13,2.553,0.007101
2011-07-14,2.557,0.001567
2011-07-15,2.569,0.004693
2011-07-18,2.563,-0.002336
2011-07-19,2.551,-0.004682
2011-07-20,2.547,-0.001568
2011-07-21,2.531,-0.006282
2011-07-22,2.541,0.003951
2011-07-25,2.499,-0.016529
2011-07-26,2.503,0.001601
2011-07-27,2.519,0.006392
2011-07-28,2.515,-0.001588
2011-07-29,2.503,-0.004771
2011-08-01,2.507,0.001598
2011-08-02,2.499,-0.003191
2011-08-03,2.499,0.0
2011-08-04,2.499,0.0
2011-08-05,2.48,-0.007603
2011-08-08,2.448,-0.012903
2011-08-09,2.458,0.004085
2011-08-10,2.47,0.004882
2011-08-11,2.491,0.008502
2011-08-12,2.495,0.001606
2011-08-15,2.509,0.005611
2011-08-16,2.497,-0.004783
2011-08-17,2.489,-0.003204
2011-08-18,2.468,-0.008437
2011-08-19,2.462,-0.002431
2011-08-22,2.448,-0.005686
2011-08-23,2.464,0.006536
2011-08-24,2.466,0.000812
2011-08-25,2.493,0.010949
2011-08-26,2.491,-0.000802
2011-08-29,2.474,-0.006825
2011-08-30,2.468,-0.002425
2011-08-31,2.464,-0.001621
2011-09-01,2.46,-0.001623
2011-09-02,2.444,-0.006504
2011-09-05,2.426,-0.007365
2011-09-06,2.416,-0.004122
2011-09-07,2.438,0.009106
2011-09-08,2.43,-0.003281
2011-09-09,2.422,-0.003292
2011-09-13,2.408,-0.00578
2011-09-14,2.414,0.002492
2011-09-15,2.414,0.0
2011-09-16,2.414,0.0
2011-09-19,2.393,-0.008699
2011-09-20,2.393,0.0
2011-09-21,2.422,0.012119
2011-09-22,2.391,-0.012799
2011-09-23,2.381,-0.004182
2011-09-26,2.363,-0.00756
2011-09-27,2.369,0.002539
2011-09-28,2.357,-0.005065
2011-09-29,2.341,-0.006788
2011-09-30,2.343,0.000854
2011-10-10,2.333,-0.004268
2011-10-11,2.325,-0.003429
2011-10-12,2.359,0.014624
2011-10-13,2.369,0.004239
2011-10-14,2.365,-0.001688
2011-10-17,2.373,0.003383
2011-10-18,2.353,-0.008428
2011-10-19,2.347,-0.00255
2011-10-20,2.325,-0.009374
2011-10-21,2.316,-0.003871
2011-10-24,2.339,0.009931
2011-10-25,2.361,0.009406
2011-10-26,2.373,0.005083
2011-10-27,2.375,0.000843
2011-10-28,2.395,0.008421
2011-10-31,2.397,0.000835
2011-11-01,2.402,0.002086
2011-11-02,2.426,0.009992
2011-11-03,2.426,0.0
2011-11-04,2.43,0.001649
2011-11-07,2.42,-0.004115
2011-11-08,2.412,-0.003306
2011-11-09,2.424,0.004975
2011-11-10,2.404,-0.008251
2011-11-11,2.402,-0.000832
2011-11-14,2.43,0.011657
2011-11-15,2.43,0.0
2011-11-16,2.397,-0.01358
2011-11-17,2.395,-0.000834
2011-11-18,2.369,-0.010856
2011-11-21,2.367,-0.000844
2011-11-22,2.369,0.000845
2011-11-23,2.367,-0.000844
2011-11-24,2.369,0.000845
2011-11-25,2.365,-0.001688
2011-11-28,2.367,0.000846
2011-11-29,2.377,0.004225
2011-11-30,2.351,-0.010938
2011-12-01,2.373,0.009358
2011-12-02,2.359,-0.0059
2011-12-05,2.337,-0.009326
2011-12-06,2.333,-0.001712
2011-12-07,2.337,0.001715
2011-12-08,2.337,0.0
2011-12-09,2.329,-0.003423
2011-12-12,2.316,-0.005582
2011-12-13,2.298,-0.007772
2011-12-14,2.292,-0.002611
2011-12-15,2.282,-0.004363
2011-12-16,2.31,0.01227
2011-12-19,2.308,-0.000866
2011-12-20,2.304,-0.001733
2011-12-21,2.288,-0.006944
2011-12-22,2.286,-0.000874
2011-12-23,2.292,0.002625
2011-12-26,2.28,-0.005236
2011-12-27,2.258,-0.009649
2011-12-28,2.252,-0.002657
2011-12-29,2.26,0.003552
2011-12-30,2.278,0.007965
2011-12-31,2.278,0.0
2012-01-04,2.254,-0.010536
2012-01-05,2.236,-0.007986
2012-01-06,2.238,0.000894
2012-01-09,2.266,0.012511
2012-01-10,2.3,0.015004
2012-01-11,2.292,-0.003478
2012-01-12,2.288,-0.001745
2012-01-13,2.258,-0.013112
2012-01-16,2.227,-0.013729
2012-01-17,2.27,0.019308
2012-01-18,2.246,-0.010573
2012-01-19,2.264,0.008014
2012-01-20,2.286,0.009717
2012-01-30,2.268,-0.007874
2012-01-31,2.268,0.0
2012-02-01,2.258,-0.004409
2012-02-02,2.28,0.009743
2012-02-03,2.292,0.005263
2012-02-06,2.296,0.001745
2012-02-07,2.278,-0.00784
2012-02-08,2.306,0.012291
2012-02-09,2.31,0.001735
2012-02-10,2.312,0.000866
2012-02-13,2.316,0.00173
2012-02-14,2.314,-0.000864
2012-02-15,2.325,0.004754
2012-02-16,2.319,-0.002581
2012-02-17,2.319,0.0
2012-02-20,2.319,0.0
2012-02-21,2.329,0.004312
2012-02-22,2.351,0.009446
2012-02-23,2.355,0.001701
2012-02-24,2.369,0.005945
2012-02-27,2.369,0.0
2012-02-28,2.367,-0.000844
2012-02-29,2.353,-0.005915
2012-03-01,2.355,0.00085
2012-03-02,2.379,0.010191
2012-03-05,2.371,-0.003363
2012-03-06,2.353,-0.007592
2012-03-07,2.351,-0.00085
2012-03-08,2.367,0.006806
2012-03-09,2.381,0.005915
2012-03-12,2.381,0.0
2012-03-13,2.395,0.00588
2012-03-14,2.359,-0.015031
2012-03-15,2.359,0.0
2012-03-16,2.383,0.010174
2012-03-19,2.385,0.000839
2012-03-20,2.359,-0.010901
2012-03-21,2.355,-0.001696
2012-03-22,2.353,-0.000849
2012-03-23,2.339,-0.00595
2012-03-26,2.341,0.000855
2012-03-27,2.333,-0.003417
2012-03-28,2.304,-0.01243
2012-03-29,2.296,-0.003472
2012-03-30,2.3,0.001742
2012-03-31,2.3,0.0
2012-04-05,2.325,0.01087
2012-04-06,2.331,0.002581
2012-04-09,2.319,-0.005148
2012-04-10,2.325,0.002587
2012-04-11,2.325,0.0
2012-04-12,2.341,0.006882
2012-04-13,2.347,0.002563
2012-04-16,2.345,-0.000852
2012-04-17,2.333,-0.005117
2012-04-18,2.353,0.008573
2012-04-19,2.353,0.0
2012-04-20,2.365,0.0051
2012-04-23,2.355,-0.004228
2012-04-24,2.351,-0.001699
2012-04-25,2.361,0.004254
2012-04-26,2.357,-0.001694
2012-04-27,2.357,0.0
2012-05-02,2.379,0.009334
2012-05-03,2.383,0.001681
2012-05-04,2.397,0.005875
2012-05-07,2.404,0.00292
2012-05-08,2.395,-0.003744
2012-05-09,2.379,-0.006681
2012-05-10,2.383,0.001681
2012-05-11,2.373,-0.004196
2012-05-14,2.365,-0.003371
2012-05-15,2.369,0.001691
2012-05-16,2.353,-0.006754
2012-05-17,2.369,0.0068
2012-05-18,2.355,-0.00591
2012-05-21,2.363,0.003397
2012-05-22,2.377,0.005925
2012-05-23,2.379,0.000841
2012-05-24,2.367,-0.005044
2012-05-25,2.357,-0.004225
2012-05-28,2.379,0.009334
2012-05-29,2.393,0.005885
2012-05-30,2.391,-0.000836
2012-05-31,2.391,0.0
2012-06-01,2.389,-0.000836
2012-06-04,2.359,-0.012558
2012-06-05,2.357,-0.000848
2012-06-06,2.353,-0.001697
2012-06-07,2.349,-0.0017
2012-06-08,2.345,-0.001703
2012-06-11,2.361,0.006823
2012-06-12,2.361,0.0
2012-06-13,2.377,0.006777
2012-06-14,2.367,-0.004207
2012-06-15,2.363,-0.00169
2012-06-18,2.371,0.003386
2012-06-19,2.365,-0.002531
2012-06-20,2.361,-0.001691
2012-06-21,2.351,-0.004235
2012-06-25,2.329,-0.009358
2012-06-26,2.327,-0.000859
2012-06-27,2.327,0.0
2012-06-28,2.319,-0.003438
2012-06-29,2.331,0.005175
2012-06-30,2.331,0.0
2012-07-02,2.333,0.000858
2012-07-03,2.339,0.002572
2012-07-04,2.333,-0.002565
2012-07-05,2.319,-0.006001
2012-07-06,2.343,0.010349
2012-07-09,2.325,-0.007682
2012-07-10,2.316,-0.003871
2012-07-11,2.329,0.005613
2012-07-12,2.337,0.003435
2012-07-13,2.341,0.001712
2012-07-16,2.312,-0.012388
2012-07-17,2.312,0.0
2012-07-18,2.31,-0.000865
2012-07-19,2.323,0.005628
2012-07-20,2.31,-0.005596
2012-07-23,2.3,-0.004329
2012-07-24,2.304,0.001739
2012-07-25,2.298,-0.002604
2012-07-26,2.288,-0.004352
2012-07-27,2.284,-0.001748
2012-07-30,2.276,-0.003503
2012-07-31,2.274,-0.000879
2012-08-01,2.29,0.007036
2012-08-02,2.278,-0.00524
2012-08-03,2.286,0.003512
2012-08-06,2.298,0.005249
2012-08-07,2.3,0.00087
2012-08-08,2.296,-0.001739
2012-08-09,2.308,0.005226
2012-08-10,2.302,-0.0026
2012-08-13,2.276,-0.011295
2012-08-14,2.276,0.0
2012-08-15,2.268,-0.003515
2012-08-16,2.264,-0.001764
2012-08-17,2.256,-0.003534
2012-08-20,2.252,-0.001773
2012-08-21,2.262,0.00444
2012-08-22,2.252,-0.004421
2012-08-23,2.254,0.000888
2012-08-24,2.24,-0.006211
2012-08-27,2.217,-0.010268
2012-08-28,2.219,0.000902
2012-08-29,2.209,-0.004507
2012-08-30,2.199,-0.004527
2012-08-31,2.203,0.001819
2012-09-03,2.221,0.008171
2012-09-04,2.211,-0.004502
2012-09-05,2.217,0.002714
2012-09-06,2.225,0.003608
2012-09-07,2.266,0.018427
2012-09-10,2.27,0.001765
2012-09-11,2.262,-0.003524
2012-09-12,2.264,0.000884
2012-09-13,2.25,-0.006184
2012-09-14,2.252,0.000889
2012-09-17,2.221,-0.013766
2012-09-18,2.215,-0.002701
2012-09-19,2.223,0.003612
2012-09-20,2.199,-0.010796
2012-09-21,2.201,0.00091
2012-09-24,2.207,0.002726
2012-09-25,2.205,-0.000906
2012-09-26,2.189,-0.007256
2012-09-27,2.217,0.012791
2012-09-28,2.24,0.010374
2012-09-30,2.239,-0.000446
2012-10-08,2.227,-0.00536
2012-10-09,2.254,0.012124
2012-10-10,2.26,0.002662
2012-10-11,2.246,-0.006195
2012-10-12,2.244,-0.00089
2012-10-15,2.242,-0.000891
2012-10-16,2.242,0.0
2012-10-17,2.236,-0.002676
2012-10-18,2.252,0.007156
2012-10-19,2.254,0.000888
2012-10-22,2.256,0.000887
2012-10-23,2.236,-0.008865
2012-10-24,2.234,-0.000894
2012-10-25,2.225,-0.004029
2012-10-26,2.211,-0.006292
2012-10-29,2.209,-0.000905
2012-10-30,2.211,0.000905
2012-10-31,2.215,0.001809
2012-11-01,2.234,0.008578
2012-11-02,2.236,0.000895
2012-11-05,2.234,-0.000894
2012-11-06,2.227,-0.003133
2012-11-07,2.225,-0.000898
2012-11-08,2.207,-0.00809
2012-11-09,2.199,-0.003625
2012-11-12,2.199,0.0
2012-11-13,2.187,-0.005457
2012-11-14,2.187,0.0
2012-11-15,2.179,-0.003658
2012-11-16,2.175,-0.001836
2012-11-19,2.167,-0.003678
2012-11-20,2.165,-0.000923
2012-11-21,2.173,0.003695
2012-11-22,2.165,-0.003682
2012-11-23,2.169,0.001848
2012-11-26,2.159,-0.00461
2012-11-27,2.144,-0.006948
2012-11-28,2.134,-0.004664
2012-11-29,2.134,0.0
2012-11-30,2.146,0.005623
2012-12-03,2.134,-0.005592
2012-12-04,2.14,0.002812
2012-12-05,2.169,0.013551
2012-12-06,2.167,-0.000922
2012-12-07,2.183,0.007383
2012-12-10,2.191,0.003665
2012-12-11,2.185,-0.002738
2012-12-12,2.189,0.001831
2012-12-13,2.185,-0.001827
2012-12-14,2.221,0.016476
2012-12-17,2.221,0.0
2012-12-18,2.217,-0.001801
2012-12-19,2.219,0.000902
2012-12-20,2.227,0.003605
2012-12-21,2.229,0.000898
2012-12-24,2.238,0.004038
2012-12-25,2.262,0.010724
2012-12-26,2.27,0.003537
2012-12-27,2.26,-0.004405
2012-12-28,2.272,0.00531
2012-12-31,2.288,0.007042
2013-01-04,2.282,-0.002622
2013-01-07,2.286,0.001753
2013-01-08,2.298,0.005249
2013-01-09,2.302,0.001741
2013-01-10,2.306,0.001738
2013-01-11,2.29,-0.006938
2013-01-14,2.333,0.018777
2013-01-15,2.345,0.005144
2013-01-16,2.341,-0.001706
2013-01-17,2.331,-0.004272
2013-01-18,2.347,0.006864
2013-01-21,2.343,-0.001704
2013-01-22,2.33,-0.005548
2013-01-23,2.332,0.000858
2013-01-24,2.316,-0.006861
2013-01-25,2.316,0.0
2013-01-28,2.342,0.011226
2013-01-29,2.351,0.003843
2013-01-30,2.353,0.000851
2013-01-31,2.346,-0.002975
2013-02-01,2.359,0.005541
2013-02-04,2.348,-0.004663
2013-02-05,2.371,0.009796
2013-02-06,2.371,0.0
2013-02-07,2.379,0.003374
2013-02-08,2.401,0.009248
2013-02-18,2.387,-0.005831
2013-02-19,2.357,-0.012568
2013-02-20,2.381,0.010182
2013-02-21,2.351,-0.0126
2013-02-22,2.34,-0.004679
2013-02-25,2.346,0.002564
2013-02-26,2.332,-0.005968
2013-02-27,2.336,0.001715
2013-02-28,2.365,0.012414
2013-03-01,2.373,0.003383
2013-03-04,2.326,-0.019806
2013-03-05,2.357,0.013328
2013-03-06,2.373,0.006788
2013-03-07,2.363,-0.004214
2013-03-08,2.351,-0.005078
2013-03-11,2.351,0.0
2013-03-12,2.332,-0.008082
2013-03-13,2.322,-0.004288
2013-03-14,2.336,0.006029
2013-03-15,2.34,0.001712
2013-03-18,2.33,-0.004274
2013-03-19,2.33,0.0
2013-03-20,2.363,0.014163
2013-03-21,2.377,0.005925
2013-03-22,2.379,0.000841
2013-03-25,2.379,0.0
2013-03-26,2.375,-0.001681
2013-03-27,2.385,0.004211
2013-03-28,2.369,-0.006709
2013-03-29,2.369,0.0
2013-04-01,2.371,0.000844
2013-04-02,2.353,-0.007592
2013-04-03,2.344,-0.003825
2013-04-08,2.361,0.007253
2013-04-09,2.369,0.003388
2013-04-10,2.355,-0.00591
2013-04-11,2.355,0.0
2013-04-12,2.348,-0.002972
2013-04-15,2.342,-0.002555
2013-04-16,2.357,0.006405
2013-04-17,2.379,0.009334
2013-04-18,2.377,-0.000841
2013-04-19,2.401,0.010097
2013-04-22,2.415,0.005831
2013-04-23,2.391,-0.009938
2013-04-24,2.419,0.011711
2013-04-25,2.405,-0.005788
2013-04-26,2.383,-0.009148
2013-05-02,2.401,0.007554
2013-05-03,2.425,0.009996
2013-05-06,2.444,0.007835
2013-05-07,2.44,-0.001637
2013-05-08,2.466,0.010656
2013-05-09,2.45,-0.006488
2013-05-10,2.45,0.0
2013-05-13,2.438,-0.004898
2013-05-14,2.415,-0.009434
2013-05-15,2.436,0.008696
2013-05-16,2.448,0.004926
2013-05-17,2.466,0.007353
2013-05-20,2.47,0.001622
2013-05-21,2.494,0.009717
2013-05-22,2.486,-0.003208
2013-05-23,2.472,-0.005632
2013-05-24,2.48,0.003236
2013-05-27,2.49,0.004032
2013-05-28,2.488,-0.000803
2013-05-29,2.492,0.001608
2013-05-30,2.486,-0.002408
2013-05-31,2.468,-0.007241
2013-06-03,2.454,-0.005673
2013-06-04,2.429,-0.010187
2013-06-05,2.438,0.003705
2013-06-06,2.427,-0.004512
2013-06-07,2.419,-0.003296
2013-06-13,2.395,-0.009921
2013-06-14,2.409,0.005846
2013-06-17,2.397,-0.004981
2013-06-18,2.411,0.005841
2013-06-19,2.407,-0.001659
2013-06-20,2.367,-0.016618
2013-06-21,2.371,0.00169
2013-06-24,2.322,-0.020666
2013-06-25,2.336,0.006029
2013-06-26,2.375,0.016695
2013-06-27,2.369,-0.002526
2013-06-28,2.373,0.001688
2013-06-30,2.373,0.0
2013-07-01,2.405,0.013485
2013-07-02,2.433,0.011642
2013-07-03,2.442,0.003699
2013-07-04,2.45,0.003276
2013-07-05,2.44,-0.004082
2013-07-08,2.411,-0.011885
2013-07-09,2.403,-0.003318
2013-07-10,2.423,0.008323
2013-07-11,2.454,0.012794
2013-07-12,2.44,-0.005705
2013-07-15,2.458,0.007377
2013-07-16,2.47,0.004882
2013-07-17,2.446,-0.009717
2013-07-18,2.427,-0.007768
2013-07-19,2.391,-0.014833
2013-07-22,2.409,0.007528
2013-07-23,2.444,0.014529
2013-07-24,2.464,0.008183
2013-07-25,2.444,-0.008117
2013-07-26,2.431,-0.005319
2013-07-29,2.415,-0.006582
2013-07-30,2.419,0.001656
2013-07-31,2.419,0.0
2013-08-01,2.45,0.012815
2013-08-02,2.448,-0.000816
2013-08-05,2.472,0.009804
2013-08-06,2.496,0.009709
2013-08-07,2.49,-0.002404
2013-08-08,2.514,0.009639
2013-08-09,2.527,0.005171
2013-08-12,2.535,0.003166
2013-08-13,2.537,0.000789
2013-08-14,2.529,-0.003153
2013-08-15,2.508,-0.008304
2013-08-16,2.496,-0.004785
2013-08-19,2.518,0.008814
2013-08-20,2.512,-0.002383
2013-08-21,2.504,-0.003185
2013-08-22,2.514,0.003994
2013-08-23,2.521,0.002784
2013-08-26,2.557,0.01428
2013-08-27,2.551,-0.002346
2013-08-28,2.527,-0.009408
2013-08-29,2.516,-0.004353
2013-08-30,2.494,-0.008744
2013-09-02,2.514,0.008019
2013-09-03,2.529,0.005967
2013-09-04,2.525,-0.001582
2013-09-05,2.512,-0.005149
2013-09-06,2.508,-0.001592
2013-09-09,2.518,0.003987
2013-09-10,2.514,-0.001589
2013-09-11,2.486,-0.011138
2013-09-12,2.484,-0.000805
2013-09-13,2.5,0.006441
2013-09-16,2.506,0.0024
2013-09-17,2.498,-0.003192
2013-09-18,2.492,-0.002402
2013-09-23,2.545,0.021268
2013-09-24,2.543,-0.000786
2013-09-25,2.547,0.001573
2013-09-26,2.527,-0.007852
2013-09-27,2.537,0.003957
2013-09-30,2.543,0.002365
2013-10-08,2.553,0.003932
2013-10-09,2.553,0.0
2013-10-10,2.553,0.0
2013-10-11,2.549,-0.001567
2013-10-14,2.553,0.001569
2013-10-15,2.547,-0.00235
2013-10-16,2.531,-0.006282
2013-10-17,2.533,0.00079
2013-10-18,2.529,-0.001579
2013-10-21,2.557,0.011072
2013-10-22,2.535,-0.008604
2013-10-23,2.516,-0.007495
2013-10-24,2.51,-0.002385
2013-10-25,2.468,-0.016733
2013-10-28,2.472,0.001621
2013-10-29,2.47,-0.000809
2013-10-30,2.484,0.005668
2013-10-31,2.466,-0.007246
2013-11-01,2.476,0.004055
2013-11-04,2.478,0.000808
2013-11-05,2.482,0.001614
2013-11-06,2.45,-0.012893
2013-11-07,2.429,-0.008571
2013-11-08,2.429,0.0
2013-11-11,2.446,0.006999
2013-11-12,2.452,0.002453
2013-11-13,2.429,-0.00938
2013-11-14,2.446,0.006999
2013-11-15,2.462,0.006541
2013-11-18,2.488,0.010561
2013-11-19,2.48,-0.003215
2013-11-20,2.488,0.003226
2013-11-21,2.478,-0.004019
2013-11-22,2.476,-0.000807
2013-11-25,2.484,0.003231
2013-11-26,2.498,0.005636
2013-11-27,2.514,0.006405
2013-11-28,2.529,0.005967
2013-11-29,2.533,0.001582
2013-12-02,2.498,-0.013818
2013-12-03,2.516,0.007206
2013-12-04,2.529,0.005167
2013-12-05,2.514,-0.005931
2013-12-06,2.514,0.0
2013-12-09,2.525,0.004375
2013-12-10,2.531,0.002376
2013-12-11,2.514,-0.006717
2013-12-12,2.525,0.004375
2013-12-13,2.533,0.003168
2013-12-16,2.51,-0.00908
2013-12-17,2.492,-0.007171
2013-12-18,2.492,0.0
2013-12-19,2.48,-0.004815
2013-12-20,2.444,-0.014516
2013-12-23,2.466,0.009002
2013-12-24,2.488,0.008921
2013-12-25,2.5,0.004823
2013-12-26,2.474,-0.0104
2013-12-27,2.492,0.007276
2013-12-30,2.484,-0.00321
2013-12-31,2.494,0.004026
2014-01-02,2.514,0.008019
2014-01-03,2.498,-0.006364
2014-01-06,2.458,-0.016013
2014-01-07,2.456,-0.000814
2014-01-08,2.456,0.0
2014-01-09,2.427,-0.011808
2014-01-10,2.407,-0.008241
2014-01-13,2.385,-0.00914
2014-01-14,2.395,0.004193
2014-01-15,2.401,0.002505
2014-01-16,2.397,-0.001666
2014-01-17,2.376,-0.008761
2014-01-20,2.362,-0.005892
2014-01-21,2.37,0.003387
2014-01-22,2.412,0.017722
2014-01-23,2.41,-0.000829
2014-01-24,2.412,0.00083
2014-01-27,2.392,-0.008292
2014-01-28,2.392,0.0
2014-01-29,2.388,-0.001672
2014-01-30,2.374,-0.005863
2014-02-07,2.384,0.004212
2014-02-10,2.424,0.016779
2014-02-11,2.422,-0.000825
2014-02-12,2.437,0.006193
2014-02-13,2.428,-0.003693
2014-02-14,2.434,0.002471
2014-02-17,2.434,0.0
2014-02-18,2.416,-0.007395
2014-02-19,2.42,0.001656
2014-02-20,2.402,-0.007438
2014-02-21,2.398,-0.001665
2014-02-24,2.366,-0.013344
2014-02-25,2.323,-0.018174
2014-02-26,2.323,0.0
2014-02-27,2.297,-0.011192
2014-02-28,2.331,0.014802
2014-03-03,2.343,0.005148
2014-03-04,2.319,-0.010243
2014-03-05,2.309,-0.004312
2014-03-06,2.303,-0.002599
2014-03-07,2.325,0.009553
2014-03-10,2.307,-0.007742
2014-03-11,2.329,0.009536
2014-03-12,2.331,0.000859
2014-03-13,2.343,0.005148
2014-03-14,2.337,-0.002561
2014-03-17,2.354,0.007274
2014-03-18,2.339,-0.006372
2014-03-19,2.315,-0.010261
2014-03-20,2.289,-0.011231
2014-03-21,2.321,0.01398
2014-03-24,2.331,0.004308
2014-03-25,2.329,-0.000858
2014-03-26,2.339,0.004294
2014-03-27,2.321,-0.007696
2014-03-28,2.313,-0.003447
2014-03-31,2.321,0.003459
2014-04-01,2.335,0.006032
2014-04-02,2.347,0.005139
2014-04-03,2.343,-0.001704
2014-04-04,2.36,0.007256
2014-04-08,2.384,0.010169
2014-04-09,2.392,0.003356
2014-04-10,2.386,-0.002508
2014-04-11,2.386,0.0
2014-04-14,2.398,0.005029
2014-04-15,2.378,-0.00834
2014-04-16,2.38,0.000841
2014-04-17,2.382,0.00084
2014-04-18,2.37,-0.005038
2014-04-21,2.354,-0.006751
2014-04-22,2.349,-0.002124
2014-04-23,2.343,-0.002554
2014-04-24,2.341,-0.000854
2014-04-25,2.325,-0.006835
2014-04-28,2.293,-0.013763
2014-04-29,2.313,0.008722
2014-04-30,2.323,0.004323
2014-05-05,2.333,0.004305
2014-05-06,2.343,0.004286
2014-05-07,2.325,-0.007682
2014-05-08,2.325,0.0
2014-05-09,2.301,-0.010323
2014-05-12,2.315,0.006084
2014-05-13,2.317,0.000864
2014-05-14,2.315,-0.000863
2014-05-15,2.293,-0.009503
2014-05-16,2.295,0.000872
2014-05-19,2.281,-0.0061
2014-05-20,2.283,0.000877
2014-05-21,2.295,0.005256
2014-05-22,2.299,0.001743
2014-05-23,2.303,0.00174
2014-05-26,2.311,0.003474
2014-05-27,2.309,-0.000865
2014-05-28,2.325,0.006929
2014-05-29,2.315,-0.004301
2014-05-30,2.317,0.000864
2014-06-03,2.309,-0.003453
2014-06-04,2.293,-0.006929
2014-06-05,2.301,0.003489
2014-06-06,2.297,-0.001738
2014-06-09,2.279,-0.007836
2014-06-10,2.299,0.008776
2014-06-11,2.303,0.00174
2014-06-12,2.303,0.0
2014-06-13,2.309,0.002605
2014-06-16,2.315,0.002599
2014-06-17,2.305,-0.00432
2014-06-18,2.293,-0.005206
2014-06-19,2.269,-0.010467
2014-06-20,2.275,0.002644
2014-06-23,2.281,0.002637
2014-06-24,2.293,0.005261
2014-06-25,2.287,-0.002617
2014-06-26,2.299,0.005247
2014-06-27,2.303,0.00174
2014-06-30,2.307,0.001737
2014-07-01,2.307,0.0
2014-07-02,2.303,-0.001734
2014-07-03,2.313,0.004342
2014-07-04,2.315,0.000865
2014-07-07,2.309,-0.002592
2014-07-08,2.317,0.003465
2014-07-09,2.293,-0.010358
2014-07-10,2.283,-0.004361
2014-07-11,2.285,0.000876
2014-07-14,2.303,0.007877
2014-07-15,2.301,-0.000868
2014-07-16,2.291,-0.004346
2014-07-17,2.287,-0.001746
2014-07-18,2.291,0.001749
2014-07-21,2.295,0.001746
2014-07-22,2.315,0.008715
2014-07-23,2.313,-0.000864
2014-07-24,2.325,0.005188
2014-07-25,2.337,0.005161
2014-07-28,2.358,0.008986
2014-07-29,2.36,0.000848
2014-07-30,2.356,-0.001695
2014-07-31,2.368,0.005093
2014-08-01,2.362,-0.002534
2014-08-04,2.384,0.009314
2014-08-05,2.382,-0.000839
2014-08-06,2.382,0.0
2014-08-07,2.366,-0.006717
2014-08-08,2.376,0.004227
2014-08-11,2.388,0.005051
2014-08-12,2.39,0.000838
2014-08-13,2.386,-0.001674
2014-08-14,2.37,-0.006706
2014-08-15,2.384,0.005907
2014-08-18,2.394,0.004195
2014-08-19,2.396,0.000835
2014-08-20,2.394,-0.000835
2014-08-21,2.388,-0.002506
2014-08-22,2.396,0.00335
2014-08-25,2.388,-0.003339
2014-08-26,2.368,-0.008375
2014-08-27,2.372,0.001689
2014-08-28,2.362,-0.004216
2014-08-29,2.378,0.006774
2014-09-01,2.388,0.004205
2014-09-02,2.402,0.005863
2014-09-03,2.414,0.004996
2014-09-04,2.42,0.002486
2014-09-05,2.43,0.004132
2014-09-09,2.426,-0.001646
2014-09-10,2.418,-0.003298
2014-09-11,2.414,-0.001654
2014-09-12,2.42,0.002486
2014-09-15,2.418,-0.000826
2014-09-16,2.39,-0.01158
2014-09-17,2.402,0.005021
2014-09-18,2.404,0.000833
2014-09-19,2.41,0.002496
2014-09-22,2.396,-0.005809
2014-09-23,2.406,0.004174
2014-09-24,2.416,0.004156
2014-09-25,2.418,0.000828
2014-09-26,2.418,0.0
2014-09-29,2.42,0.000827
2014-09-30,2.43,0.004132
2014-10-08,2.445,0.006173
2014-10-09,2.451,0.002454
2014-10-10,2.437,-0.005712
2014-10-13,2.43,-0.002872
2014-10-14,2.424,-0.002469
2014-10-15,2.428,0.00165
2014-10-16,2.42,-0.003295
2014-10-17,2.416,-0.001653
2014-10-20,2.428,0.004967
2014-10-21,2.416,-0.004942
2014-10-22,2.408,-0.003311
2014-10-23,2.392,-0.006645
2014-10-24,2.388,-0.001672
2014-10-27,2.392,0.001675
2014-10-28,2.414,0.009197
2014-10-29,2.428,0.0058
2014-10-30,2.422,-0.002471
2014-10-31,2.43,0.003303
2014-11-03,2.441,0.004527
2014-11-04,2.445,0.001639
2014-11-05,2.451,0.002454
2014-11-06,2.453,0.000816
2014-11-07,2.447,-0.002446
2014-11-10,2.461,0.005721
2014-11-11,2.434,-0.010971
2014-11-12,2.451,0.006984
2014-11-13,2.441,-0.00408
2014-11-14,2.428,-0.005326
2014-11-17,2.432,0.001647
2014-11-18,2.428,-0.001645
2014-11-19,2.43,0.000824
2014-11-20,2.424,-0.002469
2014-11-21,2.439,0.006188
2014-11-24,2.473,0.01394
2014-11-25,2.505,0.01294
2014-11-26,2.513,0.003194
2014-11-27,2.517,0.001592
2014-11-28,2.534,0.006754
2014-12-01,2.536,0.000789
2014-12-02,2.562,0.010252
2014-12-03,2.586,0.009368
2014-12-04,2.631,0.017401
2014-12-05,2.623,-0.003041
2014-12-08,2.657,0.012962
2014-12-09,2.586,-0.026722
2014-12-10,2.643,0.022042
2014-12-11,2.643,0.0
2014-12-12,2.649,0.00227
2014-12-15,2.655,0.002265
2014-12-16,2.669,0.005273
2014-12-17,2.663,-0.002248
2014-12-18,2.669,0.002253
2014-12-19,2.681,0.004496
2014-12-22,2.657,-0.008952
2014-12-23,2.631,-0.009785
2014-12-24,2.613,-0.006842
2014-12-25,2.653,0.015308
2014-12-26,2.681,0.010554
2014-12-29,2.677,-0.001492
2014-12-30,2.675,-0.000747
2014-12-31,2.702,0.010093
2015-01-05,2.772,0.025907
2015-01-06,2.783,0.003968
2015-01-07,2.787,0.001437
2015-01-08,2.781,-0.002153
2015-01-09,2.783,0.000719
2015-01-12,2.789,0.002156
2015-01-13,2.801,0.004303
2015-01-14,2.781,-0.00714
2015-01-15,2.803,0.007911
2015-01-16,2.835,0.011416
2015-01-19,2.752,-0.029277
2015-01-20,2.815,0.022892
2015-01-21,2.853,0.013499
2015-01-22,2.867,0.004907
2015-01-23,2.859,-0.00279
2015-01-26,2.882,0.008045
2015-01-27,2.882,0.0
2015-01-28,2.855,-0.009368
2015-01-29,2.841,-0.004904
2015-01-30,2.823,-0.006336
2015-02-02,2.813,-0.003542
2015-02-03,2.849,0.012798
2015-02-04,2.841,-0.002808
2015-02-05,2.823,-0.006336
2015-02-06,2.803,-0.007085
2015-02-09,2.811,0.002854
2015-02-10,2.841,0.010672
2015-02-11,2.865,0.008448
2015-02-12,2.869,0.001396
2015-02-13,2.886,0.005925
2015-02-16,2.91,0.008316
2015-02-17,2.938,0.009622
2015-02-25,2.91,-0.00953
2015-02-26,2.932,0.00756
2015-02-27,2.938,0.002046
2015-03-02,2.965,0.00919
2015-03-03,2.932,-0.01113
2015-03-04,2.946,0.004775
2015-03-05,2.928,-0.00611
2015-03-06,2.918,-0.003415
2015-03-09,2.938,0.006854
2015-03-10,2.946,0.002723
2015-03-11,2.948,0.000679
2015-03-12,2.95,0.000678
2015-03-13,2.969,0.006441
2015-03-16,3.023,0.018188
2015-03-17,3.037,0.004631
2015-03-18,3.074,0.012183
2015-03-19,3.082,0.002602
2015-03-20,3.092,0.003245
2015-03-23,3.153,0.019728
2015-03-24,3.183,0.009515
2015-03-25,3.169,-0.004398
2015-03-26,3.141,-0.008836
2015-03-27,3.169,0.008914
2015-03-30,3.197,0.008836
2015-03-31,3.187,-0.003128
2015-04-01,3.228,0.012865
2015-04-02,3.246,0.005576
2015-04-03,3.274,0.008626
2015-04-07,3.329,0.016799
2015-04-08,3.307,-0.006609
2015-04-09,3.301,-0.001814
2015-04-10,3.337,0.010906
2015-04-13,3.365,0.008391
2015-04-14,3.351,-0.00416
2015-04-15,3.298,-0.015816
2015-04-16,3.345,0.014251
2015-04-17,3.369,0.007175
2015-04-20,3.315,-0.016028
2015-04-21,3.388,0.022021
2015-04-22,3.436,0.014168
2015-04-23,3.468,0.009313
2015-04-24,3.46,-0.002307
2015-04-27,3.489,0.008382
2015-04-28,3.44,-0.014044
2015-04-29,3.487,0.013663
2015-04-30,3.501,0.004015
2015-05-04,3.519,0.005141
2015-05-05,3.424,-0.026996
2015-05-06,3.416,-0.002336
2015-05-07,3.402,-0.004098
2015-05-08,3.458,0.016461
2015-05-11,3.541,0.024002
2015-05-12,3.574,0.009319
2015-05-13,3.58,0.001679
2015-05-14,3.556,-0.006704
2015-05-15,3.529,-0.007593
2015-05-18,3.545,0.004534
2015-05-19,3.586,0.011566
2015-05-20,3.614,0.007808
2015-05-21,3.657,0.011898
2015-05-22,3.693,0.009844
2015-05-25,3.736,0.011644
2015-05-26,3.798,0.016595
2015-05-27,3.802,0.001053
2015-05-28,3.653,-0.03919
2015-05-29,3.703,0.013687
2015-06-01,3.804,0.027275
2015-06-02,3.881,0.020242
2015-06-03,3.904,0.005926
2015-06-04,3.893,-0.002818
2015-06-05,3.902,0.002312
2015-06-08,3.837,-0.016658
2015-06-09,3.827,-0.002606
2015-06-10,3.867,0.010452
2015-06-11,3.893,0.006724
2015-06-12,3.918,0.006422
2015-06-15,3.849,-0.017611
2015-06-16,3.738,-0.028839
2015-06-17,3.782,0.011771
2015-06-18,3.705,-0.02036
2015-06-19,3.592,-0.030499
2015-06-23,3.62,0.007795
2015-06-24,3.653,0.009116
2015-06-25,3.56,-0.025459
2015-06-26,3.371,-0.05309
2015-06-29,3.25,-0.035894
2015-06-30,3.345,0.029231
2015-07-01,3.256,-0.026607
2015-07-02,3.139,-0.035934
2015-07-03,3.056,-0.026442
2015-07-06,3.037,-0.006217
2015-07-07,2.926,-0.036549
2015-07-08,2.865,-0.020848
2015-07-09,2.954,0.031065
2015-07-10,3.05,0.032498
2015-07-13,3.165,0.037705
2015-07-14,3.189,0.007583
2015-07-15,3.088,-0.031671
2015-07-16,3.11,0.007124
2015-07-17,3.213,0.033119
2015-07-20,3.244,0.009648
2015-07-21,3.282,0.011714
2015-07-22,3.309,0.008227
2015-07-23,3.357,0.014506
2015-07-24,3.311,-0.013703
2015-07-27,3.157,-0.046512
2015-07-28,3.126,-0.009819
2015-07-29,3.226,0.03199
2015-07-30,3.159,-0.020769
2015-07-31,3.143,-0.005065
2015-08-03,3.102,-0.013045
2015-08-04,3.195,0.029981
2015-08-05,3.177,-0.005634
2015-08-06,3.153,-0.007554
2015-08-07,3.216,0.019981
2015-08-10,3.317,0.031405
2015-08-11,3.313,-0.001206
2015-08-12,3.292,-0.006339
2015-08-13,3.333,0.012454
2015-08-14,3.343,0.003
2015-08-17,3.361,0.005384
2015-08-18,3.211,-0.04463
2015-08-19,3.26,0.01526
2015-08-20,3.191,-0.021166
2015-08-21,3.094,-0.030398
2015-08-24,2.942,-0.049127
2015-08-25,2.833,-0.03705
2015-08-26,2.815,-0.006354
2015-08-27,2.875,0.021314
2015-08-28,2.967,0.032
2015-08-31,2.918,-0.016515
2015-09-01,2.831,-0.029815
2015-09-02,2.801,-0.010597
2015-09-07,2.793,-0.002856
2015-09-08,2.851,0.020766
2015-09-09,2.902,0.017888
2015-09-10,2.9,-0.000689
2015-09-11,2.904,0.001379
2015-09-14,2.815,-0.030647
2015-09-15,2.756,-0.020959
2015-09-16,2.851,0.03447
2015-09-17,2.807,-0.015433
2015-09-18,2.809,0.000713
2015-09-21,2.863,0.019224
2015-09-22,2.882,0.006636
2015-09-23,2.855,-0.009368
2015-09-24,2.873,0.006305
2015-09-25,2.823,-0.017403
2015-09-28,2.845,0.007793
2015-09-29,2.819,-0.009139
2015-09-30,2.825,0.002128
2015-10-08,2.89,0.023009
2015-10-09,2.92,0.010381
2015-10-12,2.989,0.02363
2015-10-13,3.005,0.005353
2015-10-14,2.977,-0.009318
2015-10-15,3.031,0.018139
2015-10-16,3.062,0.010228
2015-10-19,3.06,-0.000653
2015-10-20,3.09,0.009804
2015-10-21,2.975,-0.037217
2015-10-22,3.027,0.017479
2015-10-23,3.076,0.016188
2015-10-26,3.094,0.005852
2015-10-27,3.098,0.001293
2015-10-28,3.068,-0.009684
2015-10-29,3.08,0.003911
2015-10-30,3.086,0.001948
2015-11-02,3.048,-0.012314
2015-11-03,3.043,-0.00164
2015-11-04,3.13,0.02859
2015-11-05,3.124,-0.001917
2015-11-06,3.169,0.014405
2015-11-09,3.187,0.00568
2015-11-10,3.189,0.000628
2015-11-11,3.211,0.006899
2015-11-12,3.222,0.003426
2015-11-13,3.183,-0.012104
2015-11-16,3.222,0.012253
2015-11-17,3.211,-0.003414
2015-11-18,3.187,-0.007474
2015-11-19,3.238,0.016003
2015-11-20,3.26,0.006794
2015-11-23,3.248,-0.003681
2015-11-24,3.264,0.004926
2015-11-25,3.286,0.00674
2015-11-26,3.268,-0.005478
2015-11-27,3.159,-0.033354
2015-11-30,3.161,0.000633
2015-12-01,3.181,0.006327
2015-12-02,3.173,-0.002515
2015-12-03,3.211,0.011976
2015-12-04,3.197,-0.00436
2015-12-07,3.218,0.006569
2015-12-08,3.193,-0.007769
2015-12-09,3.187,-0.001879
2015-12-10,3.183,-0.001255
2015-12-11,3.171,-0.00377
2015-12-14,3.207,0.011353
2015-12-15,3.226,0.005925
2015-12-16,3.24,0.00434
2015-12-17,3.284,0.01358
2015-12-18,3.278,-0.001827
2015-12-21,3.305,0.008237
2015-12-22,3.323,0.005446
2015-12-23,3.29,-0.009931
2015-12-24,3.284,-0.001824
2015-12-25,3.301,0.005177
2015-12-28,3.26,-0.01242
2015-12-29,3.276,0.004908
2015-12-30,3.303,0.008242
2015-12-31,3.28,-0.006963
2016-01-04,3.143,-0.041768
2016-01-05,3.145,0.000636
2016-01-06,3.185,0.012719
2016-01-07,3.048,-0.043014
2016-01-08,3.076,0.009186
2016-01-11,2.975,-0.032835
2016-01-12,2.973,-0.000672
2016-01-13,2.93,-0.014464
2016-01-14,2.975,0.015358
2016-01-15,2.918,-0.01916
2016-01-18,2.932,0.004798
2016-01-19,2.993,0.020805
2016-01-20,2.983,-0.003341
2016-01-21,2.926,-0.019108
2016-01-22,2.948,0.007519
2016-01-25,2.965,0.005767
2016-01-26,2.861,-0.035076
2016-01-27,2.843,-0.006292
2016-01-28,2.803,-0.01407
2016-01-29,2.851,0.017125
2016-02-01,2.831,-0.007015
2016-02-02,2.875,0.015542
2016-02-03,2.88,0.001739
2016-02-04,2.902,0.007639
2016-02-05,2.888,-0.004824
2016-02-15,2.892,0.001385
2016-02-16,2.948,0.019364
2016-02-17,2.969,0.007123
2016-02-18,2.96,-0.003031
2016-02-19,2.963,0.001014
2016-02-22,3.001,0.012825
2016-02-23,2.985,-0.005332
2016-02-24,2.989,0.00134
2016-02-25,2.867,-0.040816
2016-02-26,2.884,0.00593
2016-02-29,2.827,-0.019764
2016-03-01,2.855,0.009904
2016-03-02,2.926,0.024869
2016-03-03,2.928,0.000684
2016-03-04,2.904,-0.008197
2016-03-07,2.92,0.00551
2016-03-08,2.922,0.000685
2016-03-09,2.896,-0.008898
2016-03-10,2.875,-0.007251
2016-03-11,2.871,-0.001391
2016-03-14,2.916,0.015674
2016-03-15,2.908,-0.002743
2016-03-16,2.886,-0.007565
2016-03-17,2.926,0.01386
2016-03-18,2.965,0.013329
2016-03-21,2.999,0.011467
2016-03-22,2.991,-0.002668
2016-03-23,2.997,0.002006
2016-03-24,2.977,-0.006673
2016-03-25,2.993,0.005375
2016-03-28,2.993,0.0
2016-03-29,2.96,-0.011026
2016-03-30,3.011,0.01723
2016-03-31,3.017,0.001993
2016-04-01,3.005,-0.003977
2016-04-05,3.033,0.009318
2016-04-06,3.045,0.003956
2016-04-07,3.023,-0.007225
2016-04-08,3.015,-0.002646
2016-04-11,3.041,0.008624
2016-04-12,3.023,-0.005919
2016-04-13,3.033,0.003308
2016-04-14,3.048,0.004946
2016-04-15,3.045,-0.000984
2016-04-18,3.025,-0.006568
2016-04-19,3.031,0.001983
2016-04-20,2.981,-0.016496
2016-04-21,2.965,-0.005367
2016-04-22,2.973,0.002698
2016-04-25,2.967,-0.002018
2016-04-26,2.981,0.004719
2016-04-27,2.981,0.0
2016-04-28,2.975,-0.002013
2016-04-29,2.981,0.002017
2016-05-03,3.019,0.012747
2016-05-04,3.017,-0.000662
2016-05-05,3.019,0.000663
2016-05-06,2.969,-0.016562
2016-05-09,2.92,-0.016504
2016-05-10,2.92,0.0
2016-05-11,2.928,0.00274
2016-05-12,2.928,0.0
2016-05-13,2.92,-0.002732
2016-05-16,2.936,0.005479
2016-05-17,2.928,-0.002725
2016-05-18,2.904,-0.008197
2016-05-19,2.906,0.000689
2016-05-20,2.924,0.006194
2016-05-23,2.942,0.006156
2016-05-24,2.928,-0.004759
2016-05-25,2.918,-0.003415
2016-05-26,2.926,0.002742
2016-05-27,2.92,-0.002051
2016-05-30,2.918,-0.000685
2016-05-31,2.979,0.020905
2016-06-01,2.985,0.002014
2016-06-02,2.989,0.00134
2016-06-03,2.999,0.003346
2016-06-06,3.005,0.002001
2016-06-07,3.001,-0.001331
2016-06-08,2.991,-0.003332
2016-06-13,2.926,-0.021732
2016-06-14,2.934,0.002734
2016-06-15,2.971,0.012611
2016-06-16,2.963,-0.002693
2016-06-17,2.969,0.002025
2016-06-20,2.975,0.002021
2016-06-21,2.96,-0.005042
2016-06-22,2.981,0.007095
2016-06-23,2.973,-0.002684
2016-06-24,2.963,-0.003364
2016-06-27,3.001,0.012825
2016-06-28,3.013,0.003999
2016-06-29,3.009,-0.001328
2016-06-30,3.011,0.000665
2016-07-01,3.003,-0.002657
2016-07-04,3.033,0.00999
2016-07-05,3.037,0.001319
2016-07-06,3.048,0.003622
2016-07-07,3.048,0.0
2016-07-08,3.039,-0.002953
2016-07-11,3.035,-0.001316
2016-07-12,3.066,0.010214
2016-07-13,3.074,0.002609
2016-07-14,3.066,-0.002602
2016-07-15,3.066,0.0
2016-07-18,3.066,0.0
2016-07-19,3.062,-0.001305
2016-07-20,3.058,-0.001306
2016-07-21,3.068,0.00327
2016-07-22,3.05,-0.005867
2016-07-25,3.045,-0.001639
2016-07-26,3.066,0.006897
2016-07-27,3.011,-0.017939
2016-07-28,3.019,0.002657
2016-07-29,3.003,-0.0053
2016-08-01,2.979,-0.007992
2016-08-02,2.991,0.004028
2016-08-03,2.999,0.002675
2016-08-04,3.007,0.002668
2016-08-05,2.995,-0.003991
2016-08-08,3.013,0.00601
2016-08-09,3.027,0.004647
2016-08-10,3.017,-0.003304
2016-08-11,2.995,-0.007292
2016-08-12,3.011,0.005342
2016-08-15,3.048,0.012288
2016-08-16,3.052,0.001312
2016-08-17,3.058,0.001966
2016-08-18,3.048,-0.00327
2016-08-19,3.05,0.000656
2016-08-22,3.035,-0.004918
2016-08-23,3.041,0.001977
2016-08-24,3.037,-0.001315
2016-08-25,3.031,-0.001976
2016-08-26,3.041,0.003299
2016-08-29,3.043,0.000658
2016-08-30,3.041,-0.000657
2016-08-31,3.041,0.0
2016-09-01,3.029,-0.003946
2016-09-02,3.025,-0.001321
2016-09-05,3.027,0.000661
2016-09-06,3.05,0.007598
2016-09-07,3.045,-0.001639
2016-09-08,3.054,0.002956
2016-09-09,3.043,-0.003602
2016-09-12,3.007,-0.01183
2016-09-13,3.019,0.003991
2016-09-14,3.007,-0.003975
2016-09-19,3.027,0.006651
2016-09-20,3.033,0.001982
2016-09-21,3.035,0.000659
2016-09-22,3.05,0.004942
2016-09-23,3.041,-0.002951
2016-09-26,3.009,-0.010523
2016-09-27,3.019,0.003323
2016-09-28,3.015,-0.001325
2016-09-29,3.021,0.00199
2016-09-30,3.027,0.001986
2016-10-10,3.054,0.00892
2016-10-11,3.06,0.001965
2016-10-12,3.056,-0.001307
2016-10-13,3.056,0.0
2016-10-14,3.056,0.0
2016-10-17,3.039,-0.005563
2016-10-18,3.062,0.007568
2016-10-19,3.054,-0.002613
2016-10-20,3.058,0.00131
2016-10-21,3.058,0.0
2016-10-24,3.072,0.004578
2016-10-25,3.078,0.001953
2016-10-26,3.072,-0.001949
2016-10-27,3.068,-0.001302
2016-10-28,3.064,-0.001304
2016-10-31,3.062,-0.000653
2016-11-01,3.072,0.003266
2016-11-02,3.062,-0.003255
2016-11-03,3.072,0.003266
2016-11-04,3.06,-0.003906
2016-11-07,3.06,0.0
2016-11-08,3.068,0.002614
2016-11-09,3.056,-0.003911
2016-11-10,3.074,0.00589
2016-11-11,3.084,0.003253
2016-11-14,3.084,0.0
2016-11-15,3.086,0.000649
2016-11-16,3.086,0.0
2016-11-17,3.082,-0.001296
2016-11-18,3.078,-0.001298
2016-11-21,3.08,0.00065
2016-11-22,3.086,0.001948
2016-11-23,3.084,-0.000648
2016-11-24,3.08,-0.001297
2016-11-25,3.09,0.003247
2016-11-28,3.098,0.002589
2016-11-29,3.094,-0.001291
2016-11-30,3.08,-0.004525
2016-12-01,3.1,0.006494
2016-12-02,3.072,-0.009032
2016-12-05,3.054,-0.005859
2016-12-06,3.052,-0.000655
2016-12-07,3.062,0.003277
2016-12-08,3.058,-0.001306
2016-12-09,3.058,0.0
2016-12-12,3.005,-0.017332
2016-12-13,3.021,0.005324
2016-12-14,3.007,-0.004634
2016-12-15,3.005,-0.000665
2016-12-16,3.013,0.002662
2016-12-19,3.009,-0.001328
2016-12-20,2.997,-0.003988
2016-12-21,3.013,0.005339
2016-12-22,3.015,0.000664
2016-12-23,3.001,-0.004643
2016-12-26,3.007,0.001999
2016-12-27,3.007,0.0
2016-12-28,3.001,-0.001995
2016-12-29,2.997,-0.001333
2016-12-30,3.005,0.002669
2016-12-31,3.005,0.0
2017-01-03,3.027,0.007321
2017-01-04,3.041,0.004625
2017-01-05,3.041,0.0
2017-01-06,3.027,-0.004604
2017-01-09,3.035,0.002643
2017-01-10,3.029,-0.001977
2017-01-11,3.009,-0.006603
2017-01-12,2.991,-0.005982
2017-01-13,2.979,-0.004012
2017-01-16,2.96,-0.006378
2017-01-17,2.973,0.004392
2017-01-18,2.977,0.001345
2017-01-19,2.973,-0.001344
2017-01-20,2.991,0.006054
2017-01-23,2.997,0.002006
2017-01-24,3.001,0.001335
2017-01-25,3.009,0.002666
2017-01-26,3.021,0.003988
2017-02-03,3.013,-0.002648
2017-02-06,3.023,0.003319
2017-02-07,3.021,-0.000662
2017-02-08,3.027,0.001986
2017-02-09,3.039,0.003964
2017-02-10,3.05,0.00362
2017-02-13,3.054,0.001311
2017-02-14,3.058,0.00131
2017-02-15,3.041,-0.005559
2017-02-16,3.05,0.00296
2017-02-17,3.033,-0.005574
2017-02-20,3.064,0.010221
2017-02-21,3.068,0.001305
2017-02-22,3.082,0.004563
2017-02-23,3.072,-0.003245
2017-02-24,3.07,-0.000651
2017-02-27,3.052,-0.005863
2017-02-28,3.062,0.003277
2017-03-01,3.066,0.001306
2017-03-02,3.054,-0.003914
2017-03-03,3.056,0.000655
2017-03-06,3.068,0.003927
2017-03-07,3.072,0.001304
2017-03-08,3.07,-0.000651
2017-03-09,3.06,-0.003257
2017-03-10,3.06,0.0
2017-03-13,3.078,0.005882
2017-03-14,3.08,0.00065
2017-03-15,3.084,0.001299
2017-03-16,3.096,0.003891
2017-03-17,3.082,-0.004522
2017-03-20,3.092,0.003245
2017-03-21,3.106,0.004528
2017-03-22,3.116,0.00322
2017-03-23,3.12,0.001284
2017-03-24,3.13,0.003205
2017-03-27,3.118,-0.003834
2017-03-28,3.118,0.0
2017-03-29,3.116,-0.000641
2017-03-30,3.096,-0.006418
2017-03-31,3.112,0.005168
2017-04-05,3.143,0.009961
2017-04-06,3.161,0.005727
2017-04-07,3.171,0.003164
2017-04-10,3.171,0.0
2017-04-11,3.177,0.001892
2017-04-12,3.171,-0.001889
2017-04-13,3.175,0.001261
2017-04-14,3.161,-0.004409
2017-04-17,3.159,-0.000633
2017-04-18,3.163,0.001266
2017-04-19,3.161,-0.000632
2017-04-20,3.179,0.005694
2017-04-21,3.153,-0.008179
2017-04-24,3.122,-0.009832
2017-04-25,3.133,0.003523
2017-04-26,3.149,0.005107
2017-04-27,3.161,0.003811
2017-04-28,3.153,-0.002531
2017-05-02,3.159,0.001903
2017-05-03,3.141,-0.005698
2017-05-04,3.133,-0.002547
2017-05-05,3.106,-0.008618
2017-05-08,3.07,-0.01159
2017-05-09,3.072,0.000651
2017-05-10,3.058,-0.004557
2017-05-11,3.076,0.005886
2017-05-12,3.072,-0.0013
2017-05-15,3.08,0.002604
2017-05-16,3.108,0.009091
2017-05-17,3.106,-0.000644
2017-05-18,3.096,-0.00322
2017-05-19,3.09,-0.001938
2017-05-22,3.086,-0.001294
2017-05-23,3.07,-0.005185
2017-05-24,3.07,0.0
2017-05-25,3.082,0.003909
2017-05-26,3.082,0.0
2017-05-31,3.082,0.0
2017-06-01,3.08,-0.000649
2017-06-02,3.082,0.000649
2017-06-05,3.078,-0.001298
2017-06-06,3.09,0.003899
2017-06-07,3.124,0.011003
2017-06-08,3.145,0.006722
2017-06-09,3.157,0.003816
2017-06-12,3.157,0.0
2017-06-13,3.161,0.001267
2017-06-14,3.141,-0.006327
2017-06-15,3.141,0.0
2017-06-16,3.137,-0.001273
2017-06-19,3.153,0.0051
2017-06-20,3.153,0.0
2017-06-21,3.179,0.008246
2017-06-22,3.167,-0.003775
2017-06-23,3.191,0.007578
2017-06-26,3.216,0.007835
2017-06-27,3.22,0.001244
2017-06-28,3.203,-0.00528
2017-06-29,3.222,0.005932
2017-06-30,3.224,0.000621
2017-07-03,3.205,-0.005893
2017-07-04,3.189,-0.004992
2017-07-05,3.213,0.007526
2017-07-06,3.213,0.0
2017-07-07,3.205,-0.00249
2017-07-10,3.197,-0.002496
2017-07-11,3.205,0.002502
2017-07-12,3.203,-0.000624
2017-07-13,3.203,0.0
2017-07-14,3.209,0.001873
2017-07-17,3.189,-0.006232
2017-07-18,3.181,-0.002509
2017-07-19,3.203,0.006916
2017-07-20,3.218,0.004683
2017-07-21,3.211,-0.002175
2017-07-24,3.218,0.00218
2017-07-25,3.201,-0.005283
2017-07-26,3.187,-0.004374
2017-07-27,3.189,0.000628
2017-07-28,3.193,0.001254
2017-07-31,3.193,0.0
2017-08-01,3.209,0.005011
2017-08-02,3.205,-0.001246
2017-08-03,3.185,-0.00624
2017-08-04,3.177,-0.002512
2017-08-07,3.189,0.003777
2017-08-08,3.199,0.003136
2017-08-09,3.211,0.003751
2017-08-10,3.203,-0.002491
2017-08-11,3.189,-0.004371
2017-08-14,3.213,0.007526
2017-08-15,3.216,0.000934
2017-08-16,3.213,-0.000933
2017-08-17,3.216,0.000934
2017-08-18,3.224,0.002488
2017-08-21,3.23,0.001861
2017-08-22,3.234,0.001238
2017-08-23,3.234,0.0
2017-08-24,3.218,-0.004947
2017-08-25,3.236,0.005594
2017-08-28,3.244,0.002472
2017-08-29,3.24,-0.001233
2017-08-30,3.24,0.0
2017-08-31,3.228,-0.003704
2017-09-01,3.224,-0.001239
2017-09-04,3.234,0.003102
2017-09-05,3.246,0.003711
2017-09-06,3.242,-0.001232
2017-09-07,3.23,-0.003701
2017-09-08,3.23,0.0
2017-09-11,3.224,-0.001858
2017-09-12,3.224,0.0
2017-09-13,3.23,0.001861
2017-09-14,3.228,-0.000619
2017-09-15,3.234,0.001859
2017-09-18,3.238,0.001237
2017-09-19,3.234,-0.001235
2017-09-20,3.234,0.0
2017-09-21,3.24,0.001855
2017-09-22,3.25,0.003086
2017-09-25,3.254,0.001231
2017-09-26,3.256,0.000615
2017-09-27,3.254,-0.000614
2017-09-28,3.262,0.002459
2017-09-29,3.272,0.003066
2017-10-09,3.298,0.007946
2017-10-10,3.305,0.002122
2017-10-11,3.327,0.006657
2017-10-12,3.339,0.003607
2017-10-13,3.337,-0.000599
2017-10-16,3.349,0.003596
2017-10-17,3.357,0.002389
2017-10-18,3.39,0.00983
2017-10-19,3.386,-0.00118
2017-10-20,3.373,-0.003839
2017-10-23,3.39,0.00504
2017-10-24,3.398,0.00236
2017-10-25,3.408,0.002943
2017-10-26,3.41,0.000587
2017-10-27,3.43,0.005865
2017-10-30,3.44,0.002915
2017-10-31,3.428,-0.003488
2017-11-01,3.418,-0.002917
2017-11-02,3.422,0.00117
2017-11-03,3.416,-0.001753
2017-11-06,3.454,0.011124
2017-11-07,3.468,0.004053
2017-11-08,3.452,-0.004614
2017-11-09,3.466,0.004056
2017-11-10,3.499,0.009521
2017-11-13,3.515,0.004573
2017-11-14,3.489,-0.007397
2017-11-15,3.477,-0.003439
2017-11-16,3.507,0.008628
2017-11-17,3.511,0.001141
2017-11-20,3.537,0.007405
2017-11-21,3.57,0.00933
2017-11-22,3.568,-0.00056
2017-11-23,3.495,-0.02046
2017-11-24,3.491,-0.001144
2017-11-27,3.442,-0.014036
2017-11-28,3.448,0.001743
2017-11-29,3.44,-0.00232
2017-11-30,3.414,-0.007558
2017-12-01,3.416,0.000586
2017-12-04,3.44,0.007026
2017-12-05,3.444,0.001163
2017-12-06,3.438,-0.001742
2017-12-07,3.408,-0.008726
2017-12-08,3.436,0.008216
2017-12-11,3.481,0.013097
2017-12-12,3.454,-0.007756
2017-12-13,3.473,0.005501
2017-12-14,3.464,-0.002591
2017-12-15,3.444,-0.005774
2017-12-18,3.432,-0.003484
2017-12-19,3.468,0.01049
2017-12-20,3.468,0.0
2017-12-21,3.501,0.009516
2017-12-22,3.503,0.000571
2017-12-25,3.491,-0.003426
2017-12-26,3.501,0.002865
2017-12-27,3.456,-0.012853
2017-12-28,3.475,0.005498
2017-12-29,3.481,0.001727
2017-12-31,3.481,0.0
2018-01-02,3.501,0.005745
2018-01-03,3.515,0.003999
2018-01-04,3.517,0.000569
2018-01-05,3.519,0.000569
2018-01-08,3.521,0.000568
2018-01-09,3.539,0.005112
2018-01-10,3.539,0.0
2018-01-11,3.535,-0.00113
2018-01-12,3.543,0.002263
2018-01-15,3.549,0.001693
2018-01-16,3.572,0.006481
2018-01-17,3.558,-0.003919
2018-01-18,3.568,0.002811
2018-01-19,3.56,-0.002242
2018-01-22,3.59,0.008427
2018-01-23,3.614,0.006685
2018-01-24,3.622,0.002214
2018-01-25,3.602,-0.005522
2018-01-26,3.608,0.001666
2018-01-29,3.558,-0.013858
2018-01-30,3.541,-0.004778
2018-01-31,3.56,0.005366
2018-02-01,3.535,-0.007022
2018-02-02,3.562,0.007638
2018-02-05,3.558,-0.001123
2018-02-06,3.489,-0.019393
2018-02-07,3.436,-0.015191
2018-02-08,3.422,-0.004075
2018-02-09,3.343,-0.023086
2018-02-12,3.379,0.010769
2018-02-13,3.404,0.007399
2018-02-14,3.424,0.005875
2018-02-22,3.473,0.014311
2018-02-23,3.475,0.000576
2018-02-26,3.501,0.007482
2018-02-27,3.471,-0.008569
2018-02-28,3.454,-0.004898
2018-03-01,3.464,0.002895
2018-03-02,3.444,-0.005774
2018-03-05,3.454,0.002904
2018-03-06,3.485,0.008975
2018-03-07,3.466,-0.005452
2018-03-08,3.487,0.006059
2018-03-09,3.507,0.005736
2018-03-12,3.517,0.002851
2018-03-13,3.497,-0.005687
2018-03-14,3.485,-0.003432
2018-03-15,3.491,0.001722
2018-03-16,3.464,-0.007734
2018-03-19,3.468,0.001155
2018-03-20,3.485,0.004902
2018-03-21,3.468,-0.004878
2018-03-22,3.446,-0.006344
2018-03-23,3.396,-0.01451
2018-03-26,3.377,-0.005595
2018-03-27,3.4,0.006811
2018-03-28,3.361,-0.011471
2018-03-29,3.373,0.00357
2018-03-30,3.377,0.001186
2018-04-02,3.381,0.001184
2018-04-03,3.367,-0.004141
2018-04-04,3.365,-0.000594
2018-04-09,3.361,-0.001189
2018-04-10,3.4,0.011604
2018-04-11,3.416,0.004706
2018-04-12,3.392,-0.007026
2018-04-13,3.375,-0.005012
2018-04-16,3.345,-0.008889
2018-04-17,3.311,-0.010164
2018-04-18,3.305,-0.001812
2018-04-19,3.321,0.004841
2018-04-20,3.29,-0.009335
2018-04-23,3.284,-0.001824
2018-04-24,3.319,0.010658
2018-04-25,3.313,-0.001808
2018-04-26,3.278,-0.010564
2018-04-27,3.28,0.00061
2018-05-02,3.282,0.00061
2018-05-03,3.296,0.004266
2018-05-04,3.294,-0.000607
2018-05-07,3.319,0.00759
2018-05-08,3.337,0.005423
2018-05-09,3.339,0.000599
2018-05-10,3.343,0.001198
2018-05-11,3.331,-0.00359
2018-05-14,3.353,0.006605
2018-05-15,3.359,0.001789
2018-05-16,3.347,-0.003572
2018-05-17,3.327,-0.005976
2018-05-18,3.341,0.004208
2018-05-21,3.349,0.002394
2018-05-22,3.341,-0.002389
2018-05-23,3.315,-0.007782
2018-05-24,3.301,-0.004223
2018-05-25,3.298,-0.000909
2018-05-28,3.303,0.001516
2018-05-29,3.288,-0.004541
2018-05-30,3.258,-0.009124
2018-05-31,3.292,0.010436
2018-06-01,3.274,-0.005468
2018-06-04,3.284,0.003054
2018-06-05,3.311,0.008222
2018-06-06,3.315,0.001208
2018-06-07,3.315,0.0
2018-06-08,3.272,-0.012971
2018-06-11,3.266,-0.001834
2018-06-12,3.29,0.007348
2018-06-13,3.276,-0.004255
2018-06-14,3.268,-0.002442
2018-06-15,3.264,-0.001224
2018-06-19,3.207,-0.017463
2018-06-20,3.205,-0.000624
2018-06-21,3.187,-0.005616
2018-06-22,3.197,0.003138
2018-06-25,3.157,-0.012512
2018-06-26,3.145,-0.003801
2018-06-27,3.1,-0.014308
2018-06-28,3.084,-0.005161
2018-06-29,3.135,0.016537
2018-06-30,3.133,-0.000638
2018-07-02,3.086,-0.015002
2018-07-03,3.082,-0.001296
2018-07-04,3.066,-0.005191
2018-07-05,3.058,-0.002609
2018-07-06,3.072,0.004578
2018-07-09,3.118,0.014974
2018-07-10,3.12,0.000641
2018-07-11,3.092,-0.008974
2018-07-12,3.135,0.013907
2018-07-13,3.151,0.005104
2018-07-16,3.151,0.0
2018-07-17,3.149,-0.000635
2018-07-18,3.137,-0.003811
2018-07-19,3.135,-0.000638
2018-07-20,3.165,0.009569
2018-07-23,3.171,0.001896
2018-07-24,3.187,0.005046
2018-07-25,3.197,0.003138
2018-07-26,3.169,-0.008758
2018-07-27,3.163,-0.001893
2018-07-30,3.149,-0.004426
2018-07-31,3.149,0.0
2018-08-01,3.118,-0.009844
2018-08-02,3.088,-0.009622
2018-08-03,3.054,-0.01101
2018-08-06,3.027,-0.008841
2018-08-07,3.07,0.014205
2018-08-08,3.035,-0.011401
2018-08-09,3.092,0.018781
2018-08-10,3.104,0.003881
2018-08-13,3.104,0.0
2018-08-14,3.096,-0.002577
2018-08-15,3.054,-0.013566
2018-08-16,3.045,-0.002947
2018-08-17,3.019,-0.008539
2018-08-20,3.029,0.003312
2018-08-21,3.064,0.011555
2018-08-22,3.058,-0.001958
2018-08-23,3.074,0.005232
2018-08-24,3.082,0.002602
2018-08-27,3.133,0.016548
2018-08-28,3.13,-0.000958
2018-08-29,3.126,-0.001278
2018-08-30,3.108,-0.005758
2018-08-31,3.098,-0.003218
2018-09-03,3.09,-0.002582
2018-09-04,3.112,0.00712
2018-09-05,3.078,-0.010925
2018-09-06,3.058,-0.006498
2018-09-07,3.072,0.004578
2018-09-10,3.039,-0.010742
2018-09-11,3.039,0.0
2018-09-12,3.015,-0.007897
2018-09-13,3.039,0.00796
2018-09-14,3.035,-0.001316
2018-09-17,3.019,-0.005272
2018-09-18,3.05,0.010268
2018-09-19,3.082,0.010492
2018-09-20,3.074,-0.002596
2018-09-21,3.133,0.019193
2018-09-25,3.118,-0.004788
2018-09-26,3.139,0.006735
2018-09-27,3.128,-0.003504
2018-09-28,3.149,0.006714
2018-10-08,3.066,-0.026358
2018-10-09,3.066,0.0
2018-10-10,3.06,-0.001957
2018-10-11,2.991,-0.022549
2018-10-12,3.035,0.014711
2018-10-15,3.019,-0.005272
2018-10-16,3.007,-0.003975
2018-10-17,2.999,-0.00266
2018-10-18,2.958,-0.013671
2018-10-19,3.017,0.019946
2018-10-22,3.088,0.023533
2018-10-23,3.048,-0.012953
2018-10-24,3.039,-0.002953
2018-10-25,3.039,0.0
2018-10-26,3.015,-0.007897
2018-10-29,2.954,-0.020232
2018-10-30,2.967,0.004401
2018-10-31,2.999,0.010785
2018-11-01,3.009,0.003334
2018-11-02,3.078,0.022931
2018-11-05,3.06,-0.005848
2018-11-06,3.054,-0.001961
2018-11-07,3.048,-0.001965
2018-11-08,3.045,-0.000984
2018-11-09,3.023,-0.007225
2018-11-12,3.033,0.003308
2018-11-13,3.05,0.005605
2018-11-14,3.031,-0.00623
2018-11-15,3.043,0.003959
2018-11-16,3.043,0.0
2018-11-19,3.056,0.004272
2018-11-20,3.025,-0.010144
2018-11-21,3.035,0.003306
2018-11-22,3.025,-0.003295
2018-11-23,2.991,-0.01124
2018-11-26,2.989,-0.000669
2018-11-27,2.987,-0.000669
2018-11-28,3.003,0.005357
2018-11-29,2.987,-0.005328
2018-11-30,3.003,0.005357
2018-12-03,3.045,0.013986
2018-12-04,3.054,0.002956
2018-12-05,3.048,-0.001965
2018-12-06,3.003,-0.014764
2018-12-07,2.989,-0.004662
2018-12-10,2.979,-0.003346
2018-12-11,2.991,0.004028
2018-12-12,2.995,0.001337
2018-12-13,3.017,0.007346
2018-12-14,2.987,-0.009944
2018-12-17,2.979,-0.002678
2018-12-18,2.963,-0.005371
2018-12-19,2.942,-0.007087
2018-12-20,2.932,-0.003399
2018-12-21,2.912,-0.006821
2018-12-24,2.924,0.004121
2018-12-25,2.924,0.0
2018-12-26,2.918,-0.002052
2018-12-27,2.908,-0.003427
2018-12-28,2.914,0.002063
2018-12-31,2.914,0.0
2019-01-02,2.886,-0.009609
2019-01-03,2.875,-0.003812
2019-01-04,2.91,0.012174
2019-01-07,2.912,0.000687
2019-01-08,2.91,-0.000687
2019-01-09,2.922,0.004124
2019-01-10,2.924,0.000684
2019-01-11,2.932,0.002736
2019-01-14,2.92,-0.004093
2019-01-15,2.948,0.009589
2019-01-16,2.95,0.000678
2019-01-17,2.942,-0.002712
2019-01-18,2.967,0.008498
2019-01-21,2.975,0.002696
2019-01-22,2.954,-0.007059
2019-01-23,2.956,0.000677
2019-01-24,2.963,0.002368
2019-01-25,2.975,0.00405
2019-01-28,2.977,0.000672
2019-01-29,2.983,0.002015
2019-01-30,2.971,-0.004023
2019-01-31,2.987,0.005385
2019-02-01,3.011,0.008035
2019-02-11,3.043,0.010628
2019-02-12,3.056,0.004272
2019-02-13,3.084,0.009162
2019-02-14,3.082,-0.000649
2019-02-15,3.048,-0.011032
2019-02-18,3.092,0.014436
2019-02-19,3.082,-0.003234
2019-02-20,3.09,0.002596
2019-02-21,3.092,0.000647
2019-02-22,3.137,0.014554
2019-02-25,3.234,0.030921
2019-02-26,3.213,-0.006494
2019-02-27,3.203,-0.003112
2019-02-28,3.203,0.0
2019-03-01,3.236,0.010303
2019-03-04,3.252,0.004944
2019-03-05,3.26,0.00246
2019-03-06,3.27,0.003067
2019-03-07,3.252,-0.005505
2019-03-08,3.193,-0.018143
2019-03-11,3.222,0.009082
2019-03-12,3.238,0.004966
2019-03-13,3.213,-0.007721
2019-03-14,3.201,-0.003735
2019-03-15,3.226,0.00781
2019-03-18,3.276,0.015499
2019-03-19,3.268,-0.002442
2019-03-20,3.268,0.0
2019-03-21,3.274,0.001836
2019-03-22,3.272,-0.000611
2019-03-25,3.224,-0.01467
2019-03-26,3.203,-0.006514
2019-03-27,3.232,0.009054
2019-03-28,3.236,0.001238
2019-03-29,3.309,0.022559
2019-04-01,3.351,0.012693
2019-04-02,3.347,-0.001194
2019-04-03,3.371,0.007171
2019-04-04,3.388,0.005043
2019-04-08,3.379,-0.002656
2019-04-09,3.4,0.006215
2019-04-10,3.416,0.004706
2019-04-11,3.379,-0.010831
2019-04-12,3.369,-0.002959
2019-04-15,3.363,-0.001781
2019-04-16,3.414,0.015165
2019-04-17,3.418,0.001172
2019-04-18,3.422,0.00117
2019-04-19,3.458,0.01052
2019-04-22,3.412,-0.013302
2019-04-23,3.408,-0.001172
2019-04-24,3.412,0.001174
2019-04-25,3.373,-0.01143
2019-04-26,3.349,-0.007115
2019-04-29,3.367,0.005375
2019-04-30,3.369,0.000594
2019-05-06,3.266,-0.030573
2019-05-07,3.292,0.007961
2019-05-08,3.258,-0.010328
2019-05-09,3.224,-0.010436
2019-05-10,3.305,0.025124
2019-05-13,3.272,-0.009985
2019-05-14,3.254,-0.005501
2019-05-15,3.303,0.015058
2019-05-16,3.309,0.001817
2019-05-17,3.262,-0.014204
2019-05-20,3.242,-0.006131
2019-05-21,3.264,0.006786
2019-05-22,3.258,-0.001838
2019-05-23,3.22,-0.011664
2019-05-24,3.224,0.001242
2019-05-27,3.234,0.003102
2019-05-28,3.254,0.006184
2019-05-29,3.256,0.000615
2019-05-30,3.238,-0.005528
2019-05-31,3.232,-0.001853
2019-06-03,3.238,0.001856
2019-06-04,3.213,-0.007721
2019-06-05,3.213,0.0
2019-06-06,3.197,-0.00498
2019-06-10,3.228,0.009697
2019-06-11,3.286,0.017968
2019-06-12,3.272,-0.00426
2019-06-13,3.264,-0.002445
2019-06-14,3.256,-0.002451
2019-06-17,3.254,-0.000614
2019-06-18,3.262,0.002459
2019-06-19,3.294,0.00981
2019-06-20,3.357,0.019126
2019-06-21,3.359,0.000596
2019-06-24,3.365,0.001786
2019-06-25,3.345,-0.005944
2019-06-26,3.343,-0.000598
2019-06-27,3.373,0.008974
2019-06-28,3.375,0.000593
2019-06-30,3.375,0.0
2019-07-01,3.436,0.018074
2019-07-02,3.438,0.000582
2019-07-03,3.412,-0.007563
2019-07-04,3.392,-0.005862
2019-07-05,3.41,0.005307
2019-07-08,3.369,-0.012023
2019-07-09,3.363,-0.001781
2019-07-10,3.369,0.001784
2019-07-11,3.375,0.001781
2019-07-12,3.388,0.003852
2019-07-15,3.392,0.001181
2019-07-16,3.373,-0.005601
2019-07-17,3.373,0.0
2019-07-18,3.353,-0.005929
2019-07-19,3.369,0.004772
2019-07-22,3.371,0.000594
2019-07-23,3.377,0.00178
2019-07-24,3.394,0.005034
2019-07-25,3.408,0.004125
2019-07-26,3.412,0.001174
2019-07-29,3.408,-0.001172
2019-07-30,3.414,0.001761
2019-07-31,3.396,-0.005272
2019-08-01,3.377,-0.005595
2019-08-02,3.353,-0.007107
2019-08-05,3.319,-0.01014
2019-08-06,3.298,-0.006327
2019-08-07,3.292,-0.001819
2019-08-08,3.321,0.008809
2019-08-09,3.296,-0.007528
2019-08-12,3.331,0.010619
2019-08-13,3.319,-0.003603
2019-08-14,3.329,0.003013
2019-08-15,3.343,0.004205
2019-08-16,3.359,0.004786
2019-08-19,3.398,0.011611
2019-08-20,3.402,0.001177
2019-08-21,3.398,-0.001176
2019-08-22,3.41,0.003531
2019-08-23,3.43,0.005865
2019-08-26,3.408,-0.006414
2019-08-27,3.43,0.006455
2019-08-28,3.416,-0.004082
2019-08-29,3.406,-0.002927
2019-08-30,3.408,0.000587
2019-09-02,3.426,0.005282
2019-09-03,3.428,0.000584
2019-09-04,3.434,0.00175
2019-09-05,3.45,0.004659
2019-09-06,3.464,0.004058
2019-09-09,3.481,0.004908
2019-09-10,3.477,-0.001149
2019-09-11,3.448,-0.008341
2019-09-12,3.466,0.00522
2019-09-16,3.468,0.000577
2019-09-17,3.438,-0.008651
2019-09-18,3.454,0.004654
2019-09-19,3.462,0.002316
2019-09-20,3.468,0.001733
2019-09-23,3.446,-0.006344
2019-09-24,3.454,0.002322
2019-09-25,3.44,-0.004053
2019-09-26,3.418,-0.006395
2019-09-27,3.426,0.002341
2019-09-30,3.402,-0.007005
2019-10-08,3.416,0.004115
2019-10-09,3.412,-0.001171
2019-10-10,3.432,0.005862
2019-10-11,3.444,0.003497
2019-10-14,3.462,0.005226
2019-10-15,3.454,-0.002311
2019-10-16,3.448,-0.001737
2019-10-17,3.456,0.00232
2019-10-18,3.434,-0.006366
2019-10-21,3.434,0.0
2019-10-22,3.448,0.004077
2019-10-23,3.434,-0.00406
2019-10-24,3.418,-0.004659
2019-10-25,3.434,0.004681
2019-10-28,3.456,0.006407
2019-10-29,3.46,0.001157
2019-10-30,3.456,-0.001156
2019-10-31,3.454,-0.000579
2019-11-01,3.485,0.008975
2019-11-04,3.497,0.003443
2019-11-05,3.507,0.00286
2019-11-06,3.493,-0.003992
2019-11-07,3.501,0.00229
2019-11-08,3.497,-0.001143
2019-11-11,3.468,-0.008293
2019-11-12,3.468,0.0
2019-11-13,3.477,0.002595
2019-11-14,3.481,0.00115
2019-11-15,3.466,-0.004309
2019-11-18,3.477,0.003174
2019-11-19,3.501,0.006903
2019-11-20,3.485,-0.00457
2019-11-21,3.473,-0.003443
2019-11-22,3.448,-0.007198
2019-11-25,3.45,0.00058
2019-11-26,3.452,0.00058
2019-11-27,3.456,0.001159
2019-11-28,3.446,-0.002894
2019-11-29,3.428,-0.005223
2019-12-02,3.428,0.0
2019-12-03,3.436,0.002334
2019-12-04,3.438,0.000582
2019-12-05,3.46,0.006399
2019-12-06,3.477,0.004913
2019-12-09,3.471,-0.001726
2019-12-10,3.481,0.002881
2019-12-11,3.477,-0.001149
2019-12-12,3.473,-0.00115
2019-12-13,3.511,0.010942
2019-12-16,3.523,0.003418
2019-12-17,3.551,0.007948
2019-12-18,3.541,-0.002816
2019-12-19,3.541,0.0
2019-12-20,3.531,-0.002824
2019-12-23,3.511,-0.005664
2019-12-24,3.529,0.005127
2019-12-25,3.537,0.002267
2019-12-26,3.549,0.003393
2019-12-27,3.547,-0.000564
2019-12-30,3.572,0.007048
2019-12-31,3.58,0.00224
2020-01-02,3.606,0.007263
2020-01-03,3.602,-0.001109
2020-01-06,3.608,0.001666
2020-01-07,3.62,0.003326
2020-01-08,3.618,-0.000552
2020-01-09,3.655,0.010227
2020-01-10,3.647,-0.002189
2020-01-13,3.671,0.006581
2020-01-14,3.657,-0.003814
2020-01-15,3.657,0.0
2020-01-16,3.655,-0.000547
2020-01-17,3.657,0.000547
2020-01-20,3.671,0.003828
2020-01-21,3.63,-0.011169
2020-01-22,3.663,0.009091
2020-01-23,3.596,-0.018291
2020-02-03,3.46,-0.03782
2020-02-04,3.543,0.023988
2020-02-05,3.562,0.005363
2020-02-06,3.598,0.010107
2020-02-07,3.592,-0.001668
2020-02-10,3.602,0.002784
2020-02-11,3.616,0.003887
2020-02-12,3.63,0.003872
2020-02-13,3.618,-0.003306
2020-02-14,3.626,0.002211
2020-02-17,3.675,0.013514
2020-02-18,3.667,-0.002177
2020-02-19,3.657,-0.002727
2020-02-20,3.707,0.013672
2020-02-21,3.717,0.002698
2020-02-24,3.715,-0.000538
2020-02-25,3.721,0.001615
2020-02-26,3.671,-0.013437
2020-02-27,3.685,0.003814
2020-02-28,3.618,-0.018182
2020-03-02,3.691,0.020177
2020-03-03,3.693,0.000542
2020-03-04,3.695,0.000542
2020-03-05,3.736,0.011096
2020-03-06,3.697,-0.010439
2020-03-09,3.618,-0.021369
2020-03-10,3.673,0.015202
2020-03-11,3.645,-0.007623
2020-03-12,3.602,-0.011797
2020-03-13,3.576,-0.007218
2020-03-16,3.473,-0.028803
2020-03-17,3.458,-0.004319
2020-03-18,3.42,-0.010989
2020-03-19,3.388,-0.009357
2020-03-20,3.422,0.010035
2020-03-23,3.343,-0.023086
2020-03-24,3.394,0.015256
2020-03-25,3.46,0.019446
2020-03-26,3.444,-0.004624
2020-03-27,3.452,0.002323
2020-03-30,3.43,-0.006373
2020-03-31,3.44,0.002915
2020-04-01,3.434,-0.001744
2020-04-02,3.471,0.010775
2020-04-03,3.46,-0.003169
2020-04-07,3.505,0.013006
2020-04-08,3.501,-0.001141
2020-04-09,3.505,0.001143
2020-04-10,3.493,-0.003424
2020-04-13,3.475,-0.005153
2020-04-14,3.527,0.014964
2020-04-15,3.507,-0.005671
2020-04-16,3.513,0.001711
2020-04-17,3.537,0.006832
2020-04-20,3.553,0.004524
2020-04-21,3.531,-0.006192
2020-04-22,3.549,0.005098
2020-04-23,3.547,-0.000564
2020-04-24,3.533,-0.003947
2020-04-27,3.549,0.004529
2020-04-28,3.574,0.007044
2020-04-29,3.574,0.0
2020-04-30,3.594,0.005596
2020-05-06,3.612,0.005008
2020-05-07,3.622,0.002769
2020-05-08,3.649,0.007454
2020-05-11,3.645,-0.001096
2020-05-12,3.651,0.001646
2020-05-13,3.661,0.002739
2020-05-14,3.634,-0.007375
2020-05-15,3.634,0.0
2020-05-18,3.643,0.002477
2020-05-19,3.677,0.009333
2020-05-20,3.667,-0.00272
2020-05-21,3.661,-0.001636
2020-05-22,3.606,-0.015023
2020-05-25,3.618,0.003328
2020-05-26,3.649,0.008568
2020-05-27,3.63,-0.005207
2020-05-28,3.622,-0.002204
2020-05-29,3.63,0.002209
2020-06-01,3.697,0.018457
2020-06-02,3.691,-0.001623
2020-06-03,3.701,0.002709
2020-06-04,3.707,0.001621
2020-06-05,3.719,0.003237
2020-06-08,3.734,0.004033
2020-06-09,3.752,0.004821
2020-06-10,3.76,0.002132
2020-06-11,3.744,-0.004255
2020-06-12,3.75,0.001603
2020-06-15,3.717,-0.0088
2020-06-16,3.752,0.009416
2020-06-17,3.762,0.002665
2020-06-18,3.768,0.001595
2020-06-19,3.798,0.007962
2020-06-22,3.798,0.0
2020-06-23,3.821,0.006056
2020-06-24,3.833,0.003141
2020-06-29,3.827,-0.001565
2020-06-30,3.871,0.011497
2020-07-01,3.904,0.008525
2020-07-02,3.922,0.004611
2020-07-03,3.93,0.00204
2020-07-06,4.037,0.027226
2020-07-07,4.088,0.012633
2020-07-08,4.108,0.004892
2020-07-09,4.142,0.008277
2020-07-10,4.11,-0.007726
2020-07-13,4.173,0.015328
2020-07-14,4.151,-0.005272
2020-07-15,4.134,-0.004095
2020-07-16,4.023,-0.026851
2020-07-17,4.041,0.004474
2020-07-20,4.076,0.008661
2020-07-21,4.106,0.00736
2020-07-22,4.118,0.002923
2020-07-23,4.124,0.001457
2020-07-24,4.027,-0.023521
2020-07-27,4.041,0.003477
2020-07-28,4.094,0.013116
2020-07-29,4.138,0.010747
2020-07-30,4.134,-0.000967
2020-07-31,4.157,0.005564
2020-08-03,4.175,0.00433
2020-08-04,4.171,-0.000958
2020-08-05,4.177,0.001439
2020-08-06,4.159,-0.004309
2020-08-07,4.124,-0.008415
2020-08-10,4.126,0.000485
2020-08-11,4.116,-0.002424
2020-08-12,4.092,-0.005831
2020-08-13,4.108,0.00391
2020-08-14,4.157,0.011928
2020-08-17,4.183,0.006255
2020-08-18,4.209,0.006216
2020-08-19,4.169,-0.009503
2020-08-20,4.146,-0.005517
2020-08-21,4.165,0.004583
2020-08-24,4.195,0.007203
2020-08-25,4.207,0.002861
2020-08-26,4.195,-0.002852
2020-08-27,4.197,0.000477
2020-08-28,4.27,0.017393
2020-08-31,4.238,-0.007494
2020-09-01,4.25,0.002832
2020-09-02,4.246,-0.000941
2020-09-03,4.231,-0.003533
2020-09-04,4.199,-0.007563
2020-09-07,4.136,-0.015004
2020-09-08,4.136,0.0
2020-09-09,4.092,-0.010638
2020-09-10,4.122,0.007331
2020-09-11,4.136,0.003396
2020-09-14,4.151,0.003627
2020-09-15,4.181,0.007227
2020-09-16,4.159,-0.005262
2020-09-17,4.144,-0.003607
2020-09-18,4.197,0.01279
2020-09-21,4.169,-0.006671
2020-09-22,4.149,-0.004797
2020-09-23,4.153,0.000964
2020-09-24,4.108,-0.010836
2020-09-25,4.106,-0.000487
2020-09-28,4.122,0.003897
2020-09-29,4.126,0.00097
2020-09-30,4.124,-0.000485
2020-10-09,4.163,0.009457
2020-10-12,4.238,0.018016
2020-10-13,4.256,0.004247
2020-10-14,4.238,-0.004229
2020-10-15,4.229,-0.002124
2020-10-16,4.223,-0.001419
2020-10-19,4.205,-0.004262
2020-10-20,4.231,0.006183
2020-10-21,4.24,0.002127
2020-10-22,4.242,0.000472
2020-10-23,4.197,-0.010608
2020-10-26,4.197,0.0
2020-10-27,4.207,0.002383
2020-10-28,4.231,0.005705
2020-10-29,4.266,0.008272
2020-10-30,4.221,-0.010549
2020-11-02,4.254,0.007818
2020-11-03,4.276,0.005172
2020-11-04,4.335,0.013798
2020-11-05,4.371,0.008304
2020-11-06,4.383,0.002745
2020-11-09,4.406,0.005248
2020-11-10,4.397,-0.002043
2020-11-11,4.391,-0.001365
2020-11-12,4.406,0.003416
2020-11-13,4.367,-0.008852
2020-11-16,4.395,0.006412
2020-11-17,4.404,0.002048
2020-11-18,4.408,0.000908
2020-11-19,4.444,0.008167
2020-11-20,4.448,0.0009
2020-11-23,4.482,0.007644
2020-11-24,4.44,-0.009371
2020-11-25,4.399,-0.009234
2020-11-26,4.395,-0.000909
2020-11-27,4.442,0.010694
2020-11-30,4.391,-0.011481
2020-12-01,4.45,0.013437
2020-12-02,4.456,0.001348
2020-12-03,4.452,-0.000898
2020-12-04,4.462,0.002246
2020-12-07,4.442,-0.004482
2020-12-08,4.43,-0.002701
2020-12-09,4.395,-0.007901
2020-12-10,4.397,0.000455
2020-12-11,4.371,-0.005913
2020-12-14,4.408,0.008465
2020-12-15,4.416,0.001815
2020-12-16,4.436,0.004529
2020-12-17,4.46,0.00541
2020-12-18,4.422,-0.00852
2020-12-21,4.428,0.001357
2020-12-22,4.401,-0.006098
2020-12-23,4.426,0.005681
2020-12-24,4.428,0.000452
2020-12-25,4.45,0.004968
2020-12-28,4.472,0.004944
2020-12-29,4.468,-0.000894
2020-12-30,4.511,0.009624
2020-12-31,4.557,0.010197
2021-01-04,4.559,0.000439
2021-01-05,4.638,0.017328
2021-01-06,4.689,0.010996
2021-01-07,4.78,0.019407
2021-01-08,4.754,-0.005439
2021-01-11,4.75,-0.000841
2021-01-12,4.826,0.016
2021-01-13,4.8,-0.005387
2021-01-14,4.731,-0.014375
2021-01-15,4.737,0.001268
2021-01-18,4.786,0.010344
2021-01-19,4.727,-0.012328
2021-01-20,4.737,0.002116
2021-01-21,4.782,0.0095
2021-01-22,4.782,0.0
2021-01-25,4.849,0.014011
2021-01-26,4.78,-0.01423
2021-01-27,4.786,0.001255
2021-01-28,4.699,-0.018178
2021-01-29,4.699,0.0
2021-02-01,4.741,0.008938
2021-02-02,4.776,0.007382
2021-02-03,4.788,0.002513
2021-02-04,4.812,0.005013
2021-02-05,4.829,0.003533
2021-02-08,4.875,0.009526
2021-02-09,4.924,0.010051
2021-02-10,4.992,0.01381
2021-02-18,4.958,-0.006811
2021-02-19,4.94,-0.00363
2021-02-22,4.822,-0.023887
2021-02-23,4.837,0.003111
2021-02-24,4.766,-0.014679
2021-02-25,4.796,0.006295
2021-02-26,4.737,-0.012302
2021-03-01,4.77,0.006966
2021-03-02,4.752,-0.003774
2021-03-03,4.808,0.011785
2021-03-04,4.727,-0.016847
2021-03-05,4.703,-0.005077
2021-03-08,4.616,-0.018499
2021-03-09,4.551,-0.014081
2021-03-10,4.58,0.006372
2021-03-11,4.659,0.017249
2021-03-12,4.669,0.002146
2021-03-15,4.61,-0.012637
2021-03-16,4.648,0.008243
2021-03-17,4.656,0.001721
2021-03-18,4.693,0.007947
2021-03-19,4.602,-0.019391
2021-03-22,4.63,0.006084
2021-03-23,4.604,-0.005616
2021-03-24,4.553,-0.011077
2021-03-25,4.545,-0.001757
2021-03-26,4.594,0.010781
2021-03-29,4.604,0.002177
2021-03-30,4.632,0.006082
2021-03-31,4.606,-0.005613
2021-04-01,4.634,0.006079
2021-04-02,4.661,0.005826
2021-04-06,4.646,-0.003218
2021-04-07,4.626,-0.004305
2021-04-08,4.626,0.0
2021-04-09,4.586,-0.008647
2021-04-12,4.541,-0.009812
2021-04-13,4.541,0.0
2021-04-14,4.551,0.002202
2021-04-15,4.533,-0.003955
2021-04-16,4.541,0.001765
2021-04-19,4.602,0.013433
2021-04-20,4.608,0.001304
2021-04-21,4.62,0.002604
2021-04-22,4.626,0.001299
2021-04-23,4.646,0.004323
2021-04-26,4.596,-0.010762
2021-04-27,4.608,0.002611
2021-04-28,4.6,-0.001736
2021-04-29,4.638,0.008261
2021-04-30,4.608,-0.006468
2021-05-06,4.586,-0.004774
2021-05-07,4.553,-0.007196
2021-05-10,4.537,-0.003514
2021-05-11,4.555,0.003967
2021-05-12,4.539,-0.003513
2021-05-13,4.507,-0.00705
2021-05-14,4.557,0.011094
2021-05-17,4.606,0.010753
2021-05-18,4.614,0.001737
2021-05-19,4.588,-0.005635
2021-05-20,4.614,0.005667
2021-05-21,4.588,-0.005635
2021-05-24,4.606,0.003923
2021-05-25,4.701,0.020625
2021-05-26,4.717,0.003404
2021-05-27,4.717,0.0
2021-05-28,4.695,-0.004664
2021-05-31,4.687,-0.001704
2021-06-01,4.681,-0.00128
2021-06-02,4.665,-0.003418
2021-06-03,4.638,-0.005788
2021-06-04,4.659,0.004528
2021-06-07,4.646,-0.00279
2021-06-08,4.63,-0.003444
2021-06-09,4.63,0.0
2021-06-10,4.636,0.001296
2021-06-11,4.592,-0.009491
2021-06-15,4.557,-0.007622
2021-06-16,4.551,-0.001317
2021-06-17,4.547,-0.000879
2021-06-18,4.535,-0.002639
2021-06-21,4.525,-0.002205
2021-06-22,4.553,0.006188
2021-06-23,4.563,0.002196
2021-06-24,4.574,0.002411
2021-06-25,4.608,0.007433
2021-06-28,4.594,-0.003038
2021-06-29,4.557,-0.008054
2021-06-30,4.567,0.002194
2021-07-01,4.61,0.009415
2021-07-02,4.503,-0.02321
2021-07-05,4.486,-0.003775
2021-07-06,4.505,0.004235
2021-07-07,4.529,0.005327
2021-07-08,4.484,-0.009936
2021-07-09,4.47,-0.003122
2021-07-12,4.489,0.004251
2021-07-13,4.509,0.004455
2021-07-14,4.478,-0.006875
2021-07-15,4.509,0.006923
2021-07-16,4.474,-0.007762
2021-07-19,4.491,0.0038
2021-07-20,4.468,-0.005121
2021-07-21,4.472,0.000895
2021-07-22,4.478,0.001342
2021-07-23,4.438,-0.008933
2021-07-26,4.355,-0.018702
2021-07-27,4.256,-0.022732
2021-07-28,4.276,0.004699
2021-07-29,4.2991,0.005402
2021-07-30,4.2712,-0.00649
2021-08-02,4.344,0.017044
2021-08-03,4.3606,0.003821
2021-08-04,4.3667,0.001399
2021-08-05,4.3491,-0.004031
2021-08-06,4.3487,-9.2e-05
2021-08-09,4.4246,0.017453
2021-08-10,4.4679,0.009786
2021-08-11,4.461,-0.001544
2021-08-12,4.4294,-0.007084
2021-08-13,4.4235,-0.001332
2021-08-16,4.441,0.003956
2021-08-17,4.3871,-0.012137
2021-08-18,4.4333,0.010531
2021-08-19,4.3895,-0.00988
2021-08-20,4.3369,-0.011983
2021-08-23,4.359,0.005096
2021-08-24,4.381,0.005047
2021-08-25,4.3713,-0.002214
2021-08-26,4.3098,-0.014069
2021-08-27,4.3201,0.00239
2021-08-30,4.2794,-0.009421
2021-08-31,4.2861,0.001566
2021-09-01,4.3311,0.010499
2021-09-02,4.3499,0.004341
2021-09-03,4.3477,-0.000506
2021-09-06,4.3849,0.008556
2021-09-07,4.4155,0.006978
2021-09-08,4.4015,-0.003171
2021-09-09,4.3851,-0.003726
2021-09-10,4.429,0.010011
2021-09-13,4.4189,-0.00228
2021-09-14,4.3642,-0.012379
2021-09-15,4.3268,-0.00857
2021-09-16,4.308,-0.004345
2021-09-17,4.3108,0.00065
2021-09-22,4.2679,-0.009952
2021-09-23,4.2811,0.003093
2021-09-24,4.2851,0.000934
2021-09-27,4.3094,0.005671
2021-09-28,4.3209,0.002669
2021-09-29,4.3187,-0.000509
2021-09-30,4.3175,-0.000278
2021-10-08,4.3566,0.009056
2021-10-11,4.381,0.005601
2021-10-12,4.3734,-0.001735
2021-10-13,4.3964,0.005259
2021-10-14,4.3829,-0.003071
2021-10-15,4.4005,0.004016
2021-10-18,4.3529,-0.010817
2021-10-19,4.3833,0.006984
2021-10-20,4.3608,-0.005133
2021-10-21,4.3825,0.004976
2021-10-22,4.429,0.01061
2021-10-25,4.4179,-0.002506
2021-10-26,4.4175,-9.1e-05
2021-10-27,4.379,-0.008715
2021-10-28,4.3701,-0.002032
2021-10-29,4.3881,0.004119
2021-11-01,4.4072,0.004353
2021-11-02,4.375,-0.007306
2021-11-03,4.3572,-0.004069
2021-11-04,4.3756,0.004223
2021-11-05,4.3665,-0.00208
2021-11-08,4.3622,-0.000985
2021-11-09,4.3527,-0.002178
2021-11-10,4.3365,-0.003722
2021-11-11,4.4003,0.014712
2021-11-12,4.4003,0.0
2021-11-15,4.4114,0.002523
2021-11-16,4.4144,0.00068
2021-11-17,4.397,-0.003942
2021-11-18,4.3649,-0.0073
2021-11-19,4.4033,0.008797
2021-11-22,4.4009,-0.000545
2021-11-23,4.3922,-0.001977
2021-11-24,4.4118,0.004462
2021-11-25,4.398,-0.003128
2021-11-26,4.3738,-0.005503
2021-11-29,4.377,0.000732
2021-11-30,4.3622,-0.003381
2021-12-01,4.3721,0.002269
2021-12-02,4.3616,-0.002402
2021-12-03,4.3978,0.0083
2021-12-06,4.3997,0.000432
2021-12-07,4.4207,0.004773
2021-12-08,4.461,0.009116
2021-12-09,4.5079,0.010513
2021-12-10,4.4982,-0.002152
2021-12-13,4.5045,0.001401
2021-12-14,4.4824,-0.004906
2021-12-15,4.4561,-0.005867
2021-12-16,4.4739,0.003995
2021-12-17,4.4395,-0.007689
2021-12-20,4.4199,-0.004415
2021-12-21,4.4401,0.00457
2021-12-22,4.4399,-4.5e-05
2021-12-23,4.4632,0.005248
2021-12-24,4.48,0.003764
2021-12-27,4.459,-0.004688
2021-12-28,4.481,0.004934
2021-12-29,4.4294,-0.011515
2021-12-30,4.4438,0.003251
2021-12-31,4.4533,0.002138
2022-01-04,4.4523,-0.000225
2022-01-05,4.4377,-0.003279
2022-01-06,4.3974,-0.009081
2022-01-07,4.4169,0.004434
2022-01-10,4.4446,0.006271
2022-01-11,4.4094,-0.00792
2022-01-12,4.4175,0.001837
2022-01-13,4.3529,-0.014624
2022-01-14,4.3296,-0.005353
2022-01-17,4.3519,0.005151
2022-01-18,4.3948,0.009858
2022-01-19,4.3999,0.00116
2022-01-20,4.4573,0.013046
2022-01-21,4.4349,-0.005025
2022-01-24,4.4391,0.000947
2022-01-25,4.3904,-0.010971
2022-01-26,4.3924,0.000456
2022-01-27,4.361,-0.007149
2022-01-28,4.3242,-0.008438
2022-02-07,4.3572,0.007631
2022-02-08,4.3329,-0.005577
2022-02-09,4.3606,0.006393
2022-02-10,4.3448,-0.003623
2022-02-11,4.3418,-0.00069
2022-02-14,4.3122,-0.006817
2022-02-15,4.3165,0.000997
2022-02-16,4.3284,0.002757
2022-02-17,4.3209,-0.001733
2022-02-18,4.3452,0.005624
2022-02-21,4.3472,0.00046
2022-02-22,4.2999,-0.010881
2022-02-23,4.309,0.002116
2022-02-24,4.2584,-0.011743
2022-02-25,4.2705,0.002841
2022-02-28,4.2604,-0.002365
2022-03-01,4.2823,0.00514
2022-03-02,4.2651,-0.004017
2022-03-03,4.2699,0.001125
2022-03-04,4.2388,-0.007284
2022-03-07,4.1647,-0.017481
2022-03-08,4.105,-0.014335
2022-03-09,4.07,-0.008526
2022-03-10,4.1013,0.00769
2022-03-11,4.1058,0.001097
2022-03-14,4.0329,-0.017755
2022-03-15,3.9141,-0.029458
2022-03-16,4.002,0.022457
2022-03-17,4.0655,0.015867
2022-03-18,4.0918,0.006469
2022-03-21,4.0649,-0.006574
2022-03-22,4.0795,0.003592
2022-03-23,4.1003,0.005099
2022-03-24,4.0939,-0.001561
2022-03-25,4.058,-0.008769
2022-03-28,4.054,-0.000986
2022-03-29,4.0524,-0.000395
2022-03-30,4.123,0.017422
2022-03-31,4.1307,0.001868
2022-04-01,4.174,0.010482
2022-04-06,4.2015,0.006588
2022-04-07,4.1659,-0.008473
2022-04-08,4.1857,0.004753
2022-04-11,4.1287,-0.013618
2022-04-12,4.141,0.002979
2022-04-13,4.1325,-0.002053
2022-04-14,4.1613,0.006969
2022-04-15,4.1756,0.003436
2022-04-18,4.1459,-0.007113
2022-04-19,4.1266,-0.004655
2022-04-20,4.087,-0.009596
2022-04-21,4.0554,-0.007732
2022-04-22,4.0882,0.008088
2022-04-25,3.9823,-0.025904
2022-04-26,3.9819,-0.0001
2022-04-27,4.0139,0.008036
2022-04-28,4.0518,0.009442
2022-04-29,4.0999,0.011871
2022-05-05,4.0896,-0.002512
2022-05-06,4.0216,-0.016628
2022-05-09,3.9991,-0.005595
2022-05-10,4.0261,0.006752
2022-05-11,4.0327,0.001639
2022-05-12,4.0121,-0.005108
2022-05-13,4.0358,0.005907
2022-05-16,4.0176,-0.00451
2022-05-17,4.041,0.005824
2022-05-18,4.0257,-0.003786
2022-05-19,4.021,-0.001167
2022-05-20,4.0564,0.008804
2022-05-23,4.0228,-0.008283
2022-05-24,3.9795,-0.010764
2022-05-25,3.9797,5e-05
2022-05-26,3.989,0.002337
2022-05-27,3.9951,0.001529
2022-05-30,3.9947,-0.0001
2022-05-31,4.0214,0.006684
2022-06-01,4.0121,-0.002313
2022-06-02,3.9979,-0.003539
2022-06-06,4.0168,0.004727
2022-06-07,4.0364,0.00488
2022-06-08,4.0501,0.003394
2022-06-09,4.0501,0.0
2022-06-10,4.07,0.004913
2022-06-13,4.0103,-0.014668
2022-06-14,4.0382,0.006957
2022-06-15,4.088,0.012332
2022-06-16,4.0694,-0.00455
2022-06-17,4.0937,0.005971
2022-06-20,4.1074,0.003347
2022-06-21,4.1163,0.002167
2022-06-22,4.0718,-0.010811
2022-06-23,4.1005,0.007048
2022-06-24,4.1246,0.005877
2022-06-27,4.1519,0.006619
2022-06-28,4.1685,0.003998
2022-06-29,4.1617,-0.001631
2022-06-30,4.2094,0.011462
2022-07-01,4.1912,-0.004324
2022-07-04,4.189,-0.000525
2022-07-05,4.1849,-0.000979
2022-07-06,4.141,-0.01049
2022-07-07,4.1331,-0.001908
2022-07-08,4.1404,0.001766
2022-07-11,4.1121,-0.006835
2022-07-12,4.1226,0.002553
2022-07-13,4.0947,-0.006768
2022-07-14,4.0586,-0.008816
2022-07-15,4.0248,-0.008328
2022-07-18,4.0522,0.006808
2022-07-19,4.0477,-0.001111
2022-07-20,4.0505,0.000692
2022-07-21,4.0139,-0.009036
2022-07-22,4.0155,0.000399
2022-07-25,4.0275,0.002988
2022-07-26,4.0522,0.006133
2022-07-27,4.0293,-0.005651
2022-07-28,4.0263,-0.000745
2022-07-29,3.9957,-0.0076
2022-08-01,3.9813,-0.003604
2022-08-02,3.9443,-0.009293
2022-08-03,3.9192,-0.006364
2022-08-04,3.9433,0.006149
2022-08-05,3.9722,0.007329
2022-08-08,3.9664,-0.00146
2022-08-09,3.9591,-0.00184
2022-08-10,3.9378,-0.00538
2022-08-11,3.9854,0.012088
2022-08-12,4.0046,0.004818
2022-08-15,3.9801,-0.006118
2022-08-16,3.97,-0.002538
2022-08-17,3.9935,0.005919
2022-08-18,3.9605,-0.008263
2022-08-19,3.9692,0.002197
2022-08-22,3.9878,0.004686
2022-08-23,3.9704,-0.004363
2022-08-24,3.9455,-0.006271
2022-08-25,3.9777,0.008161
2022-08-26,3.9882,0.00264
2022-08-29,3.9789,-0.002332
2022-08-30,3.9836,0.001181
2022-08-31,4.0095,0.006502
2022-09-01,3.9957,-0.003442
2022-09-02,3.9864,-0.002328
2022-09-05,3.9823,-0.001028
2022-09-06,3.9912,0.002235
2022-09-07,3.9749,-0.004084
2022-09-08,3.985,0.002541
2022-09-09,4.0319,0.011769
2022-09-13,4.0356,0.000918
2022-09-14,4.0101,-0.006319
2022-09-15,4.0257,0.00389
2022-09-16,3.974,-0.012842
2022-09-19,3.9868,0.003221
2022-09-20,3.9607,-0.006547
2022-09-21,3.9532,-0.001894
2022-09-22,3.9269,-0.006653
2022-09-23,3.9265,-0.000102
2022-09-26,3.9127,-0.003515
2022-09-27,3.9419,0.007463
2022-09-28,3.9249,-0.004313
2022-09-29,3.9119,-0.003312
2022-09-30,3.922,0.002582
2022-10-10,3.8888,-0.008465
2022-10-11,3.8814,-0.001903
2022-10-12,3.9026,0.005462
2022-10-13,3.8739,-0.007354
2022-10-14,3.9077,0.008725
2022-10-17,3.9095,0.000461
2022-10-18,3.9004,-0.002328
2022-10-19,3.8605,-0.01023
2022-10-20,3.8382,-0.005776
2022-10-21,3.8259,-0.003205
2022-10-24,3.7524,-0.019211
2022-10-25,3.7496,-0.000746
2022-10-26,3.7425,-0.001894
2022-10-27,3.7431,0.00016
2022-10-28,3.6891,-0.014427
2022-10-31,3.6431,-0.012469
2022-11-01,3.6856,0.011666
2022-11-02,3.697,0.003093
2022-11-03,3.6735,-0.006357
2022-11-04,3.7257,0.01421
2022-11-07,3.7292,0.000939
2022-11-08,3.7182,-0.00295
2022-11-09,3.7166,-0.00043
2022-11-10,3.7067,-0.002664
2022-11-11,3.7964,0.024199
2022-11-14,3.8374,0.0108
2022-11-15,3.8706,0.008652
2022-11-16,3.8532,-0.004495
2022-11-17,3.8421,-0.002881
2022-11-18,3.8382,-0.001015
2022-11-21,3.8216,-0.004325
2022-11-22,3.8354,0.003611
2022-11-23,3.8273,-0.002112
2022-11-24,3.8212,-0.001594
2022-11-25,3.8631,0.010965
2022-11-28,3.8326,-0.007895
2022-11-29,3.9279,0.024866
2022-11-30,3.9164,-0.002928
2022-12-01,3.9226,0.001583
2022-12-02,3.8971,-0.006501
2022-12-05,3.95,0.013574
2022-12-06,3.9664,0.004152
2022-12-07,3.9514,-0.003782
2022-12-08,3.9589,0.001898
2022-12-09,3.9969,0.009599
2022-12-12,3.9635,-0.008356
2022-12-13,3.9672,0.000934
2022-12-14,3.9767,0.002395
2022-12-15,3.9591,-0.004426
2022-12-16,3.9734,0.003612
2022-12-19,3.9439,-0.007424
2022-12-20,3.8973,-0.011816
2022-12-21,3.9077,0.002669
2022-12-22,3.9218,0.003608
2022-12-23,3.9222,0.000102
2022-12-26,3.9113,-0.002779
2022-12-27,3.9433,0.008181
2022-12-28,3.9449,0.000406
2022-12-29,3.934,-0.002763
2022-12-30,3.9496,0.003965
2022-12-31,3.9496,0.0
2023-01-03,3.9601,0.002658
2023-01-04,3.983,0.005783
2023-01-05,4.0119,0.007256
2023-01-06,4.002,-0.002468
2023-01-09,3.9943,-0.001924
2023-01-10,3.9805,-0.003455
2023-01-11,3.991,0.002638
2023-01-12,3.9904,-0.00015
2023-01-13,4.0216,0.007819
2023-01-16,4.0572,0.008852
2023-01-17,4.0516,-0.00138
2023-01-18,4.0368,-0.003653
2023-01-19,4.0538,0.004211
2023-01-20,4.0597,0.001455
2023-01-30,4.0576,-0.000517
2023-01-31,4.0301,-0.006777
2023-02-01,4.0358,0.001414
2023-02-02,4.0338,-0.000496
2023-02-03,4.0115,-0.005528
2023-02-06,3.9686,-0.010694
2023-02-07,3.9801,0.002898
2023-02-08,3.9791,-0.000251
2023-02-09,4.0018,0.005705
2023-02-10,3.9886,-0.003299
2023-02-13,4.0008,0.003059
2023-02-14,4.0014,0.00015
2023-02-15,3.971,-0.007597
2023-02-16,3.9688,-0.000554
2023-02-17,3.95,-0.004737
2023-02-20,4.0117,0.01562
2023-02-21,4.019,0.00182
2023-02-22,3.9886,-0.007564
2023-02-23,3.983,-0.001404
2023-02-24,3.956,-0.006779
2023-02-27,3.9496,-0.001618
2023-02-28,3.9688,0.004861
2023-03-01,3.9997,0.007786
2023-03-02,4.0032,0.000875
2023-03-03,4.001,-0.00055
2023-03-06,3.9759,-0.006273
2023-03-07,3.9402,-0.008979
2023-03-08,3.9303,-0.002513
2023-03-09,3.917,-0.003384
2023-03-10,3.8913,-0.006561
2023-03-13,3.9192,0.00717
2023-03-14,3.902,-0.004389
2023-03-15,3.9087,0.001717
2023-03-16,3.8826,-0.006677
2023-03-17,3.9056,0.005924
2023-03-20,3.8963,-0.002381
2023-03-21,3.9212,0.006391
2023-03-22,3.9449,0.006044
2023-03-23,3.9639,0.004816
2023-03-24,3.9461,-0.004491
2023-03-27,3.9455,-0.000152
2023-03-28,3.9326,-0.00327
2023-03-29,3.9228,-0.002492
2023-03-30,3.9407,0.004563
2023-03-31,3.9568,0.004086
2023-04-03,3.9645,0.001946
2023-04-04,3.9919,0.006911
2023-04-06,3.9769,-0.003758
2023-04-07,4.0309,0.013578
2023-04-10,4.0216,-0.002307
2023-04-11,4.0133,-0.002064
2023-04-12,4.0259,0.00314
2023-04-13,4.0097,-0.004024
2023-04-14,4.0123,0.000648
2023-04-17,4.0453,0.008225
2023-04-18,4.0463,0.000247
2023-04-19,4.0174,-0.007142
2023-04-20,4.0129,-0.00112
2023-04-21,3.9611,-0.012908
2023-04-24,3.9431,-0.004544
2023-04-25,3.9186,-0.006213
2023-04-26,3.8941,-0.006252
2023-04-27,3.9358,0.010709
2023-04-28,3.9593,0.005971
2023-05-04,3.9753,0.004041
2023-05-05,3.9534,-0.005509
2023-05-08,3.9643,0.002757
2023-05-09,3.9388,-0.006432
2023-05-10,3.9245,-0.003631
2023-05-11,3.9232,-0.000331
2023-05-12,3.8844,-0.00989
2023-05-15,3.9141,0.007646
2023-05-16,3.8941,-0.00511
2023-05-17,3.8696,-0.006292
2023-05-18,3.8682,-0.000362
2023-05-19,3.8692,0.000259
2023-05-22,3.889,0.005117
2023-05-23,3.8696,-0.004988
2023-05-24,3.8255,-0.011397
2023-05-25,3.8095,-0.004182
2023-05-26,3.8156,0.001601
2023-05-29,3.7986,-0.004455
2023-05-30,3.8089,0.002712
2023-05-31,3.7832,-0.006747
2023-06-01,3.8008,0.004652
2023-06-02,3.8399,0.010287
2023-06-05,3.8291,-0.002813
2023-06-06,3.8212,-0.002063
2023-06-07,3.819,-0.000576
2023-06-08,3.8496,0.008013
2023-06-09,3.8391,-0.002728
2023-06-12,3.838,-0.000287
2023-06-13,3.8542,0.004221
2023-06-14,3.8522,-0.000519
2023-06-15,3.8706,0.004776
2023-06-16,3.8941,0.006071
2023-06-19,3.867,-0.006959
2023-06-20,3.8583,-0.00225
2023-06-21,3.8281,-0.007827
2023-06-26,3.7961,-0.008359
2023-06-27,3.8269,0.008114
2023-06-28,3.8273,0.000105
2023-06-29,3.8073,-0.005226
2023-06-30,3.8113,0.001051
2023-07-03,3.8447,0.008763
2023-07-04,3.8405,-0.001092
2023-07-05,3.8324,-0.002109
2023-07-06,3.8194,-0.003392
2023-07-07,3.8103,-0.002383
2023-07-10,3.8204,0.002651
2023-07-11,3.8346,0.003717
2023-07-12,3.833,-0.000417
2023-07-13,3.8674,0.008975
2023-07-14,3.8688,0.000362
2023-07-17,3.8476,-0.00548
2023-07-18,3.849,0.000364
2023-07-19,3.8538,0.001247
2023-07-20,3.8425,-0.002932
2023-07-21,3.8366,-0.001535
2023-07-24,3.8261,-0.002737
2023-07-25,3.9064,0.020987
2023-07-26,3.9111,0.001203
2023-07-27,3.9117,0.000153
2023-07-28,3.9653,0.013702
2023-07-31,3.9886,0.005876
2023-08-01,3.9823,-0.00158
2023-08-02,3.9649,-0.004369
2023-08-03,3.9842,0.004868
2023-08-04,3.9838,-0.0001
2023-08-07,3.9609,-0.005748
2023-08-08,3.954,-0.001742
2023-08-09,3.9589,0.001239
2023-08-10,3.968,0.002299
2023-08-11,3.9186,-0.01245
2023-08-14,3.9117,-0.001761
2023-08-15,3.9097,-0.000511
2023-08-16,3.8977,-0.003069
2023-08-17,3.905,0.001873
2023-08-18,3.8834,-0.005531
2023-08-21,3.8609,-0.005794
2023-08-22,3.8662,0.001373
2023-08-23,3.8291,-0.009596
2023-08-24,3.8178,-0.002951
2023-08-25,3.8241,0.00165
2023-08-28,3.8526,0.007453
2023-08-29,3.867,0.003738
2023-08-30,3.8631,-0.001009
2023-08-31,3.8486,-0.003753
2023-09-01,3.8852,0.00951
2023-09-04,3.9127,0.007078
2023-09-05,3.8886,-0.006159
2023-09-06,3.8805,-0.002083
2023-09-07,3.8593,-0.005463
2023-09-08,3.8484,-0.002824
2023-09-11,3.853,0.001195
2023-09-12,3.8463,-0.001739
2023-09-13,3.8399,-0.001664
2023-09-14,3.8423,0.000625
2023-09-15,3.8255,-0.004372
2023-09-18,3.8316,0.001595
2023-09-19,3.832,0.000104
2023-09-20,3.8312,-0.000209
2023-09-21,3.8148,-0.004281
2023-09-22,3.8425,0.007261
2023-09-25,3.8261,-0.004268
2023-09-26,3.8123,-0.003607
2023-09-27,3.8257,0.003515
2023-09-28,3.8166,-0.002379
2023-10-09,3.802,-0.003825
2023-10-10,3.7727,-0.007706
2023-10-11,3.7818,0.002412
2023-10-12,3.8095,0.007325
2023-10-13,3.7953,-0.003728
2023-10-16,3.7769,-0.004848
2023-10-17,3.7874,0.00278
2023-10-18,3.7682,-0.005069
2023-10-19,3.7255,-0.011332
2023-10-20,3.7075,-0.004832
2023-10-23,3.6956,-0.00321
2023-10-24,3.7002,0.001245
2023-10-25,3.7113,0.003
2023-10-26,3.717,0.001536
2023-10-27,3.7433,0.007076
2023-10-30,3.7585,0.004061
2023-10-31,3.752,-0.001729
2023-11-01,3.736,-0.004264
2023-11-02,3.7302,-0.001552
2023-11-03,3.7332,0.000804
2023-11-06,3.7611,0.007473
2023-11-07,3.7415,-0.005211
2023-11-08,3.7346,-0.001844
2023-11-09,3.7288,-0.001553
2023-11-10,3.7152,-0.003647
2023-11-13,3.7043,-0.002934
2023-11-14,3.6966,-0.002079
2023-11-15,3.7122,0.00422
2023-11-16,3.6972,-0.004041
2023-11-17,3.6903,-0.001866
2023-11-20,3.7057,0.004173
2023-11-21,3.7122,0.001754
2023-11-22,3.6927,-0.005253
2023-11-23,3.7077,0.004062
2023-11-24,3.7022,-0.001483
2023-11-27,3.6865,-0.004241
2023-11-28,3.6899,0.000922
2023-11-29,3.6646,-0.006857
2023-11-30,3.6672,0.000709
2023-12-01,3.6498,-0.004745
2023-12-04,3.6272,-0.006192
2023-12-05,3.5923,-0.009622
2023-12-06,3.5962,0.001086
2023-12-07,3.5915,-0.001307
2023-12-08,3.5887,-0.00078
2023-12-11,3.61,0.005935
2023-12-12,3.6174,0.00205
2023-12-13,3.5847,-0.00904
2023-12-14,3.5774,-0.002036
2023-12-15,3.5691,-0.00232
2023-12-18,3.5644,-0.001317
2023-12-19,3.5567,-0.00216
2023-12-20,3.5417,-0.004217
2023-12-21,3.5571,0.004348
2023-12-22,3.5624,0.00149
2023-12-25,3.5713,0.002498
2023-12-26,3.5616,-0.002716
2023-12-27,3.5687,0.001993
2023-12-28,3.6049,0.010144
2023-12-29,3.6136,0.002413
2023-12-31,3.6134,-5.5e-05
2024-01-02,3.5956,-0.004926
2024-01-03,3.5972,0.000445
2024-01-04,3.5857,-0.003197
2024-01-05,3.5762,-0.002649
2024-01-08,3.5517,-0.006851
2024-01-09,3.5541,0.000676
2024-01-10,3.5438,-0.002898
2024-01-11,3.5484,0.001298
2024-01-12,3.5521,0.001043
2024-01-15,3.5573,0.001464
2024-01-16,3.5739,0.004666
2024-01-17,3.5395,-0.009625
2024-01-18,3.5567,0.004859
2024-01-19,3.5581,0.000394
2024-01-22,3.5254,-0.00919
2024-01-23,3.5314,0.001702
2024-01-24,3.5573,0.007334
2024-01-25,3.5911,0.009502
2024-01-26,3.5897,-0.00039
2024-01-29,3.5907,0.000279
2024-01-30,3.5594,-0.008717
2024-01-31,3.5446,-0.004158
2024-02-01,3.5417,-0.000818
2024-02-02,3.5169,-0.007002
2024-02-05,3.5424,0.007251
2024-02-06,3.5936,0.014453
2024-02-07,3.6259,0.008988
2024-02-08,3.6261,5.5e-05
2024-02-19,3.6296,0.000965
2024-02-20,3.6415,0.003279
2024-02-21,3.6701,0.007854
2024-02-22,3.6761,0.001635
2024-02-23,3.6731,-0.000816
2024-02-26,3.6482,-0.006779
2024-02-27,3.6632,0.004112
2024-02-28,3.6458,-0.00475
2024-02-29,3.6733,0.007543
2024-03-01,3.6737,0.000109
2024-03-04,3.6656,-0.002205
2024-03-05,3.6893,0.006466
2024-03-06,3.6703,-0.00515
2024-03-07,3.666,-0.001172
2024-03-08,3.6599,-0.001664
2024-03-11,3.6828,0.006257
2024-03-12,3.6891,0.001711
2024-03-13,3.6666,-0.006099
2024-03-14,3.6616,-0.001364
2024-03-15,3.6638,0.000601
2024-03-18,3.6729,0.002484
2024-03-19,3.6632,-0.002641
2024-03-20,3.6658,0.00071
2024-03-21,3.6595,-0.001719
2024-03-22,3.648,-0.003143
2024-03-25,3.644,-0.001096
2024-03-26,3.6557,0.003211
2024-03-27,3.6541,-0.000438
2024-03-28,3.6549,0.000219
2024-03-29,3.6664,0.003146
2024-04-01,3.7004,0.009273
2024-04-02,3.6931,-0.001973
2024-04-03,3.6903,-0.000758
2024-04-08,3.6688,-0.005826
2024-04-09,3.6644,-0.001199
2024-04-10,3.6656,0.000327
2024-04-11,3.6674,0.000491
2024-04-12,3.6559,-0.003136
2024-04-15,3.7103,0.01488
2024-04-16,3.7053,-0.001348
2024-04-17,3.7286,0.006288
2024-04-18,3.7451,0.004425
2024-04-19,3.7478,0.000721
2024-04-22,3.7561,0.002215
2024-04-23,3.7373,-0.005005
2024-04-24,3.7395,0.000589
2024-04-25,3.7587,0.005134
2024-04-26,3.7567,-0.000532
2024-04-29,3.7694,0.003381
2024-04-30,3.7753,0.001565
2024-05-06,3.8061,0.008158
2024-05-07,3.8055,-0.000158
2024-05-08,3.7887,-0.004415
2024-05-09,3.8091,0.005384
2024-05-10,3.8146,0.001444
2024-05-13,3.8192,0.001206
2024-05-14,3.8018,-0.004556
2024-05-15,3.7996,-0.000579
2024-05-16,3.8121,0.00329
2024-05-17,3.8289,0.004407
2024-05-20,3.8273,-0.000418
2024-05-21,3.8178,-0.002482
2024-05-22,3.8113,-0.001703
2024-05-23,3.7915,-0.005195
2024-05-24,3.7802,-0.00298
2024-05-27,3.8008,0.005449
2024-05-28,3.7854,-0.004052
2024-05-29,3.7808,-0.001215
2024-05-30,3.7648,-0.004232
2024-05-31,3.7557,-0.002417
2024-06-03,3.7516,-0.001092
2024-06-04,3.7739,0.005944
2024-06-05,3.7601,-0.003657
2024-06-06,3.7729,0.003404
2024-06-07,3.7656,-0.001935
2024-06-11,3.7496,-0.004249
2024-06-12,3.7415,-0.00216
2024-06-13,3.7188,-0.006067
2024-06-14,3.7433,0.006588
2024-06-17,3.7296,-0.00366
2024-06-18,3.7344,0.001287
2024-06-19,3.7281,-0.001687
2024-06-20,3.7107,-0.004667
2024-06-21,3.7055,-0.001401
2024-06-24,3.7075,0.00054
2024-06-25,3.7113,0.001025
2024-06-26,3.7028,-0.00229
2024-06-27,3.6907,-0.003268
2024-06-28,3.7031,0.00336
2024-06-30,3.7028,-8.1e-05
2024-07-01,3.7233,0.005536
2024-07-02,3.7097,-0.003653
2024-07-03,3.696,-0.003693
2024-07-04,3.7008,0.001299
2024-07-05,3.6873,-0.003648
2024-07-08,3.6735,-0.003743
2024-07-09,3.68,0.001769
2024-07-10,3.6725,-0.002038
2024-07-11,3.6988,0.007161
2024-07-12,3.7148,0.004326
2024-07-15,3.7178,0.000808
2024-07-16,3.7148,-0.000807
2024-07-17,3.7203,0.001481
2024-07-18,3.746,0.006908
2024-07-19,3.7478,0.000481
2024-07-22,3.7275,-0.005417
2024-07-23,3.6875,-0.010731
2024-07-24,3.6749,-0.003417
2024-07-25,3.6591,-0.004299
2024-07-26,3.6865,0.007488
2024-07-29,3.6806,-0.0016
2024-07-30,3.6622,-0.004999
2024-07-31,3.702,0.010868
2024-08-01,3.6863,-0.004241
2024-08-02,3.668,-0.004964
2024-08-05,3.6482,-0.005398
2024-08-06,3.6401,-0.00222
2024-08-07,3.6417,0.00044
2024-08-08,3.6429,0.00033
2024-08-09,3.6387,-0.001153
2024-08-12,3.6476,0.002446
2024-08-13,3.65,0.000658
2024-08-14,3.6276,-0.006137
2024-08-15,3.6403,0.003501
2024-08-16,3.6456,0.001456
2024-08-19,3.6555,0.002716
2024-08-20,3.6504,-0.001395
2024-08-21,3.6387,-0.003205
2024-08-22,3.6496,0.002996
2024-08-23,3.6688,0.005261
2024-08-26,3.6686,-5.5e-05
2024-08-27,3.6589,-0.002644
2024-08-28,3.6561,-0.000765
2024-08-29,3.6419,-0.003884
2024-08-30,3.6535,0.003185
2024-09-02,3.6438,-0.002655
2024-09-03,3.652,0.00225
2024-09-04,3.644,-0.002191
2024-09-05,3.6444,0.00011
2024-09-06,3.6274,-0.004665
2024-09-09,3.5932,-0.009428
2024-09-10,3.5855,-0.002143
2024-09-11,3.5836,-0.00053
2024-09-12,3.579,-0.001284
2024-09-13,3.5764,-0.000726
2024-09-18,3.5954,0.005313
2024-09-19,3.6055,0.002809
2024-09-20,3.6083,0.000777
2024-09-23,3.6201,0.00327
2024-09-24,3.683,0.017375
2024-09-25,3.7069,0.006489
2024-09-26,3.7911,0.022714
2024-09-27,3.8514,0.015906
2024-09-30,4.0082,0.040712
2024-10-08,4.123,0.028641
2024-10-09,3.954,-0.04099
2024-10-10,4.0085,0.013784
2024-10-11,3.9623,-0.011526
2024-10-14,4.0111,0.012316
2024-10-15,3.9635,-0.011867
2024-10-16,3.9528,-0.0027
2024-10-17,3.9239,-0.007311
2024-10-18,3.9759,0.013252
2024-10-21,3.9846,0.002188
2024-10-22,3.9991,0.003639
2024-10-23,4.0113,0.003051
2024-10-24,3.9904,-0.00521
2024-10-25,3.9925,0.000526
2024-10-28,3.9937,0.000301
2024-10-29,3.9734,-0.005083
2024-10-30,3.9465,-0.00677
2024-10-31,3.9226,-0.006056
2024-11-01,3.9313,0.002218
2024-11-04,3.9651,0.008598
2024-11-05,4.0163,0.012913
2024-11-06,4.0,-0.004058
2024-11-07,4.0548,0.0137
2024-11-08,4.0261,-0.007078
2024-11-11,4.0076,-0.004595
2024-11-12,3.989,-0.004641
2024-11-13,3.9975,0.002131
2024-11-14,3.974,-0.005879
2024-11-15,3.937,-0.009311
2024-11-18,3.9289,-0.002057
2024-11-19,3.9374,0.002163
2024-11-20,3.9374,0.0
2024-11-21,3.933,-0.001117
2024-11-22,3.8708,-0.015815
2024-11-25,3.8631,-0.001989
2024-11-26,3.867,0.00101
2024-11-27,3.8931,0.006749
2024-11-28,3.8741,-0.00488
2024-11-29,3.8986,0.006324
2024-12-02,3.901,0.000616
2024-12-03,3.9067,0.001461
2024-12-04,3.8996,-0.001817
2024-12-05,3.8909,-0.002231
2024-12-06,3.9247,0.008687
2024-12-09,3.9192,-0.001401
2024-12-10,3.9421,0.005843
2024-12-11,3.9392,-0.000736
2024-12-12,3.968,0.007311
2024-12-13,3.9147,-0.013432
2024-12-16,3.8982,-0.004215
2024-12-17,3.9073,0.002334
2024-12-18,3.9137,0.001638
2024-12-19,3.9046,-0.002325
2024-12-20,3.8939,-0.00274
2024-12-23,3.9119,0.004623
2024-12-24,3.9396,0.007081
2024-12-25,3.9362,-0.000863
2024-12-26,3.9336,-0.000661
2024-12-27,3.9364,0.000712
2024-12-30,3.949,0.003201
2024-12-31,3.9332,-0.004001
2025-01-02,3.8884,-0.01139
2025-01-03,3.8737,-0.00378
2025-01-06,3.8712,-0.000645
2025-01-07,3.8674,-0.000982
2025-01-08,3.8731,0.001474
2025-01-09,3.8761,0.000775
2025-01-10,3.8569,-0.004953
2025-01-13,3.8463,-0.002748
2025-01-14,3.8803,0.00884
2025-01-15,3.8714,-0.002294
2025-01-16,3.8741,0.000697
2025-01-17,3.8832,0.002349
2025-01-20,3.8856,0.000618
2025-01-21,3.8777,-0.002033
2025-01-22,3.848,-0.007659
2025-01-23,3.8577,0.002521
2025-01-24,3.8698,0.003137
2025-01-27,3.8761,0.001628
2025-02-05,3.8429,-0.008565
2025-02-06,3.8526,0.002524
2025-02-07,3.8753,0.005892
2025-02-10,3.8759,0.000155
2025-02-11,3.8718,-0.001058
2025-02-12,3.8929,0.00545
2025-02-13,3.8984,0.001413
2025-02-14,3.9081,0.002488
2025-02-17,3.8965,-0.002968
2025-02-18,3.8909,-0.001437
2025-02-19,3.9093,0.004729
2025-02-20,3.9069,-0.000614
2025-02-21,3.9224,0.003967
2025-02-24,3.9091,-0.003391
2025-02-25,3.8816,-0.007035
2025-02-26,3.8979,0.004199
2025-02-27,3.9141,0.004156
2025-02-28,3.8797,-0.008789
2025-03-03,3.8844,0.001211
2025-03-04,3.8842,-5.1e-05
2025-03-05,3.887,0.000721
2025-03-06,3.9133,0.006766
2025-03-07,3.9164,0.000792
2025-03-10,3.9067,-0.002477
2025-03-11,3.9137,0.001792
2025-03-12,3.9083,-0.00138
2025-03-13,3.9058,-0.00064
2025-03-14,3.9643,0.014978
2025-03-17,3.9528,-0.002901
2025-03-18,3.9692,0.004149
2025-03-19,3.9882,0.004787
2025-03-20,3.9607,-0.006895
2025-03-21,3.9259,-0.008786
2025-03-24,3.9402,0.003642
2025-03-25,3.954,0.003502
2025-03-26,3.9386,-0.003895
2025-03-27,3.956,0.004418
2025-03-28,3.9451,-0.002755
2025-03-31,3.9332,-0.003016
2025-04-01,3.9322,-0.000254
2025-04-02,3.9188,-0.003408
2025-04-03,3.8844,-0.008778
2025-04-07,3.7342,-0.038667
2025-04-08,3.7569,0.006079
2025-04-09,3.7575,0.00016
2025-04-10,3.7919,0.009155
2025-04-11,3.7931,0.000316
2025-04-14,3.7978,0.001239
2025-04-15,3.7966,-0.000316
2025-04-16,3.7939,-0.000711
2025-04-17,3.797,0.000817
2025-04-18,3.8028,0.001528
2025-04-21,3.8148,0.003156
2025-04-22,3.8188,0.001049
2025-04-23,3.8188,0.0
2025-04-24,3.8243,0.00144
2025-04-25,3.8233,-0.000261
2025-04-28,3.8206,-0.000706
2025-04-29,3.8233,0.000707
2025-04-30,3.8192,-0.001072
2025-05-06,3.8328,0.003561
2025-05-07,3.852,0.005009
2025-05-08,3.8704,0.004777
2025-05-09,3.8688,-0.000413
2025-05-12,3.8941,0.006539
2025-05-13,3.9022,0.00208
2025-05-14,3.919,0.004305
2025-05-15,3.9044,-0.003725
2025-05-16,3.8973,-0.001818
2025-05-19,3.8923,-0.001283
2025-05-20,3.9083,0.004111
2025-05-21,3.9315,0.005936
2025-05-22,3.9342,0.000687
2025-05-23,3.9196,-0.003711
2025-05-26,3.9077,-0.003036
2025-05-27,3.9044,-0.000844
2025-05-28,3.9089,0.001153
2025-05-29,3.919,0.002584
2025-05-30,3.9109,-0.002067
2025-06-03,3.916,0.001304
2025-06-04,3.9214,0.001379
2025-06-05,3.9204,-0.000255
2025-06-06,3.9261,0.001454
2025-06-09,3.9275,0.000357
2025-06-10,3.9259,-0.000407
2025-06-11,3.9398,0.003541
2025-06-12,3.9572,0.004416
2025-06-13,3.9429,-0.003614
2025-06-16,3.9457,0.00071
2025-06-17,3.9409,-0.001217
2025-06-18,3.9344,-0.001649
2025-06-19,3.9188,-0.003965
2025-06-20,3.9281,0.002373
2025-06-23,3.9275,-0.000153
2025-06-24,3.949,0.005474
2025-06-25,3.9781,0.007369
2025-06-26,3.9742,-0.00098
2025-06-27,3.9629,-0.002843
2025-06-30,3.9779,0.003785
2025-07-01,3.9862,0.002087
2025-07-02,3.9908,0.001154
2025-07-03,4.0066,0.003959
2025-07-04,4.0113,0.001173
2025-07-07,3.9937,-0.004388
2025-07-08,4.0018,0.002028
2025-07-09,3.9969,-0.001224
2025-07-10,4.0184,0.005379
2025-07-11,4.0291,0.002663
2025-07-14,4.0305,0.000347
2025-07-15,4.0275,-0.000744
2025-07-16,4.0186,-0.00221
2025-07-17,4.042,0.005823
2025-07-18,4.0617,0.004874
2025-07-21,4.0769,0.003742
2025-07-22,4.0858,0.002183
2025-07-23,4.093,0.001762
2025-07-24,4.0997,0.001637
2025-07-25,4.1141,0.003512
2025-07-28,4.1366,0.005469
2025-07-29,4.142,0.001305
2025-07-30,4.1445,0.000604
2025-07-31,4.0858,-0.014163
2025-08-01,4.0833,-0.000612
2025-08-04,4.0874,0.001004
2025-08-05,4.1013,0.003401
2025-08-06,4.1052,0.000951
2025-08-07,4.0971,-0.001973
2025-08-08,4.0878,-0.00227
2025-08-11,4.0961,0.00203
2025-08-12,4.0987,0.000635
2025-08-13,4.123,0.005929
2025-08-14,4.1368,0.003347
2025-08-15,4.1406,0.000919
2025-08-18,4.14,-0.000145
2025-08-19,4.109,-0.007488
2025-08-20,4.1364,0.006668
2025-08-21,4.1606,0.00585
2025-08-22,4.1797,0.004591
2025-08-25,4.2295,0.011915
2025-08-26,4.2359,0.001513
2025-08-27,4.1938,-0.009939
2025-08-28,4.2104,0.003958
2025-08-29,4.2541,0.010379
2025-09-01,4.2752,0.00496
2025-09-02,4.2689,-0.001474
2025-09-03,4.2505,-0.00431
2025-09-04,4.2121,-0.009034
2025-09-05,4.272,0.014221
2025-09-08,4.3039,0.007467
2025-09-09,4.293,-0.002533
2025-09-10,4.276,-0.00396
2025-09-11,4.3021,0.006104
2025-09-12,4.2843,-0.004138
2025-09-15,4.2902,0.001377
2025-09-16,4.2748,-0.00359
2025-09-17,4.2875,0.002971
2025-09-18,4.2594,-0.006554
2025-09-19,4.2776,0.004273
2025-09-22,4.2884,0.002525
2025-09-23,4.2926,0.000979
2025-09-24,4.3252,0.007594
2025-09-25,4.3381,0.002983
2025-09-26,4.3159,-0.005117
2025-09-29,4.3505,0.008017
2025-09-30,4.3732,0.005218
2025-10-09,4.4124,0.008964
2025-10-10,4.3564,-0.012692
2025-10-13,4.3274,-0.006657
2025-10-14,4.2861,-0.009544
2025-10-15,4.3327,0.010872
2025-10-16,4.3331,9.2e-05
2025-10-17,4.2869,-0.010662
2025-10-20,4.2956,0.002029
2025-10-21,4.3226,0.006286
2025-10-22,4.3098,-0.002961
2025-10-23,4.3323,0.005221
2025-10-24,4.3428,0.002424
2025-10-27,4.3624,0.004513
2025-10-28,4.3377,-0.005662
2025-10-29,4.3788,0.009475
2025-10-30,4.3537,-0.005732
2025-10-31,4.3365,-0.003951
2025-11-03,4.3363,-4.6e-05
2025-11-04,4.2981,-0.008809
2025-11-05,4.3118,0.003187
2025-11-06,4.3426,0.007143
2025-11-07,4.3452,0.000599
2025-11-10,4.3707,0.005869
2025-11-11,4.3566,-0.003226
2025-11-12,4.3725,0.00365
2025-11-13,4.4193,0.010703
2025-11-14,4.3914,-0.006313
2025-11-17,4.3659,-0.005807
2025-11-18,4.3389,-0.006184
2025-11-19,4.3665,0.006361
2025-11-20,4.3521,-0.003298
2025-11-21,4.3045,-0.010937
2025-11-24,4.2977,-0.00158
2025-11-25,4.3139,0.003769
2025-11-26,4.3244,0.002434
2025-11-27,4.3211,-0.000763
2025-11-28,4.3242,0.000717
2025-12-01,4.3578,0.00777
2025-12-02,4.3543,-0.000803
2025-12-03,4.3477,-0.001516
2025-12-04,4.3598,0.002783
2025-12-05,4.3948,0.008028
2025-12-08,4.4013,0.001479
2025-12-09,4.3667,-0.007861
2025-12-10,4.3687,0.000458
2025-12-11,4.3657,-0.000687
2025-12-12,4.3869,0.004856
2025-12-15,4.3936,0.001527
2025-12-16,4.3691,-0.005576
2025-12-17,4.4187,0.011352
2025-12-18,4.4207,0.000453
2025-12-19,4.4333,0.00285
2025-12-22,4.4359,0.000586
2025-12-23,4.4397,0.000857
2025-12-24,4.4405,0.00018
2025-12-25,4.4549,0.003243
2025-12-26,4.4687,0.003098
2025-12-29,4.4575,-0.002506
2025-12-30,4.4679,0.002333
2025-12-31,4.4671,-0.000179
2026-01-05,4.5223,0.012357
2026-01-06,4.5879,0.014506
2026-01-07,4.5723,-0.0034
2026-01-08,4.5308,-0.009076
2026-01-09,4.5423,0.002538
2026-01-12,4.5292,-0.002884
2026-01-13,4.5393,0.00223
2026-01-14,4.5276,-0.002577
2026-01-15,4.5434,0.00349
2026-01-16,4.5274,-0.003522
2026-01-19,4.545,0.003887
2026-01-20,4.5666,0.004752
2026-01-21,4.5589,-0.001686
2026-01-22,4.548,-0.002391
2026-01-23,4.5341,-0.003056
2026-01-26,4.5571,0.005073
2026-01-27,4.5438,-0.002919
2026-01-28,4.5559,0.002663
2026-01-29,4.5903,0.007551
2026-01-30,4.5385,-0.011285
2026-02-02,4.4687,-0.01538
2026-02-03,4.5168,0.010764
2026-02-04,4.5604,0.009653
2026-02-05,4.5517,-0.001908
2026-02-06,4.5405,-0.002461
2026-02-09,4.5638,0.005132
2026-02-10,4.565,0.000263
2026-02-11,4.5654,8.8e-05
2026-02-12,4.5527,-0.002782
2026-02-13,4.5037,-0.010763
2026-02-24,4.527,0.005174
2026-02-25,4.5413,0.003159
2026-02-26,4.5116,-0.00654
2026-02-27,4.5205,0.001973
2026-03-02,4.532,0.002544
2026-03-03,4.4956,-0.008032
2026-03-04,4.4689,-0.005939
2026-03-05,4.4705,0.000358
2026-03-06,4.492,0.004809
2026-03-09,4.4488,-0.009617
2026-03-10,4.492,0.00971
2026-03-11,4.5316,0.008816
2026-03-12,4.5262,-0.001192
2026-03-13,4.5043,-0.004838
2026-03-16,4.4782,-0.005794
2026-03-17,4.4683,-0.002211
2026-03-18,4.4703,0.000448
2026-03-19,4.4041,-0.014809
2026-03-20,4.3918,-0.002793
2026-03-23,4.3037,-0.02006
2026-03-24,4.3394,0.008295
2026-03-25,4.3815,0.009702
2026-03-26,4.3555,-0.005934
2026-03-27,4.3817,0.006015
2026-03-30,4.3709,-0.002465
2026-03-31,4.3715,0.000137
2026-04-01,4.427,0.012696
2026-04-02,4.4003,-0.006031
2026-04-03,4.3663,-0.007727
2026-04-07,4.3701,0.00087
2026-04-08,4.4588,0.020297
2026-04-09,4.4513,-0.001682
2026-04-10,4.4733,0.004942
2026-04-13,4.4691,-0.000939
2026-04-14,4.4863,0.003849
2026-04-15,4.4818,-0.001003
2026-04-16,4.4976,0.003525
2026-04-17,4.4596,-0.008449
2026-04-20,4.493,0.007489
2026-04-21,4.4998,0.001513
2026-04-22,4.5009,0.000244
2026-04-23,4.4922,-0.001933
2026-04-24,4.4901,-0.000467
2026-04-27,4.5085,0.004098
2026-04-28,4.5308,0.004946
2026-04-29,4.5638,0.007283
2026-04-30,4.5351,-0.006289
2026-05-06,4.5529,0.003925
2026-05-07,4.5557,0.000615
2026-05-08,4.5426,-0.002876
2026-05-11,4.5863,0.00962
2026-05-12,4.5733,-0.002835
2026-05-13,4.5818,0.001859
2026-05-14,4.527,-0.01196
2026-05-15,4.5063,-0.004573
2026-05-18,4.4713,-0.007767
2026-05-19,4.4634,-0.001767
2026-05-20,4.4529,-0.002352
2026-05-21,4.4383,-0.003279
2026-05-22,4.4563,0.004056
2026-05-25,4.4567,9e-05
2026-05-26,4.4681,0.002558
2026-05-27,4.4517,-0.00367
2026-05-28,4.4325,-0.004313
2026-05-29,4.4507,0.004106
2026-06-01,4.4424,-0.001865
2026-06-02,4.4671,0.00556
2026-06-03,4.4646,-0.00056
2026-06-04,4.4343,-0.006787
2026-06-05,4.3871,-0.010644
2026-06-08,4.3507,-0.008297
2026-06-09,4.3825,0.007309
2026-06-10,4.3665,-0.003651
2026-06-11,4.3606,-0.001351
2026-06-12,4.3982,0.008623
2026-06-15,4.4282,0.006821
2026-06-16,4.395,-0.007497
2026-06-17,4.4049,0.002253
2026-06-18,4.3857,-0.004359
2026-06-22,4.4442,0.013339
2026-06-23,4.3924,-0.011656
2026-06-24,4.4333,0.009312
2026-06-25,4.4462,0.00291
2026-06-26,4.4031,-0.009694
2026-06-29,4.4503,0.01072
2026-06-30,4.446,-0.000966
2026-07-01,4.4347,-0.002542
2026-07-02,4.3875,-0.010643
2026-07-03,4.4165,0.00661
2026-07-06,4.4266,0.002287
2026-07-07,4.3997,-0.006077
2026-07-08,4.377,-0.005159
2026-07-09,4.4035,0.006054
2026-07-10,4.3808,-0.005155
2026-07-13,4.3669,-0.003173
2026-07-14,4.4108,0.010053
2026-07-15,4.4428,0.007255
2026-07-16,4.4308,-0.002701
2026-07-17,4.392,-0.008757
2026-07-20,4.4537,0.014048
2026-07-21,4.4863,0.00732
2026-07-22,4.5005,0.003165
2026-07-23,4.5233,0.005066
2026-07-24,4.496,-0.006035
2026-07-27,4.5306,0.007696
2026-07-28,4.5164,-0.003134
2026-07-29,4.5547,0.00848
2026-07-30,4.5701,0.003381
2026-07-31,4.5533,-0.003676
2026-08-03,4.5233,-0.006589
2026-08-04,4.5262,0.000641
2026-08-05,4.5581,0.007048
2026-08-06,4.5397,-0.004037
2026-08-07,4.5585,0.004141
2026-08-10,4.5885,0.006581
2026-08-11,4.5616,-0.005862
2026-08-12,4.5664,0.001052
2026-08-13,4.5553,-0.002431
2026-08-14,4.5381,-0.003776
2026-08-17,4.5719,0.007448
2026-08-18,4.5747,0.000612
2026-08-19,4.5557,-0.004153
2026-08-20,4.5743,0.004083
2026-08-21,4.5763,0.000437
2026-08-24,4.567,-0.002032
2026-08-25,4.5691,0.00046
2026-08-26,4.5883,0.004202
2026-08-27,4.5907,0.000523
2026-08-28,4.5895,-0.000261
2026-08-31,4.5848,-0.001024
2026-09-01,4.5929,0.001767
2026-09-02,4.5705,-0.004877
2026-09-03,4.5784,0.001728
2026-09-04,4.5786,4.4e-05
2026-09-07,4.5591,-0.004259
2026-09-08,4.5606,0.000329
2026-09-09,4.5703,0.002127
2026-09-10,4.5646,-0.001247
2026-09-11,4.5312,-0.007317
2026-09-14,4.5405,0.002052
2026-09-15,4.5045,-0.007929
2026-09-16,4.4867,-0.003952
2026-09-17,4.4782,-0.001894
2026-09-18,4.4879,0.002166
2026-09-21,4.5003,0.002763
2026-09-22,4.5094,0.002022
2026-09-23,4.4982,-0.002484
2026-09-24,4.4584,-0.008848
2026-09-28,4.4331,-0.005675
2026-09-29,4.4286,-0.001015
2026-09-30,4.4529,0.005487
