净值日期,累计净值,daily_return
2008-05-27,1.0,
2008-05-30,0.999,-0.001
2008-06-06,0.995,-0.004004
2008-06-13,0.98,-0.015075
2008-06-20,0.972,-0.008163
2008-06-27,0.974,0.002058
2008-07-04,0.982,0.008214
2008-07-08,0.991,0.009165
2008-07-09,0.994,0.003027
2008-07-10,0.994,0.0
2008-07-11,0.991,-0.003018
2008-07-14,0.994,0.003027
2008-07-15,0.989,-0.00503
2008-07-16,0.986,-0.003033
2008-07-17,0.989,0.003043
2008-07-18,0.996,0.007078
2008-07-21,1.003,0.007028
2008-07-22,1.001,-0.001994
2008-07-23,1.0,-0.000999
2008-07-24,1.007,0.007
2008-07-25,1.005,-0.001986
2008-07-28,1.008,0.002985
2008-07-29,1.007,-0.000992
2008-07-30,1.006,-0.000993
2008-07-31,0.999,-0.006958
2008-08-01,1.002,0.003003
2008-08-04,1.001,-0.000998
2008-08-05,0.995,-0.005994
2008-08-06,0.995,0.0
2008-08-07,0.995,0.0
2008-08-08,0.986,-0.009045
2008-08-11,0.969,-0.017241
2008-08-12,0.973,0.004128
2008-08-13,0.978,0.005139
2008-08-14,0.98,0.002045
2008-08-15,0.983,0.003061
2008-08-18,0.969,-0.014242
2008-08-19,0.973,0.004128
2008-08-20,0.998,0.025694
2008-08-21,0.986,-0.012024
2008-08-22,0.981,-0.005071
2008-08-25,0.978,-0.003058
2008-08-26,0.969,-0.009202
2008-08-27,0.958,-0.011352
2008-08-28,0.959,0.001044
2008-08-29,0.968,0.009385
2008-09-01,0.956,-0.012397
2008-09-02,0.949,-0.007322
2008-09-03,0.941,-0.00843
2008-09-04,0.941,0.0
2008-09-05,0.933,-0.008502
2008-09-08,0.924,-0.009646
2008-09-09,0.924,0.0
2008-09-10,0.926,0.002165
2008-09-11,0.921,-0.0054
2008-09-12,0.922,0.001086
2008-09-16,0.918,-0.004338
2008-09-17,0.913,-0.005447
2008-09-18,0.901,-0.013143
2008-09-19,0.936,0.038846
2008-09-22,0.943,0.007479
2008-09-23,0.927,-0.016967
2008-09-24,0.927,0.0
2008-09-25,0.934,0.007551
2008-09-26,0.933,-0.001071
2008-09-30,0.933,0.0
2008-10-06,0.925,-0.008574
2008-10-07,0.927,0.002162
2008-10-08,0.925,-0.002157
2008-10-09,0.921,-0.004324
2008-10-10,0.912,-0.009772
2008-10-13,0.915,0.003289
2008-10-14,0.912,-0.003279
2008-10-15,0.906,-0.006579
2008-10-16,0.89,-0.01766
2008-10-17,0.889,-0.001124
2008-10-20,0.894,0.005624
2008-10-21,0.895,0.001119
2008-10-22,0.892,-0.003352
2008-10-23,0.899,0.007848
2008-10-24,0.9,0.001112
2008-10-27,0.881,-0.021111
2008-10-28,0.886,0.005675
2008-10-29,0.88,-0.006772
2008-10-30,0.885,0.005682
2008-10-31,0.881,-0.00452
2008-11-03,0.877,-0.00454
2008-11-04,0.874,-0.003421
2008-11-05,0.886,0.01373
2008-11-06,0.874,-0.013544
2008-11-07,0.878,0.004577
2008-11-10,0.914,0.041002
2008-11-11,0.908,-0.006565
2008-11-12,0.909,0.001101
2008-11-13,0.933,0.026403
2008-11-14,0.957,0.025723
2008-11-17,0.974,0.017764
2008-11-18,0.944,-0.030801
2008-11-19,0.976,0.033898
2008-11-20,0.967,-0.009221
2008-11-21,0.968,0.001034
2008-11-24,0.955,-0.01343
2008-11-25,0.952,-0.003141
2008-11-26,0.951,-0.00105
2008-11-27,0.956,0.005258
2008-11-28,0.948,-0.008368
2008-12-01,0.96,0.012658
2008-12-02,0.969,0.009375
2008-12-03,0.995,0.026832
2008-12-04,1.003,0.00804
2008-12-05,1.022,0.018943
2008-12-08,1.051,0.028376
2008-12-09,1.034,-0.016175
2008-12-10,1.056,0.021277
2008-12-11,1.043,-0.012311
2008-12-12,1.014,-0.027804
2008-12-15,1.027,0.012821
2008-12-16,1.038,0.010711
2008-12-17,1.048,0.009634
2008-12-18,1.07,0.020992
2008-12-19,1.081,0.01028
2008-12-22,1.073,-0.007401
2008-12-23,1.037,-0.033551
2008-12-24,1.032,-0.004822
2008-12-25,1.026,-0.005814
2008-12-26,1.027,0.000975
2008-12-29,1.03,0.002921
2008-12-30,1.031,0.000971
2008-12-31,1.029,-0.00194
2009-01-05,1.051,0.02138
2009-01-06,1.066,0.014272
2009-01-07,1.064,-0.001876
2009-01-08,1.055,-0.008459
2009-01-09,1.071,0.015166
2009-01-12,1.07,-0.000934
2009-01-13,1.051,-0.017757
2009-01-14,1.079,0.026641
2009-01-15,1.078,-0.000927
2009-01-16,1.082,0.003711
2009-01-19,1.083,0.000924
2009-01-20,1.087,0.003693
2009-01-21,1.081,-0.00552
2009-01-22,1.091,0.009251
2009-01-23,1.09,-0.000917
2009-02-02,1.105,0.013761
2009-02-03,1.125,0.0181
2009-02-04,1.146,0.018667
2009-02-05,1.135,-0.009599
2009-02-06,1.166,0.027313
2009-02-09,1.194,0.024014
2009-02-10,1.205,0.009213
2009-02-11,1.207,0.00166
2009-02-12,1.218,0.009114
2009-02-13,1.247,0.02381
2009-02-16,1.266,0.015237
2009-02-17,1.229,-0.029226
2009-02-18,1.199,-0.02441
2009-02-19,1.212,0.010842
2009-02-20,1.227,0.012376
2009-02-23,1.248,0.017115
2009-02-24,1.203,-0.036058
2009-02-25,1.206,0.002494
2009-02-26,1.154,-0.043118
2009-02-27,1.131,-0.019931
2009-03-02,1.145,0.012378
2009-03-03,1.138,-0.006114
2009-03-04,1.194,0.049209
2009-03-05,1.192,-0.001675
2009-03-06,1.183,-0.00755
2009-03-09,1.152,-0.026205
2009-03-10,1.167,0.013021
2009-03-11,1.162,-0.004284
2009-03-12,1.161,-0.000861
2009-03-13,1.161,0.0
2009-03-16,1.172,0.009475
2009-03-17,1.197,0.021331
2009-03-18,1.201,0.003342
2009-03-19,1.218,0.014155
2009-03-20,1.209,-0.007389
2009-03-23,1.235,0.021505
2009-03-24,1.246,0.008907
2009-03-25,1.232,-0.011236
2009-03-26,1.251,0.015422
2009-03-27,1.25,-0.000799
2009-03-30,1.24,-0.008
2009-03-31,1.25,0.008065
2009-04-01,1.26,0.008
2009-04-02,1.271,0.00873
2009-04-03,1.271,0.0
2009-04-07,1.271,0.0
2009-04-08,1.246,-0.01967
2009-04-09,1.265,0.015249
2009-04-10,1.292,0.021344
2009-04-13,1.309,0.013158
2009-04-14,1.318,0.006875
2009-04-15,1.332,0.010622
2009-04-16,1.329,-0.002252
2009-04-17,1.324,-0.003762
2009-04-20,1.349,0.018882
2009-04-21,1.343,-0.004448
2009-04-22,1.289,-0.040208
2009-04-23,1.305,0.012413
2009-04-24,1.301,-0.003065
2009-04-27,1.262,-0.029977
2009-04-28,1.267,0.003962
2009-04-29,1.3,0.026046
2009-04-30,1.319,0.014615
2009-05-04,1.354,0.026535
2009-05-05,1.366,0.008863
2009-05-06,1.382,0.011713
2009-05-07,1.383,0.000724
2009-05-08,1.401,0.013015
2009-05-11,1.376,-0.017844
2009-05-12,1.398,0.015988
2009-05-13,1.407,0.006438
2009-05-14,1.403,-0.002843
2009-05-15,1.402,-0.000713
2009-05-18,1.4,-0.001427
2009-05-19,1.411,0.007857
2009-05-20,1.397,-0.009922
2009-05-21,1.371,-0.018611
2009-05-22,1.368,-0.002188
2009-05-25,1.372,0.002924
2009-05-26,1.37,-0.001458
2009-05-27,1.383,0.009489
2009-06-01,1.403,0.014461
2009-06-02,1.406,0.002138
2009-06-03,1.418,0.008535
2009-06-04,1.412,-0.004231
2009-06-05,1.419,0.004958
2009-06-08,1.42,0.000705
2009-06-09,1.431,0.007746
2009-06-10,1.442,0.007687
2009-06-11,1.443,0.000693
2009-06-12,1.426,-0.011781
2009-06-15,1.459,0.023142
2009-06-16,1.457,-0.001371
2009-06-17,1.463,0.004118
2009-06-18,1.466,0.002051
2009-06-19,1.47,0.002729
2009-06-22,1.464,-0.004082
2009-06-23,1.464,0.0
2009-06-24,1.473,0.006148
2009-06-25,1.471,-0.001358
2009-06-26,1.474,0.002039
2009-06-29,1.483,0.006106
2009-06-30,1.475,-0.005394
2009-07-01,1.491,0.010847
2009-07-02,1.493,0.001341
2009-07-03,1.504,0.007368
2009-07-06,1.514,0.006649
2009-07-07,1.508,-0.003963
2009-07-08,1.511,0.001989
2009-07-09,1.538,0.017869
2009-07-10,1.544,0.003901
2009-07-13,1.539,-0.003238
2009-07-14,1.567,0.018194
2009-07-15,1.581,0.008934
2009-07-16,1.578,-0.001898
2009-07-17,1.58,0.001267
2009-07-20,1.606,0.016456
2009-07-21,1.582,-0.014944
2009-07-22,1.611,0.018331
2009-07-23,1.637,0.016139
2009-07-24,1.647,0.006109
2009-07-27,1.665,0.010929
2009-07-28,1.663,-0.001201
2009-07-29,1.61,-0.03187
2009-07-30,1.644,0.021118
2009-07-31,1.671,0.016423
2009-08-03,1.691,0.011969
2009-08-04,1.69,-0.000591
2009-08-05,1.681,-0.005325
2009-08-06,1.652,-0.017252
2009-08-07,1.616,-0.021792
2009-08-10,1.62,0.002475
2009-08-11,1.635,0.009259
2009-08-12,1.582,-0.032416
2009-08-13,1.583,0.000632
2009-08-14,1.547,-0.022742
2009-08-17,1.479,-0.043956
2009-08-18,1.496,0.011494
2009-08-19,1.463,-0.022059
2009-08-20,1.509,0.031442
2009-08-21,1.539,0.019881
2009-08-24,1.553,0.009097
2009-08-25,1.522,-0.019961
2009-08-26,1.546,0.015769
2009-08-27,1.539,-0.004528
2009-08-28,1.508,-0.020143
2009-08-31,1.438,-0.046419
2009-09-01,1.446,0.005563
2009-09-02,1.459,0.00899
2009-09-03,1.509,0.03427
2009-09-04,1.522,0.008615
2009-09-07,1.539,0.01117
2009-09-08,1.564,0.016244
2009-09-09,1.563,-0.000639
2009-09-10,1.55,-0.008317
2009-09-11,1.568,0.011613
2009-09-14,1.591,0.014668
2009-09-15,1.591,0.0
2009-09-16,1.588,-0.001886
2009-09-17,1.611,0.014484
2009-09-18,1.569,-0.026071
2009-09-21,1.597,0.017846
2009-09-22,1.584,-0.00814
2009-09-23,1.557,-0.017045
2009-09-24,1.548,-0.00578
2009-09-25,1.542,-0.003876
2009-09-28,1.523,-0.012322
2009-09-29,1.516,-0.004596
2009-09-30,1.529,0.008575
2009-10-09,1.578,0.032047
2009-10-12,1.577,-0.000634
2009-10-13,1.589,0.007609
2009-10-14,1.59,0.000629
2009-10-15,1.588,-0.001258
2009-10-16,1.588,0.0
2009-10-19,1.617,0.018262
2009-10-20,1.639,0.013605
2009-10-21,1.631,-0.004881
2009-10-22,1.624,-0.004292
2009-10-23,1.646,0.013547
2009-10-26,1.658,0.00729
2009-10-27,1.632,-0.015682
2009-10-28,1.646,0.008578
2009-10-29,1.624,-0.013366
2009-10-30,1.651,0.016626
2009-11-02,1.698,0.028468
2009-11-03,1.721,0.013545
2009-11-04,1.72,-0.000581
2009-11-05,1.736,0.009302
2009-11-06,1.739,0.001728
2009-11-09,1.743,0.0023
2009-11-10,1.761,0.010327
2009-11-11,1.761,0.0
2009-11-12,1.766,0.002839
2009-11-13,1.779,0.007361
2009-11-16,1.811,0.017988
2009-11-17,1.815,0.002209
2009-11-18,1.808,-0.003857
2009-11-19,1.816,0.004425
2009-11-20,1.816,0.0
2009-11-23,1.833,0.009361
2009-11-24,1.768,-0.035461
2009-11-25,1.802,0.019231
2009-11-26,1.758,-0.024417
2009-11-27,1.731,-0.015358
2009-11-30,1.785,0.031196
2009-12-01,1.809,0.013445
2009-12-02,1.825,0.008845
2009-12-03,1.825,0.0
2009-12-04,1.81,-0.008219
2009-12-07,1.825,0.008287
2009-12-08,1.817,-0.004384
2009-12-09,1.792,-0.013759
2009-12-10,1.796,0.002232
2009-12-11,1.798,0.001114
2009-12-14,1.799,0.000556
2009-12-15,1.794,-0.002779
2009-12-16,1.789,-0.002787
2009-12-17,1.753,-0.020123
2009-12-18,1.711,-0.023959
2009-12-21,1.712,0.000584
2009-12-22,1.677,-0.020444
2009-12-23,1.696,0.01133
2009-12-24,1.733,0.021816
2009-12-25,1.745,0.006924
2009-12-28,1.76,0.008596
2009-12-29,1.759,-0.000568
2009-12-30,1.764,0.002843
2009-12-31,1.771,0.003968
2010-01-04,1.764,-0.003953
2010-01-05,1.776,0.006803
2010-01-06,1.768,-0.004505
2010-01-07,1.744,-0.013575
2010-01-08,1.755,0.006307
2010-01-11,1.766,0.006268
2010-01-12,1.788,0.012458
2010-01-13,1.772,-0.008949
2010-01-14,1.796,0.013544
2010-01-15,1.802,0.003341
2010-01-18,1.818,0.008879
2010-01-19,1.808,-0.005501
2010-01-20,1.757,-0.028208
2010-01-21,1.762,0.002846
2010-01-22,1.726,-0.020431
2010-01-25,1.711,-0.008691
2010-01-26,1.674,-0.021625
2010-01-27,1.671,-0.001792
2010-01-28,1.697,0.01556
2010-01-29,1.71,0.007661
2010-02-01,1.698,-0.007018
2010-02-02,1.684,-0.008245
2010-02-03,1.69,0.003563
2010-02-04,1.699,0.005325
2010-02-05,1.675,-0.014126
2010-02-08,1.669,-0.003582
2010-02-09,1.667,-0.001198
2010-02-10,1.692,0.014997
2010-02-11,1.694,0.001182
2010-02-12,1.71,0.009445
2010-02-22,1.705,-0.002924
2010-02-23,1.704,-0.000587
2010-02-24,1.741,0.021714
2010-02-25,1.759,0.010339
2010-02-26,1.757,-0.001137
2010-03-01,1.763,0.003415
2010-03-02,1.761,-0.001134
2010-03-03,1.768,0.003975
2010-03-04,1.73,-0.021493
2010-03-05,1.73,0.0
2010-03-08,1.742,0.006936
2010-03-09,1.748,0.003444
2010-03-10,1.733,-0.008581
2010-03-11,1.727,-0.003462
2010-03-12,1.711,-0.009265
2010-03-15,1.695,-0.009351
2010-03-16,1.7,0.00295
2010-03-17,1.724,0.014118
2010-03-18,1.721,-0.00174
2010-03-19,1.731,0.005811
2010-03-22,1.736,0.002889
2010-03-23,1.731,-0.00288
2010-03-24,1.735,0.002311
2010-03-25,1.723,-0.006916
2010-03-26,1.733,0.005804
2010-03-29,1.755,0.012695
2010-03-30,1.758,0.001709
2010-03-31,1.764,0.003413
2010-04-01,1.784,0.011338
2010-04-02,1.78,-0.002242
2010-04-06,1.778,-0.001124
2010-04-07,1.782,0.00225
2010-04-08,1.78,-0.001122
2010-04-09,1.798,0.010112
2010-04-12,1.807,0.005006
2010-04-13,1.802,-0.002767
2010-04-14,1.809,0.003885
2010-04-15,1.797,-0.006633
2010-04-16,1.795,-0.001113
2010-04-19,1.753,-0.023398
2010-04-20,1.784,0.017684
2010-04-21,1.816,0.017937
2010-04-22,1.824,0.004405
2010-04-23,1.806,-0.009868
2010-04-26,1.798,-0.00443
2010-04-27,1.779,-0.010567
2010-04-28,1.772,-0.003935
2010-04-29,1.731,-0.023138
2010-04-30,1.707,-0.013865
2010-05-04,1.718,0.006444
2010-05-05,1.747,0.01688
2010-05-06,1.728,-0.010876
2010-05-07,1.714,-0.008102
2010-05-10,1.69,-0.014002
2010-05-11,1.66,-0.017751
2010-05-12,1.637,-0.013855
2010-05-13,1.673,0.021991
2010-05-14,1.682,0.00538
2010-05-17,1.634,-0.028537
2010-05-18,1.637,0.001836
2010-05-19,1.646,0.005498
2010-05-20,1.631,-0.009113
2010-05-21,1.64,0.005518
2010-05-24,1.675,0.021341
2010-05-25,1.671,-0.002388
2010-05-26,1.665,-0.003591
2010-05-27,1.684,0.011411
2010-05-28,1.684,0.0
2010-05-31,1.66,-0.014252
2010-06-01,1.647,-0.007831
2010-06-02,1.65,0.001821
2010-06-03,1.652,0.001212
2010-06-04,1.649,-0.001816
2010-06-07,1.649,0.0
2010-06-08,1.655,0.003639
2010-06-09,1.678,0.013897
2010-06-10,1.684,0.003576
2010-06-11,1.681,-0.001781
2010-06-17,1.662,-0.011303
2010-06-18,1.627,-0.021059
2010-06-21,1.649,0.013522
2010-06-22,1.655,0.003639
2010-06-23,1.651,-0.002417
2010-06-24,1.65,-0.000606
2010-06-25,1.64,-0.006061
2010-06-28,1.628,-0.007317
2010-06-29,1.586,-0.025799
2010-06-30,1.584,-0.001261
2010-07-01,1.569,-0.00947
2010-07-02,1.558,-0.007011
2010-07-05,1.556,-0.001284
2010-07-06,1.573,0.010925
2010-07-07,1.583,0.006357
2010-07-08,1.583,0.0
2010-07-09,1.601,0.011371
2010-07-12,1.604,0.001874
2010-07-13,1.593,-0.006858
2010-07-14,1.596,0.001883
2010-07-15,1.583,-0.008145
2010-07-16,1.584,0.000632
2010-07-19,1.6,0.010101
2010-07-20,1.618,0.01125
2010-07-21,1.62,0.001236
2010-07-22,1.635,0.009259
2010-07-23,1.64,0.003058
2010-07-26,1.648,0.004878
2010-07-27,1.652,0.002427
2010-07-28,1.683,0.018765
2010-07-29,1.682,-0.000594
2010-07-30,1.678,-0.002378
2010-08-02,1.704,0.015495
2010-08-03,1.684,-0.011737
2010-08-04,1.691,0.004157
2010-08-05,1.691,0.0
2010-08-06,1.713,0.01301
2010-08-09,1.717,0.002335
2010-08-10,1.675,-0.024461
2010-08-11,1.689,0.008358
2010-08-12,1.683,-0.003552
2010-08-13,1.702,0.011289
2010-08-16,1.728,0.015276
2010-08-17,1.741,0.007523
2010-08-18,1.734,-0.004021
2010-08-19,1.729,-0.002884
2010-08-20,1.71,-0.010989
2010-08-23,1.708,-0.00117
2010-08-24,1.719,0.00644
2010-08-25,1.692,-0.015707
2010-08-26,1.693,0.000591
2010-08-27,1.705,0.007088
2010-08-30,1.74,0.020528
2010-08-31,1.748,0.004598
2010-09-01,1.733,-0.008581
2010-09-02,1.748,0.008656
2010-09-03,1.749,0.000572
2010-09-06,1.758,0.005146
2010-09-07,1.758,0.0
2010-09-08,1.759,0.000569
2010-09-09,1.736,-0.013076
2010-09-10,1.747,0.006336
2010-09-13,1.776,0.0166
2010-09-14,1.782,0.003378
2010-09-15,1.761,-0.011785
2010-09-16,1.737,-0.013629
2010-09-17,1.749,0.006908
2010-09-20,1.751,0.001144
2010-09-21,1.752,0.000571
2010-09-27,1.782,0.017123
2010-09-28,1.788,0.003367
2010-09-29,1.77,-0.010067
2010-09-30,1.801,0.017514
2010-10-08,1.829,0.015547
2010-10-11,1.822,-0.003827
2010-10-12,1.814,-0.004391
2010-10-13,1.844,0.016538
2010-10-14,1.817,-0.014642
2010-10-15,1.819,0.001101
2010-10-18,1.806,-0.007147
2010-10-19,1.838,0.017719
2010-10-20,1.844,0.003264
2010-10-21,1.838,-0.003254
2010-10-22,1.845,0.003808
2010-10-25,1.879,0.018428
2010-10-26,1.863,-0.008515
2010-10-27,1.848,-0.008052
2010-10-28,1.841,-0.003788
2010-10-29,1.857,0.008691
2010-11-01,1.899,0.022617
2010-11-02,1.884,-0.007899
2010-11-03,1.862,-0.011677
2010-11-04,1.893,0.016649
2010-11-05,1.904,0.005811
2010-11-08,1.934,0.015756
2010-11-09,1.95,0.008273
2010-11-10,1.965,0.007692
2010-11-11,1.961,-0.002036
2010-11-12,1.899,-0.031617
2010-11-15,1.951,0.027383
2010-11-16,1.903,-0.024603
2010-11-17,1.843,-0.031529
2010-11-18,1.864,0.011394
2010-11-19,1.91,0.024678
2010-11-22,1.932,0.011518
2010-11-23,1.911,-0.01087
2010-11-24,1.964,0.027734
2010-11-25,1.97,0.003055
2010-11-26,1.961,-0.004569
2010-11-29,1.979,0.009179
2010-11-30,1.952,-0.013643
2010-12-01,1.938,-0.007172
2010-12-02,1.921,-0.008772
2010-12-03,1.912,-0.004685
2010-12-06,1.896,-0.008368
2010-12-07,1.924,0.014768
2010-12-08,1.928,0.002079
2010-12-09,1.903,-0.012967
2010-12-10,1.931,0.014714
2010-12-13,1.973,0.02175
2010-12-14,1.977,0.002027
2010-12-15,1.968,-0.004552
2010-12-16,1.968,0.0
2010-12-17,1.959,-0.004573
2010-12-20,1.94,-0.009699
2010-12-21,1.954,0.007216
2010-12-22,1.94,-0.007165
2010-12-23,1.914,-0.013402
2010-12-24,1.896,-0.009404
2010-12-27,1.852,-0.023207
2010-12-28,1.84,-0.006479
2010-12-29,1.873,0.017935
2010-12-30,1.878,0.00267
2010-12-31,1.912,0.018104
2011-01-04,1.933,0.010983
2011-01-05,1.919,-0.007243
2011-01-06,1.904,-0.007817
2011-01-07,1.891,-0.006828
2011-01-10,1.84,-0.02697
2011-01-11,1.837,-0.00163
2011-01-12,1.835,-0.001089
2011-01-13,1.849,0.007629
2011-01-14,1.835,-0.007572
2011-01-17,1.788,-0.025613
2011-01-18,1.791,0.001678
2011-01-19,1.818,0.015075
2011-01-20,1.779,-0.021452
2011-01-21,1.776,-0.001686
2011-01-24,1.765,-0.006194
2011-01-25,1.758,-0.003966
2011-01-26,1.773,0.008532
2011-01-27,1.779,0.003384
2011-01-28,1.785,0.003373
2011-01-31,1.791,0.003361
2011-02-01,1.79,-0.000558
2011-02-09,1.775,-0.00838
2011-02-10,1.817,0.023662
2011-02-11,1.83,0.007155
2011-02-14,1.848,0.009836
2011-02-15,1.845,-0.001623
2011-02-16,1.855,0.00542
2011-02-17,1.847,-0.004313
2011-02-18,1.833,-0.00758
2011-02-21,1.853,0.010911
2011-02-22,1.824,-0.01565
2011-02-23,1.835,0.006031
2011-02-24,1.842,0.003815
2011-02-25,1.845,0.001629
2011-02-28,1.872,0.014634
2011-03-01,1.87,-0.001068
2011-03-02,1.861,-0.004813
2011-03-03,1.835,-0.013971
2011-03-04,1.851,0.008719
2011-03-07,1.869,0.009724
2011-03-08,1.873,0.00214
2011-03-09,1.876,0.001602
2011-03-10,1.868,-0.004264
2011-03-11,1.857,-0.005889
2011-03-14,1.878,0.011309
2011-03-15,1.867,-0.005857
2011-03-16,1.874,0.003749
2011-03-17,1.854,-0.010672
2011-03-18,1.849,-0.002697
2011-03-21,1.838,-0.005949
2011-03-22,1.843,0.00272
2011-03-23,1.859,0.008681
2011-03-24,1.858,-0.000538
2011-03-25,1.87,0.006459
2011-03-28,1.853,-0.009091
2011-03-29,1.83,-0.012412
2011-03-30,1.826,-0.002186
2011-03-31,1.819,-0.003834
2011-04-01,1.824,0.002749
2011-04-06,1.818,-0.003289
2011-04-07,1.832,0.007701
2011-04-08,1.843,0.006004
2011-04-11,1.83,-0.007054
2011-04-12,1.825,-0.002732
2011-04-13,1.844,0.010411
2011-04-14,1.839,-0.002711
2011-04-15,1.839,0.0
2011-04-18,1.839,0.0
2011-04-19,1.827,-0.006525
2011-04-20,1.832,0.002737
2011-04-21,1.837,0.002729
2011-04-22,1.825,-0.006532
2011-04-25,1.813,-0.006575
2011-04-26,1.805,-0.004413
2011-04-27,1.797,-0.004432
2011-04-28,1.775,-0.012243
2011-04-29,1.787,0.006761
2011-05-03,1.811,0.01343
2011-05-04,1.794,-0.009387
2011-05-05,1.804,0.005574
2011-05-06,1.808,0.002217
2011-05-09,1.813,0.002765
2011-05-10,1.818,0.002758
2011-05-11,1.816,-0.0011
2011-05-12,1.807,-0.004956
2011-05-13,1.807,0.0
2011-05-16,1.801,-0.00332
2011-05-17,1.8,-0.000555
2011-05-18,1.808,0.004444
2011-05-19,1.799,-0.004978
2011-05-20,1.799,0.0
2011-05-23,1.767,-0.017788
2011-05-24,1.766,-0.000566
2011-05-25,1.756,-0.005663
2011-05-26,1.75,-0.003417
2011-05-27,1.735,-0.008571
2011-05-30,1.734,-0.000576
2011-05-31,1.748,0.008074
2011-06-01,1.755,0.004005
2011-06-02,1.741,-0.007977
2011-06-03,1.756,0.008616
2011-06-07,1.76,0.002278
2011-06-08,1.757,-0.001705
2011-06-09,1.737,-0.011383
2011-06-10,1.742,0.002879
2011-06-13,1.737,-0.00287
2011-06-14,1.75,0.007484
2011-06-15,1.739,-0.006286
2011-06-16,1.726,-0.007476
2011-06-17,1.719,-0.004056
2011-06-20,1.707,-0.006981
2011-06-21,1.718,0.006444
2011-06-22,1.721,0.001746
2011-06-23,1.74,0.01104
2011-06-24,1.765,0.014368
2011-06-27,1.769,0.002266
2011-06-28,1.768,-0.000565
2011-06-29,1.758,-0.005656
2011-06-30,1.772,0.007964
2011-07-01,1.777,0.002822
2011-07-04,1.798,0.011818
2011-07-05,1.8,0.001112
2011-07-06,1.802,0.001111
2011-07-07,1.807,0.002775
2011-07-08,1.809,0.001107
2011-07-11,1.818,0.004975
2011-07-12,1.804,-0.007701
2011-07-13,1.826,0.012195
2011-07-14,1.824,-0.001095
2011-07-15,1.826,0.001096
2011-07-18,1.828,0.001095
2011-07-19,1.817,-0.006018
2011-07-20,1.818,0.00055
2011-07-21,1.809,-0.00495
2011-07-22,1.82,0.006081
2011-07-25,1.784,-0.01978
2011-07-26,1.787,0.001682
2011-07-27,1.805,0.010073
2011-07-28,1.801,-0.002216
2011-07-29,1.789,-0.006663
2011-08-01,1.79,0.000559
2011-08-02,1.782,-0.004469
2011-08-03,1.79,0.004489
2011-08-04,1.796,0.003352
2011-08-05,1.782,-0.007795
2011-08-08,1.749,-0.018519
2011-08-09,1.765,0.009148
2011-08-10,1.785,0.011331
2011-08-11,1.808,0.012885
2011-08-12,1.81,0.001106
2011-08-15,1.82,0.005525
2011-08-16,1.81,-0.005495
2011-08-17,1.802,-0.00442
2011-08-18,1.779,-0.012764
2011-08-19,1.773,-0.003373
2011-08-22,1.751,-0.012408
2011-08-23,1.764,0.007424
2011-08-24,1.768,0.002268
2011-08-25,1.796,0.015837
2011-08-26,1.797,0.000557
2011-08-29,1.782,-0.008347
2011-08-30,1.773,-0.005051
2011-08-31,1.772,-0.000564
2011-09-01,1.763,-0.005079
2011-09-02,1.752,-0.006239
2011-09-05,1.728,-0.013699
2011-09-06,1.708,-0.011574
2011-09-07,1.734,0.015222
2011-09-08,1.726,-0.004614
2011-09-09,1.72,-0.003476
2011-09-13,1.706,-0.00814
2011-09-14,1.708,0.001172
2011-09-15,1.709,0.000585
2011-09-16,1.712,0.001755
2011-09-19,1.69,-0.01285
2011-09-20,1.689,-0.000592
2011-09-21,1.719,0.017762
2011-09-22,1.683,-0.020942
2011-09-23,1.668,-0.008913
2011-09-26,1.641,-0.016187
2011-09-27,1.647,0.003656
2011-09-28,1.64,-0.00425
2011-09-29,1.627,-0.007927
2011-09-30,1.629,0.001229
2011-10-10,1.614,-0.009208
2011-10-11,1.606,-0.004957
2011-10-12,1.644,0.023661
2011-10-13,1.656,0.007299
2011-10-14,1.65,-0.003623
2011-10-17,1.662,0.007273
2011-10-18,1.635,-0.016245
2011-10-19,1.629,-0.00367
2011-10-20,1.603,-0.015961
2011-10-21,1.598,-0.003119
2011-10-24,1.625,0.016896
2011-10-25,1.653,0.017231
2011-10-26,1.672,0.011494
2011-10-27,1.673,0.000598
2011-10-28,1.697,0.014345
2011-10-31,1.695,-0.001179
2011-11-01,1.692,-0.00177
2011-11-02,1.713,0.012411
2011-11-03,1.715,0.001168
2011-11-04,1.717,0.001166
2011-11-07,1.703,-0.008154
2011-11-08,1.699,-0.002349
2011-11-09,1.706,0.00412
2011-11-10,1.69,-0.009379
2011-11-11,1.685,-0.002959
2011-11-14,1.713,0.016617
2011-11-15,1.709,-0.002335
2011-11-16,1.679,-0.017554
2011-11-17,1.679,0.0
2011-11-18,1.658,-0.012507
2011-11-21,1.657,-0.000603
2011-11-22,1.659,0.001207
2011-11-23,1.652,-0.004219
2011-11-24,1.663,0.006659
2011-11-25,1.657,-0.003608
2011-11-28,1.663,0.003621
2011-11-29,1.676,0.007817
2011-11-30,1.653,-0.013723
2011-12-01,1.679,0.015729
2011-12-02,1.669,-0.005956
2011-12-05,1.648,-0.012582
2011-12-06,1.643,-0.003034
2011-12-07,1.648,0.003043
2011-12-08,1.648,0.0
2011-12-09,1.641,-0.004248
2011-12-12,1.627,-0.008531
2011-12-13,1.604,-0.014136
2011-12-14,1.599,-0.003117
2011-12-15,1.596,-0.001876
2011-12-16,1.623,0.016917
2011-12-19,1.625,0.001232
2011-12-20,1.622,-0.001846
2011-12-21,1.613,-0.005549
2011-12-22,1.617,0.00248
2011-12-23,1.621,0.002474
2011-12-26,1.609,-0.007403
2011-12-27,1.583,-0.016159
2011-12-28,1.579,-0.002527
2011-12-29,1.594,0.0095
2011-12-30,1.61,0.010038
2011-12-31,1.61,0.0
2012-01-04,1.584,-0.016149
2012-01-05,1.566,-0.011364
2012-01-06,1.567,0.000639
2012-01-09,1.594,0.01723
2012-01-10,1.623,0.018193
2012-01-11,1.616,-0.004313
2012-01-12,1.611,-0.003094
2012-01-13,1.584,-0.01676
2012-01-16,1.553,-0.019571
2012-01-17,1.588,0.022537
2012-01-18,1.56,-0.017632
2012-01-19,1.579,0.012179
2012-01-20,1.602,0.014566
2012-01-30,1.586,-0.009988
2012-01-31,1.586,0.0
2012-02-01,1.585,-0.000631
2012-02-02,1.603,0.011356
2012-02-03,1.612,0.005614
2012-02-06,1.62,0.004963
2012-02-07,1.605,-0.009259
2012-02-08,1.624,0.011838
2012-02-09,1.629,0.003079
2012-02-10,1.632,0.001842
2012-02-13,1.637,0.003064
2012-02-14,1.636,-0.000611
2012-02-15,1.641,0.003056
2012-02-16,1.632,-0.005484
2012-02-17,1.632,0.0
2012-02-20,1.632,0.0
2012-02-21,1.643,0.00674
2012-02-22,1.661,0.010956
2012-02-23,1.667,0.003612
2012-02-24,1.68,0.007798
2012-02-27,1.686,0.003571
2012-02-28,1.682,-0.002372
2012-02-29,1.673,-0.005351
2012-03-01,1.676,0.001793
2012-03-02,1.694,0.01074
2012-03-05,1.684,-0.005903
2012-03-06,1.675,-0.005344
2012-03-07,1.67,-0.002985
2012-03-08,1.679,0.005389
2012-03-09,1.692,0.007743
2012-03-12,1.696,0.002364
2012-03-13,1.709,0.007665
2012-03-14,1.677,-0.018724
2012-03-15,1.684,0.004174
2012-03-16,1.709,0.014846
2012-03-19,1.704,-0.002926
2012-03-20,1.684,-0.011737
2012-03-21,1.671,-0.00772
2012-03-22,1.672,0.000598
2012-03-23,1.661,-0.006579
2012-03-26,1.667,0.003612
2012-03-27,1.648,-0.011398
2012-03-28,1.626,-0.01335
2012-03-29,1.629,0.001845
2012-03-30,1.631,0.001228
2012-03-31,1.631,0.0
2012-04-05,1.656,0.015328
2012-04-06,1.662,0.003623
2012-04-09,1.651,-0.006619
2012-04-10,1.658,0.00424
2012-04-11,1.661,0.001809
2012-04-12,1.678,0.010235
2012-04-13,1.68,0.001192
2012-04-16,1.677,-0.001786
2012-04-17,1.662,-0.008945
2012-04-18,1.681,0.011432
2012-04-19,1.672,-0.005354
2012-04-20,1.681,0.005383
2012-04-23,1.675,-0.003569
2012-04-24,1.67,-0.002985
2012-04-25,1.682,0.007186
2012-04-26,1.686,0.002378
2012-04-27,1.7,0.008304
2012-05-02,1.721,0.012353
2012-05-03,1.727,0.003486
2012-05-04,1.744,0.009844
2012-05-07,1.753,0.005161
2012-05-08,1.741,-0.006845
2012-05-09,1.722,-0.010913
2012-05-10,1.723,0.000581
2012-05-11,1.716,-0.004063
2012-05-14,1.707,-0.005245
2012-05-15,1.711,0.002343
2012-05-16,1.693,-0.01052
2012-05-17,1.705,0.007088
2012-05-18,1.689,-0.009384
2012-05-21,1.7,0.006513
2012-05-22,1.718,0.010588
2012-05-23,1.719,0.000582
2012-05-24,1.698,-0.012216
2012-05-25,1.687,-0.006478
2012-05-28,1.708,0.012448
2012-05-29,1.718,0.005855
2012-05-30,1.723,0.00291
2012-05-31,1.73,0.004063
2012-06-01,1.734,0.002312
2012-06-04,1.712,-0.012687
2012-06-05,1.718,0.003505
2012-06-06,1.715,-0.001746
2012-06-07,1.705,-0.005831
2012-06-08,1.703,-0.001173
2012-06-11,1.723,0.011744
2012-06-12,1.729,0.003482
2012-06-13,1.754,0.014459
2012-06-14,1.757,0.00171
2012-06-15,1.747,-0.005692
2012-06-18,1.759,0.006869
2012-06-19,1.748,-0.006254
2012-06-20,1.741,-0.004005
2012-06-21,1.732,-0.005169
2012-06-25,1.71,-0.012702
2012-06-26,1.711,0.000585
2012-06-27,1.721,0.005845
2012-06-28,1.716,-0.002905
2012-06-29,1.731,0.008741
2012-06-30,1.731,0.0
2012-07-02,1.741,0.005777
2012-07-03,1.753,0.006893
2012-07-04,1.746,-0.003993
2012-07-05,1.751,0.002864
2012-07-06,1.789,0.021702
2012-07-09,1.782,-0.003913
2012-07-10,1.771,-0.006173
2012-07-11,1.785,0.007905
2012-07-12,1.792,0.003922
2012-07-13,1.809,0.009487
2012-07-16,1.782,-0.014925
2012-07-17,1.775,-0.003928
2012-07-18,1.759,-0.009014
2012-07-19,1.77,0.006254
2012-07-20,1.757,-0.007345
2012-07-23,1.742,-0.008537
2012-07-24,1.751,0.005166
2012-07-25,1.748,-0.001713
2012-07-26,1.734,-0.008009
2012-07-27,1.724,-0.005767
2012-07-30,1.72,-0.00232
2012-07-31,1.724,0.002326
2012-08-01,1.737,0.007541
2012-08-02,1.722,-0.008636
2012-08-03,1.729,0.004065
2012-08-06,1.747,0.010411
2012-08-07,1.751,0.00229
2012-08-08,1.747,-0.002284
2012-08-09,1.765,0.010303
2012-08-10,1.754,-0.006232
2012-08-13,1.736,-0.010262
2012-08-14,1.736,0.0
2012-08-15,1.728,-0.004608
2012-08-16,1.72,-0.00463
2012-08-17,1.708,-0.006977
2012-08-20,1.707,-0.000585
2012-08-21,1.719,0.00703
2012-08-22,1.706,-0.007563
2012-08-23,1.704,-0.001172
2012-08-24,1.7,-0.002347
2012-08-27,1.689,-0.006471
2012-08-28,1.681,-0.004737
2012-08-29,1.673,-0.004759
2012-08-30,1.66,-0.00777
2012-08-31,1.666,0.003614
2012-09-03,1.689,0.013806
2012-09-04,1.683,-0.003552
2012-09-05,1.685,0.001188
2012-09-06,1.687,0.001187
2012-09-07,1.721,0.020154
2012-09-10,1.722,0.000581
2012-09-11,1.718,-0.002323
2012-09-12,1.718,0.0
2012-09-13,1.712,-0.003492
2012-09-14,1.713,0.000584
2012-09-17,1.691,-0.012843
2012-09-18,1.686,-0.002957
2012-09-19,1.688,0.001186
2012-09-20,1.664,-0.014218
2012-09-21,1.66,-0.002404
2012-09-24,1.664,0.00241
2012-09-25,1.666,0.001202
2012-09-26,1.655,-0.006603
2012-09-27,1.683,0.016918
2012-09-28,1.704,0.012478
2012-09-30,1.703,-0.000587
2012-10-08,1.694,-0.005285
2012-10-09,1.713,0.011216
2012-10-10,1.711,-0.001168
2012-10-11,1.706,-0.002922
2012-10-12,1.699,-0.004103
2012-10-15,1.703,0.002354
2012-10-16,1.712,0.005285
2012-10-17,1.708,-0.002336
2012-10-18,1.724,0.009368
2012-10-19,1.724,0.0
2012-10-22,1.734,0.0058
2012-10-23,1.721,-0.007497
2012-10-24,1.721,0.0
2012-10-25,1.712,-0.00523
2012-10-26,1.699,-0.007593
2012-10-29,1.7,0.000589
2012-10-30,1.706,0.003529
2012-10-31,1.724,0.010551
2012-11-01,1.739,0.008701
2012-11-02,1.746,0.004025
2012-11-05,1.742,-0.002291
2012-11-06,1.734,-0.004592
2012-11-07,1.731,-0.00173
2012-11-08,1.725,-0.003466
2012-11-09,1.722,-0.001739
2012-11-12,1.718,-0.002323
2012-11-13,1.698,-0.011641
2012-11-14,1.7,0.001178
2012-11-15,1.69,-0.005882
2012-11-16,1.684,-0.00355
2012-11-19,1.679,-0.002969
2012-11-20,1.672,-0.004169
2012-11-21,1.679,0.004187
2012-11-22,1.669,-0.005956
2012-11-23,1.681,0.00719
2012-11-26,1.669,-0.007139
2012-11-27,1.648,-0.012582
2012-11-28,1.633,-0.009102
2012-11-29,1.637,0.002449
2012-11-30,1.658,0.012828
2012-12-03,1.645,-0.007841
2012-12-04,1.652,0.004255
2012-12-05,1.683,0.018765
2012-12-06,1.676,-0.004159
2012-12-07,1.682,0.00358
2012-12-10,1.693,0.00654
2012-12-11,1.69,-0.001772
2012-12-12,1.691,0.000592
2012-12-13,1.689,-0.001183
2012-12-14,1.734,0.026643
2012-12-17,1.729,-0.002884
2012-12-18,1.721,-0.004627
2012-12-19,1.722,0.000581
2012-12-20,1.731,0.005226
2012-12-21,1.734,0.001733
2012-12-24,1.746,0.00692
2012-12-25,1.781,0.020046
2012-12-26,1.79,0.005053
2012-12-27,1.776,-0.007821
2012-12-28,1.787,0.006194
2012-12-31,1.81,0.012871
2013-01-04,1.81,0.0
2013-01-07,1.836,0.014365
2013-01-08,1.838,0.001089
2013-01-09,1.836,-0.001088
2013-01-10,1.836,0.0
2013-01-11,1.814,-0.011983
2013-01-14,1.871,0.031422
2013-01-15,1.883,0.006414
2013-01-16,1.879,-0.002124
2013-01-17,1.869,-0.005322
2013-01-18,1.894,0.013376
2013-01-21,1.901,0.003696
2013-01-22,1.899,-0.001052
2013-01-23,1.91,0.005793
2013-01-24,1.894,-0.008377
2013-01-25,1.896,0.001056
2013-01-28,1.937,0.021624
2013-01-29,1.944,0.003614
2013-01-30,1.944,0.0
2013-01-31,1.938,-0.003086
2013-02-01,1.958,0.01032
2013-02-04,1.943,-0.007661
2013-02-05,1.966,0.011837
2013-02-06,1.967,0.000509
2013-02-07,1.962,-0.002542
2013-02-08,1.976,0.007136
2013-02-18,1.966,-0.005061
2013-02-19,1.948,-0.009156
2013-02-20,1.962,0.007187
2013-02-21,1.933,-0.014781
2013-02-22,1.913,-0.010347
2013-02-25,1.923,0.005227
2013-02-26,1.903,-0.0104
2013-02-27,1.904,0.000525
2013-02-28,1.941,0.019433
2013-03-01,1.947,0.003091
2013-03-04,1.911,-0.01849
2013-03-05,1.958,0.024594
2013-03-06,1.981,0.011747
2013-03-07,1.964,-0.008582
2013-03-08,1.954,-0.005092
2013-03-11,1.948,-0.003071
2013-03-12,1.923,-0.012834
2013-03-13,1.904,-0.00988
2013-03-14,1.919,0.007878
2013-03-15,1.936,0.008859
2013-03-18,1.932,-0.002066
2013-03-19,1.933,0.000518
2013-03-20,1.962,0.015003
2013-03-21,1.981,0.009684
2013-03-22,1.985,0.002019
2013-03-25,1.976,-0.004534
2013-03-26,1.976,0.0
2013-03-27,1.989,0.006579
2013-03-28,1.962,-0.013575
2013-03-29,1.948,-0.007136
2013-04-01,1.945,-0.00154
2013-04-02,1.926,-0.009769
2013-04-03,1.917,-0.004673
2013-04-08,1.932,0.007825
2013-04-09,1.929,-0.001553
2013-04-10,1.916,-0.006739
2013-04-11,1.918,0.001044
2013-04-12,1.913,-0.002607
2013-04-15,1.9,-0.006796
2013-04-16,1.901,0.000526
2013-04-17,1.92,0.009995
2013-04-18,1.923,0.001563
2013-04-19,1.947,0.01248
2013-04-22,1.945,-0.001027
2013-04-23,1.92,-0.012853
2013-04-24,1.941,0.010938
2013-04-25,1.935,-0.003091
2013-04-26,1.92,-0.007752
2013-05-02,1.942,0.011458
2013-05-03,1.962,0.010299
2013-05-06,1.989,0.013761
2013-05-07,1.982,-0.003519
2013-05-08,1.994,0.006054
2013-05-09,2.001,0.003511
2013-05-10,1.993,-0.003998
2013-05-13,1.984,-0.004516
2013-05-14,1.936,-0.024194
2013-05-15,1.951,0.007748
2013-05-16,1.977,0.013326
2013-05-17,1.99,0.006576
2013-05-20,1.98,-0.005025
2013-05-21,1.974,-0.00303
2013-05-22,1.965,-0.004559
2013-05-23,1.963,-0.001018
2013-05-24,1.973,0.005094
2013-05-27,1.987,0.007096
2013-05-28,1.987,0.0
2013-05-29,1.993,0.00302
2013-05-30,1.993,0.0
2013-05-31,1.979,-0.007025
2013-06-03,1.979,0.0
2013-06-04,1.961,-0.009096
2013-06-05,1.959,-0.00102
2013-06-06,1.945,-0.007147
2013-06-07,1.927,-0.009254
2013-06-13,1.912,-0.007784
2013-06-14,1.926,0.007322
2013-06-17,1.942,0.008307
2013-06-18,1.956,0.007209
2013-06-19,1.957,0.000511
2013-06-20,1.923,-0.017374
2013-06-21,1.92,-0.00156
2013-06-24,1.875,-0.023438
2013-06-25,1.887,0.0064
2013-06-26,1.914,0.014308
2013-06-27,1.908,-0.003135
2013-06-28,1.911,0.001572
2013-06-30,1.911,0.0
2013-07-01,1.941,0.015699
2013-07-02,1.96,0.009789
2013-07-03,1.967,0.003571
2013-07-04,1.962,-0.002542
2013-07-05,1.953,-0.004587
2013-07-08,1.933,-0.010241
2013-07-09,1.939,0.003104
2013-07-10,1.964,0.012893
2013-07-11,1.996,0.016293
2013-07-12,1.991,-0.002505
2013-07-15,2.019,0.014063
2013-07-16,2.022,0.001486
2013-07-17,2.003,-0.009397
2013-07-18,1.993,-0.004993
2013-07-19,1.974,-0.009533
2013-07-22,1.987,0.006586
2013-07-23,2.02,0.016608
2013-07-24,2.037,0.008416
2013-07-25,2.017,-0.009818
2013-07-26,2.012,-0.002479
2013-07-29,1.987,-0.012425
2013-07-30,1.972,-0.007549
2013-07-31,1.986,0.007099
2013-08-01,2.017,0.015609
2013-08-02,2.015,-0.000992
2013-08-05,2.039,0.011911
2013-08-06,2.053,0.006866
2013-08-07,2.045,-0.003897
2013-08-08,2.046,0.000489
2013-08-09,2.055,0.004399
2013-08-12,2.058,0.00146
2013-08-13,2.05,-0.003887
2013-08-14,2.05,0.0
2013-08-15,2.029,-0.010244
2013-08-16,2.003,-0.012814
2013-08-19,2.041,0.018972
2013-08-20,2.041,0.0
2013-08-21,2.028,-0.006369
2013-08-22,2.035,0.003452
2013-08-23,2.041,0.002948
2013-08-26,2.064,0.011269
2013-08-27,2.076,0.005814
2013-08-28,2.066,-0.004817
2013-08-29,2.067,0.000484
2013-08-30,2.036,-0.014998
2013-09-02,2.053,0.00835
2013-09-03,2.078,0.012177
2013-09-04,2.081,0.001444
2013-09-05,2.112,0.014897
2013-09-06,2.111,-0.000473
2013-09-09,2.109,-0.000947
2013-09-10,2.116,0.003319
2013-09-11,2.101,-0.007089
2013-09-12,2.098,-0.001428
2013-09-13,2.117,0.009056
2013-09-16,2.128,0.005196
2013-09-17,2.117,-0.005169
2013-09-18,2.114,-0.001417
2013-09-23,2.169,0.026017
2013-09-24,2.195,0.011987
2013-09-25,2.197,0.000911
2013-09-26,2.176,-0.009558
2013-09-27,2.176,0.0
2013-09-30,2.201,0.011489
2013-10-08,2.216,0.006815
2013-10-09,2.228,0.005415
2013-10-10,2.221,-0.003142
2013-10-11,2.239,0.008104
2013-10-14,2.26,0.009379
2013-10-15,2.28,0.00885
2013-10-16,2.245,-0.015351
2013-10-17,2.225,-0.008909
2013-10-18,2.243,0.00809
2013-10-21,2.309,0.029425
2013-10-22,2.278,-0.013426
2013-10-23,2.22,-0.025461
2013-10-24,2.208,-0.005405
2013-10-25,2.173,-0.015851
2013-10-28,2.176,0.001381
2013-10-29,2.155,-0.009651
2013-10-30,2.186,0.014385
2013-10-31,2.137,-0.022415
2013-11-01,2.137,0.0
2013-11-04,2.128,-0.004212
2013-11-05,2.148,0.009398
2013-11-06,2.123,-0.011639
2013-11-07,2.104,-0.00895
2013-11-08,2.085,-0.00903
2013-11-11,2.097,0.005755
2013-11-12,2.102,0.002384
2013-11-13,2.081,-0.00999
2013-11-14,2.107,0.012494
2013-11-15,2.142,0.016611
2013-11-18,2.165,0.010738
2013-11-19,2.148,-0.007852
2013-11-20,2.152,0.001862
2013-11-21,2.14,-0.005576
2013-11-22,2.135,-0.002336
2013-11-25,2.138,0.001405
2013-11-26,2.145,0.003274
2013-11-27,2.159,0.006527
2013-11-28,2.179,0.009264
2013-11-29,2.199,0.009179
2013-12-02,2.135,-0.029104
2013-12-03,2.164,0.013583
2013-12-04,2.183,0.00878
2013-12-05,2.172,-0.005039
2013-12-06,2.169,-0.001381
2013-12-09,2.182,0.005994
2013-12-10,2.179,-0.001375
2013-12-11,2.166,-0.005966
2013-12-12,2.176,0.004617
2013-12-13,2.174,-0.000919
2013-12-16,2.157,-0.00782
2013-12-17,2.143,-0.00649
2013-12-18,2.144,0.000467
2013-12-19,2.137,-0.003265
2013-12-20,2.137,0.0
2013-12-23,2.144,0.003276
2013-12-24,2.157,0.006063
2013-12-25,2.175,0.008345
2013-12-26,2.152,-0.010575
2013-12-27,2.173,0.009758
2013-12-30,2.179,0.002761
2013-12-31,2.189,0.004589
2014-01-02,2.205,0.007309
2014-01-03,2.198,-0.003175
2014-01-06,2.158,-0.018198
2014-01-07,2.16,0.000927
2014-01-08,2.177,0.00787
2014-01-09,2.155,-0.010106
2014-01-10,2.142,-0.006032
2014-01-13,2.142,0.0
2014-01-14,2.172,0.014006
2014-01-15,2.173,0.00046
2014-01-16,2.163,-0.004602
2014-01-17,2.136,-0.012483
2014-01-20,2.117,-0.008895
2014-01-21,2.128,0.005196
2014-01-22,2.154,0.012218
2014-01-23,2.162,0.003714
2014-01-24,2.188,0.012026
2014-01-27,2.165,-0.010512
2014-01-28,2.154,-0.005081
2014-01-29,2.167,0.006035
2014-01-30,2.153,-0.006461
2014-02-07,2.19,0.017185
2014-02-10,2.233,0.019635
2014-02-11,2.231,-0.000896
2014-02-12,2.245,0.006275
2014-02-13,2.208,-0.016481
2014-02-14,2.227,0.008605
2014-02-17,2.249,0.009879
2014-02-18,2.229,-0.008893
2014-02-19,2.219,-0.004486
2014-02-20,2.207,-0.005408
2014-02-21,2.196,-0.004984
2014-02-24,2.17,-0.01184
2014-02-25,2.106,-0.029493
2014-02-26,2.108,0.00095
2014-02-27,2.09,-0.008539
2014-02-28,2.117,0.012919
2014-03-03,2.143,0.012282
2014-03-04,2.138,-0.002333
2014-03-05,2.13,-0.003742
2014-03-06,2.136,0.002817
2014-03-07,2.141,0.002341
2014-03-10,2.11,-0.014479
2014-03-11,2.108,-0.000948
2014-03-12,2.105,-0.001423
2014-03-13,2.14,0.016627
2014-03-14,2.132,-0.003738
2014-03-17,2.175,0.020169
2014-03-18,2.187,0.005517
2014-03-19,2.168,-0.008688
2014-03-20,2.118,-0.023063
2014-03-21,2.14,0.010387
2014-03-24,2.117,-0.010748
2014-03-25,2.124,0.003307
2014-03-26,2.141,0.008004
2014-03-27,2.101,-0.018683
2014-03-28,2.077,-0.011423
2014-03-31,2.089,0.005778
2014-04-01,2.112,0.01101
2014-04-02,2.091,-0.009943
2014-04-03,2.083,-0.003826
2014-04-04,2.105,0.010562
2014-04-08,2.127,0.010451
2014-04-09,2.138,0.005172
2014-04-10,2.141,0.001403
2014-04-11,2.15,0.004204
2014-04-14,2.166,0.007442
2014-04-15,2.158,-0.003693
2014-04-16,2.152,-0.00278
2014-04-17,2.154,0.000929
2014-04-18,2.165,0.005107
2014-04-21,2.152,-0.006005
2014-04-22,2.136,-0.007435
2014-04-23,2.135,-0.000468
2014-04-24,2.137,0.000937
2014-04-25,2.106,-0.014506
2014-04-28,2.075,-0.01472
2014-04-29,2.1,0.012048
2014-04-30,2.117,0.008095
2014-05-05,2.139,0.010392
2014-05-06,2.148,0.004208
2014-05-07,2.134,-0.006518
2014-05-08,2.122,-0.005623
2014-05-09,2.103,-0.008954
2014-05-12,2.123,0.00951
2014-05-13,2.122,-0.000471
2014-05-14,2.13,0.00377
2014-05-15,2.106,-0.011268
2014-05-16,2.089,-0.008072
2014-05-19,2.083,-0.002872
2014-05-20,2.078,-0.0024
2014-05-21,2.09,0.005775
2014-05-22,2.087,-0.001435
2014-05-23,2.103,0.007667
2014-05-26,2.114,0.005231
2014-05-27,2.113,-0.000473
2014-05-28,2.126,0.006152
2014-05-29,2.114,-0.005644
2014-05-30,2.121,0.003311
2014-06-03,2.117,-0.001886
2014-06-04,2.11,-0.003307
2014-06-05,2.123,0.006161
2014-06-06,2.116,-0.003297
2014-06-09,2.113,-0.001418
2014-06-10,2.126,0.006152
2014-06-11,2.133,0.003293
2014-06-12,2.135,0.000938
2014-06-13,2.151,0.007494
2014-06-16,2.156,0.002325
2014-06-17,2.139,-0.007885
2014-06-18,2.137,-0.000935
2014-06-19,2.11,-0.012635
2014-06-20,2.121,0.005213
2014-06-23,2.13,0.004243
2014-06-24,2.151,0.009859
2014-06-25,2.15,-0.000465
2014-06-26,2.169,0.008837
2014-06-27,2.186,0.007838
2014-06-30,2.213,0.012351
2014-07-01,2.217,0.001808
2014-07-02,2.233,0.007217
2014-07-03,2.241,0.003583
2014-07-04,2.234,-0.003124
2014-07-07,2.237,0.001343
2014-07-08,2.256,0.008494
2014-07-09,2.237,-0.008422
2014-07-10,2.227,-0.00447
2014-07-11,2.234,0.003143
2014-07-14,2.256,0.009848
2014-07-15,2.256,0.0
2014-07-16,2.234,-0.009752
2014-07-17,2.225,-0.004029
2014-07-18,2.228,0.001348
2014-07-21,2.233,0.002244
2014-07-22,2.255,0.009852
2014-07-23,2.246,-0.003991
2014-07-24,2.243,-0.001336
2014-07-25,2.26,0.007579
2014-07-28,2.295,0.015487
2014-07-29,2.296,0.000436
2014-07-30,2.296,0.0
2014-07-31,2.321,0.010889
2014-08-01,2.329,0.003447
2014-08-04,2.353,0.010305
2014-08-05,2.345,-0.0034
2014-08-06,2.34,-0.002132
2014-08-07,2.323,-0.007265
2014-08-08,2.329,0.002583
2014-08-11,2.355,0.011164
2014-08-12,2.371,0.006794
2014-08-13,2.363,-0.003374
2014-08-14,2.343,-0.008464
2014-08-15,2.36,0.007256
2014-08-18,2.37,0.004237
2014-08-19,2.373,0.001266
2014-08-20,2.365,-0.003371
2014-08-21,2.363,-0.000846
2014-08-22,2.371,0.003386
2014-08-25,2.355,-0.006748
2014-08-26,2.335,-0.008493
2014-08-27,2.344,0.003854
2014-08-28,2.328,-0.006826
2014-08-29,2.34,0.005155
2014-09-01,2.361,0.008974
2014-09-02,2.383,0.009318
2014-09-03,2.397,0.005875
2014-09-04,2.403,0.002503
2014-09-05,2.41,0.002913
2014-09-09,2.413,0.001245
2014-09-10,2.411,-0.000829
2014-09-11,2.401,-0.004148
2014-09-12,2.42,0.007913
2014-09-15,2.434,0.005785
2014-09-16,2.385,-0.020131
2014-09-17,2.398,0.005451
2014-09-18,2.41,0.005004
2014-09-19,2.423,0.005394
2014-09-22,2.391,-0.013207
2014-09-23,2.408,0.00711
2014-09-24,2.43,0.009136
2014-09-25,2.427,-0.001235
2014-09-26,2.433,0.002472
2014-09-29,2.44,0.002877
2014-09-30,2.446,0.002459
2014-10-08,2.471,0.010221
2014-10-09,2.467,-0.001619
2014-10-10,2.454,-0.00527
2014-10-13,2.445,-0.003667
2014-10-14,2.438,-0.002863
2014-10-15,2.454,0.006563
2014-10-16,2.431,-0.009372
2014-10-17,2.417,-0.005759
2014-10-20,2.441,0.00993
2014-10-21,2.426,-0.006145
2014-10-22,2.411,-0.006183
2014-10-23,2.387,-0.009954
2014-10-24,2.389,0.000838
2014-10-27,2.398,0.003767
2014-10-28,2.438,0.016681
2014-10-29,2.464,0.010664
2014-10-30,2.467,0.001218
2014-10-31,2.457,-0.004054
2014-11-03,2.476,0.007733
2014-11-04,2.464,-0.004847
2014-11-05,2.463,-0.000406
2014-11-06,2.465,0.000812
2014-11-07,2.451,-0.00568
2014-11-10,2.472,0.008568
2014-11-11,2.441,-0.01254
2014-11-12,2.467,0.010651
2014-11-13,2.469,0.000811
2014-11-14,2.462,-0.002835
2014-11-17,2.459,-0.001219
2014-11-18,2.451,-0.003253
2014-11-19,2.469,0.007344
2014-11-20,2.459,-0.00405
2014-11-21,2.465,0.00244
2014-11-24,2.486,0.008519
2014-11-25,2.507,0.008447
2014-11-26,2.508,0.000399
2014-11-27,2.51,0.000797
2014-11-28,2.538,0.011155
2014-12-01,2.568,0.01182
2014-12-02,2.608,0.015576
2014-12-03,2.594,-0.005368
2014-12-04,2.662,0.026214
2014-12-05,2.619,-0.016153
2014-12-08,2.674,0.021
2014-12-09,2.605,-0.025804
2014-12-10,2.683,0.029942
2014-12-11,2.706,0.008572
2014-12-12,2.706,0.0
2014-12-15,2.719,0.004804
2014-12-16,2.723,0.001471
2014-12-17,2.724,0.000367
2014-12-18,2.734,0.003671
2014-12-19,2.739,0.001829
2014-12-22,2.691,-0.017525
2014-12-23,2.655,-0.013378
2014-12-24,2.619,-0.013559
2014-12-25,2.656,0.014128
2014-12-26,2.699,0.01619
2014-12-29,2.699,0.0
2014-12-30,2.689,-0.003705
2014-12-31,2.739,0.018594
2015-01-05,2.822,0.030303
2015-01-06,2.825,0.001063
2015-01-07,2.82,-0.00177
2015-01-08,2.8,-0.007092
2015-01-09,2.795,-0.001786
2015-01-12,2.813,0.00644
2015-01-13,2.835,0.007821
2015-01-14,2.82,-0.005291
2015-01-15,2.869,0.017376
2015-01-16,2.876,0.00244
2015-01-19,2.764,-0.038943
2015-01-20,2.814,0.01809
2015-01-21,2.857,0.015281
2015-01-22,2.871,0.0049
2015-01-23,2.852,-0.006618
2015-01-26,2.894,0.014727
2015-01-27,2.893,-0.000346
2015-01-28,2.863,-0.01037
2015-01-29,2.837,-0.009081
2015-01-30,2.823,-0.004935
2015-02-02,2.821,-0.000708
2015-02-03,2.877,0.019851
2015-02-04,2.868,-0.003128
2015-02-05,2.878,0.003487
2015-02-06,2.834,-0.015288
2015-02-09,2.811,-0.008116
2015-02-10,2.852,0.014586
2015-02-11,2.891,0.013675
2015-02-12,2.921,0.010377
2015-02-13,2.947,0.008901
2015-02-16,2.99,0.014591
2015-02-17,3.002,0.004013
2015-02-25,2.972,-0.009993
2015-02-26,2.971,-0.000336
2015-02-27,2.985,0.004712
2015-03-02,3.023,0.01273
2015-03-03,3.001,-0.007278
2015-03-04,3.047,0.015328
2015-03-05,3.058,0.00361
2015-03-06,2.997,-0.019948
2015-03-09,3.043,0.015349
2015-03-10,3.09,0.015445
2015-03-11,3.105,0.004854
2015-03-12,3.089,-0.005153
2015-03-13,3.134,0.014568
2015-03-16,3.234,0.031908
2015-03-17,3.248,0.004329
2015-03-18,3.288,0.012315
2015-03-19,3.281,-0.002129
2015-03-20,3.304,0.00701
2015-03-23,3.408,0.031477
2015-03-24,3.456,0.014085
2015-03-25,3.494,0.010995
2015-03-26,3.462,-0.009159
2015-03-27,3.502,0.011554
2015-03-30,3.53,0.007995
2015-03-31,3.515,-0.004249
2015-04-01,3.579,0.018208
2015-04-02,3.581,0.000559
2015-04-03,3.59,0.002513
2015-04-07,3.639,0.013649
2015-04-08,3.59,-0.013465
2015-04-09,3.56,-0.008357
2015-04-10,3.638,0.02191
2015-04-13,3.666,0.007697
2015-04-14,3.616,-0.013639
2015-04-15,3.491,-0.034569
2015-04-16,3.545,0.015468
2015-04-17,3.601,0.015797
2015-04-20,3.522,-0.021938
2015-04-21,3.634,0.0318
2015-04-22,3.681,0.012933
2015-04-23,3.693,0.00326
2015-04-24,3.662,-0.008394
2015-04-27,3.689,0.007373
2015-04-28,3.627,-0.016807
2015-04-29,3.688,0.016818
2015-04-30,3.717,0.007863
2015-05-04,3.727,0.00269
2015-05-05,3.637,-0.024148
2015-05-06,3.636,-0.000275
2015-05-07,3.596,-0.011001
2015-05-08,3.733,0.038098
2015-05-11,3.855,0.032681
2015-05-12,3.925,0.018158
2015-05-13,3.946,0.00535
2015-05-14,3.919,-0.006842
2015-05-15,3.921,0.00051
2015-05-18,4.058,0.03494
2015-05-19,4.128,0.01725
2015-05-20,4.203,0.018169
2015-05-21,4.307,0.024744
2015-05-22,4.293,-0.003251
2015-05-25,4.334,0.00955
2015-05-26,4.491,0.036225
2015-05-27,4.545,0.012024
2015-05-28,4.349,-0.043124
2015-05-29,4.414,0.014946
2015-06-01,4.603,0.042818
2015-06-02,4.792,0.04106
2015-06-03,4.81,0.003756
2015-06-04,4.765,-0.009356
2015-06-05,4.776,0.002308
2015-06-08,4.645,-0.027429
2015-06-09,4.607,-0.008181
2015-06-10,4.725,0.025613
2015-06-11,4.768,0.009101
2015-06-12,4.799,0.006502
2015-06-15,4.623,-0.036674
2015-06-16,4.489,-0.028986
2015-06-17,4.601,0.02495
2015-06-18,4.48,-0.026299
2015-06-19,4.257,-0.049777
2015-06-23,4.321,0.015034
2015-06-24,4.388,0.015506
2015-06-25,4.267,-0.027575
2015-06-26,3.93,-0.078978
2015-06-29,3.701,-0.05827
2015-06-30,3.899,0.053499
2015-07-01,3.77,-0.033085
2015-07-02,3.557,-0.056499
2015-07-03,3.434,-0.03458
2015-07-06,3.384,-0.01456
2015-07-07,3.167,-0.064125
2015-07-08,3.053,-0.035996
2015-07-09,3.16,0.035047
2015-07-10,3.292,0.041772
2015-07-13,3.46,0.051033
2015-07-14,3.589,0.037283
2015-07-15,3.432,-0.043745
2015-07-16,3.504,0.020979
2015-07-17,3.702,0.056507
2015-07-20,3.827,0.033766
2015-07-21,4.014,0.048863
2015-07-22,3.999,-0.003737
2015-07-23,4.083,0.021005
2015-07-24,4.014,-0.016899
2015-07-27,3.809,-0.051071
2015-07-28,3.765,-0.011552
2015-07-29,3.891,0.033466
2015-07-30,3.795,-0.024672
2015-07-31,3.725,-0.018445
2015-08-03,3.624,-0.027114
2015-08-04,3.766,0.039183
2015-08-05,3.737,-0.0077
2015-08-06,3.693,-0.011774
2015-08-07,3.801,0.029245
2015-08-10,3.939,0.036306
2015-08-11,3.933,-0.001523
2015-08-12,3.819,-0.028986
2015-08-13,3.856,0.009688
2015-08-14,3.862,0.001556
2015-08-17,3.88,0.004661
2015-08-18,3.679,-0.051804
2015-08-19,3.752,0.019842
2015-08-20,3.66,-0.02452
2015-08-21,3.512,-0.040437
2015-08-24,3.327,-0.052677
2015-08-25,3.188,-0.041779
2015-08-26,3.18,-0.002509
2015-08-27,3.281,0.031761
2015-08-28,3.387,0.032307
2015-08-31,3.327,-0.017715
2015-09-01,3.225,-0.030658
2015-09-02,3.175,-0.015504
2015-09-07,3.168,-0.002205
2015-09-08,3.25,0.025884
2015-09-09,3.33,0.024615
2015-09-10,3.341,0.003303
2015-09-11,3.333,-0.002394
2015-09-14,3.207,-0.037804
2015-09-15,3.115,-0.028687
2015-09-16,3.238,0.039486
2015-09-17,3.198,-0.012353
2015-09-18,3.206,0.002502
2015-09-21,3.268,0.019339
2015-09-22,3.269,0.000306
2015-09-23,3.238,-0.009483
2015-09-24,3.251,0.004015
2015-09-25,3.204,-0.014457
2015-09-28,3.25,0.014357
2015-09-29,3.251,0.000308
2015-09-30,3.251,0.0
2015-10-08,3.348,0.029837
2015-10-09,3.364,0.004779
2015-10-12,3.461,0.028835
2015-10-13,3.457,-0.001156
2015-10-14,3.423,-0.009835
2015-10-15,3.48,0.016652
2015-10-16,3.493,0.003736
2015-10-19,3.479,-0.004008
2015-10-20,3.535,0.016097
2015-10-21,3.381,-0.043564
2015-10-22,3.459,0.02307
2015-10-23,3.513,0.015611
2015-10-26,3.515,0.000569
2015-10-27,3.524,0.00256
2015-10-28,3.472,-0.014756
2015-10-29,3.482,0.00288
2015-10-30,3.49,0.002298
2015-11-02,3.464,-0.00745
2015-11-03,3.497,0.009527
2015-11-04,3.603,0.030312
2015-11-05,3.581,-0.006106
2015-11-06,3.64,0.016476
2015-11-09,3.669,0.007967
2015-11-10,3.667,-0.000545
2015-11-11,3.681,0.003818
2015-11-12,3.696,0.004075
2015-11-13,3.611,-0.022998
2015-11-16,3.643,0.008862
2015-11-17,3.596,-0.012901
2015-11-18,3.56,-0.010011
2015-11-19,3.626,0.018539
2015-11-20,3.665,0.010756
2015-11-23,3.672,0.00191
2015-11-24,3.718,0.012527
2015-11-25,3.784,0.017751
2015-11-26,3.763,-0.00555
2015-11-27,3.594,-0.044911
2015-11-30,3.628,0.00946
2015-12-01,3.637,0.002481
2015-12-02,3.572,-0.017872
2015-12-03,3.653,0.022676
2015-12-04,3.649,-0.001095
2015-12-07,3.7,0.013976
2015-12-08,3.643,-0.015405
2015-12-09,3.649,0.001647
2015-12-10,3.65,0.000274
2015-12-11,3.62,-0.008219
2015-12-14,3.637,0.004696
2015-12-15,3.662,0.006874
2015-12-16,3.7,0.010377
2015-12-17,3.763,0.017027
2015-12-18,3.748,-0.003986
2015-12-21,3.766,0.004803
2015-12-22,3.768,0.000531
2015-12-23,3.716,-0.0138
2015-12-24,3.715,-0.000269
2015-12-25,3.73,0.004038
2015-12-28,3.668,-0.016622
2015-12-29,3.688,0.005453
2015-12-30,3.727,0.010575
2015-12-31,3.663,-0.017172
2016-01-04,3.43,-0.063609
2016-01-05,3.388,-0.012245
2016-01-06,3.438,0.014758
2016-01-07,3.208,-0.066899
2016-01-08,3.23,0.006858
2016-01-11,3.085,-0.044892
2016-01-12,3.106,0.006807
2016-01-13,3.042,-0.020605
2016-01-14,3.127,0.027942
2016-01-15,3.043,-0.026863
2016-01-18,3.087,0.014459
2016-01-19,3.163,0.024619
2016-01-20,3.14,-0.007272
2016-01-21,3.081,-0.01879
2016-01-22,3.099,0.005842
2016-01-25,3.13,0.010003
2016-01-26,3.015,-0.036741
2016-01-27,2.983,-0.010614
2016-01-28,2.931,-0.017432
2016-01-29,2.991,0.020471
2016-02-01,2.986,-0.001672
2016-02-02,3.045,0.019759
2016-02-03,3.059,0.004598
2016-02-04,3.086,0.008826
2016-02-05,3.074,-0.003889
2016-02-15,3.093,0.006181
2016-02-16,3.164,0.022955
2016-02-17,3.171,0.002212
2016-02-18,3.159,-0.003784
2016-02-19,3.174,0.004748
2016-02-22,3.201,0.008507
2016-02-23,3.189,-0.003749
2016-02-24,3.193,0.001254
2016-02-25,3.068,-0.039148
2016-02-26,3.094,0.008475
2016-02-29,3.027,-0.021655
2016-03-01,3.05,0.007598
2016-03-02,3.121,0.023279
2016-03-03,3.11,-0.003525
2016-03-04,3.093,-0.005466
2016-03-07,3.122,0.009376
2016-03-08,3.119,-0.000961
2016-03-09,3.093,-0.008336
2016-03-10,3.088,-0.001617
2016-03-11,3.086,-0.000648
2016-03-14,3.144,0.018795
2016-03-15,3.116,-0.008906
2016-03-16,3.088,-0.008986
2016-03-17,3.157,0.022345
2016-03-18,3.204,0.014888
2016-03-21,3.227,0.007179
2016-03-22,3.236,0.002789
2016-03-23,3.239,0.000927
2016-03-24,3.233,-0.001852
2016-03-25,3.252,0.005877
2016-03-28,3.242,-0.003075
2016-03-29,3.219,-0.007094
2016-03-30,3.277,0.018018
2016-03-31,3.287,0.003052
2016-04-01,3.269,-0.005476
2016-04-05,3.303,0.010401
2016-04-06,3.305,0.000606
2016-04-07,3.279,-0.007867
2016-04-08,3.257,-0.006709
2016-04-11,3.287,0.009211
2016-04-12,3.27,-0.005172
2016-04-13,3.277,0.002141
2016-04-14,3.294,0.005188
2016-04-15,3.296,0.000607
2016-04-18,3.298,0.000607
2016-04-19,3.303,0.001516
2016-04-20,3.248,-0.016652
2016-04-21,3.24,-0.002463
2016-04-22,3.256,0.004938
2016-04-25,3.238,-0.005528
2016-04-26,3.239,0.000309
2016-04-27,3.236,-0.000926
2016-04-28,3.241,0.001545
2016-04-29,3.259,0.005554
2016-05-03,3.326,0.020558
2016-05-04,3.313,-0.003909
2016-05-05,3.313,0.0
2016-05-06,3.248,-0.01962
2016-05-09,3.22,-0.008621
2016-05-10,3.251,0.009627
2016-05-11,3.287,0.011074
2016-05-12,3.294,0.00213
2016-05-13,3.294,0.0
2016-05-16,3.341,0.014268
2016-05-17,3.314,-0.008081
2016-05-18,3.267,-0.014182
2016-05-19,3.267,0.0
2016-05-20,3.279,0.003673
2016-05-23,3.301,0.006709
2016-05-24,3.284,-0.00515
2016-05-25,3.248,-0.010962
2016-05-26,3.262,0.00431
2016-05-27,3.253,-0.002759
2016-05-30,3.24,-0.003996
2016-05-31,3.301,0.018827
2016-06-01,3.319,0.005453
2016-06-02,3.319,0.0
2016-06-03,3.333,0.004218
2016-06-06,3.353,0.006001
2016-06-07,3.35,-0.000895
2016-06-08,3.327,-0.006866
2016-06-13,3.267,-0.018034
2016-06-14,3.304,0.011325
2016-06-15,3.361,0.017252
2016-06-16,3.346,-0.004463
2016-06-17,3.362,0.004782
2016-06-20,3.369,0.002082
2016-06-21,3.338,-0.009202
2016-06-22,3.349,0.003295
2016-06-23,3.316,-0.009854
2016-06-24,3.301,-0.004524
2016-06-27,3.34,0.011815
2016-06-28,3.35,0.002994
2016-06-29,3.355,0.001493
2016-06-30,3.366,0.003279
2016-07-01,3.365,-0.000297
2016-07-04,3.395,0.008915
2016-07-05,3.401,0.001767
2016-07-06,3.436,0.010291
2016-07-07,3.442,0.001746
2016-07-08,3.429,-0.003777
2016-07-11,3.424,-0.001458
2016-07-12,3.446,0.006425
2016-07-13,3.447,0.00029
2016-07-14,3.448,0.00029
2016-07-15,3.439,-0.00261
2016-07-18,3.458,0.005525
2016-07-19,3.456,-0.000578
2016-07-20,3.447,-0.002604
2016-07-21,3.442,-0.001451
2016-07-22,3.416,-0.007554
2016-07-25,3.423,0.002049
2016-07-26,3.448,0.007304
2016-07-27,3.376,-0.020882
2016-07-28,3.391,0.004443
2016-07-29,3.394,0.000885
2016-08-01,3.366,-0.00825
2016-08-02,3.384,0.005348
2016-08-03,3.385,0.000296
2016-08-04,3.385,0.0
2016-08-05,3.382,-0.000886
2016-08-08,3.39,0.002365
2016-08-09,3.4,0.00295
2016-08-10,3.388,-0.003529
2016-08-11,3.358,-0.008855
2016-08-12,3.369,0.003276
2016-08-15,3.395,0.007717
2016-08-16,3.399,0.001178
2016-08-17,3.404,0.001471
2016-08-18,3.391,-0.003819
2016-08-19,3.397,0.001769
2016-08-22,3.382,-0.004416
2016-08-23,3.383,0.000296
2016-08-24,3.382,-0.000296
2016-08-25,3.39,0.002365
2016-08-26,3.392,0.00059
2016-08-29,3.389,-0.000884
2016-08-30,3.391,0.00059
2016-08-31,3.397,0.001769
2016-09-01,3.39,-0.002061
2016-09-02,3.373,-0.005015
2016-09-05,3.388,0.004447
2016-09-06,3.415,0.007969
2016-09-07,3.393,-0.006442
2016-09-08,3.393,0.0
2016-09-09,3.389,-0.001179
2016-09-12,3.346,-0.012688
2016-09-13,3.372,0.00777
2016-09-14,3.357,-0.004448
2016-09-19,3.379,0.006553
2016-09-20,3.379,0.0
2016-09-21,3.389,0.002959
2016-09-22,3.402,0.003836
2016-09-23,3.384,-0.005291
2016-09-26,3.344,-0.01182
2016-09-27,3.356,0.003589
2016-09-28,3.38,0.007151
2016-09-29,3.387,0.002071
2016-09-30,3.39,0.000886
2016-10-10,3.412,0.00649
2016-10-11,3.425,0.00381
2016-10-12,3.419,-0.001752
2016-10-13,3.42,0.000292
2016-10-14,3.41,-0.002924
2016-10-17,3.383,-0.007918
2016-10-18,3.409,0.007685
2016-10-19,3.395,-0.004107
2016-10-20,3.4,0.001473
2016-10-21,3.386,-0.004118
2016-10-24,3.397,0.003249
2016-10-25,3.404,0.002061
2016-10-26,3.401,-0.000881
2016-10-27,3.393,-0.002352
2016-10-28,3.386,-0.002063
2016-10-31,3.39,0.001181
2016-11-01,3.421,0.009145
2016-11-02,3.408,-0.0038
2016-11-03,3.411,0.00088
2016-11-04,3.398,-0.003811
2016-11-07,3.397,-0.000294
2016-11-08,3.405,0.002355
2016-11-09,3.387,-0.005286
2016-11-10,3.408,0.0062
2016-11-11,3.408,0.0
2016-11-14,3.407,-0.000293
2016-11-15,3.421,0.004109
2016-11-16,3.422,0.000292
2016-11-17,3.426,0.001169
2016-11-18,3.417,-0.002627
2016-11-21,3.403,-0.004097
2016-11-22,3.41,0.002057
2016-11-23,3.404,-0.00176
2016-11-24,3.391,-0.003819
2016-11-25,3.386,-0.001474
2016-11-28,3.399,0.003839
2016-11-29,3.395,-0.001177
2016-11-30,3.386,-0.002651
2016-12-01,3.399,0.003839
2016-12-02,3.374,-0.007355
2016-12-05,3.377,0.000889
2016-12-06,3.386,0.002665
2016-12-07,3.395,0.002658
2016-12-08,3.389,-0.001767
2016-12-09,3.373,-0.004721
2016-12-12,3.29,-0.024607
2016-12-13,3.307,0.005167
2016-12-14,3.282,-0.00756
2016-12-15,3.286,0.001219
2016-12-16,3.295,0.002739
2016-12-19,3.296,0.000303
2016-12-20,3.28,-0.004854
2016-12-21,3.296,0.004878
2016-12-22,3.291,-0.001517
2016-12-23,3.274,-0.005166
2016-12-26,3.284,0.003054
2016-12-27,3.285,0.000305
2016-12-28,3.28,-0.001522
2016-12-29,3.274,-0.001829
2016-12-30,3.28,0.001833
2016-12-31,3.28,0.0
2017-01-03,3.273,-0.002134
2017-01-04,3.291,0.0055
2017-01-05,3.283,-0.002431
2017-01-06,3.257,-0.00792
2017-01-09,3.252,-0.001535
2017-01-10,3.242,-0.003075
2017-01-11,3.222,-0.006169
2017-01-12,3.203,-0.005897
2017-01-13,3.18,-0.007181
2017-01-16,3.144,-0.011321
2017-01-17,3.162,0.005725
2017-01-18,3.162,0.0
2017-01-19,3.155,-0.002214
2017-01-20,3.178,0.00729
2017-01-23,3.19,0.003776
2017-01-24,3.189,-0.000313
2017-01-25,3.193,0.001254
2017-01-26,3.199,0.001879
2017-02-03,3.194,-0.001563
2017-02-06,3.214,0.006262
2017-02-07,3.211,-0.000933
2017-02-08,3.222,0.003426
2017-02-09,3.23,0.002483
2017-02-10,3.236,0.001858
2017-02-13,3.246,0.00309
2017-02-14,3.25,0.001232
2017-02-15,3.241,-0.002769
2017-02-16,3.247,0.001851
2017-02-17,3.233,-0.004312
2017-02-20,3.256,0.007114
2017-02-21,3.262,0.001843
2017-02-22,3.269,0.002146
2017-02-23,3.269,0.0
2017-02-24,3.275,0.001835
2017-02-27,3.263,-0.003664
2017-02-28,3.265,0.000613
2017-03-01,3.27,0.001531
2017-03-02,3.262,-0.002446
2017-03-03,3.279,0.005212
2017-03-06,3.31,0.009454
2017-03-07,3.319,0.002719
2017-03-08,3.315,-0.001205
2017-03-09,3.306,-0.002715
2017-03-10,3.314,0.00242
2017-03-13,3.334,0.006035
2017-03-14,3.325,-0.002699
2017-03-15,3.324,-0.000301
2017-03-16,3.328,0.001203
2017-03-17,3.312,-0.004808
2017-03-20,3.326,0.004227
2017-03-21,3.343,0.005111
2017-03-22,3.357,0.004188
2017-03-23,3.362,0.001489
2017-03-24,3.377,0.004462
2017-03-27,3.355,-0.006515
2017-03-28,3.351,-0.001192
2017-03-29,3.347,-0.001194
2017-03-30,3.319,-0.008366
2017-03-31,3.342,0.00693
2017-04-05,3.362,0.005984
2017-04-06,3.364,0.000595
2017-04-07,3.367,0.000892
2017-04-10,3.348,-0.005643
2017-04-11,3.34,-0.002389
2017-04-12,3.348,0.002395
2017-04-13,3.352,0.001195
2017-04-14,3.325,-0.008055
2017-04-17,3.316,-0.002707
2017-04-18,3.332,0.004825
2017-04-19,3.339,0.002101
2017-04-20,3.372,0.009883
2017-04-21,3.353,-0.005635
2017-04-24,3.33,-0.00686
2017-04-25,3.353,0.006907
2017-04-26,3.353,0.0
2017-04-27,3.364,0.003281
2017-04-28,3.355,-0.002675
2017-05-02,3.342,-0.003875
2017-05-03,3.329,-0.00389
2017-05-04,3.33,0.0003
2017-05-05,3.316,-0.004204
2017-05-08,3.279,-0.011158
2017-05-09,3.293,0.00427
2017-05-10,3.292,-0.000304
2017-05-11,3.306,0.004253
2017-05-12,3.311,0.001512
2017-05-15,3.331,0.00604
2017-05-16,3.363,0.009607
2017-05-17,3.341,-0.006542
2017-05-18,3.325,-0.004789
2017-05-19,3.327,0.000602
2017-05-22,3.338,0.003306
2017-05-23,3.341,0.000899
2017-05-24,3.335,-0.001796
2017-05-25,3.334,-0.0003
2017-05-26,3.319,-0.004499
2017-05-31,3.327,0.00241
2017-06-01,3.332,0.001503
2017-06-02,3.328,-0.0012
2017-06-05,3.333,0.001502
2017-06-06,3.35,0.005101
2017-06-07,3.383,0.009851
2017-06-08,3.406,0.006799
2017-06-09,3.423,0.004991
2017-06-12,3.411,-0.003506
2017-06-13,3.423,0.003518
2017-06-14,3.396,-0.007888
2017-06-15,3.39,-0.001767
2017-06-16,3.396,0.00177
2017-06-19,3.406,0.002945
2017-06-20,3.4,-0.001762
2017-06-21,3.448,0.014118
2017-06-22,3.442,-0.00174
2017-06-23,3.473,0.009006
2017-06-26,3.494,0.006047
2017-06-27,3.491,-0.000859
2017-06-28,3.455,-0.010312
2017-06-29,3.47,0.004342
2017-06-30,3.492,0.00634
2017-07-03,3.456,-0.010309
2017-07-04,3.445,-0.003183
2017-07-05,3.471,0.007547
2017-07-06,3.472,0.000288
2017-07-07,3.463,-0.002592
2017-07-10,3.441,-0.006353
2017-07-11,3.451,0.002906
2017-07-12,3.45,-0.00029
2017-07-13,3.442,-0.002319
2017-07-14,3.449,0.002034
2017-07-17,3.429,-0.005799
2017-07-18,3.432,0.000875
2017-07-19,3.475,0.012529
2017-07-20,3.492,0.004892
2017-07-21,3.494,0.000573
2017-07-24,3.51,0.004579
2017-07-25,3.492,-0.005128
2017-07-26,3.463,-0.008305
2017-07-27,3.47,0.002021
2017-07-28,3.478,0.002305
2017-07-31,3.479,0.000288
2017-08-01,3.474,-0.001437
2017-08-02,3.462,-0.003454
2017-08-03,3.433,-0.008377
2017-08-04,3.422,-0.003204
2017-08-07,3.447,0.007306
2017-08-08,3.441,-0.001741
2017-08-09,3.47,0.008428
2017-08-10,3.473,0.000865
2017-08-11,3.457,-0.004607
2017-08-14,3.499,0.012149
2017-08-15,3.504,0.001429
2017-08-16,3.503,-0.000285
2017-08-17,3.487,-0.004568
2017-08-18,3.48,-0.002007
2017-08-21,3.496,0.004598
2017-08-22,3.488,-0.002288
2017-08-23,3.486,-0.000573
2017-08-24,3.472,-0.004016
2017-08-25,3.483,0.003168
2017-08-28,3.503,0.005742
2017-08-29,3.502,-0.000285
2017-08-30,3.519,0.004854
2017-08-31,3.513,-0.001705
2017-09-01,3.524,0.003131
2017-09-04,3.546,0.006243
2017-09-05,3.544,-0.000564
2017-09-06,3.541,-0.000847
2017-09-07,3.527,-0.003954
2017-09-08,3.529,0.000567
2017-09-11,3.544,0.00425
2017-09-12,3.544,0.0
2017-09-13,3.55,0.001693
2017-09-14,3.537,-0.003662
2017-09-15,3.544,0.001979
2017-09-18,3.562,0.005079
2017-09-19,3.546,-0.004492
2017-09-20,3.561,0.00423
2017-09-21,3.55,-0.003089
2017-09-22,3.557,0.001972
2017-09-25,3.556,-0.000281
2017-09-26,3.551,-0.001406
2017-09-27,3.564,0.003661
2017-09-28,3.578,0.003928
2017-09-29,3.602,0.006708
2017-10-09,3.626,0.006663
2017-10-10,3.624,-0.000552
2017-10-11,3.647,0.006347
2017-10-12,3.651,0.001097
2017-10-13,3.662,0.003013
2017-10-16,3.66,-0.000546
2017-10-17,3.663,0.00082
2017-10-18,3.699,0.009828
2017-10-19,3.709,0.002703
2017-10-20,3.694,-0.004044
2017-10-23,3.711,0.004602
2017-10-24,3.739,0.007545
2017-10-25,3.746,0.001872
2017-10-26,3.747,0.000267
2017-10-27,3.764,0.004537
2017-10-30,3.755,-0.002391
2017-10-31,3.75,-0.001332
2017-11-01,3.733,-0.004533
2017-11-02,3.732,-0.000268
2017-11-03,3.739,0.001876
2017-11-06,3.793,0.014442
2017-11-07,3.802,0.002373
2017-11-08,3.781,-0.005523
2017-11-09,3.807,0.006876
2017-11-10,3.855,0.012608
2017-11-13,3.864,0.002335
2017-11-14,3.823,-0.010611
2017-11-15,3.8,-0.006016
2017-11-16,3.827,0.007105
2017-11-17,3.803,-0.006271
2017-11-20,3.839,0.009466
2017-11-21,3.877,0.009898
2017-11-22,3.862,-0.003869
2017-11-23,3.758,-0.026929
2017-11-24,3.75,-0.002129
2017-11-27,3.714,-0.0096
2017-11-28,3.73,0.004308
2017-11-29,3.713,-0.004558
2017-11-30,3.682,-0.008349
2017-12-01,3.697,0.004074
2017-12-04,3.728,0.008385
2017-12-05,3.717,-0.002951
2017-12-06,3.711,-0.001614
2017-12-07,3.676,-0.009431
2017-12-08,3.714,0.010337
2017-12-11,3.77,0.015078
2017-12-12,3.748,-0.005836
2017-12-13,3.773,0.00667
2017-12-14,3.769,-0.00106
2017-12-15,3.75,-0.005041
2017-12-18,3.754,0.001067
2017-12-19,3.784,0.007991
2017-12-20,3.787,0.000793
2017-12-21,3.815,0.007394
2017-12-22,3.806,-0.002359
2017-12-25,3.793,-0.003416
2017-12-26,3.793,0.0
2017-12-27,3.757,-0.009491
2017-12-28,3.791,0.00905
2017-12-29,3.807,0.004221
2017-12-31,3.807,0.0
2018-01-02,3.823,0.004203
2018-01-03,3.848,0.006539
2018-01-04,3.862,0.003638
2018-01-05,3.848,-0.003625
2018-01-08,3.857,0.002339
2018-01-09,3.885,0.00726
2018-01-10,3.887,0.000515
2018-01-11,3.864,-0.005917
2018-01-12,3.879,0.003882
2018-01-15,3.871,-0.002062
2018-01-16,3.872,0.000258
2018-01-17,3.835,-0.009556
2018-01-18,3.844,0.002347
2018-01-19,3.829,-0.003902
2018-01-22,3.877,0.012536
2018-01-23,3.89,0.003353
2018-01-24,3.87,-0.005141
2018-01-25,3.866,-0.001034
2018-01-26,3.877,0.002845
2018-01-29,3.847,-0.007738
2018-01-30,3.83,-0.004419
2018-01-31,3.86,0.007833
2018-02-01,3.82,-0.010363
2018-02-02,3.87,0.013089
2018-02-05,3.854,-0.004134
2018-02-06,3.757,-0.025169
2018-02-07,3.684,-0.01943
2018-02-08,3.664,-0.005429
2018-02-09,3.559,-0.028657
2018-02-12,3.608,0.013768
2018-02-13,3.632,0.006652
2018-02-14,3.664,0.008811
2018-02-22,3.729,0.01774
2018-02-23,3.741,0.003218
2018-02-26,3.763,0.005881
2018-02-27,3.715,-0.012756
2018-02-28,3.698,-0.004576
2018-03-01,3.694,-0.001082
2018-03-02,3.675,-0.005143
2018-03-05,3.673,-0.000544
2018-03-06,3.719,0.012524
2018-03-07,3.684,-0.009411
2018-03-08,3.704,0.005429
2018-03-09,3.715,0.00297
2018-03-12,3.733,0.004845
2018-03-13,3.707,-0.006965
2018-03-14,3.705,-0.00054
2018-03-15,3.702,-0.00081
2018-03-16,3.679,-0.006213
2018-03-19,3.658,-0.005708
2018-03-20,3.664,0.00164
2018-03-21,3.647,-0.00464
2018-03-22,3.62,-0.007403
2018-03-23,3.545,-0.020718
2018-03-26,3.54,-0.00141
2018-03-27,3.57,0.008475
2018-03-28,3.522,-0.013445
2018-03-29,3.556,0.009654
2018-03-30,3.564,0.00225
2018-04-02,3.561,-0.000842
2018-04-03,3.546,-0.004212
2018-04-04,3.545,-0.000282
2018-04-09,3.534,-0.003103
2018-04-10,3.569,0.009904
2018-04-11,3.591,0.006164
2018-04-12,3.572,-0.005291
2018-04-13,3.557,-0.004199
2018-04-16,3.537,-0.005623
2018-04-17,3.497,-0.011309
2018-04-18,3.503,0.001716
2018-04-19,3.52,0.004853
2018-04-20,3.489,-0.008807
2018-04-23,3.467,-0.006306
2018-04-24,3.508,0.011826
2018-04-25,3.507,-0.000285
2018-04-26,3.488,-0.005418
2018-04-27,3.508,0.005734
2018-05-02,3.517,0.002566
2018-05-03,3.526,0.002559
2018-05-04,3.533,0.001985
2018-05-07,3.562,0.008208
2018-05-08,3.574,0.003369
2018-05-09,3.567,-0.001959
2018-05-10,3.568,0.00028
2018-05-11,3.556,-0.003363
2018-05-14,3.563,0.001969
2018-05-15,3.586,0.006455
2018-05-16,3.579,-0.001952
2018-05-17,3.556,-0.006426
2018-05-18,3.561,0.001406
2018-05-21,3.582,0.005897
2018-05-22,3.593,0.003071
2018-05-23,3.572,-0.005845
2018-05-24,3.561,-0.00308
2018-05-25,3.537,-0.00674
2018-05-28,3.543,0.001696
2018-05-29,3.523,-0.005645
2018-05-30,3.493,-0.008515
2018-05-31,3.529,0.010306
2018-06-01,3.493,-0.010201
2018-06-04,3.482,-0.003149
2018-06-05,3.516,0.009765
2018-06-06,3.528,0.003413
2018-06-07,3.51,-0.005102
2018-06-08,3.487,-0.006553
2018-06-11,3.466,-0.006022
2018-06-12,3.498,0.009233
2018-06-13,3.47,-0.008005
2018-06-14,3.45,-0.005764
2018-06-15,3.409,-0.011884
2018-06-19,3.327,-0.024054
2018-06-20,3.353,0.007815
2018-06-21,3.331,-0.006561
2018-06-22,3.349,0.005404
2018-06-25,3.334,-0.004479
2018-06-26,3.333,-0.0003
2018-06-27,3.292,-0.012301
2018-06-28,3.26,-0.009721
2018-06-29,3.324,0.019632
2018-06-30,3.324,0.0
2018-07-02,3.289,-0.010529
2018-07-03,3.282,-0.002128
2018-07-04,3.267,-0.00457
2018-07-05,3.23,-0.011325
2018-07-06,3.236,0.001858
2018-07-09,3.284,0.014833
2018-07-10,3.287,0.000914
2018-07-11,3.264,-0.006997
2018-07-12,3.309,0.013787
2018-07-13,3.336,0.00816
2018-07-16,3.343,0.002098
2018-07-17,3.336,-0.002094
2018-07-18,3.324,-0.003597
2018-07-19,3.307,-0.005114
2018-07-20,3.312,0.001512
2018-07-23,3.309,-0.000906
2018-07-24,3.321,0.003626
2018-07-25,3.326,0.001506
2018-07-26,3.303,-0.006915
2018-07-27,3.289,-0.004239
2018-07-30,3.254,-0.010642
2018-07-31,3.263,0.002766
2018-08-01,3.235,-0.008581
2018-08-02,3.197,-0.011747
2018-08-03,3.171,-0.008133
2018-08-06,3.134,-0.011668
2018-08-07,3.17,0.011487
2018-08-08,3.14,-0.009464
2018-08-09,3.18,0.012739
2018-08-10,3.197,0.005346
2018-08-13,3.203,0.001877
2018-08-14,3.192,-0.003434
2018-08-15,3.15,-0.013158
2018-08-16,3.137,-0.004127
2018-08-17,3.103,-0.010838
2018-08-20,3.088,-0.004834
2018-08-21,3.125,0.011982
2018-08-22,3.114,-0.00352
2018-08-23,3.13,0.005138
2018-08-24,3.132,0.000639
2018-08-27,3.174,0.01341
2018-08-28,3.173,-0.000315
2018-08-29,3.158,-0.004727
2018-08-30,3.137,-0.00665
2018-08-31,3.118,-0.006057
2018-09-03,3.12,0.000641
2018-09-04,3.137,0.005449
2018-09-05,3.114,-0.007332
2018-09-06,3.096,-0.00578
2018-09-07,3.097,0.000323
2018-09-10,3.061,-0.011624
2018-09-11,3.058,-0.00098
2018-09-12,3.043,-0.004905
2018-09-13,3.048,0.001643
2018-09-14,3.028,-0.006562
2018-09-17,3.001,-0.008917
2018-09-18,3.028,0.008997
2018-09-19,3.05,0.007266
2018-09-20,3.037,-0.004262
2018-09-21,3.067,0.009878
2018-09-25,3.062,-0.00163
2018-09-26,3.083,0.006858
2018-09-27,3.071,-0.003892
2018-09-28,3.084,0.004233
2018-10-08,3.02,-0.020752
2018-10-09,3.005,-0.004967
2018-10-10,2.999,-0.001997
2018-10-11,2.917,-0.027342
2018-10-12,2.939,0.007542
2018-10-15,2.925,-0.004764
2018-10-16,2.887,-0.012991
2018-10-17,2.9,0.004503
2018-10-18,2.871,-0.01
2018-10-19,2.919,0.016719
2018-10-22,2.988,0.023638
2018-10-23,2.956,-0.01071
2018-10-24,2.933,-0.007781
2018-10-25,2.919,-0.004773
2018-10-26,2.897,-0.007537
2018-10-29,2.863,-0.011736
2018-10-30,2.875,0.004191
2018-10-31,2.901,0.009043
2018-11-01,2.922,0.007239
2018-11-02,2.973,0.017454
2018-11-05,2.965,-0.002691
2018-11-06,2.966,0.000337
2018-11-07,2.96,-0.002023
2018-11-08,2.943,-0.005743
2018-11-09,2.934,-0.003058
2018-11-12,2.949,0.005112
2018-11-13,2.958,0.003052
2018-11-14,2.944,-0.004733
2018-11-15,2.956,0.004076
2018-11-16,2.96,0.001353
2018-11-19,2.969,0.003041
2018-11-20,2.936,-0.011115
2018-11-21,2.94,0.001362
2018-11-22,2.934,-0.002041
2018-11-23,2.908,-0.008862
2018-11-26,2.904,-0.001376
2018-11-27,2.902,-0.000689
2018-11-28,2.919,0.005858
2018-11-29,2.904,-0.005139
2018-11-30,2.917,0.004477
2018-12-03,2.955,0.013027
2018-12-04,2.957,0.000677
2018-12-05,2.951,-0.002029
2018-12-06,2.922,-0.009827
2018-12-07,2.92,-0.000684
2018-12-10,2.906,-0.004795
2018-12-11,2.916,0.003441
2018-12-12,2.919,0.001029
2018-12-13,2.941,0.007537
2018-12-14,2.917,-0.00816
2018-12-17,2.907,-0.003428
2018-12-18,2.897,-0.00344
2018-12-19,2.878,-0.006559
2018-12-20,2.87,-0.00278
2018-12-21,2.855,-0.005226
2018-12-24,2.865,0.003503
2018-12-25,2.863,-0.000698
2018-12-26,2.858,-0.001746
2018-12-27,2.854,-0.0014
2018-12-28,2.861,0.002453
2018-12-31,2.86,-0.00035
2019-01-02,2.844,-0.005594
2019-01-03,2.837,-0.002461
2019-01-04,2.858,0.007402
2019-01-07,2.868,0.003499
2019-01-08,2.863,-0.001743
2019-01-09,2.872,0.003144
2019-01-10,2.873,0.000348
2019-01-11,2.88,0.002436
2019-01-14,2.872,-0.002778
2019-01-15,2.895,0.008008
2019-01-16,2.901,0.002073
2019-01-17,2.892,-0.003102
2019-01-18,2.914,0.007607
2019-01-21,2.922,0.002745
2019-01-22,2.905,-0.005818
2019-01-23,2.911,0.002065
2019-01-24,2.917,0.002061
2019-01-25,2.929,0.004114
2019-01-28,2.928,-0.000341
2019-01-29,2.93,0.000683
2019-01-30,2.921,-0.003072
2019-01-31,2.935,0.004793
2019-02-01,2.956,0.007155
2019-02-11,2.982,0.008796
2019-02-12,2.987,0.001677
2019-02-13,3.008,0.00703
2019-02-14,3.006,-0.000665
2019-02-15,2.98,-0.008649
2019-02-18,3.023,0.01443
2019-02-19,3.017,-0.001985
2019-02-20,3.022,0.001657
2019-02-21,3.017,-0.001655
2019-02-22,3.046,0.009612
2019-02-25,3.123,0.025279
2019-02-26,3.109,-0.004483
2019-02-27,3.1,-0.002895
2019-02-28,3.105,0.001613
2019-03-01,3.132,0.008696
2019-03-04,3.149,0.005428
2019-03-05,3.167,0.005716
2019-03-06,3.18,0.004105
2019-03-07,3.16,-0.006289
2019-03-08,3.112,-0.01519
2019-03-11,3.148,0.011568
2019-03-12,3.163,0.004765
2019-03-13,3.141,-0.006955
2019-03-14,3.131,-0.003184
2019-03-15,3.159,0.008943
2019-03-18,3.207,0.015195
2019-03-19,3.199,-0.002495
2019-03-20,3.191,-0.002501
2019-03-21,3.196,0.001567
2019-03-22,3.197,0.000313
2019-03-25,3.166,-0.009697
2019-03-26,3.145,-0.006633
2019-03-27,3.165,0.006359
2019-03-28,3.159,-0.001896
2019-03-29,3.219,0.018993
2019-04-01,3.264,0.013979
2019-04-02,3.263,-0.000306
2019-04-03,3.284,0.006436
2019-04-04,3.304,0.00609
2019-04-08,3.297,-0.002119
2019-04-09,3.299,0.000607
2019-04-10,3.3,0.000303
2019-04-11,3.266,-0.010303
2019-04-12,3.258,-0.002449
2019-04-15,3.25,-0.002455
2019-04-16,3.289,0.012
2019-04-17,3.291,0.000608
2019-04-18,3.285,-0.001823
2019-04-19,3.303,0.005479
2019-04-22,3.265,-0.011505
2019-04-23,3.256,-0.002757
2019-04-24,3.264,0.002457
2019-04-25,3.229,-0.010723
2019-04-26,3.211,-0.005574
2019-04-29,3.215,0.001246
2019-04-30,3.222,0.002177
2019-05-06,3.121,-0.031347
2019-05-07,3.134,0.004165
2019-05-08,3.111,-0.007339
2019-05-09,3.087,-0.007715
2019-05-10,3.145,0.018788
2019-05-13,3.122,-0.007313
2019-05-14,3.112,-0.003203
2019-05-15,3.149,0.011889
2019-05-16,3.159,0.003176
2019-05-17,3.119,-0.012662
2019-05-20,3.108,-0.003527
2019-05-21,3.132,0.007722
2019-05-22,3.129,-0.000958
2019-05-23,3.101,-0.008949
2019-05-24,3.102,0.000322
2019-05-27,3.123,0.00677
2019-05-28,3.134,0.003522
2019-05-29,3.139,0.001595
2019-05-30,3.131,-0.002549
2019-05-31,3.13,-0.000319
2019-06-03,3.125,-0.001597
2019-06-04,3.106,-0.00608
2019-06-05,3.108,0.000644
2019-06-06,3.091,-0.00547
2019-06-10,3.116,0.008088
2019-06-11,3.165,0.015725
2019-06-12,3.152,-0.004107
2019-06-13,3.147,-0.001586
2019-06-14,3.136,-0.003495
2019-06-17,3.133,-0.000957
2019-06-18,3.138,0.001596
2019-06-19,3.165,0.008604
2019-06-20,3.211,0.014534
2019-06-21,3.219,0.002491
2019-06-24,3.223,0.001243
2019-06-25,3.206,-0.005275
2019-06-26,3.207,0.000312
2019-06-27,3.23,0.007172
2019-06-28,3.226,-0.001238
2019-06-30,3.226,0.0
2019-07-01,3.278,0.016119
2019-07-02,3.279,0.000305
2019-07-03,3.258,-0.006404
2019-07-04,3.243,-0.004604
2019-07-05,3.259,0.004934
2019-07-08,3.218,-0.012581
2019-07-09,3.219,0.000311
2019-07-10,3.212,-0.002175
2019-07-11,3.215,0.000934
2019-07-12,3.224,0.002799
2019-07-15,3.237,0.004032
2019-07-16,3.23,-0.002162
2019-07-17,3.224,-0.001858
2019-07-18,3.204,-0.006203
2019-07-19,3.222,0.005618
2019-07-22,3.217,-0.001552
2019-07-23,3.226,0.002798
2019-07-24,3.244,0.00558
2019-07-25,3.256,0.003699
2019-07-26,3.261,0.001536
2019-07-29,3.262,0.000307
2019-07-30,3.271,0.002759
2019-07-31,3.258,-0.003974
2019-08-01,3.246,-0.003683
2019-08-02,3.228,-0.005545
2019-08-05,3.201,-0.008364
2019-08-06,3.191,-0.003124
2019-08-07,3.188,-0.00094
2019-08-08,3.209,0.006587
2019-08-09,3.19,-0.005921
2019-08-12,3.219,0.009091
2019-08-13,3.211,-0.002485
2019-08-14,3.219,0.002491
2019-08-15,3.227,0.002485
2019-08-16,3.234,0.002169
2019-08-19,3.273,0.012059
2019-08-20,3.266,-0.002139
2019-08-21,3.264,-0.000612
2019-08-22,3.266,0.000613
2019-08-23,3.279,0.00398
2019-08-26,3.257,-0.006709
2019-08-27,3.278,0.006448
2019-08-28,3.27,-0.002441
2019-08-29,3.262,-0.002446
2019-08-30,3.261,-0.000307
2019-09-02,3.281,0.006133
2019-09-03,3.289,0.002438
2019-09-04,3.295,0.001824
2019-09-05,3.304,0.002731
2019-09-06,3.31,0.001816
2019-09-09,3.324,0.00423
2019-09-10,3.318,-0.001805
2019-09-11,3.301,-0.005124
2019-09-12,3.315,0.004241
2019-09-16,3.311,-0.001207
2019-09-17,3.287,-0.007249
2019-09-18,3.3,0.003955
2019-09-19,3.306,0.001818
2019-09-20,3.308,0.000605
2019-09-23,3.289,-0.005744
2019-09-24,3.299,0.00304
2019-09-25,3.285,-0.004244
2019-09-26,3.265,-0.006088
2019-09-27,3.272,0.002144
2019-09-30,3.252,-0.006112
2019-10-08,3.262,0.003075
2019-10-09,3.27,0.002452
2019-10-10,3.285,0.004587
2019-10-11,3.299,0.004262
2019-10-14,3.312,0.003941
2019-10-15,3.302,-0.003019
2019-10-16,3.302,0.0
2019-10-17,3.305,0.000909
2019-10-18,3.284,-0.006354
2019-10-21,3.283,-0.000305
2019-10-22,3.298,0.004569
2019-10-23,3.285,-0.003942
2019-10-24,3.282,-0.000913
2019-10-25,3.297,0.00457
2019-10-28,3.313,0.004853
2019-10-29,3.305,-0.002415
2019-10-30,3.306,0.000303
2019-10-31,3.296,-0.003025
2019-11-01,3.321,0.007585
2019-11-04,3.335,0.004216
2019-11-05,3.344,0.002699
2019-11-06,3.338,-0.001794
2019-11-07,3.342,0.001198
2019-11-08,3.334,-0.002394
2019-11-11,3.301,-0.009898
2019-11-12,3.3,-0.000303
2019-11-13,3.301,0.000303
2019-11-14,3.306,0.001515
2019-11-15,3.292,-0.004235
2019-11-18,3.304,0.003645
2019-11-19,3.328,0.007264
2019-11-20,3.311,-0.005108
2019-11-21,3.302,-0.002718
2019-11-22,3.277,-0.007571
2019-11-25,3.283,0.001831
2019-11-26,3.282,-0.000305
2019-11-27,3.279,-0.000914
2019-11-28,3.276,-0.000915
2019-11-29,3.26,-0.004884
2019-12-02,3.264,0.001227
2019-12-03,3.267,0.000919
2019-12-04,3.266,-0.000306
2019-12-05,3.285,0.005818
2019-12-06,3.295,0.003044
2019-12-09,3.294,-0.000303
2019-12-10,3.297,0.000911
2019-12-11,3.298,0.000303
2019-12-12,3.295,-0.00091
2019-12-13,3.327,0.009712
2019-12-16,3.338,0.003306
2019-12-17,3.355,0.005093
2019-12-18,3.352,-0.000894
2019-12-19,3.35,-0.000597
2019-12-20,3.344,-0.001791
2019-12-23,3.325,-0.005682
2019-12-24,3.338,0.00391
2019-12-25,3.339,0.0003
2019-12-26,3.353,0.004193
2019-12-27,3.351,-0.000596
2019-12-30,3.385,0.010146
2019-12-31,3.394,0.002659
2020-01-02,3.424,0.008839
2020-01-03,3.424,0.0
2020-01-06,3.425,0.000292
2020-01-07,3.448,0.006715
2020-01-08,3.426,-0.006381
2020-01-09,3.457,0.009048
2020-01-10,3.452,-0.001446
2020-01-13,3.479,0.007822
2020-01-14,3.469,-0.002874
2020-01-15,3.464,-0.001441
2020-01-16,3.463,-0.000289
2020-01-17,3.46,-0.000866
2020-01-20,3.471,0.003179
2020-01-21,3.444,-0.007779
2020-01-22,3.46,0.004646
2020-01-23,3.401,-0.017052
2020-02-03,3.274,-0.037342
2020-02-04,3.335,0.018632
2020-02-05,3.356,0.006297
2020-02-06,3.393,0.011025
2020-02-07,3.396,0.000884
2020-02-10,3.415,0.005595
2020-02-11,3.429,0.0041
2020-02-12,3.447,0.005249
2020-02-13,3.431,-0.004642
2020-02-14,3.436,0.001457
2020-02-17,3.481,0.013097
2020-02-18,3.473,-0.002298
2020-02-19,3.467,-0.001728
2020-02-20,3.506,0.011249
2020-02-21,3.512,0.001711
2020-02-24,3.501,-0.003132
2020-02-25,3.491,-0.002856
2020-02-26,3.454,-0.010599
2020-02-27,3.471,0.004922
2020-02-28,3.4,-0.020455
2020-03-02,3.462,0.018235
2020-03-03,3.471,0.0026
2020-03-04,3.475,0.001152
2020-03-05,3.511,0.01036
2020-03-06,3.487,-0.006836
2020-03-09,3.41,-0.022082
2020-03-10,3.45,0.01173
2020-03-11,3.425,-0.007246
2020-03-12,3.385,-0.011679
2020-03-13,3.363,-0.006499
2020-03-16,3.273,-0.026762
2020-03-17,3.261,-0.003666
2020-03-18,3.235,-0.007973
2020-03-19,3.215,-0.006182
2020-03-20,3.246,0.009642
2020-03-23,3.183,-0.019409
2020-03-24,3.227,0.013823
2020-03-25,3.285,0.017973
2020-03-26,3.278,-0.002131
2020-03-27,3.279,0.000305
2020-03-30,3.257,-0.006709
2020-03-31,3.269,0.003684
2020-04-01,3.263,-0.001835
2020-04-02,3.296,0.010113
2020-04-03,3.286,-0.003034
2020-04-07,3.332,0.013999
2020-04-08,3.323,-0.002701
2020-04-09,3.333,0.003009
2020-04-10,3.316,-0.005101
2020-04-13,3.307,-0.002714
2020-04-14,3.347,0.012096
2020-04-15,3.332,-0.004482
2020-04-16,3.335,0.0009
2020-04-17,3.352,0.005097
2020-04-20,3.366,0.004177
2020-04-21,3.35,-0.004753
2020-04-22,3.368,0.005373
2020-04-23,3.361,-0.002078
2020-04-24,3.348,-0.003868
2020-04-27,3.365,0.005078
2020-04-28,3.383,0.005349
2020-04-29,3.399,0.00473
2020-04-30,3.421,0.006472
2020-05-06,3.437,0.004677
2020-05-07,3.436,-0.000291
2020-05-08,3.455,0.00553
2020-05-11,3.45,-0.001447
2020-05-12,3.459,0.002609
2020-05-13,3.467,0.002313
2020-05-14,3.447,-0.005769
2020-05-15,3.448,0.00029
2020-05-18,3.45,0.00058
2020-05-19,3.478,0.008116
2020-05-20,3.461,-0.004888
2020-05-21,3.452,-0.0026
2020-05-22,3.409,-0.012457
2020-05-25,3.413,0.001173
2020-05-26,3.439,0.007618
2020-05-27,3.43,-0.002617
2020-05-28,3.44,0.002915
2020-05-29,3.458,0.005233
2020-06-01,3.504,0.013302
2020-06-02,3.496,-0.002283
2020-06-03,3.501,0.00143
2020-06-04,3.502,0.000286
2020-06-05,3.508,0.001713
2020-06-08,3.51,0.00057
2020-06-09,3.523,0.003704
2020-06-10,3.536,0.00369
2020-06-11,3.528,-0.002262
2020-06-12,3.534,0.001701
2020-06-15,3.523,-0.003113
2020-06-16,3.554,0.008799
2020-06-17,3.567,0.003658
2020-06-18,3.574,0.001962
2020-06-19,3.598,0.006715
2020-06-22,3.595,-0.000834
2020-06-23,3.615,0.005563
2020-06-24,3.622,0.001936
2020-06-29,3.615,-0.001933
2020-06-30,3.653,0.010512
2020-07-01,3.685,0.00876
2020-07-02,3.714,0.00787
2020-07-03,3.74,0.007001
2020-07-06,3.841,0.027005
2020-07-07,3.879,0.009893
2020-07-08,3.915,0.009281
2020-07-09,3.961,0.01175
2020-07-10,3.938,-0.005807
2020-07-13,3.989,0.012951
2020-07-14,3.969,-0.005014
2020-07-15,3.937,-0.008062
2020-07-16,3.861,-0.019304
2020-07-17,3.883,0.005698
2020-07-20,3.947,0.016482
2020-07-21,3.965,0.00456
2020-07-22,3.977,0.003026
2020-07-23,3.991,0.00352
2020-07-24,3.879,-0.028063
2020-07-27,3.887,0.002062
2020-07-28,3.916,0.007461
2020-07-29,3.982,0.016854
2020-07-30,3.976,-0.001507
2020-07-31,3.995,0.004779
2020-08-03,4.039,0.011014
2020-08-04,4.039,0.0
2020-08-05,4.051,0.002971
2020-08-06,4.052,0.000247
2020-08-07,4.03,-0.005429
2020-08-10,4.035,0.001241
2020-08-11,4.009,-0.006444
2020-08-12,3.981,-0.006984
2020-08-13,3.976,-0.001256
2020-08-14,4.022,0.011569
2020-08-17,4.082,0.014918
2020-08-18,4.096,0.00343
2020-08-19,4.045,-0.012451
2020-08-20,4.007,-0.009394
2020-08-21,4.032,0.006239
2020-08-24,4.052,0.00496
2020-08-25,4.056,0.000987
2020-08-26,4.015,-0.010108
2020-08-27,4.03,0.003736
2020-08-28,4.096,0.016377
2020-08-31,4.081,-0.003662
2020-09-01,4.093,0.00294
2020-09-02,4.081,-0.002932
2020-09-03,4.066,-0.003676
2020-09-04,4.045,-0.005165
2020-09-07,3.98,-0.016069
2020-09-08,3.985,0.001256
2020-09-09,3.923,-0.015558
2020-09-10,3.927,0.00102
2020-09-11,3.956,0.007385
2020-09-14,3.965,0.002275
2020-09-15,3.992,0.00681
2020-09-16,3.973,-0.00476
2020-09-17,3.965,-0.002014
2020-09-18,4.014,0.012358
2020-09-21,3.991,-0.00573
2020-09-22,3.968,-0.005763
2020-09-23,3.984,0.004032
2020-09-24,3.935,-0.012299
2020-09-25,3.937,0.000508
2020-09-28,3.945,0.002032
2020-09-29,3.957,0.003042
2020-09-30,3.95,-0.001769
2020-10-09,3.996,0.011646
2020-10-12,4.072,0.019019
2020-10-13,4.088,0.003929
2020-10-14,4.073,-0.003669
2020-10-15,4.074,0.000246
2020-10-16,4.067,-0.001718
2020-10-19,4.044,-0.005655
2020-10-20,4.068,0.005935
2020-10-21,4.065,-0.000737
2020-10-22,4.058,-0.001722
2020-10-23,4.007,-0.012568
2020-10-26,3.993,-0.003494
2020-10-27,4.013,0.005009
2020-10-28,4.051,0.009469
2020-10-29,4.079,0.006912
2020-10-30,4.025,-0.013239
2020-11-02,4.045,0.004969
2020-11-03,4.078,0.008158
2020-11-04,4.099,0.00515
2020-11-05,4.13,0.007563
2020-11-06,4.121,-0.002179
2020-11-09,4.176,0.013346
2020-11-10,4.163,-0.003113
2020-11-11,4.138,-0.006005
2020-11-12,4.143,0.001208
2020-11-13,4.12,-0.005552
2020-11-16,4.146,0.006311
2020-11-17,4.135,-0.002653
2020-11-18,4.125,-0.002418
2020-11-19,4.144,0.004606
2020-11-20,4.16,0.003861
2020-11-23,4.182,0.005288
2020-11-24,4.161,-0.005022
2020-11-25,4.12,-0.009853
2020-11-26,4.12,0.0
2020-11-27,4.144,0.005825
2020-11-30,4.126,-0.004344
2020-12-01,4.18,0.013088
2020-12-02,4.189,0.002153
2020-12-03,4.181,-0.00191
2020-12-04,4.193,0.00287
2020-12-07,4.185,-0.001908
2020-12-08,4.186,0.000239
2020-12-09,4.158,-0.006689
2020-12-10,4.159,0.000241
2020-12-11,4.132,-0.006492
2020-12-14,4.164,0.007744
2020-12-15,4.173,0.002161
2020-12-16,4.184,0.002636
2020-12-17,4.219,0.008365
2020-12-18,4.207,-0.002844
2020-12-21,4.242,0.008319
2020-12-22,4.196,-0.010844
2020-12-23,4.222,0.006196
2020-12-24,4.21,-0.002842
2020-12-25,4.241,0.007363
2020-12-28,4.268,0.006366
2020-12-29,4.253,-0.003515
2020-12-30,4.293,0.009405
2020-12-31,4.336,0.010016
2021-01-04,4.37,0.007841
2021-01-05,4.412,0.009611
2021-01-06,4.44,0.006346
2021-01-07,4.49,0.011261
2021-01-08,4.476,-0.003118
2021-01-11,4.467,-0.002011
2021-01-12,4.56,0.020819
2021-01-13,4.539,-0.004605
2021-01-14,4.474,-0.01432
2021-01-15,4.482,0.001788
2021-01-18,4.526,0.009817
2021-01-19,4.489,-0.008175
2021-01-20,4.517,0.006237
2021-01-21,4.565,0.010627
2021-01-22,4.576,0.00241
2021-01-25,4.614,0.008304
2021-01-26,4.563,-0.011053
2021-01-27,4.56,-0.000657
2021-01-28,4.492,-0.014912
2021-01-29,4.482,-0.002226
2021-02-01,4.519,0.008255
2021-02-02,4.571,0.011507
2021-02-03,4.578,0.001531
2021-02-04,4.573,-0.001092
2021-02-05,4.586,0.002843
2021-02-08,4.618,0.006978
2021-02-09,4.669,0.011044
2021-02-10,4.707,0.008139
2021-02-18,4.676,-0.006586
2021-02-19,4.672,-0.000855
2021-02-22,4.584,-0.018836
2021-02-23,4.584,0.0
2021-02-24,4.499,-0.018543
2021-02-25,4.514,0.003334
2021-02-26,4.444,-0.015507
2021-03-01,4.489,0.010126
2021-03-02,4.464,-0.005569
2021-03-03,4.521,0.012769
2021-03-04,4.437,-0.01858
2021-03-05,4.418,-0.004282
2021-03-08,4.329,-0.020145
2021-03-09,4.258,-0.016401
2021-03-10,4.298,0.009394
2021-03-11,4.366,0.015821
2021-03-12,4.386,0.004581
2021-03-15,4.336,-0.0114
2021-03-16,4.367,0.007149
2021-03-17,4.382,0.003435
2021-03-18,4.405,0.005249
2021-03-19,4.334,-0.016118
2021-03-22,4.348,0.00323
2021-03-23,4.323,-0.00575
2021-03-24,4.28,-0.009947
2021-03-25,4.28,0.0
2021-03-26,4.339,0.013785
2021-03-29,4.351,0.002766
2021-03-30,4.381,0.006895
2021-03-31,4.356,-0.005706
2021-04-01,4.399,0.009871
2021-04-02,4.423,0.005456
2021-04-06,4.42,-0.000678
2021-04-07,4.396,-0.00543
2021-04-08,4.404,0.00182
2021-04-09,4.378,-0.005904
2021-04-12,4.338,-0.009137
2021-04-13,4.335,-0.000692
2021-04-14,4.358,0.005306
2021-04-15,4.339,-0.00436
2021-04-16,4.342,0.000691
2021-04-19,4.399,0.013128
2021-04-20,4.411,0.002728
2021-04-21,4.424,0.002947
2021-04-22,4.424,0.0
2021-04-23,4.445,0.004747
2021-04-26,4.426,-0.004274
2021-04-27,4.442,0.003615
2021-04-28,4.458,0.003602
2021-04-29,4.474,0.003589
2021-04-30,4.465,-0.002012
2021-05-06,4.434,-0.006943
2021-05-07,4.393,-0.009247
2021-05-10,4.389,-0.000911
2021-05-11,4.395,0.001367
2021-05-12,4.414,0.004323
2021-05-13,4.391,-0.005211
2021-05-14,4.429,0.008654
2021-05-17,4.48,0.011515
2021-05-18,4.482,0.000446
2021-05-19,4.476,-0.001339
2021-05-20,4.495,0.004245
2021-05-21,4.469,-0.005784
2021-05-24,4.485,0.00358
2021-05-25,4.565,0.017837
2021-05-26,4.558,-0.001533
2021-05-27,4.564,0.001316
2021-05-28,4.557,-0.001534
2021-05-31,4.567,0.002194
2021-06-01,4.576,0.001971
2021-06-02,4.558,-0.003934
2021-06-03,4.527,-0.006801
2021-06-04,4.548,0.004639
2021-06-07,4.552,0.00088
2021-06-08,4.532,-0.004394
2021-06-09,4.54,0.001765
2021-06-10,4.556,0.003524
2021-06-11,4.54,-0.003512
2021-06-15,4.514,-0.005727
2021-06-16,4.467,-0.010412
2021-06-17,4.473,0.001343
2021-06-18,4.476,0.000671
2021-06-21,4.473,-0.00067
2021-06-22,4.493,0.004471
2021-06-23,4.513,0.004451
2021-06-24,4.511,-0.000443
2021-06-25,4.547,0.00798
2021-06-28,4.556,0.001979
2021-06-29,4.538,-0.003951
2021-06-30,4.558,0.004407
2021-07-01,4.569,0.002413
2021-07-02,4.487,-0.017947
2021-07-05,4.485,-0.000446
2021-07-06,4.485,0.0
2021-07-07,4.53,0.010033
2021-07-08,4.501,-0.006402
2021-07-09,4.479,-0.004888
2021-07-12,4.515,0.008038
2021-07-13,4.523,0.001772
2021-07-14,4.502,-0.004643
2021-07-15,4.551,0.010884
2021-07-16,4.504,-0.010327
2021-07-19,4.514,0.00222
2021-07-20,4.506,-0.001772
2021-07-21,4.528,0.004882
2021-07-22,4.528,0.0
2021-07-23,4.483,-0.009938
2021-07-26,4.41,-0.016284
2021-07-27,4.324,-0.019501
2021-07-28,4.323,-0.000231
2021-07-29,4.377,0.012491
2021-07-30,4.34,-0.008453
2021-08-02,4.402,0.014286
2021-08-03,4.387,-0.003408
2021-08-04,4.428,0.009346
2021-08-05,4.415,-0.002936
2021-08-06,4.397,-0.004077
2021-08-09,4.42,0.005231
2021-08-10,4.431,0.002489
2021-08-11,4.423,-0.001805
2021-08-12,4.415,-0.001809
2021-08-13,4.409,-0.001359
2021-08-16,4.396,-0.002949
2021-08-17,4.335,-0.013876
2021-08-18,4.353,0.004152
2021-08-19,4.364,0.002527
2021-08-20,4.313,-0.011687
2021-08-23,4.352,0.009042
2021-08-24,4.375,0.005285
2021-08-25,4.39,0.003429
2021-08-26,4.322,-0.01549
2021-08-27,4.32,-0.000463
2021-08-30,4.319,-0.000231
2021-08-31,4.3,-0.004399
2021-09-01,4.299,-0.000233
2021-09-02,4.279,-0.004652
2021-09-03,4.258,-0.004908
2021-09-06,4.322,0.015031
2021-09-07,4.364,0.009718
2021-09-08,4.346,-0.004125
2021-09-09,4.36,0.003221
2021-09-10,4.376,0.00367
2021-09-13,4.356,-0.00457
2021-09-14,4.37,0.003214
2021-09-15,4.355,-0.003432
2021-09-16,4.311,-0.010103
2021-09-17,4.347,0.008351
2021-09-22,4.335,-0.002761
2021-09-23,4.333,-0.000461
2021-09-24,4.336,0.000692
2021-09-27,4.32,-0.00369
2021-09-28,4.314,-0.001389
2021-09-29,4.271,-0.009968
2021-09-30,4.314,0.010068
2021-10-08,4.311,-0.000695
2021-10-11,4.307,-0.000928
2021-10-12,4.265,-0.009752
2021-10-13,4.31,0.010551
2021-10-14,4.31,0.0
2021-10-15,4.349,0.009049
2021-10-18,4.329,-0.004599
2021-10-19,4.339,0.00231
2021-10-20,4.341,0.000461
2021-10-21,4.341,0.0
2021-10-22,4.339,-0.000461
2021-10-25,4.361,0.00507
2021-10-26,4.36,-0.000229
2021-10-27,4.35,-0.002294
2021-10-28,4.325,-0.005747
2021-10-29,4.347,0.005087
2021-11-01,4.343,-0.00092
2021-11-02,4.336,-0.001612
2021-11-03,4.316,-0.004613
2021-11-04,4.34,0.005561
2021-11-05,4.32,-0.004608
2021-11-08,4.336,0.003704
2021-11-09,4.349,0.002998
2021-11-10,4.335,-0.003219
2021-11-11,4.363,0.006459
2021-11-12,4.365,0.000458
2021-11-15,4.347,-0.004124
2021-11-16,4.351,0.00092
2021-11-17,4.368,0.003907
2021-11-18,4.354,-0.003205
2021-11-19,4.379,0.005742
2021-11-22,4.419,0.009135
2021-11-23,4.407,-0.002716
2021-11-24,4.41,0.000681
2021-11-25,4.402,-0.001814
2021-11-26,4.402,0.0
2021-11-29,4.432,0.006815
2021-11-30,4.423,-0.002031
2021-12-01,4.417,-0.001357
2021-12-02,4.4,-0.003849
2021-12-03,4.425,0.005682
2021-12-06,4.398,-0.006102
2021-12-07,4.377,-0.004775
2021-12-08,4.419,0.009596
2021-12-09,4.439,0.004526
2021-12-10,4.449,0.002253
2021-12-13,4.449,0.0
2021-12-14,4.434,-0.003372
2021-12-15,4.402,-0.007217
2021-12-16,4.413,0.002499
2021-12-17,4.373,-0.009064
2021-12-20,4.324,-0.011205
2021-12-21,4.339,0.003469
2021-12-22,4.352,0.002996
2021-12-23,4.36,0.001838
2021-12-24,4.326,-0.007798
2021-12-27,4.328,0.000462
2021-12-28,4.356,0.00647
2021-12-29,4.333,-0.00528
2021-12-30,4.348,0.003462
2021-12-31,4.354,0.00138
2022-01-04,4.308,-0.010565
2022-01-05,4.245,-0.014624
2022-01-06,4.241,-0.000942
2022-01-07,4.219,-0.005187
2022-01-10,4.234,0.003555
2022-01-11,4.202,-0.007558
2022-01-12,4.255,0.012613
2022-01-13,4.205,-0.011751
2022-01-14,4.223,0.004281
2022-01-17,4.244,0.004973
2022-01-18,4.245,0.000236
2022-01-19,4.206,-0.009187
2022-01-20,4.19,-0.003804
2022-01-21,4.165,-0.005967
2022-01-24,4.18,0.003601
2022-01-25,4.141,-0.00933
2022-01-26,4.153,0.002898
2022-01-27,4.111,-0.010113
2022-01-28,4.103,-0.001946
2022-02-07,4.119,0.0039
2022-02-08,4.081,-0.009226
2022-02-09,4.103,0.005391
2022-02-10,4.08,-0.005606
2022-02-11,4.043,-0.009069
2022-02-14,4.038,-0.001237
2022-02-15,4.085,0.011639
2022-02-16,4.089,0.000979
2022-02-17,4.101,0.002935
2022-02-18,4.099,-0.000488
2022-02-21,4.094,-0.00122
2022-02-22,4.068,-0.006351
2022-02-23,4.118,0.012291
2022-02-24,4.081,-0.008985
2022-02-25,4.109,0.006861
2022-02-28,4.118,0.00219
2022-03-01,4.127,0.002186
2022-03-02,4.097,-0.007269
2022-03-03,4.069,-0.006834
2022-03-04,4.044,-0.006144
2022-03-07,3.974,-0.01731
2022-03-08,3.94,-0.008556
2022-03-09,3.926,-0.003553
2022-03-10,3.97,0.011207
2022-03-11,3.976,0.001511
2022-03-14,3.908,-0.017103
2022-03-15,3.843,-0.016633
2022-03-16,3.913,0.018215
2022-03-17,3.959,0.011756
2022-03-18,3.954,-0.001263
2022-03-21,3.965,0.002782
2022-03-22,3.95,-0.003783
2022-03-23,3.967,0.004304
2022-03-24,3.955,-0.003025
2022-03-25,3.917,-0.009608
2022-03-28,3.894,-0.005872
2022-03-29,3.889,-0.001284
2022-03-30,3.947,0.014914
2022-03-31,3.928,-0.004814
2022-04-01,3.937,0.002291
2022-04-06,3.91,-0.006858
2022-04-07,3.886,-0.006138
2022-04-08,3.883,-0.000772
2022-04-11,3.819,-0.016482
2022-04-12,3.844,0.006546
2022-04-13,3.816,-0.007284
2022-04-14,3.835,0.004979
2022-04-15,3.836,0.000261
2022-04-18,3.851,0.00391
2022-04-19,3.829,-0.005713
2022-04-20,3.802,-0.007051
2022-04-21,3.762,-0.010521
2022-04-22,3.762,0.0
2022-04-25,3.668,-0.024987
2022-04-26,3.648,-0.005453
2022-04-27,3.716,0.01864
2022-04-28,3.712,-0.001076
2022-04-29,3.767,0.014817
2022-05-05,3.765,-0.000531
2022-05-06,3.737,-0.007437
2022-05-09,3.73,-0.001873
2022-05-10,3.758,0.007507
2022-05-11,3.791,0.008781
2022-05-12,3.789,-0.000528
2022-05-13,3.802,0.003431
2022-05-16,3.791,-0.002893
2022-05-17,3.813,0.005803
2022-05-18,3.808,-0.001311
2022-05-19,3.815,0.001838
2022-05-20,3.839,0.006291
2022-05-23,3.833,-0.001563
2022-05-24,3.78,-0.013827
2022-05-25,3.788,0.002116
2022-05-26,3.793,0.00132
2022-05-27,3.795,0.000527
2022-05-30,3.817,0.005797
2022-05-31,3.856,0.010217
2022-06-01,3.857,0.000259
2022-06-02,3.878,0.005445
2022-06-06,3.936,0.014956
2022-06-07,3.936,0.0
2022-06-08,3.945,0.002287
2022-06-09,3.912,-0.008365
2022-06-10,3.942,0.007669
2022-06-13,3.94,-0.000507
2022-06-14,3.937,-0.000761
2022-06-15,3.936,-0.000254
2022-06-16,3.946,0.002541
2022-06-17,3.987,0.01039
2022-06-20,3.995,0.002007
2022-06-21,3.979,-0.004005
2022-06-22,3.967,-0.003016
2022-06-23,3.997,0.007562
2022-06-24,4.02,0.005754
2022-06-27,4.038,0.004478
2022-06-28,4.055,0.00421
2022-06-29,4.015,-0.009864
2022-06-30,4.047,0.00797
2022-07-01,4.039,-0.001977
2022-07-04,4.064,0.00619
2022-07-05,4.065,0.000246
2022-07-06,4.035,-0.00738
2022-07-07,4.056,0.005204
2022-07-08,4.032,-0.005917
2022-07-11,3.992,-0.009921
2022-07-12,3.967,-0.006263
2022-07-13,3.98,0.003277
2022-07-14,4.018,0.009548
2022-07-15,4.01,-0.001991
2022-07-18,4.024,0.003491
2022-07-19,3.999,-0.006213
2022-07-20,4.028,0.007252
2022-07-21,4.003,-0.006207
2022-07-22,4.0,-0.000749
2022-07-25,3.963,-0.00925
2022-07-26,3.983,0.005047
2022-07-27,4.01,0.006779
2022-07-28,4.021,0.002743
2022-07-29,4.001,-0.004974
2022-08-01,4.019,0.004499
2022-08-02,4.006,-0.003235
2022-08-03,3.986,-0.004993
2022-08-04,3.984,-0.000502
2022-08-05,4.022,0.009538
2022-08-08,4.045,0.005719
2022-08-09,4.066,0.005192
2022-08-10,4.079,0.003197
2022-08-11,4.074,-0.001226
2022-08-12,4.037,-0.009082
2022-08-15,4.07,0.008174
2022-08-16,4.077,0.00172
2022-08-17,4.073,-0.000981
2022-08-18,4.107,0.008348
2022-08-19,4.04,-0.016314
2022-08-22,4.077,0.009158
2022-08-23,4.089,0.002943
2022-08-24,4.007,-0.020054
2022-08-25,3.976,-0.007736
2022-08-26,3.948,-0.007042
2022-08-29,3.965,0.004306
2022-08-30,3.953,-0.003026
2022-08-31,3.859,-0.023779
2022-09-01,3.857,-0.000518
2022-09-02,3.868,0.002852
2022-09-05,3.9,0.008273
2022-09-06,3.945,0.011538
2022-09-07,3.977,0.008112
2022-09-08,3.958,-0.004777
2022-09-09,3.932,-0.006569
2022-09-13,3.925,-0.00178
2022-09-14,3.926,0.000255
2022-09-15,3.834,-0.023434
2022-09-16,3.813,-0.005477
2022-09-19,3.797,-0.004196
2022-09-20,3.819,0.005794
2022-09-21,3.805,-0.003666
2022-09-22,3.834,0.007622
2022-09-23,3.799,-0.009129
2022-09-26,3.82,0.005528
2022-09-27,3.844,0.006283
2022-09-28,3.795,-0.012747
2022-09-29,3.811,0.004216
2022-09-30,3.757,-0.01417
2022-10-10,3.698,-0.015704
2022-10-11,3.706,0.002163
2022-10-12,3.76,0.014571
2022-10-13,3.757,-0.000798
2022-10-14,3.786,0.007719
2022-10-17,3.786,0.0
2022-10-18,3.802,0.004226
2022-10-19,3.779,-0.006049
2022-10-20,3.755,-0.006351
2022-10-21,3.777,0.005859
2022-10-24,3.763,-0.003707
2022-10-25,3.759,-0.001063
2022-10-26,3.782,0.006119
2022-10-27,3.745,-0.009783
2022-10-28,3.725,-0.00534
2022-10-31,3.741,0.004295
2022-11-01,3.751,0.002673
2022-11-02,3.756,0.001333
2022-11-03,3.751,-0.001331
2022-11-04,3.776,0.006665
2022-11-07,3.744,-0.008475
2022-11-08,3.733,-0.002938
2022-11-09,3.722,-0.002947
2022-11-10,3.701,-0.005642
2022-11-11,3.708,0.001891
2022-11-14,3.676,-0.00863
2022-11-15,3.713,0.010065
2022-11-16,3.696,-0.004579
2022-11-17,3.697,0.000271
2022-11-18,3.677,-0.00541
2022-11-21,3.699,0.005983
2022-11-22,3.665,-0.009192
2022-11-23,3.663,-0.000546
2022-11-24,3.661,-0.000546
2022-11-25,3.629,-0.008741
2022-11-28,3.633,0.001102
2022-11-29,3.65,0.004679
2022-11-30,3.643,-0.001918
2022-12-01,3.658,0.004117
2022-12-02,3.66,0.000547
2022-12-05,3.655,-0.001366
2022-12-06,3.646,-0.002462
2022-12-07,3.642,-0.001097
2022-12-08,3.647,0.001373
2022-12-09,3.648,0.000274
2022-12-12,3.63,-0.004934
2022-12-13,3.613,-0.004683
2022-12-14,3.614,0.000277
2022-12-15,3.618,0.001107
2022-12-16,3.605,-0.003593
2022-12-19,3.585,-0.005548
2022-12-20,3.561,-0.006695
2022-12-21,3.555,-0.001685
2022-12-22,3.54,-0.004219
2022-12-23,3.533,-0.001977
2022-12-26,3.565,0.009057
2022-12-27,3.58,0.004208
2022-12-28,3.569,-0.003073
2022-12-29,3.57,0.00028
2022-12-30,3.571,0.00028
2022-12-31,3.571,0.0
2023-01-03,3.597,0.007281
2023-01-04,3.589,-0.002224
2023-01-05,3.62,0.008638
2023-01-06,3.635,0.004144
2023-01-09,3.641,0.001651
2023-01-10,3.643,0.000549
2023-01-11,3.625,-0.004941
2023-01-12,3.63,0.001379
2023-01-13,3.631,0.000275
2023-01-16,3.647,0.004406
2023-01-17,3.648,0.000274
2023-01-18,3.65,0.000548
2023-01-19,3.655,0.00137
2023-01-20,3.672,0.004651
2023-01-30,3.687,0.004085
2023-01-31,3.683,-0.001085
2023-02-01,3.705,0.005973
2023-02-02,3.704,-0.00027
2023-02-03,3.693,-0.00297
2023-02-06,3.673,-0.005416
2023-02-07,3.67,-0.000817
2023-02-08,3.662,-0.00218
2023-02-09,3.69,0.007646
2023-02-10,3.68,-0.00271
2023-02-13,3.69,0.002717
2023-02-14,3.684,-0.001626
2023-02-15,3.68,-0.001086
2023-02-16,3.656,-0.006522
2023-02-17,3.626,-0.008206
2023-02-20,3.648,0.006067
2023-02-21,3.652,0.001096
2023-02-22,3.649,-0.000821
2023-02-23,3.653,0.001096
2023-02-24,3.637,-0.00438
2023-02-27,3.63,-0.001925
2023-02-28,3.631,0.000275
2023-03-01,3.628,-0.000826
2023-03-02,3.605,-0.00634
2023-03-03,3.602,-0.000832
2023-03-06,3.618,0.004442
2023-03-07,3.584,-0.009397
2023-03-08,3.576,-0.002232
2023-03-09,3.566,-0.002796
2023-03-10,3.546,-0.005609
2023-03-13,3.544,-0.000564
2023-03-14,3.535,-0.00254
2023-03-15,3.526,-0.002546
2023-03-16,3.495,-0.008792
2023-03-17,3.491,-0.001144
2023-03-20,3.497,0.001719
2023-03-21,3.51,0.003717
2023-03-22,3.501,-0.002564
2023-03-23,3.502,0.000286
2023-03-24,3.504,0.000571
2023-03-27,3.513,0.002568
2023-03-28,3.496,-0.004839
2023-03-29,3.508,0.003432
2023-03-30,3.523,0.004276
2023-03-31,3.531,0.002271
2023-04-03,3.546,0.004248
2023-04-04,3.525,-0.005922
2023-04-06,3.541,0.004539
2023-04-07,3.553,0.003389
2023-04-10,3.556,0.000844
2023-04-11,3.548,-0.00225
2023-04-12,3.531,-0.004791
2023-04-13,3.523,-0.002266
2023-04-14,3.535,0.003406
2023-04-17,3.543,0.002263
2023-04-18,3.546,0.000847
2023-04-19,3.545,-0.000282
2023-04-20,3.526,-0.00536
2023-04-21,3.495,-0.008792
2023-04-24,3.47,-0.007153
2023-04-25,3.445,-0.007205
2023-04-26,3.481,0.01045
2023-04-27,3.501,0.005745
2023-04-28,3.499,-0.000571
2023-05-04,3.485,-0.004001
2023-05-05,3.456,-0.008321
2023-05-08,3.448,-0.002315
2023-05-09,3.418,-0.008701
2023-05-10,3.439,0.006144
2023-05-11,3.442,0.000872
2023-05-12,3.427,-0.004358
2023-05-15,3.457,0.008754
2023-05-16,3.453,-0.001157
2023-05-17,3.449,-0.001158
2023-05-18,3.442,-0.00203
2023-05-19,3.446,0.001162
2023-05-22,3.461,0.004353
2023-05-23,3.453,-0.002311
2023-05-24,3.447,-0.001738
2023-05-25,3.449,0.00058
2023-05-26,3.44,-0.002609
2023-05-29,3.435,-0.001453
2023-05-30,3.439,0.001164
2023-05-31,3.436,-0.000872
2023-06-01,3.431,-0.001455
2023-06-02,3.451,0.005829
2023-06-05,3.443,-0.002318
2023-06-06,3.425,-0.005228
2023-06-07,3.408,-0.004964
2023-06-08,3.398,-0.002934
2023-06-09,3.411,0.003826
2023-06-12,3.419,0.002345
2023-06-13,3.431,0.00351
2023-06-14,3.439,0.002332
2023-06-15,3.472,0.009596
2023-06-16,3.492,0.00576
2023-06-19,3.489,-0.000859
2023-06-20,3.484,-0.001433
2023-06-21,3.465,-0.005454
2023-06-26,3.442,-0.006638
2023-06-27,3.454,0.003486
2023-06-28,3.445,-0.002606
2023-06-29,3.441,-0.001161
2023-06-30,3.448,0.002034
2023-07-03,3.477,0.008411
2023-07-04,3.488,0.003164
2023-07-05,3.468,-0.005734
2023-07-06,3.461,-0.002018
2023-07-07,3.44,-0.006068
2023-07-10,3.447,0.002035
2023-07-11,3.457,0.002901
2023-07-12,3.439,-0.005207
2023-07-13,3.453,0.004071
2023-07-14,3.446,-0.002027
2023-07-17,3.439,-0.002031
2023-07-18,3.435,-0.001163
2023-07-19,3.434,-0.000291
2023-07-20,3.424,-0.002912
2023-07-21,3.426,0.000584
2023-07-24,3.424,-0.000584
2023-07-25,3.441,0.004965
2023-07-26,3.437,-0.001162
2023-07-27,3.432,-0.001455
2023-07-28,3.441,0.002622
2023-07-31,3.444,0.000872
2023-08-01,3.436,-0.002323
2023-08-02,3.429,-0.002037
2023-08-03,3.429,0.0
2023-08-04,3.431,0.000583
2023-08-07,3.428,-0.000874
2023-08-08,3.419,-0.002625
2023-08-09,3.408,-0.003217
2023-08-10,3.409,0.000293
2023-08-11,3.385,-0.00704
2023-08-14,3.386,0.000295
2023-08-15,3.371,-0.00443
2023-08-16,3.35,-0.00623
2023-08-17,3.357,0.00209
2023-08-18,3.335,-0.006553
2023-08-21,3.32,-0.004498
2023-08-22,3.323,0.000904
2023-08-23,3.293,-0.009028
2023-08-24,3.307,0.004251
2023-08-25,3.284,-0.006955
2023-08-28,3.29,0.001827
2023-08-29,3.332,0.012766
2023-08-30,3.343,0.003301
2023-08-31,3.334,-0.002692
2023-09-01,3.334,0.0
2023-09-04,3.347,0.003899
2023-09-05,3.344,-0.000896
2023-09-06,3.339,-0.001495
2023-09-07,3.318,-0.006289
2023-09-08,3.317,-0.000301
2023-09-11,3.327,0.003015
2023-09-12,3.326,-0.000301
2023-09-13,3.31,-0.004811
2023-09-14,3.298,-0.003625
2023-09-15,3.291,-0.002122
2023-09-18,3.303,0.003646
2023-09-19,3.29,-0.003936
2023-09-20,3.276,-0.004255
2023-09-21,3.261,-0.004579
2023-09-22,3.279,0.00552
2023-09-25,3.276,-0.000915
2023-09-26,3.272,-0.001221
2023-09-27,3.288,0.00489
2023-09-28,3.289,0.000304
2023-10-09,3.285,-0.001216
2023-10-10,3.276,-0.00274
2023-10-11,3.273,-0.000916
2023-10-12,3.277,0.001222
2023-10-13,3.261,-0.004883
2023-10-16,3.245,-0.004906
2023-10-17,3.244,-0.000308
2023-10-18,3.227,-0.00524
2023-10-19,3.214,-0.004029
2023-10-20,3.208,-0.001867
2023-10-23,3.186,-0.006858
2023-10-24,3.198,0.003766
2023-10-25,3.199,0.000313
2023-10-26,3.207,0.002501
2023-10-27,3.223,0.004989
2023-10-30,3.235,0.003723
2023-10-31,3.228,-0.002164
2023-11-01,3.227,-0.00031
2023-11-02,3.217,-0.003099
2023-11-03,3.234,0.005284
2023-11-06,3.253,0.005875
2023-11-07,3.246,-0.002152
2023-11-08,3.247,0.000308
2023-11-09,3.244,-0.000924
2023-11-10,3.235,-0.002774
2023-11-13,3.235,0.0
2023-11-14,3.236,0.000309
2023-11-15,3.245,0.002781
2023-11-16,3.232,-0.004006
2023-11-17,3.239,0.002166
2023-11-20,3.249,0.003087
2023-11-21,3.237,-0.003693
2023-11-22,3.224,-0.004016
2023-11-23,3.236,0.003722
2023-11-24,3.222,-0.004326
2023-11-27,3.226,0.001241
2023-11-28,3.238,0.00372
2023-11-29,3.23,-0.002471
2023-11-30,3.232,0.000619
2023-12-01,3.232,0.0
2023-12-04,3.23,-0.000619
2023-12-05,3.214,-0.004954
2023-12-06,3.216,0.000622
2023-12-07,3.212,-0.001244
2023-12-08,3.224,0.003736
2023-12-11,3.237,0.004032
2023-12-12,3.231,-0.001854
2023-12-13,3.227,-0.001238
2023-12-14,3.223,-0.00124
2023-12-15,3.211,-0.003723
2023-12-18,3.204,-0.00218
2023-12-19,3.204,0.0
2023-12-20,3.185,-0.00593
2023-12-21,3.193,0.002512
2023-12-22,3.178,-0.004698
2023-12-25,3.187,0.002832
2023-12-26,3.174,-0.004079
2023-12-27,3.181,0.002205
2023-12-28,3.194,0.004087
2023-12-29,3.208,0.004383
2023-12-31,3.208,0.0
2024-01-02,3.199,-0.002805
2024-01-03,3.186,-0.004064
2024-01-04,3.175,-0.003453
2024-01-05,3.151,-0.007559
2024-01-08,3.133,-0.005712
2024-01-09,3.132,-0.000319
2024-01-10,3.121,-0.003512
2024-01-11,3.138,0.005447
2024-01-12,3.131,-0.002231
2024-01-15,3.129,-0.000639
2024-01-16,3.132,0.000959
2024-01-17,3.1,-0.010217
2024-01-18,3.113,0.004194
2024-01-19,3.105,-0.00257
2024-01-22,3.062,-0.013849
2024-01-23,3.085,0.007511
2024-01-24,3.086,0.000324
2024-01-25,3.102,0.005185
2024-01-26,3.077,-0.008059
2024-01-29,3.048,-0.009425
2024-01-30,3.034,-0.004593
2024-01-31,3.011,-0.007581
2024-02-01,3.018,0.002325
2024-02-02,2.999,-0.006296
2024-02-05,2.98,-0.006335
2024-02-06,3.047,0.022483
2024-02-07,3.074,0.008861
2024-02-08,3.101,0.008783
2024-02-19,3.122,0.006772
2024-02-20,3.121,-0.00032
2024-02-21,3.117,-0.001282
2024-02-22,3.123,0.001925
2024-02-23,3.13,0.002241
2024-02-26,3.133,0.000958
2024-02-27,3.166,0.010533
2024-02-28,3.123,-0.013582
2024-02-29,3.157,0.010887
2024-03-01,3.178,0.006652
2024-03-04,3.196,0.005664
2024-03-05,3.197,0.000313
2024-03-06,3.207,0.003128
2024-03-07,3.184,-0.007172
2024-03-08,3.211,0.00848
2024-03-11,3.228,0.005294
2024-03-12,3.215,-0.004027
2024-03-13,3.218,0.000933
2024-03-14,3.211,-0.002175
2024-03-15,3.225,0.00436
2024-03-18,3.243,0.005581
2024-03-19,3.227,-0.004934
2024-03-20,3.23,0.00093
2024-03-21,3.228,-0.000619
2024-03-22,3.228,0.0
2024-03-25,3.211,-0.005266
2024-03-26,3.201,-0.003114
2024-03-27,3.177,-0.007498
2024-03-28,3.193,0.005036
2024-03-29,3.207,0.004385
2024-04-01,3.233,0.008107
2024-04-02,3.217,-0.004949
2024-04-03,3.206,-0.003419
2024-04-08,3.209,0.000936
2024-04-09,3.201,-0.002493
2024-04-10,3.18,-0.00656
2024-04-11,3.189,0.00283
2024-04-12,3.203,0.00439
2024-04-15,3.216,0.004059
2024-04-16,3.182,-0.010572
2024-04-17,3.212,0.009428
2024-04-18,3.205,-0.002179
2024-04-19,3.183,-0.006864
2024-04-22,3.16,-0.007226
2024-04-23,3.15,-0.003165
2024-04-24,3.171,0.006667
2024-04-25,3.16,-0.003469
2024-04-26,3.196,0.011392
2024-04-29,3.214,0.005632
2024-04-30,3.21,-0.001245
2024-05-06,3.216,0.001869
2024-05-07,3.206,-0.003109
2024-05-08,3.196,-0.003119
2024-05-09,3.211,0.004693
2024-05-10,3.206,-0.001557
2024-05-13,3.204,-0.000624
2024-05-14,3.198,-0.001873
2024-05-15,3.189,-0.002814
2024-05-16,3.187,-0.000627
2024-05-17,3.185,-0.000628
2024-05-20,3.205,0.006279
2024-05-21,3.194,-0.003432
2024-05-22,3.192,-0.000626
2024-05-23,3.177,-0.004699
2024-05-24,3.161,-0.005036
2024-05-27,3.175,0.004429
2024-05-28,3.166,-0.002835
2024-05-29,3.171,0.001579
2024-05-30,3.162,-0.002838
2024-05-31,3.158,-0.001265
2024-06-03,3.162,0.001267
2024-06-04,3.181,0.006009
2024-06-05,3.162,-0.005973
2024-06-06,3.164,0.000633
2024-06-07,3.152,-0.003793
2024-06-11,3.144,-0.002538
2024-06-12,3.15,0.001908
2024-06-13,3.151,0.000317
2024-06-14,3.158,0.002222
2024-06-17,3.16,0.000633
2024-06-18,3.173,0.004114
2024-06-19,3.161,-0.003782
2024-06-20,3.154,-0.002214
2024-06-21,3.155,0.000317
2024-06-24,3.144,-0.003487
2024-06-25,3.126,-0.005725
2024-06-26,3.137,0.003519
2024-06-27,3.119,-0.005738
2024-06-28,3.13,0.003527
2024-06-30,3.13,0.0
2024-07-01,3.139,0.002875
2024-07-02,3.12,-0.006053
2024-07-03,3.105,-0.004808
2024-07-04,3.103,-0.000644
2024-07-05,3.113,0.003223
2024-07-08,3.11,-0.000964
2024-07-09,3.137,0.008682
2024-07-10,3.131,-0.001913
2024-07-11,3.142,0.003513
2024-07-12,3.134,-0.002546
2024-07-15,3.131,-0.000957
2024-07-16,3.14,0.002874
2024-07-17,3.119,-0.006688
2024-07-18,3.122,0.000962
2024-07-19,3.118,-0.001281
2024-07-22,3.119,0.000321
2024-07-23,3.081,-0.012183
2024-07-24,3.075,-0.001947
2024-07-25,3.063,-0.003902
2024-07-26,3.076,0.004244
2024-07-29,3.065,-0.003576
2024-07-30,3.061,-0.001305
2024-07-31,3.088,0.008821
2024-08-01,3.077,-0.003562
2024-08-02,3.052,-0.008125
2024-08-05,3.023,-0.009502
2024-08-06,3.031,0.002646
2024-08-07,3.036,0.00165
2024-08-08,3.032,-0.001318
2024-08-09,3.03,-0.00066
2024-08-12,3.03,0.0
2024-08-13,3.038,0.00264
2024-08-14,3.02,-0.005925
2024-08-15,3.023,0.000993
2024-08-16,3.026,0.000992
2024-08-19,3.027,0.00033
2024-08-20,3.015,-0.003964
2024-08-21,3.013,-0.000663
2024-08-22,3.01,-0.000996
2024-08-23,3.012,0.000664
2024-08-26,3.009,-0.000996
2024-08-27,2.999,-0.003323
2024-08-28,2.998,-0.000333
2024-08-29,3.007,0.003002
2024-08-30,3.024,0.005653
2024-09-02,3.01,-0.00463
2024-09-03,3.024,0.004651
2024-09-04,3.017,-0.002315
2024-09-05,3.016,-0.000331
2024-09-06,2.998,-0.005968
2024-09-09,2.989,-0.003002
2024-09-10,2.989,0.0
2024-09-11,3.002,0.004349
2024-09-12,3.0,-0.000666
2024-09-13,2.988,-0.004
2024-09-18,3.004,0.005355
2024-09-19,3.006,0.000666
2024-09-20,3.006,0.0
2024-09-23,2.998,-0.002661
2024-09-24,3.028,0.010007
2024-09-25,3.034,0.001982
2024-09-26,3.062,0.009229
2024-09-27,3.115,0.017309
2024-09-30,3.214,0.031782
2024-10-08,3.301,0.027069
2024-10-09,3.196,-0.031809
2024-10-10,3.197,0.000313
2024-10-11,3.165,-0.010009
2024-10-14,3.193,0.008847
2024-10-15,3.165,-0.008769
2024-10-16,3.158,-0.002212
2024-10-17,3.137,-0.00665
2024-10-18,3.184,0.014982
2024-10-21,3.191,0.002198
2024-10-22,3.209,0.005641
2024-10-23,3.211,0.000623
2024-10-24,3.195,-0.004983
2024-10-25,3.214,0.005947
2024-10-28,3.213,-0.000311
2024-10-29,3.195,-0.005602
2024-10-30,3.201,0.001878
2024-10-31,3.207,0.001874
2024-11-01,3.198,-0.002806
2024-11-04,3.217,0.005941
2024-11-05,3.244,0.008393
2024-11-06,3.252,0.002466
2024-11-07,3.257,0.001538
2024-11-08,3.249,-0.002456
2024-11-11,3.277,0.008618
2024-11-12,3.265,-0.003662
2024-11-13,3.267,0.000613
2024-11-14,3.223,-0.013468
2024-11-15,3.186,-0.01148
2024-11-18,3.183,-0.000942
2024-11-19,3.204,0.006598
2024-11-20,3.214,0.003121
2024-11-21,3.208,-0.001867
2024-11-22,3.168,-0.012469
2024-11-25,3.17,0.000631
2024-11-26,3.163,-0.002208
2024-11-27,3.189,0.00822
2024-11-28,3.176,-0.004077
2024-11-29,3.19,0.004408
2024-12-02,3.206,0.005016
2024-12-03,3.199,-0.002183
2024-12-04,3.182,-0.005314
2024-12-05,3.179,-0.000943
2024-12-06,3.197,0.005662
2024-12-09,3.188,-0.002815
2024-12-10,3.187,-0.000314
2024-12-11,3.187,0.0
2024-12-12,3.199,0.003765
2024-12-13,3.181,-0.005627
2024-12-16,3.155,-0.008174
2024-12-17,3.152,-0.000951
2024-12-18,3.152,0.0
2024-12-19,3.154,0.000635
2024-12-20,3.146,-0.002536
2024-12-23,3.138,-0.002543
2024-12-24,3.152,0.004461
2024-12-25,3.144,-0.002538
2024-12-26,3.152,0.002545
2024-12-27,3.149,-0.000952
2024-12-30,3.149,0.0
2024-12-31,3.126,-0.007304
2025-01-02,3.089,-0.011836
2025-01-03,3.079,-0.003237
2025-01-06,3.08,0.000325
2025-01-07,3.093,0.004221
2025-01-08,3.088,-0.001617
2025-01-09,3.089,0.000324
2025-01-10,3.072,-0.005503
2025-01-13,3.068,-0.001302
2025-01-14,3.107,0.012712
2025-01-15,3.094,-0.004184
2025-01-16,3.097,0.00097
2025-01-17,3.112,0.004843
2025-01-20,3.117,0.001607
2025-01-21,3.135,0.005775
2025-01-22,3.14,0.001595
2025-01-23,3.122,-0.005732
2025-01-24,3.132,0.003203
2025-01-27,3.102,-0.009579
2025-02-05,3.087,-0.004836
2025-02-06,3.117,0.009718
2025-02-07,3.137,0.006416
2025-02-10,3.143,0.001913
2025-02-11,3.136,-0.002227
2025-02-12,3.158,0.007015
2025-02-13,3.141,-0.005383
2025-02-14,3.149,0.002547
2025-02-17,3.168,0.006034
2025-02-18,3.154,-0.004419
2025-02-19,3.182,0.008878
2025-02-20,3.174,-0.002514
2025-02-21,3.212,0.011972
2025-02-24,3.203,-0.002802
2025-02-25,3.192,-0.003434
2025-02-26,3.198,0.00188
2025-02-27,3.182,-0.005003
2025-02-28,3.147,-0.010999
2025-03-03,3.143,-0.001271
2025-03-04,3.148,0.001591
2025-03-05,3.15,0.000635
2025-03-06,3.167,0.005397
2025-03-07,3.162,-0.001579
2025-03-10,3.158,-0.001265
2025-03-11,3.151,-0.002217
2025-03-12,3.144,-0.002222
2025-03-13,3.127,-0.005407
2025-03-14,3.147,0.006396
2025-03-17,3.147,0.0
2025-03-18,3.149,0.000636
2025-03-19,3.145,-0.00127
2025-03-20,3.137,-0.002544
2025-03-21,3.12,-0.005419
2025-03-24,3.126,0.001923
2025-03-25,3.118,-0.002559
2025-03-26,3.113,-0.001604
2025-03-27,3.114,0.000321
2025-03-28,3.107,-0.002248
2025-03-31,3.1,-0.002253
2025-04-01,3.109,0.002903
2025-04-02,3.108,-0.000322
2025-04-03,3.087,-0.006757
2025-04-07,3.011,-0.024619
2025-04-08,3.01,-0.000332
2025-04-09,3.03,0.006645
2025-04-10,3.049,0.006271
2025-04-11,3.064,0.00492
2025-04-14,3.07,0.001958
2025-04-15,3.062,-0.002606
2025-04-16,3.062,0.0
2025-04-17,3.062,0.0
2025-04-18,3.059,-0.00098
2025-04-21,3.074,0.004904
2025-04-22,3.074,0.0
2025-04-23,3.068,-0.001952
2025-04-24,3.06,-0.002608
2025-04-25,3.058,-0.000654
2025-04-28,3.052,-0.001962
2025-04-29,3.052,0.0
2025-04-30,3.054,0.000655
2025-05-06,3.069,0.004912
2025-05-07,3.071,0.000652
2025-05-08,3.075,0.001303
2025-05-09,3.064,-0.003577
2025-05-12,3.078,0.004569
2025-05-13,3.071,-0.002274
2025-05-14,3.071,0.0
2025-05-15,3.055,-0.00521
2025-05-16,3.054,-0.000327
2025-05-19,3.058,0.00131
2025-05-20,3.065,0.002289
2025-05-21,3.07,0.001631
2025-05-22,3.06,-0.003257
2025-05-23,3.049,-0.003595
2025-05-26,3.051,0.000656
2025-05-27,3.04,-0.003605
2025-05-28,3.041,0.000329
2025-05-29,3.051,0.003288
2025-05-30,3.047,-0.001311
2025-06-03,3.05,0.000985
2025-06-04,3.059,0.002951
2025-06-05,3.061,0.000654
2025-06-06,3.06,-0.000327
2025-06-09,3.065,0.001634
2025-06-10,3.058,-0.002284
2025-06-11,3.067,0.002943
2025-06-12,3.07,0.000978
2025-06-13,3.063,-0.00228
2025-06-16,3.064,0.000326
2025-06-17,3.064,0.0
2025-06-18,3.065,0.000326
2025-06-19,3.053,-0.003915
2025-06-20,3.052,-0.000328
2025-06-23,3.052,0.0
2025-06-24,3.064,0.003932
2025-06-25,3.076,0.003916
2025-06-26,3.071,-0.001625
2025-06-27,3.072,0.000326
2025-06-30,3.077,0.001628
2025-07-01,3.082,0.001625
2025-07-02,3.079,-0.000973
2025-07-03,3.088,0.002923
2025-07-04,3.088,0.0
2025-07-07,3.085,-0.000972
2025-07-08,3.096,0.003566
2025-07-09,3.091,-0.001615
2025-07-10,3.098,0.002265
2025-07-11,3.103,0.001614
2025-07-14,3.105,0.000645
2025-07-15,3.109,0.001288
2025-07-16,3.106,-0.000965
2025-07-17,3.117,0.003542
2025-07-18,3.119,0.000642
2025-07-21,3.13,0.003527
2025-07-22,3.138,0.002556
2025-07-23,3.134,-0.001275
2025-07-24,3.143,0.002872
2025-07-25,3.141,-0.000636
2025-07-28,3.146,0.001592
2025-07-29,3.155,0.002861
2025-07-30,3.154,-0.000317
2025-07-31,3.138,-0.005073
2025-08-01,3.135,-0.000956
2025-08-04,3.137,0.000638
2025-08-05,3.146,0.002869
2025-08-06,3.15,0.001271
2025-08-07,3.147,-0.000952
2025-08-08,3.147,0.0
2025-08-11,3.152,0.001589
2025-08-12,3.156,0.001269
2025-08-13,3.177,0.006654
2025-08-14,3.165,-0.003777
2025-08-15,3.179,0.004423
2025-08-18,3.189,0.003146
2025-08-19,3.183,-0.001881
2025-08-20,3.197,0.004398
2025-08-21,3.196,-0.000313
2025-08-22,3.215,0.005945
2025-08-25,3.239,0.007465
2025-08-26,3.238,-0.000309
2025-08-27,3.222,-0.004941
2025-08-28,3.246,0.007449
2025-08-29,3.255,0.002773
2025-09-01,3.263,0.002458
2025-09-02,3.239,-0.007355
2025-09-03,3.232,-0.002161
2025-09-04,3.207,-0.007735
2025-09-05,3.239,0.009978
2025-09-08,3.239,0.0
2025-09-09,3.231,-0.00247
2025-09-10,3.235,0.001238
2025-09-11,3.262,0.008346
2025-09-12,3.257,-0.001533
2025-09-15,3.258,0.000307
2025-09-16,3.259,0.000307
2025-09-17,3.265,0.001841
2025-09-18,3.256,-0.002757
2025-09-19,3.256,0.0
2025-09-22,3.265,0.002764
2025-09-23,3.259,-0.001838
2025-09-24,3.27,0.003375
2025-09-25,3.276,0.001835
2025-09-26,3.258,-0.005495
2025-09-29,3.274,0.004911
2025-09-30,3.282,0.002443
2025-10-09,3.298,0.004875
2025-10-10,3.273,-0.00758
2025-10-13,3.263,-0.003055
2025-10-14,3.242,-0.006436
2025-10-15,3.265,0.007094
2025-10-16,3.262,-0.000919
2025-10-17,3.227,-0.01073
2025-10-20,3.234,0.002169
2025-10-21,3.255,0.006494
2025-10-22,3.249,-0.001843
2025-10-23,3.247,-0.000616
2025-10-24,3.268,0.006468
2025-10-27,3.285,0.005202
2025-10-28,3.282,-0.000913
2025-10-29,3.305,0.007008
2025-10-30,3.287,-0.005446
2025-10-31,3.278,-0.002738
2025-11-03,3.28,0.00061
2025-11-04,3.265,-0.004573
2025-11-05,3.265,0.0
2025-11-06,3.289,0.007351
2025-11-07,3.284,-0.00152
2025-11-10,3.288,0.001218
2025-11-11,3.279,-0.002737
2025-11-12,3.273,-0.00183
2025-11-13,3.287,0.004277
2025-11-14,3.266,-0.006389
2025-11-17,3.254,-0.003674
2025-11-18,3.247,-0.002151
2025-11-19,3.246,-0.000308
2025-11-20,3.24,-0.001848
2025-11-21,3.209,-0.009568
2025-11-24,3.216,0.002181
2025-11-25,3.235,0.005908
2025-11-26,3.239,0.001236
2025-11-27,3.239,0.0
2025-11-28,3.247,0.00247
2025-12-01,3.255,0.002464
2025-12-02,3.248,-0.002151
2025-12-03,3.244,-0.001232
2025-12-04,3.246,0.000617
2025-12-05,3.259,0.004005
2025-12-08,3.269,0.003068
2025-12-09,3.264,-0.00153
2025-12-10,3.264,0.0
2025-12-11,3.254,-0.003064
2025-12-12,3.265,0.00338
2025-12-15,3.259,-0.001838
2025-12-16,3.244,-0.004603
2025-12-17,3.267,0.00709
2025-12-18,3.26,-0.002143
2025-12-19,3.267,0.002147
2025-12-22,3.28,0.003979
2025-12-23,3.284,0.00122
2025-12-24,3.292,0.002436
2025-12-25,3.294,0.000608
2025-12-26,3.297,0.000911
2025-12-29,3.292,-0.001517
2025-12-30,3.295,0.000911
2025-12-31,3.29,-0.001517
2026-01-05,3.316,0.007903
2026-01-06,3.338,0.006634
2026-01-07,3.34,0.000599
2026-01-08,3.334,-0.001796
2026-01-09,3.343,0.002699
2026-01-12,3.349,0.001795
2026-01-13,3.341,-0.002389
2026-01-14,3.341,0.0
2026-01-15,3.349,0.002394
2026-01-16,3.349,0.0
2026-01-19,3.359,0.002986
2026-01-20,3.36,0.000298
2026-01-21,3.366,0.001786
2026-01-22,3.369,0.000891
2026-01-23,3.363,-0.001781
2026-01-26,3.363,0.0
2026-01-27,3.367,0.001189
2026-01-28,3.377,0.00297
2026-01-29,3.378,0.000296
2026-01-30,3.364,-0.004144
2026-02-02,3.323,-0.012188
2026-02-03,3.347,0.007222
2026-02-04,3.354,0.002091
2026-02-05,3.343,-0.00328
2026-02-06,3.341,-0.000598
2026-02-09,3.367,0.007782
2026-02-10,3.369,0.000594
2026-02-11,3.369,0.0
2026-02-12,3.377,0.002375
2026-02-13,3.361,-0.004738
2026-02-24,3.376,0.004463
2026-02-25,3.385,0.002666
2026-02-26,3.385,0.0
2026-02-27,3.383,-0.000591
2026-03-02,3.389,0.001774
2026-03-03,3.359,-0.008852
2026-03-04,3.346,-0.00387
2026-03-05,3.357,0.003288
2026-03-06,3.36,0.000894
2026-03-09,3.343,-0.00506
2026-03-10,3.366,0.00688
2026-03-11,3.373,0.00208
2026-03-12,3.368,-0.001482
2026-03-13,3.356,-0.003563
2026-03-16,3.355,-0.000298
2026-03-17,3.338,-0.005067
2026-03-18,3.346,0.002397
2026-03-19,3.319,-0.008069
2026-03-20,3.314,-0.001506
2026-03-23,3.271,-0.012975
2026-03-24,3.289,0.005503
2026-03-25,3.308,0.005777
2026-03-26,3.293,-0.004534
2026-03-27,3.305,0.003644
2026-03-30,3.306,0.000303
2026-03-31,3.292,-0.004235
2026-04-01,3.319,0.008202
2026-04-02,3.305,-0.004218
2026-04-03,3.296,-0.002723
2026-04-07,3.301,0.001517
2026-04-08,3.349,0.014541
2026-04-09,3.348,-0.000299
2026-04-10,3.368,0.005974
2026-04-13,3.37,0.000594
2026-04-14,3.388,0.005341
2026-04-15,3.38,-0.002361
2026-04-16,3.404,0.007101
2026-04-17,3.407,0.000881
2026-04-20,3.412,0.001468
2026-04-21,3.418,0.001758
2026-04-22,3.434,0.004681
2026-04-23,3.426,-0.00233
2026-04-24,3.421,-0.001459
2026-04-27,3.422,0.000292
2026-04-28,3.42,-0.000584
2026-04-29,3.437,0.004971
2026-04-30,3.435,-0.000582
2026-05-06,3.462,0.00786
2026-05-07,3.471,0.0026
2026-05-08,3.462,-0.002593
2026-05-11,3.486,0.006932
2026-05-12,3.487,0.000287
2026-05-13,3.503,0.004588
2026-05-14,3.473,-0.008564
2026-05-15,3.456,-0.004895
2026-05-18,3.447,-0.002604
2026-05-19,3.455,0.002321
2026-05-20,3.465,0.002894
2026-05-21,3.437,-0.008081
2026-05-22,3.46,0.006692
2026-05-25,3.482,0.006358
2026-05-26,3.49,0.002298
2026-05-27,3.474,-0.004585
2026-05-28,3.477,0.000864
2026-05-29,3.462,-0.004314
2026-06-01,3.45,-0.003466
2026-06-02,3.469,0.005507
2026-06-03,3.475,0.00173
2026-06-04,3.472,-0.000863
2026-06-05,3.433,-0.011233
2026-06-08,3.404,-0.008447
2026-06-09,3.438,0.009988
2026-06-10,3.421,-0.004945
2026-06-11,3.416,-0.001462
2026-06-12,3.432,0.004684
2026-06-15,3.47,0.011072
2026-06-16,3.468,-0.000576
2026-06-17,3.495,0.007785
2026-06-18,3.503,0.002289
2026-06-22,3.552,0.013988
2026-06-23,3.502,-0.014077
2026-06-24,3.538,0.01028
2026-06-25,3.573,0.009893
2026-06-26,3.537,-0.010076
2026-06-29,3.57,0.00933
2026-06-30,3.575,0.001401
2026-07-01,3.556,-0.005315
2026-07-02,3.502,-0.015186
2026-07-03,3.51,0.002284
2026-07-06,3.506,-0.00114
2026-07-07,3.484,-0.006275
2026-07-08,3.465,-0.005454
2026-07-09,3.504,0.011255
2026-07-10,3.467,-0.010559
2026-07-13,3.431,-0.010384
2026-07-14,3.472,0.01195
2026-07-15,3.467,-0.00144
2026-07-16,3.433,-0.009807
2026-07-17,3.374,-0.017186
2026-07-20,3.384,0.002964
2026-07-21,3.433,0.01448
2026-07-22,3.425,-0.00233
2026-07-23,3.434,0.002628
2026-07-24,3.414,-0.005824
2026-07-27,3.442,0.008202
2026-07-28,3.393,-0.014236
2026-07-29,3.402,0.002653
2026-07-30,3.377,-0.007349
2026-07-31,3.384,0.002073
2026-08-03,3.347,-0.010934
2026-08-04,3.367,0.005976
2026-08-05,3.404,0.010989
2026-08-06,3.401,-0.000881
2026-08-07,3.431,0.008821
2026-08-10,3.438,0.00204
2026-08-11,3.426,-0.00349
2026-08-12,3.439,0.003795
2026-08-13,3.425,-0.004071
2026-08-14,3.429,0.001168
2026-08-17,3.467,0.011082
2026-08-18,3.463,-0.001154
2026-08-19,3.414,-0.01415
2026-08-20,3.419,0.001465
2026-08-21,3.423,0.00117
2026-08-24,3.405,-0.005259
2026-08-25,3.405,0.0
2026-08-26,3.422,0.004993
2026-08-27,3.431,0.00263
2026-08-28,3.422,-0.002623
2026-08-31,3.424,0.000584
2026-09-01,3.414,-0.002921
2026-09-02,3.397,-0.004979
2026-09-03,3.399,0.000589
2026-09-04,3.389,-0.002942
2026-09-07,3.393,0.00118
2026-09-08,3.388,-0.001474
2026-09-09,3.39,0.00059
2026-09-10,3.382,-0.00236
2026-09-11,3.367,-0.004435
2026-09-14,3.362,-0.001485
2026-09-15,3.352,-0.002974
2026-09-16,3.361,0.002685
2026-09-17,3.354,-0.002083
2026-09-18,3.373,0.005665
2026-09-21,3.38,0.002075
2026-09-22,3.383,0.000888
2026-09-23,3.377,-0.001774
2026-09-24,3.346,-0.00918
2026-09-28,3.317,-0.008667
2026-09-29,3.319,0.000603
2026-09-30,3.322,0.000904
