净值日期,累计净值,daily_return
2010-12-07,1.0,
2010-12-10,1.0,0.0
2010-12-17,1.0,0.0
2010-12-24,0.992,-0.008
2010-12-31,1.004,0.012097
2011-01-07,0.993,-0.010956
2011-01-14,0.969,-0.024169
2011-01-19,0.955,-0.014448
2011-01-20,0.929,-0.027225
2011-01-21,0.927,-0.002153
2011-01-24,0.911,-0.01726
2011-01-25,0.906,-0.005488
2011-01-26,0.916,0.011038
2011-01-27,0.929,0.014192
2011-01-28,0.934,0.005382
2011-01-31,0.942,0.008565
2011-02-01,0.943,0.001062
2011-02-09,0.942,-0.00106
2011-02-10,0.96,0.019108
2011-02-11,0.964,0.004167
2011-02-14,0.978,0.014523
2011-02-15,0.976,-0.002045
2011-02-16,0.981,0.005123
2011-02-17,0.982,0.001019
2011-02-18,0.975,-0.007128
2011-02-21,0.981,0.006154
2011-02-22,0.963,-0.018349
2011-02-23,0.969,0.006231
2011-02-24,0.975,0.006192
2011-02-25,0.973,-0.002051
2011-02-28,0.977,0.004111
2011-03-01,0.982,0.005118
2011-03-02,0.979,-0.003055
2011-03-03,0.965,-0.0143
2011-03-04,0.971,0.006218
2011-03-07,0.981,0.010299
2011-03-08,0.982,0.001019
2011-03-09,0.985,0.003055
2011-03-10,0.981,-0.004061
2011-03-11,0.979,-0.002039
2011-03-14,0.988,0.009193
2011-03-15,0.974,-0.01417
2011-03-16,0.975,0.001027
2011-03-17,0.969,-0.006154
2011-03-18,0.97,0.001032
2011-03-21,0.96,-0.010309
2011-03-22,0.959,-0.001042
2011-03-23,0.967,0.008342
2011-03-24,0.966,-0.001034
2011-03-25,0.973,0.007246
2011-03-28,0.959,-0.014388
2011-03-29,0.949,-0.010428
2011-03-30,0.943,-0.006322
2011-03-31,0.937,-0.006363
2011-04-01,0.943,0.006403
2011-04-06,0.939,-0.004242
2011-04-07,0.944,0.005325
2011-04-08,0.953,0.009534
2011-04-11,0.946,-0.007345
2011-04-12,0.947,0.001057
2011-04-13,0.953,0.006336
2011-04-14,0.951,-0.002099
2011-04-15,0.951,0.0
2011-04-18,0.954,0.003155
2011-04-19,0.948,-0.006289
2011-04-20,0.952,0.004219
2011-04-21,0.948,-0.004202
2011-04-22,0.946,-0.00211
2011-04-25,0.941,-0.005285
2011-04-26,0.935,-0.006376
2011-04-27,0.932,-0.003209
2011-04-28,0.917,-0.016094
2011-04-29,0.921,0.004362
2011-05-03,0.931,0.010858
2011-05-04,0.92,-0.011815
2011-05-05,0.924,0.004348
2011-05-06,0.929,0.005411
2011-05-09,0.929,0.0
2011-05-10,0.932,0.003229
2011-05-11,0.933,0.001073
2011-05-12,0.929,-0.004287
2011-05-13,0.929,0.0
2011-05-16,0.925,-0.004306
2011-05-17,0.92,-0.005405
2011-05-18,0.926,0.006522
2011-05-19,0.924,-0.00216
2011-05-20,0.923,-0.001082
2011-05-23,0.903,-0.021668
2011-05-24,0.902,-0.001107
2011-05-25,0.895,-0.007761
2011-05-26,0.896,0.001117
2011-05-27,0.889,-0.007812
2011-05-30,0.89,0.001125
2011-05-31,0.899,0.010112
2011-06-01,0.902,0.003337
2011-06-02,0.891,-0.012195
2011-06-03,0.898,0.007856
2011-06-07,0.898,0.0
2011-06-08,0.895,-0.003341
2011-06-09,0.88,-0.01676
2011-06-10,0.88,0.0
2011-06-13,0.872,-0.009091
2011-06-14,0.884,0.013761
2011-06-15,0.877,-0.007919
2011-06-16,0.868,-0.010262
2011-06-17,0.862,-0.006912
2011-06-20,0.854,-0.009281
2011-06-21,0.861,0.008197
2011-06-22,0.859,-0.002323
2011-06-23,0.873,0.016298
2011-06-24,0.889,0.018328
2011-06-27,0.893,0.004499
2011-06-28,0.892,-0.00112
2011-06-29,0.886,-0.006726
2011-06-30,0.895,0.010158
2011-07-01,0.899,0.004469
2011-07-04,0.915,0.017798
2011-07-05,0.917,0.002186
2011-07-06,0.918,0.001091
2011-07-07,0.922,0.004357
2011-07-08,0.922,0.0
2011-07-11,0.926,0.004338
2011-07-12,0.913,-0.014039
2011-07-13,0.924,0.012048
2011-07-14,0.928,0.004329
2011-07-15,0.942,0.015086
2011-07-18,0.943,0.001062
2011-07-19,0.933,-0.010604
2011-07-20,0.93,-0.003215
2011-07-21,0.924,-0.006452
2011-07-22,0.93,0.006494
2011-07-25,0.908,-0.023656
2011-07-26,0.907,-0.001101
2011-07-27,0.916,0.009923
2011-07-28,0.911,-0.005459
2011-07-29,0.906,-0.005488
2011-08-01,0.904,-0.002208
2011-08-02,0.896,-0.00885
2011-08-03,0.892,-0.004464
2011-08-04,0.895,0.003363
2011-08-05,0.885,-0.011173
2011-08-08,0.864,-0.023729
2011-08-09,0.865,0.001157
2011-08-10,0.872,0.008092
2011-08-11,0.886,0.016055
2011-08-12,0.889,0.003386
2011-08-15,0.896,0.007874
2011-08-16,0.888,-0.008929
2011-08-17,0.887,-0.001126
2011-08-18,0.873,-0.015784
2011-08-19,0.866,-0.008018
2011-08-22,0.862,-0.004619
2011-08-23,0.875,0.015081
2011-08-24,0.875,0.0
2011-08-25,0.896,0.024
2011-08-26,0.901,0.00558
2011-08-29,0.89,-0.012209
2011-08-30,0.883,-0.007865
2011-08-31,0.88,-0.003398
2011-09-01,0.876,-0.004545
2011-09-02,0.864,-0.013699
2011-09-05,0.85,-0.016204
2011-09-06,0.846,-0.004706
2011-09-07,0.861,0.01773
2011-09-08,0.856,-0.005807
2011-09-09,0.854,-0.002336
2011-09-13,0.845,-0.010539
2011-09-14,0.848,0.00355
2011-09-15,0.848,0.0
2011-09-16,0.849,0.001179
2011-09-19,0.838,-0.012956
2011-09-20,0.841,0.00358
2011-09-21,0.864,0.027348
2011-09-22,0.844,-0.023148
2011-09-23,0.843,-0.001185
2011-09-26,0.829,-0.016607
2011-09-27,0.834,0.006031
2011-09-28,0.826,-0.009592
2011-09-29,0.819,-0.008475
2011-09-30,0.818,-0.001221
2011-10-10,0.815,-0.003667
2011-10-11,0.814,-0.001227
2011-10-12,0.839,0.030713
2011-10-13,0.851,0.014303
2011-10-14,0.849,-0.00235
2011-10-17,0.853,0.004711
2011-10-18,0.835,-0.021102
2011-10-19,0.838,0.003593
2011-10-20,0.821,-0.020286
2011-10-21,0.816,-0.00609
2011-10-24,0.835,0.023284
2011-10-25,0.848,0.015569
2011-10-26,0.857,0.010613
2011-10-27,0.858,0.001167
2011-10-28,0.875,0.019814
2011-10-31,0.871,-0.004571
2011-11-01,0.871,0.0
2011-11-02,0.887,0.01837
2011-11-03,0.891,0.00451
2011-11-04,0.895,0.004489
2011-11-07,0.889,-0.006704
2011-11-08,0.884,-0.005624
2011-11-09,0.89,0.006787
2011-11-10,0.88,-0.011236
2011-11-11,0.882,0.002273
2011-11-14,0.896,0.015873
2011-11-15,0.9,0.004464
2011-11-16,0.878,-0.024444
2011-11-17,0.877,-0.001139
2011-11-18,0.859,-0.020525
2011-11-21,0.857,-0.002328
2011-11-22,0.854,-0.003501
2011-11-23,0.848,-0.007026
2011-11-24,0.851,0.003538
2011-11-25,0.845,-0.007051
2011-11-28,0.847,0.002367
2011-11-29,0.859,0.014168
2011-11-30,0.836,-0.026775
2011-12-01,0.858,0.026316
2011-12-02,0.848,-0.011655
2011-12-05,0.834,-0.016509
2011-12-06,0.834,0.0
2011-12-07,0.835,0.001199
2011-12-08,0.833,-0.002395
2011-12-09,0.828,-0.006002
2011-12-12,0.818,-0.012077
2011-12-13,0.802,-0.01956
2011-12-14,0.795,-0.008728
2011-12-15,0.78,-0.018868
2011-12-16,0.801,0.026923
2011-12-19,0.798,-0.003745
2011-12-20,0.794,-0.005013
2011-12-21,0.784,-0.012594
2011-12-22,0.783,-0.001276
2011-12-23,0.791,0.010217
2011-12-26,0.783,-0.010114
2011-12-27,0.763,-0.025543
2011-12-28,0.76,-0.003932
2011-12-29,0.76,0.0
2011-12-30,0.771,0.014474
2011-12-31,0.771,0.0
2012-01-04,0.754,-0.022049
2012-01-05,0.737,-0.022546
2012-01-06,0.734,-0.004071
2012-01-09,0.762,0.038147
2012-01-10,0.786,0.031496
2012-01-11,0.781,-0.006361
2012-01-12,0.777,-0.005122
2012-01-13,0.758,-0.024453
2012-01-16,0.737,-0.027704
2012-01-17,0.769,0.043419
2012-01-18,0.754,-0.019506
2012-01-19,0.767,0.017241
2012-01-20,0.78,0.016949
2012-01-30,0.768,-0.015385
2012-01-31,0.77,0.002604
2012-02-01,0.764,-0.007792
2012-02-02,0.776,0.015707
2012-02-03,0.785,0.011598
2012-02-06,0.787,0.002548
2012-02-07,0.773,-0.017789
2012-02-08,0.791,0.023286
2012-02-09,0.794,0.003793
2012-02-10,0.795,0.001259
2012-02-13,0.799,0.005031
2012-02-14,0.798,-0.001252
2012-02-15,0.806,0.010025
2012-02-16,0.801,-0.006203
2012-02-17,0.799,-0.002497
2012-02-20,0.797,-0.002503
2012-02-21,0.801,0.005019
2012-02-22,0.81,0.011236
2012-02-23,0.817,0.008642
2012-02-24,0.828,0.013464
2012-02-27,0.832,0.004831
2012-02-28,0.829,-0.003606
2012-02-29,0.821,-0.00965
2012-03-01,0.82,-0.001218
2012-03-02,0.831,0.013415
2012-03-05,0.826,-0.006017
2012-03-06,0.813,-0.015738
2012-03-07,0.806,-0.00861
2012-03-08,0.814,0.009926
2012-03-09,0.826,0.014742
2012-03-12,0.835,0.010896
2012-03-13,0.84,0.005988
2012-03-14,0.82,-0.02381
2012-03-15,0.823,0.003659
2012-03-16,0.836,0.015796
2012-03-19,0.839,0.003589
2012-03-20,0.825,-0.016687
2012-03-21,0.824,-0.001212
2012-03-22,0.821,-0.003641
2012-03-23,0.814,-0.008526
2012-03-26,0.818,0.004914
2012-03-27,0.808,-0.012225
2012-03-28,0.788,-0.024752
2012-03-29,0.777,-0.013959
2012-03-30,0.775,-0.002574
2012-03-31,0.775,0.0
2012-04-05,0.787,0.015484
2012-04-06,0.787,0.0
2012-04-09,0.782,-0.006353
2012-04-10,0.792,0.012788
2012-04-11,0.794,0.002525
2012-04-12,0.808,0.017632
2012-04-13,0.809,0.001238
2012-04-16,0.807,-0.002472
2012-04-17,0.802,-0.006196
2012-04-18,0.816,0.017456
2012-04-19,0.817,0.001225
2012-04-20,0.822,0.00612
2012-04-23,0.818,-0.004866
2012-04-24,0.818,0.0
2012-04-25,0.822,0.00489
2012-04-26,0.822,0.0
2012-04-27,0.823,0.001217
2012-05-02,0.841,0.021871
2012-05-03,0.847,0.007134
2012-05-04,0.853,0.007084
2012-05-07,0.859,0.007034
2012-05-08,0.855,-0.004657
2012-05-09,0.841,-0.016374
2012-05-10,0.844,0.003567
2012-05-11,0.845,0.001185
2012-05-14,0.843,-0.002367
2012-05-15,0.842,-0.001186
2012-05-16,0.836,-0.007126
2012-05-17,0.841,0.005981
2012-05-18,0.835,-0.007134
2012-05-21,0.838,0.003593
2012-05-22,0.845,0.008353
2012-05-23,0.844,-0.001183
2012-05-24,0.837,-0.008294
2012-05-25,0.832,-0.005974
2012-05-28,0.838,0.007212
2012-05-29,0.844,0.00716
2012-05-30,0.843,-0.001185
2012-05-31,0.843,0.0
2012-06-01,0.849,0.007117
2012-06-04,0.833,-0.018846
2012-06-05,0.84,0.008403
2012-06-06,0.837,-0.003571
2012-06-07,0.832,-0.005974
2012-06-08,0.829,-0.003606
2012-06-11,0.836,0.008444
2012-06-12,0.831,-0.005981
2012-06-13,0.842,0.013237
2012-06-14,0.839,-0.003563
2012-06-15,0.845,0.007151
2012-06-18,0.849,0.004734
2012-06-19,0.847,-0.002356
2012-06-20,0.842,-0.005903
2012-06-21,0.835,-0.008314
2012-06-25,0.83,-0.005988
2012-06-26,0.829,-0.001205
2012-06-27,0.831,0.002413
2012-06-28,0.827,-0.004813
2012-06-29,0.837,0.012092
2012-06-30,0.837,0.0
2012-07-02,0.841,0.004779
2012-07-03,0.842,0.001189
2012-07-04,0.842,0.0
2012-07-05,0.834,-0.009501
2012-07-06,0.846,0.014388
2012-07-09,0.829,-0.020095
2012-07-10,0.825,-0.004825
2012-07-11,0.831,0.007273
2012-07-12,0.835,0.004813
2012-07-13,0.84,0.005988
2012-07-16,0.83,-0.011905
2012-07-17,0.828,-0.00241
2012-07-18,0.826,-0.002415
2012-07-19,0.828,0.002421
2012-07-20,0.825,-0.003623
2012-07-23,0.822,-0.003636
2012-07-24,0.823,0.001217
2012-07-25,0.822,-0.001215
2012-07-26,0.817,-0.006083
2012-07-27,0.814,-0.003672
2012-07-30,0.812,-0.002457
2012-07-31,0.809,-0.003695
2012-08-01,0.816,0.008653
2012-08-02,0.814,-0.002451
2012-08-03,0.822,0.009828
2012-08-06,0.83,0.009732
2012-08-07,0.829,-0.001205
2012-08-08,0.827,-0.002413
2012-08-09,0.836,0.010883
2012-08-10,0.832,-0.004785
2012-08-13,0.815,-0.020433
2012-08-14,0.814,-0.001227
2012-08-15,0.808,-0.007371
2012-08-16,0.802,-0.007426
2012-08-17,0.797,-0.006234
2012-08-20,0.799,0.002509
2012-08-21,0.81,0.013767
2012-08-22,0.804,-0.007407
2012-08-23,0.804,0.0
2012-08-24,0.799,-0.006219
2012-08-27,0.788,-0.013767
2012-08-28,0.787,-0.001269
2012-08-29,0.781,-0.007624
2012-08-30,0.776,-0.006402
2012-08-31,0.776,0.0
2012-09-03,0.788,0.015464
2012-09-04,0.787,-0.001269
2012-09-05,0.788,0.001271
2012-09-06,0.789,0.001269
2012-09-07,0.809,0.025349
2012-09-10,0.807,-0.002472
2012-09-11,0.806,-0.001239
2012-09-12,0.807,0.001241
2012-09-13,0.801,-0.007435
2012-09-14,0.802,0.001248
2012-09-17,0.791,-0.013716
2012-09-18,0.787,-0.005057
2012-09-19,0.788,0.001271
2012-09-20,0.778,-0.01269
2012-09-21,0.778,0.0
2012-09-24,0.782,0.005141
2012-09-25,0.785,0.003836
2012-09-26,0.779,-0.007643
2012-09-27,0.791,0.015404
2012-09-28,0.797,0.007585
2012-09-30,0.797,0.0
2012-10-08,0.793,-0.005019
2012-10-09,0.804,0.013871
2012-10-10,0.805,0.001244
2012-10-11,0.799,-0.007453
2012-10-12,0.797,-0.002503
2012-10-15,0.801,0.005019
2012-10-16,0.805,0.004994
2012-10-17,0.803,-0.002484
2012-10-18,0.809,0.007472
2012-10-19,0.807,-0.002472
2012-10-22,0.809,0.002478
2012-10-23,0.797,-0.014833
2012-10-24,0.796,-0.001255
2012-10-25,0.791,-0.006281
2012-10-26,0.785,-0.007585
2012-10-29,0.782,-0.003822
2012-10-30,0.784,0.002558
2012-10-31,0.789,0.006378
2012-11-01,0.797,0.010139
2012-11-02,0.797,0.0
2012-11-05,0.794,-0.003764
2012-11-06,0.79,-0.005038
2012-11-07,0.788,-0.002532
2012-11-08,0.78,-0.010152
2012-11-09,0.778,-0.002564
2012-11-12,0.772,-0.007712
2012-11-13,0.764,-0.010363
2012-11-14,0.768,0.005236
2012-11-15,0.762,-0.007812
2012-11-16,0.755,-0.009186
2012-11-19,0.749,-0.007947
2012-11-20,0.747,-0.00267
2012-11-21,0.752,0.006693
2012-11-22,0.746,-0.007979
2012-11-23,0.751,0.006702
2012-11-26,0.744,-0.009321
2012-11-27,0.736,-0.010753
2012-11-28,0.731,-0.006793
2012-11-29,0.73,-0.001368
2012-11-30,0.734,0.005479
2012-12-03,0.724,-0.013624
2012-12-04,0.726,0.002762
2012-12-05,0.742,0.022039
2012-12-06,0.737,-0.006739
2012-12-07,0.746,0.012212
2012-12-10,0.749,0.004021
2012-12-11,0.747,-0.00267
2012-12-12,0.748,0.001339
2012-12-13,0.745,-0.004011
2012-12-14,0.765,0.026846
2012-12-17,0.763,-0.002614
2012-12-18,0.762,-0.001311
2012-12-19,0.765,0.003937
2012-12-20,0.767,0.002614
2012-12-21,0.771,0.005215
2012-12-24,0.773,0.002594
2012-12-25,0.786,0.016818
2012-12-26,0.791,0.006361
2012-12-27,0.788,-0.003793
2012-12-28,0.795,0.008883
2012-12-31,0.805,0.012579
2013-01-04,0.799,-0.007453
2013-01-07,0.803,0.005006
2013-01-08,0.809,0.007472
2013-01-09,0.812,0.003708
2013-01-10,0.814,0.002463
2013-01-11,0.802,-0.014742
2013-01-14,0.829,0.033666
2013-01-15,0.837,0.00965
2013-01-16,0.838,0.001195
2013-01-17,0.834,-0.004773
2013-01-18,0.845,0.013189
2013-01-21,0.842,-0.00355
2013-01-22,0.833,-0.010689
2013-01-23,0.835,0.002401
2013-01-24,0.825,-0.011976
2013-01-25,0.831,0.007273
2013-01-28,0.849,0.021661
2013-01-29,0.853,0.004711
2013-01-30,0.849,-0.004689
2013-01-31,0.847,-0.002356
2013-02-01,0.857,0.011806
2013-02-04,0.847,-0.011669
2013-02-05,0.859,0.014168
2013-02-06,0.862,0.003492
2013-02-07,0.87,0.009281
2013-02-08,0.882,0.013793
2013-02-18,0.876,-0.006803
2013-02-19,0.855,-0.023973
2013-02-20,0.874,0.022222
2013-02-21,0.852,-0.025172
2013-02-22,0.847,-0.005869
2013-02-25,0.849,0.002361
2013-02-26,0.839,-0.011779
2013-02-27,0.838,-0.001192
2013-02-28,0.857,0.022673
2013-03-01,0.863,0.007001
2013-03-04,0.832,-0.035921
2013-03-05,0.855,0.027644
2013-03-06,0.858,0.003509
2013-03-07,0.846,-0.013986
2013-03-08,0.836,-0.01182
2013-03-11,0.836,0.0
2013-03-12,0.825,-0.013158
2013-03-13,0.819,-0.007273
2013-03-14,0.825,0.007326
2013-03-15,0.832,0.008485
2013-03-18,0.825,-0.008413
2013-03-19,0.822,-0.003636
2013-03-20,0.844,0.026764
2013-03-21,0.852,0.009479
2013-03-22,0.856,0.004695
2013-03-25,0.854,-0.002336
2013-03-26,0.855,0.001171
2013-03-27,0.859,0.004678
2013-03-28,0.848,-0.012806
2013-03-29,0.839,-0.010613
2013-04-01,0.842,0.003576
2013-04-02,0.826,-0.019002
2013-04-03,0.819,-0.008475
2013-04-08,0.831,0.014652
2013-04-09,0.831,0.0
2013-04-10,0.82,-0.013237
2013-04-11,0.819,-0.00122
2013-04-12,0.821,0.002442
2013-04-15,0.815,-0.007308
2013-04-16,0.821,0.007362
2013-04-17,0.834,0.015834
2013-04-18,0.835,0.001199
2013-04-19,0.85,0.017964
2013-04-22,0.856,0.007059
2013-04-23,0.836,-0.023364
2013-04-24,0.85,0.016746
2013-04-25,0.846,-0.004706
2013-04-26,0.83,-0.018913
2013-05-02,0.84,0.012048
2013-05-03,0.854,0.016667
2013-05-06,0.862,0.009368
2013-05-07,0.852,-0.011601
2013-05-08,0.864,0.014085
2013-05-09,0.858,-0.006944
2013-05-10,0.855,-0.003497
2013-05-13,0.851,-0.004678
2013-05-14,0.837,-0.016451
2013-05-15,0.847,0.011947
2013-05-16,0.855,0.009445
2013-05-17,0.87,0.017544
2013-05-20,0.869,-0.001149
2013-05-21,0.874,0.005754
2013-05-22,0.865,-0.010297
2013-05-23,0.863,-0.002312
2013-05-24,0.868,0.005794
2013-05-27,0.881,0.014977
2013-05-28,0.888,0.007946
2013-05-29,0.897,0.010135
2013-05-30,0.905,0.008919
2013-05-31,0.894,-0.012155
2013-06-03,0.889,-0.005593
2013-06-04,0.878,-0.012373
2013-06-05,0.883,0.005695
2013-06-06,0.87,-0.014723
2013-06-07,0.856,-0.016092
2013-06-13,0.847,-0.010514
2013-06-14,0.858,0.012987
2013-06-17,0.865,0.008159
2013-06-18,0.868,0.003468
2013-06-19,0.868,0.0
2013-06-20,0.849,-0.021889
2013-06-21,0.849,0.0
2013-06-24,0.822,-0.031802
2013-06-25,0.824,0.002433
2013-06-26,0.841,0.020631
2013-06-27,0.839,-0.002378
2013-06-28,0.839,0.0
2013-06-30,0.839,0.0
2013-07-01,0.862,0.027414
2013-07-02,0.881,0.022042
2013-07-03,0.885,0.00454
2013-07-04,0.891,0.00678
2013-07-05,0.887,-0.004489
2013-07-08,0.872,-0.016911
2013-07-09,0.875,0.00344
2013-07-10,0.881,0.006857
2013-07-11,0.893,0.013621
2013-07-12,0.899,0.006719
2013-07-15,0.916,0.01891
2013-07-16,0.917,0.001092
2013-07-17,0.9,-0.018539
2013-07-18,0.901,0.001111
2013-07-19,0.892,-0.009989
2013-07-22,0.91,0.020179
2013-07-23,0.932,0.024176
2013-07-24,0.94,0.008584
2013-07-25,0.93,-0.010638
2013-07-26,0.926,-0.004301
2013-07-29,0.917,-0.009719
2013-07-30,0.911,-0.006543
2013-07-31,0.912,0.001098
2013-08-01,0.933,0.023026
2013-08-02,0.935,0.002144
2013-08-05,0.953,0.019251
2013-08-06,0.964,0.011542
2013-08-07,0.967,0.003112
2013-08-08,0.978,0.011375
2013-08-09,0.99,0.01227
2013-08-12,0.991,0.00101
2013-08-13,0.981,-0.010091
2013-08-14,0.98,-0.001019
2013-08-15,0.96,-0.020408
2013-08-16,0.941,-0.019792
2013-08-19,0.961,0.021254
2013-08-20,0.957,-0.004162
2013-08-21,0.953,-0.00418
2013-08-22,0.959,0.006296
2013-08-23,0.962,0.003128
2013-08-26,0.977,0.015593
2013-08-27,0.981,0.004094
2013-08-28,0.967,-0.014271
2013-08-29,0.967,0.0
2013-08-30,0.945,-0.022751
2013-09-02,0.963,0.019048
2013-09-03,0.973,0.010384
2013-09-04,0.97,-0.003083
2013-09-05,0.979,0.009278
2013-09-06,0.973,-0.006129
2013-09-09,0.964,-0.00925
2013-09-10,0.958,-0.006224
2013-09-11,0.96,0.002088
2013-09-12,0.953,-0.007292
2013-09-13,0.97,0.017838
2013-09-16,0.981,0.01134
2013-09-17,0.974,-0.007136
2013-09-18,0.971,-0.00308
2013-09-23,0.985,0.014418
2013-09-24,0.986,0.001015
2013-09-25,0.974,-0.01217
2013-09-26,0.973,-0.001027
2013-09-27,0.982,0.00925
2013-09-30,0.99,0.008147
2013-10-08,0.994,0.00404
2013-10-09,1.004,0.01006
2013-10-10,0.995,-0.008964
2013-10-11,0.993,-0.00201
2013-10-14,0.995,0.002014
2013-10-15,1.0,0.005025
2013-10-16,0.978,-0.022
2013-10-17,0.969,-0.009202
2013-10-18,0.969,0.0
2013-10-21,0.996,0.027864
2013-10-22,0.988,-0.008032
2013-10-23,0.97,-0.018219
2013-10-24,0.962,-0.008247
2013-10-25,0.945,-0.017672
2013-10-28,0.944,-0.001058
2013-10-29,0.942,-0.002119
2013-10-30,0.956,0.014862
2013-10-31,0.932,-0.025105
2013-11-01,0.929,-0.003219
2013-11-04,0.921,-0.008611
2013-11-05,0.926,0.005429
2013-11-06,0.916,-0.010799
2013-11-07,0.906,-0.010917
2013-11-08,0.894,-0.013245
2013-11-11,0.908,0.01566
2013-11-12,0.916,0.008811
2013-11-13,0.908,-0.008734
2013-11-14,0.924,0.017621
2013-11-15,0.934,0.010823
2013-11-18,0.943,0.009636
2013-11-19,0.934,-0.009544
2013-11-20,0.935,0.001071
2013-11-21,0.928,-0.007487
2013-11-22,0.925,-0.003233
2013-11-25,0.93,0.005405
2013-11-26,0.929,-0.001075
2013-11-27,0.94,0.011841
2013-11-28,0.952,0.012766
2013-11-29,0.964,0.012605
2013-12-02,0.937,-0.028008
2013-12-03,0.947,0.010672
2013-12-04,0.953,0.006336
2013-12-05,0.945,-0.008395
2013-12-06,0.943,-0.002116
2013-12-09,0.95,0.007423
2013-12-10,0.945,-0.005263
2013-12-11,0.943,-0.002116
2013-12-12,0.948,0.005302
2013-12-13,0.953,0.005274
2013-12-16,0.945,-0.008395
2013-12-17,0.945,0.0
2013-12-18,0.948,0.003175
2013-12-19,0.939,-0.009494
2013-12-20,0.946,0.007455
2013-12-23,0.953,0.0074
2013-12-24,0.955,0.002099
2013-12-25,0.97,0.015707
2013-12-26,0.966,-0.004124
2013-12-27,0.972,0.006211
2013-12-30,0.975,0.003086
2013-12-31,0.985,0.010256
2014-01-02,0.999,0.014213
2014-01-03,0.997,-0.002002
2014-01-06,0.979,-0.018054
2014-01-07,0.987,0.008172
2014-01-08,1.012,0.025329
2014-01-09,0.996,-0.01581
2014-01-10,0.982,-0.014056
2014-01-13,0.975,-0.007128
2014-01-14,0.993,0.018462
2014-01-15,1.001,0.008056
2014-01-16,1.006,0.004995
2014-01-17,0.989,-0.016899
2014-01-20,0.977,-0.012133
2014-01-21,0.985,0.008188
2014-01-22,1.01,0.025381
2014-01-23,1.011,0.00099
2014-01-24,1.029,0.017804
2014-01-27,1.019,-0.009718
2014-01-28,1.014,-0.004907
2014-01-29,1.022,0.00789
2014-01-30,1.017,-0.004892
2014-02-07,1.041,0.023599
2014-02-10,1.066,0.024015
2014-02-11,1.068,0.001876
2014-02-12,1.07,0.001873
2014-02-13,1.052,-0.016822
2014-02-14,1.077,0.023764
2014-02-17,1.093,0.014856
2014-02-18,1.087,-0.005489
2014-02-19,1.088,0.00092
2014-02-20,1.079,-0.008272
2014-02-21,1.071,-0.007414
2014-02-24,1.079,0.00747
2014-02-25,1.046,-0.030584
2014-02-26,1.053,0.006692
2014-02-27,1.012,-0.038936
2014-02-28,1.008,-0.003953
2014-03-03,1.032,0.02381
2014-03-04,1.034,0.001938
2014-03-05,1.02,-0.01354
2014-03-06,1.013,-0.006863
2014-03-07,1.021,0.007897
2014-03-10,1.0,-0.020568
2014-03-11,1.009,0.009
2014-03-12,1.006,-0.002973
2014-03-13,1.018,0.011928
2014-03-14,1.01,-0.007859
2014-03-17,1.034,0.023762
2014-03-18,1.039,0.004836
2014-03-19,1.031,-0.0077
2014-03-20,1.011,-0.019399
2014-03-21,1.009,-0.001978
2014-03-24,0.999,-0.009911
2014-03-25,0.999,0.0
2014-03-26,1.017,0.018018
2014-03-27,0.994,-0.022616
2014-03-28,0.969,-0.025151
2014-03-31,0.976,0.007224
2014-04-01,0.986,0.010246
2014-04-02,0.978,-0.008114
2014-04-03,0.979,0.001022
2014-04-04,0.991,0.012257
2014-04-08,0.997,0.006054
2014-04-09,1.009,0.012036
2014-04-10,1.014,0.004955
2014-04-11,1.011,-0.002959
2014-04-14,1.017,0.005935
2014-04-15,1.012,-0.004916
2014-04-16,1.003,-0.008893
2014-04-17,1.002,-0.000997
2014-04-18,1.008,0.005988
2014-04-21,1.005,-0.002976
2014-04-22,0.991,-0.01393
2014-04-23,0.978,-0.013118
2014-04-24,0.971,-0.007157
2014-04-25,0.953,-0.018538
2014-04-28,0.914,-0.040923
2014-04-29,0.924,0.010941
2014-04-30,0.927,0.003247
2014-05-05,0.939,0.012945
2014-05-06,0.947,0.00852
2014-05-07,0.929,-0.019007
2014-05-08,0.925,-0.004306
2014-05-09,0.912,-0.014054
2014-05-12,0.925,0.014254
2014-05-13,0.914,-0.011892
2014-05-14,0.92,0.006565
2014-05-15,0.902,-0.019565
2014-05-16,0.887,-0.01663
2014-05-19,0.888,0.001127
2014-05-20,0.891,0.003378
2014-05-21,0.903,0.013468
2014-05-22,0.911,0.008859
2014-05-23,0.923,0.013172
2014-05-26,0.935,0.013001
2014-05-27,0.932,-0.003209
2014-05-28,0.944,0.012876
2014-05-29,0.936,-0.008475
2014-05-30,0.938,0.002137
2014-06-03,0.933,-0.00533
2014-06-04,0.928,-0.005359
2014-06-05,0.937,0.009698
2014-06-06,0.941,0.004269
2014-06-09,0.933,-0.008502
2014-06-10,0.941,0.008574
2014-06-11,0.943,0.002125
2014-06-12,0.942,-0.00106
2014-06-13,0.954,0.012739
2014-06-16,0.958,0.004193
2014-06-17,0.947,-0.011482
2014-06-18,0.938,-0.009504
2014-06-19,0.924,-0.014925
2014-06-20,0.932,0.008658
2014-06-23,0.945,0.013948
2014-06-24,0.95,0.005291
2014-06-25,0.946,-0.004211
2014-06-26,0.961,0.015856
2014-06-27,0.967,0.006243
2014-06-30,0.975,0.008273
2014-07-01,0.977,0.002051
2014-07-02,0.986,0.009212
2014-07-03,0.989,0.003043
2014-07-04,0.983,-0.006067
2014-07-07,0.989,0.006104
2014-07-08,1.002,0.013145
2014-07-09,0.995,-0.006986
2014-07-10,0.986,-0.009045
2014-07-11,0.984,-0.002028
2014-07-14,0.989,0.005081
2014-07-15,0.982,-0.007078
2014-07-16,0.966,-0.016293
2014-07-17,0.966,0.0
2014-07-18,0.968,0.00207
2014-07-21,0.962,-0.006198
2014-07-22,0.972,0.010395
2014-07-23,0.957,-0.015432
2014-07-24,0.948,-0.009404
2014-07-25,0.957,0.009494
2014-07-28,0.98,0.024033
2014-07-29,0.985,0.005102
2014-07-30,0.988,0.003046
2014-07-31,0.99,0.002024
2014-08-01,0.987,-0.00303
2014-08-04,0.998,0.011145
2014-08-05,1.002,0.004008
2014-08-06,1.005,0.002994
2014-08-07,0.999,-0.00597
2014-08-08,1.005,0.006006
2014-08-11,1.013,0.00796
2014-08-12,1.015,0.001974
2014-08-13,1.011,-0.003941
2014-08-14,1.002,-0.008902
2014-08-15,1.016,0.013972
2014-08-18,1.037,0.020669
2014-08-19,1.039,0.001929
2014-08-20,1.038,-0.000962
2014-08-21,1.039,0.000963
2014-08-22,1.045,0.005775
2014-08-25,1.038,-0.006699
2014-08-26,1.02,-0.017341
2014-08-27,1.021,0.00098
2014-08-28,1.015,-0.005877
2014-08-29,1.024,0.008867
2014-09-01,1.04,0.015625
2014-09-02,1.05,0.009615
2014-09-03,1.052,0.001905
2014-09-04,1.06,0.007605
2014-09-05,1.062,0.001887
2014-09-09,1.061,-0.000942
2014-09-10,1.066,0.004713
2014-09-11,1.068,0.001876
2014-09-12,1.074,0.005618
2014-09-15,1.085,0.010242
2014-09-16,1.052,-0.030415
2014-09-17,1.054,0.001901
2014-09-18,1.061,0.006641
2014-09-19,1.071,0.009425
2014-09-22,1.054,-0.015873
2014-09-23,1.06,0.005693
2014-09-24,1.072,0.011321
2014-09-25,1.072,0.0
2014-09-26,1.073,0.000933
2014-09-29,1.077,0.003728
2014-09-30,1.081,0.003714
2014-10-08,1.097,0.014801
2014-10-09,1.094,-0.002735
2014-10-10,1.089,-0.00457
2014-10-13,1.08,-0.008264
2014-10-14,1.077,-0.002778
2014-10-15,1.084,0.0065
2014-10-16,1.076,-0.00738
2014-10-17,1.066,-0.009294
2014-10-20,1.08,0.013133
2014-10-21,1.072,-0.007407
2014-10-22,1.061,-0.010261
2014-10-23,1.044,-0.016023
2014-10-24,1.048,0.003831
2014-10-27,1.056,0.007634
2014-10-28,1.075,0.017992
2014-10-29,1.083,0.007442
2014-10-30,1.078,-0.004617
2014-10-31,1.074,-0.003711
2014-11-03,1.077,0.002793
2014-11-04,1.066,-0.010214
2014-11-05,1.067,0.000938
2014-11-06,1.075,0.007498
2014-11-07,1.071,-0.003721
2014-11-10,1.07,-0.000934
2014-11-11,1.043,-0.025234
2014-11-12,1.05,0.006711
2014-11-13,1.032,-0.017143
2014-11-14,1.03,-0.001938
2014-11-17,1.042,0.01165
2014-11-18,1.044,0.001919
2014-11-19,1.049,0.004789
2014-11-20,1.041,-0.007626
2014-11-21,1.048,0.006724
2014-11-24,1.049,0.000954
2014-11-25,1.059,0.009533
2014-11-26,1.068,0.008499
2014-11-27,1.071,0.002809
2014-11-28,1.071,0.0
2014-12-01,1.065,-0.005602
2014-12-02,1.073,0.007512
2014-12-03,1.079,0.005592
2014-12-04,1.089,0.009268
2014-12-05,1.075,-0.012856
2014-12-08,1.081,0.005581
2014-12-09,1.045,-0.033302
2014-12-10,1.081,0.03445
2014-12-11,1.096,0.013876
2014-12-12,1.114,0.016423
2014-12-15,1.131,0.01526
2014-12-16,1.12,-0.009726
2014-12-17,1.107,-0.011607
2014-12-18,1.106,-0.000903
2014-12-19,1.092,-0.012658
2014-12-22,1.072,-0.018315
2014-12-23,1.057,-0.013993
2014-12-24,1.067,0.009461
2014-12-25,1.079,0.011246
2014-12-26,1.088,0.008341
2014-12-29,1.063,-0.022978
2014-12-30,1.046,-0.015992
2014-12-31,1.056,0.00956
2015-01-05,1.065,0.008523
2015-01-06,1.087,0.020657
2015-01-07,1.088,0.00092
2015-01-08,1.093,0.004596
2015-01-09,1.094,0.000915
2015-01-12,1.099,0.00457
2015-01-13,1.111,0.010919
2015-01-14,1.099,-0.010801
2015-01-15,1.108,0.008189
2015-01-16,1.123,0.013538
2015-01-19,1.103,-0.017809
2015-01-20,1.138,0.031732
2015-01-21,1.173,0.030756
2015-01-22,1.189,0.01364
2015-01-23,1.183,-0.005046
2015-01-26,1.2,0.01437
2015-01-27,1.204,0.003333
2015-01-28,1.189,-0.012458
2015-01-29,1.173,-0.013457
2015-01-30,1.157,-0.01364
2015-02-02,1.162,0.004322
2015-02-03,1.178,0.013769
2015-02-04,1.167,-0.009338
2015-02-05,1.156,-0.009426
2015-02-06,1.151,-0.004325
2015-02-09,1.141,-0.008688
2015-02-10,1.15,0.007888
2015-02-11,1.169,0.016522
2015-02-12,1.172,0.002566
2015-02-13,1.181,0.007679
2015-02-16,1.201,0.016935
2015-02-17,1.208,0.005828
2015-02-25,1.202,-0.004967
2015-02-26,1.205,0.002496
2015-02-27,1.212,0.005809
2015-03-02,1.221,0.007426
2015-03-03,1.217,-0.003276
2015-03-04,1.241,0.019721
2015-03-05,1.24,-0.000806
2015-03-06,1.226,-0.01129
2015-03-09,1.232,0.004894
2015-03-10,1.242,0.008117
2015-03-11,1.239,-0.002415
2015-03-12,1.228,-0.008878
2015-03-13,1.248,0.016287
2015-03-16,1.296,0.038462
2015-03-17,1.316,0.015432
2015-03-18,1.334,0.013678
2015-03-19,1.343,0.006747
2015-03-20,1.355,0.008935
2015-03-23,1.381,0.019188
2015-03-24,1.4,0.013758
2015-03-25,1.43,0.021429
2015-03-26,1.408,-0.015385
2015-03-27,1.425,0.012074
2015-03-30,1.427,0.001404
2015-03-31,1.442,0.010512
2015-04-01,1.49,0.033287
2015-04-02,1.525,0.02349
2015-04-03,1.561,0.023607
2015-04-07,1.586,0.016015
2015-04-08,1.559,-0.017024
2015-04-09,1.563,0.002566
2015-04-10,1.605,0.026871
2015-04-13,1.65,0.028037
2015-04-14,1.654,0.002424
2015-04-15,1.59,-0.038694
2015-04-16,1.603,0.008176
2015-04-17,1.597,-0.003743
2015-04-20,1.548,-0.030683
2015-04-21,1.613,0.04199
2015-04-22,1.641,0.017359
2015-04-23,1.645,0.002438
2015-04-24,1.649,0.002432
2015-04-27,1.671,0.013341
2015-04-28,1.618,-0.031718
2015-04-29,1.664,0.02843
2015-04-30,1.704,0.024038
2015-05-04,1.705,0.000587
2015-05-05,1.647,-0.034018
2015-05-06,1.634,-0.007893
2015-05-07,1.623,-0.006732
2015-05-08,1.678,0.033888
2015-05-11,1.757,0.04708
2015-05-12,1.79,0.018782
2015-05-13,1.812,0.012291
2015-05-14,1.814,0.001104
2015-05-15,1.815,0.000551
2015-05-18,1.843,0.015427
2015-05-19,1.876,0.017906
2015-05-20,1.936,0.031983
2015-05-21,1.992,0.028926
2015-05-22,2.007,0.00753
2015-05-25,2.047,0.01993
2015-05-26,2.134,0.042501
2015-05-27,2.171,0.017338
2015-05-28,2.041,-0.05988
2015-05-29,2.079,0.018618
2015-06-01,2.178,0.047619
2015-06-02,2.264,0.039486
2015-06-03,2.269,0.002208
2015-06-04,2.254,-0.006611
2015-06-05,2.278,0.010648
2015-06-08,2.236,-0.018437
2015-06-09,2.22,-0.007156
2015-06-10,2.256,0.016216
2015-06-11,2.286,0.013298
2015-06-12,2.303,0.007437
2015-06-15,2.271,-0.013895
2015-06-16,2.189,-0.036107
2015-06-17,2.229,0.018273
2015-06-18,2.17,-0.026469
2015-06-19,2.039,-0.060369
2015-06-23,2.037,-0.000981
2015-06-24,2.095,0.028473
2015-06-25,1.999,-0.045823
2015-06-26,1.819,-0.090045
2015-06-29,1.687,-0.072567
2015-06-30,1.742,0.032602
2015-07-01,1.62,-0.070034
2015-07-02,1.508,-0.069136
2015-07-03,1.406,-0.067639
2015-07-06,1.36,-0.032717
2015-07-07,1.244,-0.085294
2015-07-08,1.184,-0.048232
2015-07-09,1.249,0.054899
2015-07-10,1.328,0.063251
2015-07-13,1.424,0.072289
2015-07-14,1.476,0.036517
2015-07-15,1.4,-0.051491
2015-07-16,1.426,0.018571
2015-07-17,1.52,0.065919
2015-07-20,1.567,0.030921
2015-07-21,1.622,0.035099
2015-07-22,1.679,0.035142
2015-07-23,1.736,0.033949
2015-07-24,1.71,-0.014977
2015-07-27,1.573,-0.080117
2015-07-28,1.519,-0.034329
2015-07-29,1.601,0.053983
2015-07-30,1.55,-0.031855
2015-07-31,1.503,-0.030323
2015-08-03,1.422,-0.053892
2015-08-04,1.525,0.072433
2015-08-05,1.558,0.021639
2015-08-06,1.55,-0.005135
2015-08-07,1.618,0.043871
2015-08-10,1.713,0.058714
2015-08-11,1.722,0.005254
2015-08-12,1.698,-0.013937
2015-08-13,1.737,0.022968
2015-08-14,1.767,0.017271
2015-08-17,1.792,0.014148
2015-08-18,1.637,-0.086496
2015-08-19,1.666,0.017715
2015-08-20,1.603,-0.037815
2015-08-21,1.523,-0.049906
2015-08-24,1.391,-0.086671
2015-08-25,1.279,-0.080518
2015-08-26,1.246,-0.025801
2015-08-27,1.291,0.036116
2015-08-28,1.378,0.06739
2015-08-31,1.316,-0.044993
2015-09-01,1.228,-0.066869
2015-09-02,1.182,-0.037459
2015-09-07,1.198,0.013536
2015-09-08,1.259,0.050918
2015-09-09,1.304,0.035743
2015-09-10,1.3,-0.003067
2015-09-11,1.306,0.004615
2015-09-14,1.219,-0.066616
2015-09-15,1.157,-0.050861
2015-09-16,1.247,0.077787
2015-09-17,1.222,-0.020048
2015-09-18,1.238,0.013093
2015-09-21,1.293,0.044426
2015-09-22,1.302,0.006961
2015-09-23,1.284,-0.013825
2015-09-24,1.294,0.007788
2015-09-25,1.264,-0.023184
2015-09-28,1.291,0.021361
2015-09-29,1.28,-0.008521
2015-09-30,1.29,0.007812
2015-10-08,1.352,0.048062
2015-10-09,1.372,0.014793
2015-10-12,1.433,0.044461
2015-10-13,1.45,0.011863
2015-10-14,1.423,-0.018621
2015-10-15,1.474,0.03584
2015-10-16,1.494,0.013569
2015-10-19,1.487,-0.004685
2015-10-20,1.518,0.020847
2015-10-21,1.415,-0.067852
2015-10-22,1.468,0.037456
2015-10-23,1.51,0.02861
2015-10-26,1.526,0.010596
2015-10-27,1.554,0.018349
2015-10-28,1.52,-0.021879
2015-10-29,1.542,0.014474
2015-10-30,1.542,0.0
2015-11-02,1.515,-0.01751
2015-11-03,1.511,-0.00264
2015-11-04,1.595,0.055592
2015-11-05,1.582,-0.00815
2015-11-06,1.622,0.025284
2015-11-09,1.643,0.012947
2015-11-10,1.638,-0.003043
2015-11-11,1.675,0.022589
2015-11-12,1.708,0.019701
2015-11-13,1.675,-0.019321
2015-11-16,1.709,0.020299
2015-11-17,1.705,-0.002341
2015-11-18,1.689,-0.009384
2015-11-19,1.734,0.026643
2015-11-20,1.745,0.006344
2015-11-23,1.717,-0.016046
2015-11-24,1.721,0.00233
2015-11-25,1.762,0.023823
2015-11-26,1.76,-0.001135
2015-11-27,1.663,-0.055114
2015-11-30,1.661,-0.001203
2015-12-01,1.635,-0.015653
2015-12-02,1.615,-0.012232
2015-12-03,1.665,0.03096
2015-12-04,1.668,0.001802
2015-12-07,1.689,0.01259
2015-12-08,1.658,-0.018354
2015-12-09,1.658,0.0
2015-12-10,1.655,-0.001809
2015-12-11,1.648,-0.00423
2015-12-14,1.665,0.010316
2015-12-15,1.684,0.011411
2015-12-16,1.708,0.014252
2015-12-17,1.741,0.019321
2015-12-18,1.74,-0.000574
2015-12-21,1.754,0.008046
2015-12-22,1.763,0.005131
2015-12-23,1.734,-0.016449
2015-12-24,1.735,0.000577
2015-12-25,1.758,0.013256
2015-12-28,1.725,-0.018771
2015-12-29,1.735,0.005797
2015-12-30,1.776,0.023631
2015-12-31,1.739,-0.020833
2016-01-04,1.599,-0.080506
2016-01-05,1.571,-0.017511
2016-01-06,1.607,0.022915
2016-01-07,1.481,-0.078407
2016-01-08,1.492,0.007427
2016-01-11,1.389,-0.069035
2016-01-12,1.38,-0.006479
2016-01-13,1.322,-0.042029
2016-01-14,1.375,0.040091
2016-01-15,1.328,-0.034182
2016-01-18,1.36,0.024096
2016-01-19,1.417,0.041912
2016-01-20,1.404,-0.009174
2016-01-21,1.347,-0.040598
2016-01-22,1.373,0.019302
2016-01-25,1.389,0.011653
2016-01-26,1.285,-0.074874
2016-01-27,1.263,-0.017121
2016-01-28,1.202,-0.048298
2016-01-29,1.246,0.036606
2016-02-01,1.241,-0.004013
2016-02-02,1.296,0.044319
2016-02-03,1.311,0.011574
2016-02-04,1.337,0.019832
2016-02-05,1.328,-0.006731
2016-02-15,1.338,0.00753
2016-02-16,1.4,0.046338
2016-02-17,1.415,0.010714
2016-02-18,1.406,-0.00636
2016-02-19,1.408,0.001422
2016-02-22,1.423,0.010653
2016-02-23,1.403,-0.014055
2016-02-24,1.394,-0.006415
2016-02-25,1.29,-0.074605
2016-02-26,1.289,-0.000775
2016-02-29,1.208,-0.062839
2016-03-01,1.226,0.014901
2016-03-02,1.282,0.045677
2016-03-03,1.281,-0.00078
2016-03-04,1.23,-0.039813
2016-03-07,1.255,0.020325
2016-03-08,1.276,0.016733
2016-03-09,1.258,-0.014107
2016-03-10,1.236,-0.017488
2016-03-11,1.236,0.0
2016-03-14,1.287,0.041262
2016-03-15,1.285,-0.001554
2016-03-16,1.27,-0.011673
2016-03-17,1.322,0.040945
2016-03-18,1.376,0.040847
2016-03-21,1.408,0.023256
2016-03-22,1.407,-0.00071
2016-03-23,1.415,0.005686
2016-03-24,1.395,-0.014134
2016-03-25,1.408,0.009319
2016-03-28,1.406,-0.00142
2016-03-29,1.378,-0.019915
2016-03-30,1.431,0.038462
2016-03-31,1.431,0.0
2016-04-01,1.41,-0.014675
2016-04-05,1.453,0.030496
2016-04-06,1.46,0.004818
2016-04-07,1.449,-0.007534
2016-04-08,1.444,-0.003451
2016-04-11,1.478,0.023546
2016-04-12,1.456,-0.014885
2016-04-13,1.476,0.013736
2016-04-14,1.495,0.012873
2016-04-15,1.502,0.004682
2016-04-18,1.49,-0.007989
2016-04-19,1.493,0.002013
2016-04-20,1.432,-0.040857
2016-04-21,1.408,-0.01676
2016-04-22,1.433,0.017756
2016-04-25,1.421,-0.008374
2016-04-26,1.44,0.013371
2016-04-27,1.443,0.002083
2016-04-28,1.441,-0.001386
2016-04-29,1.447,0.004164
2016-05-03,1.497,0.034554
2016-05-04,1.51,0.008684
2016-05-05,1.519,0.00596
2016-05-06,1.462,-0.037525
2016-05-09,1.41,-0.035568
2016-05-10,1.403,-0.004965
2016-05-11,1.398,-0.003564
2016-05-12,1.407,0.006438
2016-05-13,1.408,0.000711
2016-05-16,1.437,0.020597
2016-05-17,1.426,-0.007655
2016-05-18,1.386,-0.02805
2016-05-19,1.396,0.007215
2016-05-20,1.413,0.012178
2016-05-23,1.441,0.019816
2016-05-24,1.414,-0.018737
2016-05-25,1.404,-0.007072
2016-05-26,1.402,-0.001425
2016-05-27,1.394,-0.005706
2016-05-30,1.395,0.000717
2016-05-31,1.449,0.03871
2016-06-01,1.458,0.006211
2016-06-02,1.469,0.007545
2016-06-03,1.473,0.002723
2016-06-06,1.483,0.006789
2016-06-07,1.482,-0.000674
2016-06-08,1.477,-0.003374
2016-06-13,1.403,-0.050102
2016-06-14,1.408,0.003564
2016-06-15,1.457,0.034801
2016-06-16,1.45,-0.004804
2016-06-17,1.458,0.005517
2016-06-20,1.471,0.008916
2016-06-21,1.448,-0.015636
2016-06-22,1.48,0.022099
2016-06-23,1.476,-0.002703
2016-06-24,1.476,0.0
2016-06-27,1.512,0.02439
2016-06-28,1.522,0.006614
2016-06-29,1.519,-0.001971
2016-06-30,1.511,-0.005267
2016-07-01,1.5,-0.00728
2016-07-04,1.523,0.015333
2016-07-05,1.527,0.002626
2016-07-06,1.534,0.004584
2016-07-07,1.541,0.004563
2016-07-08,1.53,-0.007138
2016-07-11,1.519,-0.00719
2016-07-12,1.538,0.012508
2016-07-13,1.549,0.007152
2016-07-14,1.549,0.0
2016-07-15,1.536,-0.008393
2016-07-18,1.527,-0.005859
2016-07-19,1.527,0.0
2016-07-20,1.533,0.003929
2016-07-21,1.533,0.0
2016-07-22,1.519,-0.009132
2016-07-25,1.519,0.0
2016-07-26,1.532,0.008558
2016-07-27,1.496,-0.023499
2016-07-28,1.501,0.003342
2016-07-29,1.494,-0.004664
2016-08-01,1.473,-0.014056
2016-08-02,1.48,0.004752
2016-08-03,1.484,0.002703
2016-08-04,1.49,0.004043
2016-08-05,1.479,-0.007383
2016-08-08,1.481,0.001352
2016-08-09,1.487,0.004051
2016-08-10,1.481,-0.004035
2016-08-11,1.468,-0.008778
2016-08-12,1.474,0.004087
2016-08-15,1.492,0.012212
2016-08-16,1.496,0.002681
2016-08-17,1.5,0.002674
2016-08-18,1.493,-0.004667
2016-08-19,1.496,0.002009
2016-08-22,1.482,-0.009358
2016-08-23,1.483,0.000675
2016-08-24,1.489,0.004046
2016-08-25,1.486,-0.002015
2016-08-26,1.488,0.001346
2016-08-29,1.49,0.001344
2016-08-30,1.494,0.002685
2016-08-31,1.498,0.002677
2016-09-01,1.492,-0.004005
2016-09-02,1.484,-0.005362
2016-09-05,1.495,0.007412
2016-09-06,1.509,0.009365
2016-09-07,1.505,-0.002651
2016-09-08,1.513,0.005316
2016-09-09,1.511,-0.001322
2016-09-12,1.488,-0.015222
2016-09-13,1.498,0.00672
2016-09-14,1.493,-0.003338
2016-09-19,1.504,0.007368
2016-09-20,1.506,0.00133
2016-09-21,1.505,-0.000664
2016-09-22,1.511,0.003987
2016-09-23,1.507,-0.002647
2016-09-26,1.486,-0.013935
2016-09-27,1.497,0.007402
2016-09-28,1.505,0.005344
2016-09-29,1.509,0.002658
2016-09-30,1.517,0.005302
2016-10-10,1.532,0.009888
2016-10-11,1.534,0.001305
2016-10-12,1.53,-0.002608
2016-10-13,1.536,0.003922
2016-10-14,1.53,-0.003906
2016-10-17,1.513,-0.011111
2016-10-18,1.532,0.012558
2016-10-19,1.525,-0.004569
2016-10-20,1.528,0.001967
2016-10-21,1.525,-0.001963
2016-10-24,1.531,0.003934
2016-10-25,1.535,0.002613
2016-10-26,1.524,-0.007166
2016-10-27,1.524,0.0
2016-10-28,1.519,-0.003281
2016-10-31,1.527,0.005267
2016-11-01,1.537,0.006549
2016-11-02,1.535,-0.001301
2016-11-03,1.539,0.002606
2016-11-04,1.527,-0.007797
2016-11-07,1.521,-0.003929
2016-11-08,1.535,0.009204
2016-11-09,1.525,-0.006515
2016-11-10,1.54,0.009836
2016-11-11,1.537,-0.001948
2016-11-14,1.534,-0.001952
2016-11-15,1.543,0.005867
2016-11-16,1.543,0.0
2016-11-17,1.538,-0.00324
2016-11-18,1.539,0.00065
2016-11-21,1.541,0.0013
2016-11-22,1.546,0.003245
2016-11-23,1.54,-0.003881
2016-11-24,1.535,-0.003247
2016-11-25,1.539,0.002606
2016-11-28,1.535,-0.002599
2016-11-29,1.529,-0.003909
2016-11-30,1.528,-0.000654
2016-12-01,1.54,0.007853
2016-12-02,1.522,-0.011688
2016-12-05,1.513,-0.005913
2016-12-06,1.515,0.001322
2016-12-07,1.521,0.00396
2016-12-08,1.514,-0.004602
2016-12-09,1.511,-0.001982
2016-12-12,1.451,-0.039709
2016-12-13,1.459,0.005513
2016-12-14,1.454,-0.003427
2016-12-15,1.458,0.002751
2016-12-16,1.475,0.01166
2016-12-19,1.467,-0.005424
2016-12-20,1.464,-0.002045
2016-12-21,1.471,0.004781
2016-12-22,1.464,-0.004759
2016-12-23,1.459,-0.003415
2016-12-26,1.463,0.002742
2016-12-27,1.468,0.003418
2016-12-28,1.456,-0.008174
2016-12-29,1.45,-0.004121
2016-12-30,1.455,0.003448
2016-12-31,1.455,0.0
2017-01-03,1.468,0.008935
2017-01-04,1.481,0.008856
2017-01-05,1.478,-0.002026
2017-01-06,1.467,-0.007442
2017-01-09,1.479,0.00818
2017-01-10,1.476,-0.002028
2017-01-11,1.462,-0.009485
2017-01-12,1.448,-0.009576
2017-01-13,1.436,-0.008287
2017-01-16,1.403,-0.022981
2017-01-17,1.422,0.013542
2017-01-18,1.42,-0.001406
2017-01-19,1.412,-0.005634
2017-01-20,1.428,0.011331
2017-01-23,1.435,0.004902
2017-01-24,1.432,-0.002091
2017-01-25,1.443,0.007682
2017-01-26,1.455,0.008316
2017-02-03,1.453,-0.001375
2017-02-06,1.467,0.009635
2017-02-07,1.466,-0.000682
2017-02-08,1.47,0.002729
2017-02-09,1.479,0.006122
2017-02-10,1.478,-0.000676
2017-02-13,1.482,0.002706
2017-02-14,1.479,-0.002024
2017-02-15,1.463,-0.010818
2017-02-16,1.467,0.002734
2017-02-17,1.452,-0.010225
2017-02-20,1.464,0.008264
2017-02-21,1.471,0.004781
2017-02-22,1.477,0.004079
2017-02-23,1.479,0.001354
2017-02-24,1.483,0.002705
2017-02-27,1.469,-0.00944
2017-02-28,1.475,0.004084
2017-03-01,1.481,0.004068
2017-03-02,1.479,-0.00135
2017-03-03,1.482,0.002028
2017-03-06,1.493,0.007422
2017-03-07,1.497,0.002679
2017-03-08,1.495,-0.001336
2017-03-09,1.482,-0.008696
2017-03-10,1.487,0.003374
2017-03-13,1.503,0.01076
2017-03-14,1.504,0.000665
2017-03-15,1.504,0.0
2017-03-16,1.512,0.005319
2017-03-17,1.5,-0.007937
2017-03-20,1.51,0.006667
2017-03-21,1.527,0.011258
2017-03-22,1.537,0.006549
2017-03-23,1.535,-0.001301
2017-03-24,1.534,-0.000651
2017-03-27,1.524,-0.006519
2017-03-28,1.522,-0.001312
2017-03-29,1.509,-0.008541
2017-03-30,1.498,-0.00729
2017-03-31,1.515,0.011348
2017-04-05,1.534,0.012541
2017-04-06,1.54,0.003911
2017-04-07,1.537,-0.001948
2017-04-10,1.526,-0.007157
2017-04-11,1.528,0.001311
2017-04-12,1.527,-0.000654
2017-04-13,1.528,0.000655
2017-04-14,1.518,-0.006545
2017-04-17,1.506,-0.007905
2017-04-18,1.506,0.0
2017-04-19,1.506,0.0
2017-04-20,1.523,0.011288
2017-04-21,1.512,-0.007223
2017-04-24,1.488,-0.015873
2017-04-25,1.496,0.005376
2017-04-26,1.503,0.004679
2017-04-27,1.509,0.003992
2017-04-28,1.502,-0.004639
2017-05-02,1.51,0.005326
2017-05-03,1.5,-0.006623
2017-05-04,1.485,-0.01
2017-05-05,1.467,-0.012121
2017-05-08,1.447,-0.013633
2017-05-09,1.451,0.002764
2017-05-10,1.443,-0.005513
2017-05-11,1.451,0.005544
2017-05-12,1.445,-0.004135
2017-05-15,1.451,0.004152
2017-05-16,1.473,0.015162
2017-05-17,1.467,-0.004073
2017-05-18,1.468,0.000682
2017-05-19,1.464,-0.002725
2017-05-22,1.45,-0.009563
2017-05-23,1.43,-0.013793
2017-05-24,1.43,0.0
2017-05-25,1.433,0.002098
2017-05-26,1.435,0.001396
2017-05-31,1.426,-0.006272
2017-06-01,1.415,-0.007714
2017-06-02,1.422,0.004947
2017-06-05,1.423,0.000703
2017-06-06,1.427,0.002811
2017-06-07,1.455,0.019622
2017-06-08,1.463,0.005498
2017-06-09,1.469,0.004101
2017-06-12,1.468,-0.000681
2017-06-13,1.476,0.00545
2017-06-14,1.466,-0.006775
2017-06-15,1.472,0.004093
2017-06-16,1.466,-0.004076
2017-06-19,1.475,0.006139
2017-06-20,1.476,0.000678
2017-06-21,1.481,0.003388
2017-06-22,1.467,-0.009453
2017-06-23,1.468,0.000682
2017-06-26,1.492,0.016349
2017-06-27,1.494,0.00134
2017-06-28,1.485,-0.006024
2017-06-29,1.49,0.003367
2017-06-30,1.494,0.002685
2017-07-03,1.5,0.004016
2017-07-04,1.495,-0.003333
2017-07-05,1.503,0.005351
2017-07-06,1.501,-0.001331
2017-07-07,1.494,-0.004664
2017-07-10,1.472,-0.014726
2017-07-11,1.468,-0.002717
2017-07-12,1.465,-0.002044
2017-07-13,1.463,-0.001365
2017-07-14,1.463,0.0
2017-07-17,1.424,-0.026658
2017-07-18,1.425,0.000702
2017-07-19,1.438,0.009123
2017-07-20,1.445,0.004868
2017-07-21,1.444,-0.000692
2017-07-24,1.447,0.002078
2017-07-25,1.444,-0.002073
2017-07-26,1.439,-0.003463
2017-07-27,1.445,0.00417
2017-07-28,1.452,0.004844
2017-07-31,1.457,0.003444
2017-08-01,1.456,-0.000686
2017-08-02,1.448,-0.005495
2017-08-03,1.44,-0.005525
2017-08-04,1.433,-0.004861
2017-08-07,1.438,0.003489
2017-08-08,1.446,0.005563
2017-08-09,1.455,0.006224
2017-08-10,1.445,-0.006873
2017-08-11,1.437,-0.005536
2017-08-14,1.464,0.018789
2017-08-15,1.465,0.000683
2017-08-16,1.465,0.0
2017-08-17,1.463,-0.001365
2017-08-18,1.466,0.002051
2017-08-21,1.476,0.006821
2017-08-22,1.474,-0.001355
2017-08-23,1.464,-0.006784
2017-08-24,1.443,-0.014344
2017-08-25,1.458,0.010395
2017-08-28,1.467,0.006173
2017-08-29,1.463,-0.002727
2017-08-30,1.474,0.007519
2017-08-31,1.469,-0.003392
2017-09-01,1.48,0.007488
2017-09-04,1.488,0.005405
2017-09-05,1.497,0.006048
2017-09-06,1.498,0.000668
2017-09-07,1.484,-0.009346
2017-09-08,1.483,-0.000674
2017-09-11,1.496,0.008766
2017-09-12,1.491,-0.003342
2017-09-13,1.495,0.002683
2017-09-14,1.495,0.0
2017-09-15,1.491,-0.002676
2017-09-18,1.501,0.006707
2017-09-19,1.491,-0.006662
2017-09-20,1.493,0.001341
2017-09-21,1.487,-0.004019
2017-09-22,1.489,0.001345
2017-09-25,1.489,0.0
2017-09-26,1.485,-0.002686
2017-09-27,1.495,0.006734
2017-09-28,1.501,0.004013
2017-09-29,1.518,0.011326
2017-10-09,1.534,0.01054
2017-10-10,1.546,0.007823
2017-10-11,1.55,0.002587
2017-10-12,1.559,0.005806
2017-10-13,1.571,0.007697
2017-10-16,1.553,-0.011458
2017-10-17,1.57,0.010947
2017-10-18,1.575,0.003185
2017-10-19,1.579,0.00254
2017-10-20,1.579,0.0
2017-10-23,1.61,0.019633
2017-10-24,1.613,0.001863
2017-10-25,1.623,0.0062
2017-10-26,1.611,-0.007394
2017-10-27,1.611,0.0
2017-10-30,1.606,-0.003104
2017-10-31,1.609,0.001868
2017-11-01,1.608,-0.000622
2017-11-02,1.598,-0.006219
2017-11-03,1.582,-0.010013
2017-11-06,1.625,0.027181
2017-11-07,1.633,0.004923
2017-11-08,1.627,-0.003674
2017-11-09,1.635,0.004917
2017-11-10,1.659,0.014679
2017-11-13,1.682,0.013864
2017-11-14,1.652,-0.017836
2017-11-15,1.626,-0.015738
2017-11-16,1.644,0.01107
2017-11-17,1.614,-0.018248
2017-11-20,1.636,0.013631
2017-11-21,1.642,0.003667
2017-11-22,1.635,-0.004263
2017-11-23,1.565,-0.042813
2017-11-24,1.56,-0.003195
2017-11-27,1.543,-0.010897
2017-11-28,1.553,0.006481
2017-11-29,1.544,-0.005795
2017-11-30,1.523,-0.013601
2017-12-01,1.537,0.009192
2017-12-04,1.546,0.005856
2017-12-05,1.531,-0.009702
2017-12-06,1.53,-0.000653
2017-12-07,1.512,-0.011765
2017-12-08,1.533,0.013889
2017-12-11,1.565,0.020874
2017-12-12,1.547,-0.011502
2017-12-13,1.553,0.003878
2017-12-14,1.552,-0.000644
2017-12-15,1.535,-0.010954
2017-12-18,1.521,-0.009121
2017-12-19,1.535,0.009204
2017-12-20,1.533,-0.001303
2017-12-21,1.541,0.005219
2017-12-22,1.543,0.001298
2017-12-25,1.524,-0.012314
2017-12-26,1.521,-0.001969
2017-12-27,1.493,-0.018409
2017-12-28,1.498,0.003349
2017-12-29,1.517,0.012684
2017-12-31,1.517,0.0
2018-01-02,1.532,0.009888
2018-01-03,1.553,0.013708
2018-01-04,1.555,0.001288
2018-01-05,1.543,-0.007717
2018-01-08,1.53,-0.008425
2018-01-09,1.537,0.004575
2018-01-10,1.523,-0.009109
2018-01-11,1.517,-0.00394
2018-01-12,1.511,-0.003955
2018-01-15,1.479,-0.021178
2018-01-16,1.49,0.007437
2018-01-17,1.473,-0.011409
2018-01-18,1.489,0.010862
2018-01-19,1.492,0.002015
2018-01-22,1.521,0.019437
2018-01-23,1.537,0.010519
2018-01-24,1.543,0.003904
2018-01-25,1.534,-0.005833
2018-01-26,1.537,0.001956
2018-01-29,1.497,-0.026025
2018-01-30,1.49,-0.004676
2018-01-31,1.481,-0.00604
2018-02-01,1.452,-0.019581
2018-02-02,1.457,0.003444
2018-02-05,1.441,-0.010981
2018-02-06,1.382,-0.040944
2018-02-07,1.362,-0.014472
2018-02-08,1.37,0.005874
2018-02-09,1.323,-0.034307
2018-02-12,1.363,0.030234
2018-02-13,1.368,0.003668
2018-02-14,1.372,0.002924
2018-02-22,1.401,0.021137
2018-02-23,1.394,-0.004996
2018-02-26,1.427,0.023673
2018-02-27,1.428,0.000701
2018-02-28,1.435,0.004902
2018-03-01,1.468,0.022997
2018-03-02,1.45,-0.012262
2018-03-05,1.474,0.016552
2018-03-06,1.495,0.014247
2018-03-07,1.501,0.004013
2018-03-08,1.495,-0.003997
2018-03-09,1.529,0.022742
2018-03-12,1.562,0.021583
2018-03-13,1.537,-0.016005
2018-03-14,1.523,-0.009109
2018-03-15,1.517,-0.00394
2018-03-16,1.5,-0.011206
2018-03-19,1.518,0.012
2018-03-20,1.518,0.0
2018-03-21,1.511,-0.004611
2018-03-22,1.501,-0.006618
2018-03-23,1.427,-0.0493
2018-03-26,1.477,0.035039
2018-03-27,1.526,0.033175
2018-03-28,1.512,-0.009174
2018-03-29,1.517,0.003307
2018-03-30,1.559,0.027686
2018-04-02,1.566,0.00449
2018-04-03,1.547,-0.012133
2018-04-04,1.521,-0.016807
2018-04-09,1.522,0.000657
2018-04-10,1.514,-0.005256
2018-04-11,1.527,0.008587
2018-04-12,1.514,-0.008513
2018-04-13,1.51,-0.002642
2018-04-16,1.51,0.0
2018-04-17,1.478,-0.021192
2018-04-18,1.521,0.029093
2018-04-19,1.535,0.009204
2018-04-20,1.509,-0.016938
2018-04-23,1.477,-0.021206
2018-04-24,1.529,0.035206
2018-04-25,1.525,-0.002616
2018-04-26,1.504,-0.01377
2018-04-27,1.502,-0.00133
2018-05-02,1.509,0.00466
2018-05-03,1.535,0.01723
2018-05-04,1.519,-0.010423
2018-05-07,1.565,0.030283
2018-05-08,1.571,0.003834
2018-05-09,1.562,-0.005729
2018-05-10,1.559,-0.001921
2018-05-11,1.537,-0.014112
2018-05-14,1.525,-0.007807
2018-05-15,1.551,0.017049
2018-05-16,1.533,-0.011605
2018-05-17,1.513,-0.013046
2018-05-18,1.51,-0.001983
2018-05-21,1.539,0.019205
2018-05-22,1.543,0.002599
2018-05-23,1.521,-0.014258
2018-05-24,1.514,-0.004602
2018-05-25,1.484,-0.019815
2018-05-28,1.476,-0.005391
2018-05-29,1.458,-0.012195
2018-05-30,1.413,-0.030864
2018-05-31,1.443,0.021231
2018-06-01,1.42,-0.015939
2018-06-04,1.418,-0.001408
2018-06-05,1.46,0.029619
2018-06-06,1.469,0.006164
2018-06-07,1.45,-0.012934
2018-06-08,1.44,-0.006897
2018-06-11,1.426,-0.009722
2018-06-12,1.448,0.015428
2018-06-13,1.434,-0.009669
2018-06-14,1.418,-0.011158
2018-06-15,1.383,-0.024683
2018-06-19,1.299,-0.060738
2018-06-20,1.321,0.016936
2018-06-21,1.297,-0.018168
2018-06-22,1.33,0.025443
2018-06-25,1.323,-0.005263
2018-06-26,1.335,0.00907
2018-06-27,1.32,-0.011236
2018-06-28,1.295,-0.018939
2018-06-29,1.34,0.034749
2018-06-30,1.34,0.0
2018-07-02,1.341,0.000746
2018-07-03,1.357,0.011931
2018-07-04,1.312,-0.033161
2018-07-05,1.291,-0.016006
2018-07-06,1.308,0.013168
2018-07-09,1.336,0.021407
2018-07-10,1.345,0.006737
2018-07-11,1.321,-0.017844
2018-07-12,1.357,0.027252
2018-07-13,1.367,0.007369
2018-07-16,1.366,-0.000732
2018-07-17,1.373,0.005124
2018-07-18,1.379,0.00437
2018-07-19,1.377,-0.00145
2018-07-20,1.408,0.022513
2018-07-23,1.408,0.0
2018-07-24,1.422,0.009943
2018-07-25,1.408,-0.009845
2018-07-26,1.383,-0.017756
2018-07-27,1.374,-0.006508
2018-07-30,1.356,-0.0131
2018-07-31,1.366,0.007375
2018-08-01,1.345,-0.015373
2018-08-02,1.325,-0.01487
2018-08-03,1.299,-0.019623
2018-08-06,1.275,-0.018476
2018-08-07,1.315,0.031373
2018-08-08,1.298,-0.012928
2018-08-09,1.336,0.029276
2018-08-10,1.342,0.004491
2018-08-13,1.37,0.020864
2018-08-14,1.363,-0.005109
2018-08-15,1.338,-0.018342
2018-08-16,1.331,-0.005232
2018-08-17,1.306,-0.018783
2018-08-20,1.312,0.004594
2018-08-21,1.329,0.012957
2018-08-22,1.319,-0.007524
2018-08-23,1.334,0.011372
2018-08-24,1.356,0.016492
2018-08-27,1.38,0.017699
2018-08-28,1.37,-0.007246
2018-08-29,1.368,-0.00146
2018-08-30,1.341,-0.019737
2018-08-31,1.33,-0.008203
2018-09-03,1.354,0.018045
2018-09-04,1.388,0.025111
2018-09-05,1.376,-0.008646
2018-09-06,1.362,-0.010174
2018-09-07,1.341,-0.015419
2018-09-10,1.31,-0.023117
2018-09-11,1.324,0.010687
2018-09-12,1.313,-0.008308
2018-09-13,1.341,0.021325
2018-09-14,1.316,-0.018643
2018-09-17,1.294,-0.016717
2018-09-18,1.327,0.025502
2018-09-19,1.339,0.009043
2018-09-20,1.318,-0.015683
2018-09-21,1.329,0.008346
2018-09-25,1.322,-0.005267
2018-09-26,1.323,0.000756
2018-09-27,1.305,-0.013605
2018-09-28,1.317,0.009195
2018-10-08,1.264,-0.040243
2018-10-09,1.247,-0.013449
2018-10-10,1.239,-0.006415
2018-10-11,1.16,-0.063761
2018-10-12,1.158,-0.001724
2018-10-15,1.155,-0.002591
2018-10-16,1.134,-0.018182
2018-10-17,1.145,0.0097
2018-10-18,1.13,-0.0131
2018-10-19,1.174,0.038938
2018-10-22,1.219,0.03833
2018-10-23,1.201,-0.014766
2018-10-24,1.195,-0.004996
2018-10-25,1.192,-0.00251
2018-10-26,1.176,-0.013423
2018-10-29,1.165,-0.009354
2018-10-30,1.178,0.011159
2018-10-31,1.196,0.01528
2018-11-01,1.204,0.006689
2018-11-02,1.253,0.040698
2018-11-05,1.266,0.010375
2018-11-06,1.263,-0.00237
2018-11-07,1.255,-0.006334
2018-11-08,1.238,-0.013546
2018-11-09,1.241,0.002423
2018-11-12,1.284,0.034649
2018-11-13,1.296,0.009346
2018-11-14,1.29,-0.00463
2018-11-15,1.304,0.010853
2018-11-16,1.316,0.009202
2018-11-19,1.315,-0.00076
2018-11-20,1.282,-0.025095
2018-11-21,1.287,0.0039
2018-11-22,1.29,0.002331
2018-11-23,1.251,-0.030233
2018-11-26,1.248,-0.002398
2018-11-27,1.257,0.007212
2018-11-28,1.29,0.026253
2018-11-29,1.266,-0.018605
2018-11-30,1.279,0.010269
2018-12-03,1.306,0.02111
2018-12-04,1.311,0.003828
2018-12-05,1.328,0.012967
2018-12-06,1.311,-0.012801
2018-12-07,1.315,0.003051
2018-12-10,1.303,-0.009125
2018-12-11,1.317,0.010744
2018-12-12,1.317,0.0
2018-12-13,1.323,0.004556
2018-12-14,1.298,-0.018896
2018-12-17,1.284,-0.010786
2018-12-18,1.289,0.003894
2018-12-19,1.259,-0.023274
2018-12-20,1.257,-0.001589
2018-12-21,1.255,-0.001591
2018-12-24,1.279,0.019124
2018-12-25,1.279,0.0
2018-12-26,1.274,-0.003909
2018-12-27,1.26,-0.010989
2018-12-28,1.254,-0.004762
2018-12-31,1.253,-0.000797
2019-01-02,1.25,-0.002394
2019-01-03,1.229,-0.0168
2019-01-04,1.254,0.020342
2019-01-07,1.282,0.022329
2019-01-08,1.28,-0.00156
2019-01-09,1.274,-0.004687
2019-01-10,1.289,0.011774
2019-01-11,1.292,0.002327
2019-01-14,1.285,-0.005418
2019-01-15,1.314,0.022568
2019-01-16,1.309,-0.003805
2019-01-17,1.292,-0.012987
2019-01-18,1.313,0.016254
2019-01-21,1.316,0.002285
2019-01-22,1.304,-0.009119
2019-01-23,1.315,0.008436
2019-01-24,1.342,0.020532
2019-01-25,1.353,0.008197
2019-01-28,1.354,0.000739
2019-01-29,1.34,-0.01034
2019-01-30,1.326,-0.010448
2019-01-31,1.315,-0.008296
2019-02-01,1.348,0.025095
2019-02-11,1.385,0.027448
2019-02-12,1.385,0.0
2019-02-13,1.405,0.01444
2019-02-14,1.416,0.007829
2019-02-15,1.408,-0.00565
2019-02-18,1.466,0.041193
2019-02-19,1.472,0.004093
2019-02-20,1.485,0.008832
2019-02-21,1.497,0.008081
2019-02-22,1.55,0.035404
2019-02-25,1.612,0.04
2019-02-26,1.602,-0.006203
2019-02-27,1.555,-0.029338
2019-02-28,1.568,0.00836
2019-03-01,1.588,0.012755
2019-03-04,1.618,0.018892
2019-03-05,1.655,0.022868
2019-03-06,1.68,0.015106
2019-03-07,1.71,0.017857
2019-03-08,1.687,-0.01345
2019-03-11,1.773,0.050978
2019-03-12,1.828,0.031021
2019-03-13,1.787,-0.022429
2019-03-14,1.748,-0.021824
2019-03-15,1.772,0.01373
2019-03-18,1.795,0.01298
2019-03-19,1.805,0.005571
2019-03-20,1.781,-0.013296
2019-03-21,1.791,0.005615
2019-03-22,1.778,-0.007259
2019-03-25,1.756,-0.012373
2019-03-26,1.729,-0.015376
2019-03-27,1.742,0.007519
2019-03-28,1.73,-0.006889
2019-03-29,1.779,0.028324
2019-04-01,1.877,0.055087
2019-04-02,1.886,0.004795
2019-04-03,1.891,0.002651
2019-04-04,1.892,0.000529
2019-04-08,1.844,-0.02537
2019-04-09,1.843,-0.000542
2019-04-10,1.844,0.000543
2019-04-11,1.819,-0.013557
2019-04-12,1.84,0.011545
2019-04-15,1.831,-0.004891
2019-04-16,1.861,0.016384
2019-04-17,1.883,0.011822
2019-04-18,1.884,0.000531
2019-04-19,1.915,0.016454
2019-04-22,1.915,0.0
2019-04-23,1.88,-0.018277
2019-04-24,1.91,0.015957
2019-04-25,1.853,-0.029843
2019-04-26,1.848,-0.002698
2019-04-29,1.791,-0.030844
2019-04-30,1.814,0.012842
2019-05-06,1.695,-0.065601
2019-05-07,1.705,0.0059
2019-05-08,1.688,-0.009971
2019-05-09,1.679,-0.005332
2019-05-10,1.752,0.043478
2019-05-13,1.722,-0.017123
2019-05-14,1.72,-0.001161
2019-05-15,1.766,0.026744
2019-05-16,1.759,-0.003964
2019-05-17,1.715,-0.025014
2019-05-20,1.7,-0.008746
2019-05-21,1.722,0.012941
2019-05-22,1.728,0.003484
2019-05-23,1.691,-0.021412
2019-05-24,1.658,-0.019515
2019-05-27,1.719,0.036791
2019-05-28,1.713,-0.00349
2019-05-29,1.711,-0.001168
2019-05-30,1.693,-0.01052
2019-05-31,1.706,0.007679
2019-06-03,1.677,-0.016999
2019-06-04,1.656,-0.012522
2019-06-05,1.639,-0.010266
2019-06-06,1.603,-0.021965
2019-06-10,1.628,0.015596
2019-06-11,1.698,0.042998
2019-06-12,1.67,-0.01649
2019-06-13,1.673,0.001796
2019-06-14,1.636,-0.022116
2019-06-17,1.619,-0.010391
2019-06-18,1.628,0.005559
2019-06-19,1.662,0.020885
2019-06-20,1.695,0.019856
2019-06-21,1.725,0.017699
2019-06-24,1.731,0.003478
2019-06-25,1.703,-0.016176
2019-06-26,1.696,-0.00411
2019-06-27,1.725,0.017099
2019-06-28,1.71,-0.008696
2019-06-30,1.71,0.0
2019-07-01,1.767,0.033333
2019-07-02,1.759,-0.004527
2019-07-03,1.731,-0.015918
2019-07-04,1.721,-0.005777
2019-07-05,1.73,0.00523
2019-07-08,1.674,-0.03237
2019-07-09,1.678,0.002389
2019-07-10,1.678,0.0
2019-07-11,1.657,-0.012515
2019-07-12,1.672,0.009053
2019-07-15,1.705,0.019737
2019-07-16,1.701,-0.002346
2019-07-17,1.702,0.000588
2019-07-18,1.676,-0.015276
2019-07-19,1.687,0.006563
2019-07-22,1.673,-0.008299
2019-07-23,1.704,0.01853
2019-07-24,1.721,0.009977
2019-07-25,1.734,0.007554
2019-07-26,1.733,-0.000577
2019-07-29,1.742,0.005193
2019-07-30,1.734,-0.004592
2019-07-31,1.733,-0.000577
2019-08-01,1.737,0.002308
2019-08-02,1.726,-0.006333
2019-08-05,1.706,-0.011587
2019-08-06,1.675,-0.018171
2019-08-07,1.644,-0.018507
2019-08-08,1.657,0.007908
2019-08-09,1.651,-0.003621
2019-08-12,1.69,0.023622
2019-08-13,1.681,-0.005325
2019-08-14,1.683,0.00119
2019-08-15,1.711,0.016637
2019-08-16,1.713,0.001169
2019-08-19,1.774,0.03561
2019-08-20,1.765,-0.005073
2019-08-21,1.806,0.023229
2019-08-22,1.812,0.003322
2019-08-23,1.796,-0.00883
2019-08-26,1.778,-0.010022
2019-08-27,1.807,0.01631
2019-08-28,1.801,-0.00332
2019-08-29,1.825,0.013326
2019-08-30,1.805,-0.010959
2019-09-02,1.88,0.041551
2019-09-03,1.9,0.010638
2019-09-04,1.897,-0.001579
2019-09-05,1.921,0.012652
2019-09-06,1.905,-0.008329
2019-09-09,1.966,0.032021
2019-09-10,1.953,-0.006612
2019-09-11,1.965,0.006144
2019-09-12,1.974,0.00458
2019-09-16,1.995,0.010638
2019-09-17,1.93,-0.032581
2019-09-18,1.914,-0.00829
2019-09-19,1.95,0.018809
2019-09-20,1.954,0.002051
2019-09-23,1.948,-0.003071
2019-09-24,1.953,0.002567
2019-09-25,1.904,-0.02509
2019-09-26,1.848,-0.029412
2019-09-27,1.873,0.013528
2019-09-30,1.861,-0.006407
2019-10-08,1.844,-0.009135
2019-10-09,1.866,0.011931
2019-10-10,1.925,0.031618
2019-10-11,1.916,-0.004675
2019-10-14,1.959,0.022443
2019-10-15,1.912,-0.023992
2019-10-16,1.903,-0.004707
2019-10-17,1.904,0.000525
2019-10-18,1.884,-0.010504
2019-10-21,1.873,-0.005839
2019-10-22,1.914,0.02189
2019-10-23,1.898,-0.008359
2019-10-24,1.882,-0.00843
2019-10-25,1.899,0.009033
2019-10-28,1.947,0.025276
2019-10-29,1.903,-0.022599
2019-10-30,1.887,-0.008408
2019-10-31,1.872,-0.007949
2019-11-01,1.877,0.002671
2019-11-04,1.893,0.008524
2019-11-05,1.899,0.00317
2019-11-06,1.881,-0.009479
2019-11-07,1.898,0.009038
2019-11-08,1.908,0.005269
2019-11-11,1.873,-0.018344
2019-11-12,1.852,-0.011212
2019-11-13,1.866,0.007559
2019-11-14,1.88,0.007503
2019-11-15,1.886,0.003191
2019-11-18,1.89,0.002121
2019-11-19,1.938,0.025397
2019-11-20,1.924,-0.007224
2019-11-21,1.927,0.001559
2019-11-22,1.883,-0.022833
2019-11-25,1.851,-0.016994
2019-11-26,1.865,0.007563
2019-11-27,1.866,0.000536
2019-11-28,1.87,0.002144
2019-11-29,1.879,0.004813
2019-12-02,1.91,0.016498
2019-12-03,1.933,0.012042
2019-12-04,1.942,0.004656
2019-12-05,1.98,0.019567
2019-12-06,1.983,0.001515
2019-12-09,2.007,0.012103
2019-12-10,2.027,0.009965
2019-12-11,2.002,-0.012333
2019-12-12,2.018,0.007992
2019-12-13,2.053,0.017344
2019-12-16,2.146,0.0453
2019-12-17,2.161,0.00699
2019-12-18,2.137,-0.011106
2019-12-19,2.136,-0.000468
2019-12-20,2.081,-0.025749
2019-12-23,2.01,-0.034118
2019-12-24,2.042,0.01592
2019-12-25,2.062,0.009794
2019-12-26,2.059,-0.001455
2019-12-27,2.019,-0.019427
2019-12-30,2.035,0.007925
2019-12-31,2.03,-0.002457
2020-01-02,2.088,0.028571
2020-01-03,2.103,0.007184
2020-01-06,2.123,0.00951
2020-01-07,2.154,0.014602
2020-01-08,2.14,-0.0065
2020-01-09,2.225,0.03972
2020-01-10,2.198,-0.012135
2020-01-13,2.23,0.014559
2020-01-14,2.234,0.001794
2020-01-15,2.269,0.015667
2020-01-16,2.272,0.001322
2020-01-17,2.276,0.001761
2020-01-20,2.326,0.021968
2020-01-21,2.308,-0.007739
2020-01-22,2.351,0.018631
2020-01-23,2.243,-0.045938
2020-02-03,2.047,-0.087383
2020-02-04,2.092,0.021983
2020-02-05,2.123,0.014818
2020-02-06,2.195,0.033914
2020-02-07,2.277,0.037358
2020-02-10,2.282,0.002196
2020-02-11,2.258,-0.010517
2020-02-12,2.361,0.045616
2020-02-13,2.369,0.003388
2020-02-14,2.378,0.003799
2020-02-17,2.488,0.046257
2020-02-18,2.575,0.034968
2020-02-19,2.555,-0.007767
2020-02-20,2.603,0.018787
2020-02-21,2.669,0.025355
2020-02-24,2.727,0.021731
2020-02-25,2.729,0.000733
2020-02-26,2.589,-0.051301
2020-02-27,2.603,0.005407
2020-02-28,2.415,-0.072224
2020-03-02,2.492,0.031884
2020-03-03,2.51,0.007223
2020-03-04,2.492,-0.007171
2020-03-05,2.509,0.006822
2020-03-06,2.469,-0.015943
2020-03-09,2.307,-0.065614
2020-03-10,2.4,0.040312
2020-03-11,2.382,-0.0075
2020-03-12,2.349,-0.013854
2020-03-13,2.375,0.011069
2020-03-16,2.242,-0.056
2020-03-17,2.267,0.011151
2020-03-18,2.253,-0.006176
2020-03-19,2.298,0.019973
2020-03-20,2.269,-0.01262
2020-03-23,2.118,-0.066549
2020-03-24,2.16,0.01983
2020-03-25,2.208,0.022222
2020-03-26,2.165,-0.019475
2020-03-27,2.14,-0.011547
2020-03-30,2.049,-0.042523
2020-03-31,2.024,-0.012201
2020-04-01,2.034,0.004941
2020-04-02,2.124,0.044248
2020-04-03,2.091,-0.015537
2020-04-07,2.167,0.036346
2020-04-08,2.172,0.002307
2020-04-09,2.177,0.002302
2020-04-10,2.095,-0.037667
2020-04-13,2.051,-0.021002
2020-04-14,2.1,0.023891
2020-04-15,2.102,0.000952
2020-04-16,2.134,0.015224
2020-04-17,2.175,0.019213
2020-04-20,2.218,0.01977
2020-04-21,2.225,0.003156
2020-04-22,2.225,0.0
2020-04-23,2.195,-0.013483
2020-04-24,2.135,-0.027335
2020-04-27,2.118,-0.007963
2020-04-28,2.106,-0.005666
2020-04-29,2.107,0.000475
2020-04-30,2.213,0.050308
2020-05-06,2.269,0.025305
2020-05-07,2.286,0.007492
2020-05-08,2.327,0.017935
2020-05-11,2.291,-0.015471
2020-05-12,2.313,0.009603
2020-05-13,2.314,0.000432
2020-05-14,2.271,-0.018583
2020-05-15,2.293,0.009687
2020-05-18,2.252,-0.017881
2020-05-19,2.297,0.019982
2020-05-20,2.259,-0.016543
2020-05-21,2.187,-0.031873
2020-05-22,2.123,-0.029264
2020-05-25,2.103,-0.009421
2020-05-26,2.151,0.022825
2020-05-27,2.113,-0.017666
2020-05-28,2.103,-0.004733
2020-05-29,2.123,0.00951
2020-06-01,2.214,0.042864
2020-06-02,2.208,-0.00271
2020-06-03,2.218,0.004529
2020-06-04,2.205,-0.005861
2020-06-05,2.203,-0.000907
2020-06-08,2.211,0.003631
2020-06-09,2.207,-0.001809
2020-06-10,2.201,-0.002719
2020-06-11,2.223,0.009995
2020-06-12,2.211,-0.005398
2020-06-15,2.194,-0.007689
2020-06-16,2.245,0.023245
2020-06-17,2.226,-0.008463
2020-06-18,2.225,-0.000449
2020-06-19,2.248,0.010337
2020-06-22,2.307,0.026246
2020-06-23,2.339,0.013871
2020-06-24,2.377,0.016246
2020-06-29,2.374,-0.001262
2020-06-30,2.409,0.014743
2020-07-01,2.416,0.002906
2020-07-02,2.437,0.008692
2020-07-03,2.471,0.013952
2020-07-06,2.563,0.037232
2020-07-07,2.623,0.02341
2020-07-08,2.7,0.029356
2020-07-09,2.819,0.044074
2020-07-10,2.761,-0.020575
2020-07-13,2.828,0.024267
2020-07-14,2.786,-0.014851
2020-07-15,2.724,-0.022254
2020-07-16,2.616,-0.039648
2020-07-17,2.606,-0.003823
2020-07-20,2.697,0.034919
2020-07-21,2.721,0.008899
2020-07-22,2.724,0.001103
2020-07-23,2.762,0.01395
2020-07-24,2.638,-0.044895
2020-07-27,2.684,0.017437
2020-07-28,2.674,-0.003726
2020-07-29,2.765,0.034031
2020-07-30,2.802,0.013382
2020-07-31,2.83,0.009993
2020-08-03,2.88,0.017668
2020-08-04,2.827,-0.018403
2020-08-05,2.842,0.005306
2020-08-06,2.831,-0.003871
2020-08-07,2.842,0.003886
2020-08-10,2.918,0.026742
2020-08-11,2.841,-0.026388
2020-08-12,2.736,-0.036959
2020-08-13,2.739,0.001096
2020-08-14,2.774,0.012778
2020-08-17,2.814,0.01442
2020-08-18,2.819,0.001777
2020-08-19,2.733,-0.030507
2020-08-20,2.69,-0.015734
2020-08-21,2.708,0.006691
2020-08-24,2.781,0.026957
2020-08-25,2.741,-0.014383
2020-08-26,2.651,-0.032835
2020-08-27,2.718,0.025273
2020-08-28,2.769,0.018764
2020-08-31,2.77,0.000361
2020-09-01,2.807,0.013357
2020-09-02,2.841,0.012113
2020-09-03,2.839,-0.000704
2020-09-04,2.854,0.005284
2020-09-07,2.794,-0.021023
2020-09-08,2.777,-0.006084
2020-09-09,2.67,-0.038531
2020-09-10,2.584,-0.03221
2020-09-11,2.716,0.051084
2020-09-14,2.773,0.020987
2020-09-15,2.774,0.000361
2020-09-16,2.79,0.005768
2020-09-17,2.841,0.01828
2020-09-18,2.838,-0.001056
2020-09-21,2.826,-0.004228
2020-09-22,2.783,-0.015216
2020-09-23,2.872,0.03198
2020-09-24,2.753,-0.041435
2020-09-25,2.747,-0.002179
2020-09-28,2.771,0.008737
2020-09-29,2.803,0.011548
2020-09-30,2.808,0.001784
2020-10-09,2.98,0.061254
2020-10-12,3.075,0.031879
2020-10-13,3.083,0.002602
2020-10-14,3.062,-0.006812
2020-10-15,2.988,-0.024167
2020-10-16,2.982,-0.002008
2020-10-19,2.92,-0.020791
2020-10-20,2.973,0.018151
2020-10-21,2.916,-0.019173
2020-10-22,2.896,-0.006859
2020-10-23,2.825,-0.024517
2020-10-26,2.864,0.013805
2020-10-27,2.888,0.00838
2020-10-28,2.893,0.001731
2020-10-29,2.907,0.004839
2020-10-30,2.909,0.000688
2020-11-02,2.985,0.026126
2020-11-03,3.02,0.011725
2020-11-04,3.018,-0.000662
2020-11-05,3.13,0.037111
2020-11-06,3.065,-0.020767
2020-11-09,3.083,0.005873
2020-11-10,3.148,0.021083
2020-11-11,3.114,-0.010801
2020-11-12,3.179,0.020873
2020-11-13,3.129,-0.015728
2020-11-16,3.162,0.010547
2020-11-17,3.097,-0.020557
2020-11-18,3.054,-0.013884
2020-11-19,3.074,0.006549
2020-11-20,3.116,0.013663
2020-11-23,3.169,0.017009
2020-11-24,3.16,-0.00284
2020-11-25,3.098,-0.01962
2020-11-26,3.083,-0.004842
2020-11-27,3.084,0.000324
2020-11-30,3.033,-0.016537
2020-12-01,3.093,0.019782
2020-12-02,3.093,0.0
2020-12-03,3.084,-0.00291
2020-12-04,3.072,-0.003891
2020-12-07,3.07,-0.000651
2020-12-08,3.067,-0.000977
2020-12-09,3.012,-0.017933
2020-12-10,3.053,0.013612
2020-12-11,3.001,-0.017032
2020-12-14,3.047,0.015328
2020-12-15,3.09,0.014112
2020-12-16,3.097,0.002265
2020-12-17,3.083,-0.004521
2020-12-18,3.113,0.009731
2020-12-21,3.224,0.035657
2020-12-22,3.141,-0.025744
2020-12-23,3.214,0.023241
2020-12-24,3.174,-0.012446
2020-12-25,3.253,0.02489
2020-12-28,3.236,-0.005226
2020-12-29,3.136,-0.030902
2020-12-30,3.154,0.00574
2020-12-31,3.228,0.023462
2021-01-04,3.392,0.050805
2021-01-05,3.436,0.012972
2021-01-06,3.427,-0.002619
2021-01-07,3.462,0.010213
2021-01-08,3.45,-0.003466
2021-01-11,3.396,-0.015652
2021-01-12,3.465,0.020318
2021-01-13,3.449,-0.004618
2021-01-14,3.396,-0.015367
2021-01-15,3.382,-0.004122
2021-01-18,3.436,0.015967
2021-01-19,3.399,-0.010768
2021-01-20,3.448,0.014416
2021-01-21,3.501,0.015371
2021-01-22,3.544,0.012282
2021-01-25,3.529,-0.004233
2021-01-26,3.473,-0.015869
2021-01-27,3.538,0.018716
2021-01-28,3.421,-0.03307
2021-01-29,3.389,-0.009354
2021-02-01,3.454,0.01918
2021-02-02,3.505,0.014765
2021-02-03,3.488,-0.00485
2021-02-04,3.473,-0.0043
2021-02-05,3.392,-0.023323
2021-02-08,3.47,0.022995
2021-02-09,3.593,0.035447
2021-02-10,3.679,0.023935
2021-02-18,3.737,0.015765
2021-02-19,3.694,-0.011507
2021-02-22,3.66,-0.009204
2021-02-23,3.671,0.003005
2021-02-24,3.549,-0.033233
2021-02-25,3.54,-0.002536
2021-02-26,3.436,-0.029379
2021-03-01,3.543,0.031141
2021-03-02,3.512,-0.00875
2021-03-03,3.514,0.000569
2021-03-04,3.389,-0.035572
2021-03-05,3.364,-0.007377
2021-03-08,3.269,-0.02824
2021-03-09,3.178,-0.027837
2021-03-10,3.164,-0.004405
2021-03-11,3.248,0.026549
2021-03-12,3.26,0.003695
2021-03-15,3.19,-0.021472
2021-03-16,3.208,0.005643
2021-03-17,3.221,0.004052
2021-03-18,3.281,0.018628
2021-03-19,3.184,-0.029564
2021-03-22,3.211,0.00848
2021-03-23,3.136,-0.023357
2021-03-24,3.032,-0.033163
2021-03-25,3.054,0.007256
2021-03-26,3.126,0.023576
2021-03-29,3.149,0.007358
2021-03-30,3.17,0.006669
2021-03-31,3.158,-0.003785
2021-04-01,3.2,0.0133
2021-04-02,3.22,0.00625
2021-04-06,3.24,0.006211
2021-04-07,3.211,-0.008951
2021-04-08,3.194,-0.005294
2021-04-09,3.161,-0.010332
2021-04-12,3.063,-0.031003
2021-04-13,3.061,-0.000653
2021-04-14,3.102,0.013394
2021-04-15,3.103,0.000322
2021-04-16,3.101,-0.000645
2021-04-19,3.174,0.023541
2021-04-20,3.194,0.006301
2021-04-21,3.198,0.001252
2021-04-22,3.203,0.001563
2021-04-23,3.214,0.003434
2021-04-26,3.207,-0.002178
2021-04-27,3.225,0.005613
2021-04-28,3.265,0.012403
2021-04-29,3.251,-0.004288
2021-04-30,3.295,0.013534
2021-05-06,3.271,-0.007284
2021-05-07,3.225,-0.014063
2021-05-10,3.234,0.002791
2021-05-11,3.208,-0.00804
2021-05-12,3.239,0.009663
2021-05-13,3.184,-0.016981
2021-05-14,3.212,0.008794
2021-05-17,3.274,0.019303
2021-05-18,3.302,0.008552
2021-05-19,3.315,0.003937
2021-05-20,3.305,-0.003017
2021-05-21,3.315,0.003026
2021-05-24,3.315,0.0
2021-05-25,3.375,0.0181
2021-05-26,3.389,0.004148
2021-05-27,3.428,0.011508
2021-05-28,3.443,0.004376
2021-05-31,3.505,0.018008
2021-06-01,3.521,0.004565
2021-06-02,3.503,-0.005112
2021-06-03,3.446,-0.016272
2021-06-04,3.449,0.000871
2021-06-07,3.476,0.007828
2021-06-08,3.457,-0.005466
2021-06-09,3.474,0.004918
2021-06-10,3.53,0.01612
2021-06-11,3.551,0.005949
2021-06-15,3.512,-0.010983
2021-06-16,3.42,-0.026196
2021-06-17,3.48,0.017544
2021-06-18,3.53,0.014368
2021-06-21,3.604,0.020963
2021-06-22,3.625,0.005827
2021-06-23,3.675,0.013793
2021-06-24,3.658,-0.004626
2021-06-25,3.695,0.010115
2021-06-28,3.719,0.006495
2021-06-29,3.724,0.001344
2021-06-30,3.767,0.011547
2021-07-01,3.717,-0.013273
2021-07-02,3.672,-0.012107
2021-07-05,3.687,0.004085
2021-07-06,3.64,-0.012747
2021-07-07,3.75,0.03022
2021-07-08,3.793,0.011467
2021-07-09,3.829,0.009491
2021-07-12,3.898,0.01802
2021-07-13,3.924,0.00667
2021-07-14,3.879,-0.011468
2021-07-15,3.929,0.01289
2021-07-16,3.905,-0.006108
2021-07-19,3.908,0.000768
2021-07-20,3.898,-0.002559
2021-07-21,4.015,0.030015
2021-07-22,4.058,0.01071
2021-07-23,4.025,-0.008132
2021-07-26,4.001,-0.005963
2021-07-27,3.839,-0.04049
2021-07-28,3.774,-0.016931
2021-07-29,3.941,0.04425
2021-07-30,3.91,-0.007866
2021-08-02,4.035,0.031969
2021-08-03,3.937,-0.024287
2021-08-04,4.113,0.044704
2021-08-05,4.133,0.004863
2021-08-06,4.145,0.002903
2021-08-09,4.122,-0.005549
2021-08-10,4.147,0.006065
2021-08-11,4.09,-0.013745
2021-08-12,4.129,0.009535
2021-08-13,4.098,-0.007508
2021-08-16,4.042,-0.013665
2021-08-17,3.942,-0.02474
2021-08-18,3.948,0.001522
2021-08-19,3.983,0.008865
2021-08-20,3.927,-0.01406
2021-08-23,4.056,0.03285
2021-08-24,4.101,0.011095
2021-08-25,4.154,0.012924
2021-08-26,4.101,-0.012759
2021-08-27,4.142,0.009998
2021-08-30,4.27,0.030903
2021-08-31,4.264,-0.001405
2021-09-01,4.114,-0.035178
2021-09-02,4.202,0.02139
2021-09-03,4.101,-0.024036
2021-09-06,4.103,0.000488
2021-09-07,4.164,0.014867
2021-09-08,4.122,-0.010086
2021-09-09,4.169,0.011402
2021-09-10,4.169,0.0
2021-09-13,4.146,-0.005517
2021-09-14,4.089,-0.013748
2021-09-15,4.115,0.006359
2021-09-16,3.99,-0.030377
2021-09-17,3.965,-0.006266
2021-09-22,3.981,0.004035
2021-09-23,4.043,0.015574
2021-09-24,4.042,-0.000247
2021-09-27,3.917,-0.030925
2021-09-28,3.882,-0.008935
2021-09-29,3.786,-0.02473
2021-09-30,3.891,0.027734
2021-10-08,3.872,-0.004883
2021-10-11,3.909,0.009556
2021-10-12,3.809,-0.025582
2021-10-13,3.876,0.01759
2021-10-14,3.867,-0.002322
2021-10-15,3.925,0.014999
2021-10-18,3.974,0.012484
2021-10-19,3.949,-0.006291
2021-10-20,3.99,0.010382
2021-10-21,4.0,0.002506
2021-10-22,3.951,-0.01225
2021-10-25,4.029,0.019742
2021-10-26,4.016,-0.003227
2021-10-27,4.024,0.001992
2021-10-28,3.988,-0.008946
2021-10-29,4.115,0.031846
2021-11-01,4.156,0.009964
2021-11-02,4.154,-0.000481
2021-11-03,4.155,0.000241
2021-11-04,4.229,0.01781
2021-11-05,4.147,-0.01939
2021-11-08,4.143,-0.000965
2021-11-09,4.218,0.018103
2021-11-10,4.204,-0.003319
2021-11-11,4.217,0.003092
2021-11-12,4.252,0.0083
2021-11-15,4.208,-0.010348
2021-11-16,4.139,-0.016397
2021-11-17,4.197,0.014013
2021-11-18,4.195,-0.000477
2021-11-19,4.274,0.018832
2021-11-22,4.344,0.016378
2021-11-23,4.342,-0.00046
2021-11-24,4.358,0.003685
2021-11-25,4.338,-0.004589
2021-11-26,4.342,0.000922
2021-11-29,4.417,0.017273
2021-11-30,4.427,0.002264
2021-12-01,4.34,-0.019652
2021-12-02,4.284,-0.012903
2021-12-03,4.26,-0.005602
2021-12-06,4.224,-0.008451
2021-12-07,4.137,-0.020597
2021-12-08,4.23,0.02248
2021-12-09,4.244,0.00331
2021-12-10,4.255,0.002592
2021-12-13,4.255,0.0
2021-12-14,4.231,-0.00564
2021-12-15,4.202,-0.006854
2021-12-16,4.212,0.00238
2021-12-17,4.125,-0.020655
2021-12-20,4.089,-0.008727
2021-12-21,4.148,0.014429
2021-12-22,4.202,0.013018
2021-12-23,4.242,0.009519
2021-12-24,4.157,-0.020038
2021-12-27,4.181,0.005773
2021-12-28,4.199,0.004305
2021-12-29,4.168,-0.007383
2021-12-30,4.206,0.009117
2021-12-31,4.312,0.025202
2022-01-04,4.229,-0.019249
2022-01-05,4.126,-0.024356
2022-01-06,4.127,0.000242
2022-01-07,4.051,-0.018415
2022-01-10,4.083,0.007899
2022-01-11,3.996,-0.021308
2022-01-12,4.086,0.022523
2022-01-13,3.979,-0.026187
2022-01-14,4.059,0.020106
2022-01-17,4.072,0.003203
2022-01-18,4.052,-0.004912
2022-01-19,3.996,-0.01382
2022-01-20,3.974,-0.005506
2022-01-21,3.881,-0.023402
2022-01-24,3.876,-0.001288
2022-01-25,3.759,-0.030186
2022-01-26,3.819,0.015962
2022-01-27,3.73,-0.023305
2022-01-28,3.739,0.002413
2022-02-07,3.786,0.01257
2022-02-08,3.769,-0.00449
2022-02-09,3.793,0.006368
2022-02-10,3.799,0.001582
2022-02-11,3.735,-0.016847
2022-02-14,3.651,-0.02249
2022-02-15,3.665,0.003835
2022-02-16,3.638,-0.007367
2022-02-17,3.653,0.004123
2022-02-18,3.641,-0.003285
2022-02-21,3.64,-0.000275
2022-02-22,3.623,-0.00467
2022-02-23,3.669,0.012697
2022-02-24,3.626,-0.01172
2022-02-25,3.687,0.016823
2022-02-28,3.718,0.008408
2022-03-01,3.747,0.0078
2022-03-02,3.73,-0.004537
2022-03-03,3.612,-0.031635
2022-03-04,3.567,-0.012458
2022-03-07,3.483,-0.023549
2022-03-08,3.429,-0.015504
2022-03-09,3.43,0.000292
2022-03-10,3.498,0.019825
2022-03-11,3.499,0.000286
2022-03-14,3.364,-0.038582
2022-03-15,3.254,-0.032699
2022-03-16,3.368,0.035034
2022-03-17,3.406,0.011283
2022-03-18,3.432,0.007634
2022-03-21,3.49,0.0169
2022-03-22,3.469,-0.006017
2022-03-23,3.47,0.000288
2022-03-24,3.421,-0.014121
2022-03-25,3.371,-0.014616
2022-03-28,3.363,-0.002373
2022-03-29,3.394,0.009218
2022-03-30,3.465,0.020919
2022-03-31,3.397,-0.019625
2022-04-01,3.436,0.011481
2022-04-06,3.386,-0.014552
2022-04-07,3.295,-0.026875
2022-04-08,3.307,0.003642
2022-04-11,3.23,-0.023284
2022-04-12,3.239,0.002786
2022-04-13,3.187,-0.016054
2022-04-14,3.245,0.018199
2022-04-15,3.206,-0.012018
2022-04-18,3.304,0.030568
2022-04-19,3.33,0.007869
2022-04-20,3.245,-0.025526
2022-04-21,3.121,-0.038213
2022-04-22,3.06,-0.019545
2022-04-25,2.88,-0.058824
2022-04-26,2.82,-0.020833
2022-04-27,2.961,0.05
2022-04-28,2.945,-0.005404
2022-04-29,3.014,0.02343
2022-05-05,3.064,0.016589
2022-05-06,3.033,-0.010117
2022-05-09,3.065,0.010551
2022-05-10,3.119,0.017618
2022-05-11,3.131,0.003847
2022-05-12,3.135,0.001278
2022-05-13,3.144,0.002871
2022-05-16,3.15,0.001908
2022-05-17,3.198,0.015238
2022-05-18,3.215,0.005316
2022-05-19,3.263,0.01493
2022-05-20,3.282,0.005823
2022-05-23,3.309,0.008227
2022-05-24,3.199,-0.033243
2022-05-25,3.236,0.011566
2022-05-26,3.237,0.000309
2022-05-27,3.223,-0.004325
2022-05-30,3.243,0.006205
2022-05-31,3.298,0.01696
2022-06-01,3.322,0.007277
2022-06-02,3.402,0.024082
2022-06-06,3.498,0.028219
2022-06-07,3.497,-0.000286
2022-06-08,3.506,0.002574
2022-06-09,3.457,-0.013976
2022-06-10,3.542,0.024588
2022-06-13,3.588,0.012987
2022-06-14,3.558,-0.008361
2022-06-15,3.516,-0.011804
2022-06-16,3.563,0.013367
2022-06-17,3.648,0.023856
2022-06-20,3.698,0.013706
2022-06-21,3.638,-0.016225
2022-06-22,3.676,0.010445
2022-06-23,3.774,0.026659
2022-06-24,3.811,0.009804
2022-06-27,3.849,0.009971
2022-06-28,3.905,0.014549
2022-06-29,3.78,-0.03201
2022-06-30,3.897,0.030952
2022-07-01,3.902,0.001283
2022-07-04,3.977,0.019221
2022-07-05,3.976,-0.000251
2022-07-06,3.959,-0.004276
2022-07-07,4.076,0.029553
2022-07-08,3.987,-0.021835
2022-07-11,3.915,-0.018059
2022-07-12,3.839,-0.019413
2022-07-13,3.886,0.012243
2022-07-14,4.019,0.034225
2022-07-15,4.002,-0.00423
2022-07-18,4.005,0.00075
2022-07-19,3.969,-0.008989
2022-07-20,4.03,0.015369
2022-07-21,3.999,-0.007692
2022-07-22,4.031,0.008002
2022-07-25,3.965,-0.016373
2022-07-26,4.018,0.013367
2022-07-27,4.119,0.025137
2022-07-28,4.124,0.001214
2022-07-29,4.121,-0.000727
2022-08-01,4.19,0.016744
2022-08-02,4.126,-0.015274
2022-08-03,4.016,-0.02666
2022-08-04,3.961,-0.013695
2022-08-05,4.013,0.013128
2022-08-08,4.088,0.018689
2022-08-09,4.158,0.017123
2022-08-10,4.199,0.009861
2022-08-11,4.222,0.005477
2022-08-12,4.12,-0.024159
2022-08-15,4.237,0.028398
2022-08-16,4.322,0.020061
2022-08-17,4.339,0.003933
2022-08-18,4.439,0.023047
2022-08-19,4.314,-0.028159
2022-08-22,4.387,0.016922
2022-08-23,4.444,0.012993
2022-08-24,4.29,-0.034653
2022-08-25,4.255,-0.008159
2022-08-26,4.152,-0.024207
2022-08-29,4.188,0.008671
2022-08-30,4.131,-0.01361
2022-08-31,3.893,-0.057613
2022-09-01,3.861,-0.00822
2022-09-02,3.879,0.004662
2022-09-05,3.94,0.015726
2022-09-06,4.039,0.025127
2022-09-07,4.047,0.001981
2022-09-08,4.045,-0.000494
2022-09-09,3.99,-0.013597
2022-09-13,4.004,0.003509
2022-09-14,4.003,-0.00025
2022-09-15,3.8,-0.050712
2022-09-16,3.775,-0.006579
2022-09-19,3.736,-0.010331
2022-09-20,3.787,0.013651
2022-09-21,3.786,-0.000264
2022-09-22,3.834,0.012678
2022-09-23,3.745,-0.023213
2022-09-26,3.771,0.006943
2022-09-27,3.804,0.008751
2022-09-28,3.682,-0.032072
2022-09-29,3.699,0.004617
2022-09-30,3.61,-0.024061
2022-10-10,3.527,-0.022992
2022-10-11,3.566,0.011058
2022-10-12,3.684,0.03309
2022-10-13,3.707,0.006243
2022-10-14,3.832,0.03372
2022-10-17,3.846,0.003653
2022-10-18,3.855,0.00234
2022-10-19,3.852,-0.000778
2022-10-20,3.793,-0.015317
2022-10-21,3.839,0.012128
2022-10-24,3.797,-0.01094
2022-10-25,3.848,0.013432
2022-10-26,3.88,0.008316
2022-10-27,3.815,-0.016753
2022-10-28,3.704,-0.029096
2022-10-31,3.681,-0.00621
2022-11-01,3.744,0.017115
2022-11-02,3.808,0.017094
2022-11-03,3.835,0.00709
2022-11-04,3.957,0.031812
2022-11-07,3.924,-0.00834
2022-11-08,3.863,-0.015545
2022-11-09,3.791,-0.018638
2022-11-10,3.707,-0.022158
2022-11-11,3.735,0.007553
2022-11-14,3.656,-0.021151
2022-11-15,3.745,0.024344
2022-11-16,3.716,-0.007744
2022-11-17,3.717,0.000269
2022-11-18,3.676,-0.01103
2022-11-21,3.692,0.004353
2022-11-22,3.651,-0.011105
2022-11-23,3.68,0.007943
2022-11-24,3.678,-0.000543
2022-11-25,3.62,-0.015769
2022-11-28,3.591,-0.008011
2022-11-29,3.578,-0.00362
2022-11-30,3.54,-0.01062
2022-12-01,3.578,0.010734
2022-12-02,3.571,-0.001956
2022-12-05,3.553,-0.005041
2022-12-06,3.544,-0.002533
2022-12-07,3.516,-0.007901
2022-12-08,3.509,-0.001991
2022-12-09,3.559,0.014249
2022-12-12,3.524,-0.009834
2022-12-13,3.497,-0.007662
2022-12-14,3.5,0.000858
2022-12-15,3.478,-0.006286
2022-12-16,3.441,-0.010638
2022-12-19,3.41,-0.009009
2022-12-20,3.372,-0.011144
2022-12-21,3.35,-0.006524
2022-12-22,3.309,-0.012239
2022-12-23,3.267,-0.012693
2022-12-26,3.311,0.013468
2022-12-27,3.349,0.011477
2022-12-28,3.325,-0.007166
2022-12-29,3.322,-0.000902
2022-12-30,3.329,0.002107
2022-12-31,3.329,0.0
2023-01-03,3.391,0.018624
2023-01-04,3.355,-0.010616
2023-01-05,3.38,0.007452
2023-01-06,3.448,0.020118
2023-01-09,3.442,-0.00174
2023-01-10,3.449,0.002034
2023-01-11,3.422,-0.007828
2023-01-12,3.431,0.00263
2023-01-13,3.418,-0.003789
2023-01-16,3.447,0.008484
2023-01-17,3.466,0.005512
2023-01-18,3.468,0.000577
2023-01-19,3.448,-0.005767
2023-01-20,3.492,0.012761
2023-01-30,3.538,0.013173
2023-01-31,3.555,0.004805
2023-02-01,3.588,0.009283
2023-02-02,3.557,-0.00864
2023-02-03,3.531,-0.00731
2023-02-06,3.502,-0.008213
2023-02-07,3.511,0.00257
2023-02-08,3.491,-0.005696
2023-02-09,3.549,0.016614
2023-02-10,3.523,-0.007326
2023-02-13,3.53,0.001987
2023-02-14,3.529,-0.000283
2023-02-15,3.532,0.00085
2023-02-16,3.445,-0.024632
2023-02-17,3.417,-0.008128
2023-02-20,3.482,0.019023
2023-02-21,3.479,-0.000862
2023-02-22,3.469,-0.002874
2023-02-23,3.468,-0.000288
2023-02-24,3.463,-0.001442
2023-02-27,3.443,-0.005775
2023-02-28,3.435,-0.002324
2023-03-01,3.461,0.007569
2023-03-02,3.443,-0.005201
2023-03-03,3.44,-0.000871
2023-03-06,3.453,0.003779
2023-03-07,3.383,-0.020272
2023-03-08,3.371,-0.003547
2023-03-09,3.38,0.00267
2023-03-10,3.337,-0.012722
2023-03-13,3.336,-0.0003
2023-03-14,3.262,-0.022182
2023-03-15,3.257,-0.001533
2023-03-16,3.156,-0.03101
2023-03-17,3.176,0.006337
2023-03-20,3.162,-0.004408
2023-03-21,3.185,0.007274
2023-03-22,3.191,0.001884
2023-03-23,3.212,0.006581
2023-03-24,3.212,0.0
2023-03-27,3.247,0.010897
2023-03-28,3.201,-0.014167
2023-03-29,3.175,-0.008122
2023-03-30,3.195,0.006299
2023-03-31,3.205,0.00313
2023-04-03,3.242,0.011544
2023-04-04,3.219,-0.007094
2023-04-06,3.24,0.006524
2023-04-07,3.259,0.005864
2023-04-10,3.224,-0.010739
2023-04-11,3.24,0.004963
2023-04-12,3.269,0.008951
2023-04-13,3.22,-0.014989
2023-04-14,3.248,0.008696
2023-04-17,3.246,-0.000616
2023-04-18,3.279,0.010166
2023-04-19,3.237,-0.012809
2023-04-20,3.207,-0.009268
2023-04-21,3.134,-0.022763
2023-04-24,3.078,-0.017869
2023-04-25,3.044,-0.011046
2023-04-26,2.998,-0.015112
2023-04-27,2.999,0.000334
2023-04-28,2.988,-0.003668
2023-05-04,2.998,0.003347
2023-05-05,2.944,-0.018012
2023-05-08,3.038,0.031929
2023-05-09,2.99,-0.0158
2023-05-10,2.932,-0.019398
2023-05-11,2.903,-0.009891
2023-05-12,2.834,-0.023769
2023-05-15,2.911,0.02717
2023-05-16,2.904,-0.002405
2023-05-17,2.925,0.007231
2023-05-18,2.91,-0.005128
2023-05-19,2.867,-0.014777
2023-05-22,2.851,-0.005581
2023-05-23,2.815,-0.012627
2023-05-24,2.795,-0.007105
2023-05-25,2.821,0.009302
2023-05-26,2.767,-0.019142
2023-05-29,2.711,-0.020239
2023-05-30,2.708,-0.001107
2023-05-31,2.685,-0.008493
2023-06-01,2.694,0.003352
2023-06-02,2.697,0.001114
2023-06-05,2.674,-0.008528
2023-06-06,2.635,-0.014585
2023-06-07,2.621,-0.005313
2023-06-08,2.632,0.004197
2023-06-09,2.666,0.012918
2023-06-12,2.64,-0.009752
2023-06-13,2.63,-0.003788
2023-06-14,2.615,-0.005703
2023-06-15,2.654,0.014914
2023-06-16,2.707,0.01997
2023-06-19,2.713,0.002216
2023-06-20,2.734,0.007741
2023-06-21,2.688,-0.016825
2023-06-26,2.644,-0.016369
2023-06-27,2.697,0.020045
2023-06-28,2.698,0.000371
2023-06-29,2.694,-0.001483
2023-06-30,2.721,0.010022
2023-07-03,2.765,0.016171
2023-07-04,2.741,-0.00868
2023-07-05,2.698,-0.015688
2023-07-06,2.691,-0.002595
2023-07-07,2.66,-0.01152
2023-07-10,2.664,0.001504
2023-07-11,2.673,0.003378
2023-07-12,2.65,-0.008605
2023-07-13,2.658,0.003019
2023-07-14,2.647,-0.004138
2023-07-17,2.65,0.001133
2023-07-18,2.651,0.000377
2023-07-19,2.63,-0.007922
2023-07-20,2.586,-0.01673
2023-07-21,2.561,-0.009667
2023-07-24,2.572,0.004295
2023-07-25,2.599,0.010498
2023-07-26,2.581,-0.006926
2023-07-27,2.572,-0.003487
2023-07-28,2.573,0.000389
2023-07-31,2.588,0.00583
2023-08-01,2.576,-0.004637
2023-08-02,2.563,-0.005047
2023-08-03,2.576,0.005072
2023-08-04,2.56,-0.006211
2023-08-07,2.566,0.002344
2023-08-08,2.535,-0.012081
2023-08-09,2.517,-0.007101
2023-08-10,2.517,0.0
2023-08-11,2.476,-0.016289
2023-08-14,2.491,0.006058
2023-08-15,2.462,-0.011642
2023-08-16,2.428,-0.01381
2023-08-17,2.456,0.011532
2023-08-18,2.426,-0.012215
2023-08-21,2.408,-0.00742
2023-08-22,2.428,0.008306
2023-08-23,2.384,-0.018122
2023-08-24,2.38,-0.001678
2023-08-25,2.338,-0.017647
2023-08-28,2.344,0.002566
2023-08-29,2.427,0.03541
2023-08-30,2.435,0.003296
2023-08-31,2.399,-0.014784
2023-09-01,2.399,0.0
2023-09-04,2.416,0.007086
2023-09-05,2.382,-0.014073
2023-09-06,2.376,-0.002519
2023-09-07,2.323,-0.022306
2023-09-08,2.325,0.000861
2023-09-11,2.351,0.011183
2023-09-12,2.356,0.002127
2023-09-13,2.325,-0.013158
2023-09-14,2.315,-0.004301
2023-09-15,2.316,0.000432
2023-09-18,2.312,-0.001727
2023-09-19,2.298,-0.006055
2023-09-20,2.276,-0.009574
2023-09-21,2.28,0.001757
2023-09-22,2.297,0.007456
2023-09-25,2.295,-0.000871
2023-09-26,2.283,-0.005229
2023-09-27,2.272,-0.004818
2023-09-28,2.286,0.006162
2023-10-09,2.298,0.005249
2023-10-10,2.28,-0.007833
2023-10-11,2.266,-0.00614
2023-10-12,2.288,0.009709
2023-10-13,2.267,-0.009178
2023-10-16,2.268,0.000441
2023-10-17,2.27,0.000882
2023-10-18,2.241,-0.012775
2023-10-19,2.224,-0.007586
2023-10-20,2.222,-0.000899
2023-10-23,2.193,-0.013051
2023-10-24,2.221,0.012768
2023-10-25,2.266,0.020261
2023-10-26,2.299,0.014563
2023-10-27,2.323,0.010439
2023-10-30,2.364,0.01765
2023-10-31,2.329,-0.014805
2023-11-01,2.343,0.006011
2023-11-02,2.306,-0.015792
2023-11-03,2.343,0.016045
2023-11-06,2.379,0.015365
2023-11-07,2.403,0.010088
2023-11-08,2.394,-0.003745
2023-11-09,2.373,-0.008772
2023-11-10,2.359,-0.0059
2023-11-13,2.39,0.013141
2023-11-14,2.407,0.007113
2023-11-15,2.425,0.007478
2023-11-16,2.401,-0.009897
2023-11-17,2.403,0.000833
2023-11-20,2.418,0.006242
2023-11-21,2.387,-0.012821
2023-11-22,2.353,-0.014244
2023-11-23,2.374,0.008925
2023-11-24,2.339,-0.014743
2023-11-27,2.349,0.004275
2023-11-28,2.346,-0.001277
2023-11-29,2.334,-0.005115
2023-11-30,2.334,0.0
2023-12-01,2.34,0.002571
2023-12-04,2.345,0.002137
2023-12-05,2.286,-0.02516
2023-12-06,2.283,-0.001312
2023-12-07,2.262,-0.009198
2023-12-08,2.247,-0.006631
2023-12-11,2.267,0.008901
2023-12-12,2.278,0.004852
2023-12-13,2.266,-0.005268
2023-12-14,2.259,-0.003089
2023-12-15,2.243,-0.007083
2023-12-18,2.217,-0.011592
2023-12-19,2.227,0.004511
2023-12-20,2.187,-0.017961
2023-12-21,2.211,0.010974
2023-12-22,2.211,0.0
2023-12-25,2.215,0.001809
2023-12-26,2.191,-0.010835
2023-12-27,2.208,0.007759
2023-12-28,2.236,0.012681
2023-12-29,2.276,0.017889
2023-12-31,2.276,0.0
2024-01-02,2.278,0.000879
2024-01-03,2.27,-0.003512
2024-01-04,2.262,-0.003524
2024-01-05,2.226,-0.015915
2024-01-08,2.188,-0.017071
2024-01-09,2.183,-0.002285
2024-01-10,2.181,-0.000916
2024-01-11,2.202,0.009629
2024-01-12,2.2,-0.000908
2024-01-15,2.203,0.001364
2024-01-16,2.194,-0.004085
2024-01-17,2.15,-0.020055
2024-01-18,2.149,-0.000465
2024-01-19,2.118,-0.014425
2024-01-22,2.033,-0.040132
2024-01-23,2.058,0.012297
2024-01-24,2.077,0.009232
2024-01-25,2.141,0.030814
2024-01-26,2.117,-0.01121
2024-01-29,2.077,-0.018895
2024-01-30,2.046,-0.014925
2024-01-31,1.987,-0.028837
2024-02-01,1.971,-0.008052
2024-02-02,1.934,-0.018772
2024-02-05,1.878,-0.028956
2024-02-06,1.949,0.037806
2024-02-07,2.001,0.02668
2024-02-08,2.018,0.008496
2024-02-19,2.052,0.016848
2024-02-20,2.043,-0.004386
2024-02-21,2.053,0.004895
2024-02-22,2.073,0.009742
2024-02-23,2.077,0.00193
2024-02-26,2.081,0.001926
2024-02-27,2.114,0.015858
2024-02-28,2.061,-0.025071
2024-02-29,2.147,0.041727
2024-03-01,2.158,0.005123
2024-03-04,2.204,0.021316
2024-03-05,2.175,-0.013158
2024-03-06,2.189,0.006437
2024-03-07,2.159,-0.013705
2024-03-08,2.195,0.016674
2024-03-11,2.234,0.017768
2024-03-12,2.187,-0.021038
2024-03-13,2.194,0.003201
2024-03-14,2.194,0.0
2024-03-15,2.209,0.006837
2024-03-18,2.23,0.009507
2024-03-19,2.212,-0.008072
2024-03-20,2.233,0.009494
2024-03-21,2.224,-0.00403
2024-03-22,2.206,-0.008094
2024-03-25,2.169,-0.016772
2024-03-26,2.156,-0.005994
2024-03-27,2.09,-0.030612
2024-03-28,2.118,0.013397
2024-03-29,2.156,0.017941
2024-04-01,2.183,0.012523
2024-04-02,2.18,-0.001374
2024-04-03,2.174,-0.002752
2024-04-08,2.159,-0.0069
2024-04-09,2.152,-0.003242
2024-04-10,2.109,-0.019981
2024-04-11,2.124,0.007112
2024-04-12,2.117,-0.003296
2024-04-15,2.141,0.011337
2024-04-16,2.069,-0.033629
2024-04-17,2.14,0.034316
2024-04-18,2.139,-0.000467
2024-04-19,2.125,-0.006545
2024-04-22,2.093,-0.015059
2024-04-23,2.059,-0.016245
2024-04-24,2.088,0.014085
2024-04-25,2.085,-0.001437
2024-04-26,2.119,0.016307
2024-04-29,2.152,0.015573
2024-04-30,2.129,-0.010688
2024-05-06,2.162,0.0155
2024-05-07,2.156,-0.002775
2024-05-08,2.137,-0.008813
2024-05-09,2.185,0.022461
2024-05-10,2.208,0.010526
2024-05-13,2.258,0.022645
2024-05-14,2.264,0.002657
2024-05-15,2.234,-0.013251
2024-05-16,2.21,-0.010743
2024-05-17,2.203,-0.003167
2024-05-20,2.226,0.01044
2024-05-21,2.196,-0.013477
2024-05-22,2.179,-0.007741
2024-05-23,2.156,-0.010555
2024-05-24,2.155,-0.000464
2024-05-27,2.196,0.019026
2024-05-28,2.194,-0.000911
2024-05-29,2.192,-0.000912
2024-05-30,2.199,0.003193
2024-05-31,2.192,-0.003183
2024-06-03,2.192,0.0
2024-06-04,2.215,0.010493
2024-06-05,2.157,-0.026185
2024-06-06,2.13,-0.012517
2024-06-07,2.122,-0.003756
2024-06-11,2.119,-0.001414
2024-06-12,2.124,0.00236
2024-06-13,2.134,0.004708
2024-06-14,2.129,-0.002343
2024-06-17,2.146,0.007985
2024-06-18,2.159,0.006058
2024-06-19,2.127,-0.014822
2024-06-20,2.098,-0.013634
2024-06-21,2.108,0.004766
2024-06-24,2.072,-0.017078
2024-06-25,2.037,-0.016892
2024-06-26,2.056,0.009327
2024-06-27,2.025,-0.015078
2024-06-28,2.083,0.028642
2024-06-30,2.083,0.0
2024-07-01,2.084,0.00048
2024-07-02,2.044,-0.019194
2024-07-03,2.011,-0.016145
2024-07-04,2.018,0.003481
2024-07-05,2.035,0.008424
2024-07-08,2.026,-0.004423
2024-07-09,2.077,0.025173
2024-07-10,2.05,-0.013
2024-07-11,2.077,0.013171
2024-07-12,2.055,-0.010592
2024-07-15,2.031,-0.011679
2024-07-16,2.016,-0.007386
2024-07-17,1.983,-0.016369
2024-07-18,2.01,0.013616
2024-07-19,2.017,0.003483
2024-07-22,2.054,0.018344
2024-07-23,2.008,-0.022395
2024-07-24,2.031,0.011454
2024-07-25,2.042,0.005416
2024-07-26,2.063,0.010284
2024-07-29,2.041,-0.010664
2024-07-30,2.032,-0.00441
2024-07-31,2.054,0.010827
2024-08-01,2.043,-0.005355
2024-08-02,2.011,-0.015663
2024-08-05,1.948,-0.031328
2024-08-06,1.965,0.008727
2024-08-07,1.971,0.003053
2024-08-08,1.948,-0.011669
2024-08-09,1.931,-0.008727
2024-08-12,1.913,-0.009322
2024-08-13,1.934,0.010978
2024-08-14,1.901,-0.017063
2024-08-15,1.901,0.0
2024-08-16,1.894,-0.003682
2024-08-19,1.876,-0.009504
2024-08-20,1.844,-0.017058
2024-08-21,1.836,-0.004338
2024-08-22,1.827,-0.004902
2024-08-23,1.82,-0.003831
2024-08-26,1.823,0.001648
2024-08-27,1.799,-0.013165
2024-08-28,1.823,0.013341
2024-08-29,1.864,0.02249
2024-08-30,1.866,0.001073
2024-09-02,1.817,-0.026259
2024-09-03,1.853,0.019813
2024-09-04,1.864,0.005936
2024-09-05,1.856,-0.004292
2024-09-06,1.822,-0.018319
2024-09-09,1.809,-0.007135
2024-09-10,1.821,0.006633
2024-09-11,1.845,0.01318
2024-09-12,1.843,-0.001084
2024-09-13,1.828,-0.008139
2024-09-18,1.84,0.006565
2024-09-19,1.833,-0.003804
2024-09-20,1.784,-0.026732
2024-09-23,1.763,-0.011771
2024-09-24,1.82,0.032331
2024-09-25,1.838,0.00989
2024-09-26,1.872,0.018498
2024-09-27,1.963,0.048611
2024-09-30,2.133,0.086602
2024-10-08,2.246,0.052977
2024-10-09,2.06,-0.082814
2024-10-10,2.106,0.02233
2024-10-11,2.003,-0.048908
2024-10-14,2.034,0.015477
2024-10-15,1.977,-0.028024
2024-10-16,1.967,-0.005058
2024-10-17,1.941,-0.013218
2024-10-18,1.998,0.029366
2024-10-21,2.021,0.011512
2024-10-22,2.11,0.044038
2024-10-23,2.191,0.038389
2024-10-24,2.155,-0.016431
2024-10-25,2.219,0.029698
2024-10-28,2.207,-0.005408
2024-10-29,2.162,-0.02039
2024-10-30,2.182,0.009251
2024-10-31,2.215,0.015124
2024-11-01,2.181,-0.01535
2024-11-04,2.216,0.016048
2024-11-05,2.276,0.027076
2024-11-06,2.312,0.015817
2024-11-07,2.303,-0.003893
2024-11-08,2.311,0.003474
2024-11-11,2.34,0.012549
2024-11-12,2.262,-0.033333
2024-11-13,2.268,0.002653
2024-11-14,2.194,-0.032628
2024-11-15,2.13,-0.02917
2024-11-18,2.115,-0.007042
2024-11-19,2.156,0.019385
2024-11-20,2.153,-0.001391
2024-11-21,2.159,0.002787
2024-11-22,2.066,-0.043075
2024-11-25,2.081,0.00726
2024-11-26,2.063,-0.00865
2024-11-27,2.134,0.034416
2024-11-28,2.124,-0.004686
2024-11-29,2.158,0.016008
2024-12-02,2.204,0.021316
2024-12-03,2.2,-0.001815
2024-12-04,2.158,-0.019091
2024-12-05,2.154,-0.001854
2024-12-06,2.147,-0.00325
2024-12-09,2.132,-0.006986
2024-12-10,2.131,-0.000469
2024-12-11,2.136,0.002346
2024-12-12,2.145,0.004213
2024-12-13,2.102,-0.020047
2024-12-16,2.066,-0.017127
2024-12-17,2.031,-0.016941
2024-12-18,2.025,-0.002954
2024-12-19,2.02,-0.002469
2024-12-20,2.017,-0.001485
2024-12-23,1.988,-0.014378
2024-12-24,2.005,0.008551
2024-12-25,1.979,-0.012968
2024-12-26,1.989,0.005053
2024-12-27,1.981,-0.004022
2024-12-30,1.977,-0.002019
2024-12-31,1.937,-0.020233
2025-01-02,1.892,-0.023232
2025-01-03,1.869,-0.012156
2025-01-06,1.869,0.0
2025-01-07,1.895,0.013911
2025-01-08,1.917,0.011609
2025-01-09,1.909,-0.004173
2025-01-10,1.852,-0.029859
2025-01-13,1.838,-0.007559
2025-01-14,1.903,0.035365
2025-01-15,1.886,-0.008933
2025-01-16,1.884,-0.00106
2025-01-17,1.898,0.007431
2025-01-20,1.911,0.006849
2025-01-21,1.917,0.00314
2025-01-22,1.914,-0.001565
2025-01-23,1.894,-0.010449
2025-01-24,1.923,0.015312
2025-01-27,1.885,-0.019761
2025-02-05,1.876,-0.004775
2025-02-06,1.913,0.019723
2025-02-07,1.941,0.014637
2025-02-10,1.937,-0.002061
2025-02-11,1.902,-0.018069
2025-02-12,1.928,0.01367
2025-02-13,1.905,-0.011929
2025-02-14,1.929,0.012598
2025-02-17,1.955,0.013478
2025-02-18,1.924,-0.015857
2025-02-19,1.987,0.032744
2025-02-20,1.995,0.004026
2025-02-21,2.062,0.033584
2025-02-24,2.019,-0.020854
2025-02-25,2.01,-0.004458
2025-02-26,2.014,0.00199
2025-02-27,2.016,0.000993
2025-02-28,1.983,-0.016369
2025-03-03,1.993,0.005043
2025-03-04,1.999,0.003011
2025-03-05,2.005,0.003002
2025-03-06,2.026,0.010474
2025-03-07,2.014,-0.005923
2025-03-10,2.012,-0.000993
2025-03-11,1.997,-0.007455
2025-03-12,1.991,-0.003005
2025-03-13,1.962,-0.014566
2025-03-14,2.002,0.020387
2025-03-17,2.003,0.0005
2025-03-18,2.011,0.003994
2025-03-19,2.004,-0.003481
2025-03-20,1.993,-0.005489
2025-03-21,1.961,-0.016056
2025-03-24,1.962,0.00051
2025-03-25,1.956,-0.003058
2025-03-26,1.96,0.002045
2025-03-27,1.97,0.005102
2025-03-28,1.949,-0.01066
2025-03-31,1.936,-0.00667
2025-04-01,1.935,-0.000517
2025-04-02,1.943,0.004134
2025-04-03,1.876,-0.034483
2025-04-07,1.686,-0.101279
2025-04-08,1.663,-0.013642
2025-04-09,1.683,0.012026
2025-04-10,1.753,0.041592
2025-04-11,1.77,0.009698
2025-04-14,1.776,0.00339
2025-04-15,1.76,-0.009009
2025-04-16,1.721,-0.022159
2025-04-17,1.741,0.011621
2025-04-18,1.742,0.000574
2025-04-21,1.777,0.020092
2025-04-22,1.767,-0.005627
2025-04-23,1.81,0.024335
2025-04-24,1.79,-0.01105
2025-04-25,1.805,0.00838
2025-04-28,1.787,-0.009972
2025-04-29,1.802,0.008394
2025-04-30,1.827,0.013873
2025-05-06,1.879,0.028462
2025-05-07,1.885,0.003193
2025-05-08,1.902,0.009019
2025-05-09,1.88,-0.011567
2025-05-12,1.921,0.021809
2025-05-13,1.915,-0.003123
2025-05-14,1.902,-0.006789
2025-05-15,1.874,-0.014721
2025-05-16,1.893,0.010139
2025-05-19,1.89,-0.001585
2025-05-20,1.899,0.004762
2025-05-21,1.898,-0.000527
2025-05-22,1.883,-0.007903
2025-05-23,1.878,-0.002655
2025-05-26,1.871,-0.003727
2025-05-27,1.857,-0.007483
2025-05-28,1.857,0.0
2025-05-29,1.88,0.012386
2025-05-30,1.861,-0.010106
2025-06-03,1.865,0.002149
2025-06-04,1.877,0.006434
2025-06-05,1.897,0.010655
2025-06-06,1.875,-0.011597
2025-06-09,1.89,0.008
2025-06-10,1.881,-0.004762
2025-06-11,1.892,0.005848
2025-06-12,1.889,-0.001586
2025-06-13,1.871,-0.009529
2025-06-16,1.873,0.001069
2025-06-17,1.868,-0.00267
2025-06-18,1.869,0.000535
2025-06-19,1.85,-0.010166
2025-06-20,1.832,-0.00973
2025-06-23,1.833,0.000546
2025-06-24,1.879,0.025095
2025-06-25,1.891,0.006386
2025-06-26,1.872,-0.010048
2025-06-27,1.892,0.010684
2025-06-30,1.93,0.020085
2025-07-01,1.928,-0.001036
2025-07-02,1.924,-0.002075
2025-07-03,1.947,0.011954
2025-07-04,1.939,-0.004109
2025-07-07,1.938,-0.000516
2025-07-08,1.964,0.013416
2025-07-09,1.97,0.003055
2025-07-10,1.986,0.008122
2025-07-11,1.99,0.002014
2025-07-14,2.017,0.013568
2025-07-15,2.042,0.012395
2025-07-16,2.039,-0.001469
2025-07-17,2.06,0.010299
2025-07-18,2.053,-0.003398
2025-07-21,2.049,-0.001948
2025-07-22,2.061,0.005857
2025-07-23,2.065,0.001941
2025-07-24,2.079,0.00678
2025-07-25,2.09,0.005291
2025-07-28,2.09,0.0
2025-07-29,2.1,0.004785
2025-07-30,2.096,-0.001905
2025-07-31,2.079,-0.008111
2025-08-01,2.074,-0.002405
2025-08-04,2.104,0.014465
2025-08-05,2.145,0.019487
2025-08-06,2.174,0.01352
2025-08-07,2.172,-0.00092
2025-08-08,2.175,0.001381
2025-08-11,2.189,0.006437
2025-08-12,2.204,0.006852
2025-08-13,2.231,0.01225
2025-08-14,2.198,-0.014792
2025-08-15,2.265,0.030482
2025-08-18,2.282,0.007506
2025-08-19,2.269,-0.005697
2025-08-20,2.277,0.003526
2025-08-21,2.269,-0.003513
2025-08-22,2.297,0.01234
2025-08-25,2.333,0.015673
2025-08-26,2.343,0.004286
2025-08-27,2.281,-0.026462
2025-08-28,2.307,0.011399
2025-08-29,2.322,0.006502
2025-09-01,2.322,0.0
2025-09-02,2.289,-0.014212
2025-09-03,2.286,-0.001311
2025-09-04,2.231,-0.024059
2025-09-05,2.303,0.032273
2025-09-08,2.35,0.020408
2025-09-09,2.317,-0.014043
2025-09-10,2.318,0.000432
2025-09-11,2.363,0.019413
2025-09-12,2.345,-0.007617
2025-09-15,2.347,0.000853
2025-09-16,2.38,0.014061
2025-09-17,2.423,0.018067
2025-09-18,2.418,-0.002064
2025-09-19,2.42,0.000827
2025-09-22,2.413,-0.002893
2025-09-23,2.42,0.002901
2025-09-24,2.464,0.018182
2025-09-25,2.485,0.008523
2025-09-26,2.457,-0.011268
2025-09-29,2.504,0.019129
2025-09-30,2.517,0.005192
2025-10-09,2.531,0.005562
2025-10-10,2.495,-0.014224
2025-10-13,2.452,-0.017234
2025-10-14,2.403,-0.019984
2025-10-15,2.443,0.016646
2025-10-16,2.418,-0.010233
2025-10-17,2.359,-0.0244
2025-10-20,2.361,0.000848
2025-10-21,2.391,0.012706
2025-10-22,2.371,-0.008365
2025-10-23,2.376,0.002109
2025-10-24,2.401,0.010522
2025-10-27,2.423,0.009163
2025-10-28,2.408,-0.006191
2025-10-29,2.428,0.008306
2025-10-30,2.404,-0.009885
2025-10-31,2.399,-0.00208
2025-11-03,2.421,0.00917
2025-11-04,2.408,-0.00537
2025-11-05,2.412,0.001661
2025-11-06,2.432,0.008292
2025-11-07,2.428,-0.001645
2025-11-10,2.437,0.003707
2025-11-11,2.433,-0.001641
2025-11-12,2.436,0.001233
2025-11-13,2.457,0.008621
2025-11-14,2.438,-0.007733
2025-11-17,2.41,-0.011485
2025-11-18,2.409,-0.000415
2025-11-19,2.401,-0.003321
2025-11-20,2.373,-0.011662
2025-11-21,2.32,-0.022335
2025-11-24,2.348,0.012069
2025-11-25,2.363,0.006388
2025-11-26,2.356,-0.002962
2025-11-27,2.348,-0.003396
2025-11-28,2.366,0.007666
2025-12-01,2.384,0.007608
2025-12-02,2.381,-0.001258
2025-12-03,2.386,0.0021
2025-12-04,2.383,-0.001257
2025-12-05,2.414,0.013009
2025-12-08,2.416,0.000829
2025-12-09,2.384,-0.013245
2025-12-10,2.389,0.002097
2025-12-11,2.378,-0.004604
2025-12-12,2.415,0.015559
2025-12-15,2.4,-0.006211
2025-12-16,2.381,-0.007917
2025-12-17,2.396,0.0063
2025-12-18,2.375,-0.008765
2025-12-19,2.396,0.008842
2025-12-22,2.407,0.004591
2025-12-23,2.407,0.0
2025-12-24,2.414,0.002908
2025-12-25,2.42,0.002486
2025-12-26,2.424,0.001653
2025-12-29,2.414,-0.004125
2025-12-30,2.424,0.004143
2025-12-31,2.432,0.0033
2026-01-05,2.491,0.02426
2026-01-06,2.543,0.020875
2026-01-07,2.544,0.000393
2026-01-08,2.544,0.0
2026-01-09,2.572,0.011006
2026-01-12,2.612,0.015552
2026-01-13,2.593,-0.007274
2026-01-14,2.631,0.014655
2026-01-15,2.651,0.007602
2026-01-16,2.658,0.002641
2026-01-19,2.679,0.007901
2026-01-20,2.695,0.005972
2026-01-21,2.717,0.008163
2026-01-22,2.734,0.006257
2026-01-23,2.754,0.007315
2026-01-26,2.721,-0.011983
2026-01-27,2.709,-0.00441
2026-01-28,2.716,0.002584
2026-01-29,2.72,0.001473
2026-01-30,2.702,-0.006618
2026-02-02,2.616,-0.031828
2026-02-03,2.686,0.026758
2026-02-04,2.709,0.008563
2026-02-05,2.699,-0.003691
2026-02-06,2.696,-0.001112
2026-02-09,2.736,0.014837
2026-02-10,2.72,-0.005848
2026-02-11,2.725,0.001838
2026-02-12,2.753,0.010275
2026-02-13,2.725,-0.010171
2026-02-24,2.759,0.012477
2026-02-25,2.795,0.013048
2026-02-26,2.797,0.000716
2026-02-27,2.815,0.006435
2026-03-02,2.81,-0.001776
2026-03-03,2.73,-0.02847
2026-03-04,2.698,-0.011722
2026-03-05,2.72,0.008154
2026-03-06,2.744,0.008824
2026-03-09,2.697,-0.017128
2026-03-10,2.73,0.012236
2026-03-11,2.74,0.003663
2026-03-12,2.715,-0.009124
2026-03-13,2.677,-0.013996
2026-03-16,2.666,-0.004109
2026-03-17,2.628,-0.014254
2026-03-18,2.625,-0.001142
2026-03-19,2.548,-0.029333
2026-03-20,2.536,-0.00471
2026-03-23,2.453,-0.032729
2026-03-24,2.518,0.026498
2026-03-25,2.556,0.015091
2026-03-26,2.534,-0.008607
2026-03-27,2.556,0.008682
2026-03-30,2.553,-0.001174
2026-03-31,2.523,-0.011751
2026-04-01,2.584,0.024178
2026-04-02,2.559,-0.009675
2026-04-03,2.524,-0.013677
2026-04-07,2.553,0.01149
2026-04-08,2.646,0.036428
2026-04-09,2.65,0.001512
2026-04-10,2.678,0.010566
2026-04-13,2.666,-0.004481
2026-04-14,2.681,0.005626
2026-04-15,2.672,-0.003357
2026-04-16,2.724,0.019461
2026-04-17,2.709,-0.005507
2026-04-20,2.721,0.00443
2026-04-21,2.713,-0.00294
2026-04-22,2.738,0.009215
2026-04-23,2.732,-0.002191
2026-04-24,2.715,-0.006223
2026-04-27,2.749,0.012523
2026-04-28,2.745,-0.001455
2026-04-29,2.77,0.009107
2026-04-30,2.778,0.002888
2026-05-06,2.823,0.016199
2026-05-07,2.824,0.000354
2026-05-08,2.799,-0.008853
2026-05-11,2.857,0.020722
2026-05-12,2.851,-0.0021
2026-05-13,2.895,0.015433
2026-05-14,2.821,-0.025561
2026-05-15,2.832,0.003899
2026-05-18,2.795,-0.013065
2026-05-19,2.822,0.00966
2026-05-20,2.859,0.013111
2026-05-21,2.767,-0.032179
2026-05-22,2.789,0.007951
2026-05-25,2.805,0.005737
2026-05-26,2.773,-0.011408
2026-05-27,2.739,-0.012261
2026-05-28,2.733,-0.002191
2026-05-29,2.699,-0.012441
2026-06-01,2.676,-0.008522
2026-06-02,2.678,0.000747
2026-06-03,2.662,-0.005975
2026-06-04,2.665,0.001127
2026-06-05,2.631,-0.012758
2026-06-08,2.557,-0.028126
2026-06-09,2.622,0.02542
2026-06-10,2.58,-0.016018
2026-06-11,2.572,-0.003101
2026-06-12,2.609,0.014386
2026-06-15,2.69,0.031046
2026-06-16,2.681,-0.003346
2026-06-17,2.735,0.020142
2026-06-18,2.741,0.002194
2026-06-22,2.802,0.022255
2026-06-23,2.805,0.001071
2026-06-24,2.87,0.023173
2026-06-25,2.907,0.012892
2026-06-26,2.858,-0.016856
2026-06-29,2.867,0.003149
2026-06-30,2.896,0.010115
2026-07-01,2.918,0.007597
2026-07-02,2.812,-0.036326
2026-07-03,2.833,0.007468
2026-07-06,2.84,0.002471
2026-07-07,2.794,-0.016197
2026-07-08,2.764,-0.010737
2026-07-09,2.816,0.018813
2026-07-10,2.766,-0.017756
2026-07-13,2.656,-0.039769
2026-07-14,2.718,0.023343
2026-07-15,2.702,-0.005887
2026-07-16,2.667,-0.012953
2026-07-17,2.564,-0.03862
2026-07-20,2.563,-0.00039
2026-07-21,2.667,0.040577
2026-07-22,2.632,-0.013123
2026-07-23,2.668,0.013678
2026-07-24,2.622,-0.017241
2026-07-27,2.716,0.03585
2026-07-28,2.651,-0.023932
2026-07-29,2.707,0.021124
2026-07-30,2.633,-0.027337
2026-07-31,2.678,0.017091
2026-08-03,2.648,-0.011202
2026-08-04,2.696,0.018127
2026-08-05,2.771,0.027819
2026-08-06,2.776,0.001804
2026-08-07,2.815,0.014049
2026-08-10,2.862,0.016696
2026-08-11,2.846,-0.00559
2026-08-12,2.871,0.008784
2026-08-13,2.854,-0.005921
2026-08-14,2.869,0.005256
2026-08-17,2.963,0.032764
2026-08-18,2.965,0.000675
2026-08-19,2.854,-0.037437
2026-08-20,2.882,0.009811
2026-08-21,2.883,0.000347
2026-08-24,2.836,-0.016302
2026-08-25,2.844,0.002821
2026-08-26,2.852,0.002813
2026-08-27,2.909,0.019986
2026-08-28,2.885,-0.00825
2026-08-31,2.915,0.010399
2026-09-01,2.899,-0.005489
2026-09-02,2.843,-0.019317
2026-09-03,2.859,0.005628
2026-09-04,2.826,-0.011542
2026-09-07,2.887,0.021585
2026-09-08,2.881,-0.002078
2026-09-09,2.879,-0.000694
2026-09-10,2.849,-0.01042
2026-09-11,2.811,-0.013338
2026-09-14,2.824,0.004625
2026-09-15,2.793,-0.010977
2026-09-16,2.815,0.007877
2026-09-17,2.801,-0.004973
2026-09-18,2.855,0.019279
2026-09-21,2.876,0.007356
2026-09-22,2.88,0.001391
2026-09-23,2.882,0.000694
2026-09-24,2.819,-0.02186
2026-09-28,2.756,-0.022348
2026-09-29,2.761,0.001814
2026-09-30,2.762,0.000362
