净值日期,累计净值,daily_return
2003-07-09,1.0,
2003-07-14,1.0,0.0
2003-07-15,1.0,0.0
2003-07-16,1.0,0.0
2003-07-17,1.0,0.0
2003-07-18,1.0,0.0
2003-07-21,1.0,0.0
2003-07-22,1.0,0.0
2003-07-23,1.0,0.0
2003-07-24,1.0,0.0
2003-07-25,1.0,0.0
2003-07-28,1.0,0.0
2003-07-29,1.0,0.0
2003-07-30,1.0,0.0
2003-07-31,1.0,0.0
2003-08-01,1.0,0.0
2003-08-04,1.0,0.0
2003-08-05,1.001,0.001
2003-08-06,1.0,-0.000999
2003-08-07,1.001,0.001
2003-08-08,1.0,-0.000999
2003-08-11,1.0,0.0
2003-08-12,1.0,0.0
2003-08-13,0.999,-0.001
2003-08-14,0.998,-0.001001
2003-08-15,0.998,0.0
2003-08-18,0.998,0.0
2003-08-19,0.999,0.001002
2003-08-20,0.998,-0.001001
2003-08-21,0.999,0.001002
2003-08-22,0.999,0.0
2003-08-25,0.999,0.0
2003-08-26,0.999,0.0
2003-08-27,0.999,0.0
2003-08-28,0.998,-0.001001
2003-08-29,1.0,0.002004
2003-09-01,1.005,0.005
2003-09-02,1.004,-0.000995
2003-09-03,1.004,0.0
2003-09-04,1.004,0.0
2003-09-05,1.001,-0.002988
2003-09-08,1.001,0.0
2003-09-09,0.999,-0.001998
2003-09-10,1.0,0.001001
2003-09-11,1.0,0.0
2003-09-12,1.0,0.0
2003-09-15,0.999,-0.001
2003-09-16,1.0,0.001001
2003-09-17,0.997,-0.003
2003-09-18,0.997,0.0
2003-09-19,0.997,0.0
2003-09-22,0.994,-0.003009
2003-09-23,0.996,0.002012
2003-09-24,0.997,0.001004
2003-09-25,0.993,-0.004012
2003-09-26,0.994,0.001007
2003-09-29,0.99,-0.004024
2003-09-30,0.994,0.00404
2003-10-08,0.995,0.001006
2003-10-09,0.994,-0.001005
2003-10-10,1.004,0.01006
2003-10-13,1.003,-0.000996
2003-10-14,1.003,0.0
2003-10-15,1.002,-0.000997
2003-10-16,1.0,-0.001996
2003-10-17,1.002,0.002
2003-10-20,1.001,-0.000998
2003-10-21,1.001,0.0
2003-10-22,1.013,0.011988
2003-10-23,1.009,-0.003949
2003-10-24,1.009,0.0
2003-10-27,1.007,-0.001982
2003-10-28,1.011,0.003972
2003-10-29,1.007,-0.003956
2003-10-30,1.006,-0.000993
2003-10-31,1.009,0.002982
2003-11-03,1.017,0.007929
2003-11-04,1.026,0.00885
2003-11-05,1.024,-0.001949
2003-11-06,1.02,-0.003906
2003-11-07,1.01,-0.009804
2003-11-10,1.011,0.00099
2003-11-11,1.007,-0.003956
2003-11-12,0.995,-0.011917
2003-11-13,0.994,-0.001005
2003-11-14,0.997,0.003018
2003-11-17,0.995,-0.002006
2003-11-18,0.989,-0.00603
2003-11-19,0.994,0.005056
2003-11-20,1.007,0.013078
2003-11-21,1.001,-0.005958
2003-11-24,1.015,0.013986
2003-11-25,1.014,-0.000985
2003-11-26,1.016,0.001972
2003-11-27,1.009,-0.00689
2003-11-28,1.011,0.001982
2003-12-01,1.021,0.009891
2003-12-02,1.023,0.001959
2003-12-03,1.025,0.001955
2003-12-04,1.032,0.006829
2003-12-05,1.031,-0.000969
2003-12-08,1.028,-0.00291
2003-12-09,1.03,0.001946
2003-12-10,1.035,0.004854
2003-12-11,1.034,-0.000966
2003-12-12,1.034,0.0
2003-12-15,1.034,0.0
2003-12-16,1.034,0.0
2003-12-17,1.03,-0.003868
2003-12-18,1.035,0.004854
2003-12-19,1.041,0.005797
2003-12-22,1.055,0.013449
2003-12-23,1.061,0.005687
2003-12-24,1.071,0.009425
2003-12-25,1.075,0.003735
2003-12-26,1.071,-0.003721
2003-12-29,1.064,-0.006536
2003-12-30,1.071,0.006579
2003-12-31,1.065,-0.005602
2004-01-02,1.073,0.007512
2004-01-05,1.1,0.025163
2004-01-06,1.113,0.011818
2004-01-07,1.123,0.008985
2004-01-08,1.131,0.007124
2004-01-09,1.12,-0.009726
2004-01-12,1.142,0.019643
2004-01-13,1.147,0.004378
2004-01-14,1.144,-0.002616
2004-01-15,1.139,-0.004371
2004-01-16,1.139,0.0
2004-01-29,1.15,0.009658
2004-01-30,1.129,-0.018261
2004-02-02,1.147,0.015943
2004-02-03,1.16,0.011334
2004-02-04,1.176,0.013793
2004-02-05,1.183,0.005952
2004-02-06,1.173,-0.008453
2004-02-09,1.191,0.015345
2004-02-10,1.185,-0.005038
2004-02-11,1.185,0.0
2004-02-12,1.183,-0.001688
2004-02-13,1.184,0.000845
2004-02-16,1.21,0.021959
2004-02-17,1.217,0.005785
2004-02-18,1.229,0.00986
2004-02-19,1.226,-0.002441
2004-02-20,1.226,0.0
2004-02-23,1.204,-0.017945
2004-02-24,1.209,0.004153
2004-02-25,1.194,-0.012407
2004-02-26,1.203,0.007538
2004-02-27,1.219,0.0133
2004-03-01,1.235,0.013126
2004-03-02,1.232,-0.002429
2004-03-03,1.219,-0.010552
2004-03-04,1.223,0.003281
2004-03-05,1.215,-0.006541
2004-03-08,1.201,-0.011523
2004-03-09,1.198,-0.002498
2004-03-10,1.218,0.016694
2004-03-11,1.224,0.004926
2004-03-12,1.229,0.004085
2004-03-15,1.251,0.017901
2004-03-16,1.256,0.003997
2004-03-17,1.255,-0.000796
2004-03-18,1.243,-0.009562
2004-03-19,1.261,0.014481
2004-03-22,1.264,0.002379
2004-03-23,1.256,-0.006329
2004-03-24,1.256,0.0
2004-03-25,1.261,0.003981
2004-03-26,1.264,0.002379
2004-03-29,1.26,-0.003165
2004-03-30,1.263,0.002381
2004-03-31,1.274,0.008709
2004-04-01,1.288,0.010989
2004-04-02,1.301,0.010093
2004-04-05,1.311,0.007686
2004-04-06,1.321,0.007628
2004-04-07,1.318,-0.002271
2004-04-08,1.322,0.003035
2004-04-09,1.303,-0.014372
2004-04-12,1.3,-0.002302
2004-04-13,1.295,-0.003846
2004-04-14,1.283,-0.009266
2004-04-15,1.278,-0.003897
2004-04-16,1.291,0.010172
2004-04-19,1.295,0.003098
2004-04-20,1.29,-0.003861
2004-04-21,1.269,-0.016279
2004-04-22,1.272,0.002364
2004-04-23,1.27,-0.001572
2004-04-26,1.283,0.010236
2004-04-27,1.277,-0.004677
2004-04-28,1.265,-0.009397
2004-04-29,1.238,-0.021344
2004-04-30,1.249,0.008885
2004-05-10,1.225,-0.019215
2004-05-11,1.225,0.0
2004-05-12,1.242,0.013878
2004-05-13,1.243,0.000805
2004-05-14,1.233,-0.008045
2004-05-17,1.223,-0.00811
2004-05-18,1.226,0.002453
2004-05-19,1.227,0.000816
2004-05-20,1.219,-0.00652
2004-05-21,1.226,0.005742
2004-05-24,1.223,-0.002447
2004-05-25,1.21,-0.01063
2004-05-26,1.212,0.001653
2004-05-27,1.23,0.014851
2004-05-28,1.231,0.000813
2004-05-31,1.233,0.001625
2004-06-01,1.248,0.012165
2004-06-02,1.244,-0.003205
2004-06-03,1.23,-0.011254
2004-06-04,1.225,-0.004065
2004-06-07,1.215,-0.008163
2004-06-08,1.209,-0.004938
2004-06-09,1.197,-0.009926
2004-06-10,1.195,-0.001671
2004-06-11,1.194,-0.000837
2004-06-14,1.178,-0.0134
2004-06-15,1.189,0.009338
2004-06-16,1.197,0.006728
2004-06-17,1.186,-0.00919
2004-06-18,1.171,-0.012648
2004-06-21,1.171,0.0
2004-06-22,1.181,0.00854
2004-06-23,1.173,-0.006774
2004-06-24,1.174,0.000853
2004-06-25,1.163,-0.00937
2004-06-28,1.154,-0.007739
2004-06-29,1.162,0.006932
2004-06-30,1.163,0.000861
2004-07-01,1.187,0.020636
2004-07-02,1.19,0.002527
2004-07-05,1.191,0.00084
2004-07-06,1.201,0.008396
2004-07-07,1.199,-0.001665
2004-07-08,1.2,0.000834
2004-07-09,1.198,-0.001667
2004-07-12,1.187,-0.009182
2004-07-13,1.19,0.002527
2004-07-14,1.194,0.003361
2004-07-15,1.211,0.014238
2004-07-16,1.231,0.016515
2004-07-19,1.239,0.006499
2004-07-20,1.236,-0.002421
2004-07-21,1.241,0.004045
2004-07-22,1.228,-0.010475
2004-07-23,1.231,0.002443
2004-07-26,1.225,-0.004874
2004-07-27,1.222,-0.002449
2004-07-28,1.225,0.002455
2004-07-29,1.229,0.003265
2004-07-30,1.218,-0.00895
2004-08-02,1.211,-0.005747
2004-08-03,1.199,-0.009909
2004-08-04,1.214,0.01251
2004-08-05,1.203,-0.009061
2004-08-06,1.198,-0.004156
2004-08-09,1.2,0.001669
2004-08-10,1.203,0.0025
2004-08-11,1.196,-0.005819
2004-08-12,1.188,-0.006689
2004-08-13,1.192,0.003367
2004-08-16,1.187,-0.004195
2004-08-17,1.188,0.000842
2004-08-18,1.188,0.0
2004-08-19,1.183,-0.004209
2004-08-20,1.183,0.0
2004-08-23,1.173,-0.008453
2004-08-24,1.176,0.002558
2004-08-25,1.172,-0.003401
2004-08-26,1.171,-0.000853
2004-08-27,1.166,-0.00427
2004-08-30,1.161,-0.004288
2004-08-31,1.168,0.006029
2004-09-01,1.158,-0.008562
2004-09-02,1.16,0.001727
2004-09-03,1.157,-0.002586
2004-09-06,1.155,-0.001729
2004-09-07,1.154,-0.000866
2004-09-08,1.151,-0.0026
2004-09-09,1.145,-0.005213
2004-09-10,1.146,0.000873
2004-09-13,1.135,-0.009599
2004-09-14,1.151,0.014097
2004-09-15,1.174,0.019983
2004-09-16,1.176,0.001704
2004-09-17,1.195,0.016156
2004-09-20,1.218,0.019247
2004-09-21,1.213,-0.004105
2004-09-22,1.207,-0.004946
2004-09-23,1.235,0.023198
2004-09-24,1.236,0.00081
2004-09-27,1.236,0.0
2004-09-28,1.252,0.012945
2004-09-29,1.249,-0.002396
2004-09-30,1.241,-0.006405
2004-10-08,1.264,0.018533
2004-10-11,1.261,-0.002373
2004-10-12,1.241,-0.01586
2004-10-13,1.246,0.004029
2004-10-14,1.218,-0.022472
2004-10-15,1.222,0.003284
2004-10-18,1.224,0.001637
2004-10-19,1.225,0.000817
2004-10-20,1.235,0.008163
2004-10-21,1.241,0.004858
2004-10-22,1.255,0.011281
2004-10-25,1.258,0.00239
2004-10-26,1.268,0.007949
2004-10-27,1.275,0.005521
2004-10-28,1.27,-0.003922
2004-10-29,1.264,-0.004724
2004-11-01,1.26,-0.003165
2004-11-02,1.26,0.0
2004-11-03,1.268,0.006349
2004-11-04,1.25,-0.014196
2004-11-05,1.245,-0.004
2004-11-08,1.247,0.001606
2004-11-09,1.254,0.005613
2004-11-10,1.276,0.017544
2004-11-11,1.269,-0.005486
2004-11-12,1.272,0.002364
2004-11-15,1.28,0.006289
2004-11-16,1.279,-0.000781
2004-11-17,1.271,-0.006255
2004-11-18,1.277,0.004721
2004-11-19,1.278,0.000783
2004-11-22,1.273,-0.003912
2004-11-23,1.261,-0.009427
2004-11-24,1.257,-0.003172
2004-11-25,1.262,0.003978
2004-11-26,1.262,0.0
2004-11-29,1.256,-0.004754
2004-11-30,1.256,0.0
2004-12-01,1.253,-0.002389
2004-12-02,1.247,-0.004789
2004-12-03,1.247,0.0
2004-12-06,1.243,-0.003208
2004-12-07,1.233,-0.008045
2004-12-08,1.236,0.002433
2004-12-09,1.243,0.005663
2004-12-10,1.239,-0.003218
2004-12-13,1.239,0.0
2004-12-14,1.238,-0.000807
2004-12-15,1.239,0.000808
2004-12-16,1.236,-0.002421
2004-12-17,1.229,-0.005663
2004-12-20,1.215,-0.011391
2004-12-21,1.215,0.0
2004-12-22,1.23,0.012346
2004-12-23,1.225,-0.004065
2004-12-24,1.226,0.000816
2004-12-27,1.224,-0.001631
2004-12-28,1.227,0.002451
2004-12-29,1.229,0.00163
2004-12-30,1.228,-0.000814
2004-12-31,1.227,-0.000814
2005-01-04,1.216,-0.008965
2005-01-05,1.22,0.003289
2005-01-06,1.215,-0.004098
2005-01-07,1.214,-0.000823
2005-01-10,1.22,0.004942
2005-01-11,1.223,0.002459
2005-01-12,1.223,0.0
2005-01-13,1.228,0.004088
2005-01-14,1.225,-0.002443
2005-01-17,1.217,-0.006531
2005-01-18,1.215,-0.001643
2005-01-19,1.211,-0.003292
2005-01-20,1.205,-0.004955
2005-01-21,1.219,0.011618
2005-01-24,1.227,0.006563
2005-01-25,1.23,0.002445
2005-01-26,1.23,0.0
2005-01-27,1.225,-0.004065
2005-01-28,1.222,-0.002449
2005-01-31,1.221,-0.000818
2005-02-01,1.219,-0.001638
2005-02-02,1.245,0.021329
2005-02-03,1.242,-0.00241
2005-02-04,1.257,0.012077
2005-02-16,1.257,0.0
2005-02-17,1.253,-0.003182
2005-02-18,1.251,-0.001596
2005-02-21,1.266,0.01199
2005-02-22,1.277,0.008689
2005-02-23,1.273,-0.003132
2005-02-24,1.27,-0.002357
2005-02-25,1.273,0.002362
2005-02-28,1.268,-0.003928
2005-03-01,1.267,-0.000789
2005-03-02,1.259,-0.006314
2005-03-03,1.26,0.000794
2005-03-04,1.267,0.005556
2005-03-07,1.274,0.005525
2005-03-08,1.289,0.011774
2005-03-09,1.29,0.000776
2005-03-10,1.277,-0.010078
2005-03-11,1.287,0.007831
2005-03-14,1.302,0.011655
2005-03-15,1.294,-0.006144
2005-03-16,1.288,-0.004637
2005-03-17,1.29,0.001553
2005-03-18,1.281,-0.006977
2005-03-21,1.29,0.007026
2005-03-22,1.298,0.006202
2005-03-23,1.293,-0.003852
2005-03-24,1.282,-0.008507
2005-03-25,1.284,0.00156
2005-03-28,1.289,0.003894
2005-03-29,1.285,-0.003103
2005-03-30,1.268,-0.01323
2005-03-31,1.271,0.002366
2005-04-01,1.298,0.021243
2005-04-04,1.297,-0.00077
2005-04-05,1.303,0.004626
2005-04-06,1.326,0.017652
2005-04-07,1.326,0.0
2005-04-08,1.332,0.004525
2005-04-11,1.317,-0.011261
2005-04-12,1.313,-0.003037
2005-04-13,1.325,0.009139
2005-04-14,1.321,-0.003019
2005-04-15,1.317,-0.003028
2005-04-18,1.313,-0.003037
2005-04-19,1.31,-0.002285
2005-04-20,1.313,0.00229
2005-04-21,1.334,0.015994
2005-04-22,1.333,-0.00075
2005-04-25,1.337,0.003001
2005-04-26,1.349,0.008975
2005-04-27,1.349,0.0
2005-04-28,1.353,0.002965
2005-04-29,1.344,-0.006652
2005-05-09,1.329,-0.011161
2005-05-10,1.324,-0.003762
2005-05-11,1.308,-0.012085
2005-05-12,1.292,-0.012232
2005-05-13,1.286,-0.004644
2005-05-16,1.287,0.000778
2005-05-17,1.294,0.005439
2005-05-18,1.281,-0.010046
2005-05-19,1.278,-0.002342
2005-05-20,1.282,0.00313
2005-05-23,1.259,-0.017941
2005-05-24,1.264,0.003971
2005-05-25,1.26,-0.003165
2005-05-26,1.243,-0.013492
2005-05-27,1.225,-0.014481
2005-05-30,1.23,0.004082
2005-05-31,1.23,0.0
2005-06-01,1.223,-0.005691
2005-06-02,1.18,-0.035159
2005-06-03,1.186,0.005085
2005-06-06,1.221,0.029511
2005-06-07,1.222,0.000819
2005-06-08,1.291,0.056465
2005-06-09,1.298,0.005422
2005-06-10,1.279,-0.014638
2005-06-13,1.275,-0.003127
2005-06-14,1.259,-0.012549
2005-06-15,1.241,-0.014297
2005-06-16,1.254,0.010475
2005-06-17,1.255,0.000797
2005-06-20,1.278,0.018327
2005-06-21,1.271,-0.005477
2005-06-22,1.282,0.008655
2005-06-23,1.279,-0.00234
2005-06-24,1.279,0.0
2005-06-27,1.291,0.009382
2005-06-28,1.278,-0.01007
2005-06-29,1.268,-0.007825
2005-06-30,1.259,-0.007098
2005-07-01,1.251,-0.006354
2005-07-04,1.252,0.000799
2005-07-05,1.25,-0.001597
2005-07-06,1.242,-0.0064
2005-07-07,1.241,-0.000805
2005-07-08,1.23,-0.008864
2005-07-11,1.229,-0.000813
2005-07-12,1.244,0.012205
2005-07-13,1.235,-0.007235
2005-07-14,1.237,0.001619
2005-07-15,1.234,-0.002425
2005-07-18,1.229,-0.004052
2005-07-19,1.228,-0.000814
2005-07-20,1.238,0.008143
2005-07-21,1.239,0.000808
2005-07-22,1.248,0.007264
2005-07-25,1.247,-0.000801
2005-07-26,1.259,0.009623
2005-07-27,1.28,0.01668
2005-07-28,1.276,-0.003125
2005-07-29,1.27,-0.004702
2005-08-01,1.276,0.004724
2005-08-02,1.283,0.005486
2005-08-03,1.284,0.000779
2005-08-04,1.281,-0.002336
2005-08-05,1.297,0.01249
2005-08-08,1.295,-0.001542
2005-08-09,1.292,-0.002317
2005-08-10,1.295,0.002322
2005-08-11,1.323,0.021622
2005-08-12,1.309,-0.010582
2005-08-15,1.32,0.008403
2005-08-16,1.316,-0.00303
2005-08-17,1.317,0.00076
2005-08-18,1.296,-0.015945
2005-08-19,1.296,0.0
2005-08-22,1.303,0.005401
2005-08-23,1.304,0.000767
2005-08-24,1.307,0.002301
2005-08-25,1.303,-0.00306
2005-08-26,1.3,-0.002302
2005-08-29,1.29,-0.007692
2005-08-30,1.29,0.0
2005-08-31,1.303,0.010078
2005-09-01,1.32,0.013047
2005-09-02,1.321,0.000758
2005-09-05,1.32,-0.000757
2005-09-06,1.314,-0.004545
2005-09-07,1.336,0.016743
2005-09-08,1.345,0.006737
2005-09-09,1.342,-0.00223
2005-09-12,1.348,0.004471
2005-09-13,1.362,0.010386
2005-09-14,1.363,0.000734
2005-09-15,1.36,-0.002201
2005-09-16,1.356,-0.002941
2005-09-19,1.36,0.00295
2005-09-20,1.354,-0.004412
2005-09-21,1.336,-0.013294
2005-09-22,1.325,-0.008234
2005-09-23,1.33,0.003774
2005-09-26,1.332,0.001504
2005-09-27,1.328,-0.003003
2005-09-28,1.324,-0.003012
2005-09-29,1.338,0.010574
2005-09-30,1.34,0.001495
2005-10-10,1.33,-0.007463
2005-10-11,1.336,0.004511
2005-10-12,1.34,0.002994
2005-10-13,1.337,-0.002239
2005-10-14,1.328,-0.006731
2005-10-17,1.32,-0.006024
2005-10-18,1.322,0.001515
2005-10-19,1.317,-0.003782
2005-10-20,1.32,0.002278
2005-10-21,1.323,0.002273
2005-10-24,1.326,0.002268
2005-10-25,1.314,-0.00905
2005-10-26,1.305,-0.006849
2005-10-27,1.307,0.001533
2005-10-28,1.294,-0.009946
2005-10-31,1.294,0.0
2005-11-01,1.286,-0.006182
2005-11-02,1.289,0.002333
2005-11-03,1.277,-0.00931
2005-11-04,1.274,-0.002349
2005-11-07,1.268,-0.00471
2005-11-08,1.274,0.004732
2005-11-09,1.279,0.003925
2005-11-10,1.271,-0.006255
2005-11-11,1.274,0.00236
2005-11-14,1.266,-0.006279
2005-11-15,1.258,-0.006319
2005-11-16,1.256,-0.00159
2005-11-17,1.253,-0.002389
2005-11-18,1.265,0.009577
2005-11-21,1.271,0.004743
2005-11-22,1.265,-0.004721
2005-11-23,1.27,0.003953
2005-11-24,1.271,0.000787
2005-11-25,1.272,0.000787
2005-11-28,1.264,-0.006289
2005-11-29,1.254,-0.007911
2005-11-30,1.251,-0.002392
2005-12-01,1.251,0.0
2005-12-02,1.25,-0.000799
2005-12-05,1.242,-0.0064
2005-12-06,1.244,0.00161
2005-12-07,1.25,0.004823
2005-12-08,1.251,0.0008
2005-12-09,1.262,0.008793
2005-12-12,1.262,0.0
2005-12-13,1.261,-0.000792
2005-12-14,1.275,0.011102
2005-12-15,1.275,0.0
2005-12-16,1.281,0.004706
2005-12-19,1.28,-0.000781
2005-12-20,1.282,0.001562
2005-12-21,1.283,0.00078
2005-12-22,1.291,0.006235
2005-12-23,1.298,0.005422
2005-12-26,1.308,0.007704
2005-12-27,1.308,0.0
2005-12-28,1.31,0.001529
2005-12-29,1.328,0.01374
2005-12-30,1.324,-0.003012
2005-12-31,1.324,0.0
2006-01-04,1.323,-0.000755
2006-01-05,1.331,0.006047
2006-01-06,1.35,0.014275
2006-01-09,1.352,0.001481
2006-01-10,1.349,-0.002219
2006-01-11,1.344,-0.003706
2006-01-12,1.354,0.00744
2006-01-13,1.352,-0.001477
2006-01-16,1.339,-0.009615
2006-01-17,1.341,0.001494
2006-01-18,1.35,0.006711
2006-01-19,1.357,0.005185
2006-01-20,1.356,-0.000737
2006-01-23,1.351,-0.003687
2006-01-24,1.362,0.008142
2006-01-25,1.378,0.011747
2006-02-06,1.398,0.014514
2006-02-07,1.404,0.004292
2006-02-08,1.398,-0.004274
2006-02-09,1.386,-0.008584
2006-02-10,1.399,0.00938
2006-02-13,1.415,0.011437
2006-02-14,1.43,0.010601
2006-02-15,1.432,0.001399
2006-02-16,1.411,-0.014665
2006-02-17,1.41,-0.000709
2006-02-20,1.407,-0.002128
2006-02-21,1.417,0.007107
2006-02-22,1.413,-0.002823
2006-02-23,1.403,-0.007077
2006-02-24,1.416,0.009266
2006-02-27,1.424,0.00565
2006-02-28,1.428,0.002809
2006-03-01,1.443,0.010504
2006-03-02,1.436,-0.004851
2006-03-03,1.441,0.003482
2006-03-06,1.443,0.001388
2006-03-07,1.42,-0.015939
2006-03-08,1.416,-0.002817
2006-03-09,1.418,0.001412
2006-03-10,1.423,0.003526
2006-03-13,1.434,0.00773
2006-03-14,1.44,0.004184
2006-03-15,1.452,0.008333
2006-03-16,1.459,0.004821
2006-03-17,1.456,-0.002056
2006-03-20,1.463,0.004808
2006-03-21,1.47,0.004785
2006-03-22,1.491,0.014286
2006-03-23,1.497,0.004024
2006-03-24,1.497,0.0
2006-03-27,1.512,0.01002
2006-03-28,1.528,0.010582
2006-03-29,1.535,0.004581
2006-03-30,1.528,-0.00456
2006-03-31,1.547,0.012435
2006-04-03,1.569,0.014221
2006-04-04,1.583,0.008923
2006-04-05,1.596,0.008212
2006-04-06,1.603,0.004386
2006-04-07,1.61,0.004367
2006-04-10,1.624,0.008696
2006-04-11,1.639,0.009236
2006-04-12,1.634,-0.003051
2006-04-13,1.6,-0.020808
2006-04-14,1.626,0.01625
2006-04-17,1.628,0.00123
2006-04-18,1.636,0.004914
2006-04-19,1.671,0.021394
2006-04-20,1.667,-0.002394
2006-04-21,1.689,0.013197
2006-04-24,1.71,0.012433
2006-04-25,1.731,0.012281
2006-04-26,1.747,0.009243
2006-04-27,1.748,0.000572
2006-04-28,1.778,0.017162
2006-05-08,1.826,0.026997
2006-05-09,1.858,0.017525
2006-05-10,1.867,0.004844
2006-05-11,1.88,0.006963
2006-05-12,1.928,0.025532
2006-05-15,1.989,0.031639
2006-05-16,1.965,-0.012066
2006-05-17,1.966,0.000509
2006-05-18,1.965,-0.000509
2006-05-19,1.996,0.015776
2006-05-22,1.977,-0.009519
2006-05-23,1.923,-0.027314
2006-05-24,1.91,-0.00676
2006-05-25,1.907,-0.001571
2006-05-26,1.938,0.016256
2006-05-29,1.971,0.017028
2006-05-30,1.998,0.013699
2006-05-31,1.982,-0.008008
2006-06-01,2.019,0.018668
2006-06-02,1.987,-0.015849
2006-06-05,1.985,-0.001007
2006-06-06,1.958,-0.013602
2006-06-07,1.892,-0.033708
2006-06-08,1.906,0.0074
2006-06-09,1.895,-0.005771
2006-06-12,1.918,0.012137
2006-06-13,1.912,-0.003128
2006-06-14,1.904,-0.004184
2006-06-15,1.918,0.007353
2006-06-16,1.951,0.017205
2006-06-19,1.979,0.014352
2006-06-20,1.991,0.006064
2006-06-21,1.977,-0.007032
2006-06-22,1.975,-0.001012
2006-06-23,1.983,0.004051
2006-06-26,1.999,0.008069
2006-06-27,2.002,0.001501
2006-06-28,1.994,-0.003996
2006-06-29,2.018,0.012036
2006-06-30,2.007,-0.005451
2006-07-03,2.014,0.003488
2006-07-04,2.028,0.006951
2006-07-05,2.028,0.0
2006-07-06,2.065,0.018245
2006-07-07,2.061,-0.001937
2006-07-10,2.06,-0.000485
2006-07-11,2.071,0.00534
2006-07-12,2.078,0.00338
2006-07-13,2.019,-0.028393
2006-07-14,2.036,0.00842
2006-07-17,2.056,0.009823
2006-07-18,2.053,-0.001459
2006-07-19,2.018,-0.017048
2006-07-20,2.023,0.002478
2006-07-21,2.029,0.002966
2006-07-24,2.042,0.006407
2006-07-25,2.059,0.008325
2006-07-26,2.059,0.0
2006-07-27,2.051,-0.003885
2006-07-28,2.026,-0.012189
2006-07-31,1.97,-0.027641
2006-08-01,1.957,-0.006599
2006-08-02,1.942,-0.007665
2006-08-03,1.936,-0.00309
2006-08-04,1.9,-0.018595
2006-08-07,1.889,-0.005789
2006-08-08,1.922,0.01747
2006-08-09,1.923,0.00052
2006-08-10,1.94,0.00884
2006-08-11,1.952,0.006186
2006-08-14,1.915,-0.018955
2006-08-15,1.93,0.007833
2006-08-16,1.953,0.011917
2006-08-17,1.948,-0.00256
2006-08-18,1.948,0.0
2006-08-21,1.96,0.00616
2006-08-22,1.983,0.011735
2006-08-23,1.982,-0.000504
2006-08-24,1.99,0.004036
2006-08-25,2.0,0.005025
2006-08-28,2.037,0.0185
2006-08-29,2.047,0.004909
2006-08-30,2.052,0.002443
2006-08-31,2.052,0.0
2006-09-01,2.032,-0.009747
2006-09-04,2.063,0.015256
2006-09-05,2.065,0.000969
2006-09-06,2.056,-0.004358
2006-09-07,2.038,-0.008755
2006-09-08,2.044,0.002944
2006-09-11,2.043,-0.000489
2006-09-12,2.048,0.002447
2006-09-13,2.031,-0.008301
2006-09-14,2.026,-0.002462
2006-09-15,2.044,0.008885
2006-09-18,2.056,0.005871
2006-09-19,2.066,0.004864
2006-09-20,2.074,0.003872
2006-09-21,2.087,0.006268
2006-09-22,2.089,0.000958
2006-09-25,2.099,0.004787
2006-09-26,2.093,-0.002859
2006-09-27,2.096,0.001433
2006-09-28,2.112,0.007634
2006-09-29,2.129,0.008049
2006-09-30,2.129,0.0
2006-10-09,2.155,0.012212
2006-10-10,2.173,0.008353
2006-10-11,2.161,-0.005522
2006-10-12,2.119,-0.019435
2006-10-13,2.139,0.009438
2006-10-16,2.117,-0.010285
2006-10-17,2.114,-0.001417
2006-10-18,2.14,0.012299
2006-10-19,2.165,0.011682
2006-10-20,2.161,-0.001848
2006-10-23,2.12,-0.018973
2006-10-24,2.147,0.012736
2006-10-25,2.164,0.007918
2006-10-26,2.178,0.00647
2006-10-27,2.149,-0.013315
2006-10-30,2.134,-0.00698
2006-10-31,2.14,0.002812
2006-11-01,2.142,0.000935
2006-11-02,2.136,-0.002801
2006-11-03,2.141,0.002341
2006-11-06,2.137,-0.001868
2006-11-07,2.129,-0.003744
2006-11-08,2.135,0.002818
2006-11-09,2.17,0.016393
2006-11-10,2.141,-0.013364
2006-11-13,2.089,-0.024288
2006-11-14,2.107,0.008617
2006-11-15,2.15,0.020408
2006-11-16,2.153,0.001395
2006-11-17,2.183,0.013934
2006-11-20,2.194,0.005039
2006-11-21,2.207,0.005925
2006-11-22,2.24,0.014952
2006-11-23,2.233,-0.003125
2006-11-24,2.247,0.00627
2006-11-27,2.274,0.012016
2006-11-28,2.275,0.00044
2006-11-29,2.307,0.014066
2006-11-30,2.35,0.018639
2006-12-01,2.359,0.00383
2006-12-04,2.382,0.00975
2006-12-05,2.386,0.001679
2006-12-06,2.361,-0.010478
2006-12-07,2.356,-0.002118
2006-12-08,2.335,-0.008913
2006-12-11,2.378,0.018415
2006-12-12,2.397,0.00799
2006-12-13,2.41,0.005423
2006-12-14,2.431,0.008714
2006-12-15,2.463,0.013163
2006-12-18,2.57,0.043443
2006-12-19,2.568,-0.000778
2006-12-20,2.576,0.003115
2006-12-21,2.548,-0.01087
2006-12-22,2.539,-0.003532
2006-12-25,2.564,0.009846
2006-12-26,2.555,-0.00351
2006-12-27,2.595,0.015656
2006-12-28,2.591,-0.001541
2006-12-29,2.616,0.009649
2006-12-31,2.615,-0.000382
2007-01-04,2.598,-0.006501
2007-01-05,2.594,-0.00154
2007-01-08,2.638,0.016962
2007-01-09,2.697,0.022365
2007-01-10,2.718,0.007786
2007-01-11,2.732,0.005151
2007-01-12,2.702,-0.010981
2007-01-15,2.801,0.03664
2007-01-16,2.902,0.036059
2007-01-17,2.894,-0.002757
2007-01-18,2.91,0.005529
2007-01-19,2.985,0.025773
2007-01-22,3.061,0.025461
2007-01-23,3.021,-0.013068
2007-01-24,3.036,0.004965
2007-01-25,2.988,-0.01581
2007-01-26,3.008,0.006693
2007-01-29,3.066,0.019282
2007-01-30,3.075,0.002935
2007-01-31,2.955,-0.039024
2007-02-01,2.963,0.002707
2007-02-02,2.893,-0.023625
2007-02-05,2.907,0.004839
2007-02-06,2.915,0.002752
2007-02-07,2.958,0.014751
2007-02-08,3.007,0.016565
2007-02-09,3.001,-0.001995
2007-02-12,3.056,0.018327
2007-02-13,3.087,0.010144
2007-02-14,3.114,0.008746
2007-02-15,3.154,0.012845
2007-02-16,3.174,0.006341
2007-02-26,3.166,-0.00252
2007-02-27,2.966,-0.063171
2007-02-28,2.99,0.008092
2007-03-01,2.922,-0.022742
2007-03-02,2.951,0.009925
2007-03-05,2.944,-0.002372
2007-03-06,2.963,0.006454
2007-03-07,3.028,0.021937
2007-03-08,3.052,0.007926
2007-03-09,3.032,-0.006553
2007-03-12,3.045,0.004288
2007-03-13,3.058,0.004269
2007-03-14,3.029,-0.009483
2007-03-15,3.052,0.007593
2007-03-16,3.039,-0.00426
2007-03-19,3.054,0.004936
2007-03-20,3.054,0.0
2007-03-21,3.065,0.003602
2007-03-22,3.071,0.001958
2007-03-23,3.076,0.001628
2007-03-26,3.122,0.014954
2007-03-27,3.125,0.000961
2007-03-28,3.122,-0.00096
2007-03-29,3.113,-0.002883
2007-03-30,3.112,-0.000321
2007-03-31,3.112,0.0
2007-04-02,3.137,0.008033
2007-04-03,3.191,0.017214
2007-04-04,3.222,0.009715
2007-04-05,3.236,0.004345
2007-04-06,3.268,0.009889
2007-04-09,3.315,0.014382
2007-04-10,3.313,-0.000603
2007-04-11,3.312,-0.000302
2007-04-12,3.358,0.013889
2007-04-13,3.404,0.013699
2007-04-16,3.446,0.012338
2007-04-17,3.445,-0.00029
2007-04-18,3.469,0.006967
2007-04-19,3.363,-0.030556
2007-04-20,3.475,0.033304
2007-04-23,3.535,0.017266
2007-04-24,3.549,0.00396
2007-04-25,3.517,-0.009017
2007-04-26,3.53,0.003696
2007-04-27,3.497,-0.009348
2007-04-30,3.543,0.013154
2007-05-08,3.612,0.019475
2007-05-09,3.587,-0.006921
2007-05-10,3.595,0.00223
2007-05-11,3.595,0.0
2007-05-14,3.624,0.008067
2007-05-15,3.575,-0.013521
2007-05-16,3.632,0.015944
2007-05-17,3.693,0.016795
2007-05-18,3.715,0.005957
2007-05-21,3.792,0.020727
2007-05-22,3.838,0.012131
2007-05-23,3.873,0.009119
2007-05-24,3.848,-0.006455
2007-05-25,3.931,0.02157
2007-05-28,4.008,0.019588
2007-05-29,4.058,0.012475
2007-05-30,3.857,-0.049532
2007-05-31,3.948,0.023593
2007-06-01,3.973,0.006332
2007-06-04,3.765,-0.052353
2007-06-05,3.848,0.022045
2007-06-06,3.892,0.011435
2007-06-07,4.008,0.029805
2007-06-08,4.043,0.008733
2007-06-11,4.15,0.026465
2007-06-12,4.235,0.020482
2007-06-13,4.283,0.011334
2007-06-14,4.244,-0.009106
2007-06-15,4.269,0.005891
2007-06-18,4.33,0.014289
2007-06-19,4.36,0.006928
2007-06-20,4.293,-0.015367
2007-06-21,4.331,0.008852
2007-06-22,4.254,-0.017779
2007-06-25,4.165,-0.020921
2007-06-26,4.219,0.012965
2007-06-27,4.28,0.014458
2007-06-28,4.178,-0.023832
2007-06-29,4.081,-0.023217
2007-06-30,4.081,0.0
2007-07-02,4.048,-0.008086
2007-07-03,4.095,0.011611
2007-07-04,4.048,-0.011477
2007-07-05,3.919,-0.031868
2007-07-06,4.029,0.028068
2007-07-09,4.102,0.018119
2007-07-10,4.056,-0.011214
2007-07-11,4.083,0.006657
2007-07-12,4.093,0.002449
2007-07-13,4.112,0.004642
2007-07-16,4.062,-0.01216
2007-07-17,4.131,0.016987
2007-07-18,4.152,0.005084
2007-07-19,4.163,0.002649
2007-07-20,4.298,0.032429
2007-07-23,4.396,0.022801
2007-07-24,4.408,0.00273
2007-07-25,4.424,0.00363
2007-07-26,4.439,0.003391
2007-07-27,4.461,0.004956
2007-07-30,4.519,0.013002
2007-07-31,4.53,0.002434
2007-08-01,4.456,-0.016336
2007-08-02,4.595,0.031194
2007-08-03,4.68,0.018498
2007-08-06,4.702,0.004701
2007-08-07,4.765,0.013399
2007-08-08,4.708,-0.011962
2007-08-09,4.758,0.01062
2007-08-10,4.682,-0.015973
2007-08-13,4.637,-0.009611
2007-08-14,4.661,0.005176
2007-08-15,4.677,0.003433
2007-08-16,4.627,-0.010691
2007-08-17,4.581,-0.009942
2007-08-20,4.734,0.033399
2007-08-21,4.773,0.008238
2007-08-22,4.838,0.013618
2007-08-23,4.902,0.013229
2007-08-24,4.938,0.007344
2007-08-27,4.921,-0.003443
2007-08-28,4.9,-0.004267
2007-08-29,4.863,-0.007551
2007-08-30,4.905,0.008637
2007-08-31,4.937,0.006524
2007-09-03,5.012,0.015191
2007-09-04,4.991,-0.00419
2007-09-05,4.976,-0.003005
2007-09-06,5.014,0.007637
2007-09-07,4.931,-0.016554
2007-09-10,4.951,0.004056
2007-09-11,4.798,-0.030903
2007-09-12,4.854,0.011672
2007-09-13,4.944,0.018541
2007-09-14,4.961,0.003439
2007-09-17,5.026,0.013102
2007-09-18,4.964,-0.012336
2007-09-19,4.914,-0.010073
2007-09-20,4.932,0.003663
2007-09-21,4.88,-0.010543
2007-09-24,4.896,0.003279
2007-09-25,4.915,0.003881
2007-09-26,4.893,-0.004476
2007-09-27,4.938,0.009197
2007-09-28,5.034,0.019441
2007-09-30,5.034,0.0
2007-10-08,5.092,0.011522
2007-10-09,5.153,0.01198
2007-10-10,5.128,-0.004852
2007-10-11,5.116,-0.00234
2007-10-12,5.067,-0.009578
2007-10-15,5.014,-0.01046
2007-10-16,5.075,0.012166
2007-10-17,5.071,-0.000788
2007-10-18,4.956,-0.022678
2007-10-19,4.943,-0.002623
2007-10-22,4.873,-0.014161
2007-10-23,4.902,0.005951
2007-10-24,4.908,0.001224
2007-10-25,4.744,-0.033415
2007-10-26,4.773,0.006113
2007-10-29,4.806,0.006914
2007-10-30,4.839,0.006866
2007-10-31,4.928,0.018392
2007-11-01,4.903,-0.005073
2007-11-02,4.814,-0.018152
2007-11-05,4.806,-0.001662
2007-11-06,4.806,0.0
2007-11-07,4.85,0.009155
2007-11-08,4.778,-0.014845
2007-11-09,4.749,-0.006069
2007-11-12,4.736,-0.002737
2007-11-13,4.697,-0.008235
2007-11-14,4.787,0.019161
2007-11-15,4.746,-0.008565
2007-11-16,4.684,-0.013064
2007-11-19,4.7,0.003416
2007-11-20,4.763,0.013404
2007-11-21,4.734,-0.006089
2007-11-22,4.651,-0.017533
2007-11-23,4.69,0.008385
2007-11-26,4.688,-0.000426
2007-11-27,4.607,-0.017278
2007-11-28,4.563,-0.009551
2007-11-29,4.642,0.017313
2007-11-30,4.598,-0.009479
2007-12-03,4.62,0.004785
2007-12-04,4.666,0.009957
2007-12-05,4.727,0.013073
2007-12-06,4.734,0.001481
2007-12-07,4.766,0.00676
2007-12-10,4.839,0.015317
2007-12-11,4.866,0.00558
2007-12-12,4.834,-0.006576
2007-12-13,4.731,-0.021307
2007-12-14,4.799,0.014373
2007-12-17,4.758,-0.008543
2007-12-18,4.734,-0.005044
2007-12-19,4.781,0.009928
2007-12-20,4.837,0.011713
2007-12-21,4.861,0.004962
2007-12-24,4.948,0.017898
2007-12-25,4.967,0.00384
2007-12-26,5.007,0.008053
2007-12-27,5.073,0.013182
2007-12-28,5.057,-0.003154
2007-12-29,5.057,0.0
2007-12-31,5.057,0.0
2008-01-02,5.111,0.010678
2008-01-03,5.119,0.001565
2008-01-04,5.144,0.004884
2008-01-07,5.184,0.007776
2008-01-08,5.143,-0.007909
2008-01-09,5.195,0.010111
2008-01-10,5.21,0.002887
2008-01-11,5.239,0.005566
2008-01-14,5.295,0.010689
2008-01-15,5.27,-0.004721
2008-01-16,5.183,-0.016509
2008-01-17,5.107,-0.014663
2008-01-18,5.125,0.003525
2008-01-21,4.996,-0.025171
2008-01-22,4.776,-0.044035
2008-01-23,4.958,0.038107
2008-01-24,5.036,0.015732
2008-01-25,5.041,0.000993
2008-01-28,4.85,-0.037889
2008-01-29,4.849,-0.000206
2008-01-30,4.827,-0.004537
2008-01-31,4.733,-0.019474
2008-02-01,4.68,-0.011198
2008-02-04,4.932,0.053846
2008-02-05,4.911,-0.004258
2008-02-13,4.855,-0.011403
2008-02-14,4.898,0.008857
2008-02-15,4.854,-0.008983
2008-02-18,4.953,0.020396
2008-02-19,5.006,0.010701
2008-02-20,4.957,-0.009788
2008-02-21,4.972,0.003026
2008-02-22,4.875,-0.019509
2008-02-25,4.773,-0.020923
2008-02-26,4.716,-0.011942
2008-02-27,4.783,0.014207
2008-02-28,4.788,0.001045
2008-02-29,4.812,0.005013
2008-03-03,4.923,0.023067
2008-03-04,4.856,-0.01361
2008-03-05,4.82,-0.007414
2008-03-06,4.835,0.003112
2008-03-07,4.796,-0.008066
2008-03-10,4.673,-0.025646
2008-03-11,4.645,-0.005992
2008-03-12,4.552,-0.020022
2008-03-13,4.48,-0.015817
2008-03-14,4.447,-0.007366
2008-03-17,4.304,-0.032157
2008-03-18,4.183,-0.028113
2008-03-19,4.282,0.023667
2008-03-20,4.373,0.021252
2008-03-21,4.367,-0.001372
2008-03-24,4.249,-0.027021
2008-03-25,4.259,0.002353
2008-03-26,4.255,-0.000939
2008-03-27,4.163,-0.021622
2008-03-28,4.247,0.020178
2008-03-31,4.184,-0.014834
2008-04-01,4.023,-0.03848
2008-04-02,3.958,-0.016157
2008-04-03,4.031,0.018444
2008-04-07,4.173,0.035227
2008-04-08,4.204,0.007429
2008-04-09,4.089,-0.027355
2008-04-10,4.135,0.01125
2008-04-11,4.166,0.007497
2008-04-14,4.046,-0.028805
2008-04-15,4.084,0.009392
2008-04-16,4.069,-0.003673
2008-04-17,4.006,-0.015483
2008-04-18,3.976,-0.007489
2008-04-21,3.965,-0.002767
2008-04-22,3.983,0.00454
2008-04-23,4.09,0.026864
2008-04-24,4.305,0.052567
2008-04-25,4.269,-0.008362
2008-04-28,4.227,-0.009838
2008-04-29,4.251,0.005678
2008-04-30,4.339,0.020701
2008-05-05,4.411,0.016594
2008-05-06,4.389,-0.004988
2008-05-07,4.286,-0.023468
2008-05-08,4.368,0.019132
2008-05-09,4.361,-0.001603
2008-05-12,4.416,0.012612
2008-05-13,4.46,0.009964
2008-05-14,4.483,0.005157
2008-05-15,4.432,-0.011376
2008-05-16,4.407,-0.005641
2008-05-19,4.417,0.002269
2008-05-20,4.272,-0.032828
2008-05-21,4.335,0.014747
2008-05-22,4.32,-0.00346
2008-05-23,4.283,-0.008565
2008-05-26,4.216,-0.015643
2008-05-27,4.219,0.000712
2008-05-28,4.271,0.012325
2008-05-29,4.223,-0.011239
2008-05-30,4.208,-0.003552
2008-06-02,4.224,0.003802
2008-06-03,4.228,0.000947
2008-06-04,4.177,-0.012062
2008-06-05,4.128,-0.011731
2008-06-06,4.119,-0.00218
2008-06-10,3.962,-0.038116
2008-06-11,3.942,-0.005048
2008-06-12,3.911,-0.007864
2008-06-13,3.856,-0.014063
2008-06-16,3.811,-0.01167
2008-06-17,3.749,-0.016269
2008-06-18,3.841,0.02454
2008-06-19,3.71,-0.034106
2008-06-20,3.753,0.01159
2008-06-23,3.705,-0.01279
2008-06-24,3.759,0.014575
2008-06-25,3.848,0.023677
2008-06-26,3.87,0.005717
2008-06-27,3.777,-0.024031
2008-06-30,3.782,0.001324
2008-07-01,3.729,-0.014014
2008-07-02,3.744,0.004023
2008-07-03,3.799,0.01469
2008-07-04,3.776,-0.006054
2008-07-07,3.859,0.021981
2008-07-08,3.878,0.004924
2008-07-09,3.921,0.011088
2008-07-10,3.906,-0.003826
2008-07-11,3.898,-0.002048
2008-07-14,3.918,0.005131
2008-07-15,3.858,-0.015314
2008-07-16,3.809,-0.012701
2008-07-17,3.795,-0.003676
2008-07-18,3.817,0.005797
2008-07-21,3.884,0.017553
2008-07-22,3.881,-0.000772
2008-07-23,3.857,-0.006184
2008-07-24,3.901,0.011408
2008-07-25,3.887,-0.003589
2008-07-28,3.893,0.001544
2008-07-29,3.869,-0.006165
2008-07-30,3.857,-0.003102
2008-07-31,3.804,-0.013741
2008-08-01,3.816,0.003155
2008-08-04,3.791,-0.006551
2008-08-05,3.736,-0.014508
2008-08-06,3.729,-0.001874
2008-08-07,3.734,0.001341
2008-08-08,3.671,-0.016872
2008-08-11,3.593,-0.021248
2008-08-12,3.601,0.002227
2008-08-13,3.619,0.004999
2008-08-14,3.646,0.007461
2008-08-15,3.645,-0.000274
2008-08-18,3.56,-0.02332
2008-08-19,3.578,0.005056
2008-08-20,3.702,0.034656
2008-08-21,3.623,-0.02134
2008-08-22,3.594,-0.008004
2008-08-25,3.58,-0.003895
2008-08-26,3.527,-0.014804
2008-08-27,3.482,-0.012759
2008-08-28,3.471,-0.003159
2008-08-29,3.503,0.009219
2008-09-01,3.444,-0.016843
2008-09-02,3.419,-0.007259
2008-09-03,3.385,-0.009944
2008-09-04,3.383,-0.000591
2008-09-05,3.353,-0.008868
2008-09-08,3.311,-0.012526
2008-09-09,3.308,-0.000906
2008-09-10,3.307,-0.000302
2008-09-11,3.265,-0.0127
2008-09-12,3.27,0.001531
2008-09-16,3.173,-0.029664
2008-09-17,3.145,-0.008824
2008-09-18,3.12,-0.007949
2008-09-19,3.265,0.046474
2008-09-22,3.319,0.016539
2008-09-23,3.228,-0.027418
2008-09-24,3.216,-0.003717
2008-09-25,3.27,0.016791
2008-09-26,3.297,0.008257
2008-09-30,3.296,-0.000303
2008-10-06,3.23,-0.020024
2008-10-07,3.227,-0.000929
2008-10-08,3.193,-0.010536
2008-10-09,3.171,-0.00689
2008-10-10,3.106,-0.020498
2008-10-13,3.122,0.005151
2008-10-14,3.099,-0.007367
2008-10-15,3.068,-0.010003
2008-10-16,3.013,-0.017927
2008-10-17,3.017,0.001328
2008-10-20,3.044,0.008949
2008-10-21,3.042,-0.000657
2008-10-22,3.014,-0.009204
2008-10-23,3.021,0.002322
2008-10-24,3.0,-0.006951
2008-10-27,2.92,-0.026667
2008-10-28,2.953,0.011301
2008-10-29,2.927,-0.008805
2008-10-30,2.949,0.007516
2008-10-31,2.925,-0.008138
2008-11-03,2.916,-0.003077
2008-11-04,2.907,-0.003086
2008-11-05,2.932,0.0086
2008-11-06,2.9,-0.010914
2008-11-07,2.902,0.00069
2008-11-10,2.986,0.028946
2008-11-11,2.971,-0.005023
2008-11-12,2.978,0.002356
2008-11-13,3.034,0.018805
2008-11-14,3.096,0.020435
2008-11-17,3.141,0.014535
2008-11-18,3.051,-0.028653
2008-11-19,3.14,0.029171
2008-11-20,3.125,-0.004777
2008-11-21,3.111,-0.00448
2008-11-24,3.072,-0.012536
2008-11-25,3.065,-0.002279
2008-11-26,3.072,0.002284
2008-11-27,3.108,0.011719
2008-11-28,3.095,-0.004183
2008-12-01,3.13,0.011309
2008-12-02,3.159,0.009265
2008-12-03,3.209,0.015828
2008-12-04,3.225,0.004986
2008-12-05,3.247,0.006822
2008-12-08,3.301,0.016631
2008-12-09,3.27,-0.009391
2008-12-10,3.314,0.013456
2008-12-11,3.286,-0.008449
2008-12-12,3.225,-0.018564
2008-12-15,3.259,0.010543
2008-12-16,3.284,0.007671
2008-12-17,3.319,0.010658
2008-12-18,3.36,0.012353
2008-12-19,3.399,0.011607
2008-12-22,3.382,-0.005001
2008-12-23,3.301,-0.02395
2008-12-24,3.261,-0.012118
2008-12-25,3.254,-0.002147
2008-12-26,3.247,-0.002151
2008-12-29,3.26,0.004004
2008-12-30,3.277,0.005215
2008-12-31,3.256,-0.006408
2009-01-05,3.3,0.013514
2009-01-06,3.329,0.008788
2009-01-07,3.321,-0.002403
2009-01-08,3.296,-0.007528
2009-01-09,3.339,0.013046
2009-01-12,3.354,0.004492
2009-01-13,3.297,-0.016995
2009-01-14,3.369,0.021838
2009-01-15,3.367,-0.000594
2009-01-16,3.388,0.006237
2009-01-19,3.38,-0.002361
2009-01-20,3.391,0.003254
2009-01-21,3.385,-0.001769
2009-01-22,3.415,0.008863
2009-01-23,3.398,-0.004978
2009-02-02,3.428,0.008829
2009-02-03,3.473,0.013127
2009-02-04,3.511,0.010942
2009-02-05,3.473,-0.010823
2009-02-06,3.54,0.019292
2009-02-09,3.613,0.020621
2009-02-10,3.65,0.010241
2009-02-11,3.646,-0.001096
2009-02-12,3.664,0.004937
2009-02-13,3.72,0.015284
2009-02-16,3.753,0.008871
2009-02-17,3.687,-0.017586
2009-02-18,3.599,-0.023868
2009-02-19,3.628,0.008058
2009-02-20,3.674,0.012679
2009-02-23,3.736,0.016875
2009-02-24,3.638,-0.026231
2009-02-25,3.645,0.001924
2009-02-26,3.53,-0.03155
2009-02-27,3.475,-0.015581
2009-03-02,3.516,0.011799
2009-03-03,3.529,0.003697
2009-03-04,3.639,0.03117
2009-03-05,3.629,-0.002748
2009-03-06,3.615,-0.003858
2009-03-09,3.562,-0.014661
2009-03-10,3.598,0.010107
2009-03-11,3.589,-0.002501
2009-03-12,3.583,-0.001672
2009-03-13,3.572,-0.00307
2009-03-16,3.594,0.006159
2009-03-17,3.654,0.016694
2009-03-18,3.669,0.004105
2009-03-19,3.694,0.006814
2009-03-20,3.672,-0.005956
2009-03-23,3.711,0.010621
2009-03-24,3.733,0.005928
2009-03-25,3.694,-0.010447
2009-03-26,3.739,0.012182
2009-03-27,3.755,0.004279
2009-03-30,3.742,-0.003462
2009-03-31,3.785,0.011491
2009-04-01,3.803,0.004756
2009-04-02,3.837,0.00894
2009-04-03,3.826,-0.002867
2009-04-07,3.82,-0.001568
2009-04-08,3.744,-0.019895
2009-04-09,3.783,0.010417
2009-04-10,3.867,0.022205
2009-04-13,3.903,0.00931
2009-04-14,3.946,0.011017
2009-04-15,3.967,0.005322
2009-04-16,3.949,-0.004537
2009-04-17,3.933,-0.004052
2009-04-20,3.973,0.01017
2009-04-21,3.942,-0.007803
2009-04-22,3.855,-0.02207
2009-04-23,3.877,0.005707
2009-04-24,3.869,-0.002063
2009-04-27,3.806,-0.016283
2009-04-28,3.824,0.004729
2009-04-29,3.877,0.01386
2009-04-30,3.914,0.009543
2009-05-04,3.98,0.016863
2009-05-05,4.002,0.005528
2009-05-06,4.042,0.009995
2009-05-07,4.032,-0.002474
2009-05-08,4.024,-0.001984
2009-05-11,3.944,-0.019881
2009-05-12,4.014,0.017748
2009-05-13,4.025,0.00274
2009-05-14,4.036,0.002733
2009-05-15,4.051,0.003717
2009-05-18,4.078,0.006665
2009-05-19,4.096,0.004414
2009-05-20,4.096,0.0
2009-05-21,4.033,-0.015381
2009-05-22,4.017,-0.003967
2009-05-25,4.038,0.005228
2009-05-26,4.037,-0.000248
2009-05-27,4.038,0.000248
2009-06-01,4.083,0.011144
2009-06-02,4.098,0.003674
2009-06-03,4.124,0.006345
2009-06-04,4.109,-0.003637
2009-06-05,4.08,-0.007058
2009-06-08,4.083,0.000735
2009-06-09,4.106,0.005633
2009-06-10,4.123,0.00414
2009-06-11,4.107,-0.003881
2009-06-12,4.057,-0.012174
2009-06-15,4.099,0.010352
2009-06-16,4.084,-0.003659
2009-06-17,4.121,0.00906
2009-06-18,4.142,0.005096
2009-06-19,4.156,0.00338
2009-06-22,4.157,0.000241
2009-06-23,4.188,0.007457
2009-06-24,4.214,0.006208
2009-06-25,4.236,0.005221
2009-06-26,4.266,0.007082
2009-06-29,4.295,0.006798
2009-06-30,4.282,-0.003027
2009-07-01,4.344,0.014479
2009-07-02,4.364,0.004604
2009-07-03,4.399,0.00802
2009-07-06,4.414,0.00341
2009-07-07,4.38,-0.007703
2009-07-08,4.398,0.00411
2009-07-09,4.429,0.007049
2009-07-10,4.44,0.002484
2009-07-13,4.401,-0.008784
2009-07-14,4.48,0.01795
2009-07-15,4.51,0.006696
2009-07-16,4.523,0.002882
2009-07-17,4.53,0.001548
2009-07-20,4.587,0.012583
2009-07-21,4.551,-0.007848
2009-07-22,4.615,0.014063
2009-07-23,4.668,0.011484
2009-07-24,4.675,0.0015
2009-07-27,4.714,0.008342
2009-07-28,4.699,-0.003182
2009-07-29,4.559,-0.029794
2009-07-30,4.624,0.014258
2009-07-31,4.688,0.013841
2009-08-03,4.705,0.003626
2009-08-04,4.717,0.00255
2009-08-05,4.669,-0.010176
2009-08-06,4.626,-0.00921
2009-08-07,4.555,-0.015348
2009-08-10,4.536,-0.004171
2009-08-11,4.547,0.002425
2009-08-12,4.437,-0.024192
2009-08-13,4.491,0.01217
2009-08-14,4.417,-0.016477
2009-08-17,4.231,-0.04211
2009-08-18,4.265,0.008036
2009-08-19,4.157,-0.025322
2009-08-20,4.268,0.026702
2009-08-21,4.336,0.015933
2009-08-24,4.358,0.005074
2009-08-25,4.263,-0.021799
2009-08-26,4.31,0.011025
2009-08-27,4.29,-0.00464
2009-08-28,4.183,-0.024942
2009-08-31,4.005,-0.042553
2009-09-01,4.014,0.002247
2009-09-02,4.06,0.01146
2009-09-03,4.178,0.029064
2009-09-04,4.207,0.006941
2009-09-07,4.233,0.00618
2009-09-08,4.292,0.013938
2009-09-09,4.316,0.005592
2009-09-10,4.304,-0.00278
2009-09-11,4.373,0.016032
2009-09-14,4.418,0.01029
2009-09-15,4.416,-0.000453
2009-09-16,4.383,-0.007473
2009-09-17,4.427,0.010039
2009-09-18,4.342,-0.0192
2009-09-21,4.375,0.0076
2009-09-22,4.333,-0.0096
2009-09-23,4.271,-0.014309
2009-09-24,4.273,0.000468
2009-09-25,4.26,-0.003042
2009-09-28,4.216,-0.010329
2009-09-29,4.215,-0.000237
2009-09-30,4.247,0.007592
2009-10-09,4.372,0.029433
2009-10-12,4.374,0.000457
2009-10-13,4.413,0.008916
2009-10-14,4.429,0.003626
2009-10-15,4.434,0.001129
2009-10-16,4.456,0.004962
2009-10-19,4.512,0.012567
2009-10-20,4.531,0.004211
2009-10-21,4.504,-0.005959
2009-10-22,4.499,-0.00111
2009-10-23,4.548,0.010891
2009-10-26,4.568,0.004398
2009-10-27,4.517,-0.011165
2009-10-28,4.524,0.00155
2009-10-29,4.47,-0.011936
2009-10-30,4.521,0.011409
2009-11-02,4.623,0.022561
2009-11-03,4.66,0.008003
2009-11-04,4.665,0.001073
2009-11-05,4.681,0.00343
2009-11-06,4.702,0.004486
2009-11-09,4.703,0.000213
2009-11-10,4.734,0.006592
2009-11-11,4.729,-0.001056
2009-11-12,4.729,0.0
2009-11-13,4.76,0.006555
2009-11-16,4.855,0.019958
2009-11-17,4.86,0.00103
2009-11-18,4.866,0.001235
2009-11-19,4.872,0.001233
2009-11-20,4.874,0.000411
2009-11-23,4.915,0.008412
2009-11-24,4.804,-0.022584
2009-11-25,4.885,0.016861
2009-11-26,4.762,-0.025179
2009-11-27,4.697,-0.01365
2009-11-30,4.83,0.028316
2009-12-01,4.897,0.013872
2009-12-02,4.934,0.007556
2009-12-03,4.924,-0.002027
2009-12-04,4.877,-0.009545
2009-12-07,4.896,0.003896
2009-12-08,4.882,-0.002859
2009-12-09,4.849,-0.00676
2009-12-10,4.859,0.002062
2009-12-11,4.871,0.00247
2009-12-14,4.856,-0.003079
2009-12-15,4.859,0.000618
2009-12-16,4.847,-0.00247
2009-12-17,4.763,-0.01733
2009-12-18,4.67,-0.019526
2009-12-21,4.677,0.001499
2009-12-22,4.602,-0.016036
2009-12-23,4.649,0.010213
2009-12-24,4.76,0.023876
2009-12-25,4.776,0.003361
2009-12-28,4.825,0.01026
2009-12-29,4.852,0.005596
2009-12-30,4.876,0.004946
2009-12-31,4.894,0.003692
2010-01-04,4.887,-0.00143
2010-01-05,4.935,0.009822
2010-01-06,4.92,-0.00304
2010-01-07,4.849,-0.014431
2010-01-08,4.871,0.004537
2010-01-11,4.908,0.007596
2010-01-12,4.96,0.010595
2010-01-13,4.879,-0.016331
2010-01-14,4.964,0.017422
2010-01-15,4.984,0.004029
2010-01-18,5.009,0.005016
2010-01-19,5.017,0.001597
2010-01-20,4.884,-0.02651
2010-01-21,4.899,0.003071
2010-01-22,4.847,-0.010614
2010-01-25,4.822,-0.005158
2010-01-26,4.723,-0.020531
2010-01-27,4.721,-0.000423
2010-01-28,4.756,0.007414
2010-01-29,4.779,0.004836
2010-02-01,4.746,-0.006905
2010-02-02,4.718,-0.0059
2010-02-03,4.749,0.006571
2010-02-04,4.748,-0.000211
2010-02-05,4.689,-0.012426
2010-02-08,4.69,0.000213
2010-02-09,4.705,0.003198
2010-02-10,4.769,0.013603
2010-02-11,4.77,0.00021
2010-02-12,4.813,0.009015
2010-02-22,4.801,-0.002493
2010-02-23,4.799,-0.000417
2010-02-24,4.872,0.015212
2010-02-25,4.909,0.007594
2010-02-26,4.906,-0.000611
2010-03-01,4.935,0.005911
2010-03-02,4.934,-0.000203
2010-03-03,4.99,0.01135
2010-03-04,4.895,-0.019038
2010-03-05,4.9,0.001021
2010-03-08,4.934,0.006939
2010-03-09,4.946,0.002432
2010-03-10,4.909,-0.007481
2010-03-11,4.881,-0.005704
2010-03-12,4.838,-0.00881
2010-03-15,4.804,-0.007028
2010-03-16,4.815,0.00229
2010-03-17,4.895,0.016615
2010-03-18,4.904,0.001839
2010-03-19,4.919,0.003059
2010-03-22,4.945,0.005286
2010-03-23,4.948,0.000607
2010-03-24,4.988,0.008084
2010-03-25,4.958,-0.006014
2010-03-26,4.985,0.005446
2010-03-29,5.032,0.009428
2010-03-30,5.065,0.006558
2010-03-31,5.083,0.003554
2010-04-01,5.143,0.011804
2010-04-02,5.135,-0.001556
2010-04-06,5.138,0.000584
2010-04-07,5.165,0.005255
2010-04-08,5.174,0.001742
2010-04-09,5.248,0.014302
2010-04-12,5.298,0.009527
2010-04-13,5.274,-0.00453
2010-04-14,5.286,0.002275
2010-04-15,5.234,-0.009837
2010-04-16,5.236,0.000382
2010-04-19,5.132,-0.019862
2010-04-20,5.199,0.013055
2010-04-21,5.294,0.018273
2010-04-22,5.313,0.003589
2010-04-23,5.308,-0.000941
2010-04-26,5.284,-0.004521
2010-04-27,5.211,-0.013815
2010-04-28,5.188,-0.004414
2010-04-29,5.125,-0.012143
2010-04-30,5.086,-0.00761
2010-05-04,5.096,0.001966
2010-05-05,5.17,0.014521
2010-05-06,5.079,-0.017602
2010-05-07,5.012,-0.013192
2010-05-10,4.946,-0.013168
2010-05-11,4.874,-0.014557
2010-05-12,4.853,-0.004309
2010-05-13,4.95,0.019988
2010-05-14,4.986,0.007273
2010-05-17,4.845,-0.028279
2010-05-18,4.874,0.005986
2010-05-19,4.913,0.008002
2010-05-20,4.869,-0.008956
2010-05-21,4.935,0.013555
2010-05-24,5.045,0.02229
2010-05-25,5.004,-0.008127
2010-05-26,5.002,-0.0004
2010-05-27,5.05,0.009596
2010-05-28,5.067,0.003366
2010-05-31,5.028,-0.007697
2010-06-01,4.994,-0.006762
2010-06-02,5.021,0.005406
2010-06-03,5.017,-0.000797
2010-06-04,5.017,0.0
2010-06-07,5.02,0.000598
2010-06-08,5.033,0.00259
2010-06-09,5.107,0.014703
2010-06-10,5.121,0.002741
2010-06-11,5.102,-0.00371
2010-06-17,5.025,-0.015092
2010-06-18,4.89,-0.026866
2010-06-21,4.951,0.012474
2010-06-22,4.97,0.003838
2010-06-23,4.972,0.000402
2010-06-24,4.968,-0.000805
2010-06-25,4.918,-0.010064
2010-06-28,4.873,-0.00915
2010-06-29,4.756,-0.02401
2010-06-30,4.77,0.002944
2010-07-01,4.722,-0.010063
2010-07-02,4.666,-0.011859
2010-07-05,4.662,-0.000857
2010-07-06,4.72,0.012441
2010-07-07,4.756,0.007627
2010-07-08,4.751,-0.001051
2010-07-09,4.825,0.015576
2010-07-12,4.838,0.002694
2010-07-13,4.804,-0.007028
2010-07-14,4.808,0.000833
2010-07-15,4.764,-0.009151
2010-07-16,4.757,-0.001469
2010-07-19,4.799,0.008829
2010-07-20,4.885,0.01792
2010-07-21,4.899,0.002866
2010-07-22,4.936,0.007553
2010-07-23,4.968,0.006483
2010-07-26,5.012,0.008857
2010-07-27,5.019,0.001397
2010-07-28,5.088,0.013748
2010-07-29,5.097,0.001769
2010-07-30,5.087,-0.001962
2010-08-02,5.153,0.012974
2010-08-03,5.075,-0.015137
2010-08-04,5.083,0.001576
2010-08-05,5.093,0.001967
2010-08-06,5.16,0.013155
2010-08-09,5.174,0.002713
2010-08-10,5.085,-0.017201
2010-08-11,5.109,0.00472
2010-08-12,5.094,-0.002936
2010-08-13,5.135,0.008049
2010-08-16,5.214,0.015385
2010-08-17,5.237,0.004411
2010-08-18,5.259,0.004201
2010-08-19,5.253,-0.001141
2010-08-20,5.171,-0.01561
2010-08-23,5.184,0.002514
2010-08-24,5.204,0.003858
2010-08-25,5.161,-0.008263
2010-08-26,5.157,-0.000775
2010-08-27,5.194,0.007175
2010-08-30,5.303,0.020986
2010-08-31,5.341,0.007166
2010-09-01,5.334,-0.001311
2010-09-02,5.384,0.009374
2010-09-03,5.415,0.005758
2010-09-06,5.432,0.003139
2010-09-07,5.433,0.000184
2010-09-08,5.47,0.00681
2010-09-09,5.441,-0.005302
2010-09-10,5.523,0.015071
2010-09-13,5.59,0.012131
2010-09-14,5.624,0.006082
2010-09-15,5.546,-0.013869
2010-09-16,5.486,-0.010819
2010-09-17,5.538,0.009479
2010-09-20,5.522,-0.002889
2010-09-21,5.51,-0.002173
2010-09-27,5.622,0.020327
2010-09-28,5.647,0.004447
2010-09-29,5.595,-0.009208
2010-09-30,5.664,0.012332
2010-10-08,5.716,0.009181
2010-10-11,5.638,-0.013646
2010-10-12,5.608,-0.005321
2010-10-13,5.606,-0.000357
2010-10-14,5.52,-0.015341
2010-10-15,5.515,-0.000906
2010-10-18,5.493,-0.003989
2010-10-19,5.619,0.022938
2010-10-20,5.643,0.004271
2010-10-21,5.633,-0.001772
2010-10-22,5.684,0.009054
2010-10-25,5.787,0.018121
2010-10-26,5.759,-0.004838
2010-10-27,5.747,-0.002084
2010-10-28,5.746,-0.000174
2010-10-29,5.788,0.007309
2010-11-01,5.894,0.018314
2010-11-02,5.834,-0.01018
2010-11-03,5.779,-0.009427
2010-11-04,5.908,0.022322
2010-11-05,5.952,0.007448
2010-11-08,6.041,0.014953
2010-11-09,6.127,0.014236
2010-11-10,6.172,0.007345
2010-11-11,6.142,-0.004861
2010-11-12,5.95,-0.03126
2010-11-15,6.102,0.025546
2010-11-16,5.984,-0.019338
2010-11-17,5.795,-0.031584
2010-11-18,5.84,0.007765
2010-11-19,5.978,0.02363
2010-11-22,6.054,0.012713
2010-11-23,6.007,-0.007763
2010-11-24,6.152,0.024139
2010-11-25,6.156,0.00065
2010-11-26,6.127,-0.004711
2010-11-29,6.198,0.011588
2010-11-30,6.132,-0.010649
2010-12-01,6.128,-0.000652
2010-12-02,6.074,-0.008812
2010-12-03,6.039,-0.005762
2010-12-06,5.996,-0.00712
2010-12-07,6.095,0.016511
2010-12-08,6.085,-0.001641
2010-12-09,6.019,-0.010846
2010-12-10,6.07,0.008473
2010-12-13,6.154,0.013839
2010-12-14,6.177,0.003737
2010-12-15,6.193,0.00259
2010-12-16,6.185,-0.001292
2010-12-17,6.159,-0.004204
2010-12-20,6.078,-0.013151
2010-12-21,6.099,0.003455
2010-12-22,6.035,-0.010494
2010-12-23,5.994,-0.006794
2010-12-24,5.965,-0.004838
2010-12-27,5.841,-0.020788
2010-12-28,5.793,-0.008218
2010-12-29,5.851,0.010012
2010-12-30,5.875,0.004102
2010-12-31,5.966,0.015489
2011-01-04,6.026,0.010057
2011-01-05,6.007,-0.003153
2011-01-06,5.968,-0.006492
2011-01-07,5.918,-0.008378
2011-01-10,5.738,-0.030416
2011-01-11,5.696,-0.00732
2011-01-12,5.672,-0.004213
2011-01-13,5.702,0.005289
2011-01-14,5.634,-0.011926
2011-01-17,5.5,-0.023784
2011-01-18,5.53,0.005455
2011-01-19,5.628,0.017722
2011-01-20,5.521,-0.019012
2011-01-21,5.484,-0.006702
2011-01-24,5.368,-0.021152
2011-01-25,5.359,-0.001677
2011-01-26,5.407,0.008957
2011-01-27,5.497,0.016645
2011-01-28,5.53,0.006003
2011-01-31,5.554,0.00434
2011-02-01,5.561,0.00126
2011-02-09,5.497,-0.011509
2011-02-10,5.627,0.023649
2011-02-11,5.673,0.008175
2011-02-14,5.741,0.011987
2011-02-15,5.756,0.002613
2011-02-16,5.775,0.003301
2011-02-17,5.789,0.002424
2011-02-18,5.754,-0.006046
2011-02-21,5.818,0.011123
2011-02-22,5.716,-0.017532
2011-02-23,5.761,0.007873
2011-02-24,5.778,0.002951
2011-02-25,5.759,-0.003288
2011-02-28,5.774,0.002605
2011-03-01,5.8,0.004503
2011-03-02,5.779,-0.003621
2011-03-03,5.674,-0.018169
2011-03-04,5.704,0.005287
2011-03-07,5.724,0.003506
2011-03-08,5.737,0.002271
2011-03-09,5.765,0.004881
2011-03-10,5.75,-0.002602
2011-03-11,5.737,-0.002261
2011-03-14,5.792,0.009587
2011-03-15,5.787,-0.000863
2011-03-16,5.831,0.007603
2011-03-17,5.755,-0.013034
2011-03-18,5.774,0.003301
2011-03-21,5.723,-0.008833
2011-03-22,5.719,-0.000699
2011-03-23,5.763,0.007694
2011-03-24,5.774,0.001909
2011-03-25,5.8,0.004503
2011-03-28,5.731,-0.011897
2011-03-29,5.645,-0.015006
2011-03-30,5.634,-0.001949
2011-03-31,5.624,-0.001775
2011-04-01,5.625,0.000178
2011-04-06,5.57,-0.009778
2011-04-07,5.623,0.009515
2011-04-08,5.664,0.007291
2011-04-11,5.625,-0.006886
2011-04-12,5.585,-0.007111
2011-04-13,5.644,0.010564
2011-04-14,5.639,-0.000886
2011-04-15,5.609,-0.00532
2011-04-18,5.604,-0.000891
2011-04-19,5.577,-0.004818
2011-04-20,5.622,0.008069
2011-04-21,5.644,0.003913
2011-04-22,5.633,-0.001949
2011-04-25,5.585,-0.008521
2011-04-26,5.562,-0.004118
2011-04-27,5.529,-0.005933
2011-04-28,5.449,-0.014469
2011-04-29,5.481,0.005873
2011-05-03,5.528,0.008575
2011-05-04,5.465,-0.011397
2011-05-05,5.493,0.005124
2011-05-06,5.52,0.004915
2011-05-09,5.543,0.004167
2011-05-10,5.538,-0.000902
2011-05-11,5.548,0.001806
2011-05-12,5.504,-0.007931
2011-05-13,5.491,-0.002362
2011-05-16,5.465,-0.004735
2011-05-17,5.457,-0.001464
2011-05-18,5.481,0.004398
2011-05-19,5.451,-0.005473
2011-05-20,5.447,-0.000734
2011-05-23,5.351,-0.017624
2011-05-24,5.349,-0.000374
2011-05-25,5.315,-0.006356
2011-05-26,5.286,-0.005456
2011-05-27,5.259,-0.005108
2011-05-30,5.263,0.000761
2011-05-31,5.308,0.00855
2011-06-01,5.327,0.00358
2011-06-02,5.292,-0.00657
2011-06-03,5.343,0.009637
2011-06-07,5.365,0.004118
2011-06-08,5.365,0.0
2011-06-09,5.303,-0.011556
2011-06-10,5.316,0.002451
2011-06-13,5.283,-0.006208
2011-06-14,5.324,0.007761
2011-06-15,5.287,-0.00695
2011-06-16,5.223,-0.012105
2011-06-17,5.197,-0.004978
2011-06-20,5.173,-0.004618
2011-06-21,5.2,0.005219
2011-06-22,5.214,0.002692
2011-06-23,5.271,0.010932
2011-06-24,5.345,0.014039
2011-06-27,5.362,0.003181
2011-06-28,5.369,0.001305
2011-06-29,5.343,-0.004843
2011-06-30,5.391,0.008984
2011-07-01,5.421,0.005565
2011-07-04,5.484,0.011621
2011-07-05,5.49,0.001094
2011-07-06,5.496,0.001093
2011-07-07,5.51,0.002547
2011-07-08,5.52,0.001815
2011-07-11,5.561,0.007428
2011-07-12,5.521,-0.007193
2011-07-13,5.589,0.012317
2011-07-14,5.595,0.001074
2011-07-15,5.607,0.002145
2011-07-18,5.607,0.0
2011-07-19,5.58,-0.004815
2011-07-20,5.578,-0.000358
2011-07-21,5.561,-0.003048
2011-07-22,5.589,0.005035
2011-07-25,5.501,-0.015745
2011-07-26,5.521,0.003636
2011-07-27,5.57,0.008875
2011-07-28,5.57,0.0
2011-07-29,5.536,-0.006104
2011-08-01,5.528,-0.001445
2011-08-02,5.509,-0.003437
2011-08-03,5.523,0.002541
2011-08-04,5.542,0.00344
2011-08-05,5.505,-0.006676
2011-08-08,5.438,-0.012171
2011-08-09,5.474,0.00662
2011-08-10,5.527,0.009682
2011-08-11,5.611,0.015198
2011-08-12,5.646,0.006238
2011-08-15,5.66,0.00248
2011-08-16,5.617,-0.007597
2011-08-17,5.6,-0.003027
2011-08-18,5.542,-0.010357
2011-08-19,5.534,-0.001444
2011-08-22,5.459,-0.013553
2011-08-23,5.488,0.005312
2011-08-24,5.507,0.003462
2011-08-25,5.564,0.01035
2011-08-26,5.554,-0.001797
2011-08-29,5.531,-0.004141
2011-08-30,5.511,-0.003616
2011-08-31,5.506,-0.000907
2011-09-01,5.479,-0.004904
2011-09-02,5.447,-0.00584
2011-09-05,5.368,-0.014503
2011-09-06,5.31,-0.010805
2011-09-07,5.382,0.013559
2011-09-08,5.37,-0.00223
2011-09-09,5.349,-0.003911
2011-09-13,5.306,-0.008039
2011-09-14,5.306,0.0
2011-09-15,5.313,0.001319
2011-09-16,5.328,0.002823
2011-09-19,5.265,-0.011824
2011-09-20,5.265,0.0
2011-09-21,5.346,0.015385
2011-09-22,5.248,-0.018331
2011-09-23,5.212,-0.00686
2011-09-26,5.135,-0.014774
2011-09-27,5.141,0.001168
2011-09-28,5.114,-0.005252
2011-09-29,5.092,-0.004302
2011-09-30,5.104,0.002357
2011-10-10,5.083,-0.004114
2011-10-11,5.058,-0.004918
2011-10-12,5.149,0.017991
2011-10-13,5.176,0.005244
2011-10-14,5.153,-0.004444
2011-10-17,5.193,0.007762
2011-10-18,5.126,-0.012902
2011-10-19,5.102,-0.004682
2011-10-20,5.022,-0.01568
2011-10-21,5.008,-0.002788
2011-10-24,5.078,0.013978
2011-10-25,5.148,0.013785
2011-10-26,5.196,0.009324
2011-10-27,5.189,-0.001347
2011-10-28,5.253,0.012334
2011-10-31,5.254,0.00019
2011-11-01,5.263,0.001713
2011-11-02,5.327,0.01216
2011-11-03,5.339,0.002253
2011-11-04,5.336,-0.000562
2011-11-07,5.303,-0.006184
2011-11-08,5.296,-0.00132
2011-11-09,5.329,0.006231
2011-11-10,5.306,-0.004316
2011-11-11,5.296,-0.001885
2011-11-14,5.365,0.013029
2011-11-15,5.348,-0.003169
2011-11-16,5.271,-0.014398
2011-11-17,5.273,0.000379
2011-11-18,5.205,-0.012896
2011-11-21,5.201,-0.000768
2011-11-22,5.214,0.0025
2011-11-23,5.221,0.001343
2011-11-24,5.238,0.003256
2011-11-25,5.246,0.001527
2011-11-28,5.279,0.006291
2011-11-29,5.309,0.005683
2011-11-30,5.251,-0.010925
2011-12-01,5.302,0.009712
2011-12-02,5.25,-0.009808
2011-12-05,5.163,-0.016571
2011-12-06,5.154,-0.001743
2011-12-07,5.168,0.002716
2011-12-08,5.154,-0.002709
2011-12-09,5.136,-0.003492
2011-12-12,5.093,-0.008372
2011-12-13,5.015,-0.015315
2011-12-14,4.986,-0.005783
2011-12-15,4.954,-0.006418
2011-12-16,5.044,0.018167
2011-12-19,5.031,-0.002577
2011-12-20,5.015,-0.00318
2011-12-21,4.979,-0.007178
2011-12-22,4.985,0.001205
2011-12-23,5.002,0.00341
2011-12-26,4.956,-0.009196
2011-12-27,4.882,-0.014931
2011-12-28,4.86,-0.004506
2011-12-29,4.895,0.007202
2011-12-30,4.962,0.013687
2011-12-31,4.961,-0.000202
2012-01-04,4.863,-0.019754
2012-01-05,4.776,-0.01789
2012-01-06,4.779,0.000628
2012-01-09,4.854,0.015694
2012-01-10,4.939,0.017511
2012-01-11,4.934,-0.001012
2012-01-12,4.914,-0.004054
2012-01-13,4.839,-0.015263
2012-01-16,4.734,-0.021699
2012-01-17,4.832,0.020701
2012-01-18,4.748,-0.017384
2012-01-19,4.804,0.011794
2012-01-20,4.881,0.016028
2012-01-30,4.844,-0.00758
2012-01-31,4.853,0.001858
2012-02-01,4.837,-0.003297
2012-02-02,4.894,0.011784
2012-02-03,4.926,0.006539
2012-02-06,4.945,0.003857
2012-02-07,4.898,-0.009505
2012-02-08,4.96,0.012658
2012-02-09,4.973,0.002621
2012-02-10,5.0,0.005429
2012-02-13,5.007,0.0014
2012-02-14,4.999,-0.001598
2012-02-15,5.016,0.003401
2012-02-16,4.99,-0.005183
2012-02-17,4.987,-0.000601
2012-02-20,5.0,0.002607
2012-02-21,5.033,0.0066
2012-02-22,5.088,0.010928
2012-02-23,5.112,0.004717
2012-02-24,5.165,0.010368
2012-02-27,5.175,0.001936
2012-02-28,5.17,-0.000966
2012-02-29,5.142,-0.005416
2012-03-01,5.149,0.001361
2012-03-02,5.21,0.011847
2012-03-05,5.192,-0.003455
2012-03-06,5.144,-0.009245
2012-03-07,5.133,-0.002138
2012-03-08,5.162,0.00565
2012-03-09,5.216,0.010461
2012-03-12,5.214,-0.000383
2012-03-13,5.27,0.01074
2012-03-14,5.184,-0.016319
2012-03-15,5.202,0.003472
2012-03-16,5.263,0.011726
2012-03-19,5.258,-0.00095
2012-03-20,5.195,-0.011982
2012-03-21,5.166,-0.005582
2012-03-22,5.168,0.000387
2012-03-23,5.135,-0.006385
2012-03-26,5.165,0.005842
2012-03-27,5.118,-0.0091
2012-03-28,5.044,-0.014459
2012-03-29,5.05,0.00119
2012-03-30,5.046,-0.000792
2012-03-31,5.046,0.0
2012-04-05,5.145,0.01962
2012-04-06,5.171,0.005053
2012-04-09,5.146,-0.004835
2012-04-10,5.169,0.004469
2012-04-11,5.162,-0.001354
2012-04-12,5.217,0.010655
2012-04-13,5.23,0.002492
2012-04-16,5.221,-0.001721
2012-04-17,5.168,-0.010151
2012-04-18,5.234,0.012771
2012-04-19,5.207,-0.005159
2012-04-20,5.228,0.004033
2012-04-23,5.212,-0.00306
2012-04-24,5.194,-0.003454
2012-04-25,5.217,0.004428
2012-04-26,5.238,0.004025
2012-04-27,5.255,0.003246
2012-05-02,5.324,0.01313
2012-05-03,5.347,0.00432
2012-05-04,5.412,0.012156
2012-05-07,5.434,0.004065
2012-05-08,5.413,-0.003865
2012-05-09,5.379,-0.006281
2012-05-10,5.374,-0.00093
2012-05-11,5.339,-0.006513
2012-05-14,5.299,-0.007492
2012-05-15,5.329,0.005661
2012-05-16,5.272,-0.010696
2012-05-17,5.308,0.006829
2012-05-18,5.267,-0.007724
2012-05-21,5.319,0.009873
2012-05-22,5.389,0.01316
2012-05-23,5.397,0.001485
2012-05-24,5.355,-0.007782
2012-05-25,5.33,-0.004669
2012-05-28,5.412,0.015385
2012-05-29,5.454,0.007761
2012-05-30,5.453,-0.000183
2012-05-31,5.491,0.006969
2012-06-01,5.483,-0.001457
2012-06-04,5.397,-0.015685
2012-06-05,5.398,0.000185
2012-06-06,5.389,-0.001667
2012-06-07,5.386,-0.000557
2012-06-08,5.379,-0.0013
2012-06-11,5.427,0.008924
2012-06-12,5.44,0.002395
2012-06-13,5.52,0.014706
2012-06-14,5.512,-0.001449
2012-06-15,5.479,-0.005987
2012-06-18,5.506,0.004928
2012-06-19,5.461,-0.008173
2012-06-20,5.443,-0.003296
2012-06-21,5.396,-0.008635
2012-06-25,5.327,-0.012787
2012-06-26,5.31,-0.003191
2012-06-27,5.352,0.00791
2012-06-28,5.343,-0.001682
2012-06-29,5.378,0.006551
2012-06-30,5.378,0.0
2012-07-02,5.433,0.010227
2012-07-03,5.451,0.003313
2012-07-04,5.413,-0.006971
2012-07-05,5.391,-0.004064
2012-07-06,5.514,0.022816
2012-07-09,5.483,-0.005622
2012-07-10,5.446,-0.006748
2012-07-11,5.507,0.011201
2012-07-12,5.534,0.004903
2012-07-13,5.567,0.005963
2012-07-16,5.502,-0.011676
2012-07-17,5.464,-0.006907
2012-07-18,5.412,-0.009517
2012-07-19,5.423,0.002033
2012-07-20,5.372,-0.009404
2012-07-23,5.32,-0.00968
2012-07-24,5.358,0.007143
2012-07-25,5.364,0.00112
2012-07-26,5.329,-0.006525
2012-07-27,5.315,-0.002627
2012-07-30,5.301,-0.002634
2012-07-31,5.294,-0.001321
2012-08-01,5.339,0.0085
2012-08-02,5.299,-0.007492
2012-08-03,5.331,0.006039
2012-08-06,5.385,0.010129
2012-08-07,5.399,0.0026
2012-08-08,5.373,-0.004816
2012-08-09,5.457,0.015634
2012-08-10,5.421,-0.006597
2012-08-13,5.358,-0.011621
2012-08-14,5.363,0.000933
2012-08-15,5.34,-0.004289
2012-08-16,5.306,-0.006367
2012-08-17,5.245,-0.011496
2012-08-20,5.238,-0.001335
2012-08-21,5.272,0.006491
2012-08-22,5.232,-0.007587
2012-08-23,5.202,-0.005734
2012-08-24,5.179,-0.004421
2012-08-27,5.136,-0.008303
2012-08-28,5.129,-0.001363
2012-08-29,5.095,-0.006629
2012-08-30,5.042,-0.010402
2012-08-31,5.064,0.004363
2012-09-03,5.145,0.015995
2012-09-04,5.134,-0.002138
2012-09-05,5.138,0.000779
2012-09-06,5.149,0.002141
2012-09-07,5.276,0.024665
2012-09-10,5.292,0.003033
2012-09-11,5.275,-0.003212
2012-09-12,5.293,0.003412
2012-09-13,5.269,-0.004534
2012-09-14,5.277,0.001518
2012-09-17,5.198,-0.014971
2012-09-18,5.191,-0.001347
2012-09-19,5.173,-0.003468
2012-09-20,5.1,-0.014112
2012-09-21,5.086,-0.002745
2012-09-24,5.118,0.006292
2012-09-25,5.126,0.001563
2012-09-26,5.091,-0.006828
2012-09-27,5.178,0.017089
2012-09-28,5.253,0.014484
2012-09-30,5.253,0.0
2012-10-08,5.224,-0.005521
2012-10-09,5.301,0.01474
2012-10-10,5.317,0.003018
2012-10-11,5.293,-0.004514
2012-10-12,5.302,0.0017
2012-10-15,5.309,0.00132
2012-10-16,5.356,0.008853
2012-10-17,5.346,-0.001867
2012-10-18,5.394,0.008979
2012-10-19,5.388,-0.001112
2012-10-22,5.401,0.002413
2012-10-23,5.319,-0.015182
2012-10-24,5.312,-0.001316
2012-10-25,5.286,-0.004895
2012-10-26,5.235,-0.009648
2012-10-29,5.235,0.0
2012-10-30,5.244,0.001719
2012-10-31,5.294,0.009535
2012-11-01,5.352,0.010956
2012-11-02,5.348,-0.000747
2012-11-05,5.327,-0.003927
2012-11-06,5.29,-0.006946
2012-11-07,5.276,-0.002647
2012-11-08,5.238,-0.007202
2012-11-09,5.215,-0.004391
2012-11-12,5.186,-0.005561
2012-11-13,5.144,-0.008099
2012-11-14,5.16,0.00311
2012-11-15,5.135,-0.004845
2012-11-16,5.084,-0.009932
2012-11-19,5.029,-0.010818
2012-11-20,5.017,-0.002386
2012-11-21,5.038,0.004186
2012-11-22,4.996,-0.008337
2012-11-23,5.031,0.007006
2012-11-26,4.976,-0.010932
2012-11-27,4.936,-0.008039
2012-11-28,4.904,-0.006483
2012-11-29,4.909,0.00102
2012-11-30,4.978,0.014056
2012-12-03,4.898,-0.016071
2012-12-04,4.92,0.004492
2012-12-05,4.998,0.015854
2012-12-06,4.981,-0.003401
2012-12-07,5.005,0.004818
2012-12-10,5.017,0.002398
2012-12-11,5.008,-0.001794
2012-12-12,5.014,0.001198
2012-12-13,4.995,-0.003789
2012-12-14,5.091,0.019219
2012-12-17,5.056,-0.006875
2012-12-18,5.035,-0.004153
2012-12-19,5.05,0.002979
2012-12-20,5.042,-0.001584
2012-12-21,5.058,0.003173
2012-12-24,5.066,0.001582
2012-12-25,5.141,0.014805
2012-12-26,5.16,0.003696
2012-12-27,5.134,-0.005039
2012-12-28,5.154,0.003896
2012-12-31,5.203,0.009507
2013-01-04,5.182,-0.004036
2013-01-07,5.214,0.006175
2013-01-08,5.253,0.00748
2013-01-09,5.286,0.006282
2013-01-10,5.283,-0.000568
2013-01-11,5.228,-0.010411
2013-01-14,5.355,0.024292
2013-01-15,5.395,0.00747
2013-01-16,5.397,0.000371
2013-01-17,5.378,-0.00352
2013-01-18,5.442,0.0119
2013-01-21,5.432,-0.001838
2013-01-22,5.415,-0.00313
2013-01-23,5.41,-0.000923
2013-01-24,5.369,-0.007579
2013-01-25,5.361,-0.00149
2013-01-28,5.441,0.014923
2013-01-29,5.463,0.004043
2013-01-30,5.463,0.0
2013-01-31,5.437,-0.004759
2013-02-01,5.503,0.012139
2013-02-04,5.452,-0.009268
2013-02-05,5.506,0.009905
2013-02-06,5.526,0.003632
2013-02-07,5.551,0.004524
2013-02-08,5.586,0.006305
2013-02-18,5.538,-0.008593
2013-02-19,5.467,-0.012821
2013-02-20,5.526,0.010792
2013-02-21,5.466,-0.010858
2013-02-22,5.461,-0.000915
2013-02-25,5.467,0.001099
2013-02-26,5.428,-0.007134
2013-02-27,5.431,0.000553
2013-02-28,5.522,0.016756
2013-03-01,5.568,0.00833
2013-03-04,5.428,-0.025144
2013-03-05,5.537,0.020081
2013-03-06,5.562,0.004515
2013-03-07,5.5,-0.011147
2013-03-08,5.471,-0.005273
2013-03-11,5.476,0.000914
2013-03-12,5.41,-0.012053
2013-03-13,5.365,-0.008318
2013-03-14,5.409,0.008201
2013-03-15,5.416,0.001294
2013-03-18,5.375,-0.00757
2013-03-19,5.374,-0.000186
2013-03-20,5.479,0.019539
2013-03-21,5.514,0.006388
2013-03-22,5.523,0.001632
2013-03-25,5.537,0.002535
2013-03-26,5.544,0.001264
2013-03-27,5.591,0.008478
2013-03-28,5.535,-0.010016
2013-03-29,5.487,-0.008672
2013-04-01,5.508,0.003827
2013-04-02,5.432,-0.013798
2013-04-03,5.397,-0.006443
2013-04-08,5.444,0.008709
2013-04-09,5.428,-0.002939
2013-04-10,5.401,-0.004974
2013-04-11,5.432,0.00574
2013-04-12,5.417,-0.002761
2013-04-15,5.408,-0.001661
2013-04-16,5.436,0.005178
2013-04-17,5.484,0.00883
2013-04-18,5.477,-0.001276
2013-04-19,5.548,0.012963
2013-04-22,5.53,-0.003244
2013-04-23,5.43,-0.018083
2013-04-24,5.487,0.010497
2013-04-25,5.454,-0.006014
2013-04-26,5.401,-0.009718
2013-05-02,5.448,0.008702
2013-05-03,5.525,0.014134
2013-05-06,5.577,0.009412
2013-05-07,5.57,-0.001255
2013-05-08,5.625,0.009874
2013-05-09,5.605,-0.003556
2013-05-10,5.606,0.000178
2013-05-13,5.566,-0.007135
2013-05-14,5.46,-0.019044
2013-05-15,5.516,0.010256
2013-05-16,5.575,0.010696
2013-05-17,5.632,0.010224
2013-05-20,5.673,0.00728
2013-05-21,5.714,0.007227
2013-05-22,5.659,-0.009625
2013-05-23,5.711,0.009189
2013-05-24,5.765,0.009455
2013-05-27,5.811,0.007979
2013-05-28,5.794,-0.002925
2013-05-29,5.814,0.003452
2013-05-30,5.793,-0.003612
2013-05-31,5.736,-0.009839
2013-06-03,5.729,-0.00122
2013-06-04,5.678,-0.008902
2013-06-05,5.678,0.0
2013-06-06,5.62,-0.010215
2013-06-07,5.584,-0.006406
2013-06-13,5.524,-0.010745
2013-06-14,5.592,0.01231
2013-06-17,5.625,0.005901
2013-06-18,5.682,0.010133
2013-06-19,5.676,-0.001056
2013-06-20,5.57,-0.018675
2013-06-21,5.571,0.00018
2013-06-24,5.419,-0.027284
2013-06-25,5.421,0.000369
2013-06-26,5.59,0.031175
2013-06-27,5.583,-0.001252
2013-06-28,5.616,0.005911
2013-06-30,5.616,0.0
2013-07-01,5.727,0.019765
2013-07-02,5.772,0.007858
2013-07-03,5.809,0.00641
2013-07-04,5.76,-0.008435
2013-07-05,5.704,-0.009722
2013-07-08,5.596,-0.018934
2013-07-09,5.567,-0.005182
2013-07-10,5.624,0.010239
2013-07-11,5.708,0.014936
2013-07-12,5.691,-0.002978
2013-07-15,5.767,0.013354
2013-07-16,5.821,0.009364
2013-07-17,5.74,-0.013915
2013-07-18,5.716,-0.004181
2013-07-19,5.659,-0.009972
2013-07-22,5.719,0.010603
2013-07-23,5.814,0.016611
2013-07-24,5.871,0.009804
2013-07-25,5.773,-0.016692
2013-07-26,5.776,0.00052
2013-07-29,5.707,-0.011946
2013-07-30,5.627,-0.014018
2013-07-31,5.64,0.00231
2013-08-01,5.795,0.027482
2013-08-02,5.811,0.002761
2013-08-05,5.885,0.012734
2013-08-06,5.948,0.010705
2013-08-07,5.893,-0.009247
2013-08-08,5.92,0.004582
2013-08-09,5.942,0.003716
2013-08-12,5.918,-0.004039
2013-08-13,5.916,-0.000338
2013-08-14,5.926,0.00169
2013-08-15,5.894,-0.0054
2013-08-16,5.801,-0.015779
2013-08-19,5.911,0.018962
2013-08-20,5.9,-0.001861
2013-08-21,5.877,-0.003898
2013-08-22,5.936,0.010039
2013-08-23,5.978,0.007075
2013-08-26,6.034,0.009368
2013-08-27,6.022,-0.001989
2013-08-28,5.932,-0.014945
2013-08-29,5.89,-0.00708
2013-08-30,5.818,-0.012224
2013-09-02,5.878,0.010313
2013-09-03,5.937,0.010037
2013-09-04,5.937,0.0
2013-09-05,5.975,0.006401
2013-09-06,5.993,0.003013
2013-09-09,5.976,-0.002837
2013-09-10,5.938,-0.006359
2013-09-11,5.84,-0.016504
2013-09-12,5.817,-0.003938
2013-09-13,5.898,0.013925
2013-09-16,5.92,0.00373
2013-09-17,5.897,-0.003885
2013-09-18,5.859,-0.006444
2013-09-23,5.986,0.021676
2013-09-24,6.045,0.009856
2013-09-25,5.999,-0.00761
2013-09-26,5.966,-0.005501
2013-09-27,5.965,-0.000168
2013-09-30,6.005,0.006706
2013-10-08,6.053,0.007993
2013-10-09,6.104,0.008426
2013-10-10,6.065,-0.006389
2013-10-11,6.06,-0.000824
2013-10-14,6.112,0.008581
2013-10-15,6.151,0.006381
2013-10-16,6.076,-0.012193
2013-10-17,6.055,-0.003456
2013-10-18,6.118,0.010405
2013-10-21,6.27,0.024845
2013-10-22,6.206,-0.010207
2013-10-23,6.092,-0.018369
2013-10-24,6.04,-0.008536
2013-10-25,5.919,-0.020033
2013-10-28,5.909,-0.001689
2013-10-29,5.892,-0.002877
2013-10-30,5.941,0.008316
2013-10-31,5.807,-0.022555
2013-11-01,5.773,-0.005855
2013-11-04,5.797,0.004157
2013-11-05,5.856,0.010178
2013-11-06,5.806,-0.008538
2013-11-07,5.745,-0.010506
2013-11-08,5.72,-0.004352
2013-11-11,5.766,0.008042
2013-11-12,5.786,0.003469
2013-11-13,5.757,-0.005012
2013-11-14,5.859,0.017718
2013-11-15,5.931,0.012289
2013-11-18,5.981,0.00843
2013-11-19,5.959,-0.003678
2013-11-20,5.966,0.001175
2013-11-21,5.931,-0.005867
2013-11-22,5.886,-0.007587
2013-11-25,5.853,-0.005607
2013-11-26,5.852,-0.000171
2013-11-27,5.926,0.012645
2013-11-28,5.98,0.009112
2013-11-29,6.019,0.006522
2013-12-02,5.829,-0.031567
2013-12-03,5.863,0.005833
2013-12-04,5.893,0.005117
2013-12-05,5.828,-0.01103
2013-12-06,5.799,-0.004976
2013-12-09,5.83,0.005346
2013-12-10,5.819,-0.001887
2013-12-11,5.827,0.001375
2013-12-12,5.889,0.01064
2013-12-13,5.889,0.0
2013-12-16,5.838,-0.00866
2013-12-17,5.793,-0.007708
2013-12-18,5.799,0.001036
2013-12-19,5.769,-0.005173
2013-12-20,5.722,-0.008147
2013-12-23,5.766,0.00769
2013-12-24,5.801,0.00607
2013-12-25,5.834,0.005689
2013-12-26,5.777,-0.00977
2013-12-27,5.82,0.007443
2013-12-30,5.822,0.000344
2013-12-31,5.852,0.005153
2014-01-02,5.9,0.008202
2014-01-03,5.898,-0.000339
2014-01-06,5.803,-0.016107
2014-01-07,5.802,-0.000172
2014-01-08,5.874,0.01241
2014-01-09,5.783,-0.015492
2014-01-10,5.727,-0.009684
2014-01-13,5.684,-0.007508
2014-01-14,5.719,0.006158
2014-01-15,5.76,0.007169
2014-01-16,5.715,-0.007812
2014-01-17,5.66,-0.009624
2014-01-20,5.622,-0.006714
2014-01-21,5.689,0.011917
2014-01-22,5.763,0.013008
2014-01-23,5.806,0.007461
2014-01-24,5.842,0.0062
2014-01-27,5.807,-0.005991
2014-01-28,5.771,-0.006199
2014-01-29,5.79,0.003292
2014-01-30,5.787,-0.000518
2014-02-07,5.833,0.007949
2014-02-10,5.939,0.018172
2014-02-11,5.933,-0.00101
2014-02-12,5.984,0.008596
2014-02-13,5.881,-0.017213
2014-02-14,5.954,0.012413
2014-02-17,6.014,0.010077
2014-02-18,5.98,-0.005653
2014-02-19,5.968,-0.002007
2014-02-20,5.932,-0.006032
2014-02-21,5.917,-0.002529
2014-02-24,5.896,-0.003549
2014-02-25,5.751,-0.024593
2014-02-26,5.782,0.00539
2014-02-27,5.715,-0.011588
2014-02-28,5.752,0.006474
2014-03-03,5.778,0.00452
2014-03-04,5.699,-0.013673
2014-03-05,5.663,-0.006317
2014-03-06,5.639,-0.004238
2014-03-07,5.653,0.002483
2014-03-10,5.57,-0.014682
2014-03-11,5.564,-0.001077
2014-03-12,5.581,0.003055
2014-03-13,5.655,0.013259
2014-03-14,5.629,-0.004598
2014-03-17,5.711,0.014567
2014-03-18,5.718,0.001226
2014-03-19,5.675,-0.00752
2014-03-20,5.542,-0.023436
2014-03-21,5.618,0.013713
2014-03-24,5.567,-0.009078
2014-03-25,5.572,0.000898
2014-03-26,5.605,0.005922
2014-03-27,5.517,-0.0157
2014-03-28,5.444,-0.013232
2014-03-31,5.465,0.003857
2014-04-01,5.544,0.014456
2014-04-02,5.526,-0.003247
2014-04-03,5.506,-0.003619
2014-04-04,5.55,0.007991
2014-04-08,5.597,0.008468
2014-04-09,5.65,0.009469
2014-04-10,5.689,0.006903
2014-04-11,5.682,-0.00123
2014-04-14,5.705,0.004048
2014-04-15,5.682,-0.004032
2014-04-16,5.68,-0.000352
2014-04-17,5.682,0.000352
2014-04-18,5.69,0.001408
2014-04-21,5.649,-0.007206
2014-04-22,5.579,-0.012392
2014-04-23,5.568,-0.001972
2014-04-24,5.552,-0.002874
2014-04-25,5.497,-0.009906
2014-04-28,5.376,-0.022012
2014-04-29,5.417,0.007626
2014-04-30,5.452,0.006461
2014-05-05,5.498,0.008437
2014-05-06,5.53,0.00582
2014-05-07,5.466,-0.011573
2014-05-08,5.447,-0.003476
2014-05-09,5.406,-0.007527
2014-05-12,5.479,0.013504
2014-05-13,5.468,-0.002008
2014-05-14,5.462,-0.001097
2014-05-15,5.408,-0.009886
2014-05-16,5.374,-0.006287
2014-05-19,5.353,-0.003908
2014-05-20,5.371,0.003363
2014-05-21,5.417,0.008565
2014-05-22,5.449,0.005907
2014-05-23,5.513,0.011745
2014-05-26,5.54,0.004898
2014-05-27,5.53,-0.001805
2014-05-28,5.593,0.011392
2014-05-29,5.573,-0.003576
2014-05-30,5.579,0.001077
2014-06-03,5.562,-0.003047
2014-06-04,5.583,0.003776
2014-06-05,5.617,0.00609
2014-06-06,5.619,0.000356
2014-06-09,5.576,-0.007653
2014-06-10,5.636,0.01076
2014-06-11,5.666,0.005323
2014-06-12,5.671,0.000882
2014-06-13,5.719,0.008464
2014-06-16,5.755,0.006295
2014-06-17,5.727,-0.004865
2014-06-18,5.725,-0.000349
2014-06-19,5.632,-0.016245
2014-06-20,5.661,0.005149
2014-06-23,5.706,0.007949
2014-06-24,5.725,0.00333
2014-06-25,5.703,-0.003843
2014-06-26,5.76,0.009995
2014-06-27,5.806,0.007986
2014-06-30,5.836,0.005167
2014-07-01,5.85,0.002399
2014-07-02,5.856,0.001026
2014-07-03,5.859,0.000512
2014-07-04,5.847,-0.002048
2014-07-07,5.824,-0.003934
2014-07-08,5.864,0.006868
2014-07-09,5.784,-0.013643
2014-07-10,5.744,-0.006916
2014-07-11,5.739,-0.00087
2014-07-14,5.768,0.005053
2014-07-15,5.73,-0.006588
2014-07-16,5.655,-0.013089
2014-07-17,5.616,-0.006897
2014-07-18,5.631,0.002671
2014-07-21,5.656,0.00444
2014-07-22,5.713,0.010078
2014-07-23,5.705,-0.0014
2014-07-24,5.699,-0.001052
2014-07-25,5.73,0.00544
2014-07-28,5.788,0.010122
2014-07-29,5.825,0.006393
2014-07-30,5.833,0.001373
2014-07-31,5.849,0.002743
2014-08-01,5.828,-0.00359
2014-08-04,5.878,0.008579
2014-08-05,5.899,0.003573
2014-08-06,5.913,0.002373
2014-08-07,5.877,-0.006088
2014-08-08,5.918,0.006976
2014-08-11,5.965,0.007942
2014-08-12,5.943,-0.003688
2014-08-13,5.928,-0.002524
2014-08-14,5.904,-0.004049
2014-08-15,5.968,0.01084
2014-08-18,6.07,0.017091
2014-08-19,6.101,0.005107
2014-08-20,6.076,-0.004098
2014-08-21,6.074,-0.000329
2014-08-22,6.103,0.004774
2014-08-25,6.077,-0.00426
2014-08-26,6.026,-0.008392
2014-08-27,6.049,0.003817
2014-08-28,6.03,-0.003141
2014-08-29,6.084,0.008955
2014-09-01,6.157,0.011999
2014-09-02,6.222,0.010557
2014-09-03,6.264,0.00675
2014-09-04,6.287,0.003672
2014-09-05,6.295,0.001272
2014-09-09,6.304,0.00143
2014-09-10,6.295,-0.001428
2014-09-11,6.293,-0.000318
2014-09-12,6.33,0.00588
2014-09-15,6.353,0.003633
2014-09-16,6.223,-0.020463
2014-09-17,6.244,0.003375
2014-09-18,6.276,0.005125
2014-09-19,6.313,0.005895
2014-09-22,6.302,-0.001742
2014-09-23,6.378,0.01206
2014-09-24,6.399,0.003293
2014-09-25,6.401,0.000313
2014-09-26,6.427,0.004062
2014-09-29,6.43,0.000467
2014-09-30,6.486,0.008709
2014-10-08,6.539,0.008171
2014-10-09,6.524,-0.002294
2014-10-10,6.465,-0.009044
2014-10-13,6.432,-0.005104
2014-10-14,6.43,-0.000311
2014-10-15,6.443,0.002022
2014-10-16,6.402,-0.006363
2014-10-17,6.36,-0.00656
2014-10-20,6.425,0.01022
2014-10-21,6.404,-0.003268
2014-10-22,6.382,-0.003435
2014-10-23,6.324,-0.009088
2014-10-24,6.323,-0.000158
2014-10-27,6.36,0.005852
2014-10-28,6.446,0.013522
2014-10-29,6.478,0.004964
2014-10-30,6.469,-0.001389
2014-10-31,6.435,-0.005256
2014-11-03,6.466,0.004817
2014-11-04,6.446,-0.003093
2014-11-05,6.435,-0.001706
2014-11-06,6.454,0.002953
2014-11-07,6.44,-0.002169
2014-11-10,6.474,0.00528
2014-11-11,6.34,-0.020698
2014-11-12,6.394,0.008517
2014-11-13,6.278,-0.018142
2014-11-14,6.253,-0.003982
2014-11-17,6.32,0.010715
2014-11-18,6.307,-0.002057
2014-11-19,6.343,0.005708
2014-11-20,6.321,-0.003468
2014-11-21,6.392,0.011232
2014-11-24,6.477,0.013298
2014-11-25,6.597,0.018527
2014-11-26,6.693,0.014552
2014-11-27,6.689,-0.000598
2014-11-28,6.753,0.009568
2014-12-01,6.747,-0.000888
2014-12-02,6.801,0.008004
2014-12-03,6.831,0.004411
2014-12-04,6.947,0.016981
2014-12-05,6.841,-0.015258
2014-12-08,6.818,-0.003362
2014-12-09,6.602,-0.031681
2014-12-10,6.725,0.018631
2014-12-11,6.709,-0.002379
2014-12-12,6.778,0.010285
2014-12-15,6.882,0.015344
2014-12-16,6.901,0.002761
2014-12-17,6.914,0.001884
2014-12-18,6.917,0.000434
2014-12-19,6.822,-0.013734
2014-12-22,6.633,-0.027704
2014-12-23,6.524,-0.016433
2014-12-24,6.544,0.003066
2014-12-25,6.674,0.019866
2014-12-26,6.728,0.008091
2014-12-29,6.592,-0.020214
2014-12-30,6.555,-0.005613
2014-12-31,6.63,0.011442
2015-01-05,6.65,0.003017
2015-01-06,6.794,0.021654
2015-01-07,6.792,-0.000294
2015-01-08,6.827,0.005153
2015-01-09,6.856,0.004248
2015-01-12,6.955,0.01444
2015-01-13,7.057,0.014666
2015-01-14,7.041,-0.002267
2015-01-15,7.084,0.006107
2015-01-16,7.264,0.025409
2015-01-19,7.114,-0.02065
2015-01-20,7.323,0.029379
2015-01-21,7.402,0.010788
2015-01-22,7.432,0.004053
2015-01-23,7.358,-0.009957
2015-01-26,7.549,0.025958
2015-01-27,7.588,0.005166
2015-01-28,7.493,-0.01252
2015-01-29,7.457,-0.004804
2015-01-30,7.325,-0.017701
2015-02-02,7.337,0.001638
2015-02-03,7.516,0.024397
2015-02-04,7.485,-0.004125
2015-02-05,7.534,0.006546
2015-02-06,7.419,-0.015264
2015-02-09,7.38,-0.005257
2015-02-10,7.52,0.01897
2015-02-11,7.703,0.024335
2015-02-12,7.714,0.001428
2015-02-13,7.824,0.01426
2015-02-16,8.038,0.027352
2015-02-17,8.152,0.014183
2015-02-25,7.934,-0.026742
2015-02-26,7.995,0.007688
2015-02-27,8.04,0.005629
2015-03-02,8.189,0.018532
2015-03-03,8.095,-0.011479
2015-03-04,8.161,0.008153
2015-03-05,8.147,-0.001715
2015-03-06,7.975,-0.021112
2015-03-09,8.14,0.02069
2015-03-10,8.278,0.016953
2015-03-11,8.275,-0.000362
2015-03-12,8.321,0.005559
2015-03-13,8.496,0.021031
2015-03-16,8.813,0.037312
2015-03-17,8.777,-0.004085
2015-03-18,8.942,0.018799
2015-03-19,8.92,-0.00246
2015-03-20,9.082,0.018161
2015-03-23,9.325,0.026756
2015-03-24,9.513,0.020161
2015-03-25,9.432,-0.008515
2015-03-26,9.146,-0.030322
2015-03-27,9.274,0.013995
2015-03-30,9.207,-0.007224
2015-03-31,9.331,0.013468
2015-04-01,9.546,0.023041
2015-04-02,9.609,0.0066
2015-04-03,9.729,0.012488
2015-04-07,9.882,0.015726
2015-04-08,9.72,-0.016393
2015-04-09,9.891,0.017593
2015-04-10,10.07,0.018097
2015-04-13,10.171,0.01003
2015-04-14,10.134,-0.003638
2015-04-15,9.752,-0.037695
2015-04-16,9.901,0.015279
2015-04-17,9.845,-0.005656
2015-04-20,9.584,-0.026511
2015-04-21,9.968,0.040067
2015-04-22,10.334,0.036717
2015-04-23,10.546,0.020515
2015-04-24,10.618,0.006827
2015-04-27,10.663,0.004238
2015-04-28,10.54,-0.011535
2015-04-29,10.954,0.039279
2015-04-30,11.144,0.017345
2015-05-04,11.019,-0.011217
2015-05-05,10.805,-0.019421
2015-05-06,11.083,0.025729
2015-05-07,11.146,0.005684
2015-05-08,11.583,0.039207
2015-05-11,12.222,0.055167
2015-05-12,12.703,0.039355
2015-05-13,12.712,0.000708
2015-05-14,12.412,-0.0236
2015-05-15,12.489,0.006204
2015-05-18,12.892,0.032268
2015-05-19,13.051,0.012333
2015-05-20,13.33,0.021378
2015-05-21,13.626,0.022206
2015-05-22,13.609,-0.001248
2015-05-25,13.405,-0.01499
2015-05-26,13.818,0.030809
2015-05-27,13.829,0.000796
2015-05-28,13.149,-0.049172
2015-05-29,13.495,0.026314
2015-06-01,14.017,0.038681
2015-06-02,14.312,0.021046
2015-06-03,14.488,0.012297
2015-06-04,14.357,-0.009042
2015-06-05,14.419,0.004318
2015-06-08,13.795,-0.043276
2015-06-09,13.712,-0.006017
2015-06-10,13.981,0.019618
2015-06-11,14.06,0.005651
2015-06-12,14.205,0.010313
2015-06-15,13.537,-0.047026
2015-06-16,13.005,-0.0393
2015-06-17,13.414,0.031449
2015-06-18,12.753,-0.049277
2015-06-19,12.316,-0.034266
2015-06-23,12.422,0.008607
2015-06-24,12.459,0.002979
2015-06-25,11.969,-0.039329
2015-06-26,11.214,-0.06308
2015-06-29,10.613,-0.053594
2015-06-30,11.107,0.046547
2015-07-01,10.732,-0.033762
2015-07-02,10.265,-0.043515
2015-07-03,9.924,-0.03322
2015-07-06,9.753,-0.017231
2015-07-07,9.302,-0.046242
2015-07-08,9.04,-0.028166
2015-07-09,9.277,0.026217
2015-07-10,9.601,0.034925
2015-07-13,9.977,0.039163
2015-07-14,10.088,0.011126
2015-07-15,9.783,-0.030234
2015-07-16,9.882,0.01012
2015-07-17,10.308,0.043109
2015-07-20,10.483,0.016977
2015-07-21,10.67,0.017838
2015-07-22,10.738,0.006373
2015-07-23,10.911,0.016111
2015-07-24,10.712,-0.018238
2015-07-27,10.118,-0.055452
2015-07-28,10.031,-0.008599
2015-07-29,10.3,0.026817
2015-07-30,10.088,-0.020583
2015-07-31,10.033,-0.005452
2015-08-03,9.907,-0.012559
2015-08-04,10.192,0.028768
2015-08-05,10.092,-0.009812
2015-08-06,10.027,-0.006441
2015-08-07,10.22,0.019248
2015-08-10,10.58,0.035225
2015-08-11,10.583,0.000284
2015-08-12,10.5,-0.007843
2015-08-13,10.626,0.012
2015-08-14,10.621,-0.000471
2015-08-17,10.718,0.009133
2015-08-18,10.126,-0.055234
2015-08-19,10.275,0.014715
2015-08-20,10.051,-0.0218
2015-08-21,9.711,-0.033827
2015-08-24,9.153,-0.057461
2015-08-25,8.795,-0.039113
2015-08-26,8.906,0.012621
2015-08-27,9.156,0.028071
2015-08-28,9.42,0.028834
2015-08-31,9.324,-0.010191
2015-09-01,9.155,-0.018125
2015-09-02,9.106,-0.005352
2015-09-07,9.019,-0.009554
2015-09-08,9.219,0.022175
2015-09-09,9.368,0.016162
2015-09-10,9.378,0.001067
2015-09-11,9.381,0.00032
2015-09-14,9.088,-0.031233
2015-09-15,8.915,-0.019036
2015-09-16,9.245,0.037016
2015-09-17,9.047,-0.021417
2015-09-18,9.106,0.006521
2015-09-21,9.276,0.018669
2015-09-22,9.305,0.003126
2015-09-23,9.182,-0.013219
2015-09-24,9.242,0.006535
2015-09-25,9.048,-0.020991
2015-09-28,9.171,0.013594
2015-09-29,9.088,-0.00905
2015-09-30,9.093,0.00055
2015-10-08,9.336,0.026724
2015-10-09,9.422,0.009212
2015-10-12,9.642,0.02335
2015-10-13,9.689,0.004875
2015-10-14,9.61,-0.008154
2015-10-15,9.771,0.016753
2015-10-16,9.81,0.003991
2015-10-19,9.78,-0.003058
2015-10-20,9.92,0.014315
2015-10-21,9.536,-0.03871
2015-10-22,9.716,0.018876
2015-10-23,9.879,0.016776
2015-10-26,9.901,0.002227
2015-10-27,9.887,-0.001414
2015-10-28,9.87,-0.001719
2015-10-29,9.897,0.002736
2015-10-30,9.911,0.001415
2015-11-02,9.782,-0.013016
2015-11-03,9.776,-0.000613
2015-11-04,10.064,0.02946
2015-11-05,10.002,-0.006161
2015-11-06,10.185,0.018296
2015-11-09,10.233,0.004713
2015-11-10,10.25,0.001661
2015-11-11,10.337,0.008488
2015-11-12,10.375,0.003676
2015-11-13,10.256,-0.01147
2015-11-16,10.371,0.011213
2015-11-17,10.343,-0.0027
2015-11-18,10.323,-0.001934
2015-11-19,10.463,0.013562
2015-11-20,10.59,0.012138
2015-11-23,10.57,-0.001889
2015-11-24,10.601,0.002933
2015-11-25,10.687,0.008112
2015-11-26,10.733,0.004304
2015-11-27,10.278,-0.042393
2015-11-30,10.281,0.000292
2015-12-01,10.45,0.016438
2015-12-02,10.279,-0.016364
2015-12-03,10.426,0.014301
2015-12-04,10.444,0.001726
2015-12-07,10.539,0.009096
2015-12-08,10.438,-0.009583
2015-12-09,10.475,0.003545
2015-12-10,10.429,-0.004391
2015-12-11,10.33,-0.009493
2015-12-14,10.466,0.013166
2015-12-15,10.542,0.007262
2015-12-16,10.561,0.001802
2015-12-17,10.739,0.016854
2015-12-18,10.703,-0.003352
2015-12-21,10.764,0.005699
2015-12-22,10.825,0.005667
2015-12-23,10.719,-0.009792
2015-12-24,10.718,-9.3e-05
2015-12-25,10.811,0.008677
2015-12-28,10.7,-0.010267
2015-12-29,10.778,0.00729
2015-12-30,10.79,0.001113
2015-12-31,10.677,-0.010473
2016-01-04,10.113,-0.052824
2016-01-05,10.101,-0.001187
2016-01-06,10.298,0.019503
2016-01-07,9.74,-0.054185
2016-01-08,9.842,0.010472
2016-01-11,9.448,-0.040033
2016-01-12,9.363,-0.008997
2016-01-13,9.11,-0.027021
2016-01-14,9.306,0.021515
2016-01-15,9.105,-0.021599
2016-01-18,9.2,0.010434
2016-01-19,9.406,0.022391
2016-01-20,9.373,-0.003508
2016-01-21,9.172,-0.021445
2016-01-22,9.206,0.003707
2016-01-25,9.279,0.00793
2016-01-26,8.94,-0.036534
2016-01-27,8.813,-0.014206
2016-01-28,8.619,-0.022013
2016-01-29,8.802,0.021232
2016-02-01,8.78,-0.002499
2016-02-02,8.935,0.017654
2016-02-03,8.949,0.001567
2016-02-04,9.041,0.01028
2016-02-05,9.052,0.001217
2016-02-15,9.125,0.008065
2016-02-16,9.337,0.023233
2016-02-17,9.429,0.009853
2016-02-18,9.434,0.00053
2016-02-19,9.443,0.000954
2016-02-22,9.552,0.011543
2016-02-23,9.576,0.002513
2016-02-24,9.583,0.000731
2016-02-25,9.163,-0.043828
2016-02-26,9.215,0.005675
2016-02-29,9.003,-0.023006
2016-03-01,9.158,0.017216
2016-03-02,9.386,0.024896
2016-03-03,9.479,0.009908
2016-03-04,9.392,-0.009178
2016-03-07,9.573,0.019272
2016-03-08,9.544,-0.003029
2016-03-09,9.352,-0.020117
2016-03-10,9.292,-0.006416
2016-03-11,9.293,0.000108
2016-03-14,9.524,0.024857
2016-03-15,9.376,-0.01554
2016-03-16,9.343,-0.00352
2016-03-17,9.627,0.030397
2016-03-18,9.919,0.030331
2016-03-21,10.096,0.017845
2016-03-22,10.089,-0.000693
2016-03-23,10.134,0.00446
2016-03-24,9.959,-0.017269
2016-03-25,10.005,0.004619
2016-03-28,9.975,-0.002999
2016-03-29,9.816,-0.01594
2016-03-30,10.084,0.027302
2016-03-31,10.068,-0.001587
2016-04-01,9.96,-0.010727
2016-04-05,10.238,0.027912
2016-04-06,10.293,0.005372
2016-04-07,10.126,-0.016225
2016-04-08,10.121,-0.000494
2016-04-11,10.38,0.02559
2016-04-12,10.325,-0.005299
2016-04-13,10.454,0.012494
2016-04-14,10.557,0.009853
2016-04-15,10.577,0.001894
2016-04-18,10.444,-0.012574
2016-04-19,10.469,0.002394
2016-04-20,10.089,-0.036298
2016-04-21,9.931,-0.015661
2016-04-22,10.015,0.008458
2016-04-25,9.949,-0.00659
2016-04-26,10.086,0.01377
2016-04-27,10.014,-0.007139
2016-04-28,9.993,-0.002097
2016-04-29,9.959,-0.003402
2016-05-03,10.216,0.025806
2016-05-04,10.229,0.001273
2016-05-05,10.294,0.006354
2016-05-06,9.976,-0.030892
2016-05-09,9.695,-0.028168
2016-05-10,9.678,-0.001753
2016-05-11,9.649,-0.002996
2016-05-12,9.655,0.000622
2016-05-13,9.604,-0.005282
2016-05-16,9.734,0.013536
2016-05-17,9.817,0.008527
2016-05-18,9.594,-0.022716
2016-05-19,9.629,0.003648
2016-05-20,9.744,0.011943
2016-05-23,9.874,0.013342
2016-05-24,9.792,-0.008305
2016-05-25,9.774,-0.001838
2016-05-26,9.855,0.008287
2016-05-27,9.803,-0.005277
2016-05-30,9.767,-0.003672
2016-05-31,10.078,0.031842
2016-06-01,10.098,0.001985
2016-06-02,10.185,0.008616
2016-06-03,10.247,0.006087
2016-06-06,10.272,0.00244
2016-06-07,10.267,-0.000487
2016-06-08,10.243,-0.002338
2016-06-13,9.917,-0.031827
2016-06-14,9.929,0.00121
2016-06-15,10.082,0.015409
2016-06-16,10.042,-0.003967
2016-06-17,10.097,0.005477
2016-06-20,10.083,-0.001387
2016-06-21,10.034,-0.00486
2016-06-22,10.183,0.01485
2016-06-23,10.183,0.0
2016-06-24,10.112,-0.006972
2016-06-27,10.314,0.019976
2016-06-28,10.412,0.009502
2016-06-29,10.408,-0.000384
2016-06-30,10.399,-0.000865
2016-07-01,10.375,-0.002308
2016-07-04,10.554,0.017253
2016-07-05,10.556,0.00019
2016-07-06,10.57,0.001326
2016-07-07,10.534,-0.003406
2016-07-08,10.519,-0.001424
2016-07-11,10.565,0.004373
2016-07-12,10.75,0.017511
2016-07-13,10.799,0.004558
2016-07-14,10.787,-0.001111
2016-07-15,10.682,-0.009734
2016-07-18,10.578,-0.009736
2016-07-19,10.604,0.002458
2016-07-20,10.543,-0.005753
2016-07-21,10.565,0.002087
2016-07-22,10.519,-0.004354
2016-07-25,10.511,-0.000761
2016-07-26,10.661,0.014271
2016-07-27,10.295,-0.034331
2016-07-28,10.243,-0.005051
2016-07-29,10.131,-0.010934
2016-08-01,10.094,-0.003652
2016-08-02,10.144,0.004953
2016-08-03,10.145,9.9e-05
2016-08-04,10.182,0.003647
2016-08-05,10.118,-0.006286
2016-08-08,10.332,0.02115
2016-08-09,10.349,0.001645
2016-08-10,10.381,0.003092
2016-08-11,10.249,-0.012716
2016-08-12,10.338,0.008684
2016-08-15,10.508,0.016444
2016-08-16,10.565,0.005424
2016-08-17,10.591,0.002461
2016-08-18,10.581,-0.000944
2016-08-19,10.565,-0.001512
2016-08-22,10.49,-0.007099
2016-08-23,10.467,-0.002193
2016-08-24,10.48,0.001242
2016-08-25,10.438,-0.004008
2016-08-26,10.457,0.00182
2016-08-29,10.452,-0.000478
2016-08-30,10.43,-0.002105
2016-08-31,10.41,-0.001918
2016-09-01,10.301,-0.010471
2016-09-02,10.285,-0.001553
2016-09-05,10.381,0.009334
2016-09-06,10.485,0.010018
2016-09-07,10.458,-0.002575
2016-09-08,10.486,0.002677
2016-09-09,10.406,-0.007629
2016-09-12,10.194,-0.020373
2016-09-13,10.179,-0.001471
2016-09-14,10.136,-0.004224
2016-09-19,10.191,0.005426
2016-09-20,10.222,0.003042
2016-09-21,10.256,0.003326
2016-09-22,10.275,0.001853
2016-09-23,10.26,-0.00146
2016-09-26,10.103,-0.015302
2016-09-27,10.131,0.002771
2016-09-28,10.126,-0.000494
2016-09-29,10.168,0.004148
2016-09-30,10.192,0.00236
2016-10-10,10.358,0.016287
2016-10-11,10.464,0.010234
2016-10-12,10.457,-0.000669
2016-10-13,10.46,0.000287
2016-10-14,10.433,-0.002581
2016-10-17,10.328,-0.010064
2016-10-18,10.44,0.010844
2016-10-19,10.428,-0.001149
2016-10-20,10.45,0.00211
2016-10-21,10.43,-0.001914
2016-10-24,10.494,0.006136
2016-10-25,10.478,-0.001525
2016-10-26,10.421,-0.00544
2016-10-27,10.413,-0.000768
2016-10-28,10.379,-0.003265
2016-10-31,10.377,-0.000193
2016-11-01,10.444,0.006457
2016-11-02,10.371,-0.00699
2016-11-03,10.405,0.003278
2016-11-04,10.364,-0.00394
2016-11-07,10.326,-0.003667
2016-11-08,10.353,0.002615
2016-11-09,10.281,-0.006955
2016-11-10,10.389,0.010505
2016-11-11,10.447,0.005583
2016-11-14,10.526,0.007562
2016-11-15,10.502,-0.00228
2016-11-16,10.509,0.000667
2016-11-17,10.498,-0.001047
2016-11-18,10.444,-0.005144
2016-11-21,10.462,0.001723
2016-11-22,10.532,0.006691
2016-11-23,10.476,-0.005317
2016-11-24,10.406,-0.006682
2016-11-25,10.469,0.006054
2016-11-28,10.506,0.003534
2016-11-29,10.476,-0.002856
2016-11-30,10.445,-0.002959
2016-12-01,10.477,0.003064
2016-12-02,10.396,-0.007731
2016-12-05,10.3,-0.009234
2016-12-06,10.277,-0.002233
2016-12-07,10.294,0.001654
2016-12-08,10.243,-0.004954
2016-12-09,10.21,-0.003222
2016-12-12,9.827,-0.037512
2016-12-13,9.804,-0.00234
2016-12-14,9.765,-0.003978
2016-12-15,9.841,0.007783
2016-12-16,9.947,0.010771
2016-12-19,9.895,-0.005228
2016-12-20,9.884,-0.001112
2016-12-21,9.944,0.00607
2016-12-22,9.93,-0.001408
2016-12-23,9.882,-0.004834
2016-12-26,9.925,0.004351
2016-12-27,9.94,0.001511
2016-12-28,9.9,-0.004024
2016-12-29,9.873,-0.002727
2016-12-30,9.893,0.002026
2016-12-31,9.892,-0.000101
2017-01-03,9.95,0.005863
2017-01-04,10.066,0.011658
2017-01-05,10.036,-0.00298
2017-01-06,9.957,-0.007872
2017-01-09,9.98,0.00231
2017-01-10,10.004,0.002405
2017-01-11,9.92,-0.008397
2017-01-12,9.869,-0.005141
2017-01-13,9.767,-0.010335
2017-01-16,9.539,-0.023344
2017-01-17,9.646,0.011217
2017-01-18,9.594,-0.005391
2017-01-19,9.566,-0.002918
2017-01-20,9.669,0.010767
2017-01-23,9.684,0.001551
2017-01-24,9.656,-0.002891
2017-01-25,9.665,0.000932
2017-01-26,9.714,0.00507
2017-02-03,9.653,-0.00628
2017-02-06,9.727,0.007666
2017-02-07,9.682,-0.004626
2017-02-08,9.722,0.004131
2017-02-09,9.781,0.006069
2017-02-10,9.773,-0.000818
2017-02-13,9.808,0.003581
2017-02-14,9.816,0.000816
2017-02-15,9.734,-0.008354
2017-02-16,9.767,0.00339
2017-02-17,9.731,-0.003686
2017-02-20,9.838,0.010996
2017-02-21,9.868,0.003049
2017-02-22,9.884,0.001621
2017-02-23,9.827,-0.005767
2017-02-24,9.859,0.003256
2017-02-27,9.799,-0.006086
2017-02-28,9.837,0.003878
2017-03-01,9.876,0.003965
2017-03-02,9.885,0.000911
2017-03-03,9.915,0.003035
2017-03-06,9.955,0.004034
2017-03-07,9.925,-0.003014
2017-03-08,9.891,-0.003426
2017-03-09,9.824,-0.006774
2017-03-10,9.804,-0.002036
2017-03-13,9.888,0.008568
2017-03-14,9.847,-0.004146
2017-03-15,9.845,-0.000203
2017-03-16,9.929,0.008532
2017-03-17,9.842,-0.008762
2017-03-20,9.887,0.004572
2017-03-21,9.947,0.006069
2017-03-22,9.984,0.00372
2017-03-23,10.026,0.004207
2017-03-24,10.102,0.00758
2017-03-27,10.044,-0.005741
2017-03-28,10.036,-0.000796
2017-03-29,10.042,0.000598
2017-03-30,9.89,-0.015136
2017-03-31,9.864,-0.002629
2017-04-05,10.064,0.020276
2017-04-06,10.135,0.007055
2017-04-07,10.126,-0.000888
2017-04-10,10.162,0.003555
2017-04-11,10.267,0.010333
2017-04-12,10.105,-0.015779
2017-04-13,10.153,0.00475
2017-04-14,10.045,-0.010637
2017-04-17,9.989,-0.005575
2017-04-18,9.958,-0.003103
2017-04-19,9.936,-0.002209
2017-04-20,9.966,0.003019
2017-04-21,9.849,-0.01174
2017-04-24,9.654,-0.019799
2017-04-25,9.669,0.001554
2017-04-26,9.654,-0.001551
2017-04-27,9.676,0.002279
2017-04-28,9.673,-0.00031
2017-05-02,9.634,-0.004032
2017-05-03,9.577,-0.005917
2017-05-04,9.557,-0.002088
2017-05-05,9.458,-0.010359
2017-05-08,9.236,-0.023472
2017-05-09,9.278,0.004547
2017-05-10,9.185,-0.010024
2017-05-11,9.245,0.006532
2017-05-12,9.244,-0.000108
2017-05-15,9.27,0.002813
2017-05-16,9.329,0.006365
2017-05-17,9.369,0.004288
2017-05-18,9.296,-0.007792
2017-05-19,9.22,-0.008176
2017-05-22,9.12,-0.010846
2017-05-23,8.964,-0.017105
2017-05-24,8.935,-0.003235
2017-05-25,8.981,0.005148
2017-05-26,9.011,0.00334
2017-05-31,9.02,0.000999
2017-06-01,8.974,-0.0051
2017-06-02,8.979,0.000557
2017-06-05,8.968,-0.001225
2017-06-06,8.997,0.003234
2017-06-07,9.056,0.006558
2017-06-08,9.099,0.004748
2017-06-09,9.108,0.000989
2017-06-12,9.111,0.000329
2017-06-13,9.112,0.00011
2017-06-14,9.087,-0.002744
2017-06-15,9.1,0.001431
2017-06-16,9.109,0.000989
2017-06-19,9.138,0.003184
2017-06-20,9.125,-0.001423
2017-06-21,9.166,0.004493
2017-06-22,9.129,-0.004037
2017-06-23,9.149,0.002191
2017-06-26,9.182,0.003607
2017-06-27,9.186,0.000436
2017-06-28,9.176,-0.001089
2017-06-29,9.215,0.00425
2017-06-30,9.229,0.001519
2017-07-03,9.242,0.001409
2017-07-04,9.242,0.0
2017-07-05,9.289,0.005085
2017-07-06,9.284,-0.000538
2017-07-07,9.26,-0.002585
2017-07-10,9.218,-0.004536
2017-07-11,9.205,-0.00141
2017-07-12,9.205,0.0
2017-07-13,9.193,-0.001304
2017-07-14,9.22,0.002937
2017-07-17,9.105,-0.012473
2017-07-18,9.127,0.002416
2017-07-19,9.177,0.005478
2017-07-20,9.212,0.003814
2017-07-21,9.205,-0.00076
2017-07-24,9.215,0.001086
2017-07-25,9.187,-0.003039
2017-07-26,9.145,-0.004572
2017-07-27,9.235,0.009841
2017-07-28,9.249,0.001516
2017-07-31,9.273,0.002595
2017-08-01,9.319,0.004961
2017-08-02,9.318,-0.000107
2017-08-03,9.273,-0.004829
2017-08-04,9.227,-0.004961
2017-08-07,9.296,0.007478
2017-08-08,9.343,0.005056
2017-08-09,9.367,0.002569
2017-08-10,9.333,-0.00363
2017-08-11,9.284,-0.00525
2017-08-14,9.393,0.011741
2017-08-15,9.405,0.001278
2017-08-16,9.423,0.001914
2017-08-17,9.428,0.000531
2017-08-18,9.406,-0.002333
2017-08-21,9.42,0.001488
2017-08-22,9.386,-0.003609
2017-08-23,9.386,0.0
2017-08-24,9.253,-0.01417
2017-08-25,9.332,0.008538
2017-08-28,9.387,0.005894
2017-08-29,9.384,-0.00032
2017-08-30,9.386,0.000213
2017-08-31,9.434,0.005114
2017-09-01,9.472,0.004028
2017-09-04,9.503,0.003273
2017-09-05,9.56,0.005998
2017-09-06,9.595,0.003661
2017-09-07,9.537,-0.006045
2017-09-08,9.526,-0.001153
2017-09-11,9.582,0.005879
2017-09-12,9.652,0.007305
2017-09-13,9.684,0.003315
2017-09-14,9.674,-0.001033
2017-09-15,9.639,-0.003618
2017-09-18,9.761,0.012657
2017-09-19,9.694,-0.006864
2017-09-20,9.729,0.00361
2017-09-21,9.659,-0.007195
2017-09-22,9.652,-0.000725
2017-09-25,9.639,-0.001347
2017-09-26,9.649,0.001037
2017-09-27,9.723,0.007669
2017-09-28,9.763,0.004114
2017-09-29,9.818,0.005634
2017-10-09,9.868,0.005093
2017-10-10,9.877,0.000912
2017-10-11,9.916,0.003949
2017-10-12,9.964,0.004841
2017-10-13,9.961,-0.000301
2017-10-16,9.862,-0.009939
2017-10-17,9.88,0.001825
2017-10-18,9.912,0.003239
2017-10-19,9.895,-0.001715
2017-10-20,9.902,0.000707
2017-10-23,9.957,0.005554
2017-10-24,9.971,0.001406
2017-10-25,10.078,0.010731
2017-10-26,10.046,-0.003175
2017-10-27,10.083,0.003683
2017-10-30,10.037,-0.004562
2017-10-31,10.088,0.005081
2017-11-01,10.104,0.001586
2017-11-02,10.056,-0.004751
2017-11-03,10.077,0.002088
2017-11-06,10.307,0.022824
2017-11-07,10.348,0.003978
2017-11-08,10.299,-0.004735
2017-11-09,10.4,0.009807
2017-11-10,10.507,0.010288
2017-11-13,10.635,0.012182
2017-11-14,10.566,-0.006488
2017-11-15,10.401,-0.015616
2017-11-16,10.464,0.006057
2017-11-17,10.274,-0.018157
2017-11-20,10.396,0.011875
2017-11-21,10.515,0.011447
2017-11-22,10.38,-0.012839
2017-11-23,10.023,-0.034393
2017-11-24,9.963,-0.005986
2017-11-27,9.832,-0.013149
2017-11-28,9.964,0.013426
2017-11-29,9.922,-0.004215
2017-11-30,9.784,-0.013908
2017-12-01,9.867,0.008483
2017-12-04,9.943,0.007702
2017-12-05,9.857,-0.008649
2017-12-06,9.857,0.0
2017-12-07,9.748,-0.011058
2017-12-08,9.884,0.013952
2017-12-11,10.09,0.020842
2017-12-12,10.068,-0.00218
2017-12-13,10.163,0.009436
2017-12-14,10.183,0.001968
2017-12-15,10.116,-0.00658
2017-12-18,10.099,-0.001681
2017-12-19,10.206,0.010595
2017-12-20,10.169,-0.003625
2017-12-21,10.289,0.011801
2017-12-22,10.248,-0.003985
2017-12-25,10.19,-0.00566
2017-12-26,10.185,-0.000491
2017-12-27,10.048,-0.013451
2017-12-28,10.121,0.007265
2017-12-29,10.182,0.006027
2017-12-31,10.182,0.0
2018-01-02,10.253,0.006973
2018-01-03,10.317,0.006242
2018-01-04,10.359,0.004071
2018-01-05,10.294,-0.006275
2018-01-08,10.293,-9.7e-05
2018-01-09,10.378,0.008258
2018-01-10,10.329,-0.004722
2018-01-11,10.342,0.001259
2018-01-12,10.361,0.001837
2018-01-15,10.296,-0.006274
2018-01-16,10.345,0.004759
2018-01-17,10.233,-0.010826
2018-01-18,10.338,0.010261
2018-01-19,10.334,-0.000387
2018-01-22,10.517,0.017709
2018-01-23,10.541,0.002282
2018-01-24,10.573,0.003036
2018-01-25,10.514,-0.00558
2018-01-26,10.542,0.002663
2018-01-29,10.298,-0.023146
2018-01-30,10.286,-0.001165
2018-01-31,10.26,-0.002528
2018-02-01,10.088,-0.016764
2018-02-02,10.201,0.011201
2018-02-05,10.062,-0.013626
2018-02-06,9.769,-0.029119
2018-02-07,9.564,-0.020985
2018-02-08,9.692,0.013384
2018-02-09,9.511,-0.018675
2018-02-12,9.734,0.023447
2018-02-13,9.799,0.006678
2018-02-14,9.833,0.00347
2018-02-22,10.042,0.021255
2018-02-23,10.051,0.000896
2018-02-26,10.221,0.016914
2018-02-27,10.169,-0.005088
2018-02-28,10.094,-0.007375
2018-03-01,10.156,0.006142
2018-03-02,10.049,-0.010536
2018-03-05,10.054,0.000498
2018-03-06,10.219,0.016411
2018-03-07,10.114,-0.010275
2018-03-08,10.234,0.011865
2018-03-09,10.331,0.009478
2018-03-12,10.466,0.013067
2018-03-13,10.332,-0.012803
2018-03-14,10.287,-0.004355
2018-03-15,10.301,0.001361
2018-03-16,10.226,-0.007281
2018-03-19,10.287,0.005965
2018-03-20,10.341,0.005249
2018-03-21,10.243,-0.009477
2018-03-22,10.133,-0.010739
2018-03-23,9.897,-0.02329
2018-03-26,10.012,0.01162
2018-03-27,10.087,0.007491
2018-03-28,9.967,-0.011897
2018-03-29,10.001,0.003411
2018-03-30,10.173,0.017198
2018-04-02,10.161,-0.00118
2018-04-03,10.118,-0.004232
2018-04-04,10.067,-0.005041
2018-04-09,10.112,0.00447
2018-04-10,10.175,0.00623
2018-04-11,10.224,0.004816
2018-04-12,10.217,-0.000685
2018-04-13,10.165,-0.00509
2018-04-16,10.118,-0.004624
2018-04-17,9.91,-0.020557
2018-04-18,10.001,0.009183
2018-04-19,10.049,0.0048
2018-04-20,9.926,-0.01224
2018-04-23,9.821,-0.010578
2018-04-24,10.097,0.028103
2018-04-25,10.212,0.01139
2018-04-26,10.092,-0.011751
2018-04-27,10.196,0.010305
2018-05-02,10.287,0.008925
2018-05-03,10.315,0.002722
2018-05-04,10.357,0.004072
2018-05-07,10.493,0.013131
2018-05-08,10.455,-0.003621
2018-05-09,10.43,-0.002391
2018-05-10,10.478,0.004602
2018-05-11,10.382,-0.009162
2018-05-14,10.391,0.000867
2018-05-15,10.49,0.009527
2018-05-16,10.53,0.003813
2018-05-17,10.407,-0.011681
2018-05-18,10.433,0.002498
2018-05-21,10.516,0.007956
2018-05-22,10.635,0.011316
2018-05-23,10.564,-0.006676
2018-05-24,10.549,-0.00142
2018-05-25,10.472,-0.007299
2018-05-28,10.568,0.009167
2018-05-29,10.408,-0.01514
2018-05-30,10.357,-0.0049
2018-05-31,10.53,0.016704
2018-06-01,10.38,-0.014245
2018-06-04,10.359,-0.002023
2018-06-05,10.591,0.022396
2018-06-06,10.601,0.000944
2018-06-07,10.495,-0.009999
2018-06-08,10.509,0.001334
2018-06-11,10.422,-0.008279
2018-06-12,10.551,0.012378
2018-06-13,10.452,-0.009383
2018-06-14,10.387,-0.006219
2018-06-15,10.283,-0.010013
2018-06-19,10.062,-0.021492
2018-06-20,10.212,0.014908
2018-06-21,10.19,-0.002154
2018-06-22,10.28,0.008832
2018-06-25,10.284,0.000389
2018-06-26,10.31,0.002528
2018-06-27,10.154,-0.015131
2018-06-28,10.089,-0.006401
2018-06-29,10.42,0.032808
2018-06-30,10.42,0.0
2018-07-02,10.402,-0.001727
2018-07-03,10.372,-0.002884
2018-07-04,10.244,-0.012341
2018-07-05,10.035,-0.020402
2018-07-06,10.048,0.001295
2018-07-09,10.362,0.03125
2018-07-10,10.394,0.003088
2018-07-11,10.369,-0.002405
2018-07-12,10.544,0.016877
2018-07-13,10.739,0.018494
2018-07-16,10.761,0.002049
2018-07-17,10.696,-0.00604
2018-07-18,10.647,-0.004581
2018-07-19,10.566,-0.007608
2018-07-20,10.591,0.002366
2018-07-23,10.517,-0.006987
2018-07-24,10.553,0.003423
2018-07-25,10.628,0.007107
2018-07-26,10.498,-0.012232
2018-07-27,10.461,-0.003524
2018-07-30,10.302,-0.015199
2018-07-31,10.382,0.007765
2018-08-01,10.271,-0.010692
2018-08-02,10.17,-0.009834
2018-08-03,9.923,-0.024287
2018-08-06,9.702,-0.022271
2018-08-07,9.908,0.021233
2018-08-08,9.753,-0.015644
2018-08-09,10.021,0.027479
2018-08-10,10.095,0.007384
2018-08-13,10.176,0.008024
2018-08-14,10.139,-0.003636
2018-08-15,9.977,-0.015978
2018-08-16,9.942,-0.003508
2018-08-17,9.791,-0.015188
2018-08-20,9.784,-0.000715
2018-08-21,10.025,0.024632
2018-08-22,9.994,-0.003092
2018-08-23,10.107,0.011307
2018-08-24,10.164,0.00564
2018-08-27,10.399,0.023121
2018-08-28,10.401,0.000192
2018-08-29,10.331,-0.00673
2018-08-30,10.231,-0.00968
2018-08-31,10.147,-0.00821
2018-09-03,10.233,0.008475
2018-09-04,10.315,0.008013
2018-09-05,10.155,-0.015511
2018-09-06,10.139,-0.001576
2018-09-07,10.101,-0.003748
2018-09-10,9.959,-0.014058
2018-09-11,10.017,0.005824
2018-09-12,9.868,-0.014875
2018-09-13,9.934,0.006688
2018-09-14,9.763,-0.017214
2018-09-17,9.685,-0.007989
2018-09-18,9.854,0.01745
2018-09-19,9.994,0.014207
2018-09-20,9.962,-0.003202
2018-09-21,10.123,0.016161
2018-09-25,10.158,0.003457
2018-09-26,10.257,0.009746
2018-09-27,10.236,-0.002047
2018-09-28,10.23,-0.000586
2018-10-08,9.937,-0.028641
2018-10-09,9.829,-0.010868
2018-10-10,9.747,-0.008343
2018-10-11,9.384,-0.037242
2018-10-12,9.428,0.004689
2018-10-15,9.366,-0.006576
2018-10-16,9.102,-0.028187
2018-10-17,9.102,0.0
2018-10-18,9.014,-0.009668
2018-10-19,9.281,0.029621
2018-10-22,9.596,0.03394
2018-10-23,9.473,-0.012818
2018-10-24,9.34,-0.01404
2018-10-25,9.263,-0.008244
2018-10-26,9.083,-0.019432
2018-10-29,8.911,-0.018936
2018-10-30,8.977,0.007407
2018-10-31,9.124,0.016375
2018-11-01,9.191,0.007343
2018-11-02,9.469,0.030247
2018-11-05,9.398,-0.007498
2018-11-06,9.348,-0.00532
2018-11-07,9.358,0.00107
2018-11-08,9.272,-0.00919
2018-11-09,9.26,-0.001294
2018-11-12,9.389,0.013931
2018-11-13,9.496,0.011396
2018-11-14,9.439,-0.006003
2018-11-15,9.505,0.006992
2018-11-16,9.578,0.00768
2018-11-19,9.574,-0.000418
2018-11-20,9.377,-0.020577
2018-11-21,9.439,0.006612
2018-11-22,9.419,-0.002119
2018-11-23,9.323,-0.010192
2018-11-26,9.251,-0.007723
2018-11-27,9.294,0.004648
2018-11-28,9.373,0.0085
2018-11-29,9.321,-0.005548
2018-11-30,9.409,0.009441
2018-12-03,9.629,0.023382
2018-12-04,9.637,0.000831
2018-12-05,9.656,0.001972
2018-12-06,9.452,-0.021127
2018-12-07,9.422,-0.003174
2018-12-10,9.402,-0.002123
2018-12-11,9.429,0.002872
2018-12-12,9.398,-0.003288
2018-12-13,9.539,0.015003
2018-12-14,9.399,-0.014677
2018-12-17,9.318,-0.008618
2018-12-18,9.219,-0.010625
2018-12-19,9.062,-0.01703
2018-12-20,9.093,0.003421
2018-12-21,8.996,-0.010668
2018-12-24,9.153,0.017452
2018-12-25,9.169,0.001748
2018-12-26,9.176,0.000763
2018-12-27,9.135,-0.004468
2018-12-28,9.149,0.001533
2018-12-31,9.148,-0.000109
2019-01-02,9.059,-0.009729
2019-01-03,8.914,-0.016006
2019-01-04,9.091,0.019856
2019-01-07,9.2,0.01199
2019-01-08,9.199,-0.000109
2019-01-09,9.22,0.002283
2019-01-10,9.197,-0.002495
2019-01-11,9.22,0.002501
2019-01-14,9.142,-0.00846
2019-01-15,9.262,0.013126
2019-01-16,9.31,0.005182
2019-01-17,9.249,-0.006552
2019-01-18,9.341,0.009947
2019-01-21,9.359,0.001927
2019-01-22,9.267,-0.00983
2019-01-23,9.297,0.003237
2019-01-24,9.334,0.00398
2019-01-25,9.357,0.002464
2019-01-28,9.368,0.001176
2019-01-29,9.352,-0.001708
2019-01-30,9.311,-0.004384
2019-01-31,9.306,-0.000537
2019-02-01,9.465,0.017086
2019-02-11,9.615,0.015848
2019-02-12,9.68,0.00676
2019-02-13,9.775,0.009814
2019-02-14,9.764,-0.001125
2019-02-15,9.694,-0.007169
2019-02-18,9.942,0.025583
2019-02-19,9.869,-0.007343
2019-02-20,9.819,-0.005066
2019-02-21,9.756,-0.006416
2019-02-22,9.98,0.02296
2019-02-25,10.282,0.030261
2019-02-26,10.235,-0.004571
2019-02-27,10.13,-0.010259
2019-02-28,10.257,0.012537
2019-03-01,10.293,0.00351
2019-03-04,10.383,0.008744
2019-03-05,10.454,0.006838
2019-03-06,10.455,9.6e-05
2019-03-07,10.382,-0.006982
2019-03-08,10.316,-0.006357
2019-03-11,10.609,0.028402
2019-03-12,10.689,0.007541
2019-03-13,10.575,-0.010665
2019-03-14,10.53,-0.004255
2019-03-15,10.74,0.019943
2019-03-18,11.004,0.024581
2019-03-19,10.957,-0.004271
2019-03-20,10.895,-0.005658
2019-03-21,10.918,0.002111
2019-03-22,10.931,0.001191
2019-03-25,10.888,-0.003934
2019-03-26,10.736,-0.01396
2019-03-27,10.925,0.017604
2019-03-28,10.949,0.002197
2019-03-29,11.166,0.019819
2019-04-01,11.409,0.021762
2019-04-02,11.301,-0.009466
2019-04-03,11.323,0.001947
2019-04-04,11.292,-0.002738
2019-04-08,11.202,-0.00797
2019-04-09,11.232,0.002678
2019-04-10,11.268,0.003205
2019-04-11,11.072,-0.017394
2019-04-12,11.052,-0.001806
2019-04-15,10.968,-0.0076
2019-04-16,11.069,0.009209
2019-04-17,11.061,-0.000723
2019-04-18,11.099,0.003435
2019-04-19,11.164,0.005856
2019-04-22,11.104,-0.005374
2019-04-23,11.061,-0.003872
2019-04-24,11.154,0.008408
2019-04-25,11.044,-0.009862
2019-04-26,11.211,0.015121
2019-04-29,11.365,0.013737
2019-04-30,11.354,-0.000968
2019-05-06,10.954,-0.03523
2019-05-07,11.159,0.018715
2019-05-08,11.086,-0.006542
2019-05-09,10.931,-0.013982
2019-05-10,11.263,0.030372
2019-05-13,11.25,-0.001154
2019-05-14,11.167,-0.007378
2019-05-15,11.415,0.022208
2019-05-16,11.495,0.007008
2019-05-17,11.305,-0.016529
2019-05-20,11.214,-0.00805
2019-05-21,11.306,0.008204
2019-05-22,11.353,0.004157
2019-05-23,11.159,-0.017088
2019-05-24,11.093,-0.005915
2019-05-27,11.201,0.009736
2019-05-28,11.262,0.005446
2019-05-29,11.268,0.000533
2019-05-30,11.284,0.00142
2019-05-31,11.283,-8.9e-05
2019-06-03,11.218,-0.005761
2019-06-04,11.09,-0.01141
2019-06-05,11.036,-0.004869
2019-06-06,10.972,-0.005799
2019-06-10,11.084,0.010208
2019-06-11,11.335,0.022645
2019-06-12,11.229,-0.009352
2019-06-13,11.249,0.001781
2019-06-14,11.176,-0.006489
2019-06-17,11.177,8.9e-05
2019-06-18,11.2,0.002058
2019-06-19,11.34,0.0125
2019-06-20,11.579,0.021076
2019-06-21,11.691,0.009673
2019-06-24,11.747,0.00479
2019-06-25,11.748,8.5e-05
2019-06-26,11.842,0.008001
2019-06-27,11.978,0.011485
2019-06-28,11.96,-0.001503
2019-06-30,11.96,0.0
2019-07-01,12.242,0.023579
2019-07-02,12.249,0.000572
2019-07-03,12.107,-0.011593
2019-07-04,11.961,-0.012059
2019-07-05,12.083,0.0102
2019-07-08,11.907,-0.014566
2019-07-09,11.933,0.002184
2019-07-10,11.94,0.000587
2019-07-11,11.934,-0.000503
2019-07-12,11.927,-0.000587
2019-07-15,12.014,0.007294
2019-07-16,11.88,-0.011154
2019-07-17,11.944,0.005387
2019-07-18,11.787,-0.013145
2019-07-19,11.89,0.008738
2019-07-22,11.857,-0.002775
2019-07-23,11.919,0.005229
2019-07-24,12.004,0.007131
2019-07-25,12.032,0.002333
2019-07-26,12.142,0.009142
2019-07-29,12.12,-0.001812
2019-07-30,12.147,0.002228
2019-07-31,12.089,-0.004775
2019-08-01,12.044,-0.003722
2019-08-02,12.11,0.00548
2019-08-05,11.947,-0.01346
2019-08-06,11.94,-0.000586
2019-08-07,11.951,0.000921
2019-08-08,12.17,0.018325
2019-08-09,12.184,0.00115
2019-08-12,12.347,0.013378
2019-08-13,12.252,-0.007694
2019-08-14,12.321,0.005632
2019-08-15,12.384,0.005113
2019-08-16,12.466,0.006621
2019-08-19,12.647,0.014519
2019-08-20,12.575,-0.005693
2019-08-21,12.577,0.000159
2019-08-22,12.631,0.004294
2019-08-23,12.828,0.015597
2019-08-26,12.788,-0.003118
2019-08-27,12.896,0.008445
2019-08-28,12.817,-0.006126
2019-08-29,12.856,0.003043
2019-08-30,12.871,0.001167
2019-09-02,12.972,0.007847
2019-09-03,12.913,-0.004548
2019-09-04,12.85,-0.004879
2019-09-05,12.845,-0.000389
2019-09-06,12.79,-0.004282
2019-09-09,12.945,0.012119
2019-09-10,12.915,-0.002317
2019-09-11,12.772,-0.011072
2019-09-12,12.786,0.001096
2019-09-16,12.853,0.00524
2019-09-17,12.73,-0.00957
2019-09-18,12.882,0.01194
2019-09-19,12.947,0.005046
2019-09-20,12.98,0.002549
2019-09-23,12.873,-0.008243
2019-09-24,12.98,0.008312
2019-09-25,12.966,-0.001079
2019-09-26,12.791,-0.013497
2019-09-27,12.824,0.00258
2019-09-30,12.824,0.0
2019-10-08,12.893,0.005381
2019-10-09,12.868,-0.001939
2019-10-10,13.133,0.020594
2019-10-11,13.105,-0.002132
2019-10-14,13.114,0.000687
2019-10-15,13.213,0.007549
2019-10-16,13.254,0.003103
2019-10-17,13.217,-0.002792
2019-10-18,13.167,-0.003783
2019-10-21,13.055,-0.008506
2019-10-22,13.224,0.012945
2019-10-23,13.077,-0.011116
2019-10-24,12.999,-0.005965
2019-10-25,13.072,0.005616
2019-10-28,13.252,0.01377
2019-10-29,13.205,-0.003547
2019-10-30,13.07,-0.010223
2019-10-31,13.09,0.00153
2019-11-01,13.254,0.012529
2019-11-04,13.384,0.009808
2019-11-05,13.428,0.003288
2019-11-06,13.341,-0.006479
2019-11-07,13.428,0.006521
2019-11-08,13.473,0.003351
2019-11-11,13.366,-0.007942
2019-11-12,13.394,0.002095
2019-11-13,13.596,0.015081
2019-11-14,13.667,0.005222
2019-11-15,13.647,-0.001463
2019-11-18,13.706,0.004323
2019-11-19,13.861,0.011309
2019-11-20,13.9,0.002814
2019-11-21,13.789,-0.007986
2019-11-22,13.502,-0.020814
2019-11-25,13.374,-0.00948
2019-11-26,13.407,0.002467
2019-11-27,13.309,-0.00731
2019-11-28,13.279,-0.002254
2019-11-29,13.117,-0.0122
2019-12-02,13.035,-0.006251
2019-12-03,13.051,0.001227
2019-12-04,13.079,0.002145
2019-12-05,13.219,0.010704
2019-12-06,13.37,0.011423
2019-12-09,13.315,-0.004114
2019-12-10,13.393,0.005858
2019-12-11,13.367,-0.001941
2019-12-12,13.333,-0.002544
2019-12-13,13.503,0.01275
2019-12-16,13.623,0.008887
2019-12-17,13.617,-0.00044
2019-12-18,13.531,-0.006316
2019-12-19,13.538,0.000517
2019-12-20,13.415,-0.009086
2019-12-23,13.339,-0.005665
2019-12-24,13.43,0.006822
2019-12-25,13.495,0.00484
2019-12-26,13.487,-0.000593
2019-12-27,13.42,-0.004968
2019-12-30,13.546,0.009389
2019-12-31,13.586,0.002953
2020-01-02,13.641,0.004048
2020-01-03,13.529,-0.008211
2020-01-06,13.523,-0.000443
2020-01-07,13.745,0.016416
2020-01-08,13.654,-0.006621
2020-01-09,13.958,0.022265
2020-01-10,13.975,0.001218
2020-01-13,14.143,0.012021
2020-01-14,14.065,-0.005515
2020-01-15,14.116,0.003626
2020-01-16,14.253,0.009705
2020-01-17,14.289,0.002526
2020-01-20,14.388,0.006928
2020-01-21,14.259,-0.008966
2020-01-22,14.333,0.00519
2020-01-23,14.082,-0.017512
2020-02-03,13.333,-0.053188
2020-02-04,13.871,0.040351
2020-02-05,13.962,0.00656
2020-02-06,14.38,0.029938
2020-02-07,14.57,0.013213
2020-02-10,14.54,-0.002059
2020-02-11,14.619,0.005433
2020-02-12,14.813,0.01327
2020-02-13,14.647,-0.011206
2020-02-14,14.657,0.000683
2020-02-17,14.963,0.020877
2020-02-18,15.015,0.003475
2020-02-19,14.877,-0.009191
2020-02-20,15.119,0.016267
2020-02-21,15.295,0.011641
2020-02-24,15.419,0.008107
2020-02-25,15.478,0.003826
2020-02-26,14.985,-0.031852
2020-02-27,15.18,0.013013
2020-02-28,14.758,-0.0278
2020-03-02,15.041,0.019176
2020-03-03,15.225,0.012233
2020-03-04,15.21,-0.000985
2020-03-05,15.33,0.00789
2020-03-06,15.32,-0.000652
2020-03-09,14.868,-0.029504
2020-03-10,15.099,0.015537
2020-03-11,14.864,-0.015564
2020-03-12,14.594,-0.018165
2020-03-13,14.514,-0.005482
2020-03-16,13.916,-0.041202
2020-03-17,13.901,-0.001078
2020-03-18,13.802,-0.007122
2020-03-19,13.741,-0.00442
2020-03-20,13.954,0.015501
2020-03-23,13.546,-0.029239
2020-03-24,13.803,0.018972
2020-03-25,14.146,0.02485
2020-03-26,14.289,0.010109
2020-03-27,14.234,-0.003849
2020-03-30,13.998,-0.01658
2020-03-31,14.177,0.012788
2020-04-01,14.119,-0.004091
2020-04-02,14.312,0.01367
2020-04-03,14.247,-0.004542
2020-04-07,14.524,0.019443
2020-04-08,14.536,0.000826
2020-04-09,14.702,0.01142
2020-04-10,14.491,-0.014352
2020-04-13,14.403,-0.006073
2020-04-14,14.673,0.018746
2020-04-15,14.655,-0.001227
2020-04-16,14.761,0.007233
2020-04-17,14.833,0.004878
2020-04-20,14.973,0.009438
2020-04-21,14.92,-0.00354
2020-04-22,15.07,0.010054
2020-04-23,15.091,0.001393
2020-04-24,15.07,-0.001392
2020-04-27,15.123,0.003517
2020-04-28,15.181,0.003835
2020-04-29,15.134,-0.003096
2020-04-30,15.25,0.007665
2020-05-06,15.403,0.010033
2020-05-07,15.52,0.007596
2020-05-08,15.717,0.012693
2020-05-11,15.636,-0.005154
2020-05-12,15.824,0.012024
2020-05-13,15.93,0.006699
2020-05-14,15.893,-0.002323
2020-05-15,15.82,-0.004593
2020-05-18,15.987,0.010556
2020-05-19,16.19,0.012698
2020-05-20,15.984,-0.012724
2020-05-21,15.992,0.000501
2020-05-22,15.724,-0.016758
2020-05-25,15.86,0.008649
2020-05-26,16.031,0.010782
2020-05-27,15.826,-0.012788
2020-05-28,15.831,0.000316
2020-05-29,16.089,0.016297
2020-06-01,16.356,0.016595
2020-06-02,16.156,-0.012228
2020-06-03,16.211,0.003404
2020-06-04,16.327,0.007156
2020-06-05,16.383,0.00343
2020-06-08,16.257,-0.007691
2020-06-09,16.415,0.009719
2020-06-10,16.592,0.010783
2020-06-11,16.567,-0.001507
2020-06-12,16.69,0.007424
2020-06-15,16.681,-0.000539
2020-06-16,16.912,0.013848
2020-06-17,17.049,0.008101
2020-06-18,16.971,-0.004575
2020-06-19,17.21,0.014083
2020-06-22,17.203,-0.000407
2020-06-23,17.569,0.021275
2020-06-24,17.594,0.001423
2020-06-29,17.649,0.003126
2020-06-30,18.018,0.020908
2020-07-01,18.036,0.000999
2020-07-02,17.779,-0.014249
2020-07-03,17.808,0.001631
2020-07-06,17.918,0.006177
2020-07-07,18.338,0.02344
2020-07-08,18.47,0.007198
2020-07-09,19.079,0.032972
2020-07-10,19.194,0.006028
2020-07-13,19.449,0.013285
2020-07-14,19.327,-0.006273
2020-07-15,19.443,0.006002
2020-07-16,18.761,-0.035077
2020-07-17,18.924,0.008688
2020-07-20,18.928,0.000211
2020-07-21,19.323,0.020869
2020-07-22,19.544,0.011437
2020-07-23,19.703,0.008135
2020-07-24,18.987,-0.03634
2020-07-27,19.112,0.006583
2020-07-28,19.341,0.011982
2020-07-29,19.68,0.017528
2020-07-30,19.589,-0.004624
2020-07-31,19.79,0.010261
2020-08-03,20.017,0.01147
2020-08-04,20.005,-0.000599
2020-08-05,20.377,0.018595
2020-08-06,20.263,-0.005595
2020-08-07,19.966,-0.014657
2020-08-10,19.892,-0.003706
2020-08-11,19.744,-0.00744
2020-08-12,19.463,-0.014232
2020-08-13,19.425,-0.001952
2020-08-14,19.64,0.011068
2020-08-17,19.794,0.007841
2020-08-18,20.04,0.012428
2020-08-19,19.798,-0.012076
2020-08-20,19.751,-0.002374
2020-08-21,19.92,0.008557
2020-08-24,20.199,0.014006
2020-08-25,20.306,0.005297
2020-08-26,20.26,-0.002265
2020-08-27,20.573,0.015449
2020-08-28,20.833,0.012638
2020-08-31,20.769,-0.003072
2020-09-01,20.926,0.007559
2020-09-02,21.061,0.006451
2020-09-03,20.729,-0.015764
2020-09-04,20.4,-0.015871
2020-09-07,19.892,-0.024902
2020-09-08,19.855,-0.00186
2020-09-09,19.371,-0.024377
2020-09-10,19.412,0.002117
2020-09-11,19.683,0.01396
2020-09-14,19.648,-0.001778
2020-09-15,19.857,0.010637
2020-09-16,19.591,-0.013396
2020-09-17,19.401,-0.009698
2020-09-18,19.592,0.009845
2020-09-21,19.432,-0.008167
2020-09-22,19.449,0.000875
2020-09-23,19.694,0.012597
2020-09-24,19.361,-0.016909
2020-09-25,19.475,0.005888
2020-09-28,19.375,-0.005135
2020-09-29,19.605,0.011871
2020-09-30,19.789,0.009385
2020-10-09,20.297,0.025671
2020-10-12,20.656,0.017687
2020-10-13,20.772,0.005616
2020-10-14,20.796,0.001155
2020-10-15,20.607,-0.009088
2020-10-16,20.556,-0.002475
2020-10-19,20.244,-0.015178
2020-10-20,20.473,0.011312
2020-10-21,20.308,-0.008059
2020-10-22,20.176,-0.0065
2020-10-23,19.69,-0.024088
2020-10-26,19.718,0.001422
2020-10-27,19.958,0.012172
2020-10-28,20.127,0.008468
2020-10-29,20.293,0.008248
2020-10-30,20.095,-0.009757
2020-11-02,20.342,0.012292
2020-11-03,20.522,0.008849
2020-11-04,20.61,0.004288
2020-11-05,20.794,0.008928
2020-11-06,20.396,-0.01914
2020-11-09,20.641,0.012012
2020-11-10,20.54,-0.004893
2020-11-11,20.164,-0.018306
2020-11-12,20.346,0.009026
2020-11-13,20.337,-0.000442
2020-11-16,20.401,0.003147
2020-11-17,20.104,-0.014558
2020-11-18,19.833,-0.01348
2020-11-19,20.025,0.009681
2020-11-20,20.129,0.005194
2020-11-23,20.114,-0.000745
2020-11-24,20.058,-0.002784
2020-11-25,19.612,-0.022236
2020-11-26,19.575,-0.001887
2020-11-27,19.579,0.000204
2020-11-30,19.56,-0.00097
2020-12-01,19.953,0.020092
2020-12-02,20.034,0.00406
2020-12-03,20.133,0.004942
2020-12-04,20.413,0.013908
2020-12-07,20.537,0.006075
2020-12-08,20.631,0.004577
2020-12-09,20.525,-0.005138
2020-12-10,20.722,0.009598
2020-12-11,20.594,-0.006177
2020-12-14,20.945,0.017044
2020-12-15,20.959,0.000668
2020-12-16,21.001,0.002004
2020-12-17,21.167,0.007904
2020-12-18,20.985,-0.008598
2020-12-21,21.334,0.016631
2020-12-22,21.08,-0.011906
2020-12-23,21.168,0.004175
2020-12-24,21.125,-0.002031
2020-12-25,21.305,0.008521
2020-12-28,21.229,-0.003567
2020-12-29,21.326,0.004569
2020-12-30,21.739,0.019366
2020-12-31,22.074,0.01541
2021-01-04,22.251,0.008018
2021-01-05,22.479,0.010247
2021-01-06,22.513,0.001513
2021-01-07,22.69,0.007862
2021-01-08,22.482,-0.009167
2021-01-11,22.351,-0.005827
2021-01-12,22.682,0.014809
2021-01-13,22.263,-0.018473
2021-01-14,22.146,-0.005255
2021-01-15,22.187,0.001851
2021-01-18,22.488,0.013567
2021-01-19,22.209,-0.012407
2021-01-20,22.537,0.014769
2021-01-21,23.079,0.024049
2021-01-22,23.662,0.025261
2021-01-25,23.826,0.006931
2021-01-26,23.567,-0.01087
2021-01-27,23.33,-0.010056
2021-01-28,22.878,-0.019374
2021-01-29,23.1,0.009704
2021-02-01,23.463,0.015714
2021-02-02,23.762,0.012743
2021-02-03,23.588,-0.007323
2021-02-04,23.526,-0.002628
2021-02-05,23.432,-0.003996
2021-02-08,23.839,0.017369
2021-02-09,24.101,0.01099
2021-02-10,24.468,0.015228
2021-02-18,23.969,-0.020394
2021-02-19,23.821,-0.006175
2021-02-22,22.948,-0.036648
2021-02-23,22.847,-0.004401
2021-02-24,22.247,-0.026262
2021-02-25,22.052,-0.008765
2021-02-26,21.588,-0.021041
2021-03-01,21.652,0.002965
2021-03-02,21.465,-0.008637
2021-03-03,21.654,0.008805
2021-03-04,21.127,-0.024337
2021-03-05,21.239,0.005301
2021-03-08,20.458,-0.036772
2021-03-09,19.876,-0.028449
2021-03-10,20.263,0.019471
2021-03-11,20.604,0.016829
2021-03-12,20.456,-0.007183
2021-03-15,20.031,-0.020776
2021-03-16,20.201,0.008487
2021-03-17,20.46,0.012821
2021-03-18,20.694,0.011437
2021-03-19,20.451,-0.011743
2021-03-22,20.602,0.007384
2021-03-23,20.568,-0.00165
2021-03-24,20.533,-0.001702
2021-03-25,20.767,0.011396
2021-03-26,21.163,0.019069
2021-03-29,21.216,0.002504
2021-03-30,21.5,0.013386
2021-03-31,21.426,-0.003442
2021-04-01,21.698,0.012695
2021-04-02,21.861,0.007512
2021-04-06,21.771,-0.004117
2021-04-07,21.798,0.00124
2021-04-08,22.118,0.01468
2021-04-09,22.069,-0.002215
2021-04-12,21.713,-0.016131
2021-04-13,21.927,0.009856
2021-04-14,22.097,0.007753
2021-04-15,22.074,-0.001041
2021-04-16,22.078,0.000181
2021-04-19,22.408,0.014947
2021-04-20,22.63,0.009907
2021-04-21,22.69,0.002651
2021-04-22,22.809,0.005245
2021-04-23,22.931,0.005349
2021-04-26,22.8,-0.005713
2021-04-27,23.087,0.012588
2021-04-28,23.198,0.004808
2021-04-29,23.217,0.000819
2021-04-30,23.223,0.000258
2021-05-06,22.923,-0.012918
2021-05-07,22.268,-0.028574
2021-05-10,22.24,-0.001257
2021-05-11,22.341,0.004541
2021-05-12,22.57,0.01025
2021-05-13,22.502,-0.003013
2021-05-14,22.838,0.014932
2021-05-17,23.397,0.024477
2021-05-18,23.37,-0.001154
2021-05-19,23.312,-0.002482
2021-05-20,23.609,0.01274
2021-05-21,23.444,-0.006989
2021-05-24,23.561,0.004991
2021-05-25,23.954,0.01668
2021-05-26,23.699,-0.010645
2021-05-27,23.961,0.011055
2021-05-28,23.768,-0.008055
2021-05-31,23.877,0.004586
2021-06-01,23.957,0.003351
2021-06-02,23.628,-0.013733
2021-06-03,23.468,-0.006772
2021-06-04,23.568,0.004261
2021-06-07,23.636,0.002885
2021-06-08,23.387,-0.010535
2021-06-09,23.512,0.005345
2021-06-10,23.828,0.01344
2021-06-11,23.788,-0.001679
2021-06-15,23.616,-0.007231
2021-06-16,23.081,-0.022654
2021-06-17,23.474,0.017027
2021-06-18,23.574,0.00426
2021-06-21,23.684,0.004666
2021-06-22,23.947,0.011105
2021-06-23,23.999,0.002171
2021-06-24,23.893,-0.004417
2021-06-25,24.208,0.013184
2021-06-28,24.274,0.002726
2021-06-29,24.161,-0.004655
2021-06-30,24.434,0.011299
2021-07-01,24.309,-0.005116
2021-07-02,23.622,-0.028261
2021-07-05,23.806,0.007789
2021-07-06,23.536,-0.011342
2021-07-07,23.933,0.016868
2021-07-08,23.893,-0.001671
2021-07-09,23.655,-0.009961
2021-07-12,24.119,0.019615
2021-07-13,24.092,-0.001119
2021-07-14,24.064,-0.001162
2021-07-15,24.162,0.004072
2021-07-16,23.694,-0.019369
2021-07-19,23.93,0.00996
2021-07-20,23.747,-0.007647
2021-07-21,23.991,0.010275
2021-07-22,23.843,-0.006169
2021-07-23,23.299,-0.022816
2021-07-26,22.865,-0.018627
2021-07-27,22.539,-0.014258
2021-07-28,22.5581,0.000847
2021-07-29,23.2702,0.031567
2021-07-30,23.0449,-0.009682
2021-08-02,23.1964,0.006574
2021-08-03,23.5179,0.01386
2021-08-04,23.578,0.002556
2021-08-05,23.4128,-0.007007
2021-08-06,22.971,-0.01887
2021-08-09,23.3291,0.015589
2021-08-10,23.3827,0.002298
2021-08-11,23.0951,-0.0123
2021-08-12,23.1344,0.001702
2021-08-13,22.883,-0.010867
2021-08-16,23.019,0.005943
2021-08-17,22.4424,-0.025049
2021-08-18,22.4173,-0.001118
2021-08-19,22.5415,0.00554
2021-08-20,22.2164,-0.014422
2021-08-23,22.5284,0.014044
2021-08-24,22.6684,0.006214
2021-08-25,22.9117,0.010733
2021-08-26,22.2367,-0.029461
2021-08-27,22.2345,-9.9e-05
2021-08-30,22.0611,-0.007799
2021-08-31,21.7868,-0.012434
2021-09-01,21.8411,0.002492
2021-09-02,21.4727,-0.016867
2021-09-03,21.3113,-0.007517
2021-09-06,21.9238,0.028741
2021-09-07,21.9343,0.000479
2021-09-08,21.7152,-0.009989
2021-09-09,21.6607,-0.00251
2021-09-10,21.7394,0.003633
2021-09-13,21.5274,-0.009752
2021-09-14,21.5851,0.00268
2021-09-15,21.3145,-0.012536
2021-09-16,21.1711,-0.006728
2021-09-17,21.4994,0.015507
2021-09-22,21.5661,0.003102
2021-09-23,21.6121,0.002133
2021-09-24,21.7532,0.006529
2021-09-27,21.9642,0.0097
2021-09-28,21.8294,-0.006137
2021-09-29,21.6563,-0.00793
2021-09-30,21.9691,0.014444
2021-10-08,22.0518,0.003764
2021-10-11,21.8891,-0.007378
2021-10-12,21.6918,-0.009014
2021-10-13,22.113,0.019417
2021-10-14,21.946,-0.007552
2021-10-15,21.9954,0.002251
2021-10-18,21.6288,-0.016667
2021-10-19,21.6834,0.002524
2021-10-20,21.5959,-0.004035
2021-10-21,21.5311,-0.003001
2021-10-22,21.6579,0.005889
2021-10-25,21.7327,0.003454
2021-10-26,21.7463,0.000626
2021-10-27,21.4919,-0.011699
2021-10-28,21.6134,0.005653
2021-10-29,21.8951,0.013034
2021-11-01,21.6834,-0.009669
2021-11-02,21.9113,0.01051
2021-11-03,21.9469,0.001625
2021-11-04,22.1644,0.00991
2021-11-05,22.1358,-0.00129
2021-11-08,21.8028,-0.015044
2021-11-09,22.0277,0.010315
2021-11-10,21.914,-0.005162
2021-11-11,22.1237,0.009569
2021-11-12,22.0552,-0.003096
2021-11-15,22.068,0.00058
2021-11-16,22.2163,0.00672
2021-11-17,22.2132,-0.00014
2021-11-18,21.9496,-0.011867
2021-11-19,22.0378,0.004018
2021-11-22,22.1339,0.004361
2021-11-23,21.8974,-0.010685
2021-11-24,21.9203,0.001046
2021-11-25,21.9907,0.003212
2021-11-26,21.8639,-0.005766
2021-11-29,21.8856,0.000993
2021-11-30,21.8242,-0.002805
2021-12-01,21.7811,-0.001975
2021-12-02,21.5277,-0.011634
2021-12-03,21.6663,0.006438
2021-12-06,21.4058,-0.012023
2021-12-07,21.3665,-0.001836
2021-12-08,21.661,0.013783
2021-12-09,21.9557,0.013605
2021-12-10,21.8808,-0.003411
2021-12-13,21.9325,0.002363
2021-12-14,21.8647,-0.003091
2021-12-15,21.6652,-0.009124
2021-12-16,21.7227,0.002654
2021-12-17,21.4914,-0.010648
2021-12-20,21.2507,-0.0112
2021-12-21,21.4397,0.008894
2021-12-22,21.4951,0.002584
2021-12-23,21.5089,0.000642
2021-12-24,21.4886,-0.000944
2021-12-27,21.4328,-0.002597
2021-12-28,21.5378,0.004899
2021-12-29,21.3623,-0.008148
2021-12-30,21.4394,0.003609
2021-12-31,21.4655,0.001217
2022-01-04,21.0844,-0.017754
2022-01-05,20.7541,-0.015666
2022-01-06,20.584,-0.008196
2022-01-07,20.3755,-0.010129
2022-01-10,20.4675,0.004515
2022-01-11,20.2096,-0.0126
2022-01-12,20.4926,0.014003
2022-01-13,20.215,-0.013546
2022-01-14,20.3639,0.007366
2022-01-17,20.5964,0.011417
2022-01-18,20.6237,0.001325
2022-01-19,20.3926,-0.011206
2022-01-20,20.2575,-0.006625
2022-01-21,20.133,-0.006146
2022-01-24,20.1176,-0.000765
2022-01-25,19.8311,-0.014241
2022-01-26,19.9101,0.003984
2022-01-27,19.522,-0.019493
2022-01-28,19.4101,-0.005732
2022-02-07,19.4688,0.003024
2022-02-08,19.2473,-0.011377
2022-02-09,19.4045,0.008167
2022-02-10,19.3167,-0.004525
2022-02-11,19.1487,-0.008697
2022-02-14,18.924,-0.011734
2022-02-15,19.294,0.019552
2022-02-16,19.2385,-0.002877
2022-02-17,19.2806,0.002188
2022-02-18,19.1686,-0.005809
2022-02-21,19.1581,-0.000548
2022-02-22,18.9658,-0.010038
2022-02-23,19.4373,0.024861
2022-02-24,19.0616,-0.019329
2022-02-25,19.2594,0.010377
2022-02-28,19.353,0.00486
2022-03-01,19.2782,-0.003865
2022-03-02,19.1094,-0.008756
2022-03-03,18.7986,-0.016264
2022-03-04,18.5345,-0.014049
2022-03-07,18.0538,-0.025935
2022-03-08,17.7901,-0.014606
2022-03-09,17.7373,-0.002968
2022-03-10,18.0711,0.018819
2022-03-11,18.1172,0.002551
2022-03-14,17.7419,-0.020715
2022-03-15,17.2836,-0.025832
2022-03-16,17.5995,0.018277
2022-03-17,18.0059,0.023092
2022-03-18,17.9706,-0.00196
2022-03-21,18.1616,0.010628
2022-03-22,18.0325,-0.007108
2022-03-23,18.2105,0.009871
2022-03-24,18.0923,-0.006491
2022-03-25,17.8384,-0.014034
2022-03-28,17.6549,-0.010287
2022-03-29,17.6473,-0.00043
2022-03-30,17.9484,0.017062
2022-03-31,17.8043,-0.008029
2022-04-01,17.888,0.004701
2022-04-06,17.6804,-0.011606
2022-04-07,17.4193,-0.014768
2022-04-08,17.3305,-0.005098
2022-04-11,17.005,-0.018782
2022-04-12,17.2539,0.014637
2022-04-13,17.0766,-0.010276
2022-04-14,17.4202,0.020121
2022-04-15,17.3965,-0.00136
2022-04-18,17.5726,0.010123
2022-04-19,17.3957,-0.010067
2022-04-20,17.3048,-0.005225
2022-04-21,17.0172,-0.01662
2022-04-22,16.8886,-0.007557
2022-04-25,16.2665,-0.036835
2022-04-26,16.3485,0.005041
2022-04-27,16.8583,0.031183
2022-04-28,16.6637,-0.011543
2022-04-29,17.1986,0.0321
2022-05-05,17.4152,0.012594
2022-05-06,17.1815,-0.013419
2022-05-09,16.9898,-0.011157
2022-05-10,17.1917,0.011884
2022-05-11,17.4506,0.01506
2022-05-12,17.5185,0.003891
2022-05-13,17.4689,-0.002831
2022-05-16,17.3733,-0.005473
2022-05-17,17.5775,0.011754
2022-05-18,17.5446,-0.001872
2022-05-19,17.5376,-0.000399
2022-05-20,17.7327,0.011125
2022-05-23,17.7093,-0.00132
2022-05-24,17.2892,-0.023722
2022-05-25,17.3345,0.00262
2022-05-26,17.3868,0.003017
2022-05-27,17.4763,0.005148
2022-05-30,17.8661,0.022304
2022-05-31,18.2405,0.020956
2022-06-01,18.2806,0.002198
2022-06-02,18.4074,0.006936
2022-06-06,18.8346,0.023208
2022-06-07,18.8358,6.4e-05
2022-06-08,18.8154,-0.001083
2022-06-09,18.5343,-0.01494
2022-06-10,18.6151,0.004359
2022-06-13,18.5763,-0.002084
2022-06-14,18.6646,0.004753
2022-06-15,18.5641,-0.005385
2022-06-16,18.6476,0.004498
2022-06-17,18.8919,0.013101
2022-06-20,19.0153,0.006532
2022-06-21,18.9287,-0.004554
2022-06-22,18.7258,-0.010719
2022-06-23,19.0954,0.019737
2022-06-24,19.3063,0.011045
2022-06-27,19.427,0.006252
2022-06-28,19.4354,0.000432
2022-06-29,19.2224,-0.010959
2022-06-30,19.4303,0.010816
2022-07-01,19.3257,-0.005383
2022-07-04,19.4674,0.007332
2022-07-05,19.2488,-0.011229
2022-07-06,19.1156,-0.00692
2022-07-07,19.0452,-0.003683
2022-07-08,18.9843,-0.003198
2022-07-11,18.795,-0.009971
2022-07-12,18.4914,-0.016153
2022-07-13,18.4832,-0.000443
2022-07-14,18.6869,0.011021
2022-07-15,18.6947,0.000417
2022-07-18,18.7853,0.004846
2022-07-19,18.8923,0.005696
2022-07-20,19.0973,0.010851
2022-07-21,19.0675,-0.00156
2022-07-22,18.8983,-0.008874
2022-07-25,18.7407,-0.008339
2022-07-26,18.8359,0.00508
2022-07-27,18.8181,-0.000945
2022-07-28,18.8449,0.001424
2022-07-29,18.6652,-0.009536
2022-08-01,18.9743,0.01656
2022-08-02,18.8222,-0.008016
2022-08-03,18.7642,-0.003081
2022-08-04,18.7595,-0.00025
2022-08-05,19.0338,0.014622
2022-08-08,19.2274,0.010171
2022-08-09,19.147,-0.004182
2022-08-10,18.8702,-0.014457
2022-08-11,19.1082,0.012612
2022-08-12,19.0762,-0.001675
2022-08-15,18.9672,-0.005714
2022-08-16,18.8956,-0.003775
2022-08-17,18.9854,0.004752
2022-08-18,18.9718,-0.000716
2022-08-19,18.7148,-0.013546
2022-08-22,18.999,0.015186
2022-08-23,18.8844,-0.006032
2022-08-24,18.5101,-0.019821
2022-08-25,18.5618,0.002793
2022-08-26,18.6232,0.003308
2022-08-29,18.5616,-0.003308
2022-08-30,18.5033,-0.003141
2022-08-31,18.4788,-0.001324
2022-09-01,18.3659,-0.00611
2022-09-02,18.3747,0.000479
2022-09-05,18.3061,-0.003733
2022-09-06,18.3729,0.003649
2022-09-07,18.3659,-0.000381
2022-09-08,18.2041,-0.00881
2022-09-09,18.4291,0.01236
2022-09-13,18.5104,0.004412
2022-09-14,18.4046,-0.005716
2022-09-15,18.0851,-0.01736
2022-09-16,18.033,-0.002881
2022-09-19,17.9178,-0.006388
2022-09-20,17.8943,-0.001312
2022-09-21,17.6949,-0.011143
2022-09-22,17.6293,-0.003707
2022-09-23,17.5098,-0.006778
2022-09-26,17.6034,0.005346
2022-09-27,18.0381,0.024694
2022-09-28,17.7628,-0.015262
2022-09-29,17.9182,0.008749
2022-09-30,17.6689,-0.013913
2022-10-10,17.3074,-0.02046
2022-10-11,17.3474,0.002311
2022-10-12,17.693,0.019922
2022-10-13,17.749,0.003165
2022-10-14,18.3405,0.033326
2022-10-17,18.5877,0.013478
2022-10-18,18.5546,-0.001781
2022-10-19,18.3424,-0.011437
2022-10-20,18.3035,-0.002121
2022-10-21,18.406,0.0056
2022-10-24,18.3003,-0.005743
2022-10-25,18.007,-0.016027
2022-10-26,18.4869,0.026651
2022-10-27,18.3081,-0.009672
2022-10-28,17.9777,-0.018047
2022-10-31,18.1657,0.010457
2022-11-01,18.3932,0.012524
2022-11-02,18.6001,0.011249
2022-11-03,18.7433,0.007699
2022-11-04,19.0371,0.015675
2022-11-07,18.9824,-0.002873
2022-11-08,18.9116,-0.00373
2022-11-09,18.834,-0.004103
2022-11-10,18.6525,-0.009637
2022-11-11,18.889,0.012679
2022-11-14,18.8874,-8.5e-05
2022-11-15,19.286,0.021104
2022-11-16,19.2944,0.000436
2022-11-17,19.4558,0.008365
2022-11-18,19.3548,-0.005191
2022-11-21,19.323,-0.001643
2022-11-22,19.106,-0.01123
2022-11-23,18.9767,-0.006768
2022-11-24,18.8763,-0.005291
2022-11-25,18.6664,-0.01112
2022-11-28,18.5566,-0.005882
2022-11-29,18.748,0.010314
2022-11-30,18.6909,-0.003046
2022-12-01,18.9866,0.015821
2022-12-02,18.9524,-0.001801
2022-12-05,18.9555,0.000164
2022-12-06,18.9581,0.000137
2022-12-07,18.9507,-0.00039
2022-12-08,18.8278,-0.006485
2022-12-09,18.9171,0.004743
2022-12-12,19.0864,0.00895
2022-12-13,18.899,-0.009819
2022-12-14,18.9607,0.003265
2022-12-15,19.0427,0.004325
2022-12-16,18.8013,-0.012677
2022-12-19,18.545,-0.013632
2022-12-20,18.328,-0.011701
2022-12-21,18.3239,-0.000224
2022-12-22,18.3832,0.003236
2022-12-23,18.4381,0.002986
2022-12-26,18.6045,0.009025
2022-12-27,18.7591,0.00831
2022-12-28,18.6523,-0.005693
2022-12-29,18.7662,0.006106
2022-12-30,18.7508,-0.000821
2022-12-31,18.7502,-3.2e-05
2023-01-03,18.9494,0.010624
2023-01-04,18.9892,0.0021
2023-01-05,19.2327,0.012823
2023-01-06,19.212,-0.001076
2023-01-09,19.1956,-0.000854
2023-01-10,19.1736,-0.001146
2023-01-11,19.0108,-0.008491
2023-01-12,19.0396,0.001515
2023-01-13,19.164,0.006534
2023-01-16,19.5685,0.021107
2023-01-17,19.568,-2.6e-05
2023-01-18,19.539,-0.001482
2023-01-19,19.8515,0.015994
2023-01-20,19.8886,0.001869
2023-01-30,20.0325,0.007235
2023-01-31,19.7972,-0.011746
2023-02-01,20.0377,0.012148
2023-02-02,20.1122,0.003718
2023-02-03,20.1255,0.000661
2023-02-06,19.9674,-0.007856
2023-02-07,19.8037,-0.008198
2023-02-08,19.7085,-0.004807
2023-02-09,19.8521,0.007286
2023-02-10,19.7753,-0.003869
2023-02-13,19.8131,0.001911
2023-02-14,19.7164,-0.004881
2023-02-15,19.6902,-0.001329
2023-02-16,19.5584,-0.006694
2023-02-17,19.2744,-0.014521
2023-02-20,19.4853,0.010942
2023-02-21,19.4147,-0.003623
2023-02-22,19.4246,0.00051
2023-02-23,19.3127,-0.005761
2023-02-24,19.2848,-0.001445
2023-02-27,19.1804,-0.005414
2023-02-28,19.3152,0.007028
2023-03-01,19.4482,0.006886
2023-03-02,19.449,4.1e-05
2023-03-03,19.3775,-0.003676
2023-03-06,19.4461,0.00354
2023-03-07,19.2136,-0.011956
2023-03-08,19.2512,0.001957
2023-03-09,19.2786,0.001423
2023-03-10,19.1936,-0.004409
2023-03-13,19.4485,0.01328
2023-03-14,19.4481,-2.1e-05
2023-03-15,19.3514,-0.004972
2023-03-16,19.2498,-0.00525
2023-03-17,19.3272,0.004021
2023-03-20,19.0585,-0.013903
2023-03-21,19.1979,0.007314
2023-03-22,19.2083,0.000542
2023-03-23,19.3937,0.009652
2023-03-24,19.3928,-4.6e-05
2023-03-27,19.4315,0.001996
2023-03-28,19.4291,-0.000124
2023-03-29,19.4295,2.1e-05
2023-03-30,19.4566,0.001395
2023-03-31,19.6435,0.009606
2023-04-03,19.7638,0.006124
2023-04-04,20.01,0.012457
2023-04-06,19.9262,-0.004188
2023-04-07,20.1009,0.008767
2023-04-10,19.7331,-0.018298
2023-04-11,19.6231,-0.005574
2023-04-12,19.7885,0.008429
2023-04-13,19.6347,-0.007772
2023-04-14,19.5593,-0.00384
2023-04-17,19.4474,-0.005721
2023-04-18,19.4136,-0.001738
2023-04-19,19.2538,-0.008231
2023-04-20,19.2265,-0.001418
2023-04-21,18.8462,-0.01978
2023-04-24,18.6536,-0.01022
2023-04-25,18.571,-0.004428
2023-04-26,18.4109,-0.008621
2023-04-27,18.6386,0.012368
2023-04-28,18.6006,-0.002039
2023-05-04,18.4333,-0.008994
2023-05-05,18.337,-0.005224
2023-05-08,18.3587,0.001183
2023-05-09,18.2303,-0.006994
2023-05-10,18.2053,-0.001371
2023-05-11,18.1431,-0.003417
2023-05-12,18.0103,-0.00732
2023-05-15,18.0905,0.004453
2023-05-16,17.9907,-0.005517
2023-05-17,17.9857,-0.000278
2023-05-18,18.1013,0.006427
2023-05-19,18.2604,0.008789
2023-05-22,18.2917,0.001714
2023-05-23,18.1719,-0.006549
2023-05-24,18.0761,-0.005272
2023-05-25,17.9795,-0.005344
2023-05-26,18.0264,0.002609
2023-05-29,17.9897,-0.002036
2023-05-30,17.9868,-0.000161
2023-05-31,18.0277,0.002274
2023-06-01,18.126,0.005453
2023-06-02,18.2363,0.006085
2023-06-05,18.106,-0.007145
2023-06-06,17.9067,-0.011007
2023-06-07,17.9296,0.001279
2023-06-08,17.8493,-0.004479
2023-06-09,17.8658,0.000924
2023-06-12,18.0266,0.009
2023-06-13,18.2121,0.01029
2023-06-14,18.28,0.003728
2023-06-15,18.3738,0.005131
2023-06-16,18.482,0.005889
2023-06-19,18.6697,0.010156
2023-06-20,18.8502,0.009668
2023-06-21,18.4409,-0.021713
2023-06-26,18.1983,-0.013156
2023-06-27,18.3431,0.007957
2023-06-28,18.1398,-0.011083
2023-06-29,18.2674,0.007034
2023-06-30,18.2431,-0.00133
2023-07-03,18.2542,0.000608
2023-07-04,18.3392,0.004656
2023-07-05,18.1382,-0.01096
2023-07-06,18.0341,-0.005739
2023-07-07,17.8643,-0.009415
2023-07-10,17.8713,0.000392
2023-07-11,18.0147,0.008024
2023-07-12,17.91,-0.005812
2023-07-13,18.0831,0.009665
2023-07-14,18.1854,0.005657
2023-07-17,18.1529,-0.001787
2023-07-18,18.0628,-0.004963
2023-07-19,18.0085,-0.003006
2023-07-20,17.8584,-0.008335
2023-07-21,17.8308,-0.001545
2023-07-24,17.7657,-0.003651
2023-07-25,17.9478,0.01025
2023-07-26,17.9244,-0.001304
2023-07-27,17.8215,-0.005741
2023-07-28,18.0265,0.011503
2023-07-31,18.0009,-0.00142
2023-08-01,18.0006,-1.7e-05
2023-08-02,17.8842,-0.006466
2023-08-03,17.8945,0.000576
2023-08-04,17.9913,0.005409
2023-08-07,17.8784,-0.006275
2023-08-08,17.8994,0.001175
2023-08-09,17.8317,-0.003782
2023-08-10,17.7999,-0.001783
2023-08-11,17.5321,-0.015045
2023-08-14,17.5957,0.003628
2023-08-15,17.4412,-0.008781
2023-08-16,17.2389,-0.011599
2023-08-17,17.2735,0.002007
2023-08-18,17.0815,-0.011115
2023-08-21,17.0514,-0.001762
2023-08-22,17.0078,-0.002557
2023-08-23,16.7633,-0.014376
2023-08-24,16.7984,0.002094
2023-08-25,16.614,-0.010977
2023-08-28,16.5954,-0.00112
2023-08-29,16.9285,0.020072
2023-08-30,17.1534,0.013285
2023-08-31,17.128,-0.001481
2023-09-01,17.0272,-0.005885
2023-09-04,17.08,0.003101
2023-09-05,16.9964,-0.004895
2023-09-06,16.9696,-0.001577
2023-09-07,16.7922,-0.010454
2023-09-08,16.8337,0.002471
2023-09-11,17.0125,0.010622
2023-09-12,16.9942,-0.001076
2023-09-13,16.8603,-0.007879
2023-09-14,16.7859,-0.004413
2023-09-15,16.7822,-0.00022
2023-09-18,16.825,0.00255
2023-09-19,16.7038,-0.007204
2023-09-20,16.6374,-0.003975
2023-09-21,16.5946,-0.002573
2023-09-22,16.7841,0.011419
2023-09-25,16.7712,-0.000769
2023-09-26,16.7721,5.4e-05
2023-09-27,16.8238,0.003083
2023-09-28,16.7519,-0.004274
2023-10-09,16.722,-0.001785
2023-10-10,16.5925,-0.007744
2023-10-11,16.6861,0.005641
2023-10-12,16.6307,-0.00332
2023-10-13,16.4544,-0.010601
2023-10-16,16.3359,-0.007202
2023-10-17,16.3243,-0.00071
2023-10-18,16.121,-0.012454
2023-10-19,16.0553,-0.004075
2023-10-20,15.8779,-0.011049
2023-10-23,15.7401,-0.008679
2023-10-24,15.7531,0.000826
2023-10-25,15.6214,-0.00836
2023-10-26,15.6744,0.003393
2023-10-27,15.9094,0.014993
2023-10-30,16.0391,0.008152
2023-10-31,15.984,-0.003435
2023-11-01,15.9296,-0.003403
2023-11-02,15.8706,-0.003704
2023-11-03,16.0046,0.008443
2023-11-06,16.2388,0.014633
2023-11-07,16.1787,-0.003701
2023-11-08,16.2832,0.006459
2023-11-09,16.3301,0.00288
2023-11-10,16.3514,0.001304
2023-11-13,16.3686,0.001052
2023-11-14,16.3924,0.001454
2023-11-15,16.4144,0.001342
2023-11-16,16.3108,-0.006312
2023-11-17,16.3195,0.000533
2023-11-20,16.3599,0.002476
2023-11-21,16.2963,-0.003888
2023-11-22,16.1773,-0.007302
2023-11-23,16.2746,0.006015
2023-11-24,16.1626,-0.006882
2023-11-27,16.1772,0.000903
2023-11-28,16.3173,0.00866
2023-11-29,16.2559,-0.003763
2023-11-30,16.2733,0.00107
2023-12-01,16.2918,0.001137
2023-12-04,16.1654,-0.007759
2023-12-05,15.9883,-0.010955
2023-12-06,15.9507,-0.002352
2023-12-07,15.8847,-0.004138
2023-12-08,15.9425,0.003639
2023-12-11,16.0786,0.008537
2023-12-12,16.0392,-0.00245
2023-12-13,15.9355,-0.006465
2023-12-14,15.8777,-0.003627
2023-12-15,15.7653,-0.007079
2023-12-18,15.652,-0.007187
2023-12-19,15.644,-0.000511
2023-12-20,15.492,-0.009716
2023-12-21,15.5307,0.002498
2023-12-22,15.4259,-0.006748
2023-12-25,15.4753,0.003202
2023-12-26,15.3677,-0.006953
2023-12-27,15.4052,0.00244
2023-12-28,15.5632,0.010256
2023-12-29,15.6847,0.007807
2023-12-31,15.6842,-3.2e-05
2024-01-02,15.5811,-0.006573
2024-01-03,15.5393,-0.002683
2024-01-04,15.3889,-0.009679
2024-01-05,15.1949,-0.012606
2024-01-08,14.9998,-0.01284
2024-01-09,15.0343,0.0023
2024-01-10,15.0145,-0.001317
2024-01-11,15.0539,0.002624
2024-01-12,14.992,-0.004112
2024-01-15,14.9991,0.000474
2024-01-16,14.9559,-0.00288
2024-01-17,14.6766,-0.018675
2024-01-18,14.6816,0.000341
2024-01-19,14.6376,-0.002997
2024-01-22,14.1934,-0.030347
2024-01-23,14.333,0.009836
2024-01-24,14.4668,0.009335
2024-01-25,14.7145,0.017122
2024-01-26,14.5319,-0.01241
2024-01-29,14.45,-0.005636
2024-01-30,14.2423,-0.014374
2024-01-31,13.9996,-0.017041
2024-02-01,13.9532,-0.003314
2024-02-02,13.7859,-0.01199
2024-02-05,13.8335,0.003453
2024-02-06,14.489,0.047385
2024-02-07,14.8662,0.026034
2024-02-08,14.9273,0.00411
2024-02-19,14.8938,-0.002244
2024-02-20,14.901,0.000483
2024-02-21,14.894,-0.00047
2024-02-22,14.9144,0.00137
2024-02-23,14.9124,-0.000134
2024-02-26,14.969,0.003795
2024-02-27,15.1637,0.013007
2024-02-28,14.9629,-0.013242
2024-02-29,15.2644,0.02015
2024-03-01,15.2926,0.001847
2024-03-04,15.3008,0.000536
2024-03-05,15.3084,0.000497
2024-03-06,15.2055,-0.006722
2024-03-07,15.0094,-0.012897
2024-03-08,15.0582,0.003251
2024-03-11,15.186,0.008487
2024-03-12,15.2316,0.003003
2024-03-13,15.131,-0.006605
2024-03-14,15.0945,-0.002412
2024-03-15,15.1219,0.001815
2024-03-18,15.2577,0.00898
2024-03-19,15.1575,-0.006567
2024-03-20,15.1671,0.000633
2024-03-21,15.0782,-0.005861
2024-03-22,14.9648,-0.007521
2024-03-25,14.821,-0.009609
2024-03-26,14.8309,0.000668
2024-03-27,14.6871,-0.009696
2024-03-28,14.7887,0.006918
2024-03-29,14.8902,0.006863
2024-04-01,15.1093,0.014714
2024-04-02,14.9977,-0.007386
2024-04-03,15.0225,0.001654
2024-04-08,14.8308,-0.012761
2024-04-09,14.9283,0.006574
2024-04-10,14.7882,-0.009385
2024-04-11,14.8012,0.000879
2024-04-12,14.7819,-0.001304
2024-04-15,15.0012,0.014836
2024-04-16,14.8233,-0.011859
2024-04-17,15.02,0.01327
2024-04-18,15.1215,0.006758
2024-04-19,15.0825,-0.002579
2024-04-22,15.1049,0.001485
2024-04-23,15.1309,0.001721
2024-04-24,15.172,0.002716
2024-04-25,15.1293,-0.002814
2024-04-26,15.3138,0.012195
2024-04-29,15.4626,0.009717
2024-04-30,15.4795,0.001093
2024-05-06,15.7108,0.014942
2024-05-07,15.7414,0.001948
2024-05-08,15.6529,-0.005622
2024-05-09,15.8745,0.014157
2024-05-10,15.8676,-0.000435
2024-05-13,15.8847,0.001078
2024-05-14,15.908,0.001467
2024-05-15,15.8021,-0.006657
2024-05-16,15.7713,-0.001949
2024-05-17,15.8101,0.00246
2024-05-20,15.8175,0.000468
2024-05-21,15.7378,-0.005039
2024-05-22,15.6217,-0.007377
2024-05-23,15.5306,-0.005832
2024-05-24,15.401,-0.008345
2024-05-27,15.5504,0.009701
2024-05-28,15.4101,-0.009022
2024-05-29,15.3442,-0.004276
2024-05-30,15.3182,-0.001694
2024-05-31,15.2791,-0.002553
2024-06-03,15.1998,-0.00519
2024-06-04,15.3642,0.010816
2024-06-05,15.2976,-0.004335
2024-06-06,15.1978,-0.006524
2024-06-07,15.1584,-0.002592
2024-06-11,15.2406,0.005423
2024-06-12,15.2131,-0.001804
2024-06-13,15.1137,-0.006534
2024-06-14,15.1863,0.004804
2024-06-17,15.1906,0.000283
2024-06-18,15.1753,-0.001007
2024-06-19,15.0483,-0.008369
2024-06-20,14.9824,-0.004379
2024-06-21,14.9763,-0.000407
2024-06-24,14.8841,-0.006156
2024-06-25,14.825,-0.003971
2024-06-26,14.9556,0.008809
2024-06-27,14.7789,-0.011815
2024-06-28,14.7047,-0.005021
2024-06-30,14.7041,-4.1e-05
2024-07-01,14.7046,3.4e-05
2024-07-02,14.5442,-0.010908
2024-07-03,14.4246,-0.008223
2024-07-04,14.4058,-0.001303
2024-07-05,14.6137,0.014432
2024-07-08,14.3927,-0.015123
2024-07-09,14.4434,0.003523
2024-07-10,14.4378,-0.000388
2024-07-11,14.5645,0.008776
2024-07-12,14.622,0.003948
2024-07-15,14.5186,-0.007072
2024-07-16,14.4486,-0.004821
2024-07-17,14.5108,0.004305
2024-07-18,14.6038,0.006409
2024-07-19,14.6712,0.004615
2024-07-22,14.6903,0.001302
2024-07-23,14.3822,-0.020973
2024-07-24,14.2737,-0.007544
2024-07-25,14.2324,-0.002893
2024-07-26,14.3009,0.004813
2024-07-29,14.2005,-0.007021
2024-07-30,14.1431,-0.004042
2024-07-31,14.5523,0.028933
2024-08-01,14.4984,-0.003704
2024-08-02,14.4284,-0.004828
2024-08-05,14.416,-0.000859
2024-08-06,14.4497,0.002338
2024-08-07,14.4578,0.000561
2024-08-08,14.4943,0.002525
2024-08-09,14.4477,-0.003215
2024-08-12,14.5049,0.003959
2024-08-13,14.4779,-0.001861
2024-08-14,14.3462,-0.009097
2024-08-15,14.377,0.002147
2024-08-16,14.322,-0.003826
2024-08-19,14.3456,0.001648
2024-08-20,14.2016,-0.010038
2024-08-21,14.198,-0.000253
2024-08-22,14.1335,-0.004543
2024-08-23,14.1544,0.001479
2024-08-26,14.1021,-0.003695
2024-08-27,14.0612,-0.0029
2024-08-28,14.0094,-0.003684
2024-08-29,14.0906,0.005796
2024-08-30,14.2192,0.009127
2024-09-02,14.0249,-0.013665
2024-09-03,14.1091,0.006004
2024-09-04,14.1435,0.002438
2024-09-05,14.1798,0.002567
2024-09-06,14.0494,-0.009196
2024-09-09,13.9013,-0.010541
2024-09-10,13.7925,-0.007827
2024-09-11,13.8268,0.002487
2024-09-12,13.7464,-0.005815
2024-09-13,13.6134,-0.009675
2024-09-18,13.6724,0.004334
2024-09-19,13.7381,0.004805
2024-09-20,13.708,-0.002191
2024-09-23,13.6682,-0.002903
2024-09-24,14.0197,0.025717
2024-09-25,14.0954,0.0054
2024-09-26,14.5927,0.035281
2024-09-27,15.1323,0.036977
2024-09-30,16.1972,0.070373
2024-10-08,16.9862,0.048712
2024-10-09,16.1162,-0.051218
2024-10-10,16.1961,0.004958
2024-10-11,15.7617,-0.026821
2024-10-14,15.8802,0.007518
2024-10-15,15.677,-0.012796
2024-10-16,15.6598,-0.001097
2024-10-17,15.5302,-0.008276
2024-10-18,15.8547,0.020895
2024-10-21,15.9895,0.008502
2024-10-22,16.0663,0.004803
2024-10-23,16.057,-0.000579
2024-10-24,16.0001,-0.003544
2024-10-25,16.2135,0.013337
2024-10-28,16.3089,0.005884
2024-10-29,16.1503,-0.009725
2024-10-30,15.9717,-0.011059
2024-10-31,15.9423,-0.001841
2024-11-01,15.8955,-0.002936
2024-11-04,15.9415,0.002894
2024-11-05,16.195,0.015902
2024-11-06,16.2029,0.000488
2024-11-07,16.5217,0.019675
2024-11-08,16.507,-0.00089
2024-11-11,16.6253,0.007167
2024-11-12,16.6223,-0.00018
2024-11-13,16.495,-0.007658
2024-11-14,16.2885,-0.012519
2024-11-15,16.0588,-0.014102
2024-11-18,15.8767,-0.01134
2024-11-19,16.006,0.008144
2024-11-20,16.1666,0.010034
2024-11-21,16.1519,-0.000909
2024-11-22,15.7347,-0.02583
2024-11-25,15.721,-0.000871
2024-11-26,15.6926,-0.001807
2024-11-27,15.8852,0.012273
2024-11-28,15.7694,-0.00729
2024-11-29,15.9236,0.009778
2024-12-02,16.0127,0.005595
2024-12-03,16.0313,0.001162
2024-12-04,16.0001,-0.001946
2024-12-05,15.9469,-0.003325
2024-12-06,16.0975,0.009444
2024-12-09,15.993,-0.006492
2024-12-10,16.106,0.007066
2024-12-11,16.1614,0.00344
2024-12-12,16.3261,0.010191
2024-12-13,16.1009,-0.013794
2024-12-16,15.9092,-0.011906
2024-12-17,15.8215,-0.005513
2024-12-18,15.8325,0.000695
2024-12-19,15.8365,0.000253
2024-12-20,15.8965,0.003789
2024-12-23,15.7849,-0.00702
2024-12-24,15.9599,0.011087
2024-12-25,15.8419,-0.007394
2024-12-26,15.8501,0.000518
2024-12-27,15.9168,0.004208
2024-12-30,15.9458,0.001822
2024-12-31,15.7852,-0.010072
2025-01-02,15.589,-0.012429
2025-01-03,15.4858,-0.00662
2025-01-06,15.5002,0.00093
2025-01-07,15.4912,-0.000581
2025-01-08,15.4867,-0.00029
2025-01-09,15.4622,-0.001582
2025-01-10,15.3576,-0.006765
2025-01-13,15.3277,-0.001947
2025-01-14,15.6423,0.020525
2025-01-15,15.5536,-0.005671
2025-01-16,15.6916,0.008873
2025-01-17,15.8546,0.010388
2025-01-20,15.8684,0.00087
2025-01-21,15.949,0.005079
2025-01-22,15.896,-0.003323
2025-01-23,15.8098,-0.005423
2025-01-24,15.8917,0.00518
2025-01-27,15.8636,-0.001768
2025-02-05,15.7005,-0.010281
2025-02-06,15.8234,0.007828
2025-02-07,15.9571,0.00845
2025-02-10,15.9467,-0.000652
2025-02-11,15.9423,-0.000276
2025-02-12,16.1132,0.01072
2025-02-13,16.0901,-0.001434
2025-02-14,16.0957,0.000348
2025-02-17,16.0313,-0.004001
2025-02-18,15.8858,-0.009076
2025-02-19,16.0159,0.00819
2025-02-20,16.2197,0.012725
2025-02-21,16.2568,0.002287
2025-02-24,16.1515,-0.006477
2025-02-25,15.9771,-0.010798
2025-02-26,15.971,-0.000382
2025-02-27,16.0206,0.003106
2025-02-28,15.8663,-0.009631
2025-03-03,15.9628,0.006082
2025-03-04,15.976,0.000827
2025-03-05,15.9824,0.000401
2025-03-06,16.1315,0.009329
2025-03-07,16.0746,-0.003527
2025-03-10,16.0838,0.000572
2025-03-11,16.0879,0.000255
2025-03-12,16.0756,-0.000765
2025-03-13,15.9728,-0.006395
2025-03-14,16.2083,0.014744
2025-03-17,16.2095,7.4e-05
2025-03-18,16.2425,0.002036
2025-03-19,16.2366,-0.000363
2025-03-20,16.1062,-0.008031
2025-03-21,15.9706,-0.008419
2025-03-24,16.0013,0.001922
2025-03-25,15.9835,-0.001112
2025-03-26,15.9486,-0.002184
2025-03-27,16.1665,0.013663
2025-03-28,16.0964,-0.004336
2025-03-31,16.0231,-0.004554
2025-04-01,16.237,0.013349
2025-04-02,16.2475,0.000647
2025-04-03,16.0996,-0.009103
2025-04-07,15.4242,-0.041951
2025-04-08,15.4579,0.002185
2025-04-09,15.5923,0.008695
2025-04-10,15.8701,0.017816
2025-04-11,16.0434,0.01092
2025-04-14,16.0252,-0.001134
2025-04-15,16.0137,-0.000718
2025-04-16,15.9465,-0.004196
2025-04-17,16.0293,0.005192
2025-04-18,15.9756,-0.00335
2025-04-21,16.1615,0.011636
2025-04-22,16.1606,-5.6e-05
2025-04-23,15.9684,-0.011893
2025-04-24,15.8955,-0.004565
2025-04-25,15.7906,-0.006599
2025-04-28,15.6142,-0.011171
2025-04-29,15.6691,0.003516
2025-04-30,15.6627,-0.000408
2025-05-06,15.7857,0.007853
2025-05-07,15.79,0.000272
2025-05-08,15.819,0.001837
2025-05-09,15.7585,-0.003825
2025-05-12,15.8622,0.006581
2025-05-13,15.848,-0.000895
2025-05-14,15.8042,-0.002764
2025-05-15,15.6656,-0.00877
2025-05-16,15.6661,3.2e-05
2025-05-19,15.6314,-0.002215
2025-05-20,15.712,0.005156
2025-05-21,15.6939,-0.001152
2025-05-22,15.5977,-0.00613
2025-05-23,15.5748,-0.001468
2025-05-26,15.5128,-0.003981
2025-05-27,15.4698,-0.002772
2025-05-28,15.4624,-0.000478
2025-05-29,15.6547,0.012437
2025-05-30,15.5327,-0.007793
2025-06-03,15.6218,0.005736
2025-06-04,15.6965,0.004782
2025-06-05,15.8028,0.006772
2025-06-06,15.7403,-0.003955
2025-06-09,15.7661,0.001639
2025-06-10,15.6966,-0.004408
2025-06-11,15.7756,0.005033
2025-06-12,15.7461,-0.00187
2025-06-13,15.6624,-0.005316
2025-06-16,15.6088,-0.003422
2025-06-17,15.5898,-0.001217
2025-06-18,15.6002,0.000667
2025-06-19,15.5187,-0.005224
2025-06-20,15.5179,-5.2e-05
2025-06-23,15.5172,-4.5e-05
2025-06-24,15.6457,0.008281
2025-06-25,15.7943,0.009498
2025-06-26,15.7337,-0.003837
2025-06-27,15.8086,0.00476
2025-06-30,15.9419,0.008432
2025-07-01,15.9449,0.000188
2025-07-02,15.8756,-0.004346
2025-07-03,15.9773,0.006406
2025-07-04,15.9189,-0.003655
2025-07-07,15.8511,-0.004259
2025-07-08,15.9981,0.009274
2025-07-09,15.9569,-0.002575
2025-07-10,15.9972,0.002526
2025-07-11,16.0373,0.002507
2025-07-14,16.0109,-0.001646
2025-07-15,16.0431,0.002011
2025-07-16,16.0348,-0.000517
2025-07-17,16.2016,0.010402
2025-07-18,16.1906,-0.000679
2025-07-21,16.2244,0.002088
2025-07-22,16.302,0.004783
2025-07-23,16.2855,-0.001012
2025-07-24,16.3755,0.005526
2025-07-25,16.3849,0.000574
2025-07-28,16.3853,2.4e-05
2025-07-29,16.4785,0.005688
2025-07-30,16.4723,-0.000376
2025-07-31,16.3251,-0.008936
2025-08-01,16.3326,0.000459
2025-08-04,16.382,0.003025
2025-08-05,16.4378,0.003406
2025-08-06,16.4902,0.003188
2025-08-07,16.5619,0.004348
2025-08-08,16.561,-5.4e-05
2025-08-11,16.72,0.009601
2025-08-12,16.7438,0.001423
2025-08-13,16.835,0.005447
2025-08-14,16.6555,-0.010662
2025-08-15,16.7942,0.008328
2025-08-18,16.9232,0.007681
2025-08-19,16.8003,-0.007262
2025-08-20,16.9748,0.010387
2025-08-21,16.9833,0.000501
2025-08-22,17.1746,0.011264
2025-08-25,17.3469,0.010032
2025-08-26,17.5077,0.00927
2025-08-27,17.3019,-0.011755
2025-08-28,17.5605,0.014946
2025-08-29,17.6265,0.003758
2025-09-01,17.7832,0.00889
2025-09-02,17.5049,-0.01565
2025-09-03,17.5233,0.001051
2025-09-04,17.1366,-0.022068
2025-09-05,17.4723,0.01959
2025-09-08,17.7482,0.015791
2025-09-09,17.5646,-0.010345
2025-09-10,17.5813,0.000951
2025-09-11,17.9393,0.020363
2025-09-12,17.8209,-0.0066
2025-09-15,17.9319,0.006229
2025-09-16,17.9431,0.000625
2025-09-17,18.0556,0.00627
2025-09-18,17.9992,-0.003124
2025-09-19,18.0527,0.002972
2025-09-22,18.1779,0.006935
2025-09-23,18.2085,0.001683
2025-09-24,18.6455,0.024
2025-09-25,18.681,0.001904
2025-09-26,18.4687,-0.011364
2025-09-29,18.6087,0.00758
2025-09-30,18.6739,0.003504
2025-10-09,18.9859,0.016708
2025-10-10,18.5907,-0.020815
2025-10-13,18.448,-0.007676
2025-10-14,18.0462,-0.02178
2025-10-15,18.2903,0.013526
2025-10-16,18.1931,-0.005314
2025-10-17,17.7336,-0.025257
2025-10-20,17.9114,0.010026
2025-10-21,18.2026,0.016258
2025-10-22,18.1516,-0.002802
2025-10-23,18.1592,0.000419
2025-10-24,18.4274,0.014769
2025-10-27,18.4728,0.002464
2025-10-28,18.397,-0.004103
2025-10-29,18.5482,0.008219
2025-10-30,18.424,-0.006696
2025-10-31,18.2948,-0.007013
2025-11-03,18.2639,-0.001689
2025-11-04,18.1026,-0.008832
2025-11-05,18.1284,0.001425
2025-11-06,18.3751,0.013608
2025-11-07,18.368,-0.000386
2025-11-10,18.3175,-0.002749
2025-11-11,18.1516,-0.009057
2025-11-12,18.1571,0.000303
2025-11-13,18.3061,0.008206
2025-11-14,18.1722,-0.007315
2025-11-17,18.1877,0.000853
2025-11-18,18.1216,-0.003634
2025-11-19,18.1054,-0.000894
2025-11-20,17.945,-0.008859
2025-11-21,17.4328,-0.028543
2025-11-24,17.3947,-0.002186
2025-11-25,17.6073,0.012222
2025-11-26,17.6825,0.004271
2025-11-27,17.6219,-0.003427
2025-11-28,17.8733,0.014266
2025-12-01,18.0641,0.010675
2025-12-02,17.9172,-0.008132
2025-12-03,17.881,-0.00202
2025-12-04,17.8763,-0.000263
2025-12-05,18.0791,0.011345
2025-12-08,18.1895,0.006106
2025-12-09,18.0474,-0.007812
2025-12-10,18.1435,0.005325
2025-12-11,18.0466,-0.005341
2025-12-12,18.4033,0.019765
2025-12-15,18.2419,-0.00877
2025-12-16,17.9969,-0.013431
2025-12-17,18.3286,0.018431
2025-12-18,18.1619,-0.009095
2025-12-19,18.2363,0.004096
2025-12-22,18.4197,0.010057
2025-12-23,18.5386,0.006455
2025-12-24,18.6988,0.008641
2025-12-25,18.7035,0.000251
2025-12-26,18.8566,0.008186
2025-12-29,18.6568,-0.010596
2025-12-30,18.6955,0.002074
2025-12-31,18.6296,-0.003525
2026-01-05,19.0792,0.024134
2026-01-06,19.3834,0.015944
2026-01-07,19.4055,0.00114
2026-01-08,19.2225,-0.00943
2026-01-09,19.5054,0.014717
2026-01-12,19.7074,0.010356
2026-01-13,19.6203,-0.00442
2026-01-14,19.6759,0.002834
2026-01-15,19.7992,0.006267
2026-01-16,19.8668,0.003414
2026-01-19,19.9633,0.004857
2026-01-20,19.9228,-0.002029
2026-01-21,20.2813,0.017994
2026-01-22,20.2303,-0.002515
2026-01-23,20.4728,0.011987
2026-01-26,20.3027,-0.008309
2026-01-27,20.3027,0.0
2026-01-28,20.4041,0.004994
2026-01-29,20.1821,-0.01088
2026-01-30,19.9015,-0.013903
2026-02-02,19.4623,-0.022069
2026-02-03,19.9758,0.026384
2026-02-04,20.1212,0.007279
2026-02-05,19.8686,-0.012554
2026-02-06,19.8074,-0.00308
2026-02-09,20.1135,0.015454
2026-02-10,20.1612,0.002372
2026-02-11,20.2451,0.004161
2026-02-12,20.4079,0.008041
2026-02-13,20.122,-0.014009
2026-02-24,20.4644,0.017016
2026-02-25,20.7278,0.012871
2026-02-26,20.797,0.003339
2026-02-27,21.0887,0.014026
2026-03-02,21.2268,0.006549
2026-03-03,20.5908,-0.029962
2026-03-04,20.3327,-0.012535
2026-03-05,20.5229,0.009354
2026-03-06,20.4884,-0.001681
2026-03-09,20.2205,-0.013076
2026-03-10,20.5421,0.015905
2026-03-11,20.4698,-0.00352
2026-03-12,20.3124,-0.007689
2026-03-13,20.1694,-0.00704
2026-03-16,19.9788,-0.00945
2026-03-17,19.7687,-0.010516
2026-03-18,19.8481,0.004016
2026-03-19,19.3656,-0.02431
2026-03-20,19.2328,-0.006858
2026-03-23,18.6225,-0.031732
2026-03-24,18.9215,0.016056
2026-03-25,19.2114,0.015321
2026-03-26,19.0375,-0.009052
2026-03-27,19.2037,0.00873
2026-03-30,19.0997,-0.005416
2026-03-31,19.1047,0.000262
2026-04-01,19.4132,0.016148
2026-04-02,19.4135,1.5e-05
2026-04-03,19.3106,-0.0053
2026-04-07,19.2579,-0.002729
2026-04-08,19.9705,0.037003
2026-04-09,19.9974,0.001347
2026-04-10,20.2531,0.012787
2026-04-13,20.2082,-0.002217
2026-04-14,20.2793,0.003518
2026-04-15,20.2409,-0.001894
2026-04-16,20.5713,0.016323
2026-04-17,20.6033,0.001556
2026-04-20,20.7741,0.00829
2026-04-21,20.7946,0.000987
2026-04-22,21.0018,0.009964
2026-04-23,21.0087,0.000329
2026-04-24,20.857,-0.007221
2026-04-27,21.0479,0.009153
2026-04-28,20.8962,-0.007207
2026-04-29,21.0714,0.008384
2026-04-30,21.1932,0.00578
2026-05-06,21.4848,0.013759
2026-05-07,21.7493,0.012311
2026-05-08,21.6565,-0.004267
2026-05-11,21.9418,0.013174
2026-05-12,21.9616,0.000902
2026-05-13,22.2403,0.01269
2026-05-14,21.7667,-0.021295
2026-05-15,21.7282,-0.001769
2026-05-18,21.7094,-0.000865
2026-05-19,21.9414,0.010687
2026-05-20,22.0494,0.004922
2026-05-21,21.5769,-0.021429
2026-05-22,22.0482,0.021843
2026-05-25,22.2317,0.008323
2026-05-26,22.1543,-0.003482
2026-05-27,22.0899,-0.002907
2026-05-28,22.3027,0.009633
2026-05-29,21.7944,-0.022791
2026-06-01,21.6174,-0.008121
2026-06-02,21.8519,0.010848
2026-06-03,21.8101,-0.001913
2026-06-04,22.0204,0.009642
2026-06-05,21.6237,-0.018015
2026-06-08,21.1325,-0.022716
2026-06-09,21.5313,0.018871
2026-06-10,21.1347,-0.01842
2026-06-11,21.098,-0.001736
2026-06-12,21.1324,0.00163
2026-06-15,21.7952,0.031364
2026-06-16,21.7804,-0.000679
2026-06-17,22.0879,0.014118
2026-06-18,22.3383,0.011337
2026-06-22,22.6191,0.01257
2026-06-23,22.4527,-0.007357
2026-06-24,22.8916,0.019548
2026-06-25,23.1041,0.009283
2026-06-26,22.769,-0.014504
2026-06-29,22.8919,0.005398
2026-06-30,23.5666,0.029473
2026-07-01,23.5522,-0.000611
2026-07-02,22.867,-0.029093
2026-07-03,22.9185,0.002252
2026-07-06,22.791,-0.005563
2026-07-07,22.6176,-0.007608
2026-07-08,22.5321,-0.00378
2026-07-09,23.3198,0.034959
2026-07-10,22.3842,-0.04012
2026-07-13,21.6544,-0.032603
2026-07-14,21.9756,0.014833
2026-07-15,21.5029,-0.02151
2026-07-16,21.078,-0.01976
2026-07-17,20.0911,-0.046821
2026-07-20,19.8788,-0.010567
2026-07-21,20.9623,0.054505
2026-07-22,20.556,-0.019382
2026-07-23,20.5933,0.001815
2026-07-24,20.5704,-0.001112
2026-07-27,21.148,0.028079
2026-07-28,20.4311,-0.033899
2026-07-29,20.6887,0.012608
2026-07-30,19.831,-0.041457
2026-07-31,20.3312,0.025223
2026-08-03,19.8012,-0.026068
2026-08-04,20.3638,0.028412
2026-08-05,20.8551,0.024126
2026-08-06,20.9048,0.002383
2026-08-07,21.1564,0.012036
2026-08-10,21.1569,2.4e-05
2026-08-11,21.1754,0.000874
2026-08-12,21.193,0.000831
2026-08-13,21.1632,-0.001406
2026-08-14,21.3717,0.009852
2026-08-17,22.0461,0.031556
2026-08-18,22.0754,0.001329
2026-08-19,21.1626,-0.041349
2026-08-20,21.5697,0.019237
2026-08-21,21.6226,0.002453
2026-08-24,21.1334,-0.022624
2026-08-25,21.0582,-0.003558
2026-08-26,20.9907,-0.003205
2026-08-27,21.3291,0.016121
2026-08-28,21.0604,-0.012598
2026-08-31,21.1454,0.004036
2026-09-01,20.9685,-0.008366
2026-09-02,20.7176,-0.011966
2026-09-03,20.6875,-0.001453
2026-09-04,20.5037,-0.008885
2026-09-07,20.7657,0.012778
2026-09-08,20.5972,-0.008114
2026-09-09,20.6071,0.000481
2026-09-10,20.415,-0.009322
2026-09-11,20.3353,-0.003904
2026-09-14,20.3902,0.0027
2026-09-15,20.3848,-0.000265
2026-09-16,20.6037,0.010738
2026-09-17,20.6004,-0.00016
2026-09-18,21.1125,0.024859
2026-09-21,21.1461,0.001591
2026-09-22,21.0518,-0.004459
2026-09-23,21.05,-8.6e-05
2026-09-24,20.6905,-0.017078
2026-09-28,20.302,-0.018777
2026-09-29,20.2943,-0.000379
2026-09-30,20.2907,-0.000177
