净值日期,累计净值,daily_return
2009-08-18,1.0,
2009-08-21,1.003,0.003
2009-08-28,0.985,-0.017946
2009-09-04,0.986,0.001015
2009-09-11,1.007,0.021298
2009-09-18,0.997,-0.00993
2009-09-25,0.974,-0.023069
2009-09-30,0.965,-0.00924
2009-10-09,0.987,0.022798
2009-10-16,1.001,0.014184
2009-10-19,1.011,0.00999
2009-10-20,1.018,0.006924
2009-10-21,1.014,-0.003929
2009-10-22,1.012,-0.001972
2009-10-23,1.02,0.007905
2009-10-26,1.02,0.0
2009-10-27,1.008,-0.011765
2009-10-28,1.01,0.001984
2009-10-29,0.997,-0.012871
2009-10-30,1.003,0.006018
2009-11-02,1.024,0.020937
2009-11-03,1.031,0.006836
2009-11-04,1.033,0.00194
2009-11-05,1.033,0.0
2009-11-06,1.035,0.001936
2009-11-09,1.035,0.0
2009-11-10,1.038,0.002899
2009-11-11,1.033,-0.004817
2009-11-12,1.033,0.0
2009-11-13,1.036,0.002904
2009-11-16,1.056,0.019305
2009-11-17,1.058,0.001894
2009-11-18,1.057,-0.000945
2009-11-19,1.058,0.000946
2009-11-20,1.056,-0.00189
2009-11-23,1.062,0.005682
2009-11-24,1.036,-0.024482
2009-11-25,1.059,0.022201
2009-11-26,1.034,-0.023607
2009-11-27,1.013,-0.020309
2009-11-30,1.048,0.034551
2009-12-01,1.061,0.012405
2009-12-02,1.072,0.010368
2009-12-03,1.073,0.000933
2009-12-04,1.066,-0.006524
2009-12-07,1.074,0.007505
2009-12-08,1.072,-0.001862
2009-12-09,1.059,-0.012127
2009-12-10,1.062,0.002833
2009-12-11,1.063,0.000942
2009-12-14,1.066,0.002822
2009-12-15,1.068,0.001876
2009-12-16,1.065,-0.002809
2009-12-17,1.042,-0.021596
2009-12-18,1.015,-0.025912
2009-12-21,1.014,-0.000985
2009-12-22,0.992,-0.021696
2009-12-23,1.002,0.010081
2009-12-24,1.033,0.030938
2009-12-25,1.035,0.001936
2009-12-28,1.047,0.011594
2009-12-29,1.05,0.002865
2009-12-30,1.055,0.004762
2009-12-31,1.056,0.000948
2010-01-04,1.052,-0.003788
2010-01-05,1.062,0.009506
2010-01-06,1.062,0.0
2010-01-07,1.046,-0.015066
2010-01-08,1.051,0.00478
2010-01-11,1.052,0.000951
2010-01-12,1.061,0.008555
2010-01-13,1.042,-0.017908
2010-01-14,1.057,0.014395
2010-01-15,1.062,0.00473
2010-01-18,1.072,0.009416
2010-01-19,1.07,-0.001866
2010-01-20,1.038,-0.029907
2010-01-21,1.036,-0.001927
2010-01-22,1.019,-0.016409
2010-01-25,1.009,-0.009814
2010-01-26,0.986,-0.022795
2010-01-27,0.983,-0.003043
2010-01-28,0.994,0.01119
2010-01-29,1.001,0.007042
2010-02-01,0.996,-0.004995
2010-02-02,0.987,-0.009036
2010-02-03,0.992,0.005066
2010-02-04,0.992,0.0
2010-02-05,0.98,-0.012097
2010-02-08,0.98,0.0
2010-02-09,0.981,0.00102
2010-02-10,0.996,0.015291
2010-02-11,0.996,0.0
2010-02-12,1.002,0.006024
2010-02-22,1.002,0.0
2010-02-23,1.007,0.00499
2010-02-24,1.024,0.016882
2010-02-25,1.035,0.010742
2010-02-26,1.031,-0.003865
2010-03-01,1.035,0.00388
2010-03-02,1.036,0.000966
2010-03-03,1.042,0.005792
2010-03-04,1.02,-0.021113
2010-03-05,1.02,0.0
2010-03-08,1.027,0.006863
2010-03-09,1.028,0.000974
2010-03-10,1.02,-0.007782
2010-03-11,1.013,-0.006863
2010-03-12,1.005,-0.007897
2010-03-15,0.992,-0.012935
2010-03-16,0.996,0.004032
2010-03-17,1.013,0.017068
2010-03-18,1.01,-0.002962
2010-03-19,1.014,0.00396
2010-03-22,1.02,0.005917
2010-03-23,1.015,-0.004902
2010-03-24,1.022,0.006897
2010-03-25,1.013,-0.008806
2010-03-26,1.017,0.003949
2010-03-29,1.031,0.013766
2010-03-30,1.035,0.00388
2010-03-31,1.037,0.001932
2010-04-01,1.048,0.010608
2010-04-02,1.053,0.004771
2010-04-06,1.054,0.00095
2010-04-07,1.06,0.005693
2010-04-08,1.058,-0.001887
2010-04-09,1.071,0.012287
2010-04-12,1.079,0.00747
2010-04-13,1.073,-0.005561
2010-04-14,1.081,0.007456
2010-04-15,1.07,-0.010176
2010-04-16,1.067,-0.002804
2010-04-19,1.047,-0.018744
2010-04-20,1.065,0.017192
2010-04-21,1.087,0.020657
2010-04-22,1.092,0.0046
2010-04-23,1.082,-0.009158
2010-04-26,1.079,-0.002773
2010-04-27,1.06,-0.017609
2010-04-28,1.056,-0.003774
2010-04-29,1.028,-0.026515
2010-04-30,1.014,-0.013619
2010-05-04,1.019,0.004931
2010-05-05,1.04,0.020608
2010-05-06,1.021,-0.018269
2010-05-07,1.004,-0.01665
2010-05-10,0.985,-0.018924
2010-05-11,0.971,-0.014213
2010-05-12,0.953,-0.018538
2010-05-13,0.974,0.022036
2010-05-14,0.983,0.00924
2010-05-17,0.951,-0.032553
2010-05-18,0.956,0.005258
2010-05-19,0.96,0.004184
2010-05-20,0.954,-0.00625
2010-05-21,0.966,0.012579
2010-05-24,0.986,0.020704
2010-05-25,0.979,-0.007099
2010-05-26,0.975,-0.004086
2010-05-27,0.985,0.010256
2010-05-28,0.987,0.00203
2010-05-31,0.975,-0.012158
2010-06-01,0.968,-0.007179
2010-06-02,0.972,0.004132
2010-06-03,0.971,-0.001029
2010-06-04,0.972,0.00103
2010-06-07,0.976,0.004115
2010-06-08,0.979,0.003074
2010-06-09,0.992,0.013279
2010-06-10,0.995,0.003024
2010-06-11,0.995,0.0
2010-06-17,0.979,-0.01608
2010-06-18,0.956,-0.023493
2010-06-21,0.967,0.011506
2010-06-22,0.971,0.004137
2010-06-23,0.97,-0.00103
2010-06-24,0.972,0.002062
2010-06-25,0.964,-0.00823
2010-06-28,0.958,-0.006224
2010-06-29,0.93,-0.029228
2010-06-30,0.929,-0.001075
2010-07-01,0.92,-0.009688
2010-07-02,0.91,-0.01087
2010-07-05,0.909,-0.001099
2010-07-06,0.922,0.014301
2010-07-07,0.929,0.007592
2010-07-08,0.927,-0.002153
2010-07-09,0.94,0.014024
2010-07-12,0.944,0.004255
2010-07-13,0.937,-0.007415
2010-07-14,0.938,0.001067
2010-07-15,0.931,-0.007463
2010-07-16,0.932,0.001074
2010-07-19,0.942,0.01073
2010-07-20,0.953,0.011677
2010-07-21,0.954,0.001049
2010-07-22,0.962,0.008386
2010-07-23,0.966,0.004158
2010-07-26,0.969,0.003106
2010-07-27,0.97,0.001032
2010-07-28,0.981,0.01134
2010-07-29,0.981,0.0
2010-07-30,0.98,-0.001019
2010-08-02,0.991,0.011224
2010-08-03,0.981,-0.010091
2010-08-04,0.985,0.004077
2010-08-05,0.986,0.001015
2010-08-06,0.995,0.009128
2010-08-09,0.998,0.003015
2010-08-10,0.981,-0.017034
2010-08-11,0.986,0.005097
2010-08-12,0.982,-0.004057
2010-08-13,0.991,0.009165
2010-08-16,1.005,0.014127
2010-08-17,1.013,0.00796
2010-08-18,1.012,-0.000987
2010-08-19,1.01,-0.001976
2010-08-20,0.996,-0.013861
2010-08-23,0.997,0.001004
2010-08-24,1.0,0.003009
2010-08-25,0.99,-0.01
2010-08-26,0.991,0.00101
2010-08-27,0.998,0.007064
2010-08-30,1.017,0.019038
2010-08-31,1.024,0.006883
2010-09-01,1.018,-0.005859
2010-09-02,1.028,0.009823
2010-09-03,1.031,0.002918
2010-09-06,1.031,0.0
2010-09-07,1.032,0.00097
2010-09-08,1.038,0.005814
2010-09-09,1.033,-0.004817
2010-09-10,1.043,0.009681
2010-09-13,1.055,0.011505
2010-09-14,1.058,0.002844
2010-09-15,1.047,-0.010397
2010-09-16,1.033,-0.013372
2010-09-17,1.043,0.009681
2010-09-20,1.037,-0.005753
2010-09-21,1.035,-0.001929
2010-09-27,1.057,0.021256
2010-09-28,1.062,0.00473
2010-09-29,1.048,-0.013183
2010-09-30,1.06,0.01145
2010-10-08,1.083,0.021698
2010-10-11,1.064,-0.017544
2010-10-12,1.067,0.00282
2010-10-13,1.07,0.002812
2010-10-14,1.054,-0.014953
2010-10-15,1.057,0.002846
2010-10-18,1.051,-0.005676
2010-10-19,1.078,0.02569
2010-10-20,1.085,0.006494
2010-10-21,1.087,0.001843
2010-10-22,1.101,0.012879
2010-10-25,1.128,0.024523
2010-10-26,1.13,0.001773
2010-10-27,1.116,-0.012389
2010-10-28,1.121,0.00448
2010-10-29,1.136,0.013381
2010-11-01,1.162,0.022887
2010-11-02,1.148,-0.012048
2010-11-03,1.131,-0.014808
2010-11-04,1.148,0.015031
2010-11-05,1.157,0.00784
2010-11-08,1.169,0.010372
2010-11-09,1.181,0.010265
2010-11-10,1.189,0.006774
2010-11-11,1.182,-0.005887
2010-11-12,1.145,-0.031303
2010-11-15,1.179,0.029694
2010-11-16,1.16,-0.016115
2010-11-17,1.118,-0.036207
2010-11-18,1.131,0.011628
2010-11-19,1.165,0.030062
2010-11-22,1.181,0.013734
2010-11-23,1.175,-0.00508
2010-11-24,1.204,0.024681
2010-11-25,1.199,-0.004153
2010-11-26,1.195,-0.003336
2010-11-29,1.204,0.007531
2010-11-30,1.185,-0.015781
2010-12-01,1.178,-0.005907
2010-12-02,1.175,-0.002547
2010-12-03,1.168,-0.005957
2010-12-06,1.155,-0.01113
2010-12-07,1.176,0.018182
2010-12-08,1.182,0.005102
2010-12-09,1.171,-0.009306
2010-12-10,1.181,0.00854
2010-12-13,1.201,0.016935
2010-12-14,1.206,0.004163
2010-12-15,1.199,-0.005804
2010-12-16,1.203,0.003336
2010-12-17,1.202,-0.000831
2010-12-20,1.193,-0.007488
2010-12-21,1.191,-0.001676
2010-12-22,1.184,-0.005877
2010-12-23,1.165,-0.016047
2010-12-24,1.153,-0.0103
2010-12-27,1.13,-0.019948
2010-12-28,1.119,-0.009735
2010-12-29,1.136,0.015192
2010-12-30,1.15,0.012324
2010-12-31,1.173,0.02
2011-01-04,1.183,0.008525
2011-01-05,1.183,0.0
2011-01-06,1.17,-0.010989
2011-01-07,1.162,-0.006838
2011-01-10,1.136,-0.022375
2011-01-11,1.128,-0.007042
2011-01-12,1.122,-0.005319
2011-01-13,1.128,0.005348
2011-01-14,1.111,-0.015071
2011-01-17,1.08,-0.027903
2011-01-18,1.084,0.003704
2011-01-19,1.109,0.023063
2011-01-20,1.078,-0.027953
2011-01-21,1.076,-0.001855
2011-01-24,1.047,-0.026952
2011-01-25,1.038,-0.008596
2011-01-26,1.052,0.013487
2011-01-27,1.069,0.01616
2011-01-28,1.076,0.006548
2011-01-31,1.083,0.006506
2011-02-01,1.086,0.00277
2011-02-09,1.081,-0.004604
2011-02-10,1.103,0.020352
2011-02-11,1.108,0.004533
2011-02-14,1.121,0.011733
2011-02-15,1.124,0.002676
2011-02-16,1.133,0.008007
2011-02-17,1.139,0.005296
2011-02-18,1.13,-0.007902
2011-02-21,1.137,0.006195
2011-02-22,1.117,-0.01759
2011-02-23,1.12,0.002686
2011-02-24,1.128,0.007143
2011-02-25,1.122,-0.005319
2011-02-28,1.129,0.006239
2011-03-01,1.129,0.0
2011-03-02,1.122,-0.0062
2011-03-03,1.106,-0.01426
2011-03-04,1.11,0.003617
2011-03-07,1.118,0.007207
2011-03-08,1.116,-0.001789
2011-03-09,1.12,0.003584
2011-03-10,1.114,-0.005357
2011-03-11,1.111,-0.002693
2011-03-14,1.123,0.010801
2011-03-15,1.116,-0.006233
2011-03-16,1.122,0.005376
2011-03-17,1.111,-0.009804
2011-03-18,1.112,0.0009
2011-03-21,1.103,-0.008094
2011-03-22,1.102,-0.000907
2011-03-23,1.111,0.008167
2011-03-24,1.112,0.0009
2011-03-25,1.119,0.006295
2011-03-28,1.107,-0.010724
2011-03-29,1.089,-0.01626
2011-03-30,1.086,-0.002755
2011-03-31,1.08,-0.005525
2011-04-01,1.088,0.007407
2011-04-06,1.085,-0.002757
2011-04-07,1.089,0.003687
2011-04-08,1.101,0.011019
2011-04-11,1.087,-0.012716
2011-04-12,1.084,-0.00276
2011-04-13,1.093,0.008303
2011-04-14,1.09,-0.002745
2011-04-15,1.093,0.002752
2011-04-18,1.094,0.000915
2011-04-19,1.085,-0.008227
2011-04-20,1.088,0.002765
2011-04-21,1.093,0.004596
2011-04-22,1.091,-0.00183
2011-04-25,1.081,-0.009166
2011-04-26,1.072,-0.008326
2011-04-27,1.06,-0.011194
2011-04-28,1.04,-0.018868
2011-04-29,1.05,0.009615
2011-05-03,1.055,0.004762
2011-05-04,1.036,-0.018009
2011-05-05,1.038,0.001931
2011-05-06,1.036,-0.001927
2011-05-09,1.041,0.004826
2011-05-10,1.047,0.005764
2011-05-11,1.045,-0.00191
2011-05-12,1.036,-0.008612
2011-05-13,1.037,0.000965
2011-05-16,1.028,-0.008679
2011-05-17,1.03,0.001946
2011-05-18,1.034,0.003883
2011-05-19,1.028,-0.005803
2011-05-20,1.026,-0.001946
2011-05-23,1.002,-0.023392
2011-05-24,1.003,0.000998
2011-05-25,0.997,-0.005982
2011-05-26,0.989,-0.008024
2011-05-27,0.984,-0.005056
2011-05-30,0.979,-0.005081
2011-05-31,0.992,0.013279
2011-06-01,0.998,0.006048
2011-06-02,0.991,-0.007014
2011-06-03,1.001,0.010091
2011-06-07,1.002,0.000999
2011-06-08,1.001,-0.000998
2011-06-09,0.988,-0.012987
2011-06-10,0.988,0.0
2011-06-13,0.988,0.0
2011-06-14,1.0,0.012146
2011-06-15,0.991,-0.009
2011-06-16,0.981,-0.010091
2011-06-17,0.976,-0.005097
2011-06-20,0.975,-0.001025
2011-06-21,0.986,0.011282
2011-06-22,0.987,0.001014
2011-06-23,1.002,0.015198
2011-06-24,1.014,0.011976
2011-06-27,1.019,0.004931
2011-06-28,1.022,0.002944
2011-06-29,1.013,-0.008806
2011-06-30,1.023,0.009872
2011-07-01,1.028,0.004888
2011-07-04,1.043,0.014591
2011-07-05,1.043,0.0
2011-07-06,1.045,0.001918
2011-07-07,1.042,-0.002871
2011-07-08,1.043,0.00096
2011-07-11,1.051,0.00767
2011-07-12,1.041,-0.009515
2011-07-13,1.054,0.012488
2011-07-14,1.058,0.003795
2011-07-15,1.063,0.004726
2011-07-18,1.058,-0.004704
2011-07-19,1.052,-0.005671
2011-07-20,1.05,-0.001901
2011-07-21,1.044,-0.005714
2011-07-22,1.053,0.008621
2011-07-25,1.027,-0.024691
2011-07-26,1.033,0.005842
2011-07-27,1.044,0.010649
2011-07-28,1.044,0.0
2011-07-29,1.033,-0.010536
2011-08-01,1.034,0.000968
2011-08-02,1.03,-0.003868
2011-08-03,1.029,-0.000971
2011-08-04,1.033,0.003887
2011-08-05,1.026,-0.006776
2011-08-08,1.001,-0.024366
2011-08-09,1.005,0.003996
2011-08-10,1.016,0.010945
2011-08-11,1.033,0.016732
2011-08-12,1.038,0.00484
2011-08-15,1.044,0.00578
2011-08-16,1.038,-0.005747
2011-08-17,1.031,-0.006744
2011-08-18,1.017,-0.013579
2011-08-19,1.01,-0.006883
2011-08-22,1.001,-0.008911
2011-08-23,1.008,0.006993
2011-08-24,1.007,-0.000992
2011-08-25,1.021,0.013903
2011-08-26,1.022,0.000979
2011-08-29,1.014,-0.007828
2011-08-30,1.009,-0.004931
2011-08-31,1.01,0.000991
2011-09-01,1.005,-0.00495
2011-09-02,0.998,-0.006965
2011-09-05,0.983,-0.01503
2011-09-06,0.975,-0.008138
2011-09-07,0.986,0.011282
2011-09-08,0.982,-0.004057
2011-09-09,0.976,-0.00611
2011-09-13,0.967,-0.009221
2011-09-14,0.97,0.003102
2011-09-15,0.971,0.001031
2011-09-16,0.973,0.00206
2011-09-19,0.965,-0.008222
2011-09-20,0.964,-0.001036
2011-09-21,0.977,0.013485
2011-09-22,0.963,-0.01433
2011-09-23,0.957,-0.006231
2011-09-26,0.949,-0.008359
2011-09-27,0.952,0.003161
2011-09-28,0.948,-0.004202
2011-09-29,0.937,-0.011603
2011-09-30,0.939,0.002134
2011-10-10,0.935,-0.00426
2011-10-11,0.93,-0.005348
2011-10-12,0.947,0.01828
2011-10-13,0.952,0.00528
2011-10-14,0.951,-0.00105
2011-10-17,0.956,0.005258
2011-10-18,0.942,-0.014644
2011-10-19,0.94,-0.002123
2011-10-20,0.928,-0.012766
2011-10-21,0.926,-0.002155
2011-10-24,0.936,0.010799
2011-10-25,0.946,0.010684
2011-10-26,0.955,0.009514
2011-10-27,0.955,0.0
2011-10-28,0.96,0.005236
2011-10-31,0.962,0.002083
2011-11-01,0.966,0.004158
2011-11-02,0.978,0.012422
2011-11-03,0.979,0.001022
2011-11-04,0.98,0.001021
2011-11-07,0.975,-0.005102
2011-11-08,0.969,-0.006154
2011-11-09,0.975,0.006192
2011-11-10,0.971,-0.004103
2011-11-11,0.97,-0.00103
2011-11-14,0.982,0.012371
2011-11-15,0.981,-0.001018
2011-11-16,0.969,-0.012232
2011-11-17,0.971,0.002064
2011-11-18,0.961,-0.010299
2011-11-21,0.96,-0.001041
2011-11-22,0.961,0.001042
2011-11-23,0.959,-0.002081
2011-11-24,0.962,0.003128
2011-11-25,0.961,-0.00104
2011-11-28,0.964,0.003122
2011-11-29,0.971,0.007261
2011-11-30,0.959,-0.012358
2011-12-01,0.97,0.01147
2011-12-02,0.962,-0.008247
2011-12-05,0.95,-0.012474
2011-12-06,0.948,-0.002105
2011-12-07,0.95,0.00211
2011-12-08,0.949,-0.001053
2011-12-09,0.945,-0.004215
2011-12-12,0.937,-0.008466
2011-12-13,0.925,-0.012807
2011-12-14,0.917,-0.008649
2011-12-15,0.911,-0.006543
2011-12-16,0.923,0.013172
2011-12-19,0.925,0.002167
2011-12-20,0.926,0.001081
2011-12-21,0.919,-0.007559
2011-12-22,0.915,-0.004353
2011-12-23,0.919,0.004372
2011-12-26,0.912,-0.007617
2011-12-27,0.901,-0.012061
2011-12-28,0.895,-0.006659
2011-12-29,0.9,0.005587
2011-12-30,0.909,0.01
2011-12-31,0.909,0.0
2012-01-04,0.897,-0.013201
2012-01-05,0.884,-0.014493
2012-01-06,0.884,0.0
2012-01-09,0.896,0.013575
2012-01-10,0.905,0.010045
2012-01-11,0.905,0.0
2012-01-12,0.904,-0.001105
2012-01-13,0.893,-0.012168
2012-01-16,0.878,-0.016797
2012-01-17,0.889,0.012528
2012-01-18,0.877,-0.013498
2012-01-19,0.885,0.009122
2012-01-20,0.894,0.010169
2012-01-30,0.887,-0.00783
2012-01-31,0.888,0.001127
2012-02-01,0.885,-0.003378
2012-02-02,0.892,0.00791
2012-02-03,0.895,0.003363
2012-02-06,0.9,0.005587
2012-02-07,0.892,-0.008889
2012-02-08,0.903,0.012332
2012-02-09,0.905,0.002215
2012-02-10,0.908,0.003315
2012-02-13,0.908,0.0
2012-02-14,0.907,-0.001101
2012-02-15,0.91,0.003308
2012-02-16,0.905,-0.005495
2012-02-17,0.903,-0.00221
2012-02-20,0.905,0.002215
2012-02-21,0.912,0.007735
2012-02-22,0.923,0.012061
2012-02-23,0.927,0.004334
2012-02-24,0.941,0.015102
2012-02-27,0.941,0.0
2012-02-28,0.942,0.001063
2012-02-29,0.932,-0.010616
2012-03-01,0.934,0.002146
2012-03-02,0.951,0.018201
2012-03-05,0.949,-0.002103
2012-03-06,0.942,-0.007376
2012-03-07,0.939,-0.003185
2012-03-08,0.947,0.00852
2012-03-09,0.957,0.01056
2012-03-12,0.954,-0.003135
2012-03-13,0.96,0.006289
2012-03-14,0.935,-0.026042
2012-03-15,0.928,-0.007487
2012-03-16,0.944,0.017241
2012-03-19,0.948,0.004237
2012-03-20,0.939,-0.009494
2012-03-21,0.938,-0.001065
2012-03-22,0.936,-0.002132
2012-03-23,0.923,-0.013889
2012-03-26,0.923,0.0
2012-03-27,0.92,-0.00325
2012-03-28,0.902,-0.019565
2012-03-29,0.899,-0.003326
2012-03-30,0.9,0.001112
2012-03-31,0.9,0.0
2012-04-05,0.919,0.021111
2012-04-06,0.923,0.004353
2012-04-09,0.917,-0.006501
2012-04-10,0.921,0.004362
2012-04-11,0.923,0.002172
2012-04-12,0.933,0.010834
2012-04-13,0.934,0.001072
2012-04-16,0.935,0.001071
2012-04-17,0.924,-0.011765
2012-04-18,0.936,0.012987
2012-04-19,0.932,-0.004274
2012-04-20,0.935,0.003219
2012-04-23,0.932,-0.003209
2012-04-24,0.931,-0.001073
2012-04-25,0.94,0.009667
2012-04-26,0.938,-0.002128
2012-04-27,0.94,0.002132
2012-05-02,0.948,0.008511
2012-05-03,0.948,0.0
2012-05-04,0.954,0.006329
2012-05-07,0.959,0.005241
2012-05-08,0.955,-0.004171
2012-05-09,0.945,-0.010471
2012-05-10,0.945,0.0
2012-05-11,0.943,-0.002116
2012-05-14,0.939,-0.004242
2012-05-15,0.941,0.00213
2012-05-16,0.936,-0.005313
2012-05-17,0.941,0.005342
2012-05-18,0.935,-0.006376
2012-05-21,0.939,0.004278
2012-05-22,0.947,0.00852
2012-05-23,0.947,0.0
2012-05-24,0.936,-0.011616
2012-05-25,0.934,-0.002137
2012-05-28,0.942,0.008565
2012-05-29,0.946,0.004246
2012-05-30,0.945,-0.001057
2012-05-31,0.947,0.002116
2012-06-01,0.949,0.002112
2012-06-04,0.937,-0.012645
2012-06-05,0.939,0.002134
2012-06-06,0.935,-0.00426
2012-06-07,0.935,0.0
2012-06-08,0.935,0.0
2012-06-11,0.943,0.008556
2012-06-12,0.945,0.002121
2012-06-13,0.956,0.01164
2012-06-14,0.956,0.0
2012-06-15,0.946,-0.01046
2012-06-18,0.949,0.003171
2012-06-19,0.943,-0.006322
2012-06-20,0.94,-0.003181
2012-06-21,0.936,-0.004255
2012-06-25,0.924,-0.012821
2012-06-26,0.925,0.001082
2012-06-27,0.929,0.004324
2012-06-28,0.925,-0.004306
2012-06-29,0.932,0.007568
2012-06-30,0.931,-0.001073
2012-07-02,0.939,0.008593
2012-07-03,0.941,0.00213
2012-07-04,0.934,-0.007439
2012-07-05,0.937,0.003212
2012-07-06,0.958,0.022412
2012-07-09,0.952,-0.006263
2012-07-10,0.945,-0.007353
2012-07-11,0.951,0.006349
2012-07-12,0.964,0.01367
2012-07-13,0.968,0.004149
2012-07-16,0.949,-0.019628
2012-07-17,0.95,0.001054
2012-07-18,0.945,-0.005263
2012-07-19,0.946,0.001058
2012-07-20,0.938,-0.008457
2012-07-23,0.927,-0.011727
2012-07-24,0.933,0.006472
2012-07-25,0.927,-0.006431
2012-07-26,0.92,-0.007551
2012-07-27,0.917,-0.003261
2012-07-30,0.914,-0.003272
2012-07-31,0.915,0.001094
2012-08-01,0.924,0.009836
2012-08-02,0.914,-0.010823
2012-08-03,0.92,0.006565
2012-08-06,0.928,0.008696
2012-08-07,0.929,0.001078
2012-08-08,0.926,-0.003229
2012-08-09,0.938,0.012959
2012-08-10,0.934,-0.004264
2012-08-13,0.922,-0.012848
2012-08-14,0.923,0.001085
2012-08-15,0.918,-0.005417
2012-08-16,0.914,-0.004357
2012-08-17,0.912,-0.002188
2012-08-20,0.911,-0.001096
2012-08-21,0.922,0.012075
2012-08-22,0.915,-0.007592
2012-08-23,0.913,-0.002186
2012-08-24,0.906,-0.007667
2012-08-27,0.897,-0.009934
2012-08-28,0.895,-0.00223
2012-08-29,0.891,-0.004469
2012-08-30,0.882,-0.010101
2012-08-31,0.885,0.003401
2012-09-03,0.9,0.016949
2012-09-04,0.894,-0.006667
2012-09-05,0.897,0.003356
2012-09-06,0.899,0.00223
2012-09-07,0.92,0.023359
2012-09-10,0.919,-0.001087
2012-09-11,0.916,-0.003264
2012-09-12,0.919,0.003275
2012-09-13,0.912,-0.007617
2012-09-14,0.912,0.0
2012-09-17,0.899,-0.014254
2012-09-18,0.897,-0.002225
2012-09-19,0.895,-0.00223
2012-09-20,0.879,-0.017877
2012-09-21,0.876,-0.003413
2012-09-24,0.881,0.005708
2012-09-25,0.882,0.001135
2012-09-26,0.873,-0.010204
2012-09-27,0.89,0.019473
2012-09-28,0.902,0.013483
2012-09-30,0.902,0.0
2012-10-08,0.897,-0.005543
2012-10-09,0.911,0.015608
2012-10-10,0.914,0.003293
2012-10-11,0.907,-0.007659
2012-10-12,0.902,-0.005513
2012-10-15,0.905,0.003326
2012-10-16,0.911,0.00663
2012-10-17,0.907,-0.004391
2012-10-18,0.916,0.009923
2012-10-19,0.915,-0.001092
2012-10-22,0.918,0.003279
2012-10-23,0.905,-0.014161
2012-10-24,0.9,-0.005525
2012-10-25,0.89,-0.011111
2012-10-26,0.889,-0.001124
2012-10-29,0.892,0.003375
2012-10-30,0.896,0.004484
2012-10-31,0.9,0.004464
2012-11-01,0.906,0.006667
2012-11-02,0.906,0.0
2012-11-05,0.899,-0.007726
2012-11-06,0.897,-0.002225
2012-11-07,0.896,-0.001115
2012-11-08,0.889,-0.007812
2012-11-09,0.884,-0.005624
2012-11-12,0.88,-0.004525
2012-11-13,0.872,-0.009091
2012-11-14,0.876,0.004587
2012-11-15,0.872,-0.004566
2012-11-16,0.865,-0.008028
2012-11-19,0.863,-0.002312
2012-11-20,0.86,-0.003476
2012-11-21,0.862,0.002326
2012-11-22,0.856,-0.006961
2012-11-23,0.857,0.001168
2012-11-26,0.849,-0.009335
2012-11-27,0.836,-0.015312
2012-11-28,0.829,-0.008373
2012-11-29,0.83,0.001206
2012-11-30,0.837,0.008434
2012-12-03,0.825,-0.014337
2012-12-04,0.828,0.003636
2012-12-05,0.844,0.019324
2012-12-06,0.841,-0.003555
2012-12-07,0.849,0.009512
2012-12-10,0.852,0.003534
2012-12-11,0.851,-0.001174
2012-12-12,0.848,-0.003525
2012-12-13,0.845,-0.003538
2012-12-14,0.863,0.021302
2012-12-17,0.856,-0.008111
2012-12-18,0.851,-0.005841
2012-12-19,0.854,0.003525
2012-12-20,0.857,0.003513
2012-12-21,0.861,0.004667
2012-12-24,0.867,0.006969
2012-12-25,0.882,0.017301
2012-12-26,0.885,0.003401
2012-12-27,0.882,-0.00339
2012-12-28,0.888,0.006803
2012-12-31,0.897,0.010135
2013-01-04,0.891,-0.006689
2013-01-07,0.892,0.001122
2013-01-08,0.897,0.005605
2013-01-09,0.898,0.001115
2013-01-10,0.899,0.001114
2013-01-11,0.886,-0.014461
2013-01-14,0.915,0.032731
2013-01-15,0.92,0.005464
2013-01-16,0.915,-0.005435
2013-01-17,0.908,-0.00765
2013-01-18,0.92,0.013216
2013-01-21,0.922,0.002174
2013-01-22,0.917,-0.005423
2013-01-23,0.92,0.003272
2013-01-24,0.911,-0.009783
2013-01-25,0.908,-0.003293
2013-01-28,0.929,0.023128
2013-01-29,0.935,0.006459
2013-01-30,0.937,0.002139
2013-01-31,0.933,-0.004269
2013-02-01,0.944,0.01179
2013-02-04,0.943,-0.001059
2013-02-05,0.951,0.008484
2013-02-06,0.953,0.002103
2013-02-07,0.951,-0.002099
2013-02-08,0.957,0.006309
2013-02-18,0.952,-0.005225
2013-02-19,0.939,-0.013655
2013-02-20,0.948,0.009585
2013-02-21,0.929,-0.020042
2013-02-22,0.925,-0.004306
2013-02-25,0.929,0.004324
2013-02-26,0.921,-0.008611
2013-02-27,0.924,0.003257
2013-02-28,0.944,0.021645
2013-03-01,0.946,0.002119
2013-03-04,0.914,-0.033827
2013-03-05,0.937,0.025164
2013-03-06,0.947,0.010672
2013-03-07,0.936,-0.011616
2013-03-08,0.932,-0.004274
2013-03-11,0.927,-0.005365
2013-03-12,0.915,-0.012945
2013-03-13,0.909,-0.006557
2013-03-14,0.913,0.0044
2013-03-15,0.916,0.003286
2013-03-18,0.908,-0.008734
2013-03-19,0.912,0.004405
2013-03-20,0.933,0.023026
2013-03-21,0.938,0.005359
2013-03-22,0.939,0.001066
2013-03-25,0.938,-0.001065
2013-03-26,0.932,-0.006397
2013-03-27,0.935,0.003219
2013-03-28,0.915,-0.02139
2013-03-29,0.912,-0.003279
2013-04-01,0.912,0.0
2013-04-02,0.902,-0.010965
2013-04-03,0.901,-0.001109
2013-04-08,0.905,0.00444
2013-04-09,0.911,0.00663
2013-04-10,0.907,-0.004391
2013-04-11,0.906,-0.001103
2013-04-12,0.903,-0.003311
2013-04-15,0.895,-0.008859
2013-04-16,0.901,0.006704
2013-04-17,0.905,0.00444
2013-04-18,0.907,0.00221
2013-04-19,0.925,0.019846
2013-04-22,0.927,0.002162
2013-04-23,0.908,-0.020496
2013-04-24,0.924,0.017621
2013-04-25,0.917,-0.007576
2013-04-26,0.909,-0.008724
2013-05-02,0.914,0.005501
2013-05-03,0.926,0.013129
2013-05-06,0.936,0.010799
2013-05-07,0.935,-0.001068
2013-05-08,0.943,0.008556
2013-05-09,0.937,-0.006363
2013-05-10,0.938,0.001067
2013-05-13,0.936,-0.002132
2013-05-14,0.926,-0.010684
2013-05-15,0.934,0.008639
2013-05-16,0.943,0.009636
2013-05-17,0.954,0.011665
2013-05-20,0.959,0.005241
2013-05-21,0.962,0.003128
2013-05-22,0.957,-0.005198
2013-05-23,0.949,-0.008359
2013-05-24,0.956,0.007376
2013-05-27,0.96,0.004184
2013-05-28,0.966,0.00625
2013-05-29,0.969,0.003106
2013-05-30,0.969,0.0
2013-05-31,0.96,-0.009288
2013-06-03,0.957,-0.003125
2013-06-04,0.947,-0.010449
2013-06-05,0.946,-0.001056
2013-06-06,0.937,-0.009514
2013-06-07,0.928,-0.009605
2013-06-13,0.915,-0.014009
2013-06-14,0.924,0.009836
2013-06-17,0.923,-0.001082
2013-06-18,0.926,0.00325
2013-06-19,0.922,-0.00432
2013-06-20,0.905,-0.018438
2013-06-21,0.904,-0.001105
2013-06-24,0.875,-0.03208
2013-06-25,0.878,0.003429
2013-06-26,0.888,0.01139
2013-06-27,0.887,-0.001126
2013-06-28,0.891,0.00451
2013-06-30,0.891,0.0
2013-07-01,0.901,0.011223
2013-07-02,0.909,0.008879
2013-07-03,0.91,0.0011
2013-07-04,0.909,-0.001099
2013-07-05,0.906,-0.0033
2013-07-08,0.894,-0.013245
2013-07-09,0.896,0.002237
2013-07-10,0.907,0.012277
2013-07-11,0.92,0.014333
2013-07-12,0.917,-0.003261
2013-07-15,0.929,0.013086
2013-07-16,0.93,0.001076
2013-07-17,0.92,-0.010753
2013-07-18,0.919,-0.001087
2013-07-19,0.907,-0.013058
2013-07-22,0.911,0.00441
2013-07-23,0.928,0.018661
2013-07-24,0.932,0.00431
2013-07-25,0.923,-0.009657
2013-07-26,0.923,0.0
2013-07-29,0.911,-0.013001
2013-07-30,0.909,-0.002195
2013-07-31,0.912,0.0033
2013-08-01,0.929,0.01864
2013-08-02,0.932,0.003229
2013-08-05,0.939,0.007511
2013-08-06,0.943,0.00426
2013-08-07,0.936,-0.007423
2013-08-08,0.937,0.001068
2013-08-09,0.937,0.0
2013-08-12,0.944,0.007471
2013-08-13,0.944,0.0
2013-08-14,0.943,-0.001059
2013-08-15,0.936,-0.007423
2013-08-16,0.926,-0.010684
2013-08-19,0.937,0.011879
2013-08-20,0.935,-0.002134
2013-08-21,0.933,-0.002139
2013-08-22,0.934,0.001072
2013-08-23,0.936,0.002141
2013-08-26,0.946,0.010684
2013-08-27,0.947,0.001057
2013-08-28,0.94,-0.007392
2013-08-29,0.937,-0.003191
2013-08-30,0.93,-0.007471
2013-09-02,0.935,0.005376
2013-09-03,0.943,0.008556
2013-09-04,0.942,-0.00106
2013-09-05,0.945,0.003185
2013-09-06,0.946,0.001058
2013-09-09,0.955,0.009514
2013-09-10,0.956,0.001047
2013-09-11,0.951,-0.00523
2013-09-12,0.951,0.0
2013-09-13,0.954,0.003155
2013-09-16,0.957,0.003145
2013-09-17,0.949,-0.008359
2013-09-18,0.952,0.003161
2013-09-23,0.964,0.012605
2013-09-24,0.965,0.001037
2013-09-25,0.961,-0.004145
2013-09-26,0.951,-0.010406
2013-09-27,0.953,0.002103
2013-09-30,0.961,0.008395
2013-10-08,0.967,0.006243
2013-10-09,0.972,0.005171
2013-10-10,0.967,-0.005144
2013-10-11,0.971,0.004137
2013-10-14,0.974,0.00309
2013-10-15,0.972,-0.002053
2013-10-16,0.96,-0.012346
2013-10-17,0.959,-0.001042
2013-10-18,0.962,0.003128
2013-10-21,0.979,0.017672
2013-10-22,0.972,-0.00715
2013-10-23,0.959,-0.013374
2013-10-24,0.955,-0.004171
2013-10-25,0.945,-0.010471
2013-10-28,0.946,0.001058
2013-10-29,0.943,-0.003171
2013-10-30,0.951,0.008484
2013-10-31,0.94,-0.011567
2013-11-01,0.94,0.0
2013-11-04,0.942,0.002128
2013-11-05,0.947,0.005308
2013-11-06,0.94,-0.007392
2013-11-07,0.934,-0.006383
2013-11-08,0.926,-0.008565
2013-11-11,0.93,0.00432
2013-11-12,0.935,0.005376
2013-11-13,0.923,-0.012834
2013-11-14,0.931,0.008667
2013-11-15,0.94,0.009667
2013-11-18,0.956,0.017021
2013-11-19,0.954,-0.002092
2013-11-20,0.956,0.002096
2013-11-21,0.95,-0.006276
2013-11-22,0.945,-0.005263
2013-11-25,0.944,-0.001058
2013-11-26,0.946,0.002119
2013-11-27,0.953,0.0074
2013-11-28,0.958,0.005247
2013-11-29,0.962,0.004175
2013-12-02,0.945,-0.017672
2013-12-03,0.953,0.008466
2013-12-04,0.96,0.007345
2013-12-05,0.953,-0.007292
2013-12-06,0.948,-0.005247
2013-12-09,0.949,0.001055
2013-12-10,0.95,0.001054
2013-12-11,0.942,-0.008421
2013-12-12,0.944,0.002123
2013-12-13,0.944,0.0
2013-12-16,0.938,-0.006356
2013-12-17,0.935,-0.003198
2013-12-18,0.935,0.0
2013-12-19,0.928,-0.007487
2013-12-20,0.916,-0.012931
2013-12-23,0.92,0.004367
2013-12-24,0.923,0.003261
2013-12-25,0.929,0.006501
2013-12-26,0.921,-0.008611
2013-12-27,0.929,0.008686
2013-12-30,0.93,0.001076
2013-12-31,0.934,0.004301
2014-01-02,0.935,0.001071
2014-01-03,0.931,-0.004278
2014-01-06,0.921,-0.010741
2014-01-07,0.922,0.001086
2014-01-08,0.925,0.003254
2014-01-09,0.922,-0.003243
2014-01-10,0.915,-0.007592
2014-01-13,0.913,-0.002186
2014-01-14,0.92,0.007667
2014-01-15,0.925,0.005435
2014-01-16,0.925,0.0
2014-01-17,0.917,-0.008649
2014-01-20,0.913,-0.004362
2014-01-21,0.917,0.004381
2014-01-22,0.929,0.013086
2014-01-23,0.933,0.004306
2014-01-24,0.936,0.003215
2014-01-27,0.932,-0.004274
2014-01-28,0.93,-0.002146
2014-01-29,0.93,0.0
2014-01-30,0.924,-0.006452
2014-02-07,0.93,0.006494
2014-02-10,0.944,0.015054
2014-02-11,0.945,0.001059
2014-02-12,0.947,0.002116
2014-02-13,0.938,-0.009504
2014-02-14,0.944,0.006397
2014-02-17,0.951,0.007415
2014-02-18,0.947,-0.004206
2014-02-19,0.946,-0.001056
2014-02-20,0.939,-0.0074
2014-02-21,0.935,-0.00426
2014-02-24,0.931,-0.004278
2014-02-25,0.912,-0.020408
2014-02-26,0.911,-0.001096
2014-02-27,0.902,-0.009879
2014-02-28,0.906,0.004435
2014-03-03,0.912,0.006623
2014-03-04,0.909,-0.003289
2014-03-05,0.904,-0.005501
2014-03-06,0.903,-0.001106
2014-03-07,0.903,0.0
2014-03-10,0.893,-0.011074
2014-03-11,0.894,0.00112
2014-03-12,0.895,0.001119
2014-03-13,0.899,0.004469
2014-03-14,0.898,-0.001112
2014-03-17,0.904,0.006682
2014-03-18,0.905,0.001106
2014-03-19,0.899,-0.00663
2014-03-20,0.888,-0.012236
2014-03-21,0.893,0.005631
2014-03-24,0.889,-0.004479
2014-03-25,0.892,0.003375
2014-03-26,0.897,0.005605
2014-03-27,0.889,-0.008919
2014-03-28,0.879,-0.011249
2014-03-31,0.881,0.002275
2014-04-01,0.887,0.00681
2014-04-02,0.886,-0.001127
2014-04-03,0.886,0.0
2014-04-04,0.891,0.005643
2014-04-08,0.899,0.008979
2014-04-09,0.902,0.003337
2014-04-10,0.903,0.001109
2014-04-11,0.903,0.0
2014-04-14,0.906,0.003322
2014-04-15,0.9,-0.006623
2014-04-16,0.901,0.001111
2014-04-17,0.9,-0.00111
2014-04-18,0.901,0.001111
2014-04-21,0.896,-0.005549
2014-04-22,0.891,-0.00558
2014-04-23,0.892,0.001122
2014-04-24,0.89,-0.002242
2014-04-25,0.882,-0.008989
2014-04-28,0.868,-0.015873
2014-04-29,0.875,0.008065
2014-04-30,0.878,0.003429
2014-05-05,0.883,0.005695
2014-05-06,0.886,0.003398
2014-05-07,0.883,-0.003386
2014-05-08,0.883,0.0
2014-05-09,0.879,-0.00453
2014-05-12,0.886,0.007964
2014-05-13,0.885,-0.001129
2014-05-14,0.885,0.0
2014-05-15,0.879,-0.00678
2014-05-16,0.878,-0.001138
2014-05-19,0.876,-0.002278
2014-05-20,0.875,-0.001142
2014-05-21,0.881,0.006857
2014-05-22,0.881,0.0
2014-05-23,0.886,0.005675
2014-05-26,0.894,0.009029
2014-05-27,0.893,-0.001119
2014-05-28,0.9,0.007839
2014-05-29,0.899,-0.001111
2014-05-30,0.9,0.001112
2014-06-03,0.896,-0.004444
2014-06-04,0.893,-0.003348
2014-06-05,0.897,0.004479
2014-06-06,0.893,-0.004459
2014-06-09,0.891,-0.00224
2014-06-10,0.896,0.005612
2014-06-11,0.898,0.002232
2014-06-12,0.899,0.001114
2014-06-13,0.903,0.004449
2014-06-16,0.904,0.001107
2014-06-17,0.898,-0.006637
2014-06-18,0.898,0.0
2014-06-19,0.888,-0.011136
2014-06-20,0.893,0.005631
2014-06-23,0.896,0.003359
2014-06-24,0.899,0.003348
2014-06-25,0.895,-0.004449
2014-06-26,0.901,0.006704
2014-06-27,0.907,0.006659
2014-06-30,0.911,0.00441
2014-07-01,0.914,0.003293
2014-07-02,0.918,0.004376
2014-07-03,0.922,0.004357
2014-07-04,0.922,0.0
2014-07-07,0.921,-0.001085
2014-07-08,0.927,0.006515
2014-07-09,0.919,-0.00863
2014-07-10,0.917,-0.002176
2014-07-11,0.92,0.003272
2014-07-14,0.928,0.008696
2014-07-15,0.929,0.001078
2014-07-16,0.925,-0.004306
2014-07-17,0.922,-0.003243
2014-07-18,0.922,0.0
2014-07-21,0.922,0.0
2014-07-22,0.929,0.007592
2014-07-23,0.927,-0.002153
2014-07-24,0.926,-0.001079
2014-07-25,0.932,0.006479
2014-07-28,0.945,0.013948
2014-07-29,0.947,0.002116
2014-07-30,0.946,-0.001056
2014-07-31,0.95,0.004228
2014-08-01,0.946,-0.004211
2014-08-04,0.954,0.008457
2014-08-05,0.955,0.001048
2014-08-06,0.954,-0.001047
2014-08-07,0.949,-0.005241
2014-08-08,0.95,0.001054
2014-08-11,0.955,0.005263
2014-08-12,0.958,0.003141
2014-08-13,0.957,-0.001044
2014-08-14,0.951,-0.00627
2014-08-15,0.959,0.008412
2014-08-18,0.965,0.006257
2014-08-19,0.968,0.003109
2014-08-20,0.973,0.005165
2014-08-21,0.974,0.001028
2014-08-22,0.976,0.002053
2014-08-25,0.97,-0.006148
2014-08-26,0.962,-0.008247
2014-08-27,0.964,0.002079
2014-08-28,0.957,-0.007261
2014-08-29,0.966,0.009404
2014-09-01,0.977,0.011387
2014-09-02,0.984,0.007165
2014-09-03,0.99,0.006098
2014-09-04,0.995,0.005051
2014-09-05,0.999,0.00402
2014-09-09,0.999,0.0
2014-09-10,0.997,-0.002002
2014-09-11,1.0,0.003009
2014-09-12,1.004,0.004
2014-09-15,1.006,0.001992
2014-09-16,0.99,-0.015905
2014-09-17,0.998,0.008081
2014-09-18,0.999,0.001002
2014-09-19,1.004,0.005005
2014-09-22,0.996,-0.007968
2014-09-23,1.0,0.004016
2014-09-24,1.009,0.009
2014-09-25,1.012,0.002973
2014-09-26,1.01,-0.001976
2014-09-29,1.011,0.00099
2014-09-30,1.016,0.004946
2014-10-08,1.023,0.00689
2014-10-09,1.022,-0.000978
2014-10-10,1.016,-0.005871
2014-10-13,1.011,-0.004921
2014-10-14,1.013,0.001978
2014-10-15,1.014,0.000987
2014-10-16,1.005,-0.008876
2014-10-17,1.003,-0.00199
2014-10-20,1.012,0.008973
2014-10-21,1.005,-0.006917
2014-10-22,1.0,-0.004975
2014-10-23,0.99,-0.01
2014-10-24,0.99,0.0
2014-10-27,0.994,0.00404
2014-10-28,1.007,0.013078
2014-10-29,1.014,0.006951
2014-10-30,1.013,-0.000986
2014-10-31,1.013,0.0
2014-11-03,1.019,0.005923
2014-11-04,1.019,0.0
2014-11-05,1.02,0.000981
2014-11-06,1.021,0.00098
2014-11-07,1.016,-0.004897
2014-11-10,1.024,0.007874
2014-11-11,1.012,-0.011719
2014-11-12,1.018,0.005929
2014-11-13,1.007,-0.010806
2014-11-14,1.006,-0.000993
2014-11-17,1.012,0.005964
2014-11-18,1.011,-0.000988
2014-11-19,1.015,0.003956
2014-11-20,1.011,-0.003941
2014-11-21,1.017,0.005935
2014-11-24,1.024,0.006883
2014-11-25,1.036,0.011719
2014-11-26,1.039,0.002896
2014-11-27,1.038,-0.000962
2014-11-28,1.036,-0.001927
2014-12-01,1.028,-0.007722
2014-12-02,1.039,0.0107
2014-12-03,1.047,0.0077
2014-12-04,1.067,0.019102
2014-12-05,1.051,-0.014995
2014-12-08,1.064,0.012369
2014-12-09,1.036,-0.026316
2014-12-10,1.065,0.027992
2014-12-11,1.075,0.00939
2014-12-12,1.085,0.009302
2014-12-15,1.095,0.009217
2014-12-16,1.09,-0.004566
2014-12-17,1.08,-0.009174
2014-12-18,1.082,0.001852
2014-12-19,1.078,-0.003697
2014-12-22,1.052,-0.024119
2014-12-23,1.034,-0.01711
2014-12-24,1.033,-0.000967
2014-12-25,1.049,0.015489
2014-12-26,1.063,0.013346
2014-12-29,1.056,-0.006585
2014-12-30,1.053,-0.002841
2014-12-31,1.059,0.005698
2015-01-05,1.082,0.021719
2015-01-06,1.086,0.003697
2015-01-07,1.083,-0.002762
2015-01-08,1.072,-0.010157
2015-01-09,1.067,-0.004664
2015-01-12,1.06,-0.00656
2015-01-13,1.067,0.006604
2015-01-14,1.058,-0.008435
2015-01-15,1.072,0.013233
2015-01-16,1.083,0.010261
2015-01-19,1.052,-0.028624
2015-01-20,1.078,0.024715
2015-01-21,1.11,0.029685
2015-01-22,1.118,0.007207
2015-01-23,1.115,-0.002683
2015-01-26,1.131,0.01435
2015-01-27,1.131,0.0
2015-01-28,1.119,-0.01061
2015-01-29,1.11,-0.008043
2015-01-30,1.106,-0.003604
2015-02-02,1.103,-0.002712
2015-02-03,1.119,0.014506
2015-02-04,1.113,-0.005362
2015-02-05,1.098,-0.013477
2015-02-06,1.085,-0.01184
2015-02-09,1.08,-0.004608
2015-02-10,1.09,0.009259
2015-02-11,1.102,0.011009
2015-02-12,1.11,0.00726
2015-02-13,1.121,0.00991
2015-02-16,1.133,0.010705
2015-02-17,1.147,0.012357
2015-02-25,1.144,-0.002616
2015-02-26,1.147,0.002622
2015-02-27,1.147,0.0
2015-03-02,1.162,0.013078
2015-03-03,1.145,-0.01463
2015-03-04,1.154,0.00786
2015-03-05,1.152,-0.001733
2015-03-06,1.136,-0.013889
2015-03-09,1.147,0.009683
2015-03-10,1.162,0.013078
2015-03-11,1.17,0.006885
2015-03-12,1.168,-0.001709
2015-03-13,1.181,0.01113
2015-03-16,1.211,0.025402
2015-03-17,1.22,0.007432
2015-03-18,1.232,0.009836
2015-03-19,1.228,-0.003247
2015-03-20,1.232,0.003257
2015-03-23,1.263,0.025162
2015-03-24,1.275,0.009501
2015-03-25,1.287,0.009412
2015-03-26,1.274,-0.010101
2015-03-27,1.3,0.020408
2015-03-30,1.316,0.012308
2015-03-31,1.308,-0.006079
2015-04-01,1.332,0.018349
2015-04-02,1.338,0.004505
2015-04-03,1.351,0.009716
2015-04-07,1.374,0.017024
2015-04-08,1.366,-0.005822
2015-04-09,1.367,0.000732
2015-04-10,1.39,0.016825
2015-04-13,1.403,0.009353
2015-04-14,1.395,-0.005702
2015-04-15,1.356,-0.027957
2015-04-16,1.378,0.016224
2015-04-17,1.395,0.012337
2015-04-20,1.366,-0.020789
2015-04-21,1.397,0.022694
2015-04-22,1.421,0.01718
2015-04-23,1.426,0.003519
2015-04-24,1.42,-0.004208
2015-04-27,1.43,0.007042
2015-04-28,1.403,-0.018881
2015-04-29,1.424,0.014968
2015-04-30,1.448,0.016854
2015-05-04,1.463,0.010359
2015-05-05,1.422,-0.028025
2015-05-06,1.418,-0.002813
2015-05-07,1.402,-0.011283
2015-05-08,1.44,0.027104
2015-05-11,1.488,0.033333
2015-05-12,1.512,0.016129
2015-05-13,1.517,0.003307
2015-05-14,1.512,-0.003296
2015-05-15,1.521,0.005952
2015-05-18,1.569,0.031558
2015-05-19,1.586,0.010835
2015-05-20,1.592,0.003783
2015-05-21,1.617,0.015704
2015-05-22,1.607,-0.006184
2015-05-25,1.614,0.004356
2015-05-26,1.668,0.033457
2015-05-27,1.676,0.004796
2015-05-28,1.621,-0.032816
2015-05-29,1.639,0.011104
2015-06-01,1.704,0.039658
2015-06-02,1.771,0.039319
2015-06-03,1.786,0.00847
2015-06-04,1.79,0.00224
2015-06-05,1.788,-0.001117
2015-06-08,1.763,-0.013982
2015-06-09,1.732,-0.017584
2015-06-10,1.775,0.024827
2015-06-11,1.785,0.005634
2015-06-12,1.783,-0.00112
2015-06-15,1.721,-0.034773
2015-06-16,1.667,-0.031377
2015-06-17,1.695,0.016797
2015-06-18,1.66,-0.020649
2015-06-19,1.609,-0.030723
2015-06-23,1.628,0.011809
2015-06-24,1.637,0.005528
2015-06-25,1.604,-0.020159
2015-06-26,1.52,-0.052369
2015-06-29,1.471,-0.032237
2015-06-30,1.514,0.029232
2015-07-01,1.479,-0.023118
2015-07-02,1.429,-0.033807
2015-07-03,1.374,-0.038488
2015-07-06,1.382,0.005822
2015-07-07,1.342,-0.028944
2015-07-08,1.289,-0.039493
2015-07-09,1.327,0.02948
2015-07-10,1.376,0.036925
2015-07-13,1.421,0.032703
2015-07-14,1.42,-0.000704
2015-07-15,1.375,-0.03169
2015-07-16,1.385,0.007273
2015-07-17,1.418,0.023827
2015-07-20,1.423,0.003526
2015-07-21,1.454,0.021785
2015-07-22,1.442,-0.008253
2015-07-23,1.457,0.010402
2015-07-24,1.437,-0.013727
2015-07-27,1.374,-0.043841
2015-07-28,1.38,0.004367
2015-07-29,1.404,0.017391
2015-07-30,1.375,-0.020655
2015-07-31,1.374,-0.000727
2015-08-03,1.376,0.001456
2015-08-04,1.405,0.021076
2015-08-05,1.386,-0.013523
2015-08-06,1.374,-0.008658
2015-08-07,1.394,0.014556
2015-08-10,1.436,0.030129
2015-08-11,1.43,-0.004178
2015-08-12,1.418,-0.008392
2015-08-13,1.432,0.009873
2015-08-14,1.426,-0.00419
2015-08-17,1.444,0.012623
2015-08-18,1.381,-0.043629
2015-08-19,1.399,0.013034
2015-08-20,1.367,-0.022873
2015-08-21,1.316,-0.037308
2015-08-24,1.247,-0.052432
2015-08-25,1.208,-0.031275
2015-08-26,1.222,0.011589
2015-08-27,1.243,0.017185
2015-08-28,1.266,0.018504
2015-08-31,1.248,-0.014218
2015-09-01,1.221,-0.021635
2015-09-02,1.214,-0.005733
2015-09-07,1.212,-0.001647
2015-09-08,1.237,0.020627
2015-09-09,1.248,0.008892
2015-09-10,1.246,-0.001603
2015-09-11,1.241,-0.004013
2015-09-14,1.217,-0.019339
2015-09-15,1.2,-0.013969
2015-09-16,1.233,0.0275
2015-09-17,1.217,-0.012976
2015-09-18,1.224,0.005752
2015-09-21,1.237,0.010621
2015-09-22,1.237,0.0
2015-09-23,1.228,-0.007276
2015-09-24,1.236,0.006515
2015-09-25,1.22,-0.012945
2015-09-28,1.228,0.006557
2015-09-29,1.223,-0.004072
2015-09-30,1.224,0.000818
2015-10-08,1.248,0.019608
2015-10-09,1.261,0.010417
2015-10-12,1.277,0.012688
2015-10-13,1.283,0.004699
2015-10-14,1.273,-0.007794
2015-10-15,1.29,0.013354
2015-10-16,1.297,0.005426
2015-10-19,1.297,0.0
2015-10-20,1.306,0.006939
2015-10-21,1.263,-0.032925
2015-10-22,1.284,0.016627
2015-10-23,1.298,0.010903
2015-10-26,1.308,0.007704
2015-10-27,1.312,0.003058
2015-10-28,1.302,-0.007622
2015-10-29,1.309,0.005376
2015-10-30,1.309,0.0
2015-11-02,1.296,-0.009931
2015-11-03,1.309,0.010031
2015-11-04,1.336,0.020626
2015-11-05,1.335,-0.000749
2015-11-06,1.353,0.013483
2015-11-09,1.362,0.006652
2015-11-10,1.364,0.001468
2015-11-11,1.376,0.008798
2015-11-12,1.382,0.00436
2015-11-13,1.358,-0.017366
2015-11-16,1.373,0.011046
2015-11-17,1.359,-0.010197
2015-11-18,1.348,-0.008094
2015-11-19,1.375,0.02003
2015-11-20,1.385,0.007273
2015-11-23,1.37,-0.01083
2015-11-24,1.383,0.009489
2015-11-25,1.404,0.015184
2015-11-26,1.403,-0.000712
2015-11-27,1.348,-0.039202
2015-11-30,1.352,0.002967
2015-12-01,1.347,-0.003698
2015-12-02,1.329,-0.013363
2015-12-03,1.356,0.020316
2015-12-04,1.355,-0.000737
2015-12-07,1.371,0.011808
2015-12-08,1.36,-0.008023
2015-12-09,1.359,-0.000735
2015-12-10,1.356,-0.002208
2015-12-11,1.344,-0.00885
2015-12-14,1.347,0.002232
2015-12-15,1.36,0.009651
2015-12-16,1.366,0.004412
2015-12-17,1.383,0.012445
2015-12-18,1.381,-0.001446
2015-12-21,1.386,0.003621
2015-12-22,1.397,0.007937
2015-12-23,1.379,-0.012885
2015-12-24,1.385,0.004351
2015-12-25,1.397,0.008664
2015-12-28,1.381,-0.011453
2015-12-29,1.392,0.007965
2015-12-30,1.402,0.007184
2015-12-31,1.387,-0.010699
2016-01-04,1.308,-0.056957
2016-01-05,1.295,-0.009939
2016-01-06,1.316,0.016216
2016-01-07,1.24,-0.057751
2016-01-08,1.244,0.003226
2016-01-11,1.19,-0.043408
2016-01-12,1.186,-0.003361
2016-01-13,1.154,-0.026981
2016-01-14,1.183,0.02513
2016-01-15,1.161,-0.018597
2016-01-18,1.181,0.017227
2016-01-19,1.216,0.029636
2016-01-20,1.216,0.0
2016-01-21,1.174,-0.034539
2016-01-22,1.184,0.008518
2016-01-25,1.196,0.010135
2016-01-26,1.14,-0.046823
2016-01-27,1.119,-0.018421
2016-01-28,1.086,-0.029491
2016-01-29,1.112,0.023941
2016-02-01,1.11,-0.001799
2016-02-02,1.137,0.024324
2016-02-03,1.143,0.005277
2016-02-04,1.16,0.014873
2016-02-05,1.154,-0.005172
2016-02-15,1.153,-0.000867
2016-02-16,1.182,0.025152
2016-02-17,1.191,0.007614
2016-02-18,1.185,-0.005038
2016-02-19,1.189,0.003376
2016-02-22,1.206,0.014298
2016-02-23,1.201,-0.004146
2016-02-24,1.197,-0.003331
2016-02-25,1.141,-0.046784
2016-02-26,1.144,0.002629
2016-02-29,1.111,-0.028846
2016-03-01,1.124,0.011701
2016-03-02,1.152,0.024911
2016-03-03,1.153,0.000868
2016-03-04,1.132,-0.018213
2016-03-07,1.142,0.008834
2016-03-08,1.145,0.002627
2016-03-09,1.136,-0.00786
2016-03-10,1.127,-0.007923
2016-03-11,1.126,-0.000887
2016-03-14,1.145,0.016874
2016-03-15,1.142,-0.00262
2016-03-16,1.135,-0.00613
2016-03-17,1.161,0.022907
2016-03-18,1.183,0.018949
2016-03-21,1.197,0.011834
2016-03-22,1.196,-0.000835
2016-03-23,1.202,0.005017
2016-03-24,1.199,-0.002496
2016-03-25,1.202,0.002502
2016-03-28,1.2,-0.001664
2016-03-29,1.184,-0.013333
2016-03-30,1.208,0.02027
2016-03-31,1.21,0.001656
2016-04-01,1.199,-0.009091
2016-04-05,1.214,0.01251
2016-04-06,1.223,0.007414
2016-04-07,1.213,-0.008177
2016-04-08,1.204,-0.00742
2016-04-11,1.221,0.01412
2016-04-12,1.216,-0.004095
2016-04-13,1.226,0.008224
2016-04-14,1.231,0.004078
2016-04-15,1.233,0.001625
2016-04-18,1.22,-0.010543
2016-04-19,1.223,0.002459
2016-04-20,1.195,-0.022895
2016-04-21,1.188,-0.005858
2016-04-22,1.194,0.005051
2016-04-25,1.192,-0.001675
2016-04-26,1.203,0.009228
2016-04-27,1.203,0.0
2016-04-28,1.201,-0.001663
2016-04-29,1.207,0.004996
2016-05-03,1.231,0.019884
2016-05-04,1.23,-0.000812
2016-05-05,1.231,0.000813
2016-05-06,1.207,-0.019496
2016-05-09,1.194,-0.010771
2016-05-10,1.198,0.00335
2016-05-11,1.202,0.003339
2016-05-12,1.198,-0.003328
2016-05-13,1.194,-0.003339
2016-05-16,1.205,0.009213
2016-05-17,1.198,-0.005809
2016-05-18,1.18,-0.015025
2016-05-19,1.177,-0.002542
2016-05-20,1.184,0.005947
2016-05-23,1.195,0.009291
2016-05-24,1.188,-0.005858
2016-05-25,1.183,-0.004209
2016-05-26,1.184,0.000845
2016-05-27,1.183,-0.000845
2016-05-30,1.183,0.0
2016-05-31,1.212,0.024514
2016-06-01,1.215,0.002475
2016-06-02,1.223,0.006584
2016-06-03,1.231,0.006541
2016-06-06,1.235,0.003249
2016-06-07,1.234,-0.00081
2016-06-08,1.233,-0.00081
2016-06-13,1.204,-0.02352
2016-06-14,1.217,0.010797
2016-06-15,1.238,0.017256
2016-06-16,1.233,-0.004039
2016-06-17,1.243,0.00811
2016-06-20,1.242,-0.000805
2016-06-21,1.232,-0.008052
2016-06-22,1.24,0.006494
2016-06-23,1.233,-0.005645
2016-06-24,1.229,-0.003244
2016-06-27,1.247,0.014646
2016-06-28,1.247,0.0
2016-06-29,1.245,-0.001604
2016-06-30,1.245,0.0
2016-07-01,1.249,0.003213
2016-07-04,1.258,0.007206
2016-07-05,1.263,0.003975
2016-07-06,1.273,0.007918
2016-07-07,1.269,-0.003142
2016-07-08,1.266,-0.002364
2016-07-11,1.271,0.003949
2016-07-12,1.284,0.010228
2016-07-13,1.282,-0.001558
2016-07-14,1.28,-0.00156
2016-07-15,1.279,-0.000781
2016-07-18,1.271,-0.006255
2016-07-19,1.268,-0.00236
2016-07-20,1.268,0.0
2016-07-21,1.274,0.004732
2016-07-22,1.266,-0.006279
2016-07-25,1.268,0.00158
2016-07-26,1.282,0.011041
2016-07-27,1.264,-0.014041
2016-07-28,1.269,0.003956
2016-07-29,1.265,-0.003152
2016-08-01,1.255,-0.007905
2016-08-02,1.257,0.001594
2016-08-03,1.26,0.002387
2016-08-04,1.262,0.001587
2016-08-05,1.257,-0.003962
2016-08-08,1.262,0.003978
2016-08-09,1.272,0.007924
2016-08-10,1.268,-0.003145
2016-08-11,1.26,-0.006309
2016-08-12,1.265,0.003968
2016-08-15,1.28,0.011858
2016-08-16,1.283,0.002344
2016-08-17,1.285,0.001559
2016-08-18,1.282,-0.002335
2016-08-19,1.282,0.0
2016-08-22,1.28,-0.00156
2016-08-23,1.281,0.000781
2016-08-24,1.284,0.002342
2016-08-25,1.28,-0.003115
2016-08-26,1.284,0.003125
2016-08-29,1.285,0.000779
2016-08-30,1.286,0.000778
2016-08-31,1.287,0.000778
2016-09-01,1.283,-0.003108
2016-09-02,1.277,-0.004677
2016-09-05,1.283,0.004699
2016-09-06,1.295,0.009353
2016-09-07,1.294,-0.000772
2016-09-08,1.294,0.0
2016-09-09,1.288,-0.004637
2016-09-12,1.269,-0.014752
2016-09-13,1.273,0.003152
2016-09-14,1.266,-0.005499
2016-09-19,1.274,0.006319
2016-09-20,1.274,0.0
2016-09-21,1.273,-0.000785
2016-09-22,1.281,0.006284
2016-09-23,1.278,-0.002342
2016-09-26,1.265,-0.010172
2016-09-27,1.268,0.002372
2016-09-28,1.267,-0.000789
2016-09-29,1.267,0.0
2016-09-30,1.273,0.004736
2016-10-10,1.286,0.010212
2016-10-11,1.289,0.002333
2016-10-12,1.288,-0.000776
2016-10-13,1.287,-0.000776
2016-10-14,1.283,-0.003108
2016-10-17,1.28,-0.002338
2016-10-18,1.293,0.010156
2016-10-19,1.29,-0.00232
2016-10-20,1.287,-0.002326
2016-10-21,1.284,-0.002331
2016-10-24,1.29,0.004673
2016-10-25,1.297,0.005426
2016-10-26,1.3,0.002313
2016-10-27,1.296,-0.003077
2016-10-28,1.293,-0.002315
2016-10-31,1.294,0.000773
2016-11-01,1.302,0.006182
2016-11-02,1.293,-0.006912
2016-11-03,1.297,0.003094
2016-11-04,1.296,-0.000771
2016-11-07,1.295,-0.000772
2016-11-08,1.3,0.003861
2016-11-09,1.294,-0.004615
2016-11-10,1.3,0.004637
2016-11-11,1.299,-0.000769
2016-11-14,1.298,-0.00077
2016-11-15,1.301,0.002311
2016-11-16,1.299,-0.001537
2016-11-17,1.295,-0.003079
2016-11-18,1.29,-0.003861
2016-11-21,1.29,0.0
2016-11-22,1.296,0.004651
2016-11-23,1.298,0.001543
2016-11-24,1.303,0.003852
2016-11-25,1.306,0.002302
2016-11-28,1.308,0.001531
2016-11-29,1.31,0.001529
2016-11-30,1.303,-0.005344
2016-12-01,1.31,0.005372
2016-12-02,1.299,-0.008397
2016-12-05,1.289,-0.007698
2016-12-06,1.292,0.002327
2016-12-07,1.295,0.002322
2016-12-08,1.298,0.002317
2016-12-09,1.299,0.00077
2016-12-12,1.273,-0.020015
2016-12-13,1.281,0.006284
2016-12-14,1.277,-0.003123
2016-12-15,1.273,-0.003132
2016-12-16,1.276,0.002357
2016-12-19,1.277,0.000784
2016-12-20,1.275,-0.001566
2016-12-21,1.278,0.002353
2016-12-22,1.278,0.0
2016-12-23,1.274,-0.00313
2016-12-26,1.278,0.00314
2016-12-27,1.28,0.001565
2016-12-28,1.275,-0.003906
2016-12-29,1.274,-0.000784
2016-12-30,1.276,0.00157
2016-12-31,1.276,0.0
2017-01-03,1.281,0.003918
2017-01-04,1.292,0.008587
2017-01-05,1.289,-0.002322
2017-01-06,1.284,-0.003879
2017-01-09,1.283,-0.000779
2017-01-10,1.282,-0.000779
2017-01-11,1.271,-0.00858
2017-01-12,1.262,-0.007081
2017-01-13,1.256,-0.004754
2017-01-16,1.246,-0.007962
2017-01-17,1.254,0.006421
2017-01-18,1.259,0.003987
2017-01-19,1.257,-0.001589
2017-01-20,1.267,0.007955
2017-01-23,1.27,0.002368
2017-01-24,1.269,-0.000787
2017-01-25,1.27,0.000788
2017-01-26,1.275,0.003937
2017-02-03,1.272,-0.002353
2017-02-06,1.277,0.003931
2017-02-07,1.276,-0.000783
2017-02-08,1.28,0.003135
2017-02-09,1.288,0.00625
2017-02-10,1.29,0.001553
2017-02-13,1.299,0.006977
2017-02-14,1.3,0.00077
2017-02-15,1.294,-0.004615
2017-02-16,1.298,0.003091
2017-02-17,1.294,-0.003082
2017-02-20,1.31,0.012365
2017-02-21,1.311,0.000763
2017-02-22,1.318,0.005339
2017-02-23,1.314,-0.003035
2017-02-24,1.316,0.001522
2017-02-27,1.309,-0.005319
2017-02-28,1.314,0.00382
2017-03-01,1.317,0.002283
2017-03-02,1.319,0.001519
2017-03-03,1.321,0.001516
2017-03-06,1.326,0.003785
2017-03-07,1.335,0.006787
2017-03-08,1.332,-0.002247
2017-03-09,1.328,-0.003003
2017-03-10,1.334,0.004518
2017-03-13,1.343,0.006747
2017-03-14,1.344,0.000745
2017-03-15,1.347,0.002232
2017-03-16,1.35,0.002227
2017-03-17,1.345,-0.003704
2017-03-20,1.346,0.000743
2017-03-21,1.367,0.015602
2017-03-22,1.372,0.003658
2017-03-23,1.373,0.000729
2017-03-24,1.375,0.001457
2017-03-27,1.366,-0.006545
2017-03-28,1.363,-0.002196
2017-03-29,1.362,-0.000734
2017-03-30,1.357,-0.003671
2017-03-31,1.363,0.004422
2017-04-05,1.369,0.004402
2017-04-06,1.372,0.002191
2017-04-07,1.375,0.002187
2017-04-10,1.366,-0.006545
2017-04-11,1.363,-0.002196
2017-04-12,1.361,-0.001467
2017-04-13,1.366,0.003674
2017-04-14,1.358,-0.005857
2017-04-17,1.357,-0.000736
2017-04-18,1.37,0.00958
2017-04-19,1.375,0.00365
2017-04-20,1.388,0.009455
2017-04-21,1.377,-0.007925
2017-04-24,1.365,-0.008715
2017-04-25,1.383,0.013187
2017-04-26,1.379,-0.002892
2017-04-27,1.385,0.004351
2017-04-28,1.378,-0.005054
2017-05-02,1.378,0.0
2017-05-03,1.376,-0.001451
2017-05-04,1.373,-0.00218
2017-05-05,1.366,-0.005098
2017-05-08,1.349,-0.012445
2017-05-09,1.354,0.003706
2017-05-10,1.348,-0.004431
2017-05-11,1.36,0.008902
2017-05-12,1.361,0.000735
2017-05-15,1.365,0.002939
2017-05-16,1.382,0.012454
2017-05-17,1.375,-0.005065
2017-05-18,1.372,-0.002182
2017-05-19,1.374,0.001458
2017-05-22,1.373,-0.000728
2017-05-23,1.378,0.003642
2017-05-24,1.374,-0.002903
2017-05-25,1.369,-0.003639
2017-05-26,1.37,0.00073
2017-05-31,1.368,-0.00146
2017-06-01,1.369,0.000731
2017-06-02,1.367,-0.001461
2017-06-05,1.369,0.001463
2017-06-06,1.379,0.007305
2017-06-07,1.395,0.011603
2017-06-08,1.404,0.006452
2017-06-09,1.409,0.003561
2017-06-12,1.414,0.003549
2017-06-13,1.415,0.000707
2017-06-14,1.408,-0.004947
2017-06-15,1.405,-0.002131
2017-06-16,1.403,-0.001423
2017-06-19,1.412,0.006415
2017-06-20,1.41,-0.001416
2017-06-21,1.421,0.007801
2017-06-22,1.415,-0.004222
2017-06-23,1.423,0.005654
2017-06-26,1.44,0.011947
2017-06-27,1.444,0.002778
2017-06-28,1.431,-0.009003
2017-06-29,1.432,0.000699
2017-06-30,1.436,0.002793
2017-07-03,1.424,-0.008357
2017-07-04,1.413,-0.007725
2017-07-05,1.422,0.006369
2017-07-06,1.42,-0.001406
2017-07-07,1.414,-0.004225
2017-07-10,1.411,-0.002122
2017-07-11,1.419,0.00567
2017-07-12,1.411,-0.005638
2017-07-13,1.41,-0.000709
2017-07-14,1.409,-0.000709
2017-07-17,1.394,-0.010646
2017-07-18,1.398,0.002869
2017-07-19,1.409,0.007868
2017-07-20,1.419,0.007097
2017-07-21,1.419,0.0
2017-07-24,1.425,0.004228
2017-07-25,1.422,-0.002105
2017-07-26,1.412,-0.007032
2017-07-27,1.416,0.002833
2017-07-28,1.432,0.011299
2017-07-31,1.438,0.00419
2017-08-01,1.44,0.001391
2017-08-02,1.432,-0.005556
2017-08-03,1.424,-0.005587
2017-08-04,1.416,-0.005618
2017-08-07,1.433,0.012006
2017-08-08,1.434,0.000698
2017-08-09,1.446,0.008368
2017-08-10,1.446,0.0
2017-08-11,1.436,-0.006916
2017-08-14,1.452,0.011142
2017-08-15,1.452,0.0
2017-08-16,1.447,-0.003444
2017-08-17,1.443,-0.002764
2017-08-18,1.44,-0.002079
2017-08-21,1.443,0.002083
2017-08-22,1.436,-0.004851
2017-08-23,1.439,0.002089
2017-08-24,1.435,-0.00278
2017-08-25,1.442,0.004878
2017-08-28,1.452,0.006935
2017-08-29,1.451,-0.000689
2017-08-30,1.456,0.003446
2017-08-31,1.452,-0.002747
2017-09-01,1.453,0.000689
2017-09-04,1.454,0.000688
2017-09-05,1.456,0.001376
2017-09-06,1.454,-0.001374
2017-09-07,1.448,-0.004127
2017-09-08,1.44,-0.005525
2017-09-11,1.447,0.004861
2017-09-12,1.454,0.004838
2017-09-13,1.466,0.008253
2017-09-14,1.465,-0.000682
2017-09-15,1.468,0.002048
2017-09-18,1.484,0.010899
2017-09-19,1.483,-0.000674
2017-09-20,1.486,0.002023
2017-09-21,1.479,-0.004711
2017-09-22,1.482,0.002028
2017-09-25,1.49,0.005398
2017-09-26,1.489,-0.000671
2017-09-27,1.491,0.001343
2017-09-28,1.504,0.008719
2017-09-29,1.504,0.0
2017-10-09,1.512,0.005319
2017-10-10,1.515,0.001984
2017-10-11,1.531,0.010561
2017-10-12,1.532,0.000653
2017-10-13,1.532,0.0
2017-10-16,1.526,-0.003916
2017-10-17,1.537,0.007208
2017-10-18,1.549,0.007807
2017-10-19,1.554,0.003228
2017-10-20,1.546,-0.005148
2017-10-23,1.555,0.005821
2017-10-24,1.559,0.002572
2017-10-25,1.564,0.003207
2017-10-26,1.574,0.006394
2017-10-27,1.593,0.012071
2017-10-30,1.594,0.000628
2017-10-31,1.594,0.0
2017-11-01,1.594,0.0
2017-11-02,1.595,0.000627
2017-11-03,1.597,0.001254
2017-11-06,1.626,0.018159
2017-11-07,1.627,0.000615
2017-11-08,1.625,-0.001229
2017-11-09,1.635,0.006154
2017-11-10,1.667,0.019572
2017-11-13,1.671,0.0024
2017-11-14,1.652,-0.01137
2017-11-15,1.657,0.003027
2017-11-16,1.68,0.013881
2017-11-17,1.65,-0.017857
2017-11-20,1.655,0.00303
2017-11-21,1.668,0.007855
2017-11-22,1.644,-0.014388
2017-11-23,1.594,-0.030414
2017-11-24,1.585,-0.005646
2017-11-27,1.574,-0.00694
2017-11-28,1.589,0.00953
2017-11-29,1.582,-0.004405
2017-11-30,1.561,-0.013274
2017-12-01,1.564,0.001922
2017-12-04,1.585,0.013427
2017-12-05,1.578,-0.004416
2017-12-06,1.574,-0.002535
2017-12-07,1.561,-0.008259
2017-12-08,1.583,0.014094
2017-12-11,1.615,0.020215
2017-12-12,1.608,-0.004334
2017-12-13,1.628,0.012438
2017-12-14,1.632,0.002457
2017-12-15,1.62,-0.007353
2017-12-18,1.632,0.007407
2017-12-19,1.642,0.006127
2017-12-20,1.653,0.006699
2017-12-21,1.658,0.003025
2017-12-22,1.657,-0.000603
2017-12-25,1.654,-0.001811
2017-12-26,1.648,-0.003628
2017-12-27,1.626,-0.01335
2017-12-28,1.645,0.011685
2017-12-29,1.644,-0.000608
2017-12-31,1.644,0.0
2018-01-02,1.643,-0.000608
2018-01-03,1.652,0.005478
2018-01-04,1.673,0.012712
2018-01-05,1.671,-0.001195
2018-01-08,1.667,-0.002394
2018-01-09,1.685,0.010798
2018-01-10,1.693,0.004748
2018-01-11,1.682,-0.006497
2018-01-12,1.695,0.007729
2018-01-15,1.702,0.00413
2018-01-16,1.716,0.008226
2018-01-17,1.691,-0.014569
2018-01-18,1.696,0.002957
2018-01-19,1.687,-0.005307
2018-01-22,1.715,0.016598
2018-01-23,1.728,0.00758
2018-01-24,1.723,-0.002894
2018-01-25,1.711,-0.006965
2018-01-26,1.717,0.003507
2018-01-29,1.687,-0.017472
2018-01-30,1.676,-0.00652
2018-01-31,1.693,0.010143
2018-02-01,1.674,-0.011223
2018-02-02,1.675,0.000597
2018-02-05,1.647,-0.016716
2018-02-06,1.626,-0.01275
2018-02-07,1.592,-0.02091
2018-02-08,1.599,0.004397
2018-02-09,1.579,-0.012508
2018-02-12,1.606,0.017099
2018-02-13,1.613,0.004359
2018-02-14,1.626,0.00806
2018-02-22,1.649,0.014145
2018-02-23,1.644,-0.003032
2018-02-26,1.644,0.0
2018-02-27,1.631,-0.007908
2018-02-28,1.617,-0.008584
2018-03-01,1.627,0.006184
2018-03-02,1.62,-0.004302
2018-03-05,1.614,-0.003704
2018-03-06,1.624,0.006196
2018-03-07,1.622,-0.001232
2018-03-08,1.635,0.008015
2018-03-09,1.641,0.00367
2018-03-12,1.639,-0.001219
2018-03-13,1.627,-0.007322
2018-03-14,1.632,0.003073
2018-03-15,1.644,0.007353
2018-03-16,1.639,-0.003041
2018-03-19,1.64,0.00061
2018-03-20,1.635,-0.003049
2018-03-21,1.632,-0.001835
2018-03-22,1.615,-0.010417
2018-03-23,1.593,-0.013622
2018-03-26,1.592,-0.000628
2018-03-27,1.594,0.001256
2018-03-28,1.569,-0.015684
2018-03-29,1.59,0.013384
2018-03-30,1.591,0.000629
2018-04-02,1.588,-0.001886
2018-04-03,1.586,-0.001259
2018-04-04,1.596,0.006305
2018-04-09,1.594,-0.001253
2018-04-10,1.611,0.010665
2018-04-11,1.616,0.003104
2018-04-12,1.609,-0.004332
2018-04-13,1.599,-0.006215
2018-04-16,1.588,-0.006879
2018-04-17,1.571,-0.010705
2018-04-18,1.571,0.0
2018-04-19,1.589,0.011458
2018-04-20,1.582,-0.004405
2018-04-23,1.579,-0.001896
2018-04-24,1.604,0.015833
2018-04-25,1.602,-0.001247
2018-04-26,1.579,-0.014357
2018-04-27,1.577,-0.001267
2018-05-02,1.582,0.003171
2018-05-03,1.591,0.005689
2018-05-04,1.593,0.001257
2018-05-07,1.626,0.020716
2018-05-08,1.637,0.006765
2018-05-09,1.637,0.0
2018-05-10,1.644,0.004276
2018-05-11,1.638,-0.00365
2018-05-14,1.653,0.009158
2018-05-15,1.66,0.004235
2018-05-16,1.659,-0.000602
2018-05-17,1.641,-0.01085
2018-05-18,1.648,0.004266
2018-05-21,1.65,0.001214
2018-05-22,1.656,0.003636
2018-05-23,1.643,-0.00785
2018-05-24,1.631,-0.007304
2018-05-25,1.632,0.000613
2018-05-28,1.654,0.01348
2018-05-29,1.639,-0.009069
2018-05-30,1.637,-0.00122
2018-05-31,1.66,0.01405
2018-06-01,1.639,-0.012651
2018-06-04,1.654,0.009152
2018-06-05,1.661,0.004232
2018-06-06,1.659,-0.001204
2018-06-07,1.654,-0.003014
2018-06-08,1.644,-0.006046
2018-06-11,1.641,-0.001825
2018-06-12,1.664,0.014016
2018-06-13,1.657,-0.004207
2018-06-14,1.648,-0.005432
2018-06-15,1.641,-0.004248
2018-06-19,1.606,-0.021328
2018-06-20,1.627,0.013076
2018-06-21,1.619,-0.004917
2018-06-22,1.625,0.003706
2018-06-25,1.624,-0.000615
2018-06-26,1.623,-0.000616
2018-06-27,1.595,-0.017252
2018-06-28,1.577,-0.011285
2018-06-29,1.601,0.015219
2018-06-30,1.601,0.0
2018-07-02,1.585,-0.009994
2018-07-03,1.568,-0.010726
2018-07-04,1.56,-0.005102
2018-07-05,1.554,-0.003846
2018-07-06,1.559,0.003218
2018-07-09,1.583,0.015394
2018-07-10,1.583,0.0
2018-07-11,1.575,-0.005054
2018-07-12,1.593,0.011429
2018-07-13,1.608,0.009416
2018-07-16,1.607,-0.000622
2018-07-17,1.598,-0.0056
2018-07-18,1.593,-0.003129
2018-07-19,1.586,-0.004394
2018-07-20,1.585,-0.000631
2018-07-23,1.576,-0.005678
2018-07-24,1.591,0.009518
2018-07-25,1.589,-0.001257
2018-07-26,1.581,-0.005035
2018-07-27,1.58,-0.000633
2018-07-30,1.566,-0.008861
2018-07-31,1.567,0.000639
2018-08-01,1.556,-0.00702
2018-08-02,1.535,-0.013496
2018-08-03,1.517,-0.011726
2018-08-06,1.5,-0.011206
2018-08-07,1.517,0.011333
2018-08-08,1.5,-0.011206
2018-08-09,1.519,0.012667
2018-08-10,1.521,0.001317
2018-08-13,1.517,-0.00263
2018-08-14,1.517,0.0
2018-08-15,1.498,-0.012525
2018-08-16,1.485,-0.008678
2018-08-17,1.477,-0.005387
2018-08-20,1.477,0.0
2018-08-21,1.495,0.012187
2018-08-22,1.492,-0.002007
2018-08-23,1.493,0.00067
2018-08-24,1.491,-0.00134
2018-08-27,1.513,0.014755
2018-08-28,1.508,-0.003305
2018-08-29,1.505,-0.001989
2018-08-30,1.5,-0.003322
2018-08-31,1.486,-0.009333
2018-09-03,1.483,-0.002019
2018-09-04,1.487,0.002697
2018-09-05,1.472,-0.010087
2018-09-06,1.46,-0.008152
2018-09-07,1.467,0.004795
2018-09-10,1.456,-0.007498
2018-09-11,1.455,-0.000687
2018-09-12,1.445,-0.006873
2018-09-13,1.447,0.001384
2018-09-14,1.452,0.003455
2018-09-17,1.443,-0.006198
2018-09-18,1.458,0.010395
2018-09-19,1.476,0.012346
2018-09-20,1.473,-0.002033
2018-09-21,1.493,0.013578
2018-09-25,1.487,-0.004019
2018-09-26,1.504,0.011432
2018-09-27,1.502,-0.00133
2018-09-28,1.506,0.002663
2018-10-08,1.469,-0.024568
2018-10-09,1.47,0.000681
2018-10-10,1.456,-0.009524
2018-10-11,1.429,-0.018544
2018-10-12,1.44,0.007698
2018-10-15,1.427,-0.009028
2018-10-16,1.421,-0.004205
2018-10-17,1.42,-0.000704
2018-10-18,1.406,-0.009859
2018-10-19,1.422,0.01138
2018-10-22,1.449,0.018987
2018-10-23,1.418,-0.021394
2018-10-24,1.407,-0.007757
2018-10-25,1.396,-0.007818
2018-10-26,1.387,-0.006447
2018-10-29,1.353,-0.024513
2018-10-30,1.355,0.001478
2018-10-31,1.37,0.01107
2018-11-01,1.38,0.007299
2018-11-02,1.408,0.02029
2018-11-05,1.399,-0.006392
2018-11-06,1.395,-0.002859
2018-11-07,1.394,-0.000717
2018-11-08,1.392,-0.001435
2018-11-09,1.389,-0.002155
2018-11-12,1.394,0.0036
2018-11-13,1.404,0.007174
2018-11-14,1.397,-0.004986
2018-11-15,1.401,0.002863
2018-11-16,1.402,0.000714
2018-11-19,1.406,0.002853
2018-11-20,1.396,-0.007112
2018-11-21,1.399,0.002149
2018-11-22,1.397,-0.00143
2018-11-23,1.389,-0.005727
2018-11-26,1.385,-0.00288
2018-11-27,1.385,0.0
2018-11-28,1.389,0.002888
2018-11-29,1.387,-0.00144
2018-11-30,1.395,0.005768
2018-12-03,1.413,0.012903
2018-12-04,1.415,0.001415
2018-12-05,1.416,0.000707
2018-12-06,1.403,-0.009181
2018-12-07,1.402,-0.000713
2018-12-10,1.396,-0.00428
2018-12-11,1.399,0.002149
2018-12-12,1.4,0.000715
2018-12-13,1.411,0.007857
2018-12-14,1.402,-0.006378
2018-12-17,1.398,-0.002853
2018-12-18,1.395,-0.002146
2018-12-19,1.386,-0.006452
2018-12-20,1.384,-0.001443
2018-12-21,1.376,-0.00578
2018-12-24,1.38,0.002907
2018-12-25,1.379,-0.000725
2018-12-26,1.374,-0.003626
2018-12-27,1.372,-0.001456
2018-12-28,1.376,0.002915
2018-12-31,1.376,0.0
2019-01-02,1.37,-0.00436
2019-01-03,1.362,-0.005839
2019-01-04,1.373,0.008076
2019-01-07,1.379,0.00437
2019-01-08,1.377,-0.00145
2019-01-09,1.387,0.007262
2019-01-10,1.386,-0.000721
2019-01-11,1.39,0.002886
2019-01-14,1.386,-0.002878
2019-01-15,1.404,0.012987
2019-01-16,1.407,0.002137
2019-01-17,1.405,-0.001421
2019-01-18,1.415,0.007117
2019-01-21,1.422,0.004947
2019-01-22,1.414,-0.005626
2019-01-23,1.416,0.001414
2019-01-24,1.415,-0.000706
2019-01-25,1.421,0.00424
2019-01-28,1.427,0.004222
2019-01-29,1.433,0.004205
2019-01-30,1.427,-0.004187
2019-01-31,1.433,0.004205
2019-02-01,1.441,0.005583
2019-02-11,1.461,0.013879
2019-02-12,1.464,0.002053
2019-02-13,1.472,0.005464
2019-02-14,1.479,0.004755
2019-02-15,1.464,-0.010142
2019-02-18,1.484,0.013661
2019-02-19,1.48,-0.002695
2019-02-20,1.48,0.0
2019-02-21,1.474,-0.004054
2019-02-22,1.48,0.004071
2019-02-25,1.509,0.019595
2019-02-26,1.495,-0.009278
2019-02-27,1.499,0.002676
2019-02-28,1.505,0.004003
2019-03-01,1.525,0.013289
2019-03-04,1.538,0.008525
2019-03-05,1.545,0.004551
2019-03-06,1.542,-0.001942
2019-03-07,1.522,-0.01297
2019-03-08,1.502,-0.013141
2019-03-11,1.527,0.016644
2019-03-12,1.524,-0.001965
2019-03-13,1.523,-0.000656
2019-03-14,1.526,0.00197
2019-03-15,1.548,0.014417
2019-03-18,1.584,0.023256
2019-03-19,1.581,-0.001894
2019-03-20,1.578,-0.001898
2019-03-21,1.576,-0.001267
2019-03-22,1.58,0.002538
2019-03-25,1.568,-0.007595
2019-03-26,1.567,-0.000638
2019-03-27,1.588,0.013401
2019-03-28,1.59,0.001259
2019-03-29,1.622,0.020126
2019-04-01,1.641,0.011714
2019-04-02,1.631,-0.006094
2019-04-03,1.631,0.0
2019-04-04,1.648,0.010423
2019-04-08,1.646,-0.001214
2019-04-09,1.662,0.009721
2019-04-10,1.67,0.004813
2019-04-11,1.636,-0.020359
2019-04-12,1.629,-0.004279
2019-04-15,1.625,-0.002455
2019-04-16,1.644,0.011692
2019-04-17,1.646,0.001217
2019-04-18,1.647,0.000608
2019-04-19,1.658,0.006679
2019-04-22,1.643,-0.009047
2019-04-23,1.649,0.003652
2019-04-24,1.647,-0.001213
2019-04-25,1.631,-0.009715
2019-04-26,1.634,0.001839
2019-04-29,1.647,0.007956
2019-04-30,1.65,0.001821
2019-05-06,1.596,-0.032727
2019-05-07,1.612,0.010025
2019-05-08,1.602,-0.006203
2019-05-09,1.575,-0.016854
2019-05-10,1.616,0.026032
2019-05-13,1.611,-0.003094
2019-05-14,1.606,-0.003104
2019-05-15,1.642,0.022416
2019-05-16,1.651,0.005481
2019-05-17,1.627,-0.014537
2019-05-20,1.611,-0.009834
2019-05-21,1.622,0.006828
2019-05-22,1.617,-0.003083
2019-05-23,1.597,-0.012369
2019-05-24,1.6,0.001879
2019-05-27,1.606,0.00375
2019-05-28,1.614,0.004981
2019-05-29,1.617,0.001859
2019-05-30,1.611,-0.003711
2019-05-31,1.611,0.0
2019-06-03,1.612,0.000621
2019-06-04,1.596,-0.009926
2019-06-05,1.599,0.00188
2019-06-06,1.59,-0.005629
2019-06-10,1.605,0.009434
2019-06-11,1.639,0.021184
2019-06-12,1.63,-0.005491
2019-06-13,1.627,-0.00184
2019-06-14,1.622,-0.003073
2019-06-17,1.616,-0.003699
2019-06-18,1.616,0.0
2019-06-19,1.63,0.008663
2019-06-20,1.662,0.019632
2019-06-21,1.668,0.00361
2019-06-24,1.671,0.001799
2019-06-25,1.669,-0.001197
2019-06-26,1.668,-0.000599
2019-06-27,1.691,0.013789
2019-06-28,1.696,0.002957
2019-06-30,1.696,0.0
2019-07-01,1.737,0.024175
2019-07-02,1.741,0.002303
2019-07-03,1.722,-0.010913
2019-07-04,1.713,-0.005226
2019-07-05,1.729,0.00934
2019-07-08,1.71,-0.010989
2019-07-09,1.707,-0.001754
2019-07-10,1.711,0.002343
2019-07-11,1.707,-0.002338
2019-07-12,1.715,0.004687
2019-07-15,1.71,-0.002915
2019-07-16,1.698,-0.007018
2019-07-17,1.697,-0.000589
2019-07-18,1.682,-0.008839
2019-07-19,1.694,0.007134
2019-07-22,1.733,0.023022
2019-07-23,1.73,-0.001731
2019-07-24,1.733,0.001734
2019-07-25,1.742,0.005193
2019-07-26,1.744,0.001148
2019-07-29,1.749,0.002867
2019-07-30,1.749,0.0
2019-07-31,1.74,-0.005146
2019-08-01,1.726,-0.008046
2019-08-02,1.72,-0.003476
2019-08-05,1.705,-0.008721
2019-08-06,1.707,0.001173
2019-08-07,1.702,-0.002929
2019-08-08,1.719,0.009988
2019-08-09,1.709,-0.005817
2019-08-12,1.731,0.012873
2019-08-13,1.728,-0.001733
2019-08-14,1.742,0.008102
2019-08-15,1.749,0.004018
2019-08-16,1.755,0.003431
2019-08-19,1.773,0.010256
2019-08-20,1.774,0.000564
2019-08-21,1.77,-0.002255
2019-08-22,1.777,0.003955
2019-08-23,1.785,0.004502
2019-08-26,1.773,-0.006723
2019-08-27,1.793,0.01128
2019-08-28,1.789,-0.002231
2019-08-29,1.793,0.002236
2019-08-30,1.804,0.006135
2019-09-02,1.809,0.002772
2019-09-03,1.806,-0.001658
2019-09-04,1.802,-0.002215
2019-09-05,1.806,0.00222
2019-09-06,1.806,0.0
2019-09-09,1.812,0.003322
2019-09-10,1.811,-0.000552
2019-09-11,1.787,-0.013252
2019-09-12,1.801,0.007834
2019-09-16,1.796,-0.002776
2019-09-17,1.79,-0.003341
2019-09-18,1.807,0.009497
2019-09-19,1.81,0.00166
2019-09-20,1.812,0.001105
2019-09-23,1.802,-0.005519
2019-09-24,1.811,0.004994
2019-09-25,1.807,-0.002209
2019-09-26,1.798,-0.004981
2019-09-27,1.796,-0.001112
2019-09-30,1.788,-0.004454
2019-10-08,1.797,0.005034
2019-10-09,1.795,-0.001113
2019-10-10,1.8,0.002786
2019-10-11,1.804,0.002222
2019-10-14,1.807,0.001663
2019-10-15,1.815,0.004427
2019-10-16,1.811,-0.002204
2019-10-17,1.811,0.0
2019-10-18,1.8,-0.006074
2019-10-21,1.802,0.001111
2019-10-22,1.808,0.00333
2019-10-23,1.798,-0.005531
2019-10-24,1.787,-0.006118
2019-10-25,1.796,0.005036
2019-10-28,1.807,0.006125
2019-10-29,1.811,0.002214
2019-10-30,1.809,-0.001104
2019-10-31,1.807,-0.001106
2019-11-01,1.822,0.008301
2019-11-04,1.825,0.001647
2019-11-05,1.828,0.001644
2019-11-06,1.82,-0.004376
2019-11-07,1.821,0.000549
2019-11-08,1.822,0.000549
2019-11-11,1.809,-0.007135
2019-11-12,1.812,0.001658
2019-11-13,1.818,0.003311
2019-11-14,1.82,0.0011
2019-11-15,1.813,-0.003846
2019-11-18,1.817,0.002206
2019-11-19,1.826,0.004953
2019-11-20,1.827,0.000548
2019-11-21,1.823,-0.002189
2019-11-22,1.805,-0.009874
2019-11-25,1.807,0.001108
2019-11-26,1.813,0.00332
2019-11-27,1.811,-0.001103
2019-11-28,1.805,-0.003313
2019-11-29,1.79,-0.00831
2019-12-02,1.793,0.001676
2019-12-03,1.79,-0.001673
2019-12-04,1.797,0.003911
2019-12-05,1.802,0.002782
2019-12-06,1.812,0.005549
2019-12-09,1.811,-0.000552
2019-12-10,1.815,0.002209
2019-12-11,1.81,-0.002755
2019-12-12,1.806,-0.00221
2019-12-13,1.821,0.008306
2019-12-16,1.824,0.001647
2019-12-17,1.833,0.004934
2019-12-18,1.834,0.000546
2019-12-19,1.827,-0.003817
2019-12-20,1.827,0.0
2019-12-23,1.822,-0.002737
2019-12-24,1.828,0.003293
2019-12-25,1.826,-0.001094
2019-12-26,1.834,0.004381
2019-12-27,1.841,0.003817
2019-12-30,1.864,0.012493
2019-12-31,1.866,0.001073
2020-01-02,1.861,-0.00268
2020-01-03,1.855,-0.003224
2020-01-06,1.854,-0.000539
2020-01-07,1.864,0.005394
2020-01-08,1.864,0.0
2020-01-09,1.884,0.01073
2020-01-10,1.889,0.002654
2020-01-13,1.903,0.007411
2020-01-14,1.894,-0.004729
2020-01-15,1.896,0.001056
2020-01-16,1.9,0.00211
2020-01-17,1.9,0.0
2020-01-20,1.908,0.004211
2020-01-21,1.89,-0.009434
2020-01-22,1.896,0.003175
2020-01-23,1.861,-0.01846
2020-02-03,1.787,-0.039764
2020-02-04,1.817,0.016788
2020-02-05,1.833,0.008806
2020-02-06,1.857,0.013093
2020-02-07,1.858,0.000539
2020-02-10,1.862,0.002153
2020-02-11,1.878,0.008593
2020-02-12,1.888,0.005325
2020-02-13,1.884,-0.002119
2020-02-14,1.886,0.001062
2020-02-17,1.903,0.009014
2020-02-18,1.902,-0.000525
2020-02-19,1.904,0.001052
2020-02-20,1.927,0.01208
2020-02-21,1.933,0.003114
2020-02-24,1.919,-0.007243
2020-02-25,1.915,-0.002084
2020-02-26,1.898,-0.008877
2020-02-27,1.91,0.006322
2020-02-28,1.879,-0.01623
2020-03-02,1.905,0.013837
2020-03-03,1.92,0.007874
2020-03-04,1.923,0.001563
2020-03-05,1.95,0.014041
2020-03-06,1.937,-0.006667
2020-03-09,1.897,-0.02065
2020-03-10,1.924,0.014233
2020-03-11,1.918,-0.003119
2020-03-12,1.896,-0.01147
2020-03-13,1.885,-0.005802
2020-03-16,1.835,-0.026525
2020-03-17,1.826,-0.004905
2020-03-18,1.802,-0.013143
2020-03-19,1.778,-0.013319
2020-03-20,1.802,0.013498
2020-03-23,1.768,-0.018868
2020-03-24,1.793,0.01414
2020-03-25,1.826,0.018405
2020-03-26,1.825,-0.000548
2020-03-27,1.831,0.003288
2020-03-30,1.812,-0.010377
2020-03-31,1.828,0.00883
2020-04-01,1.826,-0.001094
2020-04-02,1.842,0.008762
2020-04-03,1.839,-0.001629
2020-04-07,1.863,0.013051
2020-04-08,1.861,-0.001074
2020-04-09,1.864,0.001612
2020-04-10,1.857,-0.003755
2020-04-13,1.852,-0.002693
2020-04-14,1.876,0.012959
2020-04-15,1.871,-0.002665
2020-04-16,1.873,0.001069
2020-04-17,1.892,0.010144
2020-04-20,1.898,0.003171
2020-04-21,1.883,-0.007903
2020-04-22,1.903,0.010621
2020-04-23,1.904,0.000525
2020-04-24,1.909,0.002626
2020-04-27,1.915,0.003143
2020-04-28,1.936,0.010966
2020-04-29,1.925,-0.005682
2020-04-30,1.935,0.005195
2020-05-06,1.944,0.004651
2020-05-07,1.951,0.003601
2020-05-08,1.964,0.006663
2020-05-11,1.967,0.001527
2020-05-12,1.976,0.004575
2020-05-13,1.989,0.006579
2020-05-14,1.979,-0.005028
2020-05-15,1.979,0.0
2020-05-18,1.998,0.009601
2020-05-19,2.008,0.005005
2020-05-20,1.999,-0.004482
2020-05-21,2.0,0.0005
2020-05-22,1.974,-0.013
2020-05-25,1.987,0.006586
2020-05-26,2.004,0.008556
2020-05-27,1.996,-0.003992
2020-05-28,1.992,-0.002004
2020-05-29,2.008,0.008032
2020-06-01,2.042,0.016932
2020-06-02,2.028,-0.006856
2020-06-03,2.028,0.0
2020-06-04,2.037,0.004438
2020-06-05,2.05,0.006382
2020-06-08,2.05,0.0
2020-06-09,2.063,0.006341
2020-06-10,2.069,0.002908
2020-06-11,2.063,-0.0029
2020-06-12,2.068,0.002424
2020-06-15,2.052,-0.007737
2020-06-16,2.071,0.009259
2020-06-17,2.067,-0.001931
2020-06-18,2.068,0.000484
2020-06-19,2.092,0.011605
2020-06-22,2.085,-0.003346
2020-06-23,2.108,0.011031
2020-06-24,2.114,0.002846
2020-06-29,2.122,0.003784
2020-06-30,2.146,0.01131
2020-07-01,2.179,0.015377
2020-07-02,2.189,0.004589
2020-07-03,2.19,0.000457
2020-07-06,2.22,0.013699
2020-07-07,2.263,0.019369
2020-07-08,2.265,0.000884
2020-07-09,2.293,0.012362
2020-07-10,2.307,0.006106
2020-07-13,2.346,0.016905
2020-07-14,2.339,-0.002984
2020-07-15,2.354,0.006413
2020-07-16,2.28,-0.031436
2020-07-17,2.302,0.009649
2020-07-20,2.304,0.000869
2020-07-21,2.322,0.007812
2020-07-22,2.341,0.008183
2020-07-23,2.356,0.006408
2020-07-24,2.288,-0.028862
2020-07-27,2.292,0.001748
2020-07-28,2.331,0.017016
2020-07-29,2.357,0.011154
2020-07-30,2.36,0.001273
2020-07-31,2.378,0.007627
2020-08-03,2.385,0.002944
2020-08-04,2.375,-0.004193
2020-08-05,2.388,0.005474
2020-08-06,2.364,-0.01005
2020-08-07,2.347,-0.007191
2020-08-10,2.348,0.000426
2020-08-11,2.35,0.000852
2020-08-12,2.329,-0.008936
2020-08-13,2.335,0.002576
2020-08-14,2.366,0.013276
2020-08-17,2.378,0.005072
2020-08-18,2.396,0.007569
2020-08-19,2.378,-0.007513
2020-08-20,2.358,-0.00841
2020-08-21,2.373,0.006361
2020-08-24,2.399,0.010957
2020-08-25,2.424,0.010421
2020-08-26,2.421,-0.001238
2020-08-27,2.436,0.006196
2020-08-28,2.474,0.015599
2020-08-31,2.468,-0.002425
2020-09-01,2.483,0.006078
2020-09-02,2.486,0.001208
2020-09-03,2.486,0.0
2020-09-04,2.459,-0.010861
2020-09-07,2.41,-0.019927
2020-09-08,2.394,-0.006639
2020-09-09,2.365,-0.012114
2020-09-10,2.39,0.010571
2020-09-11,2.417,0.011297
2020-09-14,2.421,0.001655
2020-09-15,2.433,0.004957
2020-09-16,2.414,-0.007809
2020-09-17,2.401,-0.005385
2020-09-18,2.414,0.005414
2020-09-21,2.4,-0.0058
2020-09-22,2.395,-0.002083
2020-09-23,2.4,0.002088
2020-09-24,2.377,-0.009583
2020-09-25,2.383,0.002524
2020-09-28,2.388,0.002098
2020-09-29,2.402,0.005863
2020-09-30,2.41,0.003331
2020-10-09,2.43,0.008299
2020-10-12,2.489,0.02428
2020-10-13,2.51,0.008437
2020-10-14,2.51,0.0
2020-10-15,2.498,-0.004781
2020-10-16,2.484,-0.005604
2020-10-19,2.461,-0.009259
2020-10-20,2.493,0.013003
2020-10-21,2.486,-0.002808
2020-10-22,2.485,-0.000402
2020-10-23,2.433,-0.020926
2020-10-26,2.427,-0.002466
2020-10-27,2.457,0.012361
2020-10-28,2.491,0.013838
2020-10-29,2.524,0.013248
2020-10-30,2.498,-0.010301
2020-11-02,2.523,0.010008
2020-11-03,2.536,0.005153
2020-11-04,2.551,0.005915
2020-11-05,2.57,0.007448
2020-11-06,2.55,-0.007782
2020-11-09,2.577,0.010588
2020-11-10,2.586,0.003492
2020-11-11,2.567,-0.007347
2020-11-12,2.582,0.005843
2020-11-13,2.563,-0.007359
2020-11-16,2.59,0.010535
2020-11-17,2.566,-0.009266
2020-11-18,2.535,-0.012081
2020-11-19,2.551,0.006312
2020-11-20,2.57,0.007448
2020-11-23,2.58,0.003891
2020-11-24,2.58,0.0
2020-11-25,2.536,-0.017054
2020-11-26,2.533,-0.001183
2020-11-27,2.542,0.003553
2020-11-30,2.516,-0.010228
2020-12-01,2.547,0.012321
2020-12-02,2.545,-0.000785
2020-12-03,2.561,0.006287
2020-12-04,2.579,0.007029
2020-12-07,2.588,0.00349
2020-12-08,2.596,0.003091
2020-12-09,2.577,-0.007319
2020-12-10,2.584,0.002716
2020-12-11,2.587,0.001161
2020-12-14,2.612,0.009664
2020-12-15,2.622,0.003828
2020-12-16,2.634,0.004577
2020-12-17,2.665,0.011769
2020-12-18,2.657,-0.003002
2020-12-21,2.685,0.010538
2020-12-22,2.689,0.00149
2020-12-23,2.689,0.0
2020-12-24,2.674,-0.005578
2020-12-25,2.691,0.006358
2020-12-28,2.721,0.011148
2020-12-29,2.718,-0.001103
2020-12-30,2.768,0.018396
2020-12-31,2.803,0.012645
2021-01-04,2.842,0.013914
2021-01-05,2.898,0.019704
2021-01-06,2.924,0.008972
2021-01-07,2.963,0.013338
2021-01-08,2.915,-0.0162
2021-01-11,2.88,-0.012007
2021-01-12,2.923,0.014931
2021-01-13,2.887,-0.012316
2021-01-14,2.852,-0.012123
2021-01-15,2.834,-0.006311
2021-01-18,2.844,0.003529
2021-01-19,2.811,-0.011603
2021-01-20,2.849,0.013518
2021-01-21,2.879,0.01053
2021-01-22,2.899,0.006947
2021-01-25,2.948,0.016902
2021-01-26,2.914,-0.011533
2021-01-27,2.897,-0.005834
2021-01-28,2.861,-0.012427
2021-01-29,2.877,0.005592
2021-02-01,2.885,0.002781
2021-02-02,2.943,0.020104
2021-02-03,2.96,0.005776
2021-02-04,2.965,0.001689
2021-02-05,2.984,0.006408
2021-02-08,3.016,0.010724
2021-02-09,3.043,0.008952
2021-02-10,3.105,0.020375
2021-02-18,3.053,-0.016747
2021-02-19,3.036,-0.005568
2021-02-22,2.924,-0.036891
2021-02-23,2.919,-0.00171
2021-02-24,2.843,-0.026036
2021-02-25,2.835,-0.002814
2021-02-26,2.801,-0.011993
2021-03-01,2.819,0.006426
2021-03-02,2.795,-0.008514
2021-03-03,2.818,0.008229
2021-03-04,2.757,-0.021647
2021-03-05,2.768,0.00399
2021-03-08,2.682,-0.031069
2021-03-09,2.649,-0.012304
2021-03-10,2.7,0.019253
2021-03-11,2.752,0.019259
2021-03-12,2.758,0.00218
2021-03-15,2.694,-0.023205
2021-03-16,2.721,0.010022
2021-03-17,2.742,0.007718
2021-03-18,2.772,0.010941
2021-03-19,2.733,-0.014069
2021-03-22,2.732,-0.000366
2021-03-23,2.732,0.0
2021-03-24,2.722,-0.00366
2021-03-25,2.718,-0.00147
2021-03-26,2.766,0.01766
2021-03-29,2.785,0.006869
2021-03-30,2.805,0.007181
2021-03-31,2.778,-0.009626
2021-04-01,2.811,0.011879
2021-04-02,2.847,0.012807
2021-04-06,2.838,-0.003161
2021-04-07,2.801,-0.013037
2021-04-08,2.815,0.004998
2021-04-09,2.782,-0.011723
2021-04-12,2.762,-0.007189
2021-04-13,2.764,0.000724
2021-04-14,2.79,0.009407
2021-04-15,2.773,-0.006093
2021-04-16,2.784,0.003967
2021-04-19,2.819,0.012572
2021-04-20,2.828,0.003193
2021-04-21,2.844,0.005658
2021-04-22,2.85,0.00211
2021-04-23,2.874,0.008421
2021-04-26,2.861,-0.004523
2021-04-27,2.887,0.009088
2021-04-28,2.908,0.007274
2021-04-29,2.909,0.000344
2021-04-30,2.91,0.000344
2021-05-06,2.874,-0.012371
2021-05-07,2.839,-0.012178
2021-05-10,2.823,-0.005636
2021-05-11,2.847,0.008502
2021-05-12,2.869,0.007727
2021-05-13,2.858,-0.003834
2021-05-14,2.883,0.008747
2021-05-17,2.932,0.016996
2021-05-18,2.928,-0.001364
2021-05-19,2.929,0.000342
2021-05-20,2.944,0.005121
2021-05-21,2.926,-0.006114
2021-05-24,2.936,0.003418
2021-05-25,2.993,0.019414
2021-05-26,2.974,-0.006348
2021-05-27,2.98,0.002017
2021-05-28,2.976,-0.001342
2021-05-31,2.984,0.002688
2021-06-01,2.994,0.003351
2021-06-02,2.978,-0.005344
2021-06-03,2.977,-0.000336
2021-06-04,2.994,0.00571
2021-06-07,2.998,0.001336
2021-06-08,2.964,-0.011341
2021-06-09,2.969,0.001687
2021-06-10,2.998,0.009768
2021-06-11,2.986,-0.004003
2021-06-15,2.984,-0.00067
2021-06-16,2.947,-0.012399
2021-06-17,2.96,0.004411
2021-06-18,2.956,-0.001351
2021-06-21,2.952,-0.001353
2021-06-22,2.96,0.00271
2021-06-23,2.951,-0.003041
2021-06-24,2.956,0.001694
2021-06-25,2.977,0.007104
2021-06-28,2.991,0.004703
2021-06-29,2.977,-0.004681
2021-06-30,2.99,0.004367
2021-07-01,2.998,0.002676
2021-07-02,2.94,-0.019346
2021-07-05,2.931,-0.003061
2021-07-06,2.926,-0.001706
2021-07-07,2.955,0.009911
2021-07-08,2.941,-0.004738
2021-07-09,2.921,-0.0068
2021-07-12,2.946,0.008559
2021-07-13,2.964,0.00611
2021-07-14,2.966,0.000675
2021-07-15,2.985,0.006406
2021-07-16,2.947,-0.01273
2021-07-19,2.968,0.007126
2021-07-20,2.972,0.001348
2021-07-21,2.983,0.003701
2021-07-22,2.974,-0.003017
2021-07-23,2.946,-0.009415
2021-07-26,2.871,-0.025458
2021-07-27,2.821,-0.017416
2021-07-28,2.837,0.005672
2021-07-29,2.849,0.00423
2021-07-30,2.809,-0.01404
2021-08-02,2.845,0.012816
2021-08-03,2.855,0.003515
2021-08-04,2.855,0.0
2021-08-05,2.835,-0.007005
2021-08-06,2.822,-0.004586
2021-08-09,2.834,0.004252
2021-08-10,2.866,0.011291
2021-08-11,2.847,-0.006629
2021-08-12,2.823,-0.00843
2021-08-13,2.819,-0.001417
2021-08-16,2.825,0.002128
2021-08-17,2.781,-0.015575
2021-08-18,2.777,-0.001438
2021-08-19,2.775,-0.00072
2021-08-20,2.722,-0.019099
2021-08-23,2.748,0.009552
2021-08-24,2.764,0.005822
2021-08-25,2.781,0.006151
2021-08-26,2.747,-0.012226
2021-08-27,2.739,-0.002912
2021-08-30,2.735,-0.00146
2021-08-31,2.716,-0.006947
2021-09-01,2.732,0.005891
2021-09-02,2.711,-0.007687
2021-09-03,2.716,0.001844
2021-09-06,2.762,0.016937
2021-09-07,2.758,-0.001448
2021-09-08,2.741,-0.006164
2021-09-09,2.73,-0.004013
2021-09-10,2.741,0.004029
2021-09-13,2.735,-0.002189
2021-09-14,2.74,0.001828
2021-09-15,2.716,-0.008759
2021-09-16,2.712,-0.001473
2021-09-17,2.741,0.010693
2021-09-22,2.718,-0.008391
2021-09-23,2.717,-0.000368
2021-09-24,2.74,0.008465
2021-09-27,2.784,0.016058
2021-09-28,2.781,-0.001078
2021-09-29,2.776,-0.001798
2021-09-30,2.793,0.006124
2021-10-08,2.815,0.007877
2021-10-11,2.811,-0.001421
2021-10-12,2.81,-0.000356
2021-10-13,2.844,0.0121
2021-10-14,2.851,0.002461
2021-10-15,2.863,0.004209
2021-10-18,2.827,-0.012574
2021-10-19,2.842,0.005306
2021-10-20,2.83,-0.004222
2021-10-21,2.83,0.0
2021-10-22,2.844,0.004947
2021-10-25,2.84,-0.001406
2021-10-26,2.84,0.0
2021-10-27,2.825,-0.005282
2021-10-28,2.824,-0.000354
2021-10-29,2.846,0.00779
2021-11-01,2.822,-0.008433
2021-11-02,2.816,-0.002126
2021-11-03,2.81,-0.002131
2021-11-04,2.834,0.008541
2021-11-05,2.834,0.0
2021-11-08,2.825,-0.003176
2021-11-09,2.822,-0.001062
2021-11-10,2.809,-0.004607
2021-11-11,2.819,0.00356
2021-11-12,2.81,-0.003193
2021-11-15,2.808,-0.000712
2021-11-16,2.829,0.007479
2021-11-17,2.833,0.001414
2021-11-18,2.817,-0.005648
2021-11-19,2.828,0.003905
2021-11-22,2.848,0.007072
2021-11-23,2.844,-0.001404
2021-11-24,2.856,0.004219
2021-11-25,2.846,-0.003501
2021-11-26,2.836,-0.003514
2021-11-29,2.838,0.000705
2021-11-30,2.828,-0.003524
2021-12-01,2.828,0.0
2021-12-02,2.832,0.001414
2021-12-03,2.854,0.007768
2021-12-06,2.847,-0.002453
2021-12-07,2.847,0.0
2021-12-08,2.878,0.010889
2021-12-09,2.907,0.010076
2021-12-10,2.899,-0.002752
2021-12-13,2.912,0.004484
2021-12-14,2.906,-0.00206
2021-12-15,2.884,-0.007571
2021-12-16,2.881,-0.00104
2021-12-17,2.853,-0.009719
2021-12-20,2.844,-0.003155
2021-12-21,2.848,0.001406
2021-12-22,2.85,0.000702
2021-12-23,2.873,0.00807
2021-12-24,2.872,-0.000348
2021-12-27,2.869,-0.001045
2021-12-28,2.881,0.004183
2021-12-29,2.845,-0.012496
2021-12-30,2.854,0.003163
2021-12-31,2.855,0.00035
2022-01-04,2.838,-0.005954
2022-01-05,2.819,-0.006695
2022-01-06,2.8,-0.00674
2022-01-07,2.795,-0.001786
2022-01-10,2.799,0.001431
2022-01-11,2.78,-0.006788
2022-01-12,2.8,0.007194
2022-01-13,2.767,-0.011786
2022-01-14,2.76,-0.00253
2022-01-17,2.778,0.006522
2022-01-18,2.788,0.0036
2022-01-19,2.765,-0.00825
2022-01-20,2.766,0.000362
2022-01-21,2.756,-0.003615
2022-01-24,2.756,0.0
2022-01-25,2.731,-0.009071
2022-01-26,2.745,0.005126
2022-01-27,2.726,-0.006922
2022-01-28,2.717,-0.003302
2022-02-07,2.707,-0.003681
2022-02-08,2.677,-0.011082
2022-02-09,2.695,0.006724
2022-02-10,2.689,-0.002226
2022-02-11,2.669,-0.007438
2022-02-14,2.677,0.002997
2022-02-15,2.7,0.008592
2022-02-16,2.703,0.001111
2022-02-17,2.7,-0.00111
2022-02-18,2.705,0.001852
2022-02-21,2.697,-0.002957
2022-02-22,2.676,-0.007786
2022-02-23,2.691,0.005605
2022-02-24,2.662,-0.010777
2022-02-25,2.685,0.00864
2022-02-28,2.688,0.001117
2022-03-01,2.705,0.006324
2022-03-02,2.69,-0.005545
2022-03-03,2.668,-0.008178
2022-03-04,2.653,-0.005622
2022-03-07,2.6,-0.019977
2022-03-08,2.586,-0.005385
2022-03-09,2.584,-0.000773
2022-03-10,2.624,0.01548
2022-03-11,2.63,0.002287
2022-03-14,2.585,-0.01711
2022-03-15,2.53,-0.021277
2022-03-16,2.576,0.018182
2022-03-17,2.621,0.017469
2022-03-18,2.619,-0.000763
2022-03-21,2.62,0.000382
2022-03-22,2.611,-0.003435
2022-03-23,2.617,0.002298
2022-03-24,2.603,-0.00535
2022-03-25,2.573,-0.011525
2022-03-28,2.542,-0.012048
2022-03-29,2.536,-0.00236
2022-03-30,2.588,0.020505
2022-03-31,2.577,-0.00425
2022-04-01,2.595,0.006985
2022-04-06,2.574,-0.008092
2022-04-07,2.563,-0.004274
2022-04-08,2.563,0.0
2022-04-11,2.52,-0.016777
2022-04-12,2.558,0.015079
2022-04-13,2.556,-0.000782
2022-04-14,2.585,0.011346
2022-04-15,2.589,0.001547
2022-04-18,2.587,-0.000772
2022-04-19,2.568,-0.007344
2022-04-20,2.553,-0.005841
2022-04-21,2.534,-0.007442
2022-04-22,2.536,0.000789
2022-04-25,2.487,-0.019322
2022-04-26,2.492,0.00201
2022-04-27,2.528,0.014446
2022-04-28,2.537,0.00356
2022-04-29,2.56,0.009066
2022-05-05,2.549,-0.004297
2022-05-06,2.516,-0.012946
2022-05-09,2.492,-0.009539
2022-05-10,2.509,0.006822
2022-05-11,2.527,0.007174
2022-05-12,2.524,-0.001187
2022-05-13,2.535,0.004358
2022-05-16,2.524,-0.004339
2022-05-17,2.533,0.003566
2022-05-18,2.527,-0.002369
2022-05-19,2.524,-0.001187
2022-05-20,2.548,0.009509
2022-05-23,2.529,-0.007457
2022-05-24,2.507,-0.008699
2022-05-25,2.509,0.000798
2022-05-26,2.505,-0.001594
2022-05-27,2.509,0.001597
2022-05-30,2.538,0.011558
2022-05-31,2.558,0.00788
2022-06-01,2.565,0.002737
2022-06-02,2.571,0.002339
2022-06-06,2.59,0.00739
2022-06-07,2.598,0.003089
2022-06-08,2.606,0.003079
2022-06-09,2.58,-0.009977
2022-06-10,2.607,0.010465
2022-06-13,2.582,-0.00959
2022-06-14,2.594,0.004648
2022-06-15,2.618,0.009252
2022-06-16,2.613,-0.00191
2022-06-17,2.639,0.00995
2022-06-20,2.668,0.010989
2022-06-21,2.671,0.001124
2022-06-22,2.654,-0.006365
2022-06-23,2.686,0.012057
2022-06-24,2.709,0.008563
2022-06-27,2.728,0.007014
2022-06-28,2.73,0.000733
2022-06-29,2.723,-0.002564
2022-06-30,2.753,0.011017
2022-07-01,2.733,-0.007265
2022-07-04,2.739,0.002195
2022-07-05,2.727,-0.004381
2022-07-06,2.703,-0.008801
2022-07-07,2.712,0.00333
2022-07-08,2.708,-0.001475
2022-07-11,2.685,-0.008493
2022-07-12,2.665,-0.007449
2022-07-13,2.688,0.00863
2022-07-14,2.697,0.003348
2022-07-15,2.68,-0.006303
2022-07-18,2.687,0.002612
2022-07-19,2.675,-0.004466
2022-07-20,2.683,0.002991
2022-07-21,2.674,-0.003354
2022-07-22,2.68,0.002244
2022-07-25,2.683,0.001119
2022-07-26,2.699,0.005963
2022-07-27,2.692,-0.002594
2022-07-28,2.687,-0.001857
2022-07-29,2.669,-0.006699
2022-08-01,2.678,0.003372
2022-08-02,2.66,-0.006721
2022-08-03,2.641,-0.007143
2022-08-04,2.646,0.001893
2022-08-05,2.658,0.004535
2022-08-08,2.651,-0.002634
2022-08-09,2.651,0.0
2022-08-10,2.63,-0.007922
2022-08-11,2.651,0.007985
2022-08-12,2.653,0.000754
2022-08-15,2.646,-0.002639
2022-08-16,2.645,-0.000378
2022-08-17,2.663,0.006805
2022-08-18,2.65,-0.004882
2022-08-19,2.644,-0.002264
2022-08-22,2.655,0.00416
2022-08-23,2.647,-0.003013
2022-08-24,2.626,-0.007934
2022-08-25,2.64,0.005331
2022-08-26,2.647,0.002652
2022-08-29,2.639,-0.003022
2022-08-30,2.636,-0.001137
2022-08-31,2.65,0.005311
2022-09-01,2.637,-0.004906
2022-09-02,2.632,-0.001896
2022-09-05,2.616,-0.006079
2022-09-06,2.62,0.001529
2022-09-07,2.622,0.000763
2022-09-08,2.619,-0.001144
2022-09-09,2.643,0.009164
2022-09-13,2.652,0.003405
2022-09-14,2.633,-0.007164
2022-09-15,2.628,-0.001899
2022-09-16,2.607,-0.007991
2022-09-19,2.612,0.001918
2022-09-20,2.614,0.000766
2022-09-21,2.594,-0.007651
2022-09-22,2.578,-0.006168
2022-09-23,2.574,-0.001552
2022-09-26,2.593,0.007382
2022-09-27,2.621,0.010798
2022-09-28,2.61,-0.004197
2022-09-29,2.614,0.001533
2022-09-30,2.603,-0.004208
2022-10-10,2.565,-0.014599
2022-10-11,2.567,0.00078
2022-10-12,2.58,0.005064
2022-10-13,2.573,-0.002713
2022-10-14,2.6,0.010494
2022-10-17,2.591,-0.003462
2022-10-18,2.589,-0.000772
2022-10-19,2.563,-0.010042
2022-10-20,2.551,-0.004682
2022-10-21,2.544,-0.002744
2022-10-24,2.497,-0.018475
2022-10-25,2.493,-0.001602
2022-10-26,2.494,0.000401
2022-10-27,2.473,-0.00842
2022-10-28,2.451,-0.008896
2022-10-31,2.433,-0.007344
2022-11-01,2.478,0.018496
2022-11-02,2.5,0.008878
2022-11-03,2.49,-0.004
2022-11-04,2.529,0.015663
2022-11-07,2.528,-0.000395
2022-11-08,2.516,-0.004747
2022-11-09,2.502,-0.005564
2022-11-10,2.497,-0.001998
2022-11-11,2.534,0.014818
2022-11-14,2.534,0.0
2022-11-15,2.551,0.006709
2022-11-16,2.543,-0.003136
2022-11-17,2.532,-0.004326
2022-11-18,2.536,0.00158
2022-11-21,2.522,-0.005521
2022-11-22,2.516,-0.002379
2022-11-23,2.512,-0.00159
2022-11-24,2.507,-0.00199
2022-11-25,2.51,0.001197
2022-11-28,2.502,-0.003187
2022-11-29,2.544,0.016787
2022-11-30,2.541,-0.001179
2022-12-01,2.561,0.007871
2022-12-02,2.55,-0.004295
2022-12-05,2.564,0.00549
2022-12-06,2.578,0.00546
2022-12-07,2.578,0.0
2022-12-08,2.582,0.001552
2022-12-09,2.604,0.008521
2022-12-12,2.59,-0.005376
2022-12-13,2.585,-0.001931
2022-12-14,2.595,0.003868
2022-12-15,2.605,0.003854
2022-12-16,2.603,-0.000768
2022-12-19,2.592,-0.004226
2022-12-20,2.562,-0.011574
2022-12-21,2.567,0.001952
2022-12-22,2.578,0.004285
2022-12-23,2.58,0.000776
2022-12-26,2.577,-0.001163
2022-12-27,2.586,0.003492
2022-12-28,2.582,-0.001547
2022-12-29,2.578,-0.001549
2022-12-30,2.582,0.001552
2022-12-31,2.582,0.0
2023-01-03,2.579,-0.001162
2023-01-04,2.581,0.000775
2023-01-05,2.618,0.014336
2023-01-06,2.626,0.003056
2023-01-09,2.634,0.003046
2023-01-10,2.651,0.006454
2023-01-11,2.646,-0.001886
2023-01-12,2.641,-0.00189
2023-01-13,2.665,0.009087
2023-01-16,2.687,0.008255
2023-01-17,2.681,-0.002233
2023-01-18,2.67,-0.004103
2023-01-19,2.671,0.000375
2023-01-20,2.674,0.001123
2023-01-30,2.689,0.00561
2023-01-31,2.666,-0.008553
2023-02-01,2.674,0.003001
2023-02-02,2.676,0.000748
2023-02-03,2.662,-0.005232
2023-02-06,2.641,-0.007889
2023-02-07,2.642,0.000379
2023-02-08,2.64,-0.000757
2023-02-09,2.662,0.008333
2023-02-10,2.656,-0.002254
2023-02-13,2.68,0.009036
2023-02-14,2.674,-0.002239
2023-02-15,2.672,-0.000748
2023-02-16,2.673,0.000374
2023-02-17,2.651,-0.00823
2023-02-20,2.677,0.009808
2023-02-21,2.666,-0.004109
2023-02-22,2.658,-0.003001
2023-02-23,2.653,-0.001881
2023-02-24,2.637,-0.006031
2023-02-27,2.643,0.002275
2023-02-28,2.649,0.00227
2023-03-01,2.66,0.004153
2023-03-02,2.646,-0.005263
2023-03-03,2.641,-0.00189
2023-03-06,2.637,-0.001515
2023-03-07,2.612,-0.00948
2023-03-08,2.607,-0.001914
2023-03-09,2.603,-0.001534
2023-03-10,2.592,-0.004226
2023-03-13,2.6,0.003086
2023-03-14,2.595,-0.001923
2023-03-15,2.585,-0.003854
2023-03-16,2.586,0.000387
2023-03-17,2.583,-0.00116
2023-03-20,2.579,-0.001549
2023-03-21,2.605,0.010081
2023-03-22,2.613,0.003071
2023-03-23,2.617,0.001531
2023-03-24,2.613,-0.001528
2023-03-27,2.608,-0.001914
2023-03-28,2.613,0.001917
2023-03-29,2.623,0.003827
2023-03-30,2.627,0.001525
2023-03-31,2.629,0.000761
2023-04-03,2.623,-0.002282
2023-04-04,2.62,-0.001144
2023-04-06,2.607,-0.004962
2023-04-07,2.619,0.004603
2023-04-10,2.609,-0.003818
2023-04-11,2.597,-0.004599
2023-04-12,2.576,-0.008086
2023-04-13,2.577,0.000388
2023-04-14,2.57,-0.002716
2023-04-17,2.58,0.003891
2023-04-18,2.582,0.000775
2023-04-19,2.572,-0.003873
2023-04-20,2.549,-0.008942
2023-04-21,2.533,-0.006277
2023-04-24,2.518,-0.005922
2023-04-25,2.51,-0.003177
2023-04-26,2.515,0.001992
2023-04-27,2.528,0.005169
2023-04-28,2.53,0.000791
2023-05-04,2.51,-0.007905
2023-05-05,2.514,0.001594
2023-05-08,2.505,-0.00358
2023-05-09,2.499,-0.002395
2023-05-10,2.5,0.0004
2023-05-11,2.498,-0.0008
2023-05-12,2.485,-0.005204
2023-05-15,2.496,0.004427
2023-05-16,2.486,-0.004006
2023-05-17,2.478,-0.003218
2023-05-18,2.467,-0.004439
2023-05-19,2.473,0.002432
2023-05-22,2.488,0.006066
2023-05-23,2.474,-0.005627
2023-05-24,2.46,-0.005659
2023-05-25,2.454,-0.002439
2023-05-26,2.459,0.002037
2023-05-29,2.446,-0.005287
2023-05-30,2.444,-0.000818
2023-05-31,2.425,-0.007774
2023-06-01,2.429,0.001649
2023-06-02,2.454,0.010292
2023-06-05,2.445,-0.003667
2023-06-06,2.436,-0.003681
2023-06-07,2.418,-0.007389
2023-06-08,2.424,0.002481
2023-06-09,2.421,-0.001238
2023-06-12,2.441,0.008261
2023-06-13,2.457,0.006555
2023-06-14,2.466,0.003663
2023-06-15,2.495,0.01176
2023-06-16,2.505,0.004008
2023-06-19,2.488,-0.006786
2023-06-20,2.477,-0.004421
2023-06-21,2.455,-0.008882
2023-06-26,2.437,-0.007332
2023-06-27,2.444,0.002872
2023-06-28,2.442,-0.000818
2023-06-29,2.427,-0.006143
2023-06-30,2.433,0.002472
2023-07-03,2.449,0.006576
2023-07-04,2.455,0.00245
2023-07-05,2.446,-0.003666
2023-07-06,2.44,-0.002453
2023-07-07,2.435,-0.002049
2023-07-10,2.439,0.001643
2023-07-11,2.445,0.00246
2023-07-12,2.44,-0.002045
2023-07-13,2.463,0.009426
2023-07-14,2.461,-0.000812
2023-07-17,2.457,-0.001625
2023-07-18,2.459,0.000814
2023-07-19,2.46,0.000407
2023-07-20,2.458,-0.000813
2023-07-21,2.465,0.002848
2023-07-24,2.458,-0.00284
2023-07-25,2.508,0.020342
2023-07-26,2.506,-0.000797
2023-07-27,2.517,0.004389
2023-07-28,2.541,0.009535
2023-07-31,2.543,0.000787
2023-08-01,2.541,-0.000786
2023-08-02,2.538,-0.001181
2023-08-03,2.542,0.001576
2023-08-04,2.548,0.00236
2023-08-07,2.537,-0.004317
2023-08-08,2.535,-0.000788
2023-08-09,2.542,0.002761
2023-08-10,2.537,-0.001967
2023-08-11,2.516,-0.008277
2023-08-14,2.505,-0.004372
2023-08-15,2.495,-0.003992
2023-08-16,2.495,0.0
2023-08-17,2.51,0.006012
2023-08-18,2.493,-0.006773
2023-08-21,2.484,-0.00361
2023-08-22,2.48,-0.00161
2023-08-23,2.463,-0.006855
2023-08-24,2.48,0.006902
2023-08-25,2.475,-0.002016
2023-08-28,2.486,0.004444
2023-08-29,2.513,0.010861
2023-08-30,2.517,0.001592
2023-08-31,2.508,-0.003576
2023-09-01,2.517,0.003589
2023-09-04,2.536,0.007549
2023-09-05,2.525,-0.004338
2023-09-06,2.523,-0.000792
2023-09-07,2.504,-0.007531
2023-09-08,2.497,-0.002796
2023-09-11,2.503,0.002403
2023-09-12,2.497,-0.002397
2023-09-13,2.492,-0.002002
2023-09-14,2.487,-0.002006
2023-09-15,2.475,-0.004825
2023-09-18,2.487,0.004848
2023-09-19,2.482,-0.00201
2023-09-20,2.476,-0.002417
2023-09-21,2.461,-0.006058
2023-09-22,2.476,0.006095
2023-09-25,2.47,-0.002423
2023-09-26,2.459,-0.004453
2023-09-27,2.461,0.000813
2023-09-28,2.457,-0.001625
2023-10-09,2.45,-0.002849
2023-10-10,2.444,-0.002449
2023-10-11,2.443,-0.000409
2023-10-12,2.444,0.000409
2023-10-13,2.427,-0.006956
2023-10-16,2.412,-0.00618
2023-10-17,2.411,-0.000415
2023-10-18,2.407,-0.001659
2023-10-19,2.374,-0.01371
2023-10-20,2.366,-0.00337
2023-10-23,2.358,-0.003381
2023-10-24,2.361,0.001272
2023-10-25,2.375,0.00593
2023-10-26,2.378,0.001263
2023-10-27,2.396,0.007569
2023-10-30,2.408,0.005008
2023-10-31,2.404,-0.001661
2023-11-01,2.415,0.004576
2023-11-02,2.406,-0.003727
2023-11-03,2.418,0.004988
2023-11-06,2.437,0.007858
2023-11-07,2.425,-0.004924
2023-11-08,2.429,0.001649
2023-11-09,2.429,0.0
2023-11-10,2.42,-0.003705
2023-11-13,2.409,-0.004545
2023-11-14,2.408,-0.000415
2023-11-15,2.416,0.003322
2023-11-16,2.404,-0.004967
2023-11-17,2.406,0.000832
2023-11-20,2.41,0.001663
2023-11-21,2.417,0.002905
2023-11-22,2.402,-0.006206
2023-11-23,2.413,0.00458
2023-11-24,2.406,-0.002901
2023-11-27,2.393,-0.005403
2023-11-28,2.392,-0.000418
2023-11-29,2.384,-0.003344
2023-11-30,2.387,0.001258
2023-12-01,2.38,-0.002933
2023-12-04,2.364,-0.006723
2023-12-05,2.337,-0.011421
2023-12-06,2.338,0.000428
2023-12-07,2.336,-0.000855
2023-12-08,2.336,0.0
2023-12-11,2.338,0.000856
2023-12-12,2.347,0.003849
2023-12-13,2.323,-0.010226
2023-12-14,2.31,-0.005596
2023-12-15,2.308,-0.000866
2023-12-18,2.301,-0.003033
2023-12-19,2.301,0.0
2023-12-20,2.286,-0.006519
2023-12-21,2.3,0.006124
2023-12-22,2.298,-0.00087
2023-12-25,2.306,0.003481
2023-12-26,2.296,-0.004337
2023-12-27,2.3,0.001742
2023-12-28,2.33,0.013043
2023-12-29,2.335,0.002146
2023-12-31,2.335,0.0
2024-01-02,2.309,-0.011135
2024-01-03,2.303,-0.002599
2024-01-04,2.286,-0.007382
2024-01-05,2.277,-0.003937
2024-01-08,2.258,-0.008344
2024-01-09,2.258,0.0
2024-01-10,2.258,0.0
2024-01-11,2.268,0.004429
2024-01-12,2.268,0.0
2024-01-15,2.259,-0.003968
2024-01-16,2.268,0.003984
2024-01-17,2.238,-0.013228
2024-01-18,2.255,0.007596
2024-01-19,2.261,0.002661
2024-01-22,2.242,-0.008403
2024-01-23,2.238,-0.001784
2024-01-24,2.244,0.002681
2024-01-25,2.256,0.005348
2024-01-26,2.251,-0.002216
2024-01-29,2.242,-0.003998
2024-01-30,2.216,-0.011597
2024-01-31,2.211,-0.002256
2024-02-01,2.215,0.001809
2024-02-02,2.204,-0.004966
2024-02-05,2.217,0.005898
2024-02-06,2.258,0.018493
2024-02-07,2.285,0.011957
2024-02-08,2.289,0.001751
2024-02-19,2.283,-0.002621
2024-02-20,2.278,-0.00219
2024-02-21,2.302,0.010536
2024-02-22,2.304,0.000869
2024-02-23,2.304,0.0
2024-02-26,2.3,-0.001736
2024-02-27,2.305,0.002174
2024-02-28,2.29,-0.006508
2024-02-29,2.312,0.009607
2024-03-01,2.312,0.0
2024-03-04,2.309,-0.001298
2024-03-05,2.315,0.002599
2024-03-06,2.305,-0.00432
2024-03-07,2.295,-0.004338
2024-03-08,2.293,-0.000871
2024-03-11,2.325,0.013956
2024-03-12,2.355,0.012903
2024-03-13,2.348,-0.002972
2024-03-14,2.344,-0.001704
2024-03-15,2.344,0.0
2024-03-18,2.351,0.002986
2024-03-19,2.347,-0.001701
2024-03-20,2.344,-0.001278
2024-03-21,2.342,-0.000853
2024-03-22,2.326,-0.006832
2024-03-25,2.319,-0.003009
2024-03-26,2.333,0.006037
2024-03-27,2.321,-0.005144
2024-03-28,2.325,0.001723
2024-03-29,2.324,-0.00043
2024-04-01,2.349,0.010757
2024-04-02,2.344,-0.002129
2024-04-03,2.339,-0.002133
2024-04-08,2.316,-0.009833
2024-04-09,2.315,-0.000432
2024-04-10,2.306,-0.003888
2024-04-11,2.303,-0.001301
2024-04-12,2.292,-0.004776
2024-04-15,2.32,0.012216
2024-04-16,2.311,-0.003879
2024-04-17,2.315,0.001731
2024-04-18,2.319,0.001728
2024-04-19,2.31,-0.003881
2024-04-22,2.322,0.005195
2024-04-23,2.33,0.003445
2024-04-24,2.335,0.002146
2024-04-25,2.335,0.0
2024-04-26,2.354,0.008137
2024-04-29,2.377,0.009771
2024-04-30,2.369,-0.003366
2024-05-06,2.393,0.010131
2024-05-07,2.399,0.002507
2024-05-08,2.386,-0.005419
2024-05-09,2.391,0.002096
2024-05-10,2.39,-0.000418
2024-05-13,2.383,-0.002929
2024-05-14,2.386,0.001259
2024-05-15,2.377,-0.003772
2024-05-16,2.386,0.003786
2024-05-17,2.402,0.006706
2024-05-20,2.402,0.0
2024-05-21,2.393,-0.003747
2024-05-22,2.388,-0.002089
2024-05-23,2.376,-0.005025
2024-05-24,2.361,-0.006313
2024-05-27,2.364,0.001271
2024-05-28,2.355,-0.003807
2024-05-29,2.355,0.0
2024-05-30,2.348,-0.002972
2024-05-31,2.343,-0.002129
2024-06-03,2.345,0.000854
2024-06-04,2.356,0.004691
2024-06-05,2.352,-0.001698
2024-06-06,2.345,-0.002976
2024-06-07,2.331,-0.00597
2024-06-11,2.317,-0.006006
2024-06-12,2.311,-0.00259
2024-06-13,2.305,-0.002596
2024-06-14,2.311,0.002603
2024-06-17,2.304,-0.003029
2024-06-18,2.301,-0.001302
2024-06-19,2.291,-0.004346
2024-06-20,2.282,-0.003928
2024-06-21,2.271,-0.00482
2024-06-24,2.264,-0.003082
2024-06-25,2.262,-0.000883
2024-06-26,2.263,0.000442
2024-06-27,2.252,-0.004861
2024-06-28,2.242,-0.00444
2024-06-30,2.242,0.0
2024-07-01,2.239,-0.001338
2024-07-02,2.245,0.00268
2024-07-03,2.244,-0.000445
2024-07-04,2.241,-0.001337
2024-07-05,2.237,-0.001785
2024-07-08,2.222,-0.006705
2024-07-09,2.228,0.0027
2024-07-10,2.23,0.000898
2024-07-11,2.247,0.007623
2024-07-12,2.252,0.002225
2024-07-15,2.252,0.0
2024-07-16,2.254,0.000888
2024-07-17,2.268,0.006211
2024-07-18,2.273,0.002205
2024-07-19,2.28,0.00308
2024-07-22,2.267,-0.005702
2024-07-23,2.237,-0.013233
2024-07-24,2.223,-0.006258
2024-07-25,2.221,-0.0009
2024-07-26,2.224,0.001351
2024-07-29,2.203,-0.009442
2024-07-30,2.198,-0.00227
2024-07-31,2.224,0.011829
2024-08-01,2.2,-0.010791
2024-08-02,2.195,-0.002273
2024-08-05,2.197,0.000911
2024-08-06,2.203,0.002731
2024-08-07,2.205,0.000908
2024-08-08,2.213,0.003628
2024-08-09,2.205,-0.003615
2024-08-12,2.201,-0.001814
2024-08-13,2.197,-0.001817
2024-08-14,2.185,-0.005462
2024-08-15,2.188,0.001373
2024-08-16,2.19,0.000914
2024-08-19,2.187,-0.00137
2024-08-20,2.178,-0.004115
2024-08-21,2.17,-0.003673
2024-08-22,2.166,-0.001843
2024-08-23,2.167,0.000462
2024-08-26,2.16,-0.00323
2024-08-27,2.154,-0.002778
2024-08-28,2.144,-0.004643
2024-08-29,2.155,0.005131
2024-08-30,2.182,0.012529
2024-09-02,2.158,-0.010999
2024-09-03,2.171,0.006024
2024-09-04,2.172,0.000461
2024-09-05,2.178,0.002762
2024-09-06,2.169,-0.004132
2024-09-09,2.159,-0.00461
2024-09-10,2.155,-0.001853
2024-09-11,2.163,0.003712
2024-09-12,2.147,-0.007397
2024-09-13,2.132,-0.006986
2024-09-18,2.135,0.001407
2024-09-19,2.148,0.006089
2024-09-20,2.148,0.0
2024-09-23,2.152,0.001862
2024-09-24,2.192,0.018587
2024-09-25,2.203,0.005018
2024-09-26,2.254,0.02315
2024-09-27,2.326,0.031943
2024-09-30,2.424,0.042132
2024-10-08,2.485,0.025165
2024-10-09,2.385,-0.040241
2024-10-10,2.402,0.007128
2024-10-11,2.363,-0.016236
2024-10-14,2.375,0.005078
2024-10-15,2.335,-0.016842
2024-10-16,2.323,-0.005139
2024-10-17,2.301,-0.009471
2024-10-18,2.346,0.019557
2024-10-21,2.354,0.00341
2024-10-22,2.363,0.003823
2024-10-23,2.37,0.002962
2024-10-24,2.364,-0.002532
2024-10-25,2.378,0.005922
2024-10-28,2.386,0.003364
2024-10-29,2.367,-0.007963
2024-10-30,2.353,-0.005915
2024-10-31,2.352,-0.000425
2024-11-01,2.356,0.001701
2024-11-04,2.369,0.005518
2024-11-05,2.388,0.00802
2024-11-06,2.389,0.000419
2024-11-07,2.428,0.016325
2024-11-08,2.416,-0.004942
2024-11-11,2.427,0.004553
2024-11-12,2.422,-0.00206
2024-11-13,2.424,0.000826
2024-11-14,2.405,-0.007838
2024-11-15,2.379,-0.010811
2024-11-18,2.37,-0.003783
2024-11-19,2.376,0.002532
2024-11-20,2.376,0.0
2024-11-21,2.376,0.0
2024-11-22,2.339,-0.015572
2024-11-25,2.339,0.0
2024-11-26,2.338,-0.000428
2024-11-27,2.353,0.006416
2024-11-28,2.337,-0.0068
2024-11-29,2.351,0.005991
2024-12-02,2.359,0.003403
2024-12-03,2.359,0.0
2024-12-04,2.349,-0.004239
2024-12-05,2.34,-0.003831
2024-12-06,2.356,0.006838
2024-12-09,2.359,0.001273
2024-12-10,2.377,0.00763
2024-12-11,2.375,-0.000841
2024-12-12,2.393,0.007579
2024-12-13,2.366,-0.011283
2024-12-16,2.35,-0.006762
2024-12-17,2.357,0.002979
2024-12-18,2.357,0.0
2024-12-19,2.352,-0.002121
2024-12-20,2.347,-0.002126
2024-12-23,2.34,-0.002983
2024-12-24,2.352,0.005128
2024-12-25,2.351,-0.000425
2024-12-26,2.347,-0.001701
2024-12-27,2.344,-0.001278
2024-12-30,2.346,0.000853
2024-12-31,2.338,-0.00341
2025-01-02,2.317,-0.008982
2025-01-03,2.303,-0.006042
2025-01-06,2.296,-0.00304
2025-01-07,2.303,0.003049
2025-01-08,2.306,0.001303
2025-01-09,2.304,-0.000867
2025-01-10,2.292,-0.005208
2025-01-13,2.29,-0.000873
2025-01-14,2.32,0.0131
2025-01-15,2.315,-0.002155
2025-01-16,2.312,-0.001296
2025-01-17,2.323,0.004758
2025-01-20,2.338,0.006457
2025-01-21,2.332,-0.002566
2025-01-22,2.315,-0.00729
2025-01-23,2.314,-0.000432
2025-01-24,2.32,0.002593
2025-01-27,2.316,-0.001724
2025-02-05,2.307,-0.003886
2025-02-06,2.319,0.005202
2025-02-07,2.335,0.0069
2025-02-10,2.33,-0.002141
2025-02-11,2.322,-0.003433
2025-02-12,2.325,0.001292
2025-02-13,2.333,0.003441
2025-02-14,2.348,0.006429
2025-02-17,2.349,0.000426
2025-02-18,2.341,-0.003406
2025-02-19,2.348,0.00299
2025-02-20,2.355,0.002981
2025-02-21,2.36,0.002123
2025-02-24,2.355,-0.002119
2025-02-25,2.344,-0.004671
2025-02-26,2.355,0.004693
2025-02-27,2.363,0.003397
2025-02-28,2.355,-0.003386
2025-03-03,2.353,-0.000849
2025-03-04,2.344,-0.003825
2025-03-05,2.343,-0.000427
2025-03-06,2.352,0.003841
2025-03-07,2.366,0.005952
2025-03-10,2.362,-0.001691
2025-03-11,2.364,0.000847
2025-03-12,2.357,-0.002961
2025-03-13,2.351,-0.002546
2025-03-14,2.387,0.015313
2025-03-17,2.388,0.000419
2025-03-18,2.386,-0.000838
2025-03-19,2.39,0.001676
2025-03-20,2.381,-0.003766
2025-03-21,2.365,-0.00672
2025-03-24,2.373,0.003383
2025-03-25,2.372,-0.000421
2025-03-26,2.367,-0.002108
2025-03-27,2.379,0.00507
2025-03-28,2.372,-0.002942
2025-03-31,2.361,-0.004637
2025-04-01,2.357,-0.001694
2025-04-02,2.353,-0.001697
2025-04-03,2.344,-0.003825
2025-04-07,2.272,-0.030717
2025-04-08,2.288,0.007042
2025-04-09,2.292,0.001748
2025-04-10,2.304,0.005236
2025-04-11,2.312,0.003472
2025-04-14,2.303,-0.003893
2025-04-15,2.306,0.001303
2025-04-16,2.303,-0.001301
2025-04-17,2.309,0.002605
2025-04-18,2.301,-0.003465
2025-04-21,2.302,0.000435
2025-04-22,2.307,0.002172
2025-04-23,2.309,0.000867
2025-04-24,2.31,0.000433
2025-04-25,2.306,-0.001732
2025-04-28,2.302,-0.001735
2025-04-29,2.294,-0.003475
2025-04-30,2.302,0.003487
2025-05-06,2.31,0.003475
2025-05-07,2.317,0.00303
2025-05-08,2.325,0.003453
2025-05-09,2.326,0.00043
2025-05-12,2.343,0.007309
2025-05-13,2.344,0.000427
2025-05-14,2.36,0.006826
2025-05-15,2.353,-0.002966
2025-05-16,2.348,-0.002125
2025-05-19,2.342,-0.002555
2025-05-20,2.345,0.001281
2025-05-21,2.351,0.002559
2025-05-22,2.347,-0.001701
2025-05-23,2.342,-0.00213
2025-05-26,2.329,-0.005551
2025-05-27,2.326,-0.001288
2025-05-28,2.326,0.0
2025-05-29,2.333,0.003009
2025-05-30,2.329,-0.001715
2025-06-03,2.331,0.000859
2025-06-04,2.332,0.000429
2025-06-05,2.335,0.001286
2025-06-06,2.329,-0.00257
2025-06-09,2.32,-0.003864
2025-06-10,2.315,-0.002155
2025-06-11,2.326,0.004752
2025-06-12,2.321,-0.00215
2025-06-13,2.304,-0.007324
2025-06-16,2.3,-0.001736
2025-06-17,2.294,-0.002609
2025-06-18,2.293,-0.000436
2025-06-19,2.286,-0.003053
2025-06-20,2.29,0.00175
2025-06-23,2.282,-0.003493
2025-06-24,2.298,0.007011
2025-06-25,2.31,0.005222
2025-06-26,2.304,-0.002597
2025-06-27,2.298,-0.002604
2025-06-30,2.304,0.002611
2025-07-01,2.303,-0.000434
2025-07-02,2.301,-0.000868
2025-07-03,2.312,0.004781
2025-07-04,2.315,0.001298
2025-07-07,2.301,-0.006048
2025-07-08,2.306,0.002173
2025-07-09,2.309,0.001301
2025-07-10,2.313,0.001732
2025-07-11,2.319,0.002594
2025-07-14,2.315,-0.001725
2025-07-15,2.31,-0.00216
2025-07-16,2.31,0.0
2025-07-17,2.316,0.002597
2025-07-18,2.327,0.00475
2025-07-21,2.333,0.002578
2025-07-22,2.345,0.005144
2025-07-23,2.345,0.0
2025-07-24,2.348,0.001279
2025-07-25,2.34,-0.003407
2025-07-28,2.337,-0.001282
2025-07-29,2.34,0.001284
2025-07-30,2.337,-0.001282
2025-07-31,2.314,-0.009842
2025-08-01,2.312,-0.000864
2025-08-04,2.317,0.002163
2025-08-05,2.335,0.007769
2025-08-06,2.342,0.002998
2025-08-07,2.336,-0.002562
2025-08-08,2.331,-0.00214
2025-08-11,2.34,0.003861
2025-08-12,2.345,0.002137
2025-08-13,2.355,0.004264
2025-08-14,2.353,-0.000849
2025-08-15,2.359,0.00255
2025-08-18,2.362,0.001272
2025-08-19,2.363,0.000423
2025-08-20,2.377,0.005925
2025-08-21,2.38,0.001262
2025-08-22,2.395,0.006303
2025-08-25,2.415,0.008351
2025-08-26,2.424,0.003727
2025-08-27,2.396,-0.011551
2025-08-28,2.389,-0.002922
2025-08-29,2.415,0.010883
2025-09-01,2.418,0.001242
2025-09-02,2.426,0.003309
2025-09-03,2.42,-0.002473
2025-09-04,2.414,-0.002479
2025-09-05,2.446,0.013256
2025-09-08,2.468,0.008994
2025-09-09,2.468,0.0
2025-09-10,2.458,-0.004052
2025-09-11,2.482,0.009764
2025-09-12,2.477,-0.002015
2025-09-15,2.499,0.008882
2025-09-16,2.509,0.004002
2025-09-17,2.521,0.004783
2025-09-18,2.499,-0.008727
2025-09-19,2.492,-0.002801
2025-09-22,2.492,0.0
2025-09-23,2.497,0.002006
2025-09-24,2.505,0.003204
2025-09-25,2.519,0.005589
2025-09-26,2.495,-0.009528
2025-09-29,2.523,0.011222
2025-09-30,2.528,0.001982
2025-10-09,2.535,0.002769
2025-10-10,2.512,-0.009073
2025-10-13,2.483,-0.011545
2025-10-14,2.463,-0.008055
2025-10-15,2.483,0.00812
2025-10-16,2.483,0.0
2025-10-17,2.455,-0.011277
2025-10-20,2.46,0.002037
2025-10-21,2.475,0.006098
2025-10-22,2.467,-0.003232
2025-10-23,2.468,0.000405
2025-10-24,2.486,0.007293
2025-10-27,2.501,0.006034
2025-10-28,2.502,0.0004
2025-10-29,2.511,0.003597
2025-10-30,2.497,-0.005575
2025-10-31,2.498,0.0004
2025-11-03,2.496,-0.000801
2025-11-04,2.475,-0.008413
2025-11-05,2.479,0.001616
2025-11-06,2.504,0.010085
2025-11-07,2.491,-0.005192
2025-11-10,2.489,-0.000803
2025-11-11,2.483,-0.002411
2025-11-12,2.479,-0.001611
2025-11-13,2.496,0.006858
2025-11-14,2.484,-0.004808
2025-11-17,2.47,-0.005636
2025-11-18,2.464,-0.002429
2025-11-19,2.464,0.0
2025-11-20,2.456,-0.003247
2025-11-21,2.446,-0.004072
2025-11-24,2.446,0.0
2025-11-25,2.45,0.001635
2025-11-26,2.455,0.002041
2025-11-27,2.451,-0.001629
2025-11-28,2.457,0.002448
2025-12-01,2.467,0.00407
2025-12-02,2.457,-0.004054
2025-12-03,2.454,-0.001221
2025-12-04,2.459,0.002037
2025-12-05,2.47,0.004473
2025-12-08,2.464,-0.002429
2025-12-09,2.458,-0.002435
2025-12-10,2.462,0.001627
2025-12-11,2.461,-0.000406
2025-12-12,2.468,0.002844
2025-12-15,2.456,-0.004862
2025-12-16,2.445,-0.004479
2025-12-17,2.456,0.004499
2025-12-18,2.447,-0.003664
2025-12-19,2.451,0.001635
2025-12-22,2.45,-0.000408
2025-12-23,2.449,-0.000408
2025-12-24,2.448,-0.000408
2025-12-25,2.461,0.00531
2025-12-26,2.457,-0.001625
2025-12-29,2.46,0.001221
2025-12-30,2.47,0.004065
2025-12-31,2.461,-0.003644
2026-01-05,2.487,0.010565
2026-01-06,2.492,0.00201
2026-01-07,2.498,0.002408
2026-01-08,2.481,-0.006805
2026-01-09,2.501,0.008061
2026-01-12,2.502,0.0004
2026-01-13,2.498,-0.001599
2026-01-14,2.509,0.004404
2026-01-15,2.506,-0.001196
2026-01-16,2.517,0.004389
2026-01-19,2.517,0.0
2026-01-20,2.507,-0.003973
2026-01-21,2.496,-0.004388
2026-01-22,2.489,-0.002804
2026-01-23,2.489,0.0
2026-01-26,2.475,-0.005625
2026-01-27,2.475,0.0
2026-01-28,2.477,0.000808
2026-01-29,2.506,0.011708
2026-01-30,2.489,-0.006784
2026-02-02,2.476,-0.005223
2026-02-03,2.5,0.009693
2026-02-04,2.525,0.01
2026-02-05,2.524,-0.000396
2026-02-06,2.518,-0.002377
2026-02-09,2.52,0.000794
2026-02-10,2.522,0.000794
2026-02-11,2.52,-0.000793
2026-02-12,2.527,0.002778
2026-02-13,2.508,-0.007519
2026-02-24,2.504,-0.001595
2026-02-25,2.513,0.003594
2026-02-26,2.503,-0.003979
2026-02-27,2.497,-0.002397
2026-03-02,2.483,-0.005607
2026-03-03,2.466,-0.006847
2026-03-04,2.446,-0.00811
2026-03-05,2.453,0.002862
2026-03-06,2.472,0.007746
2026-03-09,2.452,-0.008091
2026-03-10,2.474,0.008972
2026-03-11,2.478,0.001617
2026-03-12,2.473,-0.002018
2026-03-13,2.469,-0.001617
2026-03-16,2.474,0.002025
2026-03-17,2.471,-0.001213
2026-03-18,2.47,-0.000405
2026-03-19,2.452,-0.007287
2026-03-20,2.44,-0.004894
2026-03-23,2.396,-0.018033
2026-03-24,2.402,0.002504
2026-03-25,2.422,0.008326
2026-03-26,2.409,-0.005367
2026-03-27,2.424,0.006227
2026-03-30,2.42,-0.00165
2026-03-31,2.409,-0.004545
2026-04-01,2.427,0.007472
2026-04-02,2.425,-0.000824
2026-04-03,2.406,-0.007835
2026-04-07,2.398,-0.003325
2026-04-08,2.431,0.013761
2026-04-09,2.421,-0.004114
2026-04-10,2.435,0.005783
2026-04-13,2.428,-0.002875
2026-04-14,2.442,0.005766
2026-04-15,2.451,0.003686
2026-04-16,2.472,0.008568
2026-04-17,2.457,-0.006068
2026-04-20,2.451,-0.002442
2026-04-21,2.454,0.001224
2026-04-22,2.457,0.001222
2026-04-23,2.453,-0.001628
2026-04-24,2.46,0.002854
2026-04-27,2.45,-0.004065
2026-04-28,2.458,0.003265
2026-04-29,2.474,0.006509
2026-04-30,2.471,-0.001213
2026-05-06,2.481,0.004047
2026-05-07,2.494,0.00524
2026-05-08,2.492,-0.000802
2026-05-11,2.505,0.005217
2026-05-12,2.497,-0.003194
2026-05-13,2.497,0.0
2026-05-14,2.483,-0.005607
2026-05-15,2.489,0.002416
2026-05-18,2.479,-0.004018
2026-05-19,2.488,0.00363
2026-05-20,2.487,-0.000402
2026-05-21,2.492,0.00201
2026-05-22,2.491,-0.000401
2026-05-25,2.493,0.000803
2026-05-26,2.486,-0.002808
2026-05-27,2.481,-0.002011
2026-05-28,2.465,-0.006449
2026-05-29,2.468,0.001217
2026-06-01,2.46,-0.003241
2026-06-02,2.468,0.003252
2026-06-03,2.461,-0.002836
2026-06-04,2.449,-0.004876
2026-06-05,2.435,-0.005717
2026-06-08,2.417,-0.007392
2026-06-09,2.423,0.002482
2026-06-10,2.412,-0.00454
2026-06-11,2.41,-0.000829
2026-06-12,2.413,0.001245
2026-06-15,2.428,0.006216
2026-06-16,2.413,-0.006178
2026-06-17,2.417,0.001658
2026-06-18,2.414,-0.001241
2026-06-22,2.419,0.002071
2026-06-23,2.401,-0.007441
2026-06-24,2.411,0.004165
2026-06-25,2.415,0.001659
2026-06-26,2.388,-0.01118
2026-06-29,2.409,0.008794
2026-06-30,2.415,0.002491
2026-07-01,2.423,0.003313
2026-07-02,2.408,-0.006191
2026-07-03,2.42,0.004983
2026-07-06,2.425,0.002066
2026-07-07,2.415,-0.004124
2026-07-08,2.391,-0.009938
2026-07-09,2.401,0.004182
2026-07-10,2.392,-0.003748
2026-07-13,2.379,-0.005435
2026-07-14,2.391,0.005044
2026-07-15,2.417,0.010874
2026-07-16,2.408,-0.003724
2026-07-17,2.377,-0.012874
2026-07-20,2.406,0.0122
2026-07-21,2.424,0.007481
2026-07-22,2.422,-0.000825
2026-07-23,2.423,0.000413
2026-07-24,2.41,-0.005365
2026-07-27,2.434,0.009959
2026-07-28,2.429,-0.002054
2026-07-29,2.439,0.004117
2026-07-30,2.449,0.0041
2026-07-31,2.452,0.001225
2026-08-03,2.445,-0.002855
2026-08-04,2.444,-0.000409
2026-08-05,2.452,0.003273
2026-08-06,2.44,-0.004894
2026-08-07,2.446,0.002459
2026-08-10,2.465,0.007768
2026-08-11,2.464,-0.000406
2026-08-12,2.473,0.003653
2026-08-13,2.478,0.002022
2026-08-14,2.468,-0.004036
2026-08-17,2.476,0.003241
2026-08-18,2.481,0.002019
2026-08-19,2.451,-0.012092
2026-08-20,2.452,0.000408
2026-08-21,2.447,-0.002039
2026-08-24,2.445,-0.000817
2026-08-25,2.441,-0.001636
2026-08-26,2.442,0.00041
2026-08-27,2.447,0.002048
2026-08-28,2.444,-0.001226
2026-08-31,2.438,-0.002455
2026-09-01,2.439,0.00041
2026-09-02,2.431,-0.00328
2026-09-03,2.428,-0.001234
2026-09-04,2.431,0.001236
2026-09-07,2.435,0.001645
2026-09-08,2.424,-0.004517
2026-09-09,2.415,-0.003713
2026-09-10,2.405,-0.004141
2026-09-11,2.392,-0.005405
2026-09-14,2.401,0.003763
2026-09-15,2.384,-0.00708
2026-09-16,2.38,-0.001678
2026-09-17,2.387,0.002941
2026-09-18,2.393,0.002514
2026-09-21,2.403,0.004179
2026-09-22,2.402,-0.000416
2026-09-23,2.399,-0.001249
2026-09-24,2.382,-0.007086
2026-09-28,2.372,-0.004198
2026-09-29,2.37,-0.000843
2026-09-30,2.383,0.005485
