净值日期,累计净值,daily_return
2010-05-12,1.0,
2010-05-14,1.0,0.0
2010-05-21,1.001,0.001
2010-05-28,1.007,0.005994
2010-06-04,1.004,-0.002979
2010-06-11,1.009,0.00498
2010-06-18,0.999,-0.009911
2010-06-25,0.998,-0.001001
2010-06-30,0.983,-0.01503
2010-07-02,0.976,-0.007121
2010-07-09,0.986,0.010246
2010-07-12,0.989,0.003043
2010-07-13,0.984,-0.005056
2010-07-14,0.985,0.001016
2010-07-15,0.978,-0.007107
2010-07-16,0.977,-0.001022
2010-07-19,0.983,0.006141
2010-07-20,0.991,0.008138
2010-07-21,0.992,0.001009
2010-07-22,0.995,0.003024
2010-07-23,0.996,0.001005
2010-07-26,0.999,0.003012
2010-07-27,1.0,0.001001
2010-07-28,1.007,0.007
2010-07-29,1.006,-0.000993
2010-07-30,1.005,-0.000994
2010-08-02,1.015,0.00995
2010-08-03,1.004,-0.010837
2010-08-04,1.005,0.000996
2010-08-05,1.01,0.004975
2010-08-06,1.021,0.010891
2010-08-09,1.029,0.007835
2010-08-10,1.012,-0.016521
2010-08-11,1.019,0.006917
2010-08-12,1.017,-0.001963
2010-08-13,1.027,0.009833
2010-08-16,1.049,0.021422
2010-08-17,1.053,0.003813
2010-08-18,1.054,0.00095
2010-08-19,1.056,0.001898
2010-08-20,1.037,-0.017992
2010-08-23,1.04,0.002893
2010-08-24,1.052,0.011538
2010-08-25,1.036,-0.015209
2010-08-26,1.04,0.003861
2010-08-27,1.05,0.009615
2010-08-30,1.082,0.030476
2010-08-31,1.09,0.007394
2010-09-01,1.079,-0.010092
2010-09-02,1.098,0.017609
2010-09-03,1.108,0.009107
2010-09-06,1.108,0.0
2010-09-07,1.107,-0.000903
2010-09-08,1.115,0.007227
2010-09-09,1.106,-0.008072
2010-09-10,1.117,0.009946
2010-09-13,1.138,0.0188
2010-09-14,1.141,0.002636
2010-09-15,1.113,-0.02454
2010-09-16,1.085,-0.025157
2010-09-17,1.088,0.002765
2010-09-20,1.081,-0.006434
2010-09-21,1.084,0.002775
2010-09-27,1.118,0.031365
2010-09-28,1.108,-0.008945
2010-09-29,1.098,-0.009025
2010-09-30,1.107,0.008197
2010-10-08,1.124,0.015357
2010-10-11,1.124,0.0
2010-10-12,1.128,0.003559
2010-10-13,1.135,0.006206
2010-10-14,1.113,-0.019383
2010-10-15,1.115,0.001797
2010-10-18,1.091,-0.021525
2010-10-19,1.122,0.028414
2010-10-20,1.128,0.005348
2010-10-21,1.119,-0.007979
2010-10-22,1.135,0.014298
2010-10-25,1.172,0.032599
2010-10-26,1.161,-0.009386
2010-10-27,1.147,-0.012059
2010-10-28,1.153,0.005231
2010-10-29,1.16,0.006071
2010-11-01,1.2,0.034483
2010-11-02,1.195,-0.004167
2010-11-03,1.165,-0.025105
2010-11-04,1.185,0.017167
2010-11-05,1.207,0.018565
2010-11-08,1.222,0.012428
2010-11-09,1.227,0.004092
2010-11-10,1.245,0.01467
2010-11-11,1.248,0.00241
2010-11-12,1.179,-0.055288
2010-11-15,1.185,0.005089
2010-11-16,1.139,-0.038819
2010-11-17,1.094,-0.039508
2010-11-18,1.11,0.014625
2010-11-19,1.132,0.01982
2010-11-22,1.15,0.015901
2010-11-23,1.126,-0.02087
2010-11-24,1.157,0.027531
2010-11-25,1.169,0.010372
2010-11-26,1.17,0.000855
2010-11-29,1.166,-0.003419
2010-11-30,1.16,-0.005146
2010-12-01,1.156,-0.003448
2010-12-02,1.155,-0.000865
2010-12-03,1.148,-0.006061
2010-12-06,1.144,-0.003484
2010-12-07,1.164,0.017483
2010-12-08,1.169,0.004296
2010-12-09,1.152,-0.014542
2010-12-10,1.169,0.014757
2010-12-13,1.205,0.030796
2010-12-14,1.218,0.010788
2010-12-15,1.21,-0.006568
2010-12-16,1.213,0.002479
2010-12-17,1.217,0.003298
2010-12-20,1.202,-0.012325
2010-12-21,1.214,0.009983
2010-12-22,1.21,-0.003295
2010-12-23,1.183,-0.022314
2010-12-24,1.165,-0.015216
2010-12-27,1.147,-0.015451
2010-12-28,1.131,-0.013949
2010-12-29,1.144,0.011494
2010-12-30,1.159,0.013112
2010-12-31,1.196,0.031924
2011-01-04,1.201,0.004181
2011-01-05,1.204,0.002498
2011-01-06,1.196,-0.006645
2011-01-07,1.185,-0.009197
2011-01-10,1.149,-0.03038
2011-01-11,1.144,-0.004352
2011-01-12,1.148,0.003497
2011-01-13,1.145,-0.002613
2011-01-14,1.119,-0.022707
2011-01-17,1.074,-0.040214
2011-01-18,1.081,0.006518
2011-01-19,1.097,0.014801
2011-01-20,1.071,-0.023701
2011-01-21,1.067,-0.003735
2011-01-24,1.04,-0.025305
2011-01-25,1.032,-0.007692
2011-01-26,1.053,0.020349
2011-01-27,1.071,0.017094
2011-01-28,1.079,0.00747
2011-01-31,1.086,0.006487
2011-02-01,1.086,0.0
2011-02-09,1.08,-0.005525
2011-02-10,1.106,0.024074
2011-02-11,1.118,0.01085
2011-02-14,1.144,0.023256
2011-02-15,1.141,-0.002622
2011-02-16,1.152,0.009641
2011-02-17,1.157,0.00434
2011-02-18,1.141,-0.013829
2011-02-21,1.162,0.018405
2011-02-22,1.139,-0.019793
2011-02-23,1.139,0.0
2011-02-24,1.144,0.00439
2011-02-25,1.145,0.000874
2011-02-28,1.157,0.01048
2011-03-01,1.161,0.003457
2011-03-02,1.156,-0.004307
2011-03-03,1.14,-0.013841
2011-03-04,1.14,0.0
2011-03-07,1.15,0.008772
2011-03-08,1.148,-0.001739
2011-03-09,1.146,-0.001742
2011-03-10,1.144,-0.001745
2011-03-11,1.137,-0.006119
2011-03-14,1.149,0.010554
2011-03-15,1.128,-0.018277
2011-03-16,1.14,0.010638
2011-03-17,1.131,-0.007895
2011-03-18,1.129,-0.001768
2011-03-21,1.118,-0.009743
2011-03-22,1.122,0.003578
2011-03-23,1.127,0.004456
2011-03-24,1.134,0.006211
2011-03-25,1.136,0.001764
2011-03-28,1.123,-0.011444
2011-03-29,1.104,-0.016919
2011-03-30,1.095,-0.008152
2011-03-31,1.083,-0.010959
2011-04-01,1.096,0.012004
2011-04-06,1.088,-0.007299
2011-04-07,1.093,0.004596
2011-04-08,1.105,0.010979
2011-04-11,1.098,-0.006335
2011-04-12,1.101,0.002732
2011-04-13,1.107,0.00545
2011-04-14,1.106,-0.000903
2011-04-15,1.107,0.000904
2011-04-18,1.11,0.00271
2011-04-19,1.1,-0.009009
2011-04-20,1.102,0.001818
2011-04-21,1.107,0.004537
2011-04-22,1.097,-0.009033
2011-04-25,1.083,-0.012762
2011-04-26,1.072,-0.010157
2011-04-27,1.068,-0.003731
2011-04-28,1.049,-0.01779
2011-04-29,1.055,0.00572
2011-05-03,1.07,0.014218
2011-05-04,1.052,-0.016822
2011-05-05,1.052,0.0
2011-05-06,1.059,0.006654
2011-05-09,1.065,0.005666
2011-05-10,1.071,0.005634
2011-05-11,1.07,-0.000934
2011-05-12,1.061,-0.008411
2011-05-13,1.06,-0.000943
2011-05-16,1.051,-0.008491
2011-05-17,1.046,-0.004757
2011-05-18,1.05,0.003824
2011-05-19,1.049,-0.000952
2011-05-20,1.044,-0.004766
2011-05-23,1.019,-0.023946
2011-05-24,1.019,0.0
2011-05-25,1.01,-0.008832
2011-05-26,1.005,-0.00495
2011-05-27,0.995,-0.00995
2011-05-30,0.978,-0.017085
2011-05-31,0.993,0.015337
2011-06-01,1.002,0.009063
2011-06-02,0.991,-0.010978
2011-06-03,1.005,0.014127
2011-06-07,1.008,0.002985
2011-06-08,1.006,-0.001984
2011-06-09,0.989,-0.016899
2011-06-10,0.995,0.006067
2011-06-13,0.993,-0.00201
2011-06-14,1.007,0.014099
2011-06-15,1.002,-0.004965
2011-06-16,0.986,-0.015968
2011-06-17,0.978,-0.008114
2011-06-20,0.965,-0.013292
2011-06-21,0.978,0.013472
2011-06-22,0.98,0.002045
2011-06-23,0.996,0.016327
2011-06-24,1.02,0.024096
2011-06-27,1.032,0.011765
2011-06-28,1.031,-0.000969
2011-06-29,1.024,-0.00679
2011-06-30,1.036,0.011719
2011-07-01,1.034,-0.001931
2011-07-04,1.052,0.017408
2011-07-05,1.052,0.0
2011-07-06,1.052,0.0
2011-07-07,1.063,0.010456
2011-07-08,1.065,0.001881
2011-07-11,1.069,0.003756
2011-07-12,1.059,-0.009355
2011-07-13,1.072,0.012276
2011-07-14,1.074,0.001866
2011-07-15,1.077,0.002793
2011-07-18,1.07,-0.0065
2011-07-19,1.05,-0.018692
2011-07-20,1.055,0.004762
2011-07-21,1.047,-0.007583
2011-07-22,1.052,0.004776
2011-07-25,1.017,-0.03327
2011-07-26,1.016,-0.000983
2011-07-27,1.037,0.020669
2011-07-28,1.027,-0.009643
2011-07-29,1.02,-0.006816
2011-08-01,1.025,0.004902
2011-08-02,1.02,-0.004878
2011-08-03,1.025,0.004902
2011-08-04,1.031,0.005854
2011-08-05,1.021,-0.009699
2011-08-08,0.996,-0.024486
2011-08-09,1.003,0.007028
2011-08-10,1.012,0.008973
2011-08-11,1.03,0.017787
2011-08-12,1.035,0.004854
2011-08-15,1.054,0.018357
2011-08-16,1.046,-0.00759
2011-08-17,1.043,-0.002868
2011-08-18,1.023,-0.019175
2011-08-19,1.023,0.0
2011-08-22,1.014,-0.008798
2011-08-23,1.025,0.010848
2011-08-24,1.026,0.000976
2011-08-25,1.04,0.013645
2011-08-26,1.043,0.002885
2011-08-29,1.037,-0.005753
2011-08-30,1.031,-0.005786
2011-08-31,1.024,-0.00679
2011-09-01,1.019,-0.004883
2011-09-02,1.005,-0.013739
2011-09-05,0.986,-0.018905
2011-09-06,0.979,-0.007099
2011-09-07,0.995,0.016343
2011-09-08,0.991,-0.00402
2011-09-09,0.985,-0.006054
2011-09-13,0.969,-0.016244
2011-09-14,0.974,0.00516
2011-09-15,0.977,0.00308
2011-09-16,0.976,-0.001024
2011-09-19,0.962,-0.014344
2011-09-20,0.963,0.00104
2011-09-21,0.98,0.017653
2011-09-22,0.961,-0.019388
2011-09-23,0.952,-0.009365
2011-09-26,0.937,-0.015756
2011-09-27,0.937,0.0
2011-09-28,0.93,-0.007471
2011-09-29,0.913,-0.01828
2011-09-30,0.912,-0.001095
2011-10-10,0.908,-0.004386
2011-10-11,0.904,-0.004405
2011-10-12,0.928,0.026549
2011-10-13,0.933,0.005388
2011-10-14,0.931,-0.002144
2011-10-17,0.939,0.008593
2011-10-18,0.921,-0.019169
2011-10-19,0.916,-0.005429
2011-10-20,0.894,-0.024017
2011-10-21,0.89,-0.004474
2011-10-24,0.898,0.008989
2011-10-25,0.911,0.014477
2011-10-26,0.915,0.004391
2011-10-27,0.907,-0.008743
2011-10-28,0.92,0.014333
2011-10-31,0.92,0.0
2011-11-01,0.923,0.003261
2011-11-02,0.94,0.018418
2011-11-03,0.943,0.003191
2011-11-04,0.947,0.004242
2011-11-07,0.942,-0.00528
2011-11-08,0.934,-0.008493
2011-11-09,0.942,0.008565
2011-11-10,0.937,-0.005308
2011-11-11,0.939,0.002134
2011-11-14,0.955,0.017039
2011-11-15,0.955,0.0
2011-11-16,0.94,-0.015707
2011-11-17,0.939,-0.001064
2011-11-18,0.925,-0.014909
2011-11-21,0.929,0.004324
2011-11-22,0.932,0.003229
2011-11-23,0.933,0.001073
2011-11-24,0.933,0.0
2011-11-25,0.928,-0.005359
2011-11-28,0.928,0.0
2011-11-29,0.928,0.0
2011-11-30,0.908,-0.021552
2011-12-01,0.919,0.012115
2011-12-02,0.914,-0.005441
2011-12-05,0.896,-0.019694
2011-12-06,0.893,-0.003348
2011-12-07,0.897,0.004479
2011-12-08,0.897,0.0
2011-12-09,0.889,-0.008919
2011-12-12,0.877,-0.013498
2011-12-13,0.866,-0.012543
2011-12-14,0.86,-0.006928
2011-12-15,0.855,-0.005814
2011-12-16,0.872,0.019883
2011-12-19,0.873,0.001147
2011-12-20,0.865,-0.009164
2011-12-21,0.856,-0.010405
2011-12-22,0.857,0.001168
2011-12-23,0.859,0.002334
2011-12-26,0.849,-0.011641
2011-12-27,0.834,-0.017668
2011-12-28,0.834,0.0
2011-12-29,0.838,0.004796
2011-12-30,0.846,0.009547
2011-12-31,0.846,0.0
2012-01-04,0.828,-0.021277
2012-01-05,0.81,-0.021739
2012-01-06,0.813,0.003704
2012-01-09,0.826,0.01599
2012-01-10,0.847,0.025424
2012-01-11,0.845,-0.002361
2012-01-12,0.842,-0.00355
2012-01-13,0.826,-0.019002
2012-01-16,0.806,-0.024213
2012-01-17,0.826,0.024814
2012-01-18,0.802,-0.029056
2012-01-19,0.812,0.012469
2012-01-20,0.829,0.020936
2012-01-30,0.819,-0.012063
2012-01-31,0.819,0.0
2012-02-01,0.816,-0.003663
2012-02-02,0.825,0.011029
2012-02-03,0.834,0.010909
2012-02-06,0.84,0.007194
2012-02-07,0.836,-0.004762
2012-02-08,0.848,0.014354
2012-02-09,0.849,0.001179
2012-02-10,0.848,-0.001178
2012-02-13,0.852,0.004717
2012-02-14,0.851,-0.001174
2012-02-15,0.857,0.007051
2012-02-16,0.855,-0.002334
2012-02-17,0.854,-0.00117
2012-02-20,0.851,-0.003513
2012-02-21,0.857,0.007051
2012-02-22,0.865,0.009335
2012-02-23,0.869,0.004624
2012-02-24,0.876,0.008055
2012-02-27,0.878,0.002283
2012-02-28,0.88,0.002278
2012-02-29,0.875,-0.005682
2012-03-01,0.872,-0.003429
2012-03-02,0.878,0.006881
2012-03-05,0.872,-0.006834
2012-03-06,0.86,-0.013761
2012-03-07,0.853,-0.00814
2012-03-08,0.862,0.010551
2012-03-09,0.874,0.013921
2012-03-12,0.881,0.008009
2012-03-13,0.888,0.007946
2012-03-14,0.869,-0.021396
2012-03-15,0.874,0.005754
2012-03-16,0.891,0.019451
2012-03-19,0.892,0.001122
2012-03-20,0.877,-0.016816
2012-03-21,0.873,-0.004561
2012-03-22,0.873,0.0
2012-03-23,0.869,-0.004582
2012-03-26,0.876,0.008055
2012-03-27,0.869,-0.007991
2012-03-28,0.848,-0.024166
2012-03-29,0.842,-0.007075
2012-03-30,0.844,0.002375
2012-03-31,0.844,0.0
2012-04-05,0.862,0.021327
2012-04-06,0.86,-0.00232
2012-04-09,0.855,-0.005814
2012-04-10,0.862,0.008187
2012-04-11,0.863,0.00116
2012-04-12,0.872,0.010429
2012-04-13,0.873,0.001147
2012-04-16,0.87,-0.003436
2012-04-17,0.864,-0.006897
2012-04-18,0.872,0.009259
2012-04-19,0.87,-0.002294
2012-04-20,0.875,0.005747
2012-04-23,0.875,0.0
2012-04-24,0.872,-0.003429
2012-04-25,0.874,0.002294
2012-04-26,0.873,-0.001144
2012-04-27,0.875,0.002291
2012-05-02,0.886,0.012571
2012-05-03,0.893,0.007901
2012-05-04,0.901,0.008959
2012-05-07,0.913,0.013319
2012-05-08,0.911,-0.002191
2012-05-09,0.899,-0.013172
2012-05-10,0.902,0.003337
2012-05-11,0.901,-0.001109
2012-05-14,0.897,-0.00444
2012-05-15,0.896,-0.001115
2012-05-16,0.885,-0.012277
2012-05-17,0.889,0.00452
2012-05-18,0.881,-0.008999
2012-05-21,0.886,0.005675
2012-05-22,0.895,0.010158
2012-05-23,0.893,-0.002235
2012-05-24,0.885,-0.008959
2012-05-25,0.874,-0.012429
2012-05-28,0.882,0.009153
2012-05-29,0.892,0.011338
2012-05-30,0.896,0.004484
2012-05-31,0.902,0.006696
2012-06-01,0.906,0.004435
2012-06-04,0.895,-0.012141
2012-06-05,0.903,0.008939
2012-06-06,0.9,-0.003322
2012-06-07,0.901,0.001111
2012-06-08,0.896,-0.005549
2012-06-11,0.906,0.011161
2012-06-12,0.911,0.005519
2012-06-13,0.924,0.01427
2012-06-14,0.924,0.0
2012-06-15,0.925,0.001082
2012-06-18,0.928,0.003243
2012-06-19,0.931,0.003233
2012-06-20,0.926,-0.005371
2012-06-21,0.915,-0.011879
2012-06-25,0.908,-0.00765
2012-06-26,0.908,0.0
2012-06-27,0.908,0.0
2012-06-28,0.904,-0.004405
2012-06-29,0.911,0.007743
2012-06-30,0.911,0.0
2012-07-02,0.925,0.015368
2012-07-03,0.927,0.002162
2012-07-04,0.922,-0.005394
2012-07-05,0.917,-0.005423
2012-07-06,0.933,0.017448
2012-07-09,0.93,-0.003215
2012-07-10,0.921,-0.009677
2012-07-11,0.937,0.017372
2012-07-12,0.939,0.002134
2012-07-13,0.941,0.00213
2012-07-16,0.921,-0.021254
2012-07-17,0.905,-0.017372
2012-07-18,0.9,-0.005525
2012-07-19,0.906,0.006667
2012-07-20,0.903,-0.003311
2012-07-23,0.898,-0.005537
2012-07-24,0.905,0.007795
2012-07-25,0.905,0.0
2012-07-26,0.897,-0.00884
2012-07-27,0.885,-0.013378
2012-07-30,0.881,-0.00452
2012-07-31,0.881,0.0
2012-08-01,0.887,0.00681
2012-08-02,0.893,0.006764
2012-08-03,0.902,0.010078
2012-08-06,0.913,0.012195
2012-08-07,0.913,0.0
2012-08-08,0.908,-0.005476
2012-08-09,0.923,0.01652
2012-08-10,0.914,-0.009751
2012-08-13,0.906,-0.008753
2012-08-14,0.909,0.003311
2012-08-15,0.903,-0.006601
2012-08-16,0.898,-0.005537
2012-08-17,0.892,-0.006682
2012-08-20,0.89,-0.002242
2012-08-21,0.902,0.013483
2012-08-22,0.893,-0.009978
2012-08-23,0.886,-0.007839
2012-08-24,0.878,-0.009029
2012-08-27,0.863,-0.017084
2012-08-28,0.863,0.0
2012-08-29,0.854,-0.010429
2012-08-30,0.838,-0.018735
2012-08-31,0.838,0.0
2012-09-03,0.845,0.008353
2012-09-04,0.845,0.0
2012-09-05,0.848,0.00355
2012-09-06,0.852,0.004717
2012-09-07,0.875,0.026995
2012-09-10,0.875,0.0
2012-09-11,0.871,-0.004571
2012-09-12,0.871,0.0
2012-09-13,0.863,-0.009185
2012-09-14,0.862,-0.001159
2012-09-17,0.853,-0.010441
2012-09-18,0.848,-0.005862
2012-09-19,0.848,0.0
2012-09-20,0.833,-0.017689
2012-09-21,0.826,-0.008403
2012-09-24,0.83,0.004843
2012-09-25,0.832,0.00241
2012-09-26,0.823,-0.010817
2012-09-27,0.834,0.013366
2012-09-28,0.847,0.015588
2012-09-30,0.847,0.0
2012-10-08,0.846,-0.001181
2012-10-09,0.869,0.027187
2012-10-10,0.875,0.006904
2012-10-11,0.867,-0.009143
2012-10-12,0.867,0.0
2012-10-15,0.866,-0.001153
2012-10-16,0.876,0.011547
2012-10-17,0.877,0.001142
2012-10-18,0.887,0.011403
2012-10-19,0.881,-0.006764
2012-10-22,0.883,0.00227
2012-10-23,0.861,-0.024915
2012-10-24,0.855,-0.006969
2012-10-25,0.852,-0.003509
2012-10-26,0.835,-0.019953
2012-10-29,0.835,0.0
2012-10-30,0.832,-0.003593
2012-10-31,0.836,0.004808
2012-11-01,0.847,0.013158
2012-11-02,0.847,0.0
2012-11-05,0.841,-0.007084
2012-11-06,0.839,-0.002378
2012-11-07,0.839,0.0
2012-11-08,0.83,-0.010727
2012-11-09,0.826,-0.004819
2012-11-12,0.822,-0.004843
2012-11-13,0.812,-0.012165
2012-11-14,0.816,0.004926
2012-11-15,0.809,-0.008578
2012-11-16,0.804,-0.00618
2012-11-19,0.798,-0.007463
2012-11-20,0.797,-0.001253
2012-11-21,0.8,0.003764
2012-11-22,0.796,-0.005
2012-11-23,0.8,0.005025
2012-11-26,0.794,-0.0075
2012-11-27,0.781,-0.016373
2012-11-28,0.773,-0.010243
2012-11-29,0.771,-0.002587
2012-11-30,0.776,0.006485
2012-12-03,0.76,-0.020619
2012-12-04,0.763,0.003947
2012-12-05,0.779,0.02097
2012-12-06,0.776,-0.003851
2012-12-07,0.787,0.014175
2012-12-10,0.791,0.005083
2012-12-11,0.789,-0.002528
2012-12-12,0.79,0.001267
2012-12-13,0.784,-0.007595
2012-12-14,0.802,0.022959
2012-12-17,0.794,-0.009975
2012-12-18,0.793,-0.001259
2012-12-19,0.798,0.006305
2012-12-20,0.801,0.003759
2012-12-21,0.808,0.008739
2012-12-24,0.812,0.00495
2012-12-25,0.821,0.011084
2012-12-26,0.829,0.009744
2012-12-27,0.825,-0.004825
2012-12-28,0.841,0.019394
2012-12-31,0.851,0.011891
2013-01-04,0.836,-0.017626
2013-01-07,0.837,0.001196
2013-01-08,0.849,0.014337
2013-01-09,0.852,0.003534
2013-01-10,0.857,0.005869
2013-01-11,0.847,-0.011669
2013-01-14,0.875,0.033058
2013-01-15,0.88,0.005714
2013-01-16,0.876,-0.004545
2013-01-17,0.872,-0.004566
2013-01-18,0.886,0.016055
2013-01-21,0.885,-0.001129
2013-01-22,0.869,-0.018079
2013-01-23,0.877,0.009206
2013-01-24,0.863,-0.015964
2013-01-25,0.869,0.006952
2013-01-28,0.885,0.018412
2013-01-29,0.886,0.00113
2013-01-30,0.882,-0.004515
2013-01-31,0.878,-0.004535
2013-02-01,0.884,0.006834
2013-02-04,0.868,-0.0181
2013-02-05,0.876,0.009217
2013-02-06,0.878,0.002283
2013-02-07,0.887,0.010251
2013-02-08,0.903,0.018038
2013-02-18,0.896,-0.007752
2013-02-19,0.886,-0.011161
2013-02-20,0.905,0.021445
2013-02-21,0.892,-0.014365
2013-02-22,0.889,-0.003363
2013-02-25,0.894,0.005624
2013-02-26,0.887,-0.00783
2013-02-27,0.881,-0.006764
2013-02-28,0.889,0.009081
2013-03-01,0.891,0.00225
2013-03-04,0.87,-0.023569
2013-03-05,0.886,0.018391
2013-03-06,0.892,0.006772
2013-03-07,0.885,-0.007848
2013-03-08,0.873,-0.013559
2013-03-11,0.872,-0.001145
2013-03-12,0.859,-0.014908
2013-03-13,0.854,-0.005821
2013-03-14,0.86,0.007026
2013-03-15,0.859,-0.001163
2013-03-18,0.85,-0.010477
2013-03-19,0.847,-0.003529
2013-03-20,0.87,0.027155
2013-03-21,0.874,0.004598
2013-03-22,0.884,0.011442
2013-03-25,0.883,-0.001131
2013-03-26,0.884,0.001133
2013-03-27,0.889,0.005656
2013-03-28,0.878,-0.012373
2013-03-29,0.872,-0.006834
2013-04-01,0.872,0.0
2013-04-02,0.856,-0.018349
2013-04-03,0.848,-0.009346
2013-04-08,0.856,0.009434
2013-04-09,0.855,-0.001168
2013-04-10,0.852,-0.003509
2013-04-11,0.851,-0.001174
2013-04-12,0.853,0.00235
2013-04-15,0.849,-0.004689
2013-04-16,0.849,0.0
2013-04-17,0.863,0.01649
2013-04-18,0.863,0.0
2013-04-19,0.881,0.020857
2013-04-22,0.882,0.001135
2013-04-23,0.865,-0.019274
2013-04-24,0.88,0.017341
2013-04-25,0.872,-0.009091
2013-04-26,0.861,-0.012615
2013-05-02,0.86,-0.001161
2013-05-03,0.873,0.015116
2013-05-06,0.885,0.013746
2013-05-07,0.886,0.00113
2013-05-08,0.897,0.012415
2013-05-09,0.899,0.00223
2013-05-10,0.907,0.008899
2013-05-13,0.905,-0.002205
2013-05-14,0.894,-0.012155
2013-05-15,0.9,0.006711
2013-05-16,0.9,0.0
2013-05-17,0.911,0.012222
2013-05-20,0.912,0.001098
2013-05-21,0.917,0.005482
2013-05-22,0.913,-0.004362
2013-05-23,0.906,-0.007667
2013-05-24,0.914,0.00883
2013-05-27,0.915,0.001094
2013-05-28,0.919,0.004372
2013-05-29,0.922,0.003264
2013-05-30,0.923,0.001085
2013-05-31,0.919,-0.004334
2013-06-03,0.909,-0.010881
2013-06-04,0.895,-0.015402
2013-06-05,0.898,0.003352
2013-06-06,0.89,-0.008909
2013-06-07,0.873,-0.019101
2013-06-13,0.856,-0.019473
2013-06-14,0.868,0.014019
2013-06-17,0.883,0.017281
2013-06-18,0.883,0.0
2013-06-19,0.883,0.0
2013-06-20,0.861,-0.024915
2013-06-21,0.858,-0.003484
2013-06-24,0.826,-0.037296
2013-06-25,0.825,-0.001211
2013-06-26,0.835,0.012121
2013-06-27,0.827,-0.009581
2013-06-28,0.831,0.004837
2013-06-30,0.831,0.0
2013-07-01,0.845,0.016847
2013-07-02,0.861,0.018935
2013-07-03,0.86,-0.001161
2013-07-04,0.861,0.001163
2013-07-05,0.857,-0.004646
2013-07-08,0.836,-0.024504
2013-07-09,0.838,0.002392
2013-07-10,0.853,0.0179
2013-07-11,0.874,0.024619
2013-07-12,0.868,-0.006865
2013-07-15,0.877,0.010369
2013-07-16,0.883,0.006842
2013-07-17,0.871,-0.01359
2013-07-18,0.865,-0.006889
2013-07-19,0.85,-0.017341
2013-07-22,0.854,0.004706
2013-07-23,0.878,0.028103
2013-07-24,0.884,0.006834
2013-07-25,0.879,-0.005656
2013-07-26,0.877,-0.002275
2013-07-29,0.867,-0.011403
2013-07-30,0.869,0.002307
2013-07-31,0.868,-0.001151
2013-08-01,0.882,0.016129
2013-08-02,0.884,0.002268
2013-08-05,0.898,0.015837
2013-08-06,0.904,0.006682
2013-08-07,0.893,-0.012168
2013-08-08,0.892,-0.00112
2013-08-09,0.894,0.002242
2013-08-12,0.915,0.02349
2013-08-13,0.917,0.002186
2013-08-14,0.914,-0.003272
2013-08-15,0.907,-0.007659
2013-08-16,0.897,-0.011025
2013-08-19,0.906,0.010033
2013-08-20,0.914,0.00883
2013-08-21,0.918,0.004376
2013-08-22,0.923,0.005447
2013-08-23,0.917,-0.006501
2013-08-26,0.927,0.010905
2013-08-27,0.929,0.002157
2013-08-28,0.917,-0.012917
2013-08-29,0.914,-0.003272
2013-08-30,0.902,-0.013129
2013-09-02,0.901,-0.001109
2013-09-03,0.913,0.013319
2013-09-04,0.911,-0.002191
2013-09-05,0.911,0.0
2013-09-06,0.921,0.010977
2013-09-09,0.924,0.003257
2013-09-10,0.93,0.006494
2013-09-11,0.924,-0.006452
2013-09-12,0.928,0.004329
2013-09-13,0.927,-0.001078
2013-09-16,0.93,0.003236
2013-09-17,0.912,-0.019355
2013-09-18,0.915,0.003289
2013-09-23,0.928,0.014208
2013-09-24,0.923,-0.005388
2013-09-25,0.914,-0.009751
2013-09-26,0.915,0.001094
2013-09-27,0.923,0.008743
2013-09-30,0.931,0.008667
2013-10-08,0.93,-0.001074
2013-10-09,0.934,0.004301
2013-10-10,0.926,-0.008565
2013-10-11,0.932,0.006479
2013-10-14,0.932,0.0
2013-10-15,0.937,0.005365
2013-10-16,0.918,-0.020277
2013-10-17,0.912,-0.006536
2013-10-18,0.911,-0.001096
2013-10-21,0.927,0.017563
2013-10-22,0.923,-0.004315
2013-10-23,0.918,-0.005417
2013-10-24,0.92,0.002179
2013-10-25,0.898,-0.023913
2013-10-28,0.88,-0.020045
2013-10-29,0.87,-0.011364
2013-10-30,0.878,0.009195
2013-10-31,0.877,-0.001139
2013-11-01,0.878,0.00114
2013-11-04,0.871,-0.007973
2013-11-05,0.877,0.006889
2013-11-06,0.87,-0.007982
2013-11-07,0.866,-0.004598
2013-11-08,0.859,-0.008083
2013-11-11,0.869,0.011641
2013-11-12,0.876,0.008055
2013-11-13,0.868,-0.009132
2013-11-14,0.88,0.013825
2013-11-15,0.888,0.009091
2013-11-18,0.9,0.013514
2013-11-19,0.897,-0.003333
2013-11-20,0.899,0.00223
2013-11-21,0.903,0.004449
2013-11-22,0.895,-0.008859
2013-11-25,0.897,0.002235
2013-11-26,0.901,0.004459
2013-11-27,0.91,0.009989
2013-11-28,0.916,0.006593
2013-11-29,0.925,0.009825
2013-12-02,0.893,-0.034595
2013-12-03,0.91,0.019037
2013-12-04,0.915,0.005495
2013-12-05,0.911,-0.004372
2013-12-06,0.907,-0.004391
2013-12-09,0.913,0.006615
2013-12-10,0.908,-0.005476
2013-12-11,0.899,-0.009912
2013-12-12,0.904,0.005562
2013-12-13,0.902,-0.002212
2013-12-16,0.887,-0.01663
2013-12-17,0.889,0.002255
2013-12-18,0.891,0.00225
2013-12-19,0.883,-0.008979
2013-12-20,0.868,-0.016988
2013-12-23,0.872,0.004608
2013-12-24,0.873,0.001147
2013-12-25,0.883,0.011455
2013-12-26,0.874,-0.010193
2013-12-27,0.889,0.017162
2013-12-30,0.888,-0.001125
2013-12-31,0.897,0.010135
2014-01-02,0.913,0.017837
2014-01-03,0.908,-0.005476
2014-01-06,0.889,-0.020925
2014-01-07,0.891,0.00225
2014-01-08,0.893,0.002245
2014-01-09,0.884,-0.010078
2014-01-10,0.875,-0.010181
2014-01-13,0.867,-0.009143
2014-01-14,0.877,0.011534
2014-01-15,0.878,0.00114
2014-01-16,0.887,0.010251
2014-01-17,0.876,-0.012401
2014-01-20,0.868,-0.009132
2014-01-21,0.871,0.003456
2014-01-22,0.888,0.019518
2014-01-23,0.893,0.005631
2014-01-24,0.908,0.016797
2014-01-27,0.898,-0.011013
2014-01-28,0.895,-0.003341
2014-01-29,0.905,0.011173
2014-01-30,0.904,-0.001105
2014-02-07,0.913,0.009956
2014-02-10,0.939,0.028478
2014-02-11,0.939,0.0
2014-02-12,0.953,0.014909
2014-02-13,0.938,-0.01574
2014-02-14,0.943,0.00533
2014-02-17,0.955,0.012725
2014-02-18,0.947,-0.008377
2014-02-19,0.944,-0.003168
2014-02-20,0.936,-0.008475
2014-02-21,0.933,-0.003205
2014-02-24,0.929,-0.004287
2014-02-25,0.898,-0.033369
2014-02-26,0.907,0.010022
2014-02-27,0.894,-0.014333
2014-02-28,0.911,0.019016
2014-03-03,0.929,0.019759
2014-03-04,0.927,-0.002153
2014-03-05,0.919,-0.00863
2014-03-06,0.918,-0.001088
2014-03-07,0.925,0.007625
2014-03-10,0.903,-0.023784
2014-03-11,0.901,-0.002215
2014-03-12,0.895,-0.006659
2014-03-13,0.912,0.018994
2014-03-14,0.911,-0.001096
2014-03-17,0.927,0.017563
2014-03-18,0.932,0.005394
2014-03-19,0.919,-0.013948
2014-03-20,0.899,-0.021763
2014-03-21,0.914,0.016685
2014-03-24,0.916,0.002188
2014-03-25,0.91,-0.00655
2014-03-26,0.921,0.012088
2014-03-27,0.901,-0.021716
2014-03-28,0.878,-0.025527
2014-03-31,0.879,0.001139
2014-04-01,0.894,0.017065
2014-04-02,0.887,-0.00783
2014-04-03,0.884,-0.003382
2014-04-04,0.894,0.011312
2014-04-08,0.908,0.01566
2014-04-09,0.917,0.009912
2014-04-10,0.929,0.013086
2014-04-11,0.928,-0.001076
2014-04-14,0.933,0.005388
2014-04-15,0.924,-0.009646
2014-04-16,0.925,0.001082
2014-04-17,0.925,0.0
2014-04-18,0.928,0.003243
2014-04-21,0.917,-0.011853
2014-04-22,0.909,-0.008724
2014-04-23,0.915,0.006601
2014-04-24,0.909,-0.006557
2014-04-25,0.889,-0.022002
2014-04-28,0.863,-0.029246
2014-04-29,0.882,0.022016
2014-04-30,0.896,0.015873
2014-05-05,0.901,0.00558
2014-05-06,0.907,0.006659
2014-05-07,0.894,-0.014333
2014-05-08,0.893,-0.001119
2014-05-09,0.885,-0.008959
2014-05-12,0.903,0.020339
2014-05-13,0.9,-0.003322
2014-05-14,0.9,0.0
2014-05-15,0.889,-0.012222
2014-05-16,0.882,-0.007874
2014-05-19,0.875,-0.007937
2014-05-20,0.876,0.001143
2014-05-21,0.885,0.010274
2014-05-22,0.888,0.00339
2014-05-23,0.899,0.012387
2014-05-26,0.907,0.008899
2014-05-27,0.904,-0.003308
2014-05-28,0.916,0.013274
2014-05-29,0.907,-0.009825
2014-05-30,0.909,0.002205
2014-06-03,0.9,-0.009901
2014-06-04,0.892,-0.008889
2014-06-05,0.901,0.01009
2014-06-06,0.904,0.00333
2014-06-09,0.903,-0.001106
2014-06-10,0.914,0.012182
2014-06-11,0.922,0.008753
2014-06-12,0.922,0.0
2014-06-13,0.938,0.017354
2014-06-16,0.942,0.004264
2014-06-17,0.929,-0.0138
2014-06-18,0.922,-0.007535
2014-06-19,0.905,-0.018438
2014-06-20,0.915,0.01105
2014-06-23,0.925,0.010929
2014-06-24,0.928,0.003243
2014-06-25,0.922,-0.006466
2014-06-26,0.935,0.0141
2014-06-27,0.942,0.007487
2014-06-30,0.949,0.007431
2014-07-01,0.952,0.003161
2014-07-02,0.955,0.003151
2014-07-03,0.963,0.008377
2014-07-04,0.961,-0.002077
2014-07-07,0.958,-0.003122
2014-07-08,0.972,0.014614
2014-07-09,0.955,-0.01749
2014-07-10,0.957,0.002094
2014-07-11,0.957,0.0
2014-07-14,0.975,0.018809
2014-07-15,0.978,0.003077
2014-07-16,0.96,-0.018405
2014-07-17,0.954,-0.00625
2014-07-18,0.965,0.01153
2014-07-21,0.961,-0.004145
2014-07-22,0.986,0.026015
2014-07-23,0.981,-0.005071
2014-07-24,0.981,0.0
2014-07-25,0.987,0.006116
2014-07-28,1.002,0.015198
2014-07-29,1.003,0.000998
2014-07-30,1.007,0.003988
2014-07-31,1.014,0.006951
2014-08-01,1.005,-0.008876
2014-08-04,1.018,0.012935
2014-08-05,1.025,0.006876
2014-08-06,1.035,0.009756
2014-08-07,1.025,-0.009662
2014-08-08,1.035,0.009756
2014-08-11,1.044,0.008696
2014-08-12,1.043,-0.000958
2014-08-13,1.037,-0.005753
2014-08-14,1.032,-0.004822
2014-08-15,1.04,0.007752
2014-08-18,1.056,0.015385
2014-08-19,1.055,-0.000947
2014-08-20,1.056,0.000948
2014-08-21,1.053,-0.002841
2014-08-22,1.057,0.003799
2014-08-25,1.052,-0.00473
2014-08-26,1.04,-0.011407
2014-08-27,1.044,0.003846
2014-08-28,1.037,-0.006705
2014-08-29,1.048,0.010608
2014-09-01,1.066,0.017176
2014-09-02,1.079,0.012195
2014-09-03,1.087,0.007414
2014-09-04,1.092,0.0046
2014-09-05,1.099,0.00641
2014-09-09,1.098,-0.00091
2014-09-10,1.101,0.002732
2014-09-11,1.093,-0.007266
2014-09-12,1.104,0.010064
2014-09-15,1.11,0.005435
2014-09-16,1.076,-0.030631
2014-09-17,1.082,0.005576
2014-09-18,1.091,0.008318
2014-09-19,1.099,0.007333
2014-09-22,1.092,-0.006369
2014-09-23,1.106,0.012821
2014-09-24,1.116,0.009042
2014-09-25,1.122,0.005376
2014-09-26,1.127,0.004456
2014-09-29,1.135,0.007098
2014-09-30,1.148,0.011454
2014-10-08,1.151,0.002613
2014-10-09,1.153,0.001738
2014-10-10,1.155,0.001735
2014-10-13,1.151,-0.003463
2014-10-14,1.15,-0.000869
2014-10-15,1.158,0.006957
2014-10-16,1.142,-0.013817
2014-10-17,1.123,-0.016637
2014-10-20,1.141,0.016028
2014-10-21,1.139,-0.001753
2014-10-22,1.12,-0.016681
2014-10-23,1.103,-0.015179
2014-10-24,1.109,0.00544
2014-10-27,1.121,0.010821
2014-10-28,1.143,0.019625
2014-10-29,1.149,0.005249
2014-10-30,1.154,0.004352
2014-10-31,1.146,-0.006932
2014-11-03,1.154,0.006981
2014-11-04,1.141,-0.011265
2014-11-05,1.14,-0.000876
2014-11-06,1.155,0.013158
2014-11-07,1.155,0.0
2014-11-10,1.154,-0.000866
2014-11-11,1.119,-0.030329
2014-11-12,1.132,0.011618
2014-11-13,1.107,-0.022085
2014-11-14,1.106,-0.000903
2014-11-17,1.118,0.01085
2014-11-18,1.115,-0.002683
2014-11-19,1.128,0.011659
2014-11-20,1.123,-0.004433
2014-11-21,1.142,0.016919
2014-11-24,1.16,0.015762
2014-11-25,1.18,0.017241
2014-11-26,1.199,0.016102
2014-11-27,1.212,0.010842
2014-11-28,1.219,0.005776
2014-12-01,1.213,-0.004922
2014-12-02,1.236,0.018961
2014-12-03,1.246,0.008091
2014-12-04,1.29,0.035313
2014-12-05,1.263,-0.02093
2014-12-08,1.266,0.002375
2014-12-09,1.204,-0.048973
2014-12-10,1.234,0.024917
2014-12-11,1.236,0.001621
2014-12-12,1.257,0.01699
2014-12-15,1.294,0.029435
2014-12-16,1.306,0.009274
2014-12-17,1.301,-0.003828
2014-12-18,1.282,-0.014604
2014-12-19,1.263,-0.014821
2014-12-22,1.216,-0.037213
2014-12-23,1.199,-0.01398
2014-12-24,1.214,0.01251
2014-12-25,1.225,0.009061
2014-12-26,1.239,0.011429
2014-12-29,1.214,-0.020178
2014-12-30,1.187,-0.022241
2014-12-31,1.196,0.007582
2015-01-05,1.197,0.000836
2015-01-06,1.237,0.033417
2015-01-07,1.239,0.001617
2015-01-08,1.244,0.004036
2015-01-09,1.253,0.007235
2015-01-12,1.269,0.012769
2015-01-13,1.292,0.018125
2015-01-14,1.276,-0.012384
2015-01-15,1.288,0.009404
2015-01-16,1.307,0.014752
2015-01-19,1.268,-0.029839
2015-01-20,1.312,0.0347
2015-01-21,1.33,0.01372
2015-01-22,1.35,0.015038
2015-01-23,1.339,-0.008148
2015-01-26,1.367,0.020911
2015-01-27,1.372,0.003658
2015-01-28,1.361,-0.008017
2015-01-29,1.359,-0.00147
2015-01-30,1.346,-0.009566
2015-02-02,1.336,-0.007429
2015-02-03,1.37,0.025449
2015-02-04,1.373,0.00219
2015-02-05,1.37,-0.002185
2015-02-06,1.336,-0.024818
2015-02-09,1.337,0.000749
2015-02-10,1.354,0.012715
2015-02-11,1.364,0.007386
2015-02-12,1.366,0.001466
2015-02-13,1.378,0.008785
2015-02-16,1.404,0.018868
2015-02-17,1.406,0.001425
2015-02-25,1.383,-0.016358
2015-02-26,1.394,0.007954
2015-02-27,1.405,0.007891
2015-03-02,1.429,0.017082
2015-03-03,1.41,-0.013296
2015-03-04,1.43,0.014184
2015-03-05,1.435,0.003497
2015-03-06,1.419,-0.01115
2015-03-09,1.438,0.01339
2015-03-10,1.454,0.011127
2015-03-11,1.452,-0.001376
2015-03-12,1.46,0.00551
2015-03-13,1.469,0.006164
2015-03-16,1.516,0.031995
2015-03-17,1.526,0.006596
2015-03-18,1.559,0.021625
2015-03-19,1.564,0.003207
2015-03-20,1.581,0.01087
2015-03-23,1.61,0.018343
2015-03-24,1.614,0.002484
2015-03-25,1.624,0.006196
2015-03-26,1.628,0.002463
2015-03-27,1.643,0.009214
2015-03-30,1.657,0.008521
2015-03-31,1.66,0.001811
2015-04-01,1.689,0.01747
2015-04-02,1.703,0.008289
2015-04-03,1.718,0.008808
2015-04-07,1.753,0.020373
2015-04-08,1.745,-0.004564
2015-04-09,1.72,-0.014327
2015-04-10,1.78,0.034884
2015-04-13,1.801,0.011798
2015-04-14,1.779,-0.012215
2015-04-15,1.737,-0.023609
2015-04-16,1.78,0.024755
2015-04-17,1.781,0.000562
2015-04-20,1.732,-0.027513
2015-04-21,1.784,0.030023
2015-04-22,1.824,0.022422
2015-04-23,1.827,0.001645
2015-04-24,1.807,-0.010947
2015-04-27,1.829,0.012175
2015-04-28,1.79,-0.021323
2015-04-29,1.802,0.006704
2015-04-30,1.799,-0.001665
2015-05-04,1.807,0.004447
2015-05-05,1.75,-0.031544
2015-05-06,1.759,0.005143
2015-05-07,1.741,-0.010233
2015-05-08,1.789,0.02757
2015-05-11,1.844,0.030743
2015-05-12,1.892,0.02603
2015-05-13,1.915,0.012156
2015-05-14,1.916,0.000522
2015-05-15,1.902,-0.007307
2015-05-18,1.951,0.025762
2015-05-19,1.989,0.019477
2015-05-20,2.025,0.0181
2015-05-21,2.084,0.029136
2015-05-22,2.08,-0.001919
2015-05-25,2.086,0.002885
2015-05-26,2.151,0.03116
2015-05-27,2.171,0.009298
2015-05-28,2.062,-0.050207
2015-05-29,2.091,0.014064
2015-06-01,2.173,0.039216
2015-06-02,2.221,0.022089
2015-06-03,2.214,-0.003152
2015-06-04,2.225,0.004968
2015-06-05,2.214,-0.004944
2015-06-08,2.163,-0.023035
2015-06-09,2.166,0.001387
2015-06-10,2.224,0.026777
2015-06-11,2.247,0.010342
2015-06-12,2.283,0.016021
2015-06-15,2.187,-0.04205
2015-06-16,2.114,-0.033379
2015-06-17,2.145,0.014664
2015-06-18,2.066,-0.03683
2015-06-19,1.973,-0.045015
2015-06-23,2.013,0.020274
2015-06-24,2.042,0.014406
2015-06-25,1.979,-0.030852
2015-06-26,1.855,-0.062658
2015-06-29,1.72,-0.072776
2015-06-30,1.8,0.046512
2015-07-01,1.735,-0.036111
2015-07-02,1.656,-0.045533
2015-07-03,1.581,-0.04529
2015-07-06,1.516,-0.041113
2015-07-07,1.434,-0.05409
2015-07-08,1.378,-0.039052
2015-07-09,1.418,0.029028
2015-07-10,1.464,0.03244
2015-07-13,1.515,0.034836
2015-07-14,1.557,0.027723
2015-07-15,1.511,-0.029544
2015-07-16,1.524,0.008604
2015-07-17,1.591,0.043963
2015-07-20,1.615,0.015085
2015-07-21,1.672,0.035294
2015-07-22,1.691,0.011364
2015-07-23,1.737,0.027203
2015-07-24,1.711,-0.014968
2015-07-27,1.609,-0.059614
2015-07-28,1.574,-0.021753
2015-07-29,1.616,0.026684
2015-07-30,1.573,-0.026609
2015-07-31,1.557,-0.010172
2015-08-03,1.51,-0.030186
2015-08-04,1.575,0.043046
2015-08-05,1.559,-0.010159
2015-08-06,1.562,0.001924
2015-08-07,1.606,0.028169
2015-08-10,1.68,0.046077
2015-08-11,1.704,0.014286
2015-08-12,1.672,-0.018779
2015-08-13,1.697,0.014952
2015-08-14,1.698,0.000589
2015-08-17,1.709,0.006478
2015-08-18,1.587,-0.071387
2015-08-19,1.62,0.020794
2015-08-20,1.549,-0.043827
2015-08-21,1.479,-0.04519
2015-08-24,1.371,-0.073022
2015-08-25,1.285,-0.062728
2015-08-26,1.263,-0.017121
2015-08-27,1.317,0.042755
2015-08-28,1.382,0.049355
2015-08-31,1.336,-0.033285
2015-09-01,1.262,-0.055389
2015-09-02,1.253,-0.007132
2015-09-07,1.266,0.010375
2015-09-08,1.335,0.054502
2015-09-09,1.375,0.029963
2015-09-10,1.371,-0.002909
2015-09-11,1.387,0.01167
2015-09-14,1.309,-0.056236
2015-09-15,1.267,-0.032086
2015-09-16,1.348,0.063931
2015-09-17,1.327,-0.015579
2015-09-18,1.344,0.012811
2015-09-21,1.406,0.046131
2015-09-22,1.416,0.007112
2015-09-23,1.403,-0.009181
2015-09-24,1.412,0.006415
2015-09-25,1.375,-0.026204
2015-09-28,1.4,0.018182
2015-09-29,1.386,-0.01
2015-09-30,1.391,0.003608
2015-10-08,1.431,0.028756
2015-10-09,1.452,0.014675
2015-10-12,1.486,0.023416
2015-10-13,1.523,0.024899
2015-10-14,1.502,-0.013789
2015-10-15,1.556,0.035952
2015-10-16,1.604,0.030848
2015-10-19,1.587,-0.010599
2015-10-20,1.634,0.029616
2015-10-21,1.541,-0.056916
2015-10-22,1.596,0.035691
2015-10-23,1.63,0.021303
2015-10-26,1.639,0.005521
2015-10-27,1.652,0.007932
2015-10-28,1.61,-0.025424
2015-10-29,1.63,0.012422
2015-10-30,1.631,0.000613
2015-11-02,1.602,-0.017781
2015-11-03,1.585,-0.010612
2015-11-04,1.65,0.041009
2015-11-05,1.658,0.004848
2015-11-06,1.697,0.023522
2015-11-09,1.719,0.012964
2015-11-10,1.722,0.001745
2015-11-11,1.742,0.011614
2015-11-12,1.735,-0.004018
2015-11-13,1.717,-0.010375
2015-11-16,1.728,0.006407
2015-11-17,1.736,0.00463
2015-11-18,1.722,-0.008065
2015-11-19,1.753,0.018002
2015-11-20,1.765,0.006845
2015-11-23,1.745,-0.011331
2015-11-24,1.741,-0.002292
2015-11-25,1.767,0.014934
2015-11-26,1.762,-0.00283
2015-11-27,1.67,-0.052213
2015-11-30,1.668,-0.001198
2015-12-01,1.657,-0.006595
2015-12-02,1.64,-0.01026
2015-12-03,1.685,0.027439
2015-12-04,1.688,0.00178
2015-12-07,1.722,0.020142
2015-12-08,1.719,-0.001742
2015-12-09,1.718,-0.000582
2015-12-10,1.72,0.001164
2015-12-11,1.71,-0.005814
2015-12-14,1.725,0.008772
2015-12-15,1.739,0.008116
2015-12-16,1.768,0.016676
2015-12-17,1.808,0.022624
2015-12-18,1.798,-0.005531
2015-12-21,1.811,0.00723
2015-12-22,1.823,0.006626
2015-12-23,1.802,-0.011519
2015-12-24,1.799,-0.001665
2015-12-25,1.818,0.010561
2015-12-28,1.804,-0.007701
2015-12-29,1.804,0.0
2015-12-30,1.83,0.014412
2015-12-31,1.818,-0.006557
2016-01-04,1.677,-0.077558
2016-01-05,1.641,-0.021467
2016-01-06,1.663,0.013406
2016-01-07,1.531,-0.079375
2016-01-08,1.535,0.002613
2016-01-11,1.442,-0.060586
2016-01-12,1.455,0.009015
2016-01-13,1.416,-0.026804
2016-01-14,1.464,0.033898
2016-01-15,1.423,-0.028005
2016-01-18,1.45,0.018974
2016-01-19,1.507,0.03931
2016-01-20,1.484,-0.015262
2016-01-21,1.418,-0.044474
2016-01-22,1.431,0.009168
2016-01-25,1.455,0.016771
2016-01-26,1.36,-0.065292
2016-01-27,1.332,-0.020588
2016-01-28,1.277,-0.041291
2016-01-29,1.322,0.035239
2016-02-01,1.328,0.004539
2016-02-02,1.376,0.036145
2016-02-03,1.378,0.001453
2016-02-04,1.408,0.021771
2016-02-05,1.392,-0.011364
2016-02-15,1.419,0.019397
2016-02-16,1.465,0.032417
2016-02-17,1.47,0.003413
2016-02-18,1.453,-0.011565
2016-02-19,1.443,-0.006882
2016-02-22,1.464,0.014553
2016-02-23,1.457,-0.004781
2016-02-24,1.448,-0.006177
2016-02-25,1.338,-0.075967
2016-02-26,1.337,-0.000747
2016-02-29,1.255,-0.061331
2016-03-01,1.274,0.015139
2016-03-02,1.323,0.038462
2016-03-03,1.322,-0.000756
2016-03-04,1.283,-0.029501
2016-03-07,1.309,0.020265
2016-03-08,1.311,0.001528
2016-03-09,1.292,-0.014493
2016-03-10,1.274,-0.013932
2016-03-11,1.266,-0.006279
2016-03-14,1.318,0.041074
2016-03-15,1.302,-0.01214
2016-03-16,1.291,-0.008449
2016-03-17,1.338,0.036406
2016-03-18,1.392,0.040359
2016-03-21,1.417,0.01796
2016-03-22,1.425,0.005646
2016-03-23,1.427,0.001404
2016-03-24,1.414,-0.00911
2016-03-25,1.432,0.01273
2016-03-28,1.424,-0.005587
2016-03-29,1.389,-0.024579
2016-03-30,1.434,0.032397
2016-03-31,1.442,0.005579
2016-04-01,1.433,-0.006241
2016-04-05,1.459,0.018144
2016-04-06,1.464,0.003427
2016-04-07,1.435,-0.019809
2016-04-08,1.418,-0.011847
2016-04-11,1.435,0.011989
2016-04-12,1.422,-0.009059
2016-04-13,1.438,0.011252
2016-04-14,1.449,0.00765
2016-04-15,1.452,0.00207
2016-04-18,1.441,-0.007576
2016-04-19,1.438,-0.002082
2016-04-20,1.383,-0.038248
2016-04-21,1.373,-0.007231
2016-04-22,1.389,0.011653
2016-04-25,1.386,-0.00216
2016-04-26,1.396,0.007215
2016-04-27,1.396,0.0
2016-04-28,1.398,0.001433
2016-04-29,1.407,0.006438
2016-05-03,1.453,0.032694
2016-05-04,1.449,-0.002753
2016-05-05,1.452,0.00207
2016-05-06,1.405,-0.032369
2016-05-09,1.365,-0.02847
2016-05-10,1.359,-0.004396
2016-05-11,1.366,0.005151
2016-05-12,1.384,0.013177
2016-05-13,1.371,-0.009393
2016-05-16,1.403,0.023341
2016-05-17,1.391,-0.008553
2016-05-18,1.346,-0.032351
2016-05-19,1.361,0.011144
2016-05-20,1.379,0.013226
2016-05-23,1.407,0.020305
2016-05-24,1.393,-0.00995
2016-05-25,1.375,-0.012922
2016-05-26,1.382,0.005091
2016-05-27,1.382,0.0
2016-05-30,1.372,-0.007236
2016-05-31,1.428,0.040816
2016-06-01,1.443,0.010504
2016-06-02,1.45,0.004851
2016-06-03,1.449,-0.00069
2016-06-06,1.456,0.004831
2016-06-07,1.467,0.007555
2016-06-08,1.487,0.013633
2016-06-13,1.408,-0.053127
2016-06-14,1.42,0.008523
2016-06-15,1.475,0.038732
2016-06-16,1.483,0.005424
2016-06-17,1.486,0.002023
2016-06-20,1.521,0.023553
2016-06-21,1.496,-0.016437
2016-06-22,1.51,0.009358
2016-06-23,1.482,-0.018543
2016-06-24,1.488,0.004049
2016-06-27,1.531,0.028898
2016-06-28,1.533,0.001306
2016-06-29,1.522,-0.007175
2016-06-30,1.512,-0.00657
2016-07-01,1.509,-0.001984
2016-07-04,1.538,0.019218
2016-07-05,1.539,0.00065
2016-07-06,1.547,0.005198
2016-07-07,1.542,-0.003232
2016-07-08,1.543,0.000649
2016-07-11,1.534,-0.005833
2016-07-12,1.533,-0.000652
2016-07-13,1.531,-0.001305
2016-07-14,1.536,0.003266
2016-07-15,1.536,0.0
2016-07-18,1.53,-0.003906
2016-07-19,1.523,-0.004575
2016-07-20,1.52,-0.00197
2016-07-21,1.516,-0.002632
2016-07-22,1.504,-0.007916
2016-07-25,1.513,0.005984
2016-07-26,1.54,0.017845
2016-07-27,1.488,-0.033766
2016-07-28,1.492,0.002688
2016-07-29,1.489,-0.002011
2016-08-01,1.463,-0.017461
2016-08-02,1.467,0.002734
2016-08-03,1.472,0.003408
2016-08-04,1.474,0.001359
2016-08-05,1.472,-0.001357
2016-08-08,1.486,0.009511
2016-08-09,1.499,0.008748
2016-08-10,1.493,-0.004003
2016-08-11,1.477,-0.010717
2016-08-12,1.488,0.007448
2016-08-15,1.52,0.021505
2016-08-16,1.517,-0.001974
2016-08-17,1.518,0.000659
2016-08-18,1.514,-0.002635
2016-08-19,1.514,0.0
2016-08-22,1.499,-0.009908
2016-08-23,1.505,0.004003
2016-08-24,1.497,-0.005316
2016-08-25,1.488,-0.006012
2016-08-26,1.488,0.0
2016-08-29,1.486,-0.001344
2016-08-30,1.486,0.0
2016-08-31,1.486,0.0
2016-09-01,1.475,-0.007402
2016-09-02,1.471,-0.002712
2016-09-05,1.48,0.006118
2016-09-06,1.49,0.006757
2016-09-07,1.484,-0.004027
2016-09-08,1.483,-0.000674
2016-09-09,1.475,-0.005394
2016-09-12,1.445,-0.020339
2016-09-13,1.454,0.006228
2016-09-14,1.445,-0.00619
2016-09-19,1.46,0.010381
2016-09-20,1.461,0.000685
2016-09-21,1.475,0.009582
2016-09-22,1.478,0.002034
2016-09-23,1.472,-0.00406
2016-09-26,1.458,-0.009511
2016-09-27,1.47,0.00823
2016-09-28,1.471,0.00068
2016-09-29,1.475,0.002719
2016-09-30,1.476,0.000678
2016-10-10,1.503,0.018293
2016-10-11,1.502,-0.000665
2016-10-12,1.5,-0.001332
2016-10-13,1.496,-0.002667
2016-10-14,1.493,-0.002005
2016-10-17,1.476,-0.011386
2016-10-18,1.489,0.008808
2016-10-19,1.484,-0.003358
2016-10-20,1.488,0.002695
2016-10-21,1.484,-0.002688
2016-10-24,1.49,0.004043
2016-10-25,1.49,0.0
2016-10-26,1.49,0.0
2016-10-27,1.497,0.004698
2016-10-28,1.493,-0.002672
2016-10-31,1.492,-0.00067
2016-11-01,1.508,0.010724
2016-11-02,1.505,-0.001989
2016-11-03,1.505,0.0
2016-11-04,1.493,-0.007973
2016-11-07,1.487,-0.004019
2016-11-08,1.492,0.003362
2016-11-09,1.488,-0.002681
2016-11-10,1.498,0.00672
2016-11-11,1.495,-0.002003
2016-11-14,1.494,-0.000669
2016-11-15,1.498,0.002677
2016-11-16,1.498,0.0
2016-11-17,1.501,0.002003
2016-11-18,1.501,0.0
2016-11-21,1.499,-0.001332
2016-11-22,1.508,0.006004
2016-11-23,1.501,-0.004642
2016-11-24,1.497,-0.002665
2016-11-25,1.5,0.002004
2016-11-28,1.506,0.004
2016-11-29,1.51,0.002656
2016-11-30,1.51,0.0
2016-12-01,1.513,0.001987
2016-12-02,1.498,-0.009914
2016-12-05,1.508,0.006676
2016-12-06,1.506,-0.001326
2016-12-07,1.514,0.005312
2016-12-08,1.511,-0.001982
2016-12-09,1.503,-0.005295
2016-12-12,1.458,-0.02994
2016-12-13,1.473,0.010288
2016-12-14,1.459,-0.009504
2016-12-15,1.466,0.004798
2016-12-16,1.47,0.002729
2016-12-19,1.468,-0.001361
2016-12-20,1.468,0.0
2016-12-21,1.483,0.010218
2016-12-22,1.478,-0.003372
2016-12-23,1.467,-0.007442
2016-12-26,1.466,-0.000682
2016-12-27,1.465,-0.000682
2016-12-28,1.459,-0.004096
2016-12-29,1.46,0.000685
2016-12-30,1.463,0.002055
2016-12-31,1.463,0.0
2017-01-03,1.477,0.009569
2017-01-04,1.491,0.009479
2017-01-05,1.494,0.002012
2017-01-06,1.484,-0.006693
2017-01-09,1.493,0.006065
2017-01-10,1.48,-0.008707
2017-01-11,1.468,-0.008108
2017-01-12,1.451,-0.01158
2017-01-13,1.434,-0.011716
2017-01-16,1.399,-0.024407
2017-01-17,1.417,0.012866
2017-01-18,1.416,-0.000706
2017-01-19,1.41,-0.004237
2017-01-20,1.424,0.009929
2017-01-23,1.432,0.005618
2017-01-24,1.432,0.0
2017-01-25,1.438,0.00419
2017-01-26,1.453,0.010431
2017-02-03,1.448,-0.003441
2017-02-06,1.457,0.006215
2017-02-07,1.451,-0.004118
2017-02-08,1.459,0.005513
2017-02-09,1.458,-0.000685
2017-02-10,1.452,-0.004115
2017-02-13,1.465,0.008953
2017-02-14,1.465,0.0
2017-02-15,1.454,-0.007509
2017-02-16,1.463,0.00619
2017-02-17,1.45,-0.008886
2017-02-20,1.467,0.011724
2017-02-21,1.477,0.006817
2017-02-22,1.479,0.001354
2017-02-23,1.475,-0.002705
2017-02-24,1.473,-0.001356
2017-02-27,1.466,-0.004752
2017-02-28,1.471,0.003411
2017-03-01,1.475,0.002719
2017-03-02,1.466,-0.006102
2017-03-03,1.474,0.005457
2017-03-06,1.493,0.01289
2017-03-07,1.495,0.00134
2017-03-08,1.503,0.005351
2017-03-09,1.496,-0.004657
2017-03-10,1.499,0.002005
2017-03-13,1.511,0.008005
2017-03-14,1.506,-0.003309
2017-03-15,1.506,0.0
2017-03-16,1.511,0.00332
2017-03-17,1.507,-0.002647
2017-03-20,1.515,0.005309
2017-03-21,1.517,0.00132
2017-03-22,1.518,0.000659
2017-03-23,1.528,0.006588
2017-03-24,1.527,-0.000654
2017-03-27,1.51,-0.011133
2017-03-28,1.511,0.000662
2017-03-29,1.505,-0.003971
2017-03-30,1.484,-0.013953
2017-03-31,1.504,0.013477
2017-04-05,1.53,0.017287
2017-04-06,1.524,-0.003922
2017-04-07,1.532,0.005249
2017-04-10,1.521,-0.00718
2017-04-11,1.541,0.013149
2017-04-12,1.533,-0.005191
2017-04-13,1.534,0.000652
2017-04-14,1.51,-0.015645
2017-04-17,1.49,-0.013245
2017-04-18,1.49,0.0
2017-04-19,1.479,-0.007383
2017-04-20,1.485,0.004057
2017-04-21,1.481,-0.002694
2017-04-24,1.445,-0.024308
2017-04-25,1.457,0.008304
2017-04-26,1.452,-0.003432
2017-04-27,1.457,0.003444
2017-04-28,1.464,0.004804
2017-05-02,1.465,0.000683
2017-05-03,1.465,0.0
2017-05-04,1.447,-0.012287
2017-05-05,1.423,-0.016586
2017-05-08,1.398,-0.017569
2017-05-09,1.41,0.008584
2017-05-10,1.394,-0.011348
2017-05-11,1.398,0.002869
2017-05-12,1.399,0.000715
2017-05-15,1.411,0.008578
2017-05-16,1.436,0.017718
2017-05-17,1.436,0.0
2017-05-18,1.423,-0.009053
2017-05-19,1.423,0.0
2017-05-22,1.416,-0.004919
2017-05-23,1.397,-0.013418
2017-05-24,1.401,0.002863
2017-05-25,1.402,0.000714
2017-05-26,1.395,-0.004993
2017-05-31,1.396,0.000717
2017-06-01,1.377,-0.01361
2017-06-02,1.381,0.002905
2017-06-05,1.397,0.011586
2017-06-06,1.407,0.007158
2017-06-07,1.429,0.015636
2017-06-08,1.434,0.003499
2017-06-09,1.435,0.000697
2017-06-12,1.417,-0.012544
2017-06-13,1.427,0.007057
2017-06-14,1.432,0.003504
2017-06-15,1.443,0.007682
2017-06-16,1.452,0.006237
2017-06-19,1.469,0.011708
2017-06-20,1.471,0.001361
2017-06-21,1.483,0.008158
2017-06-22,1.465,-0.012138
2017-06-23,1.48,0.010239
2017-06-26,1.494,0.009459
2017-06-27,1.498,0.002677
2017-06-28,1.481,-0.011348
2017-06-29,1.485,0.002701
2017-06-30,1.5,0.010101
2017-07-03,1.497,-0.002
2017-07-04,1.494,-0.002004
2017-07-05,1.503,0.006024
2017-07-06,1.503,0.0
2017-07-07,1.505,0.001331
2017-07-10,1.489,-0.010631
2017-07-11,1.478,-0.007388
2017-07-12,1.477,-0.000677
2017-07-13,1.469,-0.005416
2017-07-14,1.464,-0.003404
2017-07-17,1.432,-0.021858
2017-07-18,1.438,0.00419
2017-07-19,1.453,0.010431
2017-07-20,1.461,0.005506
2017-07-21,1.47,0.00616
2017-07-24,1.47,0.0
2017-07-25,1.471,0.00068
2017-07-26,1.454,-0.011557
2017-07-27,1.457,0.002063
2017-07-28,1.456,-0.000686
2017-07-31,1.457,0.000687
2017-08-01,1.451,-0.004118
2017-08-02,1.454,0.002068
2017-08-03,1.437,-0.011692
2017-08-04,1.435,-0.001392
2017-08-07,1.442,0.004878
2017-08-08,1.435,-0.004854
2017-08-09,1.436,0.000697
2017-08-10,1.433,-0.002089
2017-08-11,1.426,-0.004885
2017-08-14,1.456,0.021038
2017-08-15,1.47,0.009615
2017-08-16,1.47,0.0
2017-08-17,1.471,0.00068
2017-08-18,1.466,-0.003399
2017-08-21,1.473,0.004775
2017-08-22,1.469,-0.002716
2017-08-23,1.464,-0.003404
2017-08-24,1.458,-0.004098
2017-08-25,1.465,0.004801
2017-08-28,1.48,0.010239
2017-08-29,1.489,0.006081
2017-08-30,1.49,0.000672
2017-08-31,1.497,0.004698
2017-09-01,1.508,0.007348
2017-09-04,1.526,0.011936
2017-09-05,1.538,0.007864
2017-09-06,1.534,-0.002601
2017-09-07,1.526,-0.005215
2017-09-08,1.525,-0.000655
2017-09-11,1.533,0.005246
2017-09-12,1.525,-0.005219
2017-09-13,1.527,0.001311
2017-09-14,1.517,-0.006549
2017-09-15,1.528,0.007251
2017-09-18,1.534,0.003927
2017-09-19,1.528,-0.003911
2017-09-20,1.541,0.008508
2017-09-21,1.537,-0.002596
2017-09-22,1.542,0.003253
2017-09-25,1.538,-0.002594
2017-09-26,1.54,0.0013
2017-09-27,1.55,0.006494
2017-09-28,1.56,0.006452
2017-09-29,1.576,0.010256
2017-10-09,1.587,0.00698
2017-10-10,1.586,-0.00063
2017-10-11,1.602,0.010088
2017-10-12,1.614,0.007491
2017-10-13,1.625,0.006815
2017-10-16,1.627,0.001231
2017-10-17,1.63,0.001844
2017-10-18,1.637,0.004294
2017-10-19,1.632,-0.003054
2017-10-20,1.639,0.004289
2017-10-23,1.652,0.007932
2017-10-24,1.66,0.004843
2017-10-25,1.665,0.003012
2017-10-26,1.665,0.0
2017-10-27,1.68,0.009009
2017-10-30,1.656,-0.014286
2017-10-31,1.651,-0.003019
2017-11-01,1.639,-0.007268
2017-11-02,1.632,-0.004271
2017-11-03,1.636,0.002451
2017-11-06,1.663,0.016504
2017-11-07,1.662,-0.000601
2017-11-08,1.649,-0.007822
2017-11-09,1.667,0.010916
2017-11-10,1.701,0.020396
2017-11-13,1.716,0.008818
2017-11-14,1.701,-0.008741
2017-11-15,1.687,-0.00823
2017-11-16,1.709,0.013041
2017-11-17,1.688,-0.012288
2017-11-20,1.727,0.023104
2017-11-21,1.758,0.01795
2017-11-22,1.742,-0.009101
2017-11-23,1.684,-0.033295
2017-11-24,1.679,-0.002969
2017-11-27,1.642,-0.022037
2017-11-28,1.654,0.007308
2017-11-29,1.652,-0.001209
2017-11-30,1.635,-0.010291
2017-12-01,1.648,0.007951
2017-12-04,1.645,-0.00182
2017-12-05,1.636,-0.005471
2017-12-06,1.64,0.002445
2017-12-07,1.623,-0.010366
2017-12-08,1.638,0.009242
2017-12-11,1.676,0.023199
2017-12-12,1.672,-0.002387
2017-12-13,1.681,0.005383
2017-12-14,1.676,-0.002974
2017-12-15,1.667,-0.00537
2017-12-18,1.663,-0.0024
2017-12-19,1.673,0.006013
2017-12-20,1.68,0.004184
2017-12-21,1.701,0.0125
2017-12-22,1.691,-0.005879
2017-12-25,1.677,-0.008279
2017-12-26,1.676,-0.000596
2017-12-27,1.651,-0.014916
2017-12-28,1.665,0.00848
2017-12-29,1.689,0.014414
2017-12-31,1.689,0.0
2018-01-02,1.707,0.010657
2018-01-03,1.717,0.005858
2018-01-04,1.723,0.003494
2018-01-05,1.732,0.005223
2018-01-08,1.717,-0.008661
2018-01-09,1.716,-0.000582
2018-01-10,1.736,0.011655
2018-01-11,1.73,-0.003456
2018-01-12,1.734,0.002312
2018-01-15,1.727,-0.004037
2018-01-16,1.753,0.015055
2018-01-17,1.728,-0.014261
2018-01-18,1.739,0.006366
2018-01-19,1.731,-0.0046
2018-01-22,1.77,0.02253
2018-01-23,1.803,0.018644
2018-01-24,1.797,-0.003328
2018-01-25,1.792,-0.002782
2018-01-26,1.799,0.003906
2018-01-29,1.774,-0.013897
2018-01-30,1.739,-0.019729
2018-01-31,1.741,0.00115
2018-02-01,1.721,-0.011488
2018-02-02,1.755,0.019756
2018-02-05,1.753,-0.00114
2018-02-06,1.692,-0.034797
2018-02-07,1.65,-0.024823
2018-02-08,1.649,-0.000606
2018-02-09,1.581,-0.041237
2018-02-12,1.615,0.021505
2018-02-13,1.641,0.016099
2018-02-14,1.659,0.010969
2018-02-22,1.709,0.030139
2018-02-23,1.713,0.002341
2018-02-26,1.737,0.014011
2018-02-27,1.703,-0.019574
2018-02-28,1.689,-0.008221
2018-03-01,1.716,0.015986
2018-03-02,1.694,-0.012821
2018-03-05,1.685,-0.005313
2018-03-06,1.716,0.018398
2018-03-07,1.696,-0.011655
2018-03-08,1.717,0.012382
2018-03-09,1.725,0.004659
2018-03-12,1.752,0.015652
2018-03-13,1.726,-0.01484
2018-03-14,1.72,-0.003476
2018-03-15,1.723,0.001744
2018-03-16,1.708,-0.008706
2018-03-19,1.718,0.005855
2018-03-20,1.741,0.013388
2018-03-21,1.718,-0.013211
2018-03-22,1.7,-0.010477
2018-03-23,1.651,-0.028824
2018-03-26,1.668,0.010297
2018-03-27,1.686,0.010791
2018-03-28,1.661,-0.014828
2018-03-29,1.669,0.004816
2018-03-30,1.685,0.009587
2018-04-02,1.688,0.00178
2018-04-03,1.675,-0.007701
2018-04-04,1.671,-0.002388
2018-04-09,1.665,-0.003591
2018-04-10,1.691,0.015616
2018-04-11,1.702,0.006505
2018-04-12,1.689,-0.007638
2018-04-13,1.671,-0.010657
2018-04-16,1.669,-0.001197
2018-04-17,1.629,-0.023966
2018-04-18,1.634,0.003069
2018-04-19,1.654,0.01224
2018-04-20,1.622,-0.019347
2018-04-23,1.609,-0.008015
2018-04-24,1.661,0.032318
2018-04-25,1.681,0.012041
2018-04-26,1.659,-0.013087
2018-04-27,1.672,0.007836
2018-05-02,1.679,0.004187
2018-05-03,1.679,0.0
2018-05-04,1.696,0.010125
2018-05-07,1.729,0.019458
2018-05-08,1.732,0.001735
2018-05-09,1.726,-0.003464
2018-05-10,1.738,0.006952
2018-05-11,1.727,-0.006329
2018-05-14,1.729,0.001158
2018-05-15,1.752,0.013302
2018-05-16,1.746,-0.003425
2018-05-17,1.738,-0.004582
2018-05-18,1.75,0.006904
2018-05-21,1.762,0.006857
2018-05-22,1.777,0.008513
2018-05-23,1.753,-0.013506
2018-05-24,1.746,-0.003993
2018-05-25,1.745,-0.000573
2018-05-28,1.751,0.003438
2018-05-29,1.716,-0.019989
2018-05-30,1.7,-0.009324
2018-05-31,1.735,0.020588
2018-06-01,1.703,-0.018444
2018-06-04,1.719,0.009395
2018-06-05,1.748,0.01687
2018-06-06,1.755,0.004005
2018-06-07,1.751,-0.002279
2018-06-08,1.736,-0.008567
2018-06-11,1.72,-0.009217
2018-06-12,1.753,0.019186
2018-06-13,1.739,-0.007986
2018-06-14,1.725,-0.008051
2018-06-15,1.713,-0.006957
2018-06-19,1.664,-0.028605
2018-06-20,1.692,0.016827
2018-06-21,1.691,-0.000591
2018-06-22,1.699,0.004731
2018-06-25,1.686,-0.007652
2018-06-26,1.674,-0.007117
2018-06-27,1.635,-0.023297
2018-06-28,1.619,-0.009786
2018-06-29,1.672,0.032736
2018-06-30,1.672,0.0
2018-07-02,1.666,-0.003589
2018-07-03,1.663,-0.001801
2018-07-04,1.649,-0.008419
2018-07-05,1.619,-0.018193
2018-07-06,1.622,0.001853
2018-07-09,1.652,0.018496
2018-07-10,1.661,0.005448
2018-07-11,1.652,-0.005418
2018-07-12,1.689,0.022397
2018-07-13,1.714,0.014802
2018-07-16,1.708,-0.003501
2018-07-17,1.703,-0.002927
2018-07-18,1.694,-0.005285
2018-07-19,1.684,-0.005903
2018-07-20,1.689,0.002969
2018-07-23,1.665,-0.01421
2018-07-24,1.689,0.014414
2018-07-25,1.698,0.005329
2018-07-26,1.684,-0.008245
2018-07-27,1.675,-0.005344
2018-07-30,1.657,-0.010746
2018-07-31,1.657,0.0
2018-08-01,1.639,-0.010863
2018-08-02,1.616,-0.014033
2018-08-03,1.585,-0.019183
2018-08-06,1.555,-0.018927
2018-08-07,1.588,0.021222
2018-08-08,1.564,-0.015113
2018-08-09,1.595,0.019821
2018-08-10,1.61,0.009404
2018-08-13,1.616,0.003727
2018-08-14,1.614,-0.001238
2018-08-15,1.587,-0.016729
2018-08-16,1.572,-0.009452
2018-08-17,1.536,-0.022901
2018-08-20,1.537,0.000651
2018-08-21,1.572,0.022772
2018-08-22,1.563,-0.005725
2018-08-23,1.572,0.005758
2018-08-24,1.569,-0.001908
2018-08-27,1.612,0.027406
2018-08-28,1.614,0.001241
2018-08-29,1.597,-0.010533
2018-08-30,1.588,-0.005636
2018-08-31,1.572,-0.010076
2018-09-03,1.568,-0.002545
2018-09-04,1.575,0.004464
2018-09-05,1.542,-0.020952
2018-09-06,1.526,-0.010376
2018-09-07,1.531,0.003277
2018-09-10,1.512,-0.01241
2018-09-11,1.511,-0.000661
2018-09-12,1.494,-0.011251
2018-09-13,1.498,0.002677
2018-09-14,1.5,0.001335
2018-09-17,1.486,-0.009333
2018-09-18,1.518,0.021534
2018-09-19,1.536,0.011858
2018-09-20,1.538,0.001302
2018-09-21,1.564,0.016905
2018-09-25,1.557,-0.004476
2018-09-26,1.575,0.011561
2018-09-27,1.572,-0.001905
2018-09-28,1.584,0.007634
2018-10-08,1.527,-0.035985
2018-10-09,1.52,-0.004584
2018-10-10,1.503,-0.011184
2018-10-11,1.46,-0.028609
2018-10-12,1.474,0.009589
2018-10-15,1.461,-0.00882
2018-10-16,1.448,-0.008898
2018-10-17,1.455,0.004834
2018-10-18,1.422,-0.02268
2018-10-19,1.455,0.023207
2018-10-22,1.506,0.035052
2018-10-23,1.475,-0.020584
2018-10-24,1.464,-0.007458
2018-10-25,1.458,-0.004098
2018-10-26,1.45,-0.005487
2018-10-29,1.418,-0.022069
2018-10-30,1.414,-0.002821
2018-10-31,1.435,0.014851
2018-11-01,1.443,0.005575
2018-11-02,1.491,0.033264
2018-11-05,1.483,-0.005366
2018-11-06,1.472,-0.007417
2018-11-07,1.47,-0.001359
2018-11-08,1.466,-0.002721
2018-11-09,1.45,-0.010914
2018-11-12,1.47,0.013793
2018-11-13,1.486,0.010884
2018-11-14,1.472,-0.009421
2018-11-15,1.491,0.012908
2018-11-16,1.494,0.002012
2018-11-19,1.494,0.0
2018-11-20,1.47,-0.016064
2018-11-21,1.474,0.002721
2018-11-22,1.474,0.0
2018-11-23,1.451,-0.015604
2018-11-26,1.446,-0.003446
2018-11-27,1.444,-0.001383
2018-11-28,1.452,0.00554
2018-11-29,1.44,-0.008264
2018-11-30,1.444,0.002778
2018-12-03,1.478,0.023546
2018-12-04,1.488,0.006766
2018-12-05,1.484,-0.002688
2018-12-06,1.466,-0.012129
2018-12-07,1.454,-0.008186
2018-12-10,1.448,-0.004127
2018-12-11,1.457,0.006215
2018-12-12,1.459,0.001373
2018-12-13,1.478,0.013023
2018-12-14,1.465,-0.008796
2018-12-17,1.47,0.003413
2018-12-18,1.462,-0.005442
2018-12-19,1.444,-0.012312
2018-12-20,1.443,-0.000693
2018-12-21,1.432,-0.007623
2018-12-24,1.437,0.003492
2018-12-25,1.437,0.0
2018-12-26,1.433,-0.002784
2018-12-27,1.425,-0.005583
2018-12-28,1.431,0.004211
2018-12-31,1.431,0.0
2019-01-02,1.414,-0.01188
2019-01-03,1.411,-0.002122
2019-01-04,1.428,0.012048
2019-01-07,1.436,0.005602
2019-01-08,1.44,0.002786
2019-01-09,1.449,0.00625
2019-01-10,1.446,-0.00207
2019-01-11,1.45,0.002766
2019-01-14,1.444,-0.004138
2019-01-15,1.463,0.013158
2019-01-16,1.471,0.005468
2019-01-17,1.464,-0.004759
2019-01-18,1.478,0.009563
2019-01-21,1.489,0.007442
2019-01-22,1.477,-0.008059
2019-01-23,1.479,0.001354
2019-01-24,1.48,0.000676
2019-01-25,1.487,0.00473
2019-01-28,1.491,0.00269
2019-01-29,1.494,0.002012
2019-01-30,1.484,-0.006693
2019-01-31,1.489,0.003369
2019-02-01,1.512,0.015447
2019-02-11,1.545,0.021825
2019-02-12,1.553,0.005178
2019-02-13,1.571,0.01159
2019-02-14,1.585,0.008912
2019-02-15,1.565,-0.012618
2019-02-18,1.599,0.021725
2019-02-19,1.596,-0.001876
2019-02-20,1.594,-0.001253
2019-02-21,1.594,0.0
2019-02-22,1.63,0.022585
2019-02-25,1.705,0.046012
2019-02-26,1.68,-0.014663
2019-02-27,1.645,-0.020833
2019-02-28,1.661,0.009726
2019-03-01,1.676,0.009031
2019-03-04,1.704,0.016706
2019-03-05,1.76,0.032864
2019-03-06,1.791,0.017614
2019-03-07,1.808,0.009492
2019-03-08,1.773,-0.019358
2019-03-11,1.843,0.039481
2019-03-12,1.885,0.022789
2019-03-13,1.848,-0.019629
2019-03-14,1.815,-0.017857
2019-03-15,1.853,0.020937
2019-03-18,1.873,0.010793
2019-03-19,1.885,0.006407
2019-03-20,1.874,-0.005836
2019-03-21,1.883,0.004803
2019-03-22,1.872,-0.005842
2019-03-25,1.846,-0.013889
2019-03-26,1.808,-0.020585
2019-03-27,1.815,0.003872
2019-03-28,1.798,-0.009366
2019-03-29,1.857,0.032814
2019-04-01,1.919,0.033387
2019-04-02,1.939,0.010422
2019-04-03,1.928,-0.005673
2019-04-04,1.917,-0.005705
2019-04-08,1.884,-0.017214
2019-04-09,1.881,-0.001592
2019-04-10,1.902,0.011164
2019-04-11,1.873,-0.015247
2019-04-12,1.856,-0.009076
2019-04-15,1.858,0.001078
2019-04-16,1.913,0.029602
2019-04-17,1.912,-0.000523
2019-04-18,1.887,-0.013075
2019-04-19,1.9,0.006889
2019-04-22,1.875,-0.013158
2019-04-23,1.861,-0.007467
2019-04-24,1.883,0.011822
2019-04-25,1.842,-0.021774
2019-04-26,1.822,-0.010858
2019-04-29,1.818,-0.002195
2019-04-30,1.824,0.0033
2019-05-06,1.707,-0.064145
2019-05-07,1.715,0.004687
2019-05-08,1.689,-0.01516
2019-05-09,1.675,-0.008289
2019-05-10,1.747,0.042985
2019-05-13,1.723,-0.013738
2019-05-14,1.714,-0.005223
2019-05-15,1.742,0.016336
2019-05-16,1.735,-0.004018
2019-05-17,1.694,-0.023631
2019-05-20,1.69,-0.002361
2019-05-21,1.713,0.013609
2019-05-22,1.719,0.003503
2019-05-23,1.666,-0.030832
2019-05-24,1.66,-0.003601
2019-05-27,1.701,0.024699
2019-05-28,1.689,-0.007055
2019-05-29,1.69,0.000592
2019-05-30,1.671,-0.011243
2019-05-31,1.669,-0.001197
2019-06-03,1.674,0.002996
2019-06-04,1.673,-0.000597
2019-06-05,1.68,0.004184
2019-06-06,1.641,-0.023214
2019-06-10,1.667,0.015844
2019-06-11,1.714,0.028194
2019-06-12,1.703,-0.006418
2019-06-13,1.703,0.0
2019-06-14,1.672,-0.018203
2019-06-17,1.674,0.001196
2019-06-18,1.675,0.000597
2019-06-19,1.712,0.02209
2019-06-20,1.746,0.01986
2019-06-21,1.781,0.020046
2019-06-24,1.773,-0.004492
2019-06-25,1.757,-0.009024
2019-06-26,1.767,0.005692
2019-06-27,1.807,0.022637
2019-06-28,1.8,-0.003874
2019-06-30,1.8,0.0
2019-07-01,1.865,0.036111
2019-07-02,1.866,0.000536
2019-07-03,1.842,-0.012862
2019-07-04,1.831,-0.005972
2019-07-05,1.849,0.009831
2019-07-08,1.806,-0.023256
2019-07-09,1.805,-0.000554
2019-07-10,1.806,0.000554
2019-07-11,1.807,0.000554
2019-07-12,1.802,-0.002767
2019-07-15,1.837,0.019423
2019-07-16,1.828,-0.004899
2019-07-17,1.827,-0.000547
2019-07-18,1.8,-0.014778
2019-07-19,1.796,-0.002222
2019-07-22,1.778,-0.010022
2019-07-23,1.817,0.021935
2019-07-24,1.856,0.021464
2019-07-25,1.875,0.010237
2019-07-26,1.882,0.003733
2019-07-29,1.9,0.009564
2019-07-30,1.901,0.000526
2019-07-31,1.896,-0.00263
2019-08-01,1.89,-0.003165
2019-08-02,1.863,-0.014286
2019-08-05,1.834,-0.015566
2019-08-06,1.822,-0.006543
2019-08-07,1.803,-0.010428
2019-08-08,1.827,0.013311
2019-08-09,1.816,-0.006021
2019-08-12,1.865,0.026982
2019-08-13,1.862,-0.001609
2019-08-14,1.875,0.006982
2019-08-15,1.896,0.0112
2019-08-16,1.92,0.012658
2019-08-19,1.99,0.036458
2019-08-20,1.984,-0.003015
2019-08-21,2.005,0.010585
2019-08-22,2.005,0.0
2019-08-23,2.016,0.005486
2019-08-26,1.996,-0.009921
2019-08-27,2.023,0.013527
2019-08-28,2.014,-0.004449
2019-08-29,2.044,0.014896
2019-08-30,2.037,-0.003425
2019-09-02,2.109,0.035346
2019-09-03,2.15,0.01944
2019-09-04,2.152,0.00093
2019-09-05,2.166,0.006506
2019-09-06,2.169,0.001385
2019-09-09,2.245,0.035039
2019-09-10,2.221,-0.01069
2019-09-11,2.198,-0.010356
2019-09-12,2.192,-0.00273
2019-09-16,2.204,0.005474
2019-09-17,2.171,-0.014973
2019-09-18,2.173,0.000921
2019-09-19,2.201,0.012885
2019-09-20,2.248,0.021354
2019-09-23,2.235,-0.005783
2019-09-24,2.246,0.004922
2019-09-25,2.202,-0.01959
2019-09-26,2.129,-0.033152
2019-09-27,2.153,0.011273
2019-09-30,2.116,-0.017185
2019-10-08,2.079,-0.017486
2019-10-09,2.091,0.005772
2019-10-10,2.143,0.024868
2019-10-11,2.142,-0.000467
2019-10-14,2.172,0.014006
2019-10-15,2.12,-0.023941
2019-10-16,2.106,-0.006604
2019-10-17,2.113,0.003324
2019-10-18,2.08,-0.015618
2019-10-21,2.068,-0.005769
2019-10-22,2.095,0.013056
2019-10-23,2.079,-0.007637
2019-10-24,2.072,-0.003367
2019-10-25,2.095,0.0111
2019-10-28,2.127,0.015274
2019-10-29,2.099,-0.013164
2019-10-30,2.104,0.002382
2019-10-31,2.11,0.002852
2019-11-01,2.124,0.006635
2019-11-04,2.16,0.016949
2019-11-05,2.189,0.013426
2019-11-06,2.168,-0.009593
2019-11-07,2.172,0.001845
2019-11-08,2.175,0.001381
2019-11-11,2.146,-0.013333
2019-11-12,2.142,-0.001864
2019-11-13,2.178,0.016807
2019-11-14,2.206,0.012856
2019-11-15,2.193,-0.005893
2019-11-18,2.196,0.001368
2019-11-19,2.23,0.015483
2019-11-20,2.199,-0.013901
2019-11-21,2.186,-0.005912
2019-11-22,2.133,-0.024245
2019-11-25,2.111,-0.010314
2019-11-26,2.129,0.008527
2019-11-27,2.142,0.006106
2019-11-28,2.142,0.0
2019-11-29,2.132,-0.004669
2019-12-02,2.152,0.009381
2019-12-03,2.181,0.013476
2019-12-04,2.182,0.000459
2019-12-05,2.222,0.018332
2019-12-06,2.244,0.009901
2019-12-09,2.253,0.004011
2019-12-10,2.275,0.009765
2019-12-11,2.261,-0.006154
2019-12-12,2.275,0.006192
2019-12-13,2.296,0.009231
2019-12-16,2.347,0.022213
2019-12-17,2.374,0.011504
2019-12-18,2.382,0.00337
2019-12-19,2.35,-0.013434
2019-12-20,2.32,-0.012766
2019-12-23,2.278,-0.018103
2019-12-24,2.308,0.013169
2019-12-25,2.333,0.010832
2019-12-26,2.341,0.003429
2019-12-27,2.304,-0.015805
2019-12-30,2.321,0.007378
2019-12-31,2.342,0.009048
2020-01-02,2.391,0.020922
2020-01-03,2.408,0.00711
2020-01-06,2.42,0.004983
2020-01-07,2.422,0.000826
2020-01-08,2.402,-0.008258
2020-01-09,2.462,0.024979
2020-01-10,2.466,0.001625
2020-01-13,2.517,0.020681
2020-01-14,2.503,-0.005562
2020-01-15,2.519,0.006392
2020-01-16,2.545,0.010322
2020-01-17,2.569,0.00943
2020-01-20,2.629,0.023355
2020-01-21,2.59,-0.014835
2020-01-22,2.645,0.021236
2020-01-23,2.56,-0.032136
2020-02-03,2.382,-0.069531
2020-02-04,2.484,0.042821
2020-02-05,2.521,0.014895
2020-02-06,2.605,0.03332
2020-02-07,2.665,0.023033
2020-02-10,2.667,0.00075
2020-02-11,2.666,-0.000375
2020-02-12,2.733,0.025131
2020-02-13,2.728,-0.001829
2020-02-14,2.728,0.0
2020-02-17,2.809,0.029692
2020-02-18,2.867,0.020648
2020-02-19,2.85,-0.00593
2020-02-20,2.912,0.021754
2020-02-21,2.951,0.013393
2020-02-24,3.016,0.022026
2020-02-25,3.026,0.003316
2020-02-26,2.876,-0.04957
2020-02-27,2.869,-0.002434
2020-02-28,2.762,-0.037295
2020-03-02,2.844,0.029689
2020-03-03,2.848,0.001406
2020-03-04,2.817,-0.010885
2020-03-05,2.821,0.00142
2020-03-06,2.788,-0.011698
2020-03-09,2.668,-0.043042
2020-03-10,2.733,0.024363
2020-03-11,2.687,-0.016831
2020-03-12,2.645,-0.015631
2020-03-13,2.618,-0.010208
2020-03-16,2.485,-0.050802
2020-03-17,2.469,-0.006439
2020-03-18,2.441,-0.011341
2020-03-19,2.45,0.003687
2020-03-20,2.476,0.010612
2020-03-23,2.375,-0.040792
2020-03-24,2.422,0.019789
2020-03-25,2.479,0.023534
2020-03-26,2.46,-0.007664
2020-03-27,2.46,0.0
2020-03-30,2.421,-0.015854
2020-03-31,2.43,0.003717
2020-04-01,2.427,-0.001235
2020-04-02,2.476,0.02019
2020-04-03,2.468,-0.003231
2020-04-07,2.518,0.020259
2020-04-08,2.515,-0.001191
2020-04-09,2.534,0.007555
2020-04-10,2.492,-0.016575
2020-04-13,2.477,-0.006019
2020-04-14,2.544,0.027049
2020-04-15,2.531,-0.00511
2020-04-16,2.553,0.008692
2020-04-17,2.558,0.001958
2020-04-20,2.587,0.011337
2020-04-21,2.575,-0.004639
2020-04-22,2.599,0.00932
2020-04-23,2.57,-0.011158
2020-04-24,2.55,-0.007782
2020-04-27,2.556,0.002353
2020-04-28,2.578,0.008607
2020-04-29,2.588,0.003879
2020-04-30,2.638,0.01932
2020-05-06,2.71,0.027293
2020-05-07,2.698,-0.004428
2020-05-08,2.717,0.007042
2020-05-11,2.721,0.001472
2020-05-12,2.731,0.003675
2020-05-13,2.747,0.005859
2020-05-14,2.734,-0.004732
2020-05-15,2.741,0.00256
2020-05-18,2.687,-0.019701
2020-05-19,2.736,0.018236
2020-05-20,2.721,-0.005482
2020-05-21,2.679,-0.015436
2020-05-22,2.627,-0.01941
2020-05-25,2.599,-0.010659
2020-05-26,2.66,0.023471
2020-05-27,2.638,-0.008271
2020-05-28,2.644,0.002274
2020-05-29,2.664,0.007564
2020-06-01,2.761,0.036411
2020-06-02,2.775,0.005071
2020-06-03,2.782,0.002523
2020-06-04,2.77,-0.004313
2020-06-05,2.783,0.004693
2020-06-08,2.78,-0.001078
2020-06-09,2.79,0.003597
2020-06-10,2.815,0.008961
2020-06-11,2.802,-0.004618
2020-06-12,2.813,0.003926
2020-06-15,2.765,-0.017064
2020-06-16,2.834,0.024955
2020-06-17,2.845,0.003881
2020-06-18,2.878,0.011599
2020-06-19,2.909,0.010771
2020-06-22,2.954,0.015469
2020-06-23,2.982,0.009479
2020-06-24,2.995,0.004359
2020-06-29,2.979,-0.005342
2020-06-30,3.048,0.023162
2020-07-01,3.055,0.002297
2020-07-02,3.066,0.003601
2020-07-03,3.071,0.001631
2020-07-06,3.187,0.037773
2020-07-07,3.258,0.022278
2020-07-08,3.367,0.033456
2020-07-09,3.474,0.031779
2020-07-10,3.452,-0.006333
2020-07-13,3.587,0.039108
2020-07-14,3.513,-0.02063
2020-07-15,3.415,-0.027896
2020-07-16,3.223,-0.056223
2020-07-17,3.282,0.018306
2020-07-20,3.371,0.027118
2020-07-21,3.4,0.008603
2020-07-22,3.46,0.017647
2020-07-23,3.541,0.02341
2020-07-24,3.38,-0.045467
2020-07-27,3.394,0.004142
2020-07-28,3.407,0.00383
2020-07-29,3.556,0.043733
2020-07-30,3.525,-0.008718
2020-07-31,3.623,0.027801
2020-08-03,3.765,0.039194
2020-08-04,3.67,-0.025232
2020-08-05,3.728,0.015804
2020-08-06,3.701,-0.007242
2020-08-07,3.61,-0.024588
2020-08-10,3.582,-0.007756
2020-08-11,3.524,-0.016192
2020-08-12,3.486,-0.010783
2020-08-13,3.475,-0.003155
2020-08-14,3.53,0.015827
2020-08-17,3.575,0.012748
2020-08-18,3.564,-0.003077
2020-08-19,3.463,-0.028339
2020-08-20,3.438,-0.007219
2020-08-21,3.49,0.015125
2020-08-24,3.591,0.02894
2020-08-25,3.565,-0.00724
2020-08-26,3.466,-0.02777
2020-08-27,3.502,0.010387
2020-08-28,3.537,0.009994
2020-08-31,3.512,-0.007068
2020-09-01,3.557,0.012813
2020-09-02,3.579,0.006185
2020-09-03,3.549,-0.008382
2020-09-04,3.516,-0.009298
2020-09-07,3.438,-0.022184
2020-09-08,3.426,-0.00349
2020-09-09,3.307,-0.034734
2020-09-10,3.292,-0.004536
2020-09-11,3.41,0.035844
2020-09-14,3.455,0.013196
2020-09-15,3.486,0.008973
2020-09-16,3.463,-0.006598
2020-09-17,3.503,0.011551
2020-09-18,3.553,0.014273
2020-09-21,3.524,-0.008162
2020-09-22,3.495,-0.008229
2020-09-23,3.538,0.012303
2020-09-24,3.457,-0.022894
2020-09-25,3.465,0.002314
2020-09-28,3.474,0.002597
2020-09-29,3.515,0.011802
2020-09-30,3.513,-0.000569
2020-10-09,3.63,0.033305
2020-10-12,3.748,0.032507
2020-10-13,3.779,0.008271
2020-10-14,3.761,-0.004763
2020-10-15,3.718,-0.011433
2020-10-16,3.693,-0.006724
2020-10-19,3.653,-0.010831
2020-10-20,3.7,0.012866
2020-10-21,3.659,-0.011081
2020-10-22,3.616,-0.011752
2020-10-23,3.56,-0.015487
2020-10-26,3.617,0.016011
2020-10-27,3.647,0.008294
2020-10-28,3.718,0.019468
2020-10-29,3.699,-0.00511
2020-10-30,3.639,-0.016221
2020-11-02,3.707,0.018686
2020-11-03,3.723,0.004316
2020-11-04,3.73,0.00188
2020-11-05,3.783,0.014209
2020-11-06,3.771,-0.003172
2020-11-09,3.894,0.032617
2020-11-10,3.85,-0.011299
2020-11-11,3.758,-0.023896
2020-11-12,3.781,0.00612
2020-11-13,3.77,-0.002909
2020-11-16,3.797,0.007162
2020-11-17,3.76,-0.009745
2020-11-18,3.745,-0.003989
2020-11-19,3.792,0.01255
2020-11-20,3.812,0.005274
2020-11-23,3.83,0.004722
2020-11-24,3.814,-0.004178
2020-11-25,3.79,-0.006293
2020-11-26,3.792,0.000528
2020-11-27,3.839,0.012395
2020-11-30,3.856,0.004428
2020-12-01,3.951,0.024637
2020-12-02,3.954,0.000759
2020-12-03,3.922,-0.008093
2020-12-04,3.94,0.004589
2020-12-07,3.942,0.000508
2020-12-08,3.93,-0.003044
2020-12-09,3.859,-0.018066
2020-12-10,3.909,0.012957
2020-12-11,3.85,-0.015093
2020-12-14,3.894,0.011429
2020-12-15,3.926,0.008218
2020-12-16,3.912,-0.003566
2020-12-17,3.912,0.0
2020-12-18,3.932,0.005112
2020-12-21,3.956,0.006104
2020-12-22,3.864,-0.023256
2020-12-23,3.922,0.01501
2020-12-24,3.883,-0.009944
2020-12-25,3.933,0.012877
2020-12-28,3.922,-0.002797
2020-12-29,3.879,-0.010964
2020-12-30,3.931,0.013406
2020-12-31,4.002,0.018062
2021-01-04,4.104,0.025487
2021-01-05,4.165,0.014864
2021-01-06,4.185,0.004802
2021-01-07,4.282,0.023178
2021-01-08,4.24,-0.009809
2021-01-11,4.202,-0.008962
2021-01-12,4.36,0.037601
2021-01-13,4.319,-0.009404
2021-01-14,4.25,-0.015976
2021-01-15,4.263,0.003059
2021-01-18,4.423,0.037532
2021-01-19,4.351,-0.016279
2021-01-20,4.456,0.024132
2021-01-21,4.493,0.008303
2021-01-22,4.525,0.007122
2021-01-25,4.537,0.002652
2021-01-26,4.399,-0.030417
2021-01-27,4.491,0.020914
2021-01-28,4.341,-0.0334
2021-01-29,4.304,-0.008523
2021-02-01,4.378,0.017193
2021-02-02,4.484,0.024212
2021-02-03,4.458,-0.005798
2021-02-04,4.346,-0.025123
2021-02-05,4.305,-0.009434
2021-02-08,4.372,0.015563
2021-02-09,4.48,0.024703
2021-02-10,4.526,0.010268
2021-02-18,4.533,0.001547
2021-02-19,4.45,-0.01831
2021-02-22,4.397,-0.01191
2021-02-23,4.378,-0.004321
2021-02-24,4.276,-0.023298
2021-02-25,4.297,0.004911
2021-02-26,4.224,-0.016989
2021-03-01,4.372,0.035038
2021-03-02,4.35,-0.005032
2021-03-03,4.411,0.014023
2021-03-04,4.258,-0.034686
2021-03-05,4.255,-0.000705
2021-03-08,4.124,-0.030787
2021-03-09,4.006,-0.028613
2021-03-10,4.024,0.004493
2021-03-11,4.06,0.008946
2021-03-12,4.071,0.002709
2021-03-15,4.006,-0.015967
2021-03-16,4.027,0.005242
2021-03-17,4.081,0.013409
2021-03-18,4.108,0.006616
2021-03-19,4.046,-0.015093
2021-03-22,4.1,0.013347
2021-03-23,4.033,-0.016341
2021-03-24,3.975,-0.014381
2021-03-25,3.943,-0.00805
2021-03-26,4.031,0.022318
2021-03-29,4.042,0.002729
2021-03-30,4.034,-0.001979
2021-03-31,4.01,-0.005949
2021-04-01,4.027,0.004239
2021-04-02,4.056,0.007201
2021-04-06,4.079,0.005671
2021-04-07,4.061,-0.004413
2021-04-08,4.074,0.003201
2021-04-09,4.025,-0.012027
2021-04-12,3.948,-0.01913
2021-04-13,3.92,-0.007092
2021-04-14,3.962,0.010714
2021-04-15,3.942,-0.005048
2021-04-16,3.957,0.003805
2021-04-19,4.02,0.015921
2021-04-20,4.021,0.000249
2021-04-21,4.029,0.00199
2021-04-22,4.071,0.010424
2021-04-23,4.059,-0.002948
2021-04-26,4.059,0.0
2021-04-27,4.051,-0.001971
2021-04-28,4.125,0.018267
2021-04-29,4.12,-0.001212
2021-04-30,4.156,0.008738
2021-05-06,4.121,-0.008422
2021-05-07,3.988,-0.032274
2021-05-10,3.993,0.001254
2021-05-11,3.959,-0.008515
2021-05-12,3.977,0.004547
2021-05-13,3.952,-0.006286
2021-05-14,4.009,0.014423
2021-05-17,4.094,0.021202
2021-05-18,4.108,0.00342
2021-05-19,4.138,0.007303
2021-05-20,4.15,0.0029
2021-05-21,4.109,-0.00988
2021-05-24,4.131,0.005354
2021-05-25,4.183,0.012588
2021-05-26,4.151,-0.00765
2021-05-27,4.208,0.013732
2021-05-28,4.212,0.000951
2021-05-31,4.32,0.025641
2021-06-01,4.334,0.003241
2021-06-02,4.287,-0.010844
2021-06-03,4.236,-0.011896
2021-06-04,4.257,0.004958
2021-06-07,4.256,-0.000235
2021-06-08,4.193,-0.014803
2021-06-09,4.208,0.003577
2021-06-10,4.246,0.00903
2021-06-11,4.219,-0.006359
2021-06-15,4.203,-0.003792
2021-06-16,4.07,-0.031644
2021-06-17,4.123,0.013022
2021-06-18,4.183,0.014553
2021-06-21,4.269,0.020559
2021-06-22,4.27,0.000234
2021-06-23,4.317,0.011007
2021-06-24,4.279,-0.008802
2021-06-25,4.294,0.003505
2021-06-28,4.357,0.014672
2021-06-29,4.348,-0.002066
2021-06-30,4.419,0.016329
2021-07-01,4.365,-0.01222
2021-07-02,4.277,-0.02016
2021-07-05,4.35,0.017068
2021-07-06,4.309,-0.009425
2021-07-07,4.458,0.034579
2021-07-08,4.573,0.025796
2021-07-09,4.551,-0.004811
2021-07-12,4.675,0.027247
2021-07-13,4.602,-0.015615
2021-07-14,4.494,-0.023468
2021-07-15,4.556,0.013796
2021-07-16,4.464,-0.020193
2021-07-19,4.401,-0.014113
2021-07-20,4.477,0.017269
2021-07-21,4.664,0.041769
2021-07-22,4.736,0.015437
2021-07-23,4.725,-0.002323
2021-07-26,4.71,-0.003175
2021-07-27,4.539,-0.036306
2021-07-28,4.507,-0.00705
2021-07-29,4.762,0.056579
2021-07-30,4.761,-0.00021
2021-08-02,4.776,0.003151
2021-08-03,4.614,-0.03392
2021-08-04,4.82,0.044647
2021-08-05,4.786,-0.007054
2021-08-06,4.807,0.004388
2021-08-09,4.719,-0.018307
2021-08-10,4.71,-0.001907
2021-08-11,4.725,0.003185
2021-08-12,4.703,-0.004656
2021-08-13,4.662,-0.008718
2021-08-16,4.595,-0.014372
2021-08-17,4.492,-0.022416
2021-08-18,4.501,0.002004
2021-08-19,4.562,0.013553
2021-08-20,4.56,-0.000438
2021-08-23,4.649,0.019518
2021-08-24,4.693,0.009464
2021-08-25,4.694,0.000213
2021-08-26,4.633,-0.012995
2021-08-27,4.65,0.003669
2021-08-30,4.63,-0.004301
2021-08-31,4.558,-0.015551
2021-09-01,4.499,-0.012944
2021-09-02,4.5,0.000222
2021-09-03,4.486,-0.003111
2021-09-06,4.537,0.011369
2021-09-07,4.556,0.004188
2021-09-08,4.525,-0.006804
2021-09-09,4.485,-0.00884
2021-09-10,4.551,0.014716
2021-09-13,4.472,-0.017359
2021-09-14,4.528,0.012522
2021-09-15,4.541,0.002871
2021-09-16,4.467,-0.016296
2021-09-17,4.493,0.00582
2021-09-22,4.509,0.003561
2021-09-23,4.501,-0.001774
2021-09-24,4.486,-0.003333
2021-09-27,4.424,-0.013821
2021-09-28,4.443,0.004295
2021-09-29,4.366,-0.017331
2021-09-30,4.444,0.017865
2021-10-08,4.428,-0.0036
2021-10-11,4.419,-0.002033
2021-10-12,4.339,-0.018104
2021-10-13,4.402,0.014519
2021-10-14,4.416,0.00318
2021-10-15,4.449,0.007473
2021-10-18,4.449,0.0
2021-10-19,4.451,0.00045
2021-10-20,4.464,0.002921
2021-10-21,4.423,-0.009185
2021-10-22,4.394,-0.006557
2021-10-25,4.499,0.023896
2021-10-26,4.468,-0.00689
2021-10-27,4.499,0.006938
2021-10-28,4.441,-0.012892
2021-10-29,4.48,0.008782
2021-11-01,4.456,-0.005357
2021-11-02,4.456,0.0
2021-11-03,4.427,-0.006508
2021-11-04,4.474,0.010617
2021-11-05,4.4,-0.01654
2021-11-08,4.512,0.025455
2021-11-09,4.591,0.017509
2021-11-10,4.576,-0.003267
2021-11-11,4.615,0.008523
2021-11-12,4.635,0.004334
2021-11-15,4.555,-0.01726
2021-11-16,4.475,-0.017563
2021-11-17,4.564,0.019888
2021-11-18,4.531,-0.00723
2021-11-19,4.577,0.010152
2021-11-22,4.736,0.034739
2021-11-23,4.709,-0.005701
2021-11-24,4.68,-0.006158
2021-11-25,4.651,-0.006197
2021-11-26,4.651,0.0
2021-11-29,4.71,0.012685
2021-11-30,4.703,-0.001486
2021-12-01,4.664,-0.008293
2021-12-02,4.64,-0.005146
2021-12-03,4.662,0.004741
2021-12-06,4.562,-0.02145
2021-12-07,4.451,-0.024331
2021-12-08,4.553,0.022916
2021-12-09,4.544,-0.001977
2021-12-10,4.544,0.0
2021-12-13,4.548,0.00088
2021-12-14,4.537,-0.002419
2021-12-15,4.508,-0.006392
2021-12-16,4.531,0.005102
2021-12-17,4.445,-0.01898
2021-12-20,4.348,-0.021822
2021-12-21,4.395,0.01081
2021-12-22,4.435,0.009101
2021-12-23,4.459,0.005411
2021-12-24,4.356,-0.023099
2021-12-27,4.352,-0.000918
2021-12-28,4.39,0.008732
2021-12-29,4.353,-0.008428
2021-12-30,4.431,0.017919
2021-12-31,4.476,0.010156
2022-01-04,4.384,-0.020554
2022-01-05,4.289,-0.02167
2022-01-06,4.297,0.001865
2022-01-07,4.235,-0.014429
2022-01-10,4.253,0.00425
2022-01-11,4.187,-0.015518
2022-01-12,4.263,0.018151
2022-01-13,4.206,-0.013371
2022-01-14,4.253,0.011175
2022-01-17,4.365,0.026334
2022-01-18,4.331,-0.007789
2022-01-19,4.26,-0.016393
2022-01-20,4.194,-0.015493
2022-01-21,4.128,-0.015737
2022-01-24,4.146,0.00436
2022-01-25,4.031,-0.027738
2022-01-26,4.091,0.014885
2022-01-27,3.953,-0.033733
2022-01-28,3.933,-0.005059
2022-02-07,3.929,-0.001017
2022-02-08,3.837,-0.023416
2022-02-09,3.894,0.014855
2022-02-10,3.847,-0.01207
2022-02-11,3.723,-0.032233
2022-02-14,3.688,-0.009401
2022-02-15,3.776,0.023861
2022-02-16,3.788,0.003178
2022-02-17,3.798,0.00264
2022-02-18,3.78,-0.004739
2022-02-21,3.786,0.001587
2022-02-22,3.736,-0.013207
2022-02-23,3.852,0.031049
2022-02-24,3.775,-0.01999
2022-02-25,3.816,0.010861
2022-02-28,3.838,0.005765
2022-03-01,3.86,0.005732
2022-03-02,3.818,-0.010881
2022-03-03,3.743,-0.019644
2022-03-04,3.688,-0.014694
2022-03-07,3.599,-0.024132
2022-03-08,3.567,-0.008891
2022-03-09,3.573,0.001682
2022-03-10,3.637,0.017912
2022-03-11,3.612,-0.006874
2022-03-14,3.518,-0.026024
2022-03-15,3.417,-0.028709
2022-03-16,3.523,0.031021
2022-03-17,3.58,0.016179
2022-03-18,3.543,-0.010335
2022-03-21,3.581,0.010725
2022-03-22,3.568,-0.00363
2022-03-23,3.608,0.011211
2022-03-24,3.582,-0.007206
2022-03-25,3.536,-0.012842
2022-03-28,3.497,-0.011029
2022-03-29,3.474,-0.006577
2022-03-30,3.55,0.021877
2022-03-31,3.5,-0.014085
2022-04-01,3.539,0.011143
2022-04-06,3.503,-0.010172
2022-04-07,3.446,-0.016272
2022-04-08,3.426,-0.005804
2022-04-11,3.313,-0.032983
2022-04-12,3.332,0.005735
2022-04-13,3.255,-0.023109
2022-04-14,3.298,0.01321
2022-04-15,3.274,-0.007277
2022-04-18,3.307,0.010079
2022-04-19,3.275,-0.009676
2022-04-20,3.247,-0.00855
2022-04-21,3.187,-0.018479
2022-04-22,3.19,0.000941
2022-04-25,3.044,-0.045768
2022-04-26,3.027,-0.005585
2022-04-27,3.126,0.032706
2022-04-28,3.13,0.00128
2022-04-29,3.227,0.03099
2022-05-05,3.248,0.006508
2022-05-06,3.173,-0.023091
2022-05-09,3.188,0.004727
2022-05-10,3.226,0.01192
2022-05-11,3.246,0.0062
2022-05-12,3.271,0.007702
2022-05-13,3.295,0.007337
2022-05-16,3.271,-0.007284
2022-05-17,3.303,0.009783
2022-05-18,3.296,-0.002119
2022-05-19,3.3,0.001214
2022-05-20,3.32,0.006061
2022-05-23,3.311,-0.002711
2022-05-24,3.235,-0.022954
2022-05-25,3.26,0.007728
2022-05-26,3.313,0.016258
2022-05-27,3.302,-0.00332
2022-05-30,3.343,0.012417
2022-05-31,3.379,0.010769
2022-06-01,3.388,0.002664
2022-06-02,3.421,0.00974
2022-06-06,3.49,0.02017
2022-06-07,3.491,0.000287
2022-06-08,3.499,0.002292
2022-06-09,3.459,-0.011432
2022-06-10,3.561,0.029488
2022-06-13,3.612,0.014322
2022-06-14,3.596,-0.00443
2022-06-15,3.539,-0.015851
2022-06-16,3.557,0.005086
2022-06-17,3.616,0.016587
2022-06-20,3.657,0.011338
2022-06-21,3.615,-0.011485
2022-06-22,3.619,0.001107
2022-06-23,3.753,0.037027
2022-06-24,3.793,0.010658
2022-06-27,3.77,-0.006064
2022-06-28,3.809,0.010345
2022-06-29,3.7,-0.028616
2022-06-30,3.779,0.021351
2022-07-01,3.768,-0.002911
2022-07-04,3.805,0.00982
2022-07-05,3.778,-0.007096
2022-07-06,3.754,-0.006353
2022-07-07,3.846,0.024507
2022-07-08,3.778,-0.017681
2022-07-11,3.775,-0.000794
2022-07-12,3.699,-0.020132
2022-07-13,3.757,0.01568
2022-07-14,3.863,0.028214
2022-07-15,3.902,0.010096
2022-07-18,3.926,0.006151
2022-07-19,3.881,-0.011462
2022-07-20,3.951,0.018037
2022-07-21,3.875,-0.019236
2022-07-22,3.875,0.0
2022-07-25,3.792,-0.021419
2022-07-26,3.845,0.013977
2022-07-27,3.948,0.026788
2022-07-28,3.999,0.012918
2022-07-29,3.995,-0.001
2022-08-01,4.028,0.00826
2022-08-02,4.035,0.001738
2022-08-03,3.982,-0.013135
2022-08-04,3.985,0.000753
2022-08-05,4.013,0.007026
2022-08-08,4.071,0.014453
2022-08-09,4.105,0.008352
2022-08-10,4.126,0.005116
2022-08-11,4.101,-0.006059
2022-08-12,4.014,-0.021214
2022-08-15,4.084,0.017439
2022-08-16,4.114,0.007346
2022-08-17,4.17,0.013612
2022-08-18,4.237,0.016067
2022-08-19,4.079,-0.037291
2022-08-22,4.11,0.0076
2022-08-23,4.171,0.014842
2022-08-24,3.994,-0.042436
2022-08-25,3.916,-0.019529
2022-08-26,3.899,-0.004341
2022-08-29,3.979,0.020518
2022-08-30,3.967,-0.003016
2022-08-31,3.767,-0.050416
2022-09-01,3.759,-0.002124
2022-09-02,3.785,0.006917
2022-09-05,3.837,0.013738
2022-09-06,3.924,0.022674
2022-09-07,3.99,0.01682
2022-09-08,3.98,-0.002506
2022-09-09,3.943,-0.009296
2022-09-13,3.953,0.002536
2022-09-14,3.952,-0.000253
2022-09-15,3.841,-0.028087
2022-09-16,3.815,-0.006769
2022-09-19,3.768,-0.01232
2022-09-20,3.779,0.002919
2022-09-21,3.745,-0.008997
2022-09-22,3.756,0.002937
2022-09-23,3.705,-0.013578
2022-09-26,3.714,0.002429
2022-09-27,3.765,0.013732
2022-09-28,3.684,-0.021514
2022-09-29,3.708,0.006515
2022-09-30,3.606,-0.027508
2022-10-10,3.487,-0.033001
2022-10-11,3.449,-0.010898
2022-10-12,3.514,0.018846
2022-10-13,3.561,0.013375
2022-10-14,3.6,0.010952
2022-10-17,3.654,0.015
2022-10-18,3.648,-0.001642
2022-10-19,3.648,0.0
2022-10-20,3.706,0.015899
2022-10-21,3.725,0.005127
2022-10-24,3.759,0.009128
2022-10-25,3.744,-0.00399
2022-10-26,3.809,0.017361
2022-10-27,3.745,-0.016802
2022-10-28,3.668,-0.020561
2022-10-31,3.709,0.011178
2022-11-01,3.709,0.0
2022-11-02,3.688,-0.005662
2022-11-03,3.723,0.00949
2022-11-04,3.741,0.004835
2022-11-07,3.72,-0.005613
2022-11-08,3.712,-0.002151
2022-11-09,3.689,-0.006196
2022-11-10,3.623,-0.017891
2022-11-11,3.638,0.00414
2022-11-14,3.604,-0.009346
2022-11-15,3.676,0.019978
2022-11-16,3.661,-0.004081
2022-11-17,3.68,0.00519
2022-11-18,3.651,-0.00788
2022-11-21,3.621,-0.008217
2022-11-22,3.568,-0.014637
2022-11-23,3.551,-0.004765
2022-11-24,3.565,0.003943
2022-11-25,3.522,-0.012062
2022-11-28,3.51,-0.003407
2022-11-29,3.551,0.011681
2022-11-30,3.546,-0.001408
2022-12-01,3.598,0.014664
2022-12-02,3.617,0.005281
2022-12-05,3.603,-0.003871
2022-12-06,3.593,-0.002775
2022-12-07,3.58,-0.003618
2022-12-08,3.558,-0.006145
2022-12-09,3.544,-0.003935
2022-12-12,3.554,0.002822
2022-12-13,3.495,-0.016601
2022-12-14,3.502,0.002003
2022-12-15,3.515,0.003712
2022-12-16,3.476,-0.011095
2022-12-19,3.421,-0.015823
2022-12-20,3.36,-0.017831
2022-12-21,3.35,-0.002976
2022-12-22,3.345,-0.001493
2022-12-23,3.376,0.009268
2022-12-26,3.411,0.010367
2022-12-27,3.431,0.005863
2022-12-28,3.402,-0.008452
2022-12-29,3.432,0.008818
2022-12-30,3.454,0.00641
2022-12-31,3.454,0.0
2023-01-03,3.544,0.026057
2023-01-04,3.562,0.005079
2023-01-05,3.608,0.012914
2023-01-06,3.604,-0.001109
2023-01-09,3.643,0.010821
2023-01-10,3.645,0.000549
2023-01-11,3.61,-0.009602
2023-01-12,3.611,0.000277
2023-01-13,3.616,0.001385
2023-01-16,3.681,0.017976
2023-01-17,3.686,0.001358
2023-01-18,3.7,0.003798
2023-01-19,3.761,0.016486
2023-01-20,3.776,0.003988
2023-01-30,3.817,0.010858
2023-01-31,3.783,-0.008908
2023-02-01,3.84,0.015067
2023-02-02,3.845,0.001302
2023-02-03,3.869,0.006242
2023-02-06,3.838,-0.008012
2023-02-07,3.82,-0.00469
2023-02-08,3.801,-0.004974
2023-02-09,3.873,0.018942
2023-02-10,3.84,-0.008521
2023-02-13,3.888,0.0125
2023-02-14,3.881,-0.0018
2023-02-15,3.904,0.005926
2023-02-16,3.877,-0.006916
2023-02-17,3.8,-0.019861
2023-02-20,3.884,0.022105
2023-02-21,3.863,-0.005407
2023-02-22,3.867,0.001035
2023-02-23,3.834,-0.008534
2023-02-24,3.837,0.000782
2023-02-27,3.834,-0.000782
2023-02-28,3.858,0.00626
2023-03-01,3.896,0.00985
2023-03-02,3.896,0.0
2023-03-03,3.861,-0.008984
2023-03-06,3.869,0.002072
2023-03-07,3.777,-0.023779
2023-03-08,3.834,0.015091
2023-03-09,3.844,0.002608
2023-03-10,3.825,-0.004943
2023-03-13,3.902,0.020131
2023-03-14,3.872,-0.007688
2023-03-15,3.826,-0.01188
2023-03-16,3.787,-0.010193
2023-03-17,3.913,0.033272
2023-03-20,3.905,-0.002044
2023-03-21,3.948,0.011012
2023-03-22,3.991,0.010892
2023-03-23,4.051,0.015034
2023-03-24,4.127,0.018761
2023-03-27,4.137,0.002423
2023-03-28,4.076,-0.014745
2023-03-29,4.126,0.012267
2023-03-30,4.1,-0.006302
2023-03-31,4.225,0.030488
2023-04-03,4.395,0.040237
2023-04-04,4.39,-0.001138
2023-04-06,4.348,-0.009567
2023-04-07,4.402,0.01242
2023-04-10,4.29,-0.025443
2023-04-11,4.319,0.00676
2023-04-12,4.341,0.005094
2023-04-13,4.287,-0.01244
2023-04-14,4.27,-0.003965
2023-04-17,4.251,-0.00445
2023-04-18,4.236,-0.003529
2023-04-19,4.253,0.004013
2023-04-20,4.368,0.02704
2023-04-21,4.185,-0.041896
2023-04-24,4.154,-0.007407
2023-04-25,4.181,0.0065
2023-04-26,4.068,-0.027027
2023-04-27,3.974,-0.023107
2023-04-28,4.114,0.035229
2023-05-04,4.116,0.000486
2023-05-05,4.075,-0.009961
2023-05-08,4.109,0.008344
2023-05-09,4.064,-0.010952
2023-05-10,4.027,-0.009104
2023-05-11,4.035,0.001987
2023-05-12,3.995,-0.009913
2023-05-15,3.989,-0.001502
2023-05-16,3.948,-0.010278
2023-05-17,3.956,0.002026
2023-05-18,4.074,0.029828
2023-05-19,4.081,0.001718
2023-05-22,4.018,-0.015437
2023-05-23,3.963,-0.013688
2023-05-24,3.933,-0.00757
2023-05-25,3.902,-0.007882
2023-05-26,3.974,0.018452
2023-05-29,4.011,0.009311
2023-05-30,4.094,0.020693
2023-05-31,4.103,0.002198
2023-06-01,4.166,0.015355
2023-06-02,4.152,-0.003361
2023-06-05,4.177,0.006021
2023-06-06,4.101,-0.018195
2023-06-07,4.101,0.0
2023-06-08,4.057,-0.010729
2023-06-09,4.137,0.019719
2023-06-12,4.134,-0.000725
2023-06-13,4.184,0.012095
2023-06-14,4.227,0.010277
2023-06-15,4.178,-0.011592
2023-06-16,4.258,0.019148
2023-06-19,4.351,0.021841
2023-06-20,4.443,0.021145
2023-06-21,4.294,-0.033536
2023-06-26,4.134,-0.037261
2023-06-27,4.164,0.007257
2023-06-28,4.074,-0.021614
2023-06-29,4.118,0.0108
2023-06-30,4.125,0.0017
2023-07-03,4.024,-0.024485
2023-07-04,4.041,0.004225
2023-07-05,3.982,-0.0146
2023-07-06,3.986,0.001005
2023-07-07,3.981,-0.001254
2023-07-10,3.954,-0.006782
2023-07-11,3.963,0.002276
2023-07-12,3.873,-0.02271
2023-07-13,3.934,0.01575
2023-07-14,3.983,0.012456
2023-07-17,3.959,-0.006026
2023-07-18,3.912,-0.011872
2023-07-19,3.929,0.004346
2023-07-20,3.8,-0.032833
2023-07-21,3.787,-0.003421
2023-07-24,3.794,0.001848
2023-07-25,3.853,0.015551
2023-07-26,3.772,-0.021023
2023-07-27,3.727,-0.01193
2023-07-28,3.762,0.009391
2023-07-31,3.778,0.004253
2023-08-01,3.795,0.0045
2023-08-02,3.794,-0.000264
2023-08-03,3.8,0.001581
2023-08-04,3.851,0.013421
2023-08-07,3.871,0.005193
2023-08-08,3.844,-0.006975
2023-08-09,3.774,-0.01821
2023-08-10,3.759,-0.003975
2023-08-11,3.706,-0.014099
2023-08-14,3.742,0.009714
2023-08-15,3.707,-0.009353
2023-08-16,3.629,-0.021041
2023-08-17,3.654,0.006889
2023-08-18,3.566,-0.024083
2023-08-21,3.546,-0.005609
2023-08-22,3.624,0.021997
2023-08-23,3.533,-0.02511
2023-08-24,3.553,0.005661
2023-08-25,3.454,-0.027864
2023-08-28,3.471,0.004922
2023-08-29,3.579,0.031115
2023-08-30,3.635,0.015647
2023-08-31,3.623,-0.003301
2023-09-01,3.6,-0.006348
2023-09-04,3.595,-0.001389
2023-09-05,3.562,-0.009179
2023-09-06,3.561,-0.000281
2023-09-07,3.52,-0.011514
2023-09-08,3.51,-0.002841
2023-09-11,3.545,0.009972
2023-09-12,3.541,-0.001128
2023-09-13,3.494,-0.013273
2023-09-14,3.465,-0.0083
2023-09-15,3.448,-0.004906
2023-09-18,3.451,0.00087
2023-09-19,3.45,-0.00029
2023-09-20,3.431,-0.005507
2023-09-21,3.412,-0.005538
2023-09-22,3.479,0.019637
2023-09-25,3.475,-0.00115
2023-09-26,3.493,0.00518
2023-09-27,3.519,0.007443
2023-09-28,3.503,-0.004547
2023-10-09,3.485,-0.005138
2023-10-10,3.473,-0.003443
2023-10-11,3.525,0.014973
2023-10-12,3.53,0.001418
2023-10-13,3.516,-0.003966
2023-10-16,3.476,-0.011377
2023-10-17,3.469,-0.002014
2023-10-18,3.405,-0.018449
2023-10-19,3.359,-0.01351
2023-10-20,3.306,-0.015779
2023-10-23,3.284,-0.006655
2023-10-24,3.33,0.014007
2023-10-25,3.328,-0.000601
2023-10-26,3.328,0.0
2023-10-27,3.364,0.010817
2023-10-30,3.427,0.018728
2023-10-31,3.41,-0.004961
2023-11-01,3.382,-0.008211
2023-11-02,3.334,-0.014193
2023-11-03,3.398,0.019196
2023-11-06,3.478,0.023543
2023-11-07,3.49,0.00345
2023-11-08,3.52,0.008596
2023-11-09,3.475,-0.012784
2023-11-10,3.488,0.003741
2023-11-13,3.476,-0.00344
2023-11-14,3.491,0.004315
2023-11-15,3.494,0.000859
2023-11-16,3.443,-0.014596
2023-11-17,3.471,0.008132
2023-11-20,3.495,0.006914
2023-11-21,3.465,-0.008584
2023-11-22,3.411,-0.015584
2023-11-23,3.44,0.008502
2023-11-24,3.391,-0.014244
2023-11-27,3.417,0.007667
2023-11-28,3.448,0.009072
2023-11-29,3.44,-0.00232
2023-11-30,3.44,0.0
2023-12-01,3.438,-0.000581
2023-12-04,3.42,-0.005236
2023-12-05,3.366,-0.015789
2023-12-06,3.377,0.003268
2023-12-07,3.372,-0.001481
2023-12-08,3.368,-0.001186
2023-12-11,3.413,0.013361
2023-12-12,3.403,-0.00293
2023-12-13,3.372,-0.00911
2023-12-14,3.358,-0.004152
2023-12-15,3.348,-0.002978
2023-12-18,3.331,-0.005078
2023-12-19,3.344,0.003903
2023-12-20,3.299,-0.013457
2023-12-21,3.311,0.003637
2023-12-22,3.271,-0.012081
2023-12-25,3.277,0.001834
2023-12-26,3.23,-0.014342
2023-12-27,3.26,0.009288
2023-12-28,3.304,0.013497
2023-12-29,3.365,0.018462
2023-12-31,3.364,-0.000297
2024-01-02,3.303,-0.018133
2024-01-03,3.261,-0.012716
2024-01-04,3.246,-0.0046
2024-01-05,3.194,-0.01602
2024-01-08,3.138,-0.017533
2024-01-09,3.147,0.002868
2024-01-10,3.104,-0.013664
2024-01-11,3.153,0.015786
2024-01-12,3.119,-0.010783
2024-01-15,3.116,-0.000962
2024-01-16,3.111,-0.001605
2024-01-17,3.022,-0.028608
2024-01-18,3.049,0.008934
2024-01-19,3.029,-0.00656
2024-01-22,2.938,-0.030043
2024-01-23,2.958,0.006807
2024-01-24,2.958,0.0
2024-01-25,3.014,0.018932
2024-01-26,2.941,-0.02422
2024-01-29,2.861,-0.027202
2024-01-30,2.795,-0.023069
2024-01-31,2.75,-0.0161
2024-02-01,2.756,0.002182
2024-02-02,2.703,-0.019231
2024-02-05,2.68,-0.008509
2024-02-06,2.809,0.048134
2024-02-07,2.852,0.015308
2024-02-08,2.919,0.023492
2024-02-19,2.932,0.004454
2024-02-20,2.927,-0.001705
2024-02-21,2.934,0.002392
2024-02-22,2.955,0.007157
2024-02-23,2.981,0.008799
2024-02-26,2.992,0.00369
2024-02-27,3.049,0.019051
2024-02-28,2.943,-0.034765
2024-02-29,3.022,0.026843
2024-03-01,3.06,0.012574
2024-03-04,3.098,0.012418
2024-03-05,3.101,0.000968
2024-03-06,3.088,-0.004192
2024-03-07,3.042,-0.014896
2024-03-08,3.088,0.015122
2024-03-11,3.146,0.018782
2024-03-12,3.14,-0.001907
2024-03-13,3.16,0.006369
2024-03-14,3.135,-0.007911
2024-03-15,3.163,0.008931
2024-03-18,3.209,0.014543
2024-03-19,3.212,0.000935
2024-03-20,3.255,0.013387
2024-03-21,3.253,-0.000614
2024-03-22,3.263,0.003074
2024-03-25,3.192,-0.021759
2024-03-26,3.191,-0.000313
2024-03-27,3.117,-0.02319
2024-03-28,3.141,0.0077
2024-03-29,3.129,-0.00382
2024-04-01,3.184,0.017578
2024-04-02,3.137,-0.014761
2024-04-03,3.109,-0.008926
2024-04-08,3.086,-0.007398
2024-04-09,3.104,0.005833
2024-04-10,3.056,-0.015464
2024-04-11,3.066,0.003272
2024-04-12,3.072,0.001957
2024-04-15,3.067,-0.001628
2024-04-16,2.997,-0.022824
2024-04-17,3.045,0.016016
2024-04-18,3.03,-0.004926
2024-04-19,3.002,-0.009241
2024-04-22,3.007,0.001666
2024-04-23,3.014,0.002328
2024-04-24,3.04,0.008626
2024-04-25,3.048,0.002632
2024-04-26,3.112,0.020997
2024-04-29,3.164,0.01671
2024-04-30,3.142,-0.006953
2024-05-06,3.211,0.021961
2024-05-07,3.196,-0.004671
2024-05-08,3.149,-0.014706
2024-05-09,3.179,0.009527
2024-05-10,3.161,-0.005662
2024-05-13,3.191,0.009491
2024-05-14,3.199,0.002507
2024-05-15,3.169,-0.009378
2024-05-16,3.168,-0.000316
2024-05-17,3.177,0.002841
2024-05-20,3.19,0.004092
2024-05-21,3.202,0.003762
2024-05-22,3.2,-0.000625
2024-05-23,3.168,-0.01
2024-05-24,3.114,-0.017045
2024-05-27,3.141,0.008671
2024-05-28,3.096,-0.014327
2024-05-29,3.098,0.000646
2024-05-30,3.123,0.00807
2024-05-31,3.117,-0.001921
2024-06-03,3.157,0.012833
2024-06-04,3.169,0.003801
2024-06-05,3.147,-0.006942
2024-06-06,3.181,0.010804
2024-06-07,3.123,-0.018233
2024-06-11,3.16,0.011848
2024-06-12,3.197,0.011709
2024-06-13,3.22,0.007194
2024-06-14,3.278,0.018012
2024-06-17,3.353,0.02288
2024-06-18,3.396,0.012824
2024-06-19,3.359,-0.010895
2024-06-20,3.342,-0.005061
2024-06-21,3.35,0.002394
2024-06-24,3.313,-0.011045
2024-06-25,3.252,-0.018412
2024-06-26,3.33,0.023985
2024-06-27,3.298,-0.00961
2024-06-28,3.313,0.004548
2024-06-30,3.313,0.0
2024-07-01,3.32,0.002113
2024-07-02,3.278,-0.012651
2024-07-03,3.277,-0.000305
2024-07-04,3.26,-0.005188
2024-07-05,3.268,0.002454
2024-07-08,3.271,0.000918
2024-07-09,3.375,0.031795
2024-07-10,3.373,-0.000593
2024-07-11,3.391,0.005336
2024-07-12,3.359,-0.009437
2024-07-15,3.354,-0.001489
2024-07-16,3.418,0.019082
2024-07-17,3.341,-0.022528
2024-07-18,3.316,-0.007483
2024-07-19,3.292,-0.007238
2024-07-22,3.281,-0.003341
2024-07-23,3.194,-0.026516
2024-07-24,3.149,-0.014089
2024-07-25,3.113,-0.011432
2024-07-26,3.138,0.008031
2024-07-29,3.131,-0.002231
2024-07-30,3.114,-0.00543
2024-07-31,3.192,0.025048
2024-08-01,3.192,0.0
2024-08-02,3.124,-0.021303
2024-08-05,3.013,-0.035531
2024-08-06,3.064,0.016927
2024-08-07,3.056,-0.002611
2024-08-08,3.074,0.00589
2024-08-09,3.076,0.000651
2024-08-12,3.075,-0.000325
2024-08-13,3.082,0.002276
2024-08-14,3.056,-0.008436
2024-08-15,3.061,0.001636
2024-08-16,3.065,0.001307
2024-08-19,3.065,0.0
2024-08-20,3.053,-0.003915
2024-08-21,3.061,0.00262
2024-08-22,3.057,-0.001307
2024-08-23,3.047,-0.003271
2024-08-26,3.033,-0.004595
2024-08-27,3.006,-0.008902
2024-08-28,3.003,-0.000998
2024-08-29,3.024,0.006993
2024-08-30,3.077,0.017526
2024-09-02,3.017,-0.0195
2024-09-03,3.036,0.006298
2024-09-04,3.018,-0.005929
2024-09-05,3.021,0.000994
2024-09-06,2.985,-0.011917
2024-09-09,2.981,-0.00134
2024-09-10,2.997,0.005367
2024-09-11,3.002,0.001668
2024-09-12,2.992,-0.003331
2024-09-13,2.988,-0.001337
2024-09-18,2.972,-0.005355
2024-09-19,2.97,-0.000673
2024-09-20,2.965,-0.001684
2024-09-23,2.954,-0.00371
2024-09-24,3.029,0.025389
2024-09-25,3.036,0.002311
2024-09-26,3.102,0.021739
2024-09-27,3.201,0.031915
2024-09-30,3.456,0.079663
2024-10-08,3.735,0.080729
2024-10-09,3.503,-0.062115
2024-10-10,3.5,-0.000856
2024-10-11,3.412,-0.025143
2024-10-14,3.461,0.014361
2024-10-15,3.403,-0.016758
2024-10-16,3.368,-0.010285
2024-10-17,3.37,0.000594
2024-10-18,3.506,0.040356
2024-10-21,3.538,0.009127
2024-10-22,3.557,0.00537
2024-10-23,3.528,-0.008153
2024-10-24,3.498,-0.008503
2024-10-25,3.536,0.010863
2024-10-28,3.559,0.006505
2024-10-29,3.516,-0.012082
2024-10-30,3.506,-0.002844
2024-10-31,3.522,0.004564
2024-11-01,3.468,-0.015332
2024-11-04,3.509,0.011822
2024-11-05,3.585,0.021659
2024-11-06,3.552,-0.009205
2024-11-07,3.606,0.015203
2024-11-08,3.596,-0.002773
2024-11-11,3.703,0.029755
2024-11-12,3.67,-0.008912
2024-11-13,3.725,0.014986
2024-11-14,3.636,-0.023893
2024-11-15,3.587,-0.013476
2024-11-18,3.448,-0.038751
2024-11-19,3.48,0.009281
2024-11-20,3.519,0.011207
2024-11-21,3.529,0.002842
2024-11-22,3.449,-0.022669
2024-11-25,3.448,-0.00029
2024-11-26,3.451,0.00087
2024-11-27,3.525,0.021443
2024-11-28,3.502,-0.006525
2024-11-29,3.546,0.012564
2024-12-02,3.588,0.011844
2024-12-03,3.56,-0.007804
2024-12-04,3.527,-0.00927
2024-12-05,3.542,0.004253
2024-12-06,3.564,0.006211
2024-12-09,3.552,-0.003367
2024-12-10,3.585,0.009291
2024-12-11,3.629,0.012273
2024-12-12,3.666,0.010196
2024-12-13,3.648,-0.00491
2024-12-16,3.608,-0.010965
2024-12-17,3.566,-0.011641
2024-12-18,3.574,0.002243
2024-12-19,3.593,0.005316
2024-12-20,3.639,0.012803
2024-12-23,3.575,-0.017587
2024-12-24,3.594,0.005315
2024-12-25,3.57,-0.006678
2024-12-26,3.619,0.013725
2024-12-27,3.588,-0.008566
2024-12-30,3.59,0.000557
2024-12-31,3.54,-0.013928
2025-01-02,3.493,-0.013277
2025-01-03,3.445,-0.013742
2025-01-06,3.413,-0.009289
2025-01-07,3.454,0.012013
2025-01-08,3.463,0.002606
2025-01-09,3.449,-0.004043
2025-01-10,3.404,-0.013047
2025-01-13,3.381,-0.006757
2025-01-14,3.473,0.027211
2025-01-15,3.461,-0.003455
2025-01-16,3.464,0.000867
2025-01-17,3.497,0.009527
2025-01-20,3.512,0.004289
2025-01-21,3.572,0.017084
2025-01-22,3.541,-0.008679
2025-01-23,3.529,-0.003389
2025-01-24,3.626,0.027487
2025-01-27,3.588,-0.01048
2025-02-05,3.676,0.024526
2025-02-06,3.769,0.025299
2025-02-07,3.774,0.001327
2025-02-10,3.815,0.010864
2025-02-11,3.823,0.002097
2025-02-12,3.908,0.022234
2025-02-13,3.835,-0.01868
2025-02-14,3.932,0.025293
2025-02-17,3.925,-0.00178
2025-02-18,3.827,-0.024968
2025-02-19,3.913,0.022472
2025-02-20,3.956,0.010989
2025-02-21,4.033,0.019464
2025-02-24,3.991,-0.010414
2025-02-25,3.957,-0.008519
2025-02-26,3.972,0.003791
2025-02-27,3.93,-0.010574
2025-02-28,3.783,-0.037405
2025-03-03,3.847,0.016918
2025-03-04,3.9,0.013777
2025-03-05,3.949,0.012564
2025-03-06,4.135,0.047101
2025-03-07,4.14,0.001209
2025-03-10,4.046,-0.022705
2025-03-11,4.033,-0.003213
2025-03-12,4.05,0.004215
2025-03-13,3.966,-0.020741
2025-03-14,3.99,0.006051
2025-03-17,3.969,-0.005263
2025-03-18,3.981,0.003023
2025-03-19,3.931,-0.01256
2025-03-20,3.885,-0.011702
2025-03-21,3.798,-0.022394
2025-03-24,3.779,-0.005003
2025-03-25,3.762,-0.004499
2025-03-26,3.768,0.001595
2025-03-27,3.778,0.002654
2025-03-28,3.766,-0.003176
2025-03-31,3.794,0.007435
2025-04-01,3.78,-0.00369
2025-04-02,3.785,0.001323
2025-04-03,3.756,-0.007662
2025-04-07,3.49,-0.07082
2025-04-08,3.482,-0.002292
2025-04-09,3.567,0.024411
2025-04-10,3.612,0.012616
2025-04-11,3.688,0.021041
2025-04-14,3.725,0.010033
2025-04-15,3.745,0.005369
2025-04-16,3.746,0.000267
2025-04-17,3.797,0.013615
2025-04-18,3.755,-0.011061
2025-04-21,3.813,0.015446
2025-04-22,3.79,-0.006032
2025-04-23,3.823,0.008707
2025-04-24,3.79,-0.008632
2025-04-25,3.761,-0.007652
2025-04-28,3.788,0.007179
2025-04-29,3.811,0.006072
2025-04-30,3.854,0.011283
2025-05-06,3.896,0.010898
2025-05-07,3.856,-0.010267
2025-05-08,3.834,-0.005705
2025-05-09,3.797,-0.00965
2025-05-12,3.824,0.007111
2025-05-13,3.822,-0.000523
2025-05-14,3.818,-0.001047
2025-05-15,3.754,-0.016763
2025-05-16,3.756,0.000533
2025-05-19,3.764,0.00213
2025-05-20,3.783,0.005048
2025-05-21,3.755,-0.007402
2025-05-22,3.753,-0.000533
2025-05-23,3.711,-0.011191
2025-05-26,3.731,0.005389
2025-05-27,3.69,-0.010989
2025-05-28,3.706,0.004336
2025-05-29,3.791,0.022936
2025-05-30,3.765,-0.006858
2025-06-03,3.797,0.008499
2025-06-04,3.863,0.017382
2025-06-05,3.923,0.015532
2025-06-06,3.886,-0.009432
2025-06-09,3.895,0.002316
2025-06-10,3.9,0.001284
2025-06-11,3.919,0.004872
2025-06-12,3.953,0.008676
2025-06-13,3.913,-0.010119
2025-06-16,3.972,0.015078
2025-06-17,3.934,-0.009567
2025-06-18,4.02,0.021861
2025-06-19,4.007,-0.003234
2025-06-20,3.954,-0.013227
2025-06-23,3.956,0.000506
2025-06-24,3.976,0.005056
2025-06-25,4.022,0.011569
2025-06-26,4.029,0.00174
2025-06-27,4.089,0.014892
2025-06-30,4.172,0.020298
2025-07-01,4.183,0.002637
2025-07-02,4.094,-0.021277
2025-07-03,4.195,0.02467
2025-07-04,4.23,0.008343
2025-07-07,4.163,-0.015839
2025-07-08,4.311,0.035551
2025-07-09,4.32,0.002088
2025-07-10,4.291,-0.006713
2025-07-11,4.259,-0.007457
2025-07-14,4.282,0.0054
2025-07-15,4.444,0.037833
2025-07-16,4.413,-0.006976
2025-07-17,4.582,0.038296
2025-07-18,4.518,-0.013968
2025-07-21,4.535,0.003763
2025-07-22,4.499,-0.007938
2025-07-23,4.453,-0.010224
2025-07-24,4.476,0.005165
2025-07-25,4.516,0.008937
2025-07-28,4.651,0.029894
2025-07-29,4.779,0.027521
2025-07-30,4.757,-0.004603
2025-07-31,4.827,0.014715
2025-08-01,4.728,-0.02051
2025-08-04,4.744,0.003384
2025-08-05,4.774,0.006324
2025-08-06,4.789,0.003142
2025-08-07,4.8,0.002297
2025-08-08,4.808,0.001667
2025-08-11,4.909,0.021007
2025-08-12,5.115,0.041964
2025-08-13,5.374,0.050635
2025-08-14,5.3,-0.01377
2025-08-15,5.32,0.003774
2025-08-18,5.451,0.024624
2025-08-19,5.481,0.005504
2025-08-20,5.538,0.0104
2025-08-21,5.532,-0.001083
2025-08-22,5.783,0.045372
2025-08-25,6.055,0.047034
2025-08-26,5.946,-0.018002
2025-08-27,6.011,0.010932
2025-08-28,6.389,0.062885
2025-08-29,6.416,0.004226
2025-09-01,6.572,0.024314
2025-09-02,6.38,-0.029215
2025-09-03,6.464,0.013166
2025-09-04,6.001,-0.071627
2025-09-05,6.326,0.054158
2025-09-08,6.141,-0.029244
2025-09-09,6.077,-0.010422
2025-09-10,6.336,0.04262
2025-09-11,6.771,0.068655
2025-09-12,6.812,0.006055
2025-09-15,6.738,-0.010863
2025-09-16,6.764,0.003859
2025-09-17,6.791,0.003992
2025-09-18,6.877,0.012664
2025-09-19,6.851,-0.003781
2025-09-22,7.019,0.024522
2025-09-23,7.0,-0.002707
2025-09-24,6.96,-0.005714
2025-09-25,7.0,0.005747
2025-09-26,6.821,-0.025571
2025-09-29,6.941,0.017593
2025-09-30,6.897,-0.006339
2025-10-09,6.969,0.010439
2025-10-10,6.739,-0.033003
2025-10-13,6.643,-0.014245
2025-10-14,6.382,-0.039289
2025-10-15,6.521,0.02178
2025-10-16,6.541,0.003067
2025-10-17,6.38,-0.024614
2025-10-20,6.477,0.015204
2025-10-21,6.729,0.038907
2025-10-22,6.677,-0.007728
2025-10-23,6.557,-0.017972
2025-10-24,6.886,0.050175
2025-10-27,7.155,0.039065
2025-10-28,7.219,0.008945
2025-10-29,7.318,0.013714
2025-10-30,7.158,-0.021864
2025-10-31,6.853,-0.04261
2025-11-03,6.906,0.007734
2025-11-04,6.862,-0.006371
2025-11-05,6.871,0.001312
2025-11-06,7.048,0.02576
2025-11-07,6.915,-0.018871
2025-11-10,6.832,-0.012003
2025-11-11,6.715,-0.017125
2025-11-12,6.725,0.001489
2025-11-13,6.717,-0.00119
2025-11-14,6.518,-0.029626
2025-11-17,6.563,0.006904
2025-11-18,6.57,0.001067
2025-11-19,6.597,0.00411
2025-11-20,6.583,-0.002122
2025-11-21,6.298,-0.043293
2025-11-24,6.231,-0.010638
2025-11-25,6.393,0.025999
2025-11-26,6.623,0.035977
2025-11-27,6.598,-0.003775
2025-11-28,6.595,-0.000455
2025-12-01,6.658,0.009553
2025-12-02,6.654,-0.000601
2025-12-03,6.632,-0.003306
2025-12-04,6.663,0.004674
2025-12-05,6.683,0.003002
2025-12-08,6.948,0.039653
2025-12-09,7.168,0.031664
2025-12-10,7.175,0.000977
2025-12-11,6.99,-0.025784
2025-12-12,7.057,0.009585
2025-12-15,6.919,-0.019555
2025-12-16,6.817,-0.014742
2025-12-17,7.162,0.050609
2025-12-18,6.977,-0.025831
2025-12-19,6.942,-0.005016
2025-12-22,7.214,0.039182
2025-12-23,7.275,0.008456
2025-12-24,7.382,0.014708
2025-12-25,7.387,0.000677
2025-12-26,7.317,-0.009476
2025-12-29,7.387,0.009567
2025-12-30,7.375,-0.001624
2025-12-31,7.256,-0.016136
2026-01-05,7.387,0.018054
2026-01-06,7.363,-0.003249
2026-01-07,7.489,0.017113
2026-01-08,7.452,-0.004941
2026-01-09,7.482,0.004026
2026-01-12,7.604,0.016306
2026-01-13,7.426,-0.023409
2026-01-14,7.534,0.014543
2026-01-15,7.612,0.010353
2026-01-16,7.636,0.003153
2026-01-19,7.574,-0.008119
2026-01-20,7.436,-0.01822
2026-01-21,7.557,0.016272
2026-01-22,7.663,0.014027
2026-01-23,7.523,-0.01827
2026-01-26,7.44,-0.011033
2026-01-27,7.577,0.018414
2026-01-28,7.573,-0.000528
2026-01-29,7.471,-0.013469
2026-01-30,7.582,0.014857
2026-02-02,7.467,-0.015168
2026-02-03,7.474,0.000937
2026-02-04,7.308,-0.02221
2026-02-05,7.271,-0.005063
2026-02-06,7.227,-0.006051
2026-02-09,7.371,0.019925
2026-02-10,7.391,0.002713
2026-02-11,7.28,-0.015018
2026-02-12,7.317,0.005082
2026-02-13,7.275,-0.00574
2026-02-24,7.37,0.013058
2026-02-25,7.408,0.005156
2026-02-26,7.524,0.015659
2026-02-27,7.394,-0.017278
2026-03-02,7.458,0.008656
2026-03-03,7.312,-0.019576
2026-03-04,7.257,-0.007522
2026-03-05,7.313,0.007717
2026-03-06,7.322,0.001231
2026-03-09,7.247,-0.010243
2026-03-10,7.415,0.023182
2026-03-11,7.379,-0.004855
2026-03-12,7.3,-0.010706
2026-03-13,7.282,-0.002466
2026-03-16,7.407,0.017166
2026-03-17,7.268,-0.018766
2026-03-18,7.413,0.01995
2026-03-19,7.311,-0.01376
2026-03-20,7.389,0.010669
2026-03-23,7.078,-0.04209
2026-03-24,7.203,0.01766
2026-03-25,7.438,0.032625
2026-03-26,7.296,-0.019091
2026-03-27,7.333,0.005071
2026-03-30,7.318,-0.002046
2026-03-31,7.198,-0.016398
2026-04-01,7.426,0.031675
2026-04-02,7.307,-0.016025
2026-04-03,7.379,0.009854
2026-04-07,7.398,0.002575
2026-04-08,7.819,0.056907
2026-04-09,7.957,0.017649
2026-04-10,8.204,0.031042
2026-04-13,8.182,-0.002682
2026-04-14,8.34,0.019311
2026-04-15,8.251,-0.010671
2026-04-16,8.47,0.026542
2026-04-17,8.791,0.037898
2026-04-20,8.881,0.010238
2026-04-21,8.974,0.010472
2026-04-22,9.329,0.039559
2026-04-23,9.161,-0.018008
2026-04-24,8.972,-0.020631
2026-04-27,9.119,0.016384
2026-04-28,8.99,-0.014146
2026-04-29,8.973,-0.001891
2026-04-30,8.942,-0.003455
2026-05-06,9.06,0.013196
2026-05-07,9.471,0.045364
2026-05-08,9.536,0.006863
2026-05-11,9.791,0.026741
2026-05-12,9.966,0.017874
2026-05-13,10.186,0.022075
2026-05-14,9.945,-0.02366
2026-05-15,9.68,-0.026647
2026-05-18,9.793,0.011674
2026-05-19,9.796,0.000306
2026-05-20,9.853,0.005819
2026-05-21,9.606,-0.025069
2026-05-22,10.062,0.04747
2026-05-25,10.531,0.046611
2026-05-26,10.633,0.009686
2026-05-27,10.447,-0.017493
2026-05-28,10.67,0.021346
2026-05-29,10.559,-0.010403
2026-06-01,10.084,-0.044985
2026-06-02,10.522,0.043435
2026-06-03,10.671,0.014161
2026-06-04,10.842,0.016025
2026-06-05,10.408,-0.04003
2026-06-08,10.217,-0.018351
2026-06-09,10.625,0.039933
2026-06-10,10.378,-0.023247
2026-06-11,10.307,-0.006841
2026-06-12,10.33,0.002231
2026-06-15,10.92,0.057115
2026-06-16,11.172,0.023077
2026-06-17,11.531,0.032134
2026-06-18,11.935,0.035036
2026-06-22,12.024,0.007457
2026-06-23,11.615,-0.034015
2026-06-24,11.781,0.014292
2026-06-25,12.219,0.037179
2026-06-26,11.759,-0.037646
2026-06-29,11.666,-0.007909
2026-06-30,12.041,0.032145
2026-07-01,11.714,-0.027157
2026-07-02,10.972,-0.063343
2026-07-03,10.982,0.000911
2026-07-06,10.808,-0.015844
2026-07-07,10.832,0.002221
2026-07-08,10.853,0.001939
2026-07-09,11.549,0.06413
2026-07-10,11.005,-0.047104
2026-07-13,10.684,-0.029169
2026-07-14,11.134,0.042119
2026-07-15,10.905,-0.020568
2026-07-16,10.715,-0.017423
2026-07-17,10.027,-0.064209
2026-07-20,9.914,-0.01127
2026-07-21,10.562,0.065362
2026-07-22,10.223,-0.032096
2026-07-23,9.928,-0.028857
2026-07-24,9.773,-0.015612
2026-07-27,9.908,0.013814
2026-07-28,9.197,-0.07176
2026-07-29,9.129,-0.007394
2026-07-30,8.601,-0.057838
2026-07-31,8.884,0.032903
2026-08-03,8.722,-0.018235
2026-08-04,9.154,0.04953
2026-08-05,9.253,0.010815
2026-08-06,9.271,0.001945
2026-08-07,9.402,0.01413
2026-08-10,9.233,-0.017975
2026-08-11,9.308,0.008123
2026-08-12,9.421,0.01214
2026-08-13,9.36,-0.006475
2026-08-14,9.489,0.013782
2026-08-17,9.888,0.042049
2026-08-18,9.743,-0.014664
2026-08-19,9.127,-0.063225
2026-08-20,9.13,0.000329
2026-08-21,9.287,0.017196
2026-08-24,9.034,-0.027242
2026-08-25,8.961,-0.008081
2026-08-26,9.022,0.006807
2026-08-27,9.292,0.029927
2026-08-28,9.222,-0.007533
2026-08-31,9.309,0.009434
2026-09-01,9.115,-0.02084
2026-09-02,8.949,-0.018212
2026-09-03,8.919,-0.003352
2026-09-04,8.79,-0.014464
2026-09-07,9.237,0.050853
2026-09-08,9.273,0.003897
2026-09-09,9.278,0.000539
2026-09-10,9.222,-0.006036
2026-09-11,9.206,-0.001735
2026-09-14,9.038,-0.018249
2026-09-15,9.069,0.00343
2026-09-16,9.316,0.027236
2026-09-17,9.171,-0.015565
2026-09-18,9.353,0.019845
2026-09-21,9.452,0.010585
2026-09-22,9.519,0.007088
2026-09-23,9.537,0.001891
2026-09-24,9.231,-0.032086
2026-09-28,8.805,-0.046149
2026-09-29,8.889,0.00954
2026-09-30,8.771,-0.013275
