净值日期,累计净值,daily_return
2008-06-19,1.0,
2008-06-20,1.0001,0.0001
2008-06-27,0.9999,-0.0002
2008-06-30,0.9999,0.0
2008-07-04,1.0002,0.0003
2008-07-11,1.0031,0.002899
2008-07-18,0.9961,-0.006978
2008-07-25,1.0054,0.009336
2008-08-01,0.9945,-0.010841
2008-08-08,0.9739,-0.020714
2008-08-15,0.9658,-0.008317
2008-08-22,0.9599,-0.006109
2008-08-29,0.9523,-0.007917
2008-09-05,0.9336,-0.019637
2008-09-12,0.9299,-0.003963
2008-09-18,0.9261,-0.004086
2008-09-19,0.9378,0.012634
2008-09-22,0.9425,0.005012
2008-09-23,0.9284,-0.01496
2008-09-24,0.9294,0.001077
2008-09-25,0.9402,0.01162
2008-09-26,0.9451,0.005212
2008-09-30,0.9451,0.0
2008-10-06,0.9305,-0.015448
2008-10-07,0.9354,0.005266
2008-10-08,0.9271,-0.008873
2008-10-09,0.9258,-0.001402
2008-10-10,0.916,-0.010585
2008-10-13,0.9266,0.011572
2008-10-14,0.9235,-0.003346
2008-10-15,0.9227,-0.000866
2008-10-16,0.9077,-0.016257
2008-10-17,0.9086,0.000992
2008-10-20,0.9159,0.008034
2008-10-21,0.916,0.000109
2008-10-22,0.912,-0.004367
2008-10-23,0.9115,-0.000548
2008-10-24,0.9054,-0.006692
2008-10-27,0.891,-0.015905
2008-10-28,0.8974,0.007183
2008-10-29,0.8918,-0.00624
2008-10-30,0.897,0.005831
2008-10-31,0.8952,-0.002007
2008-11-03,0.8948,-0.000447
2008-11-04,0.8886,-0.006929
2008-11-05,0.8982,0.010804
2008-11-06,0.8939,-0.004787
2008-11-07,0.896,0.002349
2008-11-10,0.9133,0.019308
2008-11-11,0.9114,-0.00208
2008-11-12,0.9121,0.000768
2008-11-13,0.93,0.019625
2008-11-14,0.9459,0.017097
2008-11-17,0.9612,0.016175
2008-11-18,0.9432,-0.018727
2008-11-19,0.9672,0.025445
2008-11-20,0.964,-0.003309
2008-11-21,0.9685,0.004668
2008-11-24,0.9515,-0.017553
2008-11-25,0.9505,-0.001051
2008-11-26,0.9537,0.003367
2008-11-27,0.9629,0.009647
2008-11-28,0.9629,0.0
2008-12-01,0.9763,0.013916
2008-12-02,0.9848,0.008706
2008-12-03,0.996,0.011373
2008-12-04,0.999,0.003012
2008-12-05,1.0104,0.011411
2008-12-08,1.0271,0.016528
2008-12-09,1.0113,-0.015383
2008-12-10,1.0313,0.019777
2008-12-11,1.0202,-0.010763
2008-12-12,0.9993,-0.020486
2008-12-15,1.0039,0.004603
2008-12-16,1.0149,0.010957
2008-12-17,1.0204,0.005419
2008-12-18,1.0308,0.010192
2008-12-19,1.0394,0.008343
2008-12-22,1.0327,-0.006446
2008-12-23,1.0067,-0.025177
2008-12-24,0.9979,-0.008741
2008-12-25,0.9956,-0.002305
2008-12-26,0.9931,-0.002511
2008-12-29,0.9925,-0.000604
2008-12-30,0.9946,0.002116
2008-12-31,0.9959,0.001307
2009-01-05,1.0095,0.013656
2009-01-06,1.0237,0.014066
2009-01-07,1.0235,-0.000195
2009-01-08,1.0087,-0.01446
2009-01-09,1.0226,0.01378
2009-01-12,1.0271,0.004401
2009-01-13,1.0035,-0.022977
2009-01-14,1.0293,0.02571
2009-01-15,1.0291,-0.000194
2009-01-16,1.0283,-0.000777
2009-01-19,1.0307,0.002334
2009-01-20,1.0327,0.00194
2009-01-21,1.0291,-0.003486
2009-01-22,1.043,0.013507
2009-01-23,1.0419,-0.001055
2009-02-02,1.0561,0.013629
2009-02-03,1.0785,0.02121
2009-02-04,1.0913,0.011868
2009-02-05,1.0787,-0.011546
2009-02-06,1.1167,0.035228
2009-02-09,1.1468,0.026954
2009-02-10,1.1606,0.012033
2009-02-11,1.1634,0.002413
2009-02-12,1.1619,-0.001289
2009-02-13,1.1912,0.025217
2009-02-16,1.2096,0.015447
2009-02-17,1.174,-0.029431
2009-02-18,1.141,-0.028109
2009-02-19,1.1618,0.01823
2009-02-20,1.1805,0.016096
2009-02-23,1.2017,0.017958
2009-02-24,1.1595,-0.035117
2009-02-25,1.153,-0.005606
2009-02-26,1.1079,-0.039115
2009-02-27,1.0903,-0.015886
2009-03-02,1.1043,0.012841
2009-03-03,1.1066,0.002083
2009-03-04,1.1443,0.034068
2009-03-05,1.1433,-0.000874
2009-03-06,1.1405,-0.002449
2009-03-09,1.1182,-0.019553
2009-03-10,1.1225,0.003845
2009-03-11,1.1179,-0.004098
2009-03-12,1.1117,-0.005546
2009-03-13,1.1091,-0.002339
2009-03-16,1.1166,0.006762
2009-03-17,1.1412,0.022031
2009-03-18,1.1458,0.004031
2009-03-19,1.1566,0.009426
2009-03-20,1.1569,0.000259
2009-03-23,1.1748,0.015472
2009-03-24,1.1772,0.002043
2009-03-25,1.1545,-0.019283
2009-03-26,1.1712,0.014465
2009-03-27,1.1839,0.010844
2009-03-30,1.1783,-0.00473
2009-03-31,1.1905,0.010354
2009-04-01,1.2066,0.013524
2009-04-02,1.2212,0.0121
2009-04-03,1.2166,-0.003767
2009-04-07,1.2169,0.000247
2009-04-08,1.1855,-0.025803
2009-04-09,1.2018,0.013749
2009-04-10,1.2452,0.036112
2009-04-13,1.2762,0.024896
2009-04-14,1.2821,0.004623
2009-04-15,1.2849,0.002184
2009-04-16,1.2867,0.001401
2009-04-17,1.2686,-0.014067
2009-04-20,1.2992,0.024121
2009-04-21,1.2978,-0.001078
2009-04-22,1.2418,-0.04315
2009-04-23,1.2596,0.014334
2009-04-24,1.2622,0.002064
2009-04-27,1.2284,-0.026779
2009-04-28,1.235,0.005373
2009-04-29,1.2587,0.01919
2009-04-30,1.2772,0.014698
2009-05-04,1.3095,0.02529
2009-05-05,1.319,0.007255
2009-05-06,1.3435,0.018575
2009-05-07,1.3306,-0.009602
2009-05-08,1.3224,-0.006163
2009-05-11,1.2833,-0.029567
2009-05-12,1.3065,0.018078
2009-05-13,1.3104,0.002985
2009-05-14,1.3125,0.001603
2009-05-15,1.3268,0.010895
2009-05-18,1.3321,0.003995
2009-05-19,1.3438,0.008783
2009-05-20,1.3387,-0.003795
2009-05-21,1.3185,-0.015089
2009-05-22,1.3168,-0.001289
2009-05-25,1.3239,0.005392
2009-05-26,1.3281,0.003172
2009-05-27,1.3407,0.009487
2009-06-01,1.3604,0.014694
2009-06-02,1.3606,0.000147
2009-06-03,1.3608,0.000147
2009-06-04,1.3545,-0.00463
2009-06-05,1.3445,-0.007383
2009-06-08,1.3323,-0.009074
2009-06-09,1.3385,0.004654
2009-06-10,1.3384,-7.5e-05
2009-06-11,1.332,-0.004782
2009-06-12,1.3065,-0.019144
2009-06-15,1.3205,0.010716
2009-06-16,1.3176,-0.002196
2009-06-17,1.3318,0.010777
2009-06-18,1.3497,0.01344
2009-06-19,1.3473,-0.001778
2009-06-22,1.337,-0.007645
2009-06-23,1.3394,0.001795
2009-06-24,1.3621,0.016948
2009-06-25,1.3591,-0.002202
2009-06-26,1.3626,0.002575
2009-06-29,1.3845,0.016072
2009-06-30,1.3838,-0.000506
2009-07-01,1.4046,0.015031
2009-07-02,1.4221,0.012459
2009-07-03,1.4474,0.017791
2009-07-06,1.4576,0.007047
2009-07-07,1.4523,-0.003636
2009-07-08,1.4678,0.010673
2009-07-09,1.4855,0.012059
2009-07-10,1.5029,0.011713
2009-07-13,1.5091,0.004125
2009-07-14,1.5372,0.01862
2009-07-15,1.553,0.010278
2009-07-16,1.5519,-0.000708
2009-07-17,1.5616,0.00625
2009-07-20,1.5943,0.02094
2009-07-21,1.5669,-0.017186
2009-07-22,1.603,0.023039
2009-07-23,1.6159,0.008047
2009-07-24,1.6089,-0.004332
2009-07-27,1.6248,0.009883
2009-07-28,1.6211,-0.002277
2009-07-29,1.5306,-0.055826
2009-07-30,1.5389,0.005423
2009-07-31,1.5881,0.031971
2009-08-03,1.6166,0.017946
2009-08-04,1.648,0.019423
2009-08-05,1.6305,-0.010619
2009-08-06,1.6064,-0.014781
2009-08-07,1.5527,-0.033429
2009-08-10,1.5551,0.001546
2009-08-11,1.5627,0.004887
2009-08-12,1.5041,-0.037499
2009-08-13,1.5178,0.009108
2009-08-14,1.4748,-0.02833
2009-08-17,1.378,-0.065636
2009-08-18,1.3955,0.0127
2009-08-19,1.3429,-0.037693
2009-08-20,1.4044,0.045796
2009-08-21,1.4372,0.023355
2009-08-24,1.465,0.019343
2009-08-25,1.4325,-0.022184
2009-08-26,1.4581,0.017871
2009-08-27,1.4486,-0.006515
2009-08-28,1.4072,-0.028579
2009-08-31,1.3292,-0.055429
2009-09-01,1.3209,-0.006244
2009-09-02,1.3367,0.011962
2009-09-03,1.4009,0.048029
2009-09-04,1.4169,0.011421
2009-09-07,1.4236,0.004729
2009-09-08,1.4608,0.026131
2009-09-09,1.4744,0.00931
2009-09-10,1.462,-0.00841
2009-09-11,1.4875,0.017442
2009-09-14,1.5129,0.017076
2009-09-15,1.5178,0.003239
2009-09-16,1.5035,-0.009422
2009-09-17,1.5273,0.01583
2009-09-18,1.4822,-0.029529
2009-09-21,1.5086,0.017811
2009-09-22,1.4855,-0.015312
2009-09-23,1.4561,-0.019791
2009-09-24,1.4491,-0.004807
2009-09-25,1.4392,-0.006832
2009-09-28,1.4093,-0.020775
2009-09-29,1.4088,-0.000355
2009-09-30,1.4189,0.007169
2009-10-09,1.4789,0.042286
2009-10-12,1.4796,0.000473
2009-10-13,1.4985,0.012774
2009-10-14,1.5121,0.009076
2009-10-15,1.5157,0.002381
2009-10-16,1.5255,0.006466
2009-10-19,1.5641,0.025303
2009-10-20,1.5795,0.009846
2009-10-21,1.574,-0.003482
2009-10-22,1.571,-0.001906
2009-10-23,1.5996,0.018205
2009-10-26,1.6003,0.000438
2009-10-27,1.5677,-0.020371
2009-10-28,1.5802,0.007973
2009-10-29,1.5504,-0.018858
2009-10-30,1.5652,0.009546
2009-11-02,1.6173,0.033286
2009-11-03,1.6373,0.012366
2009-11-04,1.6393,0.001222
2009-11-05,1.646,0.004087
2009-11-06,1.6479,0.001154
2009-11-09,1.6593,0.006918
2009-11-10,1.6652,0.003556
2009-11-11,1.6645,-0.00042
2009-11-12,1.6648,0.00018
2009-11-13,1.6762,0.006848
2009-11-16,1.7201,0.02619
2009-11-17,1.7239,0.002209
2009-11-18,1.7191,-0.002784
2009-11-19,1.7289,0.005701
2009-11-20,1.7307,0.001041
2009-11-23,1.7483,0.010169
2009-11-24,1.6943,-0.030887
2009-11-25,1.7435,0.029039
2009-11-26,1.6836,-0.034356
2009-11-27,1.6521,-0.01871
2009-11-30,1.7181,0.039949
2009-12-01,1.7484,0.017636
2009-12-02,1.7733,0.014242
2009-12-03,1.7829,0.005414
2009-12-04,1.7647,-0.010208
2009-12-07,1.7717,0.003967
2009-12-08,1.7586,-0.007394
2009-12-09,1.7275,-0.017685
2009-12-10,1.7354,0.004573
2009-12-11,1.7347,-0.000403
2009-12-14,1.7421,0.004266
2009-12-15,1.7395,-0.001492
2009-12-16,1.7278,-0.006726
2009-12-17,1.6755,-0.03027
2009-12-18,1.6277,-0.028529
2009-12-21,1.6346,0.004239
2009-12-22,1.5923,-0.025878
2009-12-23,1.6156,0.014633
2009-12-24,1.6756,0.037138
2009-12-25,1.6899,0.008534
2009-12-28,1.7099,0.011835
2009-12-29,1.7141,0.002456
2009-12-30,1.7177,0.0021
2009-12-31,1.7255,0.004541
2010-01-04,1.7202,-0.003072
2010-01-05,1.7358,0.009069
2010-01-06,1.7409,0.002938
2010-01-07,1.7086,-0.018554
2010-01-08,1.7058,-0.001639
2010-01-11,1.706,0.000117
2010-01-12,1.7423,0.021278
2010-01-13,1.7137,-0.016415
2010-01-14,1.752,0.022349
2010-01-15,1.7626,0.00605
2010-01-18,1.7721,0.00539
2010-01-19,1.7607,-0.006433
2010-01-20,1.6965,-0.036463
2010-01-21,1.6939,-0.001533
2010-01-22,1.6486,-0.026743
2010-01-25,1.6343,-0.008674
2010-01-26,1.5877,-0.028514
2010-01-27,1.5789,-0.005543
2010-01-28,1.5931,0.008994
2010-01-29,1.602,0.005587
2010-02-01,1.5731,-0.01804
2010-02-02,1.5645,-0.005467
2010-02-03,1.5934,0.018472
2010-02-04,1.5897,-0.002322
2010-02-05,1.5598,-0.018809
2010-02-08,1.5619,0.001346
2010-02-09,1.5673,0.003457
2010-02-10,1.5982,0.019715
2010-02-11,1.5984,0.000125
2010-02-12,1.6237,0.015828
2010-02-22,1.6177,-0.003695
2010-02-23,1.6185,0.000495
2010-02-24,1.6513,0.020266
2010-02-25,1.6728,0.01302
2010-02-26,1.6654,-0.004424
2010-03-01,1.6782,0.007686
2010-03-02,1.677,-0.000715
2010-03-03,1.6898,0.007633
2010-03-04,1.6458,-0.026039
2010-03-05,1.6468,0.000608
2010-03-08,1.6621,0.009291
2010-03-09,1.6646,0.001504
2010-03-10,1.6443,-0.012195
2010-03-11,1.6317,-0.007663
2010-03-12,1.6178,-0.008519
2010-03-15,1.5976,-0.012486
2010-03-16,1.6022,0.002879
2010-03-17,1.6413,0.024404
2010-03-18,1.6403,-0.000609
2010-03-19,1.6465,0.00378
2010-03-22,1.6634,0.010264
2010-03-23,1.6585,-0.002946
2010-03-24,1.6656,0.004281
2010-03-25,1.6558,-0.005884
2010-03-26,1.6726,0.010146
2010-03-29,1.6972,0.014708
2010-03-30,1.712,0.00872
2010-03-31,1.7108,-0.000701
2010-04-01,1.7374,0.015548
2010-04-02,1.7474,0.005756
2010-04-06,1.7505,0.001774
2010-04-07,1.7502,-0.000171
2010-04-08,1.7413,-0.005085
2010-04-09,1.7662,0.0143
2010-04-12,1.7746,0.004756
2010-04-13,1.7606,-0.007889
2010-04-14,1.7741,0.007668
2010-04-15,1.7525,-0.012175
2010-04-16,1.7456,-0.003937
2010-04-19,1.674,-0.041017
2010-04-20,1.6853,0.00675
2010-04-21,1.7287,0.025752
2010-04-22,1.7383,0.005553
2010-04-23,1.7306,-0.00443
2010-04-26,1.7272,-0.001965
2010-04-27,1.6937,-0.019396
2010-04-28,1.6857,-0.004723
2010-04-29,1.6391,-0.027644
2010-04-30,1.62,-0.011653
2010-05-04,1.6103,-0.005988
2010-05-05,1.6415,0.019375
2010-05-06,1.587,-0.033201
2010-05-07,1.5447,-0.026654
2010-05-10,1.5251,-0.012689
2010-05-11,1.4977,-0.017966
2010-05-12,1.4829,-0.009882
2010-05-13,1.5214,0.025963
2010-05-14,1.5218,0.000263
2010-05-17,1.4491,-0.047772
2010-05-18,1.4757,0.018356
2010-05-19,1.4929,0.011655
2010-05-20,1.4848,-0.005426
2010-05-21,1.5271,0.028489
2010-05-24,1.5779,0.033266
2010-05-25,1.5575,-0.012929
2010-05-26,1.5558,-0.001091
2010-05-27,1.5821,0.016904
2010-05-28,1.5834,0.000822
2010-05-31,1.5482,-0.022231
2010-06-01,1.5234,-0.016019
2010-06-02,1.5363,0.008468
2010-06-03,1.5296,-0.004361
2010-06-04,1.5315,0.001242
2010-06-07,1.5262,-0.003461
2010-06-08,1.5436,0.011401
2010-06-09,1.574,0.019694
2010-06-10,1.5831,0.005781
2010-06-11,1.5803,-0.001769
2010-06-17,1.5503,-0.018984
2010-06-18,1.5,-0.032445
2010-06-21,1.5297,0.0198
2010-06-22,1.537,0.004772
2010-06-23,1.5255,-0.007482
2010-06-24,1.5278,0.001508
2010-06-25,1.5008,-0.017672
2010-06-28,1.4771,-0.015792
2010-06-29,1.4064,-0.047864
2010-06-30,1.3848,-0.015358
2010-07-01,1.3577,-0.01957
2010-07-02,1.3419,-0.011637
2010-07-05,1.3342,-0.005738
2010-07-06,1.3634,0.021886
2010-07-07,1.385,0.015843
2010-07-08,1.3838,-0.000866
2010-07-09,1.4216,0.027316
2010-07-12,1.4389,0.012169
2010-07-13,1.422,-0.011745
2010-07-14,1.4272,0.003657
2010-07-15,1.4034,-0.016676
2010-07-16,1.4031,-0.000214
2010-07-19,1.4292,0.018602
2010-07-20,1.468,0.027148
2010-07-21,1.4755,0.005109
2010-07-22,1.493,0.01186
2010-07-23,1.495,0.00134
2010-07-26,1.5108,0.010569
2010-07-27,1.5087,-0.00139
2010-07-28,1.5367,0.018559
2010-07-29,1.5423,0.003644
2010-07-30,1.5414,-0.000584
2010-08-02,1.5685,0.017581
2010-08-03,1.5497,-0.011986
2010-08-04,1.5592,0.00613
2010-08-05,1.5627,0.002245
2010-08-06,1.591,0.01811
2010-08-09,1.6184,0.017222
2010-08-10,1.5748,-0.02694
2010-08-11,1.5941,0.012256
2010-08-12,1.5788,-0.009598
2010-08-13,1.6036,0.015708
2010-08-16,1.636,0.020205
2010-08-17,1.656,0.012225
2010-08-18,1.6633,0.004408
2010-08-19,1.6614,-0.001142
2010-08-20,1.6212,-0.024196
2010-08-23,1.6247,0.002159
2010-08-24,1.6372,0.007694
2010-08-25,1.6093,-0.017041
2010-08-26,1.6241,0.009197
2010-08-27,1.6475,0.014408
2010-08-30,1.6925,0.027314
2010-08-31,1.711,0.010931
2010-09-01,1.6937,-0.010111
2010-09-02,1.7226,0.017063
2010-09-03,1.7328,0.005921
2010-09-06,1.7188,-0.008079
2010-09-07,1.721,0.00128
2010-09-08,1.7444,0.013597
2010-09-09,1.7171,-0.01565
2010-09-10,1.7445,0.015957
2010-09-13,1.7785,0.01949
2010-09-14,1.7949,0.009221
2010-09-15,1.7537,-0.022954
2010-09-16,1.724,-0.016936
2010-09-17,1.7266,0.001508
2010-09-20,1.7137,-0.007471
2010-09-21,1.7113,-0.0014
2010-09-27,1.7505,0.022907
2010-09-28,1.7341,-0.009369
2010-09-29,1.7105,-0.013609
2010-09-30,1.7408,0.017714
2010-10-08,1.7773,0.020967
2010-10-11,1.7637,-0.007652
2010-10-12,1.7756,0.006747
2010-10-13,1.7767,0.00062
2010-10-14,1.7323,-0.02499
2010-10-15,1.7315,-0.000462
2010-10-18,1.7131,-0.010627
2010-10-19,1.7688,0.032514
2010-10-20,1.7863,0.009894
2010-10-21,1.7963,0.005598
2010-10-22,1.8241,0.015476
2010-10-25,1.8688,0.024505
2010-10-26,1.8696,0.000428
2010-10-27,1.854,-0.008344
2010-10-28,1.8745,0.011057
2010-10-29,1.8987,0.01291
2010-11-01,1.947,0.025438
2010-11-02,1.9308,-0.00832
2010-11-03,1.89,-0.021131
2010-11-04,1.9271,0.01963
2010-11-05,1.9526,0.013232
2010-11-08,1.9846,0.016388
2010-11-09,1.9937,0.004585
2010-11-10,1.9977,0.002006
2010-11-11,1.9915,-0.003104
2010-11-12,1.9027,-0.04459
2010-11-15,1.9645,0.03248
2010-11-16,1.925,-0.020107
2010-11-17,1.8679,-0.029662
2010-11-18,1.8858,0.009583
2010-11-19,1.9532,0.035741
2010-11-22,1.9861,0.016844
2010-11-23,1.9667,-0.009768
2010-11-24,2.0158,0.024966
2010-11-25,2.0183,0.00124
2010-11-26,2.0146,-0.001833
2010-11-29,2.0274,0.006354
2010-11-30,1.9972,-0.014896
2010-12-01,1.9861,-0.005558
2010-12-02,1.9907,0.002316
2010-12-03,1.9727,-0.009042
2010-12-06,1.9505,-0.011254
2010-12-07,1.9846,0.017483
2010-12-08,1.9788,-0.002923
2010-12-09,1.9464,-0.016374
2010-12-10,1.9677,0.010943
2010-12-13,2.0226,0.027901
2010-12-14,2.0343,0.005785
2010-12-15,2.0276,-0.003294
2010-12-16,2.0228,-0.002367
2010-12-17,2.0254,0.001285
2010-12-20,2.0108,-0.007208
2010-12-21,2.0293,0.0092
2010-12-22,2.0105,-0.009264
2010-12-23,1.9792,-0.015568
2010-12-24,1.9524,-0.013541
2010-12-27,1.9129,-0.020232
2010-12-28,1.88,-0.017199
2010-12-29,1.9095,0.015691
2010-12-30,1.9279,0.009636
2010-12-31,1.971,0.022356
2011-01-04,1.989,0.009132
2011-01-05,1.9819,-0.00357
2011-01-06,1.9653,-0.008376
2011-01-07,1.9478,-0.008904
2011-01-10,1.899,-0.025054
2011-01-11,1.8819,-0.009005
2011-01-12,1.8798,-0.001116
2011-01-13,1.8856,0.003085
2011-01-14,1.8539,-0.016812
2011-01-17,1.7781,-0.040887
2011-01-18,1.7786,0.000281
2011-01-19,1.82,0.023277
2011-01-20,1.7659,-0.029725
2011-01-21,1.7649,-0.000566
2011-01-24,1.7168,-0.027254
2011-01-25,1.7097,-0.004136
2011-01-26,1.7348,0.014681
2011-01-27,1.771,0.020867
2011-01-28,1.7918,0.011745
2011-01-31,1.8175,0.014343
2011-02-01,1.8165,-0.00055
2011-02-09,1.8006,-0.008753
2011-02-10,1.8429,0.023492
2011-02-11,1.8641,0.011504
2011-02-14,1.9084,0.023765
2011-02-15,1.9108,0.001258
2011-02-16,1.9402,0.015386
2011-02-17,1.949,0.004536
2011-02-18,1.9229,-0.013391
2011-02-21,1.9563,0.01737
2011-02-22,1.9181,-0.019527
2011-02-23,1.9372,0.009958
2011-02-24,1.944,0.00351
2011-02-25,1.9362,-0.004012
2011-02-28,1.9622,0.013428
2011-03-01,1.9682,0.003058
2011-03-02,1.9619,-0.003201
2011-03-03,1.9199,-0.021408
2011-03-04,1.939,0.009948
2011-03-07,1.9607,0.011191
2011-03-08,1.959,-0.000867
2011-03-09,1.9726,0.006942
2011-03-10,1.9599,-0.006438
2011-03-11,1.9481,-0.006021
2011-03-14,1.9592,0.005698
2011-03-15,1.9416,-0.008983
2011-03-16,1.9663,0.012721
2011-03-17,1.9471,-0.009765
2011-03-18,1.95,0.001489
2011-03-21,1.938,-0.006154
2011-03-22,1.9319,-0.003148
2011-03-23,1.9569,0.012941
2011-03-24,1.96,0.001584
2011-03-25,1.9756,0.007959
2011-03-28,1.9617,-0.007036
2011-03-29,1.9173,-0.022633
2011-03-30,1.8974,-0.010379
2011-03-31,1.8805,-0.008907
2011-04-01,1.8996,0.010157
2011-04-06,1.8875,-0.00637
2011-04-07,1.8987,0.005934
2011-04-08,1.9257,0.01422
2011-04-11,1.9125,-0.006855
2011-04-12,1.9039,-0.004497
2011-04-13,1.9212,0.009087
2011-04-14,1.9133,-0.004112
2011-04-15,1.9008,-0.006533
2011-04-18,1.9026,0.000947
2011-04-19,1.8971,-0.002891
2011-04-20,1.9121,0.007907
2011-04-21,1.9282,0.00842
2011-04-22,1.9268,-0.000726
2011-04-25,1.8999,-0.013961
2011-04-26,1.884,-0.008369
2011-04-27,1.858,-0.0138
2011-04-28,1.8098,-0.025942
2011-04-29,1.8382,0.015692
2011-05-03,1.8545,0.008867
2011-05-04,1.8167,-0.020383
2011-05-05,1.8164,-0.000165
2011-05-06,1.8189,0.001376
2011-05-09,1.8296,0.005883
2011-05-10,1.843,0.007324
2011-05-11,1.8459,0.001574
2011-05-12,1.8215,-0.013218
2011-05-13,1.8269,0.002965
2011-05-16,1.825,-0.00104
2011-05-17,1.8224,-0.001425
2011-05-18,1.8273,0.002689
2011-05-19,1.8262,-0.000602
2011-05-20,1.8212,-0.002738
2011-05-23,1.7543,-0.036734
2011-05-24,1.7585,0.002394
2011-05-25,1.7372,-0.012113
2011-05-26,1.7174,-0.011398
2011-05-27,1.6944,-0.013392
2011-05-30,1.6805,-0.008203
2011-05-31,1.7086,0.016721
2011-06-01,1.7234,0.008662
2011-06-02,1.7098,-0.007891
2011-06-03,1.7372,0.016025
2011-06-07,1.7553,0.010419
2011-06-08,1.7567,0.000798
2011-06-09,1.7252,-0.017931
2011-06-10,1.7174,-0.004521
2011-06-13,1.719,0.000932
2011-06-14,1.736,0.009889
2011-06-15,1.7182,-0.010253
2011-06-16,1.687,-0.018159
2011-06-17,1.6718,-0.00901
2011-06-20,1.6581,-0.008195
2011-06-21,1.6781,0.012062
2011-06-22,1.6778,-0.000179
2011-06-23,1.7076,0.017761
2011-06-24,1.7374,0.017451
2011-06-27,1.753,0.008979
2011-06-28,1.7597,0.003822
2011-06-29,1.7438,-0.009036
2011-06-30,1.7664,0.01296
2011-07-01,1.776,0.005435
2011-07-04,1.8161,0.022579
2011-07-05,1.8257,0.005286
2011-07-06,1.8249,-0.000438
2011-07-07,1.8318,0.003781
2011-07-08,1.8387,0.003767
2011-07-11,1.8591,0.011095
2011-07-12,1.8401,-0.01022
2011-07-13,1.8709,0.016738
2011-07-14,1.8805,0.005131
2011-07-15,1.886,0.002925
2011-07-18,1.884,-0.00106
2011-07-19,1.8643,-0.010456
2011-07-20,1.8654,0.00059
2011-07-21,1.8467,-0.010025
2011-07-22,1.8506,0.002112
2011-07-25,1.7932,-0.031017
2011-07-26,1.8033,0.005632
2011-07-27,1.831,0.015361
2011-07-28,1.8366,0.003058
2011-07-29,1.8144,-0.012088
2011-08-01,1.823,0.00474
2011-08-02,1.822,-0.000549
2011-08-03,1.8255,0.001921
2011-08-04,1.8333,0.004273
2011-08-05,1.815,-0.009982
2011-08-08,1.7605,-0.030028
2011-08-09,1.7722,0.006646
2011-08-10,1.798,0.014558
2011-08-11,1.8259,0.015517
2011-08-12,1.8318,0.003231
2011-08-15,1.8431,0.006169
2011-08-16,1.8304,-0.006891
2011-08-17,1.8202,-0.005573
2011-08-18,1.7961,-0.01324
2011-08-19,1.7848,-0.006291
2011-08-22,1.7608,-0.013447
2011-08-23,1.7845,0.01346
2011-08-24,1.7893,0.00269
2011-08-25,1.8191,0.016655
2011-08-26,1.8225,0.001869
2011-08-29,1.8156,-0.003786
2011-08-30,1.8053,-0.005673
2011-08-31,1.7988,-0.003601
2011-09-01,1.786,-0.007116
2011-09-02,1.7684,-0.009854
2011-09-05,1.7305,-0.021432
2011-09-06,1.7153,-0.008784
2011-09-07,1.7468,0.018364
2011-09-08,1.7353,-0.006583
2011-09-09,1.7237,-0.006685
2011-09-13,1.6956,-0.016302
2011-09-14,1.7065,0.006428
2011-09-15,1.7079,0.00082
2011-09-16,1.7099,0.001171
2011-09-19,1.6806,-0.017136
2011-09-20,1.682,0.000833
2011-09-21,1.7276,0.027111
2011-09-22,1.6856,-0.024311
2011-09-23,1.6787,-0.004093
2011-09-26,1.6631,-0.009293
2011-09-27,1.6702,0.004269
2011-09-28,1.6552,-0.008981
2011-09-29,1.6281,-0.016373
2011-09-30,1.6248,-0.002027
2011-10-10,1.6077,-0.010524
2011-10-11,1.5872,-0.012751
2011-10-12,1.6322,0.028352
2011-10-13,1.6455,0.008149
2011-10-14,1.636,-0.005773
2011-10-17,1.6482,0.007457
2011-10-18,1.6058,-0.025725
2011-10-19,1.591,-0.009217
2011-10-20,1.5498,-0.025896
2011-10-21,1.523,-0.017293
2011-10-24,1.5429,0.013066
2011-10-25,1.5832,0.02612
2011-10-26,1.5958,0.007959
2011-10-27,1.5936,-0.001379
2011-10-28,1.627,0.020959
2011-10-31,1.6335,0.003995
2011-11-01,1.6355,0.001224
2011-11-02,1.6575,0.013452
2011-11-03,1.6681,0.006395
2011-11-04,1.6744,0.003777
2011-11-07,1.6685,-0.003524
2011-11-08,1.6626,-0.003536
2011-11-09,1.6768,0.008541
2011-11-10,1.6617,-0.009005
2011-11-11,1.6545,-0.004333
2011-11-14,1.69,0.021457
2011-11-15,1.6966,0.003905
2011-11-16,1.6568,-0.023459
2011-11-17,1.6599,0.001871
2011-11-18,1.6282,-0.019098
2011-11-21,1.6244,-0.002334
2011-11-22,1.6216,-0.001724
2011-11-23,1.6185,-0.001912
2011-11-24,1.6177,-0.000494
2011-11-25,1.6076,-0.006243
2011-11-28,1.6136,0.003732
2011-11-29,1.6371,0.014564
2011-11-30,1.5966,-0.024739
2011-12-01,1.6224,0.016159
2011-12-02,1.5936,-0.017751
2011-12-05,1.5542,-0.024724
2011-12-06,1.552,-0.001416
2011-12-07,1.5535,0.000966
2011-12-08,1.5475,-0.003862
2011-12-09,1.5358,-0.007561
2011-12-12,1.522,-0.008986
2011-12-13,1.4904,-0.020762
2011-12-14,1.4717,-0.012547
2011-12-15,1.4474,-0.016512
2011-12-16,1.4796,0.022247
2011-12-19,1.4812,0.001081
2011-12-20,1.4737,-0.005063
2011-12-21,1.4495,-0.016421
2011-12-22,1.4539,0.003036
2011-12-23,1.4583,0.003026
2011-12-26,1.4483,-0.006857
2011-12-27,1.4215,-0.018504
2011-12-28,1.4159,-0.00394
2011-12-29,1.4183,0.001695
2011-12-30,1.4445,0.018473
2011-12-31,1.4444,-6.9e-05
2012-01-04,1.4072,-0.025755
2012-01-05,1.3527,-0.038729
2012-01-06,1.3537,0.000739
2012-01-09,1.3926,0.028736
2012-01-10,1.4397,0.033822
2012-01-11,1.4377,-0.001389
2012-01-12,1.431,-0.00466
2012-01-13,1.3839,-0.032914
2012-01-16,1.3317,-0.037719
2012-01-17,1.3908,0.044379
2012-01-18,1.3598,-0.022289
2012-01-19,1.3798,0.014708
2012-01-20,1.3996,0.01435
2012-01-30,1.3915,-0.005787
2012-01-31,1.3978,0.004527
2012-02-01,1.3876,-0.007297
2012-02-02,1.4062,0.013404
2012-02-03,1.4251,0.01344
2012-02-06,1.4401,0.010526
2012-02-07,1.4207,-0.013471
2012-02-08,1.4556,0.024565
2012-02-09,1.4604,0.003298
2012-02-10,1.4649,0.003081
2012-02-13,1.4704,0.003755
2012-02-14,1.4642,-0.004217
2012-02-15,1.4802,0.010927
2012-02-16,1.4782,-0.001351
2012-02-17,1.4754,-0.001894
2012-02-20,1.4794,0.002711
2012-02-21,1.4956,0.01095
2012-02-22,1.5185,0.015312
2012-02-23,1.5308,0.0081
2012-02-24,1.5495,0.012216
2012-02-27,1.5521,0.001678
2012-02-28,1.5397,-0.007989
2012-02-29,1.5283,-0.007404
2012-03-01,1.5294,0.00072
2012-03-02,1.5512,0.014254
2012-03-05,1.5432,-0.005157
2012-03-06,1.5216,-0.013997
2012-03-07,1.5118,-0.006441
2012-03-08,1.5313,0.012899
2012-03-09,1.5582,0.017567
2012-03-12,1.5636,0.003466
2012-03-13,1.5811,0.011192
2012-03-14,1.5428,-0.024224
2012-03-15,1.5365,-0.004083
2012-03-16,1.5632,0.017377
2012-03-19,1.5714,0.005246
2012-03-20,1.54,-0.019982
2012-03-21,1.5441,0.002662
2012-03-22,1.5375,-0.004274
2012-03-23,1.5134,-0.015675
2012-03-26,1.5156,0.001454
2012-03-27,1.5103,-0.003497
2012-03-28,1.4583,-0.03443
2012-03-29,1.4483,-0.006857
2012-03-30,1.4495,0.000829
2012-03-31,1.4494,-6.9e-05
2012-04-05,1.485,0.024562
2012-04-06,1.4914,0.00431
2012-04-09,1.4765,-0.009991
2012-04-10,1.4863,0.006637
2012-04-11,1.4828,-0.002355
2012-04-12,1.5063,0.015848
2012-04-13,1.5199,0.009029
2012-04-16,1.5214,0.000987
2012-04-17,1.5012,-0.013277
2012-04-18,1.5311,0.019917
2012-04-19,1.5248,-0.004115
2012-04-20,1.5264,0.001049
2012-04-23,1.5095,-0.011072
2012-04-24,1.4931,-0.010865
2012-04-25,1.5103,0.01152
2012-04-26,1.5155,0.003443
2012-04-27,1.5134,-0.001386
2012-05-02,1.5468,0.02207
2012-05-03,1.5535,0.004332
2012-05-04,1.5699,0.010557
2012-05-07,1.5832,0.008472
2012-05-08,1.581,-0.00139
2012-05-09,1.5539,-0.017141
2012-05-10,1.5604,0.004183
2012-05-11,1.5541,-0.004037
2012-05-14,1.5433,-0.006949
2012-05-15,1.5463,0.001944
2012-05-16,1.5291,-0.011123
2012-05-17,1.5403,0.007325
2012-05-18,1.524,-0.010582
2012-05-21,1.5422,0.011942
2012-05-22,1.5624,0.013098
2012-05-23,1.5609,-0.00096
2012-05-24,1.5532,-0.004933
2012-05-25,1.536,-0.011074
2012-05-28,1.5545,0.012044
2012-05-29,1.5843,0.01917
2012-05-30,1.5859,0.00101
2012-05-31,1.5807,-0.003279
2012-06-01,1.5816,0.000569
2012-06-04,1.5427,-0.024595
2012-06-05,1.5378,-0.003176
2012-06-06,1.5265,-0.007348
2012-06-07,1.5178,-0.005699
2012-06-08,1.5146,-0.002108
2012-06-11,1.5453,0.020269
2012-06-12,1.5567,0.007377
2012-06-13,1.5806,0.015353
2012-06-14,1.565,-0.00987
2012-06-15,1.5564,-0.005495
2012-06-18,1.572,0.010023
2012-06-19,1.5583,-0.008715
2012-06-20,1.5513,-0.004492
2012-06-21,1.5324,-0.012183
2012-06-25,1.5021,-0.019773
2012-06-26,1.4895,-0.008388
2012-06-27,1.4856,-0.002618
2012-06-28,1.4695,-0.010837
2012-06-29,1.4925,0.015652
2012-06-30,1.4924,-6.7e-05
2012-07-02,1.5026,0.006835
2012-07-03,1.5014,-0.000799
2012-07-04,1.4921,-0.006194
2012-07-05,1.475,-0.01146
2012-07-06,1.5068,0.021559
2012-07-09,1.4918,-0.009955
2012-07-10,1.478,-0.009251
2012-07-11,1.4922,0.009608
2012-07-12,1.5167,0.016419
2012-07-13,1.516,-0.000462
2012-07-16,1.4733,-0.028166
2012-07-17,1.4717,-0.001086
2012-07-18,1.4715,-0.000136
2012-07-19,1.4773,0.003942
2012-07-20,1.467,-0.006972
2012-07-23,1.4475,-0.013292
2012-07-24,1.4536,0.004214
2012-07-25,1.4414,-0.008393
2012-07-26,1.4382,-0.00222
2012-07-27,1.4281,-0.007023
2012-07-30,1.4239,-0.002941
2012-07-31,1.4168,-0.004986
2012-08-01,1.4381,0.015034
2012-08-02,1.4246,-0.009387
2012-08-03,1.4422,0.012354
2012-08-06,1.4691,0.018652
2012-08-07,1.4805,0.00776
2012-08-08,1.4751,-0.003647
2012-08-09,1.4958,0.014033
2012-08-10,1.4927,-0.002072
2012-08-13,1.4671,-0.01715
2012-08-14,1.4684,0.000886
2012-08-15,1.4577,-0.007287
2012-08-16,1.4489,-0.006037
2012-08-17,1.4427,-0.004279
2012-08-20,1.4417,-0.000693
2012-08-21,1.4518,0.007006
2012-08-22,1.4431,-0.005993
2012-08-23,1.4402,-0.00201
2012-08-24,1.4282,-0.008332
2012-08-27,1.4065,-0.015194
2012-08-28,1.4055,-0.000711
2012-08-29,1.3983,-0.005123
2012-08-30,1.3795,-0.013445
2012-08-31,1.3807,0.00087
2012-09-03,1.4035,0.016513
2012-09-04,1.3927,-0.007695
2012-09-05,1.3965,0.002729
2012-09-06,1.4024,0.004225
2012-09-07,1.4394,0.026383
2012-09-10,1.4439,0.003126
2012-09-11,1.4343,-0.006649
2012-09-12,1.4386,0.002998
2012-09-13,1.432,-0.004588
2012-09-14,1.4276,-0.003073
2012-09-17,1.4028,-0.017372
2012-09-18,1.3989,-0.00278
2012-09-19,1.4054,0.004647
2012-09-20,1.386,-0.013804
2012-09-21,1.3835,-0.001804
2012-09-24,1.3911,0.005493
2012-09-25,1.3947,0.002588
2012-09-26,1.3764,-0.013121
2012-09-27,1.3971,0.015039
2012-09-28,1.4156,0.013242
2012-09-30,1.4155,-7.1e-05
2012-10-08,1.4107,-0.003391
2012-10-09,1.4363,0.018147
2012-10-10,1.4404,0.002855
2012-10-11,1.4261,-0.009928
2012-10-12,1.4178,-0.00582
2012-10-15,1.4147,-0.002186
2012-10-16,1.4246,0.006998
2012-10-17,1.4229,-0.001193
2012-10-18,1.445,0.015532
2012-10-19,1.441,-0.002768
2012-10-22,1.4559,0.01034
2012-10-23,1.434,-0.015042
2012-10-24,1.4232,-0.007531
2012-10-25,1.4146,-0.006043
2012-10-26,1.4028,-0.008342
2012-10-29,1.3982,-0.003279
2012-10-30,1.4021,0.002789
2012-10-31,1.4165,0.01027
2012-11-01,1.4339,0.012284
2012-11-02,1.434,7e-05
2012-11-05,1.4317,-0.001604
2012-11-06,1.4336,0.001327
2012-11-07,1.4246,-0.006278
2012-11-08,1.4141,-0.00737
2012-11-09,1.4055,-0.006082
2012-11-12,1.4052,-0.000213
2012-11-13,1.3939,-0.008042
2012-11-14,1.3996,0.004089
2012-11-15,1.3944,-0.003715
2012-11-16,1.3824,-0.008606
2012-11-19,1.3769,-0.003979
2012-11-20,1.3756,-0.000944
2012-11-21,1.3824,0.004943
2012-11-22,1.3692,-0.009549
2012-11-23,1.3809,0.008545
2012-11-26,1.367,-0.010066
2012-11-27,1.3473,-0.014411
2012-11-28,1.337,-0.007645
2012-11-29,1.3381,0.000823
2012-11-30,1.3575,0.014498
2012-12-03,1.3489,-0.006335
2012-12-04,1.3528,0.002891
2012-12-05,1.3832,0.022472
2012-12-06,1.3791,-0.002964
2012-12-07,1.387,0.005728
2012-12-10,1.3948,0.005624
2012-12-11,1.3914,-0.002438
2012-12-12,1.3902,-0.000862
2012-12-13,1.3862,-0.002877
2012-12-14,1.4263,0.028928
2012-12-17,1.4199,-0.004487
2012-12-18,1.4082,-0.00824
2012-12-19,1.4119,0.002627
2012-12-20,1.4199,0.005666
2012-12-21,1.4249,0.003521
2012-12-24,1.4435,0.013054
2012-12-25,1.4747,0.021614
2012-12-26,1.4892,0.009833
2012-12-27,1.4805,-0.005842
2012-12-28,1.4939,0.009051
2012-12-31,1.5182,0.016266
2013-01-04,1.5081,-0.006653
2013-01-07,1.5251,0.011272
2013-01-08,1.527,0.001246
2013-01-09,1.5334,0.004191
2013-01-10,1.5325,-0.000587
2013-01-11,1.5144,-0.011811
2013-01-14,1.5627,0.031894
2013-01-15,1.5679,0.003328
2013-01-16,1.5703,0.001531
2013-01-17,1.5654,-0.00312
2013-01-18,1.598,0.020825
2013-01-21,1.5924,-0.003504
2013-01-22,1.5747,-0.011115
2013-01-23,1.5748,6.4e-05
2013-01-24,1.5601,-0.009335
2013-01-25,1.5695,0.006025
2013-01-28,1.5974,0.017776
2013-01-29,1.6026,0.003255
2013-01-30,1.6043,0.001061
2013-01-31,1.587,-0.010784
2013-02-01,1.6089,0.0138
2013-02-04,1.5987,-0.00634
2013-02-05,1.625,0.016451
2013-02-06,1.6364,0.007015
2013-02-07,1.6539,0.010694
2013-02-08,1.6781,0.014632
2013-02-18,1.6644,-0.008164
2013-02-19,1.6235,-0.024573
2013-02-20,1.6606,0.022852
2013-02-21,1.6395,-0.012706
2013-02-22,1.6304,-0.00555
2013-02-25,1.6345,0.002515
2013-02-26,1.6056,-0.017681
2013-02-27,1.6039,-0.001059
2013-02-28,1.6405,0.022819
2013-03-01,1.6538,0.008107
2013-03-04,1.5903,-0.038396
2013-03-05,1.6205,0.01899
2013-03-06,1.6279,0.004566
2013-03-07,1.6066,-0.013084
2013-03-08,1.5954,-0.006971
2013-03-11,1.6026,0.004513
2013-03-12,1.5866,-0.009984
2013-03-13,1.5724,-0.00895
2013-03-14,1.5882,0.010048
2013-03-15,1.5878,-0.000252
2013-03-18,1.5797,-0.005101
2013-03-19,1.584,0.002722
2013-03-20,1.6208,0.023232
2013-03-21,1.6299,0.005615
2013-03-22,1.6355,0.003436
2013-03-25,1.6372,0.001039
2013-03-26,1.6444,0.004398
2013-03-27,1.6509,0.003953
2013-03-28,1.6255,-0.015386
2013-03-29,1.6235,-0.00123
2013-04-01,1.6259,0.001478
2013-04-02,1.6004,-0.015684
2013-04-03,1.5862,-0.008873
2013-04-08,1.5848,-0.000883
2013-04-09,1.5911,0.003975
2013-04-10,1.5804,-0.006725
2013-04-11,1.5807,0.00019
2013-04-12,1.5777,-0.001898
2013-04-15,1.5759,-0.001141
2013-04-16,1.5871,0.007107
2013-04-17,1.6098,0.014303
2013-04-18,1.6046,-0.00323
2013-04-19,1.6286,0.014957
2013-04-22,1.6192,-0.005772
2013-04-23,1.5886,-0.018898
2013-04-24,1.6067,0.011394
2013-04-25,1.5921,-0.009087
2013-04-26,1.5724,-0.012374
2013-05-02,1.5762,0.002417
2013-05-03,1.6077,0.019985
2013-05-06,1.6252,0.010885
2013-05-07,1.6284,0.001969
2013-05-08,1.645,0.010194
2013-05-09,1.6443,-0.000426
2013-05-10,1.6461,0.001095
2013-05-13,1.6332,-0.007837
2013-05-14,1.6052,-0.017144
2013-05-15,1.6151,0.006167
2013-05-16,1.6425,0.016965
2013-05-17,1.6769,0.020944
2013-05-20,1.6861,0.005486
2013-05-21,1.6848,-0.000771
2013-05-22,1.6814,-0.002018
2013-05-23,1.6657,-0.009337
2013-05-24,1.6742,0.005103
2013-05-27,1.6829,0.005197
2013-05-28,1.7046,0.012894
2013-05-29,1.7098,0.003051
2013-05-30,1.7123,0.001462
2013-05-31,1.6953,-0.009928
2013-06-03,1.695,-0.000177
2013-06-04,1.6786,-0.009676
2013-06-05,1.6803,0.001013
2013-06-06,1.661,-0.011486
2013-06-07,1.6357,-0.015232
2013-06-13,1.5946,-0.025127
2013-06-14,1.6188,0.015176
2013-06-17,1.6205,0.00105
2013-06-18,1.643,0.013885
2013-06-19,1.6434,0.000243
2013-06-20,1.6096,-0.020567
2013-06-21,1.6093,-0.000186
2013-06-24,1.5381,-0.044243
2013-06-25,1.5403,0.00143
2013-06-26,1.5581,0.011556
2013-06-27,1.5714,0.008536
2013-06-28,1.5875,0.010246
2013-06-30,1.5874,-6.3e-05
2013-07-01,1.6212,0.021293
2013-07-02,1.6442,0.014187
2013-07-03,1.651,0.004136
2013-07-04,1.6534,0.001454
2013-07-05,1.6555,0.00127
2013-07-08,1.6399,-0.009423
2013-07-09,1.6252,-0.008964
2013-07-10,1.6472,0.013537
2013-07-11,1.6831,0.021795
2013-07-12,1.6695,-0.00808
2013-07-15,1.6958,0.015753
2013-07-16,1.7025,0.003951
2013-07-17,1.6735,-0.017034
2013-07-18,1.6525,-0.012549
2013-07-19,1.6101,-0.025658
2013-07-22,1.6278,0.010993
2013-07-23,1.669,0.02531
2013-07-24,1.6675,-0.000899
2013-07-25,1.661,-0.003898
2013-07-26,1.6529,-0.004877
2013-07-29,1.6272,-0.015548
2013-07-30,1.6266,-0.000369
2013-07-31,1.6304,0.002336
2013-08-01,1.6589,0.01748
2013-08-02,1.6723,0.008078
2013-08-05,1.6978,0.015248
2013-08-06,1.6967,-0.000648
2013-08-07,1.6974,0.000413
2013-08-08,1.6925,-0.002887
2013-08-09,1.7048,0.007267
2013-08-12,1.7258,0.012318
2013-08-13,1.7201,-0.003303
2013-08-14,1.7072,-0.0075
2013-08-15,1.6849,-0.013062
2013-08-16,1.669,-0.009437
2013-08-19,1.6973,0.016956
2013-08-20,1.7021,0.002828
2013-08-21,1.6863,-0.009283
2013-08-22,1.6881,0.001067
2013-08-23,1.6847,-0.002014
2013-08-26,1.6986,0.008251
2013-08-27,1.6979,-0.000412
2013-08-28,1.6772,-0.012192
2013-08-29,1.6721,-0.003041
2013-08-30,1.6682,-0.002332
2013-09-02,1.655,-0.007913
2013-09-03,1.6764,0.012931
2013-09-04,1.6778,0.000835
2013-09-05,1.6855,0.004589
2013-09-06,1.6785,-0.004153
2013-09-09,1.7004,0.013047
2013-09-10,1.7086,0.004822
2013-09-11,1.7061,-0.001463
2013-09-12,1.6989,-0.00422
2013-09-13,1.7101,0.006593
2013-09-16,1.7083,-0.001053
2013-09-17,1.6864,-0.01282
2013-09-18,1.6833,-0.001838
2013-09-23,1.7051,0.012951
2013-09-24,1.7054,0.000176
2013-09-25,1.6964,-0.005277
2013-09-26,1.6922,-0.002476
2013-09-27,1.6958,0.002127
2013-09-30,1.6956,-0.000118
2013-10-08,1.7183,0.013388
2013-10-09,1.723,0.002735
2013-10-10,1.7417,0.010853
2013-10-11,1.7542,0.007177
2013-10-14,1.7498,-0.002508
2013-10-15,1.7635,0.007829
2013-10-16,1.7567,-0.003856
2013-10-17,1.748,-0.004952
2013-10-18,1.7525,0.002574
2013-10-21,1.7955,0.024536
2013-10-22,1.7763,-0.010693
2013-10-23,1.7449,-0.017677
2013-10-24,1.7387,-0.003553
2013-10-25,1.7191,-0.011273
2013-10-28,1.7129,-0.003607
2013-10-29,1.7106,-0.001343
2013-10-30,1.7297,0.011166
2013-10-31,1.7061,-0.013644
2013-11-01,1.7136,0.004396
2013-11-04,1.7062,-0.004318
2013-11-05,1.7016,-0.002696
2013-11-06,1.6771,-0.014398
2013-11-07,1.6583,-0.01121
2013-11-08,1.6447,-0.008201
2013-11-11,1.6497,0.00304
2013-11-12,1.6724,0.01376
2013-11-13,1.6438,-0.017101
2013-11-14,1.6456,0.001095
2013-11-15,1.6685,0.013916
2013-11-18,1.6899,0.012826
2013-11-19,1.6695,-0.012072
2013-11-20,1.6738,0.002576
2013-11-21,1.655,-0.011232
2013-11-22,1.6467,-0.005015
2013-11-25,1.6408,-0.003583
2013-11-26,1.6396,-0.000731
2013-11-27,1.6441,0.002745
2013-11-28,1.6713,0.016544
2013-11-29,1.6704,-0.000539
2013-12-02,1.6434,-0.016164
2013-12-03,1.6599,0.01004
2013-12-04,1.6725,0.007591
2013-12-05,1.6656,-0.004126
2013-12-06,1.6597,-0.003542
2013-12-09,1.6599,0.000121
2013-12-10,1.6591,-0.000482
2013-12-11,1.6435,-0.009403
2013-12-12,1.6489,0.003286
2013-12-13,1.6574,0.005155
2013-12-16,1.649,-0.005068
2013-12-17,1.6536,0.00279
2013-12-18,1.6495,-0.002479
2013-12-19,1.6361,-0.008124
2013-12-20,1.6193,-0.010268
2013-12-23,1.6202,0.000556
2013-12-24,1.6195,-0.000432
2013-12-25,1.6391,0.012103
2013-12-26,1.6256,-0.008236
2013-12-27,1.642,0.010089
2013-12-30,1.6452,0.001949
2013-12-31,1.6603,0.009178
2014-01-02,1.6519,-0.005059
2014-01-03,1.6393,-0.007628
2014-01-06,1.6027,-0.022327
2014-01-07,1.6016,-0.000686
2014-01-08,1.6086,0.004371
2014-01-09,1.5975,-0.0069
2014-01-10,1.5888,-0.005446
2014-01-13,1.5729,-0.010008
2014-01-14,1.5919,0.01208
2014-01-15,1.5944,0.00157
2014-01-16,1.5977,0.00207
2014-01-17,1.5732,-0.015335
2014-01-20,1.5694,-0.002415
2014-01-21,1.5754,0.003823
2014-01-22,1.6189,0.027612
2014-01-23,1.6224,0.002162
2014-01-24,1.6329,0.006472
2014-01-27,1.6159,-0.010411
2014-01-28,1.6092,-0.004146
2014-01-29,1.6002,-0.005593
2014-01-30,1.5836,-0.010374
2014-02-07,1.5954,0.007451
2014-02-10,1.6306,0.022063
2014-02-11,1.6381,0.0046
2014-02-12,1.643,0.002991
2014-02-13,1.6279,-0.009191
2014-02-14,1.6418,0.008539
2014-02-17,1.653,0.006822
2014-02-18,1.6426,-0.006292
2014-02-19,1.6405,-0.001278
2014-02-20,1.6342,-0.00384
2014-02-21,1.6227,-0.007037
2014-02-24,1.588,-0.021384
2014-02-25,1.5542,-0.021285
2014-02-26,1.5445,-0.006241
2014-02-27,1.5138,-0.019877
2014-02-28,1.5532,0.026027
2014-03-03,1.5824,0.0188
2014-03-04,1.5716,-0.006825
2014-03-05,1.5679,-0.002354
2014-03-06,1.5965,0.018241
2014-03-07,1.6025,0.003758
2014-03-10,1.5688,-0.02103
2014-03-11,1.5952,0.016828
2014-03-12,1.5882,-0.004388
2014-03-13,1.609,0.013097
2014-03-14,1.5929,-0.010006
2014-03-17,1.6132,0.012744
2014-03-18,1.6131,-6.2e-05
2014-03-19,1.5935,-0.012151
2014-03-20,1.566,-0.017258
2014-03-21,1.6103,0.028289
2014-03-24,1.621,0.006645
2014-03-25,1.62,-0.000617
2014-03-26,1.6155,-0.002778
2014-03-27,1.5963,-0.011885
2014-03-28,1.5746,-0.013594
2014-03-31,1.5873,0.008066
2014-04-01,1.6118,0.015435
2014-04-02,1.6283,0.010237
2014-04-03,1.6159,-0.007615
2014-04-04,1.6302,0.00885
2014-04-08,1.643,0.007852
2014-04-09,1.6534,0.00633
2014-04-10,1.6602,0.004113
2014-04-11,1.6816,0.01289
2014-04-14,1.692,0.006185
2014-04-15,1.6741,-0.010579
2014-04-16,1.6753,0.000717
2014-04-17,1.6704,-0.002925
2014-04-18,1.6701,-0.00018
2014-04-21,1.6446,-0.015269
2014-04-22,1.6398,-0.002919
2014-04-23,1.648,0.005001
2014-04-24,1.6431,-0.002973
2014-04-25,1.6102,-0.020023
2014-04-28,1.581,-0.018134
2014-04-29,1.6042,0.014674
2014-04-30,1.6166,0.00773
2014-05-05,1.6164,-0.000124
2014-05-06,1.6176,0.000742
2014-05-07,1.6078,-0.006058
2014-05-08,1.606,-0.00112
2014-05-09,1.5943,-0.007285
2014-05-12,1.6096,0.009597
2014-05-13,1.6187,0.005654
2014-05-14,1.6149,-0.002348
2014-05-15,1.5906,-0.015047
2014-05-16,1.5933,0.001697
2014-05-19,1.566,-0.017134
2014-05-20,1.5585,-0.004789
2014-05-21,1.5797,0.013603
2014-05-22,1.5865,0.004305
2014-05-23,1.6035,0.010715
2014-05-26,1.6164,0.008045
2014-05-27,1.6098,-0.004083
2014-05-28,1.6242,0.008945
2014-05-29,1.618,-0.003817
2014-05-30,1.6176,-0.000247
2014-06-03,1.6026,-0.009273
2014-06-04,1.586,-0.010358
2014-06-05,1.6027,0.01053
2014-06-06,1.597,-0.003556
2014-06-09,1.5973,0.000188
2014-06-10,1.611,0.008577
2014-06-11,1.6215,0.006518
2014-06-12,1.6251,0.00222
2014-06-13,1.6293,0.002584
2014-06-16,1.6296,0.000184
2014-06-17,1.6174,-0.007486
2014-06-18,1.6104,-0.004328
2014-06-19,1.5956,-0.00919
2014-06-20,1.5972,0.001003
2014-06-23,1.6092,0.007513
2014-06-24,1.6262,0.010564
2014-06-25,1.6208,-0.003321
2014-06-26,1.6365,0.009687
2014-06-27,1.6415,0.003055
2014-06-30,1.6491,0.00463
2014-07-01,1.6369,-0.007398
2014-07-02,1.6325,-0.002688
2014-07-03,1.6384,0.003614
2014-07-04,1.6412,0.001709
2014-07-07,1.648,0.004143
2014-07-08,1.6539,0.00358
2014-07-09,1.6282,-0.015539
2014-07-10,1.6165,-0.007186
2014-07-11,1.6242,0.004763
2014-07-14,1.6532,0.017855
2014-07-15,1.6759,0.013731
2014-07-16,1.6732,-0.001611
2014-07-17,1.6634,-0.005857
2014-07-18,1.7004,0.022244
2014-07-21,1.7081,0.004528
2014-07-22,1.727,0.011065
2014-07-23,1.7263,-0.000405
2014-07-24,1.7515,0.014598
2014-07-25,1.7587,0.004111
2014-07-28,1.788,0.01666
2014-07-29,1.7782,-0.005481
2014-07-30,1.7632,-0.008435
2014-07-31,1.7849,0.012307
2014-08-01,1.78,-0.002745
2014-08-04,1.8038,0.013371
2014-08-05,1.7977,-0.003382
2014-08-06,1.7839,-0.007676
2014-08-07,1.7591,-0.013902
2014-08-08,1.7604,0.000739
2014-08-11,1.7839,0.013349
2014-08-12,1.7803,-0.002018
2014-08-13,1.7784,-0.001067
2014-08-14,1.7642,-0.007985
2014-08-15,1.7791,0.008446
2014-08-18,1.7798,0.000393
2014-08-19,1.7764,-0.00191
2014-08-20,1.7776,0.000676
2014-08-21,1.7717,-0.003319
2014-08-22,1.7832,0.006491
2014-08-25,1.7589,-0.013627
2014-08-26,1.7434,-0.008812
2014-08-27,1.7403,-0.001778
2014-08-28,1.7293,-0.006321
2014-08-29,1.7484,0.011045
2014-09-01,1.7601,0.006692
2014-09-02,1.7807,0.011704
2014-09-03,1.7977,0.009547
2014-09-04,1.8041,0.00356
2014-09-05,1.8173,0.007317
2014-09-09,1.8037,-0.007484
2014-09-10,1.7983,-0.002994
2014-09-11,1.7799,-0.010232
2014-09-12,1.7811,0.000674
2014-09-15,1.7683,-0.007187
2014-09-16,1.7337,-0.019567
2014-09-17,1.7475,0.00796
2014-09-18,1.7505,0.001717
2014-09-19,1.758,0.004284
2014-09-22,1.7254,-0.018544
2014-09-23,1.7396,0.00823
2014-09-24,1.7579,0.01052
2014-09-25,1.7523,-0.003186
2014-09-26,1.7461,-0.003538
2014-09-29,1.7494,0.00189
2014-09-30,1.7506,0.000686
2014-10-08,1.7764,0.014738
2014-10-09,1.7792,0.001576
2014-10-10,1.775,-0.002361
2014-10-13,1.7625,-0.007042
2014-10-14,1.7571,-0.003064
2014-10-15,1.7561,-0.000569
2014-10-16,1.7336,-0.012812
2014-10-17,1.7536,0.011537
2014-10-20,1.7538,0.000114
2014-10-21,1.7462,-0.004333
2014-10-22,1.7315,-0.008418
2014-10-23,1.7118,-0.011377
2014-10-24,1.7099,-0.00111
2014-10-27,1.6963,-0.007954
2014-10-28,1.7057,0.005541
2014-10-29,1.7226,0.009908
2014-10-30,1.7215,-0.000639
2014-10-31,1.7356,0.008191
2014-11-03,1.7358,0.000115
2014-11-04,1.7215,-0.008238
2014-11-05,1.708,-0.007842
2014-11-06,1.7152,0.004215
2014-11-07,1.7105,-0.00274
2014-11-10,1.7455,0.020462
2014-11-11,1.7372,-0.004755
2014-11-12,1.7586,0.012319
2014-11-13,1.7521,-0.003696
2014-11-14,1.7646,0.007134
2014-11-17,1.7669,0.001303
2014-11-18,1.7427,-0.013696
2014-11-19,1.7378,-0.002812
2014-11-20,1.7269,-0.006272
2014-11-21,1.7488,0.012682
2014-11-24,1.7842,0.020242
2014-11-25,1.8007,0.009248
2014-11-26,1.8052,0.002499
2014-11-27,1.8071,0.001053
2014-11-28,1.8309,0.01317
2014-12-01,1.8616,0.016768
2014-12-02,1.8855,0.012838
2014-12-03,1.9214,0.01904
2014-12-04,1.9731,0.026907
2014-12-05,1.9289,-0.022401
2014-12-08,1.9776,0.025248
2014-12-09,1.9145,-0.031907
2014-12-10,2.0012,0.045286
2014-12-11,2.0071,0.002948
2014-12-12,2.0157,0.004285
2014-12-15,2.0,-0.007789
2014-12-16,1.9972,-0.0014
2014-12-17,2.0062,0.004506
2014-12-18,2.0072,0.000498
2014-12-19,1.9912,-0.007971
2014-12-22,1.9904,-0.000402
2014-12-23,2.0127,0.011204
2014-12-24,1.9724,-0.020023
2014-12-25,2.0024,0.01521
2014-12-26,2.0389,0.018228
2014-12-29,2.0806,0.020452
2014-12-30,2.0907,0.004854
2014-12-31,2.1695,0.037691
2015-01-05,2.2774,0.049735
2015-01-06,2.2717,-0.002503
2015-01-07,2.2603,-0.005018
2015-01-08,2.2417,-0.008229
2015-01-09,2.232,-0.004327
2015-01-12,2.2303,-0.000762
2015-01-13,2.2482,0.008026
2015-01-14,2.2182,-0.013344
2015-01-15,2.254,0.016139
2015-01-16,2.2628,0.003904
2015-01-19,2.154,-0.048082
2015-01-20,2.2134,0.027577
2015-01-21,2.2709,0.025978
2015-01-22,2.281,0.004448
2015-01-23,2.2643,-0.007321
2015-01-26,2.2845,0.008921
2015-01-27,2.2791,-0.002364
2015-01-28,2.253,-0.011452
2015-01-29,2.228,-0.011096
2015-01-30,2.224,-0.001795
2015-02-02,2.1954,-0.01286
2015-02-03,2.212,0.007561
2015-02-04,2.1922,-0.008951
2015-02-05,2.1691,-0.010537
2015-02-06,2.1502,-0.008713
2015-02-09,2.172,0.010139
2015-02-10,2.1884,0.007551
2015-02-11,2.1984,0.00457
2015-02-12,2.2137,0.00696
2015-02-13,2.2187,0.002259
2015-02-16,2.2244,0.002569
2015-02-17,2.2474,0.01034
2015-02-25,2.2487,0.000578
2015-02-26,2.272,0.010362
2015-02-27,2.2681,-0.001717
2015-03-02,2.2745,0.002822
2015-03-03,2.2348,-0.017454
2015-03-04,2.2532,0.008233
2015-03-05,2.2346,-0.008255
2015-03-06,2.226,-0.003849
2015-03-09,2.2621,0.016217
2015-03-10,2.2564,-0.00252
2015-03-11,2.2626,0.002748
2015-03-12,2.2778,0.006718
2015-03-13,2.2783,0.00022
2015-03-16,2.321,0.018742
2015-03-17,2.3373,0.007023
2015-03-18,2.371,0.014418
2015-03-19,2.3608,-0.004302
2015-03-20,2.3702,0.003982
2015-03-23,2.4097,0.016665
2015-03-24,2.4,-0.004025
2015-03-25,2.3993,-0.000292
2015-03-26,2.4284,0.012129
2015-03-27,2.4402,0.004859
2015-03-30,2.4939,0.022006
2015-03-31,2.4747,-0.007699
2015-04-01,2.5171,0.017133
2015-04-02,2.5328,0.006237
2015-04-03,2.5453,0.004935
2015-04-07,2.5848,0.015519
2015-04-08,2.5835,-0.000503
2015-04-09,2.5548,-0.011109
2015-04-10,2.6149,0.023524
2015-04-13,2.6523,0.014303
2015-04-14,2.6393,-0.004901
2015-04-15,2.5983,-0.015534
2015-04-16,2.718,0.046069
2015-04-17,2.7247,0.002465
2015-04-20,2.6773,-0.017396
2015-04-21,2.8049,0.04766
2015-04-22,2.8448,0.014225
2015-04-23,2.8366,-0.002882
2015-04-24,2.8095,-0.009554
2015-04-27,2.8376,0.010002
2015-04-28,2.7836,-0.01903
2015-04-29,2.8347,0.018358
2015-04-30,2.8602,0.008996
2015-05-04,2.8854,0.008811
2015-05-05,2.7793,-0.036771
2015-05-06,2.7694,-0.003562
2015-05-07,2.7698,0.000144
2015-05-08,2.8213,0.018593
2015-05-11,2.8744,0.018821
2015-05-12,2.8667,-0.002679
2015-05-13,2.8828,0.005616
2015-05-14,2.851,-0.011031
2015-05-15,2.823,-0.009821
2015-05-18,2.7947,-0.010025
2015-05-19,2.8652,0.025226
2015-05-20,2.9284,0.022058
2015-05-21,2.9937,0.022299
2015-05-22,3.0467,0.017704
2015-05-25,3.1324,0.028129
2015-05-26,3.177,0.014238
2015-05-27,3.1222,-0.017249
2015-05-28,2.9855,-0.043783
2015-05-29,2.9812,-0.00144
2015-06-01,3.0964,0.038642
2015-06-02,3.1318,0.011433
2015-06-03,3.1041,-0.008845
2015-06-04,3.0688,-0.011372
2015-06-05,3.0995,0.010004
2015-06-08,3.143,0.014035
2015-06-09,3.1321,-0.003468
2015-06-10,3.1434,0.003608
2015-06-11,3.1528,0.00299
2015-06-12,3.1835,0.009737
2015-06-15,3.2002,0.005246
2015-06-16,3.1446,-0.017374
2015-06-17,3.1522,0.002417
2015-06-18,3.0668,-0.027092
2015-06-19,2.9364,-0.04252
2015-06-23,3.0628,0.043046
2015-06-24,3.1255,0.020471
2015-06-25,3.0477,-0.024892
2015-06-26,2.8796,-0.055156
2015-06-29,2.8652,-0.005001
2015-06-30,2.973,0.037624
2015-07-01,2.8766,-0.032425
2015-07-02,2.7614,-0.040047
2015-07-03,2.6397,-0.044072
2015-07-06,2.6776,0.014358
2015-07-07,2.5596,-0.044069
2015-07-08,2.3928,-0.065166
2015-07-09,2.5888,0.081912
2015-07-10,2.7876,0.076792
2015-07-13,2.881,0.033506
2015-07-14,2.803,-0.027074
2015-07-15,2.7294,-0.026258
2015-07-16,2.7628,0.012237
2015-07-17,2.8432,0.029101
2015-07-20,2.8195,-0.008336
2015-07-21,2.8203,0.000284
2015-07-22,2.8206,0.000106
2015-07-23,2.8425,0.007764
2015-07-24,2.8129,-0.010413
2015-07-27,2.6212,-0.06815
2015-07-28,2.663,0.015947
2015-07-29,2.7062,0.016222
2015-07-30,2.6576,-0.017959
2015-07-31,2.6872,0.011138
2015-08-03,2.7408,0.019946
2015-08-04,2.7828,0.015324
2015-08-05,2.737,-0.016458
2015-08-06,2.7364,-0.000219
2015-08-07,2.7584,0.00804
2015-08-10,2.8222,0.023129
2015-08-11,2.8062,-0.005669
2015-08-12,2.7615,-0.015929
2015-08-13,2.7775,0.005794
2015-08-14,2.7796,0.000756
2015-08-17,2.7924,0.004605
2015-08-18,2.6589,-0.047808
2015-08-19,2.6914,0.012223
2015-08-20,2.6255,-0.024485
2015-08-21,2.528,-0.037136
2015-08-24,2.3551,-0.068394
2015-08-25,2.2892,-0.027982
2015-08-26,2.3589,0.030447
2015-08-27,2.4707,0.047395
2015-08-28,2.5163,0.018456
2015-08-31,2.4967,-0.007789
2015-09-01,2.4462,-0.020227
2015-09-02,2.4753,0.011896
2015-09-07,2.4174,-0.023391
2015-09-08,2.4695,0.021552
2015-09-09,2.4932,0.009597
2015-09-10,2.4575,-0.014319
2015-09-11,2.4268,-0.012492
2015-09-14,2.3867,-0.016524
2015-09-15,2.3357,-0.021368
2015-09-16,2.4397,0.044526
2015-09-17,2.3834,-0.023077
2015-09-18,2.4043,0.008769
2015-09-21,2.4463,0.017469
2015-09-22,2.4507,0.001799
2015-09-23,2.4124,-0.015628
2015-09-24,2.4243,0.004933
2015-09-25,2.3908,-0.013818
2015-09-28,2.4126,0.009118
2015-09-29,2.4008,-0.004891
2015-09-30,2.4181,0.007206
2015-10-08,2.4798,0.025516
2015-10-09,2.4902,0.004194
2015-10-12,2.5473,0.02293
2015-10-13,2.5593,0.004711
2015-10-14,2.5226,-0.01434
2015-10-15,2.5628,0.015936
2015-10-16,2.5888,0.010145
2015-10-19,2.5993,0.004056
2015-10-20,2.6031,0.001462
2015-10-21,2.4796,-0.047443
2015-10-22,2.528,0.019519
2015-10-23,2.5797,0.020451
2015-10-26,2.6114,0.012288
2015-10-27,2.6242,0.004902
2015-10-28,2.5939,-0.011546
2015-10-29,2.6239,0.011566
2015-10-30,2.6415,0.006708
2015-11-02,2.6253,-0.006133
2015-11-03,2.6096,-0.00598
2015-11-04,2.6942,0.032419
2015-11-05,2.7121,0.006644
2015-11-06,2.7333,0.007817
2015-11-09,2.7307,-0.000951
2015-11-10,2.7171,-0.00498
2015-11-11,2.719,0.000699
2015-11-12,2.7094,-0.003531
2015-11-13,2.6853,-0.008895
2015-11-16,2.6864,0.00041
2015-11-17,2.6829,-0.001303
2015-11-18,2.657,-0.009654
2015-11-19,2.6804,0.008807
2015-11-20,2.6792,-0.000448
2015-11-23,2.6584,-0.007764
2015-11-24,2.652,-0.002407
2015-11-25,2.6647,0.004789
2015-11-26,2.6606,-0.001539
2015-11-27,2.5664,-0.035406
2015-11-30,2.575,0.003351
2015-12-01,2.5992,0.009398
2015-12-02,2.66,0.023392
2015-12-03,2.6628,0.001053
2015-12-04,2.6367,-0.009802
2015-12-07,2.6516,0.005651
2015-12-08,2.6071,-0.016782
2015-12-09,2.6134,0.002416
2015-12-10,2.6062,-0.002755
2015-12-11,2.6211,0.005717
2015-12-14,2.6499,0.010988
2015-12-15,2.6619,0.004528
2015-12-16,2.6388,-0.008678
2015-12-17,2.6738,0.013264
2015-12-18,2.6833,0.003553
2015-12-21,2.7989,0.043081
2015-12-22,2.7974,-0.000536
2015-12-23,2.7741,-0.008329
2015-12-24,2.7557,-0.006633
2015-12-25,2.7518,-0.001415
2015-12-28,2.6893,-0.022712
2015-12-29,2.7309,0.015469
2015-12-30,2.7385,0.002783
2015-12-31,2.7186,-0.007267
2016-01-04,2.5549,-0.060215
2016-01-05,2.5859,0.012134
2016-01-06,2.6218,0.013883
2016-01-07,2.4603,-0.061599
2016-01-08,2.507,0.018981
2016-01-11,2.4003,-0.042561
2016-01-12,2.4116,0.004708
2016-01-13,2.3908,-0.008625
2016-01-14,2.4341,0.018111
2016-01-15,2.3631,-0.029169
2016-01-18,2.3665,0.001439
2016-01-19,2.4343,0.02865
2016-01-20,2.3913,-0.017664
2016-01-21,2.3293,-0.025927
2016-01-22,2.3487,0.008329
2016-01-25,2.3679,0.008175
2016-01-26,2.2648,-0.043541
2016-01-27,2.2594,-0.002384
2016-01-28,2.2313,-0.012437
2016-01-29,2.2934,0.027831
2016-02-01,2.2889,-0.001962
2016-02-02,2.3373,0.021146
2016-02-03,2.3252,-0.005177
2016-02-04,2.3385,0.00572
2016-02-05,2.3259,-0.005388
2016-02-15,2.3086,-0.007438
2016-02-16,2.369,0.026163
2016-02-17,2.3785,0.00401
2016-02-18,2.3669,-0.004877
2016-02-19,2.3636,-0.001394
2016-02-22,2.4154,0.021916
2016-02-23,2.4085,-0.002857
2016-02-24,2.4199,0.004733
2016-02-25,2.2909,-0.053308
2016-02-26,2.3202,0.01279
2016-02-29,2.2516,-0.029566
2016-03-01,2.2874,0.0159
2016-03-02,2.3805,0.040701
2016-03-03,2.3824,0.000798
2016-03-04,2.4027,0.008521
2016-03-07,2.4239,0.008823
2016-03-08,2.4088,-0.00623
2016-03-09,2.3888,-0.008303
2016-03-10,2.3781,-0.004479
2016-03-11,2.375,-0.001304
2016-03-14,2.41,0.014737
2016-03-15,2.4096,-0.000166
2016-03-16,2.3943,-0.00635
2016-03-17,2.4304,0.015077
2016-03-18,2.4642,0.013907
2016-03-21,2.4922,0.011363
2016-03-22,2.4943,0.000843
2016-03-23,2.4885,-0.002325
2016-03-24,2.4889,0.000161
2016-03-25,2.5097,0.008357
2016-03-28,2.5311,0.008527
2016-03-29,2.5044,-0.010549
2016-03-30,2.5464,0.01677
2016-03-31,2.5539,0.002945
2016-04-01,2.5419,-0.004699
2016-04-05,2.5663,0.009599
2016-04-06,2.5826,0.006352
2016-04-07,2.5443,-0.01483
2016-04-08,2.5268,-0.006878
2016-04-11,2.5403,0.005343
2016-04-12,2.529,-0.004448
2016-04-13,2.5409,0.004705
2016-04-14,2.5556,0.005785
2016-04-15,2.5502,-0.002113
2016-04-18,2.5207,-0.011568
2016-04-19,2.5324,0.004642
2016-04-20,2.4826,-0.019665
2016-04-21,2.4753,-0.00294
2016-04-22,2.5016,0.010625
2016-04-25,2.5035,0.00076
2016-04-26,2.5179,0.005752
2016-04-27,2.5183,0.000159
2016-04-28,2.5202,0.000754
2016-04-29,2.5388,0.00738
2016-05-03,2.627,0.034741
2016-05-04,2.6192,-0.002969
2016-05-05,2.6139,-0.002024
2016-05-06,2.5621,-0.019817
2016-05-09,2.5472,-0.005816
2016-05-10,2.561,0.005418
2016-05-11,2.6179,0.022218
2016-05-12,2.6163,-0.000611
2016-05-13,2.6011,-0.00581
2016-05-16,2.6224,0.008189
2016-05-17,2.5988,-0.008999
2016-05-18,2.5645,-0.013198
2016-05-19,2.5591,-0.002106
2016-05-20,2.5796,0.008011
2016-05-23,2.589,0.003644
2016-05-24,2.5604,-0.011047
2016-05-25,2.5442,-0.006327
2016-05-26,2.5482,0.001572
2016-05-27,2.5515,0.001295
2016-05-30,2.5551,0.001411
2016-05-31,2.6251,0.027396
2016-06-01,2.6288,0.001409
2016-06-02,2.6333,0.001712
2016-06-03,2.692,0.022291
2016-06-06,2.708,0.005944
2016-06-07,2.7136,0.002068
2016-06-08,2.6904,-0.00855
2016-06-13,2.627,-0.023565
2016-06-14,2.6635,0.013894
2016-06-15,2.7147,0.019223
2016-06-16,2.706,-0.003205
2016-06-17,2.749,0.015891
2016-06-20,2.7526,0.00131
2016-06-21,2.7272,-0.009228
2016-06-22,2.75,0.00836
2016-06-23,2.738,-0.004364
2016-06-24,2.7133,-0.009021
2016-06-27,2.7751,0.022777
2016-06-28,2.778,0.001045
2016-06-29,2.7824,0.001584
2016-06-30,2.7911,0.003127
2016-07-01,2.7908,-0.000107
2016-07-04,2.8181,0.009782
2016-07-05,2.8257,0.002697
2016-07-06,2.8928,0.023746
2016-07-07,2.8867,-0.002109
2016-07-08,2.8887,0.000693
2016-07-11,2.9243,0.012324
2016-07-12,3.007,0.02828
2016-07-13,2.9778,-0.009711
2016-07-14,2.9682,-0.003224
2016-07-15,3.0027,0.011623
2016-07-18,3.0017,-0.000333
2016-07-19,2.9547,-0.015658
2016-07-20,2.9512,-0.001185
2016-07-21,2.9711,0.006743
2016-07-22,2.9179,-0.017906
2016-07-25,2.9302,0.004215
2016-07-26,2.99,0.020408
2016-07-27,2.9525,-0.012542
2016-07-28,3.0162,0.021575
2016-07-29,3.0335,0.005736
2016-08-01,2.9801,-0.017603
2016-08-02,2.971,-0.003054
2016-08-03,2.984,0.004376
2016-08-04,2.97,-0.004692
2016-08-05,2.9388,-0.010505
2016-08-08,2.9555,0.005683
2016-08-09,2.9824,0.009102
2016-08-10,2.9795,-0.000972
2016-08-11,2.9823,0.00094
2016-08-12,2.9898,0.002515
2016-08-15,3.0552,0.021874
2016-08-16,3.0517,-0.001146
2016-08-17,3.0487,-0.000983
2016-08-18,3.0349,-0.004527
2016-08-19,3.0222,-0.004185
2016-08-22,3.0171,-0.001688
2016-08-23,3.0236,0.002154
2016-08-24,3.0031,-0.00678
2016-08-25,2.9823,-0.006926
2016-08-26,2.9816,-0.000235
2016-08-29,2.9859,0.001442
2016-08-30,2.9867,0.000268
2016-08-31,2.9986,0.003984
2016-09-01,2.9868,-0.003935
2016-09-02,2.976,-0.003616
2016-09-05,2.9885,0.0042
2016-09-06,3.0085,0.006692
2016-09-07,3.0006,-0.002626
2016-09-08,2.9983,-0.000767
2016-09-09,2.9819,-0.00547
2016-09-12,2.9177,-0.02153
2016-09-13,2.9309,0.004524
2016-09-14,2.9129,-0.006141
2016-09-19,2.9372,0.008342
2016-09-20,2.9353,-0.000647
2016-09-21,2.9437,0.002862
2016-09-22,2.9636,0.00676
2016-09-23,2.9608,-0.000945
2016-09-26,2.917,-0.014793
2016-09-27,2.9369,0.006822
2016-09-28,2.9335,-0.001158
2016-09-29,2.9456,0.004125
2016-09-30,2.979,0.011339
2016-10-10,3.0066,0.009265
2016-10-11,3.0089,0.000765
2016-10-12,3.0019,-0.002326
2016-10-13,2.9873,-0.004864
2016-10-14,2.9793,-0.002678
2016-10-17,2.9646,-0.004934
2016-10-18,2.9942,0.009984
2016-10-19,2.982,-0.004075
2016-10-20,2.9766,-0.001811
2016-10-21,2.9601,-0.005543
2016-10-24,2.9722,0.004088
2016-10-25,3.0113,0.013155
2016-10-26,3.019,0.002557
2016-10-27,3.0092,-0.003246
2016-10-28,2.9983,-0.003622
2016-10-31,2.9909,-0.002468
2016-11-01,3.0147,0.007957
2016-11-02,2.995,-0.006535
2016-11-03,3.0044,0.003139
2016-11-04,2.9857,-0.006224
2016-11-07,2.9743,-0.003818
2016-11-08,2.9998,0.008573
2016-11-09,2.9858,-0.004667
2016-11-10,3.0085,0.007603
2016-11-11,2.9933,-0.005052
2016-11-14,2.9725,-0.006949
2016-11-15,2.9989,0.008881
2016-11-16,2.992,-0.002301
2016-11-17,3.0003,0.002774
2016-11-18,2.9886,-0.0039
2016-11-21,2.9894,0.000268
2016-11-22,2.9941,0.001572
2016-11-23,3.0074,0.004442
2016-11-24,3.0184,0.003658
2016-11-25,3.0254,0.002319
2016-11-28,3.0407,0.005057
2016-11-29,3.0843,0.014339
2016-11-30,3.0479,-0.011802
2016-12-01,3.0502,0.000755
2016-12-02,3.0236,-0.008721
2016-12-05,3.0017,-0.007243
2016-12-06,3.0222,0.006829
2016-12-07,3.0262,0.001324
2016-12-08,3.0381,0.003932
2016-12-09,3.0353,-0.000922
2016-12-12,2.9652,-0.023095
2016-12-13,2.9841,0.006374
2016-12-14,2.9552,-0.009685
2016-12-15,2.936,-0.006497
2016-12-16,2.9539,0.006097
2016-12-19,2.945,-0.003013
2016-12-20,2.9319,-0.004448
2016-12-21,2.9551,0.007913
2016-12-22,2.9384,-0.005651
2016-12-23,2.9128,-0.008712
2016-12-26,2.9138,0.000343
2016-12-27,2.924,0.003501
2016-12-28,2.9218,-0.000752
2016-12-29,2.9174,-0.001506
2016-12-30,2.941,0.008089
2016-12-31,2.9408,-6.8e-05
2017-01-03,2.9663,0.008671
2017-01-04,3.0122,0.015474
2017-01-05,2.9985,-0.004548
2017-01-06,3.0005,0.000667
2017-01-09,3.0114,0.003633
2017-01-10,3.0129,0.000498
2017-01-11,2.9792,-0.011185
2017-01-12,2.9565,-0.007619
2017-01-13,2.955,-0.000507
2017-01-16,2.9426,-0.004196
2017-01-17,2.959,0.005573
2017-01-18,2.9862,0.009192
2017-01-19,2.9843,-0.000636
2017-01-20,3.0064,0.007405
2017-01-23,3.0052,-0.000399
2017-01-24,3.0088,0.001198
2017-01-25,3.0118,0.000997
2017-01-26,3.0076,-0.001395
2017-02-03,2.9943,-0.004422
2017-02-06,3.0097,0.005143
2017-02-07,3.001,-0.002891
2017-02-08,3.0108,0.003266
2017-02-09,3.0299,0.006344
2017-02-10,3.0251,-0.001584
2017-02-13,3.0651,0.013223
2017-02-14,3.0644,-0.000228
2017-02-15,3.0609,-0.001142
2017-02-16,3.0716,0.003496
2017-02-17,3.0883,0.005437
2017-02-20,3.1611,0.023573
2017-02-21,3.163,0.000601
2017-02-22,3.1815,0.005849
2017-02-23,3.1859,0.001383
2017-02-24,3.1906,0.001475
2017-02-27,3.1417,-0.015326
2017-02-28,3.1571,0.004902
2017-03-01,3.159,0.000602
2017-03-02,3.1405,-0.005856
2017-03-03,3.1572,0.005318
2017-03-06,3.1973,0.012701
2017-03-07,3.2309,0.010509
2017-03-08,3.2203,-0.003281
2017-03-09,3.2101,-0.003167
2017-03-10,3.2251,0.004673
2017-03-13,3.2611,0.011162
2017-03-14,3.2523,-0.002698
2017-03-15,3.277,0.007595
2017-03-16,3.2755,-0.000458
2017-03-17,3.2681,-0.002259
2017-03-20,3.2845,0.005018
2017-03-21,3.3351,0.015406
2017-03-22,3.3654,0.009085
2017-03-23,3.3544,-0.003269
2017-03-24,3.3659,0.003428
2017-03-27,3.3268,-0.011617
2017-03-28,3.3299,0.000932
2017-03-29,3.3351,0.001562
2017-03-30,3.3143,-0.006237
2017-03-31,3.3358,0.006487
2017-04-05,3.3546,0.005636
2017-04-06,3.3584,0.001133
2017-04-07,3.36,0.000476
2017-04-10,3.3303,-0.008839
2017-04-11,3.3166,-0.004114
2017-04-12,3.3521,0.010704
2017-04-13,3.3948,0.012738
2017-04-14,3.3652,-0.008719
2017-04-17,3.3819,0.004963
2017-04-18,3.4373,0.016381
2017-04-19,3.4337,-0.001047
2017-04-20,3.4824,0.014183
2017-04-21,3.4617,-0.005944
2017-04-24,3.4474,-0.004131
2017-04-25,3.4972,0.014446
2017-04-26,3.4749,-0.006377
2017-04-27,3.4772,0.000662
2017-04-28,3.4517,-0.007333
2017-05-02,3.479,0.007909
2017-05-03,3.4836,0.001322
2017-05-04,3.4743,-0.00267
2017-05-05,3.4747,0.000115
2017-05-08,3.4345,-0.011569
2017-05-09,3.4365,0.000582
2017-05-10,3.4285,-0.002328
2017-05-11,3.4768,0.014088
2017-05-12,3.4912,0.004142
2017-05-15,3.5227,0.009023
2017-05-16,3.5885,0.018679
2017-05-17,3.5475,-0.011425
2017-05-18,3.5374,-0.002847
2017-05-19,3.5752,0.010686
2017-05-22,3.581,0.001622
2017-05-23,3.6006,0.005473
2017-05-24,3.5816,-0.005277
2017-05-25,3.5706,-0.003071
2017-05-26,3.5769,0.001764
2017-05-31,3.5866,0.002712
2017-06-01,3.597,0.0029
2017-06-02,3.5856,-0.003169
2017-06-05,3.5726,-0.003626
2017-06-06,3.608,0.009909
2017-06-07,3.6504,0.011752
2017-06-08,3.6885,0.010437
2017-06-09,3.6881,-0.000108
2017-06-12,3.7039,0.004284
2017-06-13,3.7081,0.001134
2017-06-14,3.673,-0.009466
2017-06-15,3.6566,-0.004465
2017-06-16,3.6534,-0.000875
2017-06-19,3.6778,0.006679
2017-06-20,3.6652,-0.003426
2017-06-21,3.7217,0.015415
2017-06-22,3.7006,-0.005669
2017-06-23,3.7269,0.007107
2017-06-26,3.7649,0.010196
2017-06-27,3.7662,0.000345
2017-06-28,3.7183,-0.012718
2017-06-29,3.7188,0.000134
2017-06-30,3.7262,0.00199
2017-07-03,3.6941,-0.008615
2017-07-04,3.6568,-0.010097
2017-07-05,3.674,0.004704
2017-07-06,3.6604,-0.003702
2017-07-07,3.643,-0.004754
2017-07-10,3.6283,-0.004035
2017-07-11,3.6529,0.00678
2017-07-12,3.626,-0.007364
2017-07-13,3.624,-0.000552
2017-07-14,3.6381,0.003891
2017-07-17,3.5986,-0.010857
2017-07-18,3.6114,0.003557
2017-07-19,3.6366,0.006978
2017-07-20,3.6681,0.008662
2017-07-21,3.66,-0.002208
2017-07-24,3.6716,0.003169
2017-07-25,3.6662,-0.001471
2017-07-26,3.6209,-0.012356
2017-07-27,3.6298,0.002458
2017-07-28,3.6662,0.010028
2017-07-31,3.6691,0.000791
2017-08-01,3.6884,0.00526
2017-08-02,3.6611,-0.007402
2017-08-03,3.6216,-0.010789
2017-08-04,3.6097,-0.003286
2017-08-07,3.663,0.014766
2017-08-08,3.6623,-0.000191
2017-08-09,3.7058,0.011878
2017-08-10,3.7023,-0.000944
2017-08-11,3.6702,-0.00867
2017-08-14,3.7108,0.011062
2017-08-15,3.7062,-0.00124
2017-08-16,3.6899,-0.004398
2017-08-17,3.6783,-0.003144
2017-08-18,3.6953,0.004622
2017-08-21,3.7001,0.001299
2017-08-22,3.6806,-0.00527
2017-08-23,3.6832,0.000706
2017-08-24,3.6679,-0.004154
2017-08-25,3.6745,0.001799
2017-08-28,3.7081,0.009144
2017-08-29,3.7062,-0.000512
2017-08-30,3.715,0.002374
2017-08-31,3.7119,-0.000834
2017-09-01,3.7023,-0.002586
2017-09-04,3.679,-0.006293
2017-09-05,3.6913,0.003343
2017-09-06,3.6797,-0.003143
2017-09-07,3.6901,0.002826
2017-09-08,3.6842,-0.001599
2017-09-11,3.6809,-0.000896
2017-09-12,3.6868,0.001603
2017-09-13,3.7154,0.007757
2017-09-14,3.7133,-0.000565
2017-09-15,3.7355,0.005979
2017-09-18,3.7539,0.004926
2017-09-19,3.7362,-0.004715
2017-09-20,3.7396,0.00091
2017-09-21,3.7335,-0.001631
2017-09-22,3.7398,0.001687
2017-09-25,3.7704,0.008182
2017-09-26,3.752,-0.00488
2017-09-27,3.7486,-0.000906
2017-09-28,3.7751,0.007069
2017-09-29,3.7736,-0.000397
2017-10-09,3.8228,0.013038
2017-10-10,3.8465,0.0062
2017-10-11,3.8937,0.012271
2017-10-12,3.9138,0.005162
2017-10-13,3.9325,0.004778
2017-10-16,3.9151,-0.004425
2017-10-17,3.9059,-0.00235
2017-10-18,3.9542,0.012366
2017-10-19,3.9912,0.009357
2017-10-20,3.9648,-0.006615
2017-10-23,3.9784,0.00343
2017-10-24,3.9952,0.004223
2017-10-25,4.0336,0.009612
2017-10-26,4.0431,0.002355
2017-10-27,4.0946,0.012738
2017-10-30,4.0783,-0.003981
2017-10-31,4.0739,-0.001079
2017-11-01,4.0668,-0.001743
2017-11-02,4.0967,0.007352
2017-11-03,4.1028,0.001489
2017-11-06,4.1898,0.021205
2017-11-07,4.1806,-0.002196
2017-11-08,4.1572,-0.005597
2017-11-09,4.1962,0.009381
2017-11-10,4.2602,0.015252
2017-11-13,4.2439,-0.003826
2017-11-14,4.1752,-0.016188
2017-11-15,4.2155,0.009652
2017-11-16,4.2658,0.011932
2017-11-17,4.2195,-0.010854
2017-11-20,4.2225,0.000711
2017-11-21,4.2574,0.008265
2017-11-22,4.2254,-0.007516
2017-11-23,4.0757,-0.035429
2017-11-24,4.0955,0.004858
2017-11-27,4.0505,-0.010988
2017-11-28,4.0908,0.009949
2017-11-29,4.0292,-0.015058
2017-11-30,3.9863,-0.010647
2017-12-01,4.0013,0.003763
2017-12-04,4.0365,0.008797
2017-12-05,4.0437,0.001784
2017-12-06,4.0218,-0.005416
2017-12-07,3.9961,-0.00639
2017-12-08,4.04,0.010986
2017-12-11,4.1279,0.021757
2017-12-12,4.0987,-0.007074
2017-12-13,4.1735,0.01825
2017-12-14,4.1659,-0.001821
2017-12-15,4.1178,-0.011546
2017-12-18,4.184,0.016077
2017-12-19,4.2206,0.008748
2017-12-20,4.2617,0.009738
2017-12-21,4.291,0.006875
2017-12-22,4.2585,-0.007574
2017-12-25,4.2644,0.001385
2017-12-26,4.2383,-0.00612
2017-12-27,4.1742,-0.015124
2017-12-28,4.242,0.016243
2017-12-29,4.2406,-0.00033
2017-12-31,4.2403,-7.1e-05
2018-01-02,4.2548,0.00342
2018-01-03,4.2764,0.005077
2018-01-04,4.3207,0.010359
2018-01-05,4.3197,-0.000231
2018-01-08,4.3459,0.006065
2018-01-09,4.4191,0.016843
2018-01-10,4.4342,0.003417
2018-01-11,4.415,-0.00433
2018-01-12,4.4597,0.010125
2018-01-15,4.4799,0.004529
2018-01-16,4.5063,0.005893
2018-01-17,4.4387,-0.015001
2018-01-18,4.4412,0.000563
2018-01-19,4.3918,-0.011123
2018-01-22,4.4971,0.023977
2018-01-23,4.5276,0.006782
2018-01-24,4.5032,-0.005389
2018-01-25,4.4606,-0.00946
2018-01-26,4.4814,0.004663
2018-01-29,4.3464,-0.030125
2018-01-30,4.3365,-0.002278
2018-01-31,4.3919,0.012775
2018-02-01,4.3403,-0.011749
2018-02-02,4.3479,0.001751
2018-02-05,4.2572,-0.020861
2018-02-06,4.1781,-0.01858
2018-02-07,4.0761,-0.024413
2018-02-08,4.0933,0.00422
2018-02-09,3.9928,-0.024552
2018-02-12,4.1008,0.027049
2018-02-13,4.1328,0.007803
2018-02-14,4.1957,0.01522
2018-02-22,4.2936,0.023333
2018-02-23,4.2888,-0.001118
2018-02-26,4.3519,0.014713
2018-02-27,4.2768,-0.017257
2018-02-28,4.2366,-0.0094
2018-03-01,4.2814,0.010575
2018-03-02,4.2748,-0.001542
2018-03-05,4.2421,-0.007649
2018-03-06,4.2785,0.008581
2018-03-07,4.2583,-0.004721
2018-03-08,4.3538,0.022427
2018-03-09,4.3823,0.006546
2018-03-12,4.3692,-0.002989
2018-03-13,4.3207,-0.0111
2018-03-14,4.3332,0.002893
2018-03-15,4.3864,0.012277
2018-03-16,4.3486,-0.008618
2018-03-19,4.4042,0.012786
2018-03-20,4.4028,-0.000318
2018-03-21,4.371,-0.007223
2018-03-22,4.3146,-0.012903
2018-03-23,4.2656,-0.011357
2018-03-26,4.2743,0.00204
2018-03-27,4.2624,-0.002784
2018-03-28,4.1329,-0.030382
2018-03-29,4.1712,0.009267
2018-03-30,4.2076,0.008727
2018-04-02,4.2036,-0.000951
2018-04-03,4.2123,0.00207
2018-04-04,4.2425,0.007169
2018-04-09,4.246,0.000825
2018-04-10,4.3077,0.014531
2018-04-11,4.298,-0.002252
2018-04-12,4.2916,-0.001489
2018-04-13,4.2274,-0.014959
2018-04-16,4.1992,-0.006671
2018-04-17,4.1177,-0.019408
2018-04-18,4.0934,-0.005901
2018-04-19,4.1871,0.022891
2018-04-20,4.1786,-0.00203
2018-04-23,4.1809,0.00055
2018-04-24,4.2673,0.020665
2018-04-25,4.2953,0.006562
2018-04-26,4.1835,-0.026028
2018-04-27,4.2089,0.006071
2018-05-02,4.2751,0.015729
2018-05-03,4.2995,0.005707
2018-05-04,4.3041,0.00107
2018-05-07,4.3918,0.020376
2018-05-08,4.4088,0.003871
2018-05-09,4.4269,0.004105
2018-05-10,4.5163,0.020195
2018-05-11,4.4566,-0.013219
2018-05-14,4.5296,0.01638
2018-05-15,4.5598,0.006667
2018-05-16,4.5704,0.002325
2018-05-17,4.4925,-0.017044
2018-05-18,4.5416,0.010929
2018-05-21,4.5434,0.000396
2018-05-22,4.5866,0.009508
2018-05-23,4.5292,-0.012515
2018-05-24,4.515,-0.003135
2018-05-25,4.5509,0.007951
2018-05-28,4.6266,0.016634
2018-05-29,4.5509,-0.016362
2018-05-30,4.5301,-0.004571
2018-05-31,4.6616,0.029028
2018-06-01,4.6042,-0.012313
2018-06-04,4.6994,0.020677
2018-06-05,4.7532,0.011448
2018-06-06,4.7656,0.002609
2018-06-07,4.7173,-0.010135
2018-06-08,4.711,-0.001336
2018-06-11,4.6858,-0.005349
2018-06-12,4.7938,0.023048
2018-06-13,4.7605,-0.006946
2018-06-14,4.716,-0.009348
2018-06-15,4.7019,-0.00299
2018-06-19,4.6122,-0.019077
2018-06-20,4.6617,0.010732
2018-06-21,4.6399,-0.004676
2018-06-22,4.6458,0.001272
2018-06-25,4.6723,0.005704
2018-06-26,4.6128,-0.012735
2018-06-27,4.4746,-0.02996
2018-06-28,4.3787,-0.021432
2018-06-29,4.4911,0.02567
2018-06-30,4.4909,-4.5e-05
2018-07-02,4.4123,-0.017502
2018-07-03,4.341,-0.016159
2018-07-04,4.323,-0.004147
2018-07-05,4.3116,-0.002637
2018-07-06,4.3303,0.004337
2018-07-09,4.4642,0.030922
2018-07-10,4.4825,0.004099
2018-07-11,4.4314,-0.0114
2018-07-12,4.5071,0.017083
2018-07-13,4.5657,0.013002
2018-07-16,4.5788,0.002869
2018-07-17,4.5241,-0.011946
2018-07-18,4.5003,-0.005261
2018-07-19,4.4757,-0.005466
2018-07-20,4.5071,0.007016
2018-07-23,4.4521,-0.012203
2018-07-24,4.5164,0.014443
2018-07-25,4.566,0.010982
2018-07-26,4.5217,-0.009702
2018-07-27,4.494,-0.006126
2018-07-30,4.4457,-0.010748
2018-07-31,4.4466,0.000202
2018-08-01,4.3777,-0.015495
2018-08-02,4.314,-0.014551
2018-08-03,4.1947,-0.027654
2018-08-06,4.1046,-0.021479
2018-08-07,4.1943,0.021854
2018-08-08,4.1066,-0.020909
2018-08-09,4.2318,0.030488
2018-08-10,4.2684,0.008649
2018-08-13,4.2637,-0.001101
2018-08-14,4.2381,-0.006004
2018-08-15,4.1328,-0.024846
2018-08-16,4.0749,-0.01401
2018-08-17,4.0063,-0.016835
2018-08-20,4.0056,-0.000175
2018-08-21,4.1409,0.033778
2018-08-22,4.1016,-0.009491
2018-08-23,4.0991,-0.00061
2018-08-24,4.0898,-0.002269
2018-08-27,4.2404,0.036823
2018-08-28,4.198,-0.009999
2018-08-29,4.1673,-0.007313
2018-08-30,4.1394,-0.006695
2018-08-31,4.0665,-0.017611
2018-09-03,4.0662,-7.4e-05
2018-09-04,4.0819,0.003861
2018-09-05,4.011,-0.017369
2018-09-06,3.9556,-0.013812
2018-09-07,3.9827,0.006851
2018-09-10,3.9585,-0.006076
2018-09-11,3.9758,0.00437
2018-09-12,3.9246,-0.012878
2018-09-13,3.9245,-2.5e-05
2018-09-14,3.9599,0.00902
2018-09-17,3.9312,-0.007248
2018-09-18,3.9969,0.016712
2018-09-19,4.0919,0.023768
2018-09-20,4.0983,0.001564
2018-09-21,4.1999,0.024791
2018-09-25,4.1639,-0.008572
2018-09-26,4.2357,0.017243
2018-09-27,4.2579,0.005241
2018-09-28,4.2824,0.005754
2018-10-08,4.0937,-0.044064
2018-10-09,4.0887,-0.001221
2018-10-10,4.0156,-0.017879
2018-10-11,3.8925,-0.030655
2018-10-12,3.9719,0.020398
2018-10-15,3.8997,-0.018178
2018-10-16,3.8802,-0.005
2018-10-17,3.8745,-0.001469
2018-10-18,3.792,-0.021293
2018-10-19,3.9006,0.028639
2018-10-22,4.0604,0.040968
2018-10-23,3.9067,-0.037853
2018-10-24,3.8295,-0.019761
2018-10-25,3.7549,-0.01948
2018-10-26,3.7114,-0.011585
2018-10-29,3.5089,-0.054562
2018-10-30,3.5037,-0.001482
2018-10-31,3.6028,0.028284
2018-11-01,3.658,0.015321
2018-11-02,3.8754,0.059431
2018-11-05,3.8072,-0.017598
2018-11-06,3.7698,-0.009823
2018-11-07,3.7487,-0.005597
2018-11-08,3.733,-0.004188
2018-11-09,3.6963,-0.009831
2018-11-12,3.7312,0.009442
2018-11-13,3.7959,0.01734
2018-11-14,3.7584,-0.009879
2018-11-15,3.7837,0.006732
2018-11-16,3.8031,0.005127
2018-11-19,3.8406,0.00986
2018-11-20,3.7668,-0.019216
2018-11-21,3.8073,0.010752
2018-11-22,3.8058,-0.000394
2018-11-23,3.7406,-0.017132
2018-11-26,3.7409,8e-05
2018-11-27,3.7178,-0.006175
2018-11-28,3.7682,0.013556
2018-11-29,3.7317,-0.009686
2018-11-30,3.7971,0.017526
2018-12-03,3.9444,0.038793
2018-12-04,3.9504,0.001521
2018-12-05,3.9502,-5.1e-05
2018-12-06,3.8491,-0.025594
2018-12-07,3.8369,-0.00317
2018-12-10,3.797,-0.010399
2018-12-11,3.8224,0.006689
2018-12-12,3.8382,0.004134
2018-12-13,3.9246,0.022511
2018-12-14,3.8472,-0.019722
2018-12-17,3.8187,-0.007408
2018-12-18,3.7905,-0.007385
2018-12-19,3.7395,-0.013455
2018-12-20,3.7275,-0.003209
2018-12-21,3.6673,-0.01615
2018-12-24,3.6981,0.008399
2018-12-25,3.693,-0.001379
2018-12-26,3.6779,-0.004089
2018-12-27,3.6706,-0.001985
2018-12-28,3.6901,0.005312
2018-12-31,3.6897,-0.000108
2019-01-02,3.6184,-0.019324
2019-01-03,3.5699,-0.013404
2019-01-04,3.6276,0.016163
2019-01-07,3.6417,0.003887
2019-01-08,3.6464,0.001291
2019-01-09,3.7029,0.015495
2019-01-10,3.6864,-0.004456
2019-01-11,3.7087,0.006049
2019-01-14,3.6527,-0.0151
2019-01-15,3.7808,0.03507
2019-01-16,3.7773,-0.000926
2019-01-17,3.7721,-0.001377
2019-01-18,3.8566,0.022401
2019-01-21,3.8955,0.010087
2019-01-22,3.8324,-0.016198
2019-01-23,3.8182,-0.003705
2019-01-24,3.839,0.005448
2019-01-25,3.8749,0.009351
2019-01-28,3.9008,0.006684
2019-01-29,3.9123,0.002948
2019-01-30,3.8597,-0.013445
2019-01-31,3.9123,0.013628
2019-02-01,3.9763,0.016359
2019-02-11,4.0967,0.030279
2019-02-12,4.116,0.004711
2019-02-13,4.169,0.012877
2019-02-14,4.2157,0.011202
2019-02-15,4.1325,-0.019736
2019-02-18,4.2385,0.02565
2019-02-19,4.2204,-0.00427
2019-02-20,4.2307,0.002441
2019-02-21,4.2244,-0.001489
2019-02-22,4.262,0.008901
2019-02-25,4.3901,0.030056
2019-02-26,4.3299,-0.013713
2019-02-27,4.3243,-0.001293
2019-02-28,4.3617,0.008649
2019-03-01,4.4804,0.027214
2019-03-04,4.5156,0.007856
2019-03-05,4.5079,-0.001705
2019-03-06,4.4816,-0.005834
2019-03-07,4.3819,-0.022247
2019-03-08,4.294,-0.02006
2019-03-11,4.4107,0.027177
2019-03-12,4.3957,-0.003401
2019-03-13,4.4,0.000978
2019-03-14,4.4248,0.005636
2019-03-15,4.5086,0.018939
2019-03-18,4.6918,0.040633
2019-03-19,4.655,-0.007843
2019-03-20,4.6547,-6.4e-05
2019-03-21,4.6234,-0.006724
2019-03-22,4.6526,0.006316
2019-03-25,4.5371,-0.024825
2019-03-26,4.5402,0.000683
2019-03-27,4.6341,0.020682
2019-03-28,4.6845,0.010876
2019-03-29,4.8498,0.035287
2019-04-01,4.9265,0.015815
2019-04-02,4.8873,-0.007957
2019-04-03,4.8872,-2e-05
2019-04-04,4.9498,0.012809
2019-04-08,4.9596,0.00198
2019-04-09,5.0425,0.016715
2019-04-10,5.1024,0.011879
2019-04-11,4.9415,-0.031534
2019-04-12,4.921,-0.004149
2019-04-15,4.8815,-0.008027
2019-04-16,4.9717,0.018478
2019-04-17,4.9893,0.00354
2019-04-18,4.9827,-0.001323
2019-04-19,5.0434,0.012182
2019-04-22,4.9983,-0.008942
2019-04-23,5.0508,0.010504
2019-04-24,5.0265,-0.004811
2019-04-25,4.9531,-0.014603
2019-04-26,4.9318,-0.0043
2019-04-29,5.0159,0.017053
2019-04-30,5.0403,0.004865
2019-05-06,4.7775,-0.05214
2019-05-07,4.8874,0.023004
2019-05-08,4.831,-0.01154
2019-05-09,4.6981,-0.02751
2019-05-10,4.9068,0.044422
2019-05-13,4.8639,-0.008743
2019-05-14,4.8238,-0.008244
2019-05-15,5.0074,0.038061
2019-05-16,5.0627,0.011044
2019-05-17,4.9514,-0.021984
2019-05-20,4.884,-0.013612
2019-05-21,4.935,0.010442
2019-05-22,4.9049,-0.006099
2019-05-23,4.8145,-0.018431
2019-05-24,4.8299,0.003199
2019-05-27,4.8482,0.003789
2019-05-28,4.9015,0.010994
2019-05-29,4.8845,-0.003468
2019-05-30,4.8609,-0.004832
2019-05-31,4.8433,-0.003621
2019-06-03,4.8489,0.001156
2019-06-04,4.7697,-0.016334
2019-06-05,4.7389,-0.006457
2019-06-06,4.7011,-0.007977
2019-06-10,4.8001,0.021059
2019-06-11,4.9674,0.034853
2019-06-12,4.9342,-0.006684
2019-06-13,4.9156,-0.00377
2019-06-14,4.904,-0.00236
2019-06-17,4.888,-0.003263
2019-06-18,4.9269,0.007958
2019-06-19,4.9927,0.013355
2019-06-20,5.1474,0.030985
2019-06-21,5.1548,0.001438
2019-06-24,5.2102,0.010747
2019-06-25,5.2092,-0.000192
2019-06-26,5.215,0.001113
2019-06-27,5.3196,0.020058
2019-06-28,5.3586,0.007331
2019-06-30,5.3582,-7.5e-05
2019-07-01,5.5512,0.03602
2019-07-02,5.5633,0.00218
2019-07-03,5.4511,-0.020168
2019-07-04,5.3642,-0.015942
2019-07-05,5.4907,0.023582
2019-07-08,5.4004,-0.016446
2019-07-09,5.3996,-0.000148
2019-07-10,5.4136,0.002593
2019-07-11,5.3908,-0.004212
2019-07-12,5.4622,0.013245
2019-07-15,5.4289,-0.006096
2019-07-16,5.3595,-0.012783
2019-07-17,5.3431,-0.00306
2019-07-18,5.2842,-0.011024
2019-07-19,5.3266,0.008024
2019-07-22,5.3245,-0.000394
2019-07-23,5.286,-0.007231
2019-07-24,5.3038,0.003367
2019-07-25,5.3323,0.005374
2019-07-26,5.3565,0.004538
2019-07-29,5.371,0.002707
2019-07-30,5.3545,-0.003072
2019-07-31,5.2971,-0.01072
2019-08-01,5.2559,-0.007778
2019-08-02,5.2095,-0.008828
2019-08-05,5.1193,-0.017315
2019-08-06,5.125,0.001113
2019-08-07,5.1336,0.001678
2019-08-08,5.2082,0.014532
2019-08-09,5.1675,-0.007815
2019-08-12,5.2969,0.025041
2019-08-13,5.2881,-0.001661
2019-08-14,5.3579,0.013199
2019-08-15,5.3523,-0.001045
2019-08-16,5.4204,0.012724
2019-08-19,5.4607,0.007435
2019-08-20,5.4634,0.000494
2019-08-21,5.4351,-0.00518
2019-08-22,5.5185,0.015345
2019-08-23,5.5836,0.011797
2019-08-26,5.5192,-0.011534
2019-08-27,5.6161,0.017557
2019-08-28,5.5948,-0.003793
2019-08-29,5.6071,0.002198
2019-08-30,5.6962,0.015891
2019-09-02,5.7353,0.006864
2019-09-03,5.6929,-0.007393
2019-09-04,5.6605,-0.005691
2019-09-05,5.6824,0.003869
2019-09-06,5.7025,0.003537
2019-09-09,5.6987,-0.000666
2019-09-10,5.6824,-0.00286
2019-09-11,5.5354,-0.025869
2019-09-12,5.5886,0.009611
2019-09-16,5.559,-0.005296
2019-09-17,5.5354,-0.004245
2019-09-18,5.663,0.023052
2019-09-19,5.6567,-0.001112
2019-09-20,5.6847,0.00495
2019-09-23,5.6237,-0.010731
2019-09-24,5.7021,0.013941
2019-09-25,5.6822,-0.00349
2019-09-26,5.6594,-0.004013
2019-09-27,5.6547,-0.00083
2019-09-30,5.6193,-0.00626
2019-10-08,5.673,0.009556
2019-10-09,5.6413,-0.005588
2019-10-10,5.7228,0.014447
2019-10-11,5.7438,0.00367
2019-10-14,5.7347,-0.001584
2019-10-15,5.7819,0.008231
2019-10-16,5.7539,-0.004843
2019-10-17,5.7625,0.001495
2019-10-18,5.7044,-0.010082
2019-10-21,5.6769,-0.004821
2019-10-22,5.6927,0.002783
2019-10-23,5.64,-0.009257
2019-10-24,5.574,-0.011702
2019-10-25,5.6446,0.012666
2019-10-28,5.6953,0.008982
2019-10-29,5.6748,-0.003599
2019-10-30,5.6723,-0.000441
2019-10-31,5.7117,0.006946
2019-11-01,5.8248,0.019801
2019-11-04,5.8567,0.005477
2019-11-05,5.8831,0.004508
2019-11-06,5.8446,-0.006544
2019-11-07,5.8722,0.004722
2019-11-08,5.8675,-0.0008
2019-11-11,5.8048,-0.010686
2019-11-12,5.8379,0.005702
2019-11-13,5.8977,0.010243
2019-11-14,5.9234,0.004358
2019-11-15,5.8822,-0.006955
2019-11-18,5.8884,0.001054
2019-11-19,5.9553,0.011361
2019-11-20,5.9437,-0.001948
2019-11-21,5.9018,-0.007049
2019-11-22,5.7645,-0.023264
2019-11-25,5.741,-0.004077
2019-11-26,5.7765,0.006184
2019-11-27,5.7478,-0.004968
2019-11-28,5.7371,-0.001862
2019-11-29,5.6359,-0.01764
2019-12-02,5.6241,-0.002094
2019-12-03,5.6145,-0.001707
2019-12-04,5.638,0.004186
2019-12-05,5.6573,0.003423
2019-12-06,5.7205,0.011171
2019-12-09,5.6767,-0.007657
2019-12-10,5.6921,0.002713
2019-12-11,5.6874,-0.000826
2019-12-12,5.6669,-0.003604
2019-12-13,5.7631,0.016976
2019-12-16,5.7519,-0.001943
2019-12-17,5.7823,0.005285
2019-12-18,5.758,-0.004202
2019-12-19,5.7349,-0.004012
2019-12-20,5.7261,-0.001534
2019-12-23,5.7042,-0.003825
2019-12-24,5.7213,0.002998
2019-12-25,5.6894,-0.005576
2019-12-26,5.7452,0.009808
2019-12-27,5.7383,-0.001201
2019-12-30,5.8014,0.010996
2019-12-31,5.8507,0.008498
2020-01-02,5.8248,-0.004427
2020-01-03,5.7667,-0.009975
2020-01-06,5.6773,-0.015503
2020-01-07,5.7172,0.007028
2020-01-08,5.7034,-0.002414
2020-01-09,5.7949,0.016043
2020-01-10,5.8585,0.010975
2020-01-13,5.9268,0.011658
2020-01-14,5.8883,-0.006496
2020-01-15,5.8917,0.000577
2020-01-16,5.9081,0.002784
2020-01-17,5.9097,0.000271
2020-01-20,5.9162,0.0011
2020-01-21,5.8816,-0.005848
2020-01-22,5.865,-0.002822
2020-01-23,5.7304,-0.02295
2020-02-03,5.4202,-0.054132
2020-02-04,5.4748,0.010073
2020-02-05,5.6041,0.023617
2020-02-06,5.728,0.022109
2020-02-07,5.714,-0.002444
2020-02-10,5.751,0.006475
2020-02-11,5.8181,0.011668
2020-02-12,5.8344,0.002802
2020-02-13,5.807,-0.004696
2020-02-14,5.8522,0.007784
2020-02-17,5.8651,0.002204
2020-02-18,5.8135,-0.008798
2020-02-19,5.8031,-0.001789
2020-02-20,5.9309,0.022023
2020-02-21,5.9308,-1.7e-05
2020-02-24,5.8798,-0.008599
2020-02-25,5.8722,-0.001293
2020-02-26,5.7905,-0.013913
2020-02-27,5.8292,0.006683
2020-02-28,5.6886,-0.02412
2020-03-02,5.8084,0.02106
2020-03-03,5.8776,0.011914
2020-03-04,5.911,0.005683
2020-03-05,6.0739,0.027559
2020-03-06,5.987,-0.014307
2020-03-09,5.8377,-0.024937
2020-03-10,5.9189,0.01391
2020-03-11,5.8776,-0.006978
2020-03-12,5.765,-0.019157
2020-03-13,5.6906,-0.012905
2020-03-16,5.4944,-0.034478
2020-03-17,5.489,-0.000983
2020-03-18,5.4067,-0.014994
2020-03-19,5.2577,-0.027558
2020-03-20,5.3971,0.026513
2020-03-23,5.2649,-0.024495
2020-03-24,5.4246,0.030333
2020-03-25,5.5852,0.029606
2020-03-26,5.5931,0.001414
2020-03-27,5.5991,0.001073
2020-03-30,5.4919,-0.019146
2020-03-31,5.6177,0.022906
2020-04-01,5.6198,0.000374
2020-04-02,5.6689,0.008737
2020-04-03,5.6788,0.001746
2020-04-07,5.7778,0.017433
2020-04-08,5.7491,-0.004967
2020-04-09,5.7993,0.008732
2020-04-10,5.8132,0.002397
2020-04-13,5.7922,-0.003612
2020-04-14,5.8508,0.010117
2020-04-15,5.8282,-0.003863
2020-04-16,5.8175,-0.001836
2020-04-17,5.8465,0.004985
2020-04-20,5.8613,0.002531
2020-04-21,5.7675,-0.016003
2020-04-22,5.8661,0.017096
2020-04-23,5.9242,0.009904
2020-04-24,5.9143,-0.001671
2020-04-27,5.9267,0.002097
2020-04-28,6.0648,0.023301
2020-04-29,6.0088,-0.009234
2020-04-30,5.9983,-0.001747
2020-05-06,6.0191,0.003468
2020-05-07,6.0606,0.006895
2020-05-08,6.0841,0.003878
2020-05-11,6.057,-0.004454
2020-05-12,6.103,0.007595
2020-05-13,6.2105,0.017614
2020-05-14,6.1813,-0.004702
2020-05-15,6.1243,-0.009221
2020-05-18,6.2605,0.022239
2020-05-19,6.3474,0.013881
2020-05-20,6.3003,-0.00742
2020-05-21,6.3227,0.003555
2020-05-22,6.1757,-0.02325
2020-05-25,6.2493,0.011918
2020-05-26,6.3272,0.012465
2020-05-27,6.2919,-0.005579
2020-05-28,6.2755,-0.002607
2020-05-29,6.389,0.018086
2020-06-01,6.5264,0.021506
2020-06-02,6.4503,-0.01166
2020-06-03,6.4523,0.00031
2020-06-04,6.5237,0.011066
2020-06-05,6.5987,0.011497
2020-06-08,6.5804,-0.002773
2020-06-09,6.6448,0.009787
2020-06-10,6.6907,0.006908
2020-06-11,6.6286,-0.009282
2020-06-12,6.6662,0.005672
2020-06-15,6.5543,-0.016786
2020-06-16,6.636,0.012465
2020-06-17,6.6687,0.004928
2020-06-18,6.6642,-0.000675
2020-06-19,6.8042,0.021008
2020-06-22,6.7718,-0.004762
2020-06-23,6.911,0.020556
2020-06-24,6.8774,-0.004862
2020-06-29,6.8934,0.002326
2020-06-30,6.9504,0.008269
2020-07-01,7.0743,0.017826
2020-07-02,7.206,0.018617
2020-07-03,7.2269,0.0029
2020-07-06,7.3212,0.013048
2020-07-07,7.456,0.018412
2020-07-08,7.4385,-0.002347
2020-07-09,7.5952,0.021066
2020-07-10,7.6473,0.00686
2020-07-13,7.8683,0.028899
2020-07-14,7.8604,-0.001004
2020-07-15,7.9635,0.013116
2020-07-16,7.438,-0.065989
2020-07-17,7.4665,0.003832
2020-07-20,7.4403,-0.003509
2020-07-21,7.5915,0.020322
2020-07-22,7.7323,0.018547
2020-07-23,7.8284,0.012428
2020-07-24,7.5189,-0.039536
2020-07-27,7.6486,0.01725
2020-07-28,7.726,0.010119
2020-07-29,7.8308,0.013565
2020-07-30,7.866,0.004495
2020-07-31,7.8841,0.002301
2020-08-03,7.9628,0.009982
2020-08-04,7.9747,0.001494
2020-08-05,8.0303,0.006972
2020-08-06,7.8998,-0.016251
2020-08-07,7.7878,-0.014178
2020-08-10,7.7849,-0.000372
2020-08-11,7.8317,0.006012
2020-08-12,7.729,-0.013113
2020-08-13,7.723,-0.000776
2020-08-14,7.876,0.019811
2020-08-17,8.0038,0.016227
2020-08-18,8.0396,0.004473
2020-08-19,8.002,-0.004677
2020-08-20,7.8895,-0.014059
2020-08-21,7.9867,0.01232
2020-08-24,8.0919,0.013172
2020-08-25,8.2429,0.018661
2020-08-26,8.2594,0.002002
2020-08-27,8.3404,0.009807
2020-08-28,8.5115,0.020515
2020-08-31,8.5078,-0.000435
2020-09-01,8.4958,-0.00141
2020-09-02,8.485,-0.001271
2020-09-03,8.5421,0.00673
2020-09-04,8.4209,-0.014189
2020-09-07,8.2539,-0.019832
2020-09-08,8.1209,-0.016114
2020-09-09,7.9524,-0.020749
2020-09-10,8.018,0.008249
2020-09-11,8.1344,0.014517
2020-09-14,8.1958,0.007548
2020-09-15,8.2287,0.004014
2020-09-16,8.133,-0.01163
2020-09-17,8.0271,-0.013021
2020-09-18,8.1027,0.009418
2020-09-21,8.02,-0.010206
2020-09-22,7.9551,-0.008092
2020-09-23,7.9968,0.005242
2020-09-24,7.9034,-0.01168
2020-09-25,7.9475,0.00558
2020-09-28,7.9667,0.002416
2020-09-29,7.9828,0.002021
2020-09-30,8.0558,0.009145
2020-10-09,8.1879,0.016398
2020-10-12,8.4703,0.03449
2020-10-13,8.5697,0.011735
2020-10-14,8.5195,-0.005858
2020-10-15,8.4892,-0.003557
2020-10-16,8.4327,-0.006656
2020-10-19,8.3386,-0.011159
2020-10-20,8.5286,0.022786
2020-10-21,8.5468,0.002134
2020-10-22,8.6025,0.006517
2020-10-23,8.4431,-0.018529
2020-10-26,8.4989,0.006609
2020-10-27,8.5274,0.003353
2020-10-28,8.6449,0.013779
2020-10-29,8.8029,0.018277
2020-10-30,8.6591,-0.016336
2020-11-02,8.6923,0.003834
2020-11-03,8.7441,0.005959
2020-11-04,8.8081,0.007319
2020-11-05,8.8524,0.005029
2020-11-06,8.805,-0.005354
2020-11-09,8.9681,0.018524
2020-11-10,9.0426,0.008307
2020-11-11,8.9557,-0.00961
2020-11-12,9.0451,0.009982
2020-11-13,8.932,-0.012504
2020-11-16,9.097,0.018473
2020-11-17,8.9517,-0.015972
2020-11-18,8.8613,-0.010099
2020-11-19,8.9108,0.005586
2020-11-20,8.9936,0.009292
2020-11-23,8.9965,0.000322
2020-11-24,9.0343,0.004202
2020-11-25,8.8353,-0.022027
2020-11-26,8.8507,0.001743
2020-11-27,8.9077,0.00644
2020-11-30,8.8042,-0.011619
2020-12-01,8.958,0.017469
2020-12-02,8.9281,-0.003338
2020-12-03,9.0444,0.013026
2020-12-04,9.248,0.022511
2020-12-07,9.2517,0.0004
2020-12-08,9.2683,0.001794
2020-12-09,9.225,-0.004672
2020-12-10,9.27,0.004878
2020-12-11,9.2332,-0.00397
2020-12-14,9.3971,0.017751
2020-12-15,9.3815,-0.00166
2020-12-16,9.4356,0.005767
2020-12-17,9.5845,0.015781
2020-12-18,9.5251,-0.006198
2020-12-21,9.5969,0.007538
2020-12-22,9.5978,9.4e-05
2020-12-23,9.5743,-0.002448
2020-12-24,9.4972,-0.008053
2020-12-25,9.5519,0.00576
2020-12-28,9.7165,0.017232
2020-12-29,9.6921,-0.002511
2020-12-30,9.8339,0.01463
2020-12-31,10.0348,0.020429
2021-01-04,10.1528,0.011759
2021-01-05,10.4994,0.034138
2021-01-06,10.6044,0.010001
2021-01-07,10.7003,0.009043
2021-01-08,10.6089,-0.008542
2021-01-11,10.4544,-0.014563
2021-01-12,10.6848,0.022039
2021-01-13,10.5707,-0.010679
2021-01-14,10.4408,-0.012289
2021-01-15,10.3716,-0.006628
2021-01-18,10.3975,0.002497
2021-01-19,10.2608,-0.013147
2021-01-20,10.2916,0.003002
2021-01-21,10.4637,0.016722
2021-01-22,10.5596,0.009165
2021-01-25,10.7892,0.021743
2021-01-26,10.6618,-0.011808
2021-01-27,10.629,-0.003076
2021-01-28,10.4083,-0.020764
2021-01-29,10.4487,0.003882
2021-02-01,10.5753,0.012116
2021-02-02,10.7489,0.016416
2021-02-03,10.8012,0.004866
2021-02-04,10.8486,0.004388
2021-02-05,11.0026,0.014195
2021-02-08,11.1011,0.008952
2021-02-09,11.3457,0.022034
2021-02-10,11.6289,0.024961
2021-02-18,11.2855,-0.02953
2021-02-19,11.3176,0.002844
2021-02-22,10.8551,-0.040866
2021-02-23,10.815,-0.003694
2021-02-24,10.3682,-0.041313
2021-02-25,10.2577,-0.010658
2021-02-26,9.9825,-0.026829
2021-03-01,10.0687,0.008635
2021-03-02,9.9296,-0.013815
2021-03-03,10.1124,0.01841
2021-03-04,9.8229,-0.028628
2021-03-05,9.8484,0.002596
2021-03-08,9.4197,-0.04353
2021-03-09,9.1681,-0.02671
2021-03-10,9.2813,0.012347
2021-03-11,9.5587,0.029888
2021-03-12,9.5477,-0.001151
2021-03-15,9.3356,-0.022215
2021-03-16,9.4645,0.013807
2021-03-17,9.5198,0.005843
2021-03-18,9.6578,0.014496
2021-03-19,9.4561,-0.020885
2021-03-22,9.5032,0.004981
2021-03-23,9.4913,-0.001252
2021-03-24,9.3924,-0.01042
2021-03-25,9.4018,0.001001
2021-03-26,9.6546,0.026888
2021-03-29,9.6929,0.003967
2021-03-30,9.7402,0.00488
2021-03-31,9.6745,-0.006745
2021-04-01,9.83,0.016073
2021-04-02,9.9897,0.016246
2021-04-06,9.8969,-0.00929
2021-04-07,9.7167,-0.018208
2021-04-08,9.7609,0.004549
2021-04-09,9.6108,-0.015378
2021-04-12,9.4836,-0.013235
2021-04-13,9.5785,0.010007
2021-04-14,9.6637,0.008895
2021-04-15,9.6449,-0.001945
2021-04-16,9.6651,0.002094
2021-04-19,9.8011,0.014071
2021-04-20,9.8276,0.002704
2021-04-21,9.8831,0.005647
2021-04-22,9.8566,-0.002681
2021-04-23,9.9264,0.007082
2021-04-26,9.8469,-0.008009
2021-04-27,9.9724,0.012745
2021-04-28,10.0193,0.004703
2021-04-29,9.9674,-0.00518
2021-04-30,9.9208,-0.004675
2021-05-06,9.7387,-0.018355
2021-05-07,9.597,-0.01455
2021-05-10,9.5634,-0.003501
2021-05-11,9.7035,0.01465
2021-05-12,9.7909,0.009007
2021-05-13,9.8074,0.001685
2021-05-14,9.9398,0.0135
2021-05-17,10.0671,0.012807
2021-05-18,10.0787,0.001152
2021-05-19,10.0293,-0.004901
2021-05-20,10.0739,0.004447
2021-05-21,10.0143,-0.005916
2021-05-24,10.1557,0.01412
2021-05-25,10.3803,0.022116
2021-05-26,10.3167,-0.006127
2021-05-27,10.4018,0.008249
2021-05-28,10.2573,-0.013892
2021-05-31,10.2058,-0.005021
2021-06-01,10.2261,0.001989
2021-06-02,10.0674,-0.015519
2021-06-03,10.0522,-0.00151
2021-06-04,10.0636,0.001134
2021-06-07,10.0818,0.001808
2021-06-08,9.951,-0.012974
2021-06-09,9.961,0.001005
2021-06-10,9.9749,0.001395
2021-06-11,9.8863,-0.008882
2021-06-15,9.8427,-0.00441
2021-06-16,9.7732,-0.007061
2021-06-17,9.7712,-0.000205
2021-06-18,9.7297,-0.004247
2021-06-21,9.7627,0.003392
2021-06-22,9.814,0.005255
2021-06-23,9.7487,-0.006654
2021-06-24,9.7388,-0.001016
2021-06-25,9.8545,0.01188
2021-06-28,9.882,0.002791
2021-06-29,9.8493,-0.003309
2021-06-30,9.8723,0.002335
2021-07-01,9.9021,0.003019
2021-07-02,9.7652,-0.013825
2021-07-05,9.7526,-0.00129
2021-07-06,9.6697,-0.0085
2021-07-07,9.6904,0.002141
2021-07-08,9.5863,-0.010743
2021-07-09,9.5834,-0.000303
2021-07-12,9.6811,0.010195
2021-07-13,9.6931,0.00124
2021-07-14,9.7114,0.001888
2021-07-15,9.7051,-0.000649
2021-07-16,9.63,-0.007738
2021-07-19,9.6348,0.000498
2021-07-20,9.691,0.005833
2021-07-21,9.688,-0.00031
2021-07-22,9.6256,-0.006441
2021-07-23,9.5182,-0.011158
2021-07-26,9.3209,-0.020729
2021-07-27,9.1199,-0.021564
2021-07-28,9.1485,0.003136
2021-07-29,9.1559,0.000809
2021-07-30,9.114,-0.004576
2021-08-02,9.2508,0.01501
2021-08-03,9.2872,0.003935
2021-08-04,9.2529,-0.003693
2021-08-05,9.2151,-0.004085
2021-08-06,9.1331,-0.008898
2021-08-09,9.303,0.018603
2021-08-10,9.4113,0.011641
2021-08-11,9.3834,-0.002965
2021-08-12,9.2911,-0.009837
2021-08-13,9.2939,0.000301
2021-08-16,9.2964,0.000269
2021-08-17,9.1599,-0.014683
2021-08-18,9.1914,0.003439
2021-08-19,9.1591,-0.003514
2021-08-20,9.03,-0.014095
2021-08-23,9.0839,0.005969
2021-08-24,9.1357,0.005702
2021-08-25,9.1605,0.002715
2021-08-26,9.0287,-0.014388
2021-08-27,8.9627,-0.00731
2021-08-30,8.9002,-0.006973
2021-08-31,8.8836,-0.001865
2021-09-01,9.0293,0.016401
2021-09-02,8.9995,-0.0033
2021-09-03,9.0737,0.008245
2021-09-06,9.1693,0.010536
2021-09-07,9.1938,0.002672
2021-09-08,9.2151,0.002317
2021-09-09,9.1789,-0.003928
2021-09-10,9.1501,-0.003138
2021-09-13,9.1069,-0.004721
2021-09-14,8.9783,-0.014121
2021-09-15,8.8335,-0.016128
2021-09-16,8.8128,-0.002343
2021-09-17,8.9222,0.012414
2021-09-22,8.7411,-0.020298
2021-09-23,8.7561,0.001716
2021-09-24,8.8117,0.00635
2021-09-27,9.018,0.023412
2021-09-28,9.0463,0.003138
2021-09-29,9.0337,-0.001393
2021-09-30,9.0398,0.000675
2021-10-08,9.2307,0.021118
2021-10-11,9.3401,0.011852
2021-10-12,9.2745,-0.007023
2021-10-13,9.3968,0.013187
2021-10-14,9.36,-0.003916
2021-10-15,9.3938,0.003611
2021-10-18,9.1694,-0.023888
2021-10-19,9.2698,0.010949
2021-10-20,9.3114,0.004488
2021-10-21,9.3279,0.001772
2021-10-22,9.4175,0.009606
2021-10-25,9.3731,-0.004715
2021-10-26,9.3577,-0.001643
2021-10-27,9.204,-0.016425
2021-10-28,9.2285,0.002662
2021-10-29,9.2424,0.001506
2021-11-01,9.1769,-0.007087
2021-11-02,9.0682,-0.011845
2021-11-03,9.0166,-0.00569
2021-11-04,9.1797,0.018089
2021-11-05,9.1286,-0.005567
2021-11-08,9.0773,-0.00562
2021-11-09,9.0317,-0.005024
2021-11-10,9.0047,-0.002989
2021-11-11,9.0794,0.008296
2021-11-12,9.0796,2.2e-05
2021-11-15,9.1101,0.003359
2021-11-16,9.2162,0.011646
2021-11-17,9.1656,-0.00549
2021-11-18,9.0744,-0.00995
2021-11-19,9.1583,0.009246
2021-11-22,9.1708,0.001365
2021-11-23,9.0871,-0.009127
2021-11-24,9.1648,0.008551
2021-11-25,9.1765,0.001277
2021-11-26,9.054,-0.013349
2021-11-29,9.0622,0.000906
2021-11-30,8.9375,-0.01376
2021-12-01,8.9756,0.004263
2021-12-02,9.0055,0.003331
2021-12-03,9.083,0.008606
2021-12-06,9.0106,-0.007971
2021-12-07,9.1182,0.011941
2021-12-08,9.2535,0.014838
2021-12-09,9.3572,0.011207
2021-12-10,9.325,-0.003441
2021-12-13,9.353,0.003003
2021-12-14,9.3112,-0.004469
2021-12-15,9.2239,-0.009376
2021-12-16,9.1818,-0.004564
2021-12-17,9.0015,-0.019637
2021-12-20,8.9405,-0.006777
2021-12-21,8.9627,0.002483
2021-12-22,8.9812,0.002064
2021-12-23,9.0357,0.006068
2021-12-24,9.0788,0.00477
2021-12-27,9.0159,-0.006928
2021-12-28,9.0356,0.002185
2021-12-29,8.8186,-0.024016
2021-12-30,8.8719,0.006044
2021-12-31,8.9495,0.008747
2022-01-04,8.883,-0.007431
2022-01-05,8.7677,-0.01298
2022-01-06,8.7177,-0.005703
2022-01-07,8.7768,0.006779
2022-01-10,8.8219,0.005139
2022-01-11,8.7831,-0.004398
2022-01-12,8.955,0.019572
2022-01-13,8.787,-0.01876
2022-01-14,8.7266,-0.006874
2022-01-17,8.7279,0.000149
2022-01-18,8.7692,0.004732
2022-01-19,8.7672,-0.000228
2022-01-20,8.9936,0.025824
2022-01-21,9.035,0.004603
2022-01-24,8.9064,-0.014234
2022-01-25,8.7868,-0.013429
2022-01-26,8.8153,0.003244
2022-01-27,8.6707,-0.016403
2022-01-28,8.5329,-0.015893
2022-02-07,8.6849,0.017813
2022-02-08,8.5827,-0.011768
2022-02-09,8.7917,0.024351
2022-02-10,8.8014,0.001103
2022-02-11,8.7722,-0.003318
2022-02-14,8.731,-0.004697
2022-02-15,8.7362,0.000596
2022-02-16,8.8073,0.008139
2022-02-17,8.7972,-0.001147
2022-02-18,8.735,-0.00707
2022-02-21,8.6602,-0.008563
2022-02-22,8.5166,-0.016582
2022-02-23,8.5617,0.005296
2022-02-24,8.3238,-0.027787
2022-02-25,8.3611,0.004481
2022-02-28,8.3528,-0.000993
2022-03-01,8.4348,0.009817
2022-03-02,8.3667,-0.008074
2022-03-03,8.2715,-0.011378
2022-03-04,8.1055,-0.020069
2022-03-07,7.8335,-0.033557
2022-03-08,7.7656,-0.008668
2022-03-09,7.7554,-0.001313
2022-03-10,7.8668,0.014364
2022-03-11,7.7691,-0.012419
2022-03-14,7.3963,-0.047985
2022-03-15,7.0653,-0.044752
2022-03-16,7.5981,0.075411
2022-03-17,7.8964,0.03926
2022-03-18,7.8566,-0.00504
2022-03-21,7.7738,-0.010539
2022-03-22,7.8836,0.014124
2022-03-23,7.9565,0.009247
2022-03-24,7.8189,-0.017294
2022-03-25,7.6356,-0.023443
2022-03-28,7.6065,-0.003811
2022-03-29,7.6491,0.0056
2022-03-30,7.7868,0.018002
2022-03-31,7.7282,-0.007526
2022-04-01,7.781,0.006832
2022-04-06,7.7866,0.00072
2022-04-07,7.7217,-0.008335
2022-04-08,7.7029,-0.002435
2022-04-11,7.4868,-0.028054
2022-04-12,7.674,0.025004
2022-04-13,7.6778,0.000495
2022-04-14,7.7853,0.014001
2022-04-15,7.7937,0.001079
2022-04-18,7.7348,-0.007557
2022-04-19,7.6218,-0.014609
2022-04-20,7.625,0.00042
2022-04-21,7.5127,-0.014728
2022-04-22,7.5755,0.008359
2022-04-25,7.3286,-0.032592
2022-04-26,7.465,0.018612
2022-04-27,7.5502,0.011413
2022-04-28,7.6774,0.016847
2022-04-29,7.9861,0.040209
2022-05-05,7.8225,-0.020486
2022-05-06,7.5849,-0.030374
2022-05-09,7.5349,-0.006592
2022-05-10,7.5218,-0.001739
2022-05-11,7.5869,0.008655
2022-05-12,7.5157,-0.009385
2022-05-13,7.5946,0.010498
2022-05-16,7.5503,-0.005833
2022-05-17,7.7116,0.021363
2022-05-18,7.6608,-0.006587
2022-05-19,7.5299,-0.017087
2022-05-20,7.7484,0.029018
2022-05-23,7.6386,-0.014171
2022-05-24,7.5146,-0.016233
2022-05-25,7.4854,-0.003886
2022-05-26,7.4765,-0.001189
2022-05-27,7.6127,0.018217
2022-05-30,7.7743,0.021228
2022-05-31,7.9046,0.01676
2022-06-01,7.869,-0.004504
2022-06-02,7.8232,-0.00582
2022-06-06,7.9357,0.01438
2022-06-07,7.9936,0.007296
2022-06-08,8.2099,0.027059
2022-06-09,8.1558,-0.00659
2022-06-10,8.2247,0.008448
2022-06-13,8.0073,-0.026433
2022-06-14,8.0538,0.005807
2022-06-15,8.168,0.01418
2022-06-16,8.0702,-0.011974
2022-06-17,8.1878,0.014572
2022-06-20,8.2168,0.003542
2022-06-21,8.2508,0.004138
2022-06-22,8.1165,-0.016277
2022-06-23,8.1936,0.009499
2022-06-24,8.3399,0.017855
2022-06-27,8.5092,0.0203
2022-06-28,8.5357,0.003114
2022-06-29,8.4378,-0.011469
2022-06-30,8.5278,0.010666
2022-07-01,8.5013,-0.003107
2022-07-04,8.4961,-0.000612
2022-07-05,8.4905,-0.000659
2022-07-06,8.3833,-0.012626
2022-07-07,8.3522,-0.00371
2022-07-08,8.3835,0.003748
2022-07-11,8.2099,-0.020707
2022-07-12,8.1563,-0.006529
2022-07-13,8.1688,0.001533
2022-07-14,8.1619,-0.000845
2022-07-15,8.0841,-0.009532
2022-07-18,8.1329,0.006037
2022-07-19,8.1189,-0.001721
2022-07-20,8.1895,0.008696
2022-07-21,8.1347,-0.006691
2022-07-22,8.1366,0.000234
2022-07-25,8.1258,-0.001327
2022-07-26,8.2099,0.01035
2022-07-27,8.1294,-0.009805
2022-07-28,8.0837,-0.005622
2022-07-29,7.8939,-0.023479
2022-08-01,7.8967,0.000355
2022-08-02,7.7754,-0.015361
2022-08-03,7.8223,0.006032
2022-08-04,7.9543,0.016875
2022-08-05,7.9611,0.000855
2022-08-08,7.8795,-0.01025
2022-08-09,7.8346,-0.005698
2022-08-10,7.7222,-0.014347
2022-08-11,7.8492,0.016446
2022-08-12,7.922,0.009275
2022-08-15,7.8632,-0.007422
2022-08-16,7.8335,-0.003777
2022-08-17,7.8766,0.005502
2022-08-18,7.7951,-0.010347
2022-08-19,7.8084,0.001706
2022-08-22,7.8162,0.000999
2022-08-23,7.7799,-0.004644
2022-08-24,7.727,-0.0068
2022-08-25,7.9495,0.028795
2022-08-26,8.0092,0.00751
2022-08-29,7.9418,-0.008415
2022-08-30,7.9367,-0.000642
2022-08-31,8.0038,0.008454
2022-09-01,7.8833,-0.015055
2022-09-02,7.8209,-0.007915
2022-09-05,7.7199,-0.012914
2022-09-06,7.7149,-0.000648
2022-09-07,7.6536,-0.007946
2022-09-08,7.6292,-0.003188
2022-09-09,7.7571,0.016765
2022-09-13,7.757,-1.3e-05
2022-09-14,7.6672,-0.011577
2022-09-15,7.7273,0.007839
2022-09-16,7.6089,-0.015322
2022-09-19,7.5866,-0.002931
2022-09-20,7.6636,0.010149
2022-09-21,7.5766,-0.011352
2022-09-22,7.4845,-0.012156
2022-09-23,7.4494,-0.00469
2022-09-26,7.542,0.012431
2022-09-27,7.6703,0.017011
2022-09-28,7.5976,-0.009478
2022-09-29,7.59,-0.001
2022-09-30,7.558,-0.004216
2022-10-10,7.3781,-0.023803
2022-10-11,7.3008,-0.010477
2022-10-12,7.2616,-0.005369
2022-10-13,7.1403,-0.016704
2022-10-14,7.2208,0.011274
2022-10-17,7.1844,-0.005041
2022-10-18,7.2312,0.006514
2022-10-19,7.0442,-0.02586
2022-10-20,6.956,-0.012521
2022-10-21,6.9096,-0.006671
2022-10-24,6.5235,-0.055879
2022-10-25,6.5514,0.004277
2022-10-26,6.578,0.00406
2022-10-27,6.5113,-0.01014
2022-10-28,6.3647,-0.022515
2022-10-31,6.3103,-0.008547
2022-11-01,6.6384,0.051994
2022-11-02,6.7632,0.0188
2022-11-03,6.6299,-0.01971
2022-11-04,6.9317,0.045521
2022-11-07,6.9764,0.006449
2022-11-08,6.916,-0.008658
2022-11-09,6.8301,-0.01242
2022-11-10,6.8023,-0.00407
2022-11-11,7.1497,0.051071
2022-11-14,7.1848,0.004909
2022-11-15,7.3882,0.02831
2022-11-16,7.3673,-0.002829
2022-11-17,7.321,-0.006285
2022-11-18,7.36,0.005327
2022-11-21,7.2099,-0.020394
2022-11-22,7.1613,-0.006741
2022-11-23,7.1628,0.000209
2022-11-24,7.1277,-0.0049
2022-11-25,7.1017,-0.003648
2022-11-28,7.0501,-0.007266
2022-11-29,7.3923,0.048538
2022-11-30,7.4475,0.007467
2022-12-01,7.5385,0.012219
2022-12-02,7.5193,-0.002547
2022-12-05,7.7601,0.032024
2022-12-06,7.7637,0.000464
2022-12-07,7.6592,-0.01346
2022-12-08,7.7811,0.015916
2022-12-09,7.9565,0.022542
2022-12-12,7.8151,-0.017772
2022-12-13,7.8651,0.006398
2022-12-14,7.9556,0.011507
2022-12-15,7.8648,-0.011413
2022-12-16,7.9176,0.006713
2022-12-19,7.8741,-0.005494
2022-12-20,7.7042,-0.021577
2022-12-21,7.7427,0.004997
2022-12-22,7.9189,0.022757
2022-12-23,7.9149,-0.000505
2022-12-26,7.8633,-0.006519
2022-12-27,7.9038,0.005151
2022-12-28,7.9519,0.006086
2022-12-29,7.9076,-0.005571
2022-12-30,7.9174,0.001239
2022-12-31,7.9171,-3.8e-05
2023-01-03,7.9373,0.002551
2023-01-04,8.0639,0.01595
2023-01-05,8.2417,0.022049
2023-01-06,8.2393,-0.000291
2023-01-09,8.3704,0.015912
2023-01-10,8.3463,-0.002879
2023-01-11,8.3528,0.000779
2023-01-12,8.3212,-0.003783
2023-01-13,8.4413,0.014433
2023-01-16,8.4935,0.006184
2023-01-17,8.4545,-0.004592
2023-01-18,8.4408,-0.00162
2023-01-19,8.4433,0.000296
2023-01-20,8.5371,0.011109
2023-01-30,8.5579,0.002436
2023-01-31,8.3958,-0.018942
2023-02-01,8.4517,0.006658
2023-02-02,8.4035,-0.005703
2023-02-03,8.3371,-0.007901
2023-02-06,8.1823,-0.018568
2023-02-07,8.2153,0.004033
2023-02-08,8.1779,-0.004552
2023-02-09,8.317,0.017009
2023-02-10,8.2243,-0.011146
2023-02-13,8.3451,0.014688
2023-02-14,8.2619,-0.00997
2023-02-15,8.2104,-0.006233
2023-02-16,8.2693,0.007174
2023-02-17,8.2006,-0.008308
2023-02-20,8.2984,0.011926
2023-02-21,8.1501,-0.017871
2023-02-22,8.0708,-0.00973
2023-02-23,8.0852,0.001784
2023-02-24,7.9419,-0.017724
2023-02-27,7.9898,0.006031
2023-02-28,7.9399,-0.006245
2023-03-01,8.147,0.026083
2023-03-02,8.0712,-0.009304
2023-03-03,8.1153,0.005464
2023-03-06,8.0777,-0.004633
2023-03-07,8.0108,-0.008282
2023-03-08,7.9092,-0.012683
2023-03-09,7.867,-0.005336
2023-03-10,7.6995,-0.021291
2023-03-13,7.7969,0.01265
2023-03-14,7.6977,-0.012723
2023-03-15,7.7021,0.000572
2023-03-16,7.6509,-0.006648
2023-03-17,7.6356,-0.002
2023-03-20,7.5207,-0.015048
2023-03-21,7.653,0.017591
2023-03-22,7.6901,0.004848
2023-03-23,7.8358,0.018946
2023-03-24,7.7948,-0.005232
2023-03-27,7.7031,-0.011764
2023-03-28,7.7953,0.011969
2023-03-29,7.8913,0.012315
2023-03-30,7.946,0.006932
2023-03-31,7.9637,0.002228
2023-04-03,7.9446,-0.002398
2023-04-04,7.9154,-0.003675
2023-04-06,7.854,-0.007757
2023-04-07,7.8394,-0.001859
2023-04-10,7.8005,-0.004962
2023-04-11,7.7669,-0.004307
2023-04-12,7.6301,-0.017613
2023-04-13,7.6628,0.004286
2023-04-14,7.6388,-0.003132
2023-04-17,7.728,0.011677
2023-04-18,7.7265,-0.000194
2023-04-19,7.6647,-0.007998
2023-04-20,7.6273,-0.00488
2023-04-21,7.5398,-0.011472
2023-04-24,7.4528,-0.011539
2023-04-25,7.4117,-0.005515
2023-04-26,7.4578,0.00622
2023-04-27,7.4425,-0.002052
2023-04-28,7.4749,0.004353
2023-05-04,7.4269,-0.006421
2023-05-05,7.4893,0.008402
2023-05-08,7.4784,-0.001455
2023-05-09,7.4043,-0.009909
2023-05-10,7.3803,-0.003241
2023-05-11,7.3685,-0.001599
2023-05-12,7.3877,0.002606
2023-05-15,7.4587,0.009611
2023-05-16,7.467,0.001113
2023-05-17,7.3971,-0.009361
2023-05-18,7.396,-0.000149
2023-05-19,7.3641,-0.004313
2023-05-22,7.5022,0.018753
2023-05-23,7.4373,-0.008651
2023-05-24,7.3495,-0.011805
2023-05-25,7.2446,-0.014273
2023-05-26,7.2472,0.000359
2023-05-29,7.1725,-0.010307
2023-05-30,7.1694,-0.000432
2023-05-31,7.0462,-0.017184
2023-06-01,7.1024,0.007976
2023-06-02,7.3069,0.028793
2023-06-05,7.2813,-0.003504
2023-06-06,7.2852,0.000536
2023-06-07,7.304,0.002581
2023-06-08,7.3428,0.005312
2023-06-09,7.3582,0.002097
2023-06-12,7.4184,0.008181
2023-06-13,7.483,0.008708
2023-06-14,7.525,0.005613
2023-06-15,7.6674,0.018924
2023-06-16,7.7262,0.007669
2023-06-19,7.6097,-0.015079
2023-06-20,7.4975,-0.014744
2023-06-21,7.3976,-0.013324
2023-06-26,7.2894,-0.014626
2023-06-27,7.3681,0.010796
2023-06-28,7.3572,-0.001479
2023-06-29,7.2575,-0.013551
2023-06-30,7.2481,-0.001295
2023-07-03,7.383,0.018612
2023-07-04,7.428,0.006095
2023-07-05,7.3351,-0.012507
2023-07-06,7.2607,-0.010143
2023-07-07,7.2336,-0.003732
2023-07-10,7.2725,0.005378
2023-07-11,7.3244,0.007136
2023-07-12,7.3686,0.006035
2023-07-13,7.55,0.024618
2023-07-14,7.5498,-2.6e-05
2023-07-17,7.5089,-0.005417
2023-07-18,7.4201,-0.011826
2023-07-19,7.3994,-0.00279
2023-07-20,7.3905,-0.001203
2023-07-21,7.4574,0.009052
2023-07-24,7.3811,-0.010231
2023-07-25,7.6606,0.037867
2023-07-26,7.631,-0.003864
2023-07-27,7.6864,0.00726
2023-07-28,7.8197,0.017342
2023-07-31,7.8826,0.008044
2023-08-01,7.8458,-0.004669
2023-08-02,7.74,-0.013485
2023-08-03,7.7511,0.001434
2023-08-04,7.796,0.005793
2023-08-07,7.7537,-0.005426
2023-08-08,7.6962,-0.007416
2023-08-09,7.7247,0.003703
2023-08-10,7.7213,-0.00044
2023-08-11,7.6216,-0.012912
2023-08-14,7.5402,-0.01068
2023-08-15,7.5142,-0.003448
2023-08-16,7.4943,-0.002648
2023-08-17,7.5208,0.003536
2023-08-18,7.387,-0.017791
2023-08-21,7.3216,-0.008853
2023-08-22,7.3507,0.003975
2023-08-23,7.3131,-0.005115
2023-08-24,7.4585,0.019882
2023-08-25,7.3966,-0.008299
2023-08-28,7.4309,0.004637
2023-08-29,7.5129,0.011035
2023-08-30,7.4742,-0.005151
2023-08-31,7.4254,-0.006529
2023-09-01,7.476,0.006814
2023-09-04,7.6395,0.02187
2023-09-05,7.5627,-0.010053
2023-09-06,7.5662,0.000463
2023-09-07,7.4676,-0.013032
2023-09-08,7.4623,-0.00071
2023-09-11,7.4654,0.000415
2023-09-12,7.4278,-0.005037
2023-09-13,7.4088,-0.002558
2023-09-14,7.4185,0.001309
2023-09-15,7.4,-0.002494
2023-09-18,7.3851,-0.002014
2023-09-19,7.3781,-0.000948
2023-09-20,7.3288,-0.006682
2023-09-21,7.2357,-0.012703
2023-09-22,7.3775,0.019597
2023-09-25,7.305,-0.009827
2023-09-26,7.2415,-0.008693
2023-09-27,7.2589,0.002403
2023-09-28,7.1969,-0.008541
2023-10-09,7.1829,-0.001945
2023-10-10,7.1777,-0.000724
2023-10-11,7.2296,0.007231
2023-10-12,7.2878,0.00805
2023-10-13,7.1414,-0.020088
2023-10-16,7.0708,-0.009886
2023-10-17,7.0999,0.004116
2023-10-18,7.0572,-0.006014
2023-10-19,6.8999,-0.022289
2023-10-20,6.886,-0.002015
2023-10-23,6.8816,-0.000639
2023-10-24,6.8807,-0.000131
2023-10-25,6.9587,0.011336
2023-10-26,6.965,0.000905
2023-10-27,7.0632,0.014099
2023-10-30,7.0984,0.004984
2023-10-31,7.0458,-0.00741
2023-11-01,7.0709,0.003562
2023-11-02,7.0478,-0.003267
2023-11-03,7.1554,0.015267
2023-11-06,7.231,0.010565
2023-11-07,7.1691,-0.00856
2023-11-08,7.1568,-0.001716
2023-11-09,7.1406,-0.002264
2023-11-10,7.0518,-0.012436
2023-11-13,7.0662,0.002042
2023-11-14,7.0406,-0.003623
2023-11-15,7.1712,0.01855
2023-11-16,7.1169,-0.007572
2023-11-17,7.0192,-0.013728
2023-11-20,7.0818,0.008918
2023-11-21,7.1225,0.005747
2023-11-22,7.0889,-0.004717
2023-11-23,7.0993,0.001467
2023-11-24,7.037,-0.008776
2023-11-27,7.0078,-0.004149
2023-11-28,6.965,-0.006107
2023-11-29,6.8969,-0.009777
2023-11-30,6.9134,0.002392
2023-12-01,6.8549,-0.008462
2023-12-04,6.7257,-0.018848
2023-12-05,6.6021,-0.018377
2023-12-06,6.6261,0.003635
2023-12-07,6.5942,-0.004814
2023-12-08,6.5896,-0.000698
2023-12-11,6.5156,-0.01123
2023-12-12,6.5656,0.007674
2023-12-13,6.4448,-0.018399
2023-12-14,6.4108,-0.005276
2023-12-15,6.4883,0.012089
2023-12-18,6.4879,-6.2e-05
2023-12-19,6.4715,-0.002528
2023-12-20,6.4769,0.000834
2023-12-21,6.5084,0.004863
2023-12-22,6.4004,-0.016594
2023-12-25,6.4156,0.002375
2023-12-26,6.3992,-0.002556
2023-12-27,6.4409,0.006516
2023-12-28,6.6062,0.025664
2023-12-29,6.5985,-0.001166
2023-12-31,6.5981,-6.1e-05
2024-01-02,6.5069,-0.013822
2024-01-03,6.4881,-0.002889
2024-01-04,6.4503,-0.005826
2024-01-05,6.4045,-0.0071
2024-01-08,6.3205,-0.013116
2024-01-09,6.2849,-0.005632
2024-01-10,6.2907,0.000923
2024-01-11,6.3626,0.01143
2024-01-12,6.3334,-0.004589
2024-01-15,6.3245,-0.001405
2024-01-16,6.2836,-0.006467
2024-01-17,6.142,-0.022535
2024-01-18,6.2052,0.01029
2024-01-19,6.1875,-0.002852
2024-01-22,6.1164,-0.011491
2024-01-23,6.1781,0.010088
2024-01-24,6.2713,0.015086
2024-01-25,6.3577,0.013777
2024-01-26,6.2713,-0.01359
2024-01-29,6.2935,0.00354
2024-01-30,6.1757,-0.018718
2024-01-31,6.0946,-0.013132
2024-02-01,6.1213,0.004381
2024-02-02,6.0692,-0.008511
2024-02-05,6.1036,0.005668
2024-02-06,6.2979,0.031834
2024-02-07,6.3354,0.005954
2024-02-08,6.2749,-0.00955
2024-02-19,6.3262,0.008175
2024-02-20,6.3205,-0.000901
2024-02-21,6.4561,0.021454
2024-02-22,6.5009,0.006939
2024-02-23,6.512,0.001707
2024-02-26,6.484,-0.0043
2024-02-27,6.487,0.000463
2024-02-28,6.4343,-0.008124
2024-02-29,6.4675,0.00516
2024-03-01,6.4801,0.001948
2024-03-04,6.4587,-0.003302
2024-03-05,6.4154,-0.006704
2024-03-06,6.4421,0.004162
2024-03-07,6.3789,-0.00981
2024-03-08,6.3937,0.00232
2024-03-11,6.4845,0.014201
2024-03-12,6.6584,0.026818
2024-03-13,6.6424,-0.002403
2024-03-14,6.6291,-0.002002
2024-03-15,6.594,-0.005295
2024-03-18,6.6027,0.001319
2024-03-19,6.6062,0.00053
2024-03-20,6.6066,6.1e-05
2024-03-21,6.6332,0.004026
2024-03-22,6.5356,-0.014714
2024-03-25,6.5276,-0.001224
2024-03-26,6.5901,0.009575
2024-03-27,6.5519,-0.005797
2024-03-28,6.5789,0.004121
2024-03-29,6.5781,-0.000122
2024-04-01,6.6342,0.008528
2024-04-02,6.6724,0.005758
2024-04-03,6.6452,-0.004076
2024-04-08,6.5478,-0.014657
2024-04-09,6.5452,-0.000397
2024-04-10,6.562,0.002567
2024-04-11,6.5592,-0.000427
2024-04-12,6.4757,-0.01273
2024-04-15,6.5413,0.01013
2024-04-16,6.4688,-0.011083
2024-04-17,6.469,3.1e-05
2024-04-18,6.4841,0.002334
2024-04-19,6.4376,-0.007171
2024-04-22,6.5158,0.012147
2024-04-23,6.6102,0.014488
2024-04-24,6.6852,0.011346
2024-04-25,6.6839,-0.000194
2024-04-26,6.7901,0.015889
2024-04-29,6.7759,-0.002091
2024-04-30,6.7556,-0.002996
2024-05-06,6.9417,0.027548
2024-05-07,6.9148,-0.003875
2024-05-08,6.8532,-0.008908
2024-05-09,6.893,0.005808
2024-05-10,6.9145,0.003119
2024-05-13,6.8936,-0.003023
2024-05-14,6.9057,0.001755
2024-05-15,6.8997,-0.000869
2024-05-16,6.92,0.002942
2024-05-17,6.9984,0.011329
2024-05-20,6.9985,1.4e-05
2024-05-21,6.9439,-0.007802
2024-05-22,6.8998,-0.006351
2024-05-23,6.8374,-0.009044
2024-05-24,6.7908,-0.006815
2024-05-27,6.8278,0.005449
2024-05-28,6.8245,-0.000483
2024-05-29,6.7796,-0.006579
2024-05-30,6.7042,-0.011122
2024-05-31,6.679,-0.003759
2024-06-03,6.7253,0.006932
2024-06-04,6.7522,0.004
2024-06-05,6.7266,-0.003791
2024-06-06,6.7257,-0.000134
2024-06-07,6.6811,-0.006631
2024-06-11,6.6109,-0.010507
2024-06-12,6.5904,-0.003101
2024-06-13,6.589,-0.000212
2024-06-14,6.582,-0.001062
2024-06-17,6.5617,-0.003084
2024-06-18,6.5172,-0.006782
2024-06-19,6.57,0.008102
2024-06-20,6.5409,-0.004429
2024-06-21,6.472,-0.010534
2024-06-24,6.4688,-0.000494
2024-06-25,6.4872,0.002844
2024-06-26,6.4943,0.001094
2024-06-27,6.4433,-0.007853
2024-06-28,6.3953,-0.00745
2024-06-30,6.395,-4.7e-05
2024-07-01,6.3846,-0.001626
2024-07-02,6.4062,0.003383
2024-07-03,6.4277,0.003356
2024-07-04,6.4237,-0.000622
2024-07-05,6.3818,-0.006523
2024-07-08,6.3099,-0.011266
2024-07-09,6.3211,0.001775
2024-07-10,6.2961,-0.003955
2024-07-11,6.3741,0.012389
2024-07-12,6.452,0.012221
2024-07-15,6.4011,-0.007889
2024-07-16,6.3593,-0.00653
2024-07-17,6.4022,0.006746
2024-07-18,6.3989,-0.000515
2024-07-19,6.3809,-0.002813
2024-07-22,6.3716,-0.001457
2024-07-23,6.2737,-0.015365
2024-07-24,6.235,-0.006169
2024-07-25,6.1851,-0.008003
2024-07-26,6.191,0.000954
2024-07-29,6.1941,0.000501
2024-07-30,6.1502,-0.007087
2024-07-31,6.2695,0.019398
2024-08-01,6.2286,-0.006524
2024-08-02,6.1635,-0.010452
2024-08-05,6.1635,0.0
2024-08-06,6.1912,0.004494
2024-08-07,6.2513,0.009707
2024-08-08,6.2746,0.003727
2024-08-09,6.2953,0.003299
2024-08-12,6.2895,-0.000921
2024-08-13,6.2805,-0.001431
2024-08-14,6.2337,-0.007452
2024-08-15,6.2103,-0.003754
2024-08-16,6.2586,0.007777
2024-08-19,6.2544,-0.000671
2024-08-20,6.2184,-0.005756
2024-08-21,6.1973,-0.003393
2024-08-22,6.1996,0.000371
2024-08-23,6.2077,0.001307
2024-08-26,6.1986,-0.001466
2024-08-27,6.1913,-0.001178
2024-08-28,6.1042,-0.014068
2024-08-29,6.1712,0.010976
2024-08-30,6.2994,0.020774
2024-09-02,6.1689,-0.020716
2024-09-03,6.1964,0.004458
2024-09-04,6.1418,-0.008812
2024-09-05,6.1418,0.0
2024-09-06,6.1056,-0.005894
2024-09-09,6.0353,-0.011514
2024-09-10,6.0513,0.002651
2024-09-11,6.0407,-0.001752
2024-09-12,6.0004,-0.006671
2024-09-13,5.9629,-0.00625
2024-09-18,5.9566,-0.001057
2024-09-19,6.0414,0.014236
2024-09-20,6.0564,0.002483
2024-09-23,6.0442,-0.002014
2024-09-24,6.2719,0.037672
2024-09-25,6.2921,0.003221
2024-09-26,6.5911,0.04752
2024-09-27,6.9039,0.047458
2024-09-30,7.2193,0.045684
2024-10-08,7.2586,0.005444
2024-10-09,6.9811,-0.038231
2024-10-10,7.1106,0.01855
2024-10-11,7.036,-0.010491
2024-10-14,7.0063,-0.004221
2024-10-15,6.8164,-0.027104
2024-10-16,6.7904,-0.003814
2024-10-17,6.7151,-0.011089
2024-10-18,6.8797,0.024512
2024-10-21,6.8167,-0.009157
2024-10-22,6.8687,0.007628
2024-10-23,6.9383,0.010133
2024-10-24,6.8797,-0.008446
2024-10-25,6.8947,0.00218
2024-10-28,6.971,0.011066
2024-10-29,6.9347,-0.005207
2024-10-30,6.8585,-0.010988
2024-10-31,6.8287,-0.004345
2024-11-01,6.8632,0.005052
2024-11-04,6.9106,0.006906
2024-11-05,7.0314,0.01748
2024-11-06,6.9644,-0.009529
2024-11-07,7.2084,0.035035
2024-11-08,7.1061,-0.014192
2024-11-11,7.0455,-0.008528
2024-11-12,6.9468,-0.014009
2024-11-13,6.9347,-0.001742
2024-11-14,6.8827,-0.007499
2024-11-15,6.8512,-0.004577
2024-11-18,6.8177,-0.00489
2024-11-19,6.8253,0.001115
2024-11-20,6.8314,0.000894
2024-11-21,6.8194,-0.001757
2024-11-22,6.6908,-0.018858
2024-11-25,6.6718,-0.00284
2024-11-26,6.6988,0.004047
2024-11-27,6.7776,0.011763
2024-11-28,6.7034,-0.010948
2024-11-29,6.7307,0.004073
2024-12-02,6.7619,0.004635
2024-12-03,6.7831,0.003135
2024-12-04,6.7589,-0.003568
2024-12-05,6.7261,-0.004853
2024-12-06,6.815,0.013217
2024-12-09,6.8681,0.007792
2024-12-10,6.909,0.005955
2024-12-11,6.8795,-0.00427
2024-12-12,6.9703,0.013199
2024-12-13,6.826,-0.020702
2024-12-16,6.7575,-0.010035
2024-12-17,6.7689,0.001687
2024-12-18,6.8019,0.004875
2024-12-19,6.7648,-0.005454
2024-12-20,6.7469,-0.002646
2024-12-23,6.7369,-0.001482
2024-12-24,6.769,0.004765
2024-12-25,6.76,-0.00133
2024-12-26,6.7582,-0.000266
2024-12-27,6.7363,-0.003241
2024-12-30,6.6974,-0.005775
2024-12-31,6.6848,-0.001881
2025-01-02,6.6035,-0.012162
2025-01-03,6.5816,-0.003316
2025-01-06,6.5076,-0.011243
2025-01-07,6.4741,-0.005148
2025-01-08,6.4411,-0.005097
2025-01-09,6.4367,-0.000683
2025-01-10,6.3824,-0.008436
2025-01-13,6.3776,-0.000752
2025-01-14,6.4871,0.017169
2025-01-15,6.473,-0.002174
2025-01-16,6.4837,0.001653
2025-01-17,6.4967,0.002005
2025-01-20,6.5861,0.013761
2025-01-21,6.5825,-0.000547
2025-01-22,6.4993,-0.01264
2025-01-23,6.5021,0.000431
2025-01-24,6.5403,0.005875
2025-01-27,6.5768,0.005581
2025-02-05,6.6118,0.005322
2025-02-06,6.6447,0.004976
2025-02-07,6.7029,0.008759
2025-02-10,6.7566,0.008011
2025-02-11,6.7045,-0.007711
2025-02-12,6.7977,0.013901
2025-02-13,6.8867,0.013093
2025-02-14,7.0232,0.019821
2025-02-17,7.0207,-0.000356
2025-02-18,7.026,0.000755
2025-02-19,7.0255,-7.1e-05
2025-02-20,6.9601,-0.009309
2025-02-21,7.113,0.021968
2025-02-24,7.1013,-0.001645
2025-02-25,6.9578,-0.020208
2025-02-26,7.0924,0.019345
2025-02-27,7.127,0.004878
2025-02-28,7.0151,-0.015701
2025-03-03,7.0302,0.002152
2025-03-04,7.013,-0.002447
2025-03-05,7.0618,0.006959
2025-03-06,7.2338,0.024356
2025-03-07,7.2445,0.001479
2025-03-10,7.1681,-0.010546
2025-03-11,7.2363,0.009514
2025-03-12,7.1746,-0.008526
2025-03-13,7.1329,-0.005812
2025-03-14,7.3154,0.025586
2025-03-17,7.3369,0.002939
2025-03-18,7.4126,0.010318
2025-03-19,7.3845,-0.003791
2025-03-20,7.2485,-0.018417
2025-03-21,7.1744,-0.010223
2025-03-24,7.1941,0.002746
2025-03-25,7.1237,-0.009786
2025-03-26,7.1484,0.003467
2025-03-27,7.1905,0.005889
2025-03-28,7.1731,-0.00242
2025-03-31,7.0959,-0.010762
2025-04-01,7.1294,0.004721
2025-04-02,7.1118,-0.002469
2025-04-03,7.0944,-0.002447
2025-04-07,6.6227,-0.066489
2025-04-08,6.7417,0.017969
2025-04-09,6.7883,0.006912
2025-04-10,6.8659,0.011431
2025-04-11,6.8297,-0.005272
2025-04-14,6.8733,0.006384
2025-04-15,6.8817,0.001222
2025-04-16,6.8424,-0.005711
2025-04-17,6.9066,0.009383
2025-04-18,6.8958,-0.001564
2025-04-21,6.8651,-0.004452
2025-04-22,6.8536,-0.001675
2025-04-23,6.9215,0.009907
2025-04-24,6.8797,-0.006039
2025-04-25,6.8777,-0.000291
2025-04-28,6.8764,-0.000189
2025-04-29,6.8696,-0.000989
2025-04-30,6.8949,0.003683
2025-05-06,6.9724,0.01124
2025-05-07,6.9778,0.000774
2025-05-08,6.9915,0.001963
2025-05-09,7.0014,0.001416
2025-05-12,7.1159,0.016354
2025-05-13,7.0629,-0.007448
2025-05-14,7.1858,0.017401
2025-05-15,7.14,-0.006374
2025-05-16,7.0699,-0.009818
2025-05-19,7.0017,-0.009647
2025-05-20,7.0302,0.00407
2025-05-21,7.0162,-0.001991
2025-05-22,6.962,-0.007725
2025-05-23,6.9547,-0.001049
2025-05-26,6.9014,-0.007664
2025-05-27,6.9033,0.000275
2025-05-28,6.9104,0.001028
2025-05-29,6.9439,0.004848
2025-05-30,6.8581,-0.012356
2025-06-03,6.8445,-0.001983
2025-06-04,6.8312,-0.001943
2025-06-05,6.8617,0.004465
2025-06-06,6.8289,-0.00478
2025-06-09,6.8532,0.003558
2025-06-10,6.8318,-0.003123
2025-06-11,6.8524,0.003015
2025-06-12,6.7982,-0.00791
2025-06-13,6.7029,-0.014018
2025-06-16,6.7196,0.002491
2025-06-17,6.7399,0.003021
2025-06-18,6.7238,-0.002389
2025-06-19,6.6534,-0.01047
2025-06-20,6.7229,0.010446
2025-06-23,6.6924,-0.004537
2025-06-24,6.7605,0.010176
2025-06-25,6.7825,0.003254
2025-06-26,6.7663,-0.002388
2025-06-27,6.7305,-0.005291
2025-06-30,6.7207,-0.001456
2025-07-01,6.7068,-0.002068
2025-07-02,6.7083,0.000224
2025-07-03,6.696,-0.001834
2025-07-04,6.705,0.001344
2025-07-07,6.7159,0.001626
2025-07-08,6.762,0.006864
2025-07-09,6.7459,-0.002381
2025-07-10,6.7671,0.003143
2025-07-11,6.7941,0.00399
2025-07-14,6.8043,0.001501
2025-07-15,6.8394,0.005159
2025-07-16,6.8442,0.000702
2025-07-17,6.8488,0.000672
2025-07-18,6.9299,0.011841
2025-07-21,6.9321,0.000317
2025-07-22,7.0062,0.010689
2025-07-23,7.0535,0.006751
2025-07-24,7.0708,0.002453
2025-07-25,6.9908,-0.011314
2025-07-28,6.9857,-0.00073
2025-07-29,6.9827,-0.000429
2025-07-30,6.9746,-0.00116
2025-07-31,6.8673,-0.015384
2025-08-01,6.8307,-0.00533
2025-08-04,6.8616,0.004524
2025-08-05,6.9098,0.007025
2025-08-06,6.9075,-0.000333
2025-08-07,6.9414,0.004908
2025-08-08,6.9075,-0.004884
2025-08-11,6.9643,0.008223
2025-08-12,6.9481,-0.002326
2025-08-13,7.0244,0.010981
2025-08-14,7.0175,-0.000982
2025-08-15,7.0359,0.002622
2025-08-18,7.0707,0.004946
2025-08-19,7.1117,0.005799
2025-08-20,7.1504,0.005442
2025-08-21,7.143,-0.001035
2025-08-22,7.1865,0.00609
2025-08-25,7.3273,0.019592
2025-08-26,7.3334,0.000833
2025-08-27,7.2331,-0.013677
2025-08-28,7.2298,-0.000456
2025-08-29,7.3041,0.010277
2025-09-01,7.3959,0.012568
2025-09-02,7.3786,-0.002339
2025-09-03,7.3309,-0.006465
2025-09-04,7.2921,-0.005293
2025-09-05,7.3372,0.006185
2025-09-08,7.4314,0.012839
2025-09-09,7.4825,0.006876
2025-09-10,7.5057,0.003101
2025-09-11,7.5239,0.002425
2025-09-12,7.5351,0.001489
2025-09-15,7.5514,0.002163
2025-09-16,7.551,-5.3e-05
2025-09-17,7.6206,0.009217
2025-09-18,7.5244,-0.012624
2025-09-19,7.548,0.003136
2025-09-22,7.4975,-0.006691
2025-09-23,7.4689,-0.003815
2025-09-24,7.5568,0.011769
2025-09-25,7.5353,-0.002845
2025-09-26,7.4482,-0.011559
2025-09-29,7.5731,0.016769
2025-09-30,7.5873,0.001875
2025-10-09,7.4841,-0.013602
2025-10-10,7.418,-0.008832
2025-10-13,7.3512,-0.009005
2025-10-14,7.3384,-0.001741
2025-10-15,7.4299,0.012469
2025-10-16,7.4415,0.001561
2025-10-17,7.3435,-0.013169
2025-10-20,7.4141,0.009614
2025-10-21,7.4473,0.004478
2025-10-22,7.4069,-0.005425
2025-10-23,7.4463,0.005319
2025-10-24,7.4364,-0.00133
2025-10-27,7.455,0.002501
2025-10-28,7.4431,-0.001596
2025-10-29,7.4237,-0.002606
2025-10-30,7.3943,-0.00396
2025-10-31,7.3808,-0.001826
2025-11-03,7.4056,0.00336
2025-11-04,7.3738,-0.004294
2025-11-05,7.3421,-0.004299
2025-11-06,7.3871,0.006129
2025-11-07,7.3332,-0.007297
2025-11-10,7.5368,0.027764
2025-11-11,7.5521,0.00203
2025-11-12,7.5894,0.004939
2025-11-13,7.6259,0.004809
2025-11-14,7.5476,-0.010268
2025-11-17,7.5316,-0.00212
2025-11-18,7.5067,-0.003306
2025-11-19,7.5037,-0.0004
2025-11-20,7.4717,-0.004265
2025-11-21,7.3657,-0.014187
2025-11-24,7.3963,0.004154
2025-11-25,7.4152,0.002555
2025-11-26,7.4036,-0.001564
2025-11-27,7.3805,-0.00312
2025-11-28,7.3864,0.000799
2025-12-01,7.4242,0.005118
2025-12-02,7.3924,-0.004283
2025-12-03,7.3398,-0.007115
2025-12-04,7.3089,-0.00421
2025-12-05,7.3127,0.00052
2025-12-08,7.2623,-0.006892
2025-12-09,7.1994,-0.008661
2025-12-10,7.2284,0.004028
2025-12-11,7.2033,-0.003472
2025-12-12,7.2707,0.009357
2025-12-15,7.2295,-0.005667
2025-12-16,7.1867,-0.00592
2025-12-17,7.2404,0.007472
2025-12-18,7.2284,-0.001657
2025-12-19,7.2583,0.004136
2025-12-22,7.2757,0.002397
2025-12-23,7.2327,-0.00591
2025-12-24,7.2126,-0.002779
2025-12-25,7.238,0.003522
2025-12-26,7.2241,-0.00192
2025-12-29,7.1489,-0.01041
2025-12-30,7.1544,0.000769
2025-12-31,7.0991,-0.00773
2026-01-05,7.2319,0.018707
2026-01-06,7.3076,0.010468
2026-01-07,7.28,-0.003777
2026-01-08,7.2561,-0.003283
2026-01-09,7.2876,0.004341
2026-01-12,7.3735,0.011787
2026-01-13,7.3726,-0.000122
2026-01-14,7.348,-0.003337
2026-01-15,7.1997,-0.020182
2026-01-16,7.1593,-0.005611
2026-01-19,7.1185,-0.005699
2026-01-20,7.1226,0.000576
2026-01-21,7.088,-0.004858
2026-01-22,7.0884,5.6e-05
2026-01-23,7.0849,-0.000494
2026-01-26,7.0794,-0.000776
2026-01-27,7.0883,0.001257
2026-01-28,7.1288,0.005714
2026-01-29,7.3199,0.026807
2026-01-30,7.1899,-0.01776
2026-02-02,7.1558,-0.004743
2026-02-03,7.1638,0.001118
2026-02-04,7.2077,0.006128
2026-02-05,7.2513,0.006049
2026-02-06,7.1869,-0.008881
2026-02-09,7.2306,0.006081
2026-02-10,7.2142,-0.002268
2026-02-11,7.1964,-0.002467
2026-02-12,7.1405,-0.007768
2026-02-13,7.1177,-0.003193
2026-02-24,7.0675,-0.007053
2026-02-25,7.0797,0.001726
2026-02-26,7.0066,-0.010325
2026-02-27,7.0284,0.003111
2026-03-02,6.9506,-0.011069
2026-03-03,6.9218,-0.004144
2026-03-04,6.8274,-0.013638
2026-03-05,6.7925,-0.005112
2026-03-06,6.8701,0.011424
2026-03-09,6.8343,-0.005211
2026-03-10,6.9104,0.011135
2026-03-11,6.9125,0.000304
2026-03-12,6.9048,-0.001114
2026-03-13,6.9289,0.00349
2026-03-16,6.9898,0.008789
2026-03-17,6.9945,0.000672
2026-03-18,6.9764,-0.002588
2026-03-19,6.8788,-0.01399
2026-03-20,6.8352,-0.006338
2026-03-23,6.709,-0.018463
2026-03-24,6.765,0.008347
2026-03-25,6.7834,0.00272
2026-03-26,6.7074,-0.011204
2026-03-27,6.7495,0.006277
2026-03-30,6.7103,-0.005808
2026-03-31,6.7002,-0.001505
2026-04-01,6.749,0.007283
2026-04-02,6.7308,-0.002697
2026-04-03,6.7008,-0.004457
2026-04-07,6.6833,-0.002612
2026-04-08,6.7873,0.015561
2026-04-09,6.7326,-0.008059
2026-04-10,6.7372,0.000683
2026-04-13,6.6585,-0.011681
2026-04-14,6.6926,0.005121
2026-04-15,6.7158,0.003467
2026-04-16,6.7995,0.012463
2026-04-17,6.7484,-0.007515
2026-04-20,6.7556,0.001067
2026-04-21,6.7579,0.00034
2026-04-22,6.6988,-0.008745
2026-04-23,6.7009,0.000313
2026-04-24,6.731,0.004492
2026-04-27,6.6492,-0.012153
2026-04-28,6.6195,-0.004467
2026-04-29,6.7076,0.013309
2026-04-30,6.6499,-0.008602
2026-05-06,6.5972,-0.007925
2026-05-07,6.6319,0.00526
2026-05-08,6.5872,-0.00674
2026-05-11,6.5377,-0.007515
2026-05-12,6.4964,-0.006317
2026-05-13,6.4831,-0.002047
2026-05-14,6.4647,-0.002838
2026-05-15,6.3976,-0.010379
2026-05-18,6.3568,-0.006377
2026-05-19,6.3907,0.005333
2026-05-20,6.385,-0.000892
2026-05-21,6.3263,-0.009193
2026-05-22,6.2974,-0.004568
2026-05-25,6.3047,0.001159
2026-05-26,6.2591,-0.007233
2026-05-27,6.2423,-0.002684
2026-05-28,6.1818,-0.009692
2026-05-29,6.2458,0.010353
2026-06-01,6.2533,0.001201
2026-06-02,6.3088,0.008875
2026-06-03,6.2363,-0.011492
2026-06-04,6.1941,-0.006767
2026-06-05,6.1735,-0.003326
2026-06-08,6.1307,-0.006933
2026-06-09,6.1006,-0.00491
2026-06-10,6.1075,0.001131
2026-06-11,6.0953,-0.001998
2026-06-12,6.1278,0.005332
2026-06-15,6.0917,-0.005891
2026-06-16,6.0214,-0.01154
2026-06-17,5.9791,-0.007025
2026-06-18,5.9084,-0.011825
2026-06-22,5.8944,-0.00237
2026-06-23,5.8016,-0.015744
2026-06-24,5.781,-0.003551
2026-06-25,5.7728,-0.001418
2026-06-26,5.7026,-0.01216
2026-06-29,5.7707,0.011942
2026-06-30,5.766,-0.000814
2026-07-01,5.7696,0.000624
2026-07-02,5.7308,-0.006725
2026-07-03,5.7464,0.002722
2026-07-06,5.7669,0.003567
2026-07-07,5.7282,-0.006711
2026-07-08,5.7949,0.011644
2026-07-09,5.7787,-0.002796
2026-07-10,5.7881,0.001627
2026-07-13,5.7816,-0.001123
2026-07-14,5.8262,0.007714
2026-07-15,5.8952,0.011843
2026-07-16,5.9156,0.00346
2026-07-17,5.827,-0.014977
2026-07-20,5.9463,0.020474
2026-07-21,5.9182,-0.004726
2026-07-22,5.8949,-0.003937
2026-07-23,5.8963,0.000237
2026-07-24,5.8362,-0.010193
2026-07-27,5.8635,0.004678
2026-07-28,5.9103,0.007982
2026-07-29,5.9672,0.009627
2026-07-30,6.0264,0.009921
2026-07-31,6.0238,-0.000431
2026-08-03,6.0493,0.004233
2026-08-04,6.0162,-0.005472
2026-08-05,6.0006,-0.002593
2026-08-06,5.9649,-0.005949
2026-08-07,5.9845,0.003286
2026-08-10,6.0338,0.008238
2026-08-11,6.0336,-3.3e-05
2026-08-12,5.9962,-0.006199
2026-08-13,5.9861,-0.001684
2026-08-14,5.9498,-0.006064
2026-08-17,5.9522,0.000403
2026-08-18,6.0262,0.012432
2026-08-19,6.0064,-0.003286
2026-08-20,6.0505,0.007342
2026-08-21,6.0452,-0.000876
2026-08-24,5.99,-0.009131
2026-08-25,5.9935,0.000584
2026-08-26,6.0033,0.001635
2026-08-27,5.9964,-0.001149
2026-08-28,5.9994,0.0005
2026-08-31,5.9827,-0.002784
2026-09-01,5.9686,-0.002357
2026-09-02,5.9413,-0.004574
2026-09-03,5.9082,-0.005571
2026-09-04,5.9605,0.008852
2026-09-07,5.9392,-0.003574
2026-09-08,5.9354,-0.00064
2026-09-09,5.9092,-0.004414
2026-09-10,5.8681,-0.006955
2026-09-11,5.8412,-0.004584
2026-09-14,5.8351,-0.001044
2026-09-15,5.8343,-0.000137
2026-09-16,5.8206,-0.002348
2026-09-17,5.8025,-0.00311
2026-09-18,5.8143,0.002034
2026-09-21,5.8534,0.006725
2026-09-22,5.8651,0.001999
2026-09-23,5.8326,-0.005541
2026-09-24,5.8012,-0.005384
2026-09-28,5.7701,-0.005361
2026-09-29,5.7602,-0.001716
2026-09-30,5.7954,0.006111
