净值日期,累计净值,daily_return
2009-03-26,1.0,
2009-03-27,1.0,0.0
2009-04-03,1.002,0.002
2009-04-10,1.011,0.008982
2009-04-16,1.024,0.012859
2009-04-17,1.02,-0.003906
2009-04-20,1.026,0.005882
2009-04-21,1.022,-0.003899
2009-04-22,1.007,-0.014677
2009-04-23,1.01,0.002979
2009-04-24,1.009,-0.00099
2009-04-27,0.994,-0.014866
2009-04-28,1.0,0.006036
2009-04-29,1.021,0.021
2009-04-30,1.028,0.006856
2009-05-04,1.041,0.012646
2009-05-05,1.044,0.002882
2009-05-06,1.053,0.008621
2009-05-07,1.051,-0.001899
2009-05-08,1.051,0.0
2009-05-11,1.039,-0.011418
2009-05-12,1.053,0.013474
2009-05-13,1.059,0.005698
2009-05-14,1.051,-0.007554
2009-05-15,1.058,0.00666
2009-05-18,1.058,0.0
2009-05-19,1.068,0.009452
2009-05-20,1.063,-0.004682
2009-05-21,1.041,-0.020696
2009-05-22,1.039,-0.001921
2009-05-25,1.043,0.00385
2009-05-26,1.038,-0.004794
2009-05-27,1.054,0.015414
2009-06-01,1.074,0.018975
2009-06-02,1.072,-0.001862
2009-06-03,1.1,0.026119
2009-06-04,1.11,0.009091
2009-06-05,1.105,-0.004505
2009-06-08,1.11,0.004525
2009-06-09,1.112,0.001802
2009-06-10,1.113,0.000899
2009-06-11,1.106,-0.006289
2009-06-12,1.091,-0.013562
2009-06-15,1.117,0.023831
2009-06-16,1.115,-0.001791
2009-06-17,1.125,0.008969
2009-06-18,1.133,0.007111
2009-06-19,1.141,0.007061
2009-06-22,1.136,-0.004382
2009-06-23,1.14,0.003521
2009-06-24,1.142,0.001754
2009-06-25,1.141,-0.000876
2009-06-26,1.146,0.004382
2009-06-29,1.159,0.011344
2009-06-30,1.153,-0.005177
2009-07-01,1.178,0.021683
2009-07-02,1.186,0.006791
2009-07-03,1.196,0.008432
2009-07-06,1.2,0.003344
2009-07-07,1.195,-0.004167
2009-07-08,1.194,-0.000837
2009-07-09,1.202,0.0067
2009-07-10,1.201,-0.000832
2009-07-13,1.2,-0.000833
2009-07-14,1.224,0.02
2009-07-15,1.224,0.0
2009-07-16,1.233,0.007353
2009-07-17,1.234,0.000811
2009-07-20,1.245,0.008914
2009-07-21,1.23,-0.012048
2009-07-22,1.247,0.013821
2009-07-23,1.255,0.006415
2009-07-24,1.244,-0.008765
2009-07-27,1.261,0.013666
2009-07-28,1.267,0.004758
2009-07-29,1.218,-0.038674
2009-07-30,1.243,0.020525
2009-07-31,1.275,0.025744
2009-08-03,1.288,0.010196
2009-08-04,1.285,-0.002329
2009-08-05,1.272,-0.010117
2009-08-06,1.255,-0.013365
2009-08-07,1.227,-0.022311
2009-08-10,1.226,-0.000815
2009-08-11,1.232,0.004894
2009-08-12,1.191,-0.033279
2009-08-13,1.203,0.010076
2009-08-14,1.173,-0.024938
2009-08-17,1.115,-0.049446
2009-08-18,1.12,0.004484
2009-08-19,1.076,-0.039286
2009-08-20,1.115,0.036245
2009-08-21,1.14,0.022422
2009-08-24,1.157,0.014912
2009-08-25,1.125,-0.027658
2009-08-26,1.143,0.016
2009-08-27,1.14,-0.002625
2009-08-28,1.103,-0.032456
2009-08-31,1.035,-0.06165
2009-09-01,1.038,0.002899
2009-09-02,1.054,0.015414
2009-09-03,1.099,0.042694
2009-09-04,1.108,0.008189
2009-09-07,1.117,0.008123
2009-09-08,1.135,0.016115
2009-09-09,1.141,0.005286
2009-09-10,1.126,-0.013146
2009-09-11,1.153,0.023979
2009-09-14,1.171,0.015611
2009-09-15,1.174,0.002562
2009-09-16,1.157,-0.01448
2009-09-17,1.172,0.012965
2009-09-18,1.138,-0.02901
2009-09-21,1.148,0.008787
2009-09-22,1.134,-0.012195
2009-09-23,1.112,-0.0194
2009-09-24,1.117,0.004496
2009-09-25,1.11,-0.006267
2009-09-28,1.083,-0.024324
2009-09-29,1.08,-0.00277
2009-09-30,1.095,0.013889
2009-10-09,1.14,0.041096
2009-10-12,1.14,0.0
2009-10-13,1.155,0.013158
2009-10-14,1.163,0.006926
2009-10-15,1.17,0.006019
2009-10-16,1.172,0.001709
2009-10-19,1.201,0.024744
2009-10-20,1.218,0.014155
2009-10-21,1.224,0.004926
2009-10-22,1.223,-0.000817
2009-10-23,1.238,0.012265
2009-10-26,1.24,0.001616
2009-10-27,1.207,-0.026613
2009-10-28,1.211,0.003314
2009-10-29,1.19,-0.017341
2009-10-30,1.206,0.013445
2009-11-02,1.252,0.038143
2009-11-03,1.265,0.010383
2009-11-04,1.269,0.003162
2009-11-05,1.269,0.0
2009-11-06,1.27,0.000788
2009-11-09,1.278,0.006299
2009-11-10,1.289,0.008607
2009-11-11,1.293,0.003103
2009-11-12,1.296,0.00232
2009-11-13,1.306,0.007716
2009-11-16,1.335,0.022205
2009-11-17,1.335,0.0
2009-11-18,1.333,-0.001498
2009-11-19,1.339,0.004501
2009-11-20,1.34,0.000747
2009-11-23,1.353,0.009701
2009-11-24,1.32,-0.02439
2009-11-25,1.343,0.017424
2009-11-26,1.303,-0.029784
2009-11-27,1.279,-0.018419
2009-11-30,1.323,0.034402
2009-12-01,1.338,0.011338
2009-12-02,1.35,0.008969
2009-12-03,1.348,-0.001481
2009-12-04,1.338,-0.007418
2009-12-07,1.348,0.007474
2009-12-08,1.343,-0.003709
2009-12-09,1.334,-0.006701
2009-12-10,1.342,0.005997
2009-12-11,1.343,0.000745
2009-12-14,1.351,0.005957
2009-12-15,1.345,-0.004441
2009-12-16,1.34,-0.003717
2009-12-17,1.317,-0.017164
2009-12-18,1.281,-0.027335
2009-12-21,1.282,0.000781
2009-12-22,1.271,-0.00858
2009-12-23,1.288,0.013375
2009-12-24,1.32,0.024845
2009-12-25,1.334,0.010606
2009-12-28,1.349,0.011244
2009-12-29,1.35,0.000741
2009-12-30,1.356,0.004444
2009-12-31,1.363,0.005162
2010-01-04,1.359,-0.002935
2010-01-05,1.364,0.003679
2010-01-06,1.358,-0.004399
2010-01-07,1.333,-0.018409
2010-01-08,1.339,0.004501
2010-01-11,1.343,0.002987
2010-01-12,1.371,0.020849
2010-01-13,1.354,-0.0124
2010-01-14,1.378,0.017725
2010-01-15,1.384,0.004354
2010-01-18,1.394,0.007225
2010-01-19,1.389,-0.003587
2010-01-20,1.34,-0.035277
2010-01-21,1.331,-0.006716
2010-01-22,1.3,-0.023291
2010-01-25,1.289,-0.008462
2010-01-26,1.258,-0.02405
2010-01-27,1.253,-0.003975
2010-01-28,1.271,0.014366
2010-01-29,1.279,0.006294
2010-02-01,1.266,-0.010164
2010-02-02,1.254,-0.009479
2010-02-03,1.271,0.013557
2010-02-04,1.269,-0.001574
2010-02-05,1.247,-0.017336
2010-02-08,1.253,0.004812
2010-02-09,1.254,0.000798
2010-02-10,1.275,0.016746
2010-02-11,1.273,-0.001569
2010-02-12,1.291,0.01414
2010-02-22,1.284,-0.005422
2010-02-23,1.284,0.0
2010-02-24,1.312,0.021807
2010-02-25,1.33,0.01372
2010-02-26,1.33,0.0
2010-03-01,1.333,0.002256
2010-03-02,1.321,-0.009002
2010-03-03,1.331,0.00757
2010-03-04,1.303,-0.021037
2010-03-05,1.304,0.000767
2010-03-08,1.313,0.006902
2010-03-09,1.315,0.001523
2010-03-10,1.304,-0.008365
2010-03-11,1.3,-0.003067
2010-03-12,1.284,-0.012308
2010-03-15,1.264,-0.015576
2010-03-16,1.267,0.002373
2010-03-17,1.294,0.02131
2010-03-18,1.298,0.003091
2010-03-19,1.305,0.005393
2010-03-22,1.315,0.007663
2010-03-23,1.308,-0.005323
2010-03-24,1.313,0.003823
2010-03-25,1.308,-0.003808
2010-03-26,1.322,0.010703
2010-03-29,1.345,0.017398
2010-03-30,1.352,0.005204
2010-03-31,1.349,-0.002219
2010-04-01,1.366,0.012602
2010-04-02,1.368,0.001464
2010-04-06,1.374,0.004386
2010-04-07,1.369,-0.003639
2010-04-08,1.363,-0.004383
2010-04-09,1.383,0.014674
2010-04-12,1.392,0.006508
2010-04-13,1.394,0.001437
2010-04-14,1.408,0.010043
2010-04-15,1.393,-0.010653
2010-04-16,1.387,-0.004307
2010-04-19,1.329,-0.041817
2010-04-20,1.34,0.008277
2010-04-21,1.381,0.030597
2010-04-22,1.383,0.001448
2010-04-23,1.382,-0.000723
2010-04-26,1.377,-0.003618
2010-04-27,1.356,-0.015251
2010-04-28,1.35,-0.004425
2010-04-29,1.321,-0.021481
2010-04-30,1.304,-0.012869
2010-05-04,1.297,-0.005368
2010-05-05,1.315,0.013878
2010-05-06,1.275,-0.030418
2010-05-07,1.248,-0.021176
2010-05-10,1.239,-0.007212
2010-05-11,1.226,-0.010492
2010-05-12,1.212,-0.011419
2010-05-13,1.241,0.023927
2010-05-14,1.247,0.004835
2010-05-17,1.197,-0.040096
2010-05-18,1.214,0.014202
2010-05-19,1.22,0.004942
2010-05-20,1.206,-0.011475
2010-05-21,1.231,0.02073
2010-05-24,1.269,0.030869
2010-05-25,1.253,-0.012608
2010-05-26,1.253,0.0
2010-05-27,1.27,0.013567
2010-05-28,1.275,0.003937
2010-05-31,1.247,-0.021961
2010-06-01,1.23,-0.013633
2010-06-02,1.237,0.005691
2010-06-03,1.235,-0.001617
2010-06-04,1.237,0.001619
2010-06-07,1.232,-0.004042
2010-06-08,1.239,0.005682
2010-06-09,1.26,0.016949
2010-06-10,1.263,0.002381
2010-06-11,1.26,-0.002375
2010-06-17,1.237,-0.018254
2010-06-18,1.203,-0.027486
2010-06-21,1.229,0.021613
2010-06-22,1.231,0.001627
2010-06-23,1.227,-0.003249
2010-06-24,1.229,0.00163
2010-06-25,1.211,-0.014646
2010-06-28,1.195,-0.013212
2010-06-29,1.148,-0.039331
2010-06-30,1.139,-0.00784
2010-07-01,1.121,-0.015803
2010-07-02,1.12,-0.000892
2010-07-05,1.117,-0.002679
2010-07-06,1.137,0.017905
2010-07-07,1.149,0.010554
2010-07-08,1.156,0.006092
2010-07-09,1.183,0.023356
2010-07-12,1.189,0.005072
2010-07-13,1.172,-0.014298
2010-07-14,1.175,0.00256
2010-07-15,1.163,-0.010213
2010-07-16,1.164,0.00086
2010-07-19,1.183,0.016323
2010-07-20,1.209,0.021978
2010-07-21,1.21,0.000827
2010-07-22,1.226,0.013223
2010-07-23,1.232,0.004894
2010-07-26,1.244,0.00974
2010-07-27,1.242,-0.001608
2010-07-28,1.264,0.017713
2010-07-29,1.263,-0.000791
2010-07-30,1.26,-0.002375
2010-08-02,1.281,0.016667
2010-08-03,1.265,-0.01249
2010-08-04,1.274,0.007115
2010-08-05,1.276,0.00157
2010-08-06,1.299,0.018025
2010-08-09,1.325,0.020015
2010-08-10,1.289,-0.02717
2010-08-11,1.303,0.010861
2010-08-12,1.291,-0.00921
2010-08-13,1.31,0.014717
2010-08-16,1.338,0.021374
2010-08-17,1.353,0.011211
2010-08-18,1.358,0.003695
2010-08-19,1.356,-0.001473
2010-08-20,1.327,-0.021386
2010-08-23,1.328,0.000754
2010-08-24,1.34,0.009036
2010-08-25,1.322,-0.013433
2010-08-26,1.336,0.01059
2010-08-27,1.359,0.017216
2010-08-30,1.393,0.025018
2010-08-31,1.408,0.010768
2010-09-01,1.39,-0.012784
2010-09-02,1.406,0.011511
2010-09-03,1.412,0.004267
2010-09-06,1.405,-0.004958
2010-09-07,1.413,0.005694
2010-09-08,1.431,0.012739
2010-09-09,1.41,-0.014675
2010-09-10,1.425,0.010638
2010-09-13,1.445,0.014035
2010-09-14,1.454,0.006228
2010-09-15,1.422,-0.022008
2010-09-16,1.398,-0.016878
2010-09-17,1.404,0.004292
2010-09-20,1.395,-0.00641
2010-09-21,1.394,-0.000717
2010-09-27,1.421,0.019369
2010-09-28,1.409,-0.008445
2010-09-29,1.387,-0.015614
2010-09-30,1.408,0.015141
2010-10-08,1.441,0.023438
2010-10-11,1.431,-0.00694
2010-10-12,1.446,0.010482
2010-10-13,1.451,0.003458
2010-10-14,1.414,-0.0255
2010-10-15,1.417,0.002122
2010-10-18,1.398,-0.013409
2010-10-19,1.432,0.02432
2010-10-20,1.442,0.006983
2010-10-21,1.443,0.000693
2010-10-22,1.458,0.010395
2010-10-25,1.494,0.024691
2010-10-26,1.489,-0.003347
2010-10-27,1.471,-0.012089
2010-10-28,1.478,0.004759
2010-10-29,1.484,0.00406
2010-11-01,1.522,0.025606
2010-11-02,1.505,-0.01117
2010-11-03,1.48,-0.016611
2010-11-04,1.506,0.017568
2010-11-05,1.524,0.011952
2010-11-08,1.545,0.01378
2010-11-09,1.554,0.005825
2010-11-10,1.562,0.005148
2010-11-11,1.557,-0.003201
2010-11-12,1.478,-0.050739
2010-11-15,1.51,0.021651
2010-11-16,1.483,-0.017881
2010-11-17,1.429,-0.036413
2010-11-18,1.444,0.010497
2010-11-19,1.489,0.031163
2010-11-22,1.512,0.015447
2010-11-23,1.493,-0.012566
2010-11-24,1.528,0.023443
2010-11-25,1.538,0.006545
2010-11-26,1.532,-0.003901
2010-11-29,1.532,0.0
2010-11-30,1.505,-0.017624
2010-12-01,1.497,-0.005316
2010-12-02,1.501,0.002672
2010-12-03,1.486,-0.009993
2010-12-06,1.469,-0.01144
2010-12-07,1.5,0.021103
2010-12-08,1.495,-0.003333
2010-12-09,1.466,-0.019398
2010-12-10,1.479,0.008868
2010-12-13,1.523,0.02975
2010-12-14,1.531,0.005253
2010-12-15,1.52,-0.007185
2010-12-16,1.525,0.003289
2010-12-17,1.526,0.000656
2010-12-20,1.527,0.000655
2010-12-21,1.542,0.009823
2010-12-22,1.537,-0.003243
2010-12-23,1.506,-0.020169
2010-12-24,1.493,-0.008632
2010-12-27,1.459,-0.022773
2010-12-28,1.436,-0.015764
2010-12-29,1.465,0.020195
2010-12-30,1.478,0.008874
2010-12-31,1.514,0.024357
2011-01-04,1.524,0.006605
2011-01-05,1.515,-0.005906
2011-01-06,1.501,-0.009241
2011-01-07,1.486,-0.009993
2011-01-10,1.447,-0.026245
2011-01-11,1.438,-0.00622
2011-01-12,1.441,0.002086
2011-01-13,1.44,-0.000694
2011-01-14,1.419,-0.014583
2011-01-17,1.359,-0.042283
2011-01-18,1.366,0.005151
2011-01-19,1.398,0.023426
2011-01-20,1.357,-0.029328
2011-01-21,1.359,0.001474
2011-01-24,1.322,-0.027226
2011-01-25,1.307,-0.011346
2011-01-26,1.326,0.014537
2011-01-27,1.349,0.017345
2011-01-28,1.36,0.008154
2011-01-31,1.377,0.0125
2011-02-01,1.377,0.0
2011-02-09,1.369,-0.00581
2011-02-10,1.394,0.018262
2011-02-11,1.411,0.012195
2011-02-14,1.437,0.018427
2011-02-15,1.437,0.0
2011-02-16,1.462,0.017397
2011-02-17,1.462,0.0
2011-02-18,1.447,-0.01026
2011-02-21,1.469,0.015204
2011-02-22,1.443,-0.017699
2011-02-23,1.454,0.007623
2011-02-24,1.461,0.004814
2011-02-25,1.459,-0.001369
2011-02-28,1.478,0.013023
2011-03-01,1.482,0.002706
2011-03-02,1.478,-0.002699
2011-03-03,1.451,-0.018268
2011-03-04,1.463,0.00827
2011-03-07,1.478,0.010253
2011-03-08,1.48,0.001353
2011-03-09,1.483,0.002027
2011-03-10,1.468,-0.010115
2011-03-11,1.458,-0.006812
2011-03-14,1.466,0.005487
2011-03-15,1.452,-0.00955
2011-03-16,1.472,0.013774
2011-03-17,1.456,-0.01087
2011-03-18,1.458,0.001374
2011-03-21,1.452,-0.004115
2011-03-22,1.449,-0.002066
2011-03-23,1.462,0.008972
2011-03-24,1.464,0.001368
2011-03-25,1.477,0.00888
2011-03-28,1.471,-0.004062
2011-03-29,1.441,-0.020394
2011-03-30,1.431,-0.00694
2011-03-31,1.419,-0.008386
2011-04-01,1.43,0.007752
2011-04-06,1.425,-0.003497
2011-04-07,1.429,0.002807
2011-04-08,1.449,0.013996
2011-04-11,1.44,-0.006211
2011-04-12,1.434,-0.004167
2011-04-13,1.445,0.007671
2011-04-14,1.439,-0.004152
2011-04-15,1.433,-0.00417
2011-04-18,1.435,0.001396
2011-04-19,1.437,0.001394
2011-04-20,1.442,0.003479
2011-04-21,1.452,0.006935
2011-04-22,1.448,-0.002755
2011-04-25,1.424,-0.016575
2011-04-26,1.414,-0.007022
2011-04-27,1.399,-0.010608
2011-04-28,1.364,-0.025018
2011-04-29,1.381,0.012463
2011-05-03,1.391,0.007241
2011-05-04,1.357,-0.024443
2011-05-05,1.351,-0.004422
2011-05-06,1.349,-0.00148
2011-05-09,1.356,0.005189
2011-05-10,1.368,0.00885
2011-05-11,1.371,0.002193
2011-05-12,1.354,-0.0124
2011-05-13,1.357,0.002216
2011-05-16,1.35,-0.005158
2011-05-17,1.348,-0.001481
2011-05-18,1.353,0.003709
2011-05-19,1.35,-0.002217
2011-05-20,1.347,-0.002222
2011-05-23,1.3,-0.034892
2011-05-24,1.304,0.003077
2011-05-25,1.287,-0.013037
2011-05-26,1.273,-0.010878
2011-05-27,1.261,-0.009427
2011-05-30,1.258,-0.002379
2011-05-31,1.278,0.015898
2011-06-01,1.287,0.007042
2011-06-02,1.277,-0.00777
2011-06-03,1.297,0.015662
2011-06-07,1.306,0.006939
2011-06-08,1.304,-0.001531
2011-06-09,1.284,-0.015337
2011-06-10,1.278,-0.004673
2011-06-13,1.279,0.000782
2011-06-14,1.295,0.01251
2011-06-15,1.279,-0.012355
2011-06-16,1.258,-0.016419
2011-06-17,1.248,-0.007949
2011-06-20,1.242,-0.004808
2011-06-21,1.263,0.016908
2011-06-22,1.263,0.0
2011-06-23,1.284,0.016627
2011-06-24,1.304,0.015576
2011-06-27,1.315,0.008436
2011-06-28,1.321,0.004563
2011-06-29,1.31,-0.008327
2011-06-30,1.324,0.010687
2011-07-01,1.333,0.006798
2011-07-04,1.361,0.021005
2011-07-05,1.369,0.005878
2011-07-06,1.369,0.0
2011-07-07,1.374,0.003652
2011-07-08,1.374,0.0
2011-07-11,1.387,0.009461
2011-07-12,1.372,-0.010815
2011-07-13,1.392,0.014577
2011-07-14,1.397,0.003592
2011-07-15,1.403,0.004295
2011-07-18,1.401,-0.001426
2011-07-19,1.391,-0.007138
2011-07-20,1.39,-0.000719
2011-07-21,1.378,-0.008633
2011-07-22,1.384,0.004354
2011-07-25,1.351,-0.023844
2011-07-26,1.356,0.003701
2011-07-27,1.373,0.012537
2011-07-28,1.379,0.00437
2011-07-29,1.361,-0.013053
2011-08-01,1.367,0.004409
2011-08-02,1.367,0.0
2011-08-03,1.377,0.007315
2011-08-04,1.38,0.002179
2011-08-05,1.375,-0.003623
2011-08-08,1.34,-0.025455
2011-08-09,1.35,0.007463
2011-08-10,1.369,0.014074
2011-08-11,1.388,0.013879
2011-08-12,1.393,0.003602
2011-08-15,1.4,0.005025
2011-08-16,1.392,-0.005714
2011-08-17,1.38,-0.008621
2011-08-18,1.361,-0.013768
2011-08-19,1.355,-0.004409
2011-08-22,1.335,-0.01476
2011-08-23,1.352,0.012734
2011-08-24,1.354,0.001479
2011-08-25,1.372,0.013294
2011-08-26,1.375,0.002187
2011-08-29,1.374,-0.000727
2011-08-30,1.369,-0.003639
2011-08-31,1.363,-0.004383
2011-09-01,1.351,-0.008804
2011-09-02,1.335,-0.011843
2011-09-05,1.306,-0.021723
2011-09-06,1.29,-0.012251
2011-09-07,1.313,0.017829
2011-09-08,1.304,-0.006855
2011-09-09,1.293,-0.008436
2011-09-13,1.275,-0.013921
2011-09-14,1.283,0.006275
2011-09-15,1.287,0.003118
2011-09-16,1.292,0.003885
2011-09-19,1.27,-0.017028
2011-09-20,1.269,-0.000787
2011-09-21,1.302,0.026005
2011-09-22,1.27,-0.024578
2011-09-23,1.263,-0.005512
2011-09-26,1.25,-0.010293
2011-09-27,1.253,0.0024
2011-09-28,1.244,-0.007183
2011-09-29,1.224,-0.016077
2011-09-30,1.225,0.000817
2011-10-10,1.211,-0.011429
2011-10-11,1.194,-0.014038
2011-10-12,1.225,0.025963
2011-10-13,1.238,0.010612
2011-10-14,1.231,-0.005654
2011-10-17,1.24,0.007311
2011-10-18,1.214,-0.020968
2011-10-19,1.201,-0.010708
2011-10-20,1.172,-0.024147
2011-10-21,1.152,-0.017065
2011-10-24,1.166,0.012153
2011-10-25,1.196,0.025729
2011-10-26,1.21,0.011706
2011-10-27,1.209,-0.000826
2011-10-28,1.232,0.019024
2011-10-31,1.236,0.003247
2011-11-01,1.242,0.004854
2011-11-02,1.256,0.011272
2011-11-03,1.261,0.003981
2011-11-04,1.266,0.003965
2011-11-07,1.257,-0.007109
2011-11-08,1.25,-0.005569
2011-11-09,1.262,0.0096
2011-11-10,1.251,-0.008716
2011-11-11,1.245,-0.004796
2011-11-14,1.271,0.020884
2011-11-15,1.272,0.000787
2011-11-16,1.242,-0.023585
2011-11-17,1.242,0.0
2011-11-18,1.22,-0.017713
2011-11-21,1.217,-0.002459
2011-11-22,1.212,-0.004108
2011-11-23,1.211,-0.000825
2011-11-24,1.209,-0.001652
2011-11-25,1.204,-0.004136
2011-11-28,1.21,0.004983
2011-11-29,1.227,0.01405
2011-11-30,1.197,-0.02445
2011-12-01,1.215,0.015038
2011-12-02,1.197,-0.014815
2011-12-05,1.165,-0.026734
2011-12-06,1.165,0.0
2011-12-07,1.165,0.0
2011-12-08,1.162,-0.002575
2011-12-09,1.152,-0.008606
2011-12-12,1.145,-0.006076
2011-12-13,1.124,-0.018341
2011-12-14,1.111,-0.011566
2011-12-15,1.097,-0.012601
2011-12-16,1.117,0.018232
2011-12-19,1.122,0.004476
2011-12-20,1.119,-0.002674
2011-12-21,1.103,-0.014298
2011-12-22,1.101,-0.001813
2011-12-23,1.105,0.003633
2011-12-26,1.095,-0.00905
2011-12-27,1.077,-0.016438
2011-12-28,1.072,-0.004643
2011-12-29,1.073,0.000933
2011-12-30,1.088,0.013979
2011-12-31,1.088,0.0
2012-01-04,1.06,-0.025735
2012-01-05,1.025,-0.033019
2012-01-06,1.02,-0.004878
2012-01-09,1.045,0.02451
2012-01-10,1.077,0.030622
2012-01-11,1.078,0.000929
2012-01-12,1.073,-0.004638
2012-01-13,1.04,-0.030755
2012-01-16,1.003,-0.035577
2012-01-17,1.04,0.036889
2012-01-18,1.015,-0.024038
2012-01-19,1.032,0.016749
2012-01-20,1.052,0.01938
2012-01-30,1.046,-0.005703
2012-01-31,1.046,0.0
2012-02-01,1.041,-0.00478
2012-02-02,1.057,0.01537
2012-02-03,1.067,0.009461
2012-02-06,1.079,0.011246
2012-02-07,1.066,-0.012048
2012-02-08,1.09,0.022514
2012-02-09,1.093,0.002752
2012-02-10,1.1,0.006404
2012-02-13,1.104,0.003636
2012-02-14,1.098,-0.005435
2012-02-15,1.107,0.008197
2012-02-16,1.103,-0.003613
2012-02-17,1.1,-0.00272
2012-02-20,1.104,0.003636
2012-02-21,1.117,0.011775
2012-02-22,1.133,0.014324
2012-02-23,1.138,0.004413
2012-02-24,1.154,0.01406
2012-02-27,1.157,0.0026
2012-02-28,1.146,-0.009507
2012-02-29,1.139,-0.006108
2012-03-01,1.138,-0.000878
2012-03-02,1.155,0.014938
2012-03-05,1.149,-0.005195
2012-03-06,1.135,-0.012185
2012-03-07,1.131,-0.003524
2012-03-08,1.145,0.012378
2012-03-09,1.164,0.016594
2012-03-12,1.17,0.005155
2012-03-13,1.184,0.011966
2012-03-14,1.16,-0.02027
2012-03-15,1.159,-0.000862
2012-03-16,1.184,0.02157
2012-03-19,1.184,0.0
2012-03-20,1.159,-0.021115
2012-03-21,1.156,-0.002588
2012-03-22,1.152,-0.00346
2012-03-23,1.138,-0.012153
2012-03-26,1.141,0.002636
2012-03-27,1.13,-0.009641
2012-03-28,1.097,-0.029204
2012-03-29,1.091,-0.005469
2012-03-30,1.089,-0.001833
2012-03-31,1.089,0.0
2012-04-05,1.118,0.02663
2012-04-06,1.129,0.009839
2012-04-09,1.119,-0.008857
2012-04-10,1.126,0.006256
2012-04-11,1.124,-0.001776
2012-04-12,1.139,0.013345
2012-04-13,1.143,0.003512
2012-04-16,1.141,-0.00175
2012-04-17,1.127,-0.01227
2012-04-18,1.144,0.015084
2012-04-19,1.14,-0.003497
2012-04-20,1.143,0.002632
2012-04-23,1.13,-0.011374
2012-04-24,1.122,-0.00708
2012-04-25,1.128,0.005348
2012-04-26,1.127,-0.000887
2012-04-27,1.127,0.0
2012-05-02,1.147,0.017746
2012-05-03,1.157,0.008718
2012-05-04,1.17,0.011236
2012-05-07,1.176,0.005128
2012-05-08,1.171,-0.004252
2012-05-09,1.151,-0.017079
2012-05-10,1.152,0.000869
2012-05-11,1.15,-0.001736
2012-05-14,1.139,-0.009565
2012-05-15,1.139,0.0
2012-05-16,1.13,-0.007902
2012-05-17,1.138,0.00708
2012-05-18,1.126,-0.010545
2012-05-21,1.135,0.007993
2012-05-22,1.151,0.014097
2012-05-23,1.155,0.003475
2012-05-24,1.142,-0.011255
2012-05-25,1.127,-0.013135
2012-05-28,1.147,0.017746
2012-05-29,1.167,0.017437
2012-05-30,1.169,0.001714
2012-05-31,1.17,0.000855
2012-06-01,1.17,0.0
2012-06-04,1.147,-0.019658
2012-06-05,1.145,-0.001744
2012-06-06,1.14,-0.004367
2012-06-07,1.135,-0.004386
2012-06-08,1.135,0.0
2012-06-11,1.154,0.01674
2012-06-12,1.161,0.006066
2012-06-13,1.183,0.018949
2012-06-14,1.175,-0.006762
2012-06-15,1.164,-0.009362
2012-06-18,1.178,0.012027
2012-06-19,1.166,-0.010187
2012-06-20,1.155,-0.009434
2012-06-21,1.146,-0.007792
2012-06-25,1.133,-0.011344
2012-06-26,1.128,-0.004413
2012-06-27,1.136,0.007092
2012-06-28,1.13,-0.005282
2012-06-29,1.144,0.012389
2012-06-30,1.144,0.0
2012-07-02,1.155,0.009615
2012-07-03,1.159,0.003463
2012-07-04,1.151,-0.006903
2012-07-05,1.139,-0.010426
2012-07-06,1.173,0.029851
2012-07-09,1.17,-0.002558
2012-07-10,1.161,-0.007692
2012-07-11,1.169,0.006891
2012-07-12,1.186,0.014542
2012-07-13,1.191,0.004216
2012-07-16,1.168,-0.019312
2012-07-17,1.164,-0.003425
2012-07-18,1.152,-0.010309
2012-07-19,1.154,0.001736
2012-07-20,1.145,-0.007799
2012-07-23,1.129,-0.013974
2012-07-24,1.138,0.007972
2012-07-25,1.137,-0.000879
2012-07-26,1.133,-0.003518
2012-07-27,1.124,-0.007944
2012-07-30,1.12,-0.003559
2012-07-31,1.118,-0.001786
2012-08-01,1.129,0.009839
2012-08-02,1.119,-0.008857
2012-08-03,1.133,0.012511
2012-08-06,1.15,0.015004
2012-08-07,1.159,0.007826
2012-08-08,1.153,-0.005177
2012-08-09,1.176,0.019948
2012-08-10,1.172,-0.003401
2012-08-13,1.157,-0.012799
2012-08-14,1.151,-0.005186
2012-08-15,1.149,-0.001738
2012-08-16,1.14,-0.007833
2012-08-17,1.128,-0.010526
2012-08-20,1.129,0.000887
2012-08-21,1.138,0.007972
2012-08-22,1.131,-0.006151
2012-08-23,1.123,-0.007073
2012-08-24,1.116,-0.006233
2012-08-27,1.103,-0.011649
2012-08-28,1.099,-0.003626
2012-08-29,1.095,-0.00364
2012-08-30,1.077,-0.016438
2012-08-31,1.081,0.003714
2012-09-03,1.101,0.018501
2012-09-04,1.1,-0.000908
2012-09-05,1.104,0.003636
2012-09-06,1.106,0.001812
2012-09-07,1.134,0.025316
2012-09-10,1.135,0.000882
2012-09-11,1.131,-0.003524
2012-09-12,1.134,0.002653
2012-09-13,1.126,-0.007055
2012-09-14,1.117,-0.007993
2012-09-17,1.102,-0.013429
2012-09-18,1.1,-0.001815
2012-09-19,1.098,-0.001818
2012-09-20,1.084,-0.01275
2012-09-21,1.08,-0.00369
2012-09-24,1.087,0.006481
2012-09-25,1.09,0.00276
2012-09-26,1.076,-0.012844
2012-09-27,1.094,0.016729
2012-09-28,1.112,0.016453
2012-09-30,1.112,0.0
2012-10-08,1.108,-0.003597
2012-10-09,1.127,0.017148
2012-10-10,1.13,0.002662
2012-10-11,1.117,-0.011504
2012-10-12,1.11,-0.006267
2012-10-15,1.109,-0.000901
2012-10-16,1.121,0.010821
2012-10-17,1.123,0.001784
2012-10-18,1.137,0.012467
2012-10-19,1.134,-0.002639
2012-10-22,1.138,0.003527
2012-10-23,1.119,-0.016696
2012-10-24,1.116,-0.002681
2012-10-25,1.108,-0.007168
2012-10-26,1.104,-0.00361
2012-10-29,1.105,0.000906
2012-10-30,1.107,0.00181
2012-10-31,1.117,0.009033
2012-11-01,1.127,0.008953
2012-11-02,1.124,-0.002662
2012-11-05,1.114,-0.008897
2012-11-06,1.109,-0.004488
2012-11-07,1.108,-0.000902
2012-11-08,1.096,-0.01083
2012-11-09,1.085,-0.010036
2012-11-12,1.08,-0.004608
2012-11-13,1.07,-0.009259
2012-11-14,1.074,0.003738
2012-11-15,1.07,-0.003724
2012-11-16,1.062,-0.007477
2012-11-19,1.051,-0.010358
2012-11-20,1.052,0.000951
2012-11-21,1.056,0.003802
2012-11-22,1.043,-0.012311
2012-11-23,1.046,0.002876
2012-11-26,1.027,-0.018164
2012-11-27,1.02,-0.006816
2012-11-28,1.016,-0.003922
2012-11-29,1.02,0.003937
2012-11-30,1.032,0.011765
2012-12-03,1.019,-0.012597
2012-12-04,1.022,0.002944
2012-12-05,1.04,0.017613
2012-12-06,1.036,-0.003846
2012-12-07,1.041,0.004826
2012-12-10,1.049,0.007685
2012-12-11,1.048,-0.000953
2012-12-12,1.05,0.001908
2012-12-13,1.041,-0.008571
2012-12-14,1.072,0.029779
2012-12-17,1.067,-0.004664
2012-12-18,1.062,-0.004686
2012-12-19,1.069,0.006591
2012-12-20,1.076,0.006548
2012-12-21,1.078,0.001859
2012-12-24,1.084,0.005566
2012-12-25,1.104,0.01845
2012-12-26,1.114,0.009058
2012-12-27,1.11,-0.003591
2012-12-28,1.124,0.012613
2012-12-31,1.135,0.009786
2013-01-04,1.118,-0.014978
2013-01-07,1.123,0.004472
2013-01-08,1.127,0.003562
2013-01-09,1.134,0.006211
2013-01-10,1.134,0.0
2013-01-11,1.118,-0.014109
2013-01-14,1.156,0.033989
2013-01-15,1.166,0.008651
2013-01-16,1.165,-0.000858
2013-01-17,1.16,-0.004292
2013-01-18,1.177,0.014655
2013-01-21,1.178,0.00085
2013-01-22,1.163,-0.012733
2013-01-23,1.163,0.0
2013-01-24,1.147,-0.013758
2013-01-25,1.153,0.005231
2013-01-28,1.178,0.021683
2013-01-29,1.189,0.009338
2013-01-30,1.191,0.001682
2013-01-31,1.184,-0.005877
2013-02-01,1.198,0.011824
2013-02-04,1.188,-0.008347
2013-02-05,1.202,0.011785
2013-02-06,1.215,0.010815
2013-02-07,1.233,0.014815
2013-02-08,1.247,0.011354
2013-02-18,1.237,-0.008019
2013-02-19,1.212,-0.02021
2013-02-20,1.237,0.020627
2013-02-21,1.215,-0.017785
2013-02-22,1.213,-0.001646
2013-02-25,1.22,0.005771
2013-02-26,1.207,-0.010656
2013-02-27,1.205,-0.001657
2013-02-28,1.23,0.020747
2013-03-01,1.247,0.013821
2013-03-04,1.212,-0.028067
2013-03-05,1.235,0.018977
2013-03-06,1.241,0.004858
2013-03-07,1.221,-0.016116
2013-03-08,1.211,-0.00819
2013-03-11,1.22,0.007432
2013-03-12,1.201,-0.015574
2013-03-13,1.195,-0.004996
2013-03-14,1.22,0.020921
2013-03-15,1.219,-0.00082
2013-03-18,1.207,-0.009844
2013-03-19,1.206,-0.000829
2013-03-20,1.235,0.024046
2013-03-21,1.249,0.011336
2013-03-22,1.251,0.001601
2013-03-25,1.252,0.000799
2013-03-26,1.258,0.004792
2013-03-27,1.261,0.002385
2013-03-28,1.245,-0.012688
2013-03-29,1.247,0.001606
2013-04-01,1.254,0.005613
2013-04-02,1.226,-0.022329
2013-04-03,1.215,-0.008972
2013-04-08,1.236,0.017284
2013-04-09,1.242,0.004854
2013-04-10,1.233,-0.007246
2013-04-11,1.232,-0.000811
2013-04-12,1.228,-0.003247
2013-04-15,1.226,-0.001629
2013-04-16,1.24,0.011419
2013-04-17,1.27,0.024194
2013-04-18,1.265,-0.003937
2013-04-19,1.29,0.019763
2013-04-22,1.304,0.010853
2013-04-23,1.28,-0.018405
2013-04-24,1.313,0.025781
2013-04-25,1.285,-0.021325
2013-04-26,1.268,-0.01323
2013-05-02,1.291,0.018139
2013-05-03,1.309,0.013943
2013-05-06,1.319,0.007639
2013-05-07,1.312,-0.005307
2013-05-08,1.328,0.012195
2013-05-09,1.318,-0.00753
2013-05-10,1.319,0.000759
2013-05-13,1.314,-0.003791
2013-05-14,1.296,-0.013699
2013-05-15,1.318,0.016975
2013-05-16,1.332,0.010622
2013-05-17,1.363,0.023273
2013-05-20,1.373,0.007337
2013-05-21,1.39,0.012382
2013-05-22,1.379,-0.007914
2013-05-23,1.369,-0.007252
2013-05-24,1.382,0.009496
2013-05-27,1.395,0.009407
2013-05-28,1.396,0.000717
2013-05-29,1.397,0.000716
2013-05-30,1.392,-0.003579
2013-05-31,1.375,-0.012213
2013-06-03,1.361,-0.010182
2013-06-04,1.343,-0.013226
2013-06-05,1.353,0.007446
2013-06-06,1.339,-0.010347
2013-06-07,1.324,-0.011202
2013-06-13,1.3,-0.018127
2013-06-14,1.333,0.025385
2013-06-17,1.335,0.0015
2013-06-18,1.334,-0.000749
2013-06-19,1.335,0.00075
2013-06-20,1.306,-0.021723
2013-06-21,1.308,0.001531
2013-06-24,1.249,-0.045107
2013-06-25,1.247,-0.001601
2013-06-26,1.276,0.023256
2013-06-27,1.28,0.003135
2013-06-28,1.293,0.010156
2013-06-30,1.293,0.0
2013-07-01,1.323,0.023202
2013-07-02,1.341,0.013605
2013-07-03,1.352,0.008203
2013-07-04,1.353,0.00074
2013-07-05,1.348,-0.003695
2013-07-08,1.319,-0.021513
2013-07-09,1.324,0.003791
2013-07-10,1.344,0.015106
2013-07-11,1.372,0.020833
2013-07-12,1.373,0.000729
2013-07-15,1.401,0.020393
2013-07-16,1.406,0.003569
2013-07-17,1.379,-0.019203
2013-07-18,1.366,-0.009427
2013-07-19,1.345,-0.015373
2013-07-22,1.358,0.009665
2013-07-23,1.394,0.02651
2013-07-24,1.4,0.004304
2013-07-25,1.377,-0.016429
2013-07-26,1.368,-0.006536
2013-07-29,1.342,-0.019006
2013-07-30,1.332,-0.007452
2013-07-31,1.329,-0.002252
2013-08-01,1.359,0.022573
2013-08-02,1.363,0.002943
2013-08-05,1.378,0.011005
2013-08-06,1.388,0.007257
2013-08-07,1.384,-0.002882
2013-08-08,1.386,0.001445
2013-08-09,1.387,0.000722
2013-08-12,1.39,0.002163
2013-08-13,1.386,-0.002878
2013-08-14,1.38,-0.004329
2013-08-15,1.357,-0.016667
2013-08-16,1.336,-0.015475
2013-08-19,1.364,0.020958
2013-08-20,1.366,0.001466
2013-08-21,1.362,-0.002928
2013-08-22,1.37,0.005874
2013-08-23,1.373,0.00219
2013-08-26,1.39,0.012382
2013-08-27,1.391,0.000719
2013-08-28,1.368,-0.016535
2013-08-29,1.367,-0.000731
2013-08-30,1.351,-0.011704
2013-09-02,1.37,0.014064
2013-09-03,1.392,0.016058
2013-09-04,1.392,0.0
2013-09-05,1.398,0.00431
2013-09-06,1.395,-0.002146
2013-09-09,1.396,0.000717
2013-09-10,1.389,-0.005014
2013-09-11,1.366,-0.016559
2013-09-12,1.367,0.000732
2013-09-13,1.385,0.013168
2013-09-16,1.395,0.00722
2013-09-17,1.388,-0.005018
2013-09-18,1.388,0.0
2013-09-23,1.423,0.025216
2013-09-24,1.437,0.009838
2013-09-25,1.426,-0.007655
2013-09-26,1.425,-0.000701
2013-09-27,1.437,0.008421
2013-09-30,1.444,0.004871
2013-10-08,1.458,0.009695
2013-10-09,1.465,0.004801
2013-10-10,1.468,0.002048
2013-10-11,1.462,-0.004087
2013-10-14,1.468,0.004104
2013-10-15,1.467,-0.000681
2013-10-16,1.448,-0.012952
2013-10-17,1.452,0.002762
2013-10-18,1.457,0.003444
2013-10-21,1.498,0.02814
2013-10-22,1.485,-0.008678
2013-10-23,1.448,-0.024916
2013-10-24,1.443,-0.003453
2013-10-25,1.421,-0.015246
2013-10-28,1.434,0.009148
2013-10-29,1.42,-0.009763
2013-10-30,1.439,0.01338
2013-10-31,1.397,-0.029187
2013-11-01,1.393,-0.002863
2013-11-04,1.399,0.004307
2013-11-05,1.409,0.007148
2013-11-06,1.395,-0.009936
2013-11-07,1.373,-0.015771
2013-11-08,1.359,-0.010197
2013-11-11,1.377,0.013245
2013-11-12,1.384,0.005084
2013-11-13,1.364,-0.014451
2013-11-14,1.385,0.015396
2013-11-15,1.405,0.01444
2013-11-18,1.423,0.012811
2013-11-19,1.412,-0.00773
2013-11-20,1.417,0.003541
2013-11-21,1.407,-0.007057
2013-11-22,1.399,-0.005686
2013-11-25,1.393,-0.004289
2013-11-26,1.392,-0.000718
2013-11-27,1.409,0.012213
2013-11-28,1.425,0.011356
2013-11-29,1.426,0.000702
2013-12-02,1.382,-0.030856
2013-12-03,1.407,0.01809
2013-12-04,1.417,0.007107
2013-12-05,1.404,-0.009174
2013-12-06,1.397,-0.004986
2013-12-09,1.407,0.007158
2013-12-10,1.403,-0.002843
2013-12-11,1.394,-0.006415
2013-12-12,1.405,0.007891
2013-12-13,1.413,0.005694
2013-12-16,1.403,-0.007077
2013-12-17,1.403,0.0
2013-12-18,1.401,-0.001426
2013-12-19,1.391,-0.007138
2013-12-20,1.39,-0.000719
2013-12-23,1.391,0.000719
2013-12-24,1.4,0.00647
2013-12-25,1.419,0.013571
2013-12-26,1.413,-0.004228
2013-12-27,1.428,0.010616
2013-12-30,1.435,0.004902
2013-12-31,1.439,0.002787
2014-01-02,1.449,0.006949
2014-01-03,1.453,0.002761
2014-01-06,1.42,-0.022712
2014-01-07,1.432,0.008451
2014-01-08,1.45,0.01257
2014-01-09,1.433,-0.011724
2014-01-10,1.405,-0.019539
2014-01-13,1.391,-0.009964
2014-01-14,1.412,0.015097
2014-01-15,1.434,0.015581
2014-01-16,1.431,-0.002092
2014-01-17,1.407,-0.016771
2014-01-20,1.388,-0.013504
2014-01-21,1.395,0.005043
2014-01-22,1.422,0.019355
2014-01-23,1.431,0.006329
2014-01-24,1.441,0.006988
2014-01-27,1.418,-0.015961
2014-01-28,1.408,-0.007052
2014-01-29,1.407,-0.00071
2014-01-30,1.396,-0.007818
2014-02-07,1.417,0.015043
2014-02-10,1.459,0.02964
2014-02-11,1.455,-0.002742
2014-02-12,1.453,-0.001375
2014-02-13,1.437,-0.011012
2014-02-14,1.456,0.013222
2014-02-17,1.464,0.005495
2014-02-18,1.457,-0.004781
2014-02-19,1.447,-0.006863
2014-02-20,1.43,-0.011748
2014-02-21,1.424,-0.004196
2014-02-24,1.431,0.004916
2014-02-25,1.383,-0.033543
2014-02-26,1.375,-0.005785
2014-02-27,1.339,-0.026182
2014-02-28,1.358,0.01419
2014-03-03,1.385,0.019882
2014-03-04,1.371,-0.010108
2014-03-05,1.36,-0.008023
2014-03-06,1.361,0.000735
2014-03-07,1.36,-0.000735
2014-03-10,1.323,-0.027206
2014-03-11,1.327,0.003023
2014-03-12,1.327,0.0
2014-03-13,1.343,0.012057
2014-03-14,1.342,-0.000745
2014-03-17,1.359,0.012668
2014-03-18,1.36,0.000736
2014-03-19,1.341,-0.013971
2014-03-20,1.304,-0.027591
2014-03-21,1.321,0.013037
2014-03-24,1.307,-0.010598
2014-03-25,1.307,0.0
2014-03-26,1.325,0.013772
2014-03-27,1.295,-0.022642
2014-03-28,1.271,-0.018533
2014-03-31,1.268,-0.00236
2014-04-01,1.287,0.014984
2014-04-02,1.276,-0.008547
2014-04-03,1.271,-0.003918
2014-04-04,1.289,0.014162
2014-04-08,1.312,0.017843
2014-04-09,1.325,0.009909
2014-04-10,1.329,0.003019
2014-04-11,1.323,-0.004515
2014-04-14,1.33,0.005291
2014-04-15,1.325,-0.003759
2014-04-16,1.315,-0.007547
2014-04-17,1.322,0.005323
2014-04-18,1.328,0.004539
2014-04-21,1.324,-0.003012
2014-04-22,1.306,-0.013595
2014-04-23,1.299,-0.00536
2014-04-24,1.287,-0.009238
2014-04-25,1.264,-0.017871
2014-04-28,1.241,-0.018196
2014-04-29,1.254,0.010475
2014-04-30,1.27,0.012759
2014-05-05,1.284,0.011024
2014-05-06,1.293,0.007009
2014-05-07,1.274,-0.014695
2014-05-08,1.269,-0.003925
2014-05-09,1.261,-0.006304
2014-05-12,1.272,0.008723
2014-05-13,1.273,0.000786
2014-05-14,1.273,0.0
2014-05-15,1.257,-0.012569
2014-05-16,1.244,-0.010342
2014-05-19,1.238,-0.004823
2014-05-20,1.245,0.005654
2014-05-21,1.259,0.011245
2014-05-22,1.264,0.003971
2014-05-23,1.278,0.011076
2014-05-26,1.296,0.014085
2014-05-27,1.292,-0.003086
2014-05-28,1.306,0.010836
2014-05-29,1.296,-0.007657
2014-05-30,1.301,0.003858
2014-06-03,1.296,-0.003843
2014-06-04,1.287,-0.006944
2014-06-05,1.303,0.012432
2014-06-06,1.303,0.0
2014-06-09,1.291,-0.00921
2014-06-10,1.304,0.01007
2014-06-11,1.311,0.005368
2014-06-12,1.31,-0.000763
2014-06-13,1.32,0.007634
2014-06-16,1.321,0.000758
2014-06-17,1.306,-0.011355
2014-06-18,1.298,-0.006126
2014-06-19,1.274,-0.01849
2014-06-20,1.288,0.010989
2014-06-23,1.307,0.014752
2014-06-24,1.313,0.004591
2014-06-25,1.313,0.0
2014-06-26,1.337,0.018279
2014-06-27,1.344,0.005236
2014-06-30,1.351,0.005208
2014-07-01,1.356,0.003701
2014-07-02,1.356,0.0
2014-07-03,1.355,-0.000737
2014-07-04,1.356,0.000738
2014-07-07,1.345,-0.008112
2014-07-08,1.349,0.002974
2014-07-09,1.334,-0.011119
2014-07-10,1.322,-0.008996
2014-07-11,1.328,0.004539
2014-07-14,1.339,0.008283
2014-07-15,1.339,0.0
2014-07-16,1.325,-0.010456
2014-07-17,1.315,-0.007547
2014-07-18,1.319,0.003042
2014-07-21,1.323,0.003033
2014-07-22,1.337,0.010582
2014-07-23,1.324,-0.009723
2014-07-24,1.323,-0.000755
2014-07-25,1.329,0.004535
2014-07-28,1.353,0.018059
2014-07-29,1.358,0.003695
2014-07-30,1.362,0.002946
2014-07-31,1.375,0.009545
2014-08-01,1.37,-0.003636
2014-08-04,1.387,0.012409
2014-08-05,1.393,0.004326
2014-08-06,1.39,-0.002154
2014-08-07,1.38,-0.007194
2014-08-08,1.388,0.005797
2014-08-11,1.41,0.01585
2014-08-12,1.419,0.006383
2014-08-13,1.413,-0.004228
2014-08-14,1.404,-0.006369
2014-08-15,1.413,0.00641
2014-08-18,1.426,0.0092
2014-08-19,1.434,0.00561
2014-08-20,1.428,-0.004184
2014-08-21,1.429,0.0007
2014-08-22,1.442,0.009097
2014-08-25,1.43,-0.008322
2014-08-26,1.415,-0.01049
2014-08-27,1.418,0.00212
2014-08-28,1.413,-0.003526
2014-08-29,1.424,0.007785
2014-09-01,1.45,0.018258
2014-09-02,1.466,0.011034
2014-09-03,1.476,0.006821
2014-09-04,1.477,0.000678
2014-09-05,1.481,0.002708
2014-09-09,1.479,-0.00135
2014-09-10,1.477,-0.001352
2014-09-11,1.464,-0.008802
2014-09-12,1.472,0.005464
2014-09-15,1.475,0.002038
2014-09-16,1.436,-0.026441
2014-09-17,1.443,0.004875
2014-09-18,1.457,0.009702
2014-09-19,1.47,0.008922
2014-09-22,1.453,-0.011565
2014-09-23,1.463,0.006882
2014-09-24,1.475,0.008202
2014-09-25,1.475,0.0
2014-09-26,1.481,0.004068
2014-09-29,1.485,0.002701
2014-09-30,1.488,0.00202
2014-10-08,1.504,0.010753
2014-10-09,1.513,0.005984
2014-10-10,1.503,-0.006609
2014-10-13,1.487,-0.010645
2014-10-14,1.476,-0.007397
2014-10-15,1.475,-0.000678
2014-10-16,1.454,-0.014237
2014-10-17,1.449,-0.003439
2014-10-20,1.469,0.013803
2014-10-21,1.457,-0.008169
2014-10-22,1.439,-0.012354
2014-10-23,1.42,-0.013204
2014-10-24,1.425,0.003521
2014-10-27,1.44,0.010526
2014-10-28,1.461,0.014583
2014-10-29,1.466,0.003422
2014-10-30,1.461,-0.003411
2014-10-31,1.452,-0.00616
2014-11-03,1.449,-0.002066
2014-11-04,1.431,-0.012422
2014-11-05,1.429,-0.001398
2014-11-06,1.437,0.005598
2014-11-07,1.433,-0.002784
2014-11-10,1.443,0.006978
2014-11-11,1.409,-0.023562
2014-11-12,1.424,0.010646
2014-11-13,1.413,-0.007725
2014-11-14,1.419,0.004246
2014-11-17,1.43,0.007752
2014-11-18,1.429,-0.000699
2014-11-19,1.437,0.005598
2014-11-20,1.433,-0.002784
2014-11-21,1.446,0.009072
2014-11-24,1.454,0.005533
2014-11-25,1.465,0.007565
2014-11-26,1.464,-0.000683
2014-11-27,1.465,0.000683
2014-11-28,1.465,0.0
2014-12-01,1.457,-0.005461
2014-12-02,1.472,0.010295
2014-12-03,1.47,-0.001359
2014-12-04,1.494,0.016327
2014-12-05,1.47,-0.016064
2014-12-08,1.467,-0.002041
2014-12-09,1.425,-0.02863
2014-12-10,1.46,0.024561
2014-12-11,1.464,0.00274
2014-12-12,1.475,0.007514
2014-12-15,1.495,0.013559
2014-12-16,1.503,0.005351
2014-12-17,1.487,-0.010645
2014-12-18,1.489,0.001345
2014-12-19,1.475,-0.009402
2014-12-22,1.431,-0.029831
2014-12-23,1.402,-0.020266
2014-12-24,1.403,0.000713
2014-12-25,1.428,0.017819
2014-12-26,1.449,0.014706
2014-12-29,1.44,-0.006211
2014-12-30,1.429,-0.007639
2014-12-31,1.452,0.016095
2015-01-05,1.481,0.019972
2015-01-06,1.469,-0.008103
2015-01-07,1.466,-0.002042
2015-01-08,1.446,-0.013643
2015-01-09,1.448,0.001383
2015-01-12,1.448,0.0
2015-01-13,1.464,0.01105
2015-01-14,1.456,-0.005464
2015-01-15,1.476,0.013736
2015-01-16,1.49,0.009485
2015-01-19,1.436,-0.036242
2015-01-20,1.478,0.029248
2015-01-21,1.506,0.018945
2015-01-22,1.526,0.01328
2015-01-23,1.508,-0.011796
2015-01-26,1.533,0.016578
2015-01-27,1.535,0.001305
2015-01-28,1.53,-0.003257
2015-01-29,1.523,-0.004575
2015-01-30,1.516,-0.004596
2015-02-02,1.521,0.003298
2015-02-03,1.548,0.017751
2015-02-04,1.557,0.005814
2015-02-05,1.573,0.010276
2015-02-06,1.561,-0.007629
2015-02-09,1.547,-0.008969
2015-02-10,1.573,0.016807
2015-02-11,1.605,0.020343
2015-02-12,1.601,-0.002492
2015-02-13,1.621,0.012492
2015-02-16,1.667,0.028378
2015-02-17,1.69,0.013797
2015-02-25,1.66,-0.017751
2015-02-26,1.666,0.003614
2015-02-27,1.676,0.006002
2015-03-02,1.717,0.024463
2015-03-03,1.726,0.005242
2015-03-04,1.762,0.020857
2015-03-05,1.747,-0.008513
2015-03-06,1.706,-0.023469
2015-03-09,1.749,0.025205
2015-03-10,1.781,0.018296
2015-03-11,1.77,-0.006176
2015-03-12,1.766,-0.00226
2015-03-13,1.8,0.019253
2015-03-16,1.865,0.036111
2015-03-17,1.875,0.005362
2015-03-18,1.888,0.006933
2015-03-19,1.899,0.005826
2015-03-20,1.935,0.018957
2015-03-23,1.998,0.032558
2015-03-24,2.04,0.021021
2015-03-25,2.043,0.001471
2015-03-26,1.976,-0.032795
2015-03-27,1.979,0.001518
2015-03-30,1.976,-0.001516
2015-03-31,2.0,0.012146
2015-04-01,2.045,0.0225
2015-04-02,2.065,0.00978
2015-04-03,2.088,0.011138
2015-04-07,2.125,0.01772
2015-04-08,2.083,-0.019765
2015-04-09,2.116,0.015843
2015-04-10,2.168,0.024575
2015-04-13,2.226,0.026753
2015-04-14,2.232,0.002695
2015-04-15,2.147,-0.038082
2015-04-16,2.187,0.018631
2015-04-17,2.19,0.001372
2015-04-20,2.099,-0.041553
2015-04-21,2.171,0.034302
2015-04-22,2.248,0.035468
2015-04-23,2.288,0.017794
2015-04-24,2.312,0.01049
2015-04-27,2.318,0.002595
2015-04-28,2.297,-0.00906
2015-04-29,2.367,0.030475
2015-04-30,2.452,0.03591
2015-05-04,2.428,-0.009788
2015-05-05,2.384,-0.018122
2015-05-06,2.443,0.024748
2015-05-07,2.435,-0.003275
2015-05-08,2.543,0.044353
2015-05-11,2.676,0.0523
2015-05-12,2.753,0.028774
2015-05-13,2.778,0.009081
2015-05-14,2.744,-0.012239
2015-05-15,2.779,0.012755
2015-05-18,2.832,0.019072
2015-05-19,2.869,0.013065
2015-05-20,2.925,0.019519
2015-05-21,3.012,0.029744
2015-05-22,3.019,0.002324
2015-05-25,3.034,0.004969
2015-05-26,3.12,0.028345
2015-05-27,3.096,-0.007692
2015-05-28,2.958,-0.044574
2015-05-29,3.008,0.016903
2015-06-01,3.136,0.042553
2015-06-02,3.254,0.037628
2015-06-03,3.337,0.025507
2015-06-04,3.283,-0.016182
2015-06-05,3.26,-0.007006
2015-06-08,3.152,-0.033129
2015-06-09,3.142,-0.003173
2015-06-10,3.215,0.023234
2015-06-11,3.263,0.01493
2015-06-12,3.293,0.009194
2015-06-15,3.191,-0.030975
2015-06-16,3.071,-0.037606
2015-06-17,3.139,0.022143
2015-06-18,3.026,-0.035999
2015-06-19,2.895,-0.043291
2015-06-23,2.927,0.011054
2015-06-24,2.962,0.011958
2015-06-25,2.858,-0.035111
2015-06-26,2.668,-0.06648
2015-06-29,2.49,-0.066717
2015-06-30,2.576,0.034538
2015-07-01,2.455,-0.046972
2015-07-02,2.333,-0.049695
2015-07-03,2.235,-0.042006
2015-07-06,2.108,-0.056823
2015-07-07,1.904,-0.096774
2015-07-08,1.807,-0.050945
2015-07-09,1.874,0.037078
2015-07-10,1.962,0.046958
2015-07-13,2.088,0.06422
2015-07-14,2.127,0.018678
2015-07-15,2.022,-0.049365
2015-07-16,2.053,0.015331
2015-07-17,2.186,0.064783
2015-07-20,2.269,0.037969
2015-07-21,2.335,0.029088
2015-07-22,2.359,0.010278
2015-07-23,2.427,0.028826
2015-07-24,2.405,-0.009065
2015-07-27,2.231,-0.072349
2015-07-28,2.133,-0.043926
2015-07-29,2.195,0.029067
2015-07-30,2.125,-0.031891
2015-07-31,2.084,-0.019294
2015-08-03,2.007,-0.036948
2015-08-04,2.066,0.029397
2015-08-05,2.051,-0.00726
2015-08-06,2.028,-0.011214
2015-08-07,2.081,0.026134
2015-08-10,2.169,0.042287
2015-08-11,2.194,0.011526
2015-08-12,2.143,-0.023245
2015-08-13,2.189,0.021465
2015-08-14,2.187,-0.000914
2015-08-17,2.185,-0.000914
2015-08-18,2.063,-0.055835
2015-08-19,2.113,0.024237
2015-08-20,2.062,-0.024136
2015-08-21,1.966,-0.046557
2015-08-24,1.845,-0.061546
2015-08-25,1.743,-0.055285
2015-08-26,1.709,-0.019507
2015-08-27,1.761,0.030427
2015-08-28,1.848,0.049404
2015-08-31,1.798,-0.027056
2015-09-01,1.73,-0.03782
2015-09-02,1.707,-0.013295
2015-09-07,1.716,0.005272
2015-09-08,1.782,0.038462
2015-09-09,1.842,0.03367
2015-09-10,1.818,-0.013029
2015-09-11,1.831,0.007151
2015-09-14,1.728,-0.056253
2015-09-15,1.666,-0.03588
2015-09-16,1.763,0.058223
2015-09-17,1.771,0.004538
2015-09-18,1.806,0.019763
2015-09-21,1.877,0.039313
2015-09-22,1.879,0.001066
2015-09-23,1.874,-0.002661
2015-09-24,1.896,0.01174
2015-09-25,1.831,-0.034283
2015-09-28,1.898,0.036592
2015-09-29,1.883,-0.007903
2015-09-30,1.879,-0.002124
2015-10-08,1.948,0.036722
2015-10-09,1.97,0.011294
2015-10-12,2.041,0.036041
2015-10-13,2.072,0.015189
2015-10-14,2.039,-0.015927
2015-10-15,2.101,0.030407
2015-10-16,2.125,0.011423
2015-10-19,2.12,-0.002353
2015-10-20,2.159,0.018396
2015-10-21,2.032,-0.058824
2015-10-22,2.12,0.043307
2015-10-23,2.171,0.024057
2015-10-26,2.163,-0.003685
2015-10-27,2.184,0.009709
2015-10-28,2.121,-0.028846
2015-10-29,2.138,0.008015
2015-10-30,2.163,0.011693
2015-11-02,2.118,-0.020804
2015-11-03,2.112,-0.002833
2015-11-04,2.22,0.051136
2015-11-05,2.207,-0.005856
2015-11-06,2.265,0.02628
2015-11-09,2.312,0.020751
2015-11-10,2.343,0.013408
2015-11-11,2.385,0.017926
2015-11-12,2.384,-0.000419
2015-11-13,2.304,-0.033557
2015-11-16,2.364,0.026042
2015-11-17,2.327,-0.015651
2015-11-18,2.281,-0.019768
2015-11-19,2.373,0.040333
2015-11-20,2.397,0.010114
2015-11-23,2.353,-0.018356
2015-11-24,2.369,0.0068
2015-11-25,2.431,0.026171
2015-11-26,2.388,-0.017688
2015-11-27,2.25,-0.057789
2015-11-30,2.262,0.005333
2015-12-01,2.222,-0.017683
2015-12-02,2.201,-0.009451
2015-12-03,2.276,0.034075
2015-12-04,2.27,-0.002636
2015-12-07,2.312,0.018502
2015-12-08,2.326,0.006055
2015-12-09,2.325,-0.00043
2015-12-10,2.329,0.00172
2015-12-11,2.298,-0.01331
2015-12-14,2.315,0.007398
2015-12-15,2.358,0.018575
2015-12-16,2.362,0.001696
2015-12-17,2.427,0.027519
2015-12-18,2.379,-0.019778
2015-12-21,2.353,-0.010929
2015-12-22,2.394,0.017425
2015-12-23,2.319,-0.031328
2015-12-24,2.345,0.011212
2015-12-25,2.35,0.002132
2015-12-28,2.345,-0.002128
2015-12-29,2.361,0.006823
2015-12-30,2.418,0.024142
2015-12-31,2.364,-0.022333
2016-01-04,2.173,-0.080795
2016-01-05,2.088,-0.039116
2016-01-06,2.145,0.027299
2016-01-07,1.986,-0.074126
2016-01-08,1.962,-0.012085
2016-01-11,1.819,-0.072885
2016-01-12,1.825,0.003299
2016-01-13,1.742,-0.045479
2016-01-14,1.829,0.049943
2016-01-15,1.792,-0.02023
2016-01-18,1.849,0.031808
2016-01-19,1.908,0.031909
2016-01-20,1.892,-0.008386
2016-01-21,1.809,-0.043869
2016-01-22,1.821,0.006633
2016-01-25,1.839,0.009885
2016-01-26,1.728,-0.060359
2016-01-27,1.703,-0.014468
2016-01-28,1.626,-0.045214
2016-01-29,1.681,0.033825
2016-02-01,1.669,-0.007139
2016-02-02,1.743,0.044338
2016-02-03,1.753,0.005737
2016-02-04,1.788,0.019966
2016-02-05,1.768,-0.011186
2016-02-15,1.772,0.002262
2016-02-16,1.845,0.041196
2016-02-17,1.878,0.017886
2016-02-18,1.866,-0.00639
2016-02-19,1.877,0.005895
2016-02-22,1.905,0.014917
2016-02-23,1.891,-0.007349
2016-02-24,1.862,-0.015336
2016-02-25,1.753,-0.058539
2016-02-26,1.741,-0.006845
2016-02-29,1.657,-0.048248
2016-03-01,1.686,0.017502
2016-03-02,1.729,0.025504
2016-03-03,1.722,-0.004049
2016-03-04,1.663,-0.034262
2016-03-07,1.694,0.018641
2016-03-08,1.702,0.004723
2016-03-09,1.681,-0.012338
2016-03-10,1.66,-0.012493
2016-03-11,1.657,-0.001807
2016-03-14,1.706,0.029572
2016-03-15,1.693,-0.00762
2016-03-16,1.683,-0.005907
2016-03-17,1.751,0.040404
2016-03-18,1.815,0.036551
2016-03-21,1.856,0.02259
2016-03-22,1.848,-0.00431
2016-03-23,1.872,0.012987
2016-03-24,1.85,-0.011752
2016-03-25,1.842,-0.004324
2016-03-28,1.839,-0.001629
2016-03-29,1.812,-0.014682
2016-03-30,1.873,0.033664
2016-03-31,1.884,0.005873
2016-04-01,1.865,-0.010085
2016-04-05,1.909,0.023592
2016-04-06,1.918,0.004715
2016-04-07,1.893,-0.013034
2016-04-08,1.865,-0.014791
2016-04-11,1.896,0.016622
2016-04-12,1.877,-0.010021
2016-04-13,1.902,0.013319
2016-04-14,1.912,0.005258
2016-04-15,1.904,-0.004184
2016-04-18,1.884,-0.010504
2016-04-19,1.884,0.0
2016-04-20,1.826,-0.030786
2016-04-21,1.814,-0.006572
2016-04-22,1.82,0.003308
2016-04-25,1.812,-0.004396
2016-04-26,1.833,0.011589
2016-04-27,1.845,0.006547
2016-04-28,1.837,-0.004336
2016-04-29,1.847,0.005444
2016-05-03,1.911,0.034651
2016-05-04,1.918,0.003663
2016-05-05,1.923,0.002607
2016-05-06,1.873,-0.026001
2016-05-09,1.832,-0.02189
2016-05-10,1.836,0.002183
2016-05-11,1.84,0.002179
2016-05-12,1.855,0.008152
2016-05-13,1.872,0.009164
2016-05-16,1.915,0.02297
2016-05-17,1.894,-0.010966
2016-05-18,1.866,-0.014784
2016-05-19,1.886,0.010718
2016-05-20,1.888,0.00106
2016-05-23,1.908,0.010593
2016-05-24,1.89,-0.009434
2016-05-25,1.87,-0.010582
2016-05-26,1.879,0.004813
2016-05-27,1.874,-0.002661
2016-05-30,1.855,-0.010139
2016-05-31,1.909,0.029111
2016-06-01,1.925,0.008381
2016-06-02,1.933,0.004156
2016-06-03,1.946,0.006725
2016-06-06,1.969,0.011819
2016-06-07,1.965,-0.002031
2016-06-08,1.948,-0.008651
2016-06-13,1.893,-0.028234
2016-06-14,1.911,0.009509
2016-06-15,1.962,0.026688
2016-06-16,1.959,-0.001529
2016-06-17,1.967,0.004084
2016-06-20,1.973,0.00305
2016-06-21,1.954,-0.00963
2016-06-22,1.969,0.007677
2016-06-23,1.953,-0.008126
2016-06-24,1.949,-0.002048
2016-06-27,1.99,0.021036
2016-06-28,1.986,-0.00201
2016-06-29,1.98,-0.003021
2016-06-30,1.974,-0.00303
2016-07-01,1.967,-0.003546
2016-07-04,1.992,0.01271
2016-07-05,2.007,0.00753
2016-07-06,2.031,0.011958
2016-07-07,2.028,-0.001477
2016-07-08,2.02,-0.003945
2016-07-11,2.03,0.00495
2016-07-12,2.05,0.009852
2016-07-13,2.053,0.001463
2016-07-14,2.047,-0.002923
2016-07-15,2.048,0.000489
2016-07-18,2.038,-0.004883
2016-07-19,2.028,-0.004907
2016-07-20,2.029,0.000493
2016-07-21,2.024,-0.002464
2016-07-22,2.004,-0.009881
2016-07-25,2.001,-0.001497
2016-07-26,2.037,0.017991
2016-07-27,1.987,-0.024546
2016-07-28,1.989,0.001007
2016-07-29,1.979,-0.005028
2016-08-01,1.948,-0.015664
2016-08-02,1.957,0.00462
2016-08-03,1.965,0.004088
2016-08-04,1.963,-0.001018
2016-08-05,1.955,-0.004075
2016-08-08,1.965,0.005115
2016-08-09,1.972,0.003562
2016-08-10,1.967,-0.002535
2016-08-11,1.945,-0.011185
2016-08-12,1.951,0.003085
2016-08-15,1.976,0.012814
2016-08-16,1.98,0.002024
2016-08-17,1.985,0.002525
2016-08-18,1.975,-0.005038
2016-08-19,1.977,0.001013
2016-08-22,1.97,-0.003541
2016-08-23,1.966,-0.00203
2016-08-24,1.971,0.002543
2016-08-25,1.964,-0.003551
2016-08-26,1.965,0.000509
2016-08-29,1.962,-0.001527
2016-08-30,1.965,0.001529
2016-08-31,1.964,-0.000509
2016-09-01,1.952,-0.00611
2016-09-02,1.942,-0.005123
2016-09-05,1.952,0.005149
2016-09-06,1.967,0.007684
2016-09-07,1.966,-0.000508
2016-09-08,1.969,0.001526
2016-09-09,1.957,-0.006094
2016-09-12,1.92,-0.018906
2016-09-13,1.933,0.006771
2016-09-14,1.918,-0.00776
2016-09-19,1.937,0.009906
2016-09-20,1.937,0.0
2016-09-21,1.945,0.00413
2016-09-22,1.956,0.005656
2016-09-23,1.953,-0.001534
2016-09-26,1.934,-0.009729
2016-09-27,1.942,0.004137
2016-09-28,1.945,0.001545
2016-09-29,1.95,0.002571
2016-09-30,1.96,0.005128
2016-10-10,1.985,0.012755
2016-10-11,1.99,0.002519
2016-10-12,1.991,0.000503
2016-10-13,1.98,-0.005525
2016-10-14,1.974,-0.00303
2016-10-17,1.963,-0.005572
2016-10-18,1.987,0.012226
2016-10-19,1.981,-0.00302
2016-10-20,1.984,0.001514
2016-10-21,1.978,-0.003024
2016-10-24,1.986,0.004044
2016-10-25,1.99,0.002014
2016-10-26,1.987,-0.001508
2016-10-27,1.98,-0.003523
2016-10-28,1.975,-0.002525
2016-10-31,1.968,-0.003544
2016-11-01,1.989,0.010671
2016-11-02,1.97,-0.009553
2016-11-03,1.972,0.001015
2016-11-04,1.957,-0.007606
2016-11-07,1.955,-0.001022
2016-11-08,1.967,0.006138
2016-11-09,1.956,-0.005592
2016-11-10,1.977,0.010736
2016-11-11,1.972,-0.002529
2016-11-14,1.966,-0.003043
2016-11-15,1.976,0.005086
2016-11-16,1.982,0.003036
2016-11-17,1.975,-0.003532
2016-11-18,1.969,-0.003038
2016-11-21,1.978,0.004571
2016-11-22,1.991,0.006572
2016-11-23,1.993,0.001005
2016-11-24,1.992,-0.000502
2016-11-25,1.994,0.001004
2016-11-28,1.995,0.000502
2016-11-29,2.004,0.004511
2016-11-30,1.993,-0.005489
2016-12-01,2.003,0.005018
2016-12-02,1.979,-0.011982
2016-12-05,1.971,-0.004042
2016-12-06,1.97,-0.000507
2016-12-07,1.979,0.004569
2016-12-08,1.976,-0.001516
2016-12-09,1.973,-0.001518
2016-12-12,1.911,-0.031424
2016-12-13,1.922,0.005756
2016-12-14,1.911,-0.005723
2016-12-15,1.901,-0.005233
2016-12-16,1.917,0.008417
2016-12-19,1.918,0.000522
2016-12-20,1.91,-0.004171
2016-12-21,1.922,0.006283
2016-12-22,1.924,0.001041
2016-12-23,1.909,-0.007796
2016-12-26,1.916,0.003667
2016-12-27,1.918,0.001044
2016-12-28,1.911,-0.00365
2016-12-29,1.909,-0.001047
2016-12-30,1.915,0.003143
2016-12-31,1.915,0.0
2017-01-03,1.926,0.005744
2017-01-04,1.949,0.011942
2017-01-05,1.948,-0.000513
2017-01-06,1.93,-0.00924
2017-01-09,1.937,0.003627
2017-01-10,1.93,-0.003614
2017-01-11,1.916,-0.007254
2017-01-12,1.898,-0.009395
2017-01-13,1.886,-0.006322
2017-01-16,1.869,-0.009014
2017-01-17,1.884,0.008026
2017-01-18,1.896,0.006369
2017-01-19,1.889,-0.003692
2017-01-20,1.906,0.008999
2017-01-23,1.917,0.005771
2017-01-24,1.92,0.001565
2017-01-25,1.916,-0.002083
2017-01-26,1.922,0.003132
2017-02-03,1.915,-0.003642
2017-02-06,1.924,0.0047
2017-02-07,1.921,-0.001559
2017-02-08,1.927,0.003123
2017-02-09,1.936,0.00467
2017-02-10,1.942,0.003099
2017-02-13,1.963,0.010814
2017-02-14,1.962,-0.000509
2017-02-15,1.952,-0.005097
2017-02-16,1.962,0.005123
2017-02-17,1.955,-0.003568
2017-02-20,1.987,0.016368
2017-02-21,1.989,0.001007
2017-02-22,1.997,0.004022
2017-02-23,1.993,-0.002003
2017-02-24,1.998,0.002509
2017-02-27,1.985,-0.006507
2017-02-28,1.993,0.00403
2017-03-01,1.993,0.0
2017-03-02,1.981,-0.006021
2017-03-03,1.992,0.005553
2017-03-06,2.018,0.013052
2017-03-07,2.026,0.003964
2017-03-08,2.017,-0.004442
2017-03-09,2.005,-0.005949
2017-03-10,2.011,0.002993
2017-03-13,2.029,0.008951
2017-03-14,2.036,0.00345
2017-03-15,2.05,0.006876
2017-03-16,2.063,0.006341
2017-03-17,2.043,-0.009695
2017-03-20,2.049,0.002937
2017-03-21,2.067,0.008785
2017-03-22,2.075,0.00387
2017-03-23,2.082,0.003373
2017-03-24,2.094,0.005764
2017-03-27,2.077,-0.008118
2017-03-28,2.075,-0.000963
2017-03-29,2.071,-0.001928
2017-03-30,2.057,-0.00676
2017-03-31,2.072,0.007292
2017-04-05,2.09,0.008687
2017-04-06,2.098,0.003828
2017-04-07,2.093,-0.002383
2017-04-10,2.072,-0.010033
2017-04-11,2.062,-0.004826
2017-04-12,2.055,-0.003395
2017-04-13,2.064,0.00438
2017-04-14,2.041,-0.011143
2017-04-17,2.046,0.00245
2017-04-18,2.054,0.00391
2017-04-19,2.063,0.004382
2017-04-20,2.08,0.00824
2017-04-21,2.077,-0.001442
2017-04-24,2.053,-0.011555
2017-04-25,2.088,0.017048
2017-04-26,2.088,0.0
2017-04-27,2.101,0.006226
2017-04-28,2.095,-0.002856
2017-05-02,2.091,-0.001909
2017-05-03,2.088,-0.001435
2017-05-04,2.082,-0.002874
2017-05-05,2.077,-0.002402
2017-05-08,2.053,-0.011555
2017-05-09,2.063,0.004871
2017-05-10,2.055,-0.003878
2017-05-11,2.075,0.009732
2017-05-12,2.08,0.00241
2017-05-15,2.097,0.008173
2017-05-16,2.12,0.010968
2017-05-17,2.104,-0.007547
2017-05-18,2.096,-0.003802
2017-05-19,2.095,-0.000477
2017-05-22,2.09,-0.002387
2017-05-23,2.082,-0.003828
2017-05-24,2.083,0.00048
2017-05-25,2.083,0.0
2017-05-26,2.077,-0.00288
2017-05-31,2.079,0.000963
2017-06-01,2.073,-0.002886
2017-06-02,2.068,-0.002412
2017-06-05,2.08,0.005803
2017-06-06,2.099,0.009135
2017-06-07,2.126,0.012863
2017-06-08,2.143,0.007996
2017-06-09,2.146,0.0014
2017-06-12,2.146,0.0
2017-06-13,2.156,0.00466
2017-06-14,2.137,-0.008813
2017-06-15,2.142,0.00234
2017-06-16,2.14,-0.000934
2017-06-19,2.16,0.009346
2017-06-20,2.165,0.002315
2017-06-21,2.198,0.015242
2017-06-22,2.19,-0.00364
2017-06-23,2.217,0.012329
2017-06-26,2.243,0.011728
2017-06-27,2.252,0.004012
2017-06-28,2.223,-0.012877
2017-06-29,2.233,0.004498
2017-06-30,2.241,0.003583
2017-07-03,2.227,-0.006247
2017-07-04,2.22,-0.003143
2017-07-05,2.247,0.012162
2017-07-06,2.258,0.004895
2017-07-07,2.246,-0.005314
2017-07-10,2.229,-0.007569
2017-07-11,2.242,0.005832
2017-07-12,2.237,-0.00223
2017-07-13,2.233,-0.001788
2017-07-14,2.241,0.003583
2017-07-17,2.21,-0.013833
2017-07-18,2.208,-0.000905
2017-07-19,2.248,0.018116
2017-07-20,2.272,0.010676
2017-07-21,2.268,-0.001761
2017-07-24,2.28,0.005291
2017-07-25,2.268,-0.005263
2017-07-26,2.251,-0.007496
2017-07-27,2.258,0.00311
2017-07-28,2.284,0.011515
2017-07-31,2.302,0.007881
2017-08-01,2.305,0.001303
2017-08-02,2.294,-0.004772
2017-08-03,2.278,-0.006975
2017-08-04,2.254,-0.010536
2017-08-07,2.283,0.012866
2017-08-08,2.28,-0.001314
2017-08-09,2.296,0.007018
2017-08-10,2.304,0.003484
2017-08-11,2.27,-0.014757
2017-08-14,2.31,0.017621
2017-08-15,2.321,0.004762
2017-08-16,2.296,-0.010771
2017-08-17,2.293,-0.001307
2017-08-18,2.294,0.000436
2017-08-21,2.303,0.003923
2017-08-22,2.294,-0.003908
2017-08-23,2.293,-0.000436
2017-08-24,2.289,-0.001744
2017-08-25,2.297,0.003495
2017-08-28,2.319,0.009578
2017-08-29,2.316,-0.001294
2017-08-30,2.33,0.006045
2017-08-31,2.325,-0.002146
2017-09-01,2.329,0.00172
2017-09-04,2.35,0.009017
2017-09-05,2.356,0.002553
2017-09-06,2.351,-0.002122
2017-09-07,2.336,-0.00638
2017-09-08,2.336,0.0
2017-09-11,2.356,0.008562
2017-09-12,2.362,0.002547
2017-09-13,2.382,0.008467
2017-09-14,2.374,-0.003359
2017-09-15,2.379,0.002106
2017-09-18,2.394,0.006305
2017-09-19,2.389,-0.002089
2017-09-20,2.396,0.00293
2017-09-21,2.382,-0.005843
2017-09-22,2.392,0.004198
2017-09-25,2.398,0.002508
2017-09-26,2.387,-0.004587
2017-09-27,2.399,0.005027
2017-09-28,2.419,0.008337
2017-09-29,2.432,0.005374
2017-10-09,2.459,0.011102
2017-10-10,2.457,-0.000813
2017-10-11,2.466,0.003663
2017-10-12,2.473,0.002839
2017-10-13,2.483,0.004044
2017-10-16,2.474,-0.003625
2017-10-17,2.495,0.008488
2017-10-18,2.527,0.012826
2017-10-19,2.528,0.000396
2017-10-20,2.513,-0.005934
2017-10-23,2.522,0.003581
2017-10-24,2.549,0.010706
2017-10-25,2.568,0.007454
2017-10-26,2.574,0.002336
2017-10-27,2.598,0.009324
2017-10-30,2.601,0.001155
2017-10-31,2.602,0.000384
2017-11-01,2.59,-0.004612
2017-11-02,2.59,0.0
2017-11-03,2.596,0.002317
2017-11-06,2.655,0.022727
2017-11-07,2.672,0.006403
2017-11-08,2.653,-0.007111
2017-11-09,2.689,0.01357
2017-11-10,2.745,0.020826
2017-11-13,2.75,0.001821
2017-11-14,2.709,-0.014909
2017-11-15,2.693,-0.005906
2017-11-16,2.73,0.013739
2017-11-17,2.699,-0.011355
2017-11-20,2.748,0.018155
2017-11-21,2.784,0.0131
2017-11-22,2.76,-0.008621
2017-11-23,2.644,-0.042029
2017-11-24,2.635,-0.003404
2017-11-27,2.599,-0.013662
2017-11-28,2.62,0.00808
2017-11-29,2.605,-0.005725
2017-11-30,2.556,-0.01881
2017-12-01,2.566,0.003912
2017-12-04,2.598,0.012471
2017-12-05,2.595,-0.001155
2017-12-06,2.586,-0.003468
2017-12-07,2.553,-0.012761
2017-12-08,2.594,0.01606
2017-12-11,2.654,0.02313
2017-12-12,2.623,-0.01168
2017-12-13,2.652,0.011056
2017-12-14,2.643,-0.003394
2017-12-15,2.606,-0.013999
2017-12-18,2.611,0.001919
2017-12-19,2.635,0.009192
2017-12-20,2.633,-0.000759
2017-12-21,2.676,0.016331
2017-12-22,2.677,0.000374
2017-12-25,2.652,-0.009339
2017-12-26,2.647,-0.001885
2017-12-27,2.594,-0.020023
2017-12-28,2.61,0.006168
2017-12-29,2.627,0.006513
2017-12-31,2.626,-0.000381
2018-01-02,2.647,0.007997
2018-01-03,2.678,0.011711
2018-01-04,2.702,0.008962
2018-01-05,2.699,-0.00111
2018-01-08,2.681,-0.006669
2018-01-09,2.708,0.010071
2018-01-10,2.717,0.003323
2018-01-11,2.707,-0.003681
2018-01-12,2.732,0.009235
2018-01-15,2.716,-0.005857
2018-01-16,2.717,0.000368
2018-01-17,2.677,-0.014722
2018-01-18,2.687,0.003736
2018-01-19,2.692,0.001861
2018-01-22,2.758,0.024517
2018-01-23,2.789,0.01124
2018-01-24,2.773,-0.005737
2018-01-25,2.751,-0.007934
2018-01-26,2.765,0.005089
2018-01-29,2.71,-0.019892
2018-01-30,2.699,-0.004059
2018-01-31,2.73,0.011486
2018-02-01,2.713,-0.006227
2018-02-02,2.742,0.010689
2018-02-05,2.705,-0.013494
2018-02-06,2.642,-0.02329
2018-02-07,2.558,-0.031794
2018-02-08,2.548,-0.003909
2018-02-09,2.47,-0.030612
2018-02-12,2.539,0.027935
2018-02-13,2.565,0.01024
2018-02-14,2.594,0.011306
2018-02-22,2.647,0.020432
2018-02-23,2.638,-0.0034
2018-02-26,2.679,0.015542
2018-02-27,2.64,-0.014558
2018-02-28,2.618,-0.008333
2018-03-01,2.657,0.014897
2018-03-02,2.624,-0.01242
2018-03-05,2.617,-0.002668
2018-03-06,2.643,0.009935
2018-03-07,2.637,-0.00227
2018-03-08,2.666,0.010997
2018-03-09,2.688,0.008252
2018-03-12,2.701,0.004836
2018-03-13,2.668,-0.012218
2018-03-14,2.671,0.001124
2018-03-15,2.685,0.005241
2018-03-16,2.659,-0.009683
2018-03-19,2.669,0.003761
2018-03-20,2.671,0.000749
2018-03-21,2.663,-0.002995
2018-03-22,2.628,-0.013143
2018-03-23,2.567,-0.023212
2018-03-26,2.567,0.0
2018-03-27,2.577,0.003896
2018-03-28,2.531,-0.01785
2018-03-29,2.556,0.009878
2018-03-30,2.575,0.007433
2018-04-02,2.564,-0.004272
2018-04-03,2.557,-0.00273
2018-04-04,2.541,-0.006257
2018-04-09,2.542,0.000394
2018-04-10,2.579,0.014555
2018-04-11,2.591,0.004653
2018-04-12,2.583,-0.003088
2018-04-13,2.568,-0.005807
2018-04-16,2.555,-0.005062
2018-04-17,2.498,-0.022309
2018-04-18,2.519,0.008407
2018-04-19,2.544,0.009925
2018-04-20,2.519,-0.009827
2018-04-23,2.504,-0.005955
2018-04-24,2.564,0.023962
2018-04-25,2.568,0.00156
2018-04-26,2.52,-0.018692
2018-04-27,2.517,-0.00119
2018-05-02,2.535,0.007151
2018-05-03,2.551,0.006312
2018-05-04,2.554,0.001176
2018-05-07,2.605,0.019969
2018-05-08,2.624,0.007294
2018-05-09,2.629,0.001905
2018-05-10,2.641,0.004564
2018-05-11,2.617,-0.009087
2018-05-14,2.644,0.010317
2018-05-15,2.661,0.00643
2018-05-16,2.65,-0.004134
2018-05-17,2.62,-0.011321
2018-05-18,2.634,0.005344
2018-05-21,2.647,0.004935
2018-05-22,2.659,0.004533
2018-05-23,2.634,-0.009402
2018-05-24,2.608,-0.009871
2018-05-25,2.604,-0.001534
2018-05-28,2.633,0.011137
2018-05-29,2.606,-0.010254
2018-05-30,2.573,-0.012663
2018-05-31,2.616,0.016712
2018-06-01,2.574,-0.016055
2018-06-04,2.591,0.006605
2018-06-05,2.634,0.016596
2018-06-06,2.627,-0.002658
2018-06-07,2.612,-0.00571
2018-06-08,2.605,-0.00268
2018-06-11,2.601,-0.001536
2018-06-12,2.637,0.013841
2018-06-13,2.609,-0.010618
2018-06-14,2.593,-0.006133
2018-06-15,2.58,-0.005013
2018-06-19,2.519,-0.023643
2018-06-20,2.544,0.009925
2018-06-21,2.529,-0.005896
2018-06-22,2.542,0.00514
2018-06-25,2.531,-0.004327
2018-06-26,2.514,-0.006717
2018-06-27,2.463,-0.020286
2018-06-28,2.439,-0.009744
2018-06-29,2.501,0.02542
2018-06-30,2.501,0.0
2018-07-02,2.462,-0.015594
2018-07-03,2.446,-0.006499
2018-07-04,2.414,-0.013083
2018-07-05,2.391,-0.009528
2018-07-06,2.405,0.005855
2018-07-09,2.481,0.031601
2018-07-10,2.484,0.001209
2018-07-11,2.461,-0.009259
2018-07-12,2.505,0.017879
2018-07-13,2.526,0.008383
2018-07-16,2.515,-0.004355
2018-07-17,2.491,-0.009543
2018-07-18,2.474,-0.006825
2018-07-19,2.481,0.002829
2018-07-20,2.501,0.008061
2018-07-23,2.48,-0.008397
2018-07-24,2.511,0.0125
2018-07-25,2.518,0.002788
2018-07-26,2.487,-0.012311
2018-07-27,2.482,-0.00201
2018-07-30,2.457,-0.010073
2018-07-31,2.455,-0.000814
2018-08-01,2.418,-0.015071
2018-08-02,2.379,-0.016129
2018-08-03,2.33,-0.020597
2018-08-06,2.293,-0.01588
2018-08-07,2.349,0.024422
2018-08-08,2.307,-0.01788
2018-08-09,2.365,0.025141
2018-08-10,2.37,0.002114
2018-08-13,2.365,-0.00211
2018-08-14,2.357,-0.003383
2018-08-15,2.304,-0.022486
2018-08-16,2.287,-0.007378
2018-08-17,2.257,-0.013118
2018-08-20,2.281,0.010634
2018-08-21,2.328,0.020605
2018-08-22,2.319,-0.003866
2018-08-23,2.328,0.003881
2018-08-24,2.325,-0.001289
2018-08-27,2.378,0.022796
2018-08-28,2.374,-0.001682
2018-08-29,2.361,-0.005476
2018-08-30,2.344,-0.0072
2018-08-31,2.323,-0.008959
2018-09-03,2.322,-0.00043
2018-09-04,2.348,0.011197
2018-09-05,2.308,-0.017036
2018-09-06,2.283,-0.010832
2018-09-07,2.291,0.003504
2018-09-10,2.262,-0.012658
2018-09-11,2.259,-0.001326
2018-09-12,2.234,-0.011067
2018-09-13,2.24,0.002686
2018-09-14,2.245,0.002232
2018-09-17,2.227,-0.008018
2018-09-18,2.264,0.016614
2018-09-19,2.292,0.012367
2018-09-20,2.29,-0.000873
2018-09-21,2.343,0.023144
2018-09-25,2.321,-0.00939
2018-09-26,2.356,0.01508
2018-09-27,2.357,0.000424
2018-09-28,2.372,0.006364
2018-10-08,2.277,-0.040051
2018-10-09,2.272,-0.002196
2018-10-10,2.241,-0.013644
2018-10-11,2.169,-0.032129
2018-10-12,2.206,0.017059
2018-10-15,2.177,-0.013146
2018-10-16,2.164,-0.005972
2018-10-17,2.171,0.003235
2018-10-18,2.13,-0.018885
2018-10-19,2.183,0.024883
2018-10-22,2.254,0.032524
2018-10-23,2.192,-0.027507
2018-10-24,2.17,-0.010036
2018-10-25,2.152,-0.008295
2018-10-26,2.135,-0.0079
2018-10-29,2.053,-0.038407
2018-10-30,2.05,-0.001461
2018-10-31,2.087,0.018049
2018-11-01,2.114,0.012937
2018-11-02,2.202,0.041627
2018-11-05,2.186,-0.007266
2018-11-06,2.17,-0.007319
2018-11-07,2.161,-0.004147
2018-11-08,2.157,-0.001851
2018-11-09,2.132,-0.01159
2018-11-12,2.161,0.013602
2018-11-13,2.187,0.012031
2018-11-14,2.165,-0.010059
2018-11-15,2.174,0.004157
2018-11-16,2.178,0.00184
2018-11-19,2.19,0.00551
2018-11-20,2.145,-0.020548
2018-11-21,2.154,0.004196
2018-11-22,2.151,-0.001393
2018-11-23,2.12,-0.014412
2018-11-26,2.12,0.0
2018-11-27,2.115,-0.002358
2018-11-28,2.144,0.013712
2018-11-29,2.124,-0.009328
2018-11-30,2.146,0.010358
2018-12-03,2.202,0.026095
2018-12-04,2.199,-0.001362
2018-12-05,2.197,-0.00091
2018-12-06,2.156,-0.018662
2018-12-07,2.152,-0.001855
2018-12-10,2.129,-0.010688
2018-12-11,2.134,0.002349
2018-12-12,2.141,0.00328
2018-12-13,2.177,0.016815
2018-12-14,2.144,-0.015158
2018-12-17,2.126,-0.008396
2018-12-18,2.113,-0.006115
2018-12-19,2.083,-0.014198
2018-12-20,2.071,-0.005761
2018-12-21,2.049,-0.010623
2018-12-24,2.061,0.005857
2018-12-25,2.062,0.000485
2018-12-26,2.05,-0.00582
2018-12-27,2.041,-0.00439
2018-12-28,2.045,0.00196
2018-12-31,2.045,0.0
2019-01-02,2.023,-0.010758
2019-01-03,2.007,-0.007909
2019-01-04,2.041,0.016941
2019-01-07,2.054,0.006369
2019-01-08,2.056,0.000974
2019-01-09,2.079,0.011187
2019-01-10,2.096,0.008177
2019-01-11,2.099,0.001431
2019-01-14,2.077,-0.010481
2019-01-15,2.132,0.026481
2019-01-16,2.138,0.002814
2019-01-17,2.126,-0.005613
2019-01-18,2.167,0.019285
2019-01-21,2.18,0.005999
2019-01-22,2.152,-0.012844
2019-01-23,2.153,0.000465
2019-01-24,2.17,0.007896
2019-01-25,2.193,0.010599
2019-01-28,2.207,0.006384
2019-01-29,2.21,0.001359
2019-01-30,2.196,-0.006335
2019-01-31,2.217,0.009563
2019-02-01,2.257,0.018042
2019-02-11,2.307,0.022153
2019-02-12,2.314,0.003034
2019-02-13,2.337,0.009939
2019-02-14,2.347,0.004279
2019-02-15,2.309,-0.016191
2019-02-18,2.375,0.028584
2019-02-19,2.362,-0.005474
2019-02-20,2.373,0.004657
2019-02-21,2.368,-0.002107
2019-02-22,2.408,0.016892
2019-02-25,2.492,0.034884
2019-02-26,2.46,-0.012841
2019-02-27,2.439,-0.008537
2019-02-28,2.457,0.00738
2019-03-01,2.489,0.013024
2019-03-04,2.52,0.012455
2019-03-05,2.544,0.009524
2019-03-06,2.536,-0.003145
2019-03-07,2.492,-0.01735
2019-03-08,2.453,-0.01565
2019-03-11,2.524,0.028944
2019-03-12,2.535,0.004358
2019-03-13,2.508,-0.010651
2019-03-14,2.506,-0.000797
2019-03-15,2.551,0.017957
2019-03-18,2.609,0.022736
2019-03-19,2.589,-0.007666
2019-03-20,2.603,0.005407
2019-03-21,2.596,-0.002689
2019-03-22,2.592,-0.001541
2019-03-25,2.545,-0.018133
2019-03-26,2.518,-0.010609
2019-03-27,2.555,0.014694
2019-03-28,2.564,0.003523
2019-03-29,2.646,0.031981
2019-04-01,2.705,0.022298
2019-04-02,2.684,-0.007763
2019-04-03,2.681,-0.001118
2019-04-04,2.684,0.001119
2019-04-08,2.671,-0.004844
2019-04-09,2.695,0.008985
2019-04-10,2.726,0.011503
2019-04-11,2.663,-0.023111
2019-04-12,2.647,-0.006008
2019-04-15,2.639,-0.003022
2019-04-16,2.694,0.020841
2019-04-17,2.709,0.005568
2019-04-18,2.712,0.001107
2019-04-19,2.755,0.015855
2019-04-22,2.701,-0.019601
2019-04-23,2.7,-0.00037
2019-04-24,2.706,0.002222
2019-04-25,2.665,-0.015152
2019-04-26,2.641,-0.009006
2019-04-29,2.672,0.011738
2019-04-30,2.666,-0.002246
2019-05-06,2.541,-0.046887
2019-05-07,2.582,0.016135
2019-05-08,2.551,-0.012006
2019-05-09,2.512,-0.015288
2019-05-10,2.608,0.038217
2019-05-13,2.573,-0.01342
2019-05-14,2.557,-0.006218
2019-05-15,2.637,0.031287
2019-05-16,2.639,0.000758
2019-05-17,2.577,-0.023494
2019-05-20,2.542,-0.013582
2019-05-21,2.573,0.012195
2019-05-22,2.562,-0.004275
2019-05-23,2.504,-0.022639
2019-05-24,2.515,0.004393
2019-05-27,2.541,0.010338
2019-05-28,2.565,0.009445
2019-05-29,2.561,-0.001559
2019-05-30,2.546,-0.005857
2019-05-31,2.549,0.001178
2019-06-03,2.539,-0.003923
2019-06-04,2.508,-0.01221
2019-06-05,2.502,-0.002392
2019-06-06,2.477,-0.009992
2019-06-10,2.506,0.011708
2019-06-11,2.569,0.02514
2019-06-12,2.545,-0.009342
2019-06-13,2.536,-0.003536
2019-06-14,2.525,-0.004338
2019-06-17,2.514,-0.004356
2019-06-18,2.525,0.004375
2019-06-19,2.573,0.01901
2019-06-20,2.638,0.025262
2019-06-21,2.646,0.003033
2019-06-24,2.662,0.006047
2019-06-25,2.646,-0.006011
2019-06-26,2.656,0.003779
2019-06-27,2.697,0.015437
2019-06-28,2.696,-0.000371
2019-06-30,2.695,-0.000371
2019-07-01,2.789,0.034879
2019-07-02,2.787,-0.000717
2019-07-03,2.748,-0.013994
2019-07-04,2.722,-0.009461
2019-07-05,2.761,0.014328
2019-07-08,2.712,-0.017747
2019-07-09,2.703,-0.003319
2019-07-10,2.717,0.005179
2019-07-11,2.711,-0.002208
2019-07-12,2.746,0.01291
2019-07-15,2.744,-0.000728
2019-07-16,2.718,-0.009475
2019-07-17,2.717,-0.000368
2019-07-18,2.698,-0.006993
2019-07-19,2.711,0.004818
2019-07-22,2.729,0.00664
2019-07-23,2.725,-0.001466
2019-07-24,2.75,0.009174
2019-07-25,2.775,0.009091
2019-07-26,2.787,0.004324
2019-07-29,2.783,-0.001435
2019-07-30,2.781,-0.000719
2019-07-31,2.763,-0.006472
2019-08-01,2.746,-0.006153
2019-08-02,2.724,-0.008012
2019-08-05,2.691,-0.012115
2019-08-06,2.701,0.003716
2019-08-07,2.687,-0.005183
2019-08-08,2.729,0.015631
2019-08-09,2.711,-0.006596
2019-08-12,2.769,0.021394
2019-08-13,2.749,-0.007223
2019-08-14,2.774,0.009094
2019-08-15,2.786,0.004326
2019-08-16,2.794,0.002872
2019-08-19,2.843,0.017538
2019-08-20,2.841,-0.000703
2019-08-21,2.866,0.0088
2019-08-22,2.881,0.005234
2019-08-23,2.921,0.013884
2019-08-26,2.884,-0.012667
2019-08-27,2.918,0.011789
2019-08-28,2.917,-0.000343
2019-08-29,2.921,0.001371
2019-08-30,2.938,0.00582
2019-09-02,2.978,0.013615
2019-09-03,2.984,0.002015
2019-09-04,2.986,0.00067
2019-09-05,2.992,0.002009
2019-09-06,2.992,0.0
2019-09-09,3.012,0.006684
2019-09-10,3.001,-0.003652
2019-09-11,2.949,-0.017328
2019-09-12,2.981,0.010851
2019-09-16,2.988,0.002348
2019-09-17,2.96,-0.009371
2019-09-18,2.995,0.011824
2019-09-19,3.01,0.005008
2019-09-20,3.024,0.004651
2019-09-23,3.001,-0.007606
2019-09-24,3.034,0.010996
2019-09-25,3.001,-0.010877
2019-09-26,2.972,-0.009663
2019-09-27,2.987,0.005047
2019-09-30,2.957,-0.010044
2019-10-08,2.974,0.005749
2019-10-09,2.959,-0.005044
2019-10-10,3.009,0.016898
2019-10-11,3.032,0.007644
2019-10-14,3.047,0.004947
2019-10-15,3.038,-0.002954
2019-10-16,3.022,-0.005267
2019-10-17,3.032,0.003309
2019-10-18,2.994,-0.012533
2019-10-21,2.983,-0.003674
2019-10-22,3.009,0.008716
2019-10-23,2.986,-0.007644
2019-10-24,2.982,-0.00134
2019-10-25,3.012,0.01006
2019-10-28,3.043,0.010292
2019-10-29,3.043,0.0
2019-10-30,3.03,-0.004272
2019-10-31,3.027,-0.00099
2019-11-01,3.075,0.015857
2019-11-04,3.088,0.004228
2019-11-05,3.104,0.005181
2019-11-06,3.087,-0.005477
2019-11-07,3.086,-0.000324
2019-11-08,3.087,0.000324
2019-11-11,3.033,-0.017493
2019-11-12,3.017,-0.005275
2019-11-13,3.041,0.007955
2019-11-14,3.052,0.003617
2019-11-15,3.033,-0.006225
2019-11-18,3.041,0.002638
2019-11-19,3.075,0.011181
2019-11-20,3.058,-0.005528
2019-11-21,3.039,-0.006213
2019-11-22,2.979,-0.019743
2019-11-25,2.969,-0.003357
2019-11-26,2.984,0.005052
2019-11-27,2.988,0.00134
2019-11-28,2.984,-0.001339
2019-11-29,2.955,-0.009718
2019-12-02,2.954,-0.000338
2019-12-03,2.969,0.005078
2019-12-04,2.987,0.006063
2019-12-05,3.019,0.010713
2019-12-06,3.057,0.012587
2019-12-09,3.05,-0.00229
2019-12-10,3.064,0.00459
2019-12-11,3.043,-0.006854
2019-12-12,3.038,-0.001643
2019-12-13,3.084,0.015142
2019-12-16,3.111,0.008755
2019-12-17,3.135,0.007715
2019-12-18,3.122,-0.004147
2019-12-19,3.107,-0.004805
2019-12-20,3.098,-0.002897
2019-12-23,3.07,-0.009038
2019-12-24,3.086,0.005212
2019-12-25,3.081,-0.00162
2019-12-26,3.092,0.00357
2019-12-27,3.084,-0.002587
2019-12-30,3.119,0.011349
2019-12-31,3.133,0.004489
2020-01-02,3.176,0.013725
2020-01-03,3.169,-0.002204
2020-01-06,3.17,0.000316
2020-01-07,3.193,0.007256
2020-01-08,3.178,-0.004698
2020-01-09,3.229,0.016048
2020-01-10,3.235,0.001858
2020-01-13,3.277,0.012983
2020-01-14,3.264,-0.003967
2020-01-15,3.273,0.002757
2020-01-16,3.268,-0.001528
2020-01-17,3.265,-0.000918
2020-01-20,3.302,0.011332
2020-01-21,3.269,-0.009994
2020-01-22,3.276,0.002141
2020-01-23,3.186,-0.027473
2020-02-03,3.0,-0.05838
2020-02-04,3.089,0.029667
2020-02-05,3.118,0.009388
2020-02-06,3.161,0.013791
2020-02-07,3.18,0.006011
2020-02-10,3.179,-0.000314
2020-02-11,3.216,0.011639
2020-02-12,3.234,0.005597
2020-02-13,3.212,-0.006803
2020-02-14,3.209,-0.000934
2020-02-17,3.268,0.018386
2020-02-18,3.276,0.002448
2020-02-19,3.267,-0.002747
2020-02-20,3.346,0.024181
2020-02-21,3.357,0.003288
2020-02-24,3.364,0.002085
2020-02-25,3.349,-0.004459
2020-02-26,3.28,-0.020603
2020-02-27,3.295,0.004573
2020-02-28,3.192,-0.031259
2020-03-02,3.27,0.024436
2020-03-03,3.282,0.00367
2020-03-04,3.273,-0.002742
2020-03-05,3.343,0.021387
2020-03-06,3.307,-0.010769
2020-03-09,3.199,-0.032658
2020-03-10,3.263,0.020006
2020-03-11,3.231,-0.009807
2020-03-12,3.164,-0.020737
2020-03-13,3.12,-0.013906
2020-03-16,2.988,-0.042308
2020-03-17,2.953,-0.011714
2020-03-18,2.914,-0.013207
2020-03-19,2.872,-0.014413
2020-03-20,2.931,0.020543
2020-03-23,2.849,-0.027977
2020-03-24,2.918,0.024219
2020-03-25,3.001,0.028444
2020-03-26,2.983,-0.005998
2020-03-27,2.993,0.003352
2020-03-30,2.96,-0.011026
2020-03-31,2.98,0.006757
2020-04-01,2.981,0.000336
2020-04-02,3.032,0.017108
2020-04-03,3.027,-0.001649
2020-04-07,3.09,0.020813
2020-04-08,3.09,0.0
2020-04-09,3.097,0.002265
2020-04-10,3.088,-0.002906
2020-04-13,3.077,-0.003562
2020-04-14,3.13,0.017225
2020-04-15,3.117,-0.004153
2020-04-16,3.118,0.000321
2020-04-17,3.166,0.015394
2020-04-20,3.175,0.002843
2020-04-21,3.137,-0.011969
2020-04-22,3.182,0.014345
2020-04-23,3.181,-0.000314
2020-04-24,3.159,-0.006916
2020-04-27,3.177,0.005698
2020-04-28,3.237,0.018886
2020-04-29,3.232,-0.001545
2020-04-30,3.262,0.009282
2020-05-06,3.29,0.008584
2020-05-07,3.295,0.00152
2020-05-08,3.323,0.008498
2020-05-11,3.324,0.000301
2020-05-12,3.358,0.010229
2020-05-13,3.385,0.008041
2020-05-14,3.367,-0.005318
2020-05-15,3.357,-0.00297
2020-05-18,3.375,0.005362
2020-05-19,3.419,0.013037
2020-05-20,3.393,-0.007605
2020-05-21,3.393,0.0
2020-05-22,3.316,-0.022694
2020-05-25,3.336,0.006031
2020-05-26,3.378,0.01259
2020-05-27,3.343,-0.010361
2020-05-28,3.344,0.000299
2020-05-29,3.388,0.013158
2020-06-01,3.483,0.02804
2020-06-02,3.477,-0.001723
2020-06-03,3.477,0.0
2020-06-04,3.485,0.002301
2020-06-05,3.52,0.010043
2020-06-08,3.529,0.002557
2020-06-09,3.548,0.005384
2020-06-10,3.58,0.009019
2020-06-11,3.56,-0.005587
2020-06-12,3.571,0.00309
2020-06-15,3.515,-0.015682
2020-06-16,3.561,0.013087
2020-06-17,3.56,-0.000281
2020-06-18,3.585,0.007022
2020-06-19,3.642,0.0159
2020-06-22,3.642,0.0
2020-06-23,3.683,0.011258
2020-06-24,3.698,0.004073
2020-06-29,3.699,0.00027
2020-06-30,3.745,0.012436
2020-07-01,3.802,0.01522
2020-07-02,3.853,0.013414
2020-07-03,3.857,0.001038
2020-07-06,3.955,0.025408
2020-07-07,4.047,0.023262
2020-07-08,4.077,0.007413
2020-07-09,4.123,0.011283
2020-07-10,4.118,-0.001213
2020-07-13,4.215,0.023555
2020-07-14,4.193,-0.005219
2020-07-15,4.184,-0.002146
2020-07-16,3.978,-0.049235
2020-07-17,4.046,0.017094
2020-07-20,4.078,0.007909
2020-07-21,4.125,0.011525
2020-07-22,4.165,0.009697
2020-07-23,4.193,0.006723
2020-07-24,4.019,-0.041498
2020-07-27,4.045,0.006469
2020-07-28,4.111,0.016316
2020-07-29,4.199,0.021406
2020-07-30,4.204,0.001191
2020-07-31,4.247,0.010228
2020-08-03,4.275,0.006593
2020-08-04,4.253,-0.005146
2020-08-05,4.265,0.002822
2020-08-06,4.235,-0.007034
2020-08-07,4.2,-0.008264
2020-08-10,4.205,0.00119
2020-08-11,4.182,-0.00547
2020-08-12,4.146,-0.008608
2020-08-13,4.146,0.0
2020-08-14,4.218,0.017366
2020-08-17,4.276,0.013751
2020-08-18,4.315,0.009121
2020-08-19,4.254,-0.014137
2020-08-20,4.21,-0.010343
2020-08-21,4.257,0.011164
2020-08-24,4.335,0.018323
2020-08-25,4.384,0.011303
2020-08-26,4.339,-0.010265
2020-08-27,4.369,0.006914
2020-08-28,4.458,0.020371
2020-08-31,4.452,-0.001346
2020-09-01,4.49,0.008535
2020-09-02,4.509,0.004232
2020-09-03,4.495,-0.003105
2020-09-04,4.451,-0.009789
2020-09-07,4.347,-0.023366
2020-09-08,4.328,-0.004371
2020-09-09,4.248,-0.018484
2020-09-10,4.272,0.00565
2020-09-11,4.382,0.025749
2020-09-14,4.417,0.007987
2020-09-15,4.416,-0.000226
2020-09-16,4.379,-0.008379
2020-09-17,4.364,-0.003425
2020-09-18,4.4,0.008249
2020-09-21,4.355,-0.010227
2020-09-22,4.33,-0.005741
2020-09-23,4.373,0.009931
2020-09-24,4.281,-0.021038
2020-09-25,4.293,0.002803
2020-09-28,4.336,0.010016
2020-09-29,4.357,0.004843
2020-09-30,4.366,0.002066
2020-10-09,4.483,0.026798
2020-10-12,4.586,0.022976
2020-10-13,4.606,0.004361
2020-10-14,4.559,-0.010204
2020-10-15,4.544,-0.00329
2020-10-16,4.495,-0.010783
2020-10-19,4.444,-0.011346
2020-10-20,4.511,0.015077
2020-10-21,4.502,-0.001995
2020-10-22,4.512,0.002221
2020-10-23,4.429,-0.018395
2020-10-26,4.433,0.000903
2020-10-27,4.455,0.004963
2020-10-28,4.535,0.017957
2020-10-29,4.631,0.021169
2020-10-30,4.538,-0.020082
2020-11-02,4.596,0.012781
2020-11-03,4.615,0.004134
2020-11-04,4.648,0.007151
2020-11-05,4.715,0.014415
2020-11-06,4.704,-0.002333
2020-11-09,4.766,0.01318
2020-11-10,4.808,0.008812
2020-11-11,4.764,-0.009151
2020-11-12,4.78,0.003359
2020-11-13,4.733,-0.009833
2020-11-16,4.774,0.008663
2020-11-17,4.738,-0.007541
2020-11-18,4.697,-0.008653
2020-11-19,4.745,0.010219
2020-11-20,4.781,0.007587
2020-11-23,4.839,0.012131
2020-11-24,4.803,-0.00744
2020-11-25,4.721,-0.017073
2020-11-26,4.703,-0.003813
2020-11-27,4.753,0.010632
2020-11-30,4.708,-0.009468
2020-12-01,4.797,0.018904
2020-12-02,4.825,0.005837
2020-12-03,4.825,0.0
2020-12-04,4.845,0.004145
2020-12-07,4.861,0.003302
2020-12-08,4.871,0.002057
2020-12-09,4.832,-0.008007
2020-12-10,4.837,0.001035
2020-12-11,4.796,-0.008476
2020-12-14,4.874,0.016264
2020-12-15,4.893,0.003898
2020-12-16,4.92,0.005518
2020-12-17,4.986,0.013415
2020-12-18,4.983,-0.000602
2020-12-21,5.061,0.015653
2020-12-22,5.06,-0.000198
2020-12-23,5.118,0.011462
2020-12-24,5.094,-0.004689
2020-12-25,5.151,0.01119
2020-12-28,5.199,0.009319
2020-12-29,5.146,-0.010194
2020-12-30,5.21,0.012437
2020-12-31,5.28,0.013436
2021-01-04,5.362,0.01553
2021-01-05,5.528,0.030959
2021-01-06,5.591,0.011397
2021-01-07,5.718,0.022715
2021-01-08,5.63,-0.01539
2021-01-11,5.578,-0.009236
2021-01-12,5.755,0.031732
2021-01-13,5.741,-0.002433
2021-01-14,5.615,-0.021947
2021-01-15,5.6,-0.002671
2021-01-18,5.643,0.007679
2021-01-19,5.507,-0.024101
2021-01-20,5.562,0.009987
2021-01-21,5.682,0.021575
2021-01-22,5.705,0.004048
2021-01-25,5.814,0.019106
2021-01-26,5.732,-0.014104
2021-01-27,5.716,-0.002791
2021-01-28,5.552,-0.028691
2021-01-29,5.552,0.0
2021-02-01,5.607,0.009906
2021-02-02,5.723,0.020688
2021-02-03,5.73,0.001223
2021-02-04,5.731,0.000175
2021-02-05,5.753,0.003839
2021-02-08,5.771,0.003129
2021-02-09,5.916,0.025126
2021-02-10,6.061,0.02451
2021-02-18,5.922,-0.022934
2021-02-19,5.911,-0.001857
2021-02-22,5.64,-0.045847
2021-02-23,5.658,0.003191
2021-02-24,5.482,-0.031106
2021-02-25,5.44,-0.007661
2021-02-26,5.323,-0.021507
2021-03-01,5.413,0.016908
2021-03-02,5.364,-0.009052
2021-03-03,5.45,0.016033
2021-03-04,5.238,-0.038899
2021-03-05,5.251,0.002482
2021-03-08,5.005,-0.046848
2021-03-09,4.87,-0.026973
2021-03-10,4.947,0.015811
2021-03-11,5.063,0.023449
2021-03-12,5.095,0.00632
2021-03-15,4.899,-0.038469
2021-03-16,4.944,0.009186
2021-03-17,5.004,0.012136
2021-03-18,5.088,0.016787
2021-03-19,4.941,-0.028892
2021-03-22,4.965,0.004857
2021-03-23,4.941,-0.004834
2021-03-24,4.878,-0.01275
2021-03-25,4.862,-0.00328
2021-03-26,5.007,0.029823
2021-03-29,5.009,0.000399
2021-03-30,5.095,0.017169
2021-03-31,5.017,-0.015309
2021-04-01,5.097,0.015946
2021-04-02,5.195,0.019227
2021-04-06,5.171,-0.00462
2021-04-07,5.067,-0.020112
2021-04-08,5.08,0.002566
2021-04-09,4.979,-0.019882
2021-04-12,4.92,-0.01185
2021-04-13,4.951,0.006301
2021-04-14,4.987,0.007271
2021-04-15,4.978,-0.001805
2021-04-16,4.981,0.000603
2021-04-19,5.111,0.026099
2021-04-20,5.141,0.00587
2021-04-21,5.184,0.008364
2021-04-22,5.203,0.003665
2021-04-23,5.277,0.014223
2021-04-26,5.228,-0.009286
2021-04-27,5.273,0.008607
2021-04-28,5.309,0.006827
2021-04-29,5.31,0.000188
2021-04-30,5.288,-0.004143
2021-05-06,5.211,-0.014561
2021-05-07,5.116,-0.018231
2021-05-10,5.065,-0.009969
2021-05-11,5.121,0.011056
2021-05-12,5.165,0.008592
2021-05-13,5.124,-0.007938
2021-05-14,5.212,0.017174
2021-05-17,5.314,0.01957
2021-05-18,5.319,0.000941
2021-05-19,5.333,0.002632
2021-05-20,5.366,0.006188
2021-05-21,5.305,-0.011368
2021-05-24,5.338,0.006221
2021-05-25,5.488,0.0281
2021-05-26,5.438,-0.009111
2021-05-27,5.441,0.000552
2021-05-28,5.428,-0.002389
2021-05-31,5.456,0.005158
2021-06-01,5.488,0.005865
2021-06-02,5.45,-0.006924
2021-06-03,5.407,-0.00789
2021-06-04,5.416,0.001665
2021-06-07,5.421,0.000923
2021-06-08,5.314,-0.019738
2021-06-09,5.334,0.003764
2021-06-10,5.415,0.015186
2021-06-11,5.386,-0.005355
2021-06-15,5.367,-0.003528
2021-06-16,5.276,-0.016955
2021-06-17,5.296,0.003791
2021-06-18,5.287,-0.001699
2021-06-21,5.303,0.003026
2021-06-22,5.317,0.00264
2021-06-23,5.307,-0.001881
2021-06-24,5.341,0.006407
2021-06-25,5.406,0.01217
2021-06-28,5.411,0.000925
2021-06-29,5.348,-0.011643
2021-06-30,5.378,0.00561
2021-07-01,5.379,0.000186
2021-07-02,5.227,-0.028258
2021-07-05,5.243,0.003061
2021-07-06,5.277,0.006485
2021-07-07,5.373,0.018192
2021-07-08,5.332,-0.007631
2021-07-09,5.289,-0.008065
2021-07-12,5.322,0.006239
2021-07-13,5.36,0.00714
2021-07-14,5.368,0.001493
2021-07-15,5.459,0.016952
2021-07-16,5.392,-0.012273
2021-07-19,5.438,0.008531
2021-07-20,5.433,-0.000919
2021-07-21,5.436,0.000552
2021-07-22,5.393,-0.00791
2021-07-23,5.349,-0.008159
2021-07-26,5.167,-0.034025
2021-07-27,5.013,-0.029805
2021-07-28,5.075,0.012368
2021-07-29,5.124,0.009655
2021-07-30,5.018,-0.020687
2021-08-02,5.123,0.020925
2021-08-03,5.135,0.002342
2021-08-04,5.165,0.005842
2021-08-05,5.129,-0.00697
2021-08-06,5.094,-0.006824
2021-08-09,5.131,0.007263
2021-08-10,5.258,0.024752
2021-08-11,5.226,-0.006086
2021-08-12,5.201,-0.004784
2021-08-13,5.196,-0.000961
2021-08-16,5.194,-0.000385
2021-08-17,5.071,-0.023681
2021-08-18,5.079,0.001578
2021-08-19,5.052,-0.005316
2021-08-20,4.982,-0.013856
2021-08-23,5.078,0.019269
2021-08-24,5.14,0.01221
2021-08-25,5.185,0.008755
2021-08-26,5.066,-0.022951
2021-08-27,5.111,0.008883
2021-08-30,5.158,0.009196
2021-08-31,5.075,-0.016092
2021-09-01,5.106,0.006108
2021-09-02,5.119,0.002546
2021-09-03,5.113,-0.001172
2021-09-06,5.183,0.013691
2021-09-07,5.205,0.004245
2021-09-08,5.164,-0.007877
2021-09-09,5.113,-0.009876
2021-09-10,5.171,0.011344
2021-09-13,5.127,-0.008509
2021-09-14,5.079,-0.009362
2021-09-15,5.057,-0.004332
2021-09-16,5.02,-0.007317
2021-09-17,5.075,0.010956
2021-09-22,5.029,-0.009064
2021-09-23,5.023,-0.001193
2021-09-24,5.073,0.009954
2021-09-27,5.168,0.018727
2021-09-28,5.178,0.001935
2021-09-29,5.137,-0.007918
2021-09-30,5.17,0.006424
2021-10-08,5.205,0.00677
2021-10-11,5.207,0.000384
2021-10-12,5.184,-0.004417
2021-10-13,5.287,0.019869
2021-10-14,5.286,-0.000189
2021-10-15,5.306,0.003784
2021-10-18,5.197,-0.020543
2021-10-19,5.237,0.007697
2021-10-20,5.247,0.001909
2021-10-21,5.222,-0.004765
2021-10-22,5.281,0.011298
2021-10-25,5.296,0.00284
2021-10-26,5.289,-0.001322
2021-10-27,5.232,-0.010777
2021-10-28,5.231,-0.000191
2021-10-29,5.306,0.014338
2021-11-01,5.304,-0.000377
2021-11-02,5.297,-0.00132
2021-11-03,5.211,-0.016236
2021-11-04,5.348,0.026291
2021-11-05,5.344,-0.000748
2021-11-08,5.339,-0.000936
2021-11-09,5.309,-0.005619
2021-11-10,5.303,-0.00113
2021-11-11,5.354,0.009617
2021-11-12,5.333,-0.003922
2021-11-15,5.328,-0.000938
2021-11-16,5.379,0.009572
2021-11-17,5.4,0.003904
2021-11-18,5.368,-0.005926
2021-11-19,5.425,0.010618
2021-11-22,5.472,0.008664
2021-11-23,5.463,-0.001645
2021-11-24,5.492,0.005308
2021-11-25,5.453,-0.007101
2021-11-26,5.449,-0.000734
2021-11-29,5.448,-0.000184
2021-11-30,5.442,-0.001101
2021-12-01,5.421,-0.003859
2021-12-02,5.412,-0.00166
2021-12-03,5.485,0.013489
2021-12-06,5.473,-0.002188
2021-12-07,5.465,-0.001462
2021-12-08,5.585,0.021958
2021-12-09,5.637,0.009311
2021-12-10,5.639,0.000355
2021-12-13,5.695,0.009931
2021-12-14,5.678,-0.002985
2021-12-15,5.656,-0.003875
2021-12-16,5.634,-0.00389
2021-12-17,5.515,-0.021122
2021-12-20,5.448,-0.012149
2021-12-21,5.432,-0.002937
2021-12-22,5.449,0.00313
2021-12-23,5.5,0.00936
2021-12-24,5.497,-0.000545
2021-12-27,5.477,-0.003638
2021-12-28,5.53,0.009677
2021-12-29,5.469,-0.011031
2021-12-30,5.548,0.014445
2021-12-31,5.554,0.001081
2022-01-04,5.552,-0.00036
2022-01-05,5.458,-0.016931
2022-01-06,5.406,-0.009527
2022-01-07,5.374,-0.005919
2022-01-10,5.377,0.000558
2022-01-11,5.3,-0.01432
2022-01-12,5.353,0.01
2022-01-13,5.225,-0.023912
2022-01-14,5.211,-0.002679
2022-01-17,5.286,0.014393
2022-01-18,5.303,0.003216
2022-01-19,5.244,-0.011126
2022-01-20,5.256,0.002288
2022-01-21,5.22,-0.006849
2022-01-24,5.223,0.000575
2022-01-25,5.141,-0.0157
2022-01-26,5.202,0.011865
2022-01-27,5.15,-0.009996
2022-01-28,5.065,-0.016505
2022-02-07,5.077,0.002369
2022-02-08,4.994,-0.016348
2022-02-09,5.052,0.011614
2022-02-10,4.984,-0.01346
2022-02-11,4.949,-0.007022
2022-02-14,4.932,-0.003435
2022-02-15,5.003,0.014396
2022-02-16,5.018,0.002998
2022-02-17,5.036,0.003587
2022-02-18,5.043,0.00139
2022-02-21,5.04,-0.000595
2022-02-22,4.993,-0.009325
2022-02-23,5.086,0.018626
2022-02-24,5.012,-0.01455
2022-02-25,5.045,0.006584
2022-02-28,5.058,0.002577
2022-03-01,5.117,0.011665
2022-03-02,5.095,-0.004299
2022-03-03,5.014,-0.015898
2022-03-04,4.965,-0.009773
2022-03-07,4.834,-0.026385
2022-03-08,4.789,-0.009309
2022-03-09,4.775,-0.002923
2022-03-10,4.888,0.023665
2022-03-11,4.878,-0.002046
2022-03-14,4.75,-0.02624
2022-03-15,4.606,-0.030316
2022-03-16,4.76,0.033435
2022-03-17,4.844,0.017647
2022-03-18,4.834,-0.002064
2022-03-21,4.847,0.002689
2022-03-22,4.807,-0.008253
2022-03-23,4.824,0.003537
2022-03-24,4.778,-0.009536
2022-03-25,4.693,-0.01779
2022-03-28,4.657,-0.007671
2022-03-29,4.628,-0.006227
2022-03-30,4.737,0.023552
2022-03-31,4.681,-0.011822
2022-04-01,4.729,0.010254
2022-04-06,4.64,-0.01882
2022-04-07,4.617,-0.004957
2022-04-08,4.611,-0.0013
2022-04-11,4.459,-0.032965
2022-04-12,4.562,0.023099
2022-04-13,4.539,-0.005042
2022-04-14,4.605,0.014541
2022-04-15,4.596,-0.001954
2022-04-18,4.629,0.00718
2022-04-19,4.59,-0.008425
2022-04-20,4.541,-0.010675
2022-04-21,4.452,-0.019599
2022-04-22,4.455,0.000674
2022-04-25,4.272,-0.041077
2022-04-26,4.277,0.00117
2022-04-27,4.419,0.033201
2022-04-28,4.51,0.020593
2022-04-29,4.605,0.021064
2022-05-05,4.621,0.003474
2022-05-06,4.538,-0.017961
2022-05-09,4.514,-0.005289
2022-05-10,4.562,0.010634
2022-05-11,4.63,0.014906
2022-05-12,4.611,-0.004104
2022-05-13,4.625,0.003036
2022-05-16,4.587,-0.008216
2022-05-17,4.656,0.015043
2022-05-18,4.65,-0.001289
2022-05-19,4.694,0.009462
2022-05-20,4.775,0.017256
2022-05-23,4.742,-0.006911
2022-05-24,4.667,-0.015816
2022-05-25,4.674,0.0015
2022-05-26,4.684,0.002139
2022-05-27,4.693,0.001921
2022-05-30,4.747,0.011506
2022-05-31,4.852,0.022119
2022-06-01,4.833,-0.003916
2022-06-02,4.889,0.011587
2022-06-06,4.985,0.019636
2022-06-07,4.993,0.001605
2022-06-08,5.005,0.002403
2022-06-09,4.965,-0.007992
2022-06-10,5.056,0.018328
2022-06-13,5.018,-0.007516
2022-06-14,4.993,-0.004982
2022-06-15,4.984,-0.001803
2022-06-16,5.009,0.005016
2022-06-17,5.074,0.012977
2022-06-20,5.078,0.000788
2022-06-21,5.058,-0.003939
2022-06-22,5.0,-0.011467
2022-06-23,5.06,0.012
2022-06-24,5.129,0.013636
2022-06-27,5.181,0.010138
2022-06-28,5.228,0.009072
2022-06-29,5.115,-0.021614
2022-06-30,5.211,0.018768
2022-07-01,5.174,-0.0071
2022-07-04,5.191,0.003286
2022-07-05,5.184,-0.001348
2022-07-06,5.152,-0.006173
2022-07-07,5.182,0.005823
2022-07-08,5.153,-0.005596
2022-07-11,5.063,-0.017466
2022-07-12,5.008,-0.010863
2022-07-13,5.05,0.008387
2022-07-14,5.075,0.00495
2022-07-15,5.071,-0.000788
2022-07-18,5.059,-0.002366
2022-07-19,5.05,-0.001779
2022-07-20,5.084,0.006733
2022-07-21,5.079,-0.000983
2022-07-22,5.077,-0.000394
2022-07-25,5.041,-0.007091
2022-07-26,5.076,0.006943
2022-07-27,5.08,0.000788
2022-07-28,5.075,-0.000984
2022-07-29,5.026,-0.009655
2022-08-01,5.06,0.006765
2022-08-02,5.007,-0.010474
2022-08-03,4.97,-0.00739
2022-08-04,4.975,0.001006
2022-08-05,5.016,0.008241
2022-08-08,5.03,0.002791
2022-08-09,5.08,0.00994
2022-08-10,5.062,-0.003543
2022-08-11,5.132,0.013829
2022-08-12,5.111,-0.004092
2022-08-15,5.143,0.006261
2022-08-16,5.147,0.000778
2022-08-17,5.173,0.005051
2022-08-18,5.192,0.003673
2022-08-19,5.11,-0.015794
2022-08-22,5.12,0.001957
2022-08-23,5.113,-0.001367
2022-08-24,5.013,-0.019558
2022-08-25,5.037,0.004788
2022-08-26,5.026,-0.002184
2022-08-29,5.021,-0.000995
2022-08-30,4.978,-0.008564
2022-08-31,4.954,-0.004821
2022-09-01,4.923,-0.006258
2022-09-02,4.919,-0.000813
2022-09-05,4.9,-0.003863
2022-09-06,4.951,0.010408
2022-09-07,4.975,0.004848
2022-09-08,4.96,-0.003015
2022-09-09,4.976,0.003226
2022-09-13,5.021,0.009043
2022-09-14,4.993,-0.005577
2022-09-15,4.891,-0.020429
2022-09-16,4.835,-0.01145
2022-09-19,4.832,-0.00062
2022-09-20,4.864,0.006623
2022-09-21,4.811,-0.010896
2022-09-22,4.798,-0.002702
2022-09-23,4.754,-0.00917
2022-09-26,4.793,0.008204
2022-09-27,4.853,0.012518
2022-09-28,4.781,-0.014836
2022-09-29,4.81,0.006066
2022-09-30,4.741,-0.014345
2022-10-10,4.598,-0.030162
2022-10-11,4.593,-0.001087
2022-10-12,4.64,0.010233
2022-10-13,4.611,-0.00625
2022-10-14,4.718,0.023205
2022-10-17,4.7,-0.003815
2022-10-18,4.689,-0.00234
2022-10-19,4.643,-0.00981
2022-10-20,4.618,-0.005384
2022-10-21,4.607,-0.002382
2022-10-24,4.534,-0.015845
2022-10-25,4.565,0.006837
2022-10-26,4.604,0.008543
2022-10-27,4.554,-0.01086
2022-10-28,4.492,-0.013614
2022-10-31,4.451,-0.009127
2022-11-01,4.564,0.025388
2022-11-02,4.605,0.008983
2022-11-03,4.593,-0.002606
2022-11-04,4.717,0.026998
2022-11-07,4.68,-0.007844
2022-11-08,4.64,-0.008547
2022-11-09,4.581,-0.012716
2022-11-10,4.537,-0.009605
2022-11-11,4.582,0.009918
2022-11-14,4.521,-0.013313
2022-11-15,4.584,0.013935
2022-11-16,4.546,-0.00829
2022-11-17,4.513,-0.007259
2022-11-18,4.507,-0.001329
2022-11-21,4.487,-0.004438
2022-11-22,4.445,-0.00936
2022-11-23,4.459,0.00315
2022-11-24,4.447,-0.002691
2022-11-25,4.407,-0.008995
2022-11-28,4.396,-0.002496
2022-11-29,4.445,0.011146
2022-11-30,4.456,0.002475
2022-12-01,4.511,0.012343
2022-12-02,4.506,-0.001108
2022-12-05,4.503,-0.000666
2022-12-06,4.534,0.006884
2022-12-07,4.55,0.003529
2022-12-08,4.557,0.001538
2022-12-09,4.583,0.005706
2022-12-12,4.548,-0.007637
2022-12-13,4.534,-0.003078
2022-12-14,4.565,0.006837
2022-12-15,4.572,0.001533
2022-12-16,4.56,-0.002625
2022-12-19,4.524,-0.007895
2022-12-20,4.464,-0.013263
2022-12-21,4.456,-0.001792
2022-12-22,4.439,-0.003815
2022-12-23,4.421,-0.004055
2022-12-26,4.499,0.017643
2022-12-27,4.554,0.012225
2022-12-28,4.538,-0.003513
2022-12-29,4.529,-0.001983
2022-12-30,4.529,0.0
2022-12-31,4.529,0.0
2023-01-03,4.545,0.003533
2023-01-04,4.512,-0.007261
2023-01-05,4.593,0.017952
2023-01-06,4.621,0.006096
2023-01-09,4.646,0.00541
2023-01-10,4.659,0.002798
2023-01-11,4.627,-0.006868
2023-01-12,4.637,0.002161
2023-01-13,4.69,0.01143
2023-01-16,4.718,0.00597
2023-01-17,4.719,0.000212
2023-01-18,4.711,-0.001695
2023-01-19,4.719,0.001698
2023-01-20,4.745,0.00551
2023-01-30,4.795,0.010537
2023-01-31,4.761,-0.007091
2023-02-01,4.788,0.005671
2023-02-02,4.792,0.000835
2023-02-03,4.749,-0.008973
2023-02-06,4.698,-0.010739
2023-02-07,4.684,-0.00298
2023-02-08,4.661,-0.00491
2023-02-09,4.737,0.016306
2023-02-10,4.723,-0.002955
2023-02-13,4.759,0.007622
2023-02-14,4.745,-0.002942
2023-02-15,4.735,-0.002107
2023-02-16,4.71,-0.00528
2023-02-17,4.65,-0.012739
2023-02-20,4.697,0.010108
2023-02-21,4.695,-0.000426
2023-02-22,4.67,-0.005325
2023-02-23,4.685,0.003212
2023-02-24,4.632,-0.011313
2023-02-27,4.646,0.003022
2023-02-28,4.652,0.001291
2023-03-01,4.675,0.004944
2023-03-02,4.644,-0.006631
2023-03-03,4.629,-0.00323
2023-03-06,4.663,0.007345
2023-03-07,4.604,-0.012653
2023-03-08,4.578,-0.005647
2023-03-09,4.562,-0.003495
2023-03-10,4.505,-0.012495
2023-03-13,4.542,0.008213
2023-03-14,4.506,-0.007926
2023-03-15,4.488,-0.003995
2023-03-16,4.424,-0.01426
2023-03-17,4.405,-0.004295
2023-03-20,4.408,0.000681
2023-03-21,4.455,0.010662
2023-03-22,4.459,0.000898
2023-03-23,4.465,0.001346
2023-03-24,4.467,0.000448
2023-03-27,4.455,-0.002686
2023-03-28,4.455,0.0
2023-03-29,4.476,0.004714
2023-03-30,4.508,0.007149
2023-03-31,4.513,0.001109
2023-04-03,4.508,-0.001108
2023-04-04,4.484,-0.005324
2023-04-06,4.458,-0.005798
2023-04-07,4.458,0.0
2023-04-10,4.445,-0.002916
2023-04-11,4.415,-0.006749
2023-04-12,4.343,-0.016308
2023-04-13,4.348,0.001151
2023-04-14,4.336,-0.00276
2023-04-17,4.367,0.007149
2023-04-18,4.368,0.000229
2023-04-19,4.333,-0.008013
2023-04-20,4.279,-0.012462
2023-04-21,4.228,-0.011919
2023-04-24,4.195,-0.007805
2023-04-25,4.185,-0.002384
2023-04-26,4.229,0.010514
2023-04-27,4.246,0.00402
2023-04-28,4.236,-0.002355
2023-05-04,4.202,-0.008026
2023-05-05,4.183,-0.004522
2023-05-08,4.158,-0.005977
2023-05-09,4.127,-0.007456
2023-05-10,4.136,0.002181
2023-05-11,4.136,0.0
2023-05-12,4.097,-0.009429
2023-05-15,4.156,0.014401
2023-05-16,4.141,-0.003609
2023-05-17,4.127,-0.003381
2023-05-18,4.103,-0.005815
2023-05-19,4.122,0.004631
2023-05-22,4.182,0.014556
2023-05-23,4.157,-0.005978
2023-05-24,4.145,-0.002887
2023-05-25,4.136,-0.002171
2023-05-26,4.113,-0.005561
2023-05-29,4.077,-0.008753
2023-05-30,4.053,-0.005887
2023-05-31,3.998,-0.01357
2023-06-01,4.008,0.002501
2023-06-02,4.054,0.011477
2023-06-05,4.021,-0.00814
2023-06-06,4.014,-0.001741
2023-06-07,3.972,-0.010463
2023-06-08,3.982,0.002518
2023-06-09,3.997,0.003767
2023-06-12,4.062,0.016262
2023-06-13,4.074,0.002954
2023-06-14,4.102,0.006873
2023-06-15,4.177,0.018284
2023-06-16,4.195,0.004309
2023-06-19,4.15,-0.010727
2023-06-20,4.135,-0.003614
2023-06-21,4.095,-0.009674
2023-06-26,4.046,-0.011966
2023-06-27,4.057,0.002719
2023-06-28,4.078,0.005176
2023-06-29,4.046,-0.007847
2023-06-30,4.063,0.004202
2023-07-03,4.109,0.011322
2023-07-04,4.126,0.004137
2023-07-05,4.082,-0.010664
2023-07-06,4.061,-0.005145
2023-07-07,4.041,-0.004925
2023-07-10,4.052,0.002722
2023-07-11,4.067,0.003702
2023-07-12,4.067,0.0
2023-07-13,4.115,0.011802
2023-07-14,4.096,-0.004617
2023-07-17,4.074,-0.005371
2023-07-18,4.064,-0.002455
2023-07-19,4.051,-0.003199
2023-07-20,4.037,-0.003456
2023-07-21,4.063,0.00644
2023-07-24,4.046,-0.004184
2023-07-25,4.141,0.02348
2023-07-26,4.129,-0.002898
2023-07-27,4.133,0.000969
2023-07-28,4.18,0.011372
2023-07-31,4.164,-0.003828
2023-08-01,4.137,-0.006484
2023-08-02,4.121,-0.003868
2023-08-03,4.123,0.000485
2023-08-04,4.138,0.003638
2023-08-07,4.104,-0.008217
2023-08-08,4.109,0.001218
2023-08-09,4.106,-0.00073
2023-08-10,4.098,-0.001948
2023-08-11,4.046,-0.012689
2023-08-14,4.02,-0.006426
2023-08-15,3.995,-0.006219
2023-08-16,3.978,-0.004255
2023-08-17,4.019,0.010307
2023-08-18,3.971,-0.011943
2023-08-21,3.948,-0.005792
2023-08-22,3.964,0.004053
2023-08-23,3.908,-0.014127
2023-08-24,3.969,0.015609
2023-08-25,3.961,-0.002016
2023-08-28,3.989,0.007069
2023-08-29,4.053,0.016044
2023-08-30,4.057,0.000987
2023-08-31,4.047,-0.002465
2023-09-01,4.076,0.007166
2023-09-04,4.101,0.006133
2023-09-05,4.079,-0.005365
2023-09-06,4.081,0.00049
2023-09-07,4.042,-0.009556
2023-09-08,4.033,-0.002227
2023-09-11,4.074,0.010166
2023-09-12,4.066,-0.001964
2023-09-13,4.054,-0.002951
2023-09-14,4.044,-0.002467
2023-09-15,4.02,-0.005935
2023-09-18,4.048,0.006965
2023-09-19,4.043,-0.001235
2023-09-20,4.025,-0.004452
2023-09-21,3.986,-0.009689
2023-09-22,4.02,0.00853
2023-09-25,4.01,-0.002488
2023-09-26,3.994,-0.00399
2023-09-27,4.018,0.006009
2023-09-28,4.003,-0.003733
2023-10-09,3.993,-0.002498
2023-10-10,3.965,-0.007012
2023-10-11,3.963,-0.000504
2023-10-12,3.964,0.000252
2023-10-13,3.928,-0.009082
2023-10-16,3.896,-0.008147
2023-10-17,3.899,0.00077
2023-10-18,3.883,-0.004104
2023-10-19,3.827,-0.014422
2023-10-20,3.813,-0.003658
2023-10-23,3.795,-0.004721
2023-10-24,3.805,0.002635
2023-10-25,3.834,0.007622
2023-10-26,3.853,0.004956
2023-10-27,3.904,0.013236
2023-10-30,3.953,0.012551
2023-10-31,3.959,0.001518
2023-11-01,3.98,0.005304
2023-11-02,3.948,-0.00804
2023-11-03,3.972,0.006079
2023-11-06,3.992,0.005035
2023-11-07,3.981,-0.002756
2023-11-08,3.986,0.001256
2023-11-09,3.988,0.000502
2023-11-10,3.972,-0.004012
2023-11-13,3.948,-0.006042
2023-11-14,3.944,-0.001013
2023-11-15,3.961,0.00431
2023-11-16,3.935,-0.006564
2023-11-17,3.929,-0.001525
2023-11-20,3.946,0.004327
2023-11-21,3.957,0.002788
2023-11-22,3.94,-0.004296
2023-11-23,3.958,0.004569
2023-11-24,3.943,-0.00379
2023-11-27,3.929,-0.003551
2023-11-28,3.935,0.001527
2023-11-29,3.936,0.000254
2023-11-30,3.944,0.002033
2023-12-01,3.923,-0.005325
2023-12-04,3.887,-0.009177
2023-12-05,3.823,-0.016465
2023-12-06,3.814,-0.002354
2023-12-07,3.805,-0.00236
2023-12-08,3.823,0.004731
2023-12-11,3.838,0.003924
2023-12-12,3.846,0.002084
2023-12-13,3.789,-0.014821
2023-12-14,3.765,-0.006334
2023-12-15,3.755,-0.002656
2023-12-18,3.756,0.000266
2023-12-19,3.756,0.0
2023-12-20,3.72,-0.009585
2023-12-21,3.733,0.003495
2023-12-22,3.738,0.001339
2023-12-25,3.76,0.005886
2023-12-26,3.753,-0.001862
2023-12-27,3.758,0.001332
2023-12-28,3.827,0.018361
2023-12-29,3.852,0.006533
2023-12-31,3.852,0.0
2024-01-02,3.799,-0.013759
2024-01-03,3.768,-0.00816
2024-01-04,3.736,-0.008493
2024-01-05,3.697,-0.010439
2024-01-08,3.66,-0.010008
2024-01-09,3.666,0.001639
2024-01-10,3.665,-0.000273
2024-01-11,3.677,0.003274
2024-01-12,3.676,-0.000272
2024-01-15,3.668,-0.002176
2024-01-16,3.676,0.002181
2024-01-17,3.608,-0.018498
2024-01-18,3.635,0.007483
2024-01-19,3.632,-0.000825
2024-01-22,3.567,-0.017896
2024-01-23,3.575,0.002243
2024-01-24,3.583,0.002238
2024-01-25,3.618,0.009768
2024-01-26,3.592,-0.007186
2024-01-29,3.563,-0.008073
2024-01-30,3.507,-0.015717
2024-01-31,3.471,-0.010265
2024-02-01,3.482,0.003169
2024-02-02,3.454,-0.008041
2024-02-05,3.476,0.006369
2024-02-06,3.618,0.040852
2024-02-07,3.681,0.017413
2024-02-08,3.678,-0.000815
2024-02-19,3.682,0.001088
2024-02-20,3.669,-0.003531
2024-02-21,3.715,0.012537
2024-02-22,3.732,0.004576
2024-02-23,3.736,0.001072
2024-02-26,3.743,0.001874
2024-02-27,3.758,0.004007
2024-02-28,3.706,-0.013837
2024-02-29,3.774,0.018349
2024-03-01,3.773,-0.000265
2024-03-04,3.795,0.005831
2024-03-05,3.805,0.002635
2024-03-06,3.805,0.0
2024-03-07,3.781,-0.006307
2024-03-08,3.814,0.008728
2024-03-11,3.845,0.008128
2024-03-12,3.879,0.008843
2024-03-13,3.88,0.000258
2024-03-14,3.889,0.00232
2024-03-15,3.895,0.001543
2024-03-18,3.904,0.002311
2024-03-19,3.895,-0.002305
2024-03-20,3.875,-0.005135
2024-03-21,3.876,0.000258
2024-03-22,3.851,-0.00645
2024-03-25,3.84,-0.002856
2024-03-26,3.858,0.004687
2024-03-27,3.816,-0.010886
2024-03-28,3.815,-0.000262
2024-03-29,3.833,0.004718
2024-04-01,3.878,0.01174
2024-04-02,3.862,-0.004126
2024-04-03,3.87,0.002071
2024-04-08,3.828,-0.010853
2024-04-09,3.825,-0.000784
2024-04-10,3.805,-0.005229
2024-04-11,3.829,0.006307
2024-04-12,3.814,-0.003917
2024-04-15,3.871,0.014945
2024-04-16,3.806,-0.016792
2024-04-17,3.834,0.007357
2024-04-18,3.815,-0.004956
2024-04-19,3.78,-0.009174
2024-04-22,3.789,0.002381
2024-04-23,3.793,0.001056
2024-04-24,3.807,0.003691
2024-04-25,3.804,-0.000788
2024-04-26,3.848,0.011567
2024-04-29,3.888,0.010395
2024-04-30,3.892,0.001029
2024-05-06,3.975,0.021326
2024-05-07,3.982,0.001761
2024-05-08,3.958,-0.006027
2024-05-09,3.986,0.007074
2024-05-10,3.972,-0.003512
2024-05-13,3.934,-0.009567
2024-05-14,3.936,0.000508
2024-05-15,3.907,-0.007368
2024-05-16,3.906,-0.000256
2024-05-17,3.916,0.00256
2024-05-20,3.928,0.003064
2024-05-21,3.914,-0.003564
2024-05-22,3.893,-0.005365
2024-05-23,3.846,-0.012073
2024-05-24,3.818,-0.00728
2024-05-27,3.837,0.004976
2024-05-28,3.812,-0.006516
2024-05-29,3.819,0.001836
2024-05-30,3.785,-0.008903
2024-05-31,3.776,-0.002378
2024-06-03,3.771,-0.001324
2024-06-04,3.795,0.006364
2024-06-05,3.769,-0.006851
2024-06-06,3.766,-0.000796
2024-06-07,3.74,-0.006904
2024-06-11,3.714,-0.006952
2024-06-12,3.712,-0.000539
2024-06-13,3.684,-0.007543
2024-06-14,3.672,-0.003257
2024-06-17,3.668,-0.001089
2024-06-18,3.647,-0.005725
2024-06-19,3.616,-0.0085
2024-06-20,3.597,-0.005254
2024-06-21,3.586,-0.003058
2024-06-24,3.57,-0.004462
2024-06-25,3.565,-0.001401
2024-06-26,3.572,0.001964
2024-06-27,3.529,-0.012038
2024-06-28,3.522,-0.001984
2024-06-30,3.522,0.0
2024-07-01,3.53,0.002271
2024-07-02,3.516,-0.003966
2024-07-03,3.482,-0.00967
2024-07-04,3.466,-0.004595
2024-07-05,3.471,0.001443
2024-07-08,3.44,-0.008931
2024-07-09,3.476,0.010465
2024-07-10,3.447,-0.008343
2024-07-11,3.491,0.012765
2024-07-12,3.495,0.001146
2024-07-15,3.496,0.000286
2024-07-16,3.478,-0.005149
2024-07-17,3.478,0.0
2024-07-18,3.487,0.002588
2024-07-19,3.502,0.004302
2024-07-22,3.467,-0.009994
2024-07-23,3.38,-0.025094
2024-07-24,3.354,-0.007692
2024-07-25,3.335,-0.005665
2024-07-26,3.352,0.005097
2024-07-29,3.325,-0.008055
2024-07-30,3.295,-0.009023
2024-07-31,3.371,0.023065
2024-08-01,3.33,-0.012163
2024-08-02,3.308,-0.006607
2024-08-05,3.292,-0.004837
2024-08-06,3.309,0.005164
2024-08-07,3.331,0.006649
2024-08-08,3.338,0.002101
2024-08-09,3.332,-0.001797
2024-08-12,3.331,-0.0003
2024-08-13,3.325,-0.001801
2024-08-14,3.292,-0.009925
2024-08-15,3.301,0.002734
2024-08-16,3.307,0.001818
2024-08-19,3.308,0.000302
2024-08-20,3.278,-0.009069
2024-08-21,3.269,-0.002746
2024-08-22,3.256,-0.003977
2024-08-23,3.263,0.00215
2024-08-26,3.255,-0.002452
2024-08-27,3.241,-0.004301
2024-08-28,3.22,-0.006479
2024-08-29,3.242,0.006832
2024-08-30,3.286,0.013572
2024-09-02,3.241,-0.013694
2024-09-03,3.267,0.008022
2024-09-04,3.247,-0.006122
2024-09-05,3.245,-0.000616
2024-09-06,3.212,-0.010169
2024-09-09,3.183,-0.009029
2024-09-10,3.191,0.002513
2024-09-11,3.199,0.002507
2024-09-12,3.173,-0.008128
2024-09-13,3.149,-0.007564
2024-09-18,3.166,0.005399
2024-09-19,3.193,0.008528
2024-09-20,3.189,-0.001253
2024-09-23,3.189,0.0
2024-09-24,3.275,0.026968
2024-09-25,3.285,0.003053
2024-09-26,3.398,0.034399
2024-09-27,3.523,0.036786
2024-09-30,3.755,0.065853
2024-10-08,3.883,0.034088
2024-10-09,3.628,-0.065671
2024-10-10,3.678,0.013782
2024-10-11,3.609,-0.01876
2024-10-14,3.655,0.012746
2024-10-15,3.562,-0.025445
2024-10-16,3.54,-0.006176
2024-10-17,3.499,-0.011582
2024-10-18,3.579,0.022864
2024-10-21,3.586,0.001956
2024-10-22,3.62,0.009481
2024-10-23,3.636,0.00442
2024-10-24,3.586,-0.013751
2024-10-25,3.604,0.00502
2024-10-28,3.627,0.006382
2024-10-29,3.573,-0.014888
2024-10-30,3.55,-0.006437
2024-10-31,3.53,-0.005634
2024-11-01,3.541,0.003116
2024-11-04,3.575,0.009602
2024-11-05,3.619,0.012308
2024-11-06,3.601,-0.004974
2024-11-07,3.67,0.019161
2024-11-08,3.629,-0.011172
2024-11-11,3.624,-0.001378
2024-11-12,3.615,-0.002483
2024-11-13,3.617,0.000553
2024-11-14,3.575,-0.011612
2024-11-15,3.527,-0.013427
2024-11-18,3.492,-0.009923
2024-11-19,3.511,0.005441
2024-11-20,3.527,0.004557
2024-11-21,3.521,-0.001701
2024-11-22,3.439,-0.023289
2024-11-25,3.44,0.000291
2024-11-26,3.445,0.001453
2024-11-27,3.482,0.01074
2024-11-28,3.452,-0.008616
2024-11-29,3.48,0.008111
2024-12-02,3.498,0.005172
2024-12-03,3.497,-0.000286
2024-12-04,3.477,-0.005719
2024-12-05,3.462,-0.004314
2024-12-06,3.482,0.005777
2024-12-09,3.476,-0.001723
2024-12-10,3.502,0.00748
2024-12-11,3.514,0.003427
2024-12-12,3.551,0.010529
2024-12-13,3.489,-0.01746
2024-12-16,3.451,-0.010891
2024-12-17,3.458,0.002028
2024-12-18,3.458,0.0
2024-12-19,3.444,-0.004049
2024-12-20,3.435,-0.002613
2024-12-23,3.439,0.001164
2024-12-24,3.478,0.011341
2024-12-25,3.468,-0.002875
2024-12-26,3.474,0.00173
2024-12-27,3.461,-0.003742
2024-12-30,3.473,0.003467
2024-12-31,3.457,-0.004607
2025-01-02,3.406,-0.014753
2025-01-03,3.385,-0.006166
2025-01-06,3.38,-0.001477
2025-01-07,3.391,0.003254
2025-01-08,3.397,0.001769
2025-01-09,3.398,0.000294
2025-01-10,3.373,-0.007357
2025-01-13,3.366,-0.002075
2025-01-14,3.427,0.018122
2025-01-15,3.409,-0.005252
2025-01-16,3.422,0.003813
2025-01-17,3.445,0.006721
2025-01-20,3.469,0.006967
2025-01-21,3.473,0.001153
2025-01-22,3.44,-0.009502
2025-01-23,3.42,-0.005814
2025-01-24,3.441,0.00614
2025-01-27,3.433,-0.002325
2025-02-05,3.398,-0.010195
2025-02-06,3.425,0.007946
2025-02-07,3.451,0.007591
2025-02-10,3.445,-0.001739
2025-02-11,3.444,-0.00029
2025-02-12,3.471,0.00784
2025-02-13,3.449,-0.006338
2025-02-14,3.47,0.006089
2025-02-17,3.469,-0.000288
2025-02-18,3.461,-0.002306
2025-02-19,3.483,0.006357
2025-02-20,3.486,0.000861
2025-02-21,3.515,0.008319
2025-02-24,3.526,0.003129
2025-02-25,3.503,-0.006523
2025-02-26,3.524,0.005995
2025-02-27,3.54,0.00454
2025-02-28,3.493,-0.013277
2025-03-03,3.472,-0.006012
2025-03-04,3.465,-0.002016
2025-03-05,3.493,0.008081
2025-03-06,3.515,0.006298
2025-03-07,3.553,0.010811
2025-03-10,3.57,0.004785
2025-03-11,3.571,0.00028
2025-03-12,3.555,-0.004481
2025-03-13,3.518,-0.010408
2025-03-14,3.582,0.018192
2025-03-17,3.576,-0.001675
2025-03-18,3.573,-0.000839
2025-03-19,3.568,-0.001399
2025-03-20,3.549,-0.005325
2025-03-21,3.489,-0.016906
2025-03-24,3.515,0.007452
2025-03-25,3.494,-0.005974
2025-03-26,3.485,-0.002576
2025-03-27,3.495,0.002869
2025-03-28,3.477,-0.00515
2025-03-31,3.464,-0.003739
2025-04-01,3.456,-0.002309
2025-04-02,3.459,0.000868
2025-04-03,3.414,-0.01301
2025-04-07,3.231,-0.053603
2025-04-08,3.247,0.004952
2025-04-09,3.272,0.007699
2025-04-10,3.314,0.012836
2025-04-11,3.346,0.009656
2025-04-14,3.357,0.003288
2025-04-15,3.355,-0.000596
2025-04-16,3.351,-0.001192
2025-04-17,3.357,0.001791
2025-04-18,3.355,-0.000596
2025-04-21,3.363,0.002385
2025-04-22,3.368,0.001487
2025-04-23,3.375,0.002078
2025-04-24,3.387,0.003556
2025-04-25,3.388,0.000295
2025-04-28,3.384,-0.001181
2025-04-29,3.398,0.004137
2025-04-30,3.393,-0.001471
2025-05-06,3.422,0.008547
2025-05-07,3.424,0.000584
2025-05-08,3.42,-0.001168
2025-05-09,3.429,0.002632
2025-05-12,3.444,0.004374
2025-05-13,3.453,0.002613
2025-05-14,3.476,0.006661
2025-05-15,3.468,-0.002301
2025-05-16,3.466,-0.000577
2025-05-19,3.465,-0.000289
2025-05-20,3.509,0.012698
2025-05-21,3.504,-0.001425
2025-05-22,3.501,-0.000856
2025-05-23,3.487,-0.003999
2025-05-26,3.467,-0.005736
2025-05-27,3.451,-0.004615
2025-05-28,3.462,0.003187
2025-05-29,3.471,0.0026
2025-05-30,3.458,-0.003745
2025-06-03,3.491,0.009543
2025-06-04,3.522,0.00888
2025-06-05,3.504,-0.005111
2025-06-06,3.491,-0.00371
2025-06-09,3.496,0.001432
2025-06-10,3.492,-0.001144
2025-06-11,3.507,0.004296
2025-06-12,3.514,0.001996
2025-06-13,3.494,-0.005692
2025-06-16,3.5,0.001717
2025-06-17,3.483,-0.004857
2025-06-18,3.49,0.00201
2025-06-19,3.461,-0.008309
2025-06-20,3.455,-0.001734
2025-06-23,3.453,-0.000579
2025-06-24,3.488,0.010136
2025-06-25,3.505,0.004874
2025-06-26,3.492,-0.003709
2025-06-27,3.486,-0.001718
2025-06-30,3.52,0.009753
2025-07-01,3.543,0.006534
2025-07-02,3.523,-0.005645
2025-07-03,3.531,0.002271
2025-07-04,3.542,0.003115
2025-07-07,3.527,-0.004235
2025-07-08,3.583,0.015878
2025-07-09,3.577,-0.001675
2025-07-10,3.574,-0.000839
2025-07-11,3.559,-0.004197
2025-07-14,3.57,0.003091
2025-07-15,3.615,0.012605
2025-07-16,3.602,-0.003596
2025-07-17,3.641,0.010827
2025-07-18,3.643,0.000549
2025-07-21,3.651,0.002196
2025-07-22,3.667,0.004382
2025-07-23,3.655,-0.003272
2025-07-24,3.657,0.000547
2025-07-25,3.651,-0.001641
2025-07-28,3.693,0.011504
2025-07-29,3.774,0.021933
2025-07-30,3.779,0.001325
2025-07-31,3.773,-0.001588
2025-08-01,3.736,-0.009807
2025-08-04,3.739,0.000803
2025-08-05,3.749,0.002675
2025-08-06,3.751,0.000533
2025-08-07,3.743,-0.002133
2025-08-08,3.745,0.000534
2025-08-11,3.778,0.008812
2025-08-12,3.816,0.010058
2025-08-13,3.933,0.03066
2025-08-14,3.868,-0.016527
2025-08-15,3.88,0.003102
2025-08-18,3.958,0.020103
2025-08-19,4.009,0.012885
2025-08-20,4.017,0.001996
2025-08-21,3.986,-0.007717
2025-08-22,4.052,0.016558
2025-08-25,4.181,0.031836
2025-08-26,4.162,-0.004544
2025-08-27,4.171,0.002162
2025-08-28,4.359,0.045073
2025-08-29,4.434,0.017206
2025-09-01,4.559,0.028191
2025-09-02,4.4,-0.034876
2025-09-03,4.445,0.010227
2025-09-04,4.199,-0.055343
2025-09-05,4.362,0.038819
2025-09-08,4.261,-0.023155
2025-09-09,4.219,-0.009857
2025-09-10,4.297,0.018488
2025-09-11,4.459,0.037701
2025-09-12,4.473,0.00314
2025-09-15,4.446,-0.006036
2025-09-16,4.451,0.001125
2025-09-17,4.48,0.006515
2025-09-18,4.482,0.000446
2025-09-19,4.489,0.001562
2025-09-22,4.566,0.017153
2025-09-23,4.583,0.003723
2025-09-24,4.571,-0.002618
2025-09-25,4.598,0.005907
2025-09-26,4.502,-0.020879
2025-09-29,4.584,0.018214
2025-09-30,4.545,-0.008508
2025-10-09,4.586,0.009021
2025-10-10,4.473,-0.02464
2025-10-13,4.422,-0.011402
2025-10-14,4.291,-0.029625
2025-10-15,4.379,0.020508
2025-10-16,4.382,0.000685
2025-10-17,4.267,-0.026244
2025-10-20,4.322,0.01289
2025-10-21,4.45,0.029616
2025-10-22,4.434,-0.003596
2025-10-23,4.399,-0.007894
2025-10-24,4.535,0.030916
2025-10-27,4.629,0.020728
2025-10-28,4.659,0.006481
2025-10-29,4.746,0.018674
2025-10-30,4.677,-0.014539
2025-10-31,4.538,-0.02972
2025-11-03,4.569,0.006831
2025-11-04,4.519,-0.010943
2025-11-05,4.554,0.007745
2025-11-06,4.648,0.020641
2025-11-07,4.587,-0.013124
2025-11-10,4.534,-0.011554
2025-11-11,4.479,-0.012131
2025-11-12,4.482,0.00067
2025-11-13,4.5,0.004016
2025-11-14,4.398,-0.022667
2025-11-17,4.408,0.002274
2025-11-18,4.398,-0.002269
2025-11-19,4.407,0.002046
2025-11-20,4.398,-0.002042
2025-11-21,4.262,-0.030923
2025-11-24,4.248,-0.003285
2025-11-25,4.304,0.013183
2025-11-26,4.393,0.020678
2025-11-27,4.386,-0.001593
2025-11-28,4.405,0.004332
2025-12-01,4.45,0.010216
2025-12-02,4.434,-0.003596
2025-12-03,4.417,-0.003834
2025-12-04,4.429,0.002717
2025-12-05,4.46,0.006999
2025-12-08,4.551,0.020404
2025-12-09,4.582,0.006812
2025-12-10,4.611,0.006329
2025-12-11,4.551,-0.013012
2025-12-12,4.612,0.013404
2025-12-15,4.555,-0.012359
2025-12-16,4.489,-0.01449
2025-12-17,4.654,0.036757
2025-12-18,4.578,-0.01633
2025-12-19,4.573,-0.001092
2025-12-22,4.695,0.026678
2025-12-23,4.725,0.00639
2025-12-24,4.749,0.005079
2025-12-25,4.767,0.00379
2025-12-26,4.746,-0.004405
2025-12-29,4.741,-0.001054
2025-12-30,4.761,0.004219
2025-12-31,4.689,-0.015123
2026-01-05,4.745,0.011943
2026-01-06,4.727,-0.003793
2026-01-07,4.761,0.007193
2026-01-08,4.72,-0.008612
2026-01-09,4.738,0.003814
2026-01-12,4.735,-0.000633
2026-01-13,4.656,-0.016684
2026-01-14,4.673,0.003651
2026-01-15,4.734,0.013054
2026-01-16,4.745,0.002324
2026-01-19,4.751,0.001264
2026-01-20,4.671,-0.016839
2026-01-21,4.71,0.008349
2026-01-22,4.735,0.005308
2026-01-23,4.728,-0.001478
2026-01-26,4.727,-0.000212
2026-01-27,4.773,0.009731
2026-01-28,4.813,0.00838
2026-01-29,4.803,-0.002078
2026-01-30,4.792,-0.00229
2026-02-02,4.687,-0.021912
2026-02-03,4.772,0.018135
2026-02-04,4.751,-0.004401
2026-02-05,4.692,-0.012418
2026-02-06,4.657,-0.00746
2026-02-09,4.762,0.022547
2026-02-10,4.753,-0.00189
2026-02-11,4.734,-0.003997
2026-02-12,4.757,0.004858
2026-02-13,4.719,-0.007988
2026-02-24,4.79,0.015046
2026-02-25,4.852,0.012944
2026-02-26,4.906,0.011129
2026-02-27,4.874,-0.006523
2026-03-02,4.916,0.008617
2026-03-03,4.812,-0.021155
2026-03-04,4.784,-0.005819
2026-03-05,4.835,0.010661
2026-03-06,4.819,-0.003309
2026-03-09,4.748,-0.014733
2026-03-10,4.851,0.021693
2026-03-11,4.847,-0.000825
2026-03-12,4.821,-0.005364
2026-03-13,4.807,-0.002904
2026-03-16,4.808,0.000208
2026-03-17,4.668,-0.029118
2026-03-18,4.757,0.019066
2026-03-19,4.695,-0.013033
2026-03-20,4.745,0.01065
2026-03-23,4.596,-0.031401
2026-03-24,4.673,0.016754
2026-03-25,4.781,0.023111
2026-03-26,4.709,-0.01506
2026-03-27,4.706,-0.000637
2026-03-30,4.728,0.004675
2026-03-31,4.662,-0.013959
2026-04-01,4.781,0.025526
2026-04-02,4.708,-0.015269
2026-04-03,4.764,0.011895
2026-04-07,4.766,0.00042
2026-04-08,5.005,0.050147
2026-04-09,5.048,0.008591
2026-04-10,5.15,0.020206
2026-04-13,5.14,-0.001942
2026-04-14,5.215,0.014591
2026-04-15,5.157,-0.011122
2026-04-16,5.267,0.02133
2026-04-17,5.445,0.033795
2026-04-20,5.449,0.000735
2026-04-21,5.511,0.011378
2026-04-22,5.734,0.040465
2026-04-23,5.684,-0.00872
2026-04-24,5.578,-0.018649
2026-04-27,5.64,0.011115
2026-04-28,5.556,-0.014894
2026-04-29,5.607,0.009179
2026-04-30,5.611,0.000713
2026-05-06,5.698,0.015505
2026-05-07,5.916,0.038259
2026-05-08,5.891,-0.004226
2026-05-11,6.058,0.028348
2026-05-12,6.177,0.019643
2026-05-13,6.34,0.026388
2026-05-14,6.287,-0.00836
2026-05-15,6.175,-0.017815
2026-05-18,6.231,0.009069
2026-05-19,6.272,0.00658
2026-05-20,6.421,0.023756
2026-05-21,6.108,-0.048746
2026-05-22,6.327,0.035855
2026-05-25,6.5,0.027343
2026-05-26,6.455,-0.006923
2026-05-27,6.404,-0.007901
2026-05-28,6.58,0.027483
2026-05-29,6.462,-0.017933
2026-06-01,6.203,-0.04008
2026-06-02,6.497,0.047396
2026-06-03,6.708,0.032477
2026-06-04,6.803,0.014162
2026-06-05,6.582,-0.032486
2026-06-08,6.467,-0.017472
2026-06-09,6.81,0.053039
2026-06-10,6.661,-0.02188
2026-06-11,6.638,-0.003453
2026-06-12,6.585,-0.007984
2026-06-15,6.932,0.052696
2026-06-16,7.113,0.026111
2026-06-17,7.288,0.024603
2026-06-18,7.5,0.029089
2026-06-22,7.708,0.027733
2026-06-23,7.528,-0.023352
2026-06-24,7.67,0.018863
2026-06-25,8.02,0.045632
2026-06-26,7.822,-0.024688
2026-06-29,7.875,0.006776
2026-06-30,8.126,0.031873
2026-07-01,7.994,-0.016244
2026-07-02,7.405,-0.07368
2026-07-03,7.392,-0.001756
2026-07-06,7.28,-0.015152
2026-07-07,7.251,-0.003984
2026-07-08,7.23,-0.002896
2026-07-09,7.533,0.041909
2026-07-10,7.29,-0.032258
2026-07-13,7.13,-0.021948
2026-07-14,7.324,0.027209
2026-07-15,7.209,-0.015702
2026-07-16,7.085,-0.017201
2026-07-17,6.764,-0.045307
2026-07-20,6.836,0.010645
2026-07-21,6.972,0.019895
2026-07-22,6.98,0.001147
2026-07-23,6.912,-0.009742
2026-07-24,6.881,-0.004485
2026-07-27,6.944,0.009156
2026-07-28,6.87,-0.010657
2026-07-29,6.875,0.000728
2026-07-30,6.844,-0.004509
2026-07-31,6.848,0.000584
2026-08-03,6.758,-0.013143
2026-08-04,6.795,0.005475
2026-08-05,6.875,0.011773
2026-08-06,6.902,0.003927
2026-08-07,6.963,0.008838
2026-08-10,7.005,0.006032
2026-08-11,6.995,-0.001428
2026-08-12,7.011,0.002287
2026-08-13,7.006,-0.000713
2026-08-14,7.012,0.000856
2026-08-17,7.122,0.015687
2026-08-18,7.107,-0.002106
2026-08-19,6.866,-0.03391
2026-08-20,6.896,0.004369
2026-08-21,6.94,0.006381
2026-08-24,6.83,-0.01585
2026-08-25,6.816,-0.00205
2026-08-26,6.82,0.000587
2026-08-27,6.915,0.01393
2026-08-28,6.888,-0.003905
2026-08-31,6.936,0.006969
2026-09-01,6.919,-0.002451
2026-09-02,6.834,-0.012285
2026-09-03,6.828,-0.000878
2026-09-04,6.78,-0.00703
2026-09-07,6.89,0.016224
2026-09-08,6.841,-0.007112
2026-09-09,6.824,-0.002485
2026-09-10,6.792,-0.004689
2026-09-11,6.754,-0.005595
2026-09-14,6.696,-0.008588
2026-09-15,6.712,0.002389
2026-09-16,6.82,0.016091
2026-09-17,6.817,-0.00044
2026-09-18,6.926,0.015989
2026-09-21,6.976,0.007219
2026-09-22,6.941,-0.005017
2026-09-23,6.91,-0.004466
2026-09-24,6.779,-0.018958
2026-09-28,6.546,-0.034371
2026-09-29,6.549,0.000458
2026-09-30,6.522,-0.004123
