净值日期,累计净值,daily_return
2008-12-12,4.62,
2008-12-15,4.623,0.000649
2008-12-16,4.626,0.000649
2008-12-17,4.628,0.000432
2008-12-18,4.639,0.002377
2008-12-19,4.643,0.000862
2008-12-22,4.639,-0.000862
2008-12-23,4.62,-0.004096
2008-12-24,4.615,-0.001082
2008-12-25,4.614,-0.000217
2008-12-26,4.611,-0.00065
2008-12-29,4.61,-0.000217
2008-12-30,4.611,0.000217
2008-12-31,4.612,0.000217
2009-01-05,4.624,0.002602
2009-01-06,4.636,0.002595
2009-01-07,4.632,-0.000863
2009-01-08,4.616,-0.003454
2009-01-09,4.623,0.001516
2009-01-12,4.626,0.000649
2009-01-13,4.611,-0.003243
2009-01-14,4.643,0.00694
2009-01-15,4.64,-0.000646
2009-01-16,4.652,0.002586
2009-01-19,4.662,0.00215
2009-01-20,4.67,0.001716
2009-01-21,4.673,0.000642
2009-01-22,4.681,0.001712
2009-01-23,4.681,0.0
2009-02-02,4.686,0.001068
2009-02-03,4.706,0.004268
2009-02-04,4.74,0.007225
2009-02-05,4.726,-0.002954
2009-02-06,4.777,0.010791
2009-02-09,4.815,0.007955
2009-02-10,4.833,0.003738
2009-02-11,4.832,-0.000207
2009-02-12,4.833,0.000207
2009-02-13,4.878,0.009311
2009-02-16,4.899,0.004305
2009-02-17,4.853,-0.00939
2009-02-18,4.813,-0.008242
2009-02-19,4.833,0.004155
2009-02-20,4.849,0.003311
2009-02-23,4.884,0.007218
2009-02-24,4.836,-0.009828
2009-02-25,4.828,-0.001654
2009-02-26,4.79,-0.007871
2009-02-27,4.782,-0.00167
2009-03-02,4.793,0.0023
2009-03-03,4.78,-0.002712
2009-03-04,4.84,0.012552
2009-03-05,4.84,0.0
2009-03-06,4.832,-0.001653
2009-03-09,4.807,-0.005174
2009-03-10,4.815,0.001664
2009-03-11,4.804,-0.002285
2009-03-12,4.8,-0.000833
2009-03-13,4.797,-0.000625
2009-03-16,4.812,0.003127
2009-03-17,4.845,0.006858
2009-03-18,4.847,0.000413
2009-03-19,4.863,0.003301
2009-03-20,4.867,0.000823
2009-03-23,4.89,0.004726
2009-03-24,4.9,0.002045
2009-03-25,4.883,-0.003469
2009-03-26,4.906,0.00471
2009-03-27,4.911,0.001019
2009-03-30,4.9,-0.00224
2009-03-31,4.907,0.001429
2009-04-01,4.923,0.003261
2009-04-02,4.939,0.00325
2009-04-03,4.938,-0.000202
2009-04-07,4.937,-0.000203
2009-04-08,4.895,-0.008507
2009-04-09,4.916,0.00429
2009-04-10,4.957,0.00834
2009-04-13,4.981,0.004842
2009-04-14,4.989,0.001606
2009-04-15,4.997,0.001604
2009-04-16,4.997,0.0
2009-04-17,4.988,-0.001801
2009-04-20,5.008,0.00401
2009-04-21,4.993,-0.002995
2009-04-22,4.937,-0.011216
2009-04-23,4.942,0.001013
2009-04-24,4.935,-0.001416
2009-04-27,4.898,-0.007497
2009-04-28,4.902,0.000817
2009-04-29,4.93,0.005712
2009-04-30,4.938,0.001623
2009-05-04,4.973,0.007088
2009-05-05,4.982,0.00181
2009-05-06,5.005,0.004617
2009-05-07,5.0,-0.000999
2009-05-08,5.0,0.0
2009-05-11,4.97,-0.006
2009-05-12,4.998,0.005634
2009-05-13,5.016,0.003601
2009-05-14,5.004,-0.002392
2009-05-15,5.01,0.001199
2009-05-18,5.013,0.000599
2009-05-19,5.022,0.001795
2009-05-20,5.013,-0.001792
2009-05-21,4.975,-0.00758
2009-05-22,4.967,-0.001608
2009-05-25,4.974,0.001409
2009-05-26,4.969,-0.001005
2009-05-27,4.997,0.005635
2009-06-01,5.025,0.005603
2009-06-02,5.021,-0.000796
2009-06-03,5.056,0.006971
2009-06-04,5.052,-0.000791
2009-06-05,5.048,-0.000792
2009-06-08,5.056,0.001585
2009-06-09,5.063,0.001384
2009-06-10,5.073,0.001975
2009-06-11,5.067,-0.001183
2009-06-12,5.045,-0.004342
2009-06-15,5.083,0.007532
2009-06-16,5.079,-0.000787
2009-06-17,5.089,0.001969
2009-06-18,5.112,0.00452
2009-06-19,5.114,0.000391
2009-06-22,5.101,-0.002542
2009-06-23,5.111,0.00196
2009-06-24,5.122,0.002152
2009-06-25,5.122,0.0
2009-06-26,5.131,0.001757
2009-06-29,5.159,0.005457
2009-06-30,5.144,-0.002908
2009-07-01,5.181,0.007193
2009-07-02,5.198,0.003281
2009-07-03,5.218,0.003848
2009-07-06,5.231,0.002491
2009-07-07,5.217,-0.002676
2009-07-08,5.215,-0.000383
2009-07-09,5.234,0.003643
2009-07-10,5.241,0.001337
2009-07-13,5.229,-0.00229
2009-07-14,5.277,0.00918
2009-07-15,5.278,0.00019
2009-07-16,5.281,0.000568
2009-07-17,5.289,0.001515
2009-07-20,5.315,0.004916
2009-07-21,5.289,-0.004892
2009-07-22,5.324,0.006618
2009-07-23,5.347,0.00432
2009-07-24,5.351,0.000748
2009-07-27,5.375,0.004485
2009-07-28,5.369,-0.001116
2009-07-29,5.284,-0.015832
2009-07-30,5.317,0.006245
2009-07-31,5.36,0.008087
2009-08-03,5.391,0.005784
2009-08-04,5.399,0.001484
2009-08-05,5.369,-0.005557
2009-08-06,5.34,-0.005401
2009-08-07,5.3,-0.007491
2009-08-10,5.307,0.001321
2009-08-11,5.307,0.0
2009-08-12,5.239,-0.012813
2009-08-13,5.25,0.0021
2009-08-14,5.201,-0.009333
2009-08-17,5.114,-0.016728
2009-08-18,5.127,0.002542
2009-08-19,5.075,-0.010142
2009-08-20,5.132,0.011232
2009-08-21,5.16,0.005456
2009-08-24,5.182,0.004264
2009-08-25,5.134,-0.009263
2009-08-26,5.16,0.005064
2009-08-27,5.151,-0.001744
2009-08-28,5.097,-0.010483
2009-08-31,5.009,-0.017265
2009-09-01,5.02,0.002196
2009-09-02,5.04,0.003984
2009-09-03,5.108,0.013492
2009-09-04,5.122,0.002741
2009-09-07,5.135,0.002538
2009-09-08,5.166,0.006037
2009-09-09,5.176,0.001936
2009-09-10,5.16,-0.003091
2009-09-11,5.197,0.007171
2009-09-14,5.227,0.005773
2009-09-15,5.23,0.000574
2009-09-16,5.206,-0.004589
2009-09-17,5.231,0.004802
2009-09-18,5.178,-0.010132
2009-09-21,5.199,0.004056
2009-09-22,5.186,-0.0025
2009-09-23,5.162,-0.004628
2009-09-24,5.166,0.000775
2009-09-25,5.156,-0.001936
2009-09-28,5.124,-0.006206
2009-09-29,5.128,0.000781
2009-09-30,5.144,0.00312
2009-10-09,5.207,0.012247
2009-10-12,5.214,0.001344
2009-10-13,5.231,0.00326
2009-10-14,5.238,0.001338
2009-10-15,5.244,0.001145
2009-10-16,5.249,0.000953
2009-10-19,5.289,0.00762
2009-10-20,5.313,0.004538
2009-10-21,5.304,-0.001694
2009-10-22,5.296,-0.001508
2009-10-23,5.328,0.006042
2009-10-26,5.336,0.001502
2009-10-27,5.304,-0.005997
2009-10-28,5.307,0.000566
2009-10-29,5.273,-0.006407
2009-10-30,5.297,0.004551
2009-11-02,5.372,0.014159
2009-11-03,5.387,0.002792
2009-11-04,5.395,0.001485
2009-11-05,5.395,0.0
2009-11-06,5.388,-0.001297
2009-11-09,5.394,0.001114
2009-11-10,5.398,0.000742
2009-11-11,5.394,-0.000741
2009-11-12,5.396,0.000371
2009-11-13,5.412,0.002965
2009-11-16,5.457,0.008315
2009-11-17,5.459,0.000367
2009-11-18,5.457,-0.000366
2009-11-19,5.455,-0.000367
2009-11-20,5.446,-0.00165
2009-11-23,5.469,0.004223
2009-11-24,5.414,-0.010057
2009-11-25,5.463,0.009051
2009-11-26,5.399,-0.011715
2009-11-27,5.361,-0.007038
2009-11-30,5.434,0.013617
2009-12-01,5.462,0.005153
2009-12-02,5.482,0.003662
2009-12-03,5.475,-0.001277
2009-12-04,5.475,0.0
2009-12-07,5.485,0.001826
2009-12-08,5.469,-0.002917
2009-12-09,5.441,-0.00512
2009-12-10,5.453,0.002205
2009-12-11,5.451,-0.000367
2009-12-14,5.466,0.002752
2009-12-15,5.461,-0.000915
2009-12-16,5.449,-0.002197
2009-12-17,5.411,-0.006974
2009-12-18,5.367,-0.008132
2009-12-21,5.365,-0.000373
2009-12-22,5.331,-0.006337
2009-12-23,5.352,0.003939
2009-12-24,5.403,0.009529
2009-12-25,5.414,0.002036
2009-12-28,5.437,0.004248
2009-12-29,5.441,0.000736
2009-12-30,5.455,0.002573
2009-12-31,5.466,0.002016
2010-01-04,5.458,-0.001464
2010-01-05,5.475,0.003115
2010-01-06,5.467,-0.001461
2010-01-07,5.43,-0.006768
2010-01-08,5.431,0.000184
2010-01-11,5.449,0.003314
2010-01-12,5.49,0.007524
2010-01-13,5.459,-0.005647
2010-01-14,5.5,0.007511
2010-01-15,5.501,0.000182
2010-01-18,5.514,0.002363
2010-01-19,5.504,-0.001814
2010-01-20,5.438,-0.011991
2010-01-21,5.442,0.000736
2010-01-22,5.414,-0.005145
2010-01-25,5.394,-0.003694
2010-01-26,5.36,-0.006303
2010-01-27,5.343,-0.003172
2010-01-28,5.355,0.002246
2010-01-29,5.359,0.000747
2010-02-01,5.345,-0.002612
2010-02-02,5.335,-0.001871
2010-02-03,5.355,0.003749
2010-02-04,5.355,0.0
2010-02-05,5.329,-0.004855
2010-02-08,5.329,0.0
2010-02-09,5.333,0.000751
2010-02-10,5.365,0.006
2010-02-11,5.368,0.000559
2010-02-12,5.384,0.002981
2010-02-22,5.372,-0.002229
2010-02-23,5.36,-0.002234
2010-02-24,5.39,0.005597
2010-02-25,5.411,0.003896
2010-02-26,5.408,-0.000554
2010-03-01,5.422,0.002589
2010-03-02,5.415,-0.001291
2010-03-03,5.426,0.002031
2010-03-04,5.376,-0.009215
2010-03-05,5.38,0.000744
2010-03-08,5.392,0.00223
2010-03-09,5.399,0.001298
2010-03-10,5.382,-0.003149
2010-03-11,5.375,-0.001301
2010-03-12,5.357,-0.003349
2010-03-15,5.332,-0.004667
2010-03-16,5.339,0.001313
2010-03-17,5.382,0.008054
2010-03-18,5.376,-0.001115
2010-03-19,5.382,0.001116
2010-03-22,5.391,0.001672
2010-03-23,5.38,-0.00204
2010-03-24,5.382,0.000372
2010-03-25,5.369,-0.002415
2010-03-26,5.392,0.004284
2010-03-29,5.427,0.006491
2010-03-30,5.437,0.001843
2010-03-31,5.424,-0.002391
2010-04-01,5.449,0.004609
2010-04-02,5.45,0.000184
2010-04-06,5.447,-0.00055
2010-04-07,5.438,-0.001652
2010-04-08,5.43,-0.001471
2010-04-09,5.453,0.004236
2010-04-12,5.463,0.001834
2010-04-13,5.471,0.001464
2010-04-14,5.481,0.001828
2010-04-15,5.471,-0.001824
2010-04-16,5.459,-0.002193
2010-04-19,5.382,-0.014105
2010-04-20,5.399,0.003159
2010-04-21,5.454,0.010187
2010-04-22,5.453,-0.000183
2010-04-23,5.446,-0.001284
2010-04-26,5.443,-0.000551
2010-04-27,5.411,-0.005879
2010-04-28,5.406,-0.000924
2010-04-29,5.355,-0.009434
2010-04-30,5.331,-0.004482
2010-05-04,5.32,-0.002063
2010-05-05,5.34,0.003759
2010-05-06,5.286,-0.010112
2010-05-07,5.262,-0.00454
2010-05-10,5.26,-0.00038
2010-05-11,5.227,-0.006274
2010-05-12,5.215,-0.002296
2010-05-13,5.262,0.009012
2010-05-14,5.265,0.00057
2010-05-17,5.191,-0.014055
2010-05-18,5.214,0.004431
2010-05-19,5.211,-0.000575
2010-05-20,5.186,-0.004798
2010-05-21,5.209,0.004435
2010-05-24,5.256,0.009023
2010-05-25,5.229,-0.005137
2010-05-26,5.226,-0.000574
2010-05-27,5.252,0.004975
2010-05-28,5.26,0.001523
2010-05-31,5.218,-0.007985
2010-06-01,5.199,-0.003641
2010-06-02,5.205,0.001154
2010-06-03,5.202,-0.000576
2010-06-04,5.201,-0.000192
2010-06-07,5.178,-0.004422
2010-06-08,5.185,0.001352
2010-06-09,5.221,0.006943
2010-06-10,5.215,-0.001149
2010-06-11,5.217,0.000384
2010-06-17,5.199,-0.00345
2010-06-18,5.162,-0.007117
2010-06-21,5.205,0.00833
2010-06-22,5.206,0.000192
2010-06-23,5.194,-0.002305
2010-06-24,5.194,0.0
2010-06-25,5.176,-0.003466
2010-06-28,5.154,-0.00425
2010-06-29,5.091,-0.012224
2010-06-30,5.075,-0.003143
2010-07-01,5.056,-0.003744
2010-07-02,5.051,-0.000989
2010-07-05,5.034,-0.003366
2010-07-06,5.061,0.005364
2010-07-07,5.077,0.003161
2010-07-08,5.071,-0.001182
2010-07-09,5.107,0.007099
2010-07-12,5.114,0.001371
2010-07-13,5.096,-0.00352
2010-07-14,5.108,0.002355
2010-07-15,5.092,-0.003132
2010-07-16,5.093,0.000196
2010-07-19,5.124,0.006087
2010-07-20,5.162,0.007416
2010-07-21,5.159,-0.000581
2010-07-22,5.183,0.004652
2010-07-23,5.191,0.001544
2010-07-26,5.206,0.00289
2010-07-27,5.202,-0.000768
2010-07-28,5.234,0.006151
2010-07-29,5.23,-0.000764
2010-07-30,5.233,0.000574
2010-08-02,5.26,0.00516
2010-08-03,5.237,-0.004373
2010-08-04,5.246,0.001719
2010-08-05,5.248,0.000381
2010-08-06,5.277,0.005526
2010-08-09,5.296,0.003601
2010-08-10,5.25,-0.008686
2010-08-11,5.262,0.002286
2010-08-12,5.239,-0.004371
2010-08-13,5.256,0.003245
2010-08-16,5.297,0.007801
2010-08-17,5.315,0.003398
2010-08-18,5.307,-0.001505
2010-08-19,5.301,-0.001131
2010-08-20,5.266,-0.006603
2010-08-23,5.27,0.00076
2010-08-24,5.29,0.003795
2010-08-25,5.261,-0.005482
2010-08-26,5.266,0.00095
2010-08-27,5.281,0.002848
2010-08-30,5.324,0.008142
2010-08-31,5.34,0.003005
2010-09-01,5.332,-0.001498
2010-09-02,5.363,0.005814
2010-09-03,5.384,0.003916
2010-09-06,5.398,0.0026
2010-09-07,5.402,0.000741
2010-09-08,5.408,0.001111
2010-09-09,5.382,-0.004808
2010-09-10,5.412,0.005574
2010-09-13,5.442,0.005543
2010-09-14,5.457,0.002756
2010-09-15,5.428,-0.005314
2010-09-16,5.403,-0.004606
2010-09-17,5.416,0.002406
2010-09-20,5.411,-0.000923
2010-09-21,5.403,-0.001478
2010-09-27,5.432,0.005367
2010-09-28,5.414,-0.003314
2010-09-29,5.38,-0.00628
2010-09-30,5.408,0.005204
2010-10-08,5.458,0.009246
2010-10-11,5.458,0.0
2010-10-12,5.455,-0.00055
2010-10-13,5.473,0.0033
2010-10-14,5.438,-0.006395
2010-10-15,5.467,0.005333
2010-10-18,5.461,-0.001097
2010-10-19,5.495,0.006226
2010-10-20,5.526,0.005641
2010-10-21,5.51,-0.002895
2010-10-22,5.514,0.000726
2010-10-25,5.567,0.009612
2010-10-26,5.558,-0.001617
2010-10-27,5.524,-0.006117
2010-10-28,5.528,0.000724
2010-10-29,5.532,0.000724
2010-11-01,5.573,0.007411
2010-11-02,5.572,-0.000179
2010-11-03,5.556,-0.002872
2010-11-04,5.589,0.00594
2010-11-05,5.611,0.003936
2010-11-08,5.623,0.002139
2010-11-09,5.623,0.0
2010-11-10,5.631,0.001423
2010-11-11,5.625,-0.001066
2010-11-12,5.533,-0.016356
2010-11-15,5.577,0.007952
2010-11-16,5.52,-0.010221
2010-11-17,5.455,-0.011775
2010-11-18,5.47,0.00275
2010-11-19,5.524,0.009872
2010-11-22,5.545,0.003802
2010-11-23,5.518,-0.004869
2010-11-24,5.569,0.009242
2010-11-25,5.585,0.002873
2010-11-26,5.572,-0.002328
2010-11-29,5.575,0.000538
2010-11-30,5.537,-0.006816
2010-12-01,5.521,-0.00289
2010-12-02,5.518,-0.000543
2010-12-03,5.505,-0.002356
2010-12-06,5.497,-0.001453
2010-12-07,5.518,0.00382
2010-12-08,5.51,-0.00145
2010-12-09,5.477,-0.005989
2010-12-10,5.498,0.003834
2010-12-13,5.557,0.010731
2010-12-14,5.565,0.00144
2010-12-15,5.549,-0.002875
2010-12-16,5.546,-0.000541
2010-12-17,5.541,-0.000902
2010-12-20,5.528,-0.002346
2010-12-21,5.56,0.005789
2010-12-22,5.542,-0.003237
2010-12-23,5.509,-0.005955
2010-12-24,5.497,-0.002178
2010-12-27,5.459,-0.006913
2010-12-28,5.422,-0.006778
2010-12-29,5.45,0.005164
2010-12-30,5.458,0.001468
2010-12-31,5.5,0.007695
2011-01-04,5.505,0.000909
2011-01-05,5.491,-0.002543
2011-01-06,5.479,-0.002185
2011-01-07,5.463,-0.00292
2011-01-10,5.422,-0.007505
2011-01-11,5.414,-0.001475
2011-01-12,5.419,0.000924
2011-01-13,5.418,-0.000185
2011-01-14,5.388,-0.005537
2011-01-17,5.317,-0.013177
2011-01-18,5.324,0.001317
2011-01-19,5.367,0.008077
2011-01-20,5.315,-0.009689
2011-01-21,5.317,0.000376
2011-01-24,5.262,-0.010344
2011-01-25,5.241,-0.003991
2011-01-26,5.264,0.004388
2011-01-27,5.296,0.006079
2011-01-28,5.309,0.002455
2011-01-31,5.345,0.006781
2011-02-01,5.339,-0.001123
2011-02-09,5.327,-0.002248
2011-02-10,5.372,0.008448
2011-02-11,5.383,0.002048
2011-02-14,5.412,0.005387
2011-02-15,5.418,0.001109
2011-02-16,5.454,0.006645
2011-02-17,5.455,0.000183
2011-02-18,5.434,-0.00385
2011-02-21,5.47,0.006625
2011-02-22,5.424,-0.00841
2011-02-23,5.441,0.003134
2011-02-24,5.447,0.001103
2011-02-25,5.442,-0.000918
2011-02-28,5.471,0.005329
2011-03-01,5.475,0.000731
2011-03-02,5.459,-0.002922
2011-03-03,5.423,-0.006595
2011-03-04,5.438,0.002766
2011-03-07,5.455,0.003126
2011-03-08,5.471,0.002933
2011-03-09,5.477,0.001097
2011-03-10,5.463,-0.002556
2011-03-11,5.453,-0.00183
2011-03-14,5.481,0.005135
2011-03-15,5.457,-0.004379
2011-03-16,5.469,0.002199
2011-03-17,5.445,-0.004388
2011-03-18,5.453,0.001469
2011-03-21,5.437,-0.002934
2011-03-22,5.428,-0.001655
2011-03-23,5.45,0.004053
2011-03-24,5.45,0.0
2011-03-25,5.462,0.002202
2011-03-28,5.453,-0.001648
2011-03-29,5.427,-0.004768
2011-03-30,5.431,0.000737
2011-03-31,5.416,-0.002762
2011-04-01,5.442,0.004801
2011-04-06,5.442,0.0
2011-04-07,5.454,0.002205
2011-04-08,5.475,0.00385
2011-04-11,5.455,-0.003653
2011-04-12,5.442,-0.002383
2011-04-13,5.466,0.00441
2011-04-14,5.453,-0.002378
2011-04-15,5.446,-0.001284
2011-04-18,5.454,0.001469
2011-04-19,5.446,-0.001467
2011-04-20,5.45,0.000734
2011-04-21,5.469,0.003486
2011-04-22,5.45,-0.003474
2011-04-25,5.422,-0.005138
2011-04-26,5.407,-0.002767
2011-04-27,5.404,-0.000555
2011-04-28,5.344,-0.011103
2011-04-29,5.379,0.006549
2011-05-03,5.404,0.004648
2011-05-04,5.356,-0.008882
2011-05-05,5.349,-0.001307
2011-05-06,5.351,0.000374
2011-05-09,5.361,0.001869
2011-05-10,5.376,0.002798
2011-05-11,5.398,0.004092
2011-05-12,5.392,-0.001112
2011-05-13,5.399,0.001298
2011-05-16,5.4,0.000185
2011-05-17,5.386,-0.002593
2011-05-18,5.399,0.002414
2011-05-19,5.394,-0.000926
2011-05-20,5.392,-0.000371
2011-05-23,5.328,-0.011869
2011-05-24,5.323,-0.000938
2011-05-25,5.309,-0.00263
2011-05-26,5.293,-0.003014
2011-05-27,5.264,-0.005479
2011-05-30,5.257,-0.00133
2011-05-31,5.273,0.003044
2011-06-01,5.296,0.004362
2011-06-02,5.276,-0.003776
2011-06-03,5.307,0.005876
2011-06-07,5.312,0.000942
2011-06-08,5.315,0.000565
2011-06-09,5.277,-0.00715
2011-06-10,5.28,0.000569
2011-06-13,5.276,-0.000758
2011-06-14,5.305,0.005497
2011-06-15,5.296,-0.001697
2011-06-16,5.264,-0.006042
2011-06-17,5.254,-0.0019
2011-06-20,5.244,-0.001903
2011-06-21,5.265,0.004005
2011-06-22,5.258,-0.00133
2011-06-23,5.304,0.008749
2011-06-24,5.324,0.003771
2011-06-27,5.34,0.003005
2011-06-28,5.345,0.000936
2011-06-29,5.328,-0.003181
2011-06-30,5.349,0.003941
2011-07-01,5.359,0.00187
2011-07-04,5.391,0.005971
2011-07-05,5.403,0.002226
2011-07-06,5.406,0.000555
2011-07-07,5.41,0.00074
2011-07-08,5.404,-0.001109
2011-07-11,5.42,0.002961
2011-07-12,5.396,-0.004428
2011-07-13,5.427,0.005745
2011-07-14,5.427,0.0
2011-07-15,5.442,0.002764
2011-07-18,5.447,0.000919
2011-07-19,5.43,-0.003121
2011-07-20,5.423,-0.001289
2011-07-21,5.408,-0.002766
2011-07-22,5.416,0.001479
2011-07-25,5.367,-0.009047
2011-07-26,5.374,0.001304
2011-07-27,5.407,0.006141
2011-07-28,5.406,-0.000185
2011-07-29,5.384,-0.00407
2011-08-01,5.387,0.000557
2011-08-02,5.372,-0.002784
2011-08-03,5.38,0.001489
2011-08-04,5.39,0.001859
2011-08-05,5.379,-0.002041
2011-08-08,5.337,-0.007808
2011-08-09,5.344,0.001312
2011-08-10,5.36,0.002994
2011-08-11,5.394,0.006343
2011-08-12,5.399,0.000927
2011-08-15,5.414,0.002778
2011-08-16,5.4,-0.002586
2011-08-17,5.395,-0.000926
2011-08-18,5.372,-0.004263
2011-08-19,5.369,-0.000558
2011-08-22,5.343,-0.004843
2011-08-23,5.356,0.002433
2011-08-24,5.351,-0.000934
2011-08-25,5.375,0.004485
2011-08-26,5.382,0.001302
2011-08-29,5.384,0.000372
2011-08-30,5.363,-0.0039
2011-08-31,5.344,-0.003543
2011-09-01,5.336,-0.001497
2011-09-02,5.313,-0.00431
2011-09-05,5.284,-0.005458
2011-09-06,5.272,-0.002271
2011-09-07,5.3,0.005311
2011-09-08,5.29,-0.001887
2011-09-09,5.284,-0.001134
2011-09-13,5.266,-0.003407
2011-09-14,5.274,0.001519
2011-09-15,5.28,0.001138
2011-09-16,5.276,-0.000758
2011-09-19,5.242,-0.006444
2011-09-20,5.235,-0.001335
2011-09-21,5.277,0.008023
2011-09-22,5.226,-0.009665
2011-09-23,5.213,-0.002488
2011-09-26,5.185,-0.005371
2011-09-27,5.182,-0.000579
2011-09-28,5.166,-0.003088
2011-09-29,5.144,-0.004259
2011-09-30,5.147,0.000583
2011-10-10,5.128,-0.003691
2011-10-11,5.105,-0.004485
2011-10-12,5.15,0.008815
2011-10-13,5.167,0.003301
2011-10-14,5.16,-0.001355
2011-10-17,5.16,0.0
2011-10-18,5.126,-0.006589
2011-10-19,5.116,-0.001951
2011-10-20,5.072,-0.0086
2011-10-21,5.061,-0.002169
2011-10-24,5.085,0.004742
2011-10-25,5.123,0.007473
2011-10-26,5.136,0.002538
2011-10-27,5.134,-0.000389
2011-10-28,5.166,0.006233
2011-10-31,5.164,-0.000387
2011-11-01,5.16,-0.000775
2011-11-02,5.179,0.003682
2011-11-03,5.183,0.000772
2011-11-04,5.191,0.001544
2011-11-07,5.193,0.000385
2011-11-08,5.187,-0.001155
2011-11-09,5.201,0.002699
2011-11-10,5.182,-0.003653
2011-11-11,5.178,-0.000772
2011-11-14,5.206,0.005407
2011-11-15,5.207,0.000192
2011-11-16,5.176,-0.005954
2011-11-17,5.186,0.001932
2011-11-18,5.148,-0.007327
2011-11-21,5.144,-0.000777
2011-11-22,5.134,-0.001944
2011-11-23,5.124,-0.001948
2011-11-24,5.126,0.00039
2011-11-25,5.126,0.0
2011-11-28,5.135,0.001756
2011-11-29,5.159,0.004674
2011-11-30,5.127,-0.006203
2011-12-01,5.155,0.005461
2011-12-02,5.13,-0.00485
2011-12-05,5.095,-0.006823
2011-12-06,5.103,0.00157
2011-12-07,5.112,0.001764
2011-12-08,5.112,0.0
2011-12-09,5.104,-0.001565
2011-12-12,5.084,-0.003918
2011-12-13,5.053,-0.006098
2011-12-14,5.038,-0.002969
2011-12-15,5.03,-0.001588
2011-12-16,5.059,0.005765
2011-12-19,5.068,0.001779
2011-12-20,5.068,0.0
2011-12-21,5.044,-0.004736
2011-12-22,5.049,0.000991
2011-12-23,5.069,0.003961
2011-12-26,5.063,-0.001184
2011-12-27,5.03,-0.006518
2011-12-28,5.029,-0.000199
2011-12-29,5.038,0.00179
2011-12-30,5.057,0.003771
2011-12-31,5.057,0.0
2012-01-04,5.021,-0.007119
2012-01-05,4.979,-0.008365
2012-01-06,4.97,-0.001808
2012-01-09,5.001,0.006237
2012-01-10,5.037,0.007199
2012-01-11,5.036,-0.000199
2012-01-12,5.026,-0.001986
2012-01-13,4.996,-0.005969
2012-01-16,4.963,-0.006605
2012-01-17,5.008,0.009067
2012-01-18,4.97,-0.007588
2012-01-19,4.996,0.005231
2012-01-20,5.026,0.006005
2012-01-30,4.997,-0.00577
2012-01-31,5.009,0.002401
2012-02-01,4.996,-0.002595
2012-02-02,5.017,0.004203
2012-02-03,5.029,0.002392
2012-02-06,5.018,-0.002187
2012-02-07,4.998,-0.003986
2012-02-08,5.026,0.005602
2012-02-09,5.042,0.003183
2012-02-10,5.06,0.00357
2012-02-13,5.041,-0.003755
2012-02-14,5.038,-0.000595
2012-02-15,5.049,0.002183
2012-02-16,5.041,-0.001584
2012-02-17,5.045,0.000793
2012-02-20,5.057,0.002379
2012-02-21,5.08,0.004548
2012-02-22,5.115,0.00689
2012-02-23,5.115,0.0
2012-02-24,5.151,0.007038
2012-02-27,5.147,-0.000777
2012-02-28,5.155,0.001554
2012-02-29,5.13,-0.00485
2012-03-01,5.132,0.00039
2012-03-02,5.166,0.006625
2012-03-05,5.155,-0.002129
2012-03-06,5.138,-0.003298
2012-03-07,5.126,-0.002336
2012-03-08,5.151,0.004877
2012-03-09,5.166,0.002912
2012-03-12,5.152,-0.00271
2012-03-13,5.174,0.00427
2012-03-14,5.124,-0.009664
2012-03-15,5.104,-0.003903
2012-03-16,5.126,0.00431
2012-03-19,5.128,0.00039
2012-03-20,5.111,-0.003315
2012-03-21,5.108,-0.000587
2012-03-22,5.115,0.00137
2012-03-23,5.092,-0.004497
2012-03-26,5.089,-0.000589
2012-03-27,5.069,-0.00393
2012-03-28,5.032,-0.007299
2012-03-29,5.04,0.00159
2012-03-30,5.053,0.002579
2012-03-31,5.053,0.0
2012-04-05,5.095,0.008312
2012-04-06,5.115,0.003925
2012-04-09,5.101,-0.002737
2012-04-10,5.122,0.004117
2012-04-11,5.123,0.000195
2012-04-12,5.146,0.00449
2012-04-13,5.146,0.0
2012-04-16,5.151,0.000972
2012-04-17,5.124,-0.005242
2012-04-18,5.158,0.006635
2012-04-19,5.152,-0.001163
2012-04-20,5.163,0.002135
2012-04-23,5.14,-0.004455
2012-04-24,5.142,0.000389
2012-04-25,5.174,0.006223
2012-04-26,5.172,-0.000387
2012-04-27,5.17,-0.000387
2012-05-02,5.201,0.005996
2012-05-03,5.206,0.000961
2012-05-04,5.211,0.00096
2012-05-07,5.206,-0.00096
2012-05-08,5.201,-0.00096
2012-05-09,5.17,-0.00596
2012-05-10,5.171,0.000193
2012-05-11,5.166,-0.000967
2012-05-14,5.162,-0.000774
2012-05-15,5.159,-0.000581
2012-05-16,5.132,-0.005234
2012-05-17,5.146,0.002728
2012-05-18,5.13,-0.003109
2012-05-21,5.146,0.003119
2012-05-22,5.171,0.004858
2012-05-23,5.178,0.001354
2012-05-24,5.162,-0.00309
2012-05-25,5.152,-0.001937
2012-05-28,5.183,0.006017
2012-05-29,5.201,0.003473
2012-05-30,5.202,0.000192
2012-05-31,5.202,0.0
2012-06-01,5.203,0.000192
2012-06-04,5.166,-0.007111
2012-06-05,5.163,-0.000581
2012-06-06,5.15,-0.002518
2012-06-07,5.154,0.000777
2012-06-08,5.15,-0.000776
2012-06-11,5.182,0.006214
2012-06-12,5.194,0.002316
2012-06-13,5.207,0.002503
2012-06-14,5.193,-0.002689
2012-06-15,5.178,-0.002889
2012-06-18,5.185,0.001352
2012-06-19,5.16,-0.004822
2012-06-20,5.155,-0.000969
2012-06-21,5.142,-0.002522
2012-06-25,5.1,-0.008168
2012-06-26,5.112,0.002353
2012-06-27,5.119,0.001369
2012-06-28,5.105,-0.002735
2012-06-29,5.126,0.004114
2012-06-30,5.126,0.0
2012-07-02,5.134,0.001561
2012-07-03,5.147,0.002532
2012-07-04,5.138,-0.001749
2012-07-05,5.132,-0.001168
2012-07-06,5.181,0.009548
2012-07-09,5.172,-0.001737
2012-07-10,5.152,-0.003867
2012-07-11,5.155,0.000582
2012-07-12,5.182,0.005238
2012-07-13,5.181,-0.000193
2012-07-16,5.139,-0.008107
2012-07-17,5.14,0.000195
2012-07-18,5.105,-0.006809
2012-07-19,5.104,-0.000196
2012-07-20,5.085,-0.003723
2012-07-23,5.063,-0.004326
2012-07-24,5.091,0.00553
2012-07-25,5.072,-0.003732
2012-07-26,5.051,-0.00414
2012-07-27,5.048,-0.000594
2012-07-30,5.049,0.000198
2012-07-31,5.068,0.003763
2012-08-01,5.075,0.001381
2012-08-02,5.022,-0.010443
2012-08-03,5.03,0.001593
2012-08-06,5.048,0.003579
2012-08-07,5.048,0.0
2012-08-08,5.051,0.000594
2012-08-09,5.08,0.005741
2012-08-10,5.065,-0.002953
2012-08-13,5.032,-0.006515
2012-08-14,5.036,0.000795
2012-08-15,5.037,0.000199
2012-08-16,5.03,-0.00139
2012-08-17,5.014,-0.003181
2012-08-20,5.005,-0.001795
2012-08-21,5.014,0.001798
2012-08-22,4.998,-0.003191
2012-08-23,4.988,-0.002001
2012-08-24,4.979,-0.001804
2012-08-27,4.967,-0.00241
2012-08-28,4.958,-0.001812
2012-08-29,4.946,-0.00242
2012-08-30,4.93,-0.003235
2012-08-31,4.938,0.001623
2012-09-03,4.973,0.007088
2012-09-04,4.966,-0.001408
2012-09-05,4.975,0.001812
2012-09-06,4.978,0.000603
2012-09-07,5.021,0.008638
2012-09-10,5.02,-0.000199
2012-09-11,5.013,-0.001394
2012-09-12,5.012,-0.000199
2012-09-13,5.006,-0.001197
2012-09-14,5.005,-0.0002
2012-09-17,4.973,-0.006394
2012-09-18,4.971,-0.000402
2012-09-19,4.971,0.0
2012-09-20,4.946,-0.005029
2012-09-21,4.946,0.0
2012-09-24,4.961,0.003033
2012-09-25,4.962,0.000202
2012-09-26,4.945,-0.003426
2012-09-27,4.977,0.006471
2012-09-28,5.006,0.005827
2012-09-30,5.006,0.0
2012-10-08,4.994,-0.002397
2012-10-09,5.021,0.005406
2012-10-10,5.028,0.001394
2012-10-11,5.014,-0.002784
2012-10-12,5.012,-0.000399
2012-10-15,5.016,0.000798
2012-10-16,5.022,0.001196
2012-10-17,5.018,-0.000796
2012-10-18,5.049,0.006178
2012-10-19,5.045,-0.000792
2012-10-22,5.053,0.001586
2012-10-23,5.028,-0.004948
2012-10-24,5.021,-0.001392
2012-10-25,5.008,-0.002589
2012-10-26,4.992,-0.003195
2012-10-29,4.993,0.0002
2012-10-30,5.0,0.001402
2012-10-31,5.025,0.005
2012-11-01,5.038,0.002587
2012-11-02,5.055,0.003374
2012-11-05,5.038,-0.003363
2012-11-06,5.029,-0.001786
2012-11-07,5.024,-0.000994
2012-11-08,5.008,-0.003185
2012-11-09,5.001,-0.001398
2012-11-12,5.001,0.0
2012-11-13,4.983,-0.003599
2012-11-14,4.988,0.001003
2012-11-15,4.979,-0.001804
2012-11-16,4.967,-0.00241
2012-11-19,4.962,-0.001007
2012-11-20,4.965,0.000605
2012-11-21,4.978,0.002618
2012-11-22,4.973,-0.001004
2012-11-23,4.979,0.001207
2012-11-26,4.963,-0.003213
2012-11-27,4.95,-0.002619
2012-11-28,4.931,-0.003838
2012-11-29,4.938,0.00142
2012-11-30,4.959,0.004253
2012-12-03,4.949,-0.002017
2012-12-04,4.955,0.001212
2012-12-05,4.979,0.004844
2012-12-06,4.978,-0.000201
2012-12-07,4.985,0.001406
2012-12-10,4.993,0.001605
2012-12-11,4.985,-0.001602
2012-12-12,4.993,0.001605
2012-12-13,4.99,-0.000601
2012-12-14,5.038,0.009619
2012-12-17,5.032,-0.001191
2012-12-18,5.026,-0.001192
2012-12-19,5.038,0.002388
2012-12-20,5.048,0.001985
2012-12-21,5.048,0.0
2012-12-24,5.059,0.002179
2012-12-25,5.088,0.005732
2012-12-26,5.096,0.001572
2012-12-27,5.088,-0.00157
2012-12-28,5.104,0.003145
2012-12-31,5.126,0.00431
2013-01-04,5.132,0.001171
2013-01-07,5.131,-0.000195
2013-01-08,5.135,0.00078
2013-01-09,5.139,0.000779
2013-01-10,5.14,0.000195
2013-01-11,5.12,-0.003891
2013-01-14,5.159,0.007617
2013-01-15,5.17,0.002132
2013-01-16,5.159,-0.002128
2013-01-17,5.154,-0.000969
2013-01-18,5.179,0.004851
2013-01-21,5.172,-0.001352
2013-01-22,5.164,-0.001547
2013-01-23,5.17,0.001162
2013-01-24,5.16,-0.001934
2013-01-25,5.158,-0.000388
2013-01-28,5.187,0.005622
2013-01-29,5.193,0.001157
2013-01-30,5.205,0.002311
2013-01-31,5.19,-0.002882
2013-02-01,5.201,0.002119
2013-02-04,5.194,-0.001346
2013-02-05,5.21,0.00308
2013-02-06,5.219,0.001727
2013-02-07,5.226,0.001341
2013-02-08,5.241,0.00287
2013-02-18,5.219,-0.004198
2013-02-19,5.186,-0.006323
2013-02-20,5.214,0.005399
2013-02-21,5.194,-0.003836
2013-02-22,5.193,-0.000193
2013-02-25,5.197,0.00077
2013-02-26,5.183,-0.002694
2013-02-27,5.186,0.000579
2013-02-28,5.221,0.006749
2013-03-01,5.244,0.004405
2013-03-04,5.199,-0.008581
2013-03-05,5.229,0.00577
2013-03-06,5.239,0.001912
2013-03-07,5.217,-0.004199
2013-03-08,5.201,-0.003067
2013-03-11,5.211,0.001923
2013-03-12,5.198,-0.002495
2013-03-13,5.187,-0.002116
2013-03-14,5.214,0.005205
2013-03-15,5.209,-0.000959
2013-03-18,5.21,0.000192
2013-03-19,5.21,0.0
2013-03-20,5.249,0.007486
2013-03-21,5.264,0.002858
2013-03-22,5.278,0.00266
2013-03-25,5.278,0.0
2013-03-26,5.276,-0.000379
2013-03-27,5.284,0.001516
2013-03-28,5.258,-0.004921
2013-03-29,5.254,-0.000761
2013-04-01,5.266,0.002284
2013-04-02,5.237,-0.005507
2013-04-03,5.225,-0.002291
2013-04-08,5.248,0.004402
2013-04-09,5.244,-0.000762
2013-04-10,5.226,-0.003432
2013-04-11,5.219,-0.001339
2013-04-12,5.214,-0.000958
2013-04-15,5.213,-0.000192
2013-04-16,5.234,0.004028
2013-04-17,5.27,0.006878
2013-04-18,5.272,0.00038
2013-04-19,5.305,0.006259
2013-04-22,5.313,0.001508
2013-04-23,5.285,-0.00527
2013-04-24,5.323,0.00719
2013-04-25,5.289,-0.006387
2013-04-26,5.272,-0.003214
2013-05-02,5.307,0.006639
2013-05-03,5.336,0.005464
2013-05-06,5.34,0.00075
2013-05-07,5.335,-0.000936
2013-05-08,5.359,0.004499
2013-05-09,5.345,-0.002612
2013-05-10,5.345,0.0
2013-05-13,5.34,-0.000935
2013-05-14,5.312,-0.005243
2013-05-15,5.345,0.006212
2013-05-16,5.372,0.005051
2013-05-17,5.407,0.006515
2013-05-20,5.402,-0.000925
2013-05-21,5.431,0.005368
2013-05-22,5.418,-0.002394
2013-05-23,5.407,-0.00203
2013-05-24,5.434,0.004994
2013-05-27,5.449,0.00276
2013-05-28,5.457,0.001468
2013-05-29,5.454,-0.00055
2013-05-30,5.447,-0.001283
2013-05-31,5.427,-0.003672
2013-06-03,5.407,-0.003685
2013-06-04,5.378,-0.005363
2013-06-05,5.387,0.001673
2013-06-06,5.367,-0.003713
2013-06-07,5.347,-0.003726
2013-06-13,5.307,-0.007481
2013-06-14,5.349,0.007914
2013-06-17,5.356,0.001309
2013-06-18,5.345,-0.002054
2013-06-19,5.335,-0.001871
2013-06-20,5.282,-0.009934
2013-06-21,5.28,-0.000379
2013-06-24,5.203,-0.014583
2013-06-25,5.198,-0.000961
2013-06-26,5.249,0.009811
2013-06-27,5.26,0.002096
2013-06-28,5.269,0.001711
2013-06-30,5.269,0.0
2013-07-01,5.308,0.007402
2013-07-02,5.341,0.006217
2013-07-03,5.364,0.004306
2013-07-04,5.356,-0.001491
2013-07-05,5.344,-0.00224
2013-07-08,5.305,-0.007298
2013-07-09,5.311,0.001131
2013-07-10,5.337,0.004895
2013-07-11,5.372,0.006558
2013-07-12,5.38,0.001489
2013-07-15,5.423,0.007993
2013-07-16,5.426,0.000553
2013-07-17,5.387,-0.007188
2013-07-18,5.372,-0.002784
2013-07-19,5.353,-0.003537
2013-07-22,5.382,0.005418
2013-07-23,5.432,0.00929
2013-07-24,5.446,0.002577
2013-07-25,5.404,-0.007712
2013-07-26,5.39,-0.002591
2013-07-29,5.36,-0.005566
2013-07-30,5.337,-0.004291
2013-07-31,5.329,-0.001499
2013-08-01,5.374,0.008444
2013-08-02,5.38,0.001116
2013-08-05,5.412,0.005948
2013-08-06,5.43,0.003326
2013-08-07,5.407,-0.004236
2013-08-08,5.414,0.001295
2013-08-09,5.423,0.001662
2013-08-12,5.42,-0.000553
2013-08-13,5.418,-0.000369
2013-08-14,5.415,-0.000554
2013-08-15,5.384,-0.005725
2013-08-16,5.352,-0.005944
2013-08-19,5.391,0.007287
2013-08-20,5.39,-0.000185
2013-08-21,5.395,0.000928
2013-08-22,5.411,0.002966
2013-08-23,5.432,0.003881
2013-08-26,5.462,0.005523
2013-08-27,5.461,-0.000183
2013-08-28,5.434,-0.004944
2013-08-29,5.426,-0.001472
2013-08-30,5.4,-0.004792
2013-09-02,5.428,0.005185
2013-09-03,5.454,0.00479
2013-09-04,5.449,-0.000917
2013-09-05,5.457,0.001468
2013-09-06,5.459,0.000367
2013-09-09,5.459,0.0
2013-09-10,5.449,-0.001832
2013-09-11,5.415,-0.00624
2013-09-12,5.408,-0.001293
2013-09-13,5.445,0.006842
2013-09-16,5.461,0.002938
2013-09-17,5.455,-0.001099
2013-09-18,5.45,-0.000917
2013-09-23,5.505,0.010092
2013-09-24,5.534,0.005268
2013-09-25,5.51,-0.004337
2013-09-26,5.516,0.001089
2013-09-27,5.537,0.003807
2013-09-30,5.55,0.002348
2013-10-08,5.558,0.001441
2013-10-09,5.569,0.001979
2013-10-10,5.567,-0.000359
2013-10-11,5.557,-0.001796
2013-10-14,5.549,-0.00144
2013-10-15,5.549,0.0
2013-10-16,5.532,-0.003064
2013-10-17,5.529,-0.000542
2013-10-18,5.541,0.00217
2013-10-21,5.589,0.008663
2013-10-22,5.56,-0.005189
2013-10-23,5.514,-0.008273
2013-10-24,5.498,-0.002902
2013-10-25,5.462,-0.006548
2013-10-28,5.466,0.000732
2013-10-29,5.451,-0.002744
2013-10-30,5.469,0.003302
2013-10-31,5.419,-0.009142
2013-11-01,5.412,-0.001292
2013-11-04,5.419,0.001293
2013-11-05,5.434,0.002768
2013-11-06,5.412,-0.004049
2013-11-07,5.383,-0.005358
2013-11-08,5.371,-0.002229
2013-11-11,5.394,0.004282
2013-11-12,5.398,0.000742
2013-11-13,5.378,-0.003705
2013-11-14,5.404,0.004835
2013-11-15,5.428,0.004441
2013-11-18,5.443,0.002763
2013-11-19,5.438,-0.000919
2013-11-20,5.442,0.000736
2013-11-21,5.431,-0.002021
2013-11-22,5.427,-0.000737
2013-11-25,5.428,0.000184
2013-11-26,5.431,0.000553
2013-11-27,5.465,0.00626
2013-11-28,5.479,0.002562
2013-11-29,5.482,0.000548
2013-12-02,5.418,-0.011675
2013-12-03,5.439,0.003876
2013-12-04,5.437,-0.000368
2013-12-05,5.415,-0.004046
2013-12-06,5.408,-0.001293
2013-12-09,5.423,0.002774
2013-12-10,5.416,-0.001291
2013-12-11,5.406,-0.001846
2013-12-12,5.426,0.0037
2013-12-13,5.432,0.001106
2013-12-16,5.42,-0.002209
2013-12-17,5.419,-0.000185
2013-12-18,5.418,-0.000185
2013-12-19,5.408,-0.001846
2013-12-20,5.404,-0.00074
2013-12-23,5.402,-0.00037
2013-12-24,5.416,0.002592
2013-12-25,5.446,0.005539
2013-12-26,5.431,-0.002754
2013-12-27,5.462,0.005708
2013-12-30,5.461,-0.000183
2013-12-31,5.475,0.002564
2014-01-02,5.485,0.001826
2014-01-03,5.491,0.001094
2014-01-06,5.458,-0.00601
2014-01-07,5.478,0.003664
2014-01-08,5.5,0.004016
2014-01-09,5.467,-0.006
2014-01-10,5.434,-0.006036
2014-01-13,5.423,-0.002024
2014-01-14,5.455,0.005901
2014-01-15,5.479,0.0044
2014-01-16,5.47,-0.001643
2014-01-17,5.445,-0.00457
2014-01-20,5.415,-0.00551
2014-01-21,5.422,0.001293
2014-01-22,5.459,0.006824
2014-01-23,5.475,0.002931
2014-01-24,5.489,0.002557
2014-01-27,5.459,-0.005465
2014-01-28,5.451,-0.001465
2014-01-29,5.471,0.003669
2014-01-30,5.454,-0.003107
2014-02-07,5.482,0.005134
2014-02-10,5.536,0.00985
2014-02-11,5.528,-0.001445
2014-02-12,5.524,-0.000724
2014-02-13,5.489,-0.006336
2014-02-14,5.521,0.00583
2014-02-17,5.537,0.002898
2014-02-18,5.528,-0.001625
2014-02-19,5.528,0.0
2014-02-20,5.502,-0.004703
2014-02-21,5.486,-0.002908
2014-02-24,5.489,0.000547
2014-02-25,5.432,-0.010384
2014-02-26,5.419,-0.002393
2014-02-27,5.36,-0.010888
2014-02-28,5.38,0.003731
2014-03-03,5.42,0.007435
2014-03-04,5.4,-0.00369
2014-03-05,5.388,-0.002222
2014-03-06,5.388,0.0
2014-03-07,5.4,0.002227
2014-03-10,5.351,-0.009074
2014-03-11,5.36,0.001682
2014-03-12,5.357,-0.00056
2014-03-13,5.382,0.004667
2014-03-14,5.38,-0.000372
2014-03-17,5.412,0.005948
2014-03-18,5.411,-0.000185
2014-03-19,5.38,-0.005729
2014-03-20,5.333,-0.008736
2014-03-21,5.348,0.002813
2014-03-24,5.332,-0.002992
2014-03-25,5.328,-0.00075
2014-03-26,5.345,0.003191
2014-03-27,5.32,-0.004677
2014-03-28,5.297,-0.004323
2014-03-31,5.293,-0.000755
2014-04-01,5.312,0.00359
2014-04-02,5.296,-0.003012
2014-04-03,5.289,-0.001322
2014-04-04,5.305,0.003025
2014-04-08,5.327,0.004147
2014-04-09,5.337,0.001877
2014-04-10,5.34,0.000562
2014-04-11,5.336,-0.000749
2014-04-14,5.34,0.00075
2014-04-15,5.329,-0.00206
2014-04-16,5.32,-0.001689
2014-04-17,5.327,0.001316
2014-04-18,5.335,0.001502
2014-04-21,5.32,-0.002812
2014-04-22,5.309,-0.002068
2014-04-23,5.307,-0.000377
2014-04-24,5.294,-0.00245
2014-04-25,5.268,-0.004911
2014-04-28,5.233,-0.006644
2014-04-29,5.252,0.003631
2014-04-30,5.27,0.003427
2014-05-05,5.285,0.002846
2014-05-06,5.292,0.001325
2014-05-07,5.274,-0.003401
2014-05-08,5.272,-0.000379
2014-05-09,5.26,-0.002276
2014-05-12,5.276,0.003042
2014-05-13,5.274,-0.000379
2014-05-14,5.274,0.0
2014-05-15,5.257,-0.003223
2014-05-16,5.244,-0.002473
2014-05-19,5.241,-0.000572
2014-05-20,5.245,0.000763
2014-05-21,5.26,0.00286
2014-05-22,5.27,0.001901
2014-05-23,5.296,0.004934
2014-05-26,5.317,0.003965
2014-05-27,5.304,-0.002445
2014-05-28,5.332,0.005279
2014-05-29,5.324,-0.0015
2014-05-30,5.325,0.000188
2014-06-03,5.321,-0.000751
2014-06-04,5.311,-0.001879
2014-06-05,5.329,0.003389
2014-06-06,5.333,0.000751
2014-06-09,5.323,-0.001875
2014-06-10,5.333,0.001879
2014-06-11,5.347,0.002625
2014-06-12,5.352,0.000935
2014-06-13,5.365,0.002429
2014-06-16,5.375,0.001864
2014-06-17,5.359,-0.002977
2014-06-18,5.355,-0.000746
2014-06-19,5.34,-0.002801
2014-06-20,5.348,0.001498
2014-06-23,5.359,0.002057
2014-06-24,5.365,0.00112
2014-06-25,5.359,-0.001118
2014-06-26,5.375,0.002986
2014-06-27,5.375,0.0
2014-06-30,5.394,0.003535
2014-07-01,5.404,0.001854
2014-07-02,5.419,0.002776
2014-07-03,5.439,0.003691
2014-07-04,5.431,-0.001471
2014-07-07,5.426,-0.000921
2014-07-08,5.451,0.004607
2014-07-09,5.435,-0.002935
2014-07-10,5.423,-0.002208
2014-07-11,5.428,0.000922
2014-07-14,5.449,0.003869
2014-07-15,5.432,-0.00312
2014-07-16,5.41,-0.00405
2014-07-17,5.412,0.00037
2014-07-18,5.41,-0.00037
2014-07-21,5.408,-0.00037
2014-07-22,5.424,0.002959
2014-07-23,5.407,-0.003134
2014-07-24,5.399,-0.00148
2014-07-25,5.412,0.002408
2014-07-28,5.432,0.003695
2014-07-29,5.453,0.003866
2014-07-30,5.471,0.003301
2014-07-31,5.481,0.001828
2014-08-01,5.461,-0.003649
2014-08-04,5.483,0.004029
2014-08-05,5.493,0.001824
2014-08-06,5.493,0.0
2014-08-07,5.482,-0.002003
2014-08-08,5.509,0.004925
2014-08-11,5.536,0.004901
2014-08-12,5.538,0.000361
2014-08-13,5.537,-0.000181
2014-08-14,5.536,-0.000181
2014-08-15,5.548,0.002168
2014-08-18,5.573,0.004506
2014-08-19,5.581,0.001435
2014-08-20,5.577,-0.000717
2014-08-21,5.576,-0.000179
2014-08-22,5.592,0.002869
2014-08-25,5.581,-0.001967
2014-08-26,5.553,-0.005017
2014-08-27,5.564,0.001981
2014-08-28,5.549,-0.002696
2014-08-29,5.572,0.004145
2014-09-01,5.595,0.004128
2014-09-02,5.62,0.004468
2014-09-03,5.636,0.002847
2014-09-04,5.652,0.002839
2014-09-05,5.656,0.000708
2014-09-09,5.656,0.0
2014-09-10,5.662,0.001061
2014-09-11,5.656,-0.00106
2014-09-12,5.67,0.002475
2014-09-15,5.682,0.002116
2014-09-16,5.624,-0.010208
2014-09-17,5.635,0.001956
2014-09-18,5.662,0.004791
2014-09-19,5.686,0.004239
2014-09-22,5.666,-0.003517
2014-09-23,5.678,0.002118
2014-09-24,5.702,0.004227
2014-09-25,5.699,-0.000526
2014-09-26,5.698,-0.000175
2014-09-29,5.721,0.004037
2014-09-30,5.731,0.001748
2014-10-08,5.762,0.005409
2014-10-09,5.766,0.000694
2014-10-10,5.774,0.001387
2014-10-13,5.773,-0.000173
2014-10-14,5.765,-0.001386
2014-10-15,5.773,0.001388
2014-10-16,5.755,-0.003118
2014-10-17,5.734,-0.003649
2014-10-20,5.762,0.004883
2014-10-21,5.743,-0.003297
2014-10-22,5.727,-0.002786
2014-10-23,5.702,-0.004365
2014-10-24,5.718,0.002806
2014-10-27,5.754,0.006296
2014-10-28,5.796,0.007299
2014-10-29,5.816,0.003451
2014-10-30,5.804,-0.002063
2014-10-31,5.789,-0.002584
2014-11-03,5.798,0.001555
2014-11-04,5.793,-0.000862
2014-11-05,5.796,0.000518
2014-11-06,5.813,0.002933
2014-11-07,5.792,-0.003613
2014-11-10,5.801,0.001554
2014-11-11,5.739,-0.010688
2014-11-12,5.774,0.006099
2014-11-13,5.738,-0.006235
2014-11-14,5.738,0.0
2014-11-17,5.788,0.008714
2014-11-18,5.785,-0.000518
2014-11-19,5.809,0.004149
2014-11-20,5.804,-0.000861
2014-11-21,5.813,0.001551
2014-11-24,5.835,0.003785
2014-11-25,5.88,0.007712
2014-11-26,5.895,0.002551
2014-11-27,5.916,0.003562
2014-11-28,5.936,0.003381
2014-12-01,5.914,-0.003706
2014-12-02,5.931,0.002875
2014-12-03,5.91,-0.003541
2014-12-04,5.954,0.007445
2014-12-05,5.915,-0.00655
2014-12-08,5.892,-0.003888
2014-12-09,5.789,-0.017481
2014-12-10,5.837,0.008292
2014-12-11,5.851,0.002398
2014-12-12,5.902,0.008716
2014-12-15,5.951,0.008302
2014-12-16,5.948,-0.000504
2014-12-17,5.948,0.0
2014-12-18,5.935,-0.002186
2014-12-19,5.891,-0.007414
2014-12-22,5.789,-0.017315
2014-12-23,5.749,-0.00691
2014-12-24,5.78,0.005392
2014-12-25,5.81,0.00519
2014-12-26,5.835,0.004303
2014-12-29,5.802,-0.005656
2014-12-30,5.773,-0.004998
2014-12-31,5.794,0.003638
2015-01-05,5.772,-0.003797
2015-01-06,5.817,0.007796
2015-01-07,5.823,0.001031
2015-01-08,5.833,0.001717
2015-01-09,5.857,0.004115
2015-01-12,5.887,0.005122
2015-01-13,5.9,0.002208
2015-01-14,5.89,-0.001695
2015-01-15,5.904,0.002377
2015-01-16,5.965,0.010332
2015-01-19,5.931,-0.0057
2015-01-20,6.007,0.012814
2015-01-21,6.029,0.003662
2015-01-22,6.046,0.00282
2015-01-23,5.997,-0.008105
2015-01-26,6.073,0.012673
2015-01-27,6.088,0.00247
2015-01-28,6.072,-0.002628
2015-01-29,6.046,-0.004282
2015-01-30,6.018,-0.004631
2015-02-02,6.056,0.006314
2015-02-03,6.119,0.010403
2015-02-04,6.115,-0.000654
2015-02-05,6.125,0.001635
2015-02-06,6.062,-0.010286
2015-02-09,6.049,-0.002145
2015-02-10,6.074,0.004133
2015-02-11,6.113,0.006421
2015-02-12,6.112,-0.000164
2015-02-13,6.137,0.00409
2015-02-16,6.188,0.00831
2015-02-17,6.196,0.001293
2015-02-25,6.154,-0.006779
2015-02-26,6.151,-0.000487
2015-02-27,6.163,0.001951
2015-03-02,6.217,0.008762
2015-03-03,6.2,-0.002734
2015-03-04,6.242,0.006774
2015-03-05,6.238,-0.000641
2015-03-06,6.178,-0.009618
2015-03-09,6.221,0.00696
2015-03-10,6.261,0.00643
2015-03-11,6.246,-0.002396
2015-03-12,6.238,-0.001281
2015-03-13,6.289,0.008176
2015-03-16,6.38,0.01447
2015-03-17,6.408,0.004389
2015-03-18,6.447,0.006086
2015-03-19,6.447,0.0
2015-03-20,6.507,0.009307
2015-03-23,6.607,0.015368
2015-03-24,6.666,0.00893
2015-03-25,6.698,0.0048
2015-03-26,6.628,-0.010451
2015-03-27,6.652,0.003621
2015-03-30,6.635,-0.002556
2015-03-31,6.704,0.010399
2015-04-01,6.771,0.009994
2015-04-02,6.794,0.003397
2015-04-03,6.829,0.005152
2015-04-07,6.879,0.007322
2015-04-08,6.856,-0.003344
2015-04-09,6.861,0.000729
2015-04-10,6.934,0.01064
2015-04-13,6.995,0.008797
2015-04-14,6.962,-0.004718
2015-04-15,6.836,-0.018098
2015-04-16,6.884,0.007022
2015-04-17,6.861,-0.003341
2015-04-20,6.806,-0.008016
2015-04-21,6.951,0.021305
2015-04-22,7.094,0.020573
2015-04-23,7.179,0.011982
2015-04-24,7.186,0.000975
2015-04-27,7.175,-0.001531
2015-04-28,7.123,-0.007247
2015-04-29,7.269,0.020497
2015-04-30,7.38,0.01527
2015-05-04,7.336,-0.005962
2015-05-05,7.265,-0.009678
2015-05-06,7.35,0.0117
2015-05-07,7.404,0.007347
2015-05-08,7.589,0.024986
2015-05-11,7.791,0.026617
2015-05-12,7.952,0.020665
2015-05-13,7.892,-0.007545
2015-05-14,7.787,-0.013305
2015-05-15,7.908,0.015539
2015-05-18,8.101,0.024406
2015-05-19,8.18,0.009752
2015-05-20,8.267,0.010636
2015-05-21,8.334,0.008105
2015-05-22,8.285,-0.00588
2015-05-25,8.254,-0.003742
2015-05-26,8.447,0.023383
2015-05-27,8.416,-0.00367
2015-05-28,8.117,-0.035528
2015-05-29,8.231,0.014045
2015-06-01,8.463,0.028186
2015-06-02,8.624,0.019024
2015-06-03,8.645,0.002435
2015-06-04,8.683,0.004396
2015-06-05,8.696,0.001497
2015-06-08,8.479,-0.024954
2015-06-09,8.478,-0.000118
2015-06-10,8.605,0.01498
2015-06-11,8.659,0.006275
2015-06-12,8.715,0.006467
2015-06-15,8.554,-0.018474
2015-06-16,8.341,-0.024901
2015-06-17,8.478,0.016425
2015-06-18,8.283,-0.023001
2015-06-19,8.126,-0.018954
2015-06-23,8.126,0.0
2015-06-24,8.157,0.003815
2015-06-25,7.913,-0.029913
2015-06-26,7.627,-0.036143
2015-06-29,7.36,-0.035007
2015-06-30,7.456,0.013043
2015-07-01,7.295,-0.021593
2015-07-02,7.069,-0.03098
2015-07-03,6.897,-0.024332
2015-07-06,6.708,-0.027403
2015-07-07,6.54,-0.025045
2015-07-08,6.348,-0.029358
2015-07-09,6.436,0.013863
2015-07-10,6.572,0.021131
2015-07-13,6.761,0.028758
2015-07-14,6.849,0.013016
2015-07-15,6.688,-0.023507
2015-07-16,6.674,-0.002093
2015-07-17,6.837,0.024423
2015-07-20,6.951,0.016674
2015-07-21,7.042,0.013092
2015-07-22,7.085,0.006106
2015-07-23,7.183,0.013832
2015-07-24,7.149,-0.004733
2015-07-27,6.908,-0.033711
2015-07-28,6.754,-0.022293
2015-07-29,6.848,0.013918
2015-07-30,6.758,-0.013143
2015-07-31,6.714,-0.006511
2015-08-03,6.585,-0.019214
2015-08-04,6.725,0.02126
2015-08-05,6.707,-0.002677
2015-08-06,6.694,-0.001938
2015-08-07,6.789,0.014192
2015-08-10,6.956,0.024599
2015-08-11,6.981,0.003594
2015-08-12,6.93,-0.007306
2015-08-13,7.015,0.012266
2015-08-14,7.046,0.004419
2015-08-17,7.056,0.001419
2015-08-18,6.83,-0.032029
2015-08-19,6.887,0.008346
2015-08-20,6.788,-0.014375
2015-08-21,6.644,-0.021214
2015-08-24,6.45,-0.029199
2015-08-25,6.285,-0.025581
2015-08-26,6.241,-0.007001
2015-08-27,6.306,0.010415
2015-08-28,6.432,0.019981
2015-08-31,6.395,-0.005752
2015-09-01,6.292,-0.016106
2015-09-02,6.237,-0.008741
2015-09-07,6.246,0.001443
2015-09-08,6.355,0.017451
2015-09-09,6.444,0.014005
2015-09-10,6.418,-0.004035
2015-09-11,6.44,0.003428
2015-09-14,6.292,-0.022981
2015-09-15,6.187,-0.016688
2015-09-16,6.336,0.024083
2015-09-17,6.324,-0.001894
2015-09-18,6.368,0.006958
2015-09-21,6.471,0.016175
2015-09-22,6.481,0.001545
2015-09-23,6.469,-0.001852
2015-09-24,6.523,0.008348
2015-09-25,6.422,-0.015484
2015-09-28,6.491,0.010744
2015-09-29,6.467,-0.003697
2015-09-30,6.491,0.003711
2015-10-08,6.604,0.017409
2015-10-09,6.648,0.006663
2015-10-12,6.75,0.015343
2015-10-13,6.773,0.003407
2015-10-14,6.737,-0.005315
2015-10-15,6.837,0.014843
2015-10-16,6.881,0.006436
2015-10-19,6.873,-0.001163
2015-10-20,6.939,0.009603
2015-10-21,6.794,-0.020896
2015-10-22,6.909,0.016927
2015-10-23,6.985,0.011
2015-10-26,6.987,0.000286
2015-10-27,7.049,0.008874
2015-10-28,6.978,-0.010072
2015-10-29,7.019,0.005876
2015-10-30,7.034,0.002137
2015-11-02,6.959,-0.010662
2015-11-03,6.964,0.000718
2015-11-04,7.106,0.020391
2015-11-05,7.117,0.001548
2015-11-06,7.228,0.015596
2015-11-09,7.317,0.012313
2015-11-10,7.377,0.0082
2015-11-11,7.443,0.008947
2015-11-12,7.446,0.000403
2015-11-13,7.32,-0.016922
2015-11-16,7.404,0.011475
2015-11-17,7.407,0.000405
2015-11-18,7.349,-0.00783
2015-11-19,7.475,0.017145
2015-11-20,7.539,0.008562
2015-11-23,7.486,-0.00703
2015-11-24,7.526,0.005343
2015-11-25,7.617,0.012091
2015-11-26,7.609,-0.00105
2015-11-27,7.409,-0.026285
2015-11-30,7.478,0.009313
2015-12-01,7.356,-0.016315
2015-12-02,7.297,-0.008021
2015-12-03,7.43,0.018227
2015-12-04,7.417,-0.00175
2015-12-07,7.466,0.006606
2015-12-08,7.446,-0.002679
2015-12-09,7.456,0.001343
2015-12-10,7.451,-0.000671
2015-12-11,7.411,-0.005368
2015-12-14,7.431,0.002699
2015-12-15,7.491,0.008074
2015-12-16,7.527,0.004806
2015-12-17,7.62,0.012356
2015-12-18,7.61,-0.001312
2015-12-21,7.631,0.00276
2015-12-22,7.659,0.003669
2015-12-23,7.617,-0.005484
2015-12-24,7.593,-0.003151
2015-12-25,7.644,0.006717
2015-12-28,7.586,-0.007588
2015-12-29,7.608,0.0029
2015-12-30,7.653,0.005915
2015-12-31,7.585,-0.008885
2016-01-04,7.314,-0.035728
2016-01-05,7.25,-0.00875
2016-01-06,7.338,0.012138
2016-01-07,7.072,-0.03625
2016-01-08,7.088,0.002262
2016-01-11,6.896,-0.027088
2016-01-12,6.883,-0.001885
2016-01-13,6.767,-0.016853
2016-01-14,6.871,0.015369
2016-01-15,6.81,-0.008878
2016-01-18,6.876,0.009692
2016-01-19,6.979,0.01498
2016-01-20,6.971,-0.001146
2016-01-21,6.836,-0.019366
2016-01-22,6.895,0.008631
2016-01-25,6.909,0.00203
2016-01-26,6.71,-0.028803
2016-01-27,6.672,-0.005663
2016-01-28,6.538,-0.020084
2016-01-29,6.617,0.012083
2016-02-01,6.586,-0.004685
2016-02-02,6.691,0.015943
2016-02-03,6.714,0.003437
2016-02-04,6.774,0.008937
2016-02-05,6.754,-0.002952
2016-02-15,6.766,0.001777
2016-02-16,6.869,0.015223
2016-02-17,6.918,0.007133
2016-02-18,6.922,0.000578
2016-02-19,6.928,0.000867
2016-02-22,6.974,0.00664
2016-02-23,6.959,-0.002151
2016-02-24,6.912,-0.006754
2016-02-25,6.704,-0.030093
2016-02-26,6.676,-0.004177
2016-02-29,6.51,-0.024865
2016-03-01,6.548,0.005837
2016-03-02,6.652,0.015883
2016-03-03,6.631,-0.003157
2016-03-04,6.523,-0.016287
2016-03-07,6.576,0.008125
2016-03-08,6.597,0.003193
2016-03-09,6.577,-0.003032
2016-03-10,6.541,-0.005474
2016-03-11,6.55,0.001376
2016-03-14,6.645,0.014504
2016-03-15,6.633,-0.001806
2016-03-16,6.609,-0.003618
2016-03-17,6.712,0.015585
2016-03-18,6.804,0.013707
2016-03-21,6.875,0.010435
2016-03-22,6.869,-0.000873
2016-03-23,6.883,0.002038
2016-03-24,6.834,-0.007119
2016-03-25,6.848,0.002049
2016-03-28,6.855,0.001022
2016-03-29,6.821,-0.00496
2016-03-30,6.912,0.013341
2016-03-31,6.913,0.000145
2016-04-01,6.901,-0.001736
2016-04-05,6.972,0.010288
2016-04-06,6.983,0.001578
2016-04-07,6.926,-0.008163
2016-04-08,6.893,-0.004765
2016-04-11,6.935,0.006093
2016-04-12,6.903,-0.004614
2016-04-13,6.93,0.003911
2016-04-14,6.954,0.003463
2016-04-15,6.956,0.000288
2016-04-18,6.903,-0.007619
2016-04-19,6.911,0.001159
2016-04-20,6.797,-0.016495
2016-04-21,6.762,-0.005149
2016-04-22,6.781,0.00281
2016-04-25,6.777,-0.00059
2016-04-26,6.805,0.004132
2016-04-27,6.802,-0.000441
2016-04-28,6.798,-0.000588
2016-04-29,6.826,0.004119
2016-05-03,6.919,0.013624
2016-05-04,6.911,-0.001156
2016-05-05,6.928,0.00246
2016-05-06,6.849,-0.011403
2016-05-09,6.759,-0.013141
2016-05-10,6.737,-0.003255
2016-05-11,6.711,-0.003859
2016-05-12,6.751,0.00596
2016-05-13,6.788,0.005481
2016-05-16,6.863,0.011049
2016-05-17,6.837,-0.003788
2016-05-18,6.785,-0.007606
2016-05-19,6.84,0.008106
2016-05-20,6.859,0.002778
2016-05-23,6.899,0.005832
2016-05-24,6.877,-0.003189
2016-05-25,6.851,-0.003781
2016-05-26,6.853,0.000292
2016-05-27,6.846,-0.001021
2016-05-30,6.838,-0.001169
2016-05-31,6.94,0.014917
2016-06-01,6.983,0.006196
2016-06-02,7.014,0.004439
2016-06-03,6.99,-0.003422
2016-06-06,7.034,0.006295
2016-06-07,7.057,0.00327
2016-06-08,7.058,0.000142
2016-06-13,6.967,-0.012893
2016-06-14,6.987,0.002871
2016-06-15,7.127,0.020037
2016-06-16,7.165,0.005332
2016-06-17,7.176,0.001535
2016-06-20,7.237,0.008501
2016-06-21,7.19,-0.006494
2016-06-22,7.228,0.005285
2016-06-23,7.194,-0.004704
2016-06-24,7.208,0.001946
2016-06-27,7.293,0.011792
2016-06-28,7.278,-0.002057
2016-06-29,7.265,-0.001786
2016-06-30,7.231,-0.00468
2016-07-01,7.211,-0.002766
2016-07-04,7.258,0.006518
2016-07-05,7.27,0.001653
2016-07-06,7.267,-0.000413
2016-07-07,7.281,0.001927
2016-07-08,7.25,-0.004258
2016-07-11,7.227,-0.003172
2016-07-12,7.253,0.003598
2016-07-13,7.261,0.001103
2016-07-14,7.254,-0.000964
2016-07-15,7.226,-0.00386
2016-07-18,7.2,-0.003598
2016-07-19,7.214,0.001944
2016-07-20,7.224,0.001386
2016-07-21,7.214,-0.001384
2016-07-22,7.182,-0.004436
2016-07-25,7.16,-0.003063
2016-07-26,7.206,0.006425
2016-07-27,7.092,-0.01582
2016-07-28,7.088,-0.000564
2016-07-29,7.06,-0.00395
2016-08-01,7.026,-0.004816
2016-08-02,7.048,0.003131
2016-08-03,7.054,0.000851
2016-08-04,7.08,0.003686
2016-08-05,7.062,-0.002542
2016-08-08,7.081,0.00269
2016-08-09,7.1,0.002683
2016-08-10,7.088,-0.00169
2016-08-11,7.039,-0.006913
2016-08-12,7.066,0.003836
2016-08-15,7.117,0.007218
2016-08-16,7.129,0.001686
2016-08-17,7.139,0.001403
2016-08-18,7.133,-0.00084
2016-08-19,7.131,-0.00028
2016-08-22,7.101,-0.004207
2016-08-23,7.111,0.001408
2016-08-24,7.125,0.001969
2016-08-25,7.117,-0.001123
2016-08-26,7.129,0.001686
2016-08-29,7.123,-0.000842
2016-08-30,7.123,0.0
2016-08-31,7.112,-0.001544
2016-09-01,7.097,-0.002109
2016-09-02,7.096,-0.000141
2016-09-05,7.119,0.003241
2016-09-06,7.156,0.005197
2016-09-07,7.148,-0.001118
2016-09-08,7.151,0.00042
2016-09-09,7.135,-0.002237
2016-09-12,7.062,-0.010231
2016-09-13,7.078,0.002266
2016-09-14,7.078,0.0
2016-09-19,7.106,0.003956
2016-09-20,7.104,-0.000281
2016-09-21,7.117,0.00183
2016-09-22,7.135,0.002529
2016-09-23,7.127,-0.001121
2016-09-26,7.069,-0.008138
2016-09-27,7.08,0.001556
2016-09-28,7.078,-0.000282
2016-09-29,7.086,0.00113
2016-09-30,7.102,0.002258
2016-10-10,7.155,0.007463
2016-10-11,7.178,0.003215
2016-10-12,7.19,0.001672
2016-10-13,7.192,0.000278
2016-10-14,7.187,-0.000695
2016-10-17,7.159,-0.003896
2016-10-18,7.195,0.005029
2016-10-19,7.182,-0.001807
2016-10-20,7.186,0.000557
2016-10-21,7.172,-0.001948
2016-10-24,7.19,0.00251
2016-10-25,7.19,0.0
2016-10-26,7.156,-0.004729
2016-10-27,7.147,-0.001258
2016-10-28,7.133,-0.001959
2016-10-31,7.135,0.00028
2016-11-01,7.164,0.004064
2016-11-02,7.155,-0.001256
2016-11-03,7.16,0.000699
2016-11-04,7.139,-0.002933
2016-11-07,7.133,-0.00084
2016-11-08,7.141,0.001122
2016-11-09,7.123,-0.002521
2016-11-10,7.148,0.00351
2016-11-11,7.153,0.000699
2016-11-14,7.156,0.000419
2016-11-15,7.157,0.00014
2016-11-16,7.169,0.001677
2016-11-17,7.153,-0.002232
2016-11-18,7.152,-0.00014
2016-11-21,7.156,0.000559
2016-11-22,7.184,0.003913
2016-11-23,7.171,-0.00181
2016-11-24,7.169,-0.000279
2016-11-25,7.179,0.001395
2016-11-28,7.183,0.000557
2016-11-29,7.164,-0.002645
2016-11-30,7.139,-0.00349
2016-12-01,7.156,0.002381
2016-12-02,7.104,-0.007267
2016-12-05,7.093,-0.001548
2016-12-06,7.117,0.003384
2016-12-07,7.139,0.003091
2016-12-08,7.125,-0.001961
2016-12-09,7.121,-0.000561
2016-12-12,7.005,-0.01629
2016-12-13,7.033,0.003997
2016-12-14,7.006,-0.003839
2016-12-15,7.018,0.001713
2016-12-16,7.038,0.00285
2016-12-19,7.03,-0.001137
2016-12-20,7.014,-0.002276
2016-12-21,7.031,0.002424
2016-12-22,7.026,-0.000711
2016-12-23,7.009,-0.00242
2016-12-26,7.017,0.001141
2016-12-27,7.023,0.000855
2016-12-28,7.014,-0.001282
2016-12-29,7.007,-0.000998
2016-12-30,7.018,0.00157
2016-12-31,7.018,0.0
2017-01-03,7.042,0.00342
2017-01-04,7.065,0.003266
2017-01-05,7.065,0.0
2017-01-06,7.038,-0.003822
2017-01-09,7.05,0.001705
2017-01-10,7.037,-0.001844
2017-01-11,7.003,-0.004832
2017-01-12,6.976,-0.003855
2017-01-13,6.946,-0.0043
2017-01-16,6.884,-0.008926
2017-01-17,6.912,0.004067
2017-01-18,6.909,-0.000434
2017-01-19,6.887,-0.003184
2017-01-20,6.916,0.004211
2017-01-23,6.934,0.002603
2017-01-24,6.927,-0.00101
2017-01-25,6.936,0.001299
2017-01-26,6.96,0.00346
2017-02-03,6.948,-0.001724
2017-02-06,6.97,0.003166
2017-02-07,6.974,0.000574
2017-02-08,6.987,0.001864
2017-02-09,6.995,0.001145
2017-02-10,6.987,-0.001144
2017-02-13,7.013,0.003721
2017-02-14,7.018,0.000713
2017-02-15,6.998,-0.00285
2017-02-16,7.022,0.00343
2017-02-17,6.993,-0.00413
2017-02-20,7.03,0.005291
2017-02-21,7.056,0.003698
2017-02-22,7.068,0.001701
2017-02-23,7.094,0.003679
2017-02-24,7.092,-0.000282
2017-02-27,7.081,-0.001551
2017-02-28,7.09,0.001271
2017-03-01,7.094,0.000564
2017-03-02,7.082,-0.001692
2017-03-03,7.109,0.003812
2017-03-06,7.157,0.006752
2017-03-07,7.155,-0.000279
2017-03-08,7.141,-0.001957
2017-03-09,7.133,-0.00112
2017-03-10,7.16,0.003785
2017-03-13,7.202,0.005866
2017-03-14,7.196,-0.000833
2017-03-15,7.22,0.003335
2017-03-16,7.237,0.002355
2017-03-17,7.192,-0.006218
2017-03-20,7.206,0.001947
2017-03-21,7.227,0.002914
2017-03-22,7.243,0.002214
2017-03-23,7.253,0.001381
2017-03-24,7.273,0.002757
2017-03-27,7.241,-0.0044
2017-03-28,7.234,-0.000967
2017-03-29,7.239,0.000691
2017-03-30,7.195,-0.006078
2017-03-31,7.226,0.004309
2017-04-05,7.293,0.009272
2017-04-06,7.289,-0.000548
2017-04-07,7.279,-0.001372
2017-04-10,7.243,-0.004946
2017-04-11,7.227,-0.002209
2017-04-12,7.219,-0.001107
2017-04-13,7.242,0.003186
2017-04-14,7.208,-0.004695
2017-04-17,7.191,-0.002358
2017-04-18,7.195,0.000556
2017-04-19,7.186,-0.001251
2017-04-20,7.216,0.004175
2017-04-21,7.187,-0.004019
2017-04-24,7.115,-0.010018
2017-04-25,7.153,0.005341
2017-04-26,7.16,0.000979
2017-04-27,7.194,0.004749
2017-04-28,7.183,-0.001529
2017-05-02,7.2,0.002367
2017-05-03,7.198,-0.000278
2017-05-04,7.194,-0.000556
2017-05-05,7.16,-0.004726
2017-05-08,7.102,-0.008101
2017-05-09,7.155,0.007463
2017-05-10,7.159,0.000559
2017-05-11,7.175,0.002235
2017-05-12,7.172,-0.000418
2017-05-15,7.203,0.004322
2017-05-16,7.267,0.008885
2017-05-17,7.254,-0.001789
2017-05-18,7.226,-0.00386
2017-05-19,7.23,0.000554
2017-05-22,7.223,-0.000968
2017-05-23,7.186,-0.005123
2017-05-24,7.203,0.002366
2017-05-25,7.215,0.001666
2017-05-26,7.183,-0.004435
2017-05-31,7.188,0.000696
2017-06-01,7.157,-0.004313
2017-06-02,7.149,-0.001118
2017-06-05,7.165,0.002238
2017-06-06,7.183,0.002512
2017-06-07,7.235,0.007239
2017-06-08,7.25,0.002073
2017-06-09,7.261,0.001517
2017-06-12,7.239,-0.00303
2017-06-13,7.279,0.005526
2017-06-14,7.255,-0.003297
2017-06-15,7.278,0.00317
2017-06-16,7.273,-0.000687
2017-06-19,7.289,0.0022
2017-06-20,7.314,0.00343
2017-06-21,7.328,0.001914
2017-06-22,7.289,-0.005322
2017-06-23,7.314,0.00343
2017-06-26,7.38,0.009024
2017-06-27,7.372,-0.001084
2017-06-28,7.33,-0.005697
2017-06-29,7.344,0.00191
2017-06-30,7.368,0.003268
2017-07-03,7.364,-0.000543
2017-07-04,7.367,0.000407
2017-07-05,7.416,0.006651
2017-07-06,7.459,0.005798
2017-07-07,7.484,0.003352
2017-07-10,7.46,-0.003207
2017-07-11,7.416,-0.005898
2017-07-12,7.424,0.001079
2017-07-13,7.383,-0.005523
2017-07-14,7.396,0.001761
2017-07-17,7.301,-0.012845
2017-07-18,7.31,0.001233
2017-07-19,7.38,0.009576
2017-07-20,7.415,0.004743
2017-07-21,7.431,0.002158
2017-07-24,7.415,-0.002153
2017-07-25,7.397,-0.002428
2017-07-26,7.357,-0.005408
2017-07-27,7.357,0.0
2017-07-28,7.393,0.004893
2017-07-31,7.42,0.003652
2017-08-01,7.423,0.000404
2017-08-02,7.405,-0.002425
2017-08-03,7.393,-0.001621
2017-08-04,7.361,-0.004328
2017-08-07,7.409,0.006521
2017-08-08,7.403,-0.00081
2017-08-09,7.434,0.004187
2017-08-10,7.428,-0.000807
2017-08-11,7.387,-0.00552
2017-08-14,7.483,0.012996
2017-08-15,7.513,0.004009
2017-08-16,7.521,0.001065
2017-08-17,7.515,-0.000798
2017-08-18,7.498,-0.002262
2017-08-21,7.541,0.005735
2017-08-22,7.533,-0.001061
2017-08-23,7.514,-0.002522
2017-08-24,7.49,-0.003194
2017-08-25,7.529,0.005207
2017-08-28,7.577,0.006375
2017-08-29,7.568,-0.001188
2017-08-30,7.618,0.006607
2017-08-31,7.614,-0.000525
2017-09-01,7.659,0.00591
2017-09-04,7.688,0.003786
2017-09-05,7.694,0.00078
2017-09-06,7.688,-0.00078
2017-09-07,7.668,-0.002601
2017-09-08,7.663,-0.000652
2017-09-11,7.699,0.004698
2017-09-12,7.694,-0.000649
2017-09-13,7.706,0.00156
2017-09-14,7.675,-0.004023
2017-09-15,7.641,-0.00443
2017-09-18,7.66,0.002487
2017-09-19,7.641,-0.00248
2017-09-20,7.679,0.004973
2017-09-21,7.636,-0.0056
2017-09-22,7.629,-0.000917
2017-09-25,7.61,-0.00249
2017-09-26,7.613,0.000394
2017-09-27,7.668,0.007224
2017-09-28,7.68,0.001565
2017-09-29,7.69,0.001302
2017-10-09,7.726,0.004681
2017-10-10,7.718,-0.001035
2017-10-11,7.688,-0.003887
2017-10-12,7.706,0.002341
2017-10-13,7.754,0.006229
2017-10-16,7.739,-0.001934
2017-10-17,7.747,0.001034
2017-10-18,7.765,0.002323
2017-10-19,7.739,-0.003348
2017-10-20,7.762,0.002972
2017-10-23,7.794,0.004123
2017-10-24,7.825,0.003977
2017-10-25,7.877,0.006645
2017-10-26,7.892,0.001904
2017-10-27,7.911,0.002408
2017-10-30,7.883,-0.003539
2017-10-31,7.895,0.001522
2017-11-01,7.896,0.000127
2017-11-02,7.853,-0.005446
2017-11-03,7.866,0.001655
2017-11-06,7.932,0.008391
2017-11-07,7.96,0.00353
2017-11-08,7.943,-0.002136
2017-11-09,8.002,0.007428
2017-11-10,8.057,0.006873
2017-11-13,8.08,0.002855
2017-11-14,8.029,-0.006312
2017-11-15,7.983,-0.005729
2017-11-16,8.011,0.003507
2017-11-17,7.915,-0.011984
2017-11-20,7.967,0.00657
2017-11-21,7.995,0.003514
2017-11-22,7.966,-0.003627
2017-11-23,7.846,-0.015064
2017-11-24,7.834,-0.001529
2017-11-27,7.789,-0.005744
2017-11-28,7.845,0.00719
2017-11-29,7.846,0.000127
2017-11-30,7.798,-0.006118
2017-12-01,7.833,0.004488
2017-12-04,7.841,0.001021
2017-12-05,7.787,-0.006887
2017-12-06,7.803,0.002055
2017-12-07,7.771,-0.004101
2017-12-08,7.83,0.007592
2017-12-11,7.889,0.007535
2017-12-12,7.856,-0.004183
2017-12-13,7.861,0.000636
2017-12-14,7.852,-0.001145
2017-12-15,7.821,-0.003948
2017-12-18,7.802,-0.002429
2017-12-19,7.838,0.004614
2017-12-20,7.818,-0.002552
2017-12-21,7.872,0.006907
2017-12-22,7.846,-0.003303
2017-12-25,7.798,-0.006118
2017-12-26,7.809,0.001411
2017-12-27,7.731,-0.009988
2017-12-28,7.753,0.002846
2017-12-29,7.783,0.003869
2017-12-31,7.783,0.0
2018-01-02,7.816,0.00424
2018-01-03,7.849,0.004222
2018-01-04,7.883,0.004332
2018-01-05,7.877,-0.000761
2018-01-08,7.85,-0.003428
2018-01-09,7.874,0.003057
2018-01-10,7.854,-0.00254
2018-01-11,7.87,0.002037
2018-01-12,7.883,0.001652
2018-01-15,7.825,-0.007358
2018-01-16,7.795,-0.003834
2018-01-17,7.763,-0.004105
2018-01-18,7.775,0.001546
2018-01-19,7.773,-0.000257
2018-01-22,7.814,0.005275
2018-01-23,7.805,-0.001152
2018-01-24,7.814,0.001153
2018-01-25,7.781,-0.004223
2018-01-26,7.778,-0.000386
2018-01-29,7.698,-0.010285
2018-01-30,7.676,-0.002858
2018-01-31,7.669,-0.000912
2018-02-01,7.612,-0.007433
2018-02-02,7.624,0.001576
2018-02-05,7.586,-0.004984
2018-02-06,7.451,-0.017796
2018-02-07,7.409,-0.005637
2018-02-08,7.451,0.005669
2018-02-09,7.383,-0.009126
2018-02-12,7.483,0.013545
2018-02-13,7.505,0.00294
2018-02-14,7.521,0.002132
2018-02-22,7.577,0.007446
2018-02-23,7.57,-0.000924
2018-02-26,7.647,0.010172
2018-02-27,7.656,0.001177
2018-02-28,7.668,0.001567
2018-03-01,7.712,0.005738
2018-03-02,7.695,-0.002204
2018-03-05,7.73,0.004548
2018-03-06,7.769,0.005045
2018-03-07,7.748,-0.002703
2018-03-08,7.779,0.004001
2018-03-09,7.86,0.010413
2018-03-12,7.912,0.006616
2018-03-13,7.888,-0.003033
2018-03-14,7.828,-0.007606
2018-03-15,7.853,0.003194
2018-03-16,7.811,-0.005348
2018-03-19,7.838,0.003457
2018-03-20,7.856,0.002297
2018-03-21,7.802,-0.006874
2018-03-22,7.782,-0.002563
2018-03-23,7.608,-0.022359
2018-03-26,7.715,0.014064
2018-03-27,7.81,0.012314
2018-03-28,7.781,-0.003713
2018-03-29,7.774,-0.0009
2018-03-30,7.877,0.013249
2018-04-02,7.896,0.002412
2018-04-03,7.853,-0.005446
2018-04-04,7.814,-0.004966
2018-04-09,7.821,0.000896
2018-04-10,7.828,0.000895
2018-04-11,7.837,0.00115
2018-04-12,7.824,-0.001659
2018-04-13,7.822,-0.000256
2018-04-16,7.848,0.003324
2018-04-17,7.744,-0.013252
2018-04-18,7.816,0.009298
2018-04-19,7.826,0.001279
2018-04-20,7.777,-0.006261
2018-04-23,7.718,-0.007586
2018-04-24,7.813,0.012309
2018-04-25,7.818,0.00064
2018-04-26,7.765,-0.006779
2018-04-27,7.767,0.000258
2018-05-02,7.781,0.001802
2018-05-03,7.817,0.004627
2018-05-04,7.825,0.001023
2018-05-07,7.889,0.008179
2018-05-08,7.908,0.002408
2018-05-09,7.887,-0.002656
2018-05-10,7.899,0.001521
2018-05-11,7.853,-0.005824
2018-05-14,7.873,0.002547
2018-05-15,7.931,0.007367
2018-05-16,7.897,-0.004287
2018-05-17,7.852,-0.005698
2018-05-18,7.842,-0.001274
2018-05-21,7.916,0.009436
2018-05-22,7.95,0.004295
2018-05-23,7.909,-0.005157
2018-05-24,7.873,-0.004552
2018-05-25,7.821,-0.006605
2018-05-28,7.81,-0.001406
2018-05-29,7.775,-0.004481
2018-05-30,7.691,-0.010804
2018-05-31,7.716,0.003251
2018-06-01,7.645,-0.009202
2018-06-04,7.614,-0.004055
2018-06-05,7.696,0.01077
2018-06-06,7.704,0.00104
2018-06-07,7.684,-0.002596
2018-06-08,7.664,-0.002603
2018-06-11,7.625,-0.005089
2018-06-12,7.664,0.005115
2018-06-13,7.612,-0.006785
2018-06-14,7.589,-0.003022
2018-06-15,7.521,-0.00896
2018-06-19,7.368,-0.020343
2018-06-20,7.409,0.005565
2018-06-21,7.336,-0.009853
2018-06-22,7.391,0.007497
2018-06-25,7.372,-0.002571
2018-06-26,7.404,0.004341
2018-06-27,7.377,-0.003647
2018-06-28,7.375,-0.000271
2018-06-29,7.487,0.015186
2018-06-30,7.486,-0.000134
2018-07-02,7.46,-0.003473
2018-07-03,7.495,0.004692
2018-07-04,7.431,-0.008539
2018-07-05,7.392,-0.005248
2018-07-06,7.403,0.001488
2018-07-09,7.483,0.010806
2018-07-10,7.48,-0.000401
2018-07-11,7.436,-0.005882
2018-07-12,7.527,0.012238
2018-07-13,7.555,0.00372
2018-07-16,7.551,-0.000529
2018-07-17,7.557,0.000795
2018-07-18,7.517,-0.005293
2018-07-19,7.503,-0.001862
2018-07-20,7.543,0.005331
2018-07-23,7.597,0.007159
2018-07-24,7.614,0.002238
2018-07-25,7.606,-0.001051
2018-07-26,7.538,-0.00894
2018-07-27,7.53,-0.001061
2018-07-30,7.476,-0.007171
2018-07-31,7.459,-0.002274
2018-08-01,7.416,-0.005765
2018-08-02,7.352,-0.00863
2018-08-03,7.286,-0.008977
2018-08-06,7.204,-0.011254
2018-08-07,7.271,0.0093
2018-08-08,7.203,-0.009352
2018-08-09,7.317,0.015827
2018-08-10,7.344,0.00369
2018-08-13,7.373,0.003949
2018-08-14,7.329,-0.005968
2018-08-15,7.259,-0.009551
2018-08-16,7.237,-0.003031
2018-08-17,7.188,-0.006771
2018-08-20,7.218,0.004174
2018-08-21,7.263,0.006234
2018-08-22,7.231,-0.004406
2018-08-23,7.262,0.004287
2018-08-24,7.263,0.000138
2018-08-27,7.373,0.015145
2018-08-28,7.388,0.002034
2018-08-29,7.364,-0.003249
2018-08-30,7.312,-0.007061
2018-08-31,7.29,-0.003009
2018-09-03,7.326,0.004938
2018-09-04,7.381,0.007508
2018-09-05,7.337,-0.005961
2018-09-06,7.324,-0.001772
2018-09-07,7.313,-0.001502
2018-09-10,7.235,-0.010666
2018-09-11,7.249,0.001935
2018-09-12,7.232,-0.002345
2018-09-13,7.271,0.005393
2018-09-14,7.195,-0.010452
2018-09-17,7.155,-0.005559
2018-09-18,7.192,0.005171
2018-09-19,7.239,0.006535
2018-09-20,7.243,0.000553
2018-09-21,7.275,0.004418
2018-09-25,7.273,-0.000275
2018-09-26,7.304,0.004262
2018-09-27,7.283,-0.002875
2018-09-28,7.286,0.000412
2018-10-08,7.187,-0.013588
2018-10-09,7.155,-0.004452
2018-10-10,7.152,-0.000419
2018-10-11,6.999,-0.021393
2018-10-12,7.048,0.007001
2018-10-15,7.026,-0.003121
2018-10-16,6.948,-0.011102
2018-10-17,6.955,0.001007
2018-10-18,6.903,-0.007477
2018-10-19,6.998,0.013762
2018-10-22,7.131,0.019005
2018-10-23,7.096,-0.004908
2018-10-24,7.066,-0.004228
2018-10-25,7.066,0.0
2018-10-26,7.026,-0.005661
2018-10-29,6.982,-0.006262
2018-10-30,6.974,-0.001146
2018-10-31,7.017,0.006166
2018-11-01,7.033,0.00228
2018-11-02,7.127,0.013366
2018-11-05,7.105,-0.003087
2018-11-06,7.094,-0.001548
2018-11-07,7.08,-0.001973
2018-11-08,7.049,-0.004379
2018-11-09,7.053,0.000567
2018-11-12,7.121,0.009641
2018-11-13,7.147,0.003651
2018-11-14,7.111,-0.005037
2018-11-15,7.148,0.005203
2018-11-16,7.165,0.002378
2018-11-19,7.165,0.0
2018-11-20,7.09,-0.010468
2018-11-21,7.082,-0.001128
2018-11-22,7.064,-0.002542
2018-11-23,6.983,-0.011467
2018-11-26,6.966,-0.002434
2018-11-27,6.986,0.002871
2018-11-28,7.035,0.007014
2018-11-29,6.998,-0.005259
2018-11-30,7.029,0.00443
2018-12-03,7.117,0.01252
2018-12-04,7.125,0.001124
2018-12-05,7.127,0.000281
2018-12-06,7.042,-0.011926
2018-12-07,7.041,-0.000142
2018-12-10,7.018,-0.003267
2018-12-11,7.041,0.003277
2018-12-12,7.027,-0.001988
2018-12-13,7.07,0.006119
2018-12-14,6.998,-0.010184
2018-12-17,6.962,-0.005144
2018-12-18,6.94,-0.00316
2018-12-19,6.893,-0.006772
2018-12-20,6.893,0.0
2018-12-21,6.863,-0.004352
2018-12-24,6.899,0.005246
2018-12-25,6.915,0.002319
2018-12-26,6.884,-0.004483
2018-12-27,6.868,-0.002324
2018-12-28,6.859,-0.00131
2018-12-31,6.857,-0.000292
2019-01-02,6.837,-0.002917
2019-01-03,6.809,-0.004095
2019-01-04,6.853,0.006462
2019-01-07,6.905,0.007588
2019-01-08,6.903,-0.00029
2019-01-09,6.903,0.0
2019-01-10,6.909,0.000869
2019-01-11,6.927,0.002605
2019-01-14,6.908,-0.002743
2019-01-15,6.951,0.006225
2019-01-16,6.942,-0.001295
2019-01-17,6.911,-0.004466
2019-01-18,6.948,0.005354
2019-01-21,6.971,0.00331
2019-01-22,6.92,-0.007316
2019-01-23,6.926,0.000867
2019-01-24,6.963,0.005342
2019-01-25,6.971,0.001149
2019-01-28,6.956,-0.002152
2019-01-29,6.924,-0.0046
2019-01-30,6.951,0.003899
2019-01-31,6.956,0.000719
2019-02-01,7.034,0.011213
2019-02-11,7.125,0.012937
2019-02-12,7.155,0.004211
2019-02-13,7.195,0.00559
2019-02-14,7.211,0.002224
2019-02-15,7.174,-0.005131
2019-02-18,7.312,0.019236
2019-02-19,7.295,-0.002325
2019-02-20,7.297,0.000274
2019-02-21,7.291,-0.000822
2019-02-22,7.407,0.01591
2019-02-25,7.576,0.022816
2019-02-26,7.543,-0.004356
2019-02-27,7.488,-0.007292
2019-02-28,7.494,0.000801
2019-03-01,7.523,0.00387
2019-03-04,7.578,0.007311
2019-03-05,7.711,0.017551
2019-03-06,7.728,0.002205
2019-03-07,7.711,-0.0022
2019-03-08,7.639,-0.009337
2019-03-11,7.793,0.02016
2019-03-12,7.885,0.011805
2019-03-13,7.743,-0.018009
2019-03-14,7.669,-0.009557
2019-03-15,7.706,0.004825
2019-03-18,7.782,0.009862
2019-03-19,7.794,0.001542
2019-03-20,7.766,-0.003593
2019-03-21,7.829,0.008112
2019-03-22,7.816,-0.00166
2019-03-25,7.785,-0.003966
2019-03-26,7.696,-0.011432
2019-03-27,7.704,0.00104
2019-03-28,7.694,-0.001298
2019-03-29,7.828,0.017416
2019-04-01,7.963,0.017246
2019-04-02,7.946,-0.002135
2019-04-03,7.962,0.002014
2019-04-04,7.954,-0.001005
2019-04-08,7.907,-0.005909
2019-04-09,7.913,0.000759
2019-04-10,7.889,-0.003033
2019-04-11,7.814,-0.009507
2019-04-12,7.814,0.0
2019-04-15,7.767,-0.006015
2019-04-16,7.853,0.011072
2019-04-17,7.881,0.003566
2019-04-18,7.849,-0.00406
2019-04-19,7.869,0.002548
2019-04-22,7.811,-0.007371
2019-04-23,7.789,-0.002817
2019-04-24,7.811,0.002824
2019-04-25,7.72,-0.01165
2019-04-26,7.688,-0.004145
2019-04-29,7.667,-0.002732
2019-04-30,7.669,0.000261
2019-05-06,7.415,-0.03312
2019-05-07,7.438,0.003102
2019-05-08,7.405,-0.004437
2019-05-09,7.377,-0.003781
2019-05-10,7.513,0.018436
2019-05-13,7.443,-0.009317
2019-05-14,7.431,-0.001612
2019-05-15,7.502,0.009555
2019-05-16,7.494,-0.001066
2019-05-17,7.391,-0.013744
2019-05-20,7.365,-0.003518
2019-05-21,7.404,0.005295
2019-05-22,7.401,-0.000405
2019-05-23,7.329,-0.009728
2019-05-24,7.31,-0.002592
2019-05-27,7.385,0.01026
2019-05-28,7.4,0.002031
2019-05-29,7.393,-0.000946
2019-05-30,7.375,-0.002435
2019-05-31,7.384,0.00122
2019-06-03,7.367,-0.002302
2019-06-04,7.35,-0.002308
2019-06-05,7.364,0.001905
2019-06-06,7.297,-0.009098
2019-06-10,7.333,0.004934
2019-06-11,7.421,0.012001
2019-06-12,7.399,-0.002965
2019-06-13,7.396,-0.000405
2019-06-14,7.354,-0.005679
2019-06-17,7.333,-0.002856
2019-06-18,7.342,0.001227
2019-06-19,7.405,0.008581
2019-06-20,7.467,0.008373
2019-06-21,7.517,0.006696
2019-06-24,7.513,-0.000532
2019-06-25,7.484,-0.00386
2019-06-26,7.486,0.000267
2019-06-27,7.535,0.006546
2019-06-28,7.517,-0.002389
2019-06-30,7.517,0.0
2019-07-01,7.637,0.015964
2019-07-02,7.632,-0.000655
2019-07-03,7.57,-0.008124
2019-07-04,7.547,-0.003038
2019-07-05,7.576,0.003843
2019-07-08,7.503,-0.009636
2019-07-09,7.506,0.0004
2019-07-10,7.492,-0.001865
2019-07-11,7.495,0.0004
2019-07-12,7.518,0.003069
2019-07-15,7.57,0.006917
2019-07-16,7.566,-0.000528
2019-07-17,7.58,0.00185
2019-07-18,7.537,-0.005673
2019-07-19,7.551,0.001858
2019-07-22,7.527,-0.003178
2019-07-23,7.561,0.004517
2019-07-24,7.621,0.007935
2019-07-25,7.663,0.005511
2019-07-26,7.671,0.001044
2019-07-29,7.702,0.004041
2019-07-30,7.692,-0.001298
2019-07-31,7.691,-0.00013
2019-08-01,7.696,0.00065
2019-08-02,7.643,-0.006887
2019-08-05,7.593,-0.006542
2019-08-06,7.56,-0.004346
2019-08-07,7.535,-0.003307
2019-08-08,7.61,0.009954
2019-08-09,7.596,-0.00184
2019-08-12,7.699,0.01356
2019-08-13,7.691,-0.001039
2019-08-14,7.711,0.0026
2019-08-15,7.755,0.005706
2019-08-16,7.766,0.001418
2019-08-19,7.911,0.018671
2019-08-20,7.891,-0.002528
2019-08-21,7.911,0.002535
2019-08-22,7.911,0.0
2019-08-23,7.92,0.001138
2019-08-26,7.877,-0.005429
2019-08-27,7.927,0.006348
2019-08-28,7.892,-0.004415
2019-08-29,7.905,0.001647
2019-08-30,7.878,-0.003416
2019-09-02,7.988,0.013963
2019-09-03,8.051,0.007887
2019-09-04,8.089,0.00472
2019-09-05,8.156,0.008283
2019-09-06,8.188,0.003923
2019-09-09,8.319,0.015999
2019-09-10,8.285,-0.004087
2019-09-11,8.223,-0.007483
2019-09-12,8.244,0.002554
2019-09-16,8.248,0.000485
2019-09-17,8.185,-0.007638
2019-09-18,8.188,0.000367
2019-09-19,8.264,0.009282
2019-09-20,8.273,0.001089
2019-09-23,8.26,-0.001571
2019-09-24,8.293,0.003995
2019-09-25,8.208,-0.01025
2019-09-26,8.086,-0.014864
2019-09-27,8.133,0.005813
2019-09-30,8.058,-0.009222
2019-10-08,8.031,-0.003351
2019-10-09,8.058,0.003362
2019-10-10,8.13,0.008935
2019-10-11,8.129,-0.000123
2019-10-14,8.188,0.007258
2019-10-15,8.14,-0.005862
2019-10-16,8.109,-0.003808
2019-10-17,8.118,0.00111
2019-10-18,8.053,-0.008007
2019-10-21,8.041,-0.00149
2019-10-22,8.086,0.005596
2019-10-23,8.054,-0.003957
2019-10-24,8.03,-0.00298
2019-10-25,8.07,0.004981
2019-10-28,8.171,0.012515
2019-10-29,8.082,-0.010892
2019-10-30,8.097,0.001856
2019-10-31,8.082,-0.001853
2019-11-01,8.121,0.004826
2019-11-04,8.177,0.006896
2019-11-05,8.226,0.005992
2019-11-06,8.192,-0.004133
2019-11-07,8.199,0.000854
2019-11-08,8.2,0.000122
2019-11-11,8.108,-0.01122
2019-11-12,8.089,-0.002343
2019-11-13,8.126,0.004574
2019-11-14,8.172,0.005661
2019-11-15,8.14,-0.003916
2019-11-18,8.151,0.001351
2019-11-19,8.215,0.007852
2019-11-20,8.203,-0.001461
2019-11-21,8.177,-0.00317
2019-11-22,8.12,-0.006971
2019-11-25,8.071,-0.006034
2019-11-26,8.101,0.003717
2019-11-27,8.132,0.003827
2019-11-28,8.144,0.001476
2019-11-29,8.128,-0.001965
2019-12-02,8.143,0.001845
2019-12-03,8.184,0.005035
2019-12-04,8.177,-0.000855
2019-12-05,8.252,0.009172
2019-12-06,8.314,0.007513
2019-12-09,8.315,0.00012
2019-12-10,8.35,0.004209
2019-12-11,8.319,-0.003713
2019-12-12,8.33,0.001322
2019-12-13,8.397,0.008043
2019-12-16,8.472,0.008932
2019-12-17,8.506,0.004013
2019-12-18,8.491,-0.001763
2019-12-19,8.48,-0.001295
2019-12-20,8.44,-0.004717
2019-12-23,8.366,-0.008768
2019-12-24,8.42,0.006455
2019-12-25,8.456,0.004276
2019-12-26,8.466,0.001183
2019-12-27,8.42,-0.005433
2019-12-30,8.464,0.005226
2019-12-31,8.496,0.003781
2020-01-02,8.589,0.010946
2020-01-03,8.61,0.002445
2020-01-06,8.642,0.003717
2020-01-07,8.667,0.002893
2020-01-08,8.625,-0.004846
2020-01-09,8.7,0.008696
2020-01-10,8.7,0.0
2020-01-13,8.781,0.00931
2020-01-14,8.763,-0.00205
2020-01-15,8.762,-0.000114
2020-01-16,8.76,-0.000228
2020-01-17,8.76,0.0
2020-01-20,8.86,0.011416
2020-01-21,8.813,-0.005305
2020-01-22,8.86,0.005333
2020-01-23,8.726,-0.015124
2020-02-03,8.403,-0.037016
2020-02-04,8.578,0.020826
2020-02-05,8.637,0.006878
2020-02-06,8.736,0.011462
2020-02-07,8.785,0.005609
2020-02-10,8.817,0.003643
2020-02-11,8.827,0.001134
2020-02-12,8.948,0.013708
2020-02-13,8.921,-0.003017
2020-02-14,8.963,0.004708
2020-02-17,9.104,0.015731
2020-02-18,9.148,0.004833
2020-02-19,9.118,-0.003279
2020-02-20,9.197,0.008664
2020-02-21,9.246,0.005328
2020-02-24,9.329,0.008977
2020-02-25,9.322,-0.00075
2020-02-26,9.116,-0.022098
2020-02-27,9.169,0.005814
2020-02-28,8.947,-0.024212
2020-03-02,9.138,0.021348
2020-03-03,9.175,0.004049
2020-03-04,9.156,-0.002071
2020-03-05,9.183,0.002949
2020-03-06,9.13,-0.005772
2020-03-09,8.976,-0.016867
2020-03-10,9.079,0.011475
2020-03-11,9.022,-0.006278
2020-03-12,8.941,-0.008978
2020-03-13,8.912,-0.003243
2020-03-16,8.724,-0.021095
2020-03-17,8.72,-0.000459
2020-03-18,8.652,-0.007798
2020-03-19,8.653,0.000116
2020-03-20,8.73,0.008899
2020-03-23,8.575,-0.017755
2020-03-24,8.656,0.009446
2020-03-25,8.776,0.013863
2020-03-26,8.73,-0.005242
2020-03-27,8.713,-0.001947
2020-03-30,8.605,-0.012395
2020-03-31,8.61,0.000581
2020-04-01,8.616,0.000697
2020-04-02,8.73,0.013231
2020-04-03,8.697,-0.00378
2020-04-07,8.827,0.014948
2020-04-08,8.822,-0.000566
2020-04-09,8.874,0.005894
2020-04-10,8.805,-0.007776
2020-04-13,8.766,-0.004429
2020-04-14,8.865,0.011294
2020-04-15,8.857,-0.000902
2020-04-16,8.893,0.004065
2020-04-17,8.944,0.005735
2020-04-20,8.988,0.004919
2020-04-21,8.951,-0.004117
2020-04-22,8.99,0.004357
2020-04-23,8.963,-0.003003
2020-04-24,8.908,-0.006136
2020-04-27,8.923,0.001684
2020-04-28,8.974,0.005716
2020-04-29,9.023,0.00546
2020-04-30,9.114,0.010085
2020-05-06,9.216,0.011192
2020-05-07,9.216,0.0
2020-05-08,9.243,0.00293
2020-05-11,9.221,-0.00238
2020-05-12,9.282,0.006615
2020-05-13,9.326,0.00474
2020-05-14,9.294,-0.003431
2020-05-15,9.354,0.006456
2020-05-18,9.318,-0.003849
2020-05-19,9.424,0.011376
2020-05-20,9.376,-0.005093
2020-05-21,9.295,-0.008639
2020-05-22,9.197,-0.010543
2020-05-25,9.211,0.001522
2020-05-26,9.321,0.011942
2020-05-27,9.235,-0.009226
2020-05-28,9.243,0.000866
2020-05-29,9.31,0.007249
2020-06-01,9.499,0.020301
2020-06-02,9.485,-0.001474
2020-06-03,9.499,0.001476
2020-06-04,9.502,0.000316
2020-06-05,9.515,0.001368
2020-06-08,9.519,0.00042
2020-06-09,9.595,0.007984
2020-06-10,9.658,0.006566
2020-06-11,9.65,-0.000828
2020-06-12,9.666,0.001658
2020-06-15,9.66,-0.000621
2020-06-16,9.764,0.010766
2020-06-17,9.782,0.001844
2020-06-18,9.795,0.001329
2020-06-19,9.893,0.010005
2020-06-22,9.952,0.005964
2020-06-23,10.051,0.009948
2020-06-24,10.067,0.001592
2020-06-29,10.062,-0.000497
2020-06-30,10.164,0.010137
2020-07-01,10.127,-0.00364
2020-07-02,10.149,0.002172
2020-07-03,10.196,0.004631
2020-07-06,10.394,0.019419
2020-07-07,10.531,0.013181
2020-07-08,10.66,0.01225
2020-07-09,10.831,0.016041
2020-07-10,10.81,-0.001939
2020-07-13,10.962,0.014061
2020-07-14,10.873,-0.008119
2020-07-15,10.743,-0.011956
2020-07-16,10.421,-0.029973
2020-07-17,10.485,0.006141
2020-07-20,10.555,0.006676
2020-07-21,10.622,0.006348
2020-07-22,10.719,0.009132
2020-07-23,10.736,0.001586
2020-07-24,10.463,-0.025428
2020-07-27,10.446,-0.001625
2020-07-28,10.496,0.004787
2020-07-29,10.642,0.01391
2020-07-30,10.625,-0.001597
2020-07-31,10.72,0.008941
2020-08-03,10.786,0.006157
2020-08-04,10.76,-0.002411
2020-08-05,10.812,0.004833
2020-08-06,10.787,-0.002312
2020-08-07,10.724,-0.00584
2020-08-10,10.657,-0.006248
2020-08-11,10.58,-0.007225
2020-08-12,10.481,-0.009357
2020-08-13,10.461,-0.001908
2020-08-14,10.552,0.008699
2020-08-17,10.642,0.008529
2020-08-18,10.67,0.002631
2020-08-19,10.54,-0.012184
2020-08-20,10.467,-0.006926
2020-08-21,10.492,0.002388
2020-08-24,10.564,0.006862
2020-08-25,10.583,0.001799
2020-08-26,10.448,-0.012756
2020-08-27,10.518,0.0067
2020-08-28,10.645,0.012075
2020-08-31,10.619,-0.002442
2020-09-01,10.645,0.002448
2020-09-02,10.654,0.000845
2020-09-03,10.602,-0.004881
2020-09-04,10.532,-0.006603
2020-09-07,10.366,-0.015761
2020-09-08,10.323,-0.004148
2020-09-09,10.148,-0.016952
2020-09-10,10.127,-0.002069
2020-09-11,10.2,0.007208
2020-09-14,10.233,0.003235
2020-09-15,10.294,0.005961
2020-09-16,10.223,-0.006897
2020-09-17,10.237,0.001369
2020-09-18,10.347,0.010745
2020-09-21,10.308,-0.003769
2020-09-22,10.237,-0.006888
2020-09-23,10.292,0.005373
2020-09-24,10.173,-0.011562
2020-09-25,10.209,0.003539
2020-09-28,10.205,-0.000392
2020-09-29,10.264,0.005781
2020-09-30,10.28,0.001559
2020-10-09,10.379,0.00963
2020-10-12,10.555,0.016957
2020-10-13,10.621,0.006253
2020-10-14,10.562,-0.005555
2020-10-15,10.513,-0.004639
2020-10-16,10.499,-0.001332
2020-10-19,10.444,-0.005239
2020-10-20,10.505,0.005841
2020-10-21,10.417,-0.008377
2020-10-22,10.39,-0.002592
2020-10-23,10.252,-0.013282
2020-10-26,10.22,-0.003121
2020-10-27,10.282,0.006067
2020-10-28,10.316,0.003307
2020-10-29,10.329,0.00126
2020-10-30,10.245,-0.008132
2020-11-02,10.26,0.001464
2020-11-03,10.35,0.008772
2020-11-04,10.366,0.001546
2020-11-05,10.464,0.009454
2020-11-06,10.441,-0.002198
2020-11-09,10.595,0.01475
2020-11-10,10.556,-0.003681
2020-11-11,10.449,-0.010136
2020-11-12,10.468,0.001818
2020-11-13,10.504,0.003439
2020-11-16,10.554,0.00476
2020-11-17,10.464,-0.008528
2020-11-18,10.378,-0.008219
2020-11-19,10.473,0.009154
2020-11-20,10.539,0.006302
2020-11-23,10.607,0.006452
2020-11-24,10.625,0.001697
2020-11-25,10.5,-0.011765
2020-11-26,10.464,-0.003429
2020-11-27,10.505,0.003918
2020-11-30,10.48,-0.00238
2020-12-01,10.614,0.012786
2020-12-02,10.613,-9.4e-05
2020-12-03,10.613,0.0
2020-12-04,10.668,0.005182
2020-12-07,10.678,0.000937
2020-12-08,10.698,0.001873
2020-12-09,10.617,-0.007572
2020-12-10,10.629,0.00113
2020-12-11,10.559,-0.006586
2020-12-14,10.657,0.009281
2020-12-15,10.664,0.000657
2020-12-16,10.692,0.002626
2020-12-17,10.704,0.001122
2020-12-18,10.719,0.001401
2020-12-21,10.894,0.016326
2020-12-22,10.812,-0.007527
2020-12-23,10.899,0.008047
2020-12-24,10.897,-0.000184
2020-12-25,11.019,0.011196
2020-12-28,11.008,-0.000998
2020-12-29,10.873,-0.012264
2020-12-30,11.003,0.011956
2020-12-31,11.189,0.016904
2021-01-04,11.485,0.026455
2021-01-05,11.588,0.008968
2021-01-06,11.582,-0.000518
2021-01-07,11.71,0.011052
2021-01-08,11.629,-0.006917
2021-01-11,11.571,-0.004988
2021-01-12,11.761,0.01642
2021-01-13,11.638,-0.010458
2021-01-14,11.477,-0.013834
2021-01-15,11.55,0.006361
2021-01-18,11.681,0.011342
2021-01-19,11.521,-0.013697
2021-01-20,11.685,0.014235
2021-01-21,11.797,0.009585
2021-01-22,11.847,0.004238
2021-01-25,11.894,0.003967
2021-01-26,11.737,-0.0132
2021-01-27,11.787,0.00426
2021-01-28,11.583,-0.017307
2021-01-29,11.444,-0.012
2021-02-01,11.44,-0.00035
2021-02-02,11.65,0.018357
2021-02-03,11.673,0.001974
2021-02-04,11.55,-0.010537
2021-02-05,11.441,-0.009437
2021-02-08,11.551,0.009615
2021-02-09,11.763,0.018353
2021-02-10,11.848,0.007226
2021-02-18,11.911,0.005317
2021-02-19,11.824,-0.007304
2021-02-22,11.755,-0.005836
2021-02-23,11.779,0.002042
2021-02-24,11.527,-0.021394
2021-02-25,11.476,-0.004424
2021-02-26,11.284,-0.016731
2021-03-01,11.495,0.018699
2021-03-02,11.417,-0.006786
2021-03-03,11.472,0.004817
2021-03-04,11.194,-0.024233
2021-03-05,11.162,-0.002859
2021-03-08,10.878,-0.025443
2021-03-09,10.719,-0.014617
2021-03-10,10.796,0.007184
2021-03-11,10.944,0.013709
2021-03-12,10.946,0.000183
2021-03-15,10.859,-0.007948
2021-03-16,10.937,0.007183
2021-03-17,11.011,0.006766
2021-03-18,11.076,0.005903
2021-03-19,10.952,-0.011195
2021-03-22,11.032,0.007305
2021-03-23,10.912,-0.010877
2021-03-24,10.733,-0.016404
2021-03-25,10.708,-0.002329
2021-03-26,10.887,0.016716
2021-03-29,10.863,-0.002204
2021-03-30,10.962,0.009114
2021-03-31,10.877,-0.007754
2021-04-01,10.938,0.005608
2021-04-02,11.04,0.009325
2021-04-06,11.091,0.00462
2021-04-07,11.034,-0.005139
2021-04-08,10.999,-0.003172
2021-04-09,10.944,-0.005
2021-04-12,10.757,-0.017087
2021-04-13,10.743,-0.001301
2021-04-14,10.879,0.012659
2021-04-15,10.881,0.000184
2021-04-16,10.908,0.002481
2021-04-19,11.092,0.016868
2021-04-20,11.083,-0.000811
2021-04-21,11.125,0.00379
2021-04-22,11.17,0.004045
2021-04-23,11.253,0.007431
2021-04-26,11.202,-0.004532
2021-04-27,11.202,0.0
2021-04-28,11.291,0.007945
2021-04-29,11.304,0.001151
2021-04-30,11.378,0.006546
2021-05-06,11.344,-0.002988
2021-05-07,11.18,-0.014457
2021-05-10,11.201,0.001878
2021-05-11,11.216,0.001339
2021-05-12,11.245,0.002586
2021-05-13,11.15,-0.008448
2021-05-14,11.291,0.012646
2021-05-17,11.405,0.010097
2021-05-18,11.433,0.002455
2021-05-19,11.515,0.007172
2021-05-20,11.555,0.003474
2021-05-21,11.524,-0.002683
2021-05-24,11.611,0.007549
2021-05-25,11.763,0.013091
2021-05-26,11.716,-0.003996
2021-05-27,11.721,0.000427
2021-05-28,11.767,0.003925
2021-05-31,11.944,0.015042
2021-06-01,11.938,-0.000502
2021-06-02,11.852,-0.007204
2021-06-03,11.819,-0.002784
2021-06-04,11.808,-0.000931
2021-06-07,11.776,-0.00271
2021-06-08,11.651,-0.010615
2021-06-09,11.634,-0.001459
2021-06-10,11.72,0.007392
2021-06-11,11.693,-0.002304
2021-06-15,11.641,-0.004447
2021-06-16,11.352,-0.024826
2021-06-17,11.456,0.009161
2021-06-18,11.599,0.012483
2021-06-21,11.694,0.00819
2021-06-22,11.697,0.000257
2021-06-23,11.755,0.004959
2021-06-24,11.709,-0.003913
2021-06-25,11.826,0.009992
2021-06-28,11.958,0.011162
2021-06-29,11.94,-0.001505
2021-06-30,11.999,0.004941
2021-07-01,11.925,-0.006167
2021-07-02,11.771,-0.012914
2021-07-05,11.927,0.013253
2021-07-06,11.818,-0.009139
2021-07-07,12.068,0.021154
2021-07-08,12.029,-0.003232
2021-07-09,12.047,0.001496
2021-07-12,12.24,0.016021
2021-07-13,12.263,0.001879
2021-07-14,12.174,-0.007258
2021-07-15,12.268,0.007721
2021-07-16,12.138,-0.010597
2021-07-19,12.063,-0.006179
2021-07-20,12.137,0.006134
2021-07-21,12.394,0.021175
2021-07-22,12.448,0.004357
2021-07-23,12.348,-0.008033
2021-07-26,12.183,-0.013362
2021-07-27,11.964,-0.017976
2021-07-28,11.936,-0.00234
2021-07-29,12.26,0.027145
2021-07-30,12.295,0.002855
2021-08-02,12.43,0.01098
2021-08-03,12.332,-0.007884
2021-08-04,12.521,0.015326
2021-08-05,12.524,0.00024
2021-08-06,12.481,-0.003433
2021-08-09,12.473,-0.000641
2021-08-10,12.557,0.006735
2021-08-11,12.484,-0.005813
2021-08-12,12.497,0.001041
2021-08-13,12.407,-0.007202
2021-08-16,12.343,-0.005158
2021-08-17,12.162,-0.014664
2021-08-18,12.192,0.002467
2021-08-19,12.255,0.005167
2021-08-20,12.213,-0.003427
2021-08-23,12.375,0.013265
2021-08-24,12.454,0.006384
2021-08-25,12.615,0.012928
2021-08-26,12.537,-0.006183
2021-08-27,12.619,0.006541
2021-08-30,12.712,0.00737
2021-08-31,12.642,-0.005507
2021-09-01,12.497,-0.01147
2021-09-02,12.636,0.011123
2021-09-03,12.523,-0.008943
2021-09-06,12.681,0.012617
2021-09-07,12.758,0.006072
2021-09-08,12.628,-0.01019
2021-09-09,12.642,0.001109
2021-09-10,12.686,0.00348
2021-09-13,12.549,-0.010799
2021-09-14,12.438,-0.008845
2021-09-15,12.413,-0.00201
2021-09-16,12.285,-0.010312
2021-09-17,12.3,0.001221
2021-09-22,12.276,-0.001951
2021-09-23,12.3,0.001955
2021-09-24,12.338,0.003089
2021-09-27,12.346,0.000648
2021-09-28,12.348,0.000162
2021-09-29,12.22,-0.010366
2021-09-30,12.342,0.009984
2021-10-08,12.386,0.003565
2021-10-11,12.399,0.00105
2021-10-12,12.299,-0.008065
2021-10-13,12.458,0.012928
2021-10-14,12.521,0.005057
2021-10-15,12.563,0.003354
2021-10-18,12.464,-0.00788
2021-10-19,12.513,0.003931
2021-10-20,12.541,0.002238
2021-10-21,12.545,0.000319
2021-10-22,12.49,-0.004384
2021-10-25,12.544,0.004323
2021-10-26,12.504,-0.003189
2021-10-27,12.448,-0.004479
2021-10-28,12.371,-0.006186
2021-10-29,12.485,0.009215
2021-11-01,12.539,0.004325
2021-11-02,12.535,-0.000319
2021-11-03,12.457,-0.006223
2021-11-04,12.62,0.013085
2021-11-05,12.568,-0.00412
2021-11-08,12.619,0.004058
2021-11-09,12.639,0.001585
2021-11-10,12.586,-0.004193
2021-11-11,12.598,0.000953
2021-11-12,12.71,0.00889
2021-11-15,12.657,-0.00417
2021-11-16,12.628,-0.002291
2021-11-17,12.712,0.006652
2021-11-18,12.685,-0.002124
2021-11-19,12.75,0.005124
2021-11-22,12.884,0.01051
2021-11-23,12.86,-0.001863
2021-11-24,12.88,0.001555
2021-11-25,12.87,-0.000776
2021-11-26,12.836,-0.002642
2021-11-29,12.875,0.003038
2021-11-30,12.887,0.000932
2021-12-01,12.85,-0.002871
2021-12-02,12.847,-0.000233
2021-12-03,12.969,0.009496
2021-12-06,12.921,-0.003701
2021-12-07,12.842,-0.006114
2021-12-08,13.009,0.013004
2021-12-09,13.067,0.004458
2021-12-10,13.103,0.002755
2021-12-13,13.092,-0.00084
2021-12-14,13.106,0.001069
2021-12-15,13.035,-0.005417
2021-12-16,13.061,0.001995
2021-12-17,12.929,-0.010106
2021-12-20,12.871,-0.004486
2021-12-21,12.903,0.002486
2021-12-22,12.977,0.005735
2021-12-23,13.012,0.002697
2021-12-24,13.037,0.001921
2021-12-27,12.951,-0.006597
2021-12-28,12.982,0.002394
2021-12-29,12.91,-0.005546
2021-12-30,12.992,0.006352
2021-12-31,12.988,-0.000308
2022-01-04,12.957,-0.002387
2022-01-05,12.761,-0.015127
2022-01-06,12.744,-0.001332
2022-01-07,12.642,-0.008004
2022-01-10,12.682,0.003164
2022-01-11,12.586,-0.00757
2022-01-12,12.72,0.010647
2022-01-13,12.543,-0.013915
2022-01-14,12.524,-0.001515
2022-01-17,12.606,0.006547
2022-01-18,12.616,0.000793
2022-01-19,12.489,-0.010067
2022-01-20,12.431,-0.004644
2022-01-21,12.362,-0.005551
2022-01-24,12.368,0.000485
2022-01-25,12.224,-0.011643
2022-01-26,12.205,-0.001554
2022-01-27,12.092,-0.009259
2022-01-28,12.021,-0.005872
2022-02-07,12.032,0.000915
2022-02-08,11.95,-0.006815
2022-02-09,12.084,0.011213
2022-02-10,12.039,-0.003724
2022-02-11,11.933,-0.008805
2022-02-14,11.917,-0.001341
2022-02-15,12.04,0.010321
2022-02-16,12.033,-0.000581
2022-02-17,12.039,0.000499
2022-02-18,12.039,0.0
2022-02-21,12.044,0.000415
2022-02-22,11.974,-0.005812
2022-02-23,12.12,0.012193
2022-02-24,12.025,-0.007838
2022-02-25,12.095,0.005821
2022-02-28,12.153,0.004795
2022-03-01,12.185,0.002633
2022-03-02,12.171,-0.001149
2022-03-03,12.083,-0.00723
2022-03-04,12.001,-0.006786
2022-03-07,11.831,-0.014165
2022-03-08,11.7,-0.011073
2022-03-09,11.615,-0.007265
2022-03-10,11.76,0.012484
2022-03-11,11.771,0.000935
2022-03-14,11.583,-0.015971
2022-03-15,11.367,-0.018648
2022-03-16,11.59,0.019618
2022-03-17,11.716,0.010871
2022-03-18,11.717,8.5e-05
2022-03-21,11.757,0.003414
2022-03-22,11.67,-0.0074
2022-03-23,11.706,0.003085
2022-03-24,11.673,-0.002819
2022-03-25,11.587,-0.007367
2022-03-28,11.473,-0.009839
2022-03-29,11.462,-0.000959
2022-03-30,11.594,0.011516
2022-03-31,11.52,-0.006383
2022-04-01,11.566,0.003993
2022-04-06,11.516,-0.004323
2022-04-07,11.438,-0.006773
2022-04-08,11.402,-0.003147
2022-04-11,11.149,-0.022189
2022-04-12,11.237,0.007893
2022-04-13,11.181,-0.004984
2022-04-14,11.235,0.00483
2022-04-15,11.194,-0.003649
2022-04-18,11.257,0.005628
2022-04-19,11.227,-0.002665
2022-04-20,11.118,-0.009709
2022-04-21,10.95,-0.015111
2022-04-22,10.926,-0.002192
2022-04-25,10.601,-0.029746
2022-04-26,10.523,-0.007358
2022-04-27,10.733,0.019956
2022-04-28,10.779,0.004286
2022-04-29,10.96,0.016792
2022-05-05,11.028,0.006204
2022-05-06,10.934,-0.008524
2022-05-09,10.944,0.000915
2022-05-10,11.008,0.005848
2022-05-11,11.082,0.006722
2022-05-12,11.103,0.001895
2022-05-13,11.115,0.001081
2022-05-16,11.08,-0.003149
2022-05-17,11.145,0.005866
2022-05-18,11.19,0.004038
2022-05-19,11.222,0.00286
2022-05-20,11.294,0.006416
2022-05-23,11.346,0.004604
2022-05-24,11.168,-0.015688
2022-05-25,11.194,0.002328
2022-05-26,11.208,0.001251
2022-05-27,11.198,-0.000892
2022-05-30,11.285,0.007769
2022-05-31,11.343,0.00514
2022-06-01,11.33,-0.001146
2022-06-02,11.373,0.003795
2022-06-06,11.537,0.01442
2022-06-07,11.571,0.002947
2022-06-08,11.626,0.004753
2022-06-09,11.532,-0.008085
2022-06-10,11.659,0.011013
2022-06-13,11.651,-0.000686
2022-06-14,11.625,-0.002232
2022-06-15,11.639,0.001204
2022-06-16,11.658,0.001632
2022-06-17,11.763,0.009007
2022-06-20,11.799,0.00306
2022-06-21,11.713,-0.007289
2022-06-22,11.657,-0.004781
2022-06-23,11.808,0.012954
2022-06-24,11.907,0.008384
2022-06-27,12.008,0.008482
2022-06-28,12.09,0.006829
2022-06-29,11.945,-0.011993
2022-06-30,12.053,0.009041
2022-07-01,12.09,0.00307
2022-07-04,12.167,0.006369
2022-07-05,12.167,0.0
2022-07-06,12.062,-0.00863
2022-07-07,12.086,0.00199
2022-07-08,12.083,-0.000248
2022-07-11,11.925,-0.013076
2022-07-12,11.812,-0.009476
2022-07-13,11.863,0.004318
2022-07-14,11.944,0.006828
2022-07-15,11.914,-0.002512
2022-07-18,11.952,0.00319
2022-07-19,11.961,0.000753
2022-07-20,12.005,0.003679
2022-07-21,11.952,-0.004415
2022-07-22,11.931,-0.001757
2022-07-25,11.863,-0.005699
2022-07-26,11.906,0.003625
2022-07-27,11.944,0.003192
2022-07-28,11.929,-0.001256
2022-07-29,11.85,-0.006623
2022-08-01,11.96,0.009283
2022-08-02,11.874,-0.007191
2022-08-03,11.839,-0.002948
2022-08-04,11.86,0.001774
2022-08-05,12.004,0.012142
2022-08-08,12.036,0.002666
2022-08-09,12.049,0.00108
2022-08-10,12.032,-0.001411
2022-08-11,12.104,0.005984
2022-08-12,12.041,-0.005205
2022-08-15,12.127,0.007142
2022-08-16,12.119,-0.00066
2022-08-17,12.122,0.000248
2022-08-18,12.138,0.00132
2022-08-19,12.035,-0.008486
2022-08-22,12.114,0.006564
2022-08-23,12.174,0.004953
2022-08-24,12.003,-0.014046
2022-08-25,12.009,0.0005
2022-08-26,12.027,0.001499
2022-08-29,12.009,-0.001497
2022-08-30,11.929,-0.006662
2022-08-31,11.749,-0.015089
2022-09-01,11.696,-0.004511
2022-09-02,11.678,-0.001539
2022-09-05,11.653,-0.002141
2022-09-06,11.793,0.012014
2022-09-07,11.832,0.003307
2022-09-08,11.846,0.001183
2022-09-09,11.856,0.000844
2022-09-13,11.885,0.002446
2022-09-14,11.89,0.000421
2022-09-15,11.741,-0.012532
2022-09-16,11.655,-0.007325
2022-09-19,11.627,-0.002402
2022-09-20,11.73,0.008859
2022-09-21,11.694,-0.003069
2022-09-22,11.69,-0.000342
2022-09-23,11.615,-0.006416
2022-09-26,11.629,0.001205
2022-09-27,11.705,0.006535
2022-09-28,11.548,-0.013413
2022-09-29,11.566,0.001559
2022-09-30,11.448,-0.010202
2022-10-10,11.304,-0.012579
2022-10-11,11.35,0.004069
2022-10-12,11.462,0.009868
2022-10-13,11.469,0.000611
2022-10-14,11.596,0.011073
2022-10-17,11.599,0.000259
2022-10-18,11.638,0.003362
2022-10-19,11.592,-0.003953
2022-10-20,11.563,-0.002502
2022-10-21,11.544,-0.001643
2022-10-24,11.481,-0.005457
2022-10-25,11.495,0.001219
2022-10-26,11.598,0.00896
2022-10-27,11.525,-0.006294
2022-10-28,11.405,-0.010412
2022-10-31,11.462,0.004998
2022-11-01,11.611,0.012999
2022-11-02,11.642,0.00267
2022-11-03,11.673,0.002663
2022-11-04,11.848,0.014992
2022-11-07,11.811,-0.003123
2022-11-08,11.789,-0.001863
2022-11-09,11.747,-0.003563
2022-11-10,11.651,-0.008172
2022-11-11,11.722,0.006094
2022-11-14,11.649,-0.006228
2022-11-15,11.771,0.010473
2022-11-16,11.713,-0.004927
2022-11-17,11.704,-0.000768
2022-11-18,11.663,-0.003503
2022-11-21,11.666,0.000257
2022-11-22,11.588,-0.006686
2022-11-23,11.598,0.000863
2022-11-24,11.58,-0.001552
2022-11-25,11.501,-0.006822
2022-11-28,11.472,-0.002522
2022-11-29,11.525,0.00462
2022-11-30,11.548,0.001996
2022-12-01,11.653,0.009092
2022-12-02,11.617,-0.003089
2022-12-05,11.621,0.000344
2022-12-06,11.686,0.005593
2022-12-07,11.729,0.00368
2022-12-08,11.706,-0.001961
2022-12-09,11.72,0.001196
2022-12-12,11.716,-0.000341
2022-12-13,11.678,-0.003243
2022-12-14,11.678,0.0
2022-12-15,11.721,0.003682
2022-12-16,11.657,-0.00546
2022-12-19,11.59,-0.005748
2022-12-20,11.508,-0.007075
2022-12-21,11.493,-0.001303
2022-12-22,11.418,-0.006526
2022-12-23,11.374,-0.003854
2022-12-26,11.509,0.011869
2022-12-27,11.58,0.006169
2022-12-28,11.531,-0.004231
2022-12-29,11.532,8.7e-05
2022-12-30,11.552,0.001734
2022-12-31,11.552,0.0
2023-01-03,11.667,0.009955
2023-01-04,11.641,-0.002229
2023-01-05,11.744,0.008848
2023-01-06,11.763,0.001618
2023-01-09,11.785,0.00187
2023-01-10,11.787,0.00017
2023-01-11,11.744,-0.003648
2023-01-12,11.752,0.000681
2023-01-13,11.772,0.001702
2023-01-16,11.832,0.005097
2023-01-17,11.869,0.003127
2023-01-18,11.869,0.0
2023-01-19,11.942,0.00615
2023-01-20,11.974,0.00268
2023-01-30,12.019,0.003758
2023-01-31,12.005,-0.001165
2023-02-01,12.096,0.00758
2023-02-02,12.104,0.000661
2023-02-03,12.083,-0.001735
2023-02-06,12.003,-0.006621
2023-02-07,12.013,0.000833
2023-02-08,11.993,-0.001665
2023-02-09,12.106,0.009422
2023-02-10,12.037,-0.0057
2023-02-13,12.123,0.007145
2023-02-14,12.126,0.000247
2023-02-15,12.108,-0.001484
2023-02-16,12.009,-0.008176
2023-02-17,11.907,-0.008494
2023-02-20,11.976,0.005795
2023-02-21,11.981,0.000418
2023-02-22,11.954,-0.002254
2023-02-23,11.945,-0.000753
2023-02-24,11.918,-0.00226
2023-02-27,11.918,0.0
2023-02-28,11.95,0.002685
2023-03-01,11.988,0.00318
2023-03-02,11.931,-0.004755
2023-03-03,11.925,-0.000503
2023-03-06,12.005,0.006709
2023-03-07,11.886,-0.009913
2023-03-08,11.893,0.000589
2023-03-09,11.869,-0.002018
2023-03-10,11.776,-0.007836
2023-03-13,11.807,0.002632
2023-03-14,11.761,-0.003896
2023-03-15,11.725,-0.003061
2023-03-16,11.621,-0.00887
2023-03-17,11.587,-0.002926
2023-03-20,11.56,-0.00233
2023-03-21,11.626,0.005709
2023-03-22,11.635,0.000774
2023-03-23,11.655,0.001719
2023-03-24,11.621,-0.002917
2023-03-27,11.614,-0.000602
2023-03-28,11.591,-0.00198
2023-03-29,11.606,0.001294
2023-03-30,11.646,0.003446
2023-03-31,11.671,0.002147
2023-04-03,11.657,-0.0012
2023-04-04,11.617,-0.003431
2023-04-06,11.638,0.001808
2023-04-07,11.692,0.00464
2023-04-10,11.709,0.001454
2023-04-11,11.661,-0.004099
2023-04-12,11.621,-0.00343
2023-04-13,11.596,-0.002151
2023-04-14,11.642,0.003967
2023-04-17,11.681,0.00335
2023-04-18,11.681,0.0
2023-04-19,11.642,-0.003339
2023-04-20,11.559,-0.007129
2023-04-21,11.453,-0.00917
2023-04-24,11.403,-0.004366
2023-04-25,11.298,-0.009208
2023-04-26,11.399,0.00894
2023-04-27,11.473,0.006492
2023-04-28,11.46,-0.001133
2023-05-04,11.414,-0.004014
2023-05-05,11.352,-0.005432
2023-05-08,11.373,0.00185
2023-05-09,11.259,-0.010024
2023-05-10,11.308,0.004352
2023-05-11,11.314,0.000531
2023-05-12,11.237,-0.006806
2023-05-15,11.37,0.011836
2023-05-16,11.347,-0.002023
2023-05-17,11.358,0.000969
2023-05-18,11.327,-0.002729
2023-05-19,11.375,0.004238
2023-05-22,11.407,0.002813
2023-05-23,11.367,-0.003507
2023-05-24,11.347,-0.001759
2023-05-25,11.323,-0.002115
2023-05-26,11.326,0.000265
2023-05-29,11.267,-0.005209
2023-05-30,11.241,-0.002308
2023-05-31,11.201,-0.003558
2023-06-01,11.192,-0.000803
2023-06-02,11.239,0.004199
2023-06-05,11.228,-0.000979
2023-06-06,11.106,-0.010866
2023-06-07,11.105,-9e-05
2023-06-08,11.071,-0.003062
2023-06-09,11.102,0.0028
2023-06-12,11.083,-0.001711
2023-06-13,11.072,-0.000993
2023-06-14,11.094,0.001987
2023-06-15,11.192,0.008834
2023-06-16,11.245,0.004736
2023-06-19,11.263,0.001601
2023-06-20,11.296,0.00293
2023-06-21,11.189,-0.009472
2023-06-26,11.113,-0.006792
2023-06-27,11.135,0.00198
2023-06-28,11.137,0.00018
2023-06-29,11.177,0.003592
2023-06-30,11.261,0.007515
2023-07-03,11.322,0.005417
2023-07-04,11.367,0.003975
2023-07-05,11.324,-0.003783
2023-07-06,11.272,-0.004592
2023-07-07,11.233,-0.00346
2023-07-10,11.263,0.002671
2023-07-11,11.334,0.006304
2023-07-12,11.264,-0.006176
2023-07-13,11.29,0.002308
2023-07-14,11.263,-0.002391
2023-07-17,11.243,-0.001776
2023-07-18,11.224,-0.00169
2023-07-19,11.196,-0.002495
2023-07-20,11.13,-0.005895
2023-07-21,11.111,-0.001707
2023-07-24,11.13,0.00171
2023-07-25,11.166,0.003235
2023-07-26,11.141,-0.002239
2023-07-27,11.082,-0.005296
2023-07-28,11.126,0.00397
2023-07-31,11.076,-0.004494
2023-08-01,11.076,0.0
2023-08-02,11.052,-0.002167
2023-08-03,11.071,0.001719
2023-08-04,11.095,0.002168
2023-08-07,11.054,-0.003695
2023-08-08,11.044,-0.000905
2023-08-09,11.044,0.0
2023-08-10,11.043,-9.1e-05
2023-08-11,10.964,-0.007154
2023-08-14,10.961,-0.000274
2023-08-15,10.914,-0.004288
2023-08-16,10.865,-0.00449
2023-08-17,10.905,0.003682
2023-08-18,10.841,-0.005869
2023-08-21,10.768,-0.006734
2023-08-22,10.787,0.001764
2023-08-23,10.67,-0.010846
2023-08-24,10.701,0.002905
2023-08-25,10.627,-0.006915
2023-08-28,10.623,-0.000376
2023-08-29,10.763,0.013179
2023-08-30,10.775,0.001115
2023-08-31,10.744,-0.002877
2023-09-01,10.744,0.0
2023-09-04,10.776,0.002978
2023-09-05,10.748,-0.002598
2023-09-06,10.768,0.001861
2023-09-07,10.686,-0.007615
2023-09-08,10.729,0.004024
2023-09-11,10.776,0.004381
2023-09-12,10.767,-0.000835
2023-09-13,10.704,-0.005851
2023-09-14,10.68,-0.002242
2023-09-15,10.688,0.000749
2023-09-18,10.692,0.000374
2023-09-19,10.653,-0.003648
2023-09-20,10.613,-0.003755
2023-09-21,10.579,-0.003204
2023-09-22,10.63,0.004821
2023-09-25,10.623,-0.000659
2023-09-26,10.61,-0.001224
2023-09-27,10.649,0.003676
2023-09-28,10.664,0.001409
2023-10-09,10.67,0.000563
2023-10-10,10.634,-0.003374
2023-10-11,10.669,0.003291
2023-10-12,10.677,0.00075
2023-10-13,10.649,-0.002622
2023-10-16,10.583,-0.006198
2023-10-17,10.58,-0.000283
2023-10-18,10.496,-0.00794
2023-10-19,10.459,-0.003525
2023-10-20,10.398,-0.005832
2023-10-23,10.341,-0.005482
2023-10-24,10.385,0.004255
2023-10-25,10.43,0.004333
2023-10-26,10.464,0.00326
2023-10-27,10.567,0.009843
2023-10-30,10.661,0.008896
2023-10-31,10.652,-0.000844
2023-11-01,10.623,-0.002722
2023-11-02,10.558,-0.006119
2023-11-03,10.614,0.005304
2023-11-06,10.716,0.00961
2023-11-07,10.732,0.001493
2023-11-08,10.749,0.001584
2023-11-09,10.713,-0.003349
2023-11-10,10.704,-0.00084
2023-11-13,10.74,0.003363
2023-11-14,10.756,0.00149
2023-11-15,10.771,0.001395
2023-11-16,10.721,-0.004642
2023-11-17,10.783,0.005783
2023-11-20,10.85,0.006213
2023-11-21,10.816,-0.003134
2023-11-22,10.757,-0.005455
2023-11-23,10.807,0.004648
2023-11-24,10.755,-0.004812
2023-11-27,10.765,0.00093
2023-11-28,10.815,0.004645
2023-11-29,10.791,-0.002219
2023-11-30,10.796,0.000463
2023-12-01,10.815,0.00176
2023-12-04,10.804,-0.001017
2023-12-05,10.713,-0.008423
2023-12-06,10.733,0.001867
2023-12-07,10.701,-0.002981
2023-12-08,10.739,0.003551
2023-12-11,10.787,0.00447
2023-12-12,10.79,0.000278
2023-12-13,10.735,-0.005097
2023-12-14,10.732,-0.000279
2023-12-15,10.676,-0.005218
2023-12-18,10.643,-0.003091
2023-12-19,10.633,-0.00094
2023-12-20,10.563,-0.006583
2023-12-21,10.586,0.002177
2023-12-22,10.55,-0.003401
2023-12-25,10.554,0.000379
2023-12-26,10.5,-0.005117
2023-12-27,10.535,0.003333
2023-12-28,10.597,0.005885
2023-12-29,10.654,0.005379
2023-12-31,10.654,0.0
2024-01-02,10.61,-0.00413
2024-01-03,10.551,-0.005561
2024-01-04,10.513,-0.003602
2024-01-05,10.433,-0.00761
2024-01-08,10.347,-0.008243
2024-01-09,10.349,0.000193
2024-01-10,10.308,-0.003962
2024-01-11,10.339,0.003007
2024-01-12,10.298,-0.003966
2024-01-15,10.298,0.0
2024-01-16,10.284,-0.001359
2024-01-17,10.182,-0.009918
2024-01-18,10.231,0.004812
2024-01-19,10.204,-0.002639
2024-01-22,10.03,-0.017052
2024-01-23,10.062,0.00319
2024-01-24,10.089,0.002683
2024-01-25,10.199,0.010903
2024-01-26,10.126,-0.007158
2024-01-29,10.024,-0.010073
2024-01-30,9.94,-0.00838
2024-01-31,9.83,-0.011066
2024-02-01,9.817,-0.001322
2024-02-02,9.712,-0.010696
2024-02-05,9.638,-0.007619
2024-02-06,9.892,0.026354
2024-02-07,10.001,0.011019
2024-02-08,10.089,0.008799
2024-02-19,10.138,0.004857
2024-02-20,10.17,0.003156
2024-02-21,10.154,-0.001573
2024-02-22,10.201,0.004629
2024-02-23,10.233,0.003137
2024-02-26,10.255,0.00215
2024-02-27,10.347,0.008971
2024-02-28,10.237,-0.010631
2024-02-29,10.363,0.012308
2024-03-01,10.433,0.006755
2024-03-04,10.448,0.001438
2024-03-05,10.421,-0.002584
2024-03-06,10.397,-0.002303
2024-03-07,10.318,-0.007598
2024-03-08,10.375,0.005524
2024-03-11,10.442,0.006458
2024-03-12,10.445,0.000287
2024-03-13,10.459,0.00134
2024-03-14,10.457,-0.000191
2024-03-15,10.504,0.004495
2024-03-18,10.562,0.005522
2024-03-19,10.5,-0.00587
2024-03-20,10.509,0.000857
2024-03-21,10.484,-0.002379
2024-03-22,10.426,-0.005532
2024-03-25,10.366,-0.005755
2024-03-26,10.382,0.001544
2024-03-27,10.3,-0.007898
2024-03-28,10.35,0.004854
2024-03-29,10.408,0.005604
2024-04-01,10.489,0.007782
2024-04-02,10.463,-0.002479
2024-04-03,10.449,-0.001338
2024-04-08,10.408,-0.003924
2024-04-09,10.432,0.002306
2024-04-10,10.379,-0.005081
2024-04-11,10.369,-0.000963
2024-04-12,10.389,0.001929
2024-04-15,10.402,0.001251
2024-04-16,10.272,-0.012498
2024-04-17,10.355,0.00808
2024-04-18,10.325,-0.002897
2024-04-19,10.288,-0.003584
2024-04-22,10.286,-0.000194
2024-04-23,10.266,-0.001944
2024-04-24,10.316,0.00487
2024-04-25,10.326,0.000969
2024-04-26,10.442,0.011234
2024-04-29,10.484,0.004022
2024-04-30,10.504,0.001908
2024-05-06,10.602,0.00933
2024-05-07,10.595,-0.00066
2024-05-08,10.554,-0.00387
2024-05-09,10.597,0.004074
2024-05-10,10.594,-0.000283
2024-05-13,10.59,-0.000378
2024-05-14,10.599,0.00085
2024-05-15,10.535,-0.006038
2024-05-16,10.524,-0.001044
2024-05-17,10.551,0.002566
2024-05-20,10.622,0.006729
2024-05-21,10.593,-0.00273
2024-05-22,10.574,-0.001794
2024-05-23,10.516,-0.005485
2024-05-24,10.473,-0.004089
2024-05-27,10.516,0.004106
2024-05-28,10.468,-0.004564
2024-05-29,10.484,0.001528
2024-05-30,10.479,-0.000477
2024-05-31,10.48,9.5e-05
2024-06-03,10.481,9.5e-05
2024-06-04,10.539,0.005534
2024-06-05,10.504,-0.003321
2024-06-06,10.471,-0.003142
2024-06-07,10.441,-0.002865
2024-06-11,10.48,0.003735
2024-06-12,10.483,0.000286
2024-06-13,10.479,-0.000382
2024-06-14,10.496,0.001622
2024-06-17,10.524,0.002668
2024-06-18,10.522,-0.00019
2024-06-19,10.487,-0.003326
2024-06-20,10.444,-0.0041
2024-06-21,10.445,9.6e-05
2024-06-24,10.377,-0.00651
2024-06-25,10.355,-0.00212
2024-06-26,10.428,0.00705
2024-06-27,10.363,-0.006233
2024-06-28,10.408,0.004342
2024-06-30,10.406,-0.000192
2024-07-01,10.459,0.005093
2024-07-02,10.385,-0.007075
2024-07-03,10.351,-0.003274
2024-07-04,10.314,-0.003575
2024-07-05,10.373,0.00572
2024-07-08,10.314,-0.005688
2024-07-09,10.41,0.009308
2024-07-10,10.437,0.002594
2024-07-11,10.526,0.008527
2024-07-12,10.484,-0.00399
2024-07-15,10.441,-0.004101
2024-07-16,10.441,0.0
2024-07-17,10.361,-0.007662
2024-07-18,10.392,0.002992
2024-07-19,10.392,0.0
2024-07-22,10.397,0.000481
2024-07-23,10.243,-0.014812
2024-07-24,10.188,-0.00537
2024-07-25,10.14,-0.004711
2024-07-26,10.18,0.003945
2024-07-29,10.156,-0.002358
2024-07-30,10.103,-0.005219
2024-07-31,10.249,0.014451
2024-08-01,10.228,-0.002049
2024-08-02,10.148,-0.007822
2024-08-05,10.003,-0.014289
2024-08-06,10.051,0.004799
2024-08-07,10.051,0.0
2024-08-08,10.028,-0.002288
2024-08-09,10.018,-0.000997
2024-08-12,10.024,0.000599
2024-08-13,10.04,0.001596
2024-08-14,9.984,-0.005578
2024-08-15,9.977,-0.000701
2024-08-16,9.971,-0.000601
2024-08-19,9.971,0.0
2024-08-20,9.908,-0.006318
2024-08-21,9.901,-0.000706
2024-08-22,9.892,-0.000909
2024-08-23,9.89,-0.000202
2024-08-26,9.854,-0.00364
2024-08-27,9.813,-0.004161
2024-08-28,9.826,0.001325
2024-08-29,9.858,0.003257
2024-08-30,9.934,0.007709
2024-09-02,9.854,-0.008053
2024-09-03,9.878,0.002436
2024-09-04,9.839,-0.003948
2024-09-05,9.837,-0.000203
2024-09-06,9.755,-0.008336
2024-09-09,9.731,-0.00246
2024-09-10,9.75,0.001953
2024-09-11,9.759,0.000923
2024-09-12,9.737,-0.002254
2024-09-13,9.719,-0.001849
2024-09-18,9.704,-0.001543
2024-09-19,9.708,0.000412
2024-09-20,9.707,-0.000103
2024-09-23,9.692,-0.001545
2024-09-24,9.858,0.017128
2024-09-25,9.869,0.001116
2024-09-26,10.034,0.016719
2024-09-27,10.257,0.022224
2024-09-30,10.698,0.042995
2024-10-08,11.06,0.033838
2024-10-09,10.701,-0.032459
2024-10-10,10.657,-0.004112
2024-10-11,10.459,-0.018579
2024-10-14,10.605,0.013959
2024-10-15,10.503,-0.009618
2024-10-16,10.437,-0.006284
2024-10-17,10.422,-0.001437
2024-10-18,10.629,0.019862
2024-10-21,10.694,0.006115
2024-10-22,10.728,0.003179
2024-10-23,10.708,-0.001864
2024-10-24,10.646,-0.00579
2024-10-25,10.702,0.00526
2024-10-28,10.698,-0.000374
2024-10-29,10.631,-0.006263
2024-10-30,10.613,-0.001693
2024-10-31,10.635,0.002073
2024-11-01,10.568,-0.0063
2024-11-04,10.658,0.008516
2024-11-05,10.803,0.013605
2024-11-06,10.782,-0.001944
2024-11-07,10.854,0.006678
2024-11-08,10.871,0.001566
2024-11-11,10.979,0.009935
2024-11-12,10.902,-0.007013
2024-11-13,10.912,0.000917
2024-11-14,10.732,-0.016496
2024-11-15,10.625,-0.00997
2024-11-18,10.515,-0.010353
2024-11-19,10.609,0.00894
2024-11-20,10.654,0.004242
2024-11-21,10.635,-0.001783
2024-11-22,10.438,-0.018524
2024-11-25,10.413,-0.002395
2024-11-26,10.429,0.001537
2024-11-27,10.56,0.012561
2024-11-28,10.558,-0.000189
2024-11-29,10.607,0.004641
2024-12-02,10.666,0.005562
2024-12-03,10.621,-0.004219
2024-12-04,10.548,-0.006873
2024-12-05,10.585,0.003508
2024-12-06,10.661,0.00718
2024-12-09,10.638,-0.002157
2024-12-10,10.653,0.00141
2024-12-11,10.654,9.4e-05
2024-12-12,10.719,0.006101
2024-12-13,10.649,-0.00653
2024-12-16,10.602,-0.004414
2024-12-17,10.575,-0.002547
2024-12-18,10.607,0.003026
2024-12-19,10.694,0.008202
2024-12-20,10.697,0.000281
2024-12-23,10.635,-0.005796
2024-12-24,10.705,0.006582
2024-12-25,10.678,-0.002522
2024-12-26,10.765,0.008148
2024-12-27,10.728,-0.003437
2024-12-30,10.731,0.00028
2024-12-31,10.629,-0.009505
2025-01-02,10.475,-0.014489
2025-01-03,10.366,-0.010406
2025-01-06,10.385,0.001833
2025-01-07,10.472,0.008377
2025-01-08,10.432,-0.00382
2025-01-09,10.485,0.005081
2025-01-10,10.421,-0.006104
2025-01-13,10.413,-0.000768
2025-01-14,10.586,0.016614
2025-01-15,10.515,-0.006707
2025-01-16,10.488,-0.002568
2025-01-17,10.555,0.006388
2025-01-20,10.614,0.00559
2025-01-21,10.654,0.003769
2025-01-22,10.653,-9.4e-05
2025-01-23,10.61,-0.004036
2025-01-24,10.669,0.005561
2025-01-27,10.601,-0.006374
2025-02-05,10.601,0.0
2025-02-06,10.693,0.008678
2025-02-07,10.713,0.00187
2025-02-10,10.775,0.005787
2025-02-11,10.761,-0.001299
2025-02-12,10.839,0.007248
2025-02-13,10.763,-0.007012
2025-02-14,10.83,0.006225
2025-02-17,10.858,0.002585
2025-02-18,10.74,-0.010868
2025-02-19,10.82,0.007449
2025-02-20,10.857,0.00342
2025-02-21,10.983,0.011605
2025-02-24,10.956,-0.002458
2025-02-25,10.917,-0.00356
2025-02-26,10.976,0.005404
2025-02-27,10.937,-0.003553
2025-02-28,10.761,-0.016092
2025-03-03,10.753,-0.000743
2025-03-04,10.835,0.007626
2025-03-05,10.881,0.004246
2025-03-06,11.013,0.012131
2025-03-07,10.984,-0.002633
2025-03-10,10.995,0.001001
2025-03-11,11.005,0.00091
2025-03-12,11.015,0.000909
2025-03-13,10.949,-0.005992
2025-03-14,11.066,0.010686
2025-03-17,11.063,-0.000271
2025-03-18,11.064,9e-05
2025-03-19,11.008,-0.005061
2025-03-20,10.956,-0.004724
2025-03-21,10.843,-0.010314
2025-03-24,10.835,-0.000738
2025-03-25,10.778,-0.005261
2025-03-26,10.778,0.0
2025-03-27,10.8,0.002041
2025-03-28,10.773,-0.0025
2025-03-31,10.717,-0.005198
2025-04-01,10.749,0.002986
2025-04-02,10.773,0.002233
2025-04-03,10.684,-0.008261
2025-04-07,10.224,-0.043055
2025-04-08,10.248,0.002347
2025-04-09,10.311,0.006148
2025-04-10,10.397,0.008341
2025-04-11,10.464,0.006444
2025-04-14,10.509,0.0043
2025-04-15,10.487,-0.002093
2025-04-16,10.456,-0.002956
2025-04-17,10.442,-0.001339
2025-04-18,10.433,-0.000862
2025-04-21,10.511,0.007476
2025-04-22,10.503,-0.000761
2025-04-23,10.511,0.000762
2025-04-24,10.477,-0.003235
2025-04-25,10.501,0.002291
2025-04-28,10.467,-0.003238
2025-04-29,10.472,0.000478
2025-04-30,10.487,0.001432
2025-05-06,10.617,0.012396
2025-05-07,10.639,0.002072
2025-05-08,10.643,0.000376
2025-05-09,10.587,-0.005262
2025-05-12,10.657,0.006612
2025-05-13,10.637,-0.001877
2025-05-14,10.634,-0.000282
2025-05-15,10.556,-0.007335
2025-05-16,10.554,-0.000189
2025-05-19,10.552,-0.00019
2025-05-20,10.605,0.005023
2025-05-21,10.615,0.000943
2025-05-22,10.563,-0.004899
2025-05-23,10.528,-0.003313
2025-05-26,10.563,0.003324
2025-05-27,10.53,-0.003124
2025-05-28,10.518,-0.00114
2025-05-29,10.597,0.007511
2025-05-30,10.556,-0.003869
2025-06-03,10.591,0.003316
2025-06-04,10.643,0.00491
2025-06-05,10.678,0.003289
2025-06-06,10.678,0.0
2025-06-09,10.737,0.005525
2025-06-10,10.681,-0.005216
2025-06-11,10.748,0.006273
2025-06-12,10.764,0.001489
2025-06-13,10.729,-0.003252
2025-06-16,10.786,0.005313
2025-06-17,10.773,-0.001205
2025-06-18,10.815,0.003899
2025-06-19,10.752,-0.005825
2025-06-20,10.705,-0.004371
2025-06-23,10.719,0.001308
2025-06-24,10.788,0.006437
2025-06-25,10.859,0.006581
2025-06-26,10.832,-0.002486
2025-06-27,10.908,0.007016
2025-06-30,10.995,0.007976
2025-07-01,11.034,0.003547
2025-07-02,10.977,-0.005166
2025-07-03,11.048,0.006468
2025-07-04,11.011,-0.003349
2025-07-07,10.987,-0.00218
2025-07-08,11.095,0.00983
2025-07-09,11.101,0.000541
2025-07-10,11.09,-0.000991
2025-07-11,11.058,-0.002885
2025-07-14,11.119,0.005516
2025-07-15,11.224,0.009443
2025-07-16,11.196,-0.002495
2025-07-17,11.291,0.008485
2025-07-18,11.228,-0.00558
2025-07-21,11.276,0.004275
2025-07-22,11.269,-0.000621
2025-07-23,11.255,-0.001242
2025-07-24,11.311,0.004976
2025-07-25,11.324,0.001149
2025-07-28,11.37,0.004062
2025-07-29,11.466,0.008443
2025-07-30,11.458,-0.000698
2025-07-31,11.474,0.001396
2025-08-01,11.42,-0.004706
2025-08-04,11.454,0.002977
2025-08-05,11.521,0.005849
2025-08-06,11.523,0.000174
2025-08-07,11.556,0.002864
2025-08-08,11.528,-0.002423
2025-08-11,11.606,0.006766
2025-08-12,11.688,0.007065
2025-08-13,11.838,0.012834
2025-08-14,11.705,-0.011235
2025-08-15,11.823,0.010081
2025-08-18,11.97,0.012433
2025-08-19,11.999,0.002423
2025-08-20,12.009,0.000833
2025-08-21,11.996,-0.001083
2025-08-22,12.163,0.013921
2025-08-25,12.383,0.018088
2025-08-26,12.402,0.001534
2025-08-27,12.33,-0.005806
2025-08-28,12.521,0.015491
2025-08-29,12.697,0.014056
2025-09-01,12.867,0.013389
2025-09-02,12.592,-0.021373
2025-09-03,12.638,0.003653
2025-09-04,12.336,-0.023896
2025-09-05,12.712,0.03048
2025-09-08,12.749,0.002911
2025-09-09,12.709,-0.003138
2025-09-10,12.813,0.008183
2025-09-11,13.232,0.032701
2025-09-12,13.35,0.008918
2025-09-15,13.32,-0.002247
2025-09-16,13.372,0.003904
2025-09-17,13.51,0.01032
2025-09-18,13.518,0.000592
2025-09-19,13.536,0.001332
2025-09-22,13.709,0.012781
2025-09-23,13.652,-0.004158
2025-09-24,13.709,0.004175
2025-09-25,13.789,0.005836
2025-09-26,13.695,-0.006817
2025-09-29,13.882,0.013655
2025-09-30,13.911,0.002089
2025-10-09,14.112,0.014449
2025-10-10,13.935,-0.012543
2025-10-13,13.887,-0.003445
2025-10-14,13.528,-0.025852
2025-10-15,13.671,0.010571
2025-10-16,13.713,0.003072
2025-10-17,13.375,-0.024648
2025-10-20,13.43,0.004112
2025-10-21,13.69,0.01936
2025-10-22,13.667,-0.00168
2025-10-23,13.622,-0.003293
2025-10-24,13.935,0.022978
2025-10-27,14.112,0.012702
2025-10-28,14.038,-0.005244
2025-10-29,14.226,0.013392
2025-10-30,14.134,-0.006467
2025-10-31,13.977,-0.011108
2025-11-03,14.084,0.007655
2025-11-04,13.959,-0.008875
2025-11-05,14.042,0.005946
2025-11-06,14.258,0.015382
2025-11-07,14.23,-0.001964
2025-11-10,14.289,0.004146
2025-11-11,14.162,-0.008888
2025-11-12,14.147,-0.001059
2025-11-13,14.205,0.0041
2025-11-14,13.987,-0.015347
2025-11-17,13.987,0.0
2025-11-18,13.93,-0.004075
2025-11-19,13.923,-0.000503
2025-11-20,13.824,-0.007111
2025-11-21,13.493,-0.023944
2025-11-24,13.501,0.000593
2025-11-25,13.652,0.011184
2025-11-26,13.828,0.012892
2025-11-27,13.825,-0.000217
2025-11-28,13.884,0.004268
2025-12-01,13.977,0.006698
2025-12-02,13.922,-0.003935
2025-12-03,13.868,-0.003879
2025-12-04,13.848,-0.001442
2025-12-05,13.92,0.005199
2025-12-08,14.097,0.012716
2025-12-09,14.148,0.003618
2025-12-10,14.187,0.002757
2025-12-11,14.049,-0.009727
2025-12-12,14.178,0.009182
2025-12-15,14.067,-0.007829
2025-12-16,13.959,-0.007678
2025-12-17,14.195,0.016907
2025-12-18,14.103,-0.006481
2025-12-19,14.162,0.004184
2025-12-22,14.316,0.010874
2025-12-23,14.313,-0.00021
2025-12-24,14.432,0.008314
2025-12-25,14.521,0.006167
2025-12-26,14.521,0.0
2025-12-29,14.491,-0.002066
2025-12-30,14.52,0.002001
2025-12-31,14.458,-0.00427
2026-01-05,14.662,0.01411
2026-01-06,14.743,0.005524
2026-01-07,14.725,-0.001221
2026-01-08,14.709,-0.001087
2026-01-09,14.79,0.005507
2026-01-12,14.902,0.007573
2026-01-13,14.758,-0.009663
2026-01-14,14.78,0.001491
2026-01-15,14.889,0.007375
2026-01-16,14.918,0.001948
2026-01-19,14.928,0.00067
2026-01-20,14.829,-0.006632
2026-01-21,14.904,0.005058
2026-01-22,14.942,0.00255
2026-01-23,15.045,0.006893
2026-01-26,15.078,0.002193
2026-01-27,15.194,0.007693
2026-01-28,15.183,-0.000724
2026-01-29,15.069,-0.007508
2026-01-30,15.058,-0.00073
2026-02-02,14.849,-0.01388
2026-02-03,15.065,0.014546
2026-02-04,14.986,-0.005244
2026-02-05,14.772,-0.01428
2026-02-06,14.821,0.003317
2026-02-09,14.991,0.01147
2026-02-10,14.983,-0.000534
2026-02-11,14.962,-0.001402
2026-02-12,15.013,0.003409
2026-02-13,14.907,-0.007061
2026-02-24,15.009,0.006842
2026-02-25,15.1,0.006063
2026-02-26,15.217,0.007748
2026-02-27,15.352,0.008872
2026-03-02,15.262,-0.005862
2026-03-03,14.852,-0.026864
2026-03-04,14.806,-0.003097
2026-03-05,14.92,0.0077
2026-03-06,14.954,0.002279
2026-03-09,14.865,-0.005952
2026-03-10,15.062,0.013253
2026-03-11,15.103,0.002722
2026-03-12,15.123,0.001324
2026-03-13,15.034,-0.005885
2026-03-16,14.904,-0.008647
2026-03-17,14.643,-0.017512
2026-03-18,14.722,0.005395
2026-03-19,14.533,-0.012838
2026-03-20,14.454,-0.005436
2026-03-23,14.198,-0.017711
2026-03-24,14.312,0.008029
2026-03-25,14.434,0.008524
2026-03-26,14.313,-0.008383
2026-03-27,14.368,0.003843
2026-03-30,14.361,-0.000487
2026-03-31,14.235,-0.008774
2026-04-01,14.436,0.01412
2026-04-02,14.305,-0.009075
2026-04-03,14.273,-0.002237
2026-04-07,14.286,0.000911
2026-04-08,14.596,0.0217
2026-04-09,14.613,0.001165
2026-04-10,14.703,0.006159
2026-04-13,14.705,0.000136
2026-04-14,14.813,0.007344
2026-04-15,14.765,-0.00324
2026-04-16,14.902,0.009279
2026-04-17,14.991,0.005972
2026-04-20,15.05,0.003936
2026-04-21,15.076,0.001728
2026-04-22,15.263,0.012404
2026-04-23,15.217,-0.003014
2026-04-24,15.258,0.002694
2026-04-27,15.314,0.00367
2026-04-28,15.312,-0.000131
2026-04-29,15.444,0.008621
2026-04-30,15.657,0.013792
2026-05-06,15.931,0.0175
2026-05-07,16.152,0.013872
2026-05-08,16.021,-0.00811
2026-05-11,16.259,0.014856
2026-05-12,16.273,0.000861
2026-05-13,16.458,0.011369
2026-05-14,16.22,-0.014461
2026-05-15,16.047,-0.010666
2026-05-18,16.052,0.000312
2026-05-19,16.231,0.011151
2026-05-20,16.344,0.006962
2026-05-21,15.96,-0.023495
2026-05-22,16.275,0.019737
2026-05-25,16.622,0.021321
2026-05-26,16.592,-0.001805
2026-05-27,16.395,-0.011873
2026-05-28,16.626,0.01409
2026-05-29,16.325,-0.018104
2026-06-01,16.003,-0.019724
2026-06-02,16.462,0.028682
2026-06-03,16.739,0.016827
2026-06-04,16.786,0.002808
2026-06-05,16.491,-0.017574
2026-06-08,16.106,-0.023346
2026-06-09,16.529,0.026264
2026-06-10,16.266,-0.015911
2026-06-11,16.173,-0.005717
2026-06-12,16.19,0.001051
2026-06-15,16.771,0.035886
2026-06-16,16.924,0.009123
2026-06-17,17.287,0.021449
2026-06-18,17.813,0.030427
2026-06-22,17.823,0.000561
2026-06-23,17.425,-0.022331
2026-06-24,17.561,0.007805
2026-06-25,17.912,0.019987
2026-06-26,17.435,-0.02663
2026-06-29,17.356,-0.004531
2026-06-30,17.764,0.023508
2026-07-01,17.483,-0.015819
2026-07-02,16.809,-0.038552
2026-07-03,16.929,0.007139
2026-07-06,16.889,-0.002363
2026-07-07,16.87,-0.001125
2026-07-08,16.948,0.004624
2026-07-09,17.432,0.028558
2026-07-10,17.16,-0.015603
2026-07-13,16.848,-0.018182
2026-07-14,17.093,0.014542
2026-07-15,17.058,-0.002048
2026-07-16,16.9,-0.009263
2026-07-17,16.417,-0.02858
2026-07-20,16.356,-0.003716
2026-07-21,16.805,0.027452
2026-07-22,16.613,-0.011425
2026-07-23,16.547,-0.003973
2026-07-24,16.404,-0.008642
2026-07-27,16.606,0.012314
2026-07-28,16.145,-0.027761
2026-07-29,16.231,0.005327
2026-07-30,15.875,-0.021933
2026-07-31,16.222,0.021858
2026-08-03,16.031,-0.011774
2026-08-04,16.526,0.030878
2026-08-05,16.681,0.009379
2026-08-06,16.773,0.005515
2026-08-07,16.807,0.002027
2026-08-10,16.716,-0.005414
2026-08-11,16.684,-0.001914
2026-08-12,16.841,0.00941
2026-08-13,16.798,-0.002553
2026-08-14,16.899,0.006013
2026-08-17,17.2,0.017812
2026-08-18,17.148,-0.003023
2026-08-19,16.458,-0.040238
2026-08-20,16.622,0.009965
2026-08-21,16.798,0.010588
2026-08-24,16.49,-0.018336
2026-08-25,16.436,-0.003275
2026-08-26,16.433,-0.000183
2026-08-27,16.771,0.020568
2026-08-28,16.716,-0.003279
2026-08-31,16.992,0.016511
2026-09-01,16.806,-0.010946
2026-09-02,16.675,-0.007795
2026-09-03,16.708,0.001979
2026-09-04,16.444,-0.015801
2026-09-07,16.828,0.023352
2026-09-08,16.708,-0.007131
2026-09-09,16.628,-0.004788
2026-09-10,16.537,-0.005473
2026-09-11,16.42,-0.007075
2026-09-14,16.283,-0.008343
2026-09-15,16.267,-0.000983
2026-09-16,16.542,0.016905
2026-09-17,16.448,-0.005683
2026-09-18,16.755,0.018665
2026-09-21,16.84,0.005073
2026-09-22,16.834,-0.000356
2026-09-23,16.777,-0.003386
2026-09-24,16.549,-0.01359
2026-09-28,16.052,-0.030032
2026-09-29,16.062,0.000623
2026-09-30,15.956,-0.006599
