净值日期,累计净值,daily_return
2007-04-02,1.0,
2007-04-06,1.0017,0.0017
2007-04-09,1.0017,0.0
2007-04-13,1.0156,0.013876
2007-04-18,1.0156,0.0
2007-04-20,1.0381,0.022154
2007-04-27,1.0698,0.030537
2007-04-30,1.0737,0.003646
2007-05-10,1.112,0.035671
2007-05-11,1.108,-0.003597
2007-05-14,1.1131,0.004603
2007-05-15,1.1013,-0.010601
2007-05-16,1.1144,0.011895
2007-05-17,1.1276,0.011845
2007-05-18,1.131,0.003015
2007-05-21,1.1455,0.012821
2007-05-22,1.1519,0.005587
2007-05-23,1.1636,0.010157
2007-05-24,1.1523,-0.009711
2007-05-25,1.1625,0.008852
2007-05-28,1.1854,0.019699
2007-05-29,1.2117,0.022187
2007-05-30,1.1379,-0.060906
2007-05-31,1.1665,0.025134
2007-06-01,1.1351,-0.026918
2007-06-04,1.0642,-0.062461
2007-06-05,1.0996,0.033264
2007-06-06,1.1197,0.018279
2007-06-07,1.1505,0.027507
2007-06-08,1.1586,0.00704
2007-06-11,1.192,0.028828
2007-06-12,1.2265,0.028943
2007-06-13,1.2429,0.013371
2007-06-14,1.2303,-0.010138
2007-06-15,1.2348,0.003658
2007-06-18,1.264,0.023648
2007-06-19,1.2694,0.004272
2007-06-20,1.2443,-0.019773
2007-06-21,1.2525,0.00659
2007-06-22,1.222,-0.024351
2007-06-25,1.1868,-0.028805
2007-06-26,1.2013,0.012218
2007-06-27,1.2333,0.026638
2007-06-28,1.1898,-0.035271
2007-06-29,1.1673,-0.018911
2007-06-30,1.1673,0.0
2007-07-02,1.1653,-0.001713
2007-07-03,1.1848,0.016734
2007-07-04,1.1642,-0.017387
2007-07-05,1.1094,-0.047071
2007-07-06,1.1515,0.037948
2007-07-09,1.1854,0.02944
2007-07-10,1.1684,-0.014341
2007-07-11,1.173,0.003937
2007-07-12,1.1768,0.00324
2007-07-13,1.1761,-0.000595
2007-07-16,1.1489,-0.023127
2007-07-17,1.1713,0.019497
2007-07-18,1.1729,0.001366
2007-07-19,1.171,-0.00162
2007-07-20,1.2104,0.033646
2007-07-23,1.2619,0.042548
2007-07-24,1.2638,0.001506
2007-07-25,1.2914,0.021839
2007-07-26,1.2989,0.005808
2007-07-27,1.31,0.008546
2007-07-30,1.3495,0.030153
2007-07-31,1.3616,0.008966
2007-08-01,1.3161,-0.033417
2007-08-02,1.3642,0.036547
2007-08-03,1.4041,0.029248
2007-08-06,1.4362,0.022862
2007-08-07,1.4432,0.004874
2007-08-08,1.4217,-0.014897
2007-08-09,1.4489,0.019132
2007-08-10,1.4295,-0.013389
2007-08-13,1.4165,-0.009094
2007-08-14,1.4353,0.013272
2007-08-15,1.4406,0.003693
2007-08-16,1.4201,-0.01423
2007-08-17,1.3929,-0.019154
2007-08-20,1.4664,0.052768
2007-08-21,1.4879,0.014662
2007-08-22,1.5064,0.012434
2007-08-23,1.5284,0.014604
2007-08-24,1.5573,0.018909
2007-08-27,1.5615,0.002697
2007-08-28,1.5627,0.000768
2007-08-29,1.5372,-0.016318
2007-08-30,1.556,0.01223
2007-08-31,1.5859,0.019216
2007-09-03,1.6399,0.03405
2007-09-04,1.6218,-0.011037
2007-09-05,1.632,0.006289
2007-09-06,1.6448,0.007843
2007-09-07,1.6143,-0.018543
2007-09-10,1.6347,0.012637
2007-09-11,1.5683,-0.040619
2007-09-12,1.5923,0.015303
2007-09-13,1.642,0.031213
2007-09-14,1.6643,0.013581
2007-09-17,1.6921,0.016704
2007-09-18,1.6777,-0.00851
2007-09-19,1.6657,-0.007153
2007-09-20,1.6855,0.011887
2007-09-21,1.6769,-0.005102
2007-09-24,1.6868,0.005904
2007-09-25,1.6595,-0.016184
2007-09-26,1.6392,-0.012233
2007-09-27,1.6673,0.017143
2007-09-28,1.7095,0.02531
2007-09-30,1.7093,-0.000117
2007-10-08,1.7214,0.007079
2007-10-09,1.7168,-0.002672
2007-10-10,1.7263,0.005534
2007-10-11,1.7375,0.006488
2007-10-12,1.7351,-0.001381
2007-10-15,1.7533,0.010489
2007-10-16,1.7777,0.013917
2007-10-17,1.7556,-0.012432
2007-10-18,1.6984,-0.032581
2007-10-19,1.698,-0.000236
2007-10-22,1.6558,-0.024853
2007-10-23,1.6678,0.007247
2007-10-24,1.6726,0.002878
2007-10-25,1.6038,-0.041134
2007-10-26,1.6202,0.010226
2007-10-29,1.6571,0.022775
2007-10-30,1.678,0.012612
2007-10-31,1.6969,0.011263
2007-11-01,1.6699,-0.015911
2007-11-02,1.6093,-0.03629
2007-11-05,1.5911,-0.011309
2007-11-06,1.5886,-0.001571
2007-11-07,1.6015,0.00812
2007-11-08,1.5456,-0.034905
2007-11-09,1.5255,-0.013005
2007-11-12,1.4989,-0.017437
2007-11-13,1.4771,-0.014544
2007-11-14,1.5321,0.037235
2007-11-15,1.5119,-0.013185
2007-11-16,1.4931,-0.012435
2007-11-19,1.5,0.004621
2007-11-20,1.5255,0.017
2007-11-21,1.518,-0.004916
2007-11-22,1.4697,-0.031818
2007-11-23,1.4912,0.014629
2007-11-26,1.4829,-0.005566
2007-11-27,1.4675,-0.010385
2007-11-28,1.4578,-0.00661
2007-11-29,1.4957,0.025998
2007-11-30,1.47,-0.017183
2007-12-03,1.4727,0.001837
2007-12-04,1.4864,0.009303
2007-12-05,1.5255,0.026305
2007-12-06,1.5336,0.00531
2007-12-07,1.5529,0.012585
2007-12-10,1.5865,0.021637
2007-12-11,1.5912,0.002962
2007-12-12,1.5837,-0.004713
2007-12-13,1.5269,-0.035865
2007-12-14,1.5546,0.018141
2007-12-17,1.5295,-0.016146
2007-12-18,1.5304,0.000588
2007-12-19,1.5599,0.019276
2007-12-20,1.5827,0.014616
2007-12-21,1.5996,0.010678
2007-12-24,1.6219,0.013941
2007-12-25,1.6332,0.006967
2007-12-26,1.6503,0.01047
2007-12-27,1.6737,0.014179
2007-12-28,1.6688,-0.002928
2007-12-29,1.6687,-6e-05
2007-12-31,1.6686,-6e-05
2008-01-02,1.6802,0.006952
2008-01-03,1.6927,0.00744
2008-01-04,1.7018,0.005376
2008-01-07,1.7358,0.019979
2008-01-08,1.729,-0.003918
2008-01-09,1.7632,0.01978
2008-01-10,1.7909,0.01571
2008-01-11,1.7945,0.00201
2008-01-14,1.7997,0.002898
2008-01-15,1.796,-0.002056
2008-01-16,1.7498,-0.025724
2008-01-17,1.7156,-0.019545
2008-01-18,1.7312,0.009093
2008-01-21,1.6718,-0.034311
2008-01-22,1.5745,-0.058201
2008-01-23,1.6511,0.04865
2008-01-24,1.6829,0.01926
2008-01-25,1.6839,0.000594
2008-01-28,1.6061,-0.046202
2008-01-29,1.6072,0.000685
2008-01-30,1.5843,-0.014248
2008-01-31,1.5532,-0.01963
2008-02-01,1.5461,-0.004571
2008-02-04,1.6505,0.067525
2008-02-05,1.6324,-0.010966
2008-02-13,1.6057,-0.016356
2008-02-14,1.626,0.012642
2008-02-15,1.6154,-0.006519
2008-02-18,1.6459,0.018881
2008-02-19,1.6756,0.018045
2008-02-20,1.6493,-0.015696
2008-02-21,1.6566,0.004426
2008-02-22,1.6062,-0.030424
2008-02-25,1.5523,-0.033557
2008-02-26,1.5288,-0.015139
2008-02-27,1.5591,0.019819
2008-02-28,1.566,0.004426
2008-02-29,1.5749,0.005683
2008-03-03,1.6071,0.020446
2008-03-04,1.575,-0.019974
2008-03-05,1.554,-0.013333
2008-03-06,1.5627,0.005598
2008-03-07,1.5451,-0.011263
2008-03-10,1.4917,-0.034561
2008-03-11,1.4922,0.000335
2008-03-12,1.4633,-0.019367
2008-03-13,1.4411,-0.015171
2008-03-14,1.4276,-0.009368
2008-03-17,1.366,-0.043149
2008-03-18,1.3099,-0.041069
2008-03-19,1.3458,0.027407
2008-03-20,1.3771,0.023258
2008-03-21,1.3889,0.008569
2008-03-24,1.3418,-0.033912
2008-03-25,1.3576,0.011775
2008-03-26,1.3681,0.007734
2008-03-27,1.3337,-0.025144
2008-03-28,1.3729,0.029392
2008-03-31,1.3392,-0.024547
2008-04-01,1.2813,-0.043235
2008-04-02,1.2599,-0.016702
2008-04-03,1.2886,0.02278
2008-04-07,1.3448,0.043613
2008-04-08,1.3595,0.010931
2008-04-09,1.3208,-0.028466
2008-04-10,1.3422,0.016202
2008-04-11,1.3481,0.004396
2008-04-14,1.2857,-0.046287
2008-04-15,1.2937,0.006222
2008-04-16,1.2789,-0.01144
2008-04-17,1.2497,-0.022832
2008-04-18,1.221,-0.022966
2008-04-21,1.2133,-0.006306
2008-04-22,1.216,0.002225
2008-04-23,1.26,0.036184
2008-04-24,1.3441,0.066746
2008-04-25,1.3418,-0.001711
2008-04-28,1.3222,-0.014607
2008-04-29,1.3375,0.011572
2008-04-30,1.3779,0.030206
2008-05-05,1.4047,0.01945
2008-05-06,1.3993,-0.003844
2008-05-07,1.3615,-0.027014
2008-05-08,1.4021,0.02982
2008-05-09,1.4004,-0.001212
2008-05-12,1.4038,0.002428
2008-05-13,1.4104,0.004702
2008-05-14,1.4354,0.017725
2008-05-15,1.4259,-0.006618
2008-05-16,1.4148,-0.007785
2008-05-19,1.4181,0.002332
2008-05-20,1.3652,-0.037303
2008-05-21,1.3873,0.016188
2008-05-22,1.3751,-0.008794
2008-05-23,1.3625,-0.009163
2008-05-26,1.3279,-0.025394
2008-05-27,1.3281,0.000151
2008-05-28,1.3492,0.015887
2008-05-29,1.3291,-0.014898
2008-05-30,1.3252,-0.002934
2008-06-02,1.3276,0.001811
2008-06-03,1.3309,0.002486
2008-06-04,1.311,-0.014952
2008-06-05,1.2885,-0.017162
2008-06-06,1.2867,-0.001397
2008-06-10,1.2248,-0.048108
2008-06-11,1.2141,-0.008736
2008-06-12,1.2037,-0.008566
2008-06-13,1.1812,-0.018692
2008-06-16,1.169,-0.010328
2008-06-17,1.1433,-0.021985
2008-06-18,1.1856,0.036998
2008-06-19,1.1334,-0.044028
2008-06-20,1.1479,0.012793
2008-06-23,1.1258,-0.019253
2008-06-24,1.1416,0.014034
2008-06-25,1.1746,0.028907
2008-06-26,1.1811,0.005534
2008-06-27,1.1437,-0.031665
2008-06-30,1.1366,-0.006208
2008-07-01,1.115,-0.019004
2008-07-02,1.1177,0.002422
2008-07-03,1.134,0.014584
2008-07-04,1.1174,-0.014638
2008-07-07,1.1528,0.031681
2008-07-08,1.1639,0.009629
2008-07-09,1.1895,0.021995
2008-07-10,1.1819,-0.006389
2008-07-11,1.1755,-0.005415
2008-07-14,1.1809,0.004594
2008-07-15,1.1491,-0.026929
2008-07-16,1.1221,-0.023497
2008-07-17,1.114,-0.007219
2008-07-18,1.1295,0.013914
2008-07-21,1.1569,0.024259
2008-07-22,1.1559,-0.000864
2008-07-23,1.1419,-0.012112
2008-07-24,1.1617,0.01734
2008-07-25,1.1501,-0.009985
2008-07-28,1.1572,0.006173
2008-07-29,1.1482,-0.007777
2008-07-30,1.1401,-0.007055
2008-07-31,1.1158,-0.021314
2008-08-01,1.1139,-0.001703
2008-08-04,1.095,-0.016967
2008-08-05,1.0662,-0.026301
2008-08-06,1.0644,-0.001688
2008-08-07,1.0613,-0.002912
2008-08-08,1.0333,-0.026383
2008-08-11,1.0036,-0.028743
2008-08-12,1.0105,0.006875
2008-08-13,1.0148,0.004255
2008-08-14,1.0163,0.001478
2008-08-15,1.0151,-0.001181
2008-08-18,0.9782,-0.036351
2008-08-19,0.9847,0.006645
2008-08-20,1.0331,0.049152
2008-08-21,1.0033,-0.028845
2008-08-22,0.9888,-0.014452
2008-08-25,0.9845,-0.004349
2008-08-26,0.9612,-0.023667
2008-08-27,0.9521,-0.009467
2008-08-28,0.9524,0.000315
2008-08-29,0.967,0.01533
2008-09-01,0.9453,-0.022441
2008-09-02,0.9355,-0.010367
2008-09-03,0.9173,-0.019455
2008-09-04,0.9173,0.0
2008-09-05,0.9013,-0.017442
2008-09-08,0.8879,-0.014867
2008-09-09,0.8904,0.002816
2008-09-10,0.8875,-0.003257
2008-09-11,0.8693,-0.020507
2008-09-12,0.8698,0.000575
2008-09-16,0.8461,-0.027248
2008-09-17,0.8322,-0.016428
2008-09-18,0.8243,-0.009493
2008-09-19,0.8717,0.057503
2008-09-22,0.8996,0.032006
2008-09-23,0.8727,-0.029902
2008-09-24,0.8734,0.000802
2008-09-25,0.897,0.027021
2008-09-26,0.9063,0.010368
2008-09-30,0.9062,-0.00011
2008-10-06,0.8687,-0.041382
2008-10-07,0.8615,-0.008288
2008-10-08,0.846,-0.017992
2008-10-09,0.8342,-0.013948
2008-10-10,0.8065,-0.033205
2008-10-13,0.8188,0.015251
2008-10-14,0.8085,-0.012579
2008-10-15,0.8029,-0.006926
2008-10-16,0.7789,-0.029892
2008-10-17,0.7828,0.005007
2008-10-20,0.7993,0.021078
2008-10-21,0.7985,-0.001001
2008-10-22,0.7881,-0.013024
2008-10-23,0.7895,0.001776
2008-10-24,0.7758,-0.017353
2008-10-27,0.7439,-0.041119
2008-10-28,0.7539,0.013443
2008-10-29,0.7432,-0.014193
2008-10-30,0.7508,0.010226
2008-10-31,0.744,-0.009057
2008-11-03,0.7415,-0.00336
2008-11-04,0.7321,-0.012677
2008-11-05,0.7478,0.021445
2008-11-06,0.7351,-0.016983
2008-11-07,0.7404,0.00721
2008-11-10,0.7732,0.0443
2008-11-11,0.7726,-0.000776
2008-11-12,0.7778,0.006731
2008-11-13,0.8005,0.029185
2008-11-14,0.8229,0.027983
2008-11-17,0.8353,0.015069
2008-11-18,0.7901,-0.054112
2008-11-19,0.8258,0.045184
2008-11-20,0.8208,-0.006055
2008-11-21,0.818,-0.003411
2008-11-24,0.7923,-0.031418
2008-11-25,0.7894,-0.00366
2008-11-26,0.7921,0.00342
2008-11-27,0.8025,0.01313
2008-11-28,0.7913,-0.013956
2008-12-01,0.8041,0.016176
2008-12-02,0.8097,0.006964
2008-12-03,0.8414,0.03915
2008-12-04,0.8492,0.00927
2008-12-05,0.865,0.018606
2008-12-08,0.8943,0.033873
2008-12-09,0.8781,-0.018115
2008-12-10,0.8946,0.018791
2008-12-11,0.8784,-0.018109
2008-12-12,0.8454,-0.037568
2008-12-15,0.8485,0.003667
2008-12-16,0.8631,0.017207
2008-12-17,0.8658,0.003128
2008-12-18,0.8848,0.021945
2008-12-19,0.891,0.007007
2008-12-22,0.8789,-0.01358
2008-12-23,0.8404,-0.043805
2008-12-24,0.8288,-0.013803
2008-12-25,0.8221,-0.008084
2008-12-26,0.8185,-0.004379
2008-12-29,0.8142,-0.005254
2008-12-30,0.8111,-0.003807
2008-12-31,0.8061,-0.006164
2009-01-05,0.8294,0.028905
2009-01-06,0.8524,0.027731
2009-01-07,0.8494,-0.003519
2009-01-08,0.8378,-0.013657
2009-01-09,0.8523,0.017307
2009-01-12,0.853,0.000821
2009-01-13,0.8338,-0.022509
2009-01-14,0.8681,0.041137
2009-01-15,0.8678,-0.000346
2009-01-16,0.8787,0.01256
2009-01-19,0.8841,0.006145
2009-01-20,0.8911,0.007918
2009-01-21,0.8919,0.000898
2009-01-22,0.9065,0.01637
2009-01-23,0.9008,-0.006288
2009-02-02,0.9093,0.009436
2009-02-03,0.9273,0.019795
2009-02-04,0.9444,0.018441
2009-02-05,0.9367,-0.008153
2009-02-06,0.9692,0.034696
2009-02-09,0.9957,0.027342
2009-02-10,1.0088,0.013157
2009-02-11,1.0063,-0.002478
2009-02-12,0.9987,-0.007552
2009-02-13,1.0298,0.03114
2009-02-16,1.0524,0.021946
2009-02-17,1.0208,-0.030027
2009-02-18,0.9794,-0.040556
2009-02-19,0.9917,0.012559
2009-02-20,1.0113,0.019764
2009-02-23,1.0375,0.025907
2009-02-24,0.9979,-0.038169
2009-02-25,0.9901,-0.007816
2009-02-26,0.9416,-0.048985
2009-02-27,0.9219,-0.020922
2009-03-02,0.9346,0.013776
2009-03-03,0.9275,-0.007597
2009-03-04,0.9766,0.052938
2009-03-05,0.9814,0.004915
2009-03-06,0.9807,-0.000713
2009-03-09,0.9594,-0.021719
2009-03-10,0.9696,0.010632
2009-03-11,0.9616,-0.008251
2009-03-12,0.9603,-0.001352
2009-03-13,0.9573,-0.003124
2009-03-16,0.9668,0.009924
2009-03-17,0.9951,0.029272
2009-03-18,1.0032,0.00814
2009-03-19,1.0203,0.017045
2009-03-20,1.0225,0.002156
2009-03-23,1.0436,0.020636
2009-03-24,1.0465,0.002779
2009-03-25,1.0311,-0.014716
2009-03-26,1.0491,0.017457
2009-03-27,1.0496,0.000477
2009-03-30,1.0411,-0.008098
2009-03-31,1.0493,0.007876
2009-04-01,1.0689,0.018679
2009-04-02,1.0814,0.011694
2009-04-03,1.0767,-0.004346
2009-04-07,1.0799,0.002972
2009-04-08,1.0507,-0.02704
2009-04-09,1.0641,0.012753
2009-04-10,1.0974,0.031294
2009-04-13,1.124,0.024239
2009-04-14,1.1323,0.007384
2009-04-15,1.1405,0.007242
2009-04-16,1.1382,-0.002017
2009-04-17,1.1233,-0.013091
2009-04-20,1.1446,0.018962
2009-04-21,1.1286,-0.013979
2009-04-22,1.0834,-0.04005
2009-04-23,1.0983,0.013753
2009-04-24,1.0911,-0.006556
2009-04-27,1.0705,-0.01888
2009-04-28,1.076,0.005138
2009-04-29,1.1017,0.023885
2009-04-30,1.1163,0.013252
2009-05-04,1.1554,0.035026
2009-05-05,1.158,0.00225
2009-05-06,1.1734,0.013299
2009-05-07,1.1721,-0.001108
2009-05-08,1.1753,0.00273
2009-05-11,1.1412,-0.029014
2009-05-12,1.1684,0.023835
2009-05-13,1.1819,0.011554
2009-05-14,1.1813,-0.000508
2009-05-15,1.1872,0.004994
2009-05-18,1.1985,0.009518
2009-05-19,1.2098,0.009428
2009-05-20,1.2064,-0.00281
2009-05-21,1.1795,-0.022298
2009-05-22,1.1701,-0.007969
2009-05-25,1.1743,0.003589
2009-05-26,1.1563,-0.015328
2009-05-27,1.1673,0.009513
2009-06-01,1.2045,0.031868
2009-06-02,1.2068,0.00191
2009-06-03,1.2271,0.016821
2009-06-04,1.2276,0.000407
2009-06-05,1.2246,-0.002444
2009-06-08,1.2214,-0.002613
2009-06-09,1.2246,0.00262
2009-06-10,1.2339,0.007594
2009-06-11,1.2223,-0.009401
2009-06-12,1.2035,-0.015381
2009-06-15,1.2198,0.013544
2009-06-16,1.2165,-0.002705
2009-06-17,1.2383,0.01792
2009-06-18,1.258,0.015909
2009-06-19,1.2578,-0.000159
2009-06-22,1.2514,-0.005088
2009-06-23,1.2498,-0.001279
2009-06-24,1.2741,0.019443
2009-06-25,1.2743,0.000157
2009-06-26,1.2815,0.00565
2009-06-29,1.3048,0.018182
2009-06-30,1.2993,-0.004215
2009-07-01,1.3212,0.016855
2009-07-02,1.3377,0.012489
2009-07-03,1.3575,0.014802
2009-07-06,1.3734,0.011713
2009-07-07,1.3616,-0.008592
2009-07-08,1.3771,0.011384
2009-07-09,1.3979,0.015104
2009-07-10,1.4067,0.006295
2009-07-13,1.3951,-0.008246
2009-07-14,1.4269,0.022794
2009-07-15,1.4439,0.011914
2009-07-16,1.4462,0.001593
2009-07-17,1.4621,0.010994
2009-07-20,1.496,0.023186
2009-07-21,1.4716,-0.01631
2009-07-22,1.5029,0.021269
2009-07-23,1.5134,0.006986
2009-07-24,1.5179,0.002973
2009-07-27,1.5371,0.012649
2009-07-28,1.5341,-0.001952
2009-07-29,1.451,-0.054169
2009-07-30,1.4731,0.015231
2009-07-31,1.5148,0.028308
2009-08-03,1.5426,0.018352
2009-08-04,1.5666,0.015558
2009-08-05,1.546,-0.013149
2009-08-06,1.5156,-0.019664
2009-08-07,1.4701,-0.030021
2009-08-10,1.4757,0.003809
2009-08-11,1.4829,0.004879
2009-08-12,1.422,-0.041068
2009-08-13,1.4355,0.009494
2009-08-14,1.4005,-0.024382
2009-08-17,1.3176,-0.059193
2009-08-18,1.3334,0.011991
2009-08-19,1.2788,-0.040948
2009-08-20,1.3346,0.043635
2009-08-21,1.3635,0.021654
2009-08-24,1.3847,0.015548
2009-08-25,1.3483,-0.026287
2009-08-26,1.3687,0.01513
2009-08-27,1.3588,-0.007233
2009-08-28,1.3112,-0.035031
2009-08-31,1.2247,-0.06597
2009-09-01,1.2216,-0.002531
2009-09-02,1.2386,0.013916
2009-09-03,1.3008,0.050218
2009-09-04,1.313,0.009379
2009-09-07,1.3201,0.005407
2009-09-08,1.3511,0.023483
2009-09-09,1.3686,0.012952
2009-09-10,1.3563,-0.008987
2009-09-11,1.3806,0.017916
2009-09-14,1.4018,0.015356
2009-09-15,1.4073,0.003924
2009-09-16,1.3946,-0.009024
2009-09-17,1.415,0.014628
2009-09-18,1.3706,-0.031378
2009-09-21,1.3826,0.008755
2009-09-22,1.3567,-0.018733
2009-09-23,1.3269,-0.021965
2009-09-24,1.3274,0.000377
2009-09-25,1.3206,-0.005123
2009-09-28,1.2893,-0.023701
2009-09-29,1.2867,-0.002017
2009-09-30,1.3014,0.011425
2009-10-09,1.3646,0.048563
2009-10-12,1.3636,-0.000733
2009-10-13,1.3811,0.012834
2009-10-14,1.3911,0.007241
2009-10-15,1.3978,0.004816
2009-10-16,1.4037,0.004221
2009-10-19,1.4351,0.022369
2009-10-20,1.4528,0.012334
2009-10-21,1.4458,-0.004818
2009-10-22,1.4395,-0.004357
2009-10-23,1.4672,0.019243
2009-10-26,1.4716,0.002999
2009-10-27,1.4363,-0.023987
2009-10-28,1.4456,0.006475
2009-10-29,1.4175,-0.019438
2009-10-30,1.4366,0.013474
2009-11-02,1.4848,0.033551
2009-11-03,1.5013,0.011113
2009-11-04,1.5053,0.002664
2009-11-05,1.5074,0.001395
2009-11-06,1.5095,0.001393
2009-11-09,1.5146,0.003379
2009-11-10,1.5208,0.004093
2009-11-11,1.5165,-0.002827
2009-11-12,1.5211,0.003033
2009-11-13,1.5295,0.005522
2009-11-16,1.5751,0.029814
2009-11-17,1.5753,0.000127
2009-11-18,1.5794,0.002603
2009-11-19,1.5858,0.004052
2009-11-20,1.581,-0.003027
2009-11-23,1.5989,0.011322
2009-11-24,1.5463,-0.032898
2009-11-25,1.5889,0.02755
2009-11-26,1.5325,-0.035496
2009-11-27,1.4979,-0.022577
2009-11-30,1.5568,0.039322
2009-12-01,1.5871,0.019463
2009-12-02,1.6015,0.009073
2009-12-03,1.6055,0.002498
2009-12-04,1.6033,-0.00137
2009-12-07,1.6132,0.006175
2009-12-08,1.6013,-0.007377
2009-12-09,1.5751,-0.016362
2009-12-10,1.583,0.005016
2009-12-11,1.5836,0.000379
2009-12-14,1.5913,0.004862
2009-12-15,1.5924,0.000691
2009-12-16,1.5845,-0.004961
2009-12-17,1.5422,-0.026696
2009-12-18,1.4976,-0.02892
2009-12-21,1.4999,0.001536
2009-12-22,1.4595,-0.026935
2009-12-23,1.476,0.011305
2009-12-24,1.5286,0.035637
2009-12-25,1.5311,0.001635
2009-12-28,1.5509,0.012932
2009-12-29,1.5599,0.005803
2009-12-30,1.5696,0.006218
2009-12-31,1.5738,0.002676
2010-01-04,1.5645,-0.005909
2010-01-05,1.5789,0.009204
2010-01-06,1.582,0.001963
2010-01-07,1.5514,-0.019343
2010-01-08,1.5548,0.002192
2010-01-11,1.5525,-0.001479
2010-01-12,1.5794,0.017327
2010-01-13,1.5404,-0.024693
2010-01-14,1.5674,0.017528
2010-01-15,1.5741,0.004275
2010-01-18,1.591,0.010736
2010-01-19,1.5859,-0.003206
2010-01-20,1.5314,-0.034365
2010-01-21,1.5251,-0.004114
2010-01-22,1.4893,-0.023474
2010-01-25,1.4766,-0.008527
2010-01-26,1.4348,-0.028308
2010-01-27,1.4234,-0.007945
2010-01-28,1.4361,0.008922
2010-01-29,1.4413,0.003621
2010-02-01,1.4201,-0.014709
2010-02-02,1.4144,-0.004014
2010-02-03,1.4458,0.0222
2010-02-04,1.4415,-0.002974
2010-02-05,1.4102,-0.021713
2010-02-08,1.4118,0.001135
2010-02-09,1.4172,0.003825
2010-02-10,1.4392,0.015524
2010-02-11,1.4406,0.000973
2010-02-12,1.458,0.012078
2010-02-22,1.4525,-0.003772
2010-02-23,1.4438,-0.00599
2010-02-24,1.4685,0.017108
2010-02-25,1.491,0.015322
2010-02-26,1.4836,-0.004963
2010-03-01,1.5001,0.011122
2010-03-02,1.4911,-0.006
2010-03-03,1.5007,0.006438
2010-03-04,1.4614,-0.026188
2010-03-05,1.4612,-0.000137
2010-03-08,1.4718,0.007254
2010-03-09,1.4784,0.004484
2010-03-10,1.4669,-0.007779
2010-03-11,1.4599,-0.004772
2010-03-12,1.444,-0.010891
2010-03-15,1.4208,-0.016066
2010-03-16,1.4258,0.003519
2010-03-17,1.4572,0.022023
2010-03-18,1.4568,-0.000274
2010-03-19,1.4672,0.007139
2010-03-22,1.4746,0.005044
2010-03-23,1.467,-0.005154
2010-03-24,1.4674,0.000273
2010-03-25,1.4536,-0.009404
2010-03-26,1.4721,0.012727
2010-03-29,1.5005,0.019292
2010-03-30,1.5072,0.004465
2010-03-31,1.5024,-0.003185
2010-04-01,1.5223,0.013245
2010-04-02,1.5354,0.008605
2010-04-06,1.5381,0.001758
2010-04-07,1.532,-0.003966
2010-04-08,1.5178,-0.009269
2010-04-09,1.5358,0.011859
2010-04-12,1.5334,-0.001563
2010-04-13,1.5426,0.006
2010-04-14,1.5517,0.005899
2010-04-15,1.5427,-0.0058
2010-04-16,1.5326,-0.006547
2010-04-19,1.4623,-0.04587
2010-04-20,1.4741,0.008069
2010-04-21,1.5103,0.024557
2010-04-22,1.5114,0.000728
2010-04-23,1.5096,-0.001191
2010-04-26,1.5008,-0.005829
2010-04-27,1.4684,-0.021588
2010-04-28,1.4682,-0.000136
2010-04-29,1.4369,-0.021319
2010-04-30,1.4308,-0.004245
2010-05-04,1.4229,-0.005521
2010-05-05,1.4431,0.014196
2010-05-06,1.3883,-0.037974
2010-05-07,1.3529,-0.025499
2010-05-10,1.3493,-0.002661
2010-05-11,1.3249,-0.018083
2010-05-12,1.3187,-0.00468
2010-05-13,1.3547,0.0273
2010-05-14,1.3533,-0.001033
2010-05-17,1.2886,-0.047809
2010-05-18,1.3104,0.016918
2010-05-19,1.3132,0.002137
2010-05-20,1.3016,-0.008833
2010-05-21,1.3246,0.017671
2010-05-24,1.3685,0.033142
2010-05-25,1.3503,-0.013299
2010-05-26,1.3474,-0.002148
2010-05-27,1.3688,0.015882
2010-05-28,1.371,0.001607
2010-05-31,1.3387,-0.023559
2010-06-01,1.3211,-0.013147
2010-06-02,1.3327,0.008781
2010-06-03,1.3241,-0.006453
2010-06-04,1.3305,0.004833
2010-06-07,1.3211,-0.007065
2010-06-08,1.3271,0.004542
2010-06-09,1.3569,0.022455
2010-06-10,1.3516,-0.003906
2010-06-11,1.351,-0.000444
2010-06-17,1.3352,-0.011695
2010-06-18,1.301,-0.025614
2010-06-21,1.3332,0.02475
2010-06-22,1.3379,0.003525
2010-06-23,1.3278,-0.007549
2010-06-24,1.3269,-0.000678
2010-06-25,1.3099,-0.012812
2010-06-28,1.2973,-0.009619
2010-06-29,1.2453,-0.040083
2010-06-30,1.2293,-0.012848
2010-07-01,1.2083,-0.017083
2010-07-02,1.2007,-0.00629
2010-07-05,1.1922,-0.007079
2010-07-06,1.2191,0.022563
2010-07-07,1.231,0.009761
2010-07-08,1.2302,-0.00065
2010-07-09,1.2641,0.027556
2010-07-12,1.2747,0.008385
2010-07-13,1.2578,-0.013258
2010-07-14,1.2628,0.003975
2010-07-15,1.2445,-0.014492
2010-07-16,1.2519,0.005946
2010-07-19,1.2843,0.025881
2010-07-20,1.3134,0.022658
2010-07-21,1.3136,0.000152
2010-07-22,1.3285,0.011343
2010-07-23,1.3322,0.002785
2010-07-26,1.3409,0.006531
2010-07-27,1.3406,-0.000224
2010-07-28,1.3677,0.020215
2010-07-29,1.3711,0.002486
2010-07-30,1.3662,-0.003574
2010-08-02,1.3915,0.018519
2010-08-03,1.3727,-0.013511
2010-08-04,1.3809,0.005974
2010-08-05,1.3823,0.001014
2010-08-06,1.4047,0.016205
2010-08-09,1.4203,0.011106
2010-08-10,1.3801,-0.028304
2010-08-11,1.3914,0.008188
2010-08-12,1.3746,-0.012074
2010-08-13,1.3968,0.01615
2010-08-16,1.4293,0.023267
2010-08-17,1.4406,0.007906
2010-08-18,1.4408,0.000139
2010-08-19,1.4466,0.004026
2010-08-20,1.4112,-0.024471
2010-08-23,1.4153,0.002905
2010-08-24,1.4265,0.007914
2010-08-25,1.3979,-0.020049
2010-08-26,1.4042,0.004507
2010-08-27,1.4128,0.006124
2010-08-30,1.4466,0.023924
2010-08-31,1.4526,0.004148
2010-09-01,1.4423,-0.007091
2010-09-02,1.459,0.011579
2010-09-03,1.4606,0.001097
2010-09-06,1.4711,0.007189
2010-09-07,1.4734,0.001563
2010-09-08,1.4814,0.00543
2010-09-09,1.4599,-0.014513
2010-09-10,1.4746,0.010069
2010-09-13,1.496,0.014512
2010-09-14,1.4953,-0.000468
2010-09-15,1.4699,-0.016987
2010-09-16,1.4425,-0.018641
2010-09-17,1.4461,0.002496
2010-09-20,1.4369,-0.006362
2010-09-21,1.4414,0.003132
2010-09-27,1.4742,0.022756
2010-09-28,1.4644,-0.006648
2010-09-29,1.4552,-0.006282
2010-09-30,1.4815,0.018073
2010-10-08,1.5251,0.02943
2010-10-11,1.5354,0.006754
2010-10-12,1.5518,0.010681
2010-10-13,1.5636,0.007604
2010-10-14,1.5515,-0.007739
2010-10-15,1.5717,0.01302
2010-10-18,1.5525,-0.012216
2010-10-19,1.5967,0.02847
2010-10-20,1.6205,0.014906
2010-10-21,1.6212,0.000432
2010-10-22,1.6317,0.006477
2010-10-25,1.6748,0.026414
2010-10-26,1.6711,-0.002209
2010-10-27,1.6483,-0.013644
2010-10-28,1.6475,-0.000485
2010-10-29,1.6532,0.00346
2010-11-01,1.707,0.032543
2010-11-02,1.6937,-0.007791
2010-11-03,1.6604,-0.019661
2010-11-04,1.6897,0.017646
2010-11-05,1.7049,0.008996
2010-11-08,1.7254,0.012024
2010-11-09,1.7338,0.004868
2010-11-10,1.7405,0.003864
2010-11-11,1.737,-0.002011
2010-11-12,1.6461,-0.052332
2010-11-15,1.6732,0.016463
2010-11-16,1.611,-0.037174
2010-11-17,1.563,-0.029795
2010-11-18,1.5846,0.01382
2010-11-19,1.6131,0.017986
2010-11-22,1.6266,0.008369
2010-11-23,1.6049,-0.013341
2010-11-24,1.6431,0.023802
2010-11-25,1.6579,0.009007
2010-11-26,1.6529,-0.003016
2010-11-29,1.6552,0.001391
2010-11-30,1.6281,-0.016373
2010-12-01,1.6244,-0.002273
2010-12-02,1.6279,0.002155
2010-12-03,1.621,-0.004239
2010-12-06,1.6133,-0.00475
2010-12-07,1.6367,0.014504
2010-12-08,1.6314,-0.003238
2010-12-09,1.6011,-0.018573
2010-12-10,1.6186,0.01093
2010-12-13,1.6658,0.029161
2010-12-14,1.6726,0.004082
2010-12-15,1.6683,-0.002571
2010-12-16,1.6659,-0.001439
2010-12-17,1.6626,-0.001981
2010-12-20,1.6452,-0.010466
2010-12-21,1.6676,0.013615
2010-12-22,1.6517,-0.009535
2010-12-23,1.6356,-0.009748
2010-12-24,1.6175,-0.011066
2010-12-27,1.5914,-0.016136
2010-12-28,1.5628,-0.017972
2010-12-29,1.5749,0.007743
2010-12-30,1.5822,0.004635
2010-12-31,1.6177,0.022437
2011-01-04,1.6419,0.01496
2011-01-05,1.6443,0.001462
2011-01-06,1.6341,-0.006203
2011-01-07,1.6243,-0.005997
2011-01-10,1.5912,-0.020378
2011-01-11,1.5872,-0.002514
2011-01-12,1.5874,0.000126
2011-01-13,1.5857,-0.001071
2011-01-14,1.5593,-0.016649
2011-01-17,1.4998,-0.038158
2011-01-18,1.5027,0.001934
2011-01-19,1.5373,0.023025
2011-01-20,1.4883,-0.031874
2011-01-21,1.4981,0.006585
2011-01-24,1.4692,-0.019291
2011-01-25,1.4585,-0.007283
2011-01-26,1.4802,0.014878
2011-01-27,1.5051,0.016822
2011-01-28,1.5163,0.007441
2011-01-31,1.5312,0.009827
2011-02-01,1.5343,0.002025
2011-02-09,1.5132,-0.013752
2011-02-10,1.5489,0.023592
2011-02-11,1.5594,0.006779
2011-02-14,1.595,0.022829
2011-02-15,1.5936,-0.000878
2011-02-16,1.6204,0.016817
2011-02-17,1.6201,-0.000185
2011-02-18,1.6023,-0.010987
2011-02-21,1.6294,0.016913
2011-02-22,1.5943,-0.021542
2011-02-23,1.6047,0.006523
2011-02-24,1.6119,0.004487
2011-02-25,1.6124,0.00031
2011-02-28,1.6403,0.017303
2011-03-01,1.644,0.002256
2011-03-02,1.6409,-0.001886
2011-03-03,1.6167,-0.014748
2011-03-04,1.637,0.012556
2011-03-07,1.6691,0.019609
2011-03-08,1.6674,-0.001019
2011-03-09,1.669,0.00096
2011-03-10,1.6505,-0.011084
2011-03-11,1.6435,-0.004241
2011-03-14,1.6596,0.009796
2011-03-15,1.6332,-0.015907
2011-03-16,1.6525,0.011817
2011-03-17,1.6316,-0.012648
2011-03-18,1.6362,0.002819
2011-03-21,1.6238,-0.007579
2011-03-22,1.6295,0.00351
2011-03-23,1.6512,0.013317
2011-03-24,1.6473,-0.002362
2011-03-25,1.6639,0.010077
2011-03-28,1.658,-0.003546
2011-03-29,1.6319,-0.015742
2011-03-30,1.6265,-0.003309
2011-03-31,1.612,-0.008915
2011-04-01,1.6355,0.014578
2011-04-06,1.6384,0.001773
2011-04-07,1.6482,0.005981
2011-04-08,1.6662,0.010921
2011-04-11,1.6547,-0.006902
2011-04-12,1.6444,-0.006225
2011-04-13,1.6594,0.009122
2011-04-14,1.6489,-0.006328
2011-04-15,1.6433,-0.003396
2011-04-18,1.6486,0.003225
2011-04-19,1.6327,-0.009645
2011-04-20,1.6325,-0.000122
2011-04-21,1.6438,0.006922
2011-04-22,1.6315,-0.007483
2011-04-25,1.6043,-0.016672
2011-04-26,1.5862,-0.011282
2011-04-27,1.5695,-0.010528
2011-04-28,1.5382,-0.019943
2011-04-29,1.5575,0.012547
2011-05-03,1.5667,0.005907
2011-05-04,1.5286,-0.024319
2011-05-05,1.5296,0.000654
2011-05-06,1.5264,-0.002092
2011-05-09,1.5347,0.005438
2011-05-10,1.5467,0.007819
2011-05-11,1.5452,-0.00097
2011-05-12,1.5268,-0.011908
2011-05-13,1.5373,0.006877
2011-05-16,1.5284,-0.005789
2011-05-17,1.5341,0.003729
2011-05-18,1.5433,0.005997
2011-05-19,1.5354,-0.005119
2011-05-20,1.5347,-0.000456
2011-05-23,1.4908,-0.028605
2011-05-24,1.4917,0.000604
2011-05-25,1.4808,-0.007307
2011-05-26,1.4679,-0.008712
2011-05-27,1.4516,-0.011104
2011-05-30,1.4359,-0.010816
2011-05-31,1.4607,0.017271
2011-06-01,1.4681,0.005066
2011-06-02,1.4514,-0.011375
2011-06-03,1.4689,0.012057
2011-06-07,1.4791,0.006944
2011-06-08,1.4797,0.000406
2011-06-09,1.4554,-0.016422
2011-06-10,1.4592,0.002611
2011-06-13,1.4549,-0.002947
2011-06-14,1.4744,0.013403
2011-06-15,1.4627,-0.007935
2011-06-16,1.4403,-0.015314
2011-06-17,1.432,-0.005763
2011-06-20,1.4225,-0.006634
2011-06-21,1.4466,0.016942
2011-06-22,1.4441,-0.001728
2011-06-23,1.4667,0.01565
2011-06-24,1.493,0.017931
2011-06-27,1.5031,0.006765
2011-06-28,1.5062,0.002062
2011-06-29,1.4903,-0.010556
2011-06-30,1.5108,0.013756
2011-07-01,1.5228,0.007943
2011-07-04,1.5509,0.018453
2011-07-05,1.5543,0.002192
2011-07-06,1.5503,-0.002574
2011-07-07,1.5503,0.0
2011-07-08,1.5545,0.002709
2011-07-11,1.5597,0.003345
2011-07-12,1.5428,-0.010835
2011-07-13,1.5673,0.01588
2011-07-14,1.5781,0.006891
2011-07-15,1.5867,0.00545
2011-07-18,1.5928,0.003844
2011-07-19,1.5774,-0.009669
2011-07-20,1.5782,0.000507
2011-07-21,1.561,-0.010898
2011-07-22,1.5619,0.000577
2011-07-25,1.5184,-0.027851
2011-07-26,1.5237,0.003491
2011-07-27,1.545,0.013979
2011-07-28,1.5412,-0.00246
2011-07-29,1.527,-0.009214
2011-08-01,1.5357,0.005697
2011-08-02,1.5298,-0.003842
2011-08-03,1.5308,0.000654
2011-08-04,1.5368,0.00392
2011-08-05,1.5153,-0.01399
2011-08-08,1.465,-0.033195
2011-08-09,1.4734,0.005734
2011-08-10,1.4906,0.011674
2011-08-11,1.5163,0.017241
2011-08-12,1.5211,0.003166
2011-08-15,1.5359,0.00973
2011-08-16,1.5255,-0.006771
2011-08-17,1.5191,-0.004195
2011-08-18,1.4951,-0.015799
2011-08-19,1.484,-0.007424
2011-08-22,1.4684,-0.010512
2011-08-23,1.4868,0.012531
2011-08-24,1.4826,-0.002825
2011-08-25,1.518,0.023877
2011-08-26,1.5186,0.000395
2011-08-29,1.5026,-0.010536
2011-08-30,1.4956,-0.004659
2011-08-31,1.4927,-0.001939
2011-09-01,1.4836,-0.006096
2011-09-02,1.4696,-0.009437
2011-09-05,1.4333,-0.024701
2011-09-06,1.4199,-0.009349
2011-09-07,1.4518,0.022466
2011-09-08,1.4417,-0.006957
2011-09-09,1.438,-0.002566
2011-09-13,1.42,-0.012517
2011-09-14,1.4288,0.006197
2011-09-15,1.4279,-0.00063
2011-09-16,1.429,0.00077
2011-09-19,1.4057,-0.016305
2011-09-20,1.4101,0.00313
2011-09-21,1.4449,0.024679
2011-09-22,1.4086,-0.025123
2011-09-23,1.3985,-0.00717
2011-09-26,1.3793,-0.013729
2011-09-27,1.3904,0.008048
2011-09-28,1.3755,-0.010716
2011-09-29,1.3541,-0.015558
2011-09-30,1.3514,-0.001994
2011-10-10,1.3375,-0.010286
2011-10-11,1.3164,-0.015776
2011-10-12,1.3505,0.025904
2011-10-13,1.3608,0.007627
2011-10-14,1.3576,-0.002352
2011-10-17,1.364,0.004714
2011-10-18,1.3305,-0.02456
2011-10-19,1.3238,-0.005036
2011-10-20,1.2862,-0.028403
2011-10-21,1.2713,-0.011585
2011-10-24,1.2944,0.01817
2011-10-25,1.3229,0.022018
2011-10-26,1.3327,0.007408
2011-10-27,1.332,-0.000525
2011-10-28,1.3591,0.020345
2011-10-31,1.3584,-0.000515
2011-11-01,1.3535,-0.003607
2011-11-02,1.3704,0.012486
2011-11-03,1.3769,0.004743
2011-11-04,1.3842,0.005302
2011-11-07,1.3774,-0.004913
2011-11-08,1.3721,-0.003848
2011-11-09,1.3831,0.008017
2011-11-10,1.3679,-0.01099
2011-11-11,1.3651,-0.002047
2011-11-14,1.3935,0.020804
2011-11-15,1.3922,-0.000933
2011-11-16,1.3614,-0.022123
2011-11-17,1.3603,-0.000808
2011-11-18,1.3375,-0.016761
2011-11-21,1.3339,-0.002692
2011-11-22,1.3312,-0.002024
2011-11-23,1.3249,-0.004733
2011-11-24,1.328,0.00234
2011-11-25,1.3198,-0.006175
2011-11-28,1.3226,0.002122
2011-11-29,1.3398,0.013005
2011-11-30,1.3037,-0.026944
2011-12-01,1.3255,0.016722
2011-12-02,1.3057,-0.014938
2011-12-05,1.2772,-0.021827
2011-12-06,1.2765,-0.000548
2011-12-07,1.2795,0.00235
2011-12-08,1.2775,-0.001563
2011-12-09,1.2669,-0.008297
2011-12-12,1.254,-0.010182
2011-12-13,1.2285,-0.020335
2011-12-14,1.2139,-0.011884
2011-12-15,1.1937,-0.016641
2011-12-16,1.2192,0.021362
2011-12-19,1.2198,0.000492
2011-12-20,1.2155,-0.003525
2011-12-21,1.1992,-0.01341
2011-12-22,1.1991,-8.3e-05
2011-12-23,1.2051,0.005004
2011-12-26,1.1956,-0.007883
2011-12-27,1.1781,-0.014637
2011-12-28,1.1737,-0.003735
2011-12-29,1.1803,0.005623
2011-12-30,1.1973,0.014403
2011-12-31,1.1972,-8.4e-05
2012-01-04,1.1708,-0.022051
2012-01-05,1.1419,-0.024684
2012-01-06,1.146,0.003591
2012-01-09,1.1831,0.032373
2012-01-10,1.2209,0.03195
2012-01-11,1.2179,-0.002457
2012-01-12,1.2103,-0.00624
2012-01-13,1.1858,-0.020243
2012-01-16,1.1608,-0.021083
2012-01-17,1.2086,0.041178
2012-01-18,1.1865,-0.018286
2012-01-19,1.2019,0.012979
2012-01-20,1.2186,0.013895
2012-01-30,1.203,-0.012802
2012-01-31,1.2055,0.002078
2012-02-01,1.1926,-0.010701
2012-02-02,1.2154,0.019118
2012-02-03,1.2257,0.008475
2012-02-06,1.2302,0.003671
2012-02-07,1.2141,-0.013087
2012-02-08,1.2437,0.02438
2012-02-09,1.2454,0.001367
2012-02-10,1.2468,0.001124
2012-02-13,1.247,0.00016
2012-02-14,1.2437,-0.002646
2012-02-15,1.2525,0.007076
2012-02-16,1.2473,-0.004152
2012-02-17,1.2456,-0.001363
2012-02-20,1.2461,0.000401
2012-02-21,1.2607,0.011717
2012-02-22,1.2781,0.013802
2012-02-23,1.2856,0.005868
2012-02-24,1.3046,0.014779
2012-02-27,1.3063,0.001303
2012-02-28,1.3019,-0.003368
2012-02-29,1.2919,-0.007681
2012-03-01,1.2944,0.001935
2012-03-02,1.317,0.01746
2012-03-05,1.3136,-0.002582
2012-03-06,1.2974,-0.012333
2012-03-07,1.2889,-0.006552
2012-03-08,1.3027,0.010707
2012-03-09,1.322,0.014815
2012-03-12,1.3197,-0.00174
2012-03-13,1.3292,0.007199
2012-03-14,1.289,-0.030244
2012-03-15,1.2842,-0.003724
2012-03-16,1.3047,0.015963
2012-03-19,1.3112,0.004982
2012-03-20,1.2931,-0.013804
2012-03-21,1.2957,0.002011
2012-03-22,1.2917,-0.003087
2012-03-23,1.2697,-0.017032
2012-03-26,1.2725,0.002205
2012-03-27,1.2655,-0.005501
2012-03-28,1.2256,-0.031529
2012-03-29,1.2157,-0.008078
2012-03-30,1.2143,-0.001152
2012-03-31,1.2142,-8.2e-05
2012-04-05,1.2433,0.023966
2012-04-06,1.2468,0.002815
2012-04-09,1.2363,-0.008422
2012-04-10,1.2471,0.008736
2012-04-11,1.2469,-0.00016
2012-04-12,1.2674,0.016441
2012-04-13,1.2754,0.006312
2012-04-16,1.274,-0.001098
2012-04-17,1.259,-0.011774
2012-04-18,1.2845,0.020254
2012-04-19,1.2802,-0.003348
2012-04-20,1.2868,0.005155
2012-04-23,1.2742,-0.009792
2012-04-24,1.2712,-0.002354
2012-04-25,1.2873,0.012665
2012-04-26,1.2895,0.001709
2012-04-27,1.2875,-0.001551
2012-05-02,1.3153,0.021592
2012-05-03,1.3195,0.003193
2012-05-04,1.3281,0.006518
2012-05-07,1.3308,0.002033
2012-05-08,1.3254,-0.004058
2012-05-09,1.3044,-0.015844
2012-05-10,1.306,0.001227
2012-05-11,1.3,-0.004594
2012-05-14,1.291,-0.006923
2012-05-15,1.2932,0.001704
2012-05-16,1.2755,-0.013687
2012-05-17,1.2906,0.011838
2012-05-18,1.2735,-0.01325
2012-05-21,1.2838,0.008088
2012-05-22,1.3042,0.01589
2012-05-23,1.3063,0.00161
2012-05-24,1.2978,-0.006507
2012-05-25,1.2861,-0.009015
2012-05-28,1.3029,0.013063
2012-05-29,1.3195,0.012741
2012-05-30,1.316,-0.002653
2012-05-31,1.3151,-0.000684
2012-06-01,1.31,-0.003878
2012-06-04,1.2805,-0.022519
2012-06-05,1.2775,-0.002343
2012-06-06,1.2689,-0.006732
2012-06-07,1.2618,-0.005595
2012-06-08,1.2561,-0.004517
2012-06-11,1.2783,0.017674
2012-06-12,1.2776,-0.000548
2012-06-13,1.2941,0.012915
2012-06-14,1.2854,-0.006723
2012-06-15,1.2824,-0.002334
2012-06-18,1.2871,0.003665
2012-06-19,1.2761,-0.008546
2012-06-20,1.2704,-0.004467
2012-06-21,1.2552,-0.011965
2012-06-25,1.224,-0.024857
2012-06-26,1.2282,0.003431
2012-06-27,1.2285,0.000244
2012-06-28,1.2218,-0.005454
2012-06-29,1.2379,0.013177
2012-06-30,1.2378,-8.1e-05
2012-07-02,1.2475,0.007836
2012-07-03,1.2502,0.002164
2012-07-04,1.2465,-0.00296
2012-07-05,1.237,-0.007621
2012-07-06,1.26,0.018593
2012-07-09,1.2443,-0.01246
2012-07-10,1.2333,-0.00884
2012-07-11,1.2441,0.008757
2012-07-12,1.2603,0.013021
2012-07-13,1.2622,0.001508
2012-07-16,1.2353,-0.021312
2012-07-17,1.2379,0.002105
2012-07-18,1.2369,-0.000808
2012-07-19,1.2405,0.002911
2012-07-20,1.2314,-0.007336
2012-07-23,1.2177,-0.011126
2012-07-24,1.2224,0.00386
2012-07-25,1.2142,-0.006708
2012-07-26,1.2045,-0.007989
2012-07-27,1.1969,-0.00631
2012-07-30,1.1943,-0.002172
2012-07-31,1.192,-0.001926
2012-08-01,1.2054,0.011242
2012-08-02,1.1932,-0.010121
2012-08-03,1.2022,0.007543
2012-08-06,1.2195,0.01439
2012-08-07,1.2196,8.2e-05
2012-08-08,1.2166,-0.00246
2012-08-09,1.2298,0.01085
2012-08-10,1.2232,-0.005367
2012-08-13,1.2053,-0.014634
2012-08-14,1.2083,0.002489
2012-08-15,1.1993,-0.007448
2012-08-16,1.1941,-0.004336
2012-08-17,1.1885,-0.00469
2012-08-20,1.1847,-0.003197
2012-08-21,1.1942,0.008019
2012-08-22,1.1841,-0.008458
2012-08-23,1.187,0.002449
2012-08-24,1.1727,-0.012047
2012-08-27,1.1558,-0.014411
2012-08-28,1.1551,-0.000606
2012-08-29,1.1436,-0.009956
2012-08-30,1.131,-0.011018
2012-08-31,1.1335,0.00221
2012-09-03,1.1514,0.015792
2012-09-04,1.1434,-0.006948
2012-09-05,1.1444,0.000875
2012-09-06,1.1485,0.003583
2012-09-07,1.1829,0.029952
2012-09-10,1.1842,0.001099
2012-09-11,1.1773,-0.005827
2012-09-12,1.1808,0.002973
2012-09-13,1.1721,-0.007368
2012-09-14,1.1752,0.002645
2012-09-17,1.1524,-0.019401
2012-09-18,1.1446,-0.006768
2012-09-19,1.15,0.004718
2012-09-20,1.1279,-0.019217
2012-09-21,1.1265,-0.001241
2012-09-24,1.1354,0.007901
2012-09-25,1.1334,-0.001761
2012-09-26,1.12,-0.011823
2012-09-27,1.1452,0.0225
2012-09-28,1.1608,0.013622
2012-09-30,1.1608,0.0
2012-10-08,1.1561,-0.004049
2012-10-09,1.1765,0.017646
2012-10-10,1.1792,0.002295
2012-10-11,1.1692,-0.00848
2012-10-12,1.1668,-0.002053
2012-10-15,1.1678,0.000857
2012-10-16,1.1714,0.003083
2012-10-17,1.167,-0.003756
2012-10-18,1.1828,0.013539
2012-10-19,1.1782,-0.003889
2012-10-22,1.185,0.005772
2012-10-23,1.1663,-0.015781
2012-10-24,1.1602,-0.00523
2012-10-25,1.1504,-0.008447
2012-10-26,1.1388,-0.010083
2012-10-29,1.1392,0.000351
2012-10-30,1.1409,0.001492
2012-10-31,1.1531,0.010693
2012-11-01,1.1682,0.013095
2012-11-02,1.172,0.003253
2012-11-05,1.1678,-0.003584
2012-11-06,1.1638,-0.003425
2012-11-07,1.16,-0.003265
2012-11-08,1.1465,-0.011638
2012-11-09,1.1397,-0.005931
2012-11-12,1.1367,-0.002632
2012-11-13,1.1205,-0.014252
2012-11-14,1.1234,0.002588
2012-11-15,1.1126,-0.009614
2012-11-16,1.1047,-0.0071
2012-11-19,1.0986,-0.005522
2012-11-20,1.0975,-0.001001
2012-11-21,1.1043,0.006196
2012-11-22,1.0926,-0.010595
2012-11-23,1.0989,0.005766
2012-11-26,1.0862,-0.011557
2012-11-27,1.0712,-0.01381
2012-11-28,1.0618,-0.008775
2012-11-29,1.0614,-0.000377
2012-11-30,1.0741,0.011965
2012-12-03,1.0586,-0.014431
2012-12-04,1.064,0.005101
2012-12-05,1.0905,0.024906
2012-12-06,1.0882,-0.002109
2012-12-07,1.0976,0.008638
2012-12-10,1.1042,0.006013
2012-12-11,1.1018,-0.002174
2012-12-12,1.1026,0.000726
2012-12-13,1.1004,-0.001995
2012-12-14,1.1356,0.031988
2012-12-17,1.1376,0.001761
2012-12-18,1.1331,-0.003956
2012-12-19,1.1378,0.004148
2012-12-20,1.1454,0.00668
2012-12-21,1.1493,0.003405
2012-12-24,1.1576,0.007222
2012-12-25,1.1806,0.019869
2012-12-26,1.1889,0.00703
2012-12-27,1.1815,-0.006224
2012-12-28,1.1913,0.008295
2012-12-31,1.2077,0.013766
2013-01-04,1.1948,-0.010681
2013-01-07,1.2057,0.009123
2013-01-08,1.2113,0.004645
2013-01-09,1.2192,0.006522
2013-01-10,1.2189,-0.000246
2013-01-11,1.2059,-0.010665
2013-01-14,1.2444,0.031926
2013-01-15,1.2537,0.007473
2013-01-16,1.2536,-8e-05
2013-01-17,1.2464,-0.005743
2013-01-18,1.2735,0.021743
2013-01-21,1.2744,0.000707
2013-01-22,1.2611,-0.010436
2013-01-23,1.2643,0.002537
2013-01-24,1.2494,-0.011785
2013-01-25,1.2543,0.003922
2013-01-28,1.2774,0.018417
2013-01-29,1.2806,0.002505
2013-01-30,1.2845,0.003045
2013-01-31,1.2776,-0.005372
2013-02-01,1.2888,0.008766
2013-02-04,1.2853,-0.002716
2013-02-05,1.303,0.013771
2013-02-06,1.3055,0.001919
2013-02-07,1.3151,0.007354
2013-02-08,1.3331,0.013687
2013-02-18,1.3184,-0.011027
2013-02-19,1.2953,-0.017521
2013-02-20,1.3224,0.020922
2013-02-21,1.2958,-0.020115
2013-02-22,1.2853,-0.008103
2013-02-25,1.2915,0.004824
2013-02-26,1.2724,-0.014789
2013-02-27,1.2734,0.000786
2013-02-28,1.303,0.023245
2013-03-01,1.311,0.00614
2013-03-04,1.2703,-0.031045
2013-03-05,1.296,0.020231
2013-03-06,1.3042,0.006327
2013-03-07,1.2918,-0.009508
2013-03-08,1.2788,-0.010063
2013-03-11,1.2749,-0.00305
2013-03-12,1.2542,-0.016237
2013-03-13,1.243,-0.00893
2013-03-14,1.2559,0.010378
2013-03-15,1.2605,0.003663
2013-03-18,1.2542,-0.004998
2013-03-19,1.2563,0.001674
2013-03-20,1.2874,0.024755
2013-03-21,1.2977,0.008001
2013-03-22,1.3019,0.003236
2013-03-25,1.2967,-0.003994
2013-03-26,1.3024,0.004396
2013-03-27,1.3138,0.008753
2013-03-28,1.3014,-0.009438
2013-03-29,1.2932,-0.006301
2013-04-01,1.2957,0.001933
2013-04-02,1.2747,-0.016207
2013-04-03,1.2638,-0.008551
2013-04-08,1.2734,0.007596
2013-04-09,1.2721,-0.001021
2013-04-10,1.2635,-0.00676
2013-04-11,1.2629,-0.000475
2013-04-12,1.2633,0.000317
2013-04-15,1.2564,-0.005462
2013-04-16,1.2629,0.005174
2013-04-17,1.2784,0.012273
2013-04-18,1.2773,-0.00086
2013-04-19,1.3032,0.020277
2013-04-22,1.2977,-0.00422
2013-04-23,1.269,-0.022116
2013-04-24,1.2813,0.009693
2013-04-25,1.2692,-0.009444
2013-04-26,1.2565,-0.010006
2013-05-02,1.2685,0.00955
2013-05-03,1.2914,0.018053
2013-05-06,1.3066,0.01177
2013-05-07,1.3039,-0.002066
2013-05-08,1.3168,0.009893
2013-05-09,1.3159,-0.000683
2013-05-10,1.3157,-0.000152
2013-05-13,1.305,-0.008133
2013-05-14,1.274,-0.023755
2013-05-15,1.2887,0.011538
2013-05-16,1.3026,0.010786
2013-05-17,1.3174,0.011362
2013-05-20,1.3188,0.001063
2013-05-21,1.3234,0.003488
2013-05-22,1.3189,-0.0034
2013-05-23,1.3123,-0.005004
2013-05-24,1.326,0.01044
2013-05-27,1.3328,0.005128
2013-05-28,1.3353,0.001876
2013-05-29,1.3436,0.006216
2013-05-30,1.3477,0.003052
2013-05-31,1.3372,-0.007791
2013-06-03,1.3277,-0.007104
2013-06-04,1.3094,-0.013783
2013-06-05,1.315,0.004277
2013-06-06,1.3028,-0.009278
2013-06-07,1.2836,-0.014737
2013-06-13,1.258,-0.019944
2013-06-14,1.2763,0.014547
2013-06-17,1.2868,0.008227
2013-06-18,1.2915,0.003652
2013-06-19,1.292,0.000387
2013-06-20,1.2584,-0.026006
2013-06-21,1.2598,0.001113
2013-06-24,1.2087,-0.040562
2013-06-25,1.2121,0.002813
2013-06-26,1.2359,0.019635
2013-06-27,1.2308,-0.004127
2013-06-28,1.2345,0.003006
2013-06-30,1.2344,-8.1e-05
2013-07-01,1.265,0.024789
2013-07-02,1.2967,0.025059
2013-07-03,1.3035,0.005244
2013-07-04,1.301,-0.001918
2013-07-05,1.2898,-0.008609
2013-07-08,1.27,-0.015351
2013-07-09,1.2719,0.001496
2013-07-10,1.2906,0.014702
2013-07-11,1.3149,0.018828
2013-07-12,1.3184,0.002662
2013-07-15,1.3434,0.018962
2013-07-16,1.3467,0.002456
2013-07-17,1.3228,-0.017747
2013-07-18,1.3132,-0.007257
2013-07-19,1.2905,-0.017286
2013-07-22,1.3116,0.01635
2013-07-23,1.3386,0.020586
2013-07-24,1.354,0.011505
2013-07-25,1.3344,-0.014476
2013-07-26,1.3276,-0.005096
2013-07-29,1.3088,-0.014161
2013-07-30,1.3012,-0.005807
2013-07-31,1.3022,0.000769
2013-08-01,1.3274,0.019352
2013-08-02,1.3309,0.002637
2013-08-05,1.3556,0.018559
2013-08-06,1.361,0.003983
2013-08-07,1.3469,-0.01036
2013-08-08,1.3493,0.001782
2013-08-09,1.3555,0.004595
2013-08-12,1.3648,0.006861
2013-08-13,1.3588,-0.004396
2013-08-14,1.351,-0.00574
2013-08-15,1.3332,-0.013175
2013-08-16,1.3081,-0.018827
2013-08-19,1.3283,0.015442
2013-08-20,1.3291,0.000602
2013-08-21,1.3225,-0.004966
2013-08-22,1.3265,0.003025
2013-08-23,1.3279,0.001055
2013-08-26,1.3437,0.011898
2013-08-27,1.341,-0.002009
2013-08-28,1.3249,-0.012006
2013-08-29,1.3158,-0.006868
2013-08-30,1.3008,-0.0114
2013-09-02,1.3151,0.010993
2013-09-03,1.3317,0.012623
2013-09-04,1.3347,0.002253
2013-09-05,1.3478,0.009815
2013-09-06,1.3483,0.000371
2013-09-09,1.3473,-0.000742
2013-09-10,1.3472,-7.4e-05
2013-09-11,1.3353,-0.008833
2013-09-12,1.3314,-0.002921
2013-09-13,1.3465,0.011341
2013-09-16,1.3488,0.001708
2013-09-17,1.3397,-0.006747
2013-09-18,1.3356,-0.00306
2013-09-23,1.3657,0.022537
2013-09-24,1.3798,0.010324
2013-09-25,1.3741,-0.004131
2013-09-26,1.3741,0.0
2013-09-27,1.3864,0.008951
2013-09-30,1.3945,0.005842
2013-10-08,1.4042,0.006956
2013-10-09,1.4102,0.004273
2013-10-10,1.4063,-0.002766
2013-10-11,1.4165,0.007253
2013-10-14,1.426,0.006707
2013-10-15,1.4342,0.00575
2013-10-16,1.4149,-0.013457
2013-10-17,1.4073,-0.005371
2013-10-18,1.4085,0.000853
2013-10-21,1.4538,0.032162
2013-10-22,1.4402,-0.009355
2013-10-23,1.403,-0.02583
2013-10-24,1.396,-0.004989
2013-10-25,1.3732,-0.016332
2013-10-28,1.3659,-0.005316
2013-10-29,1.3621,-0.002782
2013-10-30,1.3806,0.013582
2013-10-31,1.3395,-0.02977
2013-11-01,1.3384,-0.000821
2013-11-04,1.3385,7.5e-05
2013-11-05,1.3446,0.004557
2013-11-06,1.3269,-0.013164
2013-11-07,1.3059,-0.015826
2013-11-08,1.2942,-0.008959
2013-11-11,1.3099,0.012131
2013-11-12,1.3268,0.012902
2013-11-13,1.3051,-0.016355
2013-11-14,1.326,0.016014
2013-11-15,1.3488,0.017195
2013-11-18,1.3688,0.014828
2013-11-19,1.3547,-0.010301
2013-11-20,1.3615,0.00502
2013-11-21,1.3559,-0.004113
2013-11-22,1.3501,-0.004278
2013-11-25,1.3438,-0.004666
2013-11-26,1.3464,0.001935
2013-11-27,1.3596,0.009804
2013-11-28,1.3785,0.013901
2013-11-29,1.3842,0.004135
2013-12-02,1.3406,-0.031498
2013-12-03,1.367,0.019693
2013-12-04,1.3783,0.008266
2013-12-05,1.372,-0.004571
2013-12-06,1.3652,-0.004956
2013-12-09,1.3748,0.007032
2013-12-10,1.381,0.00451
2013-12-11,1.3681,-0.009341
2013-12-12,1.3763,0.005994
2013-12-13,1.3856,0.006757
2013-12-16,1.365,-0.014867
2013-12-17,1.3563,-0.006374
2013-12-18,1.3552,-0.000811
2013-12-19,1.3453,-0.007305
2013-12-20,1.3333,-0.00892
2013-12-23,1.3481,0.0111
2013-12-24,1.356,0.00586
2013-12-25,1.3739,0.013201
2013-12-26,1.36,-0.010117
2013-12-27,1.3791,0.014044
2013-12-30,1.3872,0.005873
2013-12-31,1.3925,0.003821
2014-01-02,1.3909,-0.001149
2014-01-03,1.3776,-0.009562
2014-01-06,1.3475,-0.02185
2014-01-07,1.3602,0.009425
2014-01-08,1.3738,0.009999
2014-01-09,1.3571,-0.012156
2014-01-10,1.3488,-0.006116
2014-01-13,1.346,-0.002076
2014-01-14,1.364,0.013373
2014-01-15,1.3756,0.008504
2014-01-16,1.3706,-0.003635
2014-01-17,1.3498,-0.015176
2014-01-20,1.329,-0.01541
2014-01-21,1.3356,0.004966
2014-01-22,1.3621,0.019841
2014-01-23,1.3669,0.003524
2014-01-24,1.3697,0.002048
2014-01-27,1.3482,-0.015697
2014-01-28,1.3414,-0.005044
2014-01-29,1.3486,0.005368
2014-01-30,1.3371,-0.008527
2014-02-07,1.3485,0.008526
2014-02-10,1.3854,0.027364
2014-02-11,1.3809,-0.003248
2014-02-12,1.3891,0.005938
2014-02-13,1.3712,-0.012886
2014-02-14,1.3855,0.010429
2014-02-17,1.3911,0.004042
2014-02-18,1.3759,-0.010927
2014-02-19,1.3757,-0.000145
2014-02-20,1.3664,-0.00676
2014-02-21,1.3613,-0.003732
2014-02-24,1.3442,-0.012562
2014-02-25,1.2991,-0.033552
2014-02-26,1.2995,0.000308
2014-02-27,1.2744,-0.019315
2014-02-28,1.2916,0.013497
2014-03-03,1.3124,0.016104
2014-03-04,1.2995,-0.009829
2014-03-05,1.2928,-0.005156
2014-03-06,1.2926,-0.000155
2014-03-07,1.3012,0.006653
2014-03-10,1.2846,-0.012757
2014-03-11,1.2929,0.006461
2014-03-12,1.2871,-0.004486
2014-03-13,1.3053,0.01414
2014-03-14,1.2964,-0.006818
2014-03-17,1.3146,0.014039
2014-03-18,1.3098,-0.003651
2014-03-19,1.2894,-0.015575
2014-03-20,1.2599,-0.022879
2014-03-21,1.2699,0.007937
2014-03-24,1.2601,-0.007717
2014-03-25,1.26,-7.9e-05
2014-03-26,1.2727,0.010079
2014-03-27,1.2452,-0.021608
2014-03-28,1.2276,-0.014134
2014-03-31,1.2322,0.003747
2014-04-01,1.2428,0.008602
2014-04-02,1.2283,-0.011667
2014-04-03,1.224,-0.003501
2014-04-04,1.2433,0.015768
2014-04-08,1.2672,0.019223
2014-04-09,1.2792,0.00947
2014-04-10,1.2855,0.004925
2014-04-11,1.2931,0.005912
2014-04-14,1.2944,0.001005
2014-04-15,1.2871,-0.00564
2014-04-16,1.2813,-0.004506
2014-04-17,1.2767,-0.00359
2014-04-18,1.2824,0.004465
2014-04-21,1.2685,-0.010839
2014-04-22,1.2577,-0.008514
2014-04-23,1.2551,-0.002067
2014-04-24,1.2421,-0.010358
2014-04-25,1.222,-0.016182
2014-04-28,1.1961,-0.021195
2014-04-29,1.2151,0.015885
2014-04-30,1.2265,0.009382
2014-05-05,1.2379,0.009295
2014-05-06,1.2395,0.001293
2014-05-07,1.2202,-0.015571
2014-05-08,1.2139,-0.005163
2014-05-09,1.2055,-0.00692
2014-05-12,1.2177,0.01012
2014-05-13,1.2195,0.001478
2014-05-14,1.2177,-0.001476
2014-05-15,1.1987,-0.015603
2014-05-16,1.1929,-0.004839
2014-05-19,1.1876,-0.004443
2014-05-20,1.1889,0.001095
2014-05-21,1.1969,0.006729
2014-05-22,1.2027,0.004846
2014-05-23,1.2106,0.006569
2014-05-26,1.2252,0.01206
2014-05-27,1.2184,-0.00555
2014-05-28,1.2348,0.01346
2014-05-29,1.2282,-0.005345
2014-05-30,1.2287,0.000407
2014-06-03,1.2222,-0.00529
2014-06-04,1.2148,-0.006055
2014-06-05,1.2263,0.009467
2014-06-06,1.2213,-0.004077
2014-06-09,1.2129,-0.006878
2014-06-10,1.2245,0.009564
2014-06-11,1.2324,0.006452
2014-06-12,1.2372,0.003895
2014-06-13,1.2434,0.005011
2014-06-16,1.2458,0.00193
2014-06-17,1.2332,-0.010114
2014-06-18,1.2282,-0.004054
2014-06-19,1.2059,-0.018157
2014-06-20,1.2121,0.005141
2014-06-23,1.2217,0.00792
2014-06-24,1.2298,0.00663
2014-06-25,1.2285,-0.001057
2014-06-26,1.242,0.010989
2014-06-27,1.2467,0.003784
2014-06-30,1.256,0.00746
2014-07-01,1.2547,-0.001035
2014-07-02,1.2529,-0.001435
2014-07-03,1.2615,0.006864
2014-07-04,1.2566,-0.003884
2014-07-07,1.2483,-0.006605
2014-07-08,1.2552,0.005528
2014-07-09,1.2343,-0.016651
2014-07-10,1.2233,-0.008912
2014-07-11,1.2244,0.000899
2014-07-14,1.234,0.007841
2014-07-15,1.2325,-0.001216
2014-07-16,1.215,-0.014199
2014-07-17,1.2089,-0.005021
2014-07-18,1.215,0.005046
2014-07-21,1.2225,0.006173
2014-07-22,1.2337,0.009162
2014-07-23,1.2159,-0.014428
2014-07-24,1.2161,0.000164
2014-07-25,1.2247,0.007072
2014-07-28,1.2465,0.0178
2014-07-29,1.2577,0.008985
2014-07-30,1.2659,0.00652
2014-07-31,1.2733,0.005846
2014-08-01,1.2734,7.9e-05
2014-08-04,1.2827,0.007303
2014-08-05,1.2866,0.00304
2014-08-06,1.2857,-0.0007
2014-08-07,1.2734,-0.009567
2014-08-08,1.2796,0.004869
2014-08-11,1.2949,0.011957
2014-08-12,1.2937,-0.000927
2014-08-13,1.288,-0.004406
2014-08-14,1.2793,-0.006755
2014-08-15,1.2884,0.007113
2014-08-18,1.3019,0.010478
2014-08-19,1.3039,0.001536
2014-08-20,1.298,-0.004525
2014-08-21,1.3001,0.001618
2014-08-22,1.3121,0.00923
2014-08-25,1.3049,-0.005487
2014-08-26,1.2865,-0.014101
2014-08-27,1.2875,0.000777
2014-08-28,1.2777,-0.007612
2014-08-29,1.291,0.010409
2014-09-01,1.312,0.016266
2014-09-02,1.3229,0.008308
2014-09-03,1.3347,0.00892
2014-09-04,1.3385,0.002847
2014-09-05,1.3429,0.003287
2014-09-09,1.344,0.000819
2014-09-10,1.3464,0.001786
2014-09-11,1.3355,-0.008096
2014-09-12,1.3425,0.005241
2014-09-15,1.3469,0.003277
2014-09-16,1.3104,-0.027099
2014-09-17,1.3212,0.008242
2014-09-18,1.3322,0.008326
2014-09-19,1.3423,0.007581
2014-09-22,1.3209,-0.015943
2014-09-23,1.3327,0.008933
2014-09-24,1.3459,0.009905
2014-09-25,1.3431,-0.00208
2014-09-26,1.3403,-0.002085
2014-09-29,1.3481,0.00582
2014-09-30,1.3537,0.004154
2014-10-08,1.3759,0.016399
2014-10-09,1.378,0.001526
2014-10-10,1.3708,-0.005225
2014-10-13,1.3654,-0.003939
2014-10-14,1.3576,-0.005713
2014-10-15,1.36,0.001768
2014-10-16,1.3388,-0.015588
2014-10-17,1.3359,-0.002166
2014-10-20,1.3491,0.009881
2014-10-21,1.344,-0.00378
2014-10-22,1.3328,-0.008333
2014-10-23,1.3208,-0.009004
2014-10-24,1.3194,-0.00106
2014-10-27,1.3235,0.003107
2014-10-28,1.3413,0.013449
2014-10-29,1.3506,0.006934
2014-10-30,1.3509,0.000222
2014-10-31,1.3456,-0.003923
2014-11-03,1.3485,0.002155
2014-11-04,1.3389,-0.007119
2014-11-05,1.3356,-0.002465
2014-11-06,1.3485,0.009659
2014-11-07,1.3392,-0.006897
2014-11-10,1.3446,0.004032
2014-11-11,1.3164,-0.020973
2014-11-12,1.327,0.008052
2014-11-13,1.3118,-0.011454
2014-11-14,1.3125,0.000534
2014-11-17,1.321,0.006476
2014-11-18,1.3245,0.00265
2014-11-19,1.3311,0.004983
2014-11-20,1.3239,-0.005409
2014-11-21,1.3346,0.008082
2014-11-24,1.3371,0.001873
2014-11-25,1.3517,0.010919
2014-11-26,1.3554,0.002737
2014-11-27,1.3646,0.006788
2014-11-28,1.3707,0.00447
2014-12-01,1.372,0.000948
2014-12-02,1.3887,0.012172
2014-12-03,1.4015,0.009217
2014-12-04,1.4341,0.023261
2014-12-05,1.4198,-0.009971
2014-12-08,1.4209,0.000775
2014-12-09,1.3586,-0.043845
2014-12-10,1.4004,0.030767
2014-12-11,1.4009,0.000357
2014-12-12,1.4203,0.013848
2014-12-15,1.4507,0.021404
2014-12-16,1.4576,0.004756
2014-12-17,1.4554,-0.001509
2014-12-18,1.4498,-0.003848
2014-12-19,1.4358,-0.009657
2014-12-22,1.3889,-0.032665
2014-12-23,1.3739,-0.0108
2014-12-24,1.3885,0.010627
2014-12-25,1.4071,0.013396
2014-12-26,1.4191,0.008528
2014-12-29,1.3932,-0.018251
2014-12-30,1.3761,-0.012274
2014-12-31,1.3941,0.01308
2015-01-05,1.4109,0.012051
2015-01-06,1.4339,0.016302
2015-01-07,1.4288,-0.003557
2015-01-08,1.4296,0.00056
2015-01-09,1.4351,0.003847
2015-01-12,1.4514,0.011358
2015-01-13,1.4724,0.014469
2015-01-14,1.4624,-0.006792
2015-01-15,1.4694,0.004787
2015-01-16,1.5011,0.021573
2015-01-19,1.4786,-0.014989
2015-01-20,1.5399,0.041458
2015-01-21,1.5555,0.010131
2015-01-22,1.5702,0.00945
2015-01-23,1.5451,-0.015985
2015-01-26,1.5757,0.019805
2015-01-27,1.5746,-0.000698
2015-01-28,1.5658,-0.005589
2015-01-29,1.5628,-0.001916
2015-01-30,1.5407,-0.014141
2015-02-02,1.5515,0.00701
2015-02-03,1.5859,0.022172
2015-02-04,1.5862,0.000189
2015-02-05,1.5919,0.003593
2015-02-06,1.5671,-0.015579
2015-02-09,1.5631,-0.002552
2015-02-10,1.5841,0.013435
2015-02-11,1.6107,0.016792
2015-02-12,1.6204,0.006022
2015-02-13,1.6422,0.013453
2015-02-16,1.6845,0.025758
2015-02-17,1.6891,0.002731
2015-02-25,1.6608,-0.016754
2015-02-26,1.6613,0.000301
2015-02-27,1.6803,0.011437
2015-03-02,1.7163,0.021425
2015-03-03,1.7059,-0.00606
2015-03-04,1.7366,0.017996
2015-03-05,1.7239,-0.007313
2015-03-06,1.6829,-0.023783
2015-03-09,1.7216,0.022996
2015-03-10,1.7447,0.013418
2015-03-11,1.7302,-0.008311
2015-03-12,1.7231,-0.004104
2015-03-13,1.7582,0.02037
2015-03-16,1.8237,0.037254
2015-03-17,1.8294,0.003126
2015-03-18,1.853,0.0129
2015-03-19,1.8634,0.005613
2015-03-20,1.9084,0.024149
2015-03-23,1.9674,0.030916
2015-03-24,2.0007,0.016926
2015-03-25,2.0091,0.004199
2015-03-26,1.9393,-0.034742
2015-03-27,1.96,0.010674
2015-03-30,1.9503,-0.004949
2015-03-31,1.9819,0.016203
2015-04-01,2.0343,0.026439
2015-04-02,2.0613,0.013272
2015-04-03,2.0747,0.006501
2015-04-07,2.1158,0.01981
2015-04-08,2.0819,-0.016022
2015-04-09,2.0893,0.003554
2015-04-10,2.1555,0.031685
2015-04-13,2.2124,0.026398
2015-04-14,2.2223,0.004475
2015-04-15,2.1462,-0.034244
2015-04-16,2.19,0.020408
2015-04-17,2.1727,-0.0079
2015-04-20,2.0971,-0.034795
2015-04-21,2.1812,0.040103
2015-04-22,2.2458,0.029617
2015-04-23,2.2705,0.010998
2015-04-24,2.2558,-0.006474
2015-04-27,2.2841,0.012545
2015-04-28,2.2376,-0.020358
2015-04-29,2.2661,0.012737
2015-04-30,2.2798,0.006046
2015-05-04,2.3028,0.010089
2015-05-05,2.2525,-0.021843
2015-05-06,2.2578,0.002353
2015-05-07,2.2406,-0.007618
2015-05-08,2.3243,0.037356
2015-05-11,2.4281,0.044659
2015-05-12,2.4943,0.027264
2015-05-13,2.4949,0.000241
2015-05-14,2.4903,-0.001844
2015-05-15,2.5028,0.005019
2015-05-18,2.5873,0.033762
2015-05-19,2.6152,0.010783
2015-05-20,2.7149,0.038123
2015-05-21,2.8055,0.033371
2015-05-22,2.8126,0.002531
2015-05-25,2.8168,0.001493
2015-05-26,2.9081,0.032413
2015-05-27,2.9342,0.008975
2015-05-28,2.7895,-0.049315
2015-05-29,2.8259,0.013049
2015-06-01,2.9465,0.042677
2015-06-02,3.0426,0.032615
2015-06-03,3.0588,0.005324
2015-06-04,3.0411,-0.005787
2015-06-05,3.0421,0.000329
2015-06-08,2.9456,-0.031722
2015-06-09,2.9499,0.00146
2015-06-10,3.0262,0.025865
2015-06-11,3.0624,0.011962
2015-06-12,3.0536,-0.002874
2015-06-15,2.9316,-0.039953
2015-06-16,2.8246,-0.036499
2015-06-17,2.9011,0.027083
2015-06-18,2.7763,-0.043018
2015-06-19,2.6428,-0.048086
2015-06-23,2.6658,0.008703
2015-06-24,2.682,0.006077
2015-06-25,2.5718,-0.041089
2015-06-26,2.3903,-0.070573
2015-06-29,2.2546,-0.056771
2015-06-30,2.3679,0.050253
2015-07-01,2.2975,-0.029731
2015-07-02,2.2159,-0.035517
2015-07-03,2.1751,-0.018412
2015-07-06,2.0728,-0.047032
2015-07-07,1.9541,-0.057266
2015-07-08,1.8579,-0.04923
2015-07-09,1.9294,0.038484
2015-07-10,2.0241,0.049083
2015-07-13,2.165,0.069611
2015-07-14,2.2147,0.022956
2015-07-15,2.0753,-0.062943
2015-07-16,2.0835,0.003951
2015-07-17,2.192,0.052076
2015-07-20,2.2347,0.01948
2015-07-21,2.284,0.022061
2015-07-22,2.2992,0.006655
2015-07-23,2.3728,0.032011
2015-07-24,2.3429,-0.012601
2015-07-27,2.1806,-0.069273
2015-07-28,2.1235,-0.026185
2015-07-29,2.1874,0.030092
2015-07-30,2.0977,-0.041008
2015-07-31,2.088,-0.004624
2015-08-03,2.024,-0.030651
2015-08-04,2.1089,0.041947
2015-08-05,2.0753,-0.015932
2015-08-06,2.0582,-0.00824
2015-08-07,2.1142,0.027208
2015-08-10,2.1989,0.040062
2015-08-11,2.1959,-0.001364
2015-08-12,2.1527,-0.019673
2015-08-13,2.1781,0.011799
2015-08-14,2.1758,-0.001056
2015-08-17,2.1654,-0.00478
2015-08-18,2.0361,-0.059712
2015-08-19,2.0709,0.017091
2015-08-20,2.0275,-0.020957
2015-08-21,1.9426,-0.041874
2015-08-24,1.8213,-0.062442
2015-08-25,1.7137,-0.059079
2015-08-26,1.6762,-0.021882
2015-08-27,1.7274,0.030545
2015-08-28,1.8059,0.045444
2015-08-31,1.7568,-0.027189
2015-09-01,1.6881,-0.039105
2015-09-02,1.6661,-0.013032
2015-09-07,1.6749,0.005282
2015-09-08,1.7436,0.041017
2015-09-09,1.7979,0.031142
2015-09-10,1.7808,-0.009511
2015-09-11,1.7882,0.004155
2015-09-14,1.6939,-0.052735
2015-09-15,1.6377,-0.033178
2015-09-16,1.732,0.057581
2015-09-17,1.7236,-0.00485
2015-09-18,1.7494,0.014969
2015-09-21,1.8243,0.042815
2015-09-22,1.8265,0.001206
2015-09-23,1.8193,-0.003942
2015-09-24,1.853,0.018524
2015-09-25,1.8077,-0.024447
2015-09-28,1.8621,0.030093
2015-09-29,1.8479,-0.007626
2015-09-30,1.8441,-0.002056
2015-10-08,1.8937,0.026897
2015-10-09,1.9111,0.009188
2015-10-12,1.9756,0.03375
2015-10-13,2.0102,0.017514
2015-10-14,1.979,-0.015521
2015-10-15,2.0314,0.026478
2015-10-16,2.0484,0.008369
2015-10-19,2.036,-0.006054
2015-10-20,2.0777,0.020481
2015-10-21,1.9711,-0.051307
2015-10-22,2.0626,0.046421
2015-10-23,2.1304,0.032871
2015-10-26,2.135,0.002159
2015-10-27,2.1491,0.006604
2015-10-28,2.0855,-0.029594
2015-10-29,2.0987,0.006329
2015-10-30,2.0853,-0.006385
2015-11-02,2.0401,-0.021676
2015-11-03,2.0341,-0.002941
2015-11-04,2.1278,0.046065
2015-11-05,2.108,-0.009305
2015-11-06,2.1536,0.021632
2015-11-09,2.1976,0.020431
2015-11-10,2.2046,0.003185
2015-11-11,2.2286,0.010886
2015-11-12,2.2424,0.006192
2015-11-13,2.1758,-0.0297
2015-11-16,2.2278,0.023899
2015-11-17,2.2134,-0.006464
2015-11-18,2.1919,-0.009714
2015-11-19,2.2586,0.03043
2015-11-20,2.2907,0.014212
2015-11-23,2.2645,-0.011438
2015-11-24,2.2868,0.009848
2015-11-25,2.3423,0.02427
2015-11-26,2.3048,-0.01601
2015-11-27,2.1894,-0.050069
2015-11-30,2.2151,0.011738
2015-12-01,2.1946,-0.009255
2015-12-02,2.1876,-0.00319
2015-12-03,2.2558,0.031176
2015-12-04,2.2373,-0.008201
2015-12-07,2.2675,0.013498
2015-12-08,2.2329,-0.015259
2015-12-09,2.2126,-0.009091
2015-12-10,2.2163,0.001672
2015-12-11,2.1959,-0.009205
2015-12-14,2.2319,0.016394
2015-12-15,2.2547,0.010216
2015-12-16,2.2559,0.000532
2015-12-17,2.3032,0.020967
2015-12-18,2.2904,-0.005557
2015-12-21,2.29,-0.000175
2015-12-22,2.3022,0.005328
2015-12-23,2.2754,-0.011641
2015-12-24,2.27,-0.002373
2015-12-25,2.2871,0.007533
2015-12-28,2.2543,-0.014341
2015-12-29,2.2582,0.00173
2015-12-30,2.3043,0.020414
2015-12-31,2.2743,-0.013019
2016-01-04,2.1103,-0.07211
2016-01-05,2.065,-0.021466
2016-01-06,2.1049,0.019322
2016-01-07,1.9451,-0.075918
2016-01-08,1.9495,0.002262
2016-01-11,1.8216,-0.065607
2016-01-12,1.8097,-0.006533
2016-01-13,1.7338,-0.041941
2016-01-14,1.8026,0.039682
2016-01-15,1.7419,-0.033674
2016-01-18,1.7713,0.016878
2016-01-19,1.8344,0.035624
2016-01-20,1.8179,-0.008995
2016-01-21,1.7466,-0.039221
2016-01-22,1.7601,0.007729
2016-01-25,1.7758,0.00892
2016-01-26,1.6661,-0.061775
2016-01-27,1.6375,-0.017166
2016-01-28,1.5742,-0.038656
2016-01-29,1.6292,0.034938
2016-02-01,1.6173,-0.007304
2016-02-02,1.6801,0.03883
2016-02-03,1.6903,0.006071
2016-02-04,1.7265,0.021416
2016-02-05,1.7135,-0.00753
2016-02-15,1.7144,0.000525
2016-02-16,1.7765,0.036223
2016-02-17,1.7952,0.010526
2016-02-18,1.786,-0.005125
2016-02-19,1.7927,0.003751
2016-02-22,1.8192,0.014782
2016-02-23,1.8064,-0.007036
2016-02-24,1.7979,-0.004705
2016-02-25,1.6847,-0.062962
2016-02-26,1.6671,-0.010447
2016-02-29,1.5732,-0.056325
2016-03-01,1.5929,0.012522
2016-03-02,1.6567,0.040053
2016-03-03,1.6535,-0.001932
2016-03-04,1.6022,-0.031025
2016-03-07,1.6337,0.01966
2016-03-08,1.6514,0.010834
2016-03-09,1.6334,-0.0109
2016-03-10,1.6124,-0.012857
2016-03-11,1.6105,-0.001178
2016-03-14,1.6686,0.036076
2016-03-15,1.6514,-0.010308
2016-03-16,1.6385,-0.007812
2016-03-17,1.6977,0.036131
2016-03-18,1.7508,0.031278
2016-03-21,1.789,0.021819
2016-03-22,1.7859,-0.001733
2016-03-23,1.7931,0.004032
2016-03-24,1.7745,-0.010373
2016-03-25,1.7767,0.00124
2016-03-28,1.7706,-0.003433
2016-03-29,1.7334,-0.02101
2016-03-30,1.7836,0.02896
2016-03-31,1.785,0.000785
2016-04-01,1.7726,-0.006947
2016-04-05,1.8105,0.021381
2016-04-06,1.8172,0.003701
2016-04-07,1.7983,-0.010401
2016-04-08,1.7829,-0.008564
2016-04-11,1.8165,0.018846
2016-04-12,1.801,-0.008533
2016-04-13,1.8212,0.011216
2016-04-14,1.8382,0.009335
2016-04-15,1.8314,-0.003699
2016-04-18,1.8159,-0.008463
2016-04-19,1.8184,0.001377
2016-04-20,1.7621,-0.030961
2016-04-21,1.7414,-0.011747
2016-04-22,1.747,0.003216
2016-04-25,1.735,-0.006869
2016-04-26,1.7567,0.012507
2016-04-27,1.7548,-0.001082
2016-04-28,1.7527,-0.001197
2016-04-29,1.7488,-0.002225
2016-05-03,1.7891,0.023044
2016-05-04,1.7943,0.002906
2016-05-05,1.7974,0.001728
2016-05-06,1.7445,-0.029431
2016-05-09,1.6949,-0.028432
2016-05-10,1.6932,-0.001003
2016-05-11,1.6775,-0.009272
2016-05-12,1.6832,0.003398
2016-05-13,1.6799,-0.001961
2016-05-16,1.7001,0.012025
2016-05-17,1.6953,-0.002823
2016-05-18,1.6641,-0.018404
2016-05-19,1.6714,0.004387
2016-05-20,1.6821,0.006402
2016-05-23,1.7031,0.012484
2016-05-24,1.6896,-0.007927
2016-05-25,1.6864,-0.001894
2016-05-26,1.6919,0.003261
2016-05-27,1.6876,-0.002542
2016-05-30,1.6837,-0.002311
2016-05-31,1.7339,0.029815
2016-06-01,1.7397,0.003345
2016-06-02,1.7455,0.003334
2016-06-03,1.7542,0.004984
2016-06-06,1.7597,0.003135
2016-06-07,1.7623,0.001478
2016-06-08,1.7576,-0.002667
2016-06-13,1.696,-0.035048
2016-06-14,1.7103,0.008432
2016-06-15,1.7513,0.023972
2016-06-16,1.7531,0.001028
2016-06-17,1.7598,0.003822
2016-06-20,1.7684,0.004887
2016-06-21,1.7533,-0.008539
2016-06-22,1.7651,0.00673
2016-06-23,1.7508,-0.008102
2016-06-24,1.7515,0.0004
2016-06-27,1.783,0.017985
2016-06-28,1.7966,0.007628
2016-06-29,1.7964,-0.000111
2016-06-30,1.7865,-0.005511
2016-07-01,1.7825,-0.002239
2016-07-04,1.8005,0.010098
2016-07-05,1.8068,0.003499
2016-07-06,1.8216,0.008191
2016-07-07,1.8194,-0.001208
2016-07-08,1.8156,-0.002089
2016-07-11,1.8199,0.002368
2016-07-12,1.8399,0.01099
2016-07-13,1.8468,0.00375
2016-07-14,1.845,-0.000975
2016-07-15,1.8413,-0.002005
2016-07-18,1.8271,-0.007712
2016-07-19,1.8314,0.002353
2016-07-20,1.8336,0.001201
2016-07-21,1.8326,-0.000545
2016-07-22,1.8132,-0.010586
2016-07-25,1.8121,-0.000607
2016-07-26,1.8329,0.011478
2016-07-27,1.776,-0.031044
2016-07-28,1.7702,-0.003266
2016-07-29,1.7768,0.003728
2016-08-01,1.7607,-0.009061
2016-08-02,1.7671,0.003635
2016-08-03,1.7685,0.000792
2016-08-04,1.7699,0.000792
2016-08-05,1.763,-0.003899
2016-08-08,1.7724,0.005332
2016-08-09,1.7842,0.006658
2016-08-10,1.7832,-0.00056
2016-08-11,1.7644,-0.010543
2016-08-12,1.772,0.004307
2016-08-15,1.802,0.01693
2016-08-16,1.8048,0.001554
2016-08-17,1.8081,0.001828
2016-08-18,1.8019,-0.003429
2016-08-19,1.7998,-0.001165
2016-08-22,1.7874,-0.00689
2016-08-23,1.7881,0.000392
2016-08-24,1.7912,0.001734
2016-08-25,1.7769,-0.007983
2016-08-26,1.7831,0.003489
2016-08-29,1.7823,-0.000449
2016-08-30,1.7795,-0.001571
2016-08-31,1.7806,0.000618
2016-09-01,1.768,-0.007076
2016-09-02,1.7586,-0.005317
2016-09-05,1.7621,0.00199
2016-09-06,1.7775,0.00874
2016-09-07,1.7735,-0.00225
2016-09-08,1.7811,0.004285
2016-09-09,1.7716,-0.005334
2016-09-12,1.7372,-0.019417
2016-09-13,1.7438,0.003799
2016-09-14,1.7356,-0.004702
2016-09-19,1.753,0.010025
2016-09-20,1.7512,-0.001027
2016-09-21,1.7572,0.003426
2016-09-22,1.7647,0.004268
2016-09-23,1.7609,-0.002153
2016-09-26,1.7455,-0.008746
2016-09-27,1.7519,0.003667
2016-09-28,1.7479,-0.002283
2016-09-29,1.7497,0.00103
2016-09-30,1.7581,0.004801
2016-10-10,1.7772,0.010864
2016-10-11,1.7787,0.000844
2016-10-12,1.7767,-0.001124
2016-10-13,1.7737,-0.001689
2016-10-14,1.7701,-0.00203
2016-10-17,1.7651,-0.002825
2016-10-18,1.7797,0.008271
2016-10-19,1.7725,-0.004046
2016-10-20,1.7735,0.000564
2016-10-21,1.7712,-0.001297
2016-10-24,1.7757,0.002541
2016-10-25,1.7789,0.001802
2016-10-26,1.7731,-0.00326
2016-10-27,1.777,0.0022
2016-10-28,1.7669,-0.005684
2016-10-31,1.7663,-0.00034
2016-11-01,1.7773,0.006228
2016-11-02,1.7698,-0.00422
2016-11-03,1.771,0.000678
2016-11-04,1.7591,-0.006719
2016-11-07,1.7577,-0.000796
2016-11-08,1.7677,0.005689
2016-11-09,1.7609,-0.003847
2016-11-10,1.7709,0.005679
2016-11-11,1.7678,-0.001751
2016-11-14,1.7665,-0.000735
2016-11-15,1.7747,0.004642
2016-11-16,1.7732,-0.000845
2016-11-17,1.7696,-0.00203
2016-11-18,1.764,-0.003165
2016-11-21,1.7645,0.000283
2016-11-22,1.7719,0.004194
2016-11-23,1.7745,0.001467
2016-11-24,1.7761,0.000902
2016-11-25,1.7823,0.003491
2016-11-28,1.7926,0.005779
2016-11-29,1.7924,-0.000112
2016-11-30,1.7845,-0.004407
2016-12-01,1.7954,0.006108
2016-12-02,1.7765,-0.010527
2016-12-05,1.7639,-0.007093
2016-12-06,1.7675,0.002041
2016-12-07,1.7759,0.004752
2016-12-08,1.7804,0.002534
2016-12-09,1.7805,5.6e-05
2016-12-12,1.7256,-0.030834
2016-12-13,1.7294,0.002202
2016-12-14,1.7258,-0.002082
2016-12-15,1.7241,-0.000985
2016-12-16,1.7333,0.005336
2016-12-19,1.7317,-0.000923
2016-12-20,1.7242,-0.004331
2016-12-21,1.7334,0.005336
2016-12-22,1.7263,-0.004096
2016-12-23,1.7144,-0.006893
2016-12-26,1.721,0.00385
2016-12-27,1.7219,0.000523
2016-12-28,1.7175,-0.002555
2016-12-29,1.7134,-0.002387
2016-12-30,1.7158,0.001401
2016-12-31,1.7157,-5.8e-05
2017-01-03,1.7285,0.007461
2017-01-04,1.7474,0.010934
2017-01-05,1.748,0.000343
2017-01-06,1.7415,-0.003719
2017-01-09,1.7455,0.002297
2017-01-10,1.7454,-5.7e-05
2017-01-11,1.7285,-0.009683
2017-01-12,1.7113,-0.009951
2017-01-13,1.7023,-0.005259
2017-01-16,1.6803,-0.012924
2017-01-17,1.6916,0.006725
2017-01-18,1.6973,0.00337
2017-01-19,1.6956,-0.001002
2017-01-20,1.7109,0.009023
2017-01-23,1.7199,0.00526
2017-01-24,1.7233,0.001977
2017-01-25,1.7211,-0.001277
2017-01-26,1.728,0.004009
2017-02-03,1.7202,-0.004514
2017-02-06,1.7229,0.00157
2017-02-07,1.721,-0.001103
2017-02-08,1.7276,0.003835
2017-02-09,1.7372,0.005557
2017-02-10,1.7471,0.005699
2017-02-13,1.7574,0.005895
2017-02-14,1.7648,0.004211
2017-02-15,1.7501,-0.00833
2017-02-16,1.7557,0.0032
2017-02-17,1.7486,-0.004044
2017-02-20,1.7719,0.013325
2017-02-21,1.7752,0.001862
2017-02-22,1.7843,0.005126
2017-02-23,1.7765,-0.004371
2017-02-24,1.7706,-0.003321
2017-02-27,1.7533,-0.009771
2017-02-28,1.7614,0.00462
2017-03-01,1.7647,0.001874
2017-03-02,1.7544,-0.005837
2017-03-03,1.7532,-0.000684
2017-03-06,1.7696,0.009354
2017-03-07,1.7762,0.00373
2017-03-08,1.7713,-0.002759
2017-03-09,1.7598,-0.006492
2017-03-10,1.7674,0.004319
2017-03-13,1.7811,0.007751
2017-03-14,1.7836,0.001404
2017-03-15,1.7944,0.006055
2017-03-16,1.8004,0.003344
2017-03-17,1.7863,-0.007832
2017-03-20,1.7885,0.001232
2017-03-21,1.8061,0.009841
2017-03-22,1.8073,0.000664
2017-03-23,1.8138,0.003597
2017-03-24,1.8201,0.003473
2017-03-27,1.8059,-0.007802
2017-03-28,1.8043,-0.000886
2017-03-29,1.801,-0.001829
2017-03-30,1.7849,-0.008939
2017-03-31,1.8064,0.012045
2017-04-05,1.8265,0.011127
2017-04-06,1.8349,0.004599
2017-04-07,1.8312,-0.002016
2017-04-10,1.8182,-0.007099
2017-04-11,1.8119,-0.003465
2017-04-12,1.8107,-0.000662
2017-04-13,1.8251,0.007953
2017-04-14,1.8079,-0.009424
2017-04-17,1.8126,0.0026
2017-04-18,1.8184,0.0032
2017-04-19,1.8175,-0.000495
2017-04-20,1.8288,0.006217
2017-04-21,1.8266,-0.001203
2017-04-24,1.803,-0.01292
2017-04-25,1.8214,0.010205
2017-04-26,1.8225,0.000604
2017-04-27,1.8307,0.004499
2017-04-28,1.8232,-0.004097
2017-05-02,1.8262,0.001645
2017-05-03,1.8252,-0.000548
2017-05-04,1.8171,-0.004438
2017-05-05,1.811,-0.003357
2017-05-08,1.796,-0.008283
2017-05-09,1.798,0.001114
2017-05-10,1.7917,-0.003504
2017-05-11,1.8088,0.009544
2017-05-12,1.8164,0.004202
2017-05-15,1.8203,0.002147
2017-05-16,1.841,0.011372
2017-05-17,1.8262,-0.008039
2017-05-18,1.8214,-0.002628
2017-05-19,1.8251,0.002031
2017-05-22,1.8283,0.001753
2017-05-23,1.8276,-0.000383
2017-05-24,1.8258,-0.000985
2017-05-25,1.83,0.0023
2017-05-26,1.8325,0.001366
2017-05-31,1.8361,0.001965
2017-06-01,1.835,-0.000599
2017-06-02,1.8295,-0.002997
2017-06-05,1.8248,-0.002569
2017-06-06,1.8431,0.010028
2017-06-07,1.8686,0.013835
2017-06-08,1.8872,0.009954
2017-06-09,1.8874,0.000106
2017-06-12,1.8926,0.002755
2017-06-13,1.8958,0.001691
2017-06-14,1.8742,-0.011394
2017-06-15,1.8724,-0.00096
2017-06-16,1.869,-0.001816
2017-06-19,1.8843,0.008186
2017-06-20,1.8831,-0.000637
2017-06-21,1.908,0.013223
2017-06-22,1.8988,-0.004822
2017-06-23,1.9176,0.009901
2017-06-26,1.9344,0.008761
2017-06-27,1.9431,0.004498
2017-06-28,1.9194,-0.012197
2017-06-29,1.9283,0.004637
2017-06-30,1.9311,0.001452
2017-07-03,1.9208,-0.005334
2017-07-04,1.9097,-0.005779
2017-07-05,1.9309,0.011101
2017-07-06,1.9299,-0.000518
2017-07-07,1.9189,-0.0057
2017-07-10,1.9066,-0.00641
2017-07-11,1.9253,0.009808
2017-07-12,1.9174,-0.004103
2017-07-13,1.9196,0.001147
2017-07-14,1.9298,0.005314
2017-07-17,1.9048,-0.012955
2017-07-18,1.9005,-0.002257
2017-07-19,1.9173,0.00884
2017-07-20,1.9305,0.006885
2017-07-21,1.9217,-0.004558
2017-07-24,1.9323,0.005516
2017-07-25,1.9272,-0.002639
2017-07-26,1.9084,-0.009755
2017-07-27,1.9173,0.004664
2017-07-28,1.9297,0.006467
2017-07-31,1.9292,-0.000259
2017-08-01,1.947,0.009227
2017-08-02,1.9357,-0.005804
2017-08-03,1.9153,-0.010539
2017-08-04,1.9022,-0.00684
2017-08-07,1.9201,0.00941
2017-08-08,1.9204,0.000156
2017-08-09,1.9315,0.00578
2017-08-10,1.9252,-0.003262
2017-08-11,1.9023,-0.011895
2017-08-14,1.9257,0.012301
2017-08-15,1.9317,0.003116
2017-08-16,1.9231,-0.004452
2017-08-17,1.9195,-0.001872
2017-08-18,1.9263,0.003543
2017-08-21,1.9265,0.000104
2017-08-22,1.9295,0.001557
2017-08-23,1.9346,0.002643
2017-08-24,1.9284,-0.003205
2017-08-25,1.9437,0.007934
2017-08-28,1.963,0.00993
2017-08-29,1.9618,-0.000611
2017-08-30,1.9644,0.001325
2017-08-31,1.9621,-0.001171
2017-09-01,1.96,-0.00107
2017-09-04,1.9617,0.000867
2017-09-05,1.9714,0.004945
2017-09-06,1.9623,-0.004616
2017-09-07,1.9542,-0.004128
2017-09-08,1.9534,-0.000409
2017-09-11,1.9531,-0.000154
2017-09-12,1.9588,0.002918
2017-09-13,1.9648,0.003063
2017-09-14,1.9599,-0.002494
2017-09-15,1.9594,-0.000255
2017-09-18,1.9602,0.000408
2017-09-19,1.9576,-0.001326
2017-09-20,1.9643,0.003423
2017-09-21,1.9549,-0.004785
2017-09-22,1.9538,-0.000563
2017-09-25,1.953,-0.000409
2017-09-26,1.9537,0.000358
2017-09-27,1.9543,0.000307
2017-09-28,1.9567,0.001228
2017-09-29,1.9662,0.004855
2017-10-09,1.9851,0.009612
2017-10-10,1.9829,-0.001108
2017-10-11,1.9971,0.007161
2017-10-12,2.0105,0.00671
2017-10-13,2.0113,0.000398
2017-10-16,2.0083,-0.001492
2017-10-17,2.0116,0.001643
2017-10-18,2.0247,0.006512
2017-10-19,2.0271,0.001185
2017-10-20,2.0203,-0.003355
2017-10-23,2.0247,0.002178
2017-10-24,2.0416,0.008347
2017-10-25,2.0612,0.0096
2017-10-26,2.0648,0.001747
2017-10-27,2.0843,0.009444
2017-10-30,2.0812,-0.001487
2017-10-31,2.0804,-0.000384
2017-11-01,2.0749,-0.002644
2017-11-02,2.0826,0.003711
2017-11-03,2.0817,-0.000432
2017-11-06,2.112,0.014555
2017-11-07,2.1342,0.010511
2017-11-08,2.1252,-0.004217
2017-11-09,2.1505,0.011905
2017-11-10,2.1924,0.019484
2017-11-13,2.1927,0.000137
2017-11-14,2.1816,-0.005062
2017-11-15,2.1692,-0.005684
2017-11-16,2.201,0.01466
2017-11-17,2.1925,-0.003862
2017-11-20,2.2128,0.009259
2017-11-21,2.2477,0.015772
2017-11-22,2.2315,-0.007207
2017-11-23,2.1475,-0.037643
2017-11-24,2.1479,0.000186
2017-11-27,2.1255,-0.010429
2017-11-28,2.1277,0.001035
2017-11-29,2.1309,0.001504
2017-11-30,2.0876,-0.02032
2017-12-01,2.0887,0.000527
2017-12-04,2.1098,0.010102
2017-12-05,2.1158,0.002844
2017-12-06,2.1049,-0.005152
2017-12-07,2.0828,-0.010499
2017-12-08,2.1116,0.013828
2017-12-11,2.151,0.018659
2017-12-12,2.1267,-0.011297
2017-12-13,2.1472,0.009639
2017-12-14,2.1417,-0.002561
2017-12-15,2.1193,-0.010459
2017-12-18,2.1252,0.002784
2017-12-19,2.1616,0.017128
2017-12-20,2.1634,0.000833
2017-12-21,2.1987,0.016317
2017-12-22,2.1905,-0.003729
2017-12-25,2.1822,-0.003789
2017-12-26,2.1807,-0.000687
2017-12-27,2.1381,-0.019535
2017-12-28,2.155,0.007904
2017-12-29,2.1633,0.003852
2017-12-31,2.1632,-4.6e-05
2018-01-02,2.1894,0.012112
2018-01-03,2.1943,0.002238
2018-01-04,2.207,0.005788
2018-01-05,2.2144,0.003353
2018-01-08,2.218,0.001626
2018-01-09,2.2445,0.011948
2018-01-10,2.2495,0.002228
2018-01-11,2.2467,-0.001245
2018-01-12,2.2676,0.009303
2018-01-15,2.2789,0.004983
2018-01-16,2.3041,0.011058
2018-01-17,2.2765,-0.011979
2018-01-18,2.282,0.002416
2018-01-19,2.2763,-0.002498
2018-01-22,2.32,0.019198
2018-01-23,2.3476,0.011897
2018-01-24,2.3429,-0.002002
2018-01-25,2.3226,-0.008664
2018-01-26,2.3347,0.00521
2018-01-29,2.2813,-0.022872
2018-01-30,2.2612,-0.008811
2018-01-31,2.2893,0.012427
2018-02-01,2.2807,-0.003757
2018-02-02,2.2867,0.002631
2018-02-05,2.2671,-0.008571
2018-02-06,2.209,-0.025627
2018-02-07,2.138,-0.032141
2018-02-08,2.1297,-0.003882
2018-02-09,2.0616,-0.031976
2018-02-12,2.1052,0.021149
2018-02-13,2.1345,0.013918
2018-02-14,2.156,0.010073
2018-02-22,2.1948,0.017996
2018-02-23,2.1981,0.001504
2018-02-26,2.2174,0.00878
2018-02-27,2.1821,-0.01592
2018-02-28,2.1613,-0.009532
2018-03-01,2.1811,0.009161
2018-03-02,2.1683,-0.005869
2018-03-05,2.1628,-0.002537
2018-03-06,2.1891,0.01216
2018-03-07,2.1813,-0.003563
2018-03-08,2.2111,0.013662
2018-03-09,2.223,0.005382
2018-03-12,2.219,-0.001799
2018-03-13,2.2002,-0.008472
2018-03-14,2.198,-0.001
2018-03-15,2.2154,0.007916
2018-03-16,2.1987,-0.007538
2018-03-19,2.2109,0.005549
2018-03-20,2.2151,0.0019
2018-03-21,2.2076,-0.003386
2018-03-22,2.1775,-0.013635
2018-03-23,2.1286,-0.022457
2018-03-26,2.1216,-0.003289
2018-03-27,2.1293,0.003629
2018-03-28,2.0942,-0.016484
2018-03-29,2.114,0.009455
2018-03-30,2.1319,0.008467
2018-04-02,2.1284,-0.001642
2018-04-03,2.1203,-0.003806
2018-04-04,2.1073,-0.006131
2018-04-09,2.1072,-4.7e-05
2018-04-10,2.1289,0.010298
2018-04-11,2.1349,0.002818
2018-04-12,2.1252,-0.004544
2018-04-13,2.1112,-0.006588
2018-04-16,2.0999,-0.005352
2018-04-17,2.0682,-0.015096
2018-04-18,2.0959,0.013393
2018-04-19,2.1164,0.009781
2018-04-20,2.0933,-0.010915
2018-04-23,2.0778,-0.007405
2018-04-24,2.1229,0.021706
2018-04-25,2.1273,0.002073
2018-04-26,2.0876,-0.018662
2018-04-27,2.0861,-0.000719
2018-05-02,2.0829,-0.001534
2018-05-03,2.0962,0.006385
2018-05-04,2.0959,-0.000143
2018-05-07,2.1203,0.011642
2018-05-08,2.126,0.002688
2018-05-09,2.1226,-0.001599
2018-05-10,2.1374,0.006973
2018-05-11,2.1097,-0.01296
2018-05-14,2.1133,0.001706
2018-05-15,2.1259,0.005962
2018-05-16,2.1231,-0.001317
2018-05-17,2.1019,-0.009985
2018-05-18,2.1179,0.007612
2018-05-21,2.1319,0.00661
2018-05-22,2.1369,0.002345
2018-05-23,2.1201,-0.007862
2018-05-24,2.1112,-0.004198
2018-05-25,2.1075,-0.001753
2018-05-28,2.1123,0.002278
2018-05-29,2.0788,-0.015859
2018-05-30,2.045,-0.016259
2018-05-31,2.0801,0.017164
2018-06-01,2.0518,-0.013605
2018-06-04,2.0569,0.002486
2018-06-05,2.0858,0.01405
2018-06-06,2.0869,0.000527
2018-06-07,2.0771,-0.004696
2018-06-08,2.0663,-0.0052
2018-06-11,2.0543,-0.005807
2018-06-12,2.0784,0.011731
2018-06-13,2.0568,-0.010393
2018-06-14,2.0461,-0.005202
2018-06-15,2.0241,-0.010752
2018-06-19,1.9621,-0.030631
2018-06-20,1.9804,0.009327
2018-06-21,1.9585,-0.011058
2018-06-22,1.9733,0.007557
2018-06-25,1.9631,-0.005169
2018-06-26,1.9618,-0.000662
2018-06-27,1.9282,-0.017127
2018-06-28,1.9174,-0.005601
2018-06-29,1.9627,0.023626
2018-06-30,1.9626,-5.1e-05
2018-07-02,1.9391,-0.011974
2018-07-03,1.9434,0.002218
2018-07-04,1.9228,-0.0106
2018-07-05,1.8986,-0.012586
2018-07-06,1.9063,0.004056
2018-07-09,1.9581,0.027173
2018-07-10,1.9617,0.001839
2018-07-11,1.9378,-0.012183
2018-07-12,1.9771,0.020281
2018-07-13,1.9833,0.003136
2018-07-16,1.9963,0.006555
2018-07-17,1.9866,-0.004859
2018-07-18,1.9766,-0.005034
2018-07-19,1.9694,-0.003643
2018-07-20,1.9965,0.013761
2018-07-23,1.9972,0.000351
2018-07-24,2.0131,0.007961
2018-07-25,2.023,0.004918
2018-07-26,1.9928,-0.014928
2018-07-27,1.982,-0.00542
2018-07-30,1.9665,-0.00782
2018-07-31,1.9618,-0.00239
2018-08-01,1.941,-0.010603
2018-08-02,1.9106,-0.015662
2018-08-03,1.8769,-0.017638
2018-08-06,1.8464,-0.01625
2018-08-07,1.9,0.029029
2018-08-08,1.8696,-0.016
2018-08-09,1.9239,0.029044
2018-08-10,1.9355,0.006029
2018-08-13,1.9462,0.005528
2018-08-14,1.9315,-0.007553
2018-08-15,1.891,-0.020968
2018-08-16,1.877,-0.007403
2018-08-17,1.8402,-0.019606
2018-08-20,1.8452,0.002717
2018-08-21,1.88,0.01886
2018-08-22,1.87,-0.005319
2018-08-23,1.8908,0.011123
2018-08-24,1.8945,0.001957
2018-08-27,1.9439,0.026075
2018-08-28,1.9408,-0.001595
2018-08-29,1.922,-0.009687
2018-08-30,1.9051,-0.008793
2018-08-31,1.8824,-0.011915
2018-09-03,1.8971,0.007809
2018-09-04,1.9185,0.01128
2018-09-05,1.8893,-0.01522
2018-09-06,1.8774,-0.006299
2018-09-07,1.8726,-0.002557
2018-09-10,1.8528,-0.010574
2018-09-11,1.8568,0.002159
2018-09-12,1.8383,-0.009963
2018-09-13,1.8476,0.005059
2018-09-14,1.8196,-0.015155
2018-09-17,1.8012,-0.010112
2018-09-18,1.8286,0.015212
2018-09-19,1.855,0.014437
2018-09-20,1.8495,-0.002965
2018-09-21,1.8751,0.013842
2018-09-25,1.8743,-0.000427
2018-09-26,1.8906,0.008697
2018-09-27,1.8825,-0.004284
2018-09-28,1.8941,0.006162
2018-10-08,1.8399,-0.028615
2018-10-09,1.8301,-0.005326
2018-10-10,1.8249,-0.002841
2018-10-11,1.7403,-0.046359
2018-10-12,1.7669,0.015285
2018-10-15,1.7468,-0.011376
2018-10-16,1.7203,-0.015171
2018-10-17,1.7182,-0.001221
2018-10-18,1.6818,-0.021185
2018-10-19,1.7286,0.027827
2018-10-22,1.8052,0.044313
2018-10-23,1.7746,-0.016951
2018-10-24,1.7608,-0.007776
2018-10-25,1.7485,-0.006985
2018-10-26,1.7319,-0.009494
2018-10-29,1.6981,-0.019516
2018-10-30,1.7108,0.007479
2018-10-31,1.7291,0.010697
2018-11-01,1.7441,0.008675
2018-11-02,1.7983,0.031076
2018-11-05,1.7925,-0.003225
2018-11-06,1.7898,-0.001506
2018-11-07,1.7773,-0.006984
2018-11-08,1.7626,-0.008271
2018-11-09,1.7548,-0.004425
2018-11-12,1.7869,0.018293
2018-11-13,1.8013,0.008059
2018-11-14,1.7867,-0.008105
2018-11-15,1.8087,0.012313
2018-11-16,1.8111,0.001327
2018-11-19,1.8122,0.000607
2018-11-20,1.7786,-0.018541
2018-11-21,1.775,-0.002024
2018-11-22,1.7689,-0.003437
2018-11-23,1.7348,-0.019278
2018-11-26,1.7316,-0.001845
2018-11-27,1.7373,0.003292
2018-11-28,1.7528,0.008922
2018-11-29,1.7337,-0.010897
2018-11-30,1.7451,0.006576
2018-12-03,1.791,0.026302
2018-12-04,1.7952,0.002345
2018-12-05,1.7895,-0.003175
2018-12-06,1.7526,-0.02062
2018-12-07,1.7522,-0.000228
2018-12-10,1.7372,-0.008561
2018-12-11,1.7504,0.007598
2018-12-12,1.7508,0.000229
2018-12-13,1.7718,0.011995
2018-12-14,1.738,-0.019077
2018-12-17,1.7257,-0.007077
2018-12-18,1.7095,-0.009387
2018-12-19,1.6908,-0.010939
2018-12-20,1.6888,-0.001183
2018-12-21,1.6686,-0.011961
2018-12-24,1.6802,0.006952
2018-12-25,1.6748,-0.003214
2018-12-26,1.6651,-0.005792
2018-12-27,1.6583,-0.004084
2018-12-28,1.6589,0.000362
2018-12-31,1.6587,-0.000121
2019-01-02,1.6387,-0.012058
2019-01-03,1.6337,-0.003051
2019-01-04,1.6629,0.017874
2019-01-07,1.677,0.008479
2019-01-08,1.6738,-0.001908
2019-01-09,1.6787,0.002927
2019-01-10,1.6769,-0.001072
2019-01-11,1.6859,0.005367
2019-01-14,1.6718,-0.008363
2019-01-15,1.699,0.01627
2019-01-16,1.7026,0.002119
2019-01-17,1.6905,-0.007107
2019-01-18,1.7113,0.012304
2019-01-21,1.7271,0.009233
2019-01-22,1.7081,-0.011001
2019-01-23,1.706,-0.001229
2019-01-24,1.7205,0.008499
2019-01-25,1.7244,0.002267
2019-01-28,1.7201,-0.002494
2019-01-29,1.7218,0.000988
2019-01-30,1.7081,-0.007957
2019-01-31,1.7162,0.004742
2019-02-01,1.7425,0.015325
2019-02-11,1.7756,0.018996
2019-02-12,1.7817,0.003435
2019-02-13,1.8091,0.015379
2019-02-14,1.8074,-0.00094
2019-02-15,1.7779,-0.016322
2019-02-18,1.83,0.029304
2019-02-19,1.8208,-0.005027
2019-02-20,1.8172,-0.001977
2019-02-21,1.8152,-0.001101
2019-02-22,1.8634,0.026554
2019-02-25,1.9587,0.051143
2019-02-26,1.94,-0.009547
2019-02-27,1.916,-0.012371
2019-02-28,1.9194,0.001775
2019-03-01,1.9391,0.010264
2019-03-04,1.9608,0.011191
2019-03-05,1.9826,0.011118
2019-03-06,2.0031,0.01034
2019-03-07,2.0147,0.005791
2019-03-08,1.9479,-0.033156
2019-03-11,1.9967,0.025053
2019-03-12,2.036,0.019682
2019-03-13,1.99,-0.022593
2019-03-14,1.9556,-0.017286
2019-03-15,1.9745,0.009665
2019-03-18,2.0162,0.021119
2019-03-19,2.0115,-0.002331
2019-03-20,2.0053,-0.003082
2019-03-21,2.0173,0.005984
2019-03-22,2.0088,-0.004214
2019-03-25,1.9732,-0.017722
2019-03-26,1.9476,-0.012974
2019-03-27,1.9507,0.001592
2019-03-28,1.9571,0.003281
2019-03-29,2.0281,0.036278
2019-04-01,2.0781,0.024654
2019-04-02,2.073,-0.002454
2019-04-03,2.0966,0.011384
2019-04-04,2.0913,-0.002528
2019-04-08,2.0627,-0.013676
2019-04-09,2.0574,-0.002569
2019-04-10,2.0575,4.9e-05
2019-04-11,2.0277,-0.014484
2019-04-12,2.0275,-9.9e-05
2019-04-15,1.9981,-0.014501
2019-04-16,2.0268,0.014364
2019-04-17,2.0395,0.006266
2019-04-18,2.0224,-0.008384
2019-04-19,2.0327,0.005093
2019-04-22,2.0041,-0.01407
2019-04-23,1.9982,-0.002944
2019-04-24,2.0187,0.010259
2019-04-25,1.9862,-0.016099
2019-04-26,1.9718,-0.00725
2019-04-29,1.9636,-0.004159
2019-04-30,1.9668,0.00163
2019-05-06,1.8511,-0.058827
2019-05-07,1.8643,0.007131
2019-05-08,1.8481,-0.00869
2019-05-09,1.8319,-0.008766
2019-05-10,1.8855,0.029259
2019-05-13,1.8646,-0.011085
2019-05-14,1.8621,-0.001341
2019-05-15,1.8947,0.017507
2019-05-16,1.8941,-0.000317
2019-05-17,1.8579,-0.019112
2019-05-20,1.8404,-0.009419
2019-05-21,1.8569,0.008965
2019-05-22,1.8563,-0.000323
2019-05-23,1.8135,-0.023057
2019-05-24,1.812,-0.000827
2019-05-27,1.8431,0.017163
2019-05-28,1.8632,0.010906
2019-05-29,1.8596,-0.001932
2019-05-30,1.8509,-0.004678
2019-05-31,1.8493,-0.000864
2019-06-03,1.8456,-0.002001
2019-06-04,1.8307,-0.008073
2019-06-05,1.8249,-0.003168
2019-06-06,1.8091,-0.008658
2019-06-10,1.826,0.009342
2019-06-11,1.8747,0.02667
2019-06-12,1.8606,-0.007521
2019-06-13,1.863,0.00129
2019-06-14,1.8478,-0.008159
2019-06-17,1.8347,-0.00709
2019-06-18,1.8445,0.005341
2019-06-19,1.8758,0.016969
2019-06-20,1.9095,0.017966
2019-06-21,1.9366,0.014192
2019-06-24,1.9347,-0.000981
2019-06-25,1.9167,-0.009304
2019-06-26,1.9233,0.003443
2019-06-27,1.9456,0.011595
2019-06-28,1.9476,0.001028
2019-06-30,1.9474,-0.000103
2019-07-01,2.0013,0.027678
2019-07-02,2.0074,0.003048
2019-07-03,1.9867,-0.010312
2019-07-04,1.976,-0.005386
2019-07-05,1.9923,0.008249
2019-07-08,1.9494,-0.021533
2019-07-09,1.9566,0.003693
2019-07-10,1.9569,0.000153
2019-07-11,1.958,0.000562
2019-07-12,1.9594,0.000715
2019-07-15,1.9932,0.01725
2019-07-16,1.9883,-0.002458
2019-07-17,1.9841,-0.002112
2019-07-18,1.9649,-0.009677
2019-07-19,1.9761,0.0057
2019-07-22,1.9668,-0.004706
2019-07-23,1.9966,0.015152
2019-07-24,2.0191,0.011269
2019-07-25,2.0287,0.004755
2019-07-26,2.0344,0.00281
2019-07-29,2.0399,0.002703
2019-07-30,2.0436,0.001814
2019-07-31,2.04,-0.001762
2019-08-01,2.0341,-0.002892
2019-08-02,2.0161,-0.008849
2019-08-05,1.9827,-0.016567
2019-08-06,1.9731,-0.004842
2019-08-07,1.9664,-0.003396
2019-08-08,1.9943,0.014188
2019-08-09,1.9899,-0.002206
2019-08-12,2.0292,0.01975
2019-08-13,2.0062,-0.011335
2019-08-14,2.0183,0.006031
2019-08-15,2.042,0.011743
2019-08-16,2.0545,0.006121
2019-08-19,2.088,0.016306
2019-08-20,2.0673,-0.009914
2019-08-21,2.0656,-0.000822
2019-08-22,2.0723,0.003244
2019-08-23,2.0834,0.005356
2019-08-26,2.0569,-0.01272
2019-08-27,2.084,0.013175
2019-08-28,2.0806,-0.001631
2019-08-29,2.0802,-0.000192
2019-08-30,2.0722,-0.003846
2019-09-02,2.1022,0.014477
2019-09-03,2.1084,0.002949
2019-09-04,2.1116,0.001518
2019-09-05,2.1253,0.006488
2019-09-06,2.1427,0.008187
2019-09-09,2.1816,0.018155
2019-09-10,2.1621,-0.008938
2019-09-11,2.1393,-0.010545
2019-09-12,2.1554,0.007526
2019-09-16,2.1547,-0.000325
2019-09-17,2.1231,-0.014666
2019-09-18,2.1284,0.002496
2019-09-19,2.1482,0.009303
2019-09-20,2.1472,-0.000466
2019-09-23,2.1299,-0.008057
2019-09-24,2.1461,0.007606
2019-09-25,2.1216,-0.011416
2019-09-26,2.0826,-0.018382
2019-09-27,2.0947,0.00581
2019-09-30,2.0803,-0.006874
2019-10-08,2.059,-0.010239
2019-10-09,2.0609,0.000923
2019-10-10,2.092,0.01509
2019-10-11,2.0965,0.002151
2019-10-14,2.1192,0.010828
2019-10-15,2.0945,-0.011655
2019-10-16,2.0959,0.000668
2019-10-17,2.0992,0.001575
2019-10-18,2.0726,-0.012671
2019-10-21,2.0701,-0.001206
2019-10-22,2.0836,0.006521
2019-10-23,2.067,-0.007967
2019-10-24,2.0641,-0.001403
2019-10-25,2.0763,0.005911
2019-10-28,2.1212,0.021625
2019-10-29,2.0954,-0.012163
2019-10-30,2.0921,-0.001575
2019-10-31,2.0921,0.0
2019-11-01,2.1161,0.011472
2019-11-04,2.1359,0.009357
2019-11-05,2.1389,0.001405
2019-11-06,2.1261,-0.005984
2019-11-07,2.1295,0.001599
2019-11-08,2.1468,0.008124
2019-11-11,2.1209,-0.012064
2019-11-12,2.1162,-0.002216
2019-11-13,2.1172,0.000473
2019-11-14,2.1267,0.004487
2019-11-15,2.1231,-0.001693
2019-11-18,2.1333,0.004804
2019-11-19,2.1649,0.014813
2019-11-20,2.1593,-0.002587
2019-11-21,2.1474,-0.005511
2019-11-22,2.1269,-0.009546
2019-11-25,2.1163,-0.004984
2019-11-26,2.133,0.007891
2019-11-27,2.1276,-0.002532
2019-11-28,2.1183,-0.004371
2019-11-29,2.1172,-0.000519
2019-12-02,2.1151,-0.000992
2019-12-03,2.1292,0.006666
2019-12-04,2.123,-0.002912
2019-12-05,2.1452,0.010457
2019-12-06,2.1528,0.003543
2019-12-09,2.1475,-0.002462
2019-12-10,2.1542,0.00312
2019-12-11,2.1566,0.001114
2019-12-12,2.1576,0.000464
2019-12-13,2.184,0.012236
2019-12-16,2.2134,0.013462
2019-12-17,2.2334,0.009036
2019-12-18,2.2362,0.001254
2019-12-19,2.2274,-0.003935
2019-12-20,2.211,-0.007363
2019-12-23,2.1784,-0.014744
2019-12-24,2.2118,0.015332
2019-12-25,2.2234,0.005245
2019-12-26,2.2296,0.002789
2019-12-27,2.209,-0.009239
2019-12-30,2.2202,0.00507
2019-12-31,2.2247,0.002027
2020-01-02,2.2747,0.022475
2020-01-03,2.2719,-0.001231
2020-01-06,2.2898,0.007879
2020-01-07,2.3016,0.005153
2020-01-08,2.2916,-0.004345
2020-01-09,2.3301,0.0168
2020-01-10,2.3315,0.000601
2020-01-13,2.3706,0.01677
2020-01-14,2.3679,-0.001139
2020-01-15,2.3673,-0.000253
2020-01-16,2.3693,0.000845
2020-01-17,2.3715,0.000929
2020-01-20,2.379,0.003163
2020-01-21,2.3404,-0.016225
2020-01-22,2.3673,0.011494
2020-01-23,2.3003,-0.028302
2020-02-03,2.1463,-0.066948
2020-02-04,2.2111,0.030191
2020-02-05,2.2531,0.018995
2020-02-06,2.3092,0.024899
2020-02-07,2.3351,0.011216
2020-02-10,2.3484,0.005696
2020-02-11,2.3509,0.001065
2020-02-12,2.3921,0.017525
2020-02-13,2.3655,-0.01112
2020-02-14,2.3575,-0.003382
2020-02-17,2.4392,0.034655
2020-02-18,2.4634,0.009921
2020-02-19,2.4356,-0.011285
2020-02-20,2.4811,0.018681
2020-02-21,2.5089,0.011205
2020-02-24,2.5529,0.017538
2020-02-25,2.5776,0.009675
2020-02-26,2.4819,-0.037128
2020-02-27,2.4969,0.006044
2020-02-28,2.3986,-0.039369
2020-03-02,2.4659,0.028058
2020-03-03,2.4836,0.007178
2020-03-04,2.4749,-0.003503
2020-03-05,2.4685,-0.002586
2020-03-06,2.449,-0.0079
2020-03-09,2.3417,-0.043814
2020-03-10,2.4109,0.029551
2020-03-11,2.3649,-0.01908
2020-03-12,2.3279,-0.015645
2020-03-13,2.3225,-0.00232
2020-03-16,2.2134,-0.046975
2020-03-17,2.2049,-0.00384
2020-03-18,2.1694,-0.016101
2020-03-19,2.1786,0.004241
2020-03-20,2.202,0.010741
2020-03-23,2.118,-0.038147
2020-03-24,2.1524,0.016242
2020-03-25,2.2089,0.02625
2020-03-26,2.1911,-0.008058
2020-03-27,2.1763,-0.006755
2020-03-30,2.1296,-0.021458
2020-03-31,2.1333,0.001737
2020-04-01,2.1397,0.003
2020-04-02,2.1994,0.027901
2020-04-03,2.1759,-0.010685
2020-04-07,2.2241,0.022152
2020-04-08,2.2175,-0.002967
2020-04-09,2.2256,0.003653
2020-04-10,2.1766,-0.022017
2020-04-13,2.1346,-0.019296
2020-04-14,2.186,0.024079
2020-04-15,2.1808,-0.002379
2020-04-16,2.188,0.003302
2020-04-17,2.2077,0.009004
2020-04-20,2.2231,0.006976
2020-04-21,2.205,-0.008142
2020-04-22,2.2103,0.002404
2020-04-23,2.2023,-0.003619
2020-04-24,2.1951,-0.003269
2020-04-27,2.2047,0.004373
2020-04-28,2.2075,0.00127
2020-04-29,2.2277,0.009151
2020-04-30,2.2964,0.030839
2020-05-06,2.3316,0.015328
2020-05-07,2.3282,-0.001458
2020-05-08,2.3431,0.0064
2020-05-11,2.3476,0.001921
2020-05-12,2.3602,0.005367
2020-05-13,2.3632,0.001271
2020-05-14,2.3535,-0.004105
2020-05-15,2.3583,0.00204
2020-05-18,2.355,-0.001399
2020-05-19,2.3944,0.01673
2020-05-20,2.3779,-0.006891
2020-05-21,2.3607,-0.007233
2020-05-22,2.3221,-0.016351
2020-05-25,2.3048,-0.00745
2020-05-26,2.3457,0.017746
2020-05-27,2.3259,-0.008441
2020-05-28,2.3317,0.002494
2020-05-29,2.3582,0.011365
2020-06-01,2.4129,0.023196
2020-06-02,2.4001,-0.005305
2020-06-03,2.4132,0.005458
2020-06-04,2.4161,0.001202
2020-06-05,2.4251,0.003725
2020-06-08,2.4204,-0.001938
2020-06-09,2.4441,0.009792
2020-06-10,2.4652,0.008633
2020-06-11,2.482,0.006815
2020-06-12,2.4764,-0.002256
2020-06-15,2.4703,-0.002463
2020-06-16,2.5125,0.017083
2020-06-17,2.5088,-0.001473
2020-06-18,2.5163,0.002989
2020-06-19,2.5505,0.013591
2020-06-22,2.564,0.005293
2020-06-23,2.6027,0.015094
2020-06-24,2.6107,0.003074
2020-06-29,2.5954,-0.00586
2020-06-30,2.6427,0.018225
2020-07-01,2.6551,0.004692
2020-07-02,2.6519,-0.001205
2020-07-03,2.6737,0.008221
2020-07-06,2.7723,0.036878
2020-07-07,2.8415,0.024961
2020-07-08,2.9019,0.021256
2020-07-09,2.9584,0.01947
2020-07-10,2.9395,-0.006389
2020-07-13,2.9988,0.020173
2020-07-14,2.9702,-0.009537
2020-07-15,2.9403,-0.010067
2020-07-16,2.8001,-0.047682
2020-07-17,2.827,0.009607
2020-07-20,2.8678,0.014432
2020-07-21,2.8891,0.007427
2020-07-22,2.9277,0.013361
2020-07-23,2.9216,-0.002084
2020-07-24,2.803,-0.040594
2020-07-27,2.7996,-0.001213
2020-07-28,2.8349,0.012609
2020-07-29,2.9189,0.029631
2020-07-30,2.905,-0.004762
2020-07-31,2.9332,0.009707
2020-08-03,2.9848,0.017592
2020-08-04,2.9642,-0.006902
2020-08-05,3.0009,0.012381
2020-08-06,3.0139,0.004332
2020-08-07,2.9706,-0.014367
2020-08-10,2.9508,-0.006665
2020-08-11,2.9099,-0.013861
2020-08-12,2.8666,-0.01488
2020-08-13,2.8577,-0.003105
2020-08-14,2.9065,0.017077
2020-08-17,2.9433,0.012661
2020-08-18,2.9738,0.010363
2020-08-19,2.9019,-0.024178
2020-08-20,2.87,-0.010993
2020-08-21,2.8921,0.0077
2020-08-24,2.9338,0.014419
2020-08-25,2.9371,0.001125
2020-08-26,2.8981,-0.013278
2020-08-27,2.9243,0.00904
2020-08-28,2.9725,0.016483
2020-08-31,2.9398,-0.011001
2020-09-01,2.963,0.007892
2020-09-02,2.9827,0.006649
2020-09-03,2.9514,-0.010494
2020-09-04,2.9278,-0.007996
2020-09-07,2.8696,-0.019878
2020-09-08,2.8574,-0.004251
2020-09-09,2.7846,-0.025478
2020-09-10,2.7647,-0.007146
2020-09-11,2.8107,0.016638
2020-09-14,2.8425,0.011314
2020-09-15,2.8528,0.003624
2020-09-16,2.8265,-0.009219
2020-09-17,2.8281,0.000566
2020-09-18,2.8787,0.017892
2020-09-21,2.8516,-0.009414
2020-09-22,2.8245,-0.009503
2020-09-23,2.8404,0.005629
2020-09-24,2.7742,-0.023307
2020-09-25,2.7807,0.002343
2020-09-28,2.7816,0.000324
2020-09-29,2.8082,0.009563
2020-09-30,2.8086,0.000142
2020-10-09,2.8689,0.02147
2020-10-12,2.9528,0.029245
2020-10-13,2.9708,0.006096
2020-10-14,2.9422,-0.009627
2020-10-15,2.9298,-0.004215
2020-10-16,2.9188,-0.003755
2020-10-19,2.8896,-0.010004
2020-10-20,2.9186,0.010036
2020-10-21,2.8958,-0.007812
2020-10-22,2.8811,-0.005076
2020-10-23,2.8128,-0.023706
2020-10-26,2.8041,-0.003093
2020-10-27,2.8173,0.004707
2020-10-28,2.8549,0.013346
2020-10-29,2.8501,-0.001681
2020-10-30,2.7733,-0.026946
2020-11-02,2.7886,0.005517
2020-11-03,2.8218,0.011906
2020-11-04,2.8448,0.008151
2020-11-05,2.8915,0.016416
2020-11-06,2.8491,-0.014664
2020-11-09,2.9067,0.020217
2020-11-10,2.9049,-0.000619
2020-11-11,2.8507,-0.018658
2020-11-12,2.846,-0.001649
2020-11-13,2.8458,-7e-05
2020-11-16,2.8525,0.002354
2020-11-17,2.8398,-0.004452
2020-11-18,2.8064,-0.011761
2020-11-19,2.8409,0.012293
2020-11-20,2.8555,0.005139
2020-11-23,2.8517,-0.001331
2020-11-24,2.8447,-0.002455
2020-11-25,2.7951,-0.017436
2020-11-26,2.8037,0.003077
2020-11-27,2.827,0.00831
2020-11-30,2.8388,0.004174
2020-12-01,2.8856,0.016486
2020-12-02,2.8819,-0.001282
2020-12-03,2.8948,0.004476
2020-12-04,2.8986,0.001313
2020-12-07,2.9084,0.003381
2020-12-08,2.9166,0.002819
2020-12-09,2.8961,-0.007029
2020-12-10,2.8945,-0.000552
2020-12-11,2.8668,-0.00957
2020-12-14,2.8876,0.007255
2020-12-15,2.9005,0.004467
2020-12-16,2.8895,-0.003792
2020-12-17,2.9107,0.007337
2020-12-18,2.8939,-0.005772
2020-12-21,2.9522,0.020146
2020-12-22,2.9045,-0.016157
2020-12-23,2.9393,0.011981
2020-12-24,2.9222,-0.005818
2020-12-25,2.9586,0.012456
2020-12-28,2.9528,-0.00196
2020-12-29,2.9492,-0.001219
2020-12-30,2.9845,0.011969
2020-12-31,3.0308,0.015513
2021-01-04,3.0882,0.018939
2021-01-05,3.1068,0.006023
2021-01-06,3.0872,-0.006309
2021-01-07,3.1092,0.007126
2021-01-08,3.0973,-0.003827
2021-01-11,3.0855,-0.00381
2021-01-12,3.1453,0.019381
2021-01-13,3.1057,-0.01259
2021-01-14,3.1028,-0.000934
2021-01-15,3.0922,-0.003416
2021-01-18,3.1735,0.026292
2021-01-19,3.1407,-0.010336
2021-01-20,3.1713,0.009743
2021-01-21,3.2196,0.01523
2021-01-22,3.204,-0.004845
2021-01-25,3.2219,0.005587
2021-01-26,3.1726,-0.015302
2021-01-27,3.2035,0.00974
2021-01-28,3.1153,-0.027532
2021-01-29,3.1144,-0.000289
2021-02-01,3.1517,0.011977
2021-02-02,3.1985,0.014849
2021-02-03,3.207,0.002657
2021-02-04,3.1934,-0.004241
2021-02-05,3.199,0.001754
2021-02-08,3.2413,0.013223
2021-02-09,3.2985,0.017647
2021-02-10,3.3313,0.009944
2021-02-18,3.3074,-0.007174
2021-02-19,3.2676,-0.012034
2021-02-22,3.1649,-0.03143
2021-02-23,3.1453,-0.006193
2021-02-24,3.0924,-0.016819
2021-02-25,3.0652,-0.008796
2021-02-26,3.0045,-0.019803
2021-03-01,3.0397,0.011716
2021-03-02,3.025,-0.004836
2021-03-03,3.0641,0.012926
2021-03-04,2.959,-0.0343
2021-03-05,2.9286,-0.010274
2021-03-08,2.8474,-0.027727
2021-03-09,2.7824,-0.022828
2021-03-10,2.8007,0.006577
2021-03-11,2.8453,0.015925
2021-03-12,2.8598,0.005096
2021-03-15,2.8125,-0.01654
2021-03-16,2.8355,0.008178
2021-03-17,2.8533,0.006278
2021-03-18,2.8816,0.009918
2021-03-19,2.8197,-0.021481
2021-03-22,2.8433,0.00837
2021-03-23,2.8177,-0.009004
2021-03-24,2.7846,-0.011747
2021-03-25,2.8021,0.006285
2021-03-26,2.8469,0.015988
2021-03-29,2.8493,0.000843
2021-03-30,2.8855,0.012705
2021-03-31,2.8602,-0.008768
2021-04-01,2.8866,0.00923
2021-04-02,2.8881,0.00052
2021-04-06,2.9045,0.005678
2021-04-07,2.8748,-0.010226
2021-04-08,2.8832,0.002922
2021-04-09,2.85,-0.011515
2021-04-12,2.794,-0.019649
2021-04-13,2.8089,0.005333
2021-04-14,2.8355,0.00947
2021-04-15,2.8365,0.000353
2021-04-16,2.8312,-0.001868
2021-04-19,2.8967,0.023135
2021-04-20,2.9137,0.005869
2021-04-21,2.9261,0.004256
2021-04-22,2.9264,0.000103
2021-04-23,2.9467,0.006937
2021-04-26,2.9173,-0.009977
2021-04-27,2.9341,0.005759
2021-04-28,2.9533,0.006544
2021-04-29,2.9539,0.000203
2021-04-30,2.9383,-0.005281
2021-05-06,2.9269,-0.00388
2021-05-07,2.9034,-0.008029
2021-05-10,2.8891,-0.004925
2021-05-11,2.9024,0.004604
2021-05-12,2.9196,0.005926
2021-05-13,2.89,-0.010138
2021-05-14,2.9264,0.012595
2021-05-17,2.9914,0.022212
2021-05-18,2.9936,0.000735
2021-05-19,2.9885,-0.001704
2021-05-20,2.9977,0.003078
2021-05-21,2.9613,-0.012143
2021-05-24,2.9839,0.007632
2021-05-25,3.0611,0.025872
2021-05-26,3.0506,-0.00343
2021-05-27,3.0498,-0.000262
2021-05-28,3.0309,-0.006197
2021-05-31,3.0321,0.000396
2021-06-01,3.0423,0.003364
2021-06-02,3.0253,-0.005588
2021-06-03,2.9977,-0.009123
2021-06-04,3.0138,0.005371
2021-06-07,3.0112,-0.000863
2021-06-08,2.9823,-0.009598
2021-06-09,2.9898,0.002515
2021-06-10,3.013,0.00776
2021-06-11,2.9835,-0.009791
2021-06-15,2.9665,-0.005698
2021-06-16,2.916,-0.017023
2021-06-17,2.9529,0.012654
2021-06-18,2.9591,0.0021
2021-06-21,2.9832,0.008144
2021-06-22,3.0019,0.006268
2021-06-23,3.0272,0.008428
2021-06-24,3.0214,-0.001916
2021-06-25,3.0537,0.01069
2021-06-28,3.066,0.004028
2021-06-29,3.0489,-0.005577
2021-06-30,3.0798,0.010135
2021-07-01,3.0628,-0.00552
2021-07-02,3.0083,-0.017794
2021-07-05,3.0312,0.007612
2021-07-06,3.0242,-0.002309
2021-07-07,3.1066,0.027247
2021-07-08,3.111,0.001416
2021-07-09,3.119,0.002572
2021-07-12,3.1767,0.0185
2021-07-13,3.1705,-0.001952
2021-07-14,3.1459,-0.007759
2021-07-15,3.1857,0.012651
2021-07-16,3.1468,-0.012211
2021-07-19,3.1301,-0.005307
2021-07-20,3.1359,0.001853
2021-07-21,3.1872,0.016359
2021-07-22,3.1957,0.002667
2021-07-23,3.1677,-0.008762
2021-07-26,3.1177,-0.015784
2021-07-27,3.0234,-0.030247
2021-07-28,3.0243,0.000298
2021-07-29,3.116,0.030321
2021-07-30,3.0962,-0.006354
2021-08-02,3.1369,0.013145
2021-08-03,3.0778,-0.01884
2021-08-04,3.1481,0.022841
2021-08-05,3.1376,-0.003335
2021-08-06,3.1363,-0.000414
2021-08-09,3.1236,-0.004049
2021-08-10,3.1379,0.004578
2021-08-11,3.1644,0.008445
2021-08-12,3.1561,-0.002623
2021-08-13,3.1292,-0.008523
2021-08-16,3.1016,-0.00882
2021-08-17,3.0453,-0.018152
2021-08-18,3.0611,0.005188
2021-08-19,3.0861,0.008167
2021-08-20,3.0705,-0.005055
2021-08-23,3.1174,0.015274
2021-08-24,3.1517,0.011003
2021-08-25,3.1672,0.004918
2021-08-26,3.1281,-0.012345
2021-08-27,3.1434,0.004891
2021-08-30,3.1505,0.002259
2021-08-31,3.1379,-0.003999
2021-09-01,3.1119,-0.008286
2021-09-02,3.1174,0.001767
2021-09-03,3.0662,-0.016424
2021-09-06,3.1263,0.019601
2021-09-07,3.1811,0.017529
2021-09-08,3.145,-0.011348
2021-09-09,3.1433,-0.000541
2021-09-10,3.1873,0.013998
2021-09-13,3.1443,-0.013491
2021-09-14,3.1408,-0.001113
2021-09-15,3.1337,-0.002261
2021-09-16,3.0604,-0.023391
2021-09-17,3.0677,0.002385
2021-09-22,3.0789,0.003651
2021-09-23,3.0738,-0.001656
2021-09-24,3.0829,0.002961
2021-09-27,3.0775,-0.001752
2021-09-28,3.0804,0.000942
2021-09-29,3.0555,-0.008083
2021-09-30,3.1018,0.015153
2021-10-08,3.0874,-0.004642
2021-10-11,3.0995,0.003919
2021-10-12,3.0496,-0.016099
2021-10-13,3.1198,0.023019
2021-10-14,3.1115,-0.00266
2021-10-15,3.1527,0.013241
2021-10-18,3.1191,-0.010658
2021-10-19,3.14,0.006701
2021-10-20,3.1349,-0.001624
2021-10-21,3.1154,-0.00622
2021-10-22,3.1153,-3.2e-05
2021-10-25,3.1472,0.01024
2021-10-26,3.126,-0.006736
2021-10-27,3.1159,-0.003231
2021-10-28,3.0907,-0.008088
2021-10-29,3.1184,0.008962
2021-11-01,3.1054,-0.004169
2021-11-02,3.083,-0.007213
2021-11-03,3.0621,-0.006779
2021-11-04,3.0931,0.010124
2021-11-05,3.0687,-0.007889
2021-11-08,3.0707,0.000652
2021-11-09,3.0997,0.009444
2021-11-10,3.0961,-0.001161
2021-11-11,3.1217,0.008268
2021-11-12,3.1267,0.001602
2021-11-15,3.0901,-0.011706
2021-11-16,3.0893,-0.000259
2021-11-17,3.1064,0.005535
2021-11-18,3.1006,-0.001867
2021-11-19,3.1205,0.006418
2021-11-22,3.1739,0.017113
2021-11-23,3.1714,-0.000788
2021-11-24,3.1614,-0.003153
2021-11-25,3.1637,0.000728
2021-11-26,3.1616,-0.000664
2021-11-29,3.1745,0.00408
2021-11-30,3.1711,-0.001071
2021-12-01,3.1581,-0.0041
2021-12-02,3.1392,-0.005985
2021-12-03,3.1604,0.006753
2021-12-06,3.1172,-0.013669
2021-12-07,3.0908,-0.008469
2021-12-08,3.1384,0.015401
2021-12-09,3.1652,0.008539
2021-12-10,3.1623,-0.000916
2021-12-13,3.159,-0.001044
2021-12-14,3.1457,-0.00421
2021-12-15,3.1099,-0.011381
2021-12-16,3.1258,0.005113
2021-12-17,3.073,-0.016892
2021-12-20,3.0281,-0.014611
2021-12-21,3.0318,0.001222
2021-12-22,3.0369,0.001682
2021-12-23,3.0388,0.000626
2021-12-24,3.0071,-0.010432
2021-12-27,3.0024,-0.001563
2021-12-28,3.0283,0.008626
2021-12-29,3.0031,-0.008322
2021-12-30,3.0359,0.010922
2021-12-31,3.0399,0.001318
2022-01-04,2.9882,-0.017007
2022-01-05,2.9439,-0.014825
2022-01-06,2.9347,-0.003125
2022-01-07,2.9117,-0.007837
2022-01-10,2.9132,0.000515
2022-01-11,2.8892,-0.008238
2022-01-12,2.9238,0.011976
2022-01-13,2.8843,-0.01351
2022-01-14,2.8929,0.002982
2022-01-17,2.9071,0.004909
2022-01-18,2.916,0.003061
2022-01-19,2.8893,-0.009156
2022-01-20,2.8724,-0.005849
2022-01-21,2.8523,-0.006998
2022-01-24,2.8629,0.003716
2022-01-25,2.8176,-0.015823
2022-01-26,2.8227,0.00181
2022-01-27,2.7849,-0.013391
2022-01-28,2.7661,-0.006751
2022-02-07,2.7958,0.010737
2022-02-08,2.7722,-0.008441
2022-02-09,2.79,0.006421
2022-02-10,2.7692,-0.007455
2022-02-11,2.7426,-0.009606
2022-02-14,2.7181,-0.008933
2022-02-15,2.7614,0.01593
2022-02-16,2.7601,-0.000471
2022-02-17,2.7774,0.006268
2022-02-18,2.7792,0.000648
2022-02-21,2.7681,-0.003994
2022-02-22,2.7439,-0.008742
2022-02-23,2.7819,0.013849
2022-02-24,2.7604,-0.007729
2022-02-25,2.784,0.008549
2022-02-28,2.7969,0.004634
2022-03-01,2.8018,0.001752
2022-03-02,2.7854,-0.005853
2022-03-03,2.769,-0.005888
2022-03-04,2.7561,-0.004659
2022-03-07,2.7044,-0.018758
2022-03-08,2.6515,-0.019561
2022-03-09,2.638,-0.005091
2022-03-10,2.6836,0.017286
2022-03-11,2.6934,0.003652
2022-03-14,2.6364,-0.021163
2022-03-15,2.5587,-0.029472
2022-03-16,2.625,0.025912
2022-03-17,2.6639,0.014819
2022-03-18,2.6727,0.003303
2022-03-21,2.7041,0.011748
2022-03-22,2.6873,-0.006213
2022-03-23,2.7069,0.007294
2022-03-24,2.7057,-0.000443
2022-03-25,2.6642,-0.015338
2022-03-28,2.6632,-0.000375
2022-03-29,2.6684,0.001953
2022-03-30,2.7185,0.018775
2022-03-31,2.6907,-0.010226
2022-04-01,2.6909,7.4e-05
2022-04-06,2.6402,-0.018841
2022-04-07,2.6057,-0.013067
2022-04-08,2.5977,-0.00307
2022-04-11,2.5375,-0.023174
2022-04-12,2.5585,0.008276
2022-04-13,2.5313,-0.010631
2022-04-14,2.5467,0.006084
2022-04-15,2.5292,-0.006872
2022-04-18,2.5435,0.005654
2022-04-19,2.5298,-0.005386
2022-04-20,2.4894,-0.01597
2022-04-21,2.444,-0.018237
2022-04-22,2.4326,-0.004664
2022-04-25,2.3308,-0.041848
2022-04-26,2.3215,-0.00399
2022-04-27,2.4058,0.036313
2022-04-28,2.4099,0.001704
2022-04-29,2.4714,0.02552
2022-05-05,2.4711,-0.000121
2022-05-06,2.4416,-0.011938
2022-05-09,2.4371,-0.001843
2022-05-10,2.4673,0.012392
2022-05-11,2.5078,0.016415
2022-05-12,2.505,-0.001117
2022-05-13,2.5063,0.000519
2022-05-16,2.4921,-0.005666
2022-05-17,2.5177,0.010272
2022-05-18,2.5058,-0.004727
2022-05-19,2.5265,0.008261
2022-05-20,2.5529,0.010449
2022-05-23,2.5499,-0.001175
2022-05-24,2.4846,-0.025609
2022-05-25,2.4905,0.002375
2022-05-26,2.4968,0.00253
2022-05-27,2.4917,-0.002043
2022-05-30,2.5094,0.007104
2022-05-31,2.5537,0.017654
2022-06-01,2.5521,-0.000627
2022-06-02,2.5763,0.009482
2022-06-06,2.6445,0.026472
2022-06-07,2.6372,-0.00276
2022-06-08,2.6579,0.007849
2022-06-09,2.6304,-0.010347
2022-06-10,2.6793,0.01859
2022-06-13,2.694,0.005487
2022-06-14,2.6854,-0.003192
2022-06-15,2.6699,-0.005772
2022-06-16,2.6792,0.003483
2022-06-17,2.7256,0.017319
2022-06-20,2.7316,0.002201
2022-06-21,2.708,-0.00864
2022-06-22,2.6791,-0.010672
2022-06-23,2.7093,0.011272
2022-06-24,2.7625,0.019636
2022-06-27,2.7839,0.007747
2022-06-28,2.8147,0.011064
2022-06-29,2.754,-0.021565
2022-06-30,2.7946,0.014742
2022-07-01,2.7981,0.001252
2022-07-04,2.8294,0.011186
2022-07-05,2.8515,0.007811
2022-07-06,2.8228,-0.010065
2022-07-07,2.8389,0.005704
2022-07-08,2.8135,-0.008947
2022-07-11,2.7546,-0.020935
2022-07-12,2.7151,-0.01434
2022-07-13,2.7236,0.003131
2022-07-14,2.7547,0.011419
2022-07-15,2.7329,-0.007914
2022-07-18,2.7397,0.002488
2022-07-19,2.7394,-0.00011
2022-07-20,2.7475,0.002957
2022-07-21,2.7172,-0.011028
2022-07-22,2.7081,-0.003349
2022-07-25,2.6819,-0.009675
2022-07-26,2.6969,0.005593
2022-07-27,2.7118,0.005525
2022-07-28,2.7125,0.000258
2022-07-29,2.6927,-0.0073
2022-08-01,2.7273,0.01285
2022-08-02,2.6682,-0.02167
2022-08-03,2.6444,-0.00892
2022-08-04,2.6523,0.002987
2022-08-05,2.6731,0.007842
2022-08-08,2.6857,0.004714
2022-08-09,2.7155,0.011096
2022-08-10,2.706,-0.003498
2022-08-11,2.741,0.012934
2022-08-12,2.7293,-0.004269
2022-08-15,2.7723,0.015755
2022-08-16,2.7599,-0.004473
2022-08-17,2.7603,0.000145
2022-08-18,2.7723,0.004347
2022-08-19,2.7286,-0.015763
2022-08-22,2.7702,0.015246
2022-08-23,2.7689,-0.000469
2022-08-24,2.7044,-0.023294
2022-08-25,2.6902,-0.005251
2022-08-26,2.6883,-0.000706
2022-08-29,2.6898,0.000558
2022-08-30,2.6694,-0.007584
2022-08-31,2.6167,-0.019742
2022-09-01,2.6089,-0.002981
2022-09-02,2.6019,-0.002683
2022-09-05,2.6079,0.002306
2022-09-06,2.6494,0.015913
2022-09-07,2.668,0.00702
2022-09-08,2.6438,-0.00907
2022-09-09,2.6444,0.000227
2022-09-13,2.6382,-0.002345
2022-09-14,2.6082,-0.011371
2022-09-15,2.5372,-0.027222
2022-09-16,2.487,-0.019786
2022-09-19,2.4957,0.003498
2022-09-20,2.524,0.01134
2022-09-21,2.5153,-0.003447
2022-09-22,2.5227,0.002942
2022-09-23,2.5006,-0.00876
2022-09-26,2.4988,-0.00072
2022-09-27,2.5138,0.006003
2022-09-28,2.4541,-0.023749
2022-09-29,2.4758,0.008842
2022-09-30,2.4335,-0.017085
2022-10-10,2.3951,-0.01578
2022-10-11,2.4159,0.008684
2022-10-12,2.4546,0.016019
2022-10-13,2.4431,-0.004685
2022-10-14,2.4896,0.019033
2022-10-17,2.4812,-0.003374
2022-10-18,2.4778,-0.00137
2022-10-19,2.4704,-0.002987
2022-10-20,2.4399,-0.012346
2022-10-21,2.4301,-0.004017
2022-10-24,2.4034,-0.010987
2022-10-25,2.4219,0.007697
2022-10-26,2.4369,0.006193
2022-10-27,2.4292,-0.00316
2022-10-28,2.3613,-0.027952
2022-10-31,2.3574,-0.001652
2022-11-01,2.4062,0.020701
2022-11-02,2.4474,0.017122
2022-11-03,2.4533,0.002411
2022-11-04,2.5304,0.031427
2022-11-07,2.5332,0.001107
2022-11-08,2.5181,-0.005961
2022-11-09,2.4865,-0.012549
2022-11-10,2.4454,-0.016529
2022-11-11,2.4632,0.007279
2022-11-14,2.4209,-0.017173
2022-11-15,2.4587,0.015614
2022-11-16,2.4269,-0.012934
2022-11-17,2.3959,-0.012773
2022-11-18,2.3868,-0.003798
2022-11-21,2.3943,0.003142
2022-11-22,2.3633,-0.012947
2022-11-23,2.3801,0.007109
2022-11-24,2.3798,-0.000126
2022-11-25,2.3528,-0.011345
2022-11-28,2.3359,-0.007183
2022-11-29,2.3469,0.004709
2022-11-30,2.3727,0.010993
2022-12-01,2.3844,0.004931
2022-12-02,2.3767,-0.003229
2022-12-05,2.3673,-0.003955
2022-12-06,2.3738,0.002746
2022-12-07,2.373,-0.000337
2022-12-08,2.3763,0.001391
2022-12-09,2.3755,-0.000337
2022-12-12,2.3576,-0.007535
2022-12-13,2.339,-0.007889
2022-12-14,2.3301,-0.003805
2022-12-15,2.3568,0.011459
2022-12-16,2.331,-0.010947
2022-12-19,2.3268,-0.001802
2022-12-20,2.3177,-0.003911
2022-12-21,2.2956,-0.009535
2022-12-22,2.2746,-0.009148
2022-12-23,2.2525,-0.009716
2022-12-26,2.3029,0.022375
2022-12-27,2.3237,0.009032
2022-12-28,2.3066,-0.007359
2022-12-29,2.3047,-0.000824
2022-12-30,2.3031,-0.000694
2022-12-31,2.3031,0.0
2023-01-03,2.319,0.006904
2023-01-04,2.2958,-0.010004
2023-01-05,2.3276,0.013851
2023-01-06,2.3683,0.017486
2023-01-09,2.3755,0.00304
2023-01-10,2.3899,0.006062
2023-01-11,2.3709,-0.00795
2023-01-12,2.3782,0.003079
2023-01-13,2.3756,-0.001093
2023-01-16,2.3775,0.0008
2023-01-17,2.3862,0.003659
2023-01-18,2.3837,-0.001048
2023-01-19,2.3781,-0.002349
2023-01-20,2.3943,0.006812
2023-01-30,2.4263,0.013365
2023-01-31,2.431,0.001937
2023-02-01,2.4519,0.008597
2023-02-02,2.4471,-0.001958
2023-02-03,2.4288,-0.007478
2023-02-06,2.4112,-0.007246
2023-02-07,2.4136,0.000995
2023-02-08,2.4078,-0.002403
2023-02-09,2.4314,0.009801
2023-02-10,2.415,-0.006745
2023-02-13,2.4251,0.004182
2023-02-14,2.4214,-0.001526
2023-02-15,2.4218,0.000165
2023-02-16,2.3845,-0.015402
2023-02-17,2.3632,-0.008933
2023-02-20,2.3783,0.00639
2023-02-21,2.3916,0.005592
2023-02-22,2.3836,-0.003345
2023-02-23,2.3926,0.003776
2023-02-24,2.3742,-0.00769
2023-02-27,2.3701,-0.001727
2023-02-28,2.3726,0.001055
2023-03-01,2.3719,-0.000295
2023-03-02,2.3445,-0.011552
2023-03-03,2.3424,-0.000896
2023-03-06,2.3516,0.003928
2023-03-07,2.3226,-0.012332
2023-03-08,2.3203,-0.00099
2023-03-09,2.3126,-0.003319
2023-03-10,2.2871,-0.011027
2023-03-13,2.2823,-0.002099
2023-03-14,2.2678,-0.006353
2023-03-15,2.2678,0.0
2023-03-16,2.2332,-0.015257
2023-03-17,2.2317,-0.000672
2023-03-20,2.2436,0.005332
2023-03-21,2.2734,0.013282
2023-03-22,2.278,0.002023
2023-03-23,2.2771,-0.000395
2023-03-24,2.2831,0.002635
2023-03-27,2.2964,0.005825
2023-03-28,2.2837,-0.00553
2023-03-29,2.2953,0.005079
2023-03-30,2.3048,0.004139
2023-03-31,2.3115,0.002907
2023-04-03,2.3135,0.000865
2023-04-04,2.2913,-0.009596
2023-04-06,2.2987,0.00323
2023-04-07,2.3021,0.001479
2023-04-10,2.3038,0.000738
2023-04-11,2.2909,-0.005599
2023-04-12,2.2844,-0.002837
2023-04-13,2.2682,-0.007092
2023-04-14,2.2782,0.004409
2023-04-17,2.2964,0.007989
2023-04-18,2.2928,-0.001568
2023-04-19,2.2863,-0.002835
2023-04-20,2.271,-0.006692
2023-04-21,2.2369,-0.015015
2023-04-24,2.2247,-0.005454
2023-04-25,2.2084,-0.007327
2023-04-26,2.225,0.007517
2023-04-27,2.224,-0.000449
2023-04-28,2.2296,0.002518
2023-05-04,2.2326,0.001346
2023-05-05,2.2118,-0.009316
2023-05-08,2.2241,0.005561
2023-05-09,2.2021,-0.009892
2023-05-10,2.2094,0.003315
2023-05-11,2.2055,-0.001765
2023-05-12,2.1883,-0.007799
2023-05-15,2.2074,0.008728
2023-05-16,2.2036,-0.001721
2023-05-17,2.2075,0.00177
2023-05-18,2.2123,0.002174
2023-05-19,2.2222,0.004475
2023-05-22,2.2241,0.000855
2023-05-23,2.2074,-0.007509
2023-05-24,2.2053,-0.000951
2023-05-25,2.206,0.000317
2023-05-26,2.2145,0.003853
2023-05-29,2.2112,-0.00149
2023-05-30,2.2174,0.002804
2023-05-31,2.2115,-0.002661
2023-06-01,2.2063,-0.002351
2023-06-02,2.2174,0.005031
2023-06-05,2.2171,-0.000135
2023-06-06,2.1892,-0.012584
2023-06-07,2.1855,-0.00169
2023-06-08,2.1799,-0.002562
2023-06-09,2.195,0.006927
2023-06-12,2.213,0.0082
2023-06-13,2.2194,0.002892
2023-06-14,2.2188,-0.00027
2023-06-15,2.2391,0.009149
2023-06-16,2.2489,0.004377
2023-06-19,2.2499,0.000445
2023-06-20,2.2507,0.000356
2023-06-21,2.2236,-0.012041
2023-06-26,2.1959,-0.012457
2023-06-27,2.2056,0.004417
2023-06-28,2.2048,-0.000363
2023-06-29,2.216,0.00508
2023-06-30,2.229,0.005866
2023-07-03,2.2391,0.004531
2023-07-04,2.2383,-0.000357
2023-07-05,2.2197,-0.00831
2023-07-06,2.2113,-0.003784
2023-07-07,2.1993,-0.005427
2023-07-10,2.1939,-0.002455
2023-07-11,2.2084,0.006609
2023-07-12,2.2002,-0.003713
2023-07-13,2.2115,0.005136
2023-07-14,2.2057,-0.002623
2023-07-17,2.1979,-0.003536
2023-07-18,2.1945,-0.001547
2023-07-19,2.1898,-0.002142
2023-07-20,2.1715,-0.008357
2023-07-21,2.1676,-0.001796
2023-07-24,2.165,-0.001199
2023-07-25,2.1934,0.013118
2023-07-26,2.1853,-0.003693
2023-07-27,2.1794,-0.0027
2023-07-28,2.1993,0.009131
2023-07-31,2.206,0.003046
2023-08-01,2.1995,-0.002947
2023-08-02,2.1954,-0.001864
2023-08-03,2.2044,0.004099
2023-08-04,2.2109,0.002949
2023-08-07,2.1973,-0.006151
2023-08-08,2.1948,-0.001138
2023-08-09,2.1919,-0.001321
2023-08-10,2.1924,0.000228
2023-08-11,2.1685,-0.010901
2023-08-14,2.1627,-0.002675
2023-08-15,2.1549,-0.003607
2023-08-16,2.1449,-0.004641
2023-08-17,2.1559,0.005128
2023-08-18,2.1398,-0.007468
2023-08-21,2.1236,-0.007571
2023-08-22,2.1336,0.004709
2023-08-23,2.1087,-0.01167
2023-08-24,2.1143,0.002656
2023-08-25,2.1009,-0.006338
2023-08-28,2.1087,0.003713
2023-08-29,2.1404,0.015033
2023-08-30,2.1406,9.3e-05
2023-08-31,2.1309,-0.004531
2023-09-01,2.1374,0.00305
2023-09-04,2.1489,0.00538
2023-09-05,2.1361,-0.005957
2023-09-06,2.135,-0.000515
2023-09-07,2.113,-0.010304
2023-09-08,2.1131,4.7e-05
2023-09-11,2.1217,0.00407
2023-09-12,2.1169,-0.002262
2023-09-13,2.1043,-0.005952
2023-09-14,2.0978,-0.003089
2023-09-15,2.0918,-0.00286
2023-09-18,2.1027,0.005211
2023-09-19,2.0973,-0.002568
2023-09-20,2.0921,-0.002479
2023-09-21,2.0816,-0.005019
2023-09-22,2.0967,0.007254
2023-09-25,2.0954,-0.00062
2023-09-26,2.0958,0.000191
2023-09-27,2.1011,0.002529
2023-09-28,2.1075,0.003046
2023-10-09,2.1142,0.003179
2023-10-10,2.0999,-0.006764
2023-10-11,2.0962,-0.001762
2023-10-12,2.0992,0.001431
2023-10-13,2.0936,-0.002668
2023-10-16,2.0859,-0.003678
2023-10-17,2.0853,-0.000288
2023-10-18,2.0706,-0.007049
2023-10-19,2.0475,-0.011156
2023-10-20,2.0372,-0.005031
2023-10-23,2.0156,-0.010603
2023-10-24,2.0291,0.006698
2023-10-25,2.0369,0.003844
2023-10-26,2.0451,0.004026
2023-10-27,2.0555,0.005085
2023-10-30,2.0673,0.005741
2023-10-31,2.0631,-0.002032
2023-11-01,2.0648,0.000824
2023-11-02,2.048,-0.008136
2023-11-03,2.059,0.005371
2023-11-06,2.0811,0.010733
2023-11-07,2.0774,-0.001778
2023-11-08,2.0742,-0.00154
2023-11-09,2.0666,-0.003664
2023-11-10,2.0583,-0.004016
2023-11-13,2.0544,-0.001895
2023-11-14,2.0605,0.002969
2023-11-15,2.0736,0.006358
2023-11-16,2.0599,-0.006607
2023-11-17,2.068,0.003932
2023-11-20,2.0684,0.000193
2023-11-21,2.0619,-0.003143
2023-11-22,2.0437,-0.008827
2023-11-23,2.0575,0.006752
2023-11-24,2.0424,-0.007339
2023-11-27,2.0426,9.8e-05
2023-11-28,2.0441,0.000734
2023-11-29,2.0401,-0.001957
2023-11-30,2.0322,-0.003872
2023-12-01,2.0284,-0.00187
2023-12-04,2.0243,-0.002021
2023-12-05,2.0033,-0.010374
2023-12-06,2.0039,0.0003
2023-12-07,2.0003,-0.001796
2023-12-08,2.0021,0.0009
2023-12-11,2.0153,0.006593
2023-12-12,2.0166,0.000645
2023-12-13,2.0011,-0.007686
2023-12-14,1.9947,-0.003198
2023-12-15,1.9891,-0.002807
2023-12-18,1.9818,-0.00367
2023-12-19,1.9817,-5e-05
2023-12-20,1.968,-0.006913
2023-12-21,1.9785,0.005335
2023-12-22,1.9756,-0.001466
2023-12-25,1.9834,0.003948
2023-12-26,1.9723,-0.005596
2023-12-27,1.9791,0.003448
2023-12-28,2.0071,0.014148
2023-12-29,2.0284,0.010612
2023-12-31,2.0283,-4.9e-05
2024-01-02,2.0146,-0.006754
2024-01-03,2.0041,-0.005212
2024-01-04,1.9949,-0.004591
2024-01-05,1.9817,-0.006617
2024-01-08,1.9635,-0.009184
2024-01-09,1.9714,0.004023
2024-01-10,1.9681,-0.001674
2024-01-11,1.9806,0.006351
2024-01-12,1.9789,-0.000858
2024-01-15,1.9848,0.002981
2024-01-16,1.991,0.003124
2024-01-17,1.9653,-0.012908
2024-01-18,1.9715,0.003155
2024-01-19,1.9589,-0.006391
2024-01-22,1.9091,-0.025422
2024-01-23,1.9211,0.006286
2024-01-24,1.9286,0.003904
2024-01-25,1.951,0.011615
2024-01-26,1.9285,-0.011533
2024-01-29,1.8981,-0.015764
2024-01-30,1.8723,-0.013593
2024-01-31,1.8487,-0.012605
2024-02-01,1.8575,0.00476
2024-02-02,1.8305,-0.014536
2024-02-05,1.8049,-0.013985
2024-02-06,1.8752,0.03895
2024-02-07,1.9043,0.015518
2024-02-08,1.9303,0.013653
2024-02-19,1.9472,0.008755
2024-02-20,1.9489,0.000873
2024-02-21,1.9574,0.004361
2024-02-22,1.971,0.006948
2024-02-23,1.9803,0.004718
2024-02-26,1.9857,0.002727
2024-02-27,2.0153,0.014907
2024-02-28,1.9671,-0.023917
2024-02-29,2.0118,0.022724
2024-03-01,2.0245,0.006313
2024-03-04,2.0386,0.006965
2024-03-05,2.0309,-0.003777
2024-03-06,2.0387,0.003841
2024-03-07,2.0158,-0.011233
2024-03-08,2.0348,0.009426
2024-03-11,2.0535,0.00919
2024-03-12,2.0624,0.004334
2024-03-13,2.0593,-0.001503
2024-03-14,2.0479,-0.005536
2024-03-15,2.0579,0.004883
2024-03-18,2.0723,0.006997
2024-03-19,2.0593,-0.006273
2024-03-20,2.0555,-0.001845
2024-03-21,2.0472,-0.004038
2024-03-22,2.035,-0.005959
2024-03-25,2.033,-0.000983
2024-03-26,2.0408,0.003837
2024-03-27,2.0078,-0.01617
2024-03-28,2.027,0.009563
2024-03-29,2.0352,0.004045
2024-04-01,2.0665,0.015379
2024-04-02,2.0633,-0.001549
2024-04-03,2.0542,-0.00441
2024-04-08,2.0397,-0.007059
2024-04-09,2.0432,0.001716
2024-04-10,2.0241,-0.009348
2024-04-11,2.0335,0.004644
2024-04-12,2.0372,0.00182
2024-04-15,2.0423,0.002503
2024-04-16,2.0099,-0.015864
2024-04-17,2.048,0.018956
2024-04-18,2.0519,0.001904
2024-04-19,2.0323,-0.009552
2024-04-22,2.032,-0.000148
2024-04-23,2.0224,-0.004724
2024-04-24,2.0426,0.009988
2024-04-25,2.0287,-0.006805
2024-04-26,2.0545,0.012718
2024-04-29,2.079,0.011925
2024-04-30,2.0751,-0.001876
2024-05-06,2.1011,0.01253
2024-05-07,2.0954,-0.002713
2024-05-08,2.0823,-0.006252
2024-05-09,2.0971,0.007108
2024-05-10,2.088,-0.004339
2024-05-13,2.0891,0.000527
2024-05-14,2.0901,0.000479
2024-05-15,2.0798,-0.004928
2024-05-16,2.0715,-0.003991
2024-05-17,2.0714,-4.8e-05
2024-05-20,2.0668,-0.002221
2024-05-21,2.0634,-0.001645
2024-05-22,2.0591,-0.002084
2024-05-23,2.0398,-0.009373
2024-05-24,2.0218,-0.008824
2024-05-27,2.0313,0.004699
2024-05-28,2.0069,-0.012012
2024-05-29,2.0075,0.000299
2024-05-30,2.0052,-0.001146
2024-05-31,2.0053,5e-05
2024-06-03,2.0089,0.001795
2024-06-04,2.0223,0.00667
2024-06-05,2.0022,-0.009939
2024-06-06,1.9938,-0.004195
2024-06-07,1.9809,-0.00647
2024-06-11,1.9865,0.002827
2024-06-12,1.9933,0.003423
2024-06-13,1.9905,-0.001405
2024-06-14,1.9987,0.00412
2024-06-17,2.0034,0.002352
2024-06-18,2.0105,0.003544
2024-06-19,1.9933,-0.008555
2024-06-20,1.9804,-0.006472
2024-06-21,1.9789,-0.000757
2024-06-24,1.9563,-0.01142
2024-06-25,1.9456,-0.00547
2024-06-26,1.9591,0.006939
2024-06-27,1.9385,-0.010515
2024-06-28,1.9421,0.001857
2024-06-30,1.942,-5.1e-05
2024-07-01,1.9504,0.004325
2024-07-02,1.9262,-0.012408
2024-07-03,1.9145,-0.006074
2024-07-04,1.9054,-0.004753
2024-07-05,1.9059,0.000262
2024-07-08,1.8958,-0.005299
2024-07-09,1.9226,0.014137
2024-07-10,1.9257,0.001612
2024-07-11,1.9443,0.009659
2024-07-12,1.9481,0.001954
2024-07-15,1.9384,-0.004979
2024-07-16,1.9481,0.005004
2024-07-17,1.9308,-0.00888
2024-07-18,1.9369,0.003159
2024-07-19,1.9359,-0.000516
2024-07-22,1.9255,-0.005372
2024-07-23,1.8885,-0.019216
2024-07-24,1.8717,-0.008896
2024-07-25,1.8594,-0.006572
2024-07-26,1.8655,0.003281
2024-07-29,1.8592,-0.003377
2024-07-30,1.8497,-0.00511
2024-07-31,1.8847,0.018922
2024-08-01,1.8746,-0.005359
2024-08-02,1.8502,-0.013016
2024-08-05,1.824,-0.014161
2024-08-06,1.8323,0.00455
2024-08-07,1.8354,0.001692
2024-08-08,1.837,0.000872
2024-08-09,1.8347,-0.001252
2024-08-12,1.8368,0.001145
2024-08-13,1.8425,0.003103
2024-08-14,1.8279,-0.007924
2024-08-15,1.8316,0.002024
2024-08-16,1.836,0.002402
2024-08-19,1.839,0.001634
2024-08-20,1.8292,-0.005329
2024-08-21,1.83,0.000437
2024-08-22,1.821,-0.004918
2024-08-23,1.8263,0.00291
2024-08-26,1.8292,0.001588
2024-08-27,1.8206,-0.004702
2024-08-28,1.8195,-0.000604
2024-08-29,1.8272,0.004232
2024-08-30,1.8436,0.008975
2024-09-02,1.8256,-0.009764
2024-09-03,1.8386,0.007121
2024-09-04,1.8328,-0.003155
2024-09-05,1.8383,0.003001
2024-09-06,1.8208,-0.00952
2024-09-09,1.8097,-0.006096
2024-09-10,1.8139,0.002321
2024-09-11,1.8194,0.003032
2024-09-12,1.8139,-0.003023
2024-09-13,1.808,-0.003253
2024-09-18,1.8144,0.00354
2024-09-19,1.8156,0.000661
2024-09-20,1.8121,-0.001928
2024-09-23,1.8123,0.00011
2024-09-24,1.8504,0.021023
2024-09-25,1.8519,0.000811
2024-09-26,1.8946,0.023057
2024-09-27,1.952,0.030297
2024-09-30,2.0767,0.063883
2024-10-08,2.1794,0.049453
2024-10-09,2.0724,-0.049096
2024-10-10,2.0772,0.002316
2024-10-11,2.0394,-0.018198
2024-10-14,2.0696,0.014808
2024-10-15,2.036,-0.016235
2024-10-16,2.026,-0.004912
2024-10-17,2.0224,-0.001777
2024-10-18,2.0774,0.027195
2024-10-21,2.0852,0.003755
2024-10-22,2.091,0.002782
2024-10-23,2.0897,-0.000622
2024-10-24,2.0809,-0.004211
2024-10-25,2.0953,0.00692
2024-10-28,2.0952,-4.8e-05
2024-10-29,2.0843,-0.005202
2024-10-30,2.0651,-0.009212
2024-10-31,2.0597,-0.002615
2024-11-01,2.0469,-0.006214
2024-11-04,2.0694,0.010992
2024-11-05,2.0932,0.011501
2024-11-06,2.0847,-0.004061
2024-11-07,2.1107,0.012472
2024-11-08,2.1101,-0.000284
2024-11-11,2.1322,0.010473
2024-11-12,2.1157,-0.007738
2024-11-13,2.1132,-0.001182
2024-11-14,2.0831,-0.014244
2024-11-15,2.052,-0.01493
2024-11-18,2.0338,-0.008869
2024-11-19,2.0592,0.012489
2024-11-20,2.0617,0.001214
2024-11-21,2.066,0.002086
2024-11-22,2.0234,-0.02062
2024-11-25,2.0237,0.000148
2024-11-26,2.019,-0.002322
2024-11-27,2.0385,0.009658
2024-11-28,2.0287,-0.004807
2024-11-29,2.0468,0.008922
2024-12-02,2.0597,0.006303
2024-12-03,2.0561,-0.001748
2024-12-04,2.0452,-0.005301
2024-12-05,2.0462,0.000489
2024-12-06,2.063,0.00821
2024-12-09,2.0586,-0.002133
2024-12-10,2.0695,0.005295
2024-12-11,2.0781,0.004156
2024-12-12,2.0897,0.005582
2024-12-13,2.0667,-0.011006
2024-12-16,2.0514,-0.007403
2024-12-17,2.0512,-9.7e-05
2024-12-18,2.0608,0.00468
2024-12-19,2.0713,0.005095
2024-12-20,2.0737,0.001159
2024-12-23,2.0626,-0.005353
2024-12-24,2.0793,0.008097
2024-12-25,2.071,-0.003992
2024-12-26,2.0837,0.006132
2024-12-27,2.0821,-0.000768
2024-12-30,2.0914,0.004467
2024-12-31,2.0644,-0.01291
2025-01-02,2.0235,-0.019812
2025-01-03,2.0057,-0.008797
2025-01-06,2.0125,0.00339
2025-01-07,2.035,0.01118
2025-01-08,2.043,0.003931
2025-01-09,2.0437,0.000343
2025-01-10,2.0313,-0.006067
2025-01-13,2.024,-0.003594
2025-01-14,2.0578,0.0167
2025-01-15,2.0507,-0.00345
2025-01-16,2.055,0.002097
2025-01-17,2.0726,0.008564
2025-01-20,2.0812,0.004149
2025-01-21,2.0899,0.00418
2025-01-22,2.0824,-0.003589
2025-01-23,2.0814,-0.00048
2025-01-24,2.0877,0.003027
2025-01-27,2.087,-0.000335
2025-02-05,2.0617,-0.012123
2025-02-06,2.0852,0.011398
2025-02-07,2.0992,0.006714
2025-02-10,2.0908,-0.004002
2025-02-11,2.0953,0.002152
2025-02-12,2.1063,0.00525
2025-02-13,2.0923,-0.006647
2025-02-14,2.1029,0.005066
2025-02-17,2.1054,0.001189
2025-02-18,2.0964,-0.004275
2025-02-19,2.1091,0.006058
2025-02-20,2.109,-4.7e-05
2025-02-21,2.124,0.007112
2025-02-24,2.1097,-0.006733
2025-02-25,2.099,-0.005072
2025-02-26,2.112,0.006193
2025-02-27,2.1137,0.000805
2025-02-28,2.0855,-0.013342
2025-03-03,2.0916,0.002925
2025-03-04,2.0908,-0.000382
2025-03-05,2.0981,0.003491
2025-03-06,2.1088,0.0051
2025-03-07,2.1019,-0.003272
2025-03-10,2.104,0.000999
2025-03-11,2.1052,0.00057
2025-03-12,2.1055,0.000143
2025-03-13,2.0963,-0.00437
2025-03-14,2.1308,0.016458
2025-03-17,2.1327,0.000892
2025-03-18,2.1399,0.003376
2025-03-19,2.1417,0.000841
2025-03-20,2.1376,-0.001914
2025-03-21,2.1151,-0.010526
2025-03-24,2.1211,0.002837
2025-03-25,2.1136,-0.003536
2025-03-26,2.1086,-0.002366
2025-03-27,2.1104,0.000854
2025-03-28,2.1057,-0.002227
2025-03-31,2.097,-0.004132
2025-04-01,2.0964,-0.000286
2025-04-02,2.0991,0.001288
2025-04-03,2.0629,-0.017245
2025-04-07,1.94,-0.059576
2025-04-08,1.9357,-0.002216
2025-04-09,1.9424,0.003461
2025-04-10,1.9724,0.015445
2025-04-11,1.9881,0.00796
2025-04-14,1.998,0.00498
2025-04-15,1.9977,-0.00015
2025-04-16,1.9886,-0.004555
2025-04-17,1.9888,0.000101
2025-04-18,1.9961,0.003671
2025-04-21,2.012,0.007966
2025-04-22,2.0084,-0.001789
2025-04-23,2.0213,0.006423
2025-04-24,2.0184,-0.001435
2025-04-25,2.0224,0.001982
2025-04-28,2.0152,-0.00356
2025-04-29,2.0095,-0.002829
2025-04-30,2.0089,-0.000299
2025-05-06,2.0297,0.010354
2025-05-07,2.0344,0.002316
2025-05-08,2.0451,0.00526
2025-05-09,2.0385,-0.003227
2025-05-12,2.0552,0.008192
2025-05-13,2.0543,-0.000438
2025-05-14,2.0661,0.005744
2025-05-15,2.0526,-0.006534
2025-05-16,2.049,-0.001754
2025-05-19,2.047,-0.000976
2025-05-20,2.0558,0.004299
2025-05-21,2.0594,0.001751
2025-05-22,2.0579,-0.000728
2025-05-23,2.0479,-0.004859
2025-05-26,2.0462,-0.00083
2025-05-27,2.0374,-0.004301
2025-05-28,2.041,0.001767
2025-05-29,2.0494,0.004116
2025-05-30,2.0409,-0.004148
2025-06-03,2.0465,0.002744
2025-06-04,2.0598,0.006499
2025-06-05,2.076,0.007865
2025-06-06,2.0717,-0.002071
2025-06-09,2.0754,0.001786
2025-06-10,2.0683,-0.003421
2025-06-11,2.0761,0.003771
2025-06-12,2.0798,0.001782
2025-06-13,2.0724,-0.003558
2025-06-16,2.0758,0.001641
2025-06-17,2.0713,-0.002168
2025-06-18,2.0754,0.001979
2025-06-19,2.0623,-0.006312
2025-06-20,2.0591,-0.001552
2025-06-23,2.0629,0.001845
2025-06-24,2.0784,0.007514
2025-06-25,2.0958,0.008372
2025-06-26,2.0909,-0.002338
2025-06-27,2.0884,-0.001196
2025-06-30,2.1027,0.006847
2025-07-01,2.1091,0.003044
2025-07-02,2.1005,-0.004078
2025-07-03,2.1081,0.003618
2025-07-04,2.1063,-0.000854
2025-07-07,2.1039,-0.001139
2025-07-08,2.1211,0.008175
2025-07-09,2.1174,-0.001744
2025-07-10,2.1193,0.000897
2025-07-11,2.1246,0.002501
2025-07-14,2.1324,0.003671
2025-07-15,2.1446,0.005721
2025-07-16,2.1365,-0.003777
2025-07-17,2.1462,0.00454
2025-07-18,2.148,0.000839
2025-07-21,2.1512,0.00149
2025-07-22,2.1566,0.00251
2025-07-23,2.1542,-0.001113
2025-07-24,2.1624,0.003807
2025-07-25,2.1659,0.001619
2025-07-28,2.1819,0.007387
2025-07-29,2.1992,0.007929
2025-07-30,2.1924,-0.003092
2025-07-31,2.1766,-0.007207
2025-08-01,2.1775,0.000413
2025-08-04,2.1919,0.006613
2025-08-05,2.2088,0.00771
2025-08-06,2.2168,0.003622
2025-08-07,2.2129,-0.001759
2025-08-08,2.2167,0.001717
2025-08-11,2.234,0.007804
2025-08-12,2.2383,0.001925
2025-08-13,2.2619,0.010544
2025-08-14,2.2489,-0.005747
2025-08-15,2.2786,0.013206
2025-08-18,2.2889,0.00452
2025-08-19,2.2789,-0.004369
2025-08-20,2.2809,0.000878
2025-08-21,2.2773,-0.001578
2025-08-22,2.297,0.008651
2025-08-25,2.3276,0.013322
2025-08-26,2.3071,-0.008807
2025-08-27,2.2844,-0.009839
2025-08-28,2.311,0.011644
2025-08-29,2.3423,0.013544
2025-09-01,2.3649,0.009649
2025-09-02,2.3347,-0.01277
2025-09-03,2.3373,0.001114
2025-09-04,2.2766,-0.02597
2025-09-05,2.3651,0.038874
2025-09-08,2.3765,0.00482
2025-09-09,2.3508,-0.010814
2025-09-10,2.363,0.00519
2025-09-11,2.4214,0.024714
2025-09-12,2.4295,0.003345
2025-09-15,2.4198,-0.003993
2025-09-16,2.4341,0.00591
2025-09-17,2.4464,0.005053
2025-09-18,2.4486,0.000899
2025-09-19,2.4461,-0.001021
2025-09-22,2.4729,0.010956
2025-09-23,2.4545,-0.007441
2025-09-24,2.4751,0.008393
2025-09-25,2.5045,0.011878
2025-09-26,2.4593,-0.018048
2025-09-29,2.495,0.014516
2025-09-30,2.5215,0.010621
2025-10-09,2.5501,0.011342
2025-10-10,2.4685,-0.031999
2025-10-13,2.4598,-0.003524
2025-10-14,2.391,-0.02797
2025-10-15,2.4418,0.021246
2025-10-16,2.4427,0.000369
2025-10-17,2.3684,-0.030417
2025-10-20,2.3957,0.011527
2025-10-21,2.4552,0.024836
2025-10-22,2.4511,-0.00167
2025-10-23,2.4452,-0.002407
2025-10-24,2.5136,0.027973
2025-10-27,2.5685,0.021841
2025-10-28,2.5583,-0.003971
2025-10-29,2.6162,0.022632
2025-10-30,2.5712,-0.017201
2025-10-31,2.5066,-0.025124
2025-11-03,2.4945,-0.004827
2025-11-04,2.4571,-0.014993
2025-11-05,2.4715,0.005861
2025-11-06,2.5256,0.02189
2025-11-07,2.5196,-0.002376
2025-11-10,2.4882,-0.012462
2025-11-11,2.4434,-0.018005
2025-11-12,2.4349,-0.003479
2025-11-13,2.4653,0.012485
2025-11-14,2.4214,-0.017807
2025-11-17,2.4285,0.002932
2025-11-18,2.4036,-0.010253
2025-11-19,2.4003,-0.001373
2025-11-20,2.3938,-0.002708
2025-11-21,2.3059,-0.03672
2025-11-24,2.304,-0.000824
2025-11-25,2.3346,0.013281
2025-11-26,2.3704,0.015335
2025-11-27,2.3695,-0.00038
2025-11-28,2.3799,0.004389
2025-12-01,2.3917,0.004958
2025-12-02,2.381,-0.004474
2025-12-03,2.3825,0.00063
2025-12-04,2.4033,0.00873
2025-12-05,2.4174,0.005867
2025-12-08,2.4808,0.026227
2025-12-09,2.5164,0.01435
2025-12-10,2.4993,-0.006795
2025-12-11,2.4636,-0.014284
2025-12-12,2.4665,0.001177
2025-12-15,2.4244,-0.017069
2025-12-16,2.4,-0.010064
2025-12-17,2.479,0.032917
2025-12-18,2.436,-0.017346
2025-12-19,2.4343,-0.000698
2025-12-22,2.493,0.024114
2025-12-23,2.5186,0.010269
2025-12-24,2.5473,0.011395
2025-12-25,2.5327,-0.005732
2025-12-26,2.5351,0.000948
2025-12-29,2.5346,-0.000197
2025-12-30,2.5327,-0.00075
2025-12-31,2.5013,-0.012398
2026-01-05,2.5441,0.017111
2026-01-06,2.5499,0.00228
2026-01-07,2.5693,0.007608
2026-01-08,2.5351,-0.013311
2026-01-09,2.5356,0.000197
2026-01-12,2.5324,-0.001262
2026-01-13,2.4923,-0.015835
2026-01-14,2.5168,0.00983
2026-01-15,2.5635,0.018555
2026-01-16,2.5726,0.00355
2026-01-19,2.564,-0.003343
2026-01-20,2.5092,-0.021373
2026-01-21,2.5489,0.015822
2026-01-22,2.5816,0.012829
2026-01-23,2.5681,-0.005229
2026-01-26,2.5544,-0.005335
2026-01-27,2.5706,0.006342
2026-01-28,2.5764,0.002256
2026-01-29,2.5186,-0.022434
2026-01-30,2.5365,0.007107
2026-02-02,2.4828,-0.021171
2026-02-03,2.5185,0.014379
2026-02-04,2.4939,-0.009768
2026-02-05,2.4589,-0.014034
2026-02-06,2.4606,0.000691
2026-02-09,2.5199,0.0241
2026-02-10,2.5109,-0.003572
2026-02-11,2.5055,-0.002151
2026-02-12,2.5342,0.011455
2026-02-13,2.511,-0.009155
2026-02-24,2.5671,0.022342
2026-02-25,2.6123,0.017607
2026-02-26,2.6645,0.019982
2026-02-27,2.6361,-0.010659
2026-03-02,2.6307,-0.002048
2026-03-03,2.5588,-0.027331
2026-03-04,2.5518,-0.002736
2026-03-05,2.5703,0.00725
2026-03-06,2.5547,-0.006069
2026-03-09,2.5212,-0.013113
2026-03-10,2.5858,0.025623
2026-03-11,2.5829,-0.001122
2026-03-12,2.5575,-0.009834
2026-03-13,2.5495,-0.003128
2026-03-16,2.5629,0.005256
2026-03-17,2.5102,-0.020563
2026-03-18,2.5607,0.020118
2026-03-19,2.5158,-0.017534
2026-03-20,2.529,0.005247
2026-03-23,2.4543,-0.029537
2026-03-24,2.4761,0.008882
2026-03-25,2.5231,0.018981
2026-03-26,2.5017,-0.008482
2026-03-27,2.5055,0.001519
2026-03-30,2.5038,-0.000679
2026-03-31,2.4561,-0.019051
2026-04-01,2.497,0.016652
2026-04-02,2.4537,-0.017341
2026-04-03,2.4567,0.001223
2026-04-07,2.4657,0.003663
2026-04-08,2.5801,0.046397
2026-04-09,2.5866,0.002519
2026-04-10,2.6425,0.021611
2026-04-13,2.657,0.005487
2026-04-14,2.706,0.018442
2026-04-15,2.6762,-0.011013
2026-04-16,2.7315,0.020664
2026-04-17,2.7804,0.017902
2026-04-20,2.7926,0.004388
2026-04-21,2.8047,0.004333
2026-04-22,2.8491,0.015831
2026-04-23,2.8204,-0.010073
2026-04-24,2.7866,-0.011984
2026-04-27,2.8232,0.013134
2026-04-28,2.7964,-0.009493
2026-04-29,2.8363,0.014268
2026-04-30,2.8236,-0.004478
2026-05-06,2.8768,0.018841
2026-05-07,2.912,0.012236
2026-05-08,2.8998,-0.00419
2026-05-11,2.9824,0.028485
2026-05-12,2.9996,0.005767
2026-05-13,3.0816,0.027337
2026-05-14,3.0204,-0.01986
2026-05-15,2.9883,-0.010628
2026-05-18,3.017,0.009604
2026-05-19,3.0378,0.006894
2026-05-20,3.0817,0.014451
2026-05-21,3.0138,-0.022033
2026-05-22,3.126,0.037229
2026-05-25,3.2315,0.033749
2026-05-26,3.241,0.00294
2026-05-27,3.2369,-0.001265
2026-05-28,3.2681,0.009639
2026-05-29,3.2172,-0.015575
2026-06-01,3.1391,-0.024276
2026-06-02,3.215,0.024179
2026-06-03,3.289,0.023017
2026-06-04,3.3283,0.011949
2026-06-05,3.2195,-0.032689
2026-06-08,3.149,-0.021898
2026-06-09,3.2712,0.038806
2026-06-10,3.2002,-0.021705
2026-06-11,3.2079,0.002406
2026-06-12,3.2125,0.001434
2026-06-15,3.4108,0.061728
2026-06-16,3.522,0.032602
2026-06-17,3.5893,0.019108
2026-06-18,3.6823,0.02591
2026-06-22,3.7677,0.023192
2026-06-23,3.6478,-0.031823
2026-06-24,3.7359,0.024152
2026-06-25,3.8584,0.03279
2026-06-26,3.7104,-0.038358
2026-06-29,3.6462,-0.017303
2026-06-30,3.7377,0.025095
2026-07-01,3.6334,-0.027905
2026-07-02,3.4293,-0.056173
2026-07-03,3.4274,-0.000554
2026-07-06,3.3508,-0.022349
2026-07-07,3.3259,-0.007431
2026-07-08,3.2723,-0.016116
2026-07-09,3.4288,0.047826
2026-07-10,3.3108,-0.034414
2026-07-13,3.1616,-0.045065
2026-07-14,3.3012,0.044155
2026-07-15,3.2139,-0.026445
2026-07-16,3.1234,-0.028159
2026-07-17,2.8958,-0.072869
2026-07-20,2.7492,-0.050625
2026-07-21,2.8985,0.054307
2026-07-22,2.8376,-0.021011
2026-07-23,2.8178,-0.006978
2026-07-24,2.77,-0.016964
2026-07-27,2.837,0.024188
2026-07-28,2.628,-0.073669
2026-07-29,2.5994,-0.010883
2026-07-30,2.4656,-0.051473
2026-07-31,2.5439,0.031757
2026-08-03,2.4935,-0.019812
2026-08-04,2.6371,0.05759
2026-08-05,2.7218,0.032119
2026-08-06,2.7478,0.009553
2026-08-07,2.8351,0.031771
2026-08-10,2.808,-0.009559
2026-08-11,2.7921,-0.005662
2026-08-12,2.8335,0.014828
2026-08-13,2.8233,-0.0036
2026-08-14,2.8653,0.014876
2026-08-17,2.9285,0.022057
2026-08-18,2.9044,-0.008229
2026-08-19,2.7443,-0.055123
2026-08-20,2.7471,0.00102
2026-08-21,2.7872,0.014597
2026-08-24,2.7042,-0.029779
2026-08-25,2.6906,-0.005029
2026-08-26,2.6964,0.002156
2026-08-27,2.7892,0.034416
2026-08-28,2.7652,-0.008605
2026-08-31,2.8052,0.014465
2026-09-01,2.7395,-0.023421
2026-09-02,2.7082,-0.011425
2026-09-03,2.7043,-0.00144
2026-09-04,2.6508,-0.019783
2026-09-07,2.7719,0.045684
2026-09-08,2.7524,-0.007035
2026-09-09,2.7645,0.004396
2026-09-10,2.7573,-0.002604
2026-09-11,2.7712,0.005041
2026-09-14,2.7341,-0.013388
2026-09-15,2.7537,0.007169
2026-09-16,2.8016,0.017395
2026-09-17,2.7701,-0.011244
2026-09-18,2.8026,0.011732
2026-09-21,2.8156,0.004639
2026-09-22,2.8023,-0.004724
2026-09-23,2.7886,-0.004889
2026-09-24,2.7218,-0.023955
2026-09-28,2.6016,-0.044162
2026-09-29,2.6239,0.008572
2026-09-30,2.5926,-0.011929
